Timestamp (ms),carriageXPosition,pendulumXAngle,xAngleError,xPWMp,xPWMi,xPWMd,xPWMout,xPWM,pendulumYAngle
374716.105,3604.0,-1687.0,1687.0,404.8800048828125,0.0,-19.0,385.0,0.0,-2.0
374727.1,3604.0,-1687.0,1687.0,404.8800048828125,0.0,-19.0,385.0,0.0,-2.0
374738.1,3604.0,-1687.0,1687.0,404.8800048828125,0.0,-19.0,385.0,0.0,-2.0
374749.1,3604.0,-1687.0,1687.0,404.8800048828125,0.0,-19.0,385.0,0.0,-2.0
374760.1,3604.0,-1687.0,1687.0,404.8800048828125,0.0,-19.0,385.0,0.0,-2.0
374771.1,3604.0,-1687.0,1687.0,404.8800048828125,0.0,-19.0,385.0,0.0,-2.0
374782.201,3604.0,-1687.0,1687.0,404.8800048828125,0.0,-19.0,385.0,0.0,-2.0
374792.202,3604.0,-1687.0,1687.0,404.8800048828125,0.0,-19.0,385.0,0.0,-2.0
374802.202,3604.0,-1687.0,1687.0,404.8800048828125,0.0,-19.0,385.0,0.0,-2.0
374812.203,3604.0,-1687.0,1687.0,404.8800048828125,0.0,-19.0,385.0,0.0,-2.0
374822.204,3604.0,-1687.0,1687.0,404.8800048828125,0.0,-19.0,385.0,0.0,-2.0
374832.207,3604.0,-1687.0,1687.0,404.8800048828125,0.0,-19.0,385.0,0.0,-2.0
374842.208,3604.0,-1687.0,1687.0,404.8800048828125,0.0,-19.0,385.0,0.0,-2.0
374852.504,3604.0,-1687.0,1687.0,404.8800048828125,0.0,-19.0,385.0,0.0,-2.0
374862.505,3604.0,-1687.0,1687.0,404.8800048828125,0.0,-19.0,385.0,0.0,-2.0
374873.201,3604.0,-1687.0,1687.0,404.8800048828125,0.0,-19.0,385.0,0.0,-2.0
374884.205,3604.0,-1687.0,1687.0,404.8800048828125,0.0,-19.0,385.0,0.0,-2.0
374894.382,3604.0,-1687.0,1687.0,404.8800048828125,0.0,-19.0,385.0,0.0,-2.0
374904.383,3604.0,-1687.0,1687.0,404.8800048828125,0.0,-19.0,385.0,0.0,-2.0
374915.201,3604.0,-1687.0,1687.0,404.8800048828125,0.0,-19.0,385.0,0.0,-2.0
374925.201,3604.0,-1687.0,1687.0,404.8800048828125,0.0,-19.0,385.0,0.0,-2.0
374936.201,3604.0,-1687.0,1687.0,404.8800048828125,0.0,-19.0,385.0,0.0,-2.0
374947.217,3604.0,-1687.0,1687.0,404.8800048828125,0.0,-19.0,385.0,0.0,-2.0
374957.218,3604.0,-1687.0,1687.0,404.8800048828125,0.0,-19.0,385.0,0.0,-2.0
374968.204,3604.0,-1687.0,1687.0,404.8800048828125,0.0,-19.0,385.0,0.0,-2.0
374978.204,3604.0,-1687.0,1687.0,404.8800048828125,0.0,-19.0,385.0,0.0,-2.0
374988.429,3604.0,-1687.0,1687.0,404.8800048828125,0.0,-19.0,385.0,0.0,-2.0
374998.429,3604.0,-1687.0,1687.0,404.8800048828125,0.0,-19.0,385.0,0.0,-2.0
375009.205,3604.0,-1687.0,1687.0,404.8800048828125,0.0,-19.0,385.0,0.0,-2.0
375020.201,3604.0,-1687.0,1687.0,404.8800048828125,0.0,-19.0,385.0,0.0,-2.0
375030.202,3604.0,-1687.0,1687.0,404.8800048828125,0.0,-19.0,385.0,0.0,-2.0
375041.201,3604.0,-1687.0,1687.0,404.8800048828125,0.0,-19.0,385.0,0.0,-2.0
375052.205,3604.0,-1687.0,1687.0,404.8800048828125,0.0,-19.0,385.0,0.0,-2.0
375062.206,3604.0,-1687.0,1687.0,404.8800048828125,0.0,-19.0,385.0,0.0,-2.0
375072.207,3604.0,-1687.0,1687.0,404.8800048828125,0.0,-19.0,385.0,0.0,-2.0
375083.204,3604.0,-1687.0,1687.0,404.8800048828125,0.0,-19.0,385.0,0.0,-2.0
375094.362,3604.0,-1687.0,1687.0,404.8800048828125,0.0,-19.0,385.0,0.0,-2.0
375104.362,3604.0,-1687.0,1687.0,404.8800048828125,0.0,-19.0,385.0,0.0,-2.0
375114.363,3604.0,-1687.0,1687.0,404.8800048828125,0.0,-19.0,385.0,0.0,-2.0
375125.201,3604.0,-1687.0,1687.0,404.8800048828125,0.0,-19.0,385.0,0.0,-2.0
375136.205,3604.0,-1687.0,1687.0,404.8800048828125,0.0,-19.0,385.0,0.0,-2.0
375146.938,3604.0,-1687.0,1687.0,404.8800048828125,0.0,-19.0,385.0,0.0,-2.0
375156.939,3604.0,-1687.0,1687.0,404.8800048828125,0.0,-19.0,385.0,0.0,-2.0
375166.939,3604.0,-1687.0,1687.0,404.8800048828125,0.0,-19.0,385.0,0.0,-2.0
375176.94,3604.0,-1687.0,1687.0,404.8800048828125,0.0,-19.0,385.0,0.0,-2.0
375187.204,3604.0,-1687.0,1687.0,404.8800048828125,0.0,-19.0,385.0,0.0,-2.0
375198.201,3604.0,-1687.0,1687.0,404.8800048828125,0.0,-19.0,385.0,0.0,-2.0
375209.204,3604.0,-1687.0,1687.0,404.8800048828125,0.0,-19.0,385.0,0.0,-2.0
375220.201,3604.0,-1687.0,1687.0,404.8800048828125,0.0,-19.0,385.0,0.0,-2.0
375231.205,3604.0,-1687.0,1687.0,404.8800048828125,0.0,-19.0,385.0,0.0,-2.0
375241.206,3604.0,-1687.0,1687.0,404.8800048828125,0.0,-19.0,385.0,0.0,-2.0
375251.207,3604.0,-1687.0,1687.0,404.8800048828125,0.0,-19.0,385.0,0.0,-2.0
375262.205,3604.0,-1687.0,1687.0,404.8800048828125,0.0,-19.0,385.0,0.0,-2.0
375273.2,3604.0,-1687.0,1687.0,404.8800048828125,0.0,-19.0,385.0,0.0,-2.0
375283.201,3604.0,-1687.0,1687.0,404.8800048828125,0.0,-19.0,385.0,0.0,-2.0
375293.202,3604.0,-1687.0,1687.0,404.8800048828125,0.0,-19.0,385.0,0.0,-2.0
375303.202,3604.0,-1687.0,1687.0,404.8800048828125,0.0,-19.0,385.0,0.0,-2.0
375314.189,3604.0,-1687.0,1687.0,404.8800048828125,0.0,-19.0,385.0,0.0,-2.0
375325.161,3604.0,-1687.0,1687.0,404.8800048828125,0.0,-19.0,385.0,0.0,-2.0
375336.201,3604.0,-1687.0,1687.0,404.8800048828125,0.0,-19.0,385.0,0.0,-2.0
375346.201,3604.0,-1687.0,1687.0,404.8800048828125,0.0,-19.0,385.0,0.0,-2.0
375357.202,3604.0,-1687.0,1687.0,404.8800048828125,0.0,-19.0,385.0,0.0,-2.0
375367.203,3604.0,-1687.0,1687.0,404.8800048828125,0.0,-19.0,385.0,0.0,-2.0
375378.2,3604.0,-1687.0,1687.0,404.8800048828125,0.0,-19.0,385.0,0.0,-2.0
375388.2,3604.0,-1687.0,1687.0,404.8800048828125,0.0,-19.0,385.0,0.0,-2.0
375399.201,3604.0,-1687.0,1687.0,404.8800048828125,0.0,-19.0,385.0,0.0,-2.0
375410.205,3604.0,-1687.0,1687.0,404.8800048828125,0.0,-19.0,385.0,0.0,-2.0
375420.206,3604.0,-1687.0,1687.0,404.8800048828125,0.0,-19.0,385.0,0.0,-2.0
375430.207,3604.0,-1687.0,1687.0,404.8800048828125,0.0,-19.0,385.0,0.0,-2.0
375440.89,3604.0,-1687.0,1687.0,404.8800048828125,0.0,-19.0,385.0,0.0,-2.0
375450.891,3604.0,-1687.0,1687.0,404.8800048828125,0.0,-19.0,385.0,0.0,-2.0
375460.892,3604.0,-1687.0,1687.0,404.8800048828125,0.0,-19.0,385.0,0.0,-2.0
375470.892,3604.0,-1687.0,1687.0,404.8800048828125,0.0,-19.0,385.0,0.0,-2.0
375481.205,3604.0,-1687.0,1687.0,404.8800048828125,0.0,-19.0,385.0,0.0,-2.0
375492.201,3604.0,-1687.0,1687.0,404.8800048828125,0.0,-19.0,385.0,0.0,-2.0
375502.201,3604.0,-1687.0,1687.0,404.8800048828125,0.0,-19.0,385.0,0.0,-2.0
375513.2,3604.0,-1687.0,1687.0,404.8800048828125,0.0,-19.0,385.0,0.0,-2.0
375524.205,3604.0,-1687.0,1687.0,404.8800048828125,0.0,-19.0,385.0,0.0,-2.0
375534.206,3604.0,-1687.0,1687.0,404.8800048828125,0.0,-19.0,385.0,0.0,-2.0
375544.207,3604.0,-1687.0,1687.0,404.8800048828125,0.0,-19.0,385.0,0.0,-2.0
375555.204,3604.0,-1687.0,1687.0,404.8800048828125,0.0,-19.0,385.0,0.0,-2.0
375566.201,3604.0,-1687.0,1687.0,404.8800048828125,0.0,-19.0,385.0,0.0,-2.0
375576.201,3604.0,-1687.0,1687.0,404.8800048828125,0.0,-19.0,385.0,0.0,-2.0
375587.2,3604.0,-1687.0,1687.0,404.8800048828125,0.0,-19.0,385.0,0.0,-2.0
375597.2,3604.0,-1687.0,1687.0,404.8800048828125,0.0,-19.0,385.0,0.0,-2.0
375607.809,3604.0,-1687.0,1687.0,404.8800048828125,0.0,-19.0,385.0,0.0,-2.0
375618.204,3604.0,-1687.0,1687.0,404.8800048828125,0.0,-19.0,385.0,0.0,-2.0
375628.204,3604.0,-1687.0,1687.0,404.8800048828125,0.0,-19.0,385.0,0.0,-2.0
375639.2,3604.0,-1687.0,1687.0,404.8800048828125,0.0,-19.0,385.0,0.0,-2.0
375649.2,3604.0,-1687.0,1687.0,404.8800048828125,0.0,-19.0,385.0,0.0,-2.0
375659.2,3604.0,-1687.0,1687.0,404.8800048828125,0.0,-19.0,385.0,0.0,-2.0
375670.201,3604.0,-1687.0,1687.0,404.8800048828125,0.0,-19.0,385.0,0.0,-2.0
375680.201,3604.0,-1687.0,1687.0,404.8800048828125,0.0,-19.0,385.0,0.0,-2.0
375691.205,3604.0,-1687.0,1687.0,404.8800048828125,0.0,-19.0,385.0,0.0,-2.0
375702.202,3604.0,-1687.0,1687.0,404.8800048828125,0.0,-19.0,385.0,0.0,-2.0
375713.204,3604.0,-1687.0,1687.0,404.8800048828125,0.0,-19.0,385.0,0.0,-2.0
375724.204,3604.0,-1687.0,1687.0,404.8800048828125,0.0,-19.0,385.0,0.0,-2.0
375734.204,3604.0,-1687.0,1687.0,404.8800048828125,0.0,-19.0,385.0,0.0,-2.0
375745.204,3604.0,-1687.0,1687.0,404.8800048828125,0.0,-19.0,385.0,0.0,-2.0
375756.2,3604.0,-1687.0,1687.0,404.8800048828125,0.0,-19.0,385.0,0.0,-2.0
375767.205,3604.0,-1687.0,1687.0,404.8800048828125,0.0,-19.0,385.0,0.0,-2.0
375777.206,3604.0,-1687.0,1687.0,404.8800048828125,0.0,-19.0,385.0,0.0,-2.0
375788.204,3604.0,-1687.0,1687.0,404.8800048828125,0.0,-19.0,385.0,0.0,-2.0
375798.204,3604.0,-1687.0,1687.0,404.8800048828125,0.0,-19.0,385.0,0.0,-2.0
375808.707,3604.0,-1687.0,1687.0,404.8800048828125,0.0,-19.0,385.0,0.0,-2.0
375818.708,3604.0,-1687.0,1687.0,404.8800048828125,0.0,-19.0,385.0,0.0,-2.0
375828.713,3604.0,-1687.0,1687.0,404.8800048828125,0.0,-19.0,385.0,0.0,-2.0
375839.2,3604.0,-1687.0,1687.0,404.8800048828125,0.0,-19.0,385.0,0.0,-2.0
375850.205,3604.0,-1687.0,1687.0,404.8800048828125,0.0,-19.0,385.0,0.0,-2.0
375861.201,3604.0,-1687.0,1687.0,404.8800048828125,0.0,-19.0,385.0,0.0,-2.0
375872.204,3604.0,-1687.0,1687.0,404.8800048828125,0.0,-19.0,385.0,0.0,-2.0
375882.204,3604.0,-1687.0,1687.0,404.8800048828125,0.0,-19.0,385.0,0.0,-2.0
375892.205,3604.0,-1687.0,1687.0,404.8800048828125,0.0,-19.0,385.0,0.0,-2.0
375902.206,3604.0,-1687.0,1687.0,404.8800048828125,0.0,-19.0,385.0,0.0,-2.0
375913.205,3604.0,-1687.0,1687.0,404.8800048828125,0.0,-19.0,385.0,0.0,-2.0
375924.201,3604.0,-1687.0,1687.0,404.8800048828125,0.0,-19.0,385.0,0.0,-2.0
375934.202,3604.0,-1687.0,1687.0,404.8800048828125,0.0,-19.0,385.0,0.0,-2.0
375945.204,3604.0,-1687.0,1687.0,404.8800048828125,0.0,-19.0,385.0,0.0,-2.0
375955.205,3604.0,-1687.0,1687.0,404.8800048828125,0.0,-19.0,385.0,0.0,-2.0
375965.206,3604.0,-1687.0,1687.0,404.8800048828125,0.0,-19.0,385.0,0.0,-2.0
375976.205,3604.0,-1687.0,1687.0,404.8800048828125,0.0,-19.0,385.0,0.0,-2.0
375986.205,3604.0,-1687.0,1687.0,404.8800048828125,0.0,-19.0,385.0,0.0,-2.0
375996.206,3604.0,-1687.0,1687.0,404.8800048828125,0.0,-19.0,385.0,0.0,-2.0
376007.202,3604.0,-1687.0,1687.0,404.8800048828125,0.0,-19.0,385.0,0.0,-2.0
376017.203,3604.0,-1687.0,1687.0,404.8800048828125,0.0,-19.0,385.0,0.0,-2.0
376027.204,3604.0,-1687.0,1687.0,404.8800048828125,0.0,-19.0,385.0,0.0,-2.0
376037.204,3604.0,-1687.0,1687.0,404.8800048828125,0.0,-19.0,385.0,0.0,-2.0
376047.205,3604.0,-1687.0,1687.0,404.8800048828125,0.0,-19.0,385.0,0.0,-2.0
376058.201,3604.0,-1687.0,1687.0,404.8800048828125,0.0,-19.0,385.0,0.0,-2.0
376069.05,3604.0,-1687.0,1687.0,404.8800048828125,0.0,-19.0,385.0,0.0,-2.0
376080.161,3604.0,-1687.0,1687.0,404.8800048828125,0.0,-19.0,385.0,0.0,-2.0
376090.162,3604.0,-1687.0,1687.0,404.8800048828125,0.0,-19.0,385.0,0.0,-2.0
376101.185,3604.0,-1687.0,1687.0,404.8800048828125,0.0,-19.0,385.0,0.0,-2.0
376112.204,3604.0,-1687.0,1687.0,404.8800048828125,0.0,-19.0,385.0,0.0,-2.0
376122.204,3604.0,-1687.0,1687.0,404.8800048828125,0.0,-19.0,385.0,0.0,-2.0
376132.205,3604.0,-1687.0,1687.0,404.8800048828125,0.0,-19.0,385.0,0.0,-2.0
376143.2,3604.0,-1687.0,1687.0,404.8800048828125,0.0,-19.0,385.0,0.0,-2.0
376154.084,3604.0,-1687.0,1687.0,404.8800048828125,0.0,-19.0,385.0,0.0,-2.0
376164.085,3604.0,-1687.0,1687.0,404.8800048828125,0.0,-19.0,385.0,0.0,-2.0
376174.086,3604.0,-1687.0,1687.0,404.8800048828125,0.0,-19.0,385.0,0.0,-2.0
376184.1,3604.0,-1687.0,1687.0,404.8800048828125,0.0,-19.0,385.0,0.0,-2.0
376195.1,3604.0,-1687.0,1687.0,404.8800048828125,0.0,-19.0,385.0,0.0,-2.0
376206.204,3604.0,-1687.0,1687.0,404.8800048828125,0.0,-19.0,385.0,0.0,-2.0
376216.204,3604.0,-1687.0,1687.0,404.8800048828125,0.0,-19.0,385.0,0.0,-2.0
376226.205,3604.0,-1687.0,1687.0,404.8800048828125,0.0,-19.0,385.0,0.0,-2.0
376236.854,3604.0,-1687.0,1687.0,404.8800048828125,0.0,-19.0,385.0,0.0,-2.0
376246.855,3604.0,-1687.0,1687.0,404.8800048828125,0.0,-19.0,385.0,0.0,-2.0
376257.204,3604.0,-1687.0,1687.0,404.8800048828125,0.0,-19.0,385.0,0.0,-2.0
376268.205,3604.0,-1687.0,1687.0,404.8800048828125,0.0,-19.0,385.0,0.0,-2.0
376279.2,3604.0,-1687.0,1687.0,404.8800048828125,0.0,-19.0,385.0,0.0,-2.0
376290.204,3604.0,-1687.0,1687.0,404.8800048828125,0.0,-19.0,385.0,0.0,-2.0
376300.205,3604.0,-1687.0,1687.0,404.8800048828125,0.0,-19.0,385.0,0.0,-2.0
376311.201,3604.0,-1687.0,1687.0,404.8800048828125,0.0,-19.0,385.0,0.0,-2.0
376321.202,3604.0,-1687.0,1687.0,404.8800048828125,0.0,-19.0,385.0,0.0,-2.0
376332.201,3604.0,-1687.0,1687.0,404.8800048828125,0.0,-19.0,385.0,0.0,-2.0
376342.202,3604.0,-1687.0,1687.0,404.8800048828125,0.0,-19.0,385.0,0.0,-2.0
376352.202,3604.0,-1687.0,1687.0,404.8800048828125,0.0,-19.0,385.0,0.0,-2.0
376362.202,3604.0,-1687.0,1687.0,404.8800048828125,0.0,-19.0,385.0,0.0,-2.0
376372.203,3604.0,-1687.0,1687.0,404.8800048828125,0.0,-19.0,385.0,0.0,-2.0
376382.204,3604.0,-1687.0,1687.0,404.8800048828125,0.0,-19.0,385.0,0.0,-2.0
376392.205,3604.0,-1687.0,1687.0,404.8800048828125,0.0,-19.0,385.0,0.0,-2.0
376403.205,3604.0,-1687.0,1687.0,404.8800048828125,0.0,-19.0,385.0,0.0,-2.0
376414.201,3604.0,-1687.0,1687.0,404.8800048828125,0.0,-19.0,385.0,0.0,-2.0
376425.204,3604.0,-1687.0,1687.0,404.8800048828125,0.0,-19.0,385.0,0.0,-2.0
376435.205,3604.0,-1687.0,1687.0,404.8800048828125,0.0,-19.0,385.0,0.0,-2.0
376446.2,3604.0,-1687.0,1687.0,404.8800048828125,0.0,-19.0,385.0,0.0,-2.0
376456.201,3604.0,-1687.0,1687.0,404.8800048828125,0.0,-19.0,385.0,0.0,-2.0
376467.201,3604.0,-1687.0,1687.0,404.8800048828125,0.0,-19.0,385.0,0.0,-2.0
376478.204,3604.0,-1687.0,1687.0,404.8800048828125,0.0,-19.0,385.0,0.0,-2.0
376488.205,3604.0,-1687.0,1687.0,404.8800048828125,0.0,-19.0,385.0,0.0,-2.0
376499.2,3604.0,-1687.0,1687.0,404.8800048828125,0.0,-19.0,385.0,0.0,-2.0
376510.205,3604.0,-1687.0,1687.0,404.8800048828125,0.0,-19.0,385.0,0.0,-2.0
376521.2,3604.0,-1687.0,1687.0,404.8800048828125,0.0,-19.0,385.0,0.0,-2.0
376531.2,3604.0,-1687.0,1687.0,404.8800048828125,0.0,-19.0,385.0,0.0,-2.0
376541.2,3604.0,-1687.0,1687.0,404.8800048828125,0.0,-19.0,385.0,0.0,-2.0
376551.201,3604.0,-1687.0,1687.0,404.8800048828125,0.0,-19.0,385.0,0.0,-2.0
376562.173,3604.0,-1687.0,1687.0,404.8800048828125,0.0,-19.0,385.0,0.0,-2.0
376573.204,3604.0,-1687.0,1687.0,404.8800048828125,0.0,-19.0,385.0,0.0,-2.0
376583.206,3604.0,-1687.0,1687.0,404.8800048828125,0.0,-19.0,385.0,0.0,-2.0
376594.205,3604.0,-1687.0,1687.0,404.8800048828125,0.0,-19.0,385.0,0.0,-2.0
376605.2,3604.0,-1687.0,1687.0,404.8800048828125,0.0,-19.0,385.0,0.0,-2.0
376616.204,3604.0,-1687.0,1687.0,404.8800048828125,0.0,-19.0,385.0,0.0,-2.0
376626.204,3604.0,-1687.0,1687.0,404.8800048828125,0.0,-19.0,385.0,0.0,-2.0
376636.204,3604.0,-1687.0,1687.0,404.8800048828125,0.0,-19.0,385.0,0.0,-2.0
376646.205,3604.0,-1687.0,1687.0,404.8800048828125,0.0,-19.0,385.0,0.0,-2.0
376657.201,3604.0,-1687.0,1687.0,404.8800048828125,0.0,-19.0,385.0,0.0,-2.0
376668.205,3604.0,-1687.0,1687.0,404.8800048828125,0.0,-19.0,385.0,0.0,-2.0
376679.201,3604.0,-1687.0,1687.0,404.8800048828125,0.0,-19.0,385.0,0.0,-2.0
376690.204,3604.0,-1687.0,1687.0,404.8800048828125,0.0,-19.0,385.0,0.0,-2.0
376700.205,3604.0,-1687.0,1687.0,404.8800048828125,0.0,-19.0,385.0,0.0,-2.0
376710.206,3604.0,-1687.0,1687.0,404.8800048828125,0.0,-19.0,385.0,0.0,-2.0
376720.374,3604.0,-1687.0,1687.0,404.8800048828125,0.0,-19.0,385.0,0.0,-2.0
376731.201,3604.0,-1687.0,1687.0,404.8800048828125,0.0,-19.0,385.0,0.0,-2.0
376742.173,3604.0,-1687.0,1687.0,404.8800048828125,0.0,-19.0,385.0,0.0,-2.0
376753.173,3604.0,-1687.0,1687.0,404.8800048828125,0.0,-19.0,385.0,0.0,-2.0
376764.201,3604.0,-1687.0,1687.0,404.8800048828125,0.0,-19.0,385.0,0.0,-2.0
376774.202,3604.0,-1687.0,1687.0,404.8800048828125,0.0,-19.0,385.0,0.0,-2.0
376784.202,3604.0,-1687.0,1687.0,404.8800048828125,0.0,-19.0,385.0,0.0,-2.0
376795.2,3604.0,-1687.0,1687.0,404.8800048828125,0.0,-19.0,385.0,0.0,-2.0
376806.204,3604.0,-1687.0,1687.0,404.8800048828125,0.0,-19.0,385.0,0.0,-2.0
376816.205,3604.0,-1687.0,1687.0,404.8800048828125,0.0,-19.0,385.0,0.0,-2.0
376827.204,3604.0,-1687.0,1687.0,404.8800048828125,0.0,-19.0,385.0,0.0,-2.0
376837.205,3604.0,-1687.0,1687.0,404.8800048828125,0.0,-19.0,385.0,0.0,-2.0
376847.206,3604.0,-1687.0,1687.0,404.8800048828125,0.0,-19.0,385.0,0.0,-2.0
376857.207,3604.0,-1687.0,1687.0,404.8800048828125,0.0,-19.0,385.0,0.0,-2.0
376868.204,3604.0,-1687.0,1687.0,404.8800048828125,0.0,-19.0,385.0,0.0,-2.0
376879.205,3604.0,-1687.0,1687.0,404.8800048828125,0.0,-19.0,385.0,0.0,-2.0
376890.334,3604.0,-1687.0,1687.0,404.8800048828125,0.0,-19.0,385.0,0.0,-2.0
376900.335,3604.0,-1687.0,1687.0,404.8800048828125,0.0,-19.0,385.0,0.0,-2.0
376910.335,3604.0,-1687.0,1687.0,404.8800048828125,0.0,-19.0,385.0,0.0,-2.0
376920.336,3604.0,-1687.0,1687.0,404.8800048828125,0.0,-19.0,385.0,0.0,-2.0
376930.337,3604.0,-1687.0,1687.0,404.8800048828125,0.0,-19.0,385.0,0.0,-2.0
376941.2,3604.0,-1687.0,1687.0,404.8800048828125,0.0,-19.0,385.0,0.0,-2.0
376952.205,3604.0,-1687.0,1687.0,404.8800048828125,0.0,-19.0,385.0,0.0,-2.0
376962.206,3604.0,-1687.0,1687.0,404.8800048828125,0.0,-19.0,385.0,0.0,-2.0
376973.201,3604.0,-1687.0,1687.0,404.8800048828125,0.0,-19.0,385.0,0.0,-2.0
376983.201,3604.0,-1687.0,1687.0,404.8800048828125,0.0,-19.0,385.0,0.0,-2.0
376994.204,3604.0,-1687.0,1687.0,404.8800048828125,0.0,-19.0,385.0,0.0,-2.0
377005.2,3604.0,-1687.0,1687.0,404.8800048828125,0.0,-19.0,385.0,0.0,-2.0
377015.2,3604.0,-1687.0,1687.0,404.8800048828125,0.0,-19.0,385.0,0.0,-2.0
377025.201,3604.0,-1687.0,1687.0,404.8800048828125,0.0,-19.0,385.0,0.0,-2.0
377036.205,3604.0,-1687.0,1687.0,404.8800048828125,0.0,-19.0,385.0,0.0,-2.0
377046.7,3604.0,-1687.0,1687.0,404.8800048828125,0.0,-19.0,385.0,0.0,-2.0
377057.205,3604.0,-1687.0,1687.0,404.8800048828125,0.0,-19.0,385.0,0.0,-2.0
377067.206,3604.0,-1687.0,1687.0,404.8800048828125,0.0,-19.0,385.0,0.0,-2.0
377077.206,3604.0,-1687.0,1687.0,404.8800048828125,0.0,-19.0,385.0,0.0,-2.0
377088.204,3604.0,-1687.0,1687.0,404.8800048828125,0.0,-19.0,385.0,0.0,-2.0
377099.213,3604.0,-1687.0,1687.0,404.8800048828125,0.0,-19.0,385.0,0.0,-2.0
377110.204,3604.0,-1687.0,1687.0,404.8800048828125,0.0,-19.0,385.0,0.0,-2.0
377120.206,3604.0,-1687.0,1687.0,404.8800048828125,0.0,-19.0,385.0,0.0,-2.0
377130.207,3604.0,-1687.0,1687.0,404.8800048828125,0.0,-19.0,385.0,0.0,-2.0
377140.208,3604.0,-1687.0,1687.0,404.8800048828125,0.0,-19.0,385.0,0.0,-2.0
377151.201,3604.0,-1687.0,1687.0,404.8800048828125,0.0,-19.0,385.0,0.0,-2.0
377161.202,3604.0,-1687.0,1687.0,404.8800048828125,0.0,-19.0,385.0,0.0,-2.0
377172.204,3604.0,-1687.0,1687.0,404.8800048828125,0.0,-19.0,385.0,0.0,-2.0
377182.204,3604.0,-1687.0,1687.0,404.8800048828125,0.0,-19.0,385.0,0.0,-2.0
377192.204,3604.0,-1687.0,1687.0,404.8800048828125,0.0,-19.0,385.0,0.0,-2.0
377202.777,3604.0,-1687.0,1687.0,404.8800048828125,0.0,-19.0,385.0,0.0,-2.0
377212.778,3604.0,-1687.0,1687.0,404.8800048828125,0.0,-19.0,385.0,0.0,-2.0
377223.204,3604.0,-1687.0,1687.0,404.8800048828125,0.0,-19.0,385.0,0.0,-2.0
377233.204,3604.0,-1687.0,1687.0,404.8800048828125,0.0,-19.0,385.0,0.0,-2.0
377244.205,3604.0,-1687.0,1687.0,404.8800048828125,0.0,-19.0,385.0,0.0,-2.0
377254.205,3604.0,-1687.0,1687.0,404.8800048828125,0.0,-19.0,385.0,0.0,-2.0
377265.201,3604.0,-1687.0,1687.0,404.8800048828125,0.0,-19.0,385.0,0.0,-2.0
377275.202,3604.0,-1687.0,1687.0,404.8800048828125,0.0,-19.0,385.0,0.0,-2.0
377285.202,3604.0,-1687.0,1687.0,404.8800048828125,0.0,-19.0,385.0,0.0,-2.0
377295.203,3604.0,-1687.0,1687.0,404.8800048828125,0.0,-19.0,385.0,0.0,-2.0
377305.204,3604.0,-1687.0,1687.0,404.8800048828125,0.0,-19.0,385.0,0.0,-2.0
377315.204,3604.0,-1687.0,1687.0,404.8800048828125,0.0,-19.0,385.0,0.0,-2.0
377325.204,3604.0,-1687.0,1687.0,404.8800048828125,0.0,-19.0,385.0,0.0,-2.0
377336.205,3604.0,-1687.0,1687.0,404.8800048828125,0.0,-19.0,385.0,0.0,-2.0
377346.205,3604.0,-1687.0,1687.0,404.8800048828125,0.0,-19.0,385.0,0.0,-2.0
377356.205,3604.0,-1687.0,1687.0,404.8800048828125,0.0,-19.0,385.0,0.0,-2.0
377366.206,3604.0,-1687.0,1687.0,404.8800048828125,0.0,-19.0,385.0,0.0,-2.0
377377.205,3604.0,-1687.0,1687.0,404.8800048828125,0.0,-19.0,385.0,0.0,-2.0
377388.201,3604.0,-1687.0,1687.0,404.8800048828125,0.0,-19.0,385.0,0.0,-2.0
377398.201,3604.0,-1687.0,1687.0,404.8800048828125,0.0,-19.0,385.0,0.0,-2.0
377409.201,3604.0,-1687.0,1687.0,404.8800048828125,0.0,-19.0,385.0,0.0,-2.0
377419.201,3604.0,-1687.0,1687.0,404.8800048828125,0.0,-19.0,385.0,0.0,-2.0
377429.253,3604.0,-1687.0,1687.0,404.8800048828125,0.0,-19.0,385.0,0.0,-2.0
377439.254,3604.0,-1687.0,1687.0,404.8800048828125,0.0,-19.0,385.0,0.0,-2.0
377450.173,3604.0,-1687.0,1687.0,404.8800048828125,0.0,-19.0,385.0,0.0,-2.0
377460.174,3604.0,-1687.0,1687.0,404.8800048828125,0.0,-19.0,385.0,0.0,-2.0
377471.205,3604.0,-1687.0,1687.0,404.8800048828125,0.0,-19.0,385.0,0.0,-2.0
377481.205,3604.0,-1687.0,1687.0,404.8800048828125,0.0,-19.0,385.0,0.0,-2.0
377491.206,3604.0,-1687.0,1687.0,404.8800048828125,0.0,-19.0,385.0,0.0,-2.0
377501.206,3604.0,-1687.0,1687.0,404.8800048828125,0.0,-19.0,385.0,0.0,-2.0
377512.205,3604.0,-1687.0,1687.0,404.8800048828125,0.0,-19.0,385.0,0.0,-2.0
377522.206,3604.0,-1687.0,1687.0,404.8800048828125,0.0,-19.0,385.0,0.0,-2.0
377533.201,3604.0,-1687.0,1687.0,404.8800048828125,0.0,-19.0,385.0,0.0,-2.0
377543.202,3604.0,-1687.0,1687.0,404.8800048828125,0.0,-19.0,385.0,0.0,-2.0
377554.201,3604.0,-1687.0,1687.0,404.8800048828125,0.0,-19.0,385.0,0.0,-2.0
377564.207,3604.0,-1687.0,1687.0,404.8800048828125,0.0,-19.0,385.0,0.0,-2.0
377574.207,3604.0,-1687.0,1687.0,404.8800048828125,0.0,-19.0,385.0,0.0,-2.0
377584.208,3604.0,-1687.0,1687.0,404.8800048828125,0.0,-19.0,385.0,0.0,-2.0
377595.49,3604.0,-1687.0,1687.0,404.8800048828125,0.0,-19.0,385.0,0.0,-2.0
377605.491,3604.0,-1687.0,1687.0,404.8800048828125,0.0,-19.0,385.0,0.0,-2.0
377616.204,3604.0,-1687.0,1687.0,404.8800048828125,0.0,-19.0,385.0,0.0,-2.0
377626.205,3604.0,-1687.0,1687.0,404.8800048828125,0.0,-19.0,385.0,0.0,-2.0
377637.204,3604.0,-1687.0,1687.0,404.8800048828125,0.0,-19.0,385.0,0.0,-2.0
377648.205,3604.0,-1687.0,1687.0,404.8800048828125,0.0,-19.0,385.0,0.0,-2.0
377659.201,3604.0,-1687.0,1687.0,404.8800048828125,0.0,-19.0,385.0,0.0,-2.0
377669.202,3604.0,-1687.0,1687.0,404.8800048828125,0.0,-19.0,385.0,0.0,-2.0
377680.201,3604.0,-1687.0,1687.0,404.8800048828125,0.0,-19.0,385.0,0.0,-2.0
377691.205,3604.0,-1687.0,1687.0,404.8800048828125,0.0,-19.0,385.0,0.0,-2.0
377702.2,3604.0,-1687.0,1687.0,404.8800048828125,0.0,-19.0,385.0,0.0,-2.0
377712.201,3604.0,-1687.0,1687.0,404.8800048828125,0.0,-19.0,385.0,0.0,-2.0
377722.202,3604.0,-1687.0,1687.0,404.8800048828125,0.0,-19.0,385.0,0.0,-2.0
377732.202,3604.0,-1687.0,1687.0,404.8800048828125,0.0,-19.0,385.0,0.0,-2.0
377742.202,3604.0,-1687.0,1687.0,404.8800048828125,0.0,-19.0,385.0,0.0,-2.0
377752.203,3604.0,-1687.0,1687.0,404.8800048828125,0.0,-19.0,385.0,0.0,-2.0
377763.173,3604.0,-1687.0,1687.0,404.8800048828125,0.0,-19.0,385.0,0.0,-2.0
377774.173,3604.0,-1687.0,1687.0,404.8800048828125,0.0,-19.0,385.0,0.0,-2.0
377784.174,3604.0,-1687.0,1687.0,404.8800048828125,0.0,-19.0,385.0,0.0,-2.0
377795.2,3604.0,-1687.0,1687.0,404.8800048828125,0.0,-19.0,385.0,0.0,-2.0
377806.205,3604.0,-1687.0,1687.0,404.8800048828125,0.0,-19.0,385.0,0.0,-2.0
377816.206,3604.0,-1687.0,1687.0,404.8800048828125,0.0,-19.0,385.0,0.0,-2.0
377826.207,3604.0,-1687.0,1687.0,404.8800048828125,0.0,-19.0,385.0,0.0,-2.0
377837.211,3604.0,-1687.0,1687.0,404.8800048828125,0.0,-19.0,385.0,0.0,-2.0
377848.204,3604.0,-1687.0,1687.0,404.8800048828125,0.0,-19.0,385.0,0.0,-2.0
377859.201,3604.0,-1687.0,1687.0,404.8800048828125,0.0,-19.0,385.0,0.0,-2.0
377870.205,3604.0,-1687.0,1687.0,404.8800048828125,0.0,-19.0,385.0,0.0,-2.0
377881.204,3604.0,-1687.0,1687.0,404.8800048828125,0.0,-19.0,385.0,0.0,-2.0
377892.201,3604.0,-1687.0,1687.0,404.8800048828125,0.0,-19.0,385.0,0.0,-2.0
377903.205,3604.0,-1687.0,1687.0,404.8800048828125,0.0,-19.0,385.0,0.0,-2.0
377914.201,3604.0,-1687.0,1687.0,404.8800048828125,0.0,-19.0,385.0,0.0,-2.0
377925.205,3604.0,-1687.0,1687.0,404.8800048828125,0.0,-19.0,385.0,0.0,-2.0
377936.201,3604.0,-1687.0,1687.0,404.8800048828125,0.0,-19.0,385.0,0.0,-2.0
377947.204,3604.0,-1687.0,1687.0,404.8800048828125,0.0,-19.0,385.0,0.0,-2.0
377957.205,3604.0,-1687.0,1687.0,404.8800048828125,0.0,-19.0,385.0,0.0,-2.0
377967.205,3604.0,-1687.0,1687.0,404.8800048828125,0.0,-19.0,385.0,0.0,-2.0
377977.205,3604.0,-1687.0,1687.0,404.8800048828125,0.0,-19.0,385.0,0.0,-2.0
377988.448,3604.0,-1687.0,1687.0,404.8800048828125,0.0,-19.0,385.0,0.0,-2.0
377999.205,3604.0,-1687.0,1687.0,404.8800048828125,0.0,-19.0,385.0,0.0,-2.0
378010.158,3604.0,-1687.0,1687.0,404.8800048828125,0.0,-19.0,385.0,0.0,-2.0
378020.158,3604.0,-1687.0,1687.0,404.8800048828125,0.0,-19.0,385.0,0.0,-2.0
378030.159,3604.0,-1687.0,1687.0,404.8800048828125,0.0,-19.0,385.0,0.0,-2.0
378041.201,3604.0,-1687.0,1687.0,404.8800048828125,0.0,-19.0,385.0,0.0,-2.0
378051.202,3604.0,-1687.0,1687.0,404.8800048828125,0.0,-19.0,385.0,0.0,-2.0
378061.203,3604.0,-1687.0,1687.0,404.8800048828125,0.0,-19.0,385.0,0.0,-2.0
378072.205,3604.0,-1687.0,1687.0,404.8800048828125,0.0,-19.0,385.0,0.0,-2.0
378083.201,3604.0,-1687.0,1687.0,404.8800048828125,0.0,-19.0,385.0,0.0,-2.0
378094.367,3604.0,-1687.0,1687.0,404.8800048828125,0.0,-19.0,385.0,0.0,-2.0
378105.204,3604.0,-1687.0,1687.0,404.8800048828125,0.0,-19.0,385.0,0.0,-2.0
378116.201,3604.0,-1687.0,1687.0,404.8800048828125,0.0,-19.0,385.0,0.0,-2.0
378127.205,3604.0,-1687.0,1687.0,404.8800048828125,0.0,-19.0,385.0,0.0,-2.0
378137.205,3604.0,-1687.0,1687.0,404.8800048828125,0.0,-19.0,385.0,0.0,-2.0
378147.205,3604.0,-1687.0,1687.0,404.8800048828125,0.0,-19.0,385.0,0.0,-2.0
378157.206,3604.0,-1687.0,1687.0,404.8800048828125,0.0,-19.0,385.0,0.0,-2.0
378167.207,3604.0,-1687.0,1687.0,404.8800048828125,0.0,-19.0,385.0,0.0,-2.0
378178.201,3604.0,-1687.0,1687.0,404.8800048828125,0.0,-19.0,385.0,0.0,-2.0
378188.201,3604.0,-1687.0,1687.0,404.8800048828125,0.0,-19.0,385.0,0.0,-2.0
378199.205,3604.0,-1687.0,1687.0,404.8800048828125,0.0,-19.0,385.0,0.0,-2.0
378210.201,3604.0,-1687.0,1687.0,404.8800048828125,0.0,-19.0,385.0,0.0,-2.0
378220.202,3604.0,-1687.0,1687.0,404.8800048828125,0.0,-19.0,385.0,0.0,-2.0
378230.203,3604.0,-1687.0,1687.0,404.8800048828125,0.0,-19.0,385.0,0.0,-2.0
378240.204,3604.0,-1687.0,1687.0,404.8800048828125,0.0,-19.0,385.0,0.0,-2.0
378250.205,3604.0,-1687.0,1687.0,404.8800048828125,0.0,-19.0,385.0,0.0,-2.0
378260.205,3604.0,-1687.0,1687.0,404.8800048828125,0.0,-19.0,385.0,0.0,-2.0
378271.205,3604.0,-1687.0,1687.0,404.8800048828125,0.0,-19.0,385.0,0.0,-2.0
378281.205,3604.0,-1687.0,1687.0,404.8800048828125,0.0,-19.0,385.0,0.0,-2.0
378291.209,3604.0,-1687.0,1687.0,404.8800048828125,0.0,-19.0,385.0,0.0,-2.0
378302.201,3604.0,-1687.0,1687.0,404.8800048828125,0.0,-19.0,385.0,0.0,-2.0
378313.205,3604.0,-1687.0,1687.0,404.8800048828125,0.0,-19.0,385.0,0.0,-2.0
378323.205,3604.0,-1687.0,1687.0,404.8800048828125,0.0,-19.0,385.0,0.0,-2.0
378333.206,3604.0,-1687.0,1687.0,404.8800048828125,0.0,-19.0,385.0,0.0,-2.0
378343.207,3604.0,-1687.0,1687.0,404.8800048828125,0.0,-19.0,385.0,0.0,-2.0
378354.201,3604.0,-1687.0,1687.0,404.8800048828125,0.0,-19.0,385.0,0.0,-2.0
378365.204,3604.0,-1687.0,1687.0,404.8800048828125,0.0,-19.0,385.0,0.0,-2.0
378376.205,3604.0,-1687.0,1687.0,404.8800048828125,0.0,-19.0,385.0,0.0,-2.0
378387.205,3604.0,-1687.0,1687.0,404.8800048828125,0.0,-19.0,385.0,0.0,-2.0
378398.205,3604.0,-1687.0,1687.0,404.8800048828125,0.0,-19.0,385.0,0.0,-2.0
378408.206,3604.0,-1687.0,1687.0,404.8800048828125,0.0,-19.0,385.0,0.0,-2.0
378418.207,3604.0,-1687.0,1687.0,404.8800048828125,0.0,-19.0,385.0,0.0,-2.0
378428.207,3604.0,-1687.0,1687.0,404.8800048828125,0.0,-19.0,385.0,0.0,-2.0
378438.505,3604.0,-1687.0,1687.0,404.8800048828125,0.0,-19.0,385.0,0.0,-2.0
378448.506,3604.0,-1687.0,1687.0,404.8800048828125,0.0,-19.0,385.0,0.0,-2.0
378459.2,3604.0,-1687.0,1687.0,404.8800048828125,0.0,-19.0,385.0,0.0,-2.0
378470.205,3604.0,-1687.0,1687.0,404.8800048828125,0.0,-19.0,385.0,0.0,-2.0
378481.201,3604.0,-1687.0,1687.0,404.8800048828125,0.0,-19.0,385.0,0.0,-2.0
378491.202,3604.0,-1687.0,1687.0,404.8800048828125,0.0,-19.0,385.0,0.0,-2.0
378502.2,3604.0,-1687.0,1687.0,404.8800048828125,0.0,-19.0,385.0,0.0,-2.0
378513.204,3604.0,-1687.0,1687.0,404.8800048828125,0.0,-19.0,385.0,0.0,-2.0
378524.2,3604.0,-1687.0,1687.0,404.8800048828125,0.0,-19.0,385.0,0.0,-2.0
378535.205,3604.0,-1687.0,1687.0,404.8800048828125,0.0,-19.0,385.0,0.0,-2.0
378545.205,3604.0,-1687.0,1687.0,404.8800048828125,0.0,-19.0,385.0,0.0,-2.0
378555.205,3604.0,-1687.0,1687.0,404.8800048828125,0.0,-19.0,385.0,0.0,-2.0
378565.206,3604.0,-1687.0,1687.0,404.8800048828125,0.0,-19.0,385.0,0.0,-2.0
378575.206,3604.0,-1687.0,1687.0,404.8800048828125,0.0,-19.0,385.0,0.0,-2.0
378585.207,3604.0,-1687.0,1687.0,404.8800048828125,0.0,-19.0,385.0,0.0,-2.0
378596.2,3604.0,-1687.0,1687.0,404.8800048828125,0.0,-19.0,385.0,0.0,-2.0
378607.205,3604.0,-1687.0,1687.0,404.8800048828125,0.0,-19.0,385.0,0.0,-2.0
378618.201,3604.0,-1687.0,1687.0,404.8800048828125,0.0,-19.0,385.0,0.0,-2.0
378629.157,3604.0,-1687.0,1687.0,404.8800048828125,0.0,-19.0,385.0,0.0,-2.0
378639.157,3604.0,-1687.0,1687.0,404.8800048828125,0.0,-19.0,385.0,0.0,-2.0
378649.158,3604.0,-1687.0,1687.0,404.8800048828125,0.0,-19.0,385.0,0.0,-2.0
378660.204,3604.0,-1687.0,1687.0,404.8800048828125,0.0,-19.0,385.0,0.0,-2.0
378670.204,3604.0,-1687.0,1687.0,404.8800048828125,0.0,-19.0,385.0,0.0,-2.0
378680.205,3604.0,-1687.0,1687.0,404.8800048828125,0.0,-19.0,385.0,0.0,-2.0
378690.668,3604.0,-1687.0,1687.0,404.8800048828125,0.0,-19.0,385.0,0.0,-2.0
378701.201,3604.0,-1687.0,1687.0,404.8800048828125,0.0,-19.0,385.0,0.0,-2.0
378711.202,3604.0,-1687.0,1687.0,404.8800048828125,0.0,-19.0,385.0,0.0,-2.0
378721.418,3604.0,-1687.0,1687.0,404.8800048828125,0.0,-19.0,385.0,0.0,-2.0
378731.419,3604.0,-1687.0,1687.0,404.8800048828125,0.0,-19.0,385.0,0.0,-2.0
378742.2,3604.0,-1687.0,1687.0,404.8800048828125,0.0,-19.0,385.0,0.0,-2.0
378753.157,3604.0,-1687.0,1687.0,404.8800048828125,0.0,-19.0,385.0,0.0,-2.0
378763.158,3604.0,-1687.0,1687.0,404.8800048828125,0.0,-19.0,385.0,0.0,-2.0
378773.158,3604.0,-1687.0,1687.0,404.8800048828125,0.0,-19.0,385.0,0.0,-2.0
378784.205,3604.0,-1687.0,1687.0,404.8800048828125,0.0,-19.0,385.0,0.0,-2.0
378795.201,3604.0,-1687.0,1687.0,404.8800048828125,0.0,-19.0,385.0,0.0,-2.0
378805.201,3604.0,-1687.0,1687.0,404.8800048828125,0.0,-19.0,385.0,0.0,-2.0
378816.2,3604.0,-1687.0,1687.0,404.8800048828125,0.0,-19.0,385.0,0.0,-2.0
378826.201,3604.0,-1687.0,1687.0,404.8800048828125,0.0,-19.0,385.0,0.0,-2.0
378837.2,3604.0,-1687.0,1687.0,404.8800048828125,0.0,-19.0,385.0,0.0,-2.0
378847.201,3604.0,-1687.0,1687.0,404.8800048828125,0.0,-19.0,385.0,0.0,-2.0
378858.201,3604.0,-1687.0,1687.0,404.8800048828125,0.0,-19.0,385.0,0.0,-2.0
378868.201,3604.0,-1687.0,1687.0,404.8800048828125,0.0,-19.0,385.0,0.0,-2.0
378879.2,3604.0,-1687.0,1687.0,404.8800048828125,0.0,-19.0,385.0,0.0,-2.0
378890.243,3604.0,-1687.0,1687.0,404.8800048828125,0.0,-19.0,385.0,0.0,-2.0
378900.307,3604.0,-1687.0,1687.0,404.8800048828125,0.0,-19.0,385.0,0.0,-2.0
378910.75,3604.0,-1687.0,1687.0,404.8800048828125,0.0,-19.0,385.0,0.0,-2.0
378921.201,3604.0,-1687.0,1687.0,404.8800048828125,0.0,-19.0,385.0,0.0,-2.0
378931.202,3604.0,-1687.0,1687.0,404.8800048828125,0.0,-19.0,385.0,0.0,-2.0
378941.202,3604.0,-1687.0,1687.0,404.8800048828125,0.0,-19.0,385.0,0.0,-2.0
378952.205,3604.0,-1687.0,1687.0,404.8800048828125,0.0,-19.0,385.0,0.0,-2.0
378963.201,3604.0,-1687.0,1687.0,404.8800048828125,0.0,-19.0,385.0,0.0,-2.0
378974.204,3604.0,-1687.0,1687.0,404.8800048828125,0.0,-19.0,385.0,0.0,-2.0
378985.215,3604.0,-1687.0,1687.0,404.8800048828125,0.0,-19.0,385.0,0.0,-2.0
378996.205,3604.0,-1687.0,1687.0,404.8800048828125,0.0,-19.0,385.0,0.0,-2.0
379007.2,3604.0,-1687.0,1687.0,404.8800048828125,0.0,-19.0,385.0,0.0,-2.0
379018.205,3604.0,-1687.0,1687.0,404.8800048828125,0.0,-19.0,385.0,0.0,-2.0
379028.205,3604.0,-1687.0,1687.0,404.8800048828125,0.0,-19.0,385.0,0.0,-2.0
379038.206,3604.0,-1687.0,1687.0,404.8800048828125,0.0,-19.0,385.0,0.0,-2.0
379048.207,3604.0,-1687.0,1687.0,404.8800048828125,0.0,-19.0,385.0,0.0,-2.0
379059.201,3604.0,-1687.0,1687.0,404.8800048828125,0.0,-19.0,385.0,0.0,-2.0
379069.201,3604.0,-1687.0,1687.0,404.8800048828125,0.0,-19.0,385.0,0.0,-2.0
379079.664,3604.0,-1687.0,1687.0,404.8800048828125,0.0,-19.0,385.0,0.0,-2.0
379089.665,3604.0,-1687.0,1687.0,404.8800048828125,0.0,-19.0,385.0,0.0,-2.0
379100.212,3604.0,-1687.0,1687.0,404.8800048828125,0.0,-19.0,385.0,0.0,-2.0
379111.205,3604.0,-1687.0,1687.0,404.8800048828125,0.0,-19.0,385.0,0.0,-2.0
379121.206,3604.0,-1687.0,1687.0,404.8800048828125,0.0,-19.0,385.0,0.0,-2.0
379132.205,3604.0,-1687.0,1687.0,404.8800048828125,0.0,-19.0,385.0,0.0,-2.0
379142.206,3604.0,-1687.0,1687.0,404.8800048828125,0.0,-19.0,385.0,0.0,-2.0
379153.204,3604.0,-1687.0,1687.0,404.8800048828125,0.0,-19.0,385.0,0.0,-2.0
379163.204,3604.0,-1687.0,1687.0,404.8800048828125,0.0,-19.0,385.0,0.0,-2.0
379174.2,3604.0,-1687.0,1687.0,404.8800048828125,0.0,-19.0,385.0,0.0,-2.0
379184.2,3604.0,-1687.0,1687.0,404.8800048828125,0.0,-19.0,385.0,0.0,-2.0
379195.205,3604.0,-1687.0,1687.0,404.8800048828125,0.0,-19.0,385.0,0.0,-2.0
379206.201,3604.0,-1687.0,1687.0,404.8800048828125,0.0,-19.0,385.0,0.0,-2.0
379217.204,3604.0,-1687.0,1687.0,404.8800048828125,0.0,-19.0,385.0,0.0,-2.0
379227.205,3604.0,-1687.0,1687.0,404.8800048828125,0.0,-19.0,385.0,0.0,-2.0
379237.206,3604.0,-1687.0,1687.0,404.8800048828125,0.0,-19.0,385.0,0.0,-2.0
379247.661,3604.0,-1687.0,1687.0,404.8800048828125,0.0,-19.0,385.0,0.0,-2.0
379258.173,3604.0,-1687.0,1687.0,404.8800048828125,0.0,-19.0,385.0,0.0,-2.0
379269.173,3604.0,-1687.0,1687.0,404.8800048828125,0.0,-19.0,385.0,0.0,-2.0
379280.201,3604.0,-1687.0,1687.0,404.8800048828125,0.0,-19.0,385.0,0.0,-2.0
379290.201,3604.0,-1687.0,1687.0,404.8800048828125,0.0,-19.0,385.0,0.0,-2.0
379301.201,3604.0,-1687.0,1687.0,404.8800048828125,0.0,-19.0,385.0,0.0,-2.0
379312.205,3604.0,-1687.0,1687.0,404.8800048828125,0.0,-19.0,385.0,0.0,-2.0
379322.206,3604.0,-1687.0,1687.0,404.8800048828125,0.0,-19.0,385.0,0.0,-2.0
379333.205,3604.0,-1687.0,1687.0,404.8800048828125,0.0,-19.0,385.0,0.0,-2.0
379344.201,3604.0,-1687.0,1687.0,404.8800048828125,0.0,-19.0,385.0,0.0,-2.0
379355.205,3604.0,-1687.0,1687.0,404.8800048828125,0.0,-19.0,385.0,0.0,-2.0
379365.206,3604.0,-1687.0,1687.0,404.8800048828125,0.0,-19.0,385.0,0.0,-2.0
379375.206,3604.0,-1687.0,1687.0,404.8800048828125,0.0,-19.0,385.0,0.0,-2.0
379386.205,3604.0,-1687.0,1687.0,404.8800048828125,0.0,-19.0,385.0,0.0,-2.0
379397.205,3604.0,-1687.0,1687.0,404.8800048828125,0.0,-19.0,385.0,0.0,-2.0
379407.206,3604.0,-1687.0,1687.0,404.8800048828125,0.0,-19.0,385.0,0.0,-2.0
379418.211,3604.0,-1687.0,1687.0,404.8800048828125,0.0,-19.0,385.0,0.0,-2.0
379429.204,3604.0,-1687.0,1687.0,404.8800048828125,0.0,-19.0,385.0,0.0,-2.0
379439.205,3604.0,-1687.0,1687.0,404.8800048828125,0.0,-19.0,385.0,0.0,-2.0
379449.206,3604.0,-1687.0,1687.0,404.8800048828125,0.0,-19.0,385.0,0.0,-2.0
379460.158,3604.0,-1687.0,1687.0,404.8800048828125,0.0,-19.0,385.0,0.0,-2.0
379471.205,3604.0,-1687.0,1687.0,404.8800048828125,0.0,-19.0,385.0,0.0,-2.0
379481.205,3604.0,-1687.0,1687.0,404.8800048828125,0.0,-19.0,385.0,0.0,-2.0
379491.206,3604.0,-1687.0,1687.0,404.8800048828125,0.0,-19.0,385.0,0.0,-2.0
379502.2,3604.0,-1687.0,1687.0,404.8800048828125,0.0,-19.0,385.0,0.0,-2.0
379512.2,3604.0,-1687.0,1687.0,404.8800048828125,0.0,-19.0,385.0,0.0,-2.0
379522.201,3604.0,-1687.0,1687.0,404.8800048828125,0.0,-19.0,385.0,0.0,-2.0
379533.201,3604.0,-1687.0,1687.0,404.8800048828125,0.0,-19.0,385.0,0.0,-2.0
379544.204,3604.0,-1687.0,1687.0,404.8800048828125,0.0,-19.0,385.0,0.0,-2.0
379555.205,3604.0,-1687.0,1687.0,404.8800048828125,0.0,-19.0,385.0,0.0,-2.0
379565.205,3604.0,-1687.0,1687.0,404.8800048828125,0.0,-19.0,385.0,0.0,-2.0
379576.204,3604.0,-1687.0,1687.0,404.8800048828125,0.0,-19.0,385.0,0.0,-2.0
379587.2,3604.0,-1687.0,1687.0,404.8800048828125,0.0,-19.0,385.0,0.0,-2.0
379597.201,3604.0,-1687.0,1687.0,404.8800048828125,0.0,-19.0,385.0,0.0,-2.0
379608.104,3604.0,-1687.0,1687.0,404.8800048828125,0.0,-19.0,385.0,0.0,-2.0
379618.373,3604.0,-1687.0,1687.0,404.8800048828125,0.0,-19.0,385.0,0.0,-2.0
379629.2,3604.0,-1687.0,1687.0,404.8800048828125,0.0,-19.0,385.0,0.0,-2.0
379640.157,3604.0,-1687.0,1687.0,404.8800048828125,0.0,-19.0,385.0,0.0,-2.0
379650.157,3604.0,-1687.0,1687.0,404.8800048828125,0.0,-19.0,385.0,0.0,-2.0
379661.205,3604.0,-1687.0,1687.0,404.8800048828125,0.0,-19.0,385.0,0.0,-2.0
379672.201,3604.0,-1687.0,1687.0,404.8800048828125,0.0,-19.0,385.0,0.0,-2.0
379683.204,3604.0,-1687.0,1687.0,404.8800048828125,0.0,-19.0,385.0,0.0,-2.0
379693.204,3604.0,-1687.0,1687.0,404.8800048828125,0.0,-19.0,385.0,0.0,-2.0
379703.206,3604.0,-1687.0,1687.0,404.8800048828125,0.0,-19.0,385.0,0.0,-2.0
379714.204,3604.0,-1687.0,1687.0,404.8800048828125,0.0,-19.0,385.0,0.0,-2.0
379725.206,3604.0,-1687.0,1687.0,404.8800048828125,0.0,-19.0,385.0,0.0,-2.0
379736.201,3604.0,-1687.0,1687.0,404.8800048828125,0.0,-19.0,385.0,0.0,-2.0
379747.204,3604.0,-1687.0,1687.0,404.8800048828125,0.0,-19.0,385.0,0.0,-2.0
379757.205,3604.0,-1687.0,1687.0,404.8800048828125,0.0,-19.0,385.0,0.0,-2.0
379768.201,3604.0,-1687.0,1687.0,404.8800048828125,0.0,-19.0,385.0,0.0,-2.0
379779.204,3604.0,-1687.0,1687.0,404.8800048828125,0.0,-19.0,385.0,0.0,-2.0
379789.205,3604.0,-1687.0,1687.0,404.8800048828125,0.0,-19.0,385.0,0.0,-2.0
379799.206,3604.0,-1687.0,1687.0,404.8800048828125,0.0,-19.0,385.0,0.0,-2.0
379809.391,3604.0,-1687.0,1687.0,404.8800048828125,0.0,-19.0,385.0,0.0,-2.0
379819.391,3604.0,-1687.0,1687.0,404.8800048828125,0.0,-19.0,385.0,0.0,-2.0
379830.205,3604.0,-1687.0,1687.0,404.8800048828125,0.0,-19.0,385.0,0.0,-2.0
379841.212,3604.0,-1687.0,1687.0,404.8800048828125,0.0,-19.0,385.0,0.0,-2.0
379851.213,3604.0,-1687.0,1687.0,404.8800048828125,0.0,-19.0,385.0,0.0,-2.0
379862.201,3604.0,-1687.0,1687.0,404.8800048828125,0.0,-19.0,385.0,0.0,-2.0
379872.202,3604.0,-1687.0,1687.0,404.8800048828125,0.0,-19.0,385.0,0.0,-2.0
379883.205,3604.0,-1687.0,1687.0,404.8800048828125,0.0,-19.0,385.0,0.0,-2.0
379894.201,3604.0,-1687.0,1687.0,404.8800048828125,0.0,-19.0,385.0,0.0,-2.0
379904.202,3604.0,-1687.0,1687.0,404.8800048828125,0.0,-19.0,385.0,0.0,-2.0
379915.2,3604.0,-1687.0,1687.0,404.8800048828125,0.0,-19.0,385.0,0.0,-2.0
379926.204,3604.0,-1687.0,1687.0,404.8800048828125,0.0,-19.0,385.0,0.0,-2.0
379936.209,3604.0,-1687.0,1687.0,404.8800048828125,0.0,-19.0,385.0,0.0,-2.0
379947.205,3604.0,-1687.0,1687.0,404.8800048828125,0.0,-19.0,385.0,0.0,-2.0
379958.2,3604.0,-1687.0,1687.0,404.8800048828125,0.0,-19.0,385.0,0.0,-2.0
379968.2,3604.0,-1687.0,1687.0,404.8800048828125,0.0,-19.0,385.0,0.0,-2.0
379979.205,3604.0,-1687.0,1687.0,404.8800048828125,0.0,-19.0,385.0,0.0,-2.0
379989.302,3604.0,-1687.0,1687.0,404.8800048828125,0.0,-19.0,385.0,0.0,-2.0
379999.303,3604.0,-1687.0,1687.0,404.8800048828125,0.0,-19.0,385.0,0.0,-2.0
380009.307,3604.0,-1687.0,1687.0,404.8800048828125,0.0,-19.0,385.0,0.0,-2.0
380020.2,3604.0,-1687.0,1687.0,404.8800048828125,0.0,-19.0,385.0,0.0,-2.0
380031.204,3604.0,-1687.0,1687.0,404.8800048828125,0.0,-19.0,385.0,0.0,-2.0
380041.205,3604.0,-1687.0,1687.0,404.8800048828125,0.0,-19.0,385.0,0.0,-2.0
380052.201,3604.0,-1687.0,1687.0,404.8800048828125,0.0,-19.0,385.0,0.0,-2.0
380062.202,3604.0,-1687.0,1687.0,404.8800048828125,0.0,-19.0,385.0,0.0,-2.0
380072.203,3604.0,-1687.0,1687.0,404.8800048828125,0.0,-19.0,385.0,0.0,-2.0
380082.204,3604.0,-1687.0,1687.0,404.8800048828125,0.0,-19.0,385.0,0.0,-2.0
380092.205,3604.0,-1687.0,1687.0,404.8800048828125,0.0,-19.0,385.0,0.0,-2.0
380102.206,3604.0,-1687.0,1687.0,404.8800048828125,0.0,-19.0,385.0,0.0,-2.0
380112.206,3604.0,-1687.0,1687.0,404.8800048828125,0.0,-19.0,385.0,0.0,-2.0
380123.157,3604.0,-1687.0,1687.0,404.8800048828125,0.0,-19.0,385.0,0.0,-2.0
380134.201,3604.0,-1687.0,1687.0,404.8800048828125,0.0,-19.0,385.0,0.0,-2.0
380144.201,3604.0,-1687.0,1687.0,404.8800048828125,0.0,-19.0,385.0,0.0,-2.0
380155.201,3604.0,-1687.0,1687.0,404.8800048828125,0.0,-19.0,385.0,0.0,-2.0
380166.205,3604.0,-1687.0,1687.0,404.8800048828125,0.0,-19.0,385.0,0.0,-2.0
380176.205,3604.0,-1687.0,1687.0,404.8800048828125,0.0,-19.0,385.0,0.0,-2.0
380187.205,3604.0,-1687.0,1687.0,404.8800048828125,0.0,-19.0,385.0,0.0,-2.0
380198.201,3604.0,-1687.0,1687.0,404.8800048828125,0.0,-19.0,385.0,0.0,-2.0
380209.205,3604.0,-1687.0,1687.0,404.8800048828125,0.0,-19.0,385.0,0.0,-2.0
380220.205,3604.0,-1687.0,1687.0,404.8800048828125,0.0,-19.0,385.0,0.0,-2.0
380231.201,3604.0,-1687.0,1687.0,404.8800048828125,0.0,-19.0,385.0,0.0,-2.0
380241.202,3604.0,-1687.0,1687.0,404.8800048828125,0.0,-19.0,385.0,0.0,-2.0
380252.201,3604.0,-1687.0,1687.0,404.8800048828125,0.0,-19.0,385.0,0.0,-2.0
380262.202,3604.0,-1687.0,1687.0,404.8800048828125,0.0,-19.0,385.0,0.0,-2.0
380273.201,3604.0,-1687.0,1687.0,404.8800048828125,0.0,-19.0,385.0,0.0,-2.0
380283.201,3604.0,-1687.0,1687.0,404.8800048828125,0.0,-19.0,385.0,0.0,-2.0
380293.268,3604.0,-1687.0,1687.0,404.8800048828125,0.0,-19.0,385.0,0.0,-2.0
380303.269,3604.0,-1687.0,1687.0,404.8800048828125,0.0,-19.0,385.0,0.0,-2.0
380314.173,3604.0,-1687.0,1687.0,404.8800048828125,0.0,-19.0,385.0,0.0,-2.0
380325.2,3604.0,-1687.0,1687.0,404.8800048828125,0.0,-19.0,385.0,0.0,-2.0
380336.189,3604.0,-1687.0,1687.0,404.8800048828125,0.0,-19.0,385.0,0.0,-2.0
380346.19,3604.0,-1687.0,1687.0,404.8800048828125,0.0,-19.0,385.0,0.0,-2.0
380357.201,3604.0,-1687.0,1687.0,404.8800048828125,0.0,-19.0,385.0,0.0,-2.0
380368.205,3604.0,-1687.0,1687.0,404.8800048828125,0.0,-19.0,385.0,0.0,-2.0
380379.2,3604.0,-1687.0,1687.0,404.8800048828125,0.0,-19.0,385.0,0.0,-2.0
380389.201,3604.0,-1687.0,1687.0,404.8800048828125,0.0,-19.0,385.0,0.0,-2.0
380399.202,3604.0,-1687.0,1687.0,404.8800048828125,0.0,-19.0,385.0,0.0,-2.0
380409.203,3604.0,-1687.0,1687.0,404.8800048828125,0.0,-19.0,385.0,0.0,-2.0
380420.205,3604.0,-1687.0,1687.0,404.8800048828125,0.0,-19.0,385.0,0.0,-2.0
380431.201,3604.0,-1687.0,1687.0,404.8800048828125,0.0,-19.0,385.0,0.0,-2.0
380442.204,3604.0,-1687.0,1687.0,404.8800048828125,0.0,-19.0,385.0,0.0,-2.0
380453.201,3604.0,-1687.0,1687.0,404.8800048828125,0.0,-19.0,385.0,0.0,-2.0
380463.263,3604.0,-1687.0,1687.0,404.8800048828125,0.0,-19.0,385.0,0.0,-2.0
380473.263,3604.0,-1687.0,1687.0,404.8800048828125,0.0,-19.0,385.0,0.0,-2.0
380484.209,3604.0,-1687.0,1687.0,404.8800048828125,0.0,-19.0,385.0,0.0,-2.0
380496.177,3604.0,-1687.0,1687.0,404.8800048828125,0.0,-19.0,385.0,0.0,-2.0
380506.185,3604.0,-1687.0,1687.0,404.8800048828125,0.0,-19.0,385.0,0.0,-2.0
380516.185,3604.0,-1687.0,1687.0,404.8800048828125,0.0,-19.0,385.0,0.0,-2.0
380526.186,3604.0,-1687.0,1687.0,404.8800048828125,0.0,-19.0,385.0,0.0,-2.0
380536.186,3604.0,-1687.0,1687.0,404.8800048828125,0.0,-19.0,385.0,0.0,-2.0
380547.2,3604.0,-1687.0,1687.0,404.8800048828125,0.0,-19.0,385.0,0.0,-2.0
380558.204,3604.0,-1687.0,1687.0,404.8800048828125,0.0,-19.0,385.0,0.0,-2.0
380569.204,3604.0,-1687.0,1687.0,404.8800048828125,0.0,-19.0,385.0,0.0,-2.0
380579.205,3604.0,-1687.0,1687.0,404.8800048828125,0.0,-19.0,385.0,0.0,-2.0
380590.204,3604.0,-1687.0,1687.0,404.8800048828125,0.0,-19.0,385.0,0.0,-2.0
380601.205,3604.0,-1687.0,1687.0,404.8800048828125,0.0,-19.0,385.0,0.0,-2.0
380611.206,3604.0,-1687.0,1687.0,404.8800048828125,0.0,-19.0,385.0,0.0,-2.0
380622.204,3604.0,-1687.0,1687.0,404.8800048828125,0.0,-19.0,385.0,0.0,-2.0
380633.205,3604.0,-1687.0,1687.0,404.8800048828125,0.0,-19.0,385.0,0.0,-2.0
380644.201,3604.0,-1687.0,1687.0,404.8800048828125,0.0,-19.0,385.0,0.0,-2.0
380654.202,3604.0,-1687.0,1687.0,404.8800048828125,0.0,-19.0,385.0,0.0,-2.0
380665.208,3604.0,-1687.0,1687.0,404.8800048828125,0.0,-19.0,385.0,0.0,-2.0
380676.201,3604.0,-1687.0,1687.0,404.8800048828125,0.0,-19.0,385.0,0.0,-2.0
380686.869,3604.0,-1687.0,1687.0,404.8800048828125,0.0,-19.0,385.0,0.0,-2.0
380696.87,3604.0,-1687.0,1687.0,404.8800048828125,0.0,-19.0,385.0,0.0,-2.0
380706.871,3604.0,-1687.0,1687.0,404.8800048828125,0.0,-19.0,385.0,0.0,-2.0
380716.872,3604.0,-1687.0,1687.0,404.8800048828125,0.0,-19.0,385.0,0.0,-2.0
380727.216,3604.0,-1687.0,1687.0,404.8800048828125,0.0,-19.0,385.0,0.0,-2.0
380737.217,3604.0,-1687.0,1687.0,404.8800048828125,0.0,-19.0,385.0,0.0,-2.0
380747.218,3604.0,-1687.0,1687.0,404.8800048828125,0.0,-19.0,385.0,0.0,-2.0
380757.218,3604.0,-1687.0,1687.0,404.8800048828125,0.0,-19.0,385.0,0.0,-2.0
380768.2,3604.0,-1687.0,1687.0,404.8800048828125,0.0,-19.0,385.0,0.0,-2.0
380779.205,3604.0,-1687.0,1687.0,404.8800048828125,0.0,-19.0,385.0,0.0,-2.0
380789.206,3604.0,-1687.0,1687.0,404.8800048828125,0.0,-19.0,385.0,0.0,-2.0
380800.205,3604.0,-1687.0,1687.0,404.8800048828125,0.0,-19.0,385.0,0.0,-2.0
380810.786,3604.0,-1687.0,1687.0,404.8800048828125,0.0,-19.0,385.0,0.0,-2.0
380820.787,3604.0,-1687.0,1687.0,404.8800048828125,0.0,-19.0,385.0,0.0,-2.0
380830.788,3604.0,-1687.0,1687.0,404.8800048828125,0.0,-19.0,385.0,0.0,-2.0
380840.789,3604.0,-1687.0,1687.0,404.8800048828125,0.0,-19.0,385.0,0.0,-2.0
380850.789,3604.0,-1687.0,1687.0,404.8800048828125,0.0,-19.0,385.0,0.0,-2.0
380861.201,3604.0,-1687.0,1687.0,404.8800048828125,0.0,-19.0,385.0,0.0,-2.0
380872.205,3604.0,-1687.0,1687.0,404.8800048828125,0.0,-19.0,385.0,0.0,-2.0
380882.206,3604.0,-1687.0,1687.0,404.8800048828125,0.0,-19.0,385.0,0.0,-2.0
380892.207,3604.0,-1687.0,1687.0,404.8800048828125,0.0,-19.0,385.0,0.0,-2.0
380902.208,3604.0,-1687.0,1687.0,404.8800048828125,0.0,-19.0,385.0,0.0,-2.0
380912.209,3604.0,-1687.0,1687.0,404.8800048828125,0.0,-19.0,385.0,0.0,-2.0
380923.205,3604.0,-1687.0,1687.0,404.8800048828125,0.0,-19.0,385.0,0.0,-2.0
380934.209,3604.0,-1687.0,1687.0,404.8800048828125,0.0,-19.0,385.0,0.0,-2.0
380944.32,3604.0,-1687.0,1687.0,404.8800048828125,0.0,-19.0,385.0,0.0,-2.0
380955.204,3604.0,-1687.0,1687.0,404.8800048828125,0.0,-19.0,385.0,0.0,-2.0
380966.173,3604.0,-1687.0,1687.0,404.8800048828125,0.0,-19.0,385.0,0.0,-2.0
380977.173,3604.0,-1687.0,1687.0,404.8800048828125,0.0,-19.0,385.0,0.0,-2.0
380988.206,3604.0,-1687.0,1687.0,404.8800048828125,0.0,-19.0,385.0,0.0,-2.0
380998.207,3604.0,-1687.0,1687.0,404.8800048828125,0.0,-19.0,385.0,0.0,-2.0
381009.204,3604.0,-1687.0,1687.0,404.8800048828125,0.0,-19.0,385.0,0.0,-2.0
381019.204,3604.0,-1687.0,1687.0,404.8800048828125,0.0,-19.0,385.0,0.0,-2.0
381029.204,3604.0,-1687.0,1687.0,404.8800048828125,0.0,-19.0,385.0,0.0,-2.0
381039.205,3604.0,-1687.0,1687.0,404.8800048828125,0.0,-19.0,385.0,0.0,-2.0
381050.2,3604.0,-1687.0,1687.0,404.8800048828125,0.0,-19.0,385.0,0.0,-2.0
381060.201,3604.0,-1687.0,1687.0,404.8800048828125,0.0,-19.0,385.0,0.0,-2.0
381071.201,3604.0,-1687.0,1687.0,404.8800048828125,0.0,-19.0,385.0,0.0,-2.0
381082.204,3604.0,-1687.0,1687.0,404.8800048828125,0.0,-19.0,385.0,0.0,-2.0
381092.205,3604.0,-1687.0,1687.0,404.8800048828125,0.0,-19.0,385.0,0.0,-2.0
381102.302,3604.0,-1687.0,1687.0,404.8800048828125,0.0,-19.0,385.0,0.0,-2.0
381112.302,3604.0,-1687.0,1687.0,404.8800048828125,0.0,-19.0,385.0,0.0,-2.0
381123.201,3604.0,-1687.0,1687.0,404.8800048828125,0.0,-19.0,385.0,0.0,-2.0
381134.205,3604.0,-1687.0,1687.0,404.8800048828125,0.0,-19.0,385.0,0.0,-2.0
381145.204,3604.0,-1687.0,1687.0,404.8800048828125,0.0,-19.0,385.0,0.0,-2.0
381156.202,3604.0,-1687.0,1687.0,404.8800048828125,0.0,-19.0,385.0,0.0,-2.0
381167.204,3604.0,-1687.0,1687.0,404.8800048828125,0.0,-19.0,385.0,0.0,-2.0
381178.2,3604.0,-1687.0,1687.0,404.8800048828125,0.0,-19.0,385.0,0.0,-2.0
381189.205,3604.0,-1687.0,1687.0,404.8800048828125,0.0,-19.0,385.0,0.0,-2.0
381200.201,3604.0,-1687.0,1687.0,404.8800048828125,0.0,-19.0,385.0,0.0,-2.0
381211.205,3604.0,-1687.0,1687.0,404.8800048828125,0.0,-19.0,385.0,0.0,-2.0
381221.205,3604.0,-1687.0,1687.0,404.8800048828125,0.0,-19.0,385.0,0.0,-2.0
381232.205,3604.0,-1687.0,1687.0,404.8800048828125,0.0,-19.0,385.0,0.0,-2.0
381243.201,3604.0,-1687.0,1687.0,404.8800048828125,0.0,-19.0,385.0,0.0,-2.0
381253.201,3604.0,-1687.0,1687.0,404.8800048828125,0.0,-19.0,385.0,0.0,-2.0
381263.201,3604.0,-1687.0,1687.0,404.8800048828125,0.0,-19.0,385.0,0.0,-2.0
381274.205,3604.0,-1687.0,1687.0,404.8800048828125,0.0,-19.0,385.0,0.0,-2.0
381285.201,3604.0,-1687.0,1687.0,404.8800048828125,0.0,-19.0,385.0,0.0,-2.0
381296.204,3604.0,-1687.0,1687.0,404.8800048828125,0.0,-19.0,385.0,0.0,-2.0
381306.205,3604.0,-1687.0,1687.0,404.8800048828125,0.0,-19.0,385.0,0.0,-2.0
381316.207,3604.0,-1687.0,1687.0,404.8800048828125,0.0,-19.0,385.0,0.0,-2.0
381327.209,3604.0,-1687.0,1687.0,404.8800048828125,0.0,-19.0,385.0,0.0,-2.0
381337.859,3604.0,-1687.0,1687.0,404.8800048828125,0.0,-19.0,385.0,0.0,-2.0
381347.86,3604.0,-1687.0,1687.0,404.8800048828125,0.0,-19.0,385.0,0.0,-2.0
381357.861,3604.0,-1687.0,1687.0,404.8800048828125,0.0,-19.0,385.0,0.0,-2.0
381367.862,3604.0,-1687.0,1687.0,404.8800048828125,0.0,-19.0,385.0,0.0,-2.0
381378.205,3604.0,-1687.0,1687.0,404.8800048828125,0.0,-19.0,385.0,0.0,-2.0
381389.2,3604.0,-1687.0,1687.0,404.8800048828125,0.0,-19.0,385.0,0.0,-2.0
381399.2,3604.0,-1687.0,1687.0,404.8800048828125,0.0,-19.0,385.0,0.0,-2.0
381409.2,3604.0,-1687.0,1687.0,404.8800048828125,0.0,-19.0,385.0,0.0,-2.0
381420.205,3604.0,-1687.0,1687.0,404.8800048828125,0.0,-19.0,385.0,0.0,-2.0
381430.782,3604.0,-1687.0,1687.0,404.8800048828125,0.0,-19.0,385.0,0.0,-2.0
381440.783,3604.0,-1687.0,1687.0,404.8800048828125,0.0,-19.0,385.0,0.0,-2.0
381450.784,3604.0,-1687.0,1687.0,404.8800048828125,0.0,-19.0,385.0,0.0,-2.0
381460.784,3604.0,-1687.0,1687.0,404.8800048828125,0.0,-19.0,385.0,0.0,-2.0
381471.201,3604.0,-1687.0,1687.0,404.8800048828125,0.0,-19.0,385.0,0.0,-2.0
381481.201,3604.0,-1687.0,1687.0,404.8800048828125,0.0,-19.0,385.0,0.0,-2.0
381492.201,3604.0,-1687.0,1687.0,404.8800048828125,0.0,-19.0,385.0,0.0,-2.0
381503.205,3604.0,-1687.0,1687.0,404.8800048828125,0.0,-19.0,385.0,0.0,-2.0
381514.201,3604.0,-1687.0,1687.0,404.8800048828125,0.0,-19.0,385.0,0.0,-2.0
381525.204,3604.0,-1687.0,1687.0,404.8800048828125,0.0,-19.0,385.0,0.0,-2.0
381535.205,3604.0,-1687.0,1687.0,404.8800048828125,0.0,-19.0,385.0,0.0,-2.0
381546.201,3604.0,-1687.0,1687.0,404.8800048828125,0.0,-19.0,385.0,0.0,-2.0
381556.201,3604.0,-1687.0,1687.0,404.8800048828125,0.0,-19.0,385.0,0.0,-2.0
381566.202,3604.0,-1687.0,1687.0,404.8800048828125,0.0,-19.0,385.0,0.0,-2.0
381577.201,3604.0,-1687.0,1687.0,404.8800048828125,0.0,-19.0,385.0,0.0,-2.0
381588.205,3604.0,-1687.0,1687.0,404.8800048828125,0.0,-19.0,385.0,0.0,-2.0
381599.2,3604.0,-1687.0,1687.0,404.8800048828125,0.0,-19.0,385.0,0.0,-2.0
381610.205,3604.0,-1687.0,1687.0,404.8800048828125,0.0,-19.0,385.0,0.0,-2.0
381620.206,3604.0,-1687.0,1687.0,404.8800048828125,0.0,-19.0,385.0,0.0,-2.0
381630.206,3604.0,-1687.0,1687.0,404.8800048828125,0.0,-19.0,385.0,0.0,-2.0
381640.206,3604.0,-1687.0,1687.0,404.8800048828125,0.0,-19.0,385.0,0.0,-2.0
381650.207,3604.0,-1687.0,1687.0,404.8800048828125,0.0,-19.0,385.0,0.0,-2.0
381660.208,3604.0,-1687.0,1687.0,404.8800048828125,0.0,-19.0,385.0,0.0,-2.0
381671.201,3604.0,-1687.0,1687.0,404.8800048828125,0.0,-19.0,385.0,0.0,-2.0
381681.201,3604.0,-1687.0,1687.0,404.8800048828125,0.0,-19.0,385.0,0.0,-2.0
381692.2,3604.0,-1687.0,1687.0,404.8800048828125,0.0,-19.0,385.0,0.0,-2.0
381702.202,3604.0,-1687.0,1687.0,404.8800048828125,0.0,-19.0,385.0,0.0,-2.0
381713.209,3604.0,-1687.0,1687.0,404.8800048828125,0.0,-19.0,385.0,0.0,-2.0
381723.209,3604.0,-1687.0,1687.0,404.8800048828125,0.0,-19.0,385.0,0.0,-2.0
381734.2,3604.0,-1687.0,1687.0,404.8800048828125,0.0,-19.0,385.0,0.0,-2.0
381745.204,3604.0,-1687.0,1687.0,404.8800048828125,0.0,-19.0,385.0,0.0,-2.0
381756.201,3604.0,-1687.0,1687.0,404.8800048828125,0.0,-19.0,385.0,0.0,-2.0
381767.205,3604.0,-1687.0,1687.0,404.8800048828125,0.0,-19.0,385.0,0.0,-2.0
381777.206,3604.0,-1687.0,1687.0,404.8800048828125,0.0,-19.0,385.0,0.0,-2.0
381787.21,3604.0,-1687.0,1687.0,404.8800048828125,0.0,-19.0,385.0,0.0,-2.0
381797.211,3604.0,-1687.0,1687.0,404.8800048828125,0.0,-19.0,385.0,0.0,-2.0
381808.201,3604.0,-1687.0,1687.0,404.8800048828125,0.0,-19.0,385.0,0.0,-2.0
381819.204,3604.0,-1687.0,1687.0,404.8800048828125,0.0,-19.0,385.0,0.0,-2.0
381830.204,3604.0,-1687.0,1687.0,404.8800048828125,0.0,-19.0,385.0,0.0,-2.0
381841.2,3604.0,-1687.0,1687.0,404.8800048828125,0.0,-19.0,385.0,0.0,-2.0
381851.2,3604.0,-1687.0,1687.0,404.8800048828125,0.0,-19.0,385.0,0.0,-2.0
381862.201,3604.0,-1687.0,1687.0,404.8800048828125,0.0,-19.0,385.0,0.0,-2.0
381872.201,3604.0,-1687.0,1687.0,404.8800048828125,0.0,-19.0,385.0,0.0,-2.0
381883.201,3604.0,-1687.0,1687.0,404.8800048828125,0.0,-19.0,385.0,0.0,-2.0
381893.201,3604.0,-1687.0,1687.0,404.8800048828125,0.0,-19.0,385.0,0.0,-2.0
381903.202,3604.0,-1687.0,1687.0,404.8800048828125,0.0,-19.0,385.0,0.0,-2.0
381913.203,3604.0,-1687.0,1687.0,404.8800048828125,0.0,-19.0,385.0,0.0,-2.0
381923.742,3604.0,-1687.0,1687.0,404.8800048828125,0.0,-19.0,385.0,0.0,-2.0
381933.742,3604.0,-1687.0,1687.0,404.8800048828125,0.0,-19.0,385.0,0.0,-2.0
381943.743,3604.0,-1687.0,1687.0,404.8800048828125,0.0,-19.0,385.0,0.0,-2.0
381953.743,3604.0,-1687.0,1687.0,404.8800048828125,0.0,-19.0,385.0,0.0,-2.0
381964.2,3604.0,-1687.0,1687.0,404.8800048828125,0.0,-19.0,385.0,0.0,-2.0
381975.205,3604.0,-1687.0,1687.0,404.8800048828125,0.0,-19.0,385.0,0.0,-2.0
381985.206,3604.0,-1687.0,1687.0,404.8800048828125,0.0,-19.0,385.0,0.0,-2.0
381995.206,3604.0,-1687.0,1687.0,404.8800048828125,0.0,-19.0,385.0,0.0,-2.0
382005.207,3604.0,-1687.0,1687.0,404.8800048828125,0.0,-19.0,385.0,0.0,-2.0
382016.201,3604.0,-1687.0,1687.0,404.8800048828125,0.0,-19.0,385.0,0.0,-2.0
382026.754,3604.0,-1687.0,1687.0,404.8800048828125,0.0,-19.0,385.0,0.0,-2.0
382037.201,3604.0,-1687.0,1687.0,404.8800048828125,0.0,-19.0,385.0,0.0,-2.0
382047.202,3604.0,-1687.0,1687.0,404.8800048828125,0.0,-19.0,385.0,0.0,-2.0
382058.2,3604.0,-1687.0,1687.0,404.8800048828125,0.0,-19.0,385.0,0.0,-2.0
382068.378,3604.0,-1687.0,1687.0,404.8800048828125,0.0,-19.0,385.0,0.0,-2.0
382078.378,3604.0,-1687.0,1687.0,404.8800048828125,0.0,-19.0,385.0,0.0,-2.0
382089.204,3604.0,-1687.0,1687.0,404.8800048828125,0.0,-19.0,385.0,0.0,-2.0
382100.213,3604.0,-1687.0,1687.0,404.8800048828125,0.0,-19.0,385.0,0.0,-2.0
382111.204,3604.0,-1687.0,1687.0,404.8800048828125,0.0,-19.0,385.0,0.0,-2.0
382121.205,3604.0,-1687.0,1687.0,404.8800048828125,0.0,-19.0,385.0,0.0,-2.0
382132.201,3604.0,-1687.0,1687.0,404.8800048828125,0.0,-19.0,385.0,0.0,-2.0
382143.204,3604.0,-1687.0,1687.0,404.8800048828125,0.0,-19.0,385.0,0.0,-2.0
382154.201,3604.0,-1687.0,1687.0,404.8800048828125,0.0,-19.0,385.0,0.0,-2.0
382164.202,3604.0,-1687.0,1687.0,404.8800048828125,0.0,-19.0,385.0,0.0,-2.0
382175.204,3604.0,-1687.0,1687.0,404.8800048828125,0.0,-19.0,385.0,0.0,-2.0
382186.201,3604.0,-1687.0,1687.0,404.8800048828125,0.0,-19.0,385.0,0.0,-2.0
382197.209,3604.0,-1687.0,1687.0,404.8800048828125,0.0,-19.0,385.0,0.0,-2.0
382207.209,3604.0,-1687.0,1687.0,404.8800048828125,0.0,-19.0,385.0,0.0,-2.0
382218.206,3604.0,-1687.0,1687.0,404.8800048828125,0.0,-19.0,385.0,0.0,-2.0
382229.205,3604.0,-1687.0,1687.0,404.8800048828125,0.0,-19.0,385.0,0.0,-2.0
382240.201,3604.0,-1687.0,1687.0,404.8800048828125,0.0,-19.0,385.0,0.0,-2.0
382250.201,3604.0,-1687.0,1687.0,404.8800048828125,0.0,-19.0,385.0,0.0,-2.0
382261.201,3604.0,-1687.0,1687.0,404.8800048828125,0.0,-19.0,385.0,0.0,-2.0
382271.202,3604.0,-1687.0,1687.0,404.8800048828125,0.0,-19.0,385.0,0.0,-2.0
382282.204,3604.0,-1687.0,1687.0,404.8800048828125,0.0,-19.0,385.0,0.0,-2.0
382292.238,3604.0,-1687.0,1687.0,404.8800048828125,0.0,-19.0,385.0,0.0,-2.0
382302.239,3604.0,-1687.0,1687.0,404.8800048828125,0.0,-19.0,385.0,0.0,-2.0
382313.209,3604.0,-1687.0,1687.0,404.8800048828125,0.0,-19.0,385.0,0.0,-2.0
382323.209,3604.0,-1687.0,1687.0,404.8800048828125,0.0,-19.0,385.0,0.0,-2.0
382334.205,3604.0,-1687.0,1687.0,404.8800048828125,0.0,-19.0,385.0,0.0,-2.0
382345.205,3604.0,-1687.0,1687.0,404.8800048828125,0.0,-19.0,385.0,0.0,-2.0
382356.201,3604.0,-1687.0,1687.0,404.8800048828125,0.0,-19.0,385.0,0.0,-2.0
382366.202,3604.0,-1687.0,1687.0,404.8800048828125,0.0,-19.0,385.0,0.0,-2.0
382376.203,3604.0,-1687.0,1687.0,404.8800048828125,0.0,-19.0,385.0,0.0,-2.0
382387.205,3604.0,-1687.0,1687.0,404.8800048828125,0.0,-19.0,385.0,0.0,-2.0
382397.206,3604.0,-1687.0,1687.0,404.8800048828125,0.0,-19.0,385.0,0.0,-2.0
382408.201,3604.0,-1687.0,1687.0,404.8800048828125,0.0,-19.0,385.0,0.0,-2.0
382418.202,3604.0,-1687.0,1687.0,404.8800048828125,0.0,-19.0,385.0,0.0,-2.0
382428.204,3604.0,-1687.0,1687.0,404.8800048828125,0.0,-19.0,385.0,0.0,-2.0
382438.205,3604.0,-1687.0,1687.0,404.8800048828125,0.0,-19.0,385.0,0.0,-2.0
382449.173,3604.0,-1687.0,1687.0,404.8800048828125,0.0,-19.0,385.0,0.0,-2.0
382459.174,3604.0,-1687.0,1687.0,404.8800048828125,0.0,-19.0,385.0,0.0,-2.0
382470.206,3604.0,-1687.0,1687.0,404.8800048828125,0.0,-19.0,385.0,0.0,-2.0
382480.207,3604.0,-1687.0,1687.0,404.8800048828125,0.0,-19.0,385.0,0.0,-2.0
382490.208,3604.0,-1687.0,1687.0,404.8800048828125,0.0,-19.0,385.0,0.0,-2.0
382500.209,3604.0,-1687.0,1687.0,404.8800048828125,0.0,-19.0,385.0,0.0,-2.0
382510.21,3604.0,-1687.0,1687.0,404.8800048828125,0.0,-19.0,385.0,0.0,-2.0
382521.205,3604.0,-1687.0,1687.0,404.8800048828125,0.0,-19.0,385.0,0.0,-2.0
382532.201,3604.0,-1687.0,1687.0,404.8800048828125,0.0,-19.0,385.0,0.0,-2.0
382543.205,3604.0,-1687.0,1687.0,404.8800048828125,0.0,-19.0,385.0,0.0,-2.0
382554.208,3604.0,-1687.0,1687.0,404.8800048828125,0.0,-19.0,385.0,0.0,-2.0
382565.201,3604.0,-1687.0,1687.0,404.8800048828125,0.0,-19.0,385.0,0.0,-2.0
382576.03,3604.0,-1687.0,1687.0,404.8800048828125,0.0,-19.0,385.0,0.0,-2.0
382586.2,3604.0,-1687.0,1687.0,404.8800048828125,0.0,-19.0,385.0,0.0,-2.0
382596.908,3604.0,-1687.0,1687.0,404.8800048828125,0.0,-19.0,385.0,0.0,-2.0
382607.204,3604.0,-1687.0,1687.0,404.8800048828125,0.0,-19.0,385.0,0.0,-2.0
382617.204,3604.0,-1687.0,1687.0,404.8800048828125,0.0,-19.0,385.0,0.0,-2.0
382627.206,3604.0,-1687.0,1687.0,404.8800048828125,0.0,-19.0,385.0,0.0,-2.0
382638.204,3604.0,-1687.0,1687.0,404.8800048828125,0.0,-19.0,385.0,0.0,-2.0
382649.201,3604.0,-1687.0,1687.0,404.8800048828125,0.0,-19.0,385.0,0.0,-2.0
382660.205,3604.0,-1687.0,1687.0,404.8800048828125,0.0,-19.0,385.0,0.0,-2.0
382671.2,3604.0,-1687.0,1687.0,404.8800048828125,0.0,-19.0,385.0,0.0,-2.0
382681.2,3604.0,-1687.0,1687.0,404.8800048828125,0.0,-19.0,385.0,0.0,-2.0
382691.539,3604.0,-1687.0,1687.0,404.8800048828125,0.0,-19.0,385.0,0.0,-2.0
382702.201,3604.0,-1687.0,1687.0,404.8800048828125,0.0,-19.0,385.0,0.0,-2.0
382712.201,3604.0,-1687.0,1687.0,404.8800048828125,0.0,-19.0,385.0,0.0,-2.0
382722.202,3604.0,-1687.0,1687.0,404.8800048828125,0.0,-19.0,385.0,0.0,-2.0
382733.204,3604.0,-1687.0,1687.0,404.8800048828125,0.0,-19.0,385.0,0.0,-2.0
382744.278,3604.0,-1687.0,1687.0,404.8800048828125,0.0,-19.0,385.0,0.0,-2.0
382755.201,3604.0,-1687.0,1687.0,404.8800048828125,0.0,-19.0,385.0,0.0,-2.0
382765.285,3604.0,-1687.0,1687.0,404.8800048828125,0.0,-19.0,385.0,0.0,-2.0
382776.208,3604.0,-1687.0,1687.0,404.8800048828125,0.0,-19.0,385.0,0.0,-2.0
382786.209,3604.0,-1687.0,1687.0,404.8800048828125,0.0,-19.0,385.0,0.0,-2.0
382797.205,3604.0,-1687.0,1687.0,404.8800048828125,0.0,-19.0,385.0,0.0,-2.0
382808.173,3604.0,-1687.0,1687.0,404.8800048828125,0.0,-19.0,385.0,0.0,-2.0
382819.205,3604.0,-1687.0,1687.0,404.8800048828125,0.0,-19.0,385.0,0.0,-2.0
382830.204,3604.0,-1687.0,1687.0,404.8800048828125,0.0,-19.0,385.0,0.0,-2.0
382841.2,3604.0,-1687.0,1687.0,404.8800048828125,0.0,-19.0,385.0,0.0,-2.0
382852.204,3604.0,-1687.0,1687.0,404.8800048828125,0.0,-19.0,385.0,0.0,-2.0
382862.205,3604.0,-1687.0,1687.0,404.8800048828125,0.0,-19.0,385.0,0.0,-2.0
382873.2,3604.0,-1687.0,1687.0,404.8800048828125,0.0,-19.0,385.0,0.0,-2.0
382884.205,3604.0,-1687.0,1687.0,404.8800048828125,0.0,-19.0,385.0,0.0,-2.0
382895.205,3604.0,-1687.0,1687.0,404.8800048828125,0.0,-19.0,385.0,0.0,-2.0
382906.201,3604.0,-1687.0,1687.0,404.8800048828125,0.0,-19.0,385.0,0.0,-2.0
382916.202,3604.0,-1687.0,1687.0,404.8800048828125,0.0,-19.0,385.0,0.0,-2.0
382926.202,3604.0,-1687.0,1687.0,404.8800048828125,0.0,-19.0,385.0,0.0,-2.0
382937.204,3604.0,-1687.0,1687.0,404.8800048828125,0.0,-19.0,385.0,0.0,-2.0
382948.201,3604.0,-1687.0,1687.0,404.8800048828125,0.0,-19.0,385.0,0.0,-2.0
382959.204,3604.0,-1687.0,1687.0,404.8800048828125,0.0,-19.0,385.0,0.0,-2.0
382970.204,3604.0,-1687.0,1687.0,404.8800048828125,0.0,-19.0,385.0,0.0,-2.0
382980.204,3604.0,-1687.0,1687.0,404.8800048828125,0.0,-19.0,385.0,0.0,-2.0
382991.205,3604.0,-1687.0,1687.0,404.8800048828125,0.0,-19.0,385.0,0.0,-2.0
383001.206,3604.0,-1687.0,1687.0,404.8800048828125,0.0,-19.0,385.0,0.0,-2.0
383011.243,3604.0,-1687.0,1687.0,404.8800048828125,0.0,-19.0,385.0,0.0,-2.0
383021.243,3604.0,-1687.0,1687.0,404.8800048828125,0.0,-19.0,385.0,0.0,-2.0
383032.2,3604.0,-1687.0,1687.0,404.8800048828125,0.0,-19.0,385.0,0.0,-2.0
383042.201,3604.0,-1687.0,1687.0,404.8800048828125,0.0,-19.0,385.0,0.0,-2.0
383053.205,3604.0,-1687.0,1687.0,404.8800048828125,0.0,-19.0,385.0,0.0,-2.0
383064.2,3604.0,-1687.0,1687.0,404.8800048828125,0.0,-19.0,385.0,0.0,-2.0
383075.205,3604.0,-1687.0,1687.0,404.8800048828125,0.0,-19.0,385.0,0.0,-2.0
383086.2,3604.0,-1687.0,1687.0,404.8800048828125,0.0,-19.0,385.0,0.0,-2.0
383097.216,3604.0,-1687.0,1687.0,404.8800048828125,0.0,-19.0,385.0,0.0,-2.0
383108.204,3604.0,-1687.0,1687.0,404.8800048828125,0.0,-19.0,385.0,0.0,-2.0
383118.204,3604.0,-1687.0,1687.0,404.8800048828125,0.0,-19.0,385.0,0.0,-2.0
383128.204,3604.0,-1687.0,1687.0,404.8800048828125,0.0,-19.0,385.0,0.0,-2.0
383138.205,3604.0,-1687.0,1687.0,404.8800048828125,0.0,-19.0,385.0,0.0,-2.0
383149.2,3604.0,-1687.0,1687.0,404.8800048828125,0.0,-19.0,385.0,0.0,-2.0
383160.204,3604.0,-1687.0,1687.0,404.8800048828125,0.0,-19.0,385.0,0.0,-2.0
383171.205,3604.0,-1687.0,1687.0,404.8800048828125,0.0,-19.0,385.0,0.0,-2.0
383182.201,3604.0,-1687.0,1687.0,404.8800048828125,0.0,-19.0,385.0,0.0,-2.0
383193.205,3604.0,-1687.0,1687.0,404.8800048828125,0.0,-19.0,385.0,0.0,-2.0
383203.205,3604.0,-1687.0,1687.0,404.8800048828125,0.0,-19.0,385.0,0.0,-2.0
383213.206,3604.0,-1687.0,1687.0,404.8800048828125,0.0,-19.0,385.0,0.0,-2.0
383223.207,3604.0,-1687.0,1687.0,404.8800048828125,0.0,-19.0,385.0,0.0,-2.0
383233.208,3604.0,-1687.0,1687.0,404.8800048828125,0.0,-19.0,385.0,0.0,-2.0
383244.216,3604.0,-1687.0,1687.0,404.8800048828125,0.0,-19.0,385.0,0.0,-2.0
383255.204,3604.0,-1687.0,1687.0,404.8800048828125,0.0,-19.0,385.0,0.0,-2.0
383266.204,3604.0,-1687.0,1687.0,404.8800048828125,0.0,-19.0,385.0,0.0,-2.0
383277.201,3604.0,-1687.0,1687.0,404.8800048828125,0.0,-19.0,385.0,0.0,-2.0
383287.202,3604.0,-1687.0,1687.0,404.8800048828125,0.0,-19.0,385.0,0.0,-2.0
383297.202,3604.0,-1687.0,1687.0,404.8800048828125,0.0,-19.0,385.0,0.0,-2.0
383307.203,3604.0,-1687.0,1687.0,404.8800048828125,0.0,-19.0,385.0,0.0,-2.0
383318.204,3604.0,-1687.0,1687.0,404.8800048828125,0.0,-19.0,385.0,0.0,-2.0
383328.205,3604.0,-1687.0,1687.0,404.8800048828125,0.0,-19.0,385.0,0.0,-2.0
383338.336,3604.0,-1687.0,1687.0,404.8800048828125,0.0,-19.0,385.0,0.0,-2.0
383348.355,3604.0,-1687.0,1687.0,404.8800048828125,0.0,-19.0,385.0,0.0,-2.0
383358.356,3604.0,-1687.0,1687.0,404.8800048828125,0.0,-19.0,385.0,0.0,-2.0
383368.358,3604.0,-1687.0,1687.0,404.8800048828125,0.0,-19.0,385.0,0.0,-2.0
383379.201,3604.0,-1687.0,1687.0,404.8800048828125,0.0,-19.0,385.0,0.0,-2.0
383390.205,3604.0,-1687.0,1687.0,404.8800048828125,0.0,-19.0,385.0,0.0,-2.0
383400.205,3604.0,-1687.0,1687.0,404.8800048828125,0.0,-19.0,385.0,0.0,-2.0
383411.201,3604.0,-1687.0,1687.0,404.8800048828125,0.0,-19.0,385.0,0.0,-2.0
383421.201,3604.0,-1687.0,1687.0,404.8800048828125,0.0,-19.0,385.0,0.0,-2.0
383432.2,3604.0,-1687.0,1687.0,404.8800048828125,0.0,-19.0,385.0,0.0,-2.0
383443.205,3604.0,-1687.0,1687.0,404.8800048828125,0.0,-19.0,385.0,0.0,-2.0
383453.205,3604.0,-1687.0,1687.0,404.8800048828125,0.0,-19.0,385.0,0.0,-2.0
383463.205,3604.0,-1687.0,1687.0,404.8800048828125,0.0,-19.0,385.0,0.0,-2.0
383473.206,3604.0,-1687.0,1687.0,404.8800048828125,0.0,-19.0,385.0,0.0,-2.0
383483.222,3604.0,-1687.0,1687.0,404.8800048828125,0.0,-19.0,385.0,0.0,-2.0
383494.201,3604.0,-1687.0,1687.0,404.8800048828125,0.0,-19.0,385.0,0.0,-2.0
383505.157,3604.0,-1687.0,1687.0,404.8800048828125,0.0,-19.0,385.0,0.0,-2.0
383515.158,3604.0,-1687.0,1687.0,404.8800048828125,0.0,-19.0,385.0,0.0,-2.0
383525.159,3604.0,-1687.0,1687.0,404.8800048828125,0.0,-19.0,385.0,0.0,-2.0
383535.16,3604.0,-1687.0,1687.0,404.8800048828125,0.0,-19.0,385.0,0.0,-2.0
383546.209,3604.0,-1687.0,1687.0,404.8800048828125,0.0,-19.0,385.0,0.0,-2.0
383557.201,3604.0,-1687.0,1687.0,404.8800048828125,0.0,-19.0,385.0,0.0,-2.0
383568.204,3604.0,-1687.0,1687.0,404.8800048828125,0.0,-19.0,385.0,0.0,-2.0
383578.205,3604.0,-1687.0,1687.0,404.8800048828125,0.0,-19.0,385.0,0.0,-2.0
383588.206,3604.0,-1687.0,1687.0,404.8800048828125,0.0,-19.0,385.0,0.0,-2.0
383599.205,3604.0,-1687.0,1687.0,404.8800048828125,0.0,-19.0,385.0,0.0,-2.0
383610.2,3604.0,-1687.0,1687.0,404.8800048828125,0.0,-19.0,385.0,0.0,-2.0
383620.2,3604.0,-1687.0,1687.0,404.8800048828125,0.0,-19.0,385.0,0.0,-2.0
383631.209,3604.0,-1687.0,1687.0,404.8800048828125,0.0,-19.0,385.0,0.0,-2.0
383642.201,3604.0,-1687.0,1687.0,404.8800048828125,0.0,-19.0,385.0,0.0,-2.0
383652.202,3604.0,-1687.0,1687.0,404.8800048828125,0.0,-19.0,385.0,0.0,-2.0
383662.202,3604.0,-1687.0,1687.0,404.8800048828125,0.0,-19.0,385.0,0.0,-2.0
383673.204,3604.0,-1687.0,1687.0,404.8800048828125,0.0,-19.0,385.0,0.0,-2.0
383683.206,3604.0,-1687.0,1687.0,404.8800048828125,0.0,-19.0,385.0,0.0,-2.0
383693.207,3604.0,-1687.0,1687.0,404.8800048828125,0.0,-19.0,385.0,0.0,-2.0
383704.2,3604.0,-1687.0,1687.0,404.8800048828125,0.0,-19.0,385.0,0.0,-2.0
383715.205,3604.0,-1687.0,1687.0,404.8800048828125,0.0,-19.0,385.0,0.0,-2.0
383725.205,3604.0,-1687.0,1687.0,404.8800048828125,0.0,-19.0,385.0,0.0,-2.0
383736.205,3604.0,-1687.0,1687.0,404.8800048828125,0.0,-19.0,385.0,0.0,-2.0
383747.201,3604.0,-1687.0,1687.0,404.8800048828125,0.0,-19.0,385.0,0.0,-2.0
383757.201,3604.0,-1687.0,1687.0,404.8800048828125,0.0,-19.0,385.0,0.0,-2.0
383768.2,3604.0,-1687.0,1687.0,404.8800048828125,0.0,-19.0,385.0,0.0,-2.0
383778.201,3604.0,-1687.0,1687.0,404.8800048828125,0.0,-19.0,385.0,0.0,-2.0
383789.201,3604.0,-1687.0,1687.0,404.8800048828125,0.0,-19.0,385.0,0.0,-2.0
383800.204,3604.0,-1687.0,1687.0,404.8800048828125,0.0,-19.0,385.0,0.0,-2.0
383811.157,3604.0,-1687.0,1687.0,404.8800048828125,0.0,-19.0,385.0,0.0,-2.0
383822.2,3604.0,-1687.0,1687.0,404.8800048828125,0.0,-19.0,385.0,0.0,-2.0
383833.286,3604.0,-1687.0,1687.0,404.8800048828125,0.0,-19.0,385.0,0.0,-2.0
383844.201,3604.0,-1687.0,1687.0,404.8800048828125,0.0,-19.0,385.0,0.0,-2.0
383854.201,3604.0,-1687.0,1687.0,404.8800048828125,0.0,-19.0,385.0,0.0,-2.0
383865.201,3604.0,-1687.0,1687.0,404.8800048828125,0.0,-19.0,385.0,0.0,-2.0
383876.173,3604.0,-1687.0,1687.0,404.8800048828125,0.0,-19.0,385.0,0.0,-2.0
383886.173,3604.0,-1687.0,1687.0,404.8800048828125,0.0,-19.0,385.0,0.0,-2.0
383897.201,3604.0,-1687.0,1687.0,404.8800048828125,0.0,-19.0,385.0,0.0,-2.0
383907.202,3604.0,-1687.0,1687.0,404.8800048828125,0.0,-19.0,385.0,0.0,-2.0
383918.2,3604.0,-1687.0,1687.0,404.8800048828125,0.0,-19.0,385.0,0.0,-2.0
383929.204,3604.0,-1687.0,1687.0,404.8800048828125,0.0,-19.0,385.0,0.0,-2.0
383939.204,3604.0,-1687.0,1687.0,404.8800048828125,0.0,-19.0,385.0,0.0,-2.0
383949.204,3604.0,-1687.0,1687.0,404.8800048828125,0.0,-19.0,385.0,0.0,-2.0
383960.231,3604.0,-1687.0,1687.0,404.8800048828125,0.0,-19.0,385.0,0.0,-2.0
383970.231,3604.0,-1687.0,1687.0,404.8800048828125,0.0,-19.0,385.0,0.0,-2.0
383981.2,3604.0,-1687.0,1687.0,404.8800048828125,0.0,-19.0,385.0,0.0,-2.0
383992.205,3604.0,-1687.0,1687.0,404.8800048828125,0.0,-19.0,385.0,0.0,-2.0
384003.201,3604.0,-1687.0,1687.0,404.8800048828125,0.0,-19.0,385.0,0.0,-2.0
384014.201,3604.0,-1687.0,1687.0,404.8800048828125,0.0,-19.0,385.0,0.0,-2.0
384025.204,3604.0,-1687.0,1687.0,404.8800048828125,0.0,-19.0,385.0,0.0,-2.0
384035.205,3604.0,-1687.0,1687.0,404.8800048828125,0.0,-19.0,385.0,0.0,-2.0
384045.206,3604.0,-1687.0,1687.0,404.8800048828125,0.0,-19.0,385.0,0.0,-2.0
384056.298,3604.0,-1687.0,1687.0,404.8800048828125,0.0,-19.0,385.0,0.0,-2.0
384067.201,3604.0,-1687.0,1687.0,404.8800048828125,0.0,-19.0,385.0,0.0,-2.0
384078.158,3604.0,-1687.0,1687.0,404.8800048828125,0.0,-19.0,385.0,0.0,-2.0
384088.159,3604.0,-1687.0,1687.0,404.8800048828125,0.0,-19.0,385.0,0.0,-2.0
384099.213,3604.0,-1687.0,1687.0,404.8800048828125,0.0,-19.0,385.0,0.0,-2.0
384109.213,3604.0,-1687.0,1687.0,404.8800048828125,0.0,-19.0,385.0,0.0,-2.0
384120.215,3604.0,-1687.0,1687.0,404.8800048828125,0.0,-19.0,385.0,0.0,-2.0
384130.215,3604.0,-1687.0,1687.0,404.8800048828125,0.0,-19.0,385.0,0.0,-2.0
384141.204,3604.0,-1687.0,1687.0,404.8800048828125,0.0,-19.0,385.0,0.0,-2.0
384151.204,3604.0,-1687.0,1687.0,404.8800048828125,0.0,-19.0,385.0,0.0,-2.0
384161.205,3604.0,-1687.0,1687.0,404.8800048828125,0.0,-19.0,385.0,0.0,-2.0
384172.2,3604.0,-1687.0,1687.0,404.8800048828125,0.0,-19.0,385.0,0.0,-2.0
384182.2,3604.0,-1687.0,1687.0,404.8800048828125,0.0,-19.0,385.0,0.0,-2.0
384193.209,3604.0,-1687.0,1687.0,404.8800048828125,0.0,-19.0,385.0,0.0,-2.0
384204.201,3604.0,-1687.0,1687.0,404.8800048828125,0.0,-19.0,385.0,0.0,-2.0
384215.048,3604.0,-1687.0,1687.0,404.8800048828125,0.0,-19.0,385.0,0.0,-2.0
384226.161,3604.0,-1687.0,1687.0,404.8800048828125,0.0,-19.0,385.0,0.0,-2.0
384236.243,3604.0,-1687.0,1687.0,404.8800048828125,0.0,-19.0,385.0,0.0,-2.0
384246.244,3604.0,-1687.0,1687.0,404.8800048828125,0.0,-19.0,385.0,0.0,-2.0
384257.204,3604.0,-1687.0,1687.0,404.8800048828125,0.0,-19.0,385.0,0.0,-2.0
384268.201,3604.0,-1687.0,1687.0,404.8800048828125,0.0,-19.0,385.0,0.0,-2.0
384278.202,3604.0,-1687.0,1687.0,404.8800048828125,0.0,-19.0,385.0,0.0,-2.0
384289.201,3604.0,-1687.0,1687.0,404.8800048828125,0.0,-19.0,385.0,0.0,-2.0
384299.201,3604.0,-1687.0,1687.0,404.8800048828125,0.0,-19.0,385.0,0.0,-2.0
384310.201,3604.0,-1687.0,1687.0,404.8800048828125,0.0,-19.0,385.0,0.0,-2.0
384321.205,3604.0,-1687.0,1687.0,404.8800048828125,0.0,-19.0,385.0,0.0,-2.0
384331.206,3604.0,-1687.0,1687.0,404.8800048828125,0.0,-19.0,385.0,0.0,-2.0
384341.836,3604.0,-1687.0,1687.0,404.8800048828125,0.0,-19.0,385.0,0.0,-2.0
384352.201,3604.0,-1687.0,1687.0,404.8800048828125,0.0,-19.0,385.0,0.0,-2.0
384362.202,3604.0,-1687.0,1687.0,404.8800048828125,0.0,-19.0,385.0,0.0,-2.0
384373.201,3604.0,-1687.0,1687.0,404.8800048828125,0.0,-19.0,385.0,0.0,-2.0
384384.205,3604.0,-1687.0,1687.0,404.8800048828125,0.0,-19.0,385.0,0.0,-2.0
384395.201,3604.0,-1687.0,1687.0,404.8800048828125,0.0,-19.0,385.0,0.0,-2.0
384406.205,3604.0,-1687.0,1687.0,404.8800048828125,0.0,-19.0,385.0,0.0,-2.0
384417.209,3604.0,-1687.0,1687.0,404.8800048828125,0.0,-19.0,385.0,0.0,-2.0
384427.285,3604.0,-1687.0,1687.0,404.8800048828125,0.0,-19.0,385.0,0.0,-2.0
384437.286,3604.0,-1687.0,1687.0,404.8800048828125,0.0,-19.0,385.0,0.0,-2.0
384448.201,3604.0,-1687.0,1687.0,404.8800048828125,0.0,-19.0,385.0,0.0,-2.0
384459.204,3604.0,-1687.0,1687.0,404.8800048828125,0.0,-19.0,385.0,0.0,-2.0
384469.204,3604.0,-1687.0,1687.0,404.8800048828125,0.0,-19.0,385.0,0.0,-2.0
384480.201,3604.0,-1687.0,1687.0,404.8800048828125,0.0,-19.0,385.0,0.0,-2.0
384490.202,3604.0,-1687.0,1687.0,404.8800048828125,0.0,-19.0,385.0,0.0,-2.0
384501.2,3604.0,-1687.0,1687.0,404.8800048828125,0.0,-19.0,385.0,0.0,-2.0
384511.201,3604.0,-1687.0,1687.0,404.8800048828125,0.0,-19.0,385.0,0.0,-2.0
384521.777,3604.0,-1687.0,1687.0,404.8800048828125,0.0,-19.0,385.0,0.0,-2.0
384532.2,3604.0,-1687.0,1687.0,404.8800048828125,0.0,-19.0,385.0,0.0,-2.0
384543.219,3604.0,-1687.0,1687.0,404.8800048828125,0.0,-19.0,385.0,0.0,-2.0
384554.201,3604.0,-1687.0,1687.0,404.8800048828125,0.0,-19.0,385.0,0.0,-2.0
384565.205,3604.0,-1687.0,1687.0,404.8800048828125,0.0,-19.0,385.0,0.0,-2.0
384576.2,3604.0,-1687.0,1687.0,404.8800048828125,0.0,-19.0,385.0,0.0,-2.0
384586.84,3604.0,-1687.0,1687.0,404.8800048828125,0.0,-19.0,385.0,0.0,-2.0
384596.84,3604.0,-1687.0,1687.0,404.8800048828125,0.0,-19.0,385.0,0.0,-2.0
384606.84,3604.0,-1687.0,1687.0,404.8800048828125,0.0,-19.0,385.0,0.0,-2.0
384616.84,3604.0,-1687.0,1687.0,404.8800048828125,0.0,-19.0,385.0,0.0,-2.0
384627.2,3604.0,-1687.0,1687.0,404.8800048828125,0.0,-19.0,385.0,0.0,-2.0
384637.201,3604.0,-1687.0,1687.0,404.8800048828125,0.0,-19.0,385.0,0.0,-2.0
384648.2,3604.0,-1687.0,1687.0,404.8800048828125,0.0,-19.0,385.0,0.0,-2.0
384658.201,3604.0,-1687.0,1687.0,404.8800048828125,0.0,-19.0,385.0,0.0,-2.0
384669.205,3604.0,-1687.0,1687.0,404.8800048828125,0.0,-19.0,385.0,0.0,-2.0
384680.201,3604.0,-1687.0,1687.0,404.8800048828125,0.0,-19.0,385.0,0.0,-2.0
384691.205,3604.0,-1687.0,1687.0,404.8800048828125,0.0,-19.0,385.0,0.0,-2.0
384702.204,3604.0,-1687.0,1687.0,404.8800048828125,0.0,-19.0,385.0,0.0,-2.0
384713.201,3604.0,-1687.0,1687.0,404.8800048828125,0.0,-19.0,385.0,0.0,-2.0
384723.201,3604.0,-1687.0,1687.0,404.8800048828125,0.0,-19.0,385.0,0.0,-2.0
384734.201,3604.0,-1687.0,1687.0,404.8800048828125,0.0,-19.0,385.0,0.0,-2.0
384744.201,3604.0,-1687.0,1687.0,404.8800048828125,0.0,-19.0,385.0,0.0,-2.0
384754.202,3604.0,-1687.0,1687.0,404.8800048828125,0.0,-19.0,385.0,0.0,-2.0
384764.574,3604.0,-1687.0,1687.0,404.8800048828125,0.0,-19.0,385.0,0.0,-2.0
384774.574,3604.0,-1687.0,1687.0,404.8800048828125,0.0,-19.0,385.0,0.0,-2.0
384784.575,3604.0,-1687.0,1687.0,404.8800048828125,0.0,-19.0,385.0,0.0,-2.0
384795.201,3604.0,-1687.0,1687.0,404.8800048828125,0.0,-19.0,385.0,0.0,-2.0
384805.201,3604.0,-1687.0,1687.0,404.8800048828125,0.0,-19.0,385.0,0.0,-2.0
384816.2,3604.0,-1687.0,1687.0,404.8800048828125,0.0,-19.0,385.0,0.0,-2.0
384826.201,3604.0,-1687.0,1687.0,404.8800048828125,0.0,-19.0,385.0,0.0,-2.0
384837.205,3604.0,-1687.0,1687.0,404.8800048828125,0.0,-19.0,385.0,0.0,-2.0
384848.2,3604.0,-1687.0,1687.0,404.8800048828125,0.0,-19.0,385.0,0.0,-2.0
384859.204,3604.0,-1687.0,1687.0,404.8800048828125,0.0,-19.0,385.0,0.0,-2.0
384870.201,3604.0,-1687.0,1687.0,404.8800048828125,0.0,-19.0,385.0,0.0,-2.0
384881.205,3604.0,-1687.0,1687.0,404.8800048828125,0.0,-19.0,385.0,0.0,-2.0
384892.202,3604.0,-1687.0,1687.0,404.8800048828125,0.0,-19.0,385.0,0.0,-2.0
384902.202,3604.0,-1687.0,1687.0,404.8800048828125,0.0,-19.0,385.0,0.0,-2.0
384913.205,3604.0,-1687.0,1687.0,404.8800048828125,0.0,-19.0,385.0,0.0,-2.0
384924.201,3604.0,-1687.0,1687.0,404.8800048828125,0.0,-19.0,385.0,0.0,-2.0
384934.202,3604.0,-1687.0,1687.0,404.8800048828125,0.0,-19.0,385.0,0.0,-2.0
384944.202,3604.0,-1687.0,1687.0,404.8800048828125,0.0,-19.0,385.0,0.0,-2.0
384954.203,3604.0,-1687.0,1687.0,404.8800048828125,0.0,-19.0,385.0,0.0,-2.0
384964.204,3604.0,-1687.0,1687.0,404.8800048828125,0.0,-19.0,385.0,0.0,-2.0
384974.204,3604.0,-1687.0,1687.0,404.8800048828125,0.0,-19.0,385.0,0.0,-2.0
384985.201,3604.0,-1687.0,1687.0,404.8800048828125,0.0,-19.0,385.0,0.0,-2.0
384996.204,3604.0,-1687.0,1687.0,404.8800048828125,0.0,-19.0,385.0,0.0,-2.0
385006.205,3604.0,-1687.0,1687.0,404.8800048828125,0.0,-19.0,385.0,0.0,-2.0
385017.204,3604.0,-1687.0,1687.0,404.8800048828125,0.0,-19.0,385.0,0.0,-2.0
385028.2,3604.0,-1687.0,1687.0,404.8800048828125,0.0,-19.0,385.0,0.0,-2.0
385039.204,3604.0,-1687.0,1687.0,404.8800048828125,0.0,-19.0,385.0,0.0,-2.0
385049.204,3604.0,-1687.0,1687.0,404.8800048828125,0.0,-19.0,385.0,0.0,-2.0
385059.205,3604.0,-1687.0,1687.0,404.8800048828125,0.0,-19.0,385.0,0.0,-2.0
385069.206,3604.0,-1687.0,1687.0,404.8800048828125,0.0,-19.0,385.0,0.0,-2.0
385079.207,3604.0,-1687.0,1687.0,404.8800048828125,0.0,-19.0,385.0,0.0,-2.0
385089.755,3604.0,-1687.0,1687.0,404.8800048828125,0.0,-19.0,385.0,0.0,-2.0
385099.756,3604.0,-1687.0,1687.0,404.8800048828125,0.0,-19.0,385.0,0.0,-2.0
385110.205,3604.0,-1687.0,1687.0,404.8800048828125,0.0,-19.0,385.0,0.0,-2.0
385121.205,3604.0,-1687.0,1687.0,404.8800048828125,0.0,-19.0,385.0,0.0,-2.0
385131.206,3604.0,-1687.0,1687.0,404.8800048828125,0.0,-19.0,385.0,0.0,-2.0
385142.205,3604.0,-1687.0,1687.0,404.8800048828125,0.0,-19.0,385.0,0.0,-2.0
385153.205,3604.0,-1687.0,1687.0,404.8800048828125,0.0,-19.0,385.0,0.0,-2.0
385164.201,3604.0,-1687.0,1687.0,404.8800048828125,0.0,-19.0,385.0,0.0,-2.0
385175.205,3604.0,-1687.0,1687.0,404.8800048828125,0.0,-19.0,385.0,0.0,-2.0
385186.2,3604.0,-1687.0,1687.0,404.8800048828125,0.0,-19.0,385.0,0.0,-2.0
385197.205,3604.0,-1687.0,1687.0,404.8800048828125,0.0,-19.0,385.0,0.0,-2.0
385207.21,3604.0,-1687.0,1687.0,404.8800048828125,0.0,-19.0,385.0,0.0,-2.0
385217.211,3604.0,-1687.0,1687.0,404.8800048828125,0.0,-19.0,385.0,0.0,-2.0
385228.205,3604.0,-1687.0,1687.0,404.8800048828125,0.0,-19.0,385.0,0.0,-2.0
385239.201,3604.0,-1687.0,1687.0,404.8800048828125,0.0,-19.0,385.0,0.0,-2.0
385249.201,3604.0,-1687.0,1687.0,404.8800048828125,0.0,-19.0,385.0,0.0,-2.0
385259.202,3604.0,-1687.0,1687.0,404.8800048828125,0.0,-19.0,385.0,0.0,-2.0
385269.422,3604.0,-1687.0,1687.0,404.8800048828125,0.0,-19.0,385.0,0.0,-2.0
385280.2,3604.0,-1687.0,1687.0,404.8800048828125,0.0,-19.0,385.0,0.0,-2.0
385290.201,3604.0,-1687.0,1687.0,404.8800048828125,0.0,-19.0,385.0,0.0,-2.0
385301.205,3604.0,-1687.0,1687.0,404.8800048828125,0.0,-19.0,385.0,0.0,-2.0
385312.201,3604.0,-1687.0,1687.0,404.8800048828125,0.0,-19.0,385.0,0.0,-2.0
385323.205,3604.0,-1687.0,1687.0,404.8800048828125,0.0,-19.0,385.0,0.0,-2.0
385334.205,3604.0,-1687.0,1687.0,404.8800048828125,0.0,-19.0,385.0,0.0,-2.0
385345.201,3604.0,-1687.0,1687.0,404.8800048828125,0.0,-19.0,385.0,0.0,-2.0
385356.205,3604.0,-1687.0,1687.0,404.8800048828125,0.0,-19.0,385.0,0.0,-2.0
385367.201,3604.0,-1687.0,1687.0,404.8800048828125,0.0,-19.0,385.0,0.0,-2.0
385377.201,3604.0,-1687.0,1687.0,404.8800048828125,0.0,-19.0,385.0,0.0,-2.0
385388.201,3604.0,-1687.0,1687.0,404.8800048828125,0.0,-19.0,385.0,0.0,-2.0
385399.204,3604.0,-1687.0,1687.0,404.8800048828125,0.0,-19.0,385.0,0.0,-2.0
385409.205,3604.0,-1687.0,1687.0,404.8800048828125,0.0,-19.0,385.0,0.0,-2.0
385420.204,3604.0,-1687.0,1687.0,404.8800048828125,0.0,-19.0,385.0,0.0,-2.0
385431.2,3604.0,-1687.0,1687.0,404.8800048828125,0.0,-19.0,385.0,0.0,-2.0
385441.201,3604.0,-1687.0,1687.0,404.8800048828125,0.0,-19.0,385.0,0.0,-2.0
385451.202,3604.0,-1687.0,1687.0,404.8800048828125,0.0,-19.0,385.0,0.0,-2.0
385461.202,3604.0,-1687.0,1687.0,404.8800048828125,0.0,-19.0,385.0,0.0,-2.0
385471.203,3604.0,-1687.0,1687.0,404.8800048828125,0.0,-19.0,385.0,0.0,-2.0
385481.203,3604.0,-1687.0,1687.0,404.8800048828125,0.0,-19.0,385.0,0.0,-2.0
385492.201,3604.0,-1687.0,1687.0,404.8800048828125,0.0,-19.0,385.0,0.0,-2.0
385503.205,3604.0,-1687.0,1687.0,404.8800048828125,0.0,-19.0,385.0,0.0,-2.0
385514.204,3604.0,-1687.0,1687.0,404.8800048828125,0.0,-19.0,385.0,0.0,-2.0
385525.201,3604.0,-1687.0,1687.0,404.8800048828125,0.0,-19.0,385.0,0.0,-2.0
385535.201,3604.0,-1687.0,1687.0,404.8800048828125,0.0,-19.0,385.0,0.0,-2.0
385546.205,3604.0,-1687.0,1687.0,404.8800048828125,0.0,-19.0,385.0,0.0,-2.0
385557.2,3604.0,-1687.0,1687.0,404.8800048828125,0.0,-19.0,385.0,0.0,-2.0
385567.201,3604.0,-1687.0,1687.0,404.8800048828125,0.0,-19.0,385.0,0.0,-2.0
385578.201,3604.0,-1687.0,1687.0,404.8800048828125,0.0,-19.0,385.0,0.0,-2.0
385588.202,3604.0,-1687.0,1687.0,404.8800048828125,0.0,-19.0,385.0,0.0,-2.0
385598.203,3604.0,-1687.0,1687.0,404.8800048828125,0.0,-19.0,385.0,0.0,-2.0
385609.205,3604.0,-1687.0,1687.0,404.8800048828125,0.0,-19.0,385.0,0.0,-2.0
385620.2,3604.0,-1687.0,1687.0,404.8800048828125,0.0,-19.0,385.0,0.0,-2.0
385630.222,3604.0,-1687.0,1687.0,404.8800048828125,0.0,-19.0,385.0,0.0,-2.0
385640.222,3604.0,-1687.0,1687.0,404.8800048828125,0.0,-19.0,385.0,0.0,-2.0
385650.223,3604.0,-1687.0,1687.0,404.8800048828125,0.0,-19.0,385.0,0.0,-2.0
385661.204,3604.0,-1687.0,1687.0,404.8800048828125,0.0,-19.0,385.0,0.0,-2.0
385671.204,3604.0,-1687.0,1687.0,404.8800048828125,0.0,-19.0,385.0,0.0,-2.0
385682.205,3604.0,-1687.0,1687.0,404.8800048828125,0.0,-19.0,385.0,0.0,-2.0
385693.204,3604.0,-1687.0,1687.0,404.8800048828125,0.0,-19.0,385.0,0.0,-2.0
385704.201,3604.0,-1687.0,1687.0,404.8800048828125,0.0,-19.0,385.0,0.0,-2.0
385714.202,3604.0,-1687.0,1687.0,404.8800048828125,0.0,-19.0,385.0,0.0,-2.0
385725.201,3604.0,-1687.0,1687.0,404.8800048828125,0.0,-19.0,385.0,0.0,-2.0
385736.204,3604.0,-1687.0,1687.0,404.8800048828125,0.0,-19.0,385.0,0.0,-2.0
385746.206,3604.0,-1687.0,1687.0,404.8800048828125,0.0,-19.0,385.0,0.0,-2.0
385757.204,3604.0,-1687.0,1687.0,404.8800048828125,0.0,-19.0,385.0,0.0,-2.0
385768.201,3604.0,-1687.0,1687.0,404.8800048828125,0.0,-19.0,385.0,0.0,-2.0
385779.205,3604.0,-1687.0,1687.0,404.8800048828125,0.0,-19.0,385.0,0.0,-2.0
385789.206,3604.0,-1687.0,1687.0,404.8800048828125,0.0,-19.0,385.0,0.0,-2.0
385800.205,3604.0,-1687.0,1687.0,404.8800048828125,0.0,-19.0,385.0,0.0,-2.0
385811.209,3604.0,-1687.0,1687.0,404.8800048828125,0.0,-19.0,385.0,0.0,-2.0
385822.201,3604.0,-1687.0,1687.0,404.8800048828125,0.0,-19.0,385.0,0.0,-2.0
385833.209,3604.0,-1687.0,1687.0,404.8800048828125,0.0,-19.0,385.0,0.0,-2.0
385844.2,3604.0,-1687.0,1687.0,404.8800048828125,0.0,-19.0,385.0,0.0,-2.0
385855.205,3604.0,-1687.0,1687.0,404.8800048828125,0.0,-19.0,385.0,0.0,-2.0
385866.088,3604.0,-1687.0,1687.0,404.8800048828125,0.0,-19.0,385.0,0.0,-2.0
385876.739,3604.0,-1687.0,1687.0,404.8800048828125,0.0,-19.0,385.0,0.0,-2.0
385886.74,3604.0,-1687.0,1687.0,404.8800048828125,0.0,-19.0,385.0,0.0,-2.0
385896.74,3604.0,-1687.0,1687.0,404.8800048828125,0.0,-19.0,385.0,0.0,-2.0
385907.1,3604.0,-1687.0,1687.0,404.8800048828125,0.0,-19.0,385.0,0.0,-2.0
385918.201,3604.0,-1687.0,1687.0,404.8800048828125,0.0,-19.0,385.0,0.0,-2.0
385929.205,3604.0,-1687.0,1687.0,404.8800048828125,0.0,-19.0,385.0,0.0,-2.0
385939.206,3604.0,-1687.0,1687.0,404.8800048828125,0.0,-19.0,385.0,0.0,-2.0
385950.205,3604.0,-1687.0,1687.0,404.8800048828125,0.0,-19.0,385.0,0.0,-2.0
385961.201,3604.0,-1687.0,1687.0,404.8800048828125,0.0,-19.0,385.0,0.0,-2.0
385971.201,3604.0,-1687.0,1687.0,404.8800048828125,0.0,-19.0,385.0,0.0,-2.0
385982.209,3604.0,-1687.0,1687.0,404.8800048828125,0.0,-19.0,385.0,0.0,-2.0
385992.209,3604.0,-1687.0,1687.0,404.8800048828125,0.0,-19.0,385.0,0.0,-2.0
386002.21,3604.0,-1687.0,1687.0,404.8800048828125,0.0,-19.0,385.0,0.0,-2.0
386012.211,3604.0,-1687.0,1687.0,404.8800048828125,0.0,-19.0,385.0,0.0,-2.0
386023.538,3604.0,-1687.0,1687.0,404.8800048828125,0.0,-19.0,385.0,0.0,-2.0
386033.539,3604.0,-1687.0,1687.0,404.8800048828125,0.0,-19.0,385.0,0.0,-2.0
386044.204,3604.0,-1687.0,1687.0,404.8800048828125,0.0,-19.0,385.0,0.0,-2.0
386055.201,3604.0,-1687.0,1687.0,404.8800048828125,0.0,-19.0,385.0,0.0,-2.0
386065.202,3604.0,-1687.0,1687.0,404.8800048828125,0.0,-19.0,385.0,0.0,-2.0
386076.205,3604.0,-1687.0,1687.0,404.8800048828125,0.0,-19.0,385.0,0.0,-2.0
386087.201,3604.0,-1687.0,1687.0,404.8800048828125,0.0,-19.0,385.0,0.0,-2.0
386098.216,3604.0,-1687.0,1687.0,404.8800048828125,0.0,-19.0,385.0,0.0,-2.0
386109.201,3604.0,-1687.0,1687.0,404.8800048828125,0.0,-19.0,385.0,0.0,-2.0
386120.205,3604.0,-1687.0,1687.0,404.8800048828125,0.0,-19.0,385.0,0.0,-2.0
386131.201,3604.0,-1687.0,1687.0,404.8800048828125,0.0,-19.0,385.0,0.0,-2.0
386141.202,3604.0,-1687.0,1687.0,404.8800048828125,0.0,-19.0,385.0,0.0,-2.0
386152.2,3604.0,-1687.0,1687.0,404.8800048828125,0.0,-19.0,385.0,0.0,-2.0
386162.201,3604.0,-1687.0,1687.0,404.8800048828125,0.0,-19.0,385.0,0.0,-2.0
386172.202,3604.0,-1687.0,1687.0,404.8800048828125,0.0,-19.0,385.0,0.0,-2.0
386183.204,3604.0,-1687.0,1687.0,404.8800048828125,0.0,-19.0,385.0,0.0,-2.0
386194.205,3604.0,-1687.0,1687.0,404.8800048828125,0.0,-19.0,385.0,0.0,-2.0
386204.206,3604.0,-1687.0,1687.0,404.8800048828125,0.0,-19.0,385.0,0.0,-2.0
386214.206,3604.0,-1687.0,1687.0,404.8800048828125,0.0,-19.0,385.0,0.0,-2.0
386224.21,3604.0,-1687.0,1687.0,404.8800048828125,0.0,-19.0,385.0,0.0,-2.0
386234.21,3604.0,-1687.0,1687.0,404.8800048828125,0.0,-19.0,385.0,0.0,-2.0
386245.201,3604.0,-1687.0,1687.0,404.8800048828125,0.0,-19.0,385.0,0.0,-2.0
386256.205,3604.0,-1687.0,1687.0,404.8800048828125,0.0,-19.0,385.0,0.0,-2.0
386267.205,3604.0,-1687.0,1687.0,404.8800048828125,0.0,-19.0,385.0,0.0,-2.0
386277.206,3604.0,-1687.0,1687.0,404.8800048828125,0.0,-19.0,385.0,0.0,-2.0
386288.205,3604.0,-1687.0,1687.0,404.8800048828125,0.0,-19.0,385.0,0.0,-2.0
386299.2,3604.0,-1687.0,1687.0,404.8800048828125,0.0,-19.0,385.0,0.0,-2.0
386309.2,3604.0,-1687.0,1687.0,404.8800048828125,0.0,-19.0,385.0,0.0,-2.0
386319.201,3604.0,-1687.0,1687.0,404.8800048828125,0.0,-19.0,385.0,0.0,-2.0
386330.204,3604.0,-1687.0,1687.0,404.8800048828125,0.0,-19.0,385.0,0.0,-2.0
386341.201,3604.0,-1687.0,1687.0,404.8800048828125,0.0,-19.0,385.0,0.0,-2.0
386352.205,3604.0,-1687.0,1687.0,404.8800048828125,0.0,-19.0,385.0,0.0,-2.0
386362.206,3604.0,-1687.0,1687.0,404.8800048828125,0.0,-19.0,385.0,0.0,-2.0
386373.205,3604.0,-1687.0,1687.0,404.8800048828125,0.0,-19.0,385.0,0.0,-2.0
386383.205,3604.0,-1687.0,1687.0,404.8800048828125,0.0,-19.0,385.0,0.0,-2.0
386393.314,3604.0,-1687.0,1687.0,404.8800048828125,0.0,-19.0,385.0,0.0,-2.0
386403.934,3604.0,-1687.0,1687.0,404.8800048828125,0.0,-19.0,385.0,0.0,-2.0
386414.201,3604.0,-1687.0,1687.0,404.8800048828125,0.0,-19.0,385.0,0.0,-2.0
386425.173,3604.0,-1687.0,1687.0,404.8800048828125,0.0,-19.0,385.0,0.0,-2.0
386435.173,3604.0,-1687.0,1687.0,404.8800048828125,0.0,-19.0,385.0,0.0,-2.0
386445.173,3604.0,-1687.0,1687.0,404.8800048828125,0.0,-19.0,385.0,0.0,-2.0
386456.201,3604.0,-1687.0,1687.0,404.8800048828125,0.0,-19.0,385.0,0.0,-2.0
386467.205,3604.0,-1687.0,1687.0,404.8800048828125,0.0,-19.0,385.0,0.0,-2.0
386477.206,3604.0,-1687.0,1687.0,404.8800048828125,0.0,-19.0,385.0,0.0,-2.0
386487.206,3604.0,-1687.0,1687.0,404.8800048828125,0.0,-19.0,385.0,0.0,-2.0
386498.201,3604.0,-1687.0,1687.0,404.8800048828125,0.0,-19.0,385.0,0.0,-2.0
386509.204,3604.0,-1687.0,1687.0,404.8800048828125,0.0,-19.0,385.0,0.0,-2.0
386520.201,3604.0,-1687.0,1687.0,404.8800048828125,0.0,-19.0,385.0,0.0,-2.0
386530.201,3604.0,-1687.0,1687.0,404.8800048828125,0.0,-19.0,385.0,0.0,-2.0
386541.2,3604.0,-1687.0,1687.0,404.8800048828125,0.0,-19.0,385.0,0.0,-2.0
386551.201,3604.0,-1687.0,1687.0,404.8800048828125,0.0,-19.0,385.0,0.0,-2.0
386561.268,3604.0,-1687.0,1687.0,404.8800048828125,0.0,-19.0,385.0,0.0,-2.0
386571.269,3604.0,-1687.0,1687.0,404.8800048828125,0.0,-19.0,385.0,0.0,-2.0
386582.204,3604.0,-1687.0,1687.0,404.8800048828125,0.0,-19.0,385.0,0.0,-2.0
386592.205,3604.0,-1687.0,1687.0,404.8800048828125,0.0,-19.0,385.0,0.0,-2.0
386603.201,3604.0,-1687.0,1687.0,404.8800048828125,0.0,-19.0,385.0,0.0,-2.0
386613.201,3604.0,-1687.0,1687.0,404.8800048828125,0.0,-19.0,385.0,0.0,-2.0
386624.2,3604.0,-1687.0,1687.0,404.8800048828125,0.0,-19.0,385.0,0.0,-2.0
386634.201,3604.0,-1687.0,1687.0,404.8800048828125,0.0,-19.0,385.0,0.0,-2.0
386645.201,3604.0,-1687.0,1687.0,404.8800048828125,0.0,-19.0,385.0,0.0,-2.0
386655.201,3604.0,-1687.0,1687.0,404.8800048828125,0.0,-19.0,385.0,0.0,-2.0
386665.201,3604.0,-1687.0,1687.0,404.8800048828125,0.0,-19.0,385.0,0.0,-2.0
386676.201,3604.0,-1687.0,1687.0,404.8800048828125,0.0,-19.0,385.0,0.0,-2.0
386686.202,3604.0,-1687.0,1687.0,404.8800048828125,0.0,-19.0,385.0,0.0,-2.0
386696.202,3604.0,-1687.0,1687.0,404.8800048828125,0.0,-19.0,385.0,0.0,-2.0
386706.203,3604.0,-1687.0,1687.0,404.8800048828125,0.0,-19.0,385.0,0.0,-2.0
386716.204,3604.0,-1687.0,1687.0,404.8800048828125,0.0,-19.0,385.0,0.0,-2.0
386726.205,3604.0,-1687.0,1687.0,404.8800048828125,0.0,-19.0,385.0,0.0,-2.0
386736.206,3604.0,-1687.0,1687.0,404.8800048828125,0.0,-19.0,385.0,0.0,-2.0
386747.201,3604.0,-1687.0,1687.0,404.8800048828125,0.0,-19.0,385.0,0.0,-2.0
386757.202,3604.0,-1687.0,1687.0,404.8800048828125,0.0,-19.0,385.0,0.0,-2.0
386767.202,3604.0,-1687.0,1687.0,404.8800048828125,0.0,-19.0,385.0,0.0,-2.0
386778.204,3604.0,-1687.0,1687.0,404.8800048828125,0.0,-19.0,385.0,0.0,-2.0
386788.206,3604.0,-1687.0,1687.0,404.8800048828125,0.0,-19.0,385.0,0.0,-2.0
386799.205,3604.0,-1687.0,1687.0,404.8800048828125,0.0,-19.0,385.0,0.0,-2.0
386809.206,3604.0,-1687.0,1687.0,404.8800048828125,0.0,-19.0,385.0,0.0,-2.0
386819.433,3604.0,-1687.0,1687.0,404.8800048828125,0.0,-19.0,385.0,0.0,-2.0
386829.434,3604.0,-1687.0,1687.0,404.8800048828125,0.0,-19.0,385.0,0.0,-2.0
386840.2,3604.0,-1687.0,1687.0,404.8800048828125,0.0,-19.0,385.0,0.0,-2.0
386850.201,3604.0,-1687.0,1687.0,404.8800048828125,0.0,-19.0,385.0,0.0,-2.0
386861.201,3604.0,-1687.0,1687.0,404.8800048828125,0.0,-19.0,385.0,0.0,-2.0
386872.205,3604.0,-1687.0,1687.0,404.8800048828125,0.0,-19.0,385.0,0.0,-2.0
386883.205,3604.0,-1687.0,1687.0,404.8800048828125,0.0,-19.0,385.0,0.0,-2.0
386894.201,3604.0,-1687.0,1687.0,404.8800048828125,0.0,-19.0,385.0,0.0,-2.0
386905.205,3604.0,-1687.0,1687.0,404.8800048828125,0.0,-19.0,385.0,0.0,-2.0
386916.201,3604.0,-1687.0,1687.0,404.8800048828125,0.0,-19.0,385.0,0.0,-2.0
386926.202,3604.0,-1687.0,1687.0,404.8800048828125,0.0,-19.0,385.0,0.0,-2.0
386937.201,3604.0,-1687.0,1687.0,404.8800048828125,0.0,-19.0,385.0,0.0,-2.0
386947.202,3604.0,-1687.0,1687.0,404.8800048828125,0.0,-19.0,385.0,0.0,-2.0
386958.2,3604.0,-1687.0,1687.0,404.8800048828125,0.0,-19.0,385.0,0.0,-2.0
386969.205,3604.0,-1687.0,1687.0,404.8800048828125,0.0,-19.0,385.0,0.0,-2.0
386979.206,3604.0,-1687.0,1687.0,404.8800048828125,0.0,-19.0,385.0,0.0,-2.0
386990.208,3604.0,-1687.0,1687.0,404.8800048828125,0.0,-19.0,385.0,0.0,-2.0
387001.201,3604.0,-1687.0,1687.0,404.8800048828125,0.0,-19.0,385.0,0.0,-2.0
387011.202,3604.0,-1687.0,1687.0,404.8800048828125,0.0,-19.0,385.0,0.0,-2.0
387022.2,3604.0,-1687.0,1687.0,404.8800048828125,0.0,-19.0,385.0,0.0,-2.0
387033.204,3604.0,-1687.0,1687.0,404.8800048828125,0.0,-19.0,385.0,0.0,-2.0
387043.204,3604.0,-1687.0,1687.0,404.8800048828125,0.0,-19.0,385.0,0.0,-2.0
387053.204,3604.0,-1687.0,1687.0,404.8800048828125,0.0,-19.0,385.0,0.0,-2.0
387064.205,3604.0,-1687.0,1687.0,404.8800048828125,0.0,-19.0,385.0,0.0,-2.0
387074.206,3604.0,-1687.0,1687.0,404.8800048828125,0.0,-19.0,385.0,0.0,-2.0
387085.205,3604.0,-1687.0,1687.0,404.8800048828125,0.0,-19.0,385.0,0.0,-2.0
387096.212,3604.0,-1687.0,1687.0,404.8800048828125,0.0,-19.0,385.0,0.0,-2.0
387107.205,3604.0,-1687.0,1687.0,404.8800048828125,0.0,-19.0,385.0,0.0,-2.0
387117.206,3604.0,-1687.0,1687.0,404.8800048828125,0.0,-19.0,385.0,0.0,-2.0
387127.206,3604.0,-1687.0,1687.0,404.8800048828125,0.0,-19.0,385.0,0.0,-2.0
387138.201,3604.0,-1687.0,1687.0,404.8800048828125,0.0,-19.0,385.0,0.0,-2.0
387149.205,3604.0,-1687.0,1687.0,404.8800048828125,0.0,-19.0,385.0,0.0,-2.0
387159.206,3604.0,-1687.0,1687.0,404.8800048828125,0.0,-19.0,385.0,0.0,-2.0
387169.207,3604.0,-1687.0,1687.0,404.8800048828125,0.0,-19.0,385.0,0.0,-2.0
387179.207,3604.0,-1687.0,1687.0,404.8800048828125,0.0,-19.0,385.0,0.0,-2.0
387189.207,3604.0,-1687.0,1687.0,404.8800048828125,0.0,-19.0,385.0,0.0,-2.0
387200.205,3604.0,-1687.0,1687.0,404.8800048828125,0.0,-19.0,385.0,0.0,-2.0
387211.205,3604.0,-1687.0,1687.0,404.8800048828125,0.0,-19.0,385.0,0.0,-2.0
387222.2,3604.0,-1687.0,1687.0,404.8800048828125,0.0,-19.0,385.0,0.0,-2.0
387233.205,3604.0,-1687.0,1687.0,404.8800048828125,0.0,-19.0,385.0,0.0,-2.0
387243.206,3604.0,-1687.0,1687.0,404.8800048828125,0.0,-19.0,385.0,0.0,-2.0
387253.207,3604.0,-1687.0,1687.0,404.8800048828125,0.0,-19.0,385.0,0.0,-2.0
387263.207,3604.0,-1687.0,1687.0,404.8800048828125,0.0,-19.0,385.0,0.0,-2.0
387274.205,3604.0,-1687.0,1687.0,404.8800048828125,0.0,-19.0,385.0,0.0,-2.0
387284.206,3604.0,-1687.0,1687.0,404.8800048828125,0.0,-19.0,385.0,0.0,-2.0
387295.204,3604.0,-1687.0,1687.0,404.8800048828125,0.0,-19.0,385.0,0.0,-2.0
387306.201,3604.0,-1687.0,1687.0,404.8800048828125,0.0,-19.0,385.0,0.0,-2.0
387317.205,3604.0,-1687.0,1687.0,404.8800048828125,0.0,-19.0,385.0,0.0,-2.0
387328.205,3604.0,-1687.0,1687.0,404.8800048828125,0.0,-19.0,385.0,0.0,-2.0
387339.201,3604.0,-1687.0,1687.0,404.8800048828125,0.0,-19.0,385.0,0.0,-2.0
387349.9,3604.0,-1687.0,1687.0,404.8800048828125,0.0,-19.0,385.0,0.0,-2.0
387359.9,3604.0,-1687.0,1687.0,404.8800048828125,0.0,-19.0,385.0,0.0,-2.0
387369.901,3604.0,-1687.0,1687.0,404.8800048828125,0.0,-19.0,385.0,0.0,-2.0
387380.2,3604.0,-1687.0,1687.0,404.8800048828125,0.0,-19.0,385.0,0.0,-2.0
387390.201,3604.0,-1687.0,1687.0,404.8800048828125,0.0,-19.0,385.0,0.0,-2.0
387401.2,3604.0,-1687.0,1687.0,404.8800048828125,0.0,-19.0,385.0,0.0,-2.0
387411.2,3604.0,-1687.0,1687.0,404.8800048828125,0.0,-19.0,385.0,0.0,-2.0
387421.201,3604.0,-1687.0,1687.0,404.8800048828125,0.0,-19.0,385.0,0.0,-2.0
387432.201,3604.0,-1687.0,1687.0,404.8800048828125,0.0,-19.0,385.0,0.0,-2.0
387443.219,3604.0,-1687.0,1687.0,404.8800048828125,0.0,-19.0,385.0,0.0,-2.0
387453.219,3604.0,-1687.0,1687.0,404.8800048828125,0.0,-19.0,385.0,0.0,-2.0
387463.22,3604.0,-1687.0,1687.0,404.8800048828125,0.0,-19.0,385.0,0.0,-2.0
387473.22,3604.0,-1687.0,1687.0,404.8800048828125,0.0,-19.0,385.0,0.0,-2.0
387483.22,3604.0,-1687.0,1687.0,404.8800048828125,0.0,-19.0,385.0,0.0,-2.0
387493.22,3604.0,-1687.0,1687.0,404.8800048828125,0.0,-19.0,385.0,0.0,-2.0
387504.204,3604.0,-1687.0,1687.0,404.8800048828125,0.0,-19.0,385.0,0.0,-2.0
387514.205,3604.0,-1687.0,1687.0,404.8800048828125,0.0,-19.0,385.0,0.0,-2.0
387524.206,3604.0,-1687.0,1687.0,404.8800048828125,0.0,-19.0,385.0,0.0,-2.0
387535.204,3604.0,-1687.0,1687.0,404.8800048828125,0.0,-19.0,385.0,0.0,-2.0
387546.2,3604.0,-1687.0,1687.0,404.8800048828125,0.0,-19.0,385.0,0.0,-2.0
387557.205,3604.0,-1687.0,1687.0,404.8800048828125,0.0,-19.0,385.0,0.0,-2.0
387567.206,3604.0,-1687.0,1687.0,404.8800048828125,0.0,-19.0,385.0,0.0,-2.0
387577.207,3604.0,-1687.0,1687.0,404.8800048828125,0.0,-19.0,385.0,0.0,-2.0
387588.204,3604.0,-1687.0,1687.0,404.8800048828125,0.0,-19.0,385.0,0.0,-2.0
387598.301,3604.0,-1687.0,1687.0,404.8800048828125,0.0,-19.0,385.0,0.0,-2.0
387608.302,3604.0,-1687.0,1687.0,404.8800048828125,0.0,-19.0,385.0,0.0,-2.0
387618.303,3604.0,-1687.0,1687.0,404.8800048828125,0.0,-19.0,385.0,0.0,-2.0
387628.664,3604.0,-1687.0,1687.0,404.8800048828125,0.0,-19.0,385.0,0.0,-2.0
387638.664,3604.0,-1687.0,1687.0,404.8800048828125,0.0,-19.0,385.0,0.0,-2.0
387648.665,3604.0,-1687.0,1687.0,404.8800048828125,0.0,-19.0,385.0,0.0,-2.0
387659.201,3604.0,-1687.0,1687.0,404.8800048828125,0.0,-19.0,385.0,0.0,-2.0
387670.205,3604.0,-1687.0,1687.0,404.8800048828125,0.0,-19.0,385.0,0.0,-2.0
387681.201,3604.0,-1687.0,1687.0,404.8800048828125,0.0,-19.0,385.0,0.0,-2.0
387692.204,3604.0,-1687.0,1687.0,404.8800048828125,0.0,-19.0,385.0,0.0,-2.0
387702.205,3604.0,-1687.0,1687.0,404.8800048828125,0.0,-19.0,385.0,0.0,-2.0
387712.205,3604.0,-1687.0,1687.0,404.8800048828125,0.0,-19.0,385.0,0.0,-2.0
387722.206,3604.0,-1687.0,1687.0,404.8800048828125,0.0,-19.0,385.0,0.0,-2.0
387733.205,3604.0,-1687.0,1687.0,404.8800048828125,0.0,-19.0,385.0,0.0,-2.0
387744.2,3604.0,-1687.0,1687.0,404.8800048828125,0.0,-19.0,385.0,0.0,-2.0
387754.2,3604.0,-1687.0,1687.0,404.8800048828125,0.0,-19.0,385.0,0.0,-2.0
387764.201,3604.0,-1687.0,1687.0,404.8800048828125,0.0,-19.0,385.0,0.0,-2.0
387775.208,3604.0,-1687.0,1687.0,404.8800048828125,0.0,-19.0,385.0,0.0,-2.0
387785.782,3604.0,-1687.0,1687.0,404.8800048828125,0.0,-19.0,385.0,0.0,-2.0
387795.782,3604.0,-1687.0,1687.0,404.8800048828125,0.0,-19.0,385.0,0.0,-2.0
387806.201,3604.0,-1687.0,1687.0,404.8800048828125,0.0,-19.0,385.0,0.0,-2.0
387817.205,3604.0,-1687.0,1687.0,404.8800048828125,0.0,-19.0,385.0,0.0,-2.0
387827.206,3604.0,-1687.0,1687.0,404.8800048828125,0.0,-19.0,385.0,0.0,-2.0
387837.207,3604.0,-1687.0,1687.0,404.8800048828125,0.0,-19.0,385.0,0.0,-2.0
387847.208,3604.0,-1687.0,1687.0,404.8800048828125,0.0,-19.0,385.0,0.0,-2.0
387858.201,3604.0,-1687.0,1687.0,404.8800048828125,0.0,-19.0,385.0,0.0,-2.0
387869.205,3604.0,-1687.0,1687.0,404.8800048828125,0.0,-19.0,385.0,0.0,-2.0
387880.204,3604.0,-1687.0,1687.0,404.8800048828125,0.0,-19.0,385.0,0.0,-2.0
387891.201,3604.0,-1687.0,1687.0,404.8800048828125,0.0,-19.0,385.0,0.0,-2.0
387902.296,3604.0,-1687.0,1687.0,404.8800048828125,0.0,-19.0,385.0,0.0,-2.0
387913.201,3604.0,-1687.0,1687.0,404.8800048828125,0.0,-19.0,385.0,0.0,-2.0
387923.201,3604.0,-1687.0,1687.0,404.8800048828125,0.0,-19.0,385.0,0.0,-2.0
387934.205,3604.0,-1687.0,1687.0,404.8800048828125,0.0,-19.0,385.0,0.0,-2.0
387945.2,3604.0,-1687.0,1687.0,404.8800048828125,0.0,-19.0,385.0,0.0,-2.0
387956.205,3604.0,-1687.0,1687.0,404.8800048828125,0.0,-19.0,385.0,0.0,-2.0
387967.204,3604.0,-1687.0,1687.0,404.8800048828125,0.0,-19.0,385.0,0.0,-2.0
387979.177,3604.0,-1687.0,1687.0,404.8800048828125,0.0,-19.0,385.0,0.0,-2.0
387990.2,3604.0,-1687.0,1687.0,404.8800048828125,0.0,-19.0,385.0,0.0,-2.0
388001.204,3604.0,-1687.0,1687.0,404.8800048828125,0.0,-19.0,385.0,0.0,-2.0
388011.205,3604.0,-1687.0,1687.0,404.8800048828125,0.0,-19.0,385.0,0.0,-2.0
388021.206,3604.0,-1687.0,1687.0,404.8800048828125,0.0,-19.0,385.0,0.0,-2.0
388031.207,3604.0,-1687.0,1687.0,404.8800048828125,0.0,-19.0,385.0,0.0,-2.0
388041.208,3604.0,-1687.0,1687.0,404.8800048828125,0.0,-19.0,385.0,0.0,-2.0
388051.208,3604.0,-1687.0,1687.0,404.8800048828125,0.0,-19.0,385.0,0.0,-2.0
388061.211,3604.0,-1687.0,1687.0,404.8800048828125,0.0,-19.0,385.0,0.0,-2.0
388072.205,3604.0,-1687.0,1687.0,404.8800048828125,0.0,-19.0,385.0,0.0,-2.0
388083.2,3604.0,-1687.0,1687.0,404.8800048828125,0.0,-19.0,385.0,0.0,-2.0
388094.367,3604.0,-1687.0,1687.0,404.8800048828125,0.0,-19.0,385.0,0.0,-2.0
388105.201,3604.0,-1687.0,1687.0,404.8800048828125,0.0,-19.0,385.0,0.0,-2.0
388116.205,3604.0,-1687.0,1687.0,404.8800048828125,0.0,-19.0,385.0,0.0,-2.0
388126.206,3604.0,-1687.0,1687.0,404.8800048828125,0.0,-19.0,385.0,0.0,-2.0
388136.206,3604.0,-1687.0,1687.0,404.8800048828125,0.0,-19.0,385.0,0.0,-2.0
388146.206,3604.0,-1687.0,1687.0,404.8800048828125,0.0,-19.0,385.0,0.0,-2.0
388156.207,3604.0,-1687.0,1687.0,404.8800048828125,0.0,-19.0,385.0,0.0,-2.0
388167.173,3604.0,-1687.0,1687.0,404.8800048828125,0.0,-19.0,385.0,0.0,-2.0
388177.174,3604.0,-1687.0,1687.0,404.8800048828125,0.0,-19.0,385.0,0.0,-2.0
388187.175,3604.0,-1687.0,1687.0,404.8800048828125,0.0,-19.0,385.0,0.0,-2.0
388198.205,3604.0,-1687.0,1687.0,404.8800048828125,0.0,-19.0,385.0,0.0,-2.0
388209.205,3604.0,-1687.0,1687.0,404.8800048828125,0.0,-19.0,385.0,0.0,-2.0
388220.201,3604.0,-1687.0,1687.0,404.8800048828125,0.0,-19.0,385.0,0.0,-2.0
388231.209,3604.0,-1687.0,1687.0,404.8800048828125,0.0,-19.0,385.0,0.0,-2.0
388241.209,3604.0,-1687.0,1687.0,404.8800048828125,0.0,-19.0,385.0,0.0,-2.0
388252.205,3604.0,-1687.0,1687.0,404.8800048828125,0.0,-19.0,385.0,0.0,-2.0
388263.201,3604.0,-1687.0,1687.0,404.8800048828125,0.0,-19.0,385.0,0.0,-2.0
388274.205,3604.0,-1687.0,1687.0,404.8800048828125,0.0,-19.0,385.0,0.0,-2.0
388284.206,3604.0,-1687.0,1687.0,404.8800048828125,0.0,-19.0,385.0,0.0,-2.0
388295.201,3604.0,-1687.0,1687.0,404.8800048828125,0.0,-19.0,385.0,0.0,-2.0
388306.205,3604.0,-1687.0,1687.0,404.8800048828125,0.0,-19.0,385.0,0.0,-2.0
388316.205,3604.0,-1687.0,1687.0,404.8800048828125,0.0,-19.0,385.0,0.0,-2.0
388327.204,3604.0,-1687.0,1687.0,404.8800048828125,0.0,-19.0,385.0,0.0,-2.0
388337.971,3604.0,-1687.0,1687.0,404.8800048828125,0.0,-19.0,385.0,0.0,-2.0
388348.205,3604.0,-1687.0,1687.0,404.8800048828125,0.0,-19.0,385.0,0.0,-2.0
388358.206,3604.0,-1687.0,1687.0,404.8800048828125,0.0,-19.0,385.0,0.0,-2.0
388368.207,3604.0,-1687.0,1687.0,404.8800048828125,0.0,-19.0,385.0,0.0,-2.0
388379.204,3604.0,-1687.0,1687.0,404.8800048828125,0.0,-19.0,385.0,0.0,-2.0
388389.205,3604.0,-1687.0,1687.0,404.8800048828125,0.0,-19.0,385.0,0.0,-2.0
388400.2,3604.0,-1687.0,1687.0,404.8800048828125,0.0,-19.0,385.0,0.0,-2.0
388411.205,3604.0,-1687.0,1687.0,404.8800048828125,0.0,-19.0,385.0,0.0,-2.0
388421.205,3604.0,-1687.0,1687.0,404.8800048828125,0.0,-19.0,385.0,0.0,-2.0
388431.205,3604.0,-1687.0,1687.0,404.8800048828125,0.0,-19.0,385.0,0.0,-2.0
388442.205,3604.0,-1687.0,1687.0,404.8800048828125,0.0,-19.0,385.0,0.0,-2.0
388452.206,3604.0,-1687.0,1687.0,404.8800048828125,0.0,-19.0,385.0,0.0,-2.0
388463.286,3604.0,-1687.0,1687.0,404.8800048828125,0.0,-19.0,385.0,0.0,-2.0
388474.201,3604.0,-1687.0,1687.0,404.8800048828125,0.0,-19.0,385.0,0.0,-2.0
388485.205,3604.0,-1687.0,1687.0,404.8800048828125,0.0,-19.0,385.0,0.0,-2.0
388495.206,3604.0,-1687.0,1687.0,404.8800048828125,0.0,-19.0,385.0,0.0,-2.0
388505.206,3604.0,-1687.0,1687.0,404.8800048828125,0.0,-19.0,385.0,0.0,-2.0
388515.698,3604.0,-1687.0,1687.0,404.8800048828125,0.0,-19.0,385.0,0.0,-2.0
388526.201,3604.0,-1687.0,1687.0,404.8800048828125,0.0,-19.0,385.0,0.0,-2.0
388536.202,3604.0,-1687.0,1687.0,404.8800048828125,0.0,-19.0,385.0,0.0,-2.0
388547.205,3604.0,-1687.0,1687.0,404.8800048828125,0.0,-19.0,385.0,0.0,-2.0
388558.201,3604.0,-1687.0,1687.0,404.8800048828125,0.0,-19.0,385.0,0.0,-2.0
388568.202,3604.0,-1687.0,1687.0,404.8800048828125,0.0,-19.0,385.0,0.0,-2.0
388578.202,3604.0,-1687.0,1687.0,404.8800048828125,0.0,-19.0,385.0,0.0,-2.0
388589.205,3604.0,-1687.0,1687.0,404.8800048828125,0.0,-19.0,385.0,0.0,-2.0
388599.206,3604.0,-1687.0,1687.0,404.8800048828125,0.0,-19.0,385.0,0.0,-2.0
388609.207,3604.0,-1687.0,1687.0,404.8800048828125,0.0,-19.0,385.0,0.0,-2.0
388620.205,3604.0,-1687.0,1687.0,404.8800048828125,0.0,-19.0,385.0,0.0,-2.0
388631.223,3604.0,-1687.0,1687.0,404.8800048828125,0.0,-19.0,385.0,0.0,-2.0
388642.201,3604.0,-1687.0,1687.0,404.8800048828125,0.0,-19.0,385.0,0.0,-2.0
388652.201,3604.0,-1687.0,1687.0,404.8800048828125,0.0,-19.0,385.0,0.0,-2.0
388662.201,3604.0,-1687.0,1687.0,404.8800048828125,0.0,-19.0,385.0,0.0,-2.0
388672.201,3604.0,-1687.0,1687.0,404.8800048828125,0.0,-19.0,385.0,0.0,-2.0
388682.202,3604.0,-1687.0,1687.0,404.8800048828125,0.0,-19.0,385.0,0.0,-2.0
388693.205,3604.0,-1687.0,1687.0,404.8800048828125,0.0,-19.0,385.0,0.0,-2.0
388704.2,3604.0,-1687.0,1687.0,404.8800048828125,0.0,-19.0,385.0,0.0,-2.0
388714.201,3604.0,-1687.0,1687.0,404.8800048828125,0.0,-19.0,385.0,0.0,-2.0
388725.201,3604.0,-1687.0,1687.0,404.8800048828125,0.0,-19.0,385.0,0.0,-2.0
388736.204,3604.0,-1687.0,1687.0,404.8800048828125,0.0,-19.0,385.0,0.0,-2.0
388746.205,3604.0,-1687.0,1687.0,404.8800048828125,0.0,-19.0,385.0,0.0,-2.0
388757.205,3604.0,-1687.0,1687.0,404.8800048828125,0.0,-19.0,385.0,0.0,-2.0
388768.201,3604.0,-1687.0,1687.0,404.8800048828125,0.0,-19.0,385.0,0.0,-2.0
388779.205,3604.0,-1687.0,1687.0,404.8800048828125,0.0,-19.0,385.0,0.0,-2.0
388789.205,3604.0,-1687.0,1687.0,404.8800048828125,0.0,-19.0,385.0,0.0,-2.0
388799.206,3604.0,-1687.0,1687.0,404.8800048828125,0.0,-19.0,385.0,0.0,-2.0
388809.207,3604.0,-1687.0,1687.0,404.8800048828125,0.0,-19.0,385.0,0.0,-2.0
388819.208,3604.0,-1687.0,1687.0,404.8800048828125,0.0,-19.0,385.0,0.0,-2.0
388829.209,3604.0,-1687.0,1687.0,404.8800048828125,0.0,-19.0,385.0,0.0,-2.0
388840.2,3604.0,-1687.0,1687.0,404.8800048828125,0.0,-19.0,385.0,0.0,-2.0
388850.2,3604.0,-1687.0,1687.0,404.8800048828125,0.0,-19.0,385.0,0.0,-2.0
388861.2,3604.0,-1687.0,1687.0,404.8800048828125,0.0,-19.0,385.0,0.0,-2.0
388872.209,3604.0,-1687.0,1687.0,404.8800048828125,0.0,-19.0,385.0,0.0,-2.0
388882.209,3604.0,-1687.0,1687.0,404.8800048828125,0.0,-19.0,385.0,0.0,-2.0
388892.21,3604.0,-1687.0,1687.0,404.8800048828125,0.0,-19.0,385.0,0.0,-2.0
388902.21,3604.0,-1687.0,1687.0,404.8800048828125,0.0,-19.0,385.0,0.0,-2.0
388912.211,3604.0,-1687.0,1687.0,404.8800048828125,0.0,-19.0,385.0,0.0,-2.0
388922.212,3604.0,-1687.0,1687.0,404.8800048828125,0.0,-19.0,385.0,0.0,-2.0
388932.213,3604.0,-1687.0,1687.0,404.8800048828125,0.0,-19.0,385.0,0.0,-2.0
388943.204,3604.0,-1687.0,1687.0,404.8800048828125,0.0,-19.0,385.0,0.0,-2.0
388953.205,3604.0,-1687.0,1687.0,404.8800048828125,0.0,-19.0,385.0,0.0,-2.0
388964.201,3604.0,-1687.0,1687.0,404.8800048828125,0.0,-19.0,385.0,0.0,-2.0
388975.205,3604.0,-1687.0,1687.0,404.8800048828125,0.0,-19.0,385.0,0.0,-2.0
388985.205,3604.0,-1687.0,1687.0,404.8800048828125,0.0,-19.0,385.0,0.0,-2.0
388995.206,3604.0,-1687.0,1687.0,404.8800048828125,0.0,-19.0,385.0,0.0,-2.0
389006.201,3604.0,-1687.0,1687.0,404.8800048828125,0.0,-19.0,385.0,0.0,-2.0
389017.205,3604.0,-1687.0,1687.0,404.8800048828125,0.0,-19.0,385.0,0.0,-2.0
389027.206,3604.0,-1687.0,1687.0,404.8800048828125,0.0,-19.0,385.0,0.0,-2.0
389037.206,3604.0,-1687.0,1687.0,404.8800048828125,0.0,-19.0,385.0,0.0,-2.0
389048.205,3604.0,-1687.0,1687.0,404.8800048828125,0.0,-19.0,385.0,0.0,-2.0
389059.205,3604.0,-1687.0,1687.0,404.8800048828125,0.0,-19.0,385.0,0.0,-2.0
389070.201,3604.0,-1687.0,1687.0,404.8800048828125,0.0,-19.0,385.0,0.0,-2.0
389080.201,3604.0,-1687.0,1687.0,404.8800048828125,0.0,-19.0,385.0,0.0,-2.0
389090.201,3604.0,-1687.0,1687.0,404.8800048828125,0.0,-19.0,385.0,0.0,-2.0
389100.202,3604.0,-1687.0,1687.0,404.8800048828125,0.0,-19.0,385.0,0.0,-2.0
389111.173,3604.0,-1687.0,1687.0,404.8800048828125,0.0,-19.0,385.0,0.0,-2.0
389121.174,3604.0,-1687.0,1687.0,404.8800048828125,0.0,-19.0,385.0,0.0,-2.0
389131.175,3604.0,-1687.0,1687.0,404.8800048828125,0.0,-19.0,385.0,0.0,-2.0
389141.176,3604.0,-1687.0,1687.0,404.8800048828125,0.0,-19.0,385.0,0.0,-2.0
389152.204,3604.0,-1687.0,1687.0,404.8800048828125,0.0,-19.0,385.0,0.0,-2.0
389163.201,3604.0,-1687.0,1687.0,404.8800048828125,0.0,-19.0,385.0,0.0,-2.0
389174.204,3604.0,-1687.0,1687.0,404.8800048828125,0.0,-19.0,385.0,0.0,-2.0
389184.204,3604.0,-1687.0,1687.0,404.8800048828125,0.0,-19.0,385.0,0.0,-2.0
389195.216,3604.0,-1687.0,1687.0,404.8800048828125,0.0,-19.0,385.0,0.0,-2.0
389205.216,3604.0,-1687.0,1687.0,404.8800048828125,0.0,-19.0,385.0,0.0,-2.0
389216.204,3604.0,-1687.0,1687.0,404.8800048828125,0.0,-19.0,385.0,0.0,-2.0
389227.2,3604.0,-1687.0,1687.0,404.8800048828125,0.0,-19.0,385.0,0.0,-2.0
389238.205,3604.0,-1687.0,1687.0,404.8800048828125,0.0,-19.0,385.0,0.0,-2.0
389249.201,3604.0,-1687.0,1687.0,404.8800048828125,0.0,-19.0,385.0,0.0,-2.0
389259.202,3604.0,-1687.0,1687.0,404.8800048828125,0.0,-19.0,385.0,0.0,-2.0
389269.202,3604.0,-1687.0,1687.0,404.8800048828125,0.0,-19.0,385.0,0.0,-2.0
389280.201,3604.0,-1687.0,1687.0,404.8800048828125,0.0,-19.0,385.0,0.0,-2.0
389290.314,3604.0,-1687.0,1687.0,404.8800048828125,0.0,-19.0,385.0,0.0,-2.0
389300.315,3604.0,-1687.0,1687.0,404.8800048828125,0.0,-19.0,385.0,0.0,-2.0
389311.201,3604.0,-1687.0,1687.0,404.8800048828125,0.0,-19.0,385.0,0.0,-2.0
389322.205,3604.0,-1687.0,1687.0,404.8800048828125,0.0,-19.0,385.0,0.0,-2.0
389332.494,3604.0,-1687.0,1687.0,404.8800048828125,0.0,-19.0,385.0,0.0,-2.0
389343.205,3604.0,-1687.0,1687.0,404.8800048828125,0.0,-19.0,385.0,0.0,-2.0
389354.2,3604.0,-1687.0,1687.0,404.8800048828125,0.0,-19.0,385.0,0.0,-2.0
389365.204,3604.0,-1687.0,1687.0,404.8800048828125,0.0,-19.0,385.0,0.0,-2.0
389376.201,3604.0,-1687.0,1687.0,404.8800048828125,0.0,-19.0,385.0,0.0,-2.0
389386.202,3604.0,-1687.0,1687.0,404.8800048828125,0.0,-19.0,385.0,0.0,-2.0
389397.201,3604.0,-1687.0,1687.0,404.8800048828125,0.0,-19.0,385.0,0.0,-2.0
389407.26,3604.0,-1687.0,1687.0,404.8800048828125,0.0,-19.0,385.0,0.0,-2.0
389417.261,3604.0,-1687.0,1687.0,404.8800048828125,0.0,-19.0,385.0,0.0,-2.0
389428.2,3604.0,-1687.0,1687.0,404.8800048828125,0.0,-19.0,385.0,0.0,-2.0
389438.201,3604.0,-1687.0,1687.0,404.8800048828125,0.0,-19.0,385.0,0.0,-2.0
389448.202,3604.0,-1687.0,1687.0,404.8800048828125,0.0,-19.0,385.0,0.0,-2.0
389459.204,3604.0,-1687.0,1687.0,404.8800048828125,0.0,-19.0,385.0,0.0,-2.0
389470.204,3604.0,-1687.0,1687.0,404.8800048828125,0.0,-19.0,385.0,0.0,-2.0
389481.201,3604.0,-1687.0,1687.0,404.8800048828125,0.0,-19.0,385.0,0.0,-2.0
389491.202,3604.0,-1687.0,1687.0,404.8800048828125,0.0,-19.0,385.0,0.0,-2.0
389501.203,3604.0,-1687.0,1687.0,404.8800048828125,0.0,-19.0,385.0,0.0,-2.0
389512.2,3604.0,-1687.0,1687.0,404.8800048828125,0.0,-19.0,385.0,0.0,-2.0
389523.205,3604.0,-1687.0,1687.0,404.8800048828125,0.0,-19.0,385.0,0.0,-2.0
389533.206,3604.0,-1687.0,1687.0,404.8800048828125,0.0,-19.0,385.0,0.0,-2.0
389543.207,3604.0,-1687.0,1687.0,404.8800048828125,0.0,-19.0,385.0,0.0,-2.0
389554.205,3604.0,-1687.0,1687.0,404.8800048828125,0.0,-19.0,385.0,0.0,-2.0
389564.205,3604.0,-1687.0,1687.0,404.8800048828125,0.0,-19.0,385.0,0.0,-2.0
389575.201,3604.0,-1687.0,1687.0,404.8800048828125,0.0,-19.0,385.0,0.0,-2.0
389585.202,3604.0,-1687.0,1687.0,404.8800048828125,0.0,-19.0,385.0,0.0,-2.0
389595.203,3604.0,-1687.0,1687.0,404.8800048828125,0.0,-19.0,385.0,0.0,-2.0
389605.203,3604.0,-1687.0,1687.0,404.8800048828125,0.0,-19.0,385.0,0.0,-2.0
389616.201,3604.0,-1687.0,1687.0,404.8800048828125,0.0,-19.0,385.0,0.0,-2.0
389627.205,3604.0,-1687.0,1687.0,404.8800048828125,0.0,-19.0,385.0,0.0,-2.0
389637.205,3604.0,-1687.0,1687.0,404.8800048828125,0.0,-19.0,385.0,0.0,-2.0
389648.2,3604.0,-1687.0,1687.0,404.8800048828125,0.0,-19.0,385.0,0.0,-2.0
389659.204,3604.0,-1687.0,1687.0,404.8800048828125,0.0,-19.0,385.0,0.0,-2.0
389670.201,3604.0,-1687.0,1687.0,404.8800048828125,0.0,-19.0,385.0,0.0,-2.0
389681.204,3604.0,-1687.0,1687.0,404.8800048828125,0.0,-19.0,385.0,0.0,-2.0
389691.205,3604.0,-1687.0,1687.0,404.8800048828125,0.0,-19.0,385.0,0.0,-2.0
389701.206,3604.0,-1687.0,1687.0,404.8800048828125,0.0,-19.0,385.0,0.0,-2.0
389711.207,3604.0,-1687.0,1687.0,404.8800048828125,0.0,-19.0,385.0,0.0,-2.0
389722.201,3604.0,-1687.0,1687.0,404.8800048828125,0.0,-19.0,385.0,0.0,-2.0
389732.202,3604.0,-1687.0,1687.0,404.8800048828125,0.0,-19.0,385.0,0.0,-2.0
389742.202,3604.0,-1687.0,1687.0,404.8800048828125,0.0,-19.0,385.0,0.0,-2.0
389752.203,3604.0,-1687.0,1687.0,404.8800048828125,0.0,-19.0,385.0,0.0,-2.0
389762.204,3604.0,-1687.0,1687.0,404.8800048828125,0.0,-19.0,385.0,0.0,-2.0
389772.205,3604.0,-1687.0,1687.0,404.8800048828125,0.0,-19.0,385.0,0.0,-2.0
389783.202,3604.0,-1687.0,1687.0,404.8800048828125,0.0,-19.0,385.0,0.0,-2.0
389793.202,3604.0,-1687.0,1687.0,404.8800048828125,0.0,-19.0,385.0,0.0,-2.0
389804.204,3604.0,-1687.0,1687.0,404.8800048828125,0.0,-19.0,385.0,0.0,-2.0
389814.205,3604.0,-1687.0,1687.0,404.8800048828125,0.0,-19.0,385.0,0.0,-2.0
389825.204,3604.0,-1687.0,1687.0,404.8800048828125,0.0,-19.0,385.0,0.0,-2.0
389836.202,3604.0,-1687.0,1687.0,404.8800048828125,0.0,-19.0,385.0,0.0,-2.0
389846.202,3604.0,-1687.0,1687.0,404.8800048828125,0.0,-19.0,385.0,0.0,-2.0
389857.204,3604.0,-1687.0,1687.0,404.8800048828125,0.0,-19.0,385.0,0.0,-2.0
389867.205,3604.0,-1687.0,1687.0,404.8800048828125,0.0,-19.0,385.0,0.0,-2.0
389878.205,3604.0,-1687.0,1687.0,404.8800048828125,0.0,-19.0,385.0,0.0,-2.0
389889.201,3604.0,-1687.0,1687.0,404.8800048828125,0.0,-19.0,385.0,0.0,-2.0
389899.996,3604.0,-1687.0,1687.0,404.8800048828125,0.0,-19.0,385.0,0.0,-2.0
389910.215,3604.0,-1687.0,1687.0,404.8800048828125,0.0,-19.0,385.0,0.0,-2.0
389920.215,3604.0,-1687.0,1687.0,404.8800048828125,0.0,-19.0,385.0,0.0,-2.0
389931.204,3604.0,-1687.0,1687.0,404.8800048828125,0.0,-19.0,385.0,0.0,-2.0
389941.205,3604.0,-1687.0,1687.0,404.8800048828125,0.0,-19.0,385.0,0.0,-2.0
389952.205,3604.0,-1687.0,1687.0,404.8800048828125,0.0,-19.0,385.0,0.0,-2.0
389963.205,3604.0,-1687.0,1687.0,404.8800048828125,0.0,-19.0,385.0,0.0,-2.0
389973.206,3604.0,-1687.0,1687.0,404.8800048828125,0.0,-19.0,385.0,0.0,-2.0
389984.204,3604.0,-1687.0,1687.0,404.8800048828125,0.0,-19.0,385.0,0.0,-2.0
389994.205,3604.0,-1687.0,1687.0,404.8800048828125,0.0,-19.0,385.0,0.0,-2.0
390004.206,3604.0,-1687.0,1687.0,404.8800048828125,0.0,-19.0,385.0,0.0,-2.0
390015.205,3604.0,-1687.0,1687.0,404.8800048828125,0.0,-19.0,385.0,0.0,-2.0
390026.201,3604.0,-1687.0,1687.0,404.8800048828125,0.0,-19.0,385.0,0.0,-2.0
390036.201,3604.0,-1687.0,1687.0,404.8800048828125,0.0,-19.0,385.0,0.0,-2.0
390047.208,3604.0,-1687.0,1687.0,404.8800048828125,0.0,-19.0,385.0,0.0,-2.0
390057.226,3604.0,-1687.0,1687.0,404.8800048828125,0.0,-19.0,385.0,0.0,-2.0
390067.227,3604.0,-1687.0,1687.0,404.8800048828125,0.0,-19.0,385.0,0.0,-2.0
390078.157,3604.0,-1687.0,1687.0,404.8800048828125,0.0,-19.0,385.0,0.0,-2.0
390088.158,3604.0,-1687.0,1687.0,404.8800048828125,0.0,-19.0,385.0,0.0,-2.0
390098.159,3604.0,-1687.0,1687.0,404.8800048828125,0.0,-19.0,385.0,0.0,-2.0
390109.201,3604.0,-1687.0,1687.0,404.8800048828125,0.0,-19.0,385.0,0.0,-2.0
390120.205,3604.0,-1687.0,1687.0,404.8800048828125,0.0,-19.0,385.0,0.0,-2.0
390131.201,3604.0,-1687.0,1687.0,404.8800048828125,0.0,-19.0,385.0,0.0,-2.0
390142.205,3604.0,-1687.0,1687.0,404.8800048828125,0.0,-19.0,385.0,0.0,-2.0
390152.205,3604.0,-1687.0,1687.0,404.8800048828125,0.0,-19.0,385.0,0.0,-2.0
390163.205,3604.0,-1687.0,1687.0,404.8800048828125,0.0,-19.0,385.0,0.0,-2.0
390173.218,3604.0,-1687.0,1687.0,404.8800048828125,0.0,-19.0,385.0,0.0,-2.0
390183.218,3604.0,-1687.0,1687.0,404.8800048828125,0.0,-19.0,385.0,0.0,-2.0
390194.204,3604.0,-1687.0,1687.0,404.8800048828125,0.0,-19.0,385.0,0.0,-2.0
390204.205,3604.0,-1687.0,1687.0,404.8800048828125,0.0,-19.0,385.0,0.0,-2.0
390214.206,3604.0,-1687.0,1687.0,404.8800048828125,0.0,-19.0,385.0,0.0,-2.0
390224.207,3604.0,-1687.0,1687.0,404.8800048828125,0.0,-19.0,385.0,0.0,-2.0
390235.201,3604.0,-1687.0,1687.0,404.8800048828125,0.0,-19.0,385.0,0.0,-2.0
390246.204,3604.0,-1687.0,1687.0,404.8800048828125,0.0,-19.0,385.0,0.0,-2.0
390256.204,3604.0,-1687.0,1687.0,404.8800048828125,0.0,-19.0,385.0,0.0,-2.0
390267.201,3604.0,-1687.0,1687.0,404.8800048828125,0.0,-19.0,385.0,0.0,-2.0
390278.204,3604.0,-1687.0,1687.0,404.8800048828125,0.0,-19.0,385.0,0.0,-2.0
390288.205,3604.0,-1687.0,1687.0,404.8800048828125,0.0,-19.0,385.0,0.0,-2.0
390299.204,3604.0,-1687.0,1687.0,404.8800048828125,0.0,-19.0,385.0,0.0,-2.0
390310.201,3604.0,-1687.0,1687.0,404.8800048828125,0.0,-19.0,385.0,0.0,-2.0
390320.202,3604.0,-1687.0,1687.0,404.8800048828125,0.0,-19.0,385.0,0.0,-2.0
390331.201,3604.0,-1687.0,1687.0,404.8800048828125,0.0,-19.0,385.0,0.0,-2.0
390342.205,3604.0,-1687.0,1687.0,404.8800048828125,0.0,-19.0,385.0,0.0,-2.0
390352.206,3604.0,-1687.0,1687.0,404.8800048828125,0.0,-19.0,385.0,0.0,-2.0
390363.219,3604.0,-1687.0,1687.0,404.8800048828125,0.0,-19.0,385.0,0.0,-2.0
390373.22,3604.0,-1687.0,1687.0,404.8800048828125,0.0,-19.0,385.0,0.0,-2.0
390384.205,3604.0,-1687.0,1687.0,404.8800048828125,0.0,-19.0,385.0,0.0,-2.0
390394.206,3604.0,-1687.0,1687.0,404.8800048828125,0.0,-19.0,385.0,0.0,-2.0
390404.207,3604.0,-1687.0,1687.0,404.8800048828125,0.0,-19.0,385.0,0.0,-2.0
390415.157,3604.0,-1687.0,1687.0,404.8800048828125,0.0,-19.0,385.0,0.0,-2.0
390425.158,3604.0,-1687.0,1687.0,404.8800048828125,0.0,-19.0,385.0,0.0,-2.0
390435.159,3604.0,-1687.0,1687.0,404.8800048828125,0.0,-19.0,385.0,0.0,-2.0
390445.16,3604.0,-1687.0,1687.0,404.8800048828125,0.0,-19.0,385.0,0.0,-2.0
390456.2,3604.0,-1687.0,1687.0,404.8800048828125,0.0,-19.0,385.0,0.0,-2.0
390467.205,3604.0,-1687.0,1687.0,404.8800048828125,0.0,-19.0,385.0,0.0,-2.0
390477.206,3604.0,-1687.0,1687.0,404.8800048828125,0.0,-19.0,385.0,0.0,-2.0
390488.205,3604.0,-1687.0,1687.0,404.8800048828125,0.0,-19.0,385.0,0.0,-2.0
390499.2,3604.0,-1687.0,1687.0,404.8800048828125,0.0,-19.0,385.0,0.0,-2.0
390510.205,3604.0,-1687.0,1687.0,404.8800048828125,0.0,-19.0,385.0,0.0,-2.0
390520.69,0.0,-2.0,2.0,0.47999998927116394,0.0,3.0,3.0,3.0,-1.0
390531.523,0.0,0.0,0.0,0.0,0.0,-3.0,-3.0,-3.0,1.0
390542.205,0.0,0.0,0.0,0.0,0.0,0.0,0.0,0.0,0.0
390552.205,0.0,0.0,0.0,0.0,0.0,0.0,0.0,0.0,-2.0
390562.206,0.0,-1.0,1.0,0.23999999463558197,0.0,1.5,1.0,1.0,-1.0
390572.208,0.0,0.0,0.0,0.0,0.0,-1.5,-1.0,-1.0,-2.0
390582.209,0.0,1.0,-1.0,-0.23999999463558197,-0.0,-1.5,-1.0,-1.0,-1.0
390593.205,0.0,0.0,0.0,0.0,0.0,1.5,1.0,1.0,0.0
390604.201,0.0,-1.0,1.0,0.23999999463558197,0.0,1.5,1.0,1.0,0.0
390615.205,0.0,0.0,0.0,0.0,0.0,-3.0,-3.0,-3.0,-3.0
390626.205,0.0,0.0,0.0,0.0,0.0,0.0,0.0,0.0,-1.0
390636.206,0.0,-1.0,1.0,0.23999999463558197,0.0,1.5,1.0,1.0,-1.0
390647.205,0.0,-3.0,3.0,0.7199999690055847,0.0,3.0,3.0,3.0,0.0
390658.201,0.0,0.0,0.0,0.0,0.0,-4.5,-4.0,-4.0,0.0
390668.202,0.0,-1.0,1.0,0.23999999463558197,0.0,1.5,1.0,1.0,-1.0
390679.2,0.0,0.0,0.0,0.0,0.0,-1.5,-1.0,-1.0,-2.0
390690.208,0.0,0.0,0.0,0.0,0.0,0.0,0.0,0.0,-2.0
390700.209,0.0,-1.0,1.0,0.23999999463558197,0.0,1.5,1.0,1.0,-1.0
390711.2,0.0,-1.0,1.0,0.23999999463558197,0.0,0.0,0.0,0.0,-1.0
390721.201,0.0,0.0,0.0,0.0,0.0,-1.5,-1.0,-1.0,0.0
390731.201,0.0,-1.0,1.0,0.23999999463558197,0.0,1.5,1.0,1.0,-1.0
390742.209,0.0,0.0,0.0,0.0,0.0,-1.5,-1.0,-1.0,-3.0
390752.209,0.0,0.0,0.0,0.0,0.0,0.0,0.0,0.0,-2.0
390763.204,0.0,0.0,0.0,0.0,0.0,0.0,0.0,0.0,-2.0
390774.173,0.0,-2.0,2.0,0.47999998927116394,0.0,3.0,3.0,3.0,-1.0
390785.201,0.0,-1.0,1.0,0.23999999463558197,0.0,-1.5,-1.0,-1.0,0.0
390795.202,0.0,0.0,0.0,0.0,0.0,-1.5,-1.0,-1.0,0.0
390806.2,0.0,0.0,0.0,0.0,0.0,-3.0,-3.0,-3.0,-2.0
390816.201,0.0,0.0,0.0,0.0,0.0,-3.0,-3.0,-3.0,-1.0
390827.1,0.0,0.0,0.0,0.0,0.0,0.0,0.0,0.0,-1.0
390837.1,0.0,0.0,0.0,0.0,0.0,0.0,0.0,0.0,-2.0
390848.1,0.0,-2.0,2.0,0.47999998927116394,0.0,3.0,3.0,3.0,-3.0
390858.101,0.0,-1.0,1.0,0.23999999463558197,0.0,-1.5,-1.0,-1.0,-1.0
390868.101,0.0,-1.0,1.0,0.23999999463558197,0.0,0.0,0.0,0.0,-1.0
390879.204,0.0,-1.0,1.0,0.23999999463558197,0.0,0.0,0.0,0.0,-2.0
390889.205,0.0,-1.0,1.0,0.23999999463558197,0.0,0.0,0.0,0.0,-2.0
390899.206,0.0,0.0,0.0,0.0,0.0,-1.5,-1.0,-1.0,-1.0
390909.207,0.0,0.0,0.0,0.0,0.0,0.0,0.0,0.0,-1.0
390919.208,0.0,-1.0,1.0,0.23999999463558197,0.0,1.5,1.0,1.0,0.0
390929.209,0.0,-1.0,1.0,0.23999999463558197,0.0,0.0,0.0,0.0,-1.0
390939.209,0.0,-1.0,1.0,0.23999999463558197,0.0,0.0,0.0,0.0,-1.0
390949.21,0.0,-1.0,1.0,0.23999999463558197,0.0,0.0,0.0,0.0,-1.0
390960.2,0.0,-2.0,2.0,0.47999998927116394,0.0,1.5,1.0,1.0,-2.0
390971.204,0.0,-1.0,1.0,0.23999999463558197,0.0,-1.5,-1.0,-1.0,0.0
390981.205,0.0,-1.0,1.0,0.23999999463558197,0.0,0.0,0.0,0.0,0.0
390991.205,0.0,0.0,0.0,0.0,0.0,-1.5,-1.0,-1.0,-1.0
391001.206,0.0,-1.0,1.0,0.23999999463558197,0.0,1.5,1.0,1.0,-2.0
391011.206,0.0,-1.0,1.0,0.23999999463558197,0.0,0.0,0.0,0.0,-2.0
391022.214,0.0,0.0,0.0,0.0,0.0,-1.5,-1.0,-1.0,-2.0
391032.215,0.0,-1.0,1.0,0.23999999463558197,0.0,1.5,1.0,1.0,-1.0
391043.204,0.0,-1.0,1.0,0.23999999463558197,0.0,0.0,0.0,0.0,-1.0
391054.205,0.0,0.0,0.0,0.0,0.0,-1.5,-1.0,-1.0,-1.0
391065.2,0.0,0.0,0.0,0.0,0.0,0.0,0.0,0.0,-2.0
391076.205,0.0,-1.0,1.0,0.23999999463558197,0.0,1.5,1.0,1.0,-1.0
391087.205,0.0,-2.0,2.0,0.47999998927116394,0.0,1.5,1.0,1.0,-2.0
391098.212,0.0,0.0,1.0,0.23999999463558197,0.0,-1.5,-1.0,-1.0,-1.0
391108.212,0.0,0.0,0.0,0.0,0.0,-1.5,-1.0,-1.0,-1.0
391118.212,0.0,-1.0,1.0,0.23999999463558197,0.0,1.5,1.0,1.0,-1.0
391128.212,0.0,0.0,0.0,0.0,0.0,-1.5,-1.0,-1.0,-1.0
391139.204,0.0,-1.0,1.0,0.23999999463558197,0.0,0.0,0.0,0.0,-1.0
391150.201,0.0,-1.0,1.0,0.23999999463558197,0.0,0.0,0.0,0.0,-1.0
391160.202,0.0,-1.0,1.0,0.23999999463558197,0.0,0.0,0.0,0.0,0.0
391171.204,0.0,-1.0,1.0,0.23999999463558197,0.0,0.0,0.0,0.0,-3.0
391182.201,0.0,-1.0,1.0,0.23999999463558197,0.0,0.0,0.0,0.0,0.0
391193.205,0.0,0.0,0.0,0.0,0.0,-1.5,-1.0,-1.0,-1.0
391203.205,0.0,0.0,0.0,0.0,0.0,0.0,0.0,0.0,-1.0
391213.206,0.0,-1.0,1.0,0.23999999463558197,0.0,1.5,1.0,1.0,0.0
391224.496,0.0,0.0,0.0,0.0,0.0,-1.5,-1.0,-1.0,-1.0
391234.496,0.0,-1.0,1.0,0.23999999463558197,0.0,1.5,1.0,1.0,-1.0
391244.497,0.0,0.0,0.0,0.0,0.0,-1.5,-1.0,-1.0,-1.0
391255.201,0.0,0.0,0.0,0.0,0.0,0.0,0.0,0.0,-1.0
391266.205,0.0,0.0,0.0,0.0,0.0,0.0,0.0,0.0,0.0
391277.2,0.0,0.0,0.0,0.0,0.0,0.0,0.0,0.0,0.0
391287.201,0.0,-1.0,1.0,0.23999999463558197,0.0,1.5,1.0,1.0,-2.0
391297.202,0.0,-1.0,1.0,0.23999999463558197,0.0,0.0,0.0,0.0,-1.0
391308.201,0.0,-1.0,1.0,0.23999999463558197,0.0,0.0,0.0,0.0,-1.0
391318.201,0.0,-1.0,1.0,0.23999999463558197,0.0,0.0,0.0,0.0,-1.0
391328.202,0.0,0.0,0.0,0.0,0.0,-1.5,-1.0,-1.0,0.0
391339.2,0.0,0.0,0.0,0.0,0.0,0.0,0.0,0.0,-2.0
391349.2,0.0,0.0,0.0,0.0,0.0,0.0,0.0,0.0,-1.0
391359.201,0.0,0.0,0.0,0.0,0.0,0.0,0.0,0.0,-1.0
391370.179,0.0,0.0,0.0,0.0,0.0,0.0,0.0,0.0,0.0
391381.1,0.0,0.0,0.0,0.0,0.0,0.0,0.0,0.0,0.0
391391.1,0.0,-1.0,1.0,0.23999999463558197,0.0,1.5,1.0,1.0,0.0
391402.204,0.0,-1.0,1.0,0.23999999463558197,0.0,0.0,0.0,0.0,0.0
391413.201,0.0,0.0,0.0,0.0,0.0,-1.5,-1.0,-1.0,-1.0
391424.206,0.0,-1.0,1.0,0.23999999463558197,0.0,1.5,1.0,1.0,-2.0
391435.201,0.0,0.0,0.0,0.0,0.0,-1.5,-1.0,-1.0,-1.0
391445.201,0.0,0.0,0.0,0.0,0.0,0.0,0.0,0.0,-1.0
391455.202,0.0,0.0,0.0,0.0,0.0,0.0,0.0,0.0,-1.0
391466.201,0.0,0.0,0.0,0.0,0.0,0.0,0.0,0.0,-1.0
391477.204,0.0,-1.0,1.0,0.23999999463558197,0.0,1.5,1.0,1.0,0.0
391487.206,0.0,1.0,-1.0,-0.23999999463558197,-0.0,-3.0,-3.0,-3.0,-1.0
391497.206,0.0,-1.0,1.0,0.23999999463558197,0.0,3.0,3.0,3.0,-1.0
391507.206,0.0,-1.0,1.0,0.23999999463558197,0.0,0.0,0.0,0.0,0.0
391518.201,0.0,0.0,0.0,0.0,0.0,-1.5,-1.0,-1.0,-1.0
391528.218,0.0,0.0,0.0,0.0,0.0,0.0,0.0,0.0,-1.0
391538.219,0.0,0.0,0.0,0.0,0.0,0.0,0.0,0.0,0.0
391548.219,0.0,0.0,0.0,0.0,0.0,0.0,0.0,0.0,-1.0
391559.201,0.0,-1.0,1.0,0.23999999463558197,0.0,1.5,1.0,1.0,-1.0
391570.205,0.0,-1.0,1.0,0.23999999463558197,0.0,0.0,0.0,0.0,-1.0
391581.201,0.0,0.0,0.0,0.0,0.0,-1.5,-1.0,-1.0,-2.0
391592.205,0.0,-1.0,1.0,0.23999999463558197,0.0,0.0,0.0,0.0,-2.0
391602.205,0.0,0.0,0.0,0.0,0.0,-1.5,-1.0,-1.0,-1.0
391613.204,0.0,1.0,-1.0,-0.23999999463558197,-0.0,-1.5,-1.0,-1.0,-1.0
391624.205,0.0,0.0,0.0,0.0,0.0,1.5,1.0,1.0,-1.0
391635.201,0.0,0.0,0.0,0.0,0.0,0.0,0.0,0.0,-1.0
391645.201,0.0,0.0,0.0,0.0,0.0,0.0,0.0,0.0,0.0
391655.201,0.0,0.0,0.0,0.0,0.0,0.0,0.0,0.0,-2.0
391665.202,0.0,-1.0,1.0,0.23999999463558197,0.0,1.5,1.0,1.0,0.0
391676.204,0.0,-1.0,1.0,0.23999999463558197,0.0,0.0,0.0,0.0,-1.0
391686.204,0.0,-2.0,2.0,0.47999998927116394,0.0,1.5,1.0,1.0,-2.0
391696.98,0.0,0.0,0.0,0.0,0.0,-3.0,-3.0,-3.0,-1.0
391706.981,0.0,0.0,0.0,0.0,0.0,0.0,0.0,0.0,-2.0
391716.982,0.0,0.0,0.0,0.0,0.0,0.0,0.0,0.0,-1.0
391726.983,0.0,0.0,0.0,0.0,0.0,0.0,0.0,0.0,-1.0
391737.205,0.0,0.0,0.0,0.0,0.0,0.0,0.0,0.0,-2.0
391747.206,0.0,-1.0,1.0,0.23999999463558197,0.0,1.5,1.0,1.0,0.0
391758.201,0.0,0.0,0.0,0.0,0.0,-1.5,-1.0,-1.0,0.0
391769.205,0.0,0.0,0.0,0.0,0.0,0.0,0.0,0.0,0.0
391780.201,0.0,0.0,0.0,0.0,0.0,0.0,0.0,0.0,-1.0
391790.202,0.0,-1.0,1.0,0.23999999463558197,0.0,1.5,1.0,1.0,-1.0
391800.738,0.0,0.0,0.0,0.0,0.0,-1.5,-1.0,-1.0,-1.0
391811.205,0.0,0.0,0.0,0.0,0.0,0.0,0.0,0.0,-1.0
391821.782,0.0,-1.0,1.0,0.23999999463558197,0.0,1.5,1.0,1.0,-2.0
391831.783,0.0,0.0,0.0,0.0,0.0,-1.5,-1.0,-1.0,-2.0
391841.784,0.0,0.0,0.0,0.0,0.0,0.0,0.0,0.0,-2.0
391851.785,0.0,0.0,0.0,0.0,0.0,0.0,0.0,0.0,-2.0
391861.786,0.0,0.0,0.0,0.0,0.0,0.0,0.0,0.0,-1.0
391872.2,0.0,0.0,0.0,0.0,0.0,0.0,0.0,0.0,-3.0
391883.205,0.0,0.0,0.0,0.0,0.0,0.0,0.0,0.0,0.0
391893.206,0.0,1.0,-1.0,-0.23999999463558197,-0.0,-1.5,-1.0,-1.0,-1.0
391903.206,0.0,-1.0,1.0,0.23999999463558197,0.0,3.0,3.0,3.0,0.0
391914.2,0.0,0.0,0.0,0.0,0.0,0.0,0.0,0.0,-1.0
391925.204,0.0,0.0,0.0,0.0,0.0,0.0,0.0,0.0,-2.0
391935.204,0.0,0.0,0.0,0.0,0.0,0.0,0.0,0.0,-1.0
391945.205,0.0,-1.0,1.0,0.23999999463558197,0.0,1.5,1.0,1.0,-1.0
391955.206,0.0,-1.0,1.0,0.23999999463558197,0.0,0.0,0.0,0.0,-1.0
391965.745,0.0,-1.0,1.0,0.23999999463558197,0.0,0.0,0.0,0.0,-2.0
391975.746,0.0,0.0,0.0,0.0,0.0,-1.5,-1.0,-1.0,-1.0
391986.204,0.0,0.0,0.0,0.0,0.0,0.0,0.0,0.0,-2.0
391997.201,0.0,-2.0,2.0,0.47999998927116394,0.0,3.0,3.0,3.0,-2.0
392008.205,0.0,0.0,0.0,0.0,0.0,-3.0,-3.0,-3.0,-2.0
392019.2,0.0,-1.0,1.0,0.23999999463558197,0.0,1.5,1.0,1.0,-2.0
392030.205,0.0,0.0,0.0,0.0,0.0,-1.5,-1.0,-1.0,-1.0
392041.205,0.0,1.0,-1.0,-0.23999999463558197,-0.0,-1.5,-1.0,-1.0,-1.0
392051.205,0.0,1.0,-1.0,-0.23999999463558197,-0.0,0.0,0.0,0.0,-1.0
392062.204,0.0,0.0,0.0,0.0,0.0,1.5,1.0,1.0,-2.0
392073.201,0.0,0.0,0.0,0.0,0.0,0.0,0.0,0.0,0.0
392083.202,0.0,1.0,-1.0,-0.23999999463558197,-0.0,-1.5,-1.0,-1.0,-2.0
392093.202,0.0,0.0,0.0,0.0,0.0,1.5,1.0,1.0,-1.0
392104.205,0.0,-1.0,1.0,0.23999999463558197,0.0,1.5,1.0,1.0,-1.0
392114.205,0.0,0.0,0.0,0.0,0.0,-1.5,-1.0,-1.0,0.0
392125.206,0.0,0.0,0.0,0.0,0.0,-1.5,-1.0,-1.0,-1.0
392135.206,0.0,0.0,0.0,0.0,0.0,-1.5,-1.0,-1.0,0.0
392145.372,0.0,0.0,0.0,0.0,0.0,0.0,0.0,0.0,0.0
392156.1,0.0,-1.0,1.0,0.23999999463558197,0.0,1.5,1.0,1.0,0.0
392166.101,0.0,-1.0,1.0,0.23999999463558197,0.0,0.0,0.0,0.0,0.0
392176.101,0.0,-1.0,1.0,0.23999999463558197,0.0,0.0,0.0,0.0,0.0
392187.204,0.0,0.0,0.0,0.0,0.0,-1.5,-1.0,-1.0,-1.0
392198.201,0.0,-1.0,1.0,0.23999999463558197,0.0,1.5,1.0,1.0,0.0
392209.205,0.0,-1.0,1.0,0.23999999463558197,0.0,0.0,0.0,0.0,0.0
392219.207,0.0,0.0,0.0,0.0,0.0,-1.5,-1.0,-1.0,-1.0
392229.725,0.0,0.0,0.0,0.0,0.0,0.0,0.0,0.0,-1.0
392240.201,0.0,0.0,0.0,0.0,0.0,0.0,0.0,0.0,-1.0
392250.202,0.0,0.0,0.0,0.0,0.0,0.0,0.0,0.0,0.0
392261.201,0.0,0.0,0.0,0.0,0.0,0.0,0.0,0.0,-2.0
392272.209,0.0,0.0,0.0,0.0,0.0,0.0,0.0,0.0,-1.0
392282.21,0.0,0.0,0.0,0.0,0.0,0.0,0.0,0.0,-2.0
392292.211,0.0,0.0,0.0,0.0,0.0,0.0,0.0,0.0,-1.0
392303.157,0.0,-2.0,2.0,0.47999998927116394,0.0,3.0,3.0,3.0,-2.0
392313.158,0.0,0.0,0.0,0.0,0.0,-3.0,-3.0,-3.0,-2.0
392323.159,0.0,-1.0,1.0,0.23999999463558197,0.0,1.5,1.0,1.0,0.0
392334.205,0.0,0.0,0.0,0.0,0.0,-1.5,-1.0,-1.0,-3.0
392345.204,0.0,-1.0,1.0,0.23999999463558197,0.0,1.5,1.0,1.0,-1.0
392355.204,0.0,0.0,0.0,0.0,0.0,-1.5,-1.0,-1.0,-1.0
392365.204,0.0,0.0,0.0,0.0,0.0,0.0,0.0,0.0,-2.0
392376.201,0.0,-1.0,1.0,0.23999999463558197,0.0,1.5,1.0,1.0,-1.0
392387.205,0.0,-1.0,1.0,0.23999999463558197,0.0,1.5,1.0,1.0,-1.0
392398.201,0.0,0.0,0.0,0.0,0.0,-1.5,-1.0,-1.0,-1.0
392409.204,0.0,1.0,-1.0,-0.23999999463558197,-0.0,-1.5,-1.0,-1.0,-1.0
392419.205,0.0,-1.0,1.0,0.23999999463558197,0.0,3.0,3.0,3.0,-2.0
392429.206,0.0,0.0,0.0,0.0,0.0,-1.5,-1.0,-1.0,-1.0
392439.207,0.0,0.0,0.0,0.0,0.0,0.0,0.0,0.0,-1.0
392450.209,0.0,1.0,-1.0,-0.23999999463558197,-0.0,-1.5,-1.0,-1.0,-2.0
392460.209,0.0,-1.0,1.0,0.23999999463558197,0.0,3.0,3.0,3.0,-1.0
392470.21,0.0,0.0,0.0,0.0,0.0,-1.5,-1.0,-1.0,0.0
392481.205,0.0,-1.0,1.0,0.23999999463558197,0.0,1.5,1.0,1.0,0.0
392492.202,0.0,1.0,-1.0,-0.23999999463558197,-0.0,-3.0,-3.0,-3.0,0.0
392503.205,0.0,0.0,0.0,0.0,0.0,1.5,1.0,1.0,-1.0
392514.204,0.0,0.0,0.0,0.0,0.0,0.0,0.0,0.0,0.0
392525.201,0.0,-1.0,1.0,0.23999999463558197,0.0,1.5,1.0,1.0,-1.0
392535.201,0.0,-1.0,1.0,0.23999999463558197,0.0,0.0,0.0,0.0,-1.0
392546.201,0.0,-1.0,1.0,0.23999999463558197,0.0,0.0,0.0,0.0,-1.0
392557.204,0.0,-1.0,1.0,0.23999999463558197,0.0,0.0,0.0,0.0,0.0
392567.204,0.0,1.0,-1.0,-0.23999999463558197,-0.0,-3.0,-3.0,-3.0,0.0
392577.205,0.0,-1.0,1.0,0.23999999463558197,0.0,3.0,3.0,3.0,-1.0
392587.205,0.0,0.0,0.0,0.0,0.0,-1.5,-1.0,-1.0,-1.0
392598.201,0.0,-1.0,1.0,0.23999999463558197,0.0,1.5,1.0,1.0,-1.0
392608.202,0.0,0.0,0.0,0.0,0.0,-1.5,-1.0,-1.0,-3.0
392618.519,0.0,0.0,0.0,0.0,0.0,0.0,0.0,0.0,-2.0
392629.104,0.0,-1.0,1.0,0.23999999463558197,0.0,1.5,1.0,1.0,-2.0
392639.661,0.0,-1.0,1.0,0.23999999463558197,0.0,0.0,0.0,0.0,-1.0
392649.661,0.0,-1.0,1.0,0.23999999463558197,0.0,0.0,0.0,0.0,-1.0
392660.101,0.0,-1.0,1.0,0.23999999463558197,0.0,0.0,0.0,0.0,-1.0
392671.201,0.0,-2.0,2.0,0.47999998927116394,0.0,1.5,1.0,1.0,-1.0
392682.205,0.0,0.0,0.0,0.0,0.0,-3.0,-3.0,-3.0,0.0
392693.201,0.0,-1.0,1.0,0.23999999463558197,0.0,1.5,1.0,1.0,0.0
392704.204,0.0,0.0,0.0,0.0,0.0,-1.5,-1.0,-1.0,-1.0
392714.205,0.0,-1.0,1.0,0.23999999463558197,0.0,1.5,1.0,1.0,-1.0
392724.206,0.0,-1.0,1.0,0.23999999463558197,0.0,0.0,0.0,0.0,-1.0
392734.207,0.0,-1.0,1.0,0.23999999463558197,0.0,0.0,0.0,0.0,-2.0
392745.201,0.0,-1.0,1.0,0.23999999463558197,0.0,0.0,0.0,0.0,-1.0
392755.202,0.0,0.0,0.0,0.0,0.0,-1.5,-1.0,-1.0,0.0
392765.203,0.0,0.0,0.0,0.0,0.0,0.0,0.0,0.0,-2.0
392775.203,0.0,0.0,0.0,0.0,0.0,0.0,0.0,0.0,-2.0
392785.204,0.0,0.0,0.0,0.0,0.0,0.0,0.0,0.0,-1.0
392795.204,0.0,0.0,0.0,0.0,0.0,0.0,0.0,0.0,-1.0
392806.201,0.0,0.0,0.0,0.0,0.0,0.0,0.0,0.0,-2.0
392817.204,0.0,0.0,0.0,0.0,0.0,0.0,0.0,0.0,0.0
392828.2,0.0,0.0,0.0,0.0,0.0,0.0,0.0,0.0,0.0
392839.204,0.0,0.0,0.0,0.0,0.0,0.0,0.0,0.0,-1.0
392849.205,0.0,0.0,0.0,0.0,0.0,0.0,0.0,0.0,0.0
392860.217,0.0,0.0,0.0,0.0,0.0,0.0,0.0,0.0,-2.0
392870.217,0.0,0.0,0.0,0.0,0.0,0.0,0.0,0.0,0.0
392881.1,0.0,-1.0,1.0,0.23999999463558197,0.0,1.5,1.0,1.0,-1.0
392892.1,0.0,0.0,0.0,0.0,0.0,-1.5,-1.0,-1.0,0.0
392903.201,0.0,0.0,0.0,0.0,0.0,0.0,0.0,0.0,0.0
392914.406,0.0,-1.0,1.0,0.23999999463558197,0.0,1.5,1.0,1.0,-1.0
392924.406,0.0,-1.0,1.0,0.23999999463558197,0.0,0.0,0.0,0.0,0.0
392935.204,0.0,0.0,0.0,0.0,0.0,-1.5,-1.0,-1.0,-1.0
392945.205,0.0,0.0,0.0,0.0,0.0,0.0,0.0,0.0,-1.0
392956.204,0.0,0.0,0.0,0.0,0.0,0.0,0.0,0.0,-1.0
392966.795,0.0,0.0,0.0,0.0,0.0,0.0,0.0,0.0,-1.0
392977.205,0.0,0.0,0.0,0.0,0.0,0.0,0.0,0.0,-1.0
392988.209,0.0,-1.0,1.0,0.23999999463558197,0.0,1.5,1.0,1.0,-1.0
392999.157,0.0,0.0,0.0,0.0,0.0,-1.5,-1.0,-1.0,0.0
393010.029,0.0,0.0,0.0,0.0,0.0,0.0,0.0,0.0,0.0
393020.03,0.0,0.0,0.0,0.0,0.0,0.0,0.0,0.0,0.0
393030.206,0.0,0.0,0.0,0.0,0.0,0.0,0.0,0.0,0.0
393040.311,0.0,-1.0,1.0,0.23999999463558197,0.0,1.5,1.0,1.0,0.0
393050.311,0.0,-2.0,2.0,0.47999998927116394,0.0,1.5,1.0,1.0,-1.0
393061.201,0.0,0.0,0.0,0.0,0.0,-3.0,-3.0,-3.0,-1.0
393071.202,0.0,0.0,0.0,0.0,0.0,0.0,0.0,0.0,-1.0
393082.201,0.0,0.0,0.0,0.0,0.0,0.0,0.0,0.0,-1.0
393093.205,0.0,0.0,0.0,0.0,0.0,0.0,0.0,0.0,-1.0
393104.201,0.0,1.0,-1.0,-0.23999999463558197,-0.0,-1.5,-1.0,-1.0,0.0
393114.201,0.0,0.0,0.0,0.0,0.0,1.5,1.0,1.0,1.0
393124.201,0.0,0.0,0.0,0.0,0.0,0.0,0.0,0.0,1.0
393134.895,0.0,0.0,0.0,0.0,0.0,0.0,0.0,0.0,-2.0
393144.896,0.0,-1.0,1.0,0.23999999463558197,0.0,1.5,1.0,1.0,-2.0
393155.204,0.0,-1.0,1.0,0.23999999463558197,0.0,0.0,0.0,0.0,-1.0
393165.204,0.0,0.0,0.0,0.0,0.0,-1.5,-1.0,-1.0,-1.0
393176.201,0.0,-2.0,2.0,0.47999998927116394,0.0,3.0,3.0,3.0,0.0
393187.205,0.0,0.0,0.0,0.0,0.0,-3.0,-3.0,-3.0,0.0
393197.206,0.0,0.0,0.0,0.0,0.0,0.0,0.0,0.0,0.0
393208.205,0.0,0.0,0.0,0.0,0.0,0.0,0.0,0.0,-1.0
393218.206,0.0,0.0,0.0,0.0,0.0,0.0,0.0,0.0,-1.0
393228.207,0.0,0.0,0.0,0.0,0.0,0.0,0.0,0.0,-1.0
393238.207,0.0,0.0,0.0,0.0,0.0,0.0,0.0,0.0,-1.0
393248.208,0.0,1.0,-1.0,-0.23999999463558197,-0.0,-1.5,-1.0,-1.0,0.0
393258.209,0.0,0.0,0.0,0.0,0.0,1.5,1.0,1.0,0.0
393268.209,0.0,-1.0,1.0,0.23999999463558197,0.0,1.5,1.0,1.0,-1.0
393279.201,0.0,1.0,-1.0,-0.23999999463558197,-0.0,-3.0,-3.0,-3.0,-3.0
393290.173,0.0,1.0,-1.0,-0.23999999463558197,-0.0,0.0,0.0,0.0,-2.0
393301.205,0.0,0.0,0.0,0.0,0.0,1.5,1.0,1.0,-2.0
393311.206,0.0,0.0,0.0,0.0,0.0,0.0,0.0,0.0,-2.0
393322.204,0.0,0.0,0.0,0.0,0.0,0.0,0.0,0.0,-2.0
393332.204,0.0,0.0,0.0,0.0,0.0,0.0,0.0,0.0,-1.0
393343.201,0.0,0.0,0.0,0.0,0.0,0.0,0.0,0.0,-1.0
393353.201,0.0,-1.0,1.0,0.23999999463558197,0.0,1.5,1.0,1.0,-1.0
393364.2,0.0,-1.0,1.0,0.23999999463558197,0.0,1.5,1.0,1.0,0.0
393375.204,0.0,0.0,0.0,0.0,0.0,-1.5,-1.0,-1.0,-1.0
393385.204,0.0,0.0,0.0,0.0,0.0,0.0,0.0,0.0,-1.0
393396.204,0.0,0.0,0.0,0.0,0.0,0.0,0.0,0.0,-1.0
393407.201,0.0,0.0,0.0,0.0,0.0,0.0,0.0,0.0,-1.0
393418.204,0.0,-1.0,1.0,0.23999999463558197,0.0,1.5,1.0,1.0,0.0
393429.204,0.0,0.0,0.0,0.0,0.0,-1.5,-1.0,-1.0,-1.0
393440.201,0.0,0.0,0.0,0.0,0.0,0.0,0.0,0.0,-1.0
393451.205,0.0,-1.0,1.0,0.23999999463558197,0.0,1.5,1.0,1.0,0.0
393462.202,0.0,0.0,0.0,0.0,0.0,-1.5,-1.0,-1.0,-1.0
393473.209,0.0,-1.0,1.0,0.23999999463558197,0.0,1.5,1.0,1.0,-1.0
393484.208,0.0,0.0,0.0,0.0,0.0,-1.5,-1.0,-1.0,-2.0
393495.201,0.0,-2.0,2.0,0.47999998927116394,0.0,3.0,3.0,3.0,-1.0
393506.204,0.0,-2.0,2.0,0.47999998927116394,0.0,0.0,0.0,0.0,-1.0
393517.2,0.0,-1.0,1.0,0.23999999463558197,0.0,-1.5,-1.0,-1.0,-1.0
393527.201,0.0,0.0,0.0,0.0,0.0,-1.5,-1.0,-1.0,0.0
393537.202,0.0,0.0,0.0,0.0,0.0,0.0,0.0,0.0,-1.0
393547.203,0.0,0.0,0.0,0.0,0.0,0.0,0.0,0.0,-1.0
393558.205,0.0,0.0,0.0,0.0,0.0,0.0,0.0,0.0,0.0
393569.201,0.0,0.0,0.0,0.0,0.0,0.0,0.0,0.0,0.0
393580.205,0.0,0.0,0.0,0.0,0.0,0.0,0.0,0.0,-1.0
393591.205,0.0,-1.0,1.0,0.23999999463558197,0.0,1.5,1.0,1.0,-1.0
393602.201,0.0,-1.0,1.0,0.23999999463558197,0.0,0.0,0.0,0.0,-1.0
393613.205,0.0,-1.0,1.0,0.23999999463558197,0.0,0.0,0.0,0.0,-1.0
393624.201,0.0,-1.0,1.0,0.23999999463558197,0.0,0.0,0.0,0.0,-1.0
393634.202,0.0,0.0,0.0,0.0,0.0,-1.5,-1.0,-1.0,-1.0
393644.203,0.0,0.0,0.0,0.0,0.0,0.0,0.0,0.0,-1.0
393654.204,0.0,0.0,0.0,0.0,0.0,0.0,0.0,0.0,-2.0
393664.204,0.0,0.0,0.0,0.0,0.0,0.0,0.0,0.0,-2.0
393675.205,0.0,0.0,0.0,0.0,0.0,0.0,0.0,0.0,-2.0
393686.209,0.0,0.0,0.0,0.0,0.0,0.0,0.0,0.0,-2.0
393696.21,0.0,1.0,-1.0,-0.23999999463558197,-0.0,-1.5,-1.0,-1.0,-1.0
393707.208,0.0,1.0,-1.0,-0.23999999463558197,-0.0,0.0,0.0,0.0,-1.0
393718.173,0.0,-1.0,1.0,0.23999999463558197,0.0,3.0,3.0,3.0,-2.0
393729.205,0.0,0.0,0.0,0.0,0.0,-1.5,-1.0,-1.0,-1.0
393739.206,0.0,0.0,0.0,0.0,0.0,0.0,0.0,0.0,0.0
393749.207,0.0,0.0,0.0,0.0,0.0,0.0,0.0,0.0,0.0
393760.201,0.0,-1.0,1.0,0.23999999463558197,0.0,1.5,1.0,1.0,-1.0
393771.205,0.0,-1.0,1.0,0.23999999463558197,0.0,0.0,0.0,0.0,-1.0
393782.201,0.0,0.0,0.0,0.0,0.0,-1.5,-1.0,-1.0,-2.0
393792.201,0.0,0.0,0.0,0.0,0.0,0.0,0.0,0.0,-1.0
393803.201,0.0,0.0,0.0,0.0,0.0,0.0,0.0,0.0,-1.0
393814.205,0.0,-2.0,2.0,0.47999998927116394,0.0,3.0,3.0,3.0,-2.0
393824.206,0.0,-1.0,1.0,0.23999999463558197,0.0,-1.5,-1.0,-1.0,-1.0
393835.204,0.0,0.0,0.0,0.0,0.0,-1.5,-1.0,-1.0,-1.0
393846.201,0.0,1.0,-1.0,-0.23999999463558197,-0.0,-1.5,-1.0,-1.0,0.0
393857.204,0.0,0.0,0.0,0.0,0.0,0.0,0.0,0.0,0.0
393867.204,0.0,0.0,0.0,0.0,0.0,0.0,0.0,0.0,-1.0
393878.204,0.0,0.0,0.0,0.0,0.0,0.0,0.0,0.0,-1.0
393888.205,0.0,0.0,0.0,0.0,0.0,0.0,0.0,0.0,-1.0
393899.205,0.0,0.0,0.0,0.0,0.0,0.0,0.0,0.0,-1.0
393911.172,0.0,0.0,0.0,0.0,0.0,0.0,0.0,0.0,-2.0
393921.172,0.0,-1.0,1.0,0.23999999463558197,0.0,1.5,1.0,1.0,-1.0
393931.243,0.0,-1.0,1.0,0.23999999463558197,0.0,0.0,0.0,0.0,-1.0
393941.243,0.0,-1.0,1.0,0.23999999463558197,0.0,0.0,0.0,0.0,-2.0
393952.204,0.0,0.0,0.0,0.0,0.0,-1.5,-1.0,-1.0,-2.0
393963.201,0.0,-1.0,1.0,0.23999999463558197,0.0,1.5,1.0,1.0,0.0
393973.202,0.0,0.0,0.0,0.0,0.0,-1.5,-1.0,-1.0,-1.0
393983.202,0.0,0.0,0.0,0.0,0.0,0.0,0.0,0.0,-1.0
393994.205,0.0,0.0,0.0,0.0,0.0,0.0,0.0,0.0,-1.0
394004.206,0.0,1.0,-1.0,-0.23999999463558197,-0.0,-1.5,-1.0,-1.0,0.0
394014.207,0.0,0.0,0.0,0.0,0.0,1.5,1.0,1.0,0.0
394025.201,0.0,-1.0,1.0,0.23999999463558197,0.0,1.5,1.0,1.0,-1.0
394036.201,0.0,0.0,0.0,0.0,0.0,-1.5,-1.0,-1.0,-1.0
394046.201,0.0,-1.0,1.0,0.23999999463558197,0.0,1.5,1.0,1.0,-2.0
394056.201,0.0,0.0,0.0,0.0,0.0,-1.5,-1.0,-1.0,-2.0
394067.204,0.0,0.0,0.0,0.0,0.0,0.0,0.0,0.0,0.0
394078.209,0.0,-1.0,-1.0,-0.23999999463558197,-0.0,-1.5,-1.0,-1.0,-1.0
394089.431,0.0,-1.0,1.0,0.23999999463558197,0.0,0.0,0.0,0.0,0.0
394099.432,0.0,-1.0,1.0,0.23999999463558197,0.0,0.0,0.0,0.0,-2.0
394110.205,0.0,-1.0,1.0,0.23999999463558197,0.0,0.0,0.0,0.0,-2.0
394121.2,0.0,1.0,-1.0,-0.23999999463558197,-0.0,-3.0,-3.0,-3.0,-1.0
394132.205,0.0,0.0,0.0,0.0,0.0,1.5,1.0,1.0,-2.0
394142.206,0.0,0.0,0.0,0.0,0.0,0.0,0.0,0.0,-1.0
394152.207,0.0,1.0,-1.0,-0.23999999463558197,-0.0,-1.5,-1.0,-1.0,-1.0
394162.207,0.0,0.0,0.0,0.0,0.0,1.5,1.0,1.0,-1.0
394172.207,0.0,0.0,0.0,0.0,0.0,0.0,0.0,0.0,-1.0
394183.201,0.0,0.0,0.0,0.0,0.0,0.0,0.0,0.0,-1.0
394193.202,0.0,-1.0,1.0,0.23999999463558197,0.0,1.5,1.0,1.0,-1.0
394203.202,0.0,-1.0,1.0,0.23999999463558197,0.0,0.0,0.0,0.0,-1.0
394214.205,0.0,-1.0,1.0,0.23999999463558197,0.0,0.0,0.0,0.0,-2.0
394224.206,0.0,0.0,0.0,0.0,0.0,-1.5,-1.0,-1.0,0.0
394234.207,0.0,0.0,0.0,0.0,0.0,0.0,0.0,0.0,-2.0
394245.202,0.0,0.0,0.0,0.0,0.0,0.0,0.0,0.0,0.0
394255.202,0.0,0.0,0.0,0.0,0.0,0.0,0.0,0.0,-1.0
394265.202,0.0,-1.0,1.0,0.23999999463558197,0.0,1.5,1.0,1.0,-1.0
394275.202,0.0,-1.0,1.0,0.23999999463558197,0.0,0.0,0.0,0.0,-1.0
394285.202,0.0,-2.0,2.0,0.47999998927116394,0.0,1.5,1.0,1.0,-1.0
394295.202,0.0,-1.0,1.0,0.23999999463558197,0.0,-1.5,-1.0,-1.0,-2.0
394305.202,0.0,-1.0,1.0,0.23999999463558197,0.0,0.0,0.0,0.0,-2.0
394315.203,0.0,-1.0,1.0,0.23999999463558197,0.0,0.0,0.0,0.0,-2.0
394325.203,0.0,0.0,0.0,0.0,0.0,-1.5,-1.0,-1.0,0.0
394335.203,0.0,-1.0,1.0,0.23999999463558197,0.0,1.5,1.0,1.0,-1.0
394345.204,0.0,-1.0,1.0,0.23999999463558197,0.0,0.0,0.0,0.0,-2.0
394356.205,0.0,0.0,0.0,0.0,0.0,-1.5,-1.0,-1.0,-1.0
394367.205,0.0,0.0,0.0,0.0,0.0,0.0,0.0,0.0,-1.0
394378.201,0.0,1.0,-1.0,-0.23999999463558197,-0.0,-1.5,-1.0,-1.0,-2.0
394388.202,0.0,0.0,0.0,0.0,0.0,1.5,1.0,1.0,0.0
394398.203,0.0,-1.0,1.0,0.23999999463558197,0.0,1.5,1.0,1.0,-1.0
394408.204,0.0,0.0,0.0,0.0,0.0,-1.5,-1.0,-1.0,-1.0
394419.205,0.0,0.0,0.0,0.0,0.0,0.0,0.0,0.0,-1.0
394430.2,0.0,0.0,0.0,0.0,0.0,0.0,0.0,0.0,-1.0
394440.665,0.0,0.0,0.0,0.0,0.0,0.0,0.0,0.0,0.0
394451.201,0.0,0.0,0.0,0.0,0.0,-1.5,-1.0,-1.0,-1.0
394462.205,0.0,0.0,0.0,0.0,0.0,0.0,0.0,0.0,0.0
394472.205,0.0,0.0,0.0,0.0,0.0,0.0,0.0,0.0,0.0
394482.206,0.0,1.0,-1.0,-0.23999999463558197,-0.0,-1.5,-1.0,-1.0,-1.0
394492.207,0.0,0.0,0.0,0.0,0.0,1.5,1.0,1.0,-2.0
394502.208,0.0,1.0,-1.0,-0.23999999463558197,-0.0,-1.5,-1.0,-1.0,-2.0
394512.209,0.0,-1.0,1.0,0.23999999463558197,0.0,3.0,3.0,3.0,-2.0
394523.201,0.0,0.0,0.0,0.0,0.0,-1.5,-1.0,-1.0,0.0
394533.202,0.0,0.0,0.0,0.0,0.0,0.0,0.0,0.0,0.0
394543.203,0.0,0.0,0.0,0.0,0.0,0.0,0.0,0.0,0.0
394553.203,0.0,0.0,0.0,0.0,0.0,0.0,0.0,0.0,0.0
394563.204,0.0,-1.0,1.0,0.23999999463558197,0.0,1.5,1.0,1.0,-1.0
394574.201,0.0,-1.0,1.0,0.23999999463558197,0.0,0.0,0.0,0.0,-2.0
394584.202,0.0,0.0,0.0,0.0,0.0,-1.5,-1.0,-1.0,-1.0
394595.208,0.0,0.0,0.0,0.0,0.0,0.0,0.0,0.0,-2.0
394605.208,0.0,0.0,0.0,0.0,0.0,0.0,0.0,0.0,-1.0
394615.209,0.0,1.0,-1.0,-0.23999999463558197,-0.0,-1.5,-1.0,-1.0,-1.0
394626.201,0.0,0.0,0.0,0.0,0.0,1.5,1.0,1.0,-1.0
394637.204,0.0,0.0,0.0,0.0,0.0,0.0,0.0,0.0,-1.0
394648.201,0.0,0.0,0.0,0.0,0.0,0.0,0.0,0.0,-2.0
394659.204,0.0,0.0,0.0,0.0,0.0,0.0,0.0,0.0,-2.0
394669.204,0.0,0.0,0.0,0.0,0.0,0.0,0.0,0.0,-1.0
394679.205,0.0,0.0,0.0,0.0,0.0,0.0,0.0,0.0,0.0
394690.205,0.0,-1.0,1.0,0.23999999463558197,0.0,1.5,1.0,1.0,0.0
394701.205,0.0,0.0,0.0,0.0,0.0,-1.5,-1.0,-1.0,-1.0
394712.2,0.0,-1.0,1.0,0.23999999463558197,0.0,1.5,1.0,1.0,-1.0
394722.201,0.0,-1.0,1.0,0.23999999463558197,0.0,0.0,0.0,0.0,-1.0
394733.204,0.0,0.0,0.0,0.0,0.0,0.0,0.0,0.0,-2.0
394743.205,0.0,-1.0,1.0,0.23999999463558197,0.0,1.5,1.0,1.0,-1.0
394753.205,0.0,0.0,0.0,0.0,0.0,-1.5,-1.0,-1.0,-1.0
394763.205,0.0,0.0,0.0,0.0,0.0,0.0,0.0,0.0,-1.0
394773.205,0.0,0.0,0.0,0.0,0.0,0.0,0.0,0.0,-1.0
394783.206,0.0,0.0,0.0,0.0,0.0,0.0,0.0,0.0,0.0
394794.1,0.0,0.0,0.0,0.0,0.0,0.0,0.0,0.0,0.0
394804.101,0.0,0.0,0.0,0.0,0.0,0.0,0.0,0.0,-2.0
394815.1,0.0,0.0,0.0,0.0,0.0,0.0,0.0,0.0,-1.0
394825.101,0.0,1.0,-1.0,-0.23999999463558197,-0.0,-1.5,-1.0,-1.0,-3.0
394835.101,0.0,-1.0,1.0,0.23999999463558197,0.0,3.0,3.0,3.0,-2.0
394845.104,0.0,-1.0,1.0,0.23999999463558197,0.0,0.0,0.0,0.0,-2.0
394856.2,0.0,-1.0,1.0,0.23999999463558197,0.0,0.0,0.0,0.0,-2.0
394867.205,0.0,-1.0,1.0,0.23999999463558197,0.0,0.0,0.0,0.0,-2.0
394878.201,1.0,-2.0,2.0,0.47999998927116394,0.0,1.5,1.0,1.0,-1.0
394889.204,0.0,1.0,-1.0,-0.23999999463558197,-0.0,-4.5,-4.0,-4.0,0.0
394900.208,0.0,1.0,-1.0,-0.23999999463558197,-0.0,0.0,0.0,0.0,-1.0
394910.209,0.0,0.0,0.0,0.0,0.0,1.5,1.0,1.0,-1.0
394920.211,0.0,1.0,-1.0,-0.23999999463558197,-0.0,-1.5,-1.0,-1.0,-1.0
394930.211,0.0,0.0,0.0,0.0,0.0,1.5,1.0,1.0,-2.0
394941.201,0.0,0.0,0.0,0.0,0.0,0.0,0.0,0.0,-2.0
394951.202,0.0,0.0,0.0,0.0,0.0,0.0,0.0,0.0,0.0
394961.203,0.0,0.0,0.0,0.0,0.0,0.0,0.0,0.0,0.0
394972.205,0.0,0.0,0.0,0.0,0.0,0.0,0.0,0.0,-2.0
394983.201,0.0,0.0,0.0,0.0,0.0,0.0,0.0,0.0,0.0
394993.202,0.0,-1.0,1.0,0.23999999463558197,0.0,1.5,1.0,1.0,-2.0
395004.201,0.0,-1.0,1.0,0.23999999463558197,0.0,0.0,0.0,0.0,-2.0
395015.205,0.0,1.0,-1.0,-0.23999999463558197,-0.0,-1.5,-1.0,-1.0,0.0
395026.2,0.0,0.0,0.0,0.0,0.0,1.5,1.0,1.0,-2.0
395037.205,0.0,0.0,0.0,0.0,0.0,0.0,0.0,0.0,-2.0
395048.282,0.0,0.0,0.0,0.0,0.0,0.0,0.0,0.0,-2.0
395059.2,0.0,0.0,0.0,0.0,0.0,0.0,0.0,0.0,-1.0
395069.2,0.0,1.0,-1.0,-0.23999999463558197,-0.0,-1.5,-1.0,-1.0,-1.0
395080.201,0.0,0.0,0.0,0.0,0.0,1.5,1.0,1.0,-1.0
395091.204,0.0,-1.0,1.0,0.23999999463558197,0.0,1.5,1.0,1.0,0.0
395102.212,0.0,-1.0,1.0,0.23999999463558197,0.0,0.0,0.0,0.0,0.0
395112.359,0.0,0.0,0.0,0.0,0.0,-1.5,-1.0,-1.0,-2.0
395123.254,0.0,0.0,0.0,0.0,0.0,0.0,0.0,0.0,-1.0
395133.255,0.0,0.0,0.0,0.0,0.0,0.0,0.0,0.0,-1.0
395143.256,0.0,-1.0,1.0,0.23999999463558197,0.0,1.5,1.0,1.0,-2.0
395153.258,0.0,-1.0,1.0,0.23999999463558197,0.0,0.0,0.0,0.0,-2.0
395164.2,0.0,0.0,0.0,0.0,0.0,-1.5,-1.0,-1.0,-1.0
395174.2,0.0,1.0,-1.0,-0.23999999463558197,-0.0,-1.5,-1.0,-1.0,-1.0
395184.2,0.0,1.0,-1.0,-0.23999999463558197,-0.0,0.0,0.0,0.0,-1.0
395195.205,0.0,1.0,-1.0,-0.23999999463558197,-0.0,0.0,0.0,0.0,-1.0
395206.201,0.0,0.0,0.0,0.0,0.0,0.0,0.0,0.0,-1.0
395216.845,0.0,-1.0,1.0,0.23999999463558197,0.0,1.5,1.0,1.0,-1.0
395227.201,0.0,0.0,0.0,0.0,0.0,-1.5,-1.0,-1.0,-2.0
395238.205,0.0,0.0,0.0,0.0,0.0,0.0,0.0,0.0,0.0
395249.209,0.0,0.0,0.0,0.0,0.0,0.0,0.0,0.0,0.0
395260.2,0.0,0.0,0.0,0.0,0.0,0.0,0.0,0.0,-1.0
395270.201,0.0,0.0,0.0,0.0,0.0,0.0,0.0,0.0,0.0
395280.202,0.0,-2.0,2.0,0.47999998927116394,0.0,3.0,3.0,3.0,-1.0
395291.157,0.0,-1.0,1.0,0.23999999463558197,0.0,-1.5,-1.0,-1.0,-1.0
395302.201,0.0,0.0,0.0,0.0,0.0,-1.5,-1.0,-1.0,-1.0
395313.204,0.0,0.0,0.0,0.0,0.0,0.0,0.0,0.0,-1.0
395323.205,0.0,0.0,0.0,0.0,0.0,0.0,0.0,0.0,-1.0
395334.204,0.0,0.0,0.0,0.0,0.0,0.0,0.0,0.0,-1.0
395345.201,0.0,0.0,0.0,0.0,0.0,0.0,0.0,0.0,-2.0
395355.202,0.0,0.0,0.0,0.0,0.0,0.0,0.0,0.0,-1.0
395366.205,0.0,0.0,0.0,0.0,0.0,0.0,0.0,0.0,0.0
395376.206,0.0,-2.0,2.0,0.47999998927116394,0.0,3.0,3.0,3.0,0.0
395386.207,0.0,0.0,0.0,0.0,0.0,-3.0,-3.0,-3.0,-2.0
395397.209,0.0,1.0,-1.0,-0.23999999463558197,-0.0,-1.5,-1.0,-1.0,0.0
395407.209,0.0,0.0,0.0,0.0,0.0,1.5,1.0,1.0,-2.0
395418.201,0.0,-1.0,1.0,0.23999999463558197,0.0,1.5,1.0,1.0,-1.0
395428.202,0.0,-1.0,1.0,0.23999999463558197,0.0,0.0,0.0,0.0,-1.0
395438.717,0.0,0.0,0.0,0.0,0.0,-1.5,-1.0,-1.0,0.0
395448.717,0.0,0.0,0.0,0.0,0.0,0.0,0.0,0.0,0.0
395458.718,0.0,0.0,0.0,0.0,0.0,0.0,0.0,0.0,-2.0
395469.201,0.0,0.0,0.0,0.0,0.0,0.0,0.0,0.0,-1.0
395480.205,0.0,0.0,0.0,0.0,0.0,0.0,0.0,0.0,0.0
395490.206,0.0,1.0,-1.0,-0.23999999463558197,-0.0,-1.5,-1.0,-1.0,0.0
395500.207,0.0,1.0,-1.0,-0.23999999463558197,-0.0,0.0,0.0,0.0,0.0
395510.208,0.0,-1.0,1.0,0.23999999463558197,0.0,3.0,3.0,3.0,0.0
395521.2,0.0,0.0,0.0,0.0,0.0,-1.5,-1.0,-1.0,-1.0
395532.205,0.0,0.0,0.0,0.0,0.0,0.0,0.0,0.0,-1.0
395543.201,0.0,0.0,0.0,0.0,0.0,0.0,0.0,0.0,-1.0
395554.205,1.0,0.0,0.0,0.0,0.0,0.0,0.0,0.0,0.0
395564.206,0.0,0.0,0.0,0.0,0.0,0.0,0.0,0.0,-2.0
395574.206,0.0,0.0,0.0,0.0,0.0,0.0,0.0,0.0,-1.0
395585.157,0.0,-1.0,1.0,0.23999999463558197,0.0,1.5,1.0,1.0,-1.0
395595.158,0.0,0.0,0.0,0.0,0.0,-1.5,-1.0,-1.0,0.0
395606.393,0.0,-1.0,1.0,0.23999999463558197,0.0,1.5,1.0,1.0,0.0
395616.393,0.0,-1.0,1.0,0.23999999463558197,0.0,0.0,0.0,0.0,-1.0
395627.204,0.0,-2.0,2.0,0.47999998927116394,0.0,1.5,1.0,1.0,-1.0
395638.204,0.0,-2.0,2.0,0.47999998927116394,0.0,0.0,0.0,0.0,-1.0
395649.201,0.0,0.0,0.0,0.0,0.0,-3.0,-3.0,-3.0,-1.0
395659.202,0.0,0.0,0.0,0.0,0.0,0.0,0.0,0.0,-1.0
395670.2,0.0,0.0,0.0,0.0,0.0,0.0,0.0,0.0,-2.0
395681.204,0.0,-1.0,1.0,0.23999999463558197,0.0,1.5,1.0,1.0,-1.0
395691.204,0.0,0.0,0.0,0.0,0.0,-1.5,-1.0,-1.0,0.0
395701.206,0.0,0.0,0.0,0.0,0.0,0.0,0.0,0.0,0.0
395711.962,0.0,0.0,0.0,0.0,0.0,0.0,0.0,0.0,0.0
395722.201,0.0,0.0,0.0,0.0,0.0,0.0,0.0,0.0,0.0
395732.201,0.0,0.0,0.0,0.0,0.0,0.0,0.0,0.0,0.0
395742.202,0.0,-1.0,1.0,0.23999999463558197,0.0,1.5,1.0,1.0,0.0
395754.2,0.0,0.0,0.0,0.0,0.0,-1.5,-1.0,-1.0,-1.0
395764.404,0.0,-1.0,1.0,0.23999999463558197,0.0,1.5,1.0,1.0,-1.0
395774.405,0.0,0.0,0.0,0.0,0.0,-1.5,-1.0,-1.0,-1.0
395785.157,0.0,0.0,0.0,0.0,0.0,0.0,0.0,0.0,-1.0
395795.158,0.0,0.0,0.0,0.0,0.0,0.0,0.0,0.0,0.0
395805.158,0.0,0.0,0.0,0.0,0.0,0.0,0.0,0.0,-1.0
395816.205,0.0,0.0,0.0,0.0,0.0,0.0,0.0,0.0,-1.0
395827.205,0.0,0.0,0.0,0.0,0.0,0.0,0.0,0.0,-3.0
395838.201,0.0,0.0,0.0,0.0,0.0,0.0,0.0,0.0,0.0
395848.201,0.0,0.0,0.0,0.0,0.0,0.0,0.0,0.0,-2.0
395859.201,0.0,0.0,0.0,0.0,0.0,0.0,0.0,0.0,-1.0
395869.202,0.0,1.0,-1.0,-0.23999999463558197,-0.0,-1.5,-1.0,-1.0,-1.0
395879.203,0.0,0.0,0.0,0.0,0.0,1.5,1.0,1.0,-1.0
395890.205,0.0,-2.0,2.0,0.47999998927116394,0.0,3.0,3.0,3.0,-2.0
395901.2,0.0,0.0,0.0,0.0,0.0,0.0,0.0,0.0,-1.0
395911.201,0.0,-1.0,1.0,0.23999999463558197,0.0,1.5,1.0,1.0,0.0
395921.201,0.0,-1.0,1.0,0.23999999463558197,0.0,0.0,0.0,0.0,-1.0
395931.202,0.0,-1.0,1.0,0.23999999463558197,0.0,0.0,0.0,0.0,-3.0
395941.203,0.0,0.0,0.0,0.0,0.0,-1.5,-1.0,-1.0,-2.0
395951.204,0.0,0.0,0.0,0.0,0.0,0.0,0.0,0.0,0.0
395961.204,0.0,0.0,0.0,0.0,0.0,0.0,0.0,0.0,0.0
395971.246,0.0,0.0,0.0,0.0,0.0,0.0,0.0,0.0,1.0
395982.205,0.0,-1.0,1.0,0.23999999463558197,0.0,1.5,1.0,1.0,-1.0
395993.201,0.0,-1.0,1.0,0.23999999463558197,0.0,0.0,0.0,0.0,-1.0
396003.855,0.0,-1.0,1.0,0.23999999463558197,0.0,0.0,0.0,0.0,-1.0
396013.857,0.0,-1.0,1.0,0.23999999463558197,0.0,0.0,0.0,0.0,-1.0
396023.858,0.0,-1.0,1.0,0.23999999463558197,0.0,0.0,0.0,0.0,-1.0
396034.201,0.0,0.0,0.0,0.0,0.0,-1.5,-1.0,-1.0,-1.0
396044.201,0.0,0.0,0.0,0.0,0.0,0.0,0.0,0.0,0.0
396054.202,0.0,-2.0,2.0,0.47999998927116394,0.0,3.0,3.0,3.0,-1.0
396064.202,0.0,1.0,-1.0,-0.23999999463558197,-0.0,-4.5,-4.0,-4.0,0.0
396074.203,0.0,0.0,0.0,0.0,0.0,1.5,1.0,1.0,-1.0
396084.204,0.0,0.0,0.0,0.0,0.0,0.0,0.0,0.0,-3.0
396094.254,0.0,0.0,0.0,0.0,0.0,0.0,0.0,0.0,-3.0
396105.205,0.0,0.0,0.0,0.0,0.0,0.0,0.0,0.0,0.0
396115.205,0.0,0.0,0.0,0.0,0.0,0.0,0.0,0.0,0.0
396126.201,0.0,2.0,-2.0,-0.47999998927116394,-0.0,-3.0,-3.0,-3.0,-1.0
396136.611,0.0,-1.0,1.0,0.23999999463558197,0.0,4.5,4.0,4.0,0.0
396147.201,1.0,0.0,0.0,0.0,0.0,-1.5,-1.0,-1.0,0.0
396157.201,1.0,-1.0,1.0,0.23999999463558197,0.0,1.5,1.0,1.0,-1.0
396167.201,1.0,-1.0,1.0,0.23999999463558197,0.0,0.0,0.0,0.0,-1.0
396177.202,1.0,-1.0,1.0,0.23999999463558197,0.0,0.0,0.0,0.0,-1.0
396188.205,1.0,-1.0,1.0,0.23999999463558197,0.0,0.0,0.0,0.0,-1.0
396198.205,1.0,-1.0,1.0,0.23999999463558197,0.0,0.0,0.0,0.0,-2.0
396209.201,1.0,-1.0,1.0,0.23999999463558197,0.0,0.0,0.0,0.0,-2.0
396220.204,1.0,-1.0,1.0,0.23999999463558197,0.0,0.0,0.0,0.0,-1.0
396231.201,1.0,0.0,0.0,0.0,0.0,-1.5,-1.0,-1.0,-3.0
396242.205,1.0,0.0,0.0,0.0,0.0,0.0,0.0,0.0,0.0
396252.206,1.0,0.0,0.0,0.0,0.0,0.0,0.0,0.0,-1.0
396263.201,1.0,-1.0,1.0,0.23999999463558197,0.0,1.5,1.0,1.0,-2.0
396273.201,1.0,1.0,-1.0,-0.23999999463558197,-0.0,-3.0,-3.0,-3.0,-3.0
396283.202,1.0,-1.0,1.0,0.23999999463558197,0.0,3.0,3.0,3.0,-2.0
396293.203,1.0,-1.0,1.0,0.23999999463558197,0.0,0.0,0.0,0.0,-2.0
396304.208,1.0,0.0,0.0,0.0,0.0,-1.5,-1.0,-1.0,-2.0
396314.347,1.0,0.0,0.0,0.0,0.0,0.0,0.0,0.0,-1.0
396325.205,1.0,-1.0,1.0,0.23999999463558197,0.0,1.5,1.0,1.0,0.0
396335.206,1.0,-1.0,1.0,0.23999999463558197,0.0,0.0,0.0,0.0,0.0
396345.207,1.0,0.0,0.0,0.0,0.0,-1.5,-1.0,-1.0,-1.0
396356.2,1.0,0.0,0.0,0.0,0.0,0.0,0.0,0.0,-1.0
396367.204,1.0,0.0,0.0,0.0,0.0,0.0,0.0,0.0,-1.0
396378.205,1.0,-1.0,1.0,0.23999999463558197,0.0,1.5,1.0,1.0,2.0
396388.205,1.0,-1.0,1.0,0.23999999463558197,0.0,0.0,0.0,0.0,2.0
396399.204,1.0,1.0,-1.0,-0.23999999463558197,-0.0,-3.0,-3.0,-3.0,-2.0
396410.202,1.0,1.0,-1.0,-0.23999999463558197,-0.0,0.0,0.0,0.0,-1.0
396421.204,1.0,-1.0,1.0,0.23999999463558197,0.0,3.0,3.0,3.0,-1.0
396431.205,1.0,-1.0,1.0,0.23999999463558197,0.0,0.0,0.0,0.0,-2.0
396442.208,1.0,0.0,0.0,0.0,0.0,-1.5,-1.0,-1.0,0.0
396452.209,1.0,0.0,0.0,0.0,0.0,0.0,0.0,0.0,-1.0
396462.209,1.0,0.0,0.0,0.0,0.0,0.0,0.0,0.0,-1.0
396473.204,1.0,1.0,-1.0,-0.23999999463558197,-0.0,-1.5,-1.0,-1.0,-1.0
396484.201,1.0,0.0,0.0,0.0,0.0,1.5,1.0,1.0,-1.0
396494.202,1.0,0.0,0.0,0.0,0.0,0.0,0.0,0.0,0.0
396505.205,1.0,-1.0,1.0,0.23999999463558197,0.0,1.5,1.0,1.0,0.0
396516.157,1.0,-1.0,1.0,0.23999999463558197,0.0,0.0,0.0,0.0,-2.0
396527.204,1.0,0.0,0.0,0.0,0.0,-1.5,-1.0,-1.0,-1.0
396538.201,1.0,-1.0,1.0,0.23999999463558197,0.0,1.5,1.0,1.0,-1.0
396548.202,1.0,0.0,0.0,0.0,0.0,-1.5,-1.0,-1.0,-1.0
396559.204,1.0,0.0,0.0,0.0,0.0,0.0,0.0,0.0,-1.0
396569.205,1.0,1.0,-1.0,-0.23999999463558197,-0.0,-1.5,-1.0,-1.0,-1.0
396579.206,1.0,0.0,0.0,0.0,0.0,1.5,1.0,1.0,0.0
396589.207,1.0,0.0,0.0,0.0,0.0,0.0,0.0,0.0,-1.0
396599.208,1.0,0.0,0.0,0.0,0.0,0.0,0.0,0.0,-1.0
396609.209,1.0,0.0,0.0,0.0,0.0,0.0,0.0,0.0,0.0
396620.208,1.0,0.0,0.0,0.0,0.0,0.0,0.0,0.0,-1.0
396631.2,1.0,0.0,0.0,0.0,0.0,0.0,0.0,0.0,0.0
396641.2,1.0,0.0,0.0,0.0,0.0,0.0,0.0,0.0,-2.0
396652.328,1.0,0.0,0.0,0.0,0.0,0.0,0.0,0.0,-3.0
396662.329,1.0,0.0,0.0,0.0,0.0,0.0,0.0,0.0,-2.0
396672.33,1.0,0.0,0.0,0.0,0.0,0.0,0.0,0.0,-1.0
396683.2,1.0,0.0,0.0,0.0,0.0,0.0,0.0,0.0,-1.0
396693.2,1.0,0.0,0.0,0.0,0.0,0.0,0.0,0.0,-1.0
396704.2,1.0,0.0,0.0,0.0,0.0,0.0,0.0,0.0,-1.0
396714.201,1.0,1.0,-1.0,-0.23999999463558197,-0.0,-1.5,-1.0,-1.0,-2.0
396724.202,1.0,-2.0,2.0,0.47999998927116394,0.0,4.5,4.0,4.0,0.0
396735.204,1.0,-1.0,1.0,0.23999999463558197,0.0,-1.5,-1.0,-1.0,0.0
396745.204,1.0,0.0,0.0,0.0,0.0,-1.5,-1.0,-1.0,0.0
396756.201,1.0,0.0,0.0,0.0,0.0,0.0,0.0,0.0,0.0
396767.204,1.0,0.0,0.0,0.0,0.0,1.5,1.0,1.0,-2.0
396778.205,1.0,-1.0,1.0,0.23999999463558197,0.0,1.5,1.0,1.0,-1.0
396789.2,1.0,0.0,0.0,0.0,0.0,-1.5,-1.0,-1.0,-1.0
396799.201,1.0,0.0,0.0,0.0,0.0,0.0,0.0,0.0,-1.0
396809.214,1.0,2.0,-2.0,-0.47999998927116394,-0.0,-3.0,-3.0,-3.0,0.0
396819.214,1.0,1.0,-1.0,-0.23999999463558197,-0.0,1.5,1.0,1.0,-1.0
396829.214,1.0,0.0,0.0,0.0,0.0,1.5,1.0,1.0,-2.0
396840.205,1.0,-1.0,1.0,0.23999999463558197,0.0,1.5,1.0,1.0,0.0
396851.201,1.0,0.0,0.0,0.0,0.0,-1.5,-1.0,-1.0,0.0
396862.205,1.0,0.0,0.0,0.0,0.0,0.0,0.0,0.0,-3.0
396873.205,1.0,0.0,0.0,0.0,0.0,0.0,0.0,0.0,-1.0
396883.206,1.0,0.0,0.0,0.0,0.0,0.0,0.0,0.0,0.0
396893.206,1.0,-1.0,1.0,0.23999999463558197,0.0,1.5,1.0,1.0,0.0
396904.205,1.0,-1.0,1.0,0.23999999463558197,0.0,0.0,0.0,0.0,0.0
396914.206,1.0,0.0,0.0,0.0,0.0,-1.5,-1.0,-1.0,-2.0
396924.206,1.0,0.0,0.0,0.0,0.0,0.0,0.0,0.0,-2.0
396934.609,1.0,0.0,0.0,0.0,0.0,0.0,0.0,0.0,-1.0
396944.864,1.0,1.0,-1.0,-0.23999999463558197,-0.0,-1.5,-1.0,-1.0,-1.0
396954.865,1.0,0.0,0.0,0.0,0.0,1.5,1.0,1.0,0.0
396965.205,1.0,0.0,0.0,0.0,0.0,0.0,0.0,0.0,0.0
396975.206,1.0,-1.0,1.0,0.23999999463558197,0.0,1.5,1.0,1.0,-1.0
396986.205,1.0,0.0,0.0,0.0,0.0,-1.5,-1.0,-1.0,0.0
396996.205,1.0,0.0,0.0,0.0,0.0,0.0,0.0,0.0,0.0
397007.2,1.0,0.0,0.0,0.0,0.0,0.0,0.0,0.0,-2.0
397017.201,1.0,0.0,0.0,0.0,0.0,0.0,0.0,0.0,-1.0
397027.202,1.0,0.0,0.0,0.0,0.0,0.0,0.0,0.0,-1.0
397038.201,1.0,-1.0,1.0,0.23999999463558197,0.0,1.5,1.0,1.0,0.0
397048.202,1.0,0.0,0.0,0.0,0.0,-1.5,-1.0,-1.0,-2.0
397059.204,1.0,0.0,0.0,0.0,0.0,-1.5,-1.0,-1.0,0.0
397070.201,1.0,1.0,-1.0,-0.23999999463558197,-0.0,-1.5,-1.0,-1.0,-1.0
397081.208,1.0,1.0,-1.0,-0.23999999463558197,-0.0,0.0,0.0,0.0,-1.0
397092.201,1.0,-2.0,2.0,0.47999998927116394,0.0,4.5,4.0,4.0,0.0
397102.202,1.0,-1.0,1.0,0.23999999463558197,0.0,-1.5,-1.0,-1.0,0.0
397112.202,1.0,-1.0,1.0,0.23999999463558197,0.0,0.0,0.0,0.0,-1.0
397122.203,1.0,1.0,-1.0,-0.23999999463558197,-0.0,-3.0,-3.0,-3.0,-2.0
397133.2,1.0,-1.0,1.0,0.23999999463558197,0.0,3.0,3.0,3.0,-1.0
397143.2,1.0,-1.0,1.0,0.23999999463558197,0.0,0.0,0.0,0.0,0.0
397154.201,1.0,-1.0,1.0,0.23999999463558197,0.0,0.0,0.0,0.0,0.0
397165.204,1.0,-2.0,2.0,0.47999998927116394,0.0,1.5,1.0,1.0,0.0
397175.204,1.0,0.0,0.0,0.0,0.0,-3.0,-3.0,-3.0,-1.0
397186.201,1.0,-2.0,2.0,0.47999998927116394,0.0,3.0,3.0,3.0,-1.0
397196.202,1.0,-1.0,1.0,0.23999999463558197,0.0,-1.5,-1.0,-1.0,-2.0
397207.201,1.0,-1.0,1.0,0.23999999463558197,0.0,0.0,0.0,0.0,-2.0
397217.202,1.0,-1.0,1.0,0.23999999463558197,0.0,0.0,0.0,0.0,-2.0
397227.203,1.0,-1.0,1.0,0.23999999463558197,0.0,0.0,0.0,0.0,-2.0
397237.203,1.0,0.0,0.0,0.0,0.0,-1.5,-1.0,-1.0,-1.0
397248.208,1.0,-2.0,2.0,0.47999998927116394,0.0,3.0,3.0,3.0,-2.0
397258.307,1.0,-1.0,1.0,0.23999999463558197,0.0,-1.5,-1.0,-1.0,-2.0
397269.205,1.0,-4.0,4.0,0.9599999785423279,0.0,4.5,5.0,5.0,-1.0
397279.206,1.0,-4.0,4.0,0.9599999785423279,0.0,0.0,0.0,0.0,-1.0
397290.205,1.0,-3.0,2.0,0.47999998927116394,0.0,-3.0,-2.0,-2.0,-1.0
397300.205,1.0,-3.0,3.0,0.7199999690055847,0.0,1.5,2.0,2.0,-1.0
397311.205,1.0,-3.0,3.0,0.7199999690055847,0.0,0.0,0.0,0.0,-1.0
397321.205,1.0,-4.0,4.0,0.9599999785423279,0.0,1.5,2.0,2.0,-1.0
397331.206,1.0,-4.0,4.0,0.9599999785423279,0.0,0.0,0.0,0.0,0.0
397341.206,1.0,-5.0,5.0,1.1999999284744263,0.0,1.5,2.0,2.0,-1.0
397351.207,1.0,-5.0,5.0,1.1999999284744263,0.0,0.0,1.0,1.0,0.0
397362.205,1.0,-6.0,6.0,1.4399999380111694,0.0,1.5,2.0,2.0,-1.0
397373.479,1.0,-6.0,6.0,1.4399999380111694,0.0,0.0,1.0,1.0,-1.0
397383.479,1.0,-4.0,4.0,0.9599999785423279,0.0,-3.0,-2.0,-2.0,0.0
397394.357,1.0,-5.0,5.0,1.1999999284744263,0.0,1.5,2.0,2.0,-1.0
397404.357,1.0,-4.0,4.0,0.9599999785423279,0.0,-1.5,0.0,0.0,-2.0
397415.201,1.0,-4.0,4.0,0.9599999785423279,0.0,0.0,0.0,0.0,-3.0
397425.201,1.0,-5.0,5.0,1.1999999284744263,0.0,1.5,2.0,2.0,0.0
397435.201,1.0,-6.0,6.0,1.4399999380111694,0.0,1.5,2.0,2.0,-1.0
397446.2,1.0,-6.0,6.0,1.4399999380111694,0.0,0.0,1.0,1.0,-1.0
397457.205,1.0,-6.0,6.0,1.4399999380111694,0.0,0.0,1.0,1.0,0.0
397467.206,1.0,-6.0,6.0,1.4399999380111694,0.0,0.0,1.0,1.0,0.0
397478.205,1.0,-7.0,7.0,1.6799999475479126,0.0,1.5,3.0,3.0,-1.0
397489.201,2.0,-7.0,7.0,1.6799999475479126,0.0,0.0,1.0,1.0,-1.0
397500.205,1.0,-7.0,7.0,1.6799999475479126,0.0,0.0,1.0,1.0,-1.0
397511.201,1.0,-7.0,7.0,1.6799999475479126,0.0,0.0,1.0,1.0,0.0
397522.204,2.0,-10.0,10.0,2.3999998569488525,0.0,1.5,3.0,3.0,-1.0
397532.905,2.0,-10.0,10.0,2.3999998569488525,0.0,0.0,2.0,2.0,-1.0
397542.906,2.0,-11.0,11.0,2.6399998664855957,0.0,1.5,4.0,4.0,-2.0
397553.209,2.0,-10.0,10.0,2.3999998569488525,0.0,-1.5,0.0,0.0,-1.0
397564.201,2.0,-12.0,12.0,2.879999876022339,0.0,3.0,5.0,5.0,-1.0
397575.205,2.0,-12.0,12.0,2.879999876022339,0.0,0.0,2.0,2.0,-1.0
397585.872,3.0,-14.0,14.0,3.359999895095825,0.0,3.0,6.0,6.0,-2.0
397596.205,3.0,-13.0,13.0,3.119999885559082,0.0,-1.5,1.0,1.0,-1.0
397606.206,4.0,-13.0,13.0,3.119999885559082,0.0,0.0,3.0,3.0,-2.0
397616.207,4.0,-14.0,14.0,3.359999895095825,0.0,1.5,4.0,4.0,-1.0
397627.201,4.0,-15.0,15.0,3.5999999046325684,0.0,1.5,5.0,5.0,-1.0
397637.201,4.0,-15.0,15.0,3.5999999046325684,0.0,0.0,3.0,3.0,0.0
397647.201,5.0,-17.0,17.0,4.079999923706055,0.0,3.0,7.0,7.0,0.0
397658.204,5.0,-18.0,18.0,4.319999694824219,0.0,1.5,5.0,5.0,-1.0
397668.204,7.0,-18.0,18.0,4.319999694824219,0.0,0.0,4.0,4.0,-1.0
397678.205,8.0,-17.0,17.0,4.079999923706055,0.0,-1.5,2.0,2.0,-1.0
397689.201,8.0,-20.0,20.0,4.799999713897705,0.0,4.5,9.0,9.0,-3.0
397700.204,8.0,-19.0,19.0,4.559999942779541,0.0,-1.5,3.0,3.0,-3.0
397710.205,10.0,-18.0,18.0,4.319999694824219,0.0,-1.5,2.0,2.0,-2.0
397720.205,10.0,-20.0,20.0,4.799999713897705,0.0,3.0,7.0,7.0,-1.0
397731.209,10.0,-21.0,21.0,5.039999961853027,0.0,1.5,6.0,6.0,-1.0
397741.302,11.0,-22.0,22.0,5.279999732971191,0.0,1.5,6.0,6.0,-2.0
397752.205,12.0,-23.0,23.0,5.519999980926514,0.0,1.5,7.0,7.0,-1.0
397763.173,13.0,-24.0,24.0,5.759999752044678,0.0,1.5,7.0,7.0,0.0
397773.173,14.0,-24.0,24.0,5.759999752044678,0.0,0.0,5.0,5.0,0.0
397784.205,15.0,-28.0,28.0,6.71999979019165,0.0,4.5,11.0,11.0,-1.0
397795.201,17.0,-28.0,28.0,6.71999979019165,0.0,0.0,6.0,6.0,-2.0
397806.205,19.0,-31.0,31.0,7.440000057220459,0.0,4.5,11.0,11.0,-1.0
397817.201,21.0,-31.0,31.0,7.440000057220459,0.0,0.0,7.0,7.0,-1.0
397828.205,24.0,-33.0,33.0,7.919999599456787,0.0,3.0,10.0,10.0,0.0
397839.201,27.0,-35.0,35.0,8.399999618530273,0.0,3.0,11.0,11.0,-2.0
397850.205,32.0,-36.0,36.0,8.639999389648438,0.0,1.5,10.0,10.0,-1.0
397861.201,38.0,-36.0,36.0,8.639999389648438,0.0,0.0,8.0,8.0,-1.0
397871.201,45.0,-38.0,38.0,9.119999885559082,0.0,3.0,12.0,12.0,-1.0
397882.204,53.0,-39.0,39.0,9.359999656677246,0.0,1.5,10.0,10.0,-2.0
397893.201,62.0,-40.0,40.0,9.59999942779541,0.0,1.5,11.0,11.0,0.0
397904.205,72.0,-43.0,43.0,10.319999694824219,0.0,4.5,14.0,14.0,0.0
397914.206,84.0,-44.0,44.0,10.559999465942383,0.0,1.5,12.0,12.0,-1.0
397924.207,96.0,-45.0,45.0,10.800000190734863,0.0,1.5,12.0,12.0,-1.0
397935.206,122.0,-49.0,49.0,11.75999927520752,0.0,6.0,17.0,17.0,-1.0
397945.208,136.0,-51.0,51.0,12.239999771118164,0.0,3.0,15.0,15.0,-1.0
397955.209,153.0,-53.0,53.0,12.719999313354492,0.0,3.0,15.0,15.0,0.0
397966.157,171.0,-53.0,53.0,12.719999313354492,0.0,0.0,12.0,12.0,0.0
397976.683,190.0,-55.0,55.0,13.199999809265137,0.0,3.0,16.0,16.0,0.0
397986.683,208.0,-56.0,56.0,13.4399995803833,0.0,1.5,14.0,14.0,-1.0
397996.684,227.0,-61.0,61.0,14.639999389648438,0.0,7.5,22.0,22.0,-1.0
398007.2,248.0,-64.0,64.0,15.359999656677246,0.0,4.5,19.0,19.0,-2.0
398017.2,271.0,-66.0,66.0,15.839999198913574,0.0,3.0,18.0,18.0,-1.0
398028.2,297.0,-67.0,67.0,16.079999923706055,0.0,1.5,17.0,17.0,0.0
398038.201,322.0,-71.0,71.0,17.03999900817871,0.0,6.0,23.0,23.0,-2.0
398048.202,348.0,-73.0,73.0,17.520000457763672,0.0,3.0,20.0,20.0,-2.0
398058.203,378.0,-75.0,75.0,18.0,0.0,3.0,21.0,21.0,-1.0
398069.204,407.0,-75.0,75.0,18.0,0.0,0.0,18.0,18.0,-1.0
398080.2,437.0,-81.0,81.0,19.439998626708984,0.0,9.0,28.0,28.0,-1.0
398091.209,470.0,-83.0,83.0,19.920000076293945,0.0,3.0,22.0,22.0,-1.0
398101.209,507.0,-88.0,88.0,21.119998931884766,0.0,7.5,28.0,28.0,-1.0
398111.209,545.0,-88.0,88.0,21.119998931884766,0.0,0.0,21.0,21.0,-2.0
398121.21,585.0,-88.0,88.0,21.119998931884766,0.0,0.0,21.0,21.0,-2.0
398131.21,625.0,-89.0,89.0,21.35999870300293,0.0,1.5,22.0,22.0,0.0
398142.201,664.0,-91.0,91.0,21.84000015258789,0.0,3.0,24.0,24.0,0.0
398152.201,703.0,-94.0,94.0,22.559999465942383,0.0,4.5,27.0,27.0,2.0
398163.2,743.0,-94.0,94.0,22.559999465942383,0.0,0.0,22.0,22.0,2.0
398173.2,784.0,-92.0,92.0,22.079999923706055,0.0,-3.0,19.0,19.0,1.0
398184.201,823.0,-94.0,94.0,22.559999465942383,0.0,3.0,25.0,25.0,-1.0
398195.204,861.0,-95.0,95.0,22.799999237060547,0.0,1.5,24.0,24.0,-2.0
398206.209,900.0,-97.0,97.0,23.279998779296875,0.0,3.0,26.0,26.0,-1.0
398217.201,982.0,-97.0,97.0,23.279998779296875,0.0,-3.0,20.0,20.0,-3.0
398228.205,1023.0,-98.0,98.0,23.51999855041504,0.0,1.5,25.0,25.0,-2.0
398238.206,1065.0,-90.0,90.0,21.600000381469727,0.0,-12.0,9.0,9.0,-1.0
398249.2,1102.0,-90.0,90.0,21.600000381469727,0.0,0.0,21.0,21.0,-1.0
398259.2,1134.0,-90.0,90.0,21.600000381469727,0.0,0.0,21.0,21.0,-1.0
398269.201,1166.0,-93.0,93.0,22.31999969482422,0.0,4.5,26.0,26.0,0.0
398280.157,1200.0,-91.0,91.0,21.84000015258789,0.0,-3.0,18.0,18.0,0.0
398290.158,1234.0,-88.0,88.0,21.119998931884766,0.0,-4.5,16.0,16.0,-2.0
398300.159,1267.0,-83.0,83.0,19.920000076293945,0.0,-7.5,12.0,12.0,0.0
398311.2,1298.0,-85.0,85.0,20.399999618530273,0.0,3.0,23.0,23.0,-2.0
398322.204,1328.0,-83.0,83.0,19.920000076293945,0.0,-3.0,16.0,16.0,-2.0
398332.204,1357.0,-83.0,83.0,19.920000076293945,0.0,0.0,19.0,19.0,-2.0
398343.204,1386.0,-75.0,75.0,18.0,0.0,-12.0,6.0,6.0,-2.0
398354.201,1414.0,-72.0,72.0,17.279998779296875,0.0,-4.5,12.0,12.0,0.0
398364.202,1437.0,-71.0,71.0,17.03999900817871,0.0,-1.5,15.0,15.0,-1.0
398374.402,1457.0,-65.0,65.0,15.59999942779541,0.0,-9.0,6.0,6.0,0.0
398384.404,1475.0,-57.0,57.0,13.679999351501465,0.0,-12.0,1.0,1.0,-1.0
398394.405,1488.0,-49.0,49.0,11.75999927520752,0.0,-12.0,0.0,0.0,-1.0
398404.405,1492.0,-45.0,45.0,10.800000190734863,0.0,-6.0,4.0,4.0,-2.0
398415.2,1493.0,-40.0,40.0,9.59999942779541,0.0,-7.5,2.0,2.0,-3.0
398426.204,1493.0,-29.0,29.0,6.960000038146973,0.0,-16.5,-9.0,-9.0,-2.0
398437.158,1491.0,-16.0,16.0,3.8399999141693115,0.0,-19.5,-15.0,-15.0,0.0
398447.159,1483.0,-16.0,16.0,3.8399999141693115,0.0,0.0,3.0,3.0,0.0
398457.159,1478.0,-9.0,9.0,2.1599998474121094,0.0,-10.5,-8.0,-8.0,0.0
398467.16,1476.0,-8.0,8.0,1.9199999570846558,0.0,-1.5,0.0,0.0,-1.0
398478.204,1473.0,-8.0,8.0,1.9199999570846558,0.0,0.0,1.0,1.0,-1.0
398488.205,1473.0,8.0,-8.0,-1.9199999570846558,-0.0,-24.0,-25.0,-25.0,-1.0
398499.201,1457.0,27.0,-27.0,-6.480000019073486,-0.0,-9.0,-15.0,-15.0,-1.0
398510.205,1437.0,32.0,-32.0,-7.679999828338623,-0.0,-7.5,-15.0,-15.0,0.0
398521.204,1417.0,40.0,-40.0,-9.59999942779541,-0.0,-12.0,-21.0,-21.0,0.0
398532.201,1394.0,46.0,-46.0,-11.039999961853027,-0.0,-9.0,-20.0,-20.0,-2.0
398542.201,1368.0,46.0,-46.0,-11.039999961853027,-0.0,0.0,-11.0,-11.0,-2.0
398552.201,1343.0,60.0,-60.0,-14.399999618530273,-0.0,-21.0,-35.0,-35.0,-1.0
398562.201,1317.0,60.0,-60.0,-14.399999618530273,-0.0,0.0,-14.0,-14.0,-1.0
398572.201,1285.0,61.0,-61.0,-14.639999389648438,-0.0,-1.5,-16.0,-16.0,-1.0
398582.202,1255.0,62.0,-62.0,-14.880000114440918,-0.0,-1.5,-16.0,-16.0,-2.0
398593.2,1229.0,68.0,-68.0,-16.31999969482422,-0.0,-9.0,-25.0,-25.0,-2.0
398604.205,1201.0,74.0,-74.0,-17.760000228881836,-0.0,-9.0,-26.0,-26.0,0.0
398615.204,1170.0,77.0,-77.0,-18.479999542236328,-0.0,-4.5,-22.0,-22.0,0.0
398625.205,1137.0,77.0,-77.0,-18.479999542236328,-0.0,0.0,-18.0,-18.0,0.0
398636.204,1105.0,78.0,-78.0,-18.719999313354492,-0.0,-1.5,-20.0,-20.0,0.0
398647.201,1074.0,84.0,-84.0,-20.15999984741211,-0.0,-9.0,-29.0,-29.0,-2.0
398658.204,1039.0,85.0,-85.0,-20.399999618530273,-0.0,-1.5,-21.0,-21.0,0.0
398669.201,1004.0,80.0,-80.0,-19.19999885559082,-0.0,7.5,-11.0,-11.0,-1.0
398679.201,973.0,77.0,-77.0,-18.479999542236328,-0.0,4.5,-13.0,-13.0,0.0
398690.201,921.0,73.0,-73.0,-17.520000457763672,-0.0,-1.5,-19.0,-19.0,-2.0
398701.205,902.0,61.0,-61.0,-14.639999389648438,-0.0,18.0,3.0,3.0,0.0
398712.201,890.0,53.0,-53.0,-12.719999313354492,-0.0,12.0,0.0,0.0,0.0
398722.201,886.0,53.0,-53.0,-12.719999313354492,-0.0,0.0,-12.0,-12.0,0.0
398732.202,882.0,51.0,-51.0,-12.239999771118164,-0.0,3.0,-9.0,-9.0,-1.0
398742.376,876.0,44.0,-44.0,-10.559999465942383,-0.0,10.5,0.0,0.0,-2.0
398753.475,872.0,35.0,-35.0,-8.399999618530273,-0.0,13.5,5.0,5.0,0.0
398763.476,873.0,32.0,-32.0,-7.679999828338623,-0.0,4.5,-3.0,-3.0,-1.0
398773.477,872.0,14.0,-14.0,-3.359999895095825,-0.0,27.0,23.0,23.0,0.0
398783.477,877.0,4.0,-4.0,-0.9599999785423279,-0.0,15.0,14.0,14.0,0.0
398794.204,890.0,-8.0,8.0,1.9199999570846558,0.0,18.0,19.0,19.0,-1.0
398805.201,905.0,-26.0,26.0,6.239999771118164,0.0,27.0,33.0,33.0,0.0
398816.205,927.0,-26.0,26.0,6.239999771118164,0.0,0.0,6.0,6.0,0.0
398827.204,954.0,-35.0,35.0,8.399999618530273,0.0,13.5,21.0,21.0,0.0
398837.205,978.0,-55.0,55.0,13.199999809265137,0.0,30.0,43.0,43.0,-1.0
398848.205,1009.0,-71.0,71.0,17.03999900817871,0.0,24.0,41.0,41.0,-3.0
398859.2,1054.0,-79.0,79.0,18.959999084472656,0.0,12.0,30.0,30.0,-1.0
398869.201,1105.0,-87.0,87.0,20.8799991607666,0.0,12.0,32.0,32.0,-2.0
398879.201,1160.0,-116.0,116.0,27.84000015258789,0.0,43.5,71.0,71.0,-2.0
398889.864,1227.0,-143.0,143.0,34.31999969482422,0.0,40.5,74.0,74.0,-1.0
398900.205,1316.0,-166.0,166.0,39.84000015258789,0.0,34.5,74.0,74.0,0.0
398910.206,1423.0,-170.0,170.0,40.79999923706055,0.0,6.0,46.0,46.0,0.0
398921.201,1540.0,-196.0,196.0,47.03999710083008,0.0,39.0,86.0,86.0,0.0
398932.205,1813.0,-220.0,220.0,52.79999923706055,0.0,10.5,63.0,63.0,-1.0
398943.206,1960.0,-225.0,225.0,54.0,0.0,7.5,61.0,61.0,-2.0
398954.201,2105.0,-237.0,237.0,56.87999725341797,0.0,18.0,74.0,74.0,-1.0
398965.205,2257.0,-274.0,274.0,65.76000213623047,0.0,55.5,121.0,121.0,-4.0
398975.206,2427.0,-276.0,276.0,66.23999786376953,0.0,3.0,69.0,69.0,-3.0
398986.204,2611.0,-292.0,292.0,70.08000183105469,0.0,24.0,94.0,94.0,-1.0
398997.2,2794.0,-298.0,298.0,71.5199966430664,0.0,9.0,80.0,0.0,0.0
399007.2,2963.0,-321.0,321.0,77.04000091552734,0.0,34.5,111.0,0.0,-1.0
399018.205,3088.0,-321.0,321.0,77.04000091552734,0.0,0.0,77.0,0.0,-1.0
399029.2,3177.0,-332.0,332.0,79.68000030517578,0.0,16.5,96.0,0.0,-2.0
399041.173,3235.0,-334.0,334.0,80.15999603271484,0.0,3.0,83.0,0.0,-1.0
399051.174,3269.0,-349.0,349.0,83.75999450683594,0.0,22.5,106.0,0.0,0.0
399062.2,3292.0,-362.0,362.0,86.87999725341797,0.0,19.5,106.0,0.0,0.0
399073.204,3305.0,-360.0,360.0,86.4000015258789,0.0,-3.0,83.0,0.0,0.0
399083.205,3304.0,-375.0,375.0,90.0,0.0,22.5,112.0,0.0,-3.0
399094.363,3303.0,-385.0,385.0,92.4000015258789,0.0,15.0,107.0,0.0,-2.0
399105.205,3303.0,-390.0,390.0,93.5999984741211,0.0,7.5,101.0,0.0,-1.0
399116.2,3302.0,-386.0,386.0,92.63999938964844,0.0,-6.0,86.0,0.0,-2.0
399126.2,3302.0,-375.0,375.0,90.0,0.0,-16.5,73.0,0.0,-2.0
399136.2,3302.0,-372.0,372.0,89.27999877929688,0.0,-4.5,84.0,0.0,-2.0
399146.2,3302.0,-389.0,389.0,93.36000061035156,0.0,25.5,118.0,0.0,-1.0
399157.2,3302.0,-398.0,398.0,95.5199966430664,0.0,13.5,109.0,0.0,-1.0
399168.201,3302.0,-343.0,343.0,82.31999969482422,0.0,-82.5,0.0,0.0,-2.0
399179.205,3302.0,-334.0,334.0,80.15999603271484,0.0,-13.5,66.0,0.0,-2.0
399190.205,3302.0,-326.0,326.0,78.23999786376953,0.0,-12.0,66.0,0.0,-3.0
399201.201,3302.0,-299.0,299.0,71.76000213623047,0.0,-40.5,31.0,0.0,-2.0
399212.205,3301.0,-299.0,299.0,71.76000213623047,0.0,0.0,71.0,0.0,-2.0
399223.205,3301.0,-264.0,264.0,63.3599967956543,0.0,-52.5,10.0,0.0,-3.0
399234.201,3301.0,-215.0,215.0,51.599998474121094,0.0,-3.0,48.0,0.0,-1.0
399245.205,3301.0,-173.0,173.0,41.52000045776367,0.0,-63.0,-21.0,0.0,0.0
399256.2,3301.0,-120.0,120.0,28.799999237060547,0.0,-79.5,-50.0,0.0,0.0
399266.2,3301.0,-55.0,55.0,13.199999809265137,0.0,-97.5,-84.0,0.0,-2.0
399277.201,3301.0,-40.0,40.0,9.59999942779541,0.0,-22.5,-12.0,0.0,2.0
399288.204,3301.0,-23.0,23.0,5.519999980926514,0.0,-25.5,-19.0,0.0,3.0
399298.205,3301.0,0.0,0.0,0.0,0.0,-34.5,-34.0,0.0,0.0
399309.204,3301.0,0.0,0.0,0.0,0.0,0.0,0.0,0.0,0.0
399319.205,3301.0,5.0,-5.0,-1.1999999284744263,-0.0,-7.5,-8.0,0.0,1.0
399330.201,3301.0,-19.0,19.0,4.559999942779541,0.0,36.0,40.0,0.0,0.0
399341.205,3301.0,-22.0,22.0,5.279999732971191,0.0,4.5,9.0,0.0,0.0
399351.206,3301.0,-59.0,59.0,14.15999984741211,0.0,55.5,69.0,0.0,0.0
399361.671,3301.0,-70.0,70.0,16.799999237060547,0.0,16.5,33.0,0.0,-1.0
399372.204,3301.0,-85.0,85.0,20.399999618530273,0.0,22.5,42.0,0.0,0.0
399382.205,3301.0,-107.0,107.0,25.68000030517578,0.0,33.0,58.0,0.0,-1.0
399393.201,3301.0,-141.0,141.0,33.84000015258789,0.0,51.0,84.0,0.0,-1.0
399403.202,3301.0,-151.0,151.0,36.23999786376953,0.0,15.0,51.0,0.0,-1.0
399413.203,3301.0,-151.0,151.0,36.23999786376953,0.0,0.0,36.0,0.0,-1.0
399424.2,3301.0,-179.0,179.0,42.959999084472656,0.0,42.0,84.0,0.0,0.0
399434.2,3301.0,-197.0,197.0,47.279998779296875,0.0,27.0,74.0,0.0,-1.0
399445.215,3301.0,-234.0,234.0,56.15999984741211,0.0,22.5,78.0,0.0,0.0
399456.204,3301.0,-267.0,267.0,64.08000183105469,0.0,49.5,113.0,0.0,-1.0
399466.205,3301.0,-308.0,308.0,73.91999816894531,0.0,61.5,135.0,0.0,-2.0
399477.201,3301.0,-335.0,335.0,80.4000015258789,0.0,40.5,120.0,0.0,0.0
399488.205,3301.0,-362.0,362.0,86.87999725341797,0.0,40.5,127.0,0.0,-1.0
399498.206,3301.0,-362.0,362.0,86.87999725341797,0.0,0.0,86.0,0.0,-1.0
399509.201,3301.0,-397.0,397.0,95.27999877929688,0.0,52.5,147.0,0.0,0.0
399520.209,3301.0,-422.0,422.0,101.27999877929688,0.0,37.5,138.0,0.0,-1.0
399530.21,3301.0,-448.0,448.0,107.5199966430664,0.0,39.0,146.0,0.0,0.0
399540.251,3301.0,-470.0,470.0,112.79999542236328,0.0,33.0,145.0,0.0,-1.0
399550.251,3301.0,-509.0,509.0,122.15999603271484,0.0,58.5,180.0,0.0,0.0
399561.204,3301.0,-563.0,563.0,135.1199951171875,0.0,81.0,216.0,0.0,-1.0
399571.204,3301.0,-579.0,579.0,138.95999145507812,0.0,24.0,162.0,0.0,0.0
399582.204,3301.0,-629.0,629.0,150.95999145507812,0.0,75.0,225.0,0.0,-1.0
399593.2,3301.0,-629.0,629.0,150.95999145507812,0.0,0.0,150.0,0.0,-1.0
399604.204,3301.0,-659.0,659.0,158.16000366210938,0.0,45.0,203.0,0.0,-1.0
399614.204,3301.0,-698.0,698.0,167.51998901367188,0.0,58.5,226.0,0.0,-1.0
399624.204,3301.0,-736.0,736.0,176.63999938964844,0.0,57.0,233.0,0.0,-2.0
399635.201,3301.0,-772.0,772.0,185.27999877929688,0.0,54.0,239.0,0.0,0.0
399646.205,3301.0,-849.0,806.0,193.44000244140625,0.0,51.0,244.0,0.0,-1.0
399657.201,3302.0,-867.0,867.0,208.0800018310547,0.0,27.0,235.0,0.0,-1.0
399667.202,3302.0,-931.0,931.0,223.44000244140625,0.0,96.0,319.0,0.0,0.0
399677.203,3301.0,-931.0,931.0,223.44000244140625,0.0,0.0,223.0,0.0,0.0
399688.205,3302.0,-988.0,988.0,237.1199951171875,0.0,85.5,322.0,0.0,-1.0
399699.209,3302.0,-1015.0,1015.0,243.59999084472656,0.0,40.5,284.0,0.0,-2.0
399710.157,3302.0,-1080.0,1080.0,259.1999816894531,0.0,97.5,356.0,0.0,-1.0
399721.325,3303.0,-1111.0,1111.0,266.6399841308594,0.0,46.5,313.0,0.0,-1.0
399732.202,3302.0,-1165.0,1165.0,279.6000061035156,0.0,81.0,360.0,0.0,-1.0
399743.157,3302.0,-1186.0,1186.0,284.6399841308594,0.0,31.5,316.0,0.0,-2.0
399753.158,3302.0,-1266.0,1266.0,303.8399963378906,0.0,120.0,423.0,0.0,-2.0
399763.158,3302.0,-1283.0,1283.0,307.91998291015625,0.0,25.5,333.0,0.0,0.0
399774.205,3302.0,-1323.0,1323.0,317.5199890136719,0.0,60.0,377.0,0.0,-1.0
399785.201,3302.0,-1377.0,1377.0,330.47998046875,0.0,81.0,411.0,0.0,-1.0
399795.201,3302.0,-1397.0,1397.0,335.2799987792969,0.0,30.0,365.0,0.0,-1.0
399805.202,3302.0,-1470.0,1470.0,352.79998779296875,0.0,109.5,462.0,0.0,-1.0
399816.204,3302.0,-1522.0,1522.0,365.2799987792969,0.0,78.0,443.0,0.0,-1.0
399826.205,3302.0,-1584.0,1584.0,380.1600036621094,0.0,93.0,473.0,0.0,-2.0
399837.205,3302.0,-1635.0,1635.0,392.3999938964844,0.0,76.5,468.0,0.0,-1.0
399847.205,3302.0,-1720.0,1720.0,412.79998779296875,0.0,127.5,540.0,0.0,0.0
399857.206,3302.0,-1772.0,1772.0,425.2799987792969,0.0,78.0,503.0,0.0,-1.0
399867.207,3302.0,-1869.0,1869.0,448.55999755859375,0.0,145.5,594.0,0.0,0.0
399878.201,3302.0,-1901.0,1901.0,456.239990234375,0.0,48.0,504.0,0.0,-4.0
399888.202,3302.0,-1916.0,1916.0,459.8399963378906,0.0,22.5,482.0,0.0,-2.0
399899.205,3302.0,-1949.0,1949.0,467.7599792480469,0.0,49.5,517.0,0.0,-1.0
399910.201,3302.0,-1983.0,1983.0,475.91998291015625,0.0,51.0,526.0,0.0,-3.0
399920.202,3302.0,-2005.0,2005.0,481.1999816894531,0.0,33.0,514.0,0.0,-1.0
399931.204,3302.0,-2032.0,2032.0,487.67999267578125,0.0,40.5,528.0,0.0,-1.0
399942.201,3302.0,-2036.0,2036.0,488.6399841308594,0.0,6.0,494.0,0.0,-1.0
399952.202,3302.0,-2041.0,2041.0,489.8399963378906,0.0,7.5,497.0,0.0,2.0
399963.201,3302.0,-2041.0,2041.0,489.8399963378906,0.0,0.0,489.0,0.0,2.0
399973.201,3302.0,-2042.0,2042.0,490.0799865722656,0.0,1.5,491.0,0.0,0.0
399984.201,3302.0,-2038.0,2038.0,489.1199951171875,0.0,-6.0,483.0,0.0,1.0
399996.176,3302.0,-2037.0,2037.0,488.8799743652344,0.0,-1.5,487.0,0.0,3.0
400007.205,3301.0,-2005.0,2005.0,481.1999816894531,0.0,-48.0,433.0,0.0,3.0
400018.2,3302.0,-1973.0,1973.0,473.5199890136719,0.0,-48.0,425.0,0.0,2.0
400028.864,3302.0,-1930.0,1930.0,463.1999816894531,0.0,-18.0,445.0,0.0,1.0
400039.1,3302.0,-1879.0,1879.0,450.9599914550781,0.0,-76.5,374.0,0.0,-1.0
400049.101,3302.0,-1879.0,1879.0,450.9599914550781,0.0,0.0,450.0,0.0,-1.0
400060.1,3302.0,-1825.0,1825.0,438.0,0.0,-81.0,357.0,0.0,-1.0
400070.1,3302.0,-1793.0,1793.0,430.3199768066406,0.0,-48.0,382.0,0.0,-1.0
400080.101,3302.0,-1715.0,1715.0,411.5999755859375,0.0,-117.0,294.0,0.0,0.0
400091.205,3302.0,-1641.0,1641.0,393.8399963378906,0.0,-111.0,282.0,0.0,-2.0
400102.212,3302.0,-1608.0,1608.0,385.91998291015625,0.0,-49.5,336.0,0.0,0.0
400113.204,3302.0,-1558.0,1558.0,373.91998291015625,0.0,-75.0,298.0,0.0,-1.0
400124.2,3302.0,-1512.0,1512.0,362.8800048828125,0.0,-69.0,293.0,0.0,0.0
400135.205,3302.0,-1499.0,1499.0,359.7599792480469,0.0,-19.5,340.0,0.0,0.0
400146.2,3302.0,-1469.0,1469.0,352.55999755859375,0.0,-45.0,307.0,0.0,-1.0
400157.204,3302.0,-1433.0,1433.0,343.91998291015625,0.0,-54.0,289.0,0.0,-1.0
400168.2,3302.0,-1393.0,1393.0,334.32000732421875,0.0,-60.0,274.0,0.0,0.0
400178.249,3302.0,-1374.0,1374.0,329.7599792480469,0.0,-28.5,301.0,0.0,0.0
400188.25,3302.0,-1324.0,1324.0,317.7599792480469,0.0,-75.0,242.0,0.0,-1.0
400198.251,3302.0,-1314.0,1314.0,315.3599853515625,0.0,-15.0,300.0,0.0,-1.0
400208.898,3302.0,-1278.0,1278.0,306.7200012207031,0.0,-54.0,252.0,0.0,0.0
400218.899,3302.0,-1227.0,1227.0,294.47998046875,0.0,-76.5,217.0,0.0,-1.0
400229.173,3302.0,-1209.0,1209.0,290.1600036621094,0.0,-27.0,263.0,0.0,-2.0
400239.174,3302.0,-1209.0,1209.0,290.1600036621094,0.0,0.0,290.0,0.0,-2.0
400250.2,3302.0,-1184.0,1184.0,284.1600036621094,0.0,-37.5,246.0,0.0,-1.0
400261.204,3302.0,-1146.0,1146.0,275.0400085449219,0.0,-43.5,231.0,0.0,0.0
400272.201,3302.0,-1140.0,1140.0,273.6000061035156,0.0,-9.0,264.0,0.0,0.0
400283.205,3302.0,-1117.0,1117.0,268.0799865722656,0.0,-34.5,233.0,0.0,-1.0
400293.206,3302.0,-1096.0,1096.0,263.0400085449219,0.0,-31.5,231.0,0.0,-1.0
400303.207,3301.0,-1083.0,1083.0,259.91998291015625,0.0,-19.5,240.0,0.0,0.0
400314.204,3302.0,-1071.0,1071.0,257.0400085449219,0.0,-18.0,239.0,0.0,-1.0
400325.2,3302.0,-1071.0,1071.0,257.0400085449219,0.0,0.0,257.0,0.0,-1.0
400335.2,3302.0,-1068.0,1068.0,256.32000732421875,0.0,-4.5,251.0,0.0,-1.0
400346.208,3302.0,-1054.0,1054.0,252.95999145507812,0.0,-21.0,231.0,0.0,0.0
400356.209,3302.0,-1048.0,1048.0,251.51998901367188,0.0,-9.0,242.0,0.0,-1.0
400366.21,3302.0,-1046.0,1046.0,251.0399932861328,0.0,-3.0,248.0,0.0,0.0
400377.201,3302.0,-1041.0,1041.0,249.83999633789062,0.0,-7.5,242.0,0.0,0.0
400387.202,3301.0,-1040.0,1040.0,249.59999084472656,0.0,-1.5,248.0,0.0,0.0
400397.202,3302.0,-1040.0,1040.0,249.59999084472656,0.0,0.0,249.0,0.0,0.0
400408.204,3301.0,-1041.0,1041.0,249.83999633789062,0.0,1.5,251.0,0.0,0.0
400419.2,3302.0,-1041.0,1041.0,249.83999633789062,0.0,0.0,249.0,0.0,0.0
400430.205,3302.0,-1045.0,1045.0,250.79998779296875,0.0,6.0,256.0,0.0,-2.0
400441.205,3302.0,-1052.0,1052.0,252.47999572753906,0.0,10.5,262.0,0.0,-1.0
400452.2,3301.0,-1071.0,1071.0,257.0400085449219,0.0,13.5,270.0,0.0,-2.0
400462.2,3302.0,-1079.0,1079.0,258.9599914550781,0.0,12.0,270.0,0.0,-3.0
400472.201,3302.0,-1089.0,1089.0,261.3599853515625,0.0,15.0,276.0,0.0,0.0
400482.202,3302.0,-1105.0,1105.0,265.1999816894531,0.0,24.0,289.0,0.0,0.0
400493.201,3302.0,-1120.0,1120.0,268.79998779296875,0.0,22.5,291.0,0.0,0.0
400503.296,3302.0,-1120.0,1120.0,268.79998779296875,0.0,0.0,268.0,0.0,0.0
400514.201,3302.0,-1141.0,1141.0,273.8399963378906,0.0,31.5,305.0,0.0,0.0
400524.201,3302.0,-1156.0,1156.0,277.44000244140625,0.0,22.5,299.0,0.0,-1.0
400534.201,3302.0,-1184.0,1184.0,284.1600036621094,0.0,42.0,326.0,0.0,0.0
400544.201,3302.0,-1198.0,1198.0,287.5199890136719,0.0,21.0,308.0,0.0,0.0
400554.201,3302.0,-1198.0,1198.0,287.5199890136719,0.0,0.0,287.0,0.0,0.0
400565.2,3302.0,-1237.0,1237.0,296.8800048828125,0.0,58.5,355.0,0.0,-3.0
400576.205,3302.0,-1277.0,1277.0,306.47998046875,0.0,60.0,366.0,0.0,0.0
400587.201,3302.0,-1292.0,1292.0,310.0799865722656,0.0,22.5,332.0,0.0,-2.0
400597.631,3302.0,-1319.0,1319.0,316.55999755859375,0.0,40.5,357.0,0.0,-1.0
400607.631,3302.0,-1341.0,1341.0,321.8399963378906,0.0,33.0,354.0,0.0,0.0
400618.204,3302.0,-1352.0,1352.0,324.47998046875,0.0,16.5,340.0,0.0,-1.0
400628.205,3302.0,-1395.0,1395.0,334.79998779296875,0.0,64.5,399.0,0.0,-3.0
400639.2,3302.0,-1426.0,1426.0,342.239990234375,0.0,46.5,388.0,0.0,-2.0
400650.205,3302.0,-1452.0,1452.0,348.47998046875,0.0,39.0,387.0,0.0,-1.0
400661.043,3302.0,-1465.0,1465.0,351.6000061035156,0.0,19.5,371.0,0.0,-1.0
400671.043,3302.0,-1536.0,1536.0,368.6399841308594,0.0,106.5,475.0,0.0,-1.0
400681.2,3302.0,-1551.0,1551.0,372.239990234375,0.0,22.5,394.0,0.0,0.0
400691.201,3302.0,-1585.0,1585.0,380.3999938964844,0.0,51.0,431.0,0.0,-2.0
400702.209,3302.0,-1585.0,1585.0,380.3999938964844,0.0,0.0,380.0,0.0,-2.0
400712.209,3301.0,-1650.0,1650.0,396.0,0.0,97.5,493.0,0.0,-1.0
400723.205,3302.0,-1681.0,1681.0,403.44000244140625,0.0,46.5,449.0,0.0,0.0
400734.201,3302.0,-1765.0,1765.0,423.5999755859375,0.0,39.0,462.0,0.0,-2.0
400744.201,3301.0,-1850.0,1850.0,444.0,0.0,127.5,571.0,0.0,0.0
400755.2,3302.0,-1892.0,1892.0,454.0799865722656,0.0,63.0,517.0,0.0,-2.0
400766.208,3302.0,-1896.0,1896.0,455.03997802734375,0.0,6.0,461.0,0.0,-2.0
400777.2,3302.0,-1917.0,1917.0,460.0799865722656,0.0,31.5,491.0,0.0,-2.0
400788.204,3301.0,-1917.0,1917.0,460.0799865722656,0.0,0.0,460.0,0.0,-2.0
400799.2,3302.0,-1955.0,1955.0,469.1999816894531,0.0,57.0,526.0,0.0,-2.0
400810.204,3301.0,-1975.0,1975.0,474.0,0.0,30.0,504.0,0.0,0.0
400820.204,3301.0,-1998.0,1998.0,479.5199890136719,0.0,34.5,514.0,0.0,-2.0
400830.204,3301.0,-2007.0,2007.0,481.67999267578125,0.0,13.5,495.0,0.0,0.0
400840.903,3301.0,-2020.0,2020.0,484.79998779296875,0.0,19.5,504.0,0.0,1.0
400850.905,3302.0,-2021.0,2021.0,485.03997802734375,0.0,1.5,486.0,0.0,0.0
400861.2,3301.0,-2021.0,2021.0,485.03997802734375,0.0,0.0,485.0,0.0,2.0
400871.2,3301.0,-2020.0,2020.0,484.79998779296875,0.0,-1.5,483.0,0.0,1.0
400882.201,3301.0,-2013.0,2013.0,483.1199951171875,0.0,-10.5,472.0,0.0,3.0
400893.205,3301.0,-2013.0,2013.0,483.1199951171875,0.0,0.0,483.0,0.0,3.0
400903.206,3301.0,-1988.0,1988.0,477.1199951171875,0.0,-37.5,439.0,0.0,1.0
400914.2,3301.0,-1934.0,1934.0,464.1600036621094,0.0,-81.0,383.0,0.0,2.0
400924.201,3301.0,-1917.0,1917.0,460.0799865722656,0.0,-25.5,434.0,0.0,-1.0
400935.204,3301.0,-1876.0,1876.0,450.239990234375,0.0,-36.0,414.0,0.0,-3.0
400946.201,3301.0,-1832.0,1832.0,439.67999267578125,0.0,-66.0,373.0,0.0,-1.0
400956.202,3301.0,-1777.0,1777.0,426.47998046875,0.0,-82.5,343.0,0.0,0.0
400967.201,3301.0,-1750.0,1750.0,420.0,0.0,-40.5,379.0,0.0,-2.0
400977.202,3301.0,-1750.0,1750.0,420.0,0.0,0.0,420.0,0.0,-2.0
400988.201,3301.0,-1695.0,1695.0,406.79998779296875,0.0,-82.5,324.0,0.0,-1.0
400998.201,3301.0,-1664.0,1664.0,399.3599853515625,0.0,-46.5,352.0,0.0,-1.0
401008.202,3301.0,-1629.0,1629.0,390.9599914550781,0.0,-52.5,338.0,0.0,-2.0
401018.203,3301.0,-1600.0,1600.0,384.0,0.0,-43.5,340.0,0.0,-3.0
401029.2,3301.0,-1595.0,1595.0,382.79998779296875,0.0,-7.5,375.0,0.0,-2.0
401040.204,3301.0,-1558.0,1558.0,373.91998291015625,0.0,-55.5,318.0,0.0,-2.0
401050.205,3301.0,-1545.0,1545.0,370.79998779296875,0.0,-19.5,351.0,0.0,-1.0
401061.205,3301.0,-1510.0,1510.0,362.3999938964844,0.0,-52.5,309.0,0.0,-1.0
401072.201,3301.0,-1510.0,1510.0,362.3999938964844,0.0,0.0,362.0,0.0,-1.0
401083.205,3301.0,-1497.0,1497.0,359.2799987792969,0.0,-19.5,339.0,0.0,-1.0
401094.363,3301.0,-1480.0,1480.0,355.1999816894531,0.0,-25.5,329.0,0.0,-1.0
401105.204,3301.0,-1473.0,1473.0,353.5199890136719,0.0,-10.5,343.0,0.0,-2.0
401116.204,3301.0,-1453.0,1453.0,348.7200012207031,0.0,-3.0,345.0,0.0,0.0
401127.1,3301.0,-1443.0,1443.0,346.32000732421875,0.0,-15.0,331.0,0.0,-1.0
401137.101,3301.0,-1439.0,1439.0,345.3599853515625,0.0,-6.0,339.0,0.0,-1.0
401148.1,3301.0,-1433.0,1433.0,343.91998291015625,0.0,-9.0,334.0,0.0,-3.0
401158.101,3301.0,-1433.0,1433.0,343.91998291015625,0.0,0.0,343.0,0.0,-3.0
401169.204,3301.0,-1432.0,1432.0,343.67999267578125,0.0,-1.5,342.0,0.0,-1.0
401179.204,3301.0,-1432.0,1432.0,343.67999267578125,0.0,0.0,343.0,0.0,0.0
401189.267,3301.0,-1434.0,1434.0,344.1600036621094,0.0,3.0,347.0,0.0,-1.0
401200.2,3302.0,-1439.0,1439.0,345.3599853515625,0.0,7.5,352.0,0.0,0.0
401211.173,3302.0,-1447.0,1447.0,347.2799987792969,0.0,12.0,359.0,0.0,-2.0
401222.173,3302.0,-1454.0,1454.0,348.9599914550781,0.0,10.5,359.0,0.0,-1.0
401233.2,3302.0,-1468.0,1468.0,352.32000732421875,0.0,21.0,373.0,0.0,0.0
401244.205,3302.0,-1482.0,1482.0,355.67999267578125,0.0,21.0,376.0,0.0,0.0
401255.204,3302.0,-1496.0,1496.0,359.03997802734375,0.0,21.0,380.0,0.0,-1.0
401265.204,3302.0,-1496.0,1496.0,359.03997802734375,0.0,0.0,359.0,0.0,-1.0
401276.204,3302.0,-1509.0,1509.0,362.1600036621094,0.0,19.5,381.0,0.0,0.0
401287.204,3302.0,-1557.0,1529.0,366.9599914550781,0.0,30.0,396.0,0.0,0.0
401298.201,3301.0,-1572.0,1572.0,377.2799987792969,0.0,22.5,399.0,0.0,-1.0
401309.205,3301.0,-1611.0,1611.0,386.6399841308594,0.0,58.5,445.0,0.0,-1.0
401320.201,3301.0,-1631.0,1631.0,391.44000244140625,0.0,30.0,421.0,0.0,-3.0
401330.201,3301.0,-1671.0,1671.0,401.03997802734375,0.0,60.0,461.0,0.0,-3.0
401340.202,3301.0,-1671.0,1671.0,401.03997802734375,0.0,0.0,401.0,0.0,-3.0
401351.204,3301.0,-1714.0,1714.0,411.3599853515625,0.0,64.5,475.0,0.0,0.0
401362.201,3301.0,-1714.0,1714.0,411.3599853515625,0.0,0.0,411.0,0.0,0.0
401373.362,3301.0,-1746.0,1746.0,419.03997802734375,0.0,48.0,467.0,0.0,-1.0
401383.363,3301.0,-1817.0,1817.0,436.0799865722656,0.0,106.5,542.0,0.0,-1.0
401394.208,3301.0,-1829.0,1829.0,438.9599914550781,0.0,18.0,456.0,0.0,1.0
401405.201,3301.0,-1886.0,1886.0,452.6399841308594,0.0,85.5,538.0,0.0,-1.0
401416.014,3301.0,-1892.0,1892.0,454.0799865722656,0.0,9.0,463.0,0.0,-3.0
401426.015,3301.0,-1909.0,1909.0,458.1600036621094,0.0,25.5,483.0,0.0,-2.0
401436.2,3301.0,-1921.0,1921.0,461.03997802734375,0.0,18.0,479.0,0.0,-2.0
401446.201,3301.0,-1921.0,1921.0,461.03997802734375,0.0,0.0,461.0,0.0,-2.0
401456.202,3301.0,-1941.0,1941.0,465.8399963378906,0.0,30.0,495.0,0.0,0.0
401467.205,3301.0,-1959.0,1959.0,470.1600036621094,0.0,27.0,497.0,0.0,0.0
401478.2,3301.0,-1985.0,1985.0,476.3999938964844,0.0,39.0,515.0,0.0,0.0
401488.2,3301.0,-1990.0,1990.0,477.5999755859375,0.0,7.5,485.0,0.0,0.0
401499.201,3301.0,-2002.0,2002.0,480.47998046875,0.0,3.0,483.0,0.0,1.0
401510.204,3301.0,-2002.0,2002.0,480.47998046875,0.0,0.0,480.0,0.0,0.0
401520.204,3301.0,-2002.0,2002.0,480.47998046875,0.0,0.0,480.0,0.0,0.0
401530.205,3301.0,-1998.0,1998.0,479.5199890136719,0.0,-6.0,473.0,0.0,2.0
401540.205,3301.0,-1985.0,1985.0,476.3999938964844,0.0,-19.5,456.0,0.0,2.0
401550.206,3301.0,-1973.0,1973.0,473.5199890136719,0.0,-18.0,455.0,0.0,0.0
401561.205,3301.0,-1948.0,1948.0,467.5199890136719,0.0,-37.5,430.0,0.0,0.0
401572.157,3301.0,-1925.0,1925.0,462.0,0.0,-34.5,427.0,0.0,1.0
401583.2,3301.0,-1909.0,1909.0,458.1600036621094,0.0,-24.0,434.0,0.0,-1.0
401594.204,3301.0,-1901.0,1901.0,456.239990234375,0.0,-12.0,444.0,0.0,0.0
401605.205,3301.0,-1873.0,1873.0,449.5199890136719,0.0,-42.0,407.0,0.0,-1.0
401616.2,3301.0,-1854.0,1854.0,444.9599914550781,0.0,-28.5,416.0,0.0,0.0
401627.205,3301.0,-1791.0,1791.0,429.8399963378906,0.0,-94.5,335.0,0.0,-1.0
401638.205,3301.0,-1791.0,1791.0,429.8399963378906,0.0,0.0,429.0,0.0,-1.0
401648.206,3301.0,-1780.0,1780.0,427.1999816894531,0.0,-16.5,410.0,0.0,0.0
401659.205,3300.0,-1758.0,1758.0,421.91998291015625,0.0,-33.0,388.0,0.0,-1.0
401670.205,3301.0,-1720.0,1720.0,412.79998779296875,0.0,-6.0,406.0,0.0,-1.0
401680.206,3301.0,-1699.0,1699.0,407.7599792480469,0.0,-31.5,376.0,0.0,-1.0
401691.2,3301.0,-1689.0,1689.0,405.3599853515625,0.0,-15.0,390.0,0.0,0.0
401702.205,3301.0,-1672.0,1672.0,401.2799987792969,0.0,-25.5,375.0,0.0,-1.0
401712.205,3301.0,-1668.0,1668.0,400.3199768066406,0.0,-6.0,394.0,0.0,-2.0
401722.205,3301.0,-1663.0,1663.0,399.1199951171875,0.0,-7.5,391.0,0.0,-1.0
401733.487,3301.0,-1662.0,1662.0,398.8800048828125,0.0,-1.5,397.0,0.0,0.0
401744.205,3301.0,-1656.0,1656.0,397.44000244140625,0.0,-9.0,388.0,0.0,-1.0
401754.206,3301.0,-1657.0,1657.0,397.67999267578125,0.0,1.5,399.0,0.0,-1.0
401764.699,3301.0,-1658.0,1658.0,397.91998291015625,0.0,1.5,399.0,0.0,-2.0
401775.2,3301.0,-1664.0,1664.0,399.3599853515625,0.0,9.0,408.0,0.0,-1.0
401785.201,3301.0,-1666.0,1666.0,399.8399963378906,0.0,3.0,402.0,0.0,-1.0
401795.201,3301.0,-1677.0,1677.0,402.47998046875,0.0,16.5,418.0,0.0,-1.0
401806.201,3301.0,-1686.0,1686.0,404.6399841308594,0.0,13.5,418.0,0.0,-2.0
401816.201,3301.0,-1695.0,1695.0,406.79998779296875,0.0,13.5,420.0,0.0,-1.0
401827.2,3301.0,-1695.0,1695.0,406.79998779296875,0.0,13.5,420.0,0.0,-1.0
401838.205,3301.0,-1695.0,1695.0,406.79998779296875,0.0,13.5,420.0,0.0,-1.0
401848.205,3301.0,-1695.0,1695.0,406.79998779296875,0.0,13.5,420.0,0.0,-1.0
401859.2,3301.0,-1695.0,1695.0,406.79998779296875,0.0,13.5,420.0,0.0,-1.0
401870.205,3301.0,-1695.0,1695.0,406.79998779296875,0.0,13.5,420.0,0.0,-1.0
401881.201,3301.0,-1695.0,1695.0,406.79998779296875,0.0,13.5,420.0,0.0,-1.0
401891.201,3301.0,-1695.0,1695.0,406.79998779296875,0.0,13.5,420.0,0.0,-1.0
401902.201,3301.0,-1695.0,1695.0,406.79998779296875,0.0,13.5,420.0,0.0,-1.0
401912.202,3301.0,-1695.0,1695.0,406.79998779296875,0.0,13.5,420.0,0.0,-1.0
401922.202,3301.0,-1695.0,1695.0,406.79998779296875,0.0,13.5,420.0,0.0,-1.0
401933.2,3301.0,-1695.0,1695.0,406.79998779296875,0.0,13.5,420.0,0.0,-1.0
401943.2,3301.0,-1695.0,1695.0,406.79998779296875,0.0,13.5,420.0,0.0,-1.0
401954.204,3301.0,-1695.0,1695.0,406.79998779296875,0.0,13.5,420.0,0.0,-1.0
401964.204,3301.0,-1695.0,1695.0,406.79998779296875,0.0,13.5,420.0,0.0,-1.0
401975.204,3301.0,-1695.0,1695.0,406.79998779296875,0.0,13.5,420.0,0.0,-1.0
401986.204,3301.0,-1695.0,1695.0,406.79998779296875,0.0,13.5,420.0,0.0,-1.0
401997.201,3301.0,-1695.0,1695.0,406.79998779296875,0.0,13.5,420.0,0.0,-1.0
402007.202,3301.0,-1695.0,1695.0,406.79998779296875,0.0,13.5,420.0,0.0,-1.0
402018.201,3301.0,-1695.0,1695.0,406.79998779296875,0.0,13.5,420.0,0.0,-1.0
402029.205,3301.0,-1695.0,1695.0,406.79998779296875,0.0,13.5,420.0,0.0,-1.0
402040.201,3301.0,-1695.0,1695.0,406.79998779296875,0.0,13.5,420.0,0.0,-1.0
402050.201,3301.0,-1695.0,1695.0,406.79998779296875,0.0,13.5,420.0,0.0,-1.0
402060.202,3301.0,-1695.0,1695.0,406.79998779296875,0.0,13.5,420.0,0.0,-1.0
402070.203,3301.0,-1695.0,1695.0,406.79998779296875,0.0,13.5,420.0,0.0,-1.0
402080.204,3301.0,-1695.0,1695.0,406.79998779296875,0.0,13.5,420.0,0.0,-1.0
402091.205,3301.0,-1695.0,1695.0,406.79998779296875,0.0,13.5,420.0,0.0,-1.0
402102.217,3301.0,-1695.0,1695.0,406.79998779296875,0.0,13.5,420.0,0.0,-1.0
402112.218,3301.0,-1695.0,1695.0,406.79998779296875,0.0,13.5,420.0,0.0,-1.0
402122.218,3301.0,-1695.0,1695.0,406.79998779296875,0.0,13.5,420.0,0.0,-1.0
402132.219,3301.0,-1695.0,1695.0,406.79998779296875,0.0,13.5,420.0,0.0,-1.0
402142.219,3301.0,-1695.0,1695.0,406.79998779296875,0.0,13.5,420.0,0.0,-1.0
402152.219,3301.0,-1695.0,1695.0,406.79998779296875,0.0,13.5,420.0,0.0,-1.0
402162.219,3301.0,-1695.0,1695.0,406.79998779296875,0.0,13.5,420.0,0.0,-1.0
402172.22,3301.0,-1695.0,1695.0,406.79998779296875,0.0,13.5,420.0,0.0,-1.0
402182.528,3301.0,-1695.0,1695.0,406.79998779296875,0.0,13.5,420.0,0.0,-1.0
402193.2,3301.0,-1695.0,1695.0,406.79998779296875,0.0,13.5,420.0,0.0,-1.0
402204.173,3301.0,-1695.0,1695.0,406.79998779296875,0.0,13.5,420.0,0.0,-1.0
402214.174,3301.0,-1695.0,1695.0,406.79998779296875,0.0,13.5,420.0,0.0,-1.0
402224.175,3301.0,-1695.0,1695.0,406.79998779296875,0.0,13.5,420.0,0.0,-1.0
402235.205,3301.0,-1695.0,1695.0,406.79998779296875,0.0,13.5,420.0,0.0,-1.0
402246.201,3301.0,-1695.0,1695.0,406.79998779296875,0.0,13.5,420.0,0.0,-1.0
402257.205,3301.0,-1695.0,1695.0,406.79998779296875,0.0,13.5,420.0,0.0,-1.0
402268.2,3301.0,-1695.0,1695.0,406.79998779296875,0.0,13.5,420.0,0.0,-1.0
402279.205,3301.0,-1695.0,1695.0,406.79998779296875,0.0,13.5,420.0,0.0,-1.0
402290.201,3301.0,-1695.0,1695.0,406.79998779296875,0.0,13.5,420.0,0.0,-1.0
402301.205,3301.0,-1695.0,1695.0,406.79998779296875,0.0,13.5,420.0,0.0,-1.0
402312.205,3301.0,-1695.0,1695.0,406.79998779296875,0.0,13.5,420.0,0.0,-1.0
402322.206,3301.0,-1695.0,1695.0,406.79998779296875,0.0,13.5,420.0,0.0,-1.0
402332.207,3301.0,-1695.0,1695.0,406.79998779296875,0.0,13.5,420.0,0.0,-1.0
402343.204,3301.0,-1695.0,1695.0,406.79998779296875,0.0,13.5,420.0,0.0,-1.0
402354.201,3301.0,-1695.0,1695.0,406.79998779296875,0.0,13.5,420.0,0.0,-1.0
402364.202,3301.0,-1695.0,1695.0,406.79998779296875,0.0,13.5,420.0,0.0,-1.0
402375.204,3301.0,-1695.0,1695.0,406.79998779296875,0.0,13.5,420.0,0.0,-1.0
402385.205,3301.0,-1695.0,1695.0,406.79998779296875,0.0,13.5,420.0,0.0,-1.0
402396.204,3301.0,-1695.0,1695.0,406.79998779296875,0.0,13.5,420.0,0.0,-1.0
402407.158,3301.0,-1695.0,1695.0,406.79998779296875,0.0,13.5,420.0,0.0,-1.0
402417.159,3301.0,-1695.0,1695.0,406.79998779296875,0.0,13.5,420.0,0.0,-1.0
402428.205,3301.0,-1695.0,1695.0,406.79998779296875,0.0,13.5,420.0,0.0,-1.0
402439.205,3301.0,-1695.0,1695.0,406.79998779296875,0.0,13.5,420.0,0.0,-1.0
402449.205,3301.0,-1695.0,1695.0,406.79998779296875,0.0,13.5,420.0,0.0,-1.0
402460.29,3301.0,-1695.0,1695.0,406.79998779296875,0.0,13.5,420.0,0.0,-1.0
402470.29,3301.0,-1695.0,1695.0,406.79998779296875,0.0,13.5,420.0,0.0,-1.0
402480.29,3301.0,-1695.0,1695.0,406.79998779296875,0.0,13.5,420.0,0.0,-1.0
402491.201,3301.0,-1695.0,1695.0,406.79998779296875,0.0,13.5,420.0,0.0,-1.0
402502.204,3301.0,-1695.0,1695.0,406.79998779296875,0.0,13.5,420.0,0.0,-1.0
402513.201,3301.0,-1695.0,1695.0,406.79998779296875,0.0,13.5,420.0,0.0,-1.0
402524.204,3301.0,-1695.0,1695.0,406.79998779296875,0.0,13.5,420.0,0.0,-1.0
402535.201,3301.0,-1695.0,1695.0,406.79998779296875,0.0,13.5,420.0,0.0,-1.0
402545.202,3301.0,-1695.0,1695.0,406.79998779296875,0.0,13.5,420.0,0.0,-1.0
402556.223,3301.0,-1695.0,1695.0,406.79998779296875,0.0,13.5,420.0,0.0,-1.0
402566.223,3301.0,-1695.0,1695.0,406.79998779296875,0.0,13.5,420.0,0.0,-1.0
402576.224,3301.0,-1695.0,1695.0,406.79998779296875,0.0,13.5,420.0,0.0,-1.0
402586.225,3301.0,-1695.0,1695.0,406.79998779296875,0.0,13.5,420.0,0.0,-1.0
402596.225,3301.0,-1695.0,1695.0,406.79998779296875,0.0,13.5,420.0,0.0,-1.0
402606.226,3301.0,-1695.0,1695.0,406.79998779296875,0.0,13.5,420.0,0.0,-1.0
402617.201,3301.0,-1695.0,1695.0,406.79998779296875,0.0,13.5,420.0,0.0,-1.0
402628.204,3301.0,-1695.0,1695.0,406.79998779296875,0.0,13.5,420.0,0.0,-1.0
402639.201,3301.0,-1695.0,1695.0,406.79998779296875,0.0,13.5,420.0,0.0,-1.0
402649.481,3301.0,-1695.0,1695.0,406.79998779296875,0.0,13.5,420.0,0.0,-1.0
402660.204,3301.0,-1695.0,1695.0,406.79998779296875,0.0,13.5,420.0,0.0,-1.0
402671.205,3301.0,-1695.0,1695.0,406.79998779296875,0.0,13.5,420.0,0.0,-1.0
402682.201,3301.0,-1695.0,1695.0,406.79998779296875,0.0,13.5,420.0,0.0,-1.0
402693.209,3301.0,-1695.0,1695.0,406.79998779296875,0.0,13.5,420.0,0.0,-1.0
402704.201,3301.0,-1695.0,1695.0,406.79998779296875,0.0,13.5,420.0,0.0,-1.0
402715.205,3301.0,-1695.0,1695.0,406.79998779296875,0.0,13.5,420.0,0.0,-1.0
402725.205,3301.0,-1695.0,1695.0,406.79998779296875,0.0,13.5,420.0,0.0,-1.0
402736.371,3301.0,-1695.0,1695.0,406.79998779296875,0.0,13.5,420.0,0.0,-1.0
402746.371,3301.0,-1695.0,1695.0,406.79998779296875,0.0,13.5,420.0,0.0,-1.0
402757.201,3301.0,-1695.0,1695.0,406.79998779296875,0.0,13.5,420.0,0.0,-1.0
402767.202,3301.0,-1695.0,1695.0,406.79998779296875,0.0,13.5,420.0,0.0,-1.0
402778.206,3301.0,-1695.0,1695.0,406.79998779296875,0.0,13.5,420.0,0.0,-1.0
402788.207,3301.0,-1695.0,1695.0,406.79998779296875,0.0,13.5,420.0,0.0,-1.0
402799.2,3301.0,-1695.0,1695.0,406.79998779296875,0.0,13.5,420.0,0.0,-1.0
402810.205,3301.0,-1695.0,1695.0,406.79998779296875,0.0,13.5,420.0,0.0,-1.0
402821.201,3301.0,-1695.0,1695.0,406.79998779296875,0.0,13.5,420.0,0.0,-1.0
402831.202,3301.0,-1695.0,1695.0,406.79998779296875,0.0,13.5,420.0,0.0,-1.0
402841.203,3301.0,-1695.0,1695.0,406.79998779296875,0.0,13.5,420.0,0.0,-1.0
402851.204,3301.0,-1695.0,1695.0,406.79998779296875,0.0,13.5,420.0,0.0,-1.0
402862.2,3301.0,-1695.0,1695.0,406.79998779296875,0.0,13.5,420.0,0.0,-1.0
402873.208,3301.0,-1695.0,1695.0,406.79998779296875,0.0,13.5,420.0,0.0,-1.0
402883.208,3301.0,-1695.0,1695.0,406.79998779296875,0.0,13.5,420.0,0.0,-1.0
402893.256,3301.0,-1695.0,1695.0,406.79998779296875,0.0,13.5,420.0,0.0,-1.0
402903.256,3301.0,-1695.0,1695.0,406.79998779296875,0.0,13.5,420.0,0.0,-1.0
402914.204,3301.0,-1695.0,1695.0,406.79998779296875,0.0,13.5,420.0,0.0,-1.0
402924.204,3301.0,-1695.0,1695.0,406.79998779296875,0.0,13.5,420.0,0.0,-1.0
402935.2,3301.0,-1695.0,1695.0,406.79998779296875,0.0,13.5,420.0,0.0,-1.0
402945.201,3301.0,-1695.0,1695.0,406.79998779296875,0.0,13.5,420.0,0.0,-1.0
402955.202,3301.0,-1695.0,1695.0,406.79998779296875,0.0,13.5,420.0,0.0,-1.0
402965.203,3301.0,-1695.0,1695.0,406.79998779296875,0.0,13.5,420.0,0.0,-1.0
402976.2,3301.0,-1695.0,1695.0,406.79998779296875,0.0,13.5,420.0,0.0,-1.0
402986.2,3301.0,-1695.0,1695.0,406.79998779296875,0.0,13.5,420.0,0.0,-1.0
402996.2,3301.0,-1695.0,1695.0,406.79998779296875,0.0,13.5,420.0,0.0,-1.0
403006.2,3301.0,-1695.0,1695.0,406.79998779296875,0.0,13.5,420.0,0.0,-1.0
403016.2,3301.0,-1695.0,1695.0,406.79998779296875,0.0,13.5,420.0,0.0,-1.0
403026.2,3301.0,-1695.0,1695.0,406.79998779296875,0.0,13.5,420.0,0.0,-1.0
403036.201,3301.0,-1695.0,1695.0,406.79998779296875,0.0,13.5,420.0,0.0,-1.0
403047.204,3301.0,-1695.0,1695.0,406.79998779296875,0.0,13.5,420.0,0.0,-1.0
403058.205,3301.0,-1695.0,1695.0,406.79998779296875,0.0,13.5,420.0,0.0,-1.0
403069.2,3301.0,-1695.0,1695.0,406.79998779296875,0.0,13.5,420.0,0.0,-1.0
403079.2,3301.0,-1695.0,1695.0,406.79998779296875,0.0,13.5,420.0,0.0,-1.0
403090.201,3301.0,-1695.0,1695.0,406.79998779296875,0.0,13.5,420.0,0.0,-1.0
403101.216,3301.0,-1695.0,1695.0,406.79998779296875,0.0,13.5,420.0,0.0,-1.0
403111.217,3301.0,-1695.0,1695.0,406.79998779296875,0.0,13.5,420.0,0.0,-1.0
403122.201,3301.0,-1695.0,1695.0,406.79998779296875,0.0,13.5,420.0,0.0,-1.0
403132.202,3301.0,-1695.0,1695.0,406.79998779296875,0.0,13.5,420.0,0.0,-1.0
403142.202,3301.0,-1695.0,1695.0,406.79998779296875,0.0,13.5,420.0,0.0,-1.0
403152.203,3301.0,-1695.0,1695.0,406.79998779296875,0.0,13.5,420.0,0.0,-1.0
403163.2,3301.0,-1695.0,1695.0,406.79998779296875,0.0,13.5,420.0,0.0,-1.0
403174.204,3301.0,-1695.0,1695.0,406.79998779296875,0.0,13.5,420.0,0.0,-1.0
403184.204,3301.0,-1695.0,1695.0,406.79998779296875,0.0,13.5,420.0,0.0,-1.0
403194.205,3301.0,-1695.0,1695.0,406.79998779296875,0.0,13.5,420.0,0.0,-1.0
403205.205,3301.0,-1695.0,1695.0,406.79998779296875,0.0,13.5,420.0,0.0,-1.0
403216.204,3301.0,-1695.0,1695.0,406.79998779296875,0.0,13.5,420.0,0.0,-1.0
403227.2,3301.0,-1695.0,1695.0,406.79998779296875,0.0,13.5,420.0,0.0,-1.0
403237.2,3301.0,-1695.0,1695.0,406.79998779296875,0.0,13.5,420.0,0.0,-1.0
403248.201,3301.0,-1695.0,1695.0,406.79998779296875,0.0,13.5,420.0,0.0,-1.0
403259.204,3301.0,-1695.0,1695.0,406.79998779296875,0.0,13.5,420.0,0.0,-1.0
403270.201,3301.0,-1695.0,1695.0,406.79998779296875,0.0,13.5,420.0,0.0,-1.0
403280.201,3301.0,-1695.0,1695.0,406.79998779296875,0.0,13.5,420.0,0.0,-1.0
403290.201,3301.0,-1695.0,1695.0,406.79998779296875,0.0,13.5,420.0,0.0,-1.0
403300.201,3301.0,-1695.0,1695.0,406.79998779296875,0.0,13.5,420.0,0.0,-1.0
403311.173,3301.0,-1695.0,1695.0,406.79998779296875,0.0,13.5,420.0,0.0,-1.0
403321.174,3301.0,-1695.0,1695.0,406.79998779296875,0.0,13.5,420.0,0.0,-1.0
403332.2,3301.0,-1695.0,1695.0,406.79998779296875,0.0,13.5,420.0,0.0,-1.0
403343.204,3301.0,-1695.0,1695.0,406.79998779296875,0.0,13.5,420.0,0.0,-1.0
403353.205,3301.0,-1695.0,1695.0,406.79998779296875,0.0,13.5,420.0,0.0,-1.0
403364.201,3301.0,-1695.0,1695.0,406.79998779296875,0.0,13.5,420.0,0.0,-1.0
403374.201,3301.0,-1695.0,1695.0,406.79998779296875,0.0,13.5,420.0,0.0,-1.0
403385.2,3301.0,-1695.0,1695.0,406.79998779296875,0.0,13.5,420.0,0.0,-1.0
403396.205,3301.0,-1695.0,1695.0,406.79998779296875,0.0,13.5,420.0,0.0,-1.0
403407.2,3301.0,-1695.0,1695.0,406.79998779296875,0.0,13.5,420.0,0.0,-1.0
403418.205,3301.0,-1695.0,1695.0,406.79998779296875,0.0,13.5,420.0,0.0,-1.0
403429.2,3301.0,-1695.0,1695.0,406.79998779296875,0.0,13.5,420.0,0.0,-1.0
403439.201,3301.0,-1695.0,1695.0,406.79998779296875,0.0,13.5,420.0,0.0,-1.0
403449.202,3301.0,-1695.0,1695.0,406.79998779296875,0.0,13.5,420.0,0.0,-1.0
403459.203,3301.0,-1695.0,1695.0,406.79998779296875,0.0,13.5,420.0,0.0,-1.0
403469.203,3301.0,-1695.0,1695.0,406.79998779296875,0.0,13.5,420.0,0.0,-1.0
403480.201,3301.0,-1695.0,1695.0,406.79998779296875,0.0,13.5,420.0,0.0,-1.0
403490.202,3301.0,-1695.0,1695.0,406.79998779296875,0.0,13.5,420.0,0.0,-1.0
403501.1,3301.0,-1695.0,1695.0,406.79998779296875,0.0,13.5,420.0,0.0,-1.0
403512.205,3301.0,-1695.0,1695.0,406.79998779296875,0.0,13.5,420.0,0.0,-1.0
403522.206,3301.0,-1695.0,1695.0,406.79998779296875,0.0,13.5,420.0,0.0,-1.0
403533.2,3301.0,-1695.0,1695.0,406.79998779296875,0.0,13.5,420.0,0.0,-1.0
403544.205,3301.0,-1695.0,1695.0,406.79998779296875,0.0,13.5,420.0,0.0,-1.0
403554.205,3301.0,-1695.0,1695.0,406.79998779296875,0.0,13.5,420.0,0.0,-1.0
403565.205,3301.0,-1695.0,1695.0,406.79998779296875,0.0,13.5,420.0,0.0,-1.0
403576.204,3301.0,-1695.0,1695.0,406.79998779296875,0.0,13.5,420.0,0.0,-1.0
403586.205,3301.0,-1695.0,1695.0,406.79998779296875,0.0,13.5,420.0,0.0,-1.0
403596.206,3301.0,-1695.0,1695.0,406.79998779296875,0.0,13.5,420.0,0.0,-1.0
403607.204,3301.0,-1695.0,1695.0,406.79998779296875,0.0,13.5,420.0,0.0,-1.0
403618.205,3301.0,-1695.0,1695.0,406.79998779296875,0.0,13.5,420.0,0.0,-1.0
403628.794,3301.0,-1695.0,1695.0,406.79998779296875,0.0,13.5,420.0,0.0,-1.0
403638.795,3301.0,-1695.0,1695.0,406.79998779296875,0.0,13.5,420.0,0.0,-1.0
403649.479,3301.0,-1695.0,1695.0,406.79998779296875,0.0,13.5,420.0,0.0,-1.0
403660.201,3301.0,-1695.0,1695.0,406.79998779296875,0.0,13.5,420.0,0.0,-1.0
403671.157,3301.0,-1695.0,1695.0,406.79998779296875,0.0,13.5,420.0,0.0,-1.0
403681.157,3301.0,-1695.0,1695.0,406.79998779296875,0.0,13.5,420.0,0.0,-1.0
403691.16,3301.0,-1695.0,1695.0,406.79998779296875,0.0,13.5,420.0,0.0,-1.0
403701.161,3301.0,-1695.0,1695.0,406.79998779296875,0.0,13.5,420.0,0.0,-1.0
403711.162,3301.0,-1695.0,1695.0,406.79998779296875,0.0,13.5,420.0,0.0,-1.0
403722.205,3301.0,-1695.0,1695.0,406.79998779296875,0.0,13.5,420.0,0.0,-1.0
403733.2,3301.0,-1695.0,1695.0,406.79998779296875,0.0,13.5,420.0,0.0,-1.0
403744.209,3301.0,-1695.0,1695.0,406.79998779296875,0.0,13.5,420.0,0.0,-1.0
403755.201,3301.0,-1695.0,1695.0,406.79998779296875,0.0,13.5,420.0,0.0,-1.0
403766.205,3301.0,-1695.0,1695.0,406.79998779296875,0.0,13.5,420.0,0.0,-1.0
403777.2,3301.0,-1695.0,1695.0,406.79998779296875,0.0,13.5,420.0,0.0,-1.0
403788.205,3301.0,-1695.0,1695.0,406.79998779296875,0.0,13.5,420.0,0.0,-1.0
403798.206,3301.0,-1695.0,1695.0,406.79998779296875,0.0,13.5,420.0,0.0,-1.0
403809.204,3301.0,-1695.0,1695.0,406.79998779296875,0.0,13.5,420.0,0.0,-1.0
403819.204,3301.0,-1695.0,1695.0,406.79998779296875,0.0,13.5,420.0,0.0,-1.0
403829.205,3301.0,-1695.0,1695.0,406.79998779296875,0.0,13.5,420.0,0.0,-1.0
403840.173,3301.0,-1695.0,1695.0,406.79998779296875,0.0,13.5,420.0,0.0,-1.0
403850.174,3301.0,-1695.0,1695.0,406.79998779296875,0.0,13.5,420.0,0.0,-1.0
403860.174,3301.0,-1695.0,1695.0,406.79998779296875,0.0,13.5,420.0,0.0,-1.0
403871.2,3301.0,-1695.0,1695.0,406.79998779296875,0.0,13.5,420.0,0.0,-1.0
403882.204,3301.0,-1695.0,1695.0,406.79998779296875,0.0,13.5,420.0,0.0,-1.0
403893.201,3301.0,-1695.0,1695.0,406.79998779296875,0.0,13.5,420.0,0.0,-1.0
403904.204,3301.0,-1695.0,1695.0,406.79998779296875,0.0,13.5,420.0,0.0,-1.0
403915.2,3301.0,-1695.0,1695.0,406.79998779296875,0.0,13.5,420.0,0.0,-1.0
403925.2,3301.0,-1695.0,1695.0,406.79998779296875,0.0,13.5,420.0,0.0,-1.0
403935.201,3301.0,-1695.0,1695.0,406.79998779296875,0.0,13.5,420.0,0.0,-1.0
403945.202,3301.0,-1695.0,1695.0,406.79998779296875,0.0,13.5,420.0,0.0,-1.0
403956.204,3301.0,-1695.0,1695.0,406.79998779296875,0.0,13.5,420.0,0.0,-1.0
403967.205,3301.0,-1695.0,1695.0,406.79998779296875,0.0,13.5,420.0,0.0,-1.0
403977.206,3301.0,-1695.0,1695.0,406.79998779296875,0.0,13.5,420.0,0.0,-1.0
403988.204,3301.0,-1695.0,1695.0,406.79998779296875,0.0,13.5,420.0,0.0,-1.0
403999.173,3301.0,-1695.0,1695.0,406.79998779296875,0.0,13.5,420.0,0.0,-1.0
404009.174,3301.0,-1695.0,1695.0,406.79998779296875,0.0,13.5,420.0,0.0,-1.0
404020.201,3301.0,-1695.0,1695.0,406.79998779296875,0.0,13.5,420.0,0.0,-1.0
404031.205,3301.0,-1695.0,1695.0,406.79998779296875,0.0,13.5,420.0,0.0,-1.0
404042.2,3301.0,-1695.0,1695.0,406.79998779296875,0.0,13.5,420.0,0.0,-1.0
404052.2,3301.0,-1695.0,1695.0,406.79998779296875,0.0,13.5,420.0,0.0,-1.0
404063.201,3301.0,-1695.0,1695.0,406.79998779296875,0.0,13.5,420.0,0.0,-1.0
404074.204,3301.0,-1695.0,1695.0,406.79998779296875,0.0,13.5,420.0,0.0,-1.0
404085.2,3301.0,-1695.0,1695.0,406.79998779296875,0.0,13.5,420.0,0.0,-1.0
404095.2,3301.0,-1695.0,1695.0,406.79998779296875,0.0,13.5,420.0,0.0,-1.0
404106.295,3301.0,-1695.0,1695.0,406.79998779296875,0.0,13.5,420.0,0.0,-1.0
404117.207,3301.0,-1695.0,1695.0,406.79998779296875,0.0,13.5,420.0,0.0,-1.0
404127.208,3301.0,-1695.0,1695.0,406.79998779296875,0.0,13.5,420.0,0.0,-1.0
404138.201,3301.0,-1695.0,1695.0,406.79998779296875,0.0,13.5,420.0,0.0,-1.0
404149.205,3301.0,-1695.0,1695.0,406.79998779296875,0.0,13.5,420.0,0.0,-1.0
404159.206,3301.0,-1695.0,1695.0,406.79998779296875,0.0,13.5,420.0,0.0,-1.0
404170.077,3301.0,-1695.0,1695.0,406.79998779296875,0.0,13.5,420.0,0.0,-1.0
404180.078,3301.0,-1695.0,1695.0,406.79998779296875,0.0,13.5,420.0,0.0,-1.0
404190.1,3301.0,-1695.0,1695.0,406.79998779296875,0.0,13.5,420.0,0.0,-1.0
404201.1,3301.0,-1695.0,1695.0,406.79998779296875,0.0,13.5,420.0,0.0,-1.0
404212.201,3301.0,-1695.0,1695.0,406.79998779296875,0.0,13.5,420.0,0.0,-1.0
404223.204,3301.0,-1695.0,1695.0,406.79998779296875,0.0,13.5,420.0,0.0,-1.0
404233.205,3301.0,-1695.0,1695.0,406.79998779296875,0.0,13.5,420.0,0.0,-1.0
404244.2,3301.0,-1695.0,1695.0,406.79998779296875,0.0,13.5,420.0,0.0,-1.0
404255.205,3301.0,-1695.0,1695.0,406.79998779296875,0.0,13.5,420.0,0.0,-1.0
404266.2,3301.0,-1695.0,1695.0,406.79998779296875,0.0,13.5,420.0,0.0,-1.0
404277.204,3301.0,-1695.0,1695.0,406.79998779296875,0.0,13.5,420.0,0.0,-1.0
404288.209,3301.0,-1695.0,1695.0,406.79998779296875,0.0,13.5,420.0,0.0,-1.0
404299.2,3301.0,-1695.0,1695.0,406.79998779296875,0.0,13.5,420.0,0.0,-1.0
404310.205,3301.0,-1695.0,1695.0,406.79998779296875,0.0,13.5,420.0,0.0,-1.0
404320.206,3301.0,-1695.0,1695.0,406.79998779296875,0.0,13.5,420.0,0.0,-1.0
404330.207,3301.0,-1695.0,1695.0,406.79998779296875,0.0,13.5,420.0,0.0,-1.0
404340.208,3301.0,-1695.0,1695.0,406.79998779296875,0.0,13.5,420.0,0.0,-1.0
404350.996,3301.0,-1695.0,1695.0,406.79998779296875,0.0,13.5,420.0,0.0,-1.0
404360.997,3301.0,-1695.0,1695.0,406.79998779296875,0.0,13.5,420.0,0.0,-1.0
404370.998,3301.0,-1695.0,1695.0,406.79998779296875,0.0,13.5,420.0,0.0,-1.0
404381.205,3301.0,-1695.0,1695.0,406.79998779296875,0.0,13.5,420.0,0.0,-1.0
404391.205,3301.0,-1695.0,1695.0,406.79998779296875,0.0,13.5,420.0,0.0,-1.0
404401.206,3301.0,-1695.0,1695.0,406.79998779296875,0.0,13.5,420.0,0.0,-1.0
404412.205,3301.0,-1695.0,1695.0,406.79998779296875,0.0,13.5,420.0,0.0,-1.0
404422.206,3301.0,-1695.0,1695.0,406.79998779296875,0.0,13.5,420.0,0.0,-1.0
404432.207,3301.0,-1695.0,1695.0,406.79998779296875,0.0,13.5,420.0,0.0,-1.0
404443.201,3301.0,-1695.0,1695.0,406.79998779296875,0.0,13.5,420.0,0.0,-1.0
404453.201,3301.0,-1695.0,1695.0,406.79998779296875,0.0,13.5,420.0,0.0,-1.0
404464.209,3301.0,-1695.0,1695.0,406.79998779296875,0.0,13.5,420.0,0.0,-1.0
404475.201,3301.0,-1695.0,1695.0,406.79998779296875,0.0,13.5,420.0,0.0,-1.0
404485.473,3301.0,-1695.0,1695.0,406.79998779296875,0.0,13.5,420.0,0.0,-1.0
404495.474,3301.0,-1695.0,1695.0,406.79998779296875,0.0,13.5,420.0,0.0,-1.0
404506.2,3301.0,-1695.0,1695.0,406.79998779296875,0.0,13.5,420.0,0.0,-1.0
404516.201,3301.0,-1695.0,1695.0,406.79998779296875,0.0,13.5,420.0,0.0,-1.0
404526.202,3301.0,-1695.0,1695.0,406.79998779296875,0.0,13.5,420.0,0.0,-1.0
404537.2,3301.0,-1695.0,1695.0,406.79998779296875,0.0,13.5,420.0,0.0,-1.0
404548.205,3301.0,-1695.0,1695.0,406.79998779296875,0.0,13.5,420.0,0.0,-1.0
404559.201,3301.0,-1695.0,1695.0,406.79998779296875,0.0,13.5,420.0,0.0,-1.0
404569.202,3301.0,-1695.0,1695.0,406.79998779296875,0.0,13.5,420.0,0.0,-1.0
404579.203,3301.0,-1695.0,1695.0,406.79998779296875,0.0,13.5,420.0,0.0,-1.0
404590.205,3301.0,-1695.0,1695.0,406.79998779296875,0.0,13.5,420.0,0.0,-1.0
404600.206,3301.0,-1695.0,1695.0,406.79998779296875,0.0,13.5,420.0,0.0,-1.0
404610.206,3301.0,-1695.0,1695.0,406.79998779296875,0.0,13.5,420.0,0.0,-1.0
404620.222,3301.0,-1695.0,1695.0,406.79998779296875,0.0,13.5,420.0,0.0,-1.0
404630.223,3301.0,-1695.0,1695.0,406.79998779296875,0.0,13.5,420.0,0.0,-1.0
404641.205,3301.0,-1695.0,1695.0,406.79998779296875,0.0,13.5,420.0,0.0,-1.0
404651.206,3301.0,-1695.0,1695.0,406.79998779296875,0.0,13.5,420.0,0.0,-1.0
404661.207,3301.0,-1695.0,1695.0,406.79998779296875,0.0,13.5,420.0,0.0,-1.0
404672.204,3301.0,-1695.0,1695.0,406.79998779296875,0.0,13.5,420.0,0.0,-1.0
404683.201,3301.0,-1695.0,1695.0,406.79998779296875,0.0,13.5,420.0,0.0,-1.0
404694.204,3301.0,-1695.0,1695.0,406.79998779296875,0.0,13.5,420.0,0.0,-1.0
404704.204,3301.0,-1695.0,1695.0,406.79998779296875,0.0,13.5,420.0,0.0,-1.0
404715.204,3301.0,-1695.0,1695.0,406.79998779296875,0.0,13.5,420.0,0.0,-1.0
404726.2,3301.0,-1695.0,1695.0,406.79998779296875,0.0,13.5,420.0,0.0,-1.0
404737.205,3301.0,-1695.0,1695.0,406.79998779296875,0.0,13.5,420.0,0.0,-1.0
404748.201,3301.0,-1695.0,1695.0,406.79998779296875,0.0,13.5,420.0,0.0,-1.0
404759.205,3301.0,-1695.0,1695.0,406.79998779296875,0.0,13.5,420.0,0.0,-1.0
404769.206,3301.0,-1695.0,1695.0,406.79998779296875,0.0,13.5,420.0,0.0,-1.0
404780.201,3301.0,-1695.0,1695.0,406.79998779296875,0.0,13.5,420.0,0.0,-1.0
404790.201,3301.0,-1695.0,1695.0,406.79998779296875,0.0,13.5,420.0,0.0,-1.0
404800.202,3301.0,-1695.0,1695.0,406.79998779296875,0.0,13.5,420.0,0.0,-1.0
404810.202,3301.0,-1695.0,1695.0,406.79998779296875,0.0,13.5,420.0,0.0,-1.0
404820.203,3301.0,-1695.0,1695.0,406.79998779296875,0.0,13.5,420.0,0.0,-1.0
404831.205,3301.0,-1695.0,1695.0,406.79998779296875,0.0,13.5,420.0,0.0,-1.0
404841.205,3301.0,-1695.0,1695.0,406.79998779296875,0.0,13.5,420.0,0.0,-1.0
404852.201,3301.0,-1695.0,1695.0,406.79998779296875,0.0,13.5,420.0,0.0,-1.0
404863.205,3301.0,-1695.0,1695.0,406.79998779296875,0.0,13.5,420.0,0.0,-1.0
404873.206,3301.0,-1695.0,1695.0,406.79998779296875,0.0,13.5,420.0,0.0,-1.0
404884.2,3301.0,-1695.0,1695.0,406.79998779296875,0.0,13.5,420.0,0.0,-1.0
404895.205,3301.0,-1695.0,1695.0,406.79998779296875,0.0,13.5,420.0,0.0,-1.0
404906.201,3301.0,-1695.0,1695.0,406.79998779296875,0.0,13.5,420.0,0.0,-1.0
404916.201,3301.0,-1695.0,1695.0,406.79998779296875,0.0,13.5,420.0,0.0,-1.0
404927.2,3301.0,-1695.0,1695.0,406.79998779296875,0.0,13.5,420.0,0.0,-1.0
404937.201,3301.0,-1695.0,1695.0,406.79998779296875,0.0,13.5,420.0,0.0,-1.0
404947.445,3301.0,-1695.0,1695.0,406.79998779296875,0.0,13.5,420.0,0.0,-1.0
404957.446,3301.0,-1695.0,1695.0,406.79998779296875,0.0,13.5,420.0,0.0,-1.0
404967.447,3301.0,-1695.0,1695.0,406.79998779296875,0.0,13.5,420.0,0.0,-1.0
404977.447,3301.0,-1695.0,1695.0,406.79998779296875,0.0,13.5,420.0,0.0,-1.0
404987.448,3301.0,-1695.0,1695.0,406.79998779296875,0.0,13.5,420.0,0.0,-1.0
404997.449,3301.0,-1695.0,1695.0,406.79998779296875,0.0,13.5,420.0,0.0,-1.0
405007.45,3301.0,-1695.0,1695.0,406.79998779296875,0.0,13.5,420.0,0.0,-1.0
405017.451,3301.0,-1695.0,1695.0,406.79998779296875,0.0,13.5,420.0,0.0,-1.0
405027.705,3301.0,-1695.0,1695.0,406.79998779296875,0.0,13.5,420.0,0.0,-1.0
405038.205,3301.0,-1695.0,1695.0,406.79998779296875,0.0,13.5,420.0,0.0,-1.0
405048.598,3301.0,-1695.0,1695.0,406.79998779296875,0.0,13.5,420.0,0.0,-1.0
405058.599,3301.0,-1695.0,1695.0,406.79998779296875,0.0,13.5,420.0,0.0,-1.0
405069.204,3301.0,-1695.0,1695.0,406.79998779296875,0.0,13.5,420.0,0.0,-1.0
405080.2,3301.0,-1695.0,1695.0,406.79998779296875,0.0,13.5,420.0,0.0,-1.0
405090.201,3301.0,-1695.0,1695.0,406.79998779296875,0.0,13.5,420.0,0.0,-1.0
405100.201,3301.0,-1695.0,1695.0,406.79998779296875,0.0,13.5,420.0,0.0,-1.0
405110.201,3301.0,-1695.0,1695.0,406.79998779296875,0.0,13.5,420.0,0.0,-1.0
405120.202,3301.0,-1695.0,1695.0,406.79998779296875,0.0,13.5,420.0,0.0,-1.0
405131.2,3301.0,-1695.0,1695.0,406.79998779296875,0.0,13.5,420.0,0.0,-1.0
405142.208,3301.0,-1695.0,1695.0,406.79998779296875,0.0,13.5,420.0,0.0,-1.0
405153.204,3301.0,-1695.0,1695.0,406.79998779296875,0.0,13.5,420.0,0.0,-1.0
405163.204,3301.0,-1695.0,1695.0,406.79998779296875,0.0,13.5,420.0,0.0,-1.0
405173.205,3301.0,-1695.0,1695.0,406.79998779296875,0.0,13.5,420.0,0.0,-1.0
405183.205,3301.0,-1695.0,1695.0,406.79998779296875,0.0,13.5,420.0,0.0,-1.0
405194.205,3301.0,-1695.0,1695.0,406.79998779296875,0.0,13.5,420.0,0.0,-1.0
405204.206,3301.0,-1695.0,1695.0,406.79998779296875,0.0,13.5,420.0,0.0,-1.0
405214.207,3301.0,-1695.0,1695.0,406.79998779296875,0.0,13.5,420.0,0.0,-1.0
405224.207,3301.0,-1695.0,1695.0,406.79998779296875,0.0,13.5,420.0,0.0,-1.0
405235.205,3301.0,-1695.0,1695.0,406.79998779296875,0.0,13.5,420.0,0.0,-1.0
405246.201,3301.0,-1695.0,1695.0,406.79998779296875,0.0,13.5,420.0,0.0,-1.0
405256.202,3301.0,-1695.0,1695.0,406.79998779296875,0.0,13.5,420.0,0.0,-1.0
405266.203,3301.0,-1695.0,1695.0,406.79998779296875,0.0,13.5,420.0,0.0,-1.0
405276.204,3301.0,-1695.0,1695.0,406.79998779296875,0.0,13.5,420.0,0.0,-1.0
405287.173,3301.0,-1695.0,1695.0,406.79998779296875,0.0,13.5,420.0,0.0,-1.0
405297.27,3301.0,-1695.0,1695.0,406.79998779296875,0.0,13.5,420.0,0.0,-1.0
405308.201,3301.0,-1695.0,1695.0,406.79998779296875,0.0,13.5,420.0,0.0,-1.0
405319.204,3301.0,-1695.0,1695.0,406.79998779296875,0.0,13.5,420.0,0.0,-1.0
405330.157,3301.0,-1695.0,1695.0,406.79998779296875,0.0,13.5,420.0,0.0,-1.0
405340.158,3301.0,-1695.0,1695.0,406.79998779296875,0.0,13.5,420.0,0.0,-1.0
405350.159,3301.0,-1695.0,1695.0,406.79998779296875,0.0,13.5,420.0,0.0,-1.0
405361.205,3301.0,-1695.0,1695.0,406.79998779296875,0.0,13.5,420.0,0.0,-1.0
405371.206,3301.0,-1695.0,1695.0,406.79998779296875,0.0,13.5,420.0,0.0,-1.0
405381.207,3301.0,-1695.0,1695.0,406.79998779296875,0.0,13.5,420.0,0.0,-1.0
405391.207,3301.0,-1695.0,1695.0,406.79998779296875,0.0,13.5,420.0,0.0,-1.0
405401.207,3301.0,-1695.0,1695.0,406.79998779296875,0.0,13.5,420.0,0.0,-1.0
405411.683,3301.0,-1695.0,1695.0,406.79998779296875,0.0,13.5,420.0,0.0,-1.0
405422.208,3301.0,-1695.0,1695.0,406.79998779296875,0.0,13.5,420.0,0.0,-1.0
405432.209,3301.0,-1695.0,1695.0,406.79998779296875,0.0,13.5,420.0,0.0,-1.0
405442.209,3301.0,-1695.0,1695.0,406.79998779296875,0.0,13.5,420.0,0.0,-1.0
405452.21,3301.0,-1695.0,1695.0,406.79998779296875,0.0,13.5,420.0,0.0,-1.0
405463.204,3301.0,-1695.0,1695.0,406.79998779296875,0.0,13.5,420.0,0.0,-1.0
405474.201,3301.0,-1695.0,1695.0,406.79998779296875,0.0,13.5,420.0,0.0,-1.0
405485.205,3301.0,-1695.0,1695.0,406.79998779296875,0.0,13.5,420.0,0.0,-1.0
405495.206,3301.0,-1695.0,1695.0,406.79998779296875,0.0,13.5,420.0,0.0,-1.0
405505.207,3301.0,-1695.0,1695.0,406.79998779296875,0.0,13.5,420.0,0.0,-1.0
405515.208,3301.0,-1695.0,1695.0,406.79998779296875,0.0,13.5,420.0,0.0,-1.0
405526.205,3301.0,-1695.0,1695.0,406.79998779296875,0.0,13.5,420.0,0.0,-1.0
405537.201,3301.0,-1695.0,1695.0,406.79998779296875,0.0,13.5,420.0,0.0,-1.0
405547.202,3301.0,-1695.0,1695.0,406.79998779296875,0.0,13.5,420.0,0.0,-1.0
405557.202,3301.0,-1695.0,1695.0,406.79998779296875,0.0,13.5,420.0,0.0,-1.0
405568.27,3301.0,-1695.0,1695.0,406.79998779296875,0.0,13.5,420.0,0.0,-1.0
405579.201,3301.0,-1695.0,1695.0,406.79998779296875,0.0,13.5,420.0,0.0,-1.0
405589.201,3301.0,-1695.0,1695.0,406.79998779296875,0.0,13.5,420.0,0.0,-1.0
405599.201,3301.0,-1695.0,1695.0,406.79998779296875,0.0,13.5,420.0,0.0,-1.0
405609.201,3301.0,-1695.0,1695.0,406.79998779296875,0.0,13.5,420.0,0.0,-1.0
405620.204,3301.0,-1695.0,1695.0,406.79998779296875,0.0,13.5,420.0,0.0,-1.0
405630.205,3301.0,-1695.0,1695.0,406.79998779296875,0.0,13.5,420.0,0.0,-1.0
405640.205,3301.0,-1695.0,1695.0,406.79998779296875,0.0,13.5,420.0,0.0,-1.0
405650.205,3301.0,-1695.0,1695.0,406.79998779296875,0.0,13.5,420.0,0.0,-1.0
405660.205,3301.0,-1695.0,1695.0,406.79998779296875,0.0,13.5,420.0,0.0,-1.0
405671.201,3301.0,-1695.0,1695.0,406.79998779296875,0.0,13.5,420.0,0.0,-1.0
405681.201,3301.0,-1695.0,1695.0,406.79998779296875,0.0,13.5,420.0,0.0,-1.0
405692.204,3301.0,-1695.0,1695.0,406.79998779296875,0.0,13.5,420.0,0.0,-1.0
405703.201,3301.0,-1695.0,1695.0,406.79998779296875,0.0,13.5,420.0,0.0,-1.0
405714.2,3301.0,-1695.0,1695.0,406.79998779296875,0.0,13.5,420.0,0.0,-1.0
405725.205,3301.0,-1695.0,1695.0,406.79998779296875,0.0,13.5,420.0,0.0,-1.0
405736.204,3301.0,-1695.0,1695.0,406.79998779296875,0.0,13.5,420.0,0.0,-1.0
405746.205,3301.0,-1695.0,1695.0,406.79998779296875,0.0,13.5,420.0,0.0,-1.0
405756.206,3301.0,-1695.0,1695.0,406.79998779296875,0.0,13.5,420.0,0.0,-1.0
405767.205,3301.0,-1695.0,1695.0,406.79998779296875,0.0,13.5,420.0,0.0,-1.0
405778.201,3301.0,-1695.0,1695.0,406.79998779296875,0.0,13.5,420.0,0.0,-1.0
405789.205,3301.0,-1695.0,1695.0,406.79998779296875,0.0,13.5,420.0,0.0,-1.0
405799.206,3301.0,-1695.0,1695.0,406.79998779296875,0.0,13.5,420.0,0.0,-1.0
405810.204,3301.0,-1695.0,1695.0,406.79998779296875,0.0,13.5,420.0,0.0,-1.0
405820.204,3301.0,-1695.0,1695.0,406.79998779296875,0.0,13.5,420.0,0.0,-1.0
405831.205,3301.0,-1695.0,1695.0,406.79998779296875,0.0,13.5,420.0,0.0,-1.0
405841.205,3301.0,-1695.0,1695.0,406.79998779296875,0.0,13.5,420.0,0.0,-1.0
405851.206,3301.0,-1695.0,1695.0,406.79998779296875,0.0,13.5,420.0,0.0,-1.0
405861.969,3301.0,-1695.0,1695.0,406.79998779296875,0.0,13.5,420.0,0.0,-1.0
405871.97,3301.0,-1695.0,1695.0,406.79998779296875,0.0,13.5,420.0,0.0,-1.0
405881.971,3301.0,-1695.0,1695.0,406.79998779296875,0.0,13.5,420.0,0.0,-1.0
405892.2,3301.0,-1695.0,1695.0,406.79998779296875,0.0,13.5,420.0,0.0,-1.0
405903.205,3301.0,-1695.0,1695.0,406.79998779296875,0.0,13.5,420.0,0.0,-1.0
405913.205,3301.0,-1695.0,1695.0,406.79998779296875,0.0,13.5,420.0,0.0,-1.0
405924.2,3301.0,-1695.0,1695.0,406.79998779296875,0.0,13.5,420.0,0.0,-1.0
405934.2,3301.0,-1695.0,1695.0,406.79998779296875,0.0,13.5,420.0,0.0,-1.0
405945.204,3301.0,-1695.0,1695.0,406.79998779296875,0.0,13.5,420.0,0.0,-1.0
405956.205,3301.0,-1695.0,1695.0,406.79998779296875,0.0,13.5,420.0,0.0,-1.0
405966.206,3301.0,-1695.0,1695.0,406.79998779296875,0.0,13.5,420.0,0.0,-1.0
405977.201,3301.0,-1695.0,1695.0,406.79998779296875,0.0,13.5,420.0,0.0,-1.0
405988.205,3301.0,-1695.0,1695.0,406.79998779296875,0.0,13.5,420.0,0.0,-1.0
405998.984,3301.0,-1695.0,1695.0,406.79998779296875,0.0,13.5,420.0,0.0,-1.0
406008.985,3301.0,-1695.0,1695.0,406.79998779296875,0.0,13.5,420.0,0.0,-1.0
406019.413,3301.0,-1695.0,1695.0,406.79998779296875,0.0,13.5,420.0,0.0,-1.0
406029.414,3301.0,-1695.0,1695.0,406.79998779296875,0.0,13.5,420.0,0.0,-1.0
406039.415,3301.0,-1695.0,1695.0,406.79998779296875,0.0,13.5,420.0,0.0,-1.0
406050.204,3301.0,-1695.0,1695.0,406.79998779296875,0.0,13.5,420.0,0.0,-1.0
406060.205,3301.0,-1695.0,1695.0,406.79998779296875,0.0,13.5,420.0,0.0,-1.0
406071.2,3301.0,-1695.0,1695.0,406.79998779296875,0.0,13.5,420.0,0.0,-1.0
406082.204,3301.0,-1695.0,1695.0,406.79998779296875,0.0,13.5,420.0,0.0,-1.0
406092.205,3301.0,-1695.0,1695.0,406.79998779296875,0.0,13.5,420.0,0.0,-1.0
406102.206,3301.0,-1695.0,1695.0,406.79998779296875,0.0,13.5,420.0,0.0,-1.0
406112.207,3301.0,-1695.0,1695.0,406.79998779296875,0.0,13.5,420.0,0.0,-1.0
406122.207,3301.0,-1695.0,1695.0,406.79998779296875,0.0,13.5,420.0,0.0,-1.0
406133.2,3301.0,-1695.0,1695.0,406.79998779296875,0.0,13.5,420.0,0.0,-1.0
406143.642,3301.0,-1695.0,1695.0,406.79998779296875,0.0,13.5,420.0,0.0,-1.0
406153.643,3301.0,-1695.0,1695.0,406.79998779296875,0.0,13.5,420.0,0.0,-1.0
406164.201,3301.0,-1695.0,1695.0,406.79998779296875,0.0,13.5,420.0,0.0,-1.0
406175.205,3301.0,-1695.0,1695.0,406.79998779296875,0.0,13.5,420.0,0.0,-1.0
406186.204,3301.0,-1695.0,1695.0,406.79998779296875,0.0,13.5,420.0,0.0,-1.0
406197.2,3301.0,-1695.0,1695.0,406.79998779296875,0.0,13.5,420.0,0.0,-1.0
406208.205,3301.0,-1695.0,1695.0,406.79998779296875,0.0,13.5,420.0,0.0,-1.0
406219.205,3301.0,-1695.0,1695.0,406.79998779296875,0.0,13.5,420.0,0.0,-1.0
406229.205,3301.0,-1695.0,1695.0,406.79998779296875,0.0,13.5,420.0,0.0,-1.0
406239.365,3301.0,-1695.0,1695.0,406.79998779296875,0.0,13.5,420.0,0.0,-1.0
406249.366,3301.0,-1695.0,1695.0,406.79998779296875,0.0,13.5,420.0,0.0,-1.0
406260.205,3301.0,-1695.0,1695.0,406.79998779296875,0.0,13.5,420.0,0.0,-1.0
406270.205,3301.0,-1695.0,1695.0,406.79998779296875,0.0,13.5,420.0,0.0,-1.0
406280.205,3301.0,-1695.0,1695.0,406.79998779296875,0.0,13.5,420.0,0.0,-1.0
406290.477,3301.0,-1695.0,1695.0,406.79998779296875,0.0,13.5,420.0,0.0,-1.0
406300.478,3301.0,-1695.0,1695.0,406.79998779296875,0.0,13.5,420.0,0.0,-1.0
406310.478,3301.0,-1695.0,1695.0,406.79998779296875,0.0,13.5,420.0,0.0,-1.0
406320.479,3301.0,-1695.0,1695.0,406.79998779296875,0.0,13.5,420.0,0.0,-1.0
406331.1,3301.0,-1695.0,1695.0,406.79998779296875,0.0,13.5,420.0,0.0,-1.0
406341.101,3301.0,-1695.0,1695.0,406.79998779296875,0.0,13.5,420.0,0.0,-1.0
406352.2,3301.0,-1695.0,1695.0,406.79998779296875,0.0,13.5,420.0,0.0,-1.0
406362.2,3301.0,-1695.0,1695.0,406.79998779296875,0.0,13.5,420.0,0.0,-1.0
406372.2,3301.0,-1695.0,1695.0,406.79998779296875,0.0,13.5,420.0,0.0,-1.0
406383.208,3301.0,-1695.0,1695.0,406.79998779296875,0.0,13.5,420.0,0.0,-1.0
406393.208,3301.0,-1695.0,1695.0,406.79998779296875,0.0,13.5,420.0,0.0,-1.0
406403.209,3301.0,-1695.0,1695.0,406.79998779296875,0.0,13.5,420.0,0.0,-1.0
406413.209,3301.0,-1695.0,1695.0,406.79998779296875,0.0,13.5,420.0,0.0,-1.0
406424.2,3301.0,-1695.0,1695.0,406.79998779296875,0.0,13.5,420.0,0.0,-1.0
406434.201,3301.0,-1695.0,1695.0,406.79998779296875,0.0,13.5,420.0,0.0,-1.0
406445.204,3301.0,-1695.0,1695.0,406.79998779296875,0.0,13.5,420.0,0.0,-1.0
406455.204,3301.0,-1695.0,1695.0,406.79998779296875,0.0,13.5,420.0,0.0,-1.0
406465.204,3301.0,-1695.0,1695.0,406.79998779296875,0.0,13.5,420.0,0.0,-1.0
406475.205,3301.0,-1695.0,1695.0,406.79998779296875,0.0,13.5,420.0,0.0,-1.0
406485.205,3301.0,-1695.0,1695.0,406.79998779296875,0.0,13.5,420.0,0.0,-1.0
406496.201,3301.0,-1695.0,1695.0,406.79998779296875,0.0,13.5,420.0,0.0,-1.0
406507.208,3301.0,-1695.0,1695.0,406.79998779296875,0.0,13.5,420.0,0.0,-1.0
406518.201,3301.0,-1695.0,1695.0,406.79998779296875,0.0,13.5,420.0,0.0,-1.0
406528.696,3301.0,-1695.0,1695.0,406.79998779296875,0.0,13.5,420.0,0.0,-1.0
406538.696,3301.0,-1695.0,1695.0,406.79998779296875,0.0,13.5,420.0,0.0,-1.0
406548.696,3301.0,-1695.0,1695.0,406.79998779296875,0.0,13.5,420.0,0.0,-1.0
406559.204,3301.0,-1695.0,1695.0,406.79998779296875,0.0,13.5,420.0,0.0,-1.0
406570.2,3301.0,-1695.0,1695.0,406.79998779296875,0.0,13.5,420.0,0.0,-1.0
406580.2,3301.0,-1695.0,1695.0,406.79998779296875,0.0,13.5,420.0,0.0,-1.0
406591.201,3301.0,-1695.0,1695.0,406.79998779296875,0.0,13.5,420.0,0.0,-1.0
406601.201,3301.0,-1695.0,1695.0,406.79998779296875,0.0,13.5,420.0,0.0,-1.0
406612.201,3301.0,-1695.0,1695.0,406.79998779296875,0.0,13.5,420.0,0.0,-1.0
406623.204,3301.0,-1695.0,1695.0,406.79998779296875,0.0,13.5,420.0,0.0,-1.0
406633.205,3301.0,-1695.0,1695.0,406.79998779296875,0.0,13.5,420.0,0.0,-1.0
406643.206,3301.0,-1695.0,1695.0,406.79998779296875,0.0,13.5,420.0,0.0,-1.0
406653.898,3301.0,-1695.0,1695.0,406.79998779296875,0.0,13.5,420.0,0.0,-1.0
406663.899,3301.0,-1695.0,1695.0,406.79998779296875,0.0,13.5,420.0,0.0,-1.0
406674.2,3301.0,-1695.0,1695.0,406.79998779296875,0.0,13.5,420.0,0.0,-1.0
406685.2,3301.0,-1695.0,1695.0,406.79998779296875,0.0,13.5,420.0,0.0,-1.0
406696.204,3301.0,-1695.0,1695.0,406.79998779296875,0.0,13.5,420.0,0.0,-1.0
406706.205,3301.0,-1695.0,1695.0,406.79998779296875,0.0,13.5,420.0,0.0,-1.0
406717.201,3301.0,-1695.0,1695.0,406.79998779296875,0.0,13.5,420.0,0.0,-1.0
406727.201,3301.0,-1695.0,1695.0,406.79998779296875,0.0,13.5,420.0,0.0,-1.0
406737.202,3301.0,-1695.0,1695.0,406.79998779296875,0.0,13.5,420.0,0.0,-1.0
406748.201,3301.0,-1695.0,1695.0,406.79998779296875,0.0,13.5,420.0,0.0,-1.0
406758.202,3301.0,-1695.0,1695.0,406.79998779296875,0.0,13.5,420.0,0.0,-1.0
406768.203,3301.0,-1695.0,1695.0,406.79998779296875,0.0,13.5,420.0,0.0,-1.0
406779.205,3301.0,-1695.0,1695.0,406.79998779296875,0.0,13.5,420.0,0.0,-1.0
406790.204,3301.0,-1695.0,1695.0,406.79998779296875,0.0,13.5,420.0,0.0,-1.0
406800.205,3301.0,-1695.0,1695.0,406.79998779296875,0.0,13.5,420.0,0.0,-1.0
406810.205,3301.0,-1695.0,1695.0,406.79998779296875,0.0,13.5,420.0,0.0,-1.0
406820.205,3301.0,-1695.0,1695.0,406.79998779296875,0.0,13.5,420.0,0.0,-1.0
406831.2,3301.0,-1695.0,1695.0,406.79998779296875,0.0,13.5,420.0,0.0,-1.0
406842.204,3301.0,-1695.0,1695.0,406.79998779296875,0.0,13.5,420.0,0.0,-1.0
406853.205,3301.0,-1695.0,1695.0,406.79998779296875,0.0,13.5,420.0,0.0,-1.0
406863.206,3301.0,-1695.0,1695.0,406.79998779296875,0.0,13.5,420.0,0.0,-1.0
406874.204,3301.0,-1695.0,1695.0,406.79998779296875,0.0,13.5,420.0,0.0,-1.0
406885.201,3301.0,-1695.0,1695.0,406.79998779296875,0.0,13.5,420.0,0.0,-1.0
406895.202,3301.0,-1695.0,1695.0,406.79998779296875,0.0,13.5,420.0,0.0,-1.0
406906.2,3301.0,-1695.0,1695.0,406.79998779296875,0.0,13.5,420.0,0.0,-1.0
406916.201,3301.0,-1695.0,1695.0,406.79998779296875,0.0,13.5,420.0,0.0,-1.0
406927.204,3301.0,-1695.0,1695.0,406.79998779296875,0.0,13.5,420.0,0.0,-1.0
406937.204,3301.0,-1695.0,1695.0,406.79998779296875,0.0,13.5,420.0,0.0,-1.0
406948.2,3301.0,-1695.0,1695.0,406.79998779296875,0.0,13.5,420.0,0.0,-1.0
406958.201,3301.0,-1695.0,1695.0,406.79998779296875,0.0,13.5,420.0,0.0,-1.0
406968.202,3301.0,-1695.0,1695.0,406.79998779296875,0.0,13.5,420.0,0.0,-1.0
406978.202,3301.0,-1695.0,1695.0,406.79998779296875,0.0,13.5,420.0,0.0,-1.0
406989.157,3301.0,-1695.0,1695.0,406.79998779296875,0.0,13.5,420.0,0.0,-1.0
406999.16,3301.0,-1695.0,1695.0,406.79998779296875,0.0,13.5,420.0,0.0,-1.0
407010.201,3301.0,-1695.0,1695.0,406.79998779296875,0.0,13.5,420.0,0.0,-1.0
407020.201,3301.0,-1695.0,1695.0,406.79998779296875,0.0,13.5,420.0,0.0,-1.0
407030.201,3301.0,-1695.0,1695.0,406.79998779296875,0.0,13.5,420.0,0.0,-1.0
407041.204,3301.0,-1695.0,1695.0,406.79998779296875,0.0,13.5,420.0,0.0,-1.0
407052.201,3301.0,-1695.0,1695.0,406.79998779296875,0.0,13.5,420.0,0.0,-1.0
407063.346,3301.0,-1695.0,1695.0,406.79998779296875,0.0,13.5,420.0,0.0,-1.0
407073.347,3301.0,-1695.0,1695.0,406.79998779296875,0.0,13.5,420.0,0.0,-1.0
407084.204,3301.0,-1695.0,1695.0,406.79998779296875,0.0,13.5,420.0,0.0,-1.0
407094.255,3301.0,-1695.0,1695.0,406.79998779296875,0.0,13.5,420.0,0.0,-1.0
407104.255,3301.0,-1695.0,1695.0,406.79998779296875,0.0,13.5,420.0,0.0,-1.0
407114.277,3301.0,-1695.0,1695.0,406.79998779296875,0.0,13.5,420.0,0.0,-1.0
407124.277,3301.0,-1695.0,1695.0,406.79998779296875,0.0,13.5,420.0,0.0,-1.0
407134.277,3301.0,-1695.0,1695.0,406.79998779296875,0.0,13.5,420.0,0.0,-1.0
407145.204,3301.0,-1695.0,1695.0,406.79998779296875,0.0,13.5,420.0,0.0,-1.0
407156.2,3301.0,-1695.0,1695.0,406.79998779296875,0.0,13.5,420.0,0.0,-1.0
407166.2,3301.0,-1695.0,1695.0,406.79998779296875,0.0,13.5,420.0,0.0,-1.0
407176.2,3301.0,-1695.0,1695.0,406.79998779296875,0.0,13.5,420.0,0.0,-1.0
407186.2,3301.0,-1695.0,1695.0,406.79998779296875,0.0,13.5,420.0,0.0,-1.0
407196.201,3301.0,-1695.0,1695.0,406.79998779296875,0.0,13.5,420.0,0.0,-1.0
407207.205,3301.0,-1695.0,1695.0,406.79998779296875,0.0,13.5,420.0,0.0,-1.0
407218.214,3301.0,-1695.0,1695.0,406.79998779296875,0.0,13.5,420.0,0.0,-1.0
407229.205,3301.0,-1695.0,1695.0,406.79998779296875,0.0,13.5,420.0,0.0,-1.0
407239.205,3301.0,-1695.0,1695.0,406.79998779296875,0.0,13.5,420.0,0.0,-1.0
407249.412,3301.0,-1695.0,1695.0,406.79998779296875,0.0,13.5,420.0,0.0,-1.0
407259.412,3301.0,-1695.0,1695.0,406.79998779296875,0.0,13.5,420.0,0.0,-1.0
407270.205,3301.0,-1695.0,1695.0,406.79998779296875,0.0,13.5,420.0,0.0,-1.0
407281.201,3301.0,-1695.0,1695.0,406.79998779296875,0.0,13.5,420.0,0.0,-1.0
407292.204,3301.0,-1695.0,1695.0,406.79998779296875,0.0,13.5,420.0,0.0,-1.0
407303.201,3301.0,-1695.0,1695.0,406.79998779296875,0.0,13.5,420.0,0.0,-1.0
407313.202,3301.0,-1695.0,1695.0,406.79998779296875,0.0,13.5,420.0,0.0,-1.0
407324.2,3301.0,-1695.0,1695.0,406.79998779296875,0.0,13.5,420.0,0.0,-1.0
407335.209,3301.0,-1695.0,1695.0,406.79998779296875,0.0,13.5,420.0,0.0,-1.0
407345.21,3301.0,-1695.0,1695.0,406.79998779296875,0.0,13.5,420.0,0.0,-1.0
407355.21,3301.0,-1695.0,1695.0,406.79998779296875,0.0,13.5,420.0,0.0,-1.0
407366.205,3301.0,-1695.0,1695.0,406.79998779296875,0.0,13.5,420.0,0.0,-1.0
407376.205,3301.0,-1695.0,1695.0,406.79998779296875,0.0,13.5,420.0,0.0,-1.0
407387.209,3301.0,-1695.0,1695.0,406.79998779296875,0.0,13.5,420.0,0.0,-1.0
407397.21,3301.0,-1695.0,1695.0,406.79998779296875,0.0,13.5,420.0,0.0,-1.0
407407.213,3301.0,-1695.0,1695.0,406.79998779296875,0.0,13.5,420.0,0.0,-1.0
407418.204,3301.0,-1695.0,1695.0,406.79998779296875,0.0,13.5,420.0,0.0,-1.0
407428.204,3301.0,-1695.0,1695.0,406.79998779296875,0.0,13.5,420.0,0.0,-1.0
407438.204,3301.0,-1695.0,1695.0,406.79998779296875,0.0,13.5,420.0,0.0,-1.0
407449.2,3301.0,-1695.0,1695.0,406.79998779296875,0.0,13.5,420.0,0.0,-1.0
407459.201,3301.0,-1695.0,1695.0,406.79998779296875,0.0,13.5,420.0,0.0,-1.0
407470.201,3301.0,-1695.0,1695.0,406.79998779296875,0.0,13.5,420.0,0.0,-1.0
407480.201,3301.0,-1695.0,1695.0,406.79998779296875,0.0,13.5,420.0,0.0,-1.0
407491.2,3301.0,-1695.0,1695.0,406.79998779296875,0.0,13.5,420.0,0.0,-1.0
407501.2,3301.0,-1695.0,1695.0,406.79998779296875,0.0,13.5,420.0,0.0,-1.0
407512.2,3301.0,-1695.0,1695.0,406.79998779296875,0.0,13.5,420.0,0.0,-1.0
407523.205,3301.0,-1695.0,1695.0,406.79998779296875,0.0,13.5,420.0,0.0,-1.0
407534.2,3301.0,-1695.0,1695.0,406.79998779296875,0.0,13.5,420.0,0.0,-1.0
407544.37,3301.0,-1695.0,1695.0,406.79998779296875,0.0,13.5,420.0,0.0,-1.0
407555.201,3301.0,-1695.0,1695.0,406.79998779296875,0.0,13.5,420.0,0.0,-1.0
407565.201,3301.0,-1695.0,1695.0,406.79998779296875,0.0,13.5,420.0,0.0,-1.0
407576.162,3301.0,-1695.0,1695.0,406.79998779296875,0.0,13.5,420.0,0.0,-1.0
407587.204,3301.0,-1695.0,1695.0,406.79998779296875,0.0,13.5,420.0,0.0,-1.0
407598.204,3301.0,-1695.0,1695.0,406.79998779296875,0.0,13.5,420.0,0.0,-1.0
407609.2,3301.0,-1695.0,1695.0,406.79998779296875,0.0,13.5,420.0,0.0,-1.0
407620.204,3301.0,-1695.0,1695.0,406.79998779296875,0.0,13.5,420.0,0.0,-1.0
407631.213,3301.0,-1695.0,1695.0,406.79998779296875,0.0,13.5,420.0,0.0,-1.0
407642.205,3301.0,-1695.0,1695.0,406.79998779296875,0.0,13.5,420.0,0.0,-1.0
407653.2,3301.0,-1695.0,1695.0,406.79998779296875,0.0,13.5,420.0,0.0,-1.0
407664.204,3301.0,-1695.0,1695.0,406.79998779296875,0.0,13.5,420.0,0.0,-1.0
407674.204,3301.0,-1695.0,1695.0,406.79998779296875,0.0,13.5,420.0,0.0,-1.0
407685.205,3301.0,-1695.0,1695.0,406.79998779296875,0.0,13.5,420.0,0.0,-1.0
407695.206,3301.0,-1695.0,1695.0,406.79998779296875,0.0,13.5,420.0,0.0,-1.0
407706.205,3301.0,-1695.0,1695.0,406.79998779296875,0.0,13.5,420.0,0.0,-1.0
407716.206,3301.0,-1695.0,1695.0,406.79998779296875,0.0,13.5,420.0,0.0,-1.0
407726.206,3301.0,-1695.0,1695.0,406.79998779296875,0.0,13.5,420.0,0.0,-1.0
407737.201,3301.0,-1695.0,1695.0,406.79998779296875,0.0,13.5,420.0,0.0,-1.0
407747.201,3301.0,-1695.0,1695.0,406.79998779296875,0.0,13.5,420.0,0.0,-1.0
407757.201,3301.0,-1695.0,1695.0,406.79998779296875,0.0,13.5,420.0,0.0,-1.0
407768.173,3301.0,-1695.0,1695.0,406.79998779296875,0.0,13.5,420.0,0.0,-1.0
407778.174,3301.0,-1695.0,1695.0,406.79998779296875,0.0,13.5,420.0,0.0,-1.0
407789.2,3301.0,-1695.0,1695.0,406.79998779296875,0.0,13.5,420.0,0.0,-1.0
407800.205,3301.0,-1695.0,1695.0,406.79998779296875,0.0,13.5,420.0,0.0,-1.0
407811.201,3301.0,-1695.0,1695.0,406.79998779296875,0.0,13.5,420.0,0.0,-1.0
407821.202,3301.0,-1695.0,1695.0,406.79998779296875,0.0,13.5,420.0,0.0,-1.0
407832.2,3301.0,-1695.0,1695.0,406.79998779296875,0.0,13.5,420.0,0.0,-1.0
407843.204,3301.0,-1695.0,1695.0,406.79998779296875,0.0,13.5,420.0,0.0,-1.0
407854.201,3301.0,-1695.0,1695.0,406.79998779296875,0.0,13.5,420.0,0.0,-1.0
407865.204,3301.0,-1695.0,1695.0,406.79998779296875,0.0,13.5,420.0,0.0,-1.0
407876.201,3301.0,-1695.0,1695.0,406.79998779296875,0.0,13.5,420.0,0.0,-1.0
407887.205,3301.0,-1695.0,1695.0,406.79998779296875,0.0,13.5,420.0,0.0,-1.0
407897.206,3301.0,-1695.0,1695.0,406.79998779296875,0.0,13.5,420.0,0.0,-1.0
407907.488,3301.0,-1695.0,1695.0,406.79998779296875,0.0,13.5,420.0,0.0,-1.0
407918.2,3301.0,-1695.0,1695.0,406.79998779296875,0.0,13.5,420.0,0.0,-1.0
407928.2,3301.0,-1695.0,1695.0,406.79998779296875,0.0,13.5,420.0,0.0,-1.0
407938.201,3301.0,-1695.0,1695.0,406.79998779296875,0.0,13.5,420.0,0.0,-1.0
407949.488,3301.0,-1695.0,1695.0,406.79998779296875,0.0,13.5,420.0,0.0,-1.0
407959.488,3301.0,-1695.0,1695.0,406.79998779296875,0.0,13.5,420.0,0.0,-1.0
407970.2,3301.0,-1695.0,1695.0,406.79998779296875,0.0,13.5,420.0,0.0,-1.0
407981.205,3301.0,-1695.0,1695.0,406.79998779296875,0.0,13.5,420.0,0.0,-1.0
407991.206,3301.0,-1695.0,1695.0,406.79998779296875,0.0,13.5,420.0,0.0,-1.0
408001.207,3301.0,-1695.0,1695.0,406.79998779296875,0.0,13.5,420.0,0.0,-1.0
408011.208,3301.0,-1695.0,1695.0,406.79998779296875,0.0,13.5,420.0,0.0,-1.0
408021.208,3301.0,-1695.0,1695.0,406.79998779296875,0.0,13.5,420.0,0.0,-1.0
408032.204,3301.0,-1695.0,1695.0,406.79998779296875,0.0,13.5,420.0,0.0,-1.0
408043.2,3301.0,-1695.0,1695.0,406.79998779296875,0.0,13.5,420.0,0.0,-1.0
408053.367,3301.0,-1695.0,1695.0,406.79998779296875,0.0,13.5,420.0,0.0,-1.0
408063.368,3301.0,-1695.0,1695.0,406.79998779296875,0.0,13.5,420.0,0.0,-1.0
408073.369,3301.0,-1695.0,1695.0,406.79998779296875,0.0,13.5,420.0,0.0,-1.0
408083.37,3301.0,-1695.0,1695.0,406.79998779296875,0.0,13.5,420.0,0.0,-1.0
408093.737,3301.0,-1695.0,1695.0,406.79998779296875,0.0,13.5,420.0,0.0,-1.0
408104.205,3301.0,-1695.0,1695.0,406.79998779296875,0.0,13.5,420.0,0.0,-1.0
408115.2,3301.0,-1695.0,1695.0,406.79998779296875,0.0,13.5,420.0,0.0,-1.0
408126.205,3301.0,-1695.0,1695.0,406.79998779296875,0.0,13.5,420.0,0.0,-1.0
408136.206,3301.0,-1695.0,1695.0,406.79998779296875,0.0,13.5,420.0,0.0,-1.0
408147.204,3301.0,-1695.0,1695.0,406.79998779296875,0.0,13.5,420.0,0.0,-1.0
408158.201,3301.0,-1695.0,1695.0,406.79998779296875,0.0,13.5,420.0,0.0,-1.0
408169.205,3301.0,-1695.0,1695.0,406.79998779296875,0.0,13.5,420.0,0.0,-1.0
408179.205,3301.0,-1695.0,1695.0,406.79998779296875,0.0,13.5,420.0,0.0,-1.0
408189.205,3301.0,-1695.0,1695.0,406.79998779296875,0.0,13.5,420.0,0.0,-1.0
408200.209,3301.0,-1695.0,1695.0,406.79998779296875,0.0,13.5,420.0,0.0,-1.0
408211.201,3301.0,-1695.0,1695.0,406.79998779296875,0.0,13.5,420.0,0.0,-1.0
408222.208,3301.0,-1695.0,1695.0,406.79998779296875,0.0,13.5,420.0,0.0,-1.0
408233.201,3301.0,-1695.0,1695.0,406.79998779296875,0.0,13.5,420.0,0.0,-1.0
408244.204,3301.0,-1695.0,1695.0,406.79998779296875,0.0,13.5,420.0,0.0,-1.0
408254.479,3301.0,-1695.0,1695.0,406.79998779296875,0.0,13.5,420.0,0.0,-1.0
408264.479,3301.0,-1695.0,1695.0,406.79998779296875,0.0,13.5,420.0,0.0,-1.0

PID Parameters
Axis,P,I,D,LPF,Windup
"['Set Angle X', 0.0, 0.0, 0.0, 0.0, 0.0]"
"['Set Angle Y', 0.0, 0.0, 0.0, 0.0, 0.0]"
"['Set PWM X', 240.0, 0.0, 15.0, 0.0, 0.0]"
"['Set PWM Y', 0.0, 0.0, 0.0, 0.0, 0.0]"
