Timestamp (ms),carriageXPosition,pendulumXAngle,xAngleError,xPWMp,xPWMi,xPWMd,xPWMout,xPWM,pendulumYAngle
8388.608,5.885453550164232e-44,2.3509528284038883e-38,5.707636800502374e-31,0.0012995314318686724,8.270295380629351e-40,6.355617210914494e-39,6.307457385292579e-39,-432508575416320.0,1.7968058474404786e-38
12822.4,5.707636800502374e-31,1.6796050091328774e-29,8.270295380629351e-40,6.355617210914494e-39,6.307457385292579e-39,-432508575416320.0,1.7968058474404786e-38,1.1754943508222875e-38,0.0
711013.201,2894.0,1397.0,-1397.0,-335.2799987792969,-0.0,0.0,-335.0,0.0,-4.0
711097.903,2894.0,1397.0,-1397.0,-335.2799987792969,-0.0,0.0,-335.0,0.0,-4.0
711287.201,2894.0,1397.0,-1397.0,-335.2799987792969,-0.0,0.0,-335.0,0.0,-4.0
711298.205,2894.0,1397.0,-1397.0,-335.2799987792969,-0.0,0.0,-335.0,0.0,-4.0
711308.205,2894.0,1397.0,-1397.0,-335.2799987792969,-0.0,0.0,-335.0,0.0,-4.0
711319.205,2894.0,1397.0,-1397.0,-335.2799987792969,-0.0,0.0,-335.0,0.0,-4.0
711330.205,2894.0,1397.0,-1397.0,-335.2799987792969,-0.0,0.0,-335.0,0.0,-4.0
711341.201,2894.0,1397.0,-1397.0,-335.2799987792969,-0.0,0.0,-335.0,0.0,-4.0
711351.202,2894.0,1397.0,-1397.0,-335.2799987792969,-0.0,0.0,-335.0,0.0,-4.0
711362.2,2894.0,1397.0,-1397.0,-335.2799987792969,-0.0,0.0,-335.0,0.0,-4.0
711373.205,2894.0,1397.0,-1397.0,-335.2799987792969,-0.0,0.0,-335.0,0.0,-4.0
711383.205,2894.0,1397.0,-1397.0,-335.2799987792969,-0.0,0.0,-335.0,0.0,-4.0
711394.201,2894.0,1397.0,-1397.0,-335.2799987792969,-0.0,0.0,-335.0,0.0,-4.0
711404.202,2894.0,1397.0,-1397.0,-335.2799987792969,-0.0,0.0,-335.0,0.0,-4.0
711415.201,2894.0,1397.0,-1397.0,-335.2799987792969,-0.0,0.0,-335.0,0.0,-4.0
711426.205,2894.0,1397.0,-1397.0,-335.2799987792969,-0.0,0.0,-335.0,0.0,-4.0
711437.201,2894.0,1397.0,-1397.0,-335.2799987792969,-0.0,0.0,-335.0,0.0,-4.0
711447.201,2894.0,1397.0,-1397.0,-335.2799987792969,-0.0,0.0,-335.0,0.0,-4.0
711458.201,2894.0,1397.0,-1397.0,-335.2799987792969,-0.0,0.0,-335.0,0.0,-4.0
711469.205,2894.0,1397.0,-1397.0,-335.2799987792969,-0.0,0.0,-335.0,0.0,-4.0
711480.205,2894.0,1397.0,-1397.0,-335.2799987792969,-0.0,0.0,-335.0,0.0,-4.0
711490.425,2894.0,1397.0,-1397.0,-335.2799987792969,-0.0,0.0,-335.0,0.0,-4.0
711500.426,2894.0,1397.0,-1397.0,-335.2799987792969,-0.0,0.0,-335.0,0.0,-4.0
711511.205,2894.0,1397.0,-1397.0,-335.2799987792969,-0.0,0.0,-335.0,0.0,-4.0
711522.204,2894.0,1397.0,-1397.0,-335.2799987792969,-0.0,0.0,-335.0,0.0,-4.0
711533.201,2894.0,1397.0,-1397.0,-335.2799987792969,-0.0,0.0,-335.0,0.0,-4.0
711543.202,2894.0,1397.0,-1397.0,-335.2799987792969,-0.0,0.0,-335.0,0.0,-4.0
711554.205,2894.0,1397.0,-1397.0,-335.2799987792969,-0.0,0.0,-335.0,0.0,-4.0
711564.206,2894.0,1397.0,-1397.0,-335.2799987792969,-0.0,0.0,-335.0,0.0,-4.0
711575.205,2894.0,1397.0,-1397.0,-335.2799987792969,-0.0,0.0,-335.0,0.0,-4.0
711586.201,2894.0,1397.0,-1397.0,-335.2799987792969,-0.0,0.0,-335.0,0.0,-4.0
711596.202,2894.0,1397.0,-1397.0,-335.2799987792969,-0.0,0.0,-335.0,0.0,-4.0
711607.201,2894.0,1397.0,-1397.0,-335.2799987792969,-0.0,0.0,-335.0,0.0,-4.0
711618.205,2894.0,1397.0,-1397.0,-335.2799987792969,-0.0,0.0,-335.0,0.0,-4.0
711629.206,2894.0,1397.0,-1397.0,-335.2799987792969,-0.0,0.0,-335.0,0.0,-4.0
711640.201,2894.0,1397.0,-1397.0,-335.2799987792969,-0.0,0.0,-335.0,0.0,-4.0
711651.205,2894.0,1397.0,-1397.0,-335.2799987792969,-0.0,0.0,-335.0,0.0,-4.0
711662.201,2894.0,1397.0,-1397.0,-335.2799987792969,-0.0,0.0,-335.0,0.0,-4.0
711672.202,2894.0,1397.0,-1397.0,-335.2799987792969,-0.0,0.0,-335.0,0.0,-4.0
711683.2,2894.0,1397.0,-1397.0,-335.2799987792969,-0.0,0.0,-335.0,0.0,-4.0
711693.201,2894.0,1397.0,-1397.0,-335.2799987792969,-0.0,0.0,-335.0,0.0,-4.0
711703.683,2894.0,1397.0,-1397.0,-335.2799987792969,-0.0,0.0,-335.0,0.0,-4.0
711713.684,2894.0,1397.0,-1397.0,-335.2799987792969,-0.0,0.0,-335.0,0.0,-4.0
711723.685,2894.0,1397.0,-1397.0,-335.2799987792969,-0.0,0.0,-335.0,0.0,-4.0
711734.204,2894.0,1397.0,-1397.0,-335.2799987792969,-0.0,0.0,-335.0,0.0,-4.0
711744.205,2894.0,1397.0,-1397.0,-335.2799987792969,-0.0,0.0,-335.0,0.0,-4.0
711754.206,2894.0,1397.0,-1397.0,-335.2799987792969,-0.0,0.0,-335.0,0.0,-4.0
711764.206,2894.0,1397.0,-1397.0,-335.2799987792969,-0.0,0.0,-335.0,0.0,-4.0
711775.204,2894.0,1397.0,-1397.0,-335.2799987792969,-0.0,0.0,-335.0,0.0,-4.0
711786.205,2894.0,1397.0,-1397.0,-335.2799987792969,-0.0,0.0,-335.0,0.0,-4.0
711796.23,2894.0,1397.0,-1397.0,-335.2799987792969,-0.0,0.0,-335.0,0.0,-4.0
711806.231,2894.0,1397.0,-1397.0,-335.2799987792969,-0.0,0.0,-335.0,0.0,-4.0
711816.232,2894.0,1397.0,-1397.0,-335.2799987792969,-0.0,0.0,-335.0,0.0,-4.0
711826.656,2894.0,1397.0,-1397.0,-335.2799987792969,-0.0,0.0,-335.0,0.0,-4.0
711836.657,2894.0,1397.0,-1397.0,-335.2799987792969,-0.0,0.0,-335.0,0.0,-4.0
711847.201,2894.0,1397.0,-1397.0,-335.2799987792969,-0.0,0.0,-335.0,0.0,-4.0
711858.205,2894.0,1397.0,-1397.0,-335.2799987792969,-0.0,0.0,-335.0,0.0,-4.0
711869.201,2894.0,1397.0,-1397.0,-335.2799987792969,-0.0,0.0,-335.0,0.0,-4.0
711879.202,2894.0,1397.0,-1397.0,-335.2799987792969,-0.0,0.0,-335.0,0.0,-4.0
711890.201,2894.0,1397.0,-1397.0,-335.2799987792969,-0.0,0.0,-335.0,0.0,-4.0
711901.204,2894.0,1397.0,-1397.0,-335.2799987792969,-0.0,0.0,-335.0,0.0,-4.0
711912.205,2894.0,1397.0,-1397.0,-335.2799987792969,-0.0,0.0,-335.0,0.0,-4.0
711922.206,2894.0,1397.0,-1397.0,-335.2799987792969,-0.0,0.0,-335.0,0.0,-4.0
711932.207,2894.0,1397.0,-1397.0,-335.2799987792969,-0.0,0.0,-335.0,0.0,-4.0
711943.201,2894.0,1397.0,-1397.0,-335.2799987792969,-0.0,0.0,-335.0,0.0,-4.0
711954.204,2894.0,1397.0,-1397.0,-335.2799987792969,-0.0,0.0,-335.0,0.0,-4.0
711964.205,2894.0,1397.0,-1397.0,-335.2799987792969,-0.0,0.0,-335.0,0.0,-4.0
711975.201,2894.0,1397.0,-1397.0,-335.2799987792969,-0.0,0.0,-335.0,0.0,-4.0
711986.205,2894.0,1397.0,-1397.0,-335.2799987792969,-0.0,0.0,-335.0,0.0,-4.0
711996.206,2894.0,1397.0,-1397.0,-335.2799987792969,-0.0,0.0,-335.0,0.0,-4.0
712006.322,2894.0,1397.0,-1397.0,-335.2799987792969,-0.0,0.0,-335.0,0.0,-4.0
712016.322,2894.0,1397.0,-1397.0,-335.2799987792969,-0.0,0.0,-335.0,0.0,-4.0
712026.323,2894.0,1397.0,-1397.0,-335.2799987792969,-0.0,0.0,-335.0,0.0,-4.0
712037.222,2894.0,1397.0,-1397.0,-335.2799987792969,-0.0,0.0,-335.0,0.0,-4.0
712047.222,2894.0,1397.0,-1397.0,-335.2799987792969,-0.0,0.0,-335.0,0.0,-4.0
712057.223,2894.0,1397.0,-1397.0,-335.2799987792969,-0.0,0.0,-335.0,0.0,-4.0
712067.224,2894.0,1397.0,-1397.0,-335.2799987792969,-0.0,0.0,-335.0,0.0,-4.0
712077.225,2894.0,1397.0,-1397.0,-335.2799987792969,-0.0,0.0,-335.0,0.0,-4.0
712088.204,2894.0,1397.0,-1397.0,-335.2799987792969,-0.0,0.0,-335.0,0.0,-4.0
712098.204,2894.0,1397.0,-1397.0,-335.2799987792969,-0.0,0.0,-335.0,0.0,-4.0
712108.205,2894.0,1397.0,-1397.0,-335.2799987792969,-0.0,0.0,-335.0,0.0,-4.0
712118.651,2894.0,1397.0,-1397.0,-335.2799987792969,-0.0,0.0,-335.0,0.0,-4.0
712128.652,2894.0,1397.0,-1397.0,-335.2799987792969,-0.0,0.0,-335.0,0.0,-4.0
712138.652,2894.0,1397.0,-1397.0,-335.2799987792969,-0.0,0.0,-335.0,0.0,-4.0
712148.653,2894.0,1397.0,-1397.0,-335.2799987792969,-0.0,0.0,-335.0,0.0,-4.0
712159.205,2894.0,1397.0,-1397.0,-335.2799987792969,-0.0,0.0,-335.0,0.0,-4.0
712169.206,2894.0,1397.0,-1397.0,-335.2799987792969,-0.0,0.0,-335.0,0.0,-4.0
712179.206,2894.0,1397.0,-1397.0,-335.2799987792969,-0.0,0.0,-335.0,0.0,-4.0
712189.207,2894.0,1397.0,-1397.0,-335.2799987792969,-0.0,0.0,-335.0,0.0,-4.0
712200.205,2894.0,1397.0,-1397.0,-335.2799987792969,-0.0,0.0,-335.0,0.0,-4.0
712211.201,2894.0,1397.0,-1397.0,-335.2799987792969,-0.0,0.0,-335.0,0.0,-4.0
712222.209,2894.0,1397.0,-1397.0,-335.2799987792969,-0.0,0.0,-335.0,0.0,-4.0
712233.2,2894.0,1397.0,-1397.0,-335.2799987792969,-0.0,0.0,-335.0,0.0,-4.0
712244.205,2894.0,1397.0,-1397.0,-335.2799987792969,-0.0,0.0,-335.0,0.0,-4.0
712255.29,2894.0,1397.0,-1397.0,-335.2799987792969,-0.0,0.0,-335.0,0.0,-4.0
712265.29,2894.0,1397.0,-1397.0,-335.2799987792969,-0.0,0.0,-335.0,0.0,-4.0
712275.29,2894.0,1397.0,-1397.0,-335.2799987792969,-0.0,0.0,-335.0,0.0,-4.0
712286.204,2894.0,1397.0,-1397.0,-335.2799987792969,-0.0,0.0,-335.0,0.0,-4.0
712297.205,2894.0,1397.0,-1397.0,-335.2799987792969,-0.0,0.0,-335.0,0.0,-4.0
712308.2,2894.0,1397.0,-1397.0,-335.2799987792969,-0.0,0.0,-335.0,0.0,-4.0
712318.201,2894.0,1397.0,-1397.0,-335.2799987792969,-0.0,0.0,-335.0,0.0,-4.0
712328.201,2894.0,1397.0,-1397.0,-335.2799987792969,-0.0,0.0,-335.0,0.0,-4.0
712339.225,2894.0,1397.0,-1397.0,-335.2799987792969,-0.0,0.0,-335.0,0.0,-4.0
712350.201,2894.0,1397.0,-1397.0,-335.2799987792969,-0.0,0.0,-335.0,0.0,-4.0
712360.201,2894.0,1397.0,-1397.0,-335.2799987792969,-0.0,0.0,-335.0,0.0,-4.0
712371.2,2894.0,1397.0,-1397.0,-335.2799987792969,-0.0,0.0,-335.0,0.0,-4.0
712381.2,2894.0,1397.0,-1397.0,-335.2799987792969,-0.0,0.0,-335.0,0.0,-4.0
712391.2,2894.0,1397.0,-1397.0,-335.2799987792969,-0.0,0.0,-335.0,0.0,-4.0
712401.2,2894.0,1397.0,-1397.0,-335.2799987792969,-0.0,0.0,-335.0,0.0,-4.0
712412.2,2894.0,1397.0,-1397.0,-335.2799987792969,-0.0,0.0,-335.0,0.0,-4.0
712423.209,2894.0,1397.0,-1397.0,-335.2799987792969,-0.0,0.0,-335.0,0.0,-4.0
712433.247,2894.0,1397.0,-1397.0,-335.2799987792969,-0.0,0.0,-335.0,0.0,-4.0
712443.247,2894.0,1397.0,-1397.0,-335.2799987792969,-0.0,0.0,-335.0,0.0,-4.0
712454.201,2894.0,1397.0,-1397.0,-335.2799987792969,-0.0,0.0,-335.0,0.0,-4.0
712465.204,2894.0,1397.0,-1397.0,-335.2799987792969,-0.0,0.0,-335.0,0.0,-4.0
712475.204,2894.0,1397.0,-1397.0,-335.2799987792969,-0.0,0.0,-335.0,0.0,-4.0
712486.201,2894.0,1397.0,-1397.0,-335.2799987792969,-0.0,0.0,-335.0,0.0,-4.0
712496.201,2894.0,1397.0,-1397.0,-335.2799987792969,-0.0,0.0,-335.0,0.0,-4.0
712506.202,2894.0,1397.0,-1397.0,-335.2799987792969,-0.0,0.0,-335.0,0.0,-4.0
712516.202,2894.0,1397.0,-1397.0,-335.2799987792969,-0.0,0.0,-335.0,0.0,-4.0
712526.202,2894.0,1397.0,-1397.0,-335.2799987792969,-0.0,0.0,-335.0,0.0,-4.0
712536.202,2894.0,1397.0,-1397.0,-335.2799987792969,-0.0,0.0,-335.0,0.0,-4.0
712547.205,2894.0,1397.0,-1397.0,-335.2799987792969,-0.0,0.0,-335.0,0.0,-4.0
712557.483,2894.0,1397.0,-1397.0,-335.2799987792969,-0.0,0.0,-335.0,0.0,-4.0
712567.483,2894.0,1397.0,-1397.0,-335.2799987792969,-0.0,0.0,-335.0,0.0,-4.0
712578.201,2894.0,1397.0,-1397.0,-335.2799987792969,-0.0,0.0,-335.0,0.0,-4.0
712589.205,2894.0,1397.0,-1397.0,-335.2799987792969,-0.0,0.0,-335.0,0.0,-4.0
712599.205,2894.0,1397.0,-1397.0,-335.2799987792969,-0.0,0.0,-335.0,0.0,-4.0
712610.206,2894.0,1397.0,-1397.0,-335.2799987792969,-0.0,0.0,-335.0,0.0,-4.0
712621.205,2894.0,1397.0,-1397.0,-335.2799987792969,-0.0,0.0,-335.0,0.0,-4.0
712631.205,2894.0,1397.0,-1397.0,-335.2799987792969,-0.0,0.0,-335.0,0.0,-4.0
712642.201,2894.0,1397.0,-1397.0,-335.2799987792969,-0.0,0.0,-335.0,0.0,-4.0
712653.205,2894.0,1397.0,-1397.0,-335.2799987792969,-0.0,0.0,-335.0,0.0,-4.0
712663.206,2894.0,1397.0,-1397.0,-335.2799987792969,-0.0,0.0,-335.0,0.0,-4.0
712673.559,2894.0,1397.0,-1397.0,-335.2799987792969,-0.0,0.0,-335.0,0.0,-4.0
712683.56,2894.0,1397.0,-1397.0,-335.2799987792969,-0.0,0.0,-335.0,0.0,-4.0
712694.209,2894.0,1397.0,-1397.0,-335.2799987792969,-0.0,0.0,-335.0,0.0,-4.0
712705.201,2894.0,1397.0,-1397.0,-335.2799987792969,-0.0,0.0,-335.0,0.0,-4.0
712716.209,2894.0,1397.0,-1397.0,-335.2799987792969,-0.0,0.0,-335.0,0.0,-4.0
712726.432,2894.0,1397.0,-1397.0,-335.2799987792969,-0.0,0.0,-335.0,0.0,-4.0
712736.432,2894.0,1397.0,-1397.0,-335.2799987792969,-0.0,0.0,-335.0,0.0,-4.0
712747.2,2894.0,1397.0,-1397.0,-335.2799987792969,-0.0,0.0,-335.0,0.0,-4.0
712757.201,2894.0,1397.0,-1397.0,-335.2799987792969,-0.0,0.0,-335.0,0.0,-4.0
712768.201,2894.0,1397.0,-1397.0,-335.2799987792969,-0.0,0.0,-335.0,0.0,-4.0
712779.204,2894.0,1397.0,-1397.0,-335.2799987792969,-0.0,0.0,-335.0,0.0,-4.0
712790.205,2894.0,1397.0,-1397.0,-335.2799987792969,-0.0,0.0,-335.0,0.0,-4.0
712801.2,2894.0,1397.0,-1397.0,-335.2799987792969,-0.0,0.0,-335.0,0.0,-4.0
712812.205,2894.0,1397.0,-1397.0,-335.2799987792969,-0.0,0.0,-335.0,0.0,-4.0
712822.205,2894.0,1397.0,-1397.0,-335.2799987792969,-0.0,0.0,-335.0,0.0,-4.0
712833.2,2894.0,1397.0,-1397.0,-335.2799987792969,-0.0,0.0,-335.0,0.0,-4.0
712844.205,2894.0,1397.0,-1397.0,-335.2799987792969,-0.0,0.0,-335.0,0.0,-4.0
712854.205,2894.0,1397.0,-1397.0,-335.2799987792969,-0.0,0.0,-335.0,0.0,-4.0
712864.205,2894.0,1397.0,-1397.0,-335.2799987792969,-0.0,0.0,-335.0,0.0,-4.0
712875.205,2894.0,1397.0,-1397.0,-335.2799987792969,-0.0,0.0,-335.0,0.0,-4.0
712886.201,2894.0,1397.0,-1397.0,-335.2799987792969,-0.0,0.0,-335.0,0.0,-4.0
712896.202,2894.0,1397.0,-1397.0,-335.2799987792969,-0.0,0.0,-335.0,0.0,-4.0
712907.201,2894.0,1397.0,-1397.0,-335.2799987792969,-0.0,0.0,-335.0,0.0,-4.0
712918.205,2894.0,1397.0,-1397.0,-335.2799987792969,-0.0,0.0,-335.0,0.0,-4.0
712929.158,2894.0,1397.0,-1397.0,-335.2799987792969,-0.0,0.0,-335.0,0.0,-4.0
712939.383,2894.0,1397.0,-1397.0,-335.2799987792969,-0.0,0.0,-335.0,0.0,-4.0
712950.205,2894.0,1397.0,-1397.0,-335.2799987792969,-0.0,0.0,-335.0,0.0,-4.0
712961.157,2894.0,1397.0,-1397.0,-335.2799987792969,-0.0,0.0,-335.0,0.0,-4.0
712972.2,2894.0,1397.0,-1397.0,-335.2799987792969,-0.0,0.0,-335.0,0.0,-4.0
712983.205,2894.0,1397.0,-1397.0,-335.2799987792969,-0.0,0.0,-335.0,0.0,-4.0
712993.205,2894.0,1397.0,-1397.0,-335.2799987792969,-0.0,0.0,-335.0,0.0,-4.0
713004.2,2894.0,1397.0,-1397.0,-335.2799987792969,-0.0,0.0,-335.0,0.0,-4.0
713014.201,2894.0,1397.0,-1397.0,-335.2799987792969,-0.0,0.0,-335.0,0.0,-4.0
713024.202,2894.0,1397.0,-1397.0,-335.2799987792969,-0.0,0.0,-335.0,0.0,-4.0
713034.203,2894.0,1397.0,-1397.0,-335.2799987792969,-0.0,0.0,-335.0,0.0,-4.0
713044.204,2894.0,1397.0,-1397.0,-335.2799987792969,-0.0,0.0,-335.0,0.0,-4.0
713055.205,2894.0,1397.0,-1397.0,-335.2799987792969,-0.0,0.0,-335.0,0.0,-4.0
713066.201,2894.0,1397.0,-1397.0,-335.2799987792969,-0.0,0.0,-335.0,0.0,-4.0
713077.205,2894.0,1397.0,-1397.0,-335.2799987792969,-0.0,0.0,-335.0,0.0,-4.0
713087.205,2894.0,1397.0,-1397.0,-335.2799987792969,-0.0,0.0,-335.0,0.0,-4.0
713098.216,2894.0,1397.0,-1397.0,-335.2799987792969,-0.0,0.0,-335.0,0.0,-4.0
713109.201,2894.0,1397.0,-1397.0,-335.2799987792969,-0.0,0.0,-335.0,0.0,-4.0
713119.841,2894.0,1397.0,-1397.0,-335.2799987792969,-0.0,0.0,-335.0,0.0,-4.0
713129.841,2894.0,1397.0,-1397.0,-335.2799987792969,-0.0,0.0,-335.0,0.0,-4.0
713139.842,2894.0,1397.0,-1397.0,-335.2799987792969,-0.0,0.0,-335.0,0.0,-4.0
713150.204,2894.0,1397.0,-1397.0,-335.2799987792969,-0.0,0.0,-335.0,0.0,-4.0
713160.205,2894.0,1397.0,-1397.0,-335.2799987792969,-0.0,0.0,-335.0,0.0,-4.0
713171.205,2894.0,1397.0,-1397.0,-335.2799987792969,-0.0,0.0,-335.0,0.0,-4.0
713181.206,2894.0,1397.0,-1397.0,-335.2799987792969,-0.0,0.0,-335.0,0.0,-4.0
713191.206,2894.0,1397.0,-1397.0,-335.2799987792969,-0.0,0.0,-335.0,0.0,-4.0
713201.206,2894.0,1397.0,-1397.0,-335.2799987792969,-0.0,0.0,-335.0,0.0,-4.0
713211.756,2894.0,1397.0,-1397.0,-335.2799987792969,-0.0,0.0,-335.0,0.0,-4.0
713221.756,2894.0,1397.0,-1397.0,-335.2799987792969,-0.0,0.0,-335.0,0.0,-4.0
713231.757,2894.0,1397.0,-1397.0,-335.2799987792969,-0.0,0.0,-335.0,0.0,-4.0
713241.758,2894.0,1397.0,-1397.0,-335.2799987792969,-0.0,0.0,-335.0,0.0,-4.0
713252.205,2894.0,1397.0,-1397.0,-335.2799987792969,-0.0,0.0,-335.0,0.0,-4.0
713262.205,2894.0,1397.0,-1397.0,-335.2799987792969,-0.0,0.0,-335.0,0.0,-4.0
713273.205,2894.0,1397.0,-1397.0,-335.2799987792969,-0.0,0.0,-335.0,0.0,-4.0
713284.205,2894.0,1397.0,-1397.0,-335.2799987792969,-0.0,0.0,-335.0,0.0,-4.0
713295.201,2894.0,1397.0,-1397.0,-335.2799987792969,-0.0,0.0,-335.0,0.0,-4.0
713305.201,2894.0,1397.0,-1397.0,-335.2799987792969,-0.0,0.0,-335.0,0.0,-4.0
713316.201,2894.0,1397.0,-1397.0,-335.2799987792969,-0.0,0.0,-335.0,0.0,-4.0
713326.201,2894.0,1397.0,-1397.0,-335.2799987792969,-0.0,0.0,-335.0,0.0,-4.0
713337.205,2894.0,1397.0,-1397.0,-335.2799987792969,-0.0,0.0,-335.0,0.0,-4.0
713348.201,2894.0,1397.0,-1397.0,-335.2799987792969,-0.0,0.0,-335.0,0.0,-4.0
713359.205,2894.0,1397.0,-1397.0,-335.2799987792969,-0.0,0.0,-335.0,0.0,-4.0
713370.209,2894.0,1397.0,-1397.0,-335.2799987792969,-0.0,0.0,-335.0,0.0,-4.0
713380.209,2894.0,1397.0,-1397.0,-335.2799987792969,-0.0,0.0,-335.0,0.0,-4.0
713390.209,2894.0,1397.0,-1397.0,-335.2799987792969,-0.0,0.0,-335.0,0.0,-4.0
713400.209,2894.0,1397.0,-1397.0,-335.2799987792969,-0.0,0.0,-335.0,0.0,-4.0
713410.209,2894.0,1397.0,-1397.0,-335.2799987792969,-0.0,0.0,-335.0,0.0,-4.0
713421.201,2894.0,1397.0,-1397.0,-335.2799987792969,-0.0,0.0,-335.0,0.0,-4.0
713432.201,2894.0,1397.0,-1397.0,-335.2799987792969,-0.0,0.0,-335.0,0.0,-4.0
713442.202,2894.0,1397.0,-1397.0,-335.2799987792969,-0.0,0.0,-335.0,0.0,-4.0
713452.203,2894.0,1397.0,-1397.0,-335.2799987792969,-0.0,0.0,-335.0,0.0,-4.0
713462.203,2894.0,1397.0,-1397.0,-335.2799987792969,-0.0,0.0,-335.0,0.0,-4.0
713473.205,2894.0,1397.0,-1397.0,-335.2799987792969,-0.0,0.0,-335.0,0.0,-4.0
713483.206,2894.0,1397.0,-1397.0,-335.2799987792969,-0.0,0.0,-335.0,0.0,-4.0
713494.201,2894.0,1397.0,-1397.0,-335.2799987792969,-0.0,0.0,-335.0,0.0,-4.0
713504.202,2894.0,1397.0,-1397.0,-335.2799987792969,-0.0,0.0,-335.0,0.0,-4.0
713514.203,2894.0,1397.0,-1397.0,-335.2799987792969,-0.0,0.0,-335.0,0.0,-4.0
713525.2,2894.0,1397.0,-1397.0,-335.2799987792969,-0.0,0.0,-335.0,0.0,-4.0
713536.205,2894.0,1397.0,-1397.0,-335.2799987792969,-0.0,0.0,-335.0,0.0,-4.0
713546.95,2894.0,1397.0,-1397.0,-335.2799987792969,-0.0,0.0,-335.0,0.0,-4.0
713556.95,2894.0,1397.0,-1397.0,-335.2799987792969,-0.0,0.0,-335.0,0.0,-4.0
713567.201,2894.0,1397.0,-1397.0,-335.2799987792969,-0.0,0.0,-335.0,0.0,-4.0
713577.201,2894.0,1397.0,-1397.0,-335.2799987792969,-0.0,0.0,-335.0,0.0,-4.0
713587.202,2894.0,1397.0,-1397.0,-335.2799987792969,-0.0,0.0,-335.0,0.0,-4.0
713598.201,2894.0,1397.0,-1397.0,-335.2799987792969,-0.0,0.0,-335.0,0.0,-4.0
713609.205,2894.0,1397.0,-1397.0,-335.2799987792969,-0.0,0.0,-335.0,0.0,-4.0
713619.205,2894.0,1397.0,-1397.0,-335.2799987792969,-0.0,0.0,-335.0,0.0,-4.0
713629.206,2894.0,1397.0,-1397.0,-335.2799987792969,-0.0,0.0,-335.0,0.0,-4.0
713640.204,2894.0,1397.0,-1397.0,-335.2799987792969,-0.0,0.0,-335.0,0.0,-4.0
713650.204,2894.0,1397.0,-1397.0,-335.2799987792969,-0.0,0.0,-335.0,0.0,-4.0
713661.205,2894.0,1397.0,-1397.0,-335.2799987792969,-0.0,0.0,-335.0,0.0,-4.0
713672.201,2894.0,1397.0,-1397.0,-335.2799987792969,-0.0,0.0,-335.0,0.0,-4.0
713683.205,2894.0,1397.0,-1397.0,-335.2799987792969,-0.0,0.0,-335.0,0.0,-4.0
713693.205,2894.0,1397.0,-1397.0,-335.2799987792969,-0.0,0.0,-335.0,0.0,-4.0
713703.206,2894.0,1397.0,-1397.0,-335.2799987792969,-0.0,0.0,-335.0,0.0,-4.0
713714.395,2894.0,1397.0,-1397.0,-335.2799987792969,-0.0,0.0,-335.0,0.0,-4.0
713724.396,2894.0,1397.0,-1397.0,-335.2799987792969,-0.0,0.0,-335.0,0.0,-4.0
713735.205,2894.0,1397.0,-1397.0,-335.2799987792969,-0.0,0.0,-335.0,0.0,-4.0
713746.2,2894.0,1397.0,-1397.0,-335.2799987792969,-0.0,0.0,-335.0,0.0,-4.0
713756.201,2894.0,1397.0,-1397.0,-335.2799987792969,-0.0,0.0,-335.0,0.0,-4.0
713767.205,2894.0,1397.0,-1397.0,-335.2799987792969,-0.0,0.0,-335.0,0.0,-4.0
713778.201,2894.0,1397.0,-1397.0,-335.2799987792969,-0.0,0.0,-335.0,0.0,-4.0
713788.202,2894.0,1397.0,-1397.0,-335.2799987792969,-0.0,0.0,-335.0,0.0,-4.0
713799.205,2894.0,1397.0,-1397.0,-335.2799987792969,-0.0,0.0,-335.0,0.0,-4.0
713810.2,2894.0,1397.0,-1397.0,-335.2799987792969,-0.0,0.0,-335.0,0.0,-4.0
713821.205,2894.0,1397.0,-1397.0,-335.2799987792969,-0.0,0.0,-335.0,0.0,-4.0
713832.205,2894.0,1397.0,-1397.0,-335.2799987792969,-0.0,0.0,-335.0,0.0,-4.0
713842.206,2894.0,1397.0,-1397.0,-335.2799987792969,-0.0,0.0,-335.0,0.0,-4.0
713852.207,2894.0,1397.0,-1397.0,-335.2799987792969,-0.0,0.0,-335.0,0.0,-4.0
713863.2,2894.0,1397.0,-1397.0,-335.2799987792969,-0.0,0.0,-335.0,0.0,-4.0
713873.2,2894.0,1397.0,-1397.0,-335.2799987792969,-0.0,0.0,-335.0,0.0,-4.0
713884.2,2894.0,1397.0,-1397.0,-335.2799987792969,-0.0,0.0,-335.0,0.0,-4.0
713894.201,2894.0,1397.0,-1397.0,-335.2799987792969,-0.0,0.0,-335.0,0.0,-4.0
713904.202,2894.0,1397.0,-1397.0,-335.2799987792969,-0.0,0.0,-335.0,0.0,-4.0
713915.204,2894.0,1397.0,-1397.0,-335.2799987792969,-0.0,0.0,-335.0,0.0,-4.0
713926.202,2894.0,1397.0,-1397.0,-335.2799987792969,-0.0,0.0,-335.0,0.0,-4.0
713937.205,2894.0,1397.0,-1397.0,-335.2799987792969,-0.0,0.0,-335.0,0.0,-4.0
713948.205,2894.0,1397.0,-1397.0,-335.2799987792969,-0.0,0.0,-335.0,0.0,-4.0
713959.201,2894.0,1397.0,-1397.0,-335.2799987792969,-0.0,0.0,-335.0,0.0,-4.0
713970.205,2894.0,1397.0,-1397.0,-335.2799987792969,-0.0,0.0,-335.0,0.0,-4.0
713980.205,2894.0,1397.0,-1397.0,-335.2799987792969,-0.0,0.0,-335.0,0.0,-4.0
713991.205,2894.0,1397.0,-1397.0,-335.2799987792969,-0.0,0.0,-335.0,0.0,-4.0
714002.205,2894.0,1397.0,-1397.0,-335.2799987792969,-0.0,0.0,-335.0,0.0,-4.0
714013.201,2894.0,1397.0,-1397.0,-335.2799987792969,-0.0,0.0,-335.0,0.0,-4.0
714024.205,2894.0,1397.0,-1397.0,-335.2799987792969,-0.0,0.0,-335.0,0.0,-4.0
714034.206,2894.0,1397.0,-1397.0,-335.2799987792969,-0.0,0.0,-335.0,0.0,-4.0
714044.206,2894.0,1397.0,-1397.0,-335.2799987792969,-0.0,0.0,-335.0,0.0,-4.0
714055.205,2894.0,1397.0,-1397.0,-335.2799987792969,-0.0,0.0,-335.0,0.0,-4.0
714065.206,2894.0,1397.0,-1397.0,-335.2799987792969,-0.0,0.0,-335.0,0.0,-4.0
714076.201,2894.0,1397.0,-1397.0,-335.2799987792969,-0.0,0.0,-335.0,0.0,-4.0
714086.201,2894.0,1397.0,-1397.0,-335.2799987792969,-0.0,0.0,-335.0,0.0,-4.0
714096.201,2894.0,1397.0,-1397.0,-335.2799987792969,-0.0,0.0,-335.0,0.0,-4.0
714107.204,2894.0,1397.0,-1397.0,-335.2799987792969,-0.0,0.0,-335.0,0.0,-4.0
714118.157,2894.0,1397.0,-1397.0,-335.2799987792969,-0.0,0.0,-335.0,0.0,-4.0
714129.2,2894.0,1397.0,-1397.0,-335.2799987792969,-0.0,0.0,-335.0,0.0,-4.0
714139.2,2894.0,1397.0,-1397.0,-335.2799987792969,-0.0,0.0,-335.0,0.0,-4.0
714149.201,2894.0,1397.0,-1397.0,-335.2799987792969,-0.0,0.0,-335.0,0.0,-4.0
714160.2,2894.0,1397.0,-1397.0,-335.2799987792969,-0.0,0.0,-335.0,0.0,-4.0
714170.201,2894.0,1397.0,-1397.0,-335.2799987792969,-0.0,0.0,-335.0,0.0,-4.0
714180.202,2894.0,1397.0,-1397.0,-335.2799987792969,-0.0,0.0,-335.0,0.0,-4.0
714190.202,2894.0,1397.0,-1397.0,-335.2799987792969,-0.0,0.0,-335.0,0.0,-4.0
714200.203,2894.0,1397.0,-1397.0,-335.2799987792969,-0.0,0.0,-335.0,0.0,-4.0
714210.203,2894.0,1397.0,-1397.0,-335.2799987792969,-0.0,0.0,-335.0,0.0,-4.0
714220.204,2894.0,1397.0,-1397.0,-335.2799987792969,-0.0,0.0,-335.0,0.0,-4.0
714231.205,2894.0,1397.0,-1397.0,-335.2799987792969,-0.0,0.0,-335.0,0.0,-4.0
714242.157,2894.0,1397.0,-1397.0,-335.2799987792969,-0.0,0.0,-335.0,0.0,-4.0
714253.173,2894.0,1397.0,-1397.0,-335.2799987792969,-0.0,0.0,-335.0,0.0,-4.0
714263.174,2894.0,1397.0,-1397.0,-335.2799987792969,-0.0,0.0,-335.0,0.0,-4.0
714274.201,2894.0,1397.0,-1397.0,-335.2799987792969,-0.0,0.0,-335.0,0.0,-4.0
714284.202,2894.0,1397.0,-1397.0,-335.2799987792969,-0.0,0.0,-335.0,0.0,-4.0
714295.2,2894.0,1397.0,-1397.0,-335.2799987792969,-0.0,0.0,-335.0,0.0,-4.0
714305.2,2894.0,1397.0,-1397.0,-335.2799987792969,-0.0,0.0,-335.0,0.0,-4.0
714315.201,2894.0,1397.0,-1397.0,-335.2799987792969,-0.0,0.0,-335.0,0.0,-4.0
714325.201,2894.0,1397.0,-1397.0,-335.2799987792969,-0.0,0.0,-335.0,0.0,-4.0
714335.202,2894.0,1397.0,-1397.0,-335.2799987792969,-0.0,0.0,-335.0,0.0,-4.0
714345.203,2894.0,1397.0,-1397.0,-335.2799987792969,-0.0,0.0,-335.0,0.0,-4.0
714355.204,2894.0,1397.0,-1397.0,-335.2799987792969,-0.0,0.0,-335.0,0.0,-4.0
714365.204,2894.0,1397.0,-1397.0,-335.2799987792969,-0.0,0.0,-335.0,0.0,-4.0
714376.201,2894.0,1397.0,-1397.0,-335.2799987792969,-0.0,0.0,-335.0,0.0,-4.0
714387.205,2894.0,1397.0,-1397.0,-335.2799987792969,-0.0,0.0,-335.0,0.0,-4.0
714398.201,2894.0,1397.0,-1397.0,-335.2799987792969,-0.0,0.0,-335.0,0.0,-4.0
714408.202,2894.0,1397.0,-1397.0,-335.2799987792969,-0.0,0.0,-335.0,0.0,-4.0
714418.202,2894.0,1397.0,-1397.0,-335.2799987792969,-0.0,0.0,-335.0,0.0,-4.0
714429.201,2894.0,1397.0,-1397.0,-335.2799987792969,-0.0,0.0,-335.0,0.0,-4.0
714440.205,2894.0,1397.0,-1397.0,-335.2799987792969,-0.0,0.0,-335.0,0.0,-4.0
714451.201,2894.0,1397.0,-1397.0,-335.2799987792969,-0.0,0.0,-335.0,0.0,-4.0
714462.205,2894.0,1397.0,-1397.0,-335.2799987792969,-0.0,0.0,-335.0,0.0,-4.0
714472.205,2894.0,1397.0,-1397.0,-335.2799987792969,-0.0,0.0,-335.0,0.0,-4.0
714482.206,2894.0,1397.0,-1397.0,-335.2799987792969,-0.0,0.0,-335.0,0.0,-4.0
714493.205,2894.0,1397.0,-1397.0,-335.2799987792969,-0.0,0.0,-335.0,0.0,-4.0
714504.205,2894.0,1397.0,-1397.0,-335.2799987792969,-0.0,0.0,-335.0,0.0,-4.0
714514.205,2894.0,1397.0,-1397.0,-335.2799987792969,-0.0,0.0,-335.0,0.0,-4.0
714524.206,2894.0,1397.0,-1397.0,-335.2799987792969,-0.0,0.0,-335.0,0.0,-4.0
714534.207,2894.0,1397.0,-1397.0,-335.2799987792969,-0.0,0.0,-335.0,0.0,-4.0
714544.207,2894.0,1397.0,-1397.0,-335.2799987792969,-0.0,0.0,-335.0,0.0,-4.0
714555.204,2894.0,1397.0,-1397.0,-335.2799987792969,-0.0,0.0,-335.0,0.0,-4.0
714566.202,2894.0,1397.0,-1397.0,-335.2799987792969,-0.0,0.0,-335.0,0.0,-4.0
714577.205,2894.0,1397.0,-1397.0,-335.2799987792969,-0.0,0.0,-335.0,0.0,-4.0
714588.205,2894.0,1397.0,-1397.0,-335.2799987792969,-0.0,0.0,-335.0,0.0,-4.0
714599.201,2894.0,1397.0,-1397.0,-335.2799987792969,-0.0,0.0,-335.0,0.0,-4.0
714610.204,2894.0,1397.0,-1397.0,-335.2799987792969,-0.0,0.0,-335.0,0.0,-4.0
714621.201,2894.0,1397.0,-1397.0,-335.2799987792969,-0.0,0.0,-335.0,0.0,-4.0
714632.205,2894.0,1397.0,-1397.0,-335.2799987792969,-0.0,0.0,-335.0,0.0,-4.0
714642.206,2894.0,1397.0,-1397.0,-335.2799987792969,-0.0,0.0,-335.0,0.0,-4.0
714653.205,2894.0,1397.0,-1397.0,-335.2799987792969,-0.0,0.0,-335.0,0.0,-4.0
714664.201,2894.0,1397.0,-1397.0,-335.2799987792969,-0.0,0.0,-335.0,0.0,-4.0
714674.201,2894.0,1397.0,-1397.0,-335.2799987792969,-0.0,0.0,-335.0,0.0,-4.0
714684.202,2894.0,1397.0,-1397.0,-335.2799987792969,-0.0,0.0,-335.0,0.0,-4.0
714695.205,2894.0,1397.0,-1397.0,-335.2799987792969,-0.0,0.0,-335.0,0.0,-4.0
714705.206,2894.0,1397.0,-1397.0,-335.2799987792969,-0.0,0.0,-335.0,0.0,-4.0
714715.207,2894.0,1397.0,-1397.0,-335.2799987792969,-0.0,0.0,-335.0,0.0,-4.0
714725.208,2894.0,1397.0,-1397.0,-335.2799987792969,-0.0,0.0,-335.0,0.0,-4.0
714736.204,2894.0,1397.0,-1397.0,-335.2799987792969,-0.0,0.0,-335.0,0.0,-4.0
714747.201,2894.0,1397.0,-1397.0,-335.2799987792969,-0.0,0.0,-335.0,0.0,-4.0
714757.202,2894.0,1397.0,-1397.0,-335.2799987792969,-0.0,0.0,-335.0,0.0,-4.0
714768.205,2894.0,1397.0,-1397.0,-335.2799987792969,-0.0,0.0,-335.0,0.0,-4.0
714778.205,2894.0,1397.0,-1397.0,-335.2799987792969,-0.0,0.0,-335.0,0.0,-4.0
714788.206,2894.0,1397.0,-1397.0,-335.2799987792969,-0.0,0.0,-335.0,0.0,-4.0
714799.201,2894.0,1397.0,-1397.0,-335.2799987792969,-0.0,0.0,-335.0,0.0,-4.0
714809.202,2894.0,1397.0,-1397.0,-335.2799987792969,-0.0,0.0,-335.0,0.0,-4.0
714819.202,2894.0,1397.0,-1397.0,-335.2799987792969,-0.0,0.0,-335.0,0.0,-4.0
714830.205,2894.0,1397.0,-1397.0,-335.2799987792969,-0.0,0.0,-335.0,0.0,-4.0
714840.444,2894.0,1397.0,-1397.0,-335.2799987792969,-0.0,0.0,-335.0,0.0,-4.0
714851.2,2894.0,1397.0,-1397.0,-335.2799987792969,-0.0,0.0,-335.0,0.0,-4.0
714862.205,2894.0,1397.0,-1397.0,-335.2799987792969,-0.0,0.0,-335.0,0.0,-4.0
714873.404,2894.0,1397.0,-1397.0,-335.2799987792969,-0.0,0.0,-335.0,0.0,-4.0
714883.405,2894.0,1397.0,-1397.0,-335.2799987792969,-0.0,0.0,-335.0,0.0,-4.0
714894.201,2894.0,1397.0,-1397.0,-335.2799987792969,-0.0,0.0,-335.0,0.0,-4.0
714905.205,2894.0,1397.0,-1397.0,-335.2799987792969,-0.0,0.0,-335.0,0.0,-4.0
714916.201,2894.0,1397.0,-1397.0,-335.2799987792969,-0.0,0.0,-335.0,0.0,-4.0
714927.22,2894.0,1397.0,-1397.0,-335.2799987792969,-0.0,0.0,-335.0,0.0,-4.0
714937.221,2894.0,1397.0,-1397.0,-335.2799987792969,-0.0,0.0,-335.0,0.0,-4.0
714947.221,2894.0,1397.0,-1397.0,-335.2799987792969,-0.0,0.0,-335.0,0.0,-4.0
714958.201,2894.0,1397.0,-1397.0,-335.2799987792969,-0.0,0.0,-335.0,0.0,-4.0
714969.205,2894.0,1397.0,-1397.0,-335.2799987792969,-0.0,0.0,-335.0,0.0,-4.0
714979.205,2894.0,1397.0,-1397.0,-335.2799987792969,-0.0,0.0,-335.0,0.0,-4.0
714990.2,2894.0,1397.0,-1397.0,-335.2799987792969,-0.0,0.0,-335.0,0.0,-4.0
715000.2,2894.0,1397.0,-1397.0,-335.2799987792969,-0.0,0.0,-335.0,0.0,-4.0
715011.209,2894.0,1397.0,-1397.0,-335.2799987792969,-0.0,0.0,-335.0,0.0,-4.0
715022.202,2894.0,1397.0,-1397.0,-335.2799987792969,-0.0,0.0,-335.0,0.0,-4.0
715032.202,2894.0,1397.0,-1397.0,-335.2799987792969,-0.0,0.0,-335.0,0.0,-4.0
715042.203,2894.0,1397.0,-1397.0,-335.2799987792969,-0.0,0.0,-335.0,0.0,-4.0
715053.201,2894.0,1397.0,-1397.0,-335.2799987792969,-0.0,0.0,-335.0,0.0,-4.0
715064.208,2894.0,1397.0,-1397.0,-335.2799987792969,-0.0,0.0,-335.0,0.0,-4.0
715074.628,2894.0,1397.0,-1397.0,-335.2799987792969,-0.0,0.0,-335.0,0.0,-4.0
715084.629,2894.0,1397.0,-1397.0,-335.2799987792969,-0.0,0.0,-335.0,0.0,-4.0
715095.213,2894.0,1397.0,-1397.0,-335.2799987792969,-0.0,0.0,-335.0,0.0,-4.0
715106.205,2894.0,1397.0,-1397.0,-335.2799987792969,-0.0,0.0,-335.0,0.0,-4.0
715116.206,2894.0,1397.0,-1397.0,-335.2799987792969,-0.0,0.0,-335.0,0.0,-4.0
715126.207,2894.0,1397.0,-1397.0,-335.2799987792969,-0.0,0.0,-335.0,0.0,-4.0
715137.201,2894.0,1397.0,-1397.0,-335.2799987792969,-0.0,0.0,-335.0,0.0,-4.0
715148.205,2894.0,1397.0,-1397.0,-335.2799987792969,-0.0,0.0,-335.0,0.0,-4.0
715158.206,2894.0,1397.0,-1397.0,-335.2799987792969,-0.0,0.0,-335.0,0.0,-4.0
715169.204,2894.0,1397.0,-1397.0,-335.2799987792969,-0.0,0.0,-335.0,0.0,-4.0
715179.205,2894.0,1397.0,-1397.0,-335.2799987792969,-0.0,0.0,-335.0,0.0,-4.0
715190.201,2894.0,1397.0,-1397.0,-335.2799987792969,-0.0,0.0,-335.0,0.0,-4.0
715200.202,2894.0,1397.0,-1397.0,-335.2799987792969,-0.0,0.0,-335.0,0.0,-4.0
715211.2,2894.0,1397.0,-1397.0,-335.2799987792969,-0.0,0.0,-335.0,0.0,-4.0
715221.2,2894.0,1397.0,-1397.0,-335.2799987792969,-0.0,0.0,-335.0,0.0,-4.0
715231.201,2894.0,1397.0,-1397.0,-335.2799987792969,-0.0,0.0,-335.0,0.0,-4.0
715242.2,2894.0,1397.0,-1397.0,-335.2799987792969,-0.0,0.0,-335.0,0.0,-4.0
715253.205,2894.0,1397.0,-1397.0,-335.2799987792969,-0.0,0.0,-335.0,0.0,-4.0
715263.206,2894.0,1397.0,-1397.0,-335.2799987792969,-0.0,0.0,-335.0,0.0,-4.0
715274.205,2894.0,1397.0,-1397.0,-335.2799987792969,-0.0,0.0,-335.0,0.0,-4.0
715284.206,2894.0,1397.0,-1397.0,-335.2799987792969,-0.0,0.0,-335.0,0.0,-4.0
715295.201,2894.0,1397.0,-1397.0,-335.2799987792969,-0.0,0.0,-335.0,0.0,-4.0
715306.204,2894.0,1397.0,-1397.0,-335.2799987792969,-0.0,0.0,-335.0,0.0,-4.0
715317.201,2894.0,1397.0,-1397.0,-335.2799987792969,-0.0,0.0,-335.0,0.0,-4.0
715327.202,2894.0,1397.0,-1397.0,-335.2799987792969,-0.0,0.0,-335.0,0.0,-4.0
715338.2,2894.0,1397.0,-1397.0,-335.2799987792969,-0.0,0.0,-335.0,0.0,-4.0
715348.201,2894.0,1397.0,-1397.0,-335.2799987792969,-0.0,0.0,-335.0,0.0,-4.0
715359.201,2894.0,1397.0,-1397.0,-335.2799987792969,-0.0,0.0,-335.0,0.0,-4.0
715369.202,2894.0,1397.0,-1397.0,-335.2799987792969,-0.0,0.0,-335.0,0.0,-4.0
715380.206,2894.0,1397.0,-1397.0,-335.2799987792969,-0.0,0.0,-335.0,0.0,-4.0
715391.2,2894.0,1397.0,-1397.0,-335.2799987792969,-0.0,0.0,-335.0,0.0,-4.0
715402.209,2894.0,1397.0,-1397.0,-335.2799987792969,-0.0,0.0,-335.0,0.0,-4.0
715412.21,2894.0,1397.0,-1397.0,-335.2799987792969,-0.0,0.0,-335.0,0.0,-4.0
715422.297,2894.0,1397.0,-1397.0,-335.2799987792969,-0.0,0.0,-335.0,0.0,-4.0
715432.298,2894.0,1397.0,-1397.0,-335.2799987792969,-0.0,0.0,-335.0,0.0,-4.0
715443.204,2894.0,1397.0,-1397.0,-335.2799987792969,-0.0,0.0,-335.0,0.0,-4.0
715453.205,2894.0,1397.0,-1397.0,-335.2799987792969,-0.0,0.0,-335.0,0.0,-4.0
715463.205,2894.0,1397.0,-1397.0,-335.2799987792969,-0.0,0.0,-335.0,0.0,-4.0
715474.2,2894.0,1397.0,-1397.0,-335.2799987792969,-0.0,0.0,-335.0,0.0,-4.0
715485.205,2894.0,1397.0,-1397.0,-335.2799987792969,-0.0,0.0,-335.0,0.0,-4.0
715495.205,2894.0,1397.0,-1397.0,-335.2799987792969,-0.0,0.0,-335.0,0.0,-4.0
715506.205,2894.0,1397.0,-1397.0,-335.2799987792969,-0.0,0.0,-335.0,0.0,-4.0
715516.206,2894.0,1397.0,-1397.0,-335.2799987792969,-0.0,0.0,-335.0,0.0,-4.0
715526.206,2894.0,1397.0,-1397.0,-335.2799987792969,-0.0,0.0,-335.0,0.0,-4.0
715537.205,2894.0,1397.0,-1397.0,-335.2799987792969,-0.0,0.0,-335.0,0.0,-4.0
715547.206,2894.0,1397.0,-1397.0,-335.2799987792969,-0.0,0.0,-335.0,0.0,-4.0
715557.207,2894.0,1397.0,-1397.0,-335.2799987792969,-0.0,0.0,-335.0,0.0,-4.0
715568.201,2894.0,1397.0,-1397.0,-335.2799987792969,-0.0,0.0,-335.0,0.0,-4.0
715578.202,2894.0,1397.0,-1397.0,-335.2799987792969,-0.0,0.0,-335.0,0.0,-4.0
715588.203,2894.0,1397.0,-1397.0,-335.2799987792969,-0.0,0.0,-335.0,0.0,-4.0
715599.205,2894.0,1397.0,-1397.0,-335.2799987792969,-0.0,0.0,-335.0,0.0,-4.0
715610.201,2894.0,1397.0,-1397.0,-335.2799987792969,-0.0,0.0,-335.0,0.0,-4.0
715620.202,2894.0,1397.0,-1397.0,-335.2799987792969,-0.0,0.0,-335.0,0.0,-4.0
715630.203,2894.0,1397.0,-1397.0,-335.2799987792969,-0.0,0.0,-335.0,0.0,-4.0
715641.204,2894.0,1397.0,-1397.0,-335.2799987792969,-0.0,0.0,-335.0,0.0,-4.0
715652.22,2894.0,1397.0,-1397.0,-335.2799987792969,-0.0,0.0,-335.0,0.0,-4.0
715663.201,2894.0,1397.0,-1397.0,-335.2799987792969,-0.0,0.0,-335.0,0.0,-4.0
715674.205,2894.0,1397.0,-1397.0,-335.2799987792969,-0.0,0.0,-335.0,0.0,-4.0
715684.206,2894.0,1397.0,-1397.0,-335.2799987792969,-0.0,0.0,-335.0,0.0,-4.0
715695.201,2894.0,1397.0,-1397.0,-335.2799987792969,-0.0,0.0,-335.0,0.0,-4.0
715706.205,2894.0,1397.0,-1397.0,-335.2799987792969,-0.0,0.0,-335.0,0.0,-4.0
715717.209,2894.0,1397.0,-1397.0,-335.2799987792969,-0.0,0.0,-335.0,0.0,-4.0
715727.21,2894.0,1397.0,-1397.0,-335.2799987792969,-0.0,0.0,-335.0,0.0,-4.0
715737.256,2894.0,1397.0,-1397.0,-335.2799987792969,-0.0,0.0,-335.0,0.0,-4.0
715747.256,2894.0,1397.0,-1397.0,-335.2799987792969,-0.0,0.0,-335.0,0.0,-4.0
715758.205,2894.0,1397.0,-1397.0,-335.2799987792969,-0.0,0.0,-335.0,0.0,-4.0
715769.201,2894.0,1397.0,-1397.0,-335.2799987792969,-0.0,0.0,-335.0,0.0,-4.0
715779.202,2894.0,1397.0,-1397.0,-335.2799987792969,-0.0,0.0,-335.0,0.0,-4.0
715790.205,2894.0,1397.0,-1397.0,-335.2799987792969,-0.0,0.0,-335.0,0.0,-4.0
715801.2,2894.0,1397.0,-1397.0,-335.2799987792969,-0.0,0.0,-335.0,0.0,-4.0
715811.201,2894.0,1397.0,-1397.0,-335.2799987792969,-0.0,0.0,-335.0,0.0,-4.0
715822.2,2894.0,1397.0,-1397.0,-335.2799987792969,-0.0,0.0,-335.0,0.0,-4.0
715833.205,2894.0,1397.0,-1397.0,-335.2799987792969,-0.0,0.0,-335.0,0.0,-4.0
715843.206,2894.0,1397.0,-1397.0,-335.2799987792969,-0.0,0.0,-335.0,0.0,-4.0
715854.204,2894.0,1397.0,-1397.0,-335.2799987792969,-0.0,0.0,-335.0,0.0,-4.0
715865.2,2894.0,1397.0,-1397.0,-335.2799987792969,-0.0,0.0,-335.0,0.0,-4.0
715876.205,2894.0,1397.0,-1397.0,-335.2799987792969,-0.0,0.0,-335.0,0.0,-4.0
715887.205,2894.0,1397.0,-1397.0,-335.2799987792969,-0.0,0.0,-335.0,0.0,-4.0
715898.208,2894.0,1397.0,-1397.0,-335.2799987792969,-0.0,0.0,-335.0,0.0,-4.0
715908.208,2894.0,1397.0,-1397.0,-335.2799987792969,-0.0,0.0,-335.0,0.0,-4.0
715918.208,2894.0,1397.0,-1397.0,-335.2799987792969,-0.0,0.0,-335.0,0.0,-4.0
715928.209,2894.0,1397.0,-1397.0,-335.2799987792969,-0.0,0.0,-335.0,0.0,-4.0
715939.204,2894.0,1397.0,-1397.0,-335.2799987792969,-0.0,0.0,-335.0,0.0,-4.0
715949.205,2894.0,1397.0,-1397.0,-335.2799987792969,-0.0,0.0,-335.0,0.0,-4.0
715959.206,2894.0,1397.0,-1397.0,-335.2799987792969,-0.0,0.0,-335.0,0.0,-4.0
715969.207,2894.0,1397.0,-1397.0,-335.2799987792969,-0.0,0.0,-335.0,0.0,-4.0
715979.208,2894.0,1397.0,-1397.0,-335.2799987792969,-0.0,0.0,-335.0,0.0,-4.0
715989.208,2894.0,1397.0,-1397.0,-335.2799987792969,-0.0,0.0,-335.0,0.0,-4.0
715999.209,2894.0,1397.0,-1397.0,-335.2799987792969,-0.0,0.0,-335.0,0.0,-4.0
716010.204,2894.0,1397.0,-1397.0,-335.2799987792969,-0.0,0.0,-335.0,0.0,-4.0
716021.201,2894.0,1397.0,-1397.0,-335.2799987792969,-0.0,0.0,-335.0,0.0,-4.0
716032.205,2894.0,1397.0,-1397.0,-335.2799987792969,-0.0,0.0,-335.0,0.0,-4.0
716042.207,2894.0,1397.0,-1397.0,-335.2799987792969,-0.0,0.0,-335.0,0.0,-4.0
716052.363,2894.0,1397.0,-1397.0,-335.2799987792969,-0.0,0.0,-335.0,0.0,-4.0
716062.363,2894.0,1397.0,-1397.0,-335.2799987792969,-0.0,0.0,-335.0,0.0,-4.0
716073.201,2894.0,1397.0,-1397.0,-335.2799987792969,-0.0,0.0,-335.0,0.0,-4.0
716084.205,2894.0,1397.0,-1397.0,-335.2799987792969,-0.0,0.0,-335.0,0.0,-4.0
716095.213,2894.0,1397.0,-1397.0,-335.2799987792969,-0.0,0.0,-335.0,0.0,-4.0
716106.204,2894.0,1397.0,-1397.0,-335.2799987792969,-0.0,0.0,-335.0,0.0,-4.0
716117.201,2894.0,1397.0,-1397.0,-335.2799987792969,-0.0,0.0,-335.0,0.0,-4.0
716127.201,2894.0,1397.0,-1397.0,-335.2799987792969,-0.0,0.0,-335.0,0.0,-4.0
716138.201,2894.0,1397.0,-1397.0,-335.2799987792969,-0.0,0.0,-335.0,0.0,-4.0
716149.204,2894.0,1397.0,-1397.0,-335.2799987792969,-0.0,0.0,-335.0,0.0,-4.0
716159.205,2894.0,1397.0,-1397.0,-335.2799987792969,-0.0,0.0,-335.0,0.0,-4.0
716169.206,2894.0,1397.0,-1397.0,-335.2799987792969,-0.0,0.0,-335.0,0.0,-4.0
716180.205,2894.0,1397.0,-1397.0,-335.2799987792969,-0.0,0.0,-335.0,0.0,-4.0
716190.205,2894.0,1397.0,-1397.0,-335.2799987792969,-0.0,0.0,-335.0,0.0,-4.0
716200.205,2894.0,1397.0,-1397.0,-335.2799987792969,-0.0,0.0,-335.0,0.0,-4.0
716210.206,2894.0,1397.0,-1397.0,-335.2799987792969,-0.0,0.0,-335.0,0.0,-4.0
716220.735,2894.0,1397.0,-1397.0,-335.2799987792969,-0.0,0.0,-335.0,0.0,-4.0
716230.739,2894.0,1397.0,-1397.0,-335.2799987792969,-0.0,0.0,-335.0,0.0,-4.0
716241.201,2894.0,1397.0,-1397.0,-335.2799987792969,-0.0,0.0,-335.0,0.0,-4.0
716251.201,2894.0,1397.0,-1397.0,-335.2799987792969,-0.0,0.0,-335.0,0.0,-4.0
716262.204,2894.0,1397.0,-1397.0,-335.2799987792969,-0.0,0.0,-335.0,0.0,-4.0
716272.205,2894.0,1397.0,-1397.0,-335.2799987792969,-0.0,0.0,-335.0,0.0,-4.0
716283.204,2894.0,1397.0,-1397.0,-335.2799987792969,-0.0,0.0,-335.0,0.0,-4.0
716294.201,2894.0,1397.0,-1397.0,-335.2799987792969,-0.0,0.0,-335.0,0.0,-4.0
716304.201,2894.0,1397.0,-1397.0,-335.2799987792969,-0.0,0.0,-335.0,0.0,-4.0
716314.201,2894.0,1397.0,-1397.0,-335.2799987792969,-0.0,0.0,-335.0,0.0,-4.0
716324.202,2894.0,1397.0,-1397.0,-335.2799987792969,-0.0,0.0,-335.0,0.0,-4.0
716334.203,2894.0,1397.0,-1397.0,-335.2799987792969,-0.0,0.0,-335.0,0.0,-4.0
716345.058,2894.0,1397.0,-1397.0,-335.2799987792969,-0.0,0.0,-335.0,0.0,-4.0
716355.058,2894.0,1397.0,-1397.0,-335.2799987792969,-0.0,0.0,-335.0,0.0,-4.0
716365.058,2894.0,1397.0,-1397.0,-335.2799987792969,-0.0,0.0,-335.0,0.0,-4.0
716375.201,2894.0,1397.0,-1397.0,-335.2799987792969,-0.0,0.0,-335.0,0.0,-4.0
716386.205,2894.0,1397.0,-1397.0,-335.2799987792969,-0.0,0.0,-335.0,0.0,-4.0
716397.201,2894.0,1397.0,-1397.0,-335.2799987792969,-0.0,0.0,-335.0,0.0,-4.0
716408.204,2894.0,1397.0,-1397.0,-335.2799987792969,-0.0,0.0,-335.0,0.0,-4.0
716419.201,2894.0,1397.0,-1397.0,-335.2799987792969,-0.0,0.0,-335.0,0.0,-4.0
716429.201,2894.0,1397.0,-1397.0,-335.2799987792969,-0.0,0.0,-335.0,0.0,-4.0
716440.2,2894.0,1397.0,-1397.0,-335.2799987792969,-0.0,0.0,-335.0,0.0,-4.0
716451.205,2894.0,1397.0,-1397.0,-335.2799987792969,-0.0,0.0,-335.0,0.0,-4.0
716462.205,2894.0,1397.0,-1397.0,-335.2799987792969,-0.0,0.0,-335.0,0.0,-4.0
716472.206,2894.0,1397.0,-1397.0,-335.2799987792969,-0.0,0.0,-335.0,0.0,-4.0
716482.522,2894.0,1397.0,-1397.0,-335.2799987792969,-0.0,0.0,-335.0,0.0,-4.0
716493.2,2894.0,1397.0,-1397.0,-335.2799987792969,-0.0,0.0,-335.0,0.0,-4.0
716503.999,2894.0,1397.0,-1397.0,-335.2799987792969,-0.0,0.0,-335.0,0.0,-4.0
716514.204,2894.0,1397.0,-1397.0,-335.2799987792969,-0.0,0.0,-335.0,0.0,-4.0
716524.204,2894.0,1397.0,-1397.0,-335.2799987792969,-0.0,0.0,-335.0,0.0,-4.0
716535.173,2894.0,1397.0,-1397.0,-335.2799987792969,-0.0,0.0,-335.0,0.0,-4.0
716546.201,2894.0,1397.0,-1397.0,-335.2799987792969,-0.0,0.0,-335.0,0.0,-4.0
716556.202,2894.0,1397.0,-1397.0,-335.2799987792969,-0.0,0.0,-335.0,0.0,-4.0
716567.204,2894.0,1397.0,-1397.0,-335.2799987792969,-0.0,0.0,-335.0,0.0,-4.0
716578.201,2894.0,1397.0,-1397.0,-335.2799987792969,-0.0,0.0,-335.0,0.0,-4.0
716588.201,2894.0,1397.0,-1397.0,-335.2799987792969,-0.0,0.0,-335.0,0.0,-4.0
716598.201,2894.0,1397.0,-1397.0,-335.2799987792969,-0.0,0.0,-335.0,0.0,-4.0
716609.205,2894.0,1397.0,-1397.0,-335.2799987792969,-0.0,0.0,-335.0,0.0,-4.0
716619.205,2894.0,1397.0,-1397.0,-335.2799987792969,-0.0,0.0,-335.0,0.0,-4.0
716630.201,2894.0,1397.0,-1397.0,-335.2799987792969,-0.0,0.0,-335.0,0.0,-4.0
716640.202,2894.0,1397.0,-1397.0,-335.2799987792969,-0.0,0.0,-335.0,0.0,-4.0
716651.2,2894.0,1397.0,-1397.0,-335.2799987792969,-0.0,0.0,-335.0,0.0,-4.0
716661.201,2894.0,1397.0,-1397.0,-335.2799987792969,-0.0,0.0,-335.0,0.0,-4.0
716671.202,2894.0,1397.0,-1397.0,-335.2799987792969,-0.0,0.0,-335.0,0.0,-4.0
716681.203,2894.0,1397.0,-1397.0,-335.2799987792969,-0.0,0.0,-335.0,0.0,-4.0
716692.173,2894.0,1397.0,-1397.0,-335.2799987792969,-0.0,0.0,-335.0,0.0,-4.0
716703.201,2894.0,1397.0,-1397.0,-335.2799987792969,-0.0,0.0,-335.0,0.0,-4.0
716714.205,2894.0,1397.0,-1397.0,-335.2799987792969,-0.0,0.0,-335.0,0.0,-4.0
716725.204,2894.0,1397.0,-1397.0,-335.2799987792969,-0.0,0.0,-335.0,0.0,-4.0
716736.2,2894.0,1397.0,-1397.0,-335.2799987792969,-0.0,0.0,-335.0,0.0,-4.0
716747.205,2894.0,1397.0,-1397.0,-335.2799987792969,-0.0,0.0,-335.0,0.0,-4.0
716758.201,2894.0,1397.0,-1397.0,-335.2799987792969,-0.0,0.0,-335.0,0.0,-4.0
716769.205,2894.0,1397.0,-1397.0,-335.2799987792969,-0.0,0.0,-335.0,0.0,-4.0
716779.205,2894.0,1397.0,-1397.0,-335.2799987792969,-0.0,0.0,-335.0,0.0,-4.0
716789.206,2894.0,1397.0,-1397.0,-335.2799987792969,-0.0,0.0,-335.0,0.0,-4.0
716799.207,2894.0,1397.0,-1397.0,-335.2799987792969,-0.0,0.0,-335.0,0.0,-4.0
716810.205,2894.0,1397.0,-1397.0,-335.2799987792969,-0.0,0.0,-335.0,0.0,-4.0
716820.206,2894.0,1397.0,-1397.0,-335.2799987792969,-0.0,0.0,-335.0,0.0,-4.0
716830.207,2894.0,1397.0,-1397.0,-335.2799987792969,-0.0,0.0,-335.0,0.0,-4.0
716840.208,2894.0,1397.0,-1397.0,-335.2799987792969,-0.0,0.0,-335.0,0.0,-4.0
716850.281,2894.0,1397.0,-1397.0,-335.2799987792969,-0.0,0.0,-335.0,0.0,-4.0
716861.204,2894.0,1397.0,-1397.0,-335.2799987792969,-0.0,0.0,-335.0,0.0,-4.0
716872.201,2894.0,1397.0,-1397.0,-335.2799987792969,-0.0,0.0,-335.0,0.0,-4.0
716882.201,2894.0,1397.0,-1397.0,-335.2799987792969,-0.0,0.0,-335.0,0.0,-4.0
716893.204,2894.0,1397.0,-1397.0,-335.2799987792969,-0.0,0.0,-335.0,0.0,-4.0
716904.2,2894.0,1397.0,-1397.0,-335.2799987792969,-0.0,0.0,-335.0,0.0,-4.0
716914.2,2894.0,1397.0,-1397.0,-335.2799987792969,-0.0,0.0,-335.0,0.0,-4.0
716925.201,2894.0,1397.0,-1397.0,-335.2799987792969,-0.0,0.0,-335.0,0.0,-4.0
716936.204,2894.0,1397.0,-1397.0,-335.2799987792969,-0.0,0.0,-335.0,0.0,-4.0
716946.205,2894.0,1397.0,-1397.0,-335.2799987792969,-0.0,0.0,-335.0,0.0,-4.0
716956.206,2894.0,1397.0,-1397.0,-335.2799987792969,-0.0,0.0,-335.0,0.0,-4.0
716967.201,2894.0,1397.0,-1397.0,-335.2799987792969,-0.0,0.0,-335.0,0.0,-4.0
716977.202,2894.0,1397.0,-1397.0,-335.2799987792969,-0.0,0.0,-335.0,0.0,-4.0
716988.201,2894.0,1397.0,-1397.0,-335.2799987792969,-0.0,0.0,-335.0,0.0,-4.0
716998.202,2894.0,1397.0,-1397.0,-335.2799987792969,-0.0,0.0,-335.0,0.0,-4.0
717009.205,2894.0,1397.0,-1397.0,-335.2799987792969,-0.0,0.0,-335.0,0.0,-4.0
717019.205,2894.0,1397.0,-1397.0,-335.2799987792969,-0.0,0.0,-335.0,0.0,-4.0
717029.549,2894.0,1397.0,-1397.0,-335.2799987792969,-0.0,0.0,-335.0,0.0,-4.0
717039.553,2894.0,1397.0,-1397.0,-335.2799987792969,-0.0,0.0,-335.0,0.0,-4.0
717050.205,2894.0,1397.0,-1397.0,-335.2799987792969,-0.0,0.0,-335.0,0.0,-4.0
717060.206,2894.0,1397.0,-1397.0,-335.2799987792969,-0.0,0.0,-335.0,0.0,-4.0
717071.205,2894.0,1397.0,-1397.0,-335.2799987792969,-0.0,0.0,-335.0,0.0,-4.0
717082.209,2894.0,1397.0,-1397.0,-335.2799987792969,-0.0,0.0,-335.0,0.0,-4.0
717092.212,2894.0,1397.0,-1397.0,-335.2799987792969,-0.0,0.0,-335.0,0.0,-4.0
717102.213,2894.0,1397.0,-1397.0,-335.2799987792969,-0.0,0.0,-335.0,0.0,-4.0
717112.214,2894.0,1397.0,-1397.0,-335.2799987792969,-0.0,0.0,-335.0,0.0,-4.0
717123.205,2894.0,1397.0,-1397.0,-335.2799987792969,-0.0,0.0,-335.0,0.0,-4.0
717134.2,2894.0,1397.0,-1397.0,-335.2799987792969,-0.0,0.0,-335.0,0.0,-4.0
717145.204,2894.0,1397.0,-1397.0,-335.2799987792969,-0.0,0.0,-335.0,0.0,-4.0
717156.205,2894.0,1397.0,-1397.0,-335.2799987792969,-0.0,0.0,-335.0,0.0,-4.0
717166.206,2894.0,1397.0,-1397.0,-335.2799987792969,-0.0,0.0,-335.0,0.0,-4.0
717176.207,2894.0,1397.0,-1397.0,-335.2799987792969,-0.0,0.0,-335.0,0.0,-4.0
717187.157,2894.0,1397.0,-1397.0,-335.2799987792969,-0.0,0.0,-335.0,0.0,-4.0
717197.739,2894.0,1397.0,-1397.0,-335.2799987792969,-0.0,0.0,-335.0,0.0,-4.0
717207.739,2894.0,1397.0,-1397.0,-335.2799987792969,-0.0,0.0,-335.0,0.0,-4.0
717217.739,2894.0,1397.0,-1397.0,-335.2799987792969,-0.0,0.0,-335.0,0.0,-4.0
717227.74,2894.0,1397.0,-1397.0,-335.2799987792969,-0.0,0.0,-335.0,0.0,-4.0
717238.205,2894.0,1397.0,-1397.0,-335.2799987792969,-0.0,0.0,-335.0,0.0,-4.0
717249.2,2894.0,1397.0,-1397.0,-335.2799987792969,-0.0,0.0,-335.0,0.0,-4.0
717259.201,2894.0,1397.0,-1397.0,-335.2799987792969,-0.0,0.0,-335.0,0.0,-4.0
717269.202,2894.0,1397.0,-1397.0,-335.2799987792969,-0.0,0.0,-335.0,0.0,-4.0
717279.202,2894.0,1397.0,-1397.0,-335.2799987792969,-0.0,0.0,-335.0,0.0,-4.0
717290.208,2894.0,1397.0,-1397.0,-335.2799987792969,-0.0,0.0,-335.0,0.0,-4.0
717301.202,2894.0,1397.0,-1397.0,-335.2799987792969,-0.0,0.0,-335.0,0.0,-4.0
717312.205,2894.0,1397.0,-1397.0,-335.2799987792969,-0.0,0.0,-335.0,0.0,-4.0
717323.208,2894.0,1397.0,-1397.0,-335.2799987792969,-0.0,0.0,-335.0,0.0,-4.0
717334.201,2894.0,1397.0,-1397.0,-335.2799987792969,-0.0,0.0,-335.0,0.0,-4.0
717344.922,2894.0,1397.0,-1397.0,-335.2799987792969,-0.0,0.0,-335.0,0.0,-4.0
717356.161,2894.0,1397.0,-1397.0,-335.2799987792969,-0.0,0.0,-335.0,0.0,-4.0
717367.209,2894.0,1397.0,-1397.0,-335.2799987792969,-0.0,0.0,-335.0,0.0,-4.0
717377.383,2894.0,1397.0,-1397.0,-335.2799987792969,-0.0,0.0,-335.0,0.0,-4.0
717387.384,2894.0,1397.0,-1397.0,-335.2799987792969,-0.0,0.0,-335.0,0.0,-4.0
717398.201,2894.0,1397.0,-1397.0,-335.2799987792969,-0.0,0.0,-335.0,0.0,-4.0
717409.205,2894.0,1397.0,-1397.0,-335.2799987792969,-0.0,0.0,-335.0,0.0,-4.0
717420.205,2894.0,1397.0,-1397.0,-335.2799987792969,-0.0,0.0,-335.0,0.0,-4.0
717431.201,2894.0,1397.0,-1397.0,-335.2799987792969,-0.0,0.0,-335.0,0.0,-4.0
717442.205,2894.0,1397.0,-1397.0,-335.2799987792969,-0.0,0.0,-335.0,0.0,-4.0
717452.206,2894.0,1397.0,-1397.0,-335.2799987792969,-0.0,0.0,-335.0,0.0,-4.0
717462.206,2894.0,1397.0,-1397.0,-335.2799987792969,-0.0,0.0,-335.0,0.0,-4.0
717472.206,2894.0,1397.0,-1397.0,-335.2799987792969,-0.0,0.0,-335.0,0.0,-4.0
717482.206,2894.0,1397.0,-1397.0,-335.2799987792969,-0.0,0.0,-335.0,0.0,-4.0
717493.201,2894.0,1397.0,-1397.0,-335.2799987792969,-0.0,0.0,-335.0,0.0,-4.0
717504.205,2894.0,1397.0,-1397.0,-335.2799987792969,-0.0,0.0,-335.0,0.0,-4.0
717515.209,2894.0,1397.0,-1397.0,-335.2799987792969,-0.0,0.0,-335.0,0.0,-4.0
717526.201,2894.0,1397.0,-1397.0,-335.2799987792969,-0.0,0.0,-335.0,0.0,-4.0
717536.201,2894.0,1397.0,-1397.0,-335.2799987792969,-0.0,0.0,-335.0,0.0,-4.0
717546.201,2894.0,1397.0,-1397.0,-335.2799987792969,-0.0,0.0,-335.0,0.0,-4.0
717556.202,2894.0,1397.0,-1397.0,-335.2799987792969,-0.0,0.0,-335.0,0.0,-4.0
717566.203,2894.0,1397.0,-1397.0,-335.2799987792969,-0.0,0.0,-335.0,0.0,-4.0
717576.203,2894.0,1397.0,-1397.0,-335.2799987792969,-0.0,0.0,-335.0,0.0,-4.0
717587.205,2894.0,1397.0,-1397.0,-335.2799987792969,-0.0,0.0,-335.0,0.0,-4.0
717598.2,2894.0,1397.0,-1397.0,-335.2799987792969,-0.0,0.0,-335.0,0.0,-4.0
717609.205,2894.0,1397.0,-1397.0,-335.2799987792969,-0.0,0.0,-335.0,0.0,-4.0
717619.206,2894.0,1397.0,-1397.0,-335.2799987792969,-0.0,0.0,-335.0,0.0,-4.0
717629.207,2894.0,1397.0,-1397.0,-335.2799987792969,-0.0,0.0,-335.0,0.0,-4.0
717640.205,2894.0,1397.0,-1397.0,-335.2799987792969,-0.0,0.0,-335.0,0.0,-4.0
717651.201,2894.0,1397.0,-1397.0,-335.2799987792969,-0.0,0.0,-335.0,0.0,-4.0
717662.205,2894.0,1397.0,-1397.0,-335.2799987792969,-0.0,0.0,-335.0,0.0,-4.0
717673.2,2894.0,1397.0,-1397.0,-335.2799987792969,-0.0,0.0,-335.0,0.0,-4.0
717684.205,2894.0,1397.0,-1397.0,-335.2799987792969,-0.0,0.0,-335.0,0.0,-4.0
717695.205,2894.0,1397.0,-1397.0,-335.2799987792969,-0.0,0.0,-335.0,0.0,-4.0
717706.201,2894.0,1397.0,-1397.0,-335.2799987792969,-0.0,0.0,-335.0,0.0,-4.0
717717.205,2894.0,1397.0,-1397.0,-335.2799987792969,-0.0,0.0,-335.0,0.0,-4.0
717728.201,2894.0,1397.0,-1397.0,-335.2799987792969,-0.0,0.0,-335.0,0.0,-4.0
717738.202,2894.0,1397.0,-1397.0,-335.2799987792969,-0.0,0.0,-335.0,0.0,-4.0
717748.203,2894.0,1397.0,-1397.0,-335.2799987792969,-0.0,0.0,-335.0,0.0,-4.0
717758.911,2894.0,1397.0,-1397.0,-335.2799987792969,-0.0,0.0,-335.0,0.0,-4.0
717768.911,2894.0,1397.0,-1397.0,-335.2799987792969,-0.0,0.0,-335.0,0.0,-4.0
717779.205,2894.0,1397.0,-1397.0,-335.2799987792969,-0.0,0.0,-335.0,0.0,-4.0
717789.206,2894.0,1397.0,-1397.0,-335.2799987792969,-0.0,0.0,-335.0,0.0,-4.0
717800.201,2894.0,1397.0,-1397.0,-335.2799987792969,-0.0,0.0,-335.0,0.0,-4.0
717811.205,2894.0,1397.0,-1397.0,-335.2799987792969,-0.0,0.0,-335.0,0.0,-4.0
717822.204,2894.0,1397.0,-1397.0,-335.2799987792969,-0.0,0.0,-335.0,0.0,-4.0
717832.204,2894.0,1397.0,-1397.0,-335.2799987792969,-0.0,0.0,-335.0,0.0,-4.0
717842.205,2894.0,1397.0,-1397.0,-335.2799987792969,-0.0,0.0,-335.0,0.0,-4.0
717853.201,2894.0,1397.0,-1397.0,-335.2799987792969,-0.0,0.0,-335.0,0.0,-4.0
717863.202,2894.0,1397.0,-1397.0,-335.2799987792969,-0.0,0.0,-335.0,0.0,-4.0
717874.201,2894.0,1397.0,-1397.0,-335.2799987792969,-0.0,0.0,-335.0,0.0,-4.0
717885.205,2894.0,1397.0,-1397.0,-335.2799987792969,-0.0,0.0,-335.0,0.0,-4.0
717896.201,2894.0,1397.0,-1397.0,-335.2799987792969,-0.0,0.0,-335.0,0.0,-4.0
717907.209,2894.0,1397.0,-1397.0,-335.2799987792969,-0.0,0.0,-335.0,0.0,-4.0
717917.21,2894.0,1397.0,-1397.0,-335.2799987792969,-0.0,0.0,-335.0,0.0,-4.0
717928.173,2894.0,1397.0,-1397.0,-335.2799987792969,-0.0,0.0,-335.0,0.0,-4.0
717938.672,2894.0,1397.0,-1397.0,-335.2799987792969,-0.0,0.0,-335.0,0.0,-4.0
717949.205,2894.0,1397.0,-1397.0,-335.2799987792969,-0.0,0.0,-335.0,0.0,-4.0
717960.201,2894.0,1397.0,-1397.0,-335.2799987792969,-0.0,0.0,-335.0,0.0,-4.0
717970.202,2894.0,1397.0,-1397.0,-335.2799987792969,-0.0,0.0,-335.0,0.0,-4.0
717981.205,2894.0,1397.0,-1397.0,-335.2799987792969,-0.0,0.0,-335.0,0.0,-4.0
717991.205,2894.0,1397.0,-1397.0,-335.2799987792969,-0.0,0.0,-335.0,0.0,-4.0
718001.205,2894.0,1397.0,-1397.0,-335.2799987792969,-0.0,0.0,-335.0,0.0,-4.0
718011.205,2894.0,1397.0,-1397.0,-335.2799987792969,-0.0,0.0,-335.0,0.0,-4.0
718022.204,2894.0,1397.0,-1397.0,-335.2799987792969,-0.0,0.0,-335.0,0.0,-4.0
718032.205,2894.0,1397.0,-1397.0,-335.2799987792969,-0.0,0.0,-335.0,0.0,-4.0
718042.206,2894.0,1397.0,-1397.0,-335.2799987792969,-0.0,0.0,-335.0,0.0,-4.0
718052.206,2894.0,1397.0,-1397.0,-335.2799987792969,-0.0,0.0,-335.0,0.0,-4.0
718062.206,2894.0,1397.0,-1397.0,-335.2799987792969,-0.0,0.0,-335.0,0.0,-4.0
718072.207,2894.0,1397.0,-1397.0,-335.2799987792969,-0.0,0.0,-335.0,0.0,-4.0
718083.204,2894.0,1397.0,-1397.0,-335.2799987792969,-0.0,0.0,-335.0,0.0,-4.0
718094.362,2894.0,1397.0,-1397.0,-335.2799987792969,-0.0,0.0,-335.0,0.0,-4.0
718105.205,2894.0,1397.0,-1397.0,-335.2799987792969,-0.0,0.0,-335.0,0.0,-4.0
718116.201,2894.0,1397.0,-1397.0,-335.2799987792969,-0.0,0.0,-335.0,0.0,-4.0
718127.205,2894.0,1397.0,-1397.0,-335.2799987792969,-0.0,0.0,-335.0,0.0,-4.0
718137.206,2894.0,1397.0,-1397.0,-335.2799987792969,-0.0,0.0,-335.0,0.0,-4.0
718148.201,2894.0,1397.0,-1397.0,-335.2799987792969,-0.0,0.0,-335.0,0.0,-4.0
718159.204,2894.0,1397.0,-1397.0,-335.2799987792969,-0.0,0.0,-335.0,0.0,-4.0
718169.204,2894.0,1397.0,-1397.0,-335.2799987792969,-0.0,0.0,-335.0,0.0,-4.0
718180.205,2894.0,1397.0,-1397.0,-335.2799987792969,-0.0,0.0,-335.0,0.0,-4.0
718191.201,2894.0,1397.0,-1397.0,-335.2799987792969,-0.0,0.0,-335.0,0.0,-4.0
718202.204,2894.0,1397.0,-1397.0,-335.2799987792969,-0.0,0.0,-335.0,0.0,-4.0
718213.201,2894.0,1397.0,-1397.0,-335.2799987792969,-0.0,0.0,-335.0,0.0,-4.0
718224.205,2894.0,1397.0,-1397.0,-335.2799987792969,-0.0,0.0,-335.0,0.0,-4.0
718235.205,2894.0,1397.0,-1397.0,-335.2799987792969,-0.0,0.0,-335.0,0.0,-4.0
718246.201,2894.0,1397.0,-1397.0,-335.2799987792969,-0.0,0.0,-335.0,0.0,-4.0
718256.201,2894.0,1397.0,-1397.0,-335.2799987792969,-0.0,0.0,-335.0,0.0,-4.0
718266.455,2894.0,1397.0,-1397.0,-335.2799987792969,-0.0,0.0,-335.0,0.0,-4.0
718277.067,2894.0,1397.0,-1397.0,-335.2799987792969,-0.0,0.0,-335.0,0.0,-4.0
718287.068,2894.0,1397.0,-1397.0,-335.2799987792969,-0.0,0.0,-335.0,0.0,-4.0
718297.069,2894.0,1397.0,-1397.0,-335.2799987792969,-0.0,0.0,-335.0,0.0,-4.0
718307.205,2894.0,1397.0,-1397.0,-335.2799987792969,-0.0,0.0,-335.0,0.0,-4.0
718317.205,2894.0,1397.0,-1397.0,-335.2799987792969,-0.0,0.0,-335.0,0.0,-4.0
718327.206,2894.0,1397.0,-1397.0,-335.2799987792969,-0.0,0.0,-335.0,0.0,-4.0
718337.206,2894.0,1397.0,-1397.0,-335.2799987792969,-0.0,0.0,-335.0,0.0,-4.0
718347.397,2894.0,1397.0,-1397.0,-335.2799987792969,-0.0,0.0,-335.0,0.0,-4.0
718358.204,2894.0,1397.0,-1397.0,-335.2799987792969,-0.0,0.0,-335.0,0.0,-4.0
718369.201,2894.0,1397.0,-1397.0,-335.2799987792969,-0.0,0.0,-335.0,0.0,-4.0
718380.205,2894.0,1397.0,-1397.0,-335.2799987792969,-0.0,0.0,-335.0,0.0,-4.0
718390.206,2894.0,1397.0,-1397.0,-335.2799987792969,-0.0,0.0,-335.0,0.0,-4.0
718401.208,2894.0,1397.0,-1397.0,-335.2799987792969,-0.0,0.0,-335.0,0.0,-4.0
718412.034,2894.0,1397.0,-1397.0,-335.2799987792969,-0.0,0.0,-335.0,0.0,-4.0
718423.161,2894.0,1397.0,-1397.0,-335.2799987792969,-0.0,0.0,-335.0,0.0,-4.0
718434.209,2894.0,1397.0,-1397.0,-335.2799987792969,-0.0,0.0,-335.0,0.0,-4.0
718444.428,2894.0,1397.0,-1397.0,-335.2799987792969,-0.0,0.0,-335.0,0.0,-4.0
718455.205,2894.0,1397.0,-1397.0,-335.2799987792969,-0.0,0.0,-335.0,0.0,-4.0
718466.173,2894.0,1397.0,-1397.0,-335.2799987792969,-0.0,0.0,-335.0,0.0,-4.0
718477.201,2894.0,1397.0,-1397.0,-335.2799987792969,-0.0,0.0,-335.0,0.0,-4.0
718488.205,2894.0,1397.0,-1397.0,-335.2799987792969,-0.0,0.0,-335.0,0.0,-4.0
718499.204,2894.0,1397.0,-1397.0,-335.2799987792969,-0.0,0.0,-335.0,0.0,-4.0
718509.278,2894.0,1397.0,-1397.0,-335.2799987792969,-0.0,0.0,-335.0,0.0,-4.0
718519.278,2894.0,1397.0,-1397.0,-335.2799987792969,-0.0,0.0,-335.0,0.0,-4.0
718530.295,2894.0,1397.0,-1397.0,-335.2799987792969,-0.0,0.0,-335.0,0.0,-4.0
718541.201,2894.0,1397.0,-1397.0,-335.2799987792969,-0.0,0.0,-335.0,0.0,-4.0
718551.202,2894.0,1397.0,-1397.0,-335.2799987792969,-0.0,0.0,-335.0,0.0,-4.0
718562.201,2894.0,1397.0,-1397.0,-335.2799987792969,-0.0,0.0,-335.0,0.0,-4.0
718573.205,2894.0,1397.0,-1397.0,-335.2799987792969,-0.0,0.0,-335.0,0.0,-4.0
718583.206,2894.0,1397.0,-1397.0,-335.2799987792969,-0.0,0.0,-335.0,0.0,-4.0
718593.453,2894.0,1397.0,-1397.0,-335.2799987792969,-0.0,0.0,-335.0,0.0,-4.0
718603.454,2894.0,1397.0,-1397.0,-335.2799987792969,-0.0,0.0,-335.0,0.0,-4.0
718613.454,2894.0,1397.0,-1397.0,-335.2799987792969,-0.0,0.0,-335.0,0.0,-4.0
718623.454,2894.0,1397.0,-1397.0,-335.2799987792969,-0.0,0.0,-335.0,0.0,-4.0
718634.2,2894.0,1397.0,-1397.0,-335.2799987792969,-0.0,0.0,-335.0,0.0,-4.0
718645.205,2894.0,1397.0,-1397.0,-335.2799987792969,-0.0,0.0,-335.0,0.0,-4.0
718656.201,2894.0,1397.0,-1397.0,-335.2799987792969,-0.0,0.0,-335.0,0.0,-4.0
718667.205,2894.0,1397.0,-1397.0,-335.2799987792969,-0.0,0.0,-335.0,0.0,-4.0
718678.201,2894.0,1397.0,-1397.0,-335.2799987792969,-0.0,0.0,-335.0,0.0,-4.0
718689.205,2894.0,1397.0,-1397.0,-335.2799987792969,-0.0,0.0,-335.0,0.0,-4.0
718700.205,2894.0,1397.0,-1397.0,-335.2799987792969,-0.0,0.0,-335.0,0.0,-4.0
718711.2,2894.0,1397.0,-1397.0,-335.2799987792969,-0.0,0.0,-335.0,0.0,-4.0
718721.201,2894.0,1397.0,-1397.0,-335.2799987792969,-0.0,0.0,-335.0,0.0,-4.0
718732.201,2894.0,1397.0,-1397.0,-335.2799987792969,-0.0,0.0,-335.0,0.0,-4.0
718743.205,2894.0,1397.0,-1397.0,-335.2799987792969,-0.0,0.0,-335.0,0.0,-4.0
718753.205,2894.0,1397.0,-1397.0,-335.2799987792969,-0.0,0.0,-335.0,0.0,-4.0
718764.204,2894.0,1397.0,-1397.0,-335.2799987792969,-0.0,0.0,-335.0,0.0,-4.0
718774.205,2894.0,1397.0,-1397.0,-335.2799987792969,-0.0,0.0,-335.0,0.0,-4.0
718784.205,2894.0,1397.0,-1397.0,-335.2799987792969,-0.0,0.0,-335.0,0.0,-4.0
718795.065,2894.0,1397.0,-1397.0,-335.2799987792969,-0.0,0.0,-335.0,0.0,-4.0
718805.065,2894.0,1397.0,-1397.0,-335.2799987792969,-0.0,0.0,-335.0,0.0,-4.0
718815.066,2894.0,1397.0,-1397.0,-335.2799987792969,-0.0,0.0,-335.0,0.0,-4.0
718825.204,2894.0,1397.0,-1397.0,-335.2799987792969,-0.0,0.0,-335.0,0.0,-4.0
718835.204,2894.0,1397.0,-1397.0,-335.2799987792969,-0.0,0.0,-335.0,0.0,-4.0
718846.201,2894.0,1397.0,-1397.0,-335.2799987792969,-0.0,0.0,-335.0,0.0,-4.0
718857.205,2894.0,1397.0,-1397.0,-335.2799987792969,-0.0,0.0,-335.0,0.0,-4.0
718867.205,2894.0,1397.0,-1397.0,-335.2799987792969,-0.0,0.0,-335.0,0.0,-4.0
718877.205,2894.0,1397.0,-1397.0,-335.2799987792969,-0.0,0.0,-335.0,0.0,-4.0
718888.205,2894.0,1397.0,-1397.0,-335.2799987792969,-0.0,0.0,-335.0,0.0,-4.0
718899.201,2894.0,1397.0,-1397.0,-335.2799987792969,-0.0,0.0,-335.0,0.0,-4.0
718909.202,2894.0,1397.0,-1397.0,-335.2799987792969,-0.0,0.0,-335.0,0.0,-4.0
718920.201,2894.0,1397.0,-1397.0,-335.2799987792969,-0.0,0.0,-335.0,0.0,-4.0
718931.205,2894.0,1397.0,-1397.0,-335.2799987792969,-0.0,0.0,-335.0,0.0,-4.0
718942.201,2894.0,1397.0,-1397.0,-335.2799987792969,-0.0,0.0,-335.0,0.0,-4.0
718953.209,2894.0,1397.0,-1397.0,-335.2799987792969,-0.0,0.0,-335.0,0.0,-4.0
718964.201,2894.0,1397.0,-1397.0,-335.2799987792969,-0.0,0.0,-335.0,0.0,-4.0
718975.209,2894.0,1397.0,-1397.0,-335.2799987792969,-0.0,0.0,-335.0,0.0,-4.0
718986.388,2894.0,1397.0,-1397.0,-335.2799987792969,-0.0,0.0,-335.0,0.0,-4.0
718996.388,2894.0,1397.0,-1397.0,-335.2799987792969,-0.0,0.0,-335.0,0.0,-4.0
719006.388,2894.0,1397.0,-1397.0,-335.2799987792969,-0.0,0.0,-335.0,0.0,-4.0
719017.204,2894.0,1397.0,-1397.0,-335.2799987792969,-0.0,0.0,-335.0,0.0,-4.0
719028.205,2894.0,1397.0,-1397.0,-335.2799987792969,-0.0,0.0,-335.0,0.0,-4.0
719039.2,2894.0,1397.0,-1397.0,-335.2799987792969,-0.0,0.0,-335.0,0.0,-4.0
719049.2,2894.0,1397.0,-1397.0,-335.2799987792969,-0.0,0.0,-335.0,0.0,-4.0
719059.201,2894.0,1397.0,-1397.0,-335.2799987792969,-0.0,0.0,-335.0,0.0,-4.0
719069.201,2894.0,1397.0,-1397.0,-335.2799987792969,-0.0,0.0,-335.0,0.0,-4.0
719080.205,2894.0,1397.0,-1397.0,-335.2799987792969,-0.0,0.0,-335.0,0.0,-4.0
719090.206,2894.0,1397.0,-1397.0,-335.2799987792969,-0.0,0.0,-335.0,0.0,-4.0
719101.216,2894.0,1397.0,-1397.0,-335.2799987792969,-0.0,0.0,-335.0,0.0,-4.0
719111.217,2894.0,1397.0,-1397.0,-335.2799987792969,-0.0,0.0,-335.0,0.0,-4.0
719122.205,2894.0,1397.0,-1397.0,-335.2799987792969,-0.0,0.0,-335.0,0.0,-4.0
719132.206,2894.0,1397.0,-1397.0,-335.2799987792969,-0.0,0.0,-335.0,0.0,-4.0
719143.204,2894.0,1397.0,-1397.0,-335.2799987792969,-0.0,0.0,-335.0,0.0,-4.0
719153.204,2894.0,1397.0,-1397.0,-335.2799987792969,-0.0,0.0,-335.0,0.0,-4.0
719163.205,2894.0,1397.0,-1397.0,-335.2799987792969,-0.0,0.0,-335.0,0.0,-4.0
719174.205,2894.0,1397.0,-1397.0,-335.2799987792969,-0.0,0.0,-335.0,0.0,-4.0
719185.2,2894.0,1397.0,-1397.0,-335.2799987792969,-0.0,0.0,-335.0,0.0,-4.0
719196.204,2894.0,1397.0,-1397.0,-335.2799987792969,-0.0,0.0,-335.0,0.0,-4.0
719207.201,2894.0,1397.0,-1397.0,-335.2799987792969,-0.0,0.0,-335.0,0.0,-4.0
719218.205,2894.0,1397.0,-1397.0,-335.2799987792969,-0.0,0.0,-335.0,0.0,-4.0
719228.205,2894.0,1397.0,-1397.0,-335.2799987792969,-0.0,0.0,-335.0,0.0,-4.0
719238.205,2894.0,1397.0,-1397.0,-335.2799987792969,-0.0,0.0,-335.0,0.0,-4.0
719248.206,2894.0,1397.0,-1397.0,-335.2799987792969,-0.0,0.0,-335.0,0.0,-4.0
719259.205,2894.0,1397.0,-1397.0,-335.2799987792969,-0.0,0.0,-335.0,0.0,-4.0
719270.201,2894.0,1397.0,-1397.0,-335.2799987792969,-0.0,0.0,-335.0,0.0,-4.0
719280.201,2894.0,1397.0,-1397.0,-335.2799987792969,-0.0,0.0,-335.0,0.0,-4.0
719291.204,2894.0,1397.0,-1397.0,-335.2799987792969,-0.0,0.0,-335.0,0.0,-4.0
719302.201,2894.0,1397.0,-1397.0,-335.2799987792969,-0.0,0.0,-335.0,0.0,-4.0
719312.783,2894.0,1397.0,-1397.0,-335.2799987792969,-0.0,0.0,-335.0,0.0,-4.0
719322.783,2894.0,1397.0,-1397.0,-335.2799987792969,-0.0,0.0,-335.0,0.0,-4.0
719332.784,2894.0,1397.0,-1397.0,-335.2799987792969,-0.0,0.0,-335.0,0.0,-4.0
719343.205,2894.0,1397.0,-1397.0,-335.2799987792969,-0.0,0.0,-335.0,0.0,-4.0
719354.201,2894.0,1397.0,-1397.0,-335.2799987792969,-0.0,0.0,-335.0,0.0,-4.0
719364.202,2894.0,1397.0,-1397.0,-335.2799987792969,-0.0,0.0,-335.0,0.0,-4.0
719375.2,2894.0,1397.0,-1397.0,-335.2799987792969,-0.0,0.0,-335.0,0.0,-4.0
719386.205,2894.0,1397.0,-1397.0,-335.2799987792969,-0.0,0.0,-335.0,0.0,-4.0
719397.205,2894.0,1397.0,-1397.0,-335.2799987792969,-0.0,0.0,-335.0,0.0,-4.0
719408.216,2894.0,1397.0,-1397.0,-335.2799987792969,-0.0,0.0,-335.0,0.0,-4.0
719418.216,2894.0,1397.0,-1397.0,-335.2799987792969,-0.0,0.0,-335.0,0.0,-4.0
719429.201,2894.0,1397.0,-1397.0,-335.2799987792969,-0.0,0.0,-335.0,0.0,-4.0
719439.202,2894.0,1397.0,-1397.0,-335.2799987792969,-0.0,0.0,-335.0,0.0,-4.0
719449.203,2894.0,1397.0,-1397.0,-335.2799987792969,-0.0,0.0,-335.0,0.0,-4.0
719460.201,2894.0,1397.0,-1397.0,-335.2799987792969,-0.0,0.0,-335.0,0.0,-4.0
719470.202,2894.0,1397.0,-1397.0,-335.2799987792969,-0.0,0.0,-335.0,0.0,-4.0
719480.202,2894.0,1397.0,-1397.0,-335.2799987792969,-0.0,0.0,-335.0,0.0,-4.0
719491.2,2894.0,1397.0,-1397.0,-335.2799987792969,-0.0,0.0,-335.0,0.0,-4.0
719501.2,2894.0,1397.0,-1397.0,-335.2799987792969,-0.0,0.0,-335.0,0.0,-4.0
719512.173,2894.0,1397.0,-1397.0,-335.2799987792969,-0.0,0.0,-335.0,0.0,-4.0
719523.173,2894.0,1397.0,-1397.0,-335.2799987792969,-0.0,0.0,-335.0,0.0,-4.0
719533.173,2894.0,1397.0,-1397.0,-335.2799987792969,-0.0,0.0,-335.0,0.0,-4.0
719544.1,2894.0,1397.0,-1397.0,-335.2799987792969,-0.0,0.0,-335.0,0.0,-4.0
719555.201,2894.0,1397.0,-1397.0,-335.2799987792969,-0.0,0.0,-335.0,0.0,-4.0
719565.201,2894.0,1397.0,-1397.0,-335.2799987792969,-0.0,0.0,-335.0,0.0,-4.0
719576.201,2894.0,1397.0,-1397.0,-335.2799987792969,-0.0,0.0,-335.0,0.0,-4.0
719587.205,2894.0,1397.0,-1397.0,-335.2799987792969,-0.0,0.0,-335.0,0.0,-4.0
719597.206,2894.0,1397.0,-1397.0,-335.2799987792969,-0.0,0.0,-335.0,0.0,-4.0
719607.206,2894.0,1397.0,-1397.0,-335.2799987792969,-0.0,0.0,-335.0,0.0,-4.0
719618.205,2894.0,1397.0,-1397.0,-335.2799987792969,-0.0,0.0,-335.0,0.0,-4.0
719629.201,2894.0,1397.0,-1397.0,-335.2799987792969,-0.0,0.0,-335.0,0.0,-4.0
719640.204,2894.0,1397.0,-1397.0,-335.2799987792969,-0.0,0.0,-335.0,0.0,-4.0
719650.205,2894.0,1397.0,-1397.0,-335.2799987792969,-0.0,0.0,-335.0,0.0,-4.0
719660.205,2894.0,1397.0,-1397.0,-335.2799987792969,-0.0,0.0,-335.0,0.0,-4.0
719670.206,2894.0,1397.0,-1397.0,-335.2799987792969,-0.0,0.0,-335.0,0.0,-4.0
719681.45,2894.0,1397.0,-1397.0,-335.2799987792969,-0.0,0.0,-335.0,0.0,-4.0
719692.205,2894.0,1397.0,-1397.0,-335.2799987792969,-0.0,0.0,-335.0,0.0,-4.0
719702.206,2894.0,1397.0,-1397.0,-335.2799987792969,-0.0,0.0,-335.0,0.0,-4.0
719712.206,2894.0,1397.0,-1397.0,-335.2799987792969,-0.0,0.0,-335.0,0.0,-4.0
719723.201,2894.0,1397.0,-1397.0,-335.2799987792969,-0.0,0.0,-335.0,0.0,-4.0
719733.201,2894.0,1397.0,-1397.0,-335.2799987792969,-0.0,0.0,-335.0,0.0,-4.0
719743.202,2894.0,1397.0,-1397.0,-335.2799987792969,-0.0,0.0,-335.0,0.0,-4.0
719753.202,2894.0,1397.0,-1397.0,-335.2799987792969,-0.0,0.0,-335.0,0.0,-4.0
719763.203,2894.0,1397.0,-1397.0,-335.2799987792969,-0.0,0.0,-335.0,0.0,-4.0
719774.205,2894.0,1397.0,-1397.0,-335.2799987792969,-0.0,0.0,-335.0,0.0,-4.0
719785.201,2894.0,1397.0,-1397.0,-335.2799987792969,-0.0,0.0,-335.0,0.0,-4.0
719795.202,2894.0,1397.0,-1397.0,-335.2799987792969,-0.0,0.0,-335.0,0.0,-4.0
719806.201,2894.0,1397.0,-1397.0,-335.2799987792969,-0.0,0.0,-335.0,0.0,-4.0
719817.357,2894.0,1397.0,-1397.0,-335.2799987792969,-0.0,0.0,-335.0,0.0,-4.0
719827.42,2894.0,1397.0,-1397.0,-335.2799987792969,-0.0,0.0,-335.0,0.0,-4.0
719837.421,2894.0,1397.0,-1397.0,-335.2799987792969,-0.0,0.0,-335.0,0.0,-4.0
719848.157,2894.0,1397.0,-1397.0,-335.2799987792969,-0.0,0.0,-335.0,0.0,-4.0
719858.158,2894.0,1397.0,-1397.0,-335.2799987792969,-0.0,0.0,-335.0,0.0,-4.0
719868.158,2894.0,1397.0,-1397.0,-335.2799987792969,-0.0,0.0,-335.0,0.0,-4.0
719879.204,2894.0,1397.0,-1397.0,-335.2799987792969,-0.0,0.0,-335.0,0.0,-4.0
719890.205,2894.0,1397.0,-1397.0,-335.2799987792969,-0.0,0.0,-335.0,0.0,-4.0
719901.201,2894.0,1397.0,-1397.0,-335.2799987792969,-0.0,0.0,-335.0,0.0,-4.0
719911.202,2894.0,1397.0,-1397.0,-335.2799987792969,-0.0,0.0,-335.0,0.0,-4.0
719922.205,2894.0,1397.0,-1397.0,-335.2799987792969,-0.0,0.0,-335.0,0.0,-4.0
719933.201,2894.0,1397.0,-1397.0,-335.2799987792969,-0.0,0.0,-335.0,0.0,-4.0
719943.201,2894.0,1397.0,-1397.0,-335.2799987792969,-0.0,0.0,-335.0,0.0,-4.0
719953.202,2894.0,1397.0,-1397.0,-335.2799987792969,-0.0,0.0,-335.0,0.0,-4.0
719964.205,2894.0,1397.0,-1397.0,-335.2799987792969,-0.0,0.0,-335.0,0.0,-4.0
719975.201,2894.0,1397.0,-1397.0,-335.2799987792969,-0.0,0.0,-335.0,0.0,-4.0
719985.202,2894.0,1397.0,-1397.0,-335.2799987792969,-0.0,0.0,-335.0,0.0,-4.0
719996.266,2894.0,1397.0,-1397.0,-335.2799987792969,-0.0,0.0,-335.0,0.0,-4.0
720007.471,2894.0,1397.0,-1397.0,-335.2799987792969,-0.0,0.0,-335.0,0.0,-4.0
720017.472,2894.0,1397.0,-1397.0,-335.2799987792969,-0.0,0.0,-335.0,0.0,-4.0
720028.201,2894.0,1397.0,-1397.0,-335.2799987792969,-0.0,0.0,-335.0,0.0,-4.0
720038.201,2894.0,1397.0,-1397.0,-335.2799987792969,-0.0,0.0,-335.0,0.0,-4.0
720048.202,2894.0,1397.0,-1397.0,-335.2799987792969,-0.0,0.0,-335.0,0.0,-4.0
720059.204,2894.0,1397.0,-1397.0,-335.2799987792969,-0.0,0.0,-335.0,0.0,-4.0
720070.201,2894.0,1397.0,-1397.0,-335.2799987792969,-0.0,0.0,-335.0,0.0,-4.0
720080.202,2894.0,1397.0,-1397.0,-335.2799987792969,-0.0,0.0,-335.0,0.0,-4.0
720090.203,2894.0,1397.0,-1397.0,-335.2799987792969,-0.0,0.0,-335.0,0.0,-4.0
720100.205,2894.0,1397.0,-1397.0,-335.2799987792969,-0.0,0.0,-335.0,0.0,-4.0
720110.206,2894.0,1397.0,-1397.0,-335.2799987792969,-0.0,0.0,-335.0,0.0,-4.0
720121.205,2894.0,1397.0,-1397.0,-335.2799987792969,-0.0,0.0,-335.0,0.0,-4.0
720132.479,2894.0,1397.0,-1397.0,-335.2799987792969,-0.0,0.0,-335.0,0.0,-4.0
720142.48,2894.0,1397.0,-1397.0,-335.2799987792969,-0.0,0.0,-335.0,0.0,-4.0
720152.48,2894.0,1397.0,-1397.0,-335.2799987792969,-0.0,0.0,-335.0,0.0,-4.0
720163.205,2894.0,1397.0,-1397.0,-335.2799987792969,-0.0,0.0,-335.0,0.0,-4.0
720173.206,2894.0,1397.0,-1397.0,-335.2799987792969,-0.0,0.0,-335.0,0.0,-4.0
720183.206,2894.0,1397.0,-1397.0,-335.2799987792969,-0.0,0.0,-335.0,0.0,-4.0
720194.201,2894.0,1397.0,-1397.0,-335.2799987792969,-0.0,0.0,-335.0,0.0,-4.0
720205.205,2894.0,1397.0,-1397.0,-335.2799987792969,-0.0,0.0,-335.0,0.0,-4.0
720216.202,2894.0,1397.0,-1397.0,-335.2799987792969,-0.0,0.0,-335.0,0.0,-4.0
720227.205,2894.0,1397.0,-1397.0,-335.2799987792969,-0.0,0.0,-335.0,0.0,-4.0
720238.205,2894.0,1397.0,-1397.0,-335.2799987792969,-0.0,0.0,-335.0,0.0,-4.0
720248.206,2894.0,1397.0,-1397.0,-335.2799987792969,-0.0,0.0,-335.0,0.0,-4.0
720259.204,2894.0,1397.0,-1397.0,-335.2799987792969,-0.0,0.0,-335.0,0.0,-4.0
720270.205,2894.0,1397.0,-1397.0,-335.2799987792969,-0.0,0.0,-335.0,0.0,-4.0
720281.201,2894.0,1397.0,-1397.0,-335.2799987792969,-0.0,0.0,-335.0,0.0,-4.0
720291.201,2894.0,1397.0,-1397.0,-335.2799987792969,-0.0,0.0,-335.0,0.0,-4.0
720301.202,2894.0,1397.0,-1397.0,-335.2799987792969,-0.0,0.0,-335.0,0.0,-4.0
720312.201,2894.0,1397.0,-1397.0,-335.2799987792969,-0.0,0.0,-335.0,0.0,-4.0
720323.29,2894.0,1397.0,-1397.0,-335.2799987792969,-0.0,0.0,-335.0,0.0,-4.0
720333.374,2894.0,1397.0,-1397.0,-335.2799987792969,-0.0,0.0,-335.0,0.0,-4.0
720343.378,2894.0,1397.0,-1397.0,-335.2799987792969,-0.0,0.0,-335.0,0.0,-4.0
720354.201,2894.0,1397.0,-1397.0,-335.2799987792969,-0.0,0.0,-335.0,0.0,-4.0
720365.204,2894.0,1397.0,-1397.0,-335.2799987792969,-0.0,0.0,-335.0,0.0,-4.0
720376.2,2894.0,1397.0,-1397.0,-335.2799987792969,-0.0,0.0,-335.0,0.0,-4.0
720387.205,2894.0,1397.0,-1397.0,-335.2799987792969,-0.0,0.0,-335.0,0.0,-4.0
720397.206,2894.0,1397.0,-1397.0,-335.2799987792969,-0.0,0.0,-335.0,0.0,-4.0
720408.205,2894.0,1397.0,-1397.0,-335.2799987792969,-0.0,0.0,-335.0,0.0,-4.0
720419.2,2894.0,1397.0,-1397.0,-335.2799987792969,-0.0,0.0,-335.0,0.0,-4.0
720430.205,2894.0,1397.0,-1397.0,-335.2799987792969,-0.0,0.0,-335.0,0.0,-4.0
720440.206,2894.0,1397.0,-1397.0,-335.2799987792969,-0.0,0.0,-335.0,0.0,-4.0
720450.206,2894.0,1397.0,-1397.0,-335.2799987792969,-0.0,0.0,-335.0,0.0,-4.0
720461.201,2894.0,1397.0,-1397.0,-335.2799987792969,-0.0,0.0,-335.0,0.0,-4.0
720471.202,2894.0,1397.0,-1397.0,-335.2799987792969,-0.0,0.0,-335.0,0.0,-4.0
720482.209,2894.0,1397.0,-1397.0,-335.2799987792969,-0.0,0.0,-335.0,0.0,-4.0
720492.209,2894.0,1397.0,-1397.0,-335.2799987792969,-0.0,0.0,-335.0,0.0,-4.0
720502.209,2894.0,1397.0,-1397.0,-335.2799987792969,-0.0,0.0,-335.0,0.0,-4.0
720513.204,2894.0,1397.0,-1397.0,-335.2799987792969,-0.0,0.0,-335.0,0.0,-4.0
720524.205,2894.0,1397.0,-1397.0,-335.2799987792969,-0.0,0.0,-335.0,0.0,-4.0
720534.206,2894.0,1397.0,-1397.0,-335.2799987792969,-0.0,0.0,-335.0,0.0,-4.0
720545.205,2894.0,1397.0,-1397.0,-335.2799987792969,-0.0,0.0,-335.0,0.0,-4.0
720555.205,2894.0,1397.0,-1397.0,-335.2799987792969,-0.0,0.0,-335.0,0.0,-4.0
720566.204,2894.0,1397.0,-1397.0,-335.2799987792969,-0.0,0.0,-335.0,0.0,-4.0
720576.205,2894.0,1397.0,-1397.0,-335.2799987792969,-0.0,0.0,-335.0,0.0,-4.0
720587.205,2894.0,1397.0,-1397.0,-335.2799987792969,-0.0,0.0,-335.0,0.0,-4.0
720597.206,2894.0,1397.0,-1397.0,-335.2799987792969,-0.0,0.0,-335.0,0.0,-4.0
720607.207,2894.0,1397.0,-1397.0,-335.2799987792969,-0.0,0.0,-335.0,0.0,-4.0
720617.207,2894.0,1397.0,-1397.0,-335.2799987792969,-0.0,0.0,-335.0,0.0,-4.0
720628.201,2894.0,1397.0,-1397.0,-335.2799987792969,-0.0,0.0,-335.0,0.0,-4.0
720639.209,2894.0,1397.0,-1397.0,-335.2799987792969,-0.0,0.0,-335.0,0.0,-4.0
720649.21,2894.0,1397.0,-1397.0,-335.2799987792969,-0.0,0.0,-335.0,0.0,-4.0
720659.5,2894.0,1397.0,-1397.0,-335.2799987792969,-0.0,0.0,-335.0,0.0,-4.0
720670.201,2894.0,1397.0,-1397.0,-335.2799987792969,-0.0,0.0,-335.0,0.0,-4.0
720681.173,2894.0,1397.0,-1397.0,-335.2799987792969,-0.0,0.0,-335.0,0.0,-4.0
720692.205,2894.0,1397.0,-1397.0,-335.2799987792969,-0.0,0.0,-335.0,0.0,-4.0
720702.206,2894.0,1397.0,-1397.0,-335.2799987792969,-0.0,0.0,-335.0,0.0,-4.0
720712.206,2894.0,1397.0,-1397.0,-335.2799987792969,-0.0,0.0,-335.0,0.0,-4.0
720723.201,2894.0,1397.0,-1397.0,-335.2799987792969,-0.0,0.0,-335.0,0.0,-4.0
720734.205,2894.0,1397.0,-1397.0,-335.2799987792969,-0.0,0.0,-335.0,0.0,-4.0
720744.206,2894.0,1397.0,-1397.0,-335.2799987792969,-0.0,0.0,-335.0,0.0,-4.0
720755.205,2894.0,1397.0,-1397.0,-335.2799987792969,-0.0,0.0,-335.0,0.0,-4.0
720765.205,2894.0,1397.0,-1397.0,-335.2799987792969,-0.0,0.0,-335.0,0.0,-4.0
720776.204,2894.0,1397.0,-1397.0,-335.2799987792969,-0.0,0.0,-335.0,0.0,-4.0
720787.205,2894.0,1397.0,-1397.0,-335.2799987792969,-0.0,0.0,-335.0,0.0,-4.0
720797.206,2894.0,1397.0,-1397.0,-335.2799987792969,-0.0,0.0,-335.0,0.0,-4.0
720807.207,2894.0,1397.0,-1397.0,-335.2799987792969,-0.0,0.0,-335.0,0.0,-4.0
720817.207,2894.0,1397.0,-1397.0,-335.2799987792969,-0.0,0.0,-335.0,0.0,-4.0
720827.208,2894.0,1397.0,-1397.0,-335.2799987792969,-0.0,0.0,-335.0,0.0,-4.0
720837.208,2894.0,1397.0,-1397.0,-335.2799987792969,-0.0,0.0,-335.0,0.0,-4.0
720848.205,2894.0,1397.0,-1397.0,-335.2799987792969,-0.0,0.0,-335.0,0.0,-4.0
720858.206,2894.0,1397.0,-1397.0,-335.2799987792969,-0.0,0.0,-335.0,0.0,-4.0
720869.204,2894.0,1397.0,-1397.0,-335.2799987792969,-0.0,0.0,-335.0,0.0,-4.0
720880.205,2894.0,1397.0,-1397.0,-335.2799987792969,-0.0,0.0,-335.0,0.0,-4.0
720890.206,2894.0,1397.0,-1397.0,-335.2799987792969,-0.0,0.0,-335.0,0.0,-4.0
720901.205,2894.0,1397.0,-1397.0,-335.2799987792969,-0.0,0.0,-335.0,0.0,-4.0
720912.205,2894.0,1397.0,-1397.0,-335.2799987792969,-0.0,0.0,-335.0,0.0,-4.0
720923.2,2894.0,1397.0,-1397.0,-335.2799987792969,-0.0,0.0,-335.0,0.0,-4.0
720933.2,2894.0,1397.0,-1397.0,-335.2799987792969,-0.0,0.0,-335.0,0.0,-4.0
720944.202,2894.0,1397.0,-1397.0,-335.2799987792969,-0.0,0.0,-335.0,0.0,-4.0
720954.202,2894.0,1397.0,-1397.0,-335.2799987792969,-0.0,0.0,-335.0,0.0,-4.0
720964.203,2894.0,1397.0,-1397.0,-335.2799987792969,-0.0,0.0,-335.0,0.0,-4.0
720974.302,2894.0,1397.0,-1397.0,-335.2799987792969,-0.0,0.0,-335.0,0.0,-4.0
720984.302,2894.0,1397.0,-1397.0,-335.2799987792969,-0.0,0.0,-335.0,0.0,-4.0
720994.303,2894.0,1397.0,-1397.0,-335.2799987792969,-0.0,0.0,-335.0,0.0,-4.0
721005.201,2894.0,1397.0,-1397.0,-335.2799987792969,-0.0,0.0,-335.0,0.0,-4.0
721016.205,2894.0,1397.0,-1397.0,-335.2799987792969,-0.0,0.0,-335.0,0.0,-4.0
721026.206,2894.0,1397.0,-1397.0,-335.2799987792969,-0.0,0.0,-335.0,0.0,-4.0
721037.2,2894.0,1397.0,-1397.0,-335.2799987792969,-0.0,0.0,-335.0,0.0,-4.0
721048.205,2894.0,1397.0,-1397.0,-335.2799987792969,-0.0,0.0,-335.0,0.0,-4.0
721058.206,2894.0,1397.0,-1397.0,-335.2799987792969,-0.0,0.0,-335.0,0.0,-4.0
721068.206,2894.0,1397.0,-1397.0,-335.2799987792969,-0.0,0.0,-335.0,0.0,-4.0
721078.206,2894.0,1397.0,-1397.0,-335.2799987792969,-0.0,0.0,-335.0,0.0,-4.0
721089.205,2894.0,1397.0,-1397.0,-335.2799987792969,-0.0,0.0,-335.0,0.0,-4.0
721100.212,2894.0,1397.0,-1397.0,-335.2799987792969,-0.0,0.0,-335.0,0.0,-4.0
721111.205,2894.0,1397.0,-1397.0,-335.2799987792969,-0.0,0.0,-335.0,0.0,-4.0
721121.205,2894.0,1397.0,-1397.0,-335.2799987792969,-0.0,0.0,-335.0,0.0,-4.0
721131.308,2894.0,1397.0,-1397.0,-335.2799987792969,-0.0,0.0,-335.0,0.0,-4.0
721141.309,2894.0,1397.0,-1397.0,-335.2799987792969,-0.0,0.0,-335.0,0.0,-4.0
721152.204,2894.0,1397.0,-1397.0,-335.2799987792969,-0.0,0.0,-335.0,0.0,-4.0
721163.205,2894.0,1397.0,-1397.0,-335.2799987792969,-0.0,0.0,-335.0,0.0,-4.0
721174.201,2894.0,1397.0,-1397.0,-335.2799987792969,-0.0,0.0,-335.0,0.0,-4.0
721184.202,2894.0,1397.0,-1397.0,-335.2799987792969,-0.0,0.0,-335.0,0.0,-4.0
721195.201,2894.0,1397.0,-1397.0,-335.2799987792969,-0.0,0.0,-335.0,0.0,-4.0
721205.202,2894.0,1397.0,-1397.0,-335.2799987792969,-0.0,0.0,-335.0,0.0,-4.0
721216.201,2894.0,1397.0,-1397.0,-335.2799987792969,-0.0,0.0,-335.0,0.0,-4.0
721226.202,2894.0,1397.0,-1397.0,-335.2799987792969,-0.0,0.0,-335.0,0.0,-4.0
721236.202,2894.0,1397.0,-1397.0,-335.2799987792969,-0.0,0.0,-335.0,0.0,-4.0
721247.2,2894.0,1397.0,-1397.0,-335.2799987792969,-0.0,0.0,-335.0,0.0,-4.0
721258.205,2894.0,1397.0,-1397.0,-335.2799987792969,-0.0,0.0,-335.0,0.0,-4.0
721269.209,2894.0,1397.0,-1397.0,-335.2799987792969,-0.0,0.0,-335.0,0.0,-4.0
721280.201,2894.0,1397.0,-1397.0,-335.2799987792969,-0.0,0.0,-335.0,0.0,-4.0
721291.217,2894.0,1397.0,-1397.0,-335.2799987792969,-0.0,0.0,-335.0,0.0,-4.0
721302.201,2894.0,1397.0,-1397.0,-335.2799987792969,-0.0,0.0,-335.0,0.0,-4.0
721313.443,2894.0,1397.0,-1397.0,-335.2799987792969,-0.0,0.0,-335.0,0.0,-4.0
721324.209,2894.0,1397.0,-1397.0,-335.2799987792969,-0.0,0.0,-335.0,0.0,-4.0
721334.88,2894.0,1397.0,-1397.0,-335.2799987792969,-0.0,0.0,-335.0,0.0,-4.0
721345.204,2894.0,1397.0,-1397.0,-335.2799987792969,-0.0,0.0,-335.0,0.0,-4.0
721355.204,2894.0,1397.0,-1397.0,-335.2799987792969,-0.0,0.0,-335.0,0.0,-4.0
721366.201,2894.0,1397.0,-1397.0,-335.2799987792969,-0.0,0.0,-335.0,0.0,-4.0
721376.202,2894.0,1397.0,-1397.0,-335.2799987792969,-0.0,0.0,-335.0,0.0,-4.0
721386.203,2894.0,1397.0,-1397.0,-335.2799987792969,-0.0,0.0,-335.0,0.0,-4.0
721396.204,2894.0,1397.0,-1397.0,-335.2799987792969,-0.0,0.0,-335.0,0.0,-4.0
721407.205,2894.0,1397.0,-1397.0,-335.2799987792969,-0.0,0.0,-335.0,0.0,-4.0
721418.201,2894.0,1397.0,-1397.0,-335.2799987792969,-0.0,0.0,-335.0,0.0,-4.0
721429.205,2894.0,1397.0,-1397.0,-335.2799987792969,-0.0,0.0,-335.0,0.0,-4.0
721439.206,2894.0,1397.0,-1397.0,-335.2799987792969,-0.0,0.0,-335.0,0.0,-4.0
721449.207,2894.0,1397.0,-1397.0,-335.2799987792969,-0.0,0.0,-335.0,0.0,-4.0
721459.207,2894.0,1397.0,-1397.0,-335.2799987792969,-0.0,0.0,-335.0,0.0,-4.0
721469.208,2894.0,1397.0,-1397.0,-335.2799987792969,-0.0,0.0,-335.0,0.0,-4.0
721479.897,2894.0,1397.0,-1397.0,-335.2799987792969,-0.0,0.0,-335.0,0.0,-4.0
721489.898,2894.0,1397.0,-1397.0,-335.2799987792969,-0.0,0.0,-335.0,0.0,-4.0
721500.205,2894.0,1397.0,-1397.0,-335.2799987792969,-0.0,0.0,-335.0,0.0,-4.0
721511.2,2894.0,1397.0,-1397.0,-335.2799987792969,-0.0,0.0,-335.0,0.0,-4.0
721521.201,2894.0,1397.0,-1397.0,-335.2799987792969,-0.0,0.0,-335.0,0.0,-4.0
721532.201,2894.0,1397.0,-1397.0,-335.2799987792969,-0.0,0.0,-335.0,0.0,-4.0
721543.204,2894.0,1397.0,-1397.0,-335.2799987792969,-0.0,0.0,-335.0,0.0,-4.0
721553.205,2894.0,1397.0,-1397.0,-335.2799987792969,-0.0,0.0,-335.0,0.0,-4.0
721563.206,2894.0,1397.0,-1397.0,-335.2799987792969,-0.0,0.0,-335.0,0.0,-4.0
721574.209,2894.0,1397.0,-1397.0,-335.2799987792969,-0.0,0.0,-335.0,0.0,-4.0
721585.201,2894.0,1397.0,-1397.0,-335.2799987792969,-0.0,0.0,-335.0,0.0,-4.0
721596.205,2894.0,1397.0,-1397.0,-335.2799987792969,-0.0,0.0,-335.0,0.0,-4.0
721606.206,2894.0,1397.0,-1397.0,-335.2799987792969,-0.0,0.0,-335.0,0.0,-4.0
721616.973,2894.0,1397.0,-1397.0,-335.2799987792969,-0.0,0.0,-335.0,0.0,-4.0
721627.209,2894.0,1397.0,-1397.0,-335.2799987792969,-0.0,0.0,-335.0,0.0,-4.0
721637.21,2894.0,1397.0,-1397.0,-335.2799987792969,-0.0,0.0,-335.0,0.0,-4.0
721648.173,2894.0,1397.0,-1397.0,-335.2799987792969,-0.0,0.0,-335.0,0.0,-4.0
721659.205,2894.0,1397.0,-1397.0,-335.2799987792969,-0.0,0.0,-335.0,0.0,-4.0
721669.205,2894.0,1397.0,-1397.0,-335.2799987792969,-0.0,0.0,-335.0,0.0,-4.0
721680.205,2894.0,1397.0,-1397.0,-335.2799987792969,-0.0,0.0,-335.0,0.0,-4.0
721690.206,2894.0,1397.0,-1397.0,-335.2799987792969,-0.0,0.0,-335.0,0.0,-4.0
721700.207,2894.0,1397.0,-1397.0,-335.2799987792969,-0.0,0.0,-335.0,0.0,-4.0
721711.205,2894.0,1397.0,-1397.0,-335.2799987792969,-0.0,0.0,-335.0,0.0,-4.0
721722.201,2894.0,1397.0,-1397.0,-335.2799987792969,-0.0,0.0,-335.0,0.0,-4.0
721733.205,2894.0,1397.0,-1397.0,-335.2799987792969,-0.0,0.0,-335.0,0.0,-4.0
721744.222,2894.0,1397.0,-1397.0,-335.2799987792969,-0.0,0.0,-335.0,0.0,-4.0
721755.2,2894.0,1397.0,-1397.0,-335.2799987792969,-0.0,0.0,-335.0,0.0,-4.0
721765.201,2894.0,1397.0,-1397.0,-335.2799987792969,-0.0,0.0,-335.0,0.0,-4.0
721776.2,2894.0,1397.0,-1397.0,-335.2799987792969,-0.0,0.0,-335.0,0.0,-4.0
721787.205,2894.0,1397.0,-1397.0,-335.2799987792969,-0.0,0.0,-335.0,0.0,-4.0
721798.205,2894.0,1397.0,-1397.0,-335.2799987792969,-0.0,0.0,-335.0,0.0,-4.0
721808.293,2894.0,1397.0,-1397.0,-335.2799987792969,-0.0,0.0,-335.0,0.0,-4.0
721819.242,2894.0,1397.0,-1397.0,-335.2799987792969,-0.0,0.0,-335.0,0.0,-4.0
721829.355,2894.0,1397.0,-1397.0,-335.2799987792969,-0.0,0.0,-335.0,0.0,-4.0
721839.357,2894.0,1397.0,-1397.0,-335.2799987792969,-0.0,0.0,-335.0,0.0,-4.0
721850.201,2894.0,1397.0,-1397.0,-335.2799987792969,-0.0,0.0,-335.0,0.0,-4.0
721861.204,2894.0,1397.0,-1397.0,-335.2799987792969,-0.0,0.0,-335.0,0.0,-4.0
721871.205,2894.0,1397.0,-1397.0,-335.2799987792969,-0.0,0.0,-335.0,0.0,-4.0
721882.201,2894.0,1397.0,-1397.0,-335.2799987792969,-0.0,0.0,-335.0,0.0,-4.0
721893.204,2894.0,1397.0,-1397.0,-335.2799987792969,-0.0,0.0,-335.0,0.0,-4.0
721904.2,2894.0,1397.0,-1397.0,-335.2799987792969,-0.0,0.0,-335.0,0.0,-4.0
721914.2,2894.0,1397.0,-1397.0,-335.2799987792969,-0.0,0.0,-335.0,0.0,-4.0
721925.201,2894.0,1397.0,-1397.0,-335.2799987792969,-0.0,0.0,-335.0,0.0,-4.0
721936.205,2894.0,1397.0,-1397.0,-335.2799987792969,-0.0,0.0,-335.0,0.0,-4.0
721947.201,2894.0,1397.0,-1397.0,-335.2799987792969,-0.0,0.0,-335.0,0.0,-4.0
721958.205,2894.0,1397.0,-1397.0,-335.2799987792969,-0.0,0.0,-335.0,0.0,-4.0
721969.205,2894.0,1397.0,-1397.0,-335.2799987792969,-0.0,0.0,-335.0,0.0,-4.0
721980.201,2894.0,1397.0,-1397.0,-335.2799987792969,-0.0,0.0,-335.0,0.0,-4.0
721991.205,2894.0,1397.0,-1397.0,-335.2799987792969,-0.0,0.0,-335.0,0.0,-4.0
722002.205,2894.0,1397.0,-1397.0,-335.2799987792969,-0.0,0.0,-335.0,0.0,-4.0
722013.2,2894.0,1397.0,-1397.0,-335.2799987792969,-0.0,0.0,-335.0,0.0,-4.0
722024.205,2894.0,1397.0,-1397.0,-335.2799987792969,-0.0,0.0,-335.0,0.0,-4.0
722035.201,2894.0,1397.0,-1397.0,-335.2799987792969,-0.0,0.0,-335.0,0.0,-4.0
722045.201,2894.0,1397.0,-1397.0,-335.2799987792969,-0.0,0.0,-335.0,0.0,-4.0
722056.204,2894.0,1397.0,-1397.0,-335.2799987792969,-0.0,0.0,-335.0,0.0,-4.0
722067.173,2894.0,1397.0,-1397.0,-335.2799987792969,-0.0,0.0,-335.0,0.0,-4.0
722077.173,2894.0,1397.0,-1397.0,-335.2799987792969,-0.0,0.0,-335.0,0.0,-4.0
722088.204,2894.0,1397.0,-1397.0,-335.2799987792969,-0.0,0.0,-335.0,0.0,-4.0
722098.833,2894.0,1397.0,-1397.0,-335.2799987792969,-0.0,0.0,-335.0,0.0,-4.0
722108.834,2894.0,1397.0,-1397.0,-335.2799987792969,-0.0,0.0,-335.0,0.0,-4.0
722118.834,2894.0,1397.0,-1397.0,-335.2799987792969,-0.0,0.0,-335.0,0.0,-4.0
722129.201,2894.0,1397.0,-1397.0,-335.2799987792969,-0.0,0.0,-335.0,0.0,-4.0
722139.202,2894.0,1397.0,-1397.0,-335.2799987792969,-0.0,0.0,-335.0,0.0,-4.0
722150.201,2894.0,1397.0,-1397.0,-335.2799987792969,-0.0,0.0,-335.0,0.0,-4.0
722160.202,2894.0,1397.0,-1397.0,-335.2799987792969,-0.0,0.0,-335.0,0.0,-4.0
722171.2,2894.0,1397.0,-1397.0,-335.2799987792969,-0.0,0.0,-335.0,0.0,-4.0
722182.205,2894.0,1397.0,-1397.0,-335.2799987792969,-0.0,0.0,-335.0,0.0,-4.0
722192.205,2894.0,1397.0,-1397.0,-335.2799987792969,-0.0,0.0,-335.0,0.0,-4.0
722202.206,2894.0,1397.0,-1397.0,-335.2799987792969,-0.0,0.0,-335.0,0.0,-4.0
722213.204,2894.0,1397.0,-1397.0,-335.2799987792969,-0.0,0.0,-335.0,0.0,-4.0
722223.205,2894.0,1397.0,-1397.0,-335.2799987792969,-0.0,0.0,-335.0,0.0,-4.0
722234.205,2894.0,1397.0,-1397.0,-335.2799987792969,-0.0,0.0,-335.0,0.0,-4.0
722245.209,2894.0,1397.0,-1397.0,-335.2799987792969,-0.0,0.0,-335.0,0.0,-4.0
722255.379,2894.0,1397.0,-1397.0,-335.2799987792969,-0.0,0.0,-335.0,0.0,-4.0
722266.204,2894.0,1397.0,-1397.0,-335.2799987792969,-0.0,0.0,-335.0,0.0,-4.0
722277.173,2894.0,1397.0,-1397.0,-335.2799987792969,-0.0,0.0,-335.0,0.0,-4.0
722288.173,2894.0,1397.0,-1397.0,-335.2799987792969,-0.0,0.0,-335.0,0.0,-4.0
722299.204,2894.0,1397.0,-1397.0,-335.2799987792969,-0.0,0.0,-335.0,0.0,-4.0
722310.201,2894.0,1397.0,-1397.0,-335.2799987792969,-0.0,0.0,-335.0,0.0,-4.0
722321.204,2894.0,1397.0,-1397.0,-335.2799987792969,-0.0,0.0,-335.0,0.0,-4.0
722332.201,2894.0,1397.0,-1397.0,-335.2799987792969,-0.0,0.0,-335.0,0.0,-4.0
722342.201,2894.0,1397.0,-1397.0,-335.2799987792969,-0.0,0.0,-335.0,0.0,-4.0
722353.204,2894.0,1397.0,-1397.0,-335.2799987792969,-0.0,0.0,-335.0,0.0,-4.0
722363.205,2894.0,1397.0,-1397.0,-335.2799987792969,-0.0,0.0,-335.0,0.0,-4.0
722374.206,2894.0,1397.0,-1397.0,-335.2799987792969,-0.0,0.0,-335.0,0.0,-4.0
722384.206,2894.0,1397.0,-1397.0,-335.2799987792969,-0.0,0.0,-335.0,0.0,-4.0
722394.206,2894.0,1397.0,-1397.0,-335.2799987792969,-0.0,0.0,-335.0,0.0,-4.0
722404.207,2894.0,1397.0,-1397.0,-335.2799987792969,-0.0,0.0,-335.0,0.0,-4.0
722414.208,2894.0,1397.0,-1397.0,-335.2799987792969,-0.0,0.0,-335.0,0.0,-4.0
722425.204,2894.0,1397.0,-1397.0,-335.2799987792969,-0.0,0.0,-335.0,0.0,-4.0
722435.205,2894.0,1397.0,-1397.0,-335.2799987792969,-0.0,0.0,-335.0,0.0,-4.0
722445.205,2894.0,1397.0,-1397.0,-335.2799987792969,-0.0,0.0,-335.0,0.0,-4.0
722456.205,2894.0,1397.0,-1397.0,-335.2799987792969,-0.0,0.0,-335.0,0.0,-4.0
722467.205,2894.0,1397.0,-1397.0,-335.2799987792969,-0.0,0.0,-335.0,0.0,-4.0
722477.205,2894.0,1397.0,-1397.0,-335.2799987792969,-0.0,0.0,-335.0,0.0,-4.0
722487.206,2894.0,1397.0,-1397.0,-335.2799987792969,-0.0,0.0,-335.0,0.0,-4.0
722498.205,2894.0,1397.0,-1397.0,-335.2799987792969,-0.0,0.0,-335.0,0.0,-4.0
722509.201,2894.0,1397.0,-1397.0,-335.2799987792969,-0.0,0.0,-335.0,0.0,-4.0
722519.202,2894.0,1397.0,-1397.0,-335.2799987792969,-0.0,0.0,-335.0,0.0,-4.0
722530.205,2894.0,1397.0,-1397.0,-335.2799987792969,-0.0,0.0,-335.0,0.0,-4.0
722541.2,2894.0,1397.0,-1397.0,-335.2799987792969,-0.0,0.0,-335.0,0.0,-4.0
722552.205,2894.0,1397.0,-1397.0,-335.2799987792969,-0.0,0.0,-335.0,0.0,-4.0
722562.206,2894.0,1397.0,-1397.0,-335.2799987792969,-0.0,0.0,-335.0,0.0,-4.0
722573.201,2894.0,1397.0,-1397.0,-335.2799987792969,-0.0,0.0,-335.0,0.0,-4.0
722584.209,2894.0,1397.0,-1397.0,-335.2799987792969,-0.0,0.0,-335.0,0.0,-4.0
722594.21,2894.0,1397.0,-1397.0,-335.2799987792969,-0.0,0.0,-335.0,0.0,-4.0
722605.209,2894.0,1397.0,-1397.0,-335.2799987792969,-0.0,0.0,-335.0,0.0,-4.0
722616.209,2894.0,1397.0,-1397.0,-335.2799987792969,-0.0,0.0,-335.0,0.0,-4.0
722626.21,2894.0,1397.0,-1397.0,-335.2799987792969,-0.0,0.0,-335.0,0.0,-4.0
722637.205,2894.0,1397.0,-1397.0,-335.2799987792969,-0.0,0.0,-335.0,0.0,-4.0
722647.206,2894.0,1397.0,-1397.0,-335.2799987792969,-0.0,0.0,-335.0,0.0,-4.0
722658.205,2894.0,1397.0,-1397.0,-335.2799987792969,-0.0,0.0,-335.0,0.0,-4.0
722668.206,2894.0,1397.0,-1397.0,-335.2799987792969,-0.0,0.0,-335.0,0.0,-4.0
722679.206,2894.0,1397.0,-1397.0,-335.2799987792969,-0.0,0.0,-335.0,0.0,-4.0
722689.206,2894.0,1397.0,-1397.0,-335.2799987792969,-0.0,0.0,-335.0,0.0,-4.0
722699.206,2894.0,1397.0,-1397.0,-335.2799987792969,-0.0,0.0,-335.0,0.0,-4.0
722710.205,2894.0,1397.0,-1397.0,-335.2799987792969,-0.0,0.0,-335.0,0.0,-4.0
722721.201,2894.0,1397.0,-1397.0,-335.2799987792969,-0.0,0.0,-335.0,0.0,-4.0
722732.205,2894.0,1397.0,-1397.0,-335.2799987792969,-0.0,0.0,-335.0,0.0,-4.0
722743.201,2894.0,1397.0,-1397.0,-335.2799987792969,-0.0,0.0,-335.0,0.0,-4.0
722754.205,2894.0,1397.0,-1397.0,-335.2799987792969,-0.0,0.0,-335.0,0.0,-4.0
722764.206,2894.0,1397.0,-1397.0,-335.2799987792969,-0.0,0.0,-335.0,0.0,-4.0
722775.201,2894.0,1397.0,-1397.0,-335.2799987792969,-0.0,0.0,-335.0,0.0,-4.0
722786.209,2894.0,1397.0,-1397.0,-335.2799987792969,-0.0,0.0,-335.0,0.0,-4.0
722796.37,2894.0,1397.0,-1397.0,-335.2799987792969,-0.0,0.0,-335.0,0.0,-4.0
722807.209,2894.0,1397.0,-1397.0,-335.2799987792969,-0.0,0.0,-335.0,0.0,-4.0
722817.209,2894.0,1397.0,-1397.0,-335.2799987792969,-0.0,0.0,-335.0,0.0,-4.0
722828.204,2894.0,1397.0,-1397.0,-335.2799987792969,-0.0,0.0,-335.0,0.0,-4.0
722839.201,2894.0,1397.0,-1397.0,-335.2799987792969,-0.0,0.0,-335.0,0.0,-4.0
722849.201,2894.0,1397.0,-1397.0,-335.2799987792969,-0.0,0.0,-335.0,0.0,-4.0
722860.205,2894.0,1397.0,-1397.0,-335.2799987792969,-0.0,0.0,-335.0,0.0,-4.0
722871.201,2894.0,1397.0,-1397.0,-335.2799987792969,-0.0,0.0,-335.0,0.0,-4.0
722882.219,2894.0,1397.0,-1397.0,-335.2799987792969,-0.0,0.0,-335.0,0.0,-4.0
722892.219,2894.0,1397.0,-1397.0,-335.2799987792969,-0.0,0.0,-335.0,0.0,-4.0
722903.2,2894.0,1397.0,-1397.0,-335.2799987792969,-0.0,0.0,-335.0,0.0,-4.0
722913.201,2894.0,1397.0,-1397.0,-335.2799987792969,-0.0,0.0,-335.0,0.0,-4.0
722924.201,2894.0,1397.0,-1397.0,-335.2799987792969,-0.0,0.0,-335.0,0.0,-4.0
722935.204,2894.0,1397.0,-1397.0,-335.2799987792969,-0.0,0.0,-335.0,0.0,-4.0
722945.205,2894.0,1397.0,-1397.0,-335.2799987792969,-0.0,0.0,-335.0,0.0,-4.0
722956.205,2894.0,1397.0,-1397.0,-335.2799987792969,-0.0,0.0,-335.0,0.0,-4.0
722967.201,2894.0,1397.0,-1397.0,-335.2799987792969,-0.0,0.0,-335.0,0.0,-4.0
722978.204,2894.0,1397.0,-1397.0,-335.2799987792969,-0.0,0.0,-335.0,0.0,-4.0
722989.205,2894.0,1397.0,-1397.0,-335.2799987792969,-0.0,0.0,-335.0,0.0,-4.0
723000.2,2894.0,1397.0,-1397.0,-335.2799987792969,-0.0,0.0,-335.0,0.0,-4.0
723010.201,2894.0,1397.0,-1397.0,-335.2799987792969,-0.0,0.0,-335.0,0.0,-4.0
723020.201,2894.0,1397.0,-1397.0,-335.2799987792969,-0.0,0.0,-335.0,0.0,-4.0
723030.201,2894.0,1397.0,-1397.0,-335.2799987792969,-0.0,0.0,-335.0,0.0,-4.0
723040.201,2894.0,1397.0,-1397.0,-335.2799987792969,-0.0,0.0,-335.0,0.0,-4.0
723050.201,2894.0,1397.0,-1397.0,-335.2799987792969,-0.0,0.0,-335.0,0.0,-4.0
723061.201,2894.0,1397.0,-1397.0,-335.2799987792969,-0.0,0.0,-335.0,0.0,-4.0
723071.202,2894.0,1397.0,-1397.0,-335.2799987792969,-0.0,0.0,-335.0,0.0,-4.0
723081.203,2894.0,1397.0,-1397.0,-335.2799987792969,-0.0,0.0,-335.0,0.0,-4.0
723092.204,2894.0,1397.0,-1397.0,-335.2799987792969,-0.0,0.0,-335.0,0.0,-4.0
723103.212,2894.0,1397.0,-1397.0,-335.2799987792969,-0.0,0.0,-335.0,0.0,-4.0
723114.205,2894.0,1397.0,-1397.0,-335.2799987792969,-0.0,0.0,-335.0,0.0,-4.0
723124.205,2894.0,1397.0,-1397.0,-335.2799987792969,-0.0,0.0,-335.0,0.0,-4.0
723135.205,2894.0,1397.0,-1397.0,-335.2799987792969,-0.0,0.0,-335.0,0.0,-4.0
723146.2,2894.0,1397.0,-1397.0,-335.2799987792969,-0.0,0.0,-335.0,0.0,-4.0
723156.201,2894.0,1397.0,-1397.0,-335.2799987792969,-0.0,0.0,-335.0,0.0,-4.0
723166.202,2894.0,1397.0,-1397.0,-335.2799987792969,-0.0,0.0,-335.0,0.0,-4.0
723176.963,2894.0,1397.0,-1397.0,-335.2799987792969,-0.0,0.0,-335.0,0.0,-4.0
723186.963,2894.0,1397.0,-1397.0,-335.2799987792969,-0.0,0.0,-335.0,0.0,-4.0
723197.205,2894.0,1397.0,-1397.0,-335.2799987792969,-0.0,0.0,-335.0,0.0,-4.0
723208.201,2894.0,1397.0,-1397.0,-335.2799987792969,-0.0,0.0,-335.0,0.0,-4.0
723218.201,2894.0,1397.0,-1397.0,-335.2799987792969,-0.0,0.0,-335.0,0.0,-4.0
723228.202,2894.0,1397.0,-1397.0,-335.2799987792969,-0.0,0.0,-335.0,0.0,-4.0
723239.205,2894.0,1397.0,-1397.0,-335.2799987792969,-0.0,0.0,-335.0,0.0,-4.0
723250.204,2894.0,1397.0,-1397.0,-335.2799987792969,-0.0,0.0,-335.0,0.0,-4.0
723261.2,2894.0,1397.0,-1397.0,-335.2799987792969,-0.0,0.0,-335.0,0.0,-4.0
723271.201,2894.0,1397.0,-1397.0,-335.2799987792969,-0.0,0.0,-335.0,0.0,-4.0
723282.201,2894.0,1397.0,-1397.0,-335.2799987792969,-0.0,0.0,-335.0,0.0,-4.0
723292.202,2894.0,1397.0,-1397.0,-335.2799987792969,-0.0,0.0,-335.0,0.0,-4.0
723302.203,2894.0,1397.0,-1397.0,-335.2799987792969,-0.0,0.0,-335.0,0.0,-4.0
723313.06,2894.0,1397.0,-1397.0,-335.2799987792969,-0.0,0.0,-335.0,0.0,-4.0
723323.061,2894.0,1397.0,-1397.0,-335.2799987792969,-0.0,0.0,-335.0,0.0,-4.0
723333.201,2894.0,1397.0,-1397.0,-335.2799987792969,-0.0,0.0,-335.0,0.0,-4.0
723343.202,2894.0,1397.0,-1397.0,-335.2799987792969,-0.0,0.0,-335.0,0.0,-4.0
723353.202,2894.0,1397.0,-1397.0,-335.2799987792969,-0.0,0.0,-335.0,0.0,-4.0
723364.201,2894.0,1397.0,-1397.0,-335.2799987792969,-0.0,0.0,-335.0,0.0,-4.0
723374.202,2894.0,1397.0,-1397.0,-335.2799987792969,-0.0,0.0,-335.0,0.0,-4.0
723384.203,2894.0,1397.0,-1397.0,-335.2799987792969,-0.0,0.0,-335.0,0.0,-4.0
723395.2,2894.0,1397.0,-1397.0,-335.2799987792969,-0.0,0.0,-335.0,0.0,-4.0
723406.204,2894.0,1397.0,-1397.0,-335.2799987792969,-0.0,0.0,-335.0,0.0,-4.0
723416.204,2894.0,1397.0,-1397.0,-335.2799987792969,-0.0,0.0,-335.0,0.0,-4.0
723427.205,2894.0,1397.0,-1397.0,-335.2799987792969,-0.0,0.0,-335.0,0.0,-4.0
723438.209,2894.0,1397.0,-1397.0,-335.2799987792969,-0.0,0.0,-335.0,0.0,-4.0
723448.209,2894.0,1397.0,-1397.0,-335.2799987792969,-0.0,0.0,-335.0,0.0,-4.0
723459.209,2894.0,1397.0,-1397.0,-335.2799987792969,-0.0,0.0,-335.0,0.0,-4.0
723469.21,2894.0,1397.0,-1397.0,-335.2799987792969,-0.0,0.0,-335.0,0.0,-4.0
723480.204,2894.0,1397.0,-1397.0,-335.2799987792969,-0.0,0.0,-335.0,0.0,-4.0
723491.157,2894.0,1397.0,-1397.0,-335.2799987792969,-0.0,0.0,-335.0,0.0,-4.0
723501.158,2894.0,1397.0,-1397.0,-335.2799987792969,-0.0,0.0,-335.0,0.0,-4.0
723512.201,2894.0,1397.0,-1397.0,-335.2799987792969,-0.0,0.0,-335.0,0.0,-4.0
723522.202,2894.0,1397.0,-1397.0,-335.2799987792969,-0.0,0.0,-335.0,0.0,-4.0
723532.202,2894.0,1397.0,-1397.0,-335.2799987792969,-0.0,0.0,-335.0,0.0,-4.0
723542.202,2894.0,1397.0,-1397.0,-335.2799987792969,-0.0,0.0,-335.0,0.0,-4.0
723553.2,2894.0,1397.0,-1397.0,-335.2799987792969,-0.0,0.0,-335.0,0.0,-4.0
723563.201,2894.0,1397.0,-1397.0,-335.2799987792969,-0.0,0.0,-335.0,0.0,-4.0
723574.201,2894.0,1397.0,-1397.0,-335.2799987792969,-0.0,0.0,-335.0,0.0,-4.0
723585.204,2894.0,1397.0,-1397.0,-335.2799987792969,-0.0,0.0,-335.0,0.0,-4.0
723596.209,2894.0,1397.0,-1397.0,-335.2799987792969,-0.0,0.0,-335.0,0.0,-4.0
723606.21,2894.0,1397.0,-1397.0,-335.2799987792969,-0.0,0.0,-335.0,0.0,-4.0
723616.21,2894.0,1397.0,-1397.0,-335.2799987792969,-0.0,0.0,-335.0,0.0,-4.0
723626.21,2894.0,1397.0,-1397.0,-335.2799987792969,-0.0,0.0,-335.0,0.0,-4.0
723636.211,2894.0,1397.0,-1397.0,-335.2799987792969,-0.0,0.0,-335.0,0.0,-4.0
723646.211,2894.0,1397.0,-1397.0,-335.2799987792969,-0.0,0.0,-335.0,0.0,-4.0
723656.211,2894.0,1397.0,-1397.0,-335.2799987792969,-0.0,0.0,-335.0,0.0,-4.0
723666.212,2894.0,1397.0,-1397.0,-335.2799987792969,-0.0,0.0,-335.0,0.0,-4.0
723676.216,2894.0,1397.0,-1397.0,-335.2799987792969,-0.0,0.0,-335.0,0.0,-4.0
723687.205,2894.0,1397.0,-1397.0,-335.2799987792969,-0.0,0.0,-335.0,0.0,-4.0
723698.201,2894.0,1397.0,-1397.0,-335.2799987792969,-0.0,0.0,-335.0,0.0,-4.0
723709.158,2894.0,1397.0,-1397.0,-335.2799987792969,-0.0,0.0,-335.0,0.0,-4.0
723719.159,2894.0,1397.0,-1397.0,-335.2799987792969,-0.0,0.0,-335.0,0.0,-4.0
723730.201,2894.0,1397.0,-1397.0,-335.2799987792969,-0.0,0.0,-335.0,0.0,-4.0
723741.204,2894.0,1397.0,-1397.0,-335.2799987792969,-0.0,0.0,-335.0,0.0,-4.0
723752.208,2894.0,1397.0,-1397.0,-335.2799987792969,-0.0,0.0,-335.0,0.0,-4.0
723763.205,2894.0,1397.0,-1397.0,-335.2799987792969,-0.0,0.0,-335.0,0.0,-4.0
723773.206,2894.0,1397.0,-1397.0,-335.2799987792969,-0.0,0.0,-335.0,0.0,-4.0
723784.173,2894.0,1397.0,-1397.0,-335.2799987792969,-0.0,0.0,-335.0,0.0,-4.0
723794.174,2894.0,1397.0,-1397.0,-335.2799987792969,-0.0,0.0,-335.0,0.0,-4.0
723805.201,2894.0,1397.0,-1397.0,-335.2799987792969,-0.0,0.0,-335.0,0.0,-4.0
723815.202,2894.0,1397.0,-1397.0,-335.2799987792969,-0.0,0.0,-335.0,0.0,-4.0
723826.201,2894.0,1397.0,-1397.0,-335.2799987792969,-0.0,0.0,-335.0,0.0,-4.0
723836.949,2894.0,1397.0,-1397.0,-335.2799987792969,-0.0,0.0,-335.0,0.0,-4.0
723846.949,2894.0,1397.0,-1397.0,-335.2799987792969,-0.0,0.0,-335.0,0.0,-4.0
723856.95,2894.0,1397.0,-1397.0,-335.2799987792969,-0.0,0.0,-335.0,0.0,-4.0
723867.201,2894.0,1397.0,-1397.0,-335.2799987792969,-0.0,0.0,-335.0,0.0,-4.0
723877.201,2894.0,1397.0,-1397.0,-335.2799987792969,-0.0,0.0,-335.0,0.0,-4.0
723887.202,2894.0,1397.0,-1397.0,-335.2799987792969,-0.0,0.0,-335.0,0.0,-4.0
723897.202,2894.0,1397.0,-1397.0,-335.2799987792969,-0.0,0.0,-335.0,0.0,-4.0
723908.201,2894.0,1397.0,-1397.0,-335.2799987792969,-0.0,0.0,-335.0,0.0,-4.0
723919.173,2894.0,1397.0,-1397.0,-335.2799987792969,-0.0,0.0,-335.0,0.0,-4.0
723930.2,2894.0,1397.0,-1397.0,-335.2799987792969,-0.0,0.0,-335.0,0.0,-4.0
723941.205,2894.0,1397.0,-1397.0,-335.2799987792969,-0.0,0.0,-335.0,0.0,-4.0
723951.206,2894.0,1397.0,-1397.0,-335.2799987792969,-0.0,0.0,-335.0,0.0,-4.0
723962.201,2894.0,1397.0,-1397.0,-335.2799987792969,-0.0,0.0,-335.0,0.0,-4.0
723972.201,2894.0,1397.0,-1397.0,-335.2799987792969,-0.0,0.0,-335.0,0.0,-4.0
723983.201,2894.0,1397.0,-1397.0,-335.2799987792969,-0.0,0.0,-335.0,0.0,-4.0
723994.204,2894.0,1397.0,-1397.0,-335.2799987792969,-0.0,0.0,-335.0,0.0,-4.0
724005.201,2894.0,1397.0,-1397.0,-335.2799987792969,-0.0,0.0,-335.0,0.0,-4.0
724015.202,2894.0,1397.0,-1397.0,-335.2799987792969,-0.0,0.0,-335.0,0.0,-4.0
724025.203,2894.0,1397.0,-1397.0,-335.2799987792969,-0.0,0.0,-335.0,0.0,-4.0
724035.204,2894.0,1397.0,-1397.0,-335.2799987792969,-0.0,0.0,-335.0,0.0,-4.0
724045.205,2894.0,1397.0,-1397.0,-335.2799987792969,-0.0,0.0,-335.0,0.0,-4.0
724056.201,2894.0,1397.0,-1397.0,-335.2799987792969,-0.0,0.0,-335.0,0.0,-4.0
724067.205,2894.0,1397.0,-1397.0,-335.2799987792969,-0.0,0.0,-335.0,0.0,-4.0
724077.206,2894.0,1397.0,-1397.0,-335.2799987792969,-0.0,0.0,-335.0,0.0,-4.0
724087.206,2894.0,1397.0,-1397.0,-335.2799987792969,-0.0,0.0,-335.0,0.0,-4.0
724098.213,2894.0,1397.0,-1397.0,-335.2799987792969,-0.0,0.0,-335.0,0.0,-4.0
724109.205,2894.0,1397.0,-1397.0,-335.2799987792969,-0.0,0.0,-335.0,0.0,-4.0
724119.206,2894.0,1397.0,-1397.0,-335.2799987792969,-0.0,0.0,-335.0,0.0,-4.0
724130.204,2894.0,1397.0,-1397.0,-335.2799987792969,-0.0,0.0,-335.0,0.0,-4.0
724141.2,2894.0,1397.0,-1397.0,-335.2799987792969,-0.0,0.0,-335.0,0.0,-4.0
724151.2,2894.0,1397.0,-1397.0,-335.2799987792969,-0.0,0.0,-335.0,0.0,-4.0
724162.201,2894.0,1397.0,-1397.0,-335.2799987792969,-0.0,0.0,-335.0,0.0,-4.0
724172.201,2894.0,1397.0,-1397.0,-335.2799987792969,-0.0,0.0,-335.0,0.0,-4.0
724183.201,2894.0,1397.0,-1397.0,-335.2799987792969,-0.0,0.0,-335.0,0.0,-4.0
724194.205,2894.0,1397.0,-1397.0,-335.2799987792969,-0.0,0.0,-335.0,0.0,-4.0
724204.205,2894.0,1397.0,-1397.0,-335.2799987792969,-0.0,0.0,-335.0,0.0,-4.0
724214.205,2894.0,1397.0,-1397.0,-335.2799987792969,-0.0,0.0,-335.0,0.0,-4.0
724224.206,2894.0,1397.0,-1397.0,-335.2799987792969,-0.0,0.0,-335.0,0.0,-4.0
724234.339,2894.0,1397.0,-1397.0,-335.2799987792969,-0.0,0.0,-335.0,0.0,-4.0
724245.205,2894.0,1397.0,-1397.0,-335.2799987792969,-0.0,0.0,-335.0,0.0,-4.0
724255.206,2894.0,1397.0,-1397.0,-335.2799987792969,-0.0,0.0,-335.0,0.0,-4.0
724265.207,2894.0,1397.0,-1397.0,-335.2799987792969,-0.0,0.0,-335.0,0.0,-4.0
724275.208,2894.0,1397.0,-1397.0,-335.2799987792969,-0.0,0.0,-335.0,0.0,-4.0
724285.209,2894.0,1397.0,-1397.0,-335.2799987792969,-0.0,0.0,-335.0,0.0,-4.0
724295.21,2894.0,1397.0,-1397.0,-335.2799987792969,-0.0,0.0,-335.0,0.0,-4.0
724306.201,2894.0,1397.0,-1397.0,-335.2799987792969,-0.0,0.0,-335.0,0.0,-4.0
724317.205,2894.0,1397.0,-1397.0,-335.2799987792969,-0.0,0.0,-335.0,0.0,-4.0
724327.206,2894.0,1397.0,-1397.0,-335.2799987792969,-0.0,0.0,-335.0,0.0,-4.0
724338.204,2894.0,1397.0,-1397.0,-335.2799987792969,-0.0,0.0,-335.0,0.0,-4.0
724349.201,2894.0,1397.0,-1397.0,-335.2799987792969,-0.0,0.0,-335.0,0.0,-4.0
724359.202,2894.0,1397.0,-1397.0,-335.2799987792969,-0.0,0.0,-335.0,0.0,-4.0
724369.202,2894.0,1397.0,-1397.0,-335.2799987792969,-0.0,0.0,-335.0,0.0,-4.0
724379.202,2894.0,1397.0,-1397.0,-335.2799987792969,-0.0,0.0,-335.0,0.0,-4.0
724389.203,2894.0,1397.0,-1397.0,-335.2799987792969,-0.0,0.0,-335.0,0.0,-4.0
724400.205,2894.0,1397.0,-1397.0,-335.2799987792969,-0.0,0.0,-335.0,0.0,-4.0
724411.205,2894.0,1397.0,-1397.0,-335.2799987792969,-0.0,0.0,-335.0,0.0,-4.0
724422.201,2894.0,1397.0,-1397.0,-335.2799987792969,-0.0,0.0,-335.0,0.0,-4.0
724432.201,2894.0,1397.0,-1397.0,-335.2799987792969,-0.0,0.0,-335.0,0.0,-4.0
724443.204,2894.0,1397.0,-1397.0,-335.2799987792969,-0.0,0.0,-335.0,0.0,-4.0
724454.201,2894.0,1397.0,-1397.0,-335.2799987792969,-0.0,0.0,-335.0,0.0,-4.0
724464.202,2894.0,1397.0,-1397.0,-335.2799987792969,-0.0,0.0,-335.0,0.0,-4.0
724474.203,2894.0,1397.0,-1397.0,-335.2799987792969,-0.0,0.0,-335.0,0.0,-4.0
724485.205,2894.0,1397.0,-1397.0,-335.2799987792969,-0.0,0.0,-335.0,0.0,-4.0
724496.209,2894.0,1397.0,-1397.0,-335.2799987792969,-0.0,0.0,-335.0,0.0,-4.0
724506.21,2894.0,1397.0,-1397.0,-335.2799987792969,-0.0,0.0,-335.0,0.0,-4.0
724517.205,2894.0,1397.0,-1397.0,-335.2799987792969,-0.0,0.0,-335.0,0.0,-4.0
724527.206,2894.0,1397.0,-1397.0,-335.2799987792969,-0.0,0.0,-335.0,0.0,-4.0
724538.254,2894.0,1397.0,-1397.0,-335.2799987792969,-0.0,0.0,-335.0,0.0,-4.0
724548.254,2894.0,1397.0,-1397.0,-335.2799987792969,-0.0,0.0,-335.0,0.0,-4.0
724559.205,2894.0,1397.0,-1397.0,-335.2799987792969,-0.0,0.0,-335.0,0.0,-4.0
724569.205,2894.0,1397.0,-1397.0,-335.2799987792969,-0.0,0.0,-335.0,0.0,-4.0
724580.201,2894.0,1397.0,-1397.0,-335.2799987792969,-0.0,0.0,-335.0,0.0,-4.0
724590.201,2894.0,1397.0,-1397.0,-335.2799987792969,-0.0,0.0,-335.0,0.0,-4.0
724600.202,2894.0,1397.0,-1397.0,-335.2799987792969,-0.0,0.0,-335.0,0.0,-4.0
724611.201,2894.0,1397.0,-1397.0,-335.2799987792969,-0.0,0.0,-335.0,0.0,-4.0
724621.202,2894.0,1397.0,-1397.0,-335.2799987792969,-0.0,0.0,-335.0,0.0,-4.0
724631.203,2894.0,1397.0,-1397.0,-335.2799987792969,-0.0,0.0,-335.0,0.0,-4.0
724641.204,2894.0,1397.0,-1397.0,-335.2799987792969,-0.0,0.0,-335.0,0.0,-4.0
724652.201,2894.0,1397.0,-1397.0,-335.2799987792969,-0.0,0.0,-335.0,0.0,-4.0
724662.202,2894.0,1397.0,-1397.0,-335.2799987792969,-0.0,0.0,-335.0,0.0,-4.0
724672.808,2894.0,1397.0,-1397.0,-335.2799987792969,-0.0,0.0,-335.0,0.0,-4.0
724682.808,2894.0,1397.0,-1397.0,-335.2799987792969,-0.0,0.0,-335.0,0.0,-4.0
724693.205,2894.0,1397.0,-1397.0,-335.2799987792969,-0.0,0.0,-335.0,0.0,-4.0
724704.201,2894.0,1397.0,-1397.0,-335.2799987792969,-0.0,0.0,-335.0,0.0,-4.0
724714.202,2894.0,1397.0,-1397.0,-335.2799987792969,-0.0,0.0,-335.0,0.0,-4.0
724725.201,2894.0,1397.0,-1397.0,-335.2799987792969,-0.0,0.0,-335.0,0.0,-4.0
724735.201,2894.0,1397.0,-1397.0,-335.2799987792969,-0.0,0.0,-335.0,0.0,-4.0
724746.205,2894.0,1397.0,-1397.0,-335.2799987792969,-0.0,0.0,-335.0,0.0,-4.0
724756.206,2894.0,1397.0,-1397.0,-335.2799987792969,-0.0,0.0,-335.0,0.0,-4.0
724767.205,2894.0,1397.0,-1397.0,-335.2799987792969,-0.0,0.0,-335.0,0.0,-4.0
724778.2,2894.0,1397.0,-1397.0,-335.2799987792969,-0.0,0.0,-335.0,0.0,-4.0
724788.201,2894.0,1397.0,-1397.0,-335.2799987792969,-0.0,0.0,-335.0,0.0,-4.0
724798.201,2894.0,1397.0,-1397.0,-335.2799987792969,-0.0,0.0,-335.0,0.0,-4.0
724808.202,2894.0,1397.0,-1397.0,-335.2799987792969,-0.0,0.0,-335.0,0.0,-4.0
724818.21,2894.0,1397.0,-1397.0,-335.2799987792969,-0.0,0.0,-335.0,0.0,-4.0
724828.21,2894.0,1397.0,-1397.0,-335.2799987792969,-0.0,0.0,-335.0,0.0,-4.0
724839.205,2894.0,1397.0,-1397.0,-335.2799987792969,-0.0,0.0,-335.0,0.0,-4.0
724850.201,2894.0,1397.0,-1397.0,-335.2799987792969,-0.0,0.0,-335.0,0.0,-4.0
724861.205,2894.0,1397.0,-1397.0,-335.2799987792969,-0.0,0.0,-335.0,0.0,-4.0
724871.205,2894.0,1397.0,-1397.0,-335.2799987792969,-0.0,0.0,-335.0,0.0,-4.0
724882.204,2894.0,1397.0,-1397.0,-335.2799987792969,-0.0,0.0,-335.0,0.0,-4.0
724892.204,2894.0,1397.0,-1397.0,-335.2799987792969,-0.0,0.0,-335.0,0.0,-4.0
724903.204,2894.0,1397.0,-1397.0,-335.2799987792969,-0.0,0.0,-335.0,0.0,-4.0
724914.205,2894.0,1397.0,-1397.0,-335.2799987792969,-0.0,0.0,-335.0,0.0,-4.0
724925.201,2894.0,1397.0,-1397.0,-335.2799987792969,-0.0,0.0,-335.0,0.0,-4.0
724936.205,2894.0,1397.0,-1397.0,-335.2799987792969,-0.0,0.0,-335.0,0.0,-4.0
724946.206,2894.0,1397.0,-1397.0,-335.2799987792969,-0.0,0.0,-335.0,0.0,-4.0
724956.206,2894.0,1397.0,-1397.0,-335.2799987792969,-0.0,0.0,-335.0,0.0,-4.0
724967.204,2894.0,1397.0,-1397.0,-335.2799987792969,-0.0,0.0,-335.0,0.0,-4.0
724978.205,2894.0,1397.0,-1397.0,-335.2799987792969,-0.0,0.0,-335.0,0.0,-4.0
724988.206,2894.0,1397.0,-1397.0,-335.2799987792969,-0.0,0.0,-335.0,0.0,-4.0
724999.205,2894.0,1397.0,-1397.0,-335.2799987792969,-0.0,0.0,-335.0,0.0,-4.0
725010.274,2894.0,1397.0,-1397.0,-335.2799987792969,-0.0,0.0,-335.0,0.0,-4.0
725020.302,2894.0,1397.0,-1397.0,-335.2799987792969,-0.0,0.0,-335.0,0.0,-4.0
725030.303,2894.0,1397.0,-1397.0,-335.2799987792969,-0.0,0.0,-335.0,0.0,-4.0
725041.204,2894.0,1397.0,-1397.0,-335.2799987792969,-0.0,0.0,-335.0,0.0,-4.0
725052.204,2894.0,1397.0,-1397.0,-335.2799987792969,-0.0,0.0,-335.0,0.0,-4.0
725063.2,2894.0,1397.0,-1397.0,-335.2799987792969,-0.0,0.0,-335.0,0.0,-4.0
725074.205,2894.0,1397.0,-1397.0,-335.2799987792969,-0.0,0.0,-335.0,0.0,-4.0
725084.206,2894.0,1397.0,-1397.0,-335.2799987792969,-0.0,0.0,-335.0,0.0,-4.0
725094.25,2894.0,1397.0,-1397.0,-335.2799987792969,-0.0,0.0,-335.0,0.0,-4.0
725105.205,2894.0,1397.0,-1397.0,-335.2799987792969,-0.0,0.0,-335.0,0.0,-4.0
725116.201,2894.0,1397.0,-1397.0,-335.2799987792969,-0.0,0.0,-335.0,0.0,-4.0
725127.205,2894.0,1397.0,-1397.0,-335.2799987792969,-0.0,0.0,-335.0,0.0,-4.0
725137.206,2894.0,1397.0,-1397.0,-335.2799987792969,-0.0,0.0,-335.0,0.0,-4.0
725148.205,2894.0,1397.0,-1397.0,-335.2799987792969,-0.0,0.0,-335.0,0.0,-4.0
725159.201,2894.0,1397.0,-1397.0,-335.2799987792969,-0.0,0.0,-335.0,0.0,-4.0
725169.201,2894.0,1397.0,-1397.0,-335.2799987792969,-0.0,0.0,-335.0,0.0,-4.0
725180.201,2894.0,1397.0,-1397.0,-335.2799987792969,-0.0,0.0,-335.0,0.0,-4.0
725191.205,2894.0,1397.0,-1397.0,-335.2799987792969,-0.0,0.0,-335.0,0.0,-4.0
725202.201,2894.0,1397.0,-1397.0,-335.2799987792969,-0.0,0.0,-335.0,0.0,-4.0
725212.202,2894.0,1397.0,-1397.0,-335.2799987792969,-0.0,0.0,-335.0,0.0,-4.0
725223.054,2894.0,1397.0,-1397.0,-335.2799987792969,-0.0,0.0,-335.0,0.0,-4.0
725233.055,2894.0,1397.0,-1397.0,-335.2799987792969,-0.0,0.0,-335.0,0.0,-4.0
725243.055,2894.0,1397.0,-1397.0,-335.2799987792969,-0.0,0.0,-335.0,0.0,-4.0
725253.205,2894.0,1397.0,-1397.0,-335.2799987792969,-0.0,0.0,-335.0,0.0,-4.0
725264.201,2894.0,1397.0,-1397.0,-335.2799987792969,-0.0,0.0,-335.0,0.0,-4.0
725275.204,2894.0,1397.0,-1397.0,-335.2799987792969,-0.0,0.0,-335.0,0.0,-4.0
725285.205,2894.0,1397.0,-1397.0,-335.2799987792969,-0.0,0.0,-335.0,0.0,-4.0
725296.205,2894.0,1397.0,-1397.0,-335.2799987792969,-0.0,0.0,-335.0,0.0,-4.0
725307.201,2894.0,1397.0,-1397.0,-335.2799987792969,-0.0,0.0,-335.0,0.0,-4.0
725317.202,2894.0,1397.0,-1397.0,-335.2799987792969,-0.0,0.0,-335.0,0.0,-4.0
725328.201,2894.0,1397.0,-1397.0,-335.2799987792969,-0.0,0.0,-335.0,0.0,-4.0
725339.223,2894.0,1397.0,-1397.0,-335.2799987792969,-0.0,0.0,-335.0,0.0,-4.0
725350.2,2894.0,1397.0,-1397.0,-335.2799987792969,-0.0,0.0,-335.0,0.0,-4.0
725361.205,2894.0,1397.0,-1397.0,-335.2799987792969,-0.0,0.0,-335.0,0.0,-4.0
725372.205,2894.0,1397.0,-1397.0,-335.2799987792969,-0.0,0.0,-335.0,0.0,-4.0
725383.201,2894.0,1397.0,-1397.0,-335.2799987792969,-0.0,0.0,-335.0,0.0,-4.0
725393.201,2894.0,1397.0,-1397.0,-335.2799987792969,-0.0,0.0,-335.0,0.0,-4.0
725404.201,2894.0,1397.0,-1397.0,-335.2799987792969,-0.0,0.0,-335.0,0.0,-4.0
725415.208,2894.0,1397.0,-1397.0,-335.2799987792969,-0.0,0.0,-335.0,0.0,-4.0
725425.209,2894.0,1397.0,-1397.0,-335.2799987792969,-0.0,0.0,-335.0,0.0,-4.0
725435.21,2894.0,1397.0,-1397.0,-335.2799987792969,-0.0,0.0,-335.0,0.0,-4.0
725445.211,2894.0,1397.0,-1397.0,-335.2799987792969,-0.0,0.0,-335.0,0.0,-4.0
725456.204,2894.0,1397.0,-1397.0,-335.2799987792969,-0.0,0.0,-335.0,0.0,-4.0
725467.2,2894.0,1397.0,-1397.0,-335.2799987792969,-0.0,0.0,-335.0,0.0,-4.0
725478.205,2894.0,1397.0,-1397.0,-335.2799987792969,-0.0,0.0,-335.0,0.0,-4.0
725489.205,2894.0,1397.0,-1397.0,-335.2799987792969,-0.0,0.0,-335.0,0.0,-4.0
725500.201,2894.0,1397.0,-1397.0,-335.2799987792969,-0.0,0.0,-335.0,0.0,-4.0
725511.205,2894.0,1397.0,-1397.0,-335.2799987792969,-0.0,0.0,-335.0,0.0,-4.0
725521.206,2894.0,1397.0,-1397.0,-335.2799987792969,-0.0,0.0,-335.0,0.0,-4.0
725531.206,2894.0,1397.0,-1397.0,-335.2799987792969,-0.0,0.0,-335.0,0.0,-4.0
725541.207,2894.0,1397.0,-1397.0,-335.2799987792969,-0.0,0.0,-335.0,0.0,-4.0
725552.201,2894.0,1397.0,-1397.0,-335.2799987792969,-0.0,0.0,-335.0,0.0,-4.0
725563.205,2894.0,1397.0,-1397.0,-335.2799987792969,-0.0,0.0,-335.0,0.0,-4.0
725573.206,2894.0,1397.0,-1397.0,-335.2799987792969,-0.0,0.0,-335.0,0.0,-4.0
725583.597,2894.0,1397.0,-1397.0,-335.2799987792969,-0.0,0.0,-335.0,0.0,-4.0
725594.205,2894.0,1397.0,-1397.0,-335.2799987792969,-0.0,0.0,-335.0,0.0,-4.0
725605.253,2894.0,1397.0,-1397.0,-335.2799987792969,-0.0,0.0,-335.0,0.0,-4.0
725616.205,2894.0,1397.0,-1397.0,-335.2799987792969,-0.0,0.0,-335.0,0.0,-4.0
725626.206,2894.0,1397.0,-1397.0,-335.2799987792969,-0.0,0.0,-335.0,0.0,-4.0
725636.206,2894.0,1397.0,-1397.0,-335.2799987792969,-0.0,0.0,-335.0,0.0,-4.0
725646.207,2894.0,1397.0,-1397.0,-335.2799987792969,-0.0,0.0,-335.0,0.0,-4.0
725656.208,2894.0,1397.0,-1397.0,-335.2799987792969,-0.0,0.0,-335.0,0.0,-4.0
725667.205,2894.0,1397.0,-1397.0,-335.2799987792969,-0.0,0.0,-335.0,0.0,-4.0
725677.206,2894.0,1397.0,-1397.0,-335.2799987792969,-0.0,0.0,-335.0,0.0,-4.0
725688.204,2894.0,1397.0,-1397.0,-335.2799987792969,-0.0,0.0,-335.0,0.0,-4.0
725699.205,2894.0,1397.0,-1397.0,-335.2799987792969,-0.0,0.0,-335.0,0.0,-4.0
725710.201,2894.0,1397.0,-1397.0,-335.2799987792969,-0.0,0.0,-335.0,0.0,-4.0
725721.204,2894.0,1397.0,-1397.0,-335.2799987792969,-0.0,0.0,-335.0,0.0,-4.0
725732.201,2894.0,1397.0,-1397.0,-335.2799987792969,-0.0,0.0,-335.0,0.0,-4.0
725743.205,2894.0,1397.0,-1397.0,-335.2799987792969,-0.0,0.0,-335.0,0.0,-4.0
725753.206,2894.0,1397.0,-1397.0,-335.2799987792969,-0.0,0.0,-335.0,0.0,-4.0
725763.207,2894.0,1397.0,-1397.0,-335.2799987792969,-0.0,0.0,-335.0,0.0,-4.0
725773.208,2894.0,1397.0,-1397.0,-335.2799987792969,-0.0,0.0,-335.0,0.0,-4.0
725783.208,2894.0,1397.0,-1397.0,-335.2799987792969,-0.0,0.0,-335.0,0.0,-4.0
725794.201,2894.0,1397.0,-1397.0,-335.2799987792969,-0.0,0.0,-335.0,0.0,-4.0
725804.202,2894.0,1397.0,-1397.0,-335.2799987792969,-0.0,0.0,-335.0,0.0,-4.0
725814.202,2894.0,1397.0,-1397.0,-335.2799987792969,-0.0,0.0,-335.0,0.0,-4.0
725825.205,2894.0,1397.0,-1397.0,-335.2799987792969,-0.0,0.0,-335.0,0.0,-4.0
725836.201,2894.0,1397.0,-1397.0,-335.2799987792969,-0.0,0.0,-335.0,0.0,-4.0
725847.204,2894.0,1397.0,-1397.0,-335.2799987792969,-0.0,0.0,-335.0,0.0,-4.0
725857.205,2894.0,1397.0,-1397.0,-335.2799987792969,-0.0,0.0,-335.0,0.0,-4.0
725868.205,2894.0,1397.0,-1397.0,-335.2799987792969,-0.0,0.0,-335.0,0.0,-4.0
725879.201,2894.0,1397.0,-1397.0,-335.2799987792969,-0.0,0.0,-335.0,0.0,-4.0
725890.205,2894.0,1397.0,-1397.0,-335.2799987792969,-0.0,0.0,-335.0,0.0,-4.0
725901.201,2894.0,1397.0,-1397.0,-335.2799987792969,-0.0,0.0,-335.0,0.0,-4.0
725911.201,2894.0,1397.0,-1397.0,-335.2799987792969,-0.0,0.0,-335.0,0.0,-4.0
725922.201,2894.0,1397.0,-1397.0,-335.2799987792969,-0.0,0.0,-335.0,0.0,-4.0
725933.208,2894.0,1397.0,-1397.0,-335.2799987792969,-0.0,0.0,-335.0,0.0,-4.0
725943.208,2894.0,1397.0,-1397.0,-335.2799987792969,-0.0,0.0,-335.0,0.0,-4.0
725953.509,2894.0,1397.0,-1397.0,-335.2799987792969,-0.0,0.0,-335.0,0.0,-4.0
725963.51,2894.0,1397.0,-1397.0,-335.2799987792969,-0.0,0.0,-335.0,0.0,-4.0
725974.205,2894.0,1397.0,-1397.0,-335.2799987792969,-0.0,0.0,-335.0,0.0,-4.0
725984.206,2894.0,1397.0,-1397.0,-335.2799987792969,-0.0,0.0,-335.0,0.0,-4.0
725995.205,2894.0,1397.0,-1397.0,-335.2799987792969,-0.0,0.0,-335.0,0.0,-4.0
726005.206,2894.0,1397.0,-1397.0,-335.2799987792969,-0.0,0.0,-335.0,0.0,-4.0
726015.207,2894.0,1397.0,-1397.0,-335.2799987792969,-0.0,0.0,-335.0,0.0,-4.0
726025.208,2894.0,1397.0,-1397.0,-335.2799987792969,-0.0,0.0,-335.0,0.0,-4.0
726035.208,2894.0,1397.0,-1397.0,-335.2799987792969,-0.0,0.0,-335.0,0.0,-4.0
726045.209,2894.0,1397.0,-1397.0,-335.2799987792969,-0.0,0.0,-335.0,0.0,-4.0
726056.202,2894.0,1397.0,-1397.0,-335.2799987792969,-0.0,0.0,-335.0,0.0,-4.0
726067.205,2894.0,1397.0,-1397.0,-335.2799987792969,-0.0,0.0,-335.0,0.0,-4.0
726078.316,2894.0,1397.0,-1397.0,-335.2799987792969,-0.0,0.0,-335.0,0.0,-4.0
726088.317,2894.0,1397.0,-1397.0,-335.2799987792969,-0.0,0.0,-335.0,0.0,-4.0
726098.317,2894.0,1397.0,-1397.0,-335.2799987792969,-0.0,0.0,-335.0,0.0,-4.0
726108.318,2894.0,1397.0,-1397.0,-335.2799987792969,-0.0,0.0,-335.0,0.0,-4.0
726119.205,2894.0,1397.0,-1397.0,-335.2799987792969,-0.0,0.0,-335.0,0.0,-4.0
726130.201,2894.0,1397.0,-1397.0,-335.2799987792969,-0.0,0.0,-335.0,0.0,-4.0
726141.205,2894.0,1397.0,-1397.0,-335.2799987792969,-0.0,0.0,-335.0,0.0,-4.0
726152.2,2894.0,1397.0,-1397.0,-335.2799987792969,-0.0,0.0,-335.0,0.0,-4.0
726163.205,2894.0,1397.0,-1397.0,-335.2799987792969,-0.0,0.0,-335.0,0.0,-4.0
726173.206,2894.0,1397.0,-1397.0,-335.2799987792969,-0.0,0.0,-335.0,0.0,-4.0
726183.207,2894.0,1397.0,-1397.0,-335.2799987792969,-0.0,0.0,-335.0,0.0,-4.0
726194.205,2894.0,1397.0,-1397.0,-335.2799987792969,-0.0,0.0,-335.0,0.0,-4.0
726205.201,2894.0,1397.0,-1397.0,-335.2799987792969,-0.0,0.0,-335.0,0.0,-4.0
726216.205,2894.0,1397.0,-1397.0,-335.2799987792969,-0.0,0.0,-335.0,0.0,-4.0
726227.201,2894.0,1397.0,-1397.0,-335.2799987792969,-0.0,0.0,-335.0,0.0,-4.0
726238.205,2894.0,1397.0,-1397.0,-335.2799987792969,-0.0,0.0,-335.0,0.0,-4.0
726249.201,2894.0,1397.0,-1397.0,-335.2799987792969,-0.0,0.0,-335.0,0.0,-4.0
726260.204,2894.0,1397.0,-1397.0,-335.2799987792969,-0.0,0.0,-335.0,0.0,-4.0
726271.205,2894.0,1397.0,-1397.0,-335.2799987792969,-0.0,0.0,-335.0,0.0,-4.0
726281.205,2894.0,1397.0,-1397.0,-335.2799987792969,-0.0,0.0,-335.0,0.0,-4.0
726291.206,2894.0,1397.0,-1397.0,-335.2799987792969,-0.0,0.0,-335.0,0.0,-4.0
726302.204,2894.0,1397.0,-1397.0,-335.2799987792969,-0.0,0.0,-335.0,0.0,-4.0
726313.157,2894.0,1397.0,-1397.0,-335.2799987792969,-0.0,0.0,-335.0,0.0,-4.0
726324.455,2894.0,1397.0,-1397.0,-335.2799987792969,-0.0,0.0,-335.0,0.0,-4.0
726334.456,2894.0,1397.0,-1397.0,-335.2799987792969,-0.0,0.0,-335.0,0.0,-4.0
726344.456,2894.0,1397.0,-1397.0,-335.2799987792969,-0.0,0.0,-335.0,0.0,-4.0
726354.456,2894.0,1397.0,-1397.0,-335.2799987792969,-0.0,0.0,-335.0,0.0,-4.0
726364.456,2894.0,1397.0,-1397.0,-335.2799987792969,-0.0,0.0,-335.0,0.0,-4.0
726375.204,2894.0,1397.0,-1397.0,-335.2799987792969,-0.0,0.0,-335.0,0.0,-4.0
726385.205,2894.0,1397.0,-1397.0,-335.2799987792969,-0.0,0.0,-335.0,0.0,-4.0
726395.205,2894.0,1397.0,-1397.0,-335.2799987792969,-0.0,0.0,-335.0,0.0,-4.0
726406.201,2894.0,1397.0,-1397.0,-335.2799987792969,-0.0,0.0,-335.0,0.0,-4.0
726417.204,2894.0,1397.0,-1397.0,-335.2799987792969,-0.0,0.0,-335.0,0.0,-4.0
726428.201,2894.0,1397.0,-1397.0,-335.2799987792969,-0.0,0.0,-335.0,0.0,-4.0
726439.205,2894.0,1397.0,-1397.0,-335.2799987792969,-0.0,0.0,-335.0,0.0,-4.0
726450.201,2894.0,1397.0,-1397.0,-335.2799987792969,-0.0,0.0,-335.0,0.0,-4.0
726460.201,2894.0,1397.0,-1397.0,-335.2799987792969,-0.0,0.0,-335.0,0.0,-4.0
726471.201,2894.0,1397.0,-1397.0,-335.2799987792969,-0.0,0.0,-335.0,0.0,-4.0
726481.202,2894.0,1397.0,-1397.0,-335.2799987792969,-0.0,0.0,-335.0,0.0,-4.0
726491.202,2894.0,1397.0,-1397.0,-335.2799987792969,-0.0,0.0,-335.0,0.0,-4.0
726502.205,2894.0,1397.0,-1397.0,-335.2799987792969,-0.0,0.0,-335.0,0.0,-4.0
726513.201,2894.0,1397.0,-1397.0,-335.2799987792969,-0.0,0.0,-335.0,0.0,-4.0
726524.205,2894.0,1397.0,-1397.0,-335.2799987792969,-0.0,0.0,-335.0,0.0,-4.0
726535.201,2894.0,1397.0,-1397.0,-335.2799987792969,-0.0,0.0,-335.0,0.0,-4.0
726546.205,2894.0,1397.0,-1397.0,-335.2799987792969,-0.0,0.0,-335.0,0.0,-4.0
726557.205,2894.0,1397.0,-1397.0,-335.2799987792969,-0.0,0.0,-335.0,0.0,-4.0
726567.205,2894.0,1397.0,-1397.0,-335.2799987792969,-0.0,0.0,-335.0,0.0,-4.0
726578.204,2894.0,1397.0,-1397.0,-335.2799987792969,-0.0,0.0,-335.0,0.0,-4.0
726588.205,2894.0,1397.0,-1397.0,-335.2799987792969,-0.0,0.0,-335.0,0.0,-4.0
726598.206,2894.0,1397.0,-1397.0,-335.2799987792969,-0.0,0.0,-335.0,0.0,-4.0
726609.201,2894.0,1397.0,-1397.0,-335.2799987792969,-0.0,0.0,-335.0,0.0,-4.0
726619.202,2894.0,1397.0,-1397.0,-335.2799987792969,-0.0,0.0,-335.0,0.0,-4.0
726630.205,2894.0,1397.0,-1397.0,-335.2799987792969,-0.0,0.0,-335.0,0.0,-4.0
726641.201,2894.0,1397.0,-1397.0,-335.2799987792969,-0.0,0.0,-335.0,0.0,-4.0
726652.205,2894.0,1397.0,-1397.0,-335.2799987792969,-0.0,0.0,-335.0,0.0,-4.0
726662.377,2894.0,1397.0,-1397.0,-335.2799987792969,-0.0,0.0,-335.0,0.0,-4.0
726673.205,2894.0,1397.0,-1397.0,-335.2799987792969,-0.0,0.0,-335.0,0.0,-4.0
726683.206,2894.0,1397.0,-1397.0,-335.2799987792969,-0.0,0.0,-335.0,0.0,-4.0
726694.173,2894.0,1397.0,-1397.0,-335.2799987792969,-0.0,0.0,-335.0,0.0,-4.0
726704.173,2894.0,1397.0,-1397.0,-335.2799987792969,-0.0,0.0,-335.0,0.0,-4.0
726715.2,2894.0,1397.0,-1397.0,-335.2799987792969,-0.0,0.0,-335.0,0.0,-4.0
726726.204,2894.0,1397.0,-1397.0,-335.2799987792969,-0.0,0.0,-335.0,0.0,-4.0
726737.2,2894.0,1397.0,-1397.0,-335.2799987792969,-0.0,0.0,-335.0,0.0,-4.0
726747.201,2894.0,1397.0,-1397.0,-335.2799987792969,-0.0,0.0,-335.0,0.0,-4.0
726757.202,2894.0,1397.0,-1397.0,-335.2799987792969,-0.0,0.0,-335.0,0.0,-4.0
726767.202,2894.0,1397.0,-1397.0,-335.2799987792969,-0.0,0.0,-335.0,0.0,-4.0
726778.2,2894.0,1397.0,-1397.0,-335.2799987792969,-0.0,0.0,-335.0,0.0,-4.0
726789.205,2894.0,1397.0,-1397.0,-335.2799987792969,-0.0,0.0,-335.0,0.0,-4.0
726799.206,2894.0,1397.0,-1397.0,-335.2799987792969,-0.0,0.0,-335.0,0.0,-4.0
726809.207,2894.0,1397.0,-1397.0,-335.2799987792969,-0.0,0.0,-335.0,0.0,-4.0
726819.207,2894.0,1397.0,-1397.0,-335.2799987792969,-0.0,0.0,-335.0,0.0,-4.0
726830.392,2894.0,1397.0,-1397.0,-335.2799987792969,-0.0,0.0,-335.0,0.0,-4.0
726840.393,2894.0,1397.0,-1397.0,-335.2799987792969,-0.0,0.0,-335.0,0.0,-4.0
726851.205,2894.0,1397.0,-1397.0,-335.2799987792969,-0.0,0.0,-335.0,0.0,-4.0
726862.201,2894.0,1397.0,-1397.0,-335.2799987792969,-0.0,0.0,-335.0,0.0,-4.0
726873.201,2894.0,1397.0,-1397.0,-335.2799987792969,-0.0,0.0,-335.0,0.0,-4.0
726884.204,2894.0,1397.0,-1397.0,-335.2799987792969,-0.0,0.0,-335.0,0.0,-4.0
726894.205,2894.0,1397.0,-1397.0,-335.2799987792969,-0.0,0.0,-335.0,0.0,-4.0
726904.205,2894.0,1397.0,-1397.0,-335.2799987792969,-0.0,0.0,-335.0,0.0,-4.0
726915.205,2894.0,1397.0,-1397.0,-335.2799987792969,-0.0,0.0,-335.0,0.0,-4.0
726926.205,2894.0,1397.0,-1397.0,-335.2799987792969,-0.0,0.0,-335.0,0.0,-4.0
726937.201,2894.0,1397.0,-1397.0,-335.2799987792969,-0.0,0.0,-335.0,0.0,-4.0
726948.205,2894.0,1397.0,-1397.0,-335.2799987792969,-0.0,0.0,-335.0,0.0,-4.0
726958.205,2894.0,1397.0,-1397.0,-335.2799987792969,-0.0,0.0,-335.0,0.0,-4.0
726969.2,2894.0,1397.0,-1397.0,-335.2799987792969,-0.0,0.0,-335.0,0.0,-4.0
726980.204,2894.0,1397.0,-1397.0,-335.2799987792969,-0.0,0.0,-335.0,0.0,-4.0
726990.205,2894.0,1397.0,-1397.0,-335.2799987792969,-0.0,0.0,-335.0,0.0,-4.0
727000.206,2894.0,1397.0,-1397.0,-335.2799987792969,-0.0,0.0,-335.0,0.0,-4.0
727010.207,2894.0,1397.0,-1397.0,-335.2799987792969,-0.0,0.0,-335.0,0.0,-4.0
727021.278,2894.0,1397.0,-1397.0,-335.2799987792969,-0.0,0.0,-335.0,0.0,-4.0
727031.279,2894.0,1397.0,-1397.0,-335.2799987792969,-0.0,0.0,-335.0,0.0,-4.0
727042.173,2894.0,1397.0,-1397.0,-335.2799987792969,-0.0,0.0,-335.0,0.0,-4.0
727053.205,2894.0,1397.0,-1397.0,-335.2799987792969,-0.0,0.0,-335.0,0.0,-4.0
727064.201,2894.0,1397.0,-1397.0,-335.2799987792969,-0.0,0.0,-335.0,0.0,-4.0
727075.205,2894.0,1397.0,-1397.0,-335.2799987792969,-0.0,0.0,-335.0,0.0,-4.0
727086.205,2894.0,1397.0,-1397.0,-335.2799987792969,-0.0,0.0,-335.0,0.0,-4.0
727097.213,2894.0,1397.0,-1397.0,-335.2799987792969,-0.0,0.0,-335.0,0.0,-4.0
727108.205,2894.0,1397.0,-1397.0,-335.2799987792969,-0.0,0.0,-335.0,0.0,-4.0
727119.2,2894.0,1397.0,-1397.0,-335.2799987792969,-0.0,0.0,-335.0,0.0,-4.0
727129.201,2894.0,1397.0,-1397.0,-335.2799987792969,-0.0,0.0,-335.0,0.0,-4.0
727140.201,2894.0,1397.0,-1397.0,-335.2799987792969,-0.0,0.0,-335.0,0.0,-4.0
727150.201,2894.0,1397.0,-1397.0,-335.2799987792969,-0.0,0.0,-335.0,0.0,-4.0
727161.201,2894.0,1397.0,-1397.0,-335.2799987792969,-0.0,0.0,-335.0,0.0,-4.0
727172.205,2894.0,1397.0,-1397.0,-335.2799987792969,-0.0,0.0,-335.0,0.0,-4.0
727183.201,2894.0,1397.0,-1397.0,-335.2799987792969,-0.0,0.0,-335.0,0.0,-4.0
727194.205,2894.0,1397.0,-1397.0,-335.2799987792969,-0.0,0.0,-335.0,0.0,-4.0
727204.206,2894.0,1397.0,-1397.0,-335.2799987792969,-0.0,0.0,-335.0,0.0,-4.0
727214.207,2894.0,1397.0,-1397.0,-335.2799987792969,-0.0,0.0,-335.0,0.0,-4.0
727224.208,2894.0,1397.0,-1397.0,-335.2799987792969,-0.0,0.0,-335.0,0.0,-4.0
727235.173,2894.0,1397.0,-1397.0,-335.2799987792969,-0.0,0.0,-335.0,0.0,-4.0
727246.483,2894.0,1397.0,-1397.0,-335.2799987792969,-0.0,0.0,-335.0,0.0,-4.0
727256.484,2894.0,1397.0,-1397.0,-335.2799987792969,-0.0,0.0,-335.0,0.0,-4.0
727267.204,2894.0,1397.0,-1397.0,-335.2799987792969,-0.0,0.0,-335.0,0.0,-4.0
727278.201,2894.0,1397.0,-1397.0,-335.2799987792969,-0.0,0.0,-335.0,0.0,-4.0
727289.205,2894.0,1397.0,-1397.0,-335.2799987792969,-0.0,0.0,-335.0,0.0,-4.0
727299.205,2894.0,1397.0,-1397.0,-335.2799987792969,-0.0,0.0,-335.0,0.0,-4.0
727310.205,2894.0,1397.0,-1397.0,-335.2799987792969,-0.0,0.0,-335.0,0.0,-4.0
727320.205,2894.0,1397.0,-1397.0,-335.2799987792969,-0.0,0.0,-335.0,0.0,-4.0
727331.201,2894.0,1397.0,-1397.0,-335.2799987792969,-0.0,0.0,-335.0,0.0,-4.0
727341.201,2894.0,1397.0,-1397.0,-335.2799987792969,-0.0,0.0,-335.0,0.0,-4.0
727351.202,2894.0,1397.0,-1397.0,-335.2799987792969,-0.0,0.0,-335.0,0.0,-4.0
727361.202,2894.0,1397.0,-1397.0,-335.2799987792969,-0.0,0.0,-335.0,0.0,-4.0
727372.204,2894.0,1397.0,-1397.0,-335.2799987792969,-0.0,0.0,-335.0,0.0,-4.0
727382.204,2894.0,1397.0,-1397.0,-335.2799987792969,-0.0,0.0,-335.0,0.0,-4.0
727393.201,2894.0,1397.0,-1397.0,-335.2799987792969,-0.0,0.0,-335.0,0.0,-4.0
727403.202,2894.0,1397.0,-1397.0,-335.2799987792969,-0.0,0.0,-335.0,0.0,-4.0
727413.202,2894.0,1397.0,-1397.0,-335.2799987792969,-0.0,0.0,-335.0,0.0,-4.0
727424.205,2894.0,1397.0,-1397.0,-335.2799987792969,-0.0,0.0,-335.0,0.0,-4.0
727434.205,2894.0,1397.0,-1397.0,-335.2799987792969,-0.0,0.0,-335.0,0.0,-4.0
727445.205,2894.0,1397.0,-1397.0,-335.2799987792969,-0.0,0.0,-335.0,0.0,-4.0
727456.205,2894.0,1397.0,-1397.0,-335.2799987792969,-0.0,0.0,-335.0,0.0,-4.0
727467.2,2894.0,1397.0,-1397.0,-335.2799987792969,-0.0,0.0,-335.0,0.0,-4.0
727478.205,2894.0,1397.0,-1397.0,-335.2799987792969,-0.0,0.0,-335.0,0.0,-4.0
727489.201,2894.0,1397.0,-1397.0,-335.2799987792969,-0.0,0.0,-335.0,0.0,-4.0
727499.201,2894.0,1397.0,-1397.0,-335.2799987792969,-0.0,0.0,-335.0,0.0,-4.0
727510.204,2894.0,1397.0,-1397.0,-335.2799987792969,-0.0,0.0,-335.0,0.0,-4.0
727521.201,2894.0,1397.0,-1397.0,-335.2799987792969,-0.0,0.0,-335.0,0.0,-4.0
727531.202,2894.0,1397.0,-1397.0,-335.2799987792969,-0.0,0.0,-335.0,0.0,-4.0
727541.203,2894.0,1397.0,-1397.0,-335.2799987792969,-0.0,0.0,-335.0,0.0,-4.0
727551.374,2894.0,1397.0,-1397.0,-335.2799987792969,-0.0,0.0,-335.0,0.0,-4.0
727562.205,2894.0,1397.0,-1397.0,-335.2799987792969,-0.0,0.0,-335.0,0.0,-4.0
727573.204,2894.0,1397.0,-1397.0,-335.2799987792969,-0.0,0.0,-335.0,0.0,-4.0
727584.488,2894.0,1397.0,-1397.0,-335.2799987792969,-0.0,0.0,-335.0,0.0,-4.0
727595.205,2894.0,1397.0,-1397.0,-335.2799987792969,-0.0,0.0,-335.0,0.0,-4.0
727605.205,2894.0,1397.0,-1397.0,-335.2799987792969,-0.0,0.0,-335.0,0.0,-4.0
727615.205,2894.0,1397.0,-1397.0,-335.2799987792969,-0.0,0.0,-335.0,0.0,-4.0
727626.205,2894.0,1397.0,-1397.0,-335.2799987792969,-0.0,0.0,-335.0,0.0,-4.0
727636.206,2894.0,1397.0,-1397.0,-335.2799987792969,-0.0,0.0,-335.0,0.0,-4.0
727646.207,2894.0,1397.0,-1397.0,-335.2799987792969,-0.0,0.0,-335.0,0.0,-4.0
727656.208,2894.0,1397.0,-1397.0,-335.2799987792969,-0.0,0.0,-335.0,0.0,-4.0
727666.209,2894.0,1397.0,-1397.0,-335.2799987792969,-0.0,0.0,-335.0,0.0,-4.0
727676.209,2894.0,1397.0,-1397.0,-335.2799987792969,-0.0,0.0,-335.0,0.0,-4.0
727687.201,2894.0,1397.0,-1397.0,-335.2799987792969,-0.0,0.0,-335.0,0.0,-4.0
727697.202,2894.0,1397.0,-1397.0,-335.2799987792969,-0.0,0.0,-335.0,0.0,-4.0
727708.204,2894.0,1397.0,-1397.0,-335.2799987792969,-0.0,0.0,-335.0,0.0,-4.0
727718.204,2894.0,1397.0,-1397.0,-335.2799987792969,-0.0,0.0,-335.0,0.0,-4.0
727728.205,2894.0,1397.0,-1397.0,-335.2799987792969,-0.0,0.0,-335.0,0.0,-4.0
727739.173,2894.0,1397.0,-1397.0,-335.2799987792969,-0.0,0.0,-335.0,0.0,-4.0
727750.201,2894.0,1397.0,-1397.0,-335.2799987792969,-0.0,0.0,-335.0,0.0,-4.0
727761.205,2894.0,1397.0,-1397.0,-335.2799987792969,-0.0,0.0,-335.0,0.0,-4.0
727771.206,2894.0,1397.0,-1397.0,-335.2799987792969,-0.0,0.0,-335.0,0.0,-4.0
727782.205,2894.0,1397.0,-1397.0,-335.2799987792969,-0.0,0.0,-335.0,0.0,-4.0
727792.206,2894.0,1397.0,-1397.0,-335.2799987792969,-0.0,0.0,-335.0,0.0,-4.0
727803.205,2894.0,1397.0,-1397.0,-335.2799987792969,-0.0,0.0,-335.0,0.0,-4.0
727813.206,2894.0,1397.0,-1397.0,-335.2799987792969,-0.0,0.0,-335.0,0.0,-4.0
727823.207,2894.0,1397.0,-1397.0,-335.2799987792969,-0.0,0.0,-335.0,0.0,-4.0
727834.201,2894.0,1397.0,-1397.0,-335.2799987792969,-0.0,0.0,-335.0,0.0,-4.0
727844.201,2894.0,1397.0,-1397.0,-335.2799987792969,-0.0,0.0,-335.0,0.0,-4.0
727855.201,2894.0,1397.0,-1397.0,-335.2799987792969,-0.0,0.0,-335.0,0.0,-4.0
727865.202,2894.0,1397.0,-1397.0,-335.2799987792969,-0.0,0.0,-335.0,0.0,-4.0
727876.205,2894.0,1397.0,-1397.0,-335.2799987792969,-0.0,0.0,-335.0,0.0,-4.0
727886.206,2894.0,1397.0,-1397.0,-335.2799987792969,-0.0,0.0,-335.0,0.0,-4.0
727896.207,2894.0,1397.0,-1397.0,-335.2799987792969,-0.0,0.0,-335.0,0.0,-4.0
727907.158,2894.0,1397.0,-1397.0,-335.2799987792969,-0.0,0.0,-335.0,0.0,-4.0
727917.159,2894.0,1397.0,-1397.0,-335.2799987792969,-0.0,0.0,-335.0,0.0,-4.0
727927.159,2894.0,1397.0,-1397.0,-335.2799987792969,-0.0,0.0,-335.0,0.0,-4.0
727937.159,2894.0,1397.0,-1397.0,-335.2799987792969,-0.0,0.0,-335.0,0.0,-4.0
727947.159,2894.0,1397.0,-1397.0,-335.2799987792969,-0.0,0.0,-335.0,0.0,-4.0
727958.201,2894.0,1397.0,-1397.0,-335.2799987792969,-0.0,0.0,-335.0,0.0,-4.0
727969.204,2894.0,1397.0,-1397.0,-335.2799987792969,-0.0,0.0,-335.0,0.0,-4.0
727980.205,2894.0,1397.0,-1397.0,-335.2799987792969,-0.0,0.0,-335.0,0.0,-4.0
727991.201,2894.0,1397.0,-1397.0,-335.2799987792969,-0.0,0.0,-335.0,0.0,-4.0
728002.205,2894.0,1397.0,-1397.0,-335.2799987792969,-0.0,0.0,-335.0,0.0,-4.0
728012.206,2894.0,1397.0,-1397.0,-335.2799987792969,-0.0,0.0,-335.0,0.0,-4.0
728022.206,2894.0,1397.0,-1397.0,-335.2799987792969,-0.0,0.0,-335.0,0.0,-4.0
728032.841,2894.0,1397.0,-1397.0,-335.2799987792969,-0.0,0.0,-335.0,0.0,-4.0
728043.205,2894.0,1397.0,-1397.0,-335.2799987792969,-0.0,0.0,-335.0,0.0,-4.0
728053.206,2894.0,1397.0,-1397.0,-335.2799987792969,-0.0,0.0,-335.0,0.0,-4.0
728063.207,2894.0,1397.0,-1397.0,-335.2799987792969,-0.0,0.0,-335.0,0.0,-4.0
728074.205,2894.0,1397.0,-1397.0,-335.2799987792969,-0.0,0.0,-335.0,0.0,-4.0
728085.201,2894.0,1397.0,-1397.0,-335.2799987792969,-0.0,0.0,-335.0,0.0,-4.0
728095.202,2894.0,1397.0,-1397.0,-335.2799987792969,-0.0,0.0,-335.0,0.0,-4.0
728106.201,2894.0,1397.0,-1397.0,-335.2799987792969,-0.0,0.0,-335.0,0.0,-4.0
728116.202,2894.0,1397.0,-1397.0,-335.2799987792969,-0.0,0.0,-335.0,0.0,-4.0
728126.203,2894.0,1397.0,-1397.0,-335.2799987792969,-0.0,0.0,-335.0,0.0,-4.0
728136.203,2894.0,1397.0,-1397.0,-335.2799987792969,-0.0,0.0,-335.0,0.0,-4.0
728147.204,2894.0,1397.0,-1397.0,-335.2799987792969,-0.0,0.0,-335.0,0.0,-4.0
728157.205,2894.0,1397.0,-1397.0,-335.2799987792969,-0.0,0.0,-335.0,0.0,-4.0
728167.206,2894.0,1397.0,-1397.0,-335.2799987792969,-0.0,0.0,-335.0,0.0,-4.0
728178.2,2894.0,1397.0,-1397.0,-335.2799987792969,-0.0,0.0,-335.0,0.0,-4.0
728188.201,2894.0,1397.0,-1397.0,-335.2799987792969,-0.0,0.0,-335.0,0.0,-4.0
728199.201,2894.0,1397.0,-1397.0,-335.2799987792969,-0.0,0.0,-335.0,0.0,-4.0
728210.204,2894.0,1397.0,-1397.0,-335.2799987792969,-0.0,0.0,-335.0,0.0,-4.0
728221.158,2894.0,1397.0,-1397.0,-335.2799987792969,-0.0,0.0,-335.0,0.0,-4.0
728232.173,2894.0,1397.0,-1397.0,-335.2799987792969,-0.0,0.0,-335.0,0.0,-4.0
728242.173,2894.0,1397.0,-1397.0,-335.2799987792969,-0.0,0.0,-335.0,0.0,-4.0
728253.2,2894.0,1397.0,-1397.0,-335.2799987792969,-0.0,0.0,-335.0,0.0,-4.0
728264.205,2894.0,1397.0,-1397.0,-335.2799987792969,-0.0,0.0,-335.0,0.0,-4.0
728275.204,2894.0,1397.0,-1397.0,-335.2799987792969,-0.0,0.0,-335.0,0.0,-4.0
728286.205,2894.0,1397.0,-1397.0,-335.2799987792969,-0.0,0.0,-335.0,0.0,-4.0
728297.201,2894.0,1397.0,-1397.0,-335.2799987792969,-0.0,0.0,-335.0,0.0,-4.0
728308.205,2894.0,1397.0,-1397.0,-335.2799987792969,-0.0,0.0,-335.0,0.0,-4.0
728319.201,2894.0,1397.0,-1397.0,-335.2799987792969,-0.0,0.0,-335.0,0.0,-4.0
728329.201,2894.0,1397.0,-1397.0,-335.2799987792969,-0.0,0.0,-335.0,0.0,-4.0
728340.201,2894.0,1397.0,-1397.0,-335.2799987792969,-0.0,0.0,-335.0,0.0,-4.0
728351.205,2894.0,1397.0,-1397.0,-335.2799987792969,-0.0,0.0,-335.0,0.0,-4.0
728362.201,2894.0,1397.0,-1397.0,-335.2799987792969,-0.0,0.0,-335.0,0.0,-4.0
728373.205,2894.0,1397.0,-1397.0,-335.2799987792969,-0.0,0.0,-335.0,0.0,-4.0
728384.201,2894.0,1397.0,-1397.0,-335.2799987792969,-0.0,0.0,-335.0,0.0,-4.0
728394.202,2894.0,1397.0,-1397.0,-335.2799987792969,-0.0,0.0,-335.0,0.0,-4.0
728405.201,2894.0,1397.0,-1397.0,-335.2799987792969,-0.0,0.0,-335.0,0.0,-4.0
728415.201,2894.0,1397.0,-1397.0,-335.2799987792969,-0.0,0.0,-335.0,0.0,-4.0
728425.202,2894.0,1397.0,-1397.0,-335.2799987792969,-0.0,0.0,-335.0,0.0,-4.0
728435.214,2894.0,1397.0,-1397.0,-335.2799987792969,-0.0,0.0,-335.0,0.0,-4.0
728445.214,2894.0,1397.0,-1397.0,-335.2799987792969,-0.0,0.0,-335.0,0.0,-4.0
728456.205,2894.0,1397.0,-1397.0,-335.2799987792969,-0.0,0.0,-335.0,0.0,-4.0
728467.201,2894.0,1397.0,-1397.0,-335.2799987792969,-0.0,0.0,-335.0,0.0,-4.0
728477.202,2894.0,1397.0,-1397.0,-335.2799987792969,-0.0,0.0,-335.0,0.0,-4.0
728488.2,2894.0,1397.0,-1397.0,-335.2799987792969,-0.0,0.0,-335.0,0.0,-4.0
728499.205,2894.0,1397.0,-1397.0,-335.2799987792969,-0.0,0.0,-335.0,0.0,-4.0
728510.201,2894.0,1397.0,-1397.0,-335.2799987792969,-0.0,0.0,-335.0,0.0,-4.0
728521.218,2894.0,1397.0,-1397.0,-335.2799987792969,-0.0,0.0,-335.0,0.0,-4.0
728531.219,2894.0,1397.0,-1397.0,-335.2799987792969,-0.0,0.0,-335.0,0.0,-4.0
728542.2,2894.0,1397.0,-1397.0,-335.2799987792969,-0.0,0.0,-335.0,0.0,-4.0
728553.205,2894.0,1397.0,-1397.0,-335.2799987792969,-0.0,0.0,-335.0,0.0,-4.0
728564.205,2894.0,1397.0,-1397.0,-335.2799987792969,-0.0,0.0,-335.0,0.0,-4.0
728574.205,2894.0,1397.0,-1397.0,-335.2799987792969,-0.0,0.0,-335.0,0.0,-4.0
728584.205,2894.0,1397.0,-1397.0,-335.2799987792969,-0.0,0.0,-335.0,0.0,-4.0
728595.201,2894.0,1397.0,-1397.0,-335.2799987792969,-0.0,0.0,-335.0,0.0,-4.0
728605.202,2894.0,1397.0,-1397.0,-335.2799987792969,-0.0,0.0,-335.0,0.0,-4.0
728615.203,2894.0,1397.0,-1397.0,-335.2799987792969,-0.0,0.0,-335.0,0.0,-4.0
728625.204,2894.0,1397.0,-1397.0,-335.2799987792969,-0.0,0.0,-335.0,0.0,-4.0
728635.205,2894.0,1397.0,-1397.0,-335.2799987792969,-0.0,0.0,-335.0,0.0,-4.0
728645.205,2894.0,1397.0,-1397.0,-335.2799987792969,-0.0,0.0,-335.0,0.0,-4.0
728656.2,2894.0,1397.0,-1397.0,-335.2799987792969,-0.0,0.0,-335.0,0.0,-4.0
728667.204,2894.0,1397.0,-1397.0,-335.2799987792969,-0.0,0.0,-335.0,0.0,-4.0
728678.201,2894.0,1397.0,-1397.0,-335.2799987792969,-0.0,0.0,-335.0,0.0,-4.0
728689.205,2894.0,1397.0,-1397.0,-335.2799987792969,-0.0,0.0,-335.0,0.0,-4.0
728700.205,2894.0,1397.0,-1397.0,-335.2799987792969,-0.0,0.0,-335.0,0.0,-4.0
728710.206,2894.0,1397.0,-1397.0,-335.2799987792969,-0.0,0.0,-335.0,0.0,-4.0
728721.204,2894.0,1397.0,-1397.0,-335.2799987792969,-0.0,0.0,-335.0,0.0,-4.0
728731.205,2894.0,1397.0,-1397.0,-335.2799987792969,-0.0,0.0,-335.0,0.0,-4.0
728741.206,2894.0,1397.0,-1397.0,-335.2799987792969,-0.0,0.0,-335.0,0.0,-4.0
728751.207,2894.0,1397.0,-1397.0,-335.2799987792969,-0.0,0.0,-335.0,0.0,-4.0
728762.205,2894.0,1397.0,-1397.0,-335.2799987792969,-0.0,0.0,-335.0,0.0,-4.0
728773.204,2894.0,1397.0,-1397.0,-335.2799987792969,-0.0,0.0,-335.0,0.0,-4.0
728784.2,2894.0,1397.0,-1397.0,-335.2799987792969,-0.0,0.0,-335.0,0.0,-4.0
728795.083,2894.0,1397.0,-1397.0,-335.2799987792969,-0.0,0.0,-335.0,0.0,-4.0
728805.084,2894.0,1397.0,-1397.0,-335.2799987792969,-0.0,0.0,-335.0,0.0,-4.0
728815.1,2894.0,1397.0,-1397.0,-335.2799987792969,-0.0,0.0,-335.0,0.0,-4.0
728825.101,2894.0,1397.0,-1397.0,-335.2799987792969,-0.0,0.0,-335.0,0.0,-4.0
728835.101,2894.0,1397.0,-1397.0,-335.2799987792969,-0.0,0.0,-335.0,0.0,-4.0
728846.101,2894.0,1397.0,-1397.0,-335.2799987792969,-0.0,0.0,-335.0,0.0,-4.0
728857.205,2894.0,1397.0,-1397.0,-335.2799987792969,-0.0,0.0,-335.0,0.0,-4.0
728868.201,2894.0,1397.0,-1397.0,-335.2799987792969,-0.0,0.0,-335.0,0.0,-4.0
728879.205,2894.0,1397.0,-1397.0,-335.2799987792969,-0.0,0.0,-335.0,0.0,-4.0
728890.201,2894.0,1397.0,-1397.0,-335.2799987792969,-0.0,0.0,-335.0,0.0,-4.0
728901.205,2894.0,1397.0,-1397.0,-335.2799987792969,-0.0,0.0,-335.0,0.0,-4.0
728912.205,2894.0,1397.0,-1397.0,-335.2799987792969,-0.0,0.0,-335.0,0.0,-4.0
728923.201,2894.0,1397.0,-1397.0,-335.2799987792969,-0.0,0.0,-335.0,0.0,-4.0
728933.202,2894.0,1397.0,-1397.0,-335.2799987792969,-0.0,0.0,-335.0,0.0,-4.0
728944.206,2894.0,1397.0,-1397.0,-335.2799987792969,-0.0,0.0,-335.0,0.0,-4.0
728954.206,2894.0,1397.0,-1397.0,-335.2799987792969,-0.0,0.0,-335.0,0.0,-4.0
728965.201,2894.0,1397.0,-1397.0,-335.2799987792969,-0.0,0.0,-335.0,0.0,-4.0
728975.202,2894.0,1397.0,-1397.0,-335.2799987792969,-0.0,0.0,-335.0,0.0,-4.0
728985.264,2894.0,1397.0,-1397.0,-335.2799987792969,-0.0,0.0,-335.0,0.0,-4.0
728995.267,2894.0,1397.0,-1397.0,-335.2799987792969,-0.0,0.0,-335.0,0.0,-4.0
729006.201,2894.0,1397.0,-1397.0,-335.2799987792969,-0.0,0.0,-335.0,0.0,-4.0
729017.205,2894.0,1397.0,-1397.0,-335.2799987792969,-0.0,0.0,-335.0,0.0,-4.0
729027.206,2894.0,1397.0,-1397.0,-335.2799987792969,-0.0,0.0,-335.0,0.0,-4.0
729037.207,2894.0,1397.0,-1397.0,-335.2799987792969,-0.0,0.0,-335.0,0.0,-4.0
729047.207,2894.0,1397.0,-1397.0,-335.2799987792969,-0.0,0.0,-335.0,0.0,-4.0
729057.208,2894.0,1397.0,-1397.0,-335.2799987792969,-0.0,0.0,-335.0,0.0,-4.0
729068.205,2894.0,1397.0,-1397.0,-335.2799987792969,-0.0,0.0,-335.0,0.0,-4.0
729078.355,2894.0,1397.0,-1397.0,-335.2799987792969,-0.0,0.0,-335.0,0.0,-4.0
729088.355,2894.0,1397.0,-1397.0,-335.2799987792969,-0.0,0.0,-335.0,0.0,-4.0
729098.984,2894.0,1397.0,-1397.0,-335.2799987792969,-0.0,0.0,-335.0,0.0,-4.0
729110.161,2894.0,1397.0,-1397.0,-335.2799987792969,-0.0,0.0,-335.0,0.0,-4.0
729120.317,2894.0,1397.0,-1397.0,-335.2799987792969,-0.0,0.0,-335.0,0.0,-4.0
729131.201,2894.0,1397.0,-1397.0,-335.2799987792969,-0.0,0.0,-335.0,0.0,-4.0
729142.173,2894.0,1397.0,-1397.0,-335.2799987792969,-0.0,0.0,-335.0,0.0,-4.0
729153.201,2894.0,1397.0,-1397.0,-335.2799987792969,-0.0,0.0,-335.0,0.0,-4.0
729163.202,2894.0,1397.0,-1397.0,-335.2799987792969,-0.0,0.0,-335.0,0.0,-4.0
729173.203,2894.0,1397.0,-1397.0,-335.2799987792969,-0.0,0.0,-335.0,0.0,-4.0
729183.203,2894.0,1397.0,-1397.0,-335.2799987792969,-0.0,0.0,-335.0,0.0,-4.0
729194.201,2894.0,1397.0,-1397.0,-335.2799987792969,-0.0,0.0,-335.0,0.0,-4.0
729205.204,2894.0,1397.0,-1397.0,-335.2799987792969,-0.0,0.0,-335.0,0.0,-4.0
729215.205,2894.0,1397.0,-1397.0,-335.2799987792969,-0.0,0.0,-335.0,0.0,-4.0
729226.219,2894.0,1397.0,-1397.0,-335.2799987792969,-0.0,0.0,-335.0,0.0,-4.0
729236.219,2894.0,1397.0,-1397.0,-335.2799987792969,-0.0,0.0,-335.0,0.0,-4.0
729247.201,2894.0,1397.0,-1397.0,-335.2799987792969,-0.0,0.0,-335.0,0.0,-4.0
729258.205,2894.0,1397.0,-1397.0,-335.2799987792969,-0.0,0.0,-335.0,0.0,-4.0
729269.201,2894.0,1397.0,-1397.0,-335.2799987792969,-0.0,0.0,-335.0,0.0,-4.0
729279.202,2894.0,1397.0,-1397.0,-335.2799987792969,-0.0,0.0,-335.0,0.0,-4.0
729289.273,2894.0,1397.0,-1397.0,-335.2799987792969,-0.0,0.0,-335.0,0.0,-4.0
729299.274,2894.0,1397.0,-1397.0,-335.2799987792969,-0.0,0.0,-335.0,0.0,-4.0
729310.201,2894.0,1397.0,-1397.0,-335.2799987792969,-0.0,0.0,-335.0,0.0,-4.0
729321.205,2894.0,1397.0,-1397.0,-335.2799987792969,-0.0,0.0,-335.0,0.0,-4.0
729331.206,2894.0,1397.0,-1397.0,-335.2799987792969,-0.0,0.0,-335.0,0.0,-4.0
729342.205,2894.0,1397.0,-1397.0,-335.2799987792969,-0.0,0.0,-335.0,0.0,-4.0
729353.201,2894.0,1397.0,-1397.0,-335.2799987792969,-0.0,0.0,-335.0,0.0,-4.0
729364.205,2894.0,1397.0,-1397.0,-335.2799987792969,-0.0,0.0,-335.0,0.0,-4.0
729374.206,2894.0,1397.0,-1397.0,-335.2799987792969,-0.0,0.0,-335.0,0.0,-4.0
729385.2,2894.0,1397.0,-1397.0,-335.2799987792969,-0.0,0.0,-335.0,0.0,-4.0
729396.205,2894.0,1397.0,-1397.0,-335.2799987792969,-0.0,0.0,-335.0,0.0,-4.0
729406.206,2894.0,1397.0,-1397.0,-335.2799987792969,-0.0,0.0,-335.0,0.0,-4.0
729417.204,2894.0,1397.0,-1397.0,-335.2799987792969,-0.0,0.0,-335.0,0.0,-4.0
729427.205,2894.0,1397.0,-1397.0,-335.2799987792969,-0.0,0.0,-335.0,0.0,-4.0
729438.205,2894.0,1397.0,-1397.0,-335.2799987792969,-0.0,0.0,-335.0,0.0,-4.0
729448.206,2894.0,1397.0,-1397.0,-335.2799987792969,-0.0,0.0,-335.0,0.0,-4.0
729459.201,2894.0,1397.0,-1397.0,-335.2799987792969,-0.0,0.0,-335.0,0.0,-4.0
729470.208,2894.0,1397.0,-1397.0,-335.2799987792969,-0.0,0.0,-335.0,0.0,-4.0
729480.383,2894.0,1397.0,-1397.0,-335.2799987792969,-0.0,0.0,-335.0,0.0,-4.0
729491.204,2894.0,1397.0,-1397.0,-335.2799987792969,-0.0,0.0,-335.0,0.0,-4.0
729501.204,2894.0,1397.0,-1397.0,-335.2799987792969,-0.0,0.0,-335.0,0.0,-4.0
729512.205,2894.0,1397.0,-1397.0,-335.2799987792969,-0.0,0.0,-335.0,0.0,-4.0
729523.201,2894.0,1397.0,-1397.0,-335.2799987792969,-0.0,0.0,-335.0,0.0,-4.0
729534.205,2894.0,1397.0,-1397.0,-335.2799987792969,-0.0,0.0,-335.0,0.0,-4.0
729544.206,2894.0,1397.0,-1397.0,-335.2799987792969,-0.0,0.0,-335.0,0.0,-4.0
729555.2,2894.0,1397.0,-1397.0,-335.2799987792969,-0.0,0.0,-335.0,0.0,-4.0
729565.201,2894.0,1397.0,-1397.0,-335.2799987792969,-0.0,0.0,-335.0,0.0,-4.0
729576.204,2894.0,1397.0,-1397.0,-335.2799987792969,-0.0,0.0,-335.0,0.0,-4.0
729586.205,2894.0,1397.0,-1397.0,-335.2799987792969,-0.0,0.0,-335.0,0.0,-4.0
729596.205,2894.0,1397.0,-1397.0,-335.2799987792969,-0.0,0.0,-335.0,0.0,-4.0
729606.206,2894.0,1397.0,-1397.0,-335.2799987792969,-0.0,0.0,-335.0,0.0,-4.0
729617.2,2894.0,1397.0,-1397.0,-335.2799987792969,-0.0,0.0,-335.0,0.0,-4.0
729628.205,2894.0,1397.0,-1397.0,-335.2799987792969,-0.0,0.0,-335.0,0.0,-4.0
729638.887,2894.0,1397.0,-1397.0,-335.2799987792969,-0.0,0.0,-335.0,0.0,-4.0
729648.887,2894.0,1397.0,-1397.0,-335.2799987792969,-0.0,0.0,-335.0,0.0,-4.0
729659.216,2894.0,1397.0,-1397.0,-335.2799987792969,-0.0,0.0,-335.0,0.0,-4.0
729670.205,2894.0,1397.0,-1397.0,-335.2799987792969,-0.0,0.0,-335.0,0.0,-4.0
729680.205,2894.0,1397.0,-1397.0,-335.2799987792969,-0.0,0.0,-335.0,0.0,-4.0
729690.205,2894.0,1397.0,-1397.0,-335.2799987792969,-0.0,0.0,-335.0,0.0,-4.0
729700.205,2894.0,1397.0,-1397.0,-335.2799987792969,-0.0,0.0,-335.0,0.0,-4.0
729711.2,2894.0,1397.0,-1397.0,-335.2799987792969,-0.0,0.0,-335.0,0.0,-4.0
729721.201,2894.0,1397.0,-1397.0,-335.2799987792969,-0.0,0.0,-335.0,0.0,-4.0
729731.202,2894.0,1397.0,-1397.0,-335.2799987792969,-0.0,0.0,-335.0,0.0,-4.0
729742.205,2894.0,1397.0,-1397.0,-335.2799987792969,-0.0,0.0,-335.0,0.0,-4.0
729753.205,2894.0,1397.0,-1397.0,-335.2799987792969,-0.0,0.0,-335.0,0.0,-4.0
729764.202,2894.0,1397.0,-1397.0,-335.2799987792969,-0.0,0.0,-335.0,0.0,-4.0
729775.157,2894.0,1397.0,-1397.0,-335.2799987792969,-0.0,0.0,-335.0,0.0,-4.0
729786.205,2894.0,1397.0,-1397.0,-335.2799987792969,-0.0,0.0,-335.0,0.0,-4.0
729796.692,2894.0,1397.0,-1397.0,-335.2799987792969,-0.0,0.0,-335.0,0.0,-4.0
729806.692,2894.0,1397.0,-1397.0,-335.2799987792969,-0.0,0.0,-335.0,0.0,-4.0
729816.693,2894.0,1397.0,-1397.0,-335.2799987792969,-0.0,0.0,-335.0,0.0,-4.0
729827.201,2894.0,1397.0,-1397.0,-335.2799987792969,-0.0,0.0,-335.0,0.0,-4.0
729837.201,2894.0,1397.0,-1397.0,-335.2799987792969,-0.0,0.0,-335.0,0.0,-4.0
729847.202,2894.0,1397.0,-1397.0,-335.2799987792969,-0.0,0.0,-335.0,0.0,-4.0
729858.205,2894.0,1397.0,-1397.0,-335.2799987792969,-0.0,0.0,-335.0,0.0,-4.0
729869.205,2894.0,1397.0,-1397.0,-335.2799987792969,-0.0,0.0,-335.0,0.0,-4.0
729880.201,2894.0,1397.0,-1397.0,-335.2799987792969,-0.0,0.0,-335.0,0.0,-4.0
729891.204,2894.0,1397.0,-1397.0,-335.2799987792969,-0.0,0.0,-335.0,0.0,-4.0
729902.201,2894.0,1397.0,-1397.0,-335.2799987792969,-0.0,0.0,-335.0,0.0,-4.0
729913.205,2894.0,1397.0,-1397.0,-335.2799987792969,-0.0,0.0,-335.0,0.0,-4.0
729923.205,2894.0,1397.0,-1397.0,-335.2799987792969,-0.0,0.0,-335.0,0.0,-4.0
729934.201,2894.0,1397.0,-1397.0,-335.2799987792969,-0.0,0.0,-335.0,0.0,-4.0
729944.202,2894.0,1397.0,-1397.0,-335.2799987792969,-0.0,0.0,-335.0,0.0,-4.0
729954.584,2894.0,1397.0,-1397.0,-335.2799987792969,-0.0,0.0,-335.0,0.0,-4.0
729965.205,2894.0,1397.0,-1397.0,-335.2799987792969,-0.0,0.0,-335.0,0.0,-4.0
729975.459,2894.0,1397.0,-1397.0,-335.2799987792969,-0.0,0.0,-335.0,0.0,-4.0
729986.2,2894.0,1397.0,-1397.0,-335.2799987792969,-0.0,0.0,-335.0,0.0,-4.0
729997.173,2894.0,1397.0,-1397.0,-335.2799987792969,-0.0,0.0,-335.0,0.0,-4.0
730007.173,2894.0,1397.0,-1397.0,-335.2799987792969,-0.0,0.0,-335.0,0.0,-4.0
730018.205,2894.0,1397.0,-1397.0,-335.2799987792969,-0.0,0.0,-335.0,0.0,-4.0
730028.206,2894.0,1397.0,-1397.0,-335.2799987792969,-0.0,0.0,-335.0,0.0,-4.0
730038.207,2894.0,1397.0,-1397.0,-335.2799987792969,-0.0,0.0,-335.0,0.0,-4.0
730049.201,2894.0,1397.0,-1397.0,-335.2799987792969,-0.0,0.0,-335.0,0.0,-4.0
730060.205,2894.0,1397.0,-1397.0,-335.2799987792969,-0.0,0.0,-335.0,0.0,-4.0
730071.201,2894.0,1397.0,-1397.0,-335.2799987792969,-0.0,0.0,-335.0,0.0,-4.0
730081.201,2894.0,1397.0,-1397.0,-335.2799987792969,-0.0,0.0,-335.0,0.0,-4.0
730091.202,2894.0,1397.0,-1397.0,-335.2799987792969,-0.0,0.0,-335.0,0.0,-4.0
730101.202,2894.0,1397.0,-1397.0,-335.2799987792969,-0.0,0.0,-335.0,0.0,-4.0
730111.203,2894.0,1397.0,-1397.0,-335.2799987792969,-0.0,0.0,-335.0,0.0,-4.0
730122.209,2894.0,1397.0,-1397.0,-335.2799987792969,-0.0,0.0,-335.0,0.0,-4.0
730133.157,2894.0,1397.0,-1397.0,-335.2799987792969,-0.0,0.0,-335.0,0.0,-4.0
730143.157,2894.0,1397.0,-1397.0,-335.2799987792969,-0.0,0.0,-335.0,0.0,-4.0
730153.157,2894.0,1397.0,-1397.0,-335.2799987792969,-0.0,0.0,-335.0,0.0,-4.0
730164.2,2894.0,1397.0,-1397.0,-335.2799987792969,-0.0,0.0,-335.0,0.0,-4.0
730175.205,2894.0,1397.0,-1397.0,-335.2799987792969,-0.0,0.0,-335.0,0.0,-4.0
730185.206,2894.0,1397.0,-1397.0,-335.2799987792969,-0.0,0.0,-335.0,0.0,-4.0
730196.205,2894.0,1397.0,-1397.0,-335.2799987792969,-0.0,0.0,-335.0,0.0,-4.0
730206.206,2894.0,1397.0,-1397.0,-335.2799987792969,-0.0,0.0,-335.0,0.0,-4.0
730217.2,2894.0,1397.0,-1397.0,-335.2799987792969,-0.0,0.0,-335.0,0.0,-4.0
730228.205,2894.0,1397.0,-1397.0,-335.2799987792969,-0.0,0.0,-335.0,0.0,-4.0
730238.205,2894.0,1397.0,-1397.0,-335.2799987792969,-0.0,0.0,-335.0,0.0,-4.0
730248.402,2894.0,1397.0,-1397.0,-335.2799987792969,-0.0,0.0,-335.0,0.0,-4.0
730258.402,2894.0,1397.0,-1397.0,-335.2799987792969,-0.0,0.0,-335.0,0.0,-4.0
730268.403,2894.0,1397.0,-1397.0,-335.2799987792969,-0.0,0.0,-335.0,0.0,-4.0
730279.201,2894.0,1397.0,-1397.0,-335.2799987792969,-0.0,0.0,-335.0,0.0,-4.0
730290.46,2894.0,1397.0,-1397.0,-335.2799987792969,-0.0,0.0,-335.0,0.0,-4.0
730300.461,2894.0,1397.0,-1397.0,-335.2799987792969,-0.0,0.0,-335.0,0.0,-4.0
730311.205,2894.0,1397.0,-1397.0,-335.2799987792969,-0.0,0.0,-335.0,0.0,-4.0
730321.206,2894.0,1397.0,-1397.0,-335.2799987792969,-0.0,0.0,-335.0,0.0,-4.0
730331.207,2894.0,1397.0,-1397.0,-335.2799987792969,-0.0,0.0,-335.0,0.0,-4.0
730341.208,2894.0,1397.0,-1397.0,-335.2799987792969,-0.0,0.0,-335.0,0.0,-4.0
730352.204,2894.0,1397.0,-1397.0,-335.2799987792969,-0.0,0.0,-335.0,0.0,-4.0
730363.201,2894.0,1397.0,-1397.0,-335.2799987792969,-0.0,0.0,-335.0,0.0,-4.0
730374.828,2894.0,1397.0,-1397.0,-335.2799987792969,-0.0,0.0,-335.0,0.0,-4.0
730385.2,2894.0,1397.0,-1397.0,-335.2799987792969,-0.0,0.0,-335.0,0.0,-4.0
730396.205,2894.0,1397.0,-1397.0,-335.2799987792969,-0.0,0.0,-335.0,0.0,-4.0
730406.205,2894.0,1397.0,-1397.0,-335.2799987792969,-0.0,0.0,-335.0,0.0,-4.0
730416.205,2894.0,1397.0,-1397.0,-335.2799987792969,-0.0,0.0,-335.0,0.0,-4.0
730426.37,2894.0,1397.0,-1397.0,-335.2799987792969,-0.0,0.0,-335.0,0.0,-4.0
730436.371,2894.0,1397.0,-1397.0,-335.2799987792969,-0.0,0.0,-335.0,0.0,-4.0
730446.375,2894.0,1397.0,-1397.0,-335.2799987792969,-0.0,0.0,-335.0,0.0,-4.0
730456.375,2894.0,1397.0,-1397.0,-335.2799987792969,-0.0,0.0,-335.0,0.0,-4.0
730467.205,2894.0,1397.0,-1397.0,-335.2799987792969,-0.0,0.0,-335.0,0.0,-4.0
730477.206,2894.0,1397.0,-1397.0,-335.2799987792969,-0.0,0.0,-335.0,0.0,-4.0
730487.207,2894.0,1397.0,-1397.0,-335.2799987792969,-0.0,0.0,-335.0,0.0,-4.0
730497.207,2894.0,1397.0,-1397.0,-335.2799987792969,-0.0,0.0,-335.0,0.0,-4.0
730508.201,2894.0,1397.0,-1397.0,-335.2799987792969,-0.0,0.0,-335.0,0.0,-4.0
730518.202,2894.0,1397.0,-1397.0,-335.2799987792969,-0.0,0.0,-335.0,0.0,-4.0
730528.203,2894.0,1397.0,-1397.0,-335.2799987792969,-0.0,0.0,-335.0,0.0,-4.0
730538.204,2894.0,1397.0,-1397.0,-335.2799987792969,-0.0,0.0,-335.0,0.0,-4.0
730549.201,2894.0,1397.0,-1397.0,-335.2799987792969,-0.0,0.0,-335.0,0.0,-4.0
730560.173,2894.0,1397.0,-1397.0,-335.2799987792969,-0.0,0.0,-335.0,0.0,-4.0
730571.173,2894.0,1397.0,-1397.0,-335.2799987792969,-0.0,0.0,-335.0,0.0,-4.0
730582.205,2894.0,1397.0,-1397.0,-335.2799987792969,-0.0,0.0,-335.0,0.0,-4.0
730592.206,2894.0,1397.0,-1397.0,-335.2799987792969,-0.0,0.0,-335.0,0.0,-4.0
730603.205,2894.0,1397.0,-1397.0,-335.2799987792969,-0.0,0.0,-335.0,0.0,-4.0
730614.205,2894.0,1397.0,-1397.0,-335.2799987792969,-0.0,0.0,-335.0,0.0,-4.0
730625.201,2894.0,1397.0,-1397.0,-335.2799987792969,-0.0,0.0,-335.0,0.0,-4.0
730636.204,2894.0,1397.0,-1397.0,-335.2799987792969,-0.0,0.0,-335.0,0.0,-4.0
730647.205,2894.0,1397.0,-1397.0,-335.2799987792969,-0.0,0.0,-335.0,0.0,-4.0
730658.201,2894.0,1397.0,-1397.0,-335.2799987792969,-0.0,0.0,-335.0,0.0,-4.0
730668.201,2894.0,1397.0,-1397.0,-335.2799987792969,-0.0,0.0,-335.0,0.0,-4.0
730679.201,2894.0,1397.0,-1397.0,-335.2799987792969,-0.0,0.0,-335.0,0.0,-4.0
730690.205,2894.0,1397.0,-1397.0,-335.2799987792969,-0.0,0.0,-335.0,0.0,-4.0
730700.206,2894.0,1397.0,-1397.0,-335.2799987792969,-0.0,0.0,-335.0,0.0,-4.0
730711.201,2894.0,1397.0,-1397.0,-335.2799987792969,-0.0,0.0,-335.0,0.0,-4.0
730721.202,2894.0,1397.0,-1397.0,-335.2799987792969,-0.0,0.0,-335.0,0.0,-4.0
730732.205,2894.0,1397.0,-1397.0,-335.2799987792969,-0.0,0.0,-335.0,0.0,-4.0
730743.2,2894.0,1397.0,-1397.0,-335.2799987792969,-0.0,0.0,-335.0,0.0,-4.0
730754.204,2894.0,1397.0,-1397.0,-335.2799987792969,-0.0,0.0,-335.0,0.0,-4.0
730765.208,2894.0,1397.0,-1397.0,-335.2799987792969,-0.0,0.0,-335.0,0.0,-4.0
730776.201,2894.0,1397.0,-1397.0,-335.2799987792969,-0.0,0.0,-335.0,0.0,-4.0
730787.204,2894.0,1397.0,-1397.0,-335.2799987792969,-0.0,0.0,-335.0,0.0,-4.0
730798.201,2894.0,1397.0,-1397.0,-335.2799987792969,-0.0,0.0,-335.0,0.0,-4.0
730809.205,2894.0,1397.0,-1397.0,-335.2799987792969,-0.0,0.0,-335.0,0.0,-4.0
730819.705,2894.0,1397.0,-1397.0,-335.2799987792969,-0.0,0.0,-335.0,0.0,-4.0
730829.706,2894.0,1397.0,-1397.0,-335.2799987792969,-0.0,0.0,-335.0,0.0,-4.0
730839.706,2894.0,1397.0,-1397.0,-335.2799987792969,-0.0,0.0,-335.0,0.0,-4.0
730850.2,2894.0,1397.0,-1397.0,-335.2799987792969,-0.0,0.0,-335.0,0.0,-4.0
730861.205,2894.0,1397.0,-1397.0,-335.2799987792969,-0.0,0.0,-335.0,0.0,-4.0
730872.201,2894.0,1397.0,-1397.0,-335.2799987792969,-0.0,0.0,-335.0,0.0,-4.0
730882.202,2894.0,1397.0,-1397.0,-335.2799987792969,-0.0,0.0,-335.0,0.0,-4.0
730892.203,2894.0,1397.0,-1397.0,-335.2799987792969,-0.0,0.0,-335.0,0.0,-4.0
730902.203,2894.0,1397.0,-1397.0,-335.2799987792969,-0.0,0.0,-335.0,0.0,-4.0
730912.204,2894.0,1397.0,-1397.0,-335.2799987792969,-0.0,0.0,-335.0,0.0,-4.0
730922.334,2894.0,1397.0,-1397.0,-335.2799987792969,-0.0,0.0,-335.0,0.0,-4.0
730933.208,2894.0,1397.0,-1397.0,-335.2799987792969,-0.0,0.0,-335.0,0.0,-4.0
730944.157,2894.0,1397.0,-1397.0,-335.2799987792969,-0.0,0.0,-335.0,0.0,-4.0
730954.963,2894.0,1397.0,-1397.0,-335.2799987792969,-0.0,0.0,-335.0,0.0,-4.0
730964.964,2894.0,1397.0,-1397.0,-335.2799987792969,-0.0,0.0,-335.0,0.0,-4.0
730975.201,2894.0,1397.0,-1397.0,-335.2799987792969,-0.0,0.0,-335.0,0.0,-4.0
730986.205,2894.0,1397.0,-1397.0,-335.2799987792969,-0.0,0.0,-335.0,0.0,-4.0
730997.201,2894.0,1397.0,-1397.0,-335.2799987792969,-0.0,0.0,-335.0,0.0,-4.0
731008.205,2894.0,1397.0,-1397.0,-335.2799987792969,-0.0,0.0,-335.0,0.0,-4.0
731018.205,2894.0,1397.0,-1397.0,-335.2799987792969,-0.0,0.0,-335.0,0.0,-4.0
731029.204,2894.0,1397.0,-1397.0,-335.2799987792969,-0.0,0.0,-335.0,0.0,-4.0
731040.205,2894.0,1397.0,-1397.0,-335.2799987792969,-0.0,0.0,-335.0,0.0,-4.0
731051.205,2894.0,1397.0,-1397.0,-335.2799987792969,-0.0,0.0,-335.0,0.0,-4.0
731062.201,2894.0,1397.0,-1397.0,-335.2799987792969,-0.0,0.0,-335.0,0.0,-4.0
731072.202,2894.0,1397.0,-1397.0,-335.2799987792969,-0.0,0.0,-335.0,0.0,-4.0
731083.204,2894.0,1397.0,-1397.0,-335.2799987792969,-0.0,0.0,-335.0,0.0,-4.0
731094.363,2894.0,1397.0,-1397.0,-335.2799987792969,-0.0,0.0,-335.0,0.0,-4.0
731104.364,2894.0,1397.0,-1397.0,-335.2799987792969,-0.0,0.0,-335.0,0.0,-4.0
731115.201,2894.0,1397.0,-1397.0,-335.2799987792969,-0.0,0.0,-335.0,0.0,-4.0
731125.202,2894.0,1397.0,-1397.0,-335.2799987792969,-0.0,0.0,-335.0,0.0,-4.0
731136.205,2894.0,1397.0,-1397.0,-335.2799987792969,-0.0,0.0,-335.0,0.0,-4.0
731146.206,2894.0,1397.0,-1397.0,-335.2799987792969,-0.0,0.0,-335.0,0.0,-4.0
731156.207,2894.0,1397.0,-1397.0,-335.2799987792969,-0.0,0.0,-335.0,0.0,-4.0
731167.201,2894.0,1397.0,-1397.0,-335.2799987792969,-0.0,0.0,-335.0,0.0,-4.0
731178.2,2894.0,1397.0,-1397.0,-335.2799987792969,-0.0,0.0,-335.0,0.0,-4.0
731188.201,2894.0,1397.0,-1397.0,-335.2799987792969,-0.0,0.0,-335.0,0.0,-4.0
731199.205,2894.0,1397.0,-1397.0,-335.2799987792969,-0.0,0.0,-335.0,0.0,-4.0
731209.205,2894.0,1397.0,-1397.0,-335.2799987792969,-0.0,0.0,-335.0,0.0,-4.0
731220.2,2894.0,1397.0,-1397.0,-335.2799987792969,-0.0,0.0,-335.0,0.0,-4.0
731231.205,2894.0,1397.0,-1397.0,-335.2799987792969,-0.0,0.0,-335.0,0.0,-4.0
731242.205,2894.0,1397.0,-1397.0,-335.2799987792969,-0.0,0.0,-335.0,0.0,-4.0
731253.201,2894.0,1397.0,-1397.0,-335.2799987792969,-0.0,0.0,-335.0,0.0,-4.0
731263.201,2894.0,1397.0,-1397.0,-335.2799987792969,-0.0,0.0,-335.0,0.0,-4.0
731274.201,2894.0,1397.0,-1397.0,-335.2799987792969,-0.0,0.0,-335.0,0.0,-4.0
731284.202,2894.0,1397.0,-1397.0,-335.2799987792969,-0.0,0.0,-335.0,0.0,-4.0
731295.201,2894.0,1397.0,-1397.0,-335.2799987792969,-0.0,0.0,-335.0,0.0,-4.0
731306.205,2894.0,1397.0,-1397.0,-335.2799987792969,-0.0,0.0,-335.0,0.0,-4.0
731317.205,2894.0,1397.0,-1397.0,-335.2799987792969,-0.0,0.0,-335.0,0.0,-4.0
731327.205,2894.0,1397.0,-1397.0,-335.2799987792969,-0.0,0.0,-335.0,0.0,-4.0
731337.614,2894.0,1397.0,-1397.0,-335.2799987792969,-0.0,0.0,-335.0,0.0,-4.0
731347.614,2894.0,1397.0,-1397.0,-335.2799987792969,-0.0,0.0,-335.0,0.0,-4.0
731358.2,2894.0,1397.0,-1397.0,-335.2799987792969,-0.0,0.0,-335.0,0.0,-4.0
731369.201,2894.0,1397.0,-1397.0,-335.2799987792969,-0.0,0.0,-335.0,0.0,-4.0
731380.205,2894.0,1397.0,-1397.0,-335.2799987792969,-0.0,0.0,-335.0,0.0,-4.0
731391.204,2894.0,1397.0,-1397.0,-335.2799987792969,-0.0,0.0,-335.0,0.0,-4.0
731401.204,2894.0,1397.0,-1397.0,-335.2799987792969,-0.0,0.0,-335.0,0.0,-4.0
731411.205,2894.0,1397.0,-1397.0,-335.2799987792969,-0.0,0.0,-335.0,0.0,-4.0
731422.2,2894.0,1397.0,-1397.0,-335.2799987792969,-0.0,0.0,-335.0,0.0,-4.0
731432.201,2894.0,1397.0,-1397.0,-335.2799987792969,-0.0,0.0,-335.0,0.0,-4.0
731442.201,2894.0,1397.0,-1397.0,-335.2799987792969,-0.0,0.0,-335.0,0.0,-4.0
731452.201,2894.0,1397.0,-1397.0,-335.2799987792969,-0.0,0.0,-335.0,0.0,-4.0
731462.202,2894.0,1397.0,-1397.0,-335.2799987792969,-0.0,0.0,-335.0,0.0,-4.0
731473.201,2894.0,1397.0,-1397.0,-335.2799987792969,-0.0,0.0,-335.0,0.0,-4.0
731483.202,2894.0,1397.0,-1397.0,-335.2799987792969,-0.0,0.0,-335.0,0.0,-4.0
731494.205,2894.0,1397.0,-1397.0,-335.2799987792969,-0.0,0.0,-335.0,0.0,-4.0
731504.952,2894.0,1397.0,-1397.0,-335.2799987792969,-0.0,0.0,-335.0,0.0,-4.0
731514.953,2894.0,1397.0,-1397.0,-335.2799987792969,-0.0,0.0,-335.0,0.0,-4.0
731524.953,2894.0,1397.0,-1397.0,-335.2799987792969,-0.0,0.0,-335.0,0.0,-4.0
731535.201,2894.0,1397.0,-1397.0,-335.2799987792969,-0.0,0.0,-335.0,0.0,-4.0
731545.202,2894.0,1397.0,-1397.0,-335.2799987792969,-0.0,0.0,-335.0,0.0,-4.0
731555.202,2894.0,1397.0,-1397.0,-335.2799987792969,-0.0,0.0,-335.0,0.0,-4.0
731566.201,2894.0,1397.0,-1397.0,-335.2799987792969,-0.0,0.0,-335.0,0.0,-4.0
731577.205,2894.0,1397.0,-1397.0,-335.2799987792969,-0.0,0.0,-335.0,0.0,-4.0
731588.205,2894.0,1397.0,-1397.0,-335.2799987792969,-0.0,0.0,-335.0,0.0,-4.0
731599.201,2894.0,1397.0,-1397.0,-335.2799987792969,-0.0,0.0,-335.0,0.0,-4.0
731610.205,2894.0,1397.0,-1397.0,-335.2799987792969,-0.0,0.0,-335.0,0.0,-4.0
731621.205,2894.0,1397.0,-1397.0,-335.2799987792969,-0.0,0.0,-335.0,0.0,-4.0
731631.205,2894.0,1397.0,-1397.0,-335.2799987792969,-0.0,0.0,-335.0,0.0,-4.0
731641.206,2894.0,1397.0,-1397.0,-335.2799987792969,-0.0,0.0,-335.0,0.0,-4.0
731652.325,2894.0,1397.0,-1397.0,-335.2799987792969,-0.0,0.0,-335.0,0.0,-4.0
731663.205,2894.0,1397.0,-1397.0,-335.2799987792969,-0.0,0.0,-335.0,0.0,-4.0
731673.205,2894.0,1397.0,-1397.0,-335.2799987792969,-0.0,0.0,-335.0,0.0,-4.0
731684.413,2894.0,1397.0,-1397.0,-335.2799987792969,-0.0,0.0,-335.0,0.0,-4.0
731695.2,2894.0,1397.0,-1397.0,-335.2799987792969,-0.0,0.0,-335.0,0.0,-4.0
731705.201,2894.0,1397.0,-1397.0,-335.2799987792969,-0.0,0.0,-335.0,0.0,-4.0
731715.201,2894.0,1397.0,-1397.0,-335.2799987792969,-0.0,0.0,-335.0,0.0,-4.0
731726.2,2894.0,1397.0,-1397.0,-335.2799987792969,-0.0,0.0,-335.0,0.0,-4.0
731737.204,2894.0,1397.0,-1397.0,-335.2799987792969,-0.0,0.0,-335.0,0.0,-4.0
731748.201,2894.0,1397.0,-1397.0,-335.2799987792969,-0.0,0.0,-335.0,0.0,-4.0
731759.205,2894.0,1397.0,-1397.0,-335.2799987792969,-0.0,0.0,-335.0,0.0,-4.0
731769.206,2894.0,1397.0,-1397.0,-335.2799987792969,-0.0,0.0,-335.0,0.0,-4.0
731780.205,2894.0,1397.0,-1397.0,-335.2799987792969,-0.0,0.0,-335.0,0.0,-4.0
731790.206,2894.0,1397.0,-1397.0,-335.2799987792969,-0.0,0.0,-335.0,0.0,-4.0
731800.207,2894.0,1397.0,-1397.0,-335.2799987792969,-0.0,0.0,-335.0,0.0,-4.0
731811.205,2894.0,1397.0,-1397.0,-335.2799987792969,-0.0,0.0,-335.0,0.0,-4.0
731821.205,2894.0,1397.0,-1397.0,-335.2799987792969,-0.0,0.0,-335.0,0.0,-4.0
731831.206,2894.0,1397.0,-1397.0,-335.2799987792969,-0.0,0.0,-335.0,0.0,-4.0
731842.205,2894.0,1397.0,-1397.0,-335.2799987792969,-0.0,0.0,-335.0,0.0,-4.0
731853.503,2894.0,1397.0,-1397.0,-335.2799987792969,-0.0,0.0,-335.0,0.0,-4.0
731863.503,2894.0,1397.0,-1397.0,-335.2799987792969,-0.0,0.0,-335.0,0.0,-4.0
731874.205,2894.0,1397.0,-1397.0,-335.2799987792969,-0.0,0.0,-335.0,0.0,-4.0
731885.201,2894.0,1397.0,-1397.0,-335.2799987792969,-0.0,0.0,-335.0,0.0,-4.0
731895.202,2894.0,1397.0,-1397.0,-335.2799987792969,-0.0,0.0,-335.0,0.0,-4.0
731905.202,2894.0,1397.0,-1397.0,-335.2799987792969,-0.0,0.0,-335.0,0.0,-4.0
731916.205,2894.0,1397.0,-1397.0,-335.2799987792969,-0.0,0.0,-335.0,0.0,-4.0
731927.201,2894.0,1397.0,-1397.0,-335.2799987792969,-0.0,0.0,-335.0,0.0,-4.0
731938.205,2894.0,1397.0,-1397.0,-335.2799987792969,-0.0,0.0,-335.0,0.0,-4.0
731949.2,2894.0,1397.0,-1397.0,-335.2799987792969,-0.0,0.0,-335.0,0.0,-4.0
731960.204,2894.0,1397.0,-1397.0,-335.2799987792969,-0.0,0.0,-335.0,0.0,-4.0
731971.205,2894.0,1397.0,-1397.0,-335.2799987792969,-0.0,0.0,-335.0,0.0,-4.0
731982.201,2894.0,1397.0,-1397.0,-335.2799987792969,-0.0,0.0,-335.0,0.0,-4.0
731993.205,2894.0,1397.0,-1397.0,-335.2799987792969,-0.0,0.0,-335.0,0.0,-4.0
732003.206,2894.0,1397.0,-1397.0,-335.2799987792969,-0.0,0.0,-335.0,0.0,-4.0
732014.201,2894.0,1397.0,-1397.0,-335.2799987792969,-0.0,0.0,-335.0,0.0,-4.0
732025.205,2894.0,1397.0,-1397.0,-335.2799987792969,-0.0,0.0,-335.0,0.0,-4.0
732036.205,2894.0,1397.0,-1397.0,-335.2799987792969,-0.0,0.0,-335.0,0.0,-4.0
732047.201,2894.0,1397.0,-1397.0,-335.2799987792969,-0.0,0.0,-335.0,0.0,-4.0
732058.205,2894.0,1397.0,-1397.0,-335.2799987792969,-0.0,0.0,-335.0,0.0,-4.0
732069.209,2894.0,1397.0,-1397.0,-335.2799987792969,-0.0,0.0,-335.0,0.0,-4.0
732079.21,2894.0,1397.0,-1397.0,-335.2799987792969,-0.0,0.0,-335.0,0.0,-4.0
732089.335,2894.0,1397.0,-1397.0,-335.2799987792969,-0.0,0.0,-335.0,0.0,-4.0
732100.213,2894.0,1397.0,-1397.0,-335.2799987792969,-0.0,0.0,-335.0,0.0,-4.0
732111.157,2894.0,1397.0,-1397.0,-335.2799987792969,-0.0,0.0,-335.0,0.0,-4.0
732122.173,2894.0,1397.0,-1397.0,-335.2799987792969,-0.0,0.0,-335.0,0.0,-4.0
732133.201,2894.0,1397.0,-1397.0,-335.2799987792969,-0.0,0.0,-335.0,0.0,-4.0
732143.202,2894.0,1397.0,-1397.0,-335.2799987792969,-0.0,0.0,-335.0,0.0,-4.0
732154.201,2894.0,1397.0,-1397.0,-335.2799987792969,-0.0,0.0,-335.0,0.0,-4.0
732164.201,2894.0,1397.0,-1397.0,-335.2799987792969,-0.0,0.0,-335.0,0.0,-4.0
732174.201,2894.0,1397.0,-1397.0,-335.2799987792969,-0.0,0.0,-335.0,0.0,-4.0
732184.201,2894.0,1397.0,-1397.0,-335.2799987792969,-0.0,0.0,-335.0,0.0,-4.0
732194.201,2894.0,1397.0,-1397.0,-335.2799987792969,-0.0,0.0,-335.0,0.0,-4.0
732205.201,2894.0,1397.0,-1397.0,-335.2799987792969,-0.0,0.0,-335.0,0.0,-4.0
732216.204,2894.0,1397.0,-1397.0,-335.2799987792969,-0.0,0.0,-335.0,0.0,-4.0
732227.201,2894.0,1397.0,-1397.0,-335.2799987792969,-0.0,0.0,-335.0,0.0,-4.0
732238.205,2894.0,1397.0,-1397.0,-335.2799987792969,-0.0,0.0,-335.0,0.0,-4.0
732249.209,2894.0,1397.0,-1397.0,-335.2799987792969,-0.0,0.0,-335.0,0.0,-4.0
732259.21,2894.0,1397.0,-1397.0,-335.2799987792969,-0.0,0.0,-335.0,0.0,-4.0
732269.21,2894.0,1397.0,-1397.0,-335.2799987792969,-0.0,0.0,-335.0,0.0,-4.0
732280.492,2894.0,1397.0,-1397.0,-335.2799987792969,-0.0,0.0,-335.0,0.0,-4.0
732291.205,2894.0,1397.0,-1397.0,-335.2799987792969,-0.0,0.0,-335.0,0.0,-4.0
732302.157,2894.0,1397.0,-1397.0,-335.2799987792969,-0.0,0.0,-335.0,0.0,-4.0
732312.157,2894.0,1397.0,-1397.0,-335.2799987792969,-0.0,0.0,-335.0,0.0,-4.0
732323.205,2894.0,1397.0,-1397.0,-335.2799987792969,-0.0,0.0,-335.0,0.0,-4.0
732334.201,2894.0,1397.0,-1397.0,-335.2799987792969,-0.0,0.0,-335.0,0.0,-4.0
732344.201,2894.0,1397.0,-1397.0,-335.2799987792969,-0.0,0.0,-335.0,0.0,-4.0
732354.202,2894.0,1397.0,-1397.0,-335.2799987792969,-0.0,0.0,-335.0,0.0,-4.0
732365.205,2894.0,1397.0,-1397.0,-335.2799987792969,-0.0,0.0,-335.0,0.0,-4.0
732375.205,2894.0,1397.0,-1397.0,-335.2799987792969,-0.0,0.0,-335.0,0.0,-4.0
732385.205,2894.0,1397.0,-1397.0,-335.2799987792969,-0.0,0.0,-335.0,0.0,-4.0
732395.206,2894.0,1397.0,-1397.0,-335.2799987792969,-0.0,0.0,-335.0,0.0,-4.0
732405.207,2894.0,1397.0,-1397.0,-335.2799987792969,-0.0,0.0,-335.0,0.0,-4.0
732415.689,2894.0,1397.0,-1397.0,-335.2799987792969,-0.0,0.0,-335.0,0.0,-4.0
732425.689,2894.0,1397.0,-1397.0,-335.2799987792969,-0.0,0.0,-335.0,0.0,-4.0
732435.69,2894.0,1397.0,-1397.0,-335.2799987792969,-0.0,0.0,-335.0,0.0,-4.0
732446.2,2894.0,1397.0,-1397.0,-335.2799987792969,-0.0,0.0,-335.0,0.0,-4.0
732457.205,2894.0,1397.0,-1397.0,-335.2799987792969,-0.0,0.0,-335.0,0.0,-4.0
732467.206,2894.0,1397.0,-1397.0,-335.2799987792969,-0.0,0.0,-335.0,0.0,-4.0
732477.206,2894.0,1397.0,-1397.0,-335.2799987792969,-0.0,0.0,-335.0,0.0,-4.0
732487.206,2894.0,1397.0,-1397.0,-335.2799987792969,-0.0,0.0,-335.0,0.0,-4.0
732498.2,2894.0,1397.0,-1397.0,-335.2799987792969,-0.0,0.0,-335.0,0.0,-4.0
732508.666,2894.0,1397.0,-1397.0,-335.2799987792969,-0.0,0.0,-335.0,0.0,-4.0
732519.2,2894.0,1397.0,-1397.0,-335.2799987792969,-0.0,0.0,-335.0,0.0,-4.0
732529.2,2894.0,1397.0,-1397.0,-335.2799987792969,-0.0,0.0,-335.0,0.0,-4.0
732540.205,2894.0,1397.0,-1397.0,-335.2799987792969,-0.0,0.0,-335.0,0.0,-4.0
732550.205,2894.0,1397.0,-1397.0,-335.2799987792969,-0.0,0.0,-335.0,0.0,-4.0
732561.201,2894.0,1397.0,-1397.0,-335.2799987792969,-0.0,0.0,-335.0,0.0,-4.0
732572.173,2894.0,1397.0,-1397.0,-335.2799987792969,-0.0,0.0,-335.0,0.0,-4.0
732583.205,2894.0,1397.0,-1397.0,-335.2799987792969,-0.0,0.0,-335.0,0.0,-4.0
732593.206,2894.0,1397.0,-1397.0,-335.2799987792969,-0.0,0.0,-335.0,0.0,-4.0
732604.204,2894.0,1397.0,-1397.0,-335.2799987792969,-0.0,0.0,-335.0,0.0,-4.0
732615.2,2894.0,1397.0,-1397.0,-335.2799987792969,-0.0,0.0,-335.0,0.0,-4.0
732626.205,2894.0,1397.0,-1397.0,-335.2799987792969,-0.0,0.0,-335.0,0.0,-4.0
732637.205,2894.0,1397.0,-1397.0,-335.2799987792969,-0.0,0.0,-335.0,0.0,-4.0
732648.201,2894.0,1397.0,-1397.0,-335.2799987792969,-0.0,0.0,-335.0,0.0,-4.0
732659.205,2894.0,1397.0,-1397.0,-335.2799987792969,-0.0,0.0,-335.0,0.0,-4.0
732669.206,2894.0,1397.0,-1397.0,-335.2799987792969,-0.0,0.0,-335.0,0.0,-4.0
732679.206,2894.0,1397.0,-1397.0,-335.2799987792969,-0.0,0.0,-335.0,0.0,-4.0
732690.204,2894.0,1397.0,-1397.0,-335.2799987792969,-0.0,0.0,-335.0,0.0,-4.0
732701.205,2894.0,1397.0,-1397.0,-335.2799987792969,-0.0,0.0,-335.0,0.0,-4.0
732712.2,2894.0,1397.0,-1397.0,-335.2799987792969,-0.0,0.0,-335.0,0.0,-4.0
732722.2,2894.0,1397.0,-1397.0,-335.2799987792969,-0.0,0.0,-335.0,0.0,-4.0
732733.204,2894.0,1397.0,-1397.0,-335.2799987792969,-0.0,0.0,-335.0,0.0,-4.0
732743.314,2894.0,1397.0,-1397.0,-335.2799987792969,-0.0,0.0,-335.0,0.0,-4.0
732754.006,2894.0,1397.0,-1397.0,-335.2799987792969,-0.0,0.0,-335.0,0.0,-4.0
732764.006,2894.0,1397.0,-1397.0,-335.2799987792969,-0.0,0.0,-335.0,0.0,-4.0
732774.201,2894.0,1397.0,-1397.0,-335.2799987792969,-0.0,0.0,-335.0,0.0,-4.0
732784.202,2894.0,1397.0,-1397.0,-335.2799987792969,-0.0,0.0,-335.0,0.0,-4.0
732794.202,2894.0,1397.0,-1397.0,-335.2799987792969,-0.0,0.0,-335.0,0.0,-4.0
732804.203,2894.0,1397.0,-1397.0,-335.2799987792969,-0.0,0.0,-335.0,0.0,-4.0
732814.204,2894.0,1397.0,-1397.0,-335.2799987792969,-0.0,0.0,-335.0,0.0,-4.0
732824.326,2894.0,1397.0,-1397.0,-335.2799987792969,-0.0,0.0,-335.0,0.0,-4.0
732834.331,2894.0,1397.0,-1397.0,-335.2799987792969,-0.0,0.0,-335.0,0.0,-4.0
732844.332,2894.0,1397.0,-1397.0,-335.2799987792969,-0.0,0.0,-335.0,0.0,-4.0
732854.405,2894.0,1397.0,-1397.0,-335.2799987792969,-0.0,0.0,-335.0,0.0,-4.0
732864.406,2894.0,1397.0,-1397.0,-335.2799987792969,-0.0,0.0,-335.0,0.0,-4.0
732875.205,2894.0,1397.0,-1397.0,-335.2799987792969,-0.0,0.0,-335.0,0.0,-4.0
732886.201,2894.0,1397.0,-1397.0,-335.2799987792969,-0.0,0.0,-335.0,0.0,-4.0
732897.205,2894.0,1397.0,-1397.0,-335.2799987792969,-0.0,0.0,-335.0,0.0,-4.0
732908.205,2894.0,1397.0,-1397.0,-335.2799987792969,-0.0,0.0,-335.0,0.0,-4.0
732919.201,2894.0,1397.0,-1397.0,-335.2799987792969,-0.0,0.0,-335.0,0.0,-4.0
732929.201,2894.0,1397.0,-1397.0,-335.2799987792969,-0.0,0.0,-335.0,0.0,-4.0
732940.2,2894.0,1397.0,-1397.0,-335.2799987792969,-0.0,0.0,-335.0,0.0,-4.0
732951.205,2894.0,1397.0,-1397.0,-335.2799987792969,-0.0,0.0,-335.0,0.0,-4.0
732962.205,2894.0,1397.0,-1397.0,-335.2799987792969,-0.0,0.0,-335.0,0.0,-4.0
732973.2,2894.0,1397.0,-1397.0,-335.2799987792969,-0.0,0.0,-335.0,0.0,-4.0
732983.201,2894.0,1397.0,-1397.0,-335.2799987792969,-0.0,0.0,-335.0,0.0,-4.0
732993.201,2894.0,1397.0,-1397.0,-335.2799987792969,-0.0,0.0,-335.0,0.0,-4.0
733004.205,2894.0,1397.0,-1397.0,-335.2799987792969,-0.0,0.0,-335.0,0.0,-4.0
733015.201,2894.0,1397.0,-1397.0,-335.2799987792969,-0.0,0.0,-335.0,0.0,-4.0
733025.201,2894.0,1397.0,-1397.0,-335.2799987792969,-0.0,0.0,-335.0,0.0,-4.0
733035.202,2894.0,1397.0,-1397.0,-335.2799987792969,-0.0,0.0,-335.0,0.0,-4.0
733045.203,2894.0,1397.0,-1397.0,-335.2799987792969,-0.0,0.0,-335.0,0.0,-4.0
733056.527,2894.0,1397.0,-1397.0,-335.2799987792969,-0.0,0.0,-335.0,0.0,-4.0
733066.528,2894.0,1397.0,-1397.0,-335.2799987792969,-0.0,0.0,-335.0,0.0,-4.0
733076.529,2894.0,1397.0,-1397.0,-335.2799987792969,-0.0,0.0,-335.0,0.0,-4.0
733087.204,2894.0,1397.0,-1397.0,-335.2799987792969,-0.0,0.0,-335.0,0.0,-4.0
733097.205,2894.0,1397.0,-1397.0,-335.2799987792969,-0.0,0.0,-335.0,0.0,-4.0
733107.206,2894.0,1397.0,-1397.0,-335.2799987792969,-0.0,0.0,-335.0,0.0,-4.0
733118.205,2894.0,1397.0,-1397.0,-335.2799987792969,-0.0,0.0,-335.0,0.0,-4.0
733128.206,2894.0,1397.0,-1397.0,-335.2799987792969,-0.0,0.0,-335.0,0.0,-4.0
733139.204,2894.0,1397.0,-1397.0,-335.2799987792969,-0.0,0.0,-335.0,0.0,-4.0
733149.205,2894.0,1397.0,-1397.0,-335.2799987792969,-0.0,0.0,-335.0,0.0,-4.0
733160.205,2894.0,1397.0,-1397.0,-335.2799987792969,-0.0,0.0,-335.0,0.0,-4.0
733171.201,2894.0,1397.0,-1397.0,-335.2799987792969,-0.0,0.0,-335.0,0.0,-4.0
733182.204,2894.0,1397.0,-1397.0,-335.2799987792969,-0.0,0.0,-335.0,0.0,-4.0
733192.646,2894.0,1397.0,-1397.0,-335.2799987792969,-0.0,0.0,-335.0,0.0,-4.0
733203.204,2894.0,1397.0,-1397.0,-335.2799987792969,-0.0,0.0,-335.0,0.0,-4.0
733214.209,2894.0,1397.0,-1397.0,-335.2799987792969,-0.0,0.0,-335.0,0.0,-4.0
733224.21,2894.0,1397.0,-1397.0,-335.2799987792969,-0.0,0.0,-335.0,0.0,-4.0
733234.21,2894.0,1397.0,-1397.0,-335.2799987792969,-0.0,0.0,-335.0,0.0,-4.0
733245.201,2894.0,1397.0,-1397.0,-335.2799987792969,-0.0,0.0,-335.0,0.0,-4.0
733255.202,2894.0,1397.0,-1397.0,-335.2799987792969,-0.0,0.0,-335.0,0.0,-4.0
733265.202,2894.0,1397.0,-1397.0,-335.2799987792969,-0.0,0.0,-335.0,0.0,-4.0
733275.202,2894.0,1397.0,-1397.0,-335.2799987792969,-0.0,0.0,-335.0,0.0,-4.0
733286.201,2894.0,1397.0,-1397.0,-335.2799987792969,-0.0,0.0,-335.0,0.0,-4.0
733296.202,2894.0,1397.0,-1397.0,-335.2799987792969,-0.0,0.0,-335.0,0.0,-4.0
733307.2,2894.0,1397.0,-1397.0,-335.2799987792969,-0.0,0.0,-335.0,0.0,-4.0
733317.201,2894.0,1397.0,-1397.0,-335.2799987792969,-0.0,0.0,-335.0,0.0,-4.0
733327.243,2894.0,1397.0,-1397.0,-335.2799987792969,-0.0,0.0,-335.0,0.0,-4.0
733338.209,2894.0,1397.0,-1397.0,-335.2799987792969,-0.0,0.0,-335.0,0.0,-4.0
733349.319,2894.0,1397.0,-1397.0,-335.2799987792969,-0.0,0.0,-335.0,0.0,-4.0
733359.319,2894.0,1397.0,-1397.0,-335.2799987792969,-0.0,0.0,-335.0,0.0,-4.0
733370.173,2894.0,1397.0,-1397.0,-335.2799987792969,-0.0,0.0,-335.0,0.0,-4.0
733381.201,2894.0,1397.0,-1397.0,-335.2799987792969,-0.0,0.0,-335.0,0.0,-4.0
733392.204,2894.0,1397.0,-1397.0,-335.2799987792969,-0.0,0.0,-335.0,0.0,-4.0
733402.204,2894.0,1397.0,-1397.0,-335.2799987792969,-0.0,0.0,-335.0,0.0,-4.0
733412.205,2894.0,1397.0,-1397.0,-335.2799987792969,-0.0,0.0,-335.0,0.0,-4.0
733422.206,2894.0,1397.0,-1397.0,-335.2799987792969,-0.0,0.0,-335.0,0.0,-4.0
733432.206,2894.0,1397.0,-1397.0,-335.2799987792969,-0.0,0.0,-335.0,0.0,-4.0
733443.205,2894.0,1397.0,-1397.0,-335.2799987792969,-0.0,0.0,-335.0,0.0,-4.0
733454.202,2894.0,1397.0,-1397.0,-335.2799987792969,-0.0,0.0,-335.0,0.0,-4.0
733464.203,2894.0,1397.0,-1397.0,-335.2799987792969,-0.0,0.0,-335.0,0.0,-4.0
733474.204,2894.0,1397.0,-1397.0,-335.2799987792969,-0.0,0.0,-335.0,0.0,-4.0
733485.274,2894.0,1397.0,-1397.0,-335.2799987792969,-0.0,0.0,-335.0,0.0,-4.0
733495.274,2894.0,1397.0,-1397.0,-335.2799987792969,-0.0,0.0,-335.0,0.0,-4.0
733505.299,2894.0,1397.0,-1397.0,-335.2799987792969,-0.0,0.0,-335.0,0.0,-4.0
733516.201,2894.0,1397.0,-1397.0,-335.2799987792969,-0.0,0.0,-335.0,0.0,-4.0
733527.157,2894.0,1397.0,-1397.0,-335.2799987792969,-0.0,0.0,-335.0,0.0,-4.0
733538.205,2894.0,1397.0,-1397.0,-335.2799987792969,-0.0,0.0,-335.0,0.0,-4.0
733549.173,2894.0,1397.0,-1397.0,-335.2799987792969,-0.0,0.0,-335.0,0.0,-4.0
733559.173,2894.0,1397.0,-1397.0,-335.2799987792969,-0.0,0.0,-335.0,0.0,-4.0
733569.174,2894.0,1397.0,-1397.0,-335.2799987792969,-0.0,0.0,-335.0,0.0,-4.0
733580.2,2894.0,1397.0,-1397.0,-335.2799987792969,-0.0,0.0,-335.0,0.0,-4.0
733590.201,2894.0,1397.0,-1397.0,-335.2799987792969,-0.0,0.0,-335.0,0.0,-4.0
733601.201,2894.0,1397.0,-1397.0,-335.2799987792969,-0.0,0.0,-335.0,0.0,-4.0
733612.204,2894.0,1397.0,-1397.0,-335.2799987792969,-0.0,0.0,-335.0,0.0,-4.0
733623.204,2894.0,1397.0,-1397.0,-335.2799987792969,-0.0,0.0,-335.0,0.0,-4.0
733634.201,2894.0,1397.0,-1397.0,-335.2799987792969,-0.0,0.0,-335.0,0.0,-4.0
733645.205,2894.0,1397.0,-1397.0,-335.2799987792969,-0.0,0.0,-335.0,0.0,-4.0
733655.206,2894.0,1397.0,-1397.0,-335.2799987792969,-0.0,0.0,-335.0,0.0,-4.0
733666.204,2894.0,1397.0,-1397.0,-335.2799987792969,-0.0,0.0,-335.0,0.0,-4.0
733677.201,2894.0,1397.0,-1397.0,-335.2799987792969,-0.0,0.0,-335.0,0.0,-4.0
733687.201,2894.0,1397.0,-1397.0,-335.2799987792969,-0.0,0.0,-335.0,0.0,-4.0
733698.201,2894.0,1397.0,-1397.0,-335.2799987792969,-0.0,0.0,-335.0,0.0,-4.0
733709.204,2894.0,1397.0,-1397.0,-335.2799987792969,-0.0,0.0,-335.0,0.0,-4.0
733720.201,2894.0,1397.0,-1397.0,-335.2799987792969,-0.0,0.0,-335.0,0.0,-4.0
733731.209,2894.0,1397.0,-1397.0,-335.2799987792969,-0.0,0.0,-335.0,0.0,-4.0
733742.158,2894.0,1397.0,-1397.0,-335.2799987792969,-0.0,0.0,-335.0,0.0,-4.0
733753.351,2894.0,1397.0,-1397.0,-335.2799987792969,-0.0,0.0,-335.0,0.0,-4.0
733764.201,2894.0,1397.0,-1397.0,-335.2799987792969,-0.0,0.0,-335.0,0.0,-4.0
733775.258,2894.0,1397.0,-1397.0,-335.2799987792969,-0.0,0.0,-335.0,0.0,-4.0
733787.208,2894.0,1397.0,-1397.0,-335.2799987792969,-0.0,0.0,-335.0,0.0,-4.0
733797.208,2894.0,1397.0,-1397.0,-335.2799987792969,-0.0,0.0,-335.0,0.0,-4.0
733807.208,2894.0,1397.0,-1397.0,-335.2799987792969,-0.0,0.0,-335.0,0.0,-4.0
733818.201,2894.0,1397.0,-1397.0,-335.2799987792969,-0.0,0.0,-335.0,0.0,-4.0
733828.201,2894.0,1397.0,-1397.0,-335.2799987792969,-0.0,0.0,-335.0,0.0,-4.0
733839.208,2894.0,1397.0,-1397.0,-335.2799987792969,-0.0,0.0,-335.0,0.0,-4.0
733850.201,2894.0,1397.0,-1397.0,-335.2799987792969,-0.0,0.0,-335.0,0.0,-4.0
733861.205,2894.0,1397.0,-1397.0,-335.2799987792969,-0.0,0.0,-335.0,0.0,-4.0
733872.205,2894.0,1397.0,-1397.0,-335.2799987792969,-0.0,0.0,-335.0,0.0,-4.0
733883.2,2894.0,1397.0,-1397.0,-335.2799987792969,-0.0,0.0,-335.0,0.0,-4.0
733893.2,2894.0,1397.0,-1397.0,-335.2799987792969,-0.0,0.0,-335.0,0.0,-4.0
733904.2,2894.0,1397.0,-1397.0,-335.2799987792969,-0.0,0.0,-335.0,0.0,-4.0
733915.204,2894.0,1397.0,-1397.0,-335.2799987792969,-0.0,0.0,-335.0,0.0,-4.0
733926.205,2894.0,1397.0,-1397.0,-335.2799987792969,-0.0,0.0,-335.0,0.0,-4.0
733937.201,2894.0,1397.0,-1397.0,-335.2799987792969,-0.0,0.0,-335.0,0.0,-4.0
733947.202,2894.0,1397.0,-1397.0,-335.2799987792969,-0.0,0.0,-335.0,0.0,-4.0
733957.202,2894.0,1397.0,-1397.0,-335.2799987792969,-0.0,0.0,-335.0,0.0,-4.0
733967.55,2894.0,1397.0,-1397.0,-335.2799987792969,-0.0,0.0,-335.0,0.0,-4.0
733978.204,2894.0,1397.0,-1397.0,-335.2799987792969,-0.0,0.0,-335.0,0.0,-4.0
733988.205,2894.0,1397.0,-1397.0,-335.2799987792969,-0.0,0.0,-335.0,0.0,-4.0
733999.184,2894.0,1397.0,-1397.0,-335.2799987792969,-0.0,0.0,-335.0,0.0,-4.0
734009.184,2894.0,1397.0,-1397.0,-335.2799987792969,-0.0,0.0,-335.0,0.0,-4.0
734020.201,2894.0,1397.0,-1397.0,-335.2799987792969,-0.0,0.0,-335.0,0.0,-4.0
734030.202,2894.0,1397.0,-1397.0,-335.2799987792969,-0.0,0.0,-335.0,0.0,-4.0
734041.201,2894.0,1397.0,-1397.0,-335.2799987792969,-0.0,0.0,-335.0,0.0,-4.0
734051.202,2894.0,1397.0,-1397.0,-335.2799987792969,-0.0,0.0,-335.0,0.0,-4.0
734061.203,2894.0,1397.0,-1397.0,-335.2799987792969,-0.0,0.0,-335.0,0.0,-4.0
734072.205,2894.0,1397.0,-1397.0,-335.2799987792969,-0.0,0.0,-335.0,0.0,-4.0
734083.201,2894.0,1397.0,-1397.0,-335.2799987792969,-0.0,0.0,-335.0,0.0,-4.0
734093.202,2894.0,1397.0,-1397.0,-335.2799987792969,-0.0,0.0,-335.0,0.0,-4.0
734104.205,2894.0,1397.0,-1397.0,-335.2799987792969,-0.0,0.0,-335.0,0.0,-4.0
734115.201,2894.0,1397.0,-1397.0,-335.2799987792969,-0.0,0.0,-335.0,0.0,-4.0
734125.201,2894.0,1397.0,-1397.0,-335.2799987792969,-0.0,0.0,-335.0,0.0,-4.0
734136.288,2894.0,1397.0,-1397.0,-335.2799987792969,-0.0,0.0,-335.0,0.0,-4.0
734147.085,2894.0,1397.0,-1397.0,-335.2799987792969,-0.0,0.0,-335.0,0.0,-4.0
734158.104,2894.0,1397.0,-1397.0,-335.2799987792969,-0.0,0.0,-335.0,0.0,-4.0
734168.322,2894.0,1397.0,-1397.0,-335.2799987792969,-0.0,0.0,-335.0,0.0,-4.0
734178.323,2894.0,1397.0,-1397.0,-335.2799987792969,-0.0,0.0,-335.0,0.0,-4.0
734188.324,2894.0,1397.0,-1397.0,-335.2799987792969,-0.0,0.0,-335.0,0.0,-4.0
734198.325,2894.0,1397.0,-1397.0,-335.2799987792969,-0.0,0.0,-335.0,0.0,-4.0
734209.205,2894.0,1397.0,-1397.0,-335.2799987792969,-0.0,0.0,-335.0,0.0,-4.0
734219.206,2894.0,1397.0,-1397.0,-335.2799987792969,-0.0,0.0,-335.0,0.0,-4.0
734230.205,2894.0,1397.0,-1397.0,-335.2799987792969,-0.0,0.0,-335.0,0.0,-4.0
734240.205,2894.0,1397.0,-1397.0,-335.2799987792969,-0.0,0.0,-335.0,0.0,-4.0
734250.205,2894.0,1397.0,-1397.0,-335.2799987792969,-0.0,0.0,-335.0,0.0,-4.0
734261.205,2894.0,1397.0,-1397.0,-335.2799987792969,-0.0,0.0,-335.0,0.0,-4.0
734272.209,2894.0,1397.0,-1397.0,-335.2799987792969,-0.0,0.0,-335.0,0.0,-4.0
734282.209,2894.0,1397.0,-1397.0,-335.2799987792969,-0.0,0.0,-335.0,0.0,-4.0
734292.21,2894.0,1397.0,-1397.0,-335.2799987792969,-0.0,0.0,-335.0,0.0,-4.0
734302.211,2894.0,1397.0,-1397.0,-335.2799987792969,-0.0,0.0,-335.0,0.0,-4.0
734313.205,2894.0,1397.0,-1397.0,-335.2799987792969,-0.0,0.0,-335.0,0.0,-4.0
734324.201,2894.0,1397.0,-1397.0,-335.2799987792969,-0.0,0.0,-335.0,0.0,-4.0
734335.204,2894.0,1397.0,-1397.0,-335.2799987792969,-0.0,0.0,-335.0,0.0,-4.0
734346.205,2894.0,1397.0,-1397.0,-335.2799987792969,-0.0,0.0,-335.0,0.0,-4.0
734356.206,2894.0,1397.0,-1397.0,-335.2799987792969,-0.0,0.0,-335.0,0.0,-4.0
734367.205,2894.0,1397.0,-1397.0,-335.2799987792969,-0.0,0.0,-335.0,0.0,-4.0
734377.206,2894.0,1397.0,-1397.0,-335.2799987792969,-0.0,0.0,-335.0,0.0,-4.0
734388.201,2894.0,1397.0,-1397.0,-335.2799987792969,-0.0,0.0,-335.0,0.0,-4.0
734399.205,2894.0,1397.0,-1397.0,-335.2799987792969,-0.0,0.0,-335.0,0.0,-4.0
734409.205,2894.0,1397.0,-1397.0,-335.2799987792969,-0.0,0.0,-335.0,0.0,-4.0
734420.205,2894.0,1397.0,-1397.0,-335.2799987792969,-0.0,0.0,-335.0,0.0,-4.0
734431.202,2894.0,1397.0,-1397.0,-335.2799987792969,-0.0,0.0,-335.0,0.0,-4.0
734441.203,2894.0,1397.0,-1397.0,-335.2799987792969,-0.0,0.0,-335.0,0.0,-4.0
734451.204,2894.0,1397.0,-1397.0,-335.2799987792969,-0.0,0.0,-335.0,0.0,-4.0
734462.205,2894.0,1397.0,-1397.0,-335.2799987792969,-0.0,0.0,-335.0,0.0,-4.0
734472.206,2894.0,1397.0,-1397.0,-335.2799987792969,-0.0,0.0,-335.0,0.0,-4.0
734482.907,2894.0,1397.0,-1397.0,-335.2799987792969,-0.0,0.0,-335.0,0.0,-4.0
734492.908,2894.0,1397.0,-1397.0,-335.2799987792969,-0.0,0.0,-335.0,0.0,-4.0
734502.908,2894.0,1397.0,-1397.0,-335.2799987792969,-0.0,0.0,-335.0,0.0,-4.0
734513.205,2894.0,1397.0,-1397.0,-335.2799987792969,-0.0,0.0,-335.0,0.0,-4.0
734524.201,2894.0,1397.0,-1397.0,-335.2799987792969,-0.0,0.0,-335.0,0.0,-4.0
734535.205,2894.0,1397.0,-1397.0,-335.2799987792969,-0.0,0.0,-335.0,0.0,-4.0
734546.205,2894.0,1397.0,-1397.0,-335.2799987792969,-0.0,0.0,-335.0,0.0,-4.0
734556.206,2894.0,1397.0,-1397.0,-335.2799987792969,-0.0,0.0,-335.0,0.0,-4.0
734567.204,2894.0,1397.0,-1397.0,-335.2799987792969,-0.0,0.0,-335.0,0.0,-4.0
734578.201,2894.0,1397.0,-1397.0,-335.2799987792969,-0.0,0.0,-335.0,0.0,-4.0
734588.202,2894.0,1397.0,-1397.0,-335.2799987792969,-0.0,0.0,-335.0,0.0,-4.0
734598.202,2894.0,1397.0,-1397.0,-335.2799987792969,-0.0,0.0,-335.0,0.0,-4.0
734609.208,2894.0,1397.0,-1397.0,-335.2799987792969,-0.0,0.0,-335.0,0.0,-4.0
734620.201,2894.0,1397.0,-1397.0,-335.2799987792969,-0.0,0.0,-335.0,0.0,-4.0
734630.202,2894.0,1397.0,-1397.0,-335.2799987792969,-0.0,0.0,-335.0,0.0,-4.0
734641.173,2894.0,1397.0,-1397.0,-335.2799987792969,-0.0,0.0,-335.0,0.0,-4.0
734652.2,2894.0,1397.0,-1397.0,-335.2799987792969,-0.0,0.0,-335.0,0.0,-4.0
734662.791,2894.0,1397.0,-1397.0,-335.2799987792969,-0.0,0.0,-335.0,0.0,-4.0
734673.201,2894.0,1397.0,-1397.0,-335.2799987792969,-0.0,0.0,-335.0,0.0,-4.0
734684.173,2894.0,1397.0,-1397.0,-335.2799987792969,-0.0,0.0,-335.0,0.0,-4.0
734695.205,2894.0,1397.0,-1397.0,-335.2799987792969,-0.0,0.0,-335.0,0.0,-4.0
734705.206,2894.0,1397.0,-1397.0,-335.2799987792969,-0.0,0.0,-335.0,0.0,-4.0
734715.211,2894.0,1397.0,-1397.0,-335.2799987792969,-0.0,0.0,-335.0,0.0,-4.0
734725.212,2894.0,1397.0,-1397.0,-335.2799987792969,-0.0,0.0,-335.0,0.0,-4.0
734735.213,2894.0,1397.0,-1397.0,-335.2799987792969,-0.0,0.0,-335.0,0.0,-4.0
734746.205,2894.0,1397.0,-1397.0,-335.2799987792969,-0.0,0.0,-335.0,0.0,-4.0
734757.303,2894.0,1397.0,-1397.0,-335.2799987792969,-0.0,0.0,-335.0,0.0,-4.0
734767.304,2894.0,1397.0,-1397.0,-335.2799987792969,-0.0,0.0,-335.0,0.0,-4.0
734778.208,2894.0,1397.0,-1397.0,-335.2799987792969,-0.0,0.0,-335.0,0.0,-4.0
734788.208,2894.0,1397.0,-1397.0,-335.2799987792969,-0.0,0.0,-335.0,0.0,-4.0
734798.702,2894.0,1397.0,-1397.0,-335.2799987792969,-0.0,0.0,-335.0,0.0,-4.0
734809.404,2894.0,1397.0,-1397.0,-335.2799987792969,-0.0,0.0,-335.0,0.0,-4.0
734819.405,2894.0,1397.0,-1397.0,-335.2799987792969,-0.0,0.0,-335.0,0.0,-4.0
734829.405,2894.0,1397.0,-1397.0,-335.2799987792969,-0.0,0.0,-335.0,0.0,-4.0
734840.201,2894.0,1397.0,-1397.0,-335.2799987792969,-0.0,0.0,-335.0,0.0,-4.0
734850.201,2894.0,1397.0,-1397.0,-335.2799987792969,-0.0,0.0,-335.0,0.0,-4.0
734860.201,2894.0,1397.0,-1397.0,-335.2799987792969,-0.0,0.0,-335.0,0.0,-4.0
734871.205,2894.0,1397.0,-1397.0,-335.2799987792969,-0.0,0.0,-335.0,0.0,-4.0
734882.201,2894.0,1397.0,-1397.0,-335.2799987792969,-0.0,0.0,-335.0,0.0,-4.0
734893.205,2894.0,1397.0,-1397.0,-335.2799987792969,-0.0,0.0,-335.0,0.0,-4.0
734904.201,2894.0,1397.0,-1397.0,-335.2799987792969,-0.0,0.0,-335.0,0.0,-4.0
734915.2,2894.0,1397.0,-1397.0,-335.2799987792969,-0.0,0.0,-335.0,0.0,-4.0
734925.201,2894.0,1397.0,-1397.0,-335.2799987792969,-0.0,0.0,-335.0,0.0,-4.0
734935.201,2894.0,1397.0,-1397.0,-335.2799987792969,-0.0,0.0,-335.0,0.0,-4.0
734946.205,2894.0,1397.0,-1397.0,-335.2799987792969,-0.0,0.0,-335.0,0.0,-4.0
734956.205,2894.0,1397.0,-1397.0,-335.2799987792969,-0.0,0.0,-335.0,0.0,-4.0
734966.205,2894.0,1397.0,-1397.0,-335.2799987792969,-0.0,0.0,-335.0,0.0,-4.0
734977.173,2894.0,1397.0,-1397.0,-335.2799987792969,-0.0,0.0,-335.0,0.0,-4.0
734988.173,2894.0,1397.0,-1397.0,-335.2799987792969,-0.0,0.0,-335.0,0.0,-4.0
734998.173,2894.0,1397.0,-1397.0,-335.2799987792969,-0.0,0.0,-335.0,0.0,-4.0
735009.2,2894.0,1397.0,-1397.0,-335.2799987792969,-0.0,0.0,-335.0,0.0,-4.0
735019.201,2894.0,1397.0,-1397.0,-335.2799987792969,-0.0,0.0,-335.0,0.0,-4.0
735030.2,2894.0,1397.0,-1397.0,-335.2799987792969,-0.0,0.0,-335.0,0.0,-4.0
735041.205,2894.0,1397.0,-1397.0,-335.2799987792969,-0.0,0.0,-335.0,0.0,-4.0
735052.201,2894.0,1397.0,-1397.0,-335.2799987792969,-0.0,0.0,-335.0,0.0,-4.0
735063.205,2894.0,1397.0,-1397.0,-335.2799987792969,-0.0,0.0,-335.0,0.0,-4.0
735074.205,2894.0,1397.0,-1397.0,-335.2799987792969,-0.0,0.0,-335.0,0.0,-4.0
735085.201,2894.0,1397.0,-1397.0,-335.2799987792969,-0.0,0.0,-335.0,0.0,-4.0
735096.216,2894.0,1397.0,-1397.0,-335.2799987792969,-0.0,0.0,-335.0,0.0,-4.0
735106.217,2894.0,1397.0,-1397.0,-335.2799987792969,-0.0,0.0,-335.0,0.0,-4.0
735117.205,2894.0,1397.0,-1397.0,-335.2799987792969,-0.0,0.0,-335.0,0.0,-4.0
735127.206,2894.0,1397.0,-1397.0,-335.2799987792969,-0.0,0.0,-335.0,0.0,-4.0
735137.207,2894.0,1397.0,-1397.0,-335.2799987792969,-0.0,0.0,-335.0,0.0,-4.0
735148.209,2894.0,1397.0,-1397.0,-335.2799987792969,-0.0,0.0,-335.0,0.0,-4.0
735159.201,2894.0,1397.0,-1397.0,-335.2799987792969,-0.0,0.0,-335.0,0.0,-4.0
735169.202,2894.0,1397.0,-1397.0,-335.2799987792969,-0.0,0.0,-335.0,0.0,-4.0
735179.695,2894.0,1397.0,-1397.0,-335.2799987792969,-0.0,0.0,-335.0,0.0,-4.0
735189.696,2894.0,1397.0,-1397.0,-335.2799987792969,-0.0,0.0,-335.0,0.0,-4.0
735200.205,2894.0,1397.0,-1397.0,-335.2799987792969,-0.0,0.0,-335.0,0.0,-4.0
735211.204,2894.0,1397.0,-1397.0,-335.2799987792969,-0.0,0.0,-335.0,0.0,-4.0
735222.2,2894.0,1397.0,-1397.0,-335.2799987792969,-0.0,0.0,-335.0,0.0,-4.0
735233.205,2894.0,1397.0,-1397.0,-335.2799987792969,-0.0,0.0,-335.0,0.0,-4.0
735243.205,2894.0,1397.0,-1397.0,-335.2799987792969,-0.0,0.0,-335.0,0.0,-4.0
735254.201,2894.0,1397.0,-1397.0,-335.2799987792969,-0.0,0.0,-335.0,0.0,-4.0
735265.205,2894.0,1397.0,-1397.0,-335.2799987792969,-0.0,0.0,-335.0,0.0,-4.0
735275.205,2894.0,1397.0,-1397.0,-335.2799987792969,-0.0,0.0,-335.0,0.0,-4.0
735286.2,2894.0,1397.0,-1397.0,-335.2799987792969,-0.0,0.0,-335.0,0.0,-4.0
735296.2,2894.0,1397.0,-1397.0,-335.2799987792969,-0.0,0.0,-335.0,0.0,-4.0
735307.204,2894.0,1397.0,-1397.0,-335.2799987792969,-0.0,0.0,-335.0,0.0,-4.0
735318.201,2894.0,1397.0,-1397.0,-335.2799987792969,-0.0,0.0,-335.0,0.0,-4.0
735328.201,2894.0,1397.0,-1397.0,-335.2799987792969,-0.0,0.0,-335.0,0.0,-4.0
735338.202,2894.0,1397.0,-1397.0,-335.2799987792969,-0.0,0.0,-335.0,0.0,-4.0
735348.202,2894.0,1397.0,-1397.0,-335.2799987792969,-0.0,0.0,-335.0,0.0,-4.0
735358.204,2894.0,1397.0,-1397.0,-335.2799987792969,-0.0,0.0,-335.0,0.0,-4.0
735368.204,2894.0,1397.0,-1397.0,-335.2799987792969,-0.0,0.0,-335.0,0.0,-4.0
735379.201,2894.0,1397.0,-1397.0,-335.2799987792969,-0.0,0.0,-335.0,0.0,-4.0
735390.205,2894.0,1397.0,-1397.0,-335.2799987792969,-0.0,0.0,-335.0,0.0,-4.0
735400.206,2894.0,1397.0,-1397.0,-335.2799987792969,-0.0,0.0,-335.0,0.0,-4.0
735411.201,2894.0,1397.0,-1397.0,-335.2799987792969,-0.0,0.0,-335.0,0.0,-4.0
735422.205,2894.0,1397.0,-1397.0,-335.2799987792969,-0.0,0.0,-335.0,0.0,-4.0
735433.204,2894.0,1397.0,-1397.0,-335.2799987792969,-0.0,0.0,-335.0,0.0,-4.0
735444.201,2894.0,1397.0,-1397.0,-335.2799987792969,-0.0,0.0,-335.0,0.0,-4.0
735455.205,2894.0,1397.0,-1397.0,-335.2799987792969,-0.0,0.0,-335.0,0.0,-4.0
735465.205,2894.0,1397.0,-1397.0,-335.2799987792969,-0.0,0.0,-335.0,0.0,-4.0
735476.201,2894.0,1397.0,-1397.0,-335.2799987792969,-0.0,0.0,-335.0,0.0,-4.0
735487.205,2894.0,1397.0,-1397.0,-335.2799987792969,-0.0,0.0,-335.0,0.0,-4.0
735498.201,2894.0,1397.0,-1397.0,-335.2799987792969,-0.0,0.0,-335.0,0.0,-4.0
735509.205,2894.0,1397.0,-1397.0,-335.2799987792969,-0.0,0.0,-335.0,0.0,-4.0
735520.201,2894.0,1397.0,-1397.0,-335.2799987792969,-0.0,0.0,-335.0,0.0,-4.0
735530.202,2894.0,1397.0,-1397.0,-335.2799987792969,-0.0,0.0,-335.0,0.0,-4.0
735540.203,0.0,-2.0,2.0,0.47999998927116394,0.0,0.0,0.0,0.0,0.0
735550.522,0.0,-2.0,2.0,0.47999998927116394,0.0,0.0,0.0,0.0,-1.0
735560.523,0.0,-1.0,1.0,0.23999999463558197,0.0,0.0,0.0,0.0,-1.0
735570.524,0.0,-1.0,1.0,0.23999999463558197,0.0,0.0,0.0,0.0,0.0
735581.255,0.0,-2.0,2.0,0.47999998927116394,0.0,0.0,0.0,0.0,-1.0
735591.26,0.0,0.0,0.0,0.0,0.0,0.0,0.0,0.0,0.0
735601.26,0.0,-1.0,1.0,0.23999999463558197,0.0,0.0,0.0,0.0,-1.0
735612.1,0.0,-1.0,1.0,0.23999999463558197,0.0,0.0,0.0,0.0,0.0
735622.101,0.0,0.0,0.0,0.0,0.0,0.0,0.0,0.0,-1.0
735632.101,0.0,-1.0,1.0,0.23999999463558197,0.0,0.0,0.0,0.0,-1.0
735642.104,0.0,-2.0,2.0,0.47999998927116394,0.0,0.0,0.0,0.0,-1.0
735653.1,0.0,-1.0,1.0,0.23999999463558197,0.0,0.0,0.0,0.0,-1.0
735663.101,0.0,-1.0,1.0,0.23999999463558197,0.0,0.0,0.0,0.0,-1.0
735674.1,0.0,0.0,0.0,0.0,0.0,0.0,0.0,0.0,0.0
735685.1,0.0,0.0,0.0,0.0,0.0,0.0,0.0,0.0,0.0
735696.1,0.0,0.0,0.0,0.0,0.0,0.0,0.0,0.0,0.0
735707.1,0.0,0.0,0.0,0.0,0.0,0.0,0.0,0.0,0.0
735717.101,0.0,0.0,0.0,0.0,0.0,0.0,0.0,0.0,-1.0
735727.102,0.0,-2.0,2.0,0.47999998927116394,0.0,0.0,0.0,0.0,-2.0
735738.1,0.0,-1.0,1.0,0.23999999463558197,0.0,0.0,0.0,0.0,-1.0
735748.101,0.0,-1.0,1.0,0.23999999463558197,0.0,0.0,0.0,0.0,-1.0
735759.1,0.0,0.0,0.0,0.0,0.0,0.0,0.0,0.0,0.0
735770.101,0.0,-2.0,2.0,0.47999998927116394,0.0,0.0,0.0,0.0,0.0
735781.205,0.0,-2.0,2.0,0.47999998927116394,0.0,0.0,0.0,0.0,-1.0
735792.201,0.0,-2.0,2.0,0.47999998927116394,0.0,0.0,0.0,0.0,-1.0
735803.205,0.0,-1.0,1.0,0.23999999463558197,0.0,0.0,0.0,0.0,0.0
735814.205,0.0,-1.0,1.0,0.23999999463558197,0.0,0.0,0.0,0.0,0.0
735825.201,0.0,-2.0,2.0,0.47999998927116394,0.0,0.0,0.0,0.0,0.0
735835.202,0.0,-1.0,1.0,0.23999999463558197,0.0,0.0,0.0,0.0,-1.0
735845.203,0.0,-1.0,1.0,0.23999999463558197,0.0,0.0,0.0,0.0,-1.0
735855.204,0.0,-1.0,1.0,0.23999999463558197,0.0,0.0,0.0,0.0,0.0
735865.498,0.0,-1.0,1.0,0.23999999463558197,0.0,0.0,0.0,0.0,0.0
735875.499,0.0,-1.0,1.0,0.23999999463558197,0.0,0.0,0.0,0.0,-2.0
735886.204,0.0,0.0,0.0,0.0,0.0,0.0,0.0,0.0,-1.0
735897.201,0.0,-1.0,1.0,0.23999999463558197,0.0,0.0,0.0,0.0,-1.0
735907.201,0.0,-1.0,1.0,0.23999999463558197,0.0,0.0,0.0,0.0,0.0
735917.201,0.0,0.0,0.0,0.0,0.0,0.0,0.0,0.0,-2.0
735928.205,0.0,0.0,0.0,0.0,0.0,0.0,0.0,0.0,-2.0
735939.204,0.0,-1.0,1.0,0.23999999463558197,0.0,0.0,0.0,0.0,0.0
735949.205,0.0,0.0,0.0,0.0,0.0,0.0,0.0,0.0,0.0
735960.205,0.0,0.0,0.0,0.0,0.0,0.0,0.0,0.0,-2.0
735970.206,0.0,0.0,0.0,0.0,0.0,0.0,0.0,0.0,-1.0
735981.205,0.0,-1.0,1.0,0.23999999463558197,0.0,0.0,0.0,0.0,-1.0
735991.205,0.0,-2.0,2.0,0.47999998927116394,0.0,0.0,0.0,0.0,0.0
736001.206,0.0,-1.0,1.0,0.23999999463558197,0.0,0.0,0.0,0.0,0.0
736011.207,0.0,-1.0,1.0,0.23999999463558197,0.0,0.0,0.0,0.0,-1.0
736022.357,0.0,0.0,0.0,0.0,0.0,0.0,0.0,0.0,-2.0
736033.201,0.0,0.0,0.0,0.0,0.0,0.0,0.0,0.0,-1.0
736044.157,0.0,0.0,0.0,0.0,0.0,0.0,0.0,0.0,0.0
736054.158,0.0,0.0,0.0,0.0,0.0,0.0,0.0,0.0,-1.0
736064.159,0.0,-1.0,1.0,0.23999999463558197,0.0,0.0,0.0,0.0,-2.0
736074.159,0.0,-1.0,1.0,0.23999999463558197,0.0,0.0,0.0,0.0,0.0
736085.201,0.0,-1.0,1.0,0.23999999463558197,0.0,0.0,0.0,0.0,-2.0
736096.216,0.0,0.0,0.0,0.0,0.0,0.0,0.0,0.0,-3.0
736107.204,0.0,-2.0,2.0,0.47999998927116394,0.0,0.0,0.0,0.0,-2.0
736118.201,0.0,-3.0,3.0,0.7199999690055847,0.0,0.0,0.0,0.0,-2.0
736129.205,0.0,-1.0,1.0,0.23999999463558197,0.0,0.0,0.0,0.0,0.0
736139.206,0.0,-1.0,1.0,0.23999999463558197,0.0,0.0,0.0,0.0,0.0
736149.206,0.0,0.0,0.0,0.0,0.0,0.0,0.0,0.0,-1.0
736159.206,0.0,-2.0,2.0,0.47999998927116394,0.0,0.0,0.0,0.0,-2.0
736169.207,0.0,0.0,0.0,0.0,0.0,0.0,0.0,0.0,-1.0
736179.744,0.0,0.0,0.0,0.0,0.0,0.0,0.0,0.0,0.0
736189.744,0.0,0.0,0.0,0.0,0.0,0.0,0.0,0.0,0.0
736199.745,0.0,0.0,0.0,0.0,0.0,0.0,0.0,0.0,-1.0
736210.201,0.0,0.0,0.0,0.0,0.0,0.0,0.0,0.0,-1.0
736221.205,0.0,-2.0,2.0,0.47999998927116394,0.0,0.0,0.0,0.0,-1.0
736231.206,0.0,-1.0,1.0,0.23999999463558197,0.0,0.0,0.0,0.0,-1.0
736241.206,0.0,-1.0,1.0,0.23999999463558197,0.0,0.0,0.0,0.0,-1.0
736252.205,0.0,0.0,0.0,0.0,0.0,0.0,0.0,0.0,0.0
736263.201,0.0,0.0,0.0,0.0,0.0,0.0,0.0,0.0,-1.0
736274.205,0.0,0.0,0.0,0.0,0.0,0.0,0.0,0.0,0.0
736285.201,0.0,-2.0,2.0,0.47999998927116394,0.0,0.0,0.0,0.0,-1.0
736296.205,0.0,-2.0,2.0,0.47999998927116394,0.0,0.0,0.0,0.0,-2.0
736306.205,0.0,-3.0,3.0,0.7199999690055847,0.0,0.0,0.0,0.0,-1.0
736317.2,0.0,-2.0,2.0,0.47999998927116394,0.0,0.0,0.0,0.0,0.0
736327.201,0.0,-2.0,2.0,0.47999998927116394,0.0,0.0,0.0,0.0,0.0
736337.214,0.0,-4.0,4.0,0.9599999785423279,0.0,0.0,0.0,0.0,0.0
736347.215,0.0,-3.0,3.0,0.7199999690055847,0.0,0.0,0.0,0.0,0.0
736358.205,0.0,-4.0,4.0,0.9599999785423279,0.0,0.0,0.0,0.0,-1.0
736369.201,0.0,-3.0,3.0,0.7199999690055847,0.0,0.0,0.0,0.0,0.0
736380.205,0.0,-3.0,3.0,0.7199999690055847,0.0,0.0,0.0,0.0,0.0
736391.205,0.0,-3.0,3.0,0.7199999690055847,0.0,0.0,0.0,0.0,-1.0
736402.201,0.0,-5.0,5.0,1.1999999284744263,0.0,0.0,1.0,1.0,0.0
736413.205,0.0,-5.0,5.0,1.1999999284744263,0.0,0.0,1.0,1.0,-1.0
736423.206,0.0,-5.0,5.0,1.1999999284744263,0.0,0.0,1.0,1.0,-1.0
736433.207,0.0,-4.0,4.0,0.9599999785423279,0.0,0.0,0.0,0.0,0.0
736444.204,0.0,-4.0,4.0,0.9599999785423279,0.0,0.0,0.0,0.0,-1.0
736454.205,0.0,-6.0,6.0,1.4399999380111694,0.0,0.0,1.0,1.0,0.0
736465.204,0.0,-6.0,6.0,1.4399999380111694,0.0,0.0,1.0,1.0,-2.0
736475.204,0.0,-6.0,6.0,1.4399999380111694,0.0,0.0,1.0,1.0,0.0
736485.204,0.0,-7.0,7.0,1.6799999475479126,0.0,0.0,1.0,1.0,-2.0
736496.205,0.0,-7.0,7.0,1.6799999475479126,0.0,0.0,1.0,1.0,-2.0
736506.206,0.0,-8.0,8.0,1.9199999570846558,0.0,0.0,1.0,1.0,0.0
736516.206,0.0,-8.0,8.0,1.9199999570846558,0.0,0.0,1.0,1.0,0.0
736526.207,0.0,-9.0,9.0,2.1599998474121094,0.0,0.0,2.0,2.0,0.0
736537.204,0.0,-9.0,9.0,2.1599998474121094,0.0,0.0,2.0,2.0,0.0
736547.205,0.0,-8.0,8.0,1.9199999570846558,0.0,0.0,1.0,1.0,-1.0
736558.2,0.0,-9.0,9.0,2.1599998474121094,0.0,0.0,2.0,2.0,0.0
736568.353,0.0,-9.0,9.0,2.1599998474121094,0.0,0.0,2.0,2.0,-2.0
736578.354,0.0,-9.0,9.0,2.1599998474121094,0.0,0.0,2.0,2.0,-1.0
736589.205,0.0,-10.0,10.0,2.3999998569488525,0.0,0.0,2.0,2.0,0.0
736599.206,0.0,-10.0,10.0,2.3999998569488525,0.0,0.0,2.0,2.0,0.0
736609.206,0.0,-11.0,11.0,2.6399998664855957,0.0,0.0,2.0,2.0,-1.0
736620.157,0.0,-11.0,11.0,2.6399998664855957,0.0,0.0,2.0,2.0,-2.0
736631.205,0.0,-12.0,12.0,2.879999876022339,0.0,0.0,2.0,2.0,-1.0
736641.206,0.0,-11.0,11.0,2.6399998664855957,0.0,0.0,2.0,2.0,-1.0
736651.207,0.0,-13.0,13.0,3.119999885559082,0.0,0.0,3.0,3.0,0.0
736662.205,0.0,-12.0,12.0,2.879999876022339,0.0,0.0,2.0,2.0,0.0
736672.205,0.0,-11.0,11.0,2.6399998664855957,0.0,0.0,2.0,2.0,0.0
736682.206,0.0,-12.0,12.0,2.879999876022339,0.0,0.0,2.0,2.0,-1.0
736692.207,0.0,-12.0,12.0,2.879999876022339,0.0,0.0,2.0,2.0,-1.0
736703.205,0.0,-12.0,12.0,2.879999876022339,0.0,0.0,2.0,2.0,-1.0
736713.206,0.0,-14.0,14.0,3.359999895095825,0.0,0.0,3.0,3.0,-1.0
736724.201,0.0,-14.0,14.0,3.359999895095825,0.0,0.0,3.0,3.0,-1.0
736735.205,0.0,-15.0,15.0,3.5999999046325684,0.0,0.0,3.0,3.0,0.0
736745.205,0.0,-15.0,15.0,3.5999999046325684,0.0,0.0,3.0,3.0,-1.0
736755.206,0.0,-16.0,16.0,3.8399999141693115,0.0,0.0,3.0,3.0,0.0
736766.278,1.0,-16.0,16.0,3.8399999141693115,0.0,0.0,3.0,3.0,0.0
736777.213,1.0,-17.0,17.0,4.079999923706055,0.0,0.0,4.0,4.0,-1.0
736787.214,1.0,-17.0,17.0,4.079999923706055,0.0,0.0,4.0,4.0,0.0
736798.173,1.0,-19.0,19.0,4.559999942779541,0.0,0.0,4.0,4.0,-1.0
736809.205,2.0,-19.0,19.0,4.559999942779541,0.0,0.0,4.0,4.0,0.0
736819.206,3.0,-20.0,20.0,4.799999713897705,0.0,0.0,4.0,4.0,0.0
736829.207,3.0,-21.0,21.0,5.039999961853027,0.0,0.0,5.0,5.0,0.0
736840.201,4.0,-22.0,22.0,5.279999732971191,0.0,0.0,5.0,5.0,-1.0
736850.202,4.0,-23.0,23.0,5.519999980926514,0.0,0.0,5.0,5.0,-1.0
736861.205,5.0,-23.0,23.0,5.519999980926514,0.0,0.0,5.0,5.0,-1.0
736872.202,6.0,-23.0,23.0,5.519999980926514,0.0,0.0,5.0,5.0,-1.0
736883.205,7.0,-26.0,26.0,6.239999771118164,0.0,0.0,6.0,6.0,-1.0
736894.201,8.0,-26.0,26.0,6.239999771118164,0.0,0.0,6.0,6.0,-1.0
736905.205,9.0,-25.0,25.0,6.0,0.0,0.0,6.0,6.0,0.0
736916.201,11.0,-25.0,25.0,6.0,0.0,0.0,6.0,6.0,-1.0
736926.202,12.0,-26.0,26.0,6.239999771118164,0.0,0.0,6.0,6.0,0.0
736937.205,14.0,-28.0,28.0,6.71999979019165,0.0,0.0,6.0,6.0,0.0
736947.206,15.0,-31.0,31.0,7.440000057220459,0.0,0.0,7.0,7.0,-1.0
736958.205,16.0,-31.0,31.0,7.440000057220459,0.0,0.0,7.0,7.0,-2.0
736969.209,18.0,-31.0,31.0,7.440000057220459,0.0,0.0,7.0,7.0,-1.0
736979.209,21.0,-32.0,32.0,7.679999828338623,0.0,0.0,7.0,7.0,-1.0
736989.21,24.0,-34.0,34.0,8.15999984741211,0.0,0.0,8.0,8.0,0.0
737000.201,34.0,-34.0,34.0,8.15999984741211,0.0,0.0,8.0,8.0,0.0
737010.202,40.0,-37.0,37.0,8.880000114440918,0.0,0.0,8.0,8.0,-1.0
737020.203,45.0,-40.0,40.0,9.59999942779541,0.0,0.0,9.0,9.0,0.0
737031.201,49.0,-40.0,40.0,9.59999942779541,0.0,0.0,9.0,9.0,1.0
737042.205,53.0,-43.0,43.0,10.319999694824219,0.0,0.0,10.0,10.0,-1.0
737053.201,56.0,-43.0,43.0,10.319999694824219,0.0,0.0,10.0,10.0,-1.0
737063.202,60.0,-45.0,45.0,10.800000190734863,0.0,0.0,10.0,10.0,-2.0
737074.201,66.0,-45.0,45.0,10.800000190734863,0.0,0.0,10.0,10.0,-2.0
737084.202,72.0,-48.0,48.0,11.519999504089355,0.0,0.0,11.0,11.0,-1.0
737095.213,80.0,-49.0,49.0,11.75999927520752,0.0,0.0,11.0,11.0,-1.0
737105.213,88.0,-51.0,51.0,12.239999771118164,0.0,0.0,12.0,12.0,-1.0
737116.204,97.0,-50.0,50.0,12.0,0.0,0.0,12.0,12.0,-1.0
737126.204,108.0,-54.0,54.0,12.960000038146973,0.0,0.0,12.0,12.0,-1.0
737137.209,120.0,-54.0,54.0,12.960000038146973,0.0,0.0,12.0,12.0,0.0
737148.236,130.0,-57.0,57.0,13.679999351501465,0.0,0.0,13.0,13.0,0.0
737159.201,141.0,-59.0,59.0,14.15999984741211,0.0,0.0,14.0,14.0,0.0
737169.302,153.0,-61.0,61.0,14.639999389648438,0.0,0.0,14.0,14.0,-1.0
737180.201,166.0,-62.0,62.0,14.880000114440918,0.0,0.0,14.0,14.0,0.0
737191.176,198.0,-65.0,65.0,15.59999942779541,0.0,0.0,15.0,15.0,0.0
737202.173,215.0,-69.0,69.0,16.559999465942383,0.0,0.0,16.0,16.0,0.0
737213.201,233.0,-70.0,70.0,16.799999237060547,0.0,0.0,16.0,16.0,-2.0
737223.201,253.0,-72.0,72.0,17.279998779296875,0.0,0.0,17.0,17.0,-1.0
737233.201,274.0,-77.0,77.0,18.479999542236328,0.0,0.0,18.0,18.0,-3.0
737244.201,296.0,-76.0,76.0,18.239999771118164,0.0,0.0,18.0,18.0,-3.0
737254.201,320.0,-79.0,79.0,18.959999084472656,0.0,0.0,18.0,18.0,0.0
737264.201,346.0,-80.0,80.0,19.19999885559082,0.0,0.0,19.0,19.0,-2.0
737274.202,372.0,-80.0,80.0,19.19999885559082,0.0,0.0,19.0,19.0,0.0
737285.2,399.0,-82.0,82.0,19.68000030517578,0.0,0.0,19.0,19.0,0.0
737296.204,427.0,-83.0,83.0,19.920000076293945,0.0,0.0,19.0,19.0,0.0
737306.205,456.0,-88.0,88.0,21.119998931884766,0.0,0.0,21.0,21.0,0.0
737316.206,486.0,-89.0,89.0,21.35999870300293,0.0,0.0,21.0,21.0,-2.0
737326.206,517.0,-92.0,92.0,22.079999923706055,0.0,0.0,22.0,22.0,-3.0
737337.173,549.0,-94.0,94.0,22.559999465942383,0.0,0.0,22.0,22.0,-2.0
737348.173,583.0,-94.0,94.0,22.559999465942383,0.0,0.0,22.0,22.0,-3.0
737359.201,618.0,-98.0,98.0,23.51999855041504,0.0,0.0,23.0,23.0,-1.0
737369.201,655.0,-100.0,100.0,24.0,0.0,0.0,24.0,24.0,-2.0
737380.204,693.0,-99.0,99.0,23.760000228881836,0.0,0.0,23.0,23.0,-1.0
737391.201,731.0,-102.0,102.0,24.479999542236328,0.0,0.0,24.0,24.0,-1.0
737401.202,770.0,-101.0,101.0,24.239999771118164,0.0,0.0,24.0,24.0,-1.0
737412.2,810.0,-103.0,103.0,24.719999313354492,0.0,0.0,24.0,24.0,0.0
737423.204,892.0,-105.0,105.0,25.19999885559082,0.0,0.0,25.0,25.0,-1.0
737433.205,934.0,-106.0,106.0,25.439998626708984,0.0,0.0,25.0,25.0,-2.0
737444.2,977.0,-105.0,105.0,25.19999885559082,0.0,0.0,25.0,25.0,-1.0
737455.205,1021.0,-106.0,106.0,25.439998626708984,0.0,0.0,25.0,25.0,0.0
737465.205,1066.0,-107.0,107.0,25.68000030517578,0.0,0.0,25.0,25.0,-1.0
737476.204,1111.0,-106.0,106.0,25.439998626708984,0.0,0.0,25.0,25.0,0.0
737487.201,1156.0,-107.0,107.0,25.68000030517578,0.0,0.0,25.0,25.0,-1.0
737498.205,1202.0,-106.0,106.0,25.439998626708984,0.0,0.0,25.0,25.0,0.0
737509.201,1247.0,-105.0,105.0,25.19999885559082,0.0,0.0,25.0,25.0,0.0
737520.205,1292.0,-104.0,104.0,24.959999084472656,0.0,0.0,24.0,24.0,0.0
737530.206,1337.0,-101.0,101.0,24.239999771118164,0.0,0.0,24.0,24.0,-1.0
737540.363,1381.0,-100.0,100.0,24.0,0.0,0.0,24.0,24.0,0.0
737550.363,1426.0,-96.0,96.0,23.03999900817871,0.0,0.0,23.0,23.0,-1.0
737561.201,1471.0,-91.0,91.0,21.84000015258789,0.0,0.0,21.0,21.0,0.0
737571.201,1515.0,-89.0,89.0,21.35999870300293,0.0,0.0,21.0,21.0,0.0
737581.201,1557.0,-89.0,89.0,21.35999870300293,0.0,0.0,21.0,21.0,0.0
737592.2,1598.0,-87.0,87.0,20.8799991607666,0.0,0.0,20.0,20.0,0.0
737603.205,1637.0,-85.0,85.0,20.399999618530273,0.0,0.0,20.0,20.0,0.0
737613.206,1675.0,-76.0,76.0,18.239999771118164,0.0,0.0,18.0,18.0,0.0
737623.786,1711.0,-74.0,74.0,17.760000228881836,0.0,0.0,17.0,17.0,0.0
737634.2,1779.0,-60.0,60.0,14.399999618530273,0.0,0.0,14.0,14.0,0.0
737645.205,1808.0,-54.0,54.0,12.960000038146973,0.0,0.0,12.0,12.0,-1.0
737655.206,1835.0,-50.0,50.0,12.0,0.0,0.0,12.0,12.0,0.0
737665.206,1858.0,-44.0,44.0,10.559999465942383,0.0,0.0,10.0,10.0,0.0
737676.395,1880.0,-40.0,40.0,9.59999942779541,0.0,0.0,9.0,9.0,0.0
737686.396,1898.0,-32.0,32.0,7.679999828338623,0.0,0.0,7.0,7.0,-1.0
737696.396,1913.0,-29.0,29.0,6.960000038146973,0.0,0.0,6.0,6.0,0.0
737707.201,1925.0,-16.0,16.0,3.8399999141693115,0.0,0.0,3.0,3.0,0.0
737718.204,1933.0,-10.0,10.0,2.3999998569488525,0.0,0.0,2.0,2.0,-1.0
737729.204,1936.0,-1.0,1.0,0.23999999463558197,0.0,0.0,0.0,0.0,-1.0
737740.201,1936.0,7.0,-7.0,-1.6799999475479126,-0.0,0.0,-1.0,-1.0,0.0
737751.205,1936.0,7.0,-7.0,-1.6799999475479126,-0.0,0.0,-1.0,-1.0,0.0
737762.201,1936.0,15.0,-15.0,-3.5999999046325684,-0.0,0.0,-3.0,-3.0,0.0
737773.205,1936.0,23.0,-23.0,-5.519999980926514,-0.0,0.0,-5.0,-5.0,0.0
737783.206,1935.0,31.0,-31.0,-7.440000057220459,-0.0,0.0,-7.0,-7.0,-1.0
737793.207,1934.0,39.0,-39.0,-9.359999656677246,-0.0,0.0,-9.0,-9.0,-2.0
737803.207,1930.0,51.0,-51.0,-12.239999771118164,-0.0,0.0,-12.0,-12.0,-1.0
737814.204,1924.0,58.0,-58.0,-13.920000076293945,-0.0,0.0,-13.0,-13.0,0.0
737825.201,1903.0,72.0,-72.0,-17.279998779296875,-0.0,0.0,-17.0,-17.0,-1.0
737836.1,1887.0,80.0,-80.0,-19.19999885559082,-0.0,0.0,-19.0,-19.0,-3.0
737846.104,1868.0,81.0,-81.0,-19.439998626708984,-0.0,0.0,-19.0,-19.0,-2.0
737856.104,1845.0,86.0,-86.0,-20.639999389648438,-0.0,0.0,-20.0,-20.0,-2.0
737867.162,1820.0,93.0,-93.0,-22.31999969482422,-0.0,0.0,-22.0,-22.0,-1.0
737877.163,1791.0,95.0,-95.0,-22.799999237060547,-0.0,0.0,-22.0,-22.0,-1.0
737887.163,1760.0,101.0,-101.0,-24.239999771118164,-0.0,0.0,-24.0,-24.0,-1.0
737898.201,1727.0,105.0,-105.0,-25.19999885559082,-0.0,0.0,-25.0,-25.0,-2.0
737909.205,1690.0,107.0,-107.0,-25.68000030517578,-0.0,0.0,-25.0,-25.0,0.0
737919.699,1651.0,113.0,-113.0,-27.119998931884766,-0.0,0.0,-27.0,-27.0,0.0
737930.201,1610.0,113.0,-113.0,-27.119998931884766,-0.0,0.0,-27.0,-27.0,0.0
737941.204,1567.0,117.0,-117.0,-28.079999923706055,-0.0,0.0,-28.0,-28.0,0.0
737952.201,1520.0,118.0,-118.0,-28.31999969482422,-0.0,0.0,-28.0,-28.0,-1.0
737963.205,1471.0,118.0,-118.0,-28.31999969482422,-0.0,0.0,-28.0,-28.0,-2.0
737974.205,1420.0,118.0,-118.0,-28.31999969482422,-0.0,0.0,-28.0,-28.0,-1.0
737984.205,1369.0,116.0,-116.0,-27.84000015258789,-0.0,0.0,-27.0,-27.0,0.0
737995.205,1317.0,115.0,-115.0,-27.599998474121094,-0.0,0.0,-27.0,-27.0,-1.0
738006.201,1265.0,107.0,-107.0,-25.68000030517578,-0.0,0.0,-25.0,-25.0,0.0
738016.202,1213.0,106.0,-106.0,-25.439998626708984,-0.0,0.0,-25.0,-25.0,0.0
738027.201,1114.0,95.0,-95.0,-22.799999237060547,-0.0,0.0,-22.0,-22.0,0.0
738038.205,1066.0,91.0,-91.0,-21.84000015258789,-0.0,0.0,-21.0,-21.0,-2.0
738049.205,1021.0,84.0,-84.0,-20.15999984741211,-0.0,0.0,-20.0,-20.0,-1.0
738060.201,979.0,83.0,-83.0,-19.920000076293945,-0.0,0.0,-19.0,-19.0,0.0
738070.202,939.0,78.0,-78.0,-18.719999313354492,-0.0,0.0,-18.0,-18.0,-1.0
738081.201,902.0,71.0,-71.0,-17.03999900817871,-0.0,0.0,-17.0,-17.0,-1.0
738093.177,867.0,64.0,-64.0,-15.359999656677246,-0.0,0.0,-15.0,-15.0,-1.0
738103.178,835.0,52.0,-52.0,-12.479999542236328,-0.0,0.0,-12.0,-12.0,0.0
738113.508,806.0,44.0,-44.0,-10.559999465942383,-0.0,0.0,-10.0,-10.0,0.0
738124.2,782.0,22.0,-22.0,-5.279999732971191,-0.0,0.0,-5.0,-5.0,0.0
738135.157,763.0,19.0,-19.0,-4.559999942779541,-0.0,0.0,-4.0,-4.0,0.0
738146.205,749.0,5.0,-5.0,-1.1999999284744263,-0.0,0.0,-1.0,-1.0,-2.0
738156.206,743.0,-23.0,23.0,5.519999980926514,0.0,0.0,5.0,5.0,-1.0
738166.207,742.0,-23.0,23.0,5.519999980926514,0.0,0.0,5.0,5.0,-1.0
738177.201,745.0,-45.0,45.0,10.800000190734863,0.0,0.0,10.0,10.0,-2.0
738188.205,760.0,-83.0,83.0,19.920000076293945,0.0,0.0,19.0,19.0,-1.0
738199.201,773.0,-98.0,98.0,23.51999855041504,0.0,0.0,23.0,23.0,-1.0
738209.202,791.0,-126.0,126.0,30.239999771118164,0.0,0.0,30.0,30.0,0.0
738219.203,818.0,-152.0,152.0,36.47999954223633,0.0,0.0,36.0,36.0,-3.0
738229.204,855.0,-152.0,152.0,36.47999954223633,0.0,0.0,36.0,36.0,-3.0
738239.204,901.0,-200.0,200.0,48.0,0.0,0.0,48.0,48.0,-1.0
738250.201,958.0,-200.0,200.0,48.0,0.0,0.0,48.0,48.0,-1.0
738260.426,1028.0,-244.0,244.0,58.55999755859375,0.0,0.0,58.0,58.0,0.0
738270.427,1111.0,-252.0,252.0,60.47999954223633,0.0,0.0,60.0,60.0,0.0
738280.428,1205.0,-281.0,281.0,67.43999481201172,0.0,0.0,67.0,67.0,0.0
738291.201,1312.0,-304.0,304.0,72.95999908447266,0.0,0.0,72.0,72.0,0.0
738301.201,1432.0,-353.0,353.0,84.72000122070312,0.0,0.0,84.0,84.0,0.0
738312.201,1567.0,-353.0,353.0,84.72000122070312,0.0,0.0,84.0,84.0,0.0
738323.205,1717.0,-383.0,383.0,91.91999816894531,0.0,0.0,91.0,91.0,-1.0
738333.206,1879.0,-405.0,405.0,97.19999694824219,0.0,0.0,97.0,97.0,0.0
738344.2,2060.0,-427.0,427.0,102.47999572753906,0.0,0.0,102.0,102.0,-1.0
738355.204,2253.0,-436.0,436.0,104.63999938964844,0.0,0.0,104.0,104.0,-2.0
738366.201,2463.0,-460.0,460.0,110.39999389648438,0.0,0.0,110.0,110.0,0.0
738377.205,2685.0,-482.0,482.0,115.68000030517578,0.0,0.0,115.0,115.0,0.0
738387.205,2920.0,-521.0,521.0,125.04000091552734,0.0,0.0,125.0,0.0,-2.0
738397.206,3131.0,-527.0,527.0,126.47999572753906,0.0,0.0,126.0,0.0,-1.0
738407.206,3289.0,-542.0,542.0,130.0800018310547,0.0,0.0,130.0,0.0,-1.0
738418.424,3407.0,-542.0,542.0,130.0800018310547,0.0,0.0,130.0,0.0,-1.0
738428.424,3490.0,-580.0,580.0,139.1999969482422,0.0,0.0,139.0,0.0,-1.0
738439.201,3538.0,-580.0,580.0,139.1999969482422,0.0,0.0,139.0,0.0,-1.0
738450.205,3584.0,-602.0,602.0,144.47999572753906,0.0,0.0,144.0,0.0,-1.0
738460.206,3592.0,-629.0,629.0,150.95999145507812,0.0,0.0,150.0,0.0,-1.0
738471.2,3591.0,-633.0,633.0,151.9199981689453,0.0,0.0,151.0,0.0,-1.0
738481.2,3590.0,-659.0,659.0,158.16000366210938,0.0,0.0,158.0,0.0,0.0
738492.2,3590.0,-661.0,661.0,158.63999938964844,0.0,0.0,158.0,0.0,0.0
738502.2,3590.0,-671.0,671.0,161.0399932861328,0.0,0.0,161.0,0.0,-1.0
738512.2,3590.0,-679.0,679.0,162.95999145507812,0.0,0.0,162.0,0.0,-1.0
738522.201,3589.0,-679.0,679.0,162.95999145507812,0.0,0.0,162.0,0.0,-1.0
738532.201,3590.0,-687.0,687.0,164.87998962402344,0.0,0.0,164.0,0.0,-2.0
738542.35,3590.0,-686.0,686.0,164.63999938964844,0.0,0.0,164.0,0.0,-1.0
738552.35,3589.0,-683.0,683.0,163.9199981689453,0.0,0.0,163.0,0.0,-1.0
738563.173,3589.0,-677.0,677.0,162.47999572753906,0.0,0.0,162.0,0.0,-3.0
738573.173,3589.0,-666.0,666.0,159.83999633789062,0.0,0.0,159.0,0.0,0.0
738583.174,3589.0,-652.0,652.0,156.47999572753906,0.0,0.0,156.0,0.0,0.0
738593.175,3589.0,-610.0,610.0,146.39999389648438,0.0,0.0,146.0,0.0,-2.0
738604.201,3589.0,-600.0,600.0,144.0,0.0,0.0,144.0,0.0,0.0
738614.201,3589.0,-571.0,571.0,137.0399932861328,0.0,0.0,137.0,0.0,0.0
738624.202,3589.0,-534.0,534.0,128.16000366210938,0.0,0.0,128.0,0.0,-1.0
738635.205,3589.0,-505.0,505.0,121.19999694824219,0.0,0.0,121.0,0.0,0.0
738646.205,3589.0,-448.0,448.0,107.5199966430664,0.0,0.0,107.0,0.0,-2.0
738656.205,3589.0,-395.0,395.0,94.79999542236328,0.0,0.0,94.0,0.0,0.0
738666.206,3589.0,-380.0,380.0,91.19999694824219,0.0,0.0,91.0,0.0,-1.0
738677.224,3589.0,-363.0,363.0,87.1199951171875,0.0,0.0,87.0,0.0,1.0
738688.204,3589.0,-358.0,358.0,85.91999816894531,0.0,0.0,85.0,0.0,0.0
738699.391,3589.0,-394.0,394.0,94.55999755859375,0.0,0.0,94.0,0.0,0.0
738709.392,3589.0,-411.0,411.0,98.63999938964844,0.0,0.0,98.0,0.0,0.0
738720.206,3589.0,-440.0,440.0,105.5999984741211,0.0,0.0,105.0,0.0,0.0
738730.207,3589.0,-455.0,455.0,109.19999694824219,0.0,0.0,109.0,0.0,-1.0
738741.204,3589.0,-504.0,504.0,120.95999908447266,0.0,0.0,120.0,0.0,-1.0
738752.201,3589.0,-578.0,578.0,138.72000122070312,0.0,0.0,138.0,0.0,-1.0
738763.205,3590.0,-643.0,643.0,154.3199920654297,0.0,0.0,154.0,0.0,0.0
738773.206,3590.0,-687.0,687.0,164.87998962402344,0.0,0.0,164.0,0.0,0.0
738783.207,3591.0,-738.0,738.0,177.1199951171875,0.0,0.0,177.0,0.0,-1.0
738794.201,3591.0,-773.0,773.0,185.51998901367188,0.0,0.0,185.0,0.0,0.0
738805.205,3592.0,-798.0,798.0,191.51998901367188,0.0,0.0,191.0,0.0,0.0
738816.205,3592.0,-835.0,835.0,200.39999389648438,0.0,0.0,200.0,0.0,0.0
738827.2,3592.0,-893.0,893.0,214.3199920654297,0.0,0.0,214.0,0.0,2.0
738838.205,3592.0,-926.0,926.0,222.239990234375,0.0,0.0,222.0,0.0,0.0
738849.201,3592.0,-983.0,983.0,235.9199981689453,0.0,0.0,235.0,0.0,0.0
738860.205,3592.0,-1037.0,1037.0,248.87998962402344,0.0,0.0,248.0,0.0,0.0
738870.205,3592.0,-1097.0,1097.0,263.2799987792969,0.0,0.0,263.0,0.0,-1.0
738880.206,3592.0,-1173.0,1173.0,281.5199890136719,0.0,0.0,281.0,0.0,0.0
738890.206,3592.0,-1234.0,1234.0,296.1600036621094,0.0,0.0,296.0,0.0,-1.0
738901.205,3592.0,-1245.0,1245.0,298.79998779296875,0.0,0.0,298.0,0.0,-1.0
738912.201,3592.0,-1341.0,1341.0,321.8399963378906,0.0,0.0,321.0,0.0,0.0
738922.202,3592.0,-1341.0,1341.0,321.8399963378906,0.0,0.0,321.0,0.0,0.0
738933.217,3592.0,-1443.0,1443.0,346.32000732421875,0.0,0.0,346.0,0.0,0.0
738943.218,3592.0,-1547.0,1547.0,371.2799987792969,0.0,0.0,371.0,0.0,-1.0
738954.1,3592.0,-1570.0,1570.0,376.79998779296875,0.0,0.0,376.0,0.0,0.0
738965.1,3592.0,-1697.0,1697.0,407.2799987792969,0.0,0.0,407.0,0.0,0.0
738976.2,3592.0,-1745.0,1745.0,418.79998779296875,0.0,0.0,418.0,0.0,0.0
738986.2,3592.0,-1800.0,1800.0,432.0,0.0,0.0,432.0,0.0,0.0
738996.2,3592.0,-1800.0,1800.0,432.0,0.0,0.0,432.0,0.0,0.0
739006.201,3592.0,-1811.0,1811.0,434.6399841308594,0.0,0.0,434.0,0.0,0.0
739017.201,3592.0,-1910.0,1910.0,458.3999938964844,0.0,0.0,458.0,0.0,5.0
739027.201,3592.0,-1919.0,1919.0,460.55999755859375,0.0,0.0,460.0,0.0,5.0
739038.012,3592.0,-1964.0,1964.0,471.3599853515625,0.0,0.0,471.0,0.0,9.0
739048.013,3592.0,-1978.0,1978.0,474.7200012207031,0.0,0.0,474.0,0.0,8.0
739058.013,3592.0,-2013.0,2013.0,483.1199951171875,0.0,0.0,483.0,0.0,7.0
739068.2,3592.0,-2021.0,2021.0,485.03997802734375,0.0,0.0,485.0,0.0,8.0
739079.205,3592.0,-2021.0,2021.0,485.03997802734375,0.0,0.0,485.0,0.0,8.0
739089.428,3592.0,-2025.0,2025.0,486.0,0.0,0.0,486.0,0.0,8.0
739100.216,3592.0,-2027.0,2027.0,486.47998046875,0.0,0.0,486.0,0.0,9.0
739111.2,3592.0,-2025.0,2025.0,486.0,0.0,0.0,486.0,0.0,9.0
739121.201,3592.0,-2019.0,2019.0,484.55999755859375,0.0,0.0,484.0,0.0,9.0
739132.2,3592.0,-1995.0,1995.0,478.79998779296875,0.0,0.0,478.0,0.0,10.0
739143.205,3592.0,-1977.0,1977.0,474.47998046875,0.0,0.0,474.0,0.0,10.0
739153.205,3592.0,-1968.0,1968.0,472.3199768066406,0.0,0.0,472.0,0.0,10.0
739164.201,3592.0,-1924.0,1924.0,461.7599792480469,0.0,0.0,461.0,0.0,10.0
739174.202,3592.0,-1897.0,1897.0,455.2799987792969,0.0,0.0,455.0,0.0,8.0
739185.173,3592.0,-1856.0,1856.0,445.44000244140625,0.0,0.0,445.0,0.0,8.0
739195.174,3592.0,-1840.0,1840.0,441.5999755859375,0.0,0.0,441.0,0.0,9.0
739205.174,3592.0,-1803.0,1803.0,432.7200012207031,0.0,0.0,432.0,0.0,8.0
739216.205,3592.0,-1735.0,1735.0,416.3999938964844,0.0,0.0,416.0,0.0,4.0
739226.206,3592.0,-1700.0,1700.0,408.0,0.0,0.0,408.0,0.0,6.0
739236.207,3592.0,-1635.0,1635.0,392.3999938964844,0.0,0.0,392.0,0.0,6.0
739247.2,3592.0,-1593.0,1593.0,382.3199768066406,0.0,0.0,382.0,0.0,7.0
739257.201,3592.0,-1548.0,1548.0,371.5199890136719,0.0,0.0,371.0,0.0,8.0
739268.201,3592.0,-1518.0,1518.0,364.3199768066406,0.0,0.0,364.0,0.0,8.0
739278.201,3592.0,-1497.0,1497.0,359.2799987792969,0.0,0.0,359.0,0.0,6.0
739289.201,3592.0,-1466.0,1466.0,351.8399963378906,0.0,0.0,351.0,0.0,6.0
739299.201,3592.0,-1428.0,1428.0,342.7200012207031,0.0,0.0,342.0,0.0,6.0
739310.201,3592.0,-1388.0,1388.0,333.1199951171875,0.0,0.0,333.0,0.0,7.0
739321.33,3592.0,-1368.0,1368.0,328.32000732421875,0.0,0.0,328.0,0.0,8.0
739331.331,3592.0,-1326.0,1326.0,318.239990234375,0.0,0.0,318.0,0.0,8.0
739341.331,3592.0,-1305.0,1305.0,313.1999816894531,0.0,0.0,313.0,0.0,8.0
739351.332,3592.0,-1270.0,1270.0,304.79998779296875,0.0,0.0,304.0,0.0,6.0
739361.333,3592.0,-1270.0,1270.0,304.79998779296875,0.0,0.0,304.0,0.0,6.0
739372.205,3592.0,-1225.0,1225.0,294.0,0.0,0.0,294.0,0.0,7.0
739383.201,3592.0,-1219.0,1219.0,292.55999755859375,0.0,0.0,292.0,0.0,7.0
739393.202,3592.0,-1203.0,1203.0,288.7200012207031,0.0,0.0,288.0,0.0,6.0
739404.2,3592.0,-1177.0,1177.0,282.47998046875,0.0,0.0,282.0,0.0,5.0
739414.201,3592.0,-1163.0,1163.0,279.1199951171875,0.0,0.0,279.0,0.0,7.0
739424.202,3592.0,-1136.0,1136.0,272.6399841308594,0.0,0.0,272.0,0.0,7.0
739434.202,3592.0,-1127.0,1127.0,270.47998046875,0.0,0.0,270.0,0.0,7.0
739444.202,3592.0,-1103.0,1103.0,264.7200012207031,0.0,0.0,264.0,0.0,7.0
739454.202,3592.0,-1101.0,1101.0,264.239990234375,0.0,0.0,264.0,0.0,7.0
739464.202,3592.0,-1094.0,1094.0,262.55999755859375,0.0,0.0,262.0,0.0,7.0
739475.205,3592.0,-1094.0,1094.0,262.55999755859375,0.0,0.0,262.0,0.0,7.0
739486.201,3592.0,-1077.0,1077.0,258.47998046875,0.0,0.0,258.0,0.0,5.0
739497.205,3592.0,-1069.0,1069.0,256.55999755859375,0.0,0.0,256.0,0.0,7.0
739508.201,3592.0,-1069.0,1069.0,256.55999755859375,0.0,0.0,256.0,0.0,8.0
739518.201,3592.0,-1065.0,1065.0,255.59999084472656,0.0,0.0,255.0,0.0,6.0
739529.201,3592.0,-1065.0,1065.0,255.59999084472656,0.0,0.0,255.0,0.0,6.0
739539.201,3592.0,-1068.0,1068.0,256.32000732421875,0.0,0.0,256.0,0.0,6.0
739550.201,3592.0,-1068.0,1068.0,256.32000732421875,0.0,0.0,256.0,0.0,8.0
739561.204,3592.0,-1070.0,1070.0,256.79998779296875,0.0,0.0,256.0,0.0,8.0
739571.205,3592.0,-1081.0,1081.0,259.44000244140625,0.0,0.0,259.0,0.0,8.0
739581.206,3592.0,-1084.0,1084.0,260.1600036621094,0.0,0.0,260.0,0.0,7.0
739592.201,3592.0,-1093.0,1093.0,262.32000732421875,0.0,0.0,262.0,0.0,7.0
739602.202,3592.0,-1103.0,1103.0,264.7200012207031,0.0,0.0,264.0,0.0,6.0
739613.2,3592.0,-1123.0,1123.0,269.5199890136719,0.0,0.0,269.0,0.0,7.0
739624.205,3592.0,-1128.0,1128.0,270.7200012207031,0.0,0.0,270.0,0.0,7.0
739635.205,3592.0,-1157.0,1157.0,277.67999267578125,0.0,0.0,277.0,0.0,6.0
739645.205,3592.0,-1157.0,1157.0,277.67999267578125,0.0,0.0,277.0,0.0,6.0
739655.205,3592.0,-1176.0,1176.0,282.239990234375,0.0,0.0,282.0,0.0,5.0
739665.205,3592.0,-1185.0,1185.0,284.3999938964844,0.0,0.0,284.0,0.0,6.0
739675.206,3592.0,-1202.0,1202.0,288.47998046875,0.0,0.0,288.0,0.0,7.0
739685.206,3592.0,-1244.0,1244.0,298.55999755859375,0.0,0.0,298.0,0.0,6.0
739695.207,3592.0,-1251.0,1251.0,300.239990234375,0.0,0.0,300.0,0.0,7.0
739705.208,3592.0,-1270.0,1270.0,304.79998779296875,0.0,0.0,304.0,0.0,8.0
739715.208,3592.0,-1339.0,1339.0,321.3599853515625,0.0,0.0,321.0,0.0,7.0
739727.177,3592.0,-1339.0,1339.0,321.3599853515625,0.0,0.0,321.0,0.0,7.0
739737.444,3592.0,-1377.0,1377.0,330.47998046875,0.0,0.0,330.0,0.0,7.0
739747.444,3592.0,-1434.0,1434.0,344.1600036621094,0.0,0.0,344.0,0.0,7.0
739757.445,3592.0,-1434.0,1434.0,344.1600036621094,0.0,0.0,344.0,0.0,7.0
739767.446,3592.0,-1484.0,1484.0,356.1600036621094,0.0,0.0,356.0,0.0,5.0
739777.451,3592.0,-1513.0,1513.0,363.1199951171875,0.0,0.0,363.0,0.0,5.0
739787.451,3592.0,-1566.0,1566.0,375.8399963378906,0.0,0.0,375.0,0.0,5.0
739798.205,3592.0,-1599.0,1599.0,383.7599792480469,0.0,0.0,383.0,0.0,6.0
739808.205,3592.0,-1621.0,1621.0,389.03997802734375,0.0,0.0,389.0,0.0,7.0
739819.215,3592.0,-1747.0,1747.0,419.2799987792969,0.0,0.0,419.0,0.0,8.0
739829.215,3592.0,-1747.0,1747.0,419.2799987792969,0.0,0.0,419.0,0.0,8.0
739839.508,3592.0,-1805.0,1805.0,433.1999816894531,0.0,0.0,433.0,0.0,8.0
739849.509,3592.0,-1852.0,1852.0,444.47998046875,0.0,0.0,444.0,0.0,9.0
739859.509,3592.0,-1876.0,1876.0,450.239990234375,0.0,0.0,450.0,0.0,6.0
739870.1,3592.0,-1892.0,1892.0,454.0799865722656,0.0,0.0,454.0,0.0,6.0
739881.1,3592.0,-1912.0,1912.0,458.8800048828125,0.0,0.0,458.0,0.0,5.0
739892.2,3592.0,-1937.0,1937.0,464.8799743652344,0.0,0.0,464.0,0.0,5.0
739902.2,3592.0,-1944.0,1944.0,466.55999755859375,0.0,0.0,466.0,0.0,6.0
739912.2,3592.0,-1965.0,1965.0,471.5999755859375,0.0,0.0,471.0,0.0,8.0
739922.2,3592.0,-1965.0,1965.0,471.5999755859375,0.0,0.0,471.0,0.0,8.0
739932.2,3592.0,-1997.0,1997.0,479.2799987792969,0.0,0.0,479.0,0.0,8.0
739943.225,3592.0,-2001.0,2001.0,480.239990234375,0.0,0.0,480.0,0.0,7.0
739954.209,3592.0,-2004.0,2004.0,480.9599914550781,0.0,0.0,480.0,0.0,9.0
739964.209,3592.0,-2004.0,2004.0,480.9599914550781,0.0,0.0,480.0,0.0,11.0
739974.55,3592.0,-2006.0,2006.0,481.44000244140625,0.0,0.0,481.0,0.0,10.0
739985.2,3592.0,-2002.0,2002.0,480.47998046875,0.0,0.0,480.0,0.0,10.0
739996.204,3592.0,-1995.0,1995.0,478.79998779296875,0.0,0.0,478.0,0.0,11.0
740006.204,3592.0,-1973.0,1973.0,473.5199890136719,0.0,0.0,473.0,0.0,11.0
740017.201,3592.0,-1955.0,1955.0,469.1999816894531,0.0,0.0,469.0,0.0,11.0
740028.205,3592.0,-1943.0,1943.0,466.3199768066406,0.0,0.0,466.0,0.0,9.0
740038.206,3592.0,-1922.0,1922.0,461.2799987792969,0.0,0.0,461.0,0.0,10.0
740049.205,3592.0,-1904.0,1904.0,456.9599914550781,0.0,0.0,456.0,0.0,10.0
740059.206,3592.0,-1884.0,1884.0,452.1600036621094,0.0,0.0,452.0,0.0,8.0
740070.205,3592.0,-1874.0,1874.0,449.7599792480469,0.0,0.0,449.0,0.0,7.0
740081.205,3592.0,-1792.0,1792.0,430.0799865722656,0.0,0.0,430.0,0.0,8.0
740091.206,3592.0,-1746.0,1746.0,419.03997802734375,0.0,0.0,419.0,0.0,7.0
740102.213,3592.0,-1716.0,1716.0,411.8399963378906,0.0,0.0,411.0,0.0,8.0
740112.214,3592.0,-1686.0,1686.0,404.6399841308594,0.0,0.0,404.0,0.0,7.0
740123.201,3592.0,-1656.0,1656.0,397.44000244140625,0.0,0.0,397.0,0.0,7.0
740133.202,3592.0,-1656.0,1656.0,397.44000244140625,0.0,0.0,397.0,0.0,7.0
740143.202,3592.0,-1608.0,1608.0,385.91998291015625,0.0,0.0,385.0,0.0,6.0
740153.203,3592.0,-1586.0,1586.0,380.6399841308594,0.0,0.0,380.0,0.0,7.0
740164.205,3592.0,-1566.0,1566.0,375.8399963378906,0.0,0.0,375.0,0.0,7.0
740175.201,3592.0,-1554.0,1554.0,372.9599914550781,0.0,0.0,372.0,0.0,7.0
740186.205,3592.0,-1531.0,1531.0,367.44000244140625,0.0,0.0,367.0,0.0,7.0
740197.201,3592.0,-1524.0,1524.0,365.7599792480469,0.0,0.0,365.0,0.0,8.0
740207.201,3592.0,-1503.0,1503.0,360.7200012207031,0.0,0.0,360.0,0.0,7.0
740218.201,3592.0,-1502.0,1502.0,360.47998046875,0.0,0.0,360.0,0.0,6.0
740228.201,3592.0,-1502.0,1502.0,360.47998046875,0.0,0.0,360.0,0.0,6.0
740239.201,3592.0,-1489.0,1489.0,357.3599853515625,0.0,0.0,357.0,0.0,6.0
740249.202,3592.0,-1484.0,1484.0,356.1600036621094,0.0,0.0,356.0,0.0,7.0
740260.2,3592.0,-1483.0,1483.0,355.91998291015625,0.0,0.0,355.0,0.0,6.0
740271.205,3592.0,-1482.0,1482.0,355.67999267578125,0.0,0.0,355.0,0.0,5.0
740282.2,3592.0,-1485.0,1485.0,356.3999938964844,0.0,0.0,356.0,0.0,7.0
740292.201,3592.0,-1494.0,1485.0,356.3999938964844,0.0,0.0,356.0,0.0,7.0
740302.202,3592.0,-1494.0,1494.0,358.55999755859375,0.0,0.0,358.0,0.0,7.0
740312.202,3592.0,-1502.0,1502.0,360.47998046875,0.0,0.0,360.0,0.0,6.0
740322.202,3592.0,-1502.0,1502.0,360.47998046875,0.0,0.0,360.0,0.0,6.0
740333.1,3592.0,-1519.0,1519.0,364.55999755859375,0.0,0.0,364.0,0.0,7.0
740344.1,3592.0,-1541.0,1541.0,369.8399963378906,0.0,0.0,369.0,0.0,7.0
740355.205,3592.0,-1559.0,1559.0,374.1600036621094,0.0,0.0,374.0,0.0,6.0
740365.205,3592.0,-1580.0,1580.0,379.1999816894531,0.0,0.0,379.0,0.0,6.0
740375.206,3592.0,-1601.0,1601.0,384.239990234375,0.0,0.0,384.0,0.0,7.0
740386.205,3592.0,-1626.0,1626.0,390.239990234375,0.0,0.0,390.0,0.0,8.0
740396.206,3592.0,-1639.0,1639.0,393.3599853515625,0.0,0.0,393.0,0.0,6.0
740407.205,3592.0,-1639.0,1639.0,393.3599853515625,0.0,0.0,393.0,0.0,6.0
740418.201,3592.0,-1682.0,1682.0,403.67999267578125,0.0,0.0,403.0,0.0,6.0
740428.201,3592.0,-1693.0,1693.0,406.3199768066406,0.0,0.0,406.0,0.0,7.0
740439.201,3592.0,-1752.0,1752.0,420.47998046875,0.0,0.0,420.0,0.0,6.0
740449.202,3592.0,-1769.0,1769.0,424.55999755859375,0.0,0.0,424.0,0.0,6.0
740459.203,3592.0,-1830.0,1830.0,439.1999816894531,0.0,0.0,439.0,0.0,6.0
740470.205,3592.0,-1860.0,1860.0,446.3999938964844,0.0,0.0,446.0,0.0,8.0
740480.205,3592.0,-1870.0,1870.0,448.79998779296875,0.0,0.0,448.0,0.0,7.0
740490.205,3592.0,-1880.0,1880.0,451.1999816894531,0.0,0.0,451.0,0.0,7.0
740500.205,3592.0,-1895.0,1895.0,454.79998779296875,0.0,0.0,454.0,0.0,5.0
740510.205,3592.0,-1895.0,1895.0,454.79998779296875,0.0,0.0,454.0,0.0,5.0
740521.201,3592.0,-1909.0,1909.0,458.1600036621094,0.0,0.0,458.0,0.0,6.0
740531.201,3592.0,-1927.0,1927.0,462.47998046875,0.0,0.0,462.0,0.0,3.0
740541.202,3592.0,-1958.0,1958.0,469.91998291015625,0.0,0.0,469.0,0.0,8.0
740551.959,3592.0,-1962.0,1962.0,470.8799743652344,0.0,0.0,470.0,0.0,7.0
740562.201,3592.0,-1978.0,1978.0,474.7200012207031,0.0,0.0,474.0,0.0,7.0
740573.205,3592.0,-1979.0,1979.0,474.9599914550781,0.0,0.0,474.0,0.0,8.0
740583.648,3592.0,-1979.0,1979.0,474.9599914550781,0.0,0.0,474.0,0.0,11.0
740594.201,3592.0,-1980.0,1979.0,474.9599914550781,0.0,0.0,474.0,0.0,9.0
740605.173,3592.0,-1974.0,1974.0,473.7599792480469,0.0,0.0,473.0,0.0,10.0
740616.201,3592.0,-1971.0,1971.0,473.03997802734375,0.0,0.0,473.0,0.0,9.0
740626.201,3592.0,-1958.0,1958.0,469.91998291015625,0.0,0.0,469.0,0.0,12.0
740637.205,3592.0,-1944.0,1944.0,466.55999755859375,0.0,0.0,466.0,0.0,11.0
740647.205,3592.0,-1944.0,1944.0,466.55999755859375,0.0,0.0,466.0,0.0,11.0
740658.201,3592.0,-1944.0,1944.0,466.55999755859375,0.0,0.0,466.0,0.0,11.0
740668.202,3592.0,-1944.0,1944.0,466.55999755859375,0.0,0.0,466.0,0.0,11.0
740679.2,3592.0,-1944.0,1944.0,466.55999755859375,0.0,0.0,466.0,0.0,11.0
740689.2,3592.0,-1944.0,1944.0,466.55999755859375,0.0,0.0,466.0,0.0,11.0
740699.201,3592.0,-1944.0,1944.0,466.55999755859375,0.0,0.0,466.0,0.0,11.0
740710.205,3592.0,-1944.0,1944.0,466.55999755859375,0.0,0.0,466.0,0.0,11.0
740720.206,3592.0,-1944.0,1944.0,466.55999755859375,0.0,0.0,466.0,0.0,11.0
740730.26,3592.0,-1944.0,1944.0,466.55999755859375,0.0,0.0,466.0,0.0,11.0
740740.261,3592.0,-1944.0,1944.0,466.55999755859375,0.0,0.0,466.0,0.0,11.0
740751.205,3592.0,-1944.0,1944.0,466.55999755859375,0.0,0.0,466.0,0.0,11.0
740762.204,3592.0,-1944.0,1944.0,466.55999755859375,0.0,0.0,466.0,0.0,11.0
740772.205,3592.0,-1944.0,1944.0,466.55999755859375,0.0,0.0,466.0,0.0,11.0
740783.201,3592.0,-1944.0,1944.0,466.55999755859375,0.0,0.0,466.0,0.0,11.0
740793.202,3592.0,-1944.0,1944.0,466.55999755859375,0.0,0.0,466.0,0.0,11.0
740804.201,3592.0,-1944.0,1944.0,466.55999755859375,0.0,0.0,466.0,0.0,11.0
740814.201,3592.0,-1944.0,1944.0,466.55999755859375,0.0,0.0,466.0,0.0,11.0
740824.201,3592.0,-1944.0,1944.0,466.55999755859375,0.0,0.0,466.0,0.0,11.0
740835.205,3592.0,-1944.0,1944.0,466.55999755859375,0.0,0.0,466.0,0.0,11.0
740846.2,3592.0,-1944.0,1944.0,466.55999755859375,0.0,0.0,466.0,0.0,11.0
740857.205,3592.0,-1944.0,1944.0,466.55999755859375,0.0,0.0,466.0,0.0,11.0
740867.205,3592.0,-1944.0,1944.0,466.55999755859375,0.0,0.0,466.0,0.0,11.0
740878.208,3592.0,-1944.0,1944.0,466.55999755859375,0.0,0.0,466.0,0.0,11.0
740888.269,3592.0,-1944.0,1944.0,466.55999755859375,0.0,0.0,466.0,0.0,11.0
740898.27,3592.0,-1944.0,1944.0,466.55999755859375,0.0,0.0,466.0,0.0,11.0
740908.27,3592.0,-1944.0,1944.0,466.55999755859375,0.0,0.0,466.0,0.0,11.0
740919.205,3592.0,-1944.0,1944.0,466.55999755859375,0.0,0.0,466.0,0.0,11.0
740930.204,3592.0,-1944.0,1944.0,466.55999755859375,0.0,0.0,466.0,0.0,11.0
740940.205,3592.0,-1944.0,1944.0,466.55999755859375,0.0,0.0,466.0,0.0,11.0
740951.205,3592.0,-1944.0,1944.0,466.55999755859375,0.0,0.0,466.0,0.0,11.0
740961.206,3592.0,-1944.0,1944.0,466.55999755859375,0.0,0.0,466.0,0.0,11.0
740972.205,3592.0,-1944.0,1944.0,466.55999755859375,0.0,0.0,466.0,0.0,11.0
740983.201,3592.0,-1944.0,1944.0,466.55999755859375,0.0,0.0,466.0,0.0,11.0
740993.202,3592.0,-1944.0,1944.0,466.55999755859375,0.0,0.0,466.0,0.0,11.0
741004.201,3592.0,-1944.0,1944.0,466.55999755859375,0.0,0.0,466.0,0.0,11.0
741014.201,3592.0,-1944.0,1944.0,466.55999755859375,0.0,0.0,466.0,0.0,11.0
741024.201,3592.0,-1944.0,1944.0,466.55999755859375,0.0,0.0,466.0,0.0,11.0
741034.803,3592.0,-1944.0,1944.0,466.55999755859375,0.0,0.0,466.0,0.0,11.0
741044.804,3592.0,-1944.0,1944.0,466.55999755859375,0.0,0.0,466.0,0.0,11.0
741054.805,3592.0,-1944.0,1944.0,466.55999755859375,0.0,0.0,466.0,0.0,11.0
741065.204,3592.0,-1944.0,1944.0,466.55999755859375,0.0,0.0,466.0,0.0,11.0
741076.201,3592.0,-1944.0,1944.0,466.55999755859375,0.0,0.0,466.0,0.0,11.0
741086.202,3592.0,-1944.0,1944.0,466.55999755859375,0.0,0.0,466.0,0.0,11.0
741096.203,3592.0,-1944.0,1944.0,466.55999755859375,0.0,0.0,466.0,0.0,11.0
741106.203,3592.0,-1944.0,1944.0,466.55999755859375,0.0,0.0,466.0,0.0,11.0
741117.201,3592.0,-1944.0,1944.0,466.55999755859375,0.0,0.0,466.0,0.0,11.0
741127.201,3592.0,-1944.0,1944.0,466.55999755859375,0.0,0.0,466.0,0.0,11.0
741137.202,3592.0,-1944.0,1944.0,466.55999755859375,0.0,0.0,466.0,0.0,11.0
741147.202,3592.0,-1944.0,1944.0,466.55999755859375,0.0,0.0,466.0,0.0,11.0
741159.161,3592.0,-1944.0,1944.0,466.55999755859375,0.0,0.0,466.0,0.0,11.0
741169.161,3592.0,-1944.0,1944.0,466.55999755859375,0.0,0.0,466.0,0.0,11.0
741179.162,3592.0,-1944.0,1944.0,466.55999755859375,0.0,0.0,466.0,0.0,11.0
741190.2,3592.0,-1944.0,1944.0,466.55999755859375,0.0,0.0,466.0,0.0,11.0
741201.2,3592.0,-1944.0,1944.0,466.55999755859375,0.0,0.0,466.0,0.0,11.0
741212.205,3592.0,-1944.0,1944.0,466.55999755859375,0.0,0.0,466.0,0.0,11.0
741223.201,3592.0,-1944.0,1944.0,466.55999755859375,0.0,0.0,466.0,0.0,11.0
741234.205,3592.0,-1944.0,1944.0,466.55999755859375,0.0,0.0,466.0,0.0,11.0
741245.201,3592.0,-1944.0,1944.0,466.55999755859375,0.0,0.0,466.0,0.0,11.0
741255.202,3592.0,-1944.0,1944.0,466.55999755859375,0.0,0.0,466.0,0.0,11.0
741266.2,3592.0,-1944.0,1944.0,466.55999755859375,0.0,0.0,466.0,0.0,11.0
741277.205,3592.0,-1944.0,1944.0,466.55999755859375,0.0,0.0,466.0,0.0,11.0
741288.201,3592.0,-1944.0,1944.0,466.55999755859375,0.0,0.0,466.0,0.0,11.0
741299.221,3592.0,-1944.0,1944.0,466.55999755859375,0.0,0.0,466.0,0.0,11.0
741310.2,3592.0,-1944.0,1944.0,466.55999755859375,0.0,0.0,466.0,0.0,11.0
741321.204,3592.0,-1944.0,1944.0,466.55999755859375,0.0,0.0,466.0,0.0,11.0
741331.204,3592.0,-1944.0,1944.0,466.55999755859375,0.0,0.0,466.0,0.0,11.0
741342.205,3592.0,-1944.0,1944.0,466.55999755859375,0.0,0.0,466.0,0.0,11.0
741353.201,3592.0,-1944.0,1944.0,466.55999755859375,0.0,0.0,466.0,0.0,11.0
741364.205,3592.0,-1944.0,1944.0,466.55999755859375,0.0,0.0,466.0,0.0,11.0
741375.205,3592.0,-1944.0,1944.0,466.55999755859375,0.0,0.0,466.0,0.0,11.0
741385.351,3592.0,-1944.0,1944.0,466.55999755859375,0.0,0.0,466.0,0.0,11.0
741396.205,3592.0,-1944.0,1944.0,466.55999755859375,0.0,0.0,466.0,0.0,11.0
741406.206,3592.0,-1944.0,1944.0,466.55999755859375,0.0,0.0,466.0,0.0,11.0
741416.206,3592.0,-1944.0,1944.0,466.55999755859375,0.0,0.0,466.0,0.0,11.0
741427.205,3592.0,-1944.0,1944.0,466.55999755859375,0.0,0.0,466.0,0.0,11.0
741438.205,3592.0,-1944.0,1944.0,466.55999755859375,0.0,0.0,466.0,0.0,11.0
741449.2,3592.0,-1944.0,1944.0,466.55999755859375,0.0,0.0,466.0,0.0,11.0
741459.2,3592.0,-1944.0,1944.0,466.55999755859375,0.0,0.0,466.0,0.0,11.0
741469.2,3592.0,-1944.0,1944.0,466.55999755859375,0.0,0.0,466.0,0.0,11.0
741479.2,3592.0,-1944.0,1944.0,466.55999755859375,0.0,0.0,466.0,0.0,11.0
741490.205,3592.0,-1944.0,1944.0,466.55999755859375,0.0,0.0,466.0,0.0,11.0
741501.201,3592.0,-1944.0,1944.0,466.55999755859375,0.0,0.0,466.0,0.0,11.0
741511.202,3592.0,-1944.0,1944.0,466.55999755859375,0.0,0.0,466.0,0.0,11.0
741522.201,3592.0,-1944.0,1944.0,466.55999755859375,0.0,0.0,466.0,0.0,11.0
741532.202,3592.0,-1944.0,1944.0,466.55999755859375,0.0,0.0,466.0,0.0,11.0
741543.201,3592.0,-1944.0,1944.0,466.55999755859375,0.0,0.0,466.0,0.0,11.0
741554.209,3592.0,-1944.0,1944.0,466.55999755859375,0.0,0.0,466.0,0.0,11.0
741565.157,3592.0,-1944.0,1944.0,466.55999755859375,0.0,0.0,466.0,0.0,11.0
741575.977,3592.0,-1944.0,1944.0,466.55999755859375,0.0,0.0,466.0,0.0,11.0
741585.977,3592.0,-1944.0,1944.0,466.55999755859375,0.0,0.0,466.0,0.0,11.0
741595.978,3592.0,-1944.0,1944.0,466.55999755859375,0.0,0.0,466.0,0.0,11.0
741605.979,3592.0,-1944.0,1944.0,466.55999755859375,0.0,0.0,466.0,0.0,11.0
741616.205,3592.0,-1944.0,1944.0,466.55999755859375,0.0,0.0,466.0,0.0,11.0
741627.201,3592.0,-1944.0,1944.0,466.55999755859375,0.0,0.0,466.0,0.0,11.0
741638.205,3592.0,-1944.0,1944.0,466.55999755859375,0.0,0.0,466.0,0.0,11.0
741649.201,3592.0,-1944.0,1944.0,466.55999755859375,0.0,0.0,466.0,0.0,11.0
741659.202,3592.0,-1944.0,1944.0,466.55999755859375,0.0,0.0,466.0,0.0,11.0
741669.203,3592.0,-1944.0,1944.0,466.55999755859375,0.0,0.0,466.0,0.0,11.0
741679.658,3592.0,-1944.0,1944.0,466.55999755859375,0.0,0.0,466.0,0.0,11.0
741690.201,3592.0,-1944.0,1944.0,466.55999755859375,0.0,0.0,466.0,0.0,11.0
741700.202,3592.0,-1944.0,1944.0,466.55999755859375,0.0,0.0,466.0,0.0,11.0
741710.202,3592.0,-1944.0,1944.0,466.55999755859375,0.0,0.0,466.0,0.0,11.0
741721.173,3592.0,-1944.0,1944.0,466.55999755859375,0.0,0.0,466.0,0.0,11.0
741731.174,3592.0,-1944.0,1944.0,466.55999755859375,0.0,0.0,466.0,0.0,11.0
741742.201,3592.0,-1944.0,1944.0,466.55999755859375,0.0,0.0,466.0,0.0,11.0
741752.201,3592.0,-1944.0,1944.0,466.55999755859375,0.0,0.0,466.0,0.0,11.0
741762.201,3592.0,-1944.0,1944.0,466.55999755859375,0.0,0.0,466.0,0.0,11.0
741772.202,3592.0,-1944.0,1944.0,466.55999755859375,0.0,0.0,466.0,0.0,11.0
741783.201,3592.0,-1944.0,1944.0,466.55999755859375,0.0,0.0,466.0,0.0,11.0
741794.205,3592.0,-1944.0,1944.0,466.55999755859375,0.0,0.0,466.0,0.0,11.0
741805.201,3592.0,-1944.0,1944.0,466.55999755859375,0.0,0.0,466.0,0.0,11.0
741815.353,3592.0,-1944.0,1944.0,466.55999755859375,0.0,0.0,466.0,0.0,11.0
741826.2,3592.0,-1944.0,1944.0,466.55999755859375,0.0,0.0,466.0,0.0,11.0
741836.719,3592.0,-1944.0,1944.0,466.55999755859375,0.0,0.0,466.0,0.0,11.0
741847.205,3592.0,-1944.0,1944.0,466.55999755859375,0.0,0.0,466.0,0.0,11.0
741857.206,3592.0,-1944.0,1944.0,466.55999755859375,0.0,0.0,466.0,0.0,11.0
741867.206,3592.0,-1944.0,1944.0,466.55999755859375,0.0,0.0,466.0,0.0,11.0
741878.205,3592.0,-1944.0,1944.0,466.55999755859375,0.0,0.0,466.0,0.0,11.0
741889.205,3592.0,-1944.0,1944.0,466.55999755859375,0.0,0.0,466.0,0.0,11.0
741900.2,3592.0,-1944.0,1944.0,466.55999755859375,0.0,0.0,466.0,0.0,11.0
741910.2,3592.0,-1944.0,1944.0,466.55999755859375,0.0,0.0,466.0,0.0,11.0
741921.201,3592.0,-1944.0,1944.0,466.55999755859375,0.0,0.0,466.0,0.0,11.0
741932.205,3592.0,-1944.0,1944.0,466.55999755859375,0.0,0.0,466.0,0.0,11.0
741942.206,3592.0,-1944.0,1944.0,466.55999755859375,0.0,0.0,466.0,0.0,11.0
741953.205,3592.0,-1944.0,1944.0,466.55999755859375,0.0,0.0,466.0,0.0,11.0
741964.2,3592.0,-1944.0,1944.0,466.55999755859375,0.0,0.0,466.0,0.0,11.0
741975.205,3592.0,-1944.0,1944.0,466.55999755859375,0.0,0.0,466.0,0.0,11.0
741986.205,3592.0,-1944.0,1944.0,466.55999755859375,0.0,0.0,466.0,0.0,11.0
741996.206,3592.0,-1944.0,1944.0,466.55999755859375,0.0,0.0,466.0,0.0,11.0
742006.206,3592.0,-1944.0,1944.0,466.55999755859375,0.0,0.0,466.0,0.0,11.0
742016.206,3592.0,-1944.0,1944.0,466.55999755859375,0.0,0.0,466.0,0.0,11.0
742026.207,3592.0,-1944.0,1944.0,466.55999755859375,0.0,0.0,466.0,0.0,11.0
742037.158,3592.0,-1944.0,1944.0,466.55999755859375,0.0,0.0,466.0,0.0,11.0
742047.158,3592.0,-1944.0,1944.0,466.55999755859375,0.0,0.0,466.0,0.0,11.0
742057.159,3592.0,-1944.0,1944.0,466.55999755859375,0.0,0.0,466.0,0.0,11.0
742068.205,3592.0,-1944.0,1944.0,466.55999755859375,0.0,0.0,466.0,0.0,11.0
742078.206,3592.0,-1944.0,1944.0,466.55999755859375,0.0,0.0,466.0,0.0,11.0
742088.207,3592.0,-1944.0,1944.0,466.55999755859375,0.0,0.0,466.0,0.0,11.0
742098.207,3592.0,-1944.0,1944.0,466.55999755859375,0.0,0.0,466.0,0.0,11.0
742108.207,3592.0,-1944.0,1944.0,466.55999755859375,0.0,0.0,466.0,0.0,11.0
742119.201,3592.0,-1944.0,1944.0,466.55999755859375,0.0,0.0,466.0,0.0,11.0
742130.408,3592.0,-1944.0,1944.0,466.55999755859375,0.0,0.0,466.0,0.0,11.0
742141.201,3592.0,-1944.0,1944.0,466.55999755859375,0.0,0.0,466.0,0.0,11.0
742151.202,3592.0,-1944.0,1944.0,466.55999755859375,0.0,0.0,466.0,0.0,11.0
742162.523,3592.0,-1944.0,1944.0,466.55999755859375,0.0,0.0,466.0,0.0,11.0
742172.523,3592.0,-1944.0,1944.0,466.55999755859375,0.0,0.0,466.0,0.0,11.0
742183.201,3592.0,-1944.0,1944.0,466.55999755859375,0.0,0.0,466.0,0.0,11.0
742194.205,3592.0,-1944.0,1944.0,466.55999755859375,0.0,0.0,466.0,0.0,11.0
742205.201,3592.0,-1944.0,1944.0,466.55999755859375,0.0,0.0,466.0,0.0,11.0
742216.205,3592.0,-1944.0,1944.0,466.55999755859375,0.0,0.0,466.0,0.0,11.0
742226.206,3592.0,-1944.0,1944.0,466.55999755859375,0.0,0.0,466.0,0.0,11.0
742237.204,3592.0,-1944.0,1944.0,466.55999755859375,0.0,0.0,466.0,0.0,11.0
742248.2,3592.0,-1944.0,1944.0,466.55999755859375,0.0,0.0,466.0,0.0,11.0
742259.205,3592.0,-1944.0,1944.0,466.55999755859375,0.0,0.0,466.0,0.0,11.0
742270.201,3592.0,-1944.0,1944.0,466.55999755859375,0.0,0.0,466.0,0.0,11.0
742281.205,3592.0,-1944.0,1944.0,466.55999755859375,0.0,0.0,466.0,0.0,11.0
742292.201,3592.0,-1944.0,1944.0,466.55999755859375,0.0,0.0,466.0,0.0,11.0
742303.205,3592.0,-1944.0,1944.0,466.55999755859375,0.0,0.0,466.0,0.0,11.0
742313.206,3592.0,-1944.0,1944.0,466.55999755859375,0.0,0.0,466.0,0.0,11.0
742324.205,3592.0,-1944.0,1944.0,466.55999755859375,0.0,0.0,466.0,0.0,11.0
742335.205,3592.0,-1944.0,1944.0,466.55999755859375,0.0,0.0,466.0,0.0,11.0
742346.205,3592.0,-1944.0,1944.0,466.55999755859375,0.0,0.0,466.0,0.0,11.0
742357.2,3592.0,-1944.0,1944.0,466.55999755859375,0.0,0.0,466.0,0.0,11.0
742367.201,3592.0,-1944.0,1944.0,466.55999755859375,0.0,0.0,466.0,0.0,11.0
742377.202,3592.0,-1944.0,1944.0,466.55999755859375,0.0,0.0,466.0,0.0,11.0
742389.172,3592.0,-1944.0,1944.0,466.55999755859375,0.0,0.0,466.0,0.0,11.0
742399.172,3592.0,-1944.0,1944.0,466.55999755859375,0.0,0.0,466.0,0.0,11.0
742409.173,3592.0,-1944.0,1944.0,466.55999755859375,0.0,0.0,466.0,0.0,11.0
742420.2,3592.0,-1944.0,1944.0,466.55999755859375,0.0,0.0,466.0,0.0,11.0
742431.204,3592.0,-1944.0,1944.0,466.55999755859375,0.0,0.0,466.0,0.0,11.0
742441.204,3592.0,-1944.0,1944.0,466.55999755859375,0.0,0.0,466.0,0.0,11.0
742452.201,3592.0,-1944.0,1944.0,466.55999755859375,0.0,0.0,466.0,0.0,11.0
742462.202,3592.0,-1944.0,1944.0,466.55999755859375,0.0,0.0,466.0,0.0,11.0
742472.202,3592.0,-1944.0,1944.0,466.55999755859375,0.0,0.0,466.0,0.0,11.0
742483.205,3592.0,-1944.0,1944.0,466.55999755859375,0.0,0.0,466.0,0.0,11.0
742494.2,3592.0,-1944.0,1944.0,466.55999755859375,0.0,0.0,466.0,0.0,11.0
742505.204,3592.0,-1944.0,1944.0,466.55999755859375,0.0,0.0,466.0,0.0,11.0
742515.205,3592.0,-1944.0,1944.0,466.55999755859375,0.0,0.0,466.0,0.0,11.0
742525.206,3592.0,-1944.0,1944.0,466.55999755859375,0.0,0.0,466.0,0.0,11.0
742535.207,3592.0,-1944.0,1944.0,466.55999755859375,0.0,0.0,466.0,0.0,11.0
742545.208,3592.0,-1944.0,1944.0,466.55999755859375,0.0,0.0,466.0,0.0,11.0
742555.209,3592.0,-1944.0,1944.0,466.55999755859375,0.0,0.0,466.0,0.0,11.0
742565.21,3592.0,-1944.0,1944.0,466.55999755859375,0.0,0.0,466.0,0.0,11.0
742575.21,3592.0,-1944.0,1944.0,466.55999755859375,0.0,0.0,466.0,0.0,11.0
742586.201,3592.0,-1944.0,1944.0,466.55999755859375,0.0,0.0,466.0,0.0,11.0
742596.202,3592.0,-1944.0,1944.0,466.55999755859375,0.0,0.0,466.0,0.0,11.0
742607.204,3592.0,-1944.0,1944.0,466.55999755859375,0.0,0.0,466.0,0.0,11.0
742618.208,3592.0,-1944.0,1944.0,466.55999755859375,0.0,0.0,466.0,0.0,11.0
742628.209,3592.0,-1944.0,1944.0,466.55999755859375,0.0,0.0,466.0,0.0,11.0
742639.201,3592.0,-1944.0,1944.0,466.55999755859375,0.0,0.0,466.0,0.0,11.0
742650.205,3592.0,-1944.0,1944.0,466.55999755859375,0.0,0.0,466.0,0.0,11.0
742660.206,3592.0,-1944.0,1944.0,466.55999755859375,0.0,0.0,466.0,0.0,11.0
742670.559,3592.0,-1944.0,1944.0,466.55999755859375,0.0,0.0,466.0,0.0,11.0
742680.56,3592.0,-1944.0,1944.0,466.55999755859375,0.0,0.0,466.0,0.0,11.0
742690.56,3592.0,-1944.0,1944.0,466.55999755859375,0.0,0.0,466.0,0.0,11.0
742700.561,3592.0,-1944.0,1944.0,466.55999755859375,0.0,0.0,466.0,0.0,11.0
742710.566,3592.0,-1944.0,1944.0,466.55999755859375,0.0,0.0,466.0,0.0,11.0
742720.669,3592.0,-1944.0,1944.0,466.55999755859375,0.0,0.0,466.0,0.0,11.0
742731.205,3592.0,-1944.0,1944.0,466.55999755859375,0.0,0.0,466.0,0.0,11.0
742742.205,3592.0,-1944.0,1944.0,466.55999755859375,0.0,0.0,466.0,0.0,11.0
742752.205,3592.0,-1944.0,1944.0,466.55999755859375,0.0,0.0,466.0,0.0,11.0
742763.209,3592.0,-1944.0,1944.0,466.55999755859375,0.0,0.0,466.0,0.0,11.0
742773.21,3592.0,-1944.0,1944.0,466.55999755859375,0.0,0.0,466.0,0.0,11.0
742784.204,3592.0,-1944.0,1944.0,466.55999755859375,0.0,0.0,466.0,0.0,11.0
742795.201,3592.0,-1944.0,1944.0,466.55999755859375,0.0,0.0,466.0,0.0,11.0
742805.202,3592.0,-1944.0,1944.0,466.55999755859375,0.0,0.0,466.0,0.0,11.0
742816.2,3592.0,-1944.0,1944.0,466.55999755859375,0.0,0.0,466.0,0.0,11.0
742826.201,3592.0,-1944.0,1944.0,466.55999755859375,0.0,0.0,466.0,0.0,11.0
742837.201,3592.0,-1944.0,1944.0,466.55999755859375,0.0,0.0,466.0,0.0,11.0
742847.201,3592.0,-1944.0,1944.0,466.55999755859375,0.0,0.0,466.0,0.0,11.0
742858.201,3592.0,-1944.0,1944.0,466.55999755859375,0.0,0.0,466.0,0.0,11.0
742869.205,3592.0,-1944.0,1944.0,466.55999755859375,0.0,0.0,466.0,0.0,11.0
742880.201,3592.0,-1944.0,1944.0,466.55999755859375,0.0,0.0,466.0,0.0,11.0
742891.205,3592.0,-1944.0,1944.0,466.55999755859375,0.0,0.0,466.0,0.0,11.0
742901.206,3592.0,-1944.0,1944.0,466.55999755859375,0.0,0.0,466.0,0.0,11.0
742911.207,3592.0,-1944.0,1944.0,466.55999755859375,0.0,0.0,466.0,0.0,11.0
742921.207,3592.0,-1944.0,1944.0,466.55999755859375,0.0,0.0,466.0,0.0,11.0
742932.201,3592.0,-1944.0,1944.0,466.55999755859375,0.0,0.0,466.0,0.0,11.0
742942.202,3592.0,-1944.0,1944.0,466.55999755859375,0.0,0.0,466.0,0.0,11.0
742953.2,3592.0,-1944.0,1944.0,466.55999755859375,0.0,0.0,466.0,0.0,11.0
742964.043,3592.0,-1944.0,1944.0,466.55999755859375,0.0,0.0,466.0,0.0,11.0
742974.044,3592.0,-1944.0,1944.0,466.55999755859375,0.0,0.0,466.0,0.0,11.0
742984.2,3592.0,-1944.0,1944.0,466.55999755859375,0.0,0.0,466.0,0.0,11.0
742994.2,3592.0,-1944.0,1944.0,466.55999755859375,0.0,0.0,466.0,0.0,11.0
743005.201,3592.0,-1944.0,1944.0,466.55999755859375,0.0,0.0,466.0,0.0,11.0
743015.202,3592.0,-1944.0,1944.0,466.55999755859375,0.0,0.0,466.0,0.0,11.0
743026.205,3592.0,-1944.0,1944.0,466.55999755859375,0.0,0.0,466.0,0.0,11.0
743036.206,3592.0,-1944.0,1944.0,466.55999755859375,0.0,0.0,466.0,0.0,11.0
743046.207,3592.0,-1944.0,1944.0,466.55999755859375,0.0,0.0,466.0,0.0,11.0
743057.201,3592.0,-1944.0,1944.0,466.55999755859375,0.0,0.0,466.0,0.0,11.0
743067.202,3592.0,-1944.0,1944.0,466.55999755859375,0.0,0.0,466.0,0.0,11.0
743078.2,3592.0,-1944.0,1944.0,466.55999755859375,0.0,0.0,466.0,0.0,11.0
743089.209,3592.0,-1944.0,1944.0,466.55999755859375,0.0,0.0,466.0,0.0,11.0
743099.21,3592.0,-1944.0,1944.0,466.55999755859375,0.0,0.0,466.0,0.0,11.0
743109.211,3592.0,-1944.0,1944.0,466.55999755859375,0.0,0.0,466.0,0.0,11.0
743119.211,3592.0,-1944.0,1944.0,466.55999755859375,0.0,0.0,466.0,0.0,11.0
743130.2,3592.0,-1944.0,1944.0,466.55999755859375,0.0,0.0,466.0,0.0,11.0
743141.204,3592.0,-1944.0,1944.0,466.55999755859375,0.0,0.0,466.0,0.0,11.0
743152.201,3592.0,-1944.0,1944.0,466.55999755859375,0.0,0.0,466.0,0.0,11.0
743162.202,3592.0,-1944.0,1944.0,466.55999755859375,0.0,0.0,466.0,0.0,11.0
743172.203,3592.0,-1944.0,1944.0,466.55999755859375,0.0,0.0,466.0,0.0,11.0
743183.205,3592.0,-1944.0,1944.0,466.55999755859375,0.0,0.0,466.0,0.0,11.0
743193.206,3592.0,-1944.0,1944.0,466.55999755859375,0.0,0.0,466.0,0.0,11.0
743203.207,3592.0,-1944.0,1944.0,466.55999755859375,0.0,0.0,466.0,0.0,11.0
743214.201,3592.0,-1944.0,1944.0,466.55999755859375,0.0,0.0,466.0,0.0,11.0
743224.202,3592.0,-1944.0,1944.0,466.55999755859375,0.0,0.0,466.0,0.0,11.0
743234.203,3592.0,-1944.0,1944.0,466.55999755859375,0.0,0.0,466.0,0.0,11.0
743244.893,3592.0,-1944.0,1944.0,466.55999755859375,0.0,0.0,466.0,0.0,11.0
743254.893,3592.0,-1944.0,1944.0,466.55999755859375,0.0,0.0,466.0,0.0,11.0
743265.206,3592.0,-1944.0,1944.0,466.55999755859375,0.0,0.0,466.0,0.0,11.0
743276.201,3592.0,-1944.0,1944.0,466.55999755859375,0.0,0.0,466.0,0.0,11.0
743286.202,3592.0,-1944.0,1944.0,466.55999755859375,0.0,0.0,466.0,0.0,11.0
743296.203,3592.0,-1944.0,1944.0,466.55999755859375,0.0,0.0,466.0,0.0,11.0
743307.205,3592.0,-1944.0,1944.0,466.55999755859375,0.0,0.0,466.0,0.0,11.0
743318.201,3592.0,-1944.0,1944.0,466.55999755859375,0.0,0.0,466.0,0.0,11.0
743328.201,3592.0,-1944.0,1944.0,466.55999755859375,0.0,0.0,466.0,0.0,11.0
743338.202,3592.0,-1944.0,1944.0,466.55999755859375,0.0,0.0,466.0,0.0,11.0
743348.203,3592.0,-1944.0,1944.0,466.55999755859375,0.0,0.0,466.0,0.0,11.0
743358.203,3592.0,-1944.0,1944.0,466.55999755859375,0.0,0.0,466.0,0.0,11.0
743369.2,3592.0,-1944.0,1944.0,466.55999755859375,0.0,0.0,466.0,0.0,11.0
743380.483,3592.0,-1944.0,1944.0,466.55999755859375,0.0,0.0,466.0,0.0,11.0
743390.484,3592.0,-1944.0,1944.0,466.55999755859375,0.0,0.0,466.0,0.0,11.0
743401.204,3592.0,-1944.0,1944.0,466.55999755859375,0.0,0.0,466.0,0.0,11.0
743412.201,3592.0,-1944.0,1944.0,466.55999755859375,0.0,0.0,466.0,0.0,11.0
743422.202,3592.0,-1944.0,1944.0,466.55999755859375,0.0,0.0,466.0,0.0,11.0
743433.201,3592.0,-1944.0,1944.0,466.55999755859375,0.0,0.0,466.0,0.0,11.0
743444.205,3592.0,-1944.0,1944.0,466.55999755859375,0.0,0.0,466.0,0.0,11.0
743455.205,3592.0,-1944.0,1944.0,466.55999755859375,0.0,0.0,466.0,0.0,11.0
743465.206,3592.0,-1944.0,1944.0,466.55999755859375,0.0,0.0,466.0,0.0,11.0
743476.205,3592.0,-1944.0,1944.0,466.55999755859375,0.0,0.0,466.0,0.0,11.0
743486.205,3592.0,-1944.0,1944.0,466.55999755859375,0.0,0.0,466.0,0.0,11.0
743497.204,3592.0,-1944.0,1944.0,466.55999755859375,0.0,0.0,466.0,0.0,11.0
743508.205,3592.0,-1944.0,1944.0,466.55999755859375,0.0,0.0,466.0,0.0,11.0
743519.208,3592.0,-1944.0,1944.0,466.55999755859375,0.0,0.0,466.0,0.0,11.0
743530.2,3592.0,-1944.0,1944.0,466.55999755859375,0.0,0.0,466.0,0.0,11.0
743540.201,3592.0,-1944.0,1944.0,466.55999755859375,0.0,0.0,466.0,0.0,11.0
743551.201,3592.0,-1944.0,1944.0,466.55999755859375,0.0,0.0,466.0,0.0,11.0
743561.201,3592.0,-1944.0,1944.0,466.55999755859375,0.0,0.0,466.0,0.0,11.0
743571.202,3592.0,-1944.0,1944.0,466.55999755859375,0.0,0.0,466.0,0.0,11.0
743582.157,3592.0,-1944.0,1944.0,466.55999755859375,0.0,0.0,466.0,0.0,11.0
743592.158,3592.0,-1944.0,1944.0,466.55999755859375,0.0,0.0,466.0,0.0,11.0
743603.2,3592.0,-1944.0,1944.0,466.55999755859375,0.0,0.0,466.0,0.0,11.0
743614.205,3592.0,-1944.0,1944.0,466.55999755859375,0.0,0.0,466.0,0.0,11.0
743624.206,3592.0,-1944.0,1944.0,466.55999755859375,0.0,0.0,466.0,0.0,11.0
743635.215,3592.0,-1944.0,1944.0,466.55999755859375,0.0,0.0,466.0,0.0,11.0
743646.201,3592.0,-1944.0,1944.0,466.55999755859375,0.0,0.0,466.0,0.0,11.0
743657.205,3592.0,-1944.0,1944.0,466.55999755859375,0.0,0.0,466.0,0.0,11.0
743667.205,3592.0,-1944.0,1944.0,466.55999755859375,0.0,0.0,466.0,0.0,11.0
743678.205,3592.0,-1944.0,1944.0,466.55999755859375,0.0,0.0,466.0,0.0,11.0
743689.201,3592.0,-1944.0,1944.0,466.55999755859375,0.0,0.0,466.0,0.0,11.0
743699.202,3592.0,-1944.0,1944.0,466.55999755859375,0.0,0.0,466.0,0.0,11.0
743710.201,3592.0,-1944.0,1944.0,466.55999755859375,0.0,0.0,466.0,0.0,11.0
743720.202,3592.0,-1944.0,1944.0,466.55999755859375,0.0,0.0,466.0,0.0,11.0
743731.2,3592.0,-1944.0,1944.0,466.55999755859375,0.0,0.0,466.0,0.0,11.0
743741.347,3592.0,-1944.0,1944.0,466.55999755859375,0.0,0.0,466.0,0.0,11.0
743752.201,3592.0,-1944.0,1944.0,466.55999755859375,0.0,0.0,466.0,0.0,11.0
743762.202,3592.0,-1944.0,1944.0,466.55999755859375,0.0,0.0,466.0,0.0,11.0
743772.203,3592.0,-1944.0,1944.0,466.55999755859375,0.0,0.0,466.0,0.0,11.0
743782.204,3592.0,-1944.0,1944.0,466.55999755859375,0.0,0.0,466.0,0.0,11.0
743792.205,3592.0,-1944.0,1944.0,466.55999755859375,0.0,0.0,466.0,0.0,11.0
743803.201,3592.0,-1944.0,1944.0,466.55999755859375,0.0,0.0,466.0,0.0,11.0
743813.202,3592.0,-1944.0,1944.0,466.55999755859375,0.0,0.0,466.0,0.0,11.0
743823.203,3592.0,-1944.0,1944.0,466.55999755859375,0.0,0.0,466.0,0.0,11.0
743834.205,3592.0,-1944.0,1944.0,466.55999755859375,0.0,0.0,466.0,0.0,11.0
743844.206,3592.0,-1944.0,1944.0,466.55999755859375,0.0,0.0,466.0,0.0,11.0
743856.161,3592.0,-1944.0,1944.0,466.55999755859375,0.0,0.0,466.0,0.0,11.0
743866.161,3592.0,-1944.0,1944.0,466.55999755859375,0.0,0.0,466.0,0.0,11.0
743877.209,3592.0,-1944.0,1944.0,466.55999755859375,0.0,0.0,466.0,0.0,11.0
743888.173,3592.0,-1944.0,1944.0,466.55999755859375,0.0,0.0,466.0,0.0,11.0
743899.173,3592.0,-1944.0,1944.0,466.55999755859375,0.0,0.0,466.0,0.0,11.0
743909.174,3592.0,-1944.0,1944.0,466.55999755859375,0.0,0.0,466.0,0.0,11.0
743919.175,3592.0,-1944.0,1944.0,466.55999755859375,0.0,0.0,466.0,0.0,11.0
743930.2,3592.0,-1944.0,1944.0,466.55999755859375,0.0,0.0,466.0,0.0,11.0
743940.2,3592.0,-1944.0,1944.0,466.55999755859375,0.0,0.0,466.0,0.0,11.0
743951.201,3592.0,-1944.0,1944.0,466.55999755859375,0.0,0.0,466.0,0.0,11.0
743962.204,3592.0,-1944.0,1944.0,466.55999755859375,0.0,0.0,466.0,0.0,11.0
743973.201,3592.0,-1944.0,1944.0,466.55999755859375,0.0,0.0,466.0,0.0,11.0
743984.205,3592.0,-1944.0,1944.0,466.55999755859375,0.0,0.0,466.0,0.0,11.0
743995.201,3592.0,-1944.0,1944.0,466.55999755859375,0.0,0.0,466.0,0.0,11.0
744006.205,3592.0,-1944.0,1944.0,466.55999755859375,0.0,0.0,466.0,0.0,11.0
744017.204,3592.0,-1944.0,1944.0,466.55999755859375,0.0,0.0,466.0,0.0,11.0
744028.204,3592.0,-1944.0,1944.0,466.55999755859375,0.0,0.0,466.0,0.0,11.0
744039.201,3592.0,-1944.0,1944.0,466.55999755859375,0.0,0.0,466.0,0.0,11.0
744050.008,3592.0,-1944.0,1944.0,466.55999755859375,0.0,0.0,466.0,0.0,11.0
744060.2,3592.0,-1944.0,1944.0,466.55999755859375,0.0,0.0,466.0,0.0,11.0
744070.2,3592.0,-1944.0,1944.0,466.55999755859375,0.0,0.0,466.0,0.0,11.0
744081.201,3592.0,-1944.0,1944.0,466.55999755859375,0.0,0.0,466.0,0.0,11.0
744091.201,3592.0,-1944.0,1944.0,466.55999755859375,0.0,0.0,466.0,0.0,11.0
744102.213,3592.0,-1944.0,1944.0,466.55999755859375,0.0,0.0,466.0,0.0,11.0
744112.214,3592.0,-1944.0,1944.0,466.55999755859375,0.0,0.0,466.0,0.0,11.0
744123.2,3592.0,-1944.0,1944.0,466.55999755859375,0.0,0.0,466.0,0.0,11.0
744133.201,3592.0,-1944.0,1944.0,466.55999755859375,0.0,0.0,466.0,0.0,11.0
744144.204,3592.0,-1944.0,1944.0,466.55999755859375,0.0,0.0,466.0,0.0,11.0
744155.201,3592.0,-1944.0,1944.0,466.55999755859375,0.0,0.0,466.0,0.0,11.0
744166.205,3592.0,-1944.0,1944.0,466.55999755859375,0.0,0.0,466.0,0.0,11.0
744176.205,3592.0,-1944.0,1944.0,466.55999755859375,0.0,0.0,466.0,0.0,11.0
744187.201,3592.0,-1944.0,1944.0,466.55999755859375,0.0,0.0,466.0,0.0,11.0
744197.201,3592.0,-1944.0,1944.0,466.55999755859375,0.0,0.0,466.0,0.0,11.0
744208.201,3592.0,-1944.0,1944.0,466.55999755859375,0.0,0.0,466.0,0.0,11.0
744218.201,3592.0,-1944.0,1944.0,466.55999755859375,0.0,0.0,466.0,0.0,11.0
744229.2,3592.0,-1944.0,1944.0,466.55999755859375,0.0,0.0,466.0,0.0,11.0
744240.358,3592.0,-1944.0,1944.0,466.55999755859375,0.0,0.0,466.0,0.0,11.0
744250.359,3592.0,-1944.0,1944.0,466.55999755859375,0.0,0.0,466.0,0.0,11.0
744261.208,3592.0,-1944.0,1944.0,466.55999755859375,0.0,0.0,466.0,0.0,11.0
744271.208,3592.0,-1944.0,1944.0,466.55999755859375,0.0,0.0,466.0,0.0,11.0
744282.366,3592.0,-1944.0,1944.0,466.55999755859375,0.0,0.0,466.0,0.0,11.0
744293.205,3592.0,-1944.0,1944.0,466.55999755859375,0.0,0.0,466.0,0.0,11.0
744304.157,3592.0,-1944.0,1944.0,466.55999755859375,0.0,0.0,466.0,0.0,11.0
744314.158,3592.0,-1944.0,1944.0,466.55999755859375,0.0,0.0,466.0,0.0,11.0
744324.158,3592.0,-1944.0,1944.0,466.55999755859375,0.0,0.0,466.0,0.0,11.0
744335.204,3592.0,-1944.0,1944.0,466.55999755859375,0.0,0.0,466.0,0.0,11.0
744345.205,3592.0,-1944.0,1944.0,466.55999755859375,0.0,0.0,466.0,0.0,11.0
744356.205,3592.0,-1944.0,1944.0,466.55999755859375,0.0,0.0,466.0,0.0,11.0
744366.206,3592.0,-1944.0,1944.0,466.55999755859375,0.0,0.0,466.0,0.0,11.0
744377.205,3592.0,-1944.0,1944.0,466.55999755859375,0.0,0.0,466.0,0.0,11.0
744387.205,3592.0,-1944.0,1944.0,466.55999755859375,0.0,0.0,466.0,0.0,11.0
744398.205,3592.0,-1944.0,1944.0,466.55999755859375,0.0,0.0,466.0,0.0,11.0
744408.206,3592.0,-1944.0,1944.0,466.55999755859375,0.0,0.0,466.0,0.0,11.0
744418.206,3592.0,-1944.0,1944.0,466.55999755859375,0.0,0.0,466.0,0.0,11.0
744428.207,3592.0,-1944.0,1944.0,466.55999755859375,0.0,0.0,466.0,0.0,11.0
744439.201,3592.0,-1944.0,1944.0,466.55999755859375,0.0,0.0,466.0,0.0,11.0
744449.201,3592.0,-1944.0,1944.0,466.55999755859375,0.0,0.0,466.0,0.0,11.0
744459.202,3592.0,-1944.0,1944.0,466.55999755859375,0.0,0.0,466.0,0.0,11.0
744469.204,3592.0,-1944.0,1944.0,466.55999755859375,0.0,0.0,466.0,0.0,11.0
744480.201,3592.0,-1944.0,1944.0,466.55999755859375,0.0,0.0,466.0,0.0,11.0
744490.202,3592.0,-1944.0,1944.0,466.55999755859375,0.0,0.0,466.0,0.0,11.0
744501.215,3592.0,-1944.0,1944.0,466.55999755859375,0.0,0.0,466.0,0.0,11.0
744511.215,3592.0,-1944.0,1944.0,466.55999755859375,0.0,0.0,466.0,0.0,11.0
744522.2,3592.0,-1944.0,1944.0,466.55999755859375,0.0,0.0,466.0,0.0,11.0
744532.201,3592.0,-1944.0,1944.0,466.55999755859375,0.0,0.0,466.0,0.0,11.0
744542.957,3592.0,-1944.0,1944.0,466.55999755859375,0.0,0.0,466.0,0.0,11.0
744552.957,3592.0,-1944.0,1944.0,466.55999755859375,0.0,0.0,466.0,0.0,11.0
744562.957,3592.0,-1944.0,1944.0,466.55999755859375,0.0,0.0,466.0,0.0,11.0
744573.204,3592.0,-1944.0,1944.0,466.55999755859375,0.0,0.0,466.0,0.0,11.0
744584.201,3592.0,-1944.0,1944.0,466.55999755859375,0.0,0.0,466.0,0.0,11.0
744594.202,3592.0,-1944.0,1944.0,466.55999755859375,0.0,0.0,466.0,0.0,11.0
744605.201,3592.0,-1944.0,1944.0,466.55999755859375,0.0,0.0,466.0,0.0,11.0
744615.201,3592.0,-1944.0,1944.0,466.55999755859375,0.0,0.0,466.0,0.0,11.0
744625.201,3592.0,-1944.0,1944.0,466.55999755859375,0.0,0.0,466.0,0.0,11.0
744635.202,3592.0,-1944.0,1944.0,466.55999755859375,0.0,0.0,466.0,0.0,11.0
744646.205,3592.0,-1944.0,1944.0,466.55999755859375,0.0,0.0,466.0,0.0,11.0
744657.205,3592.0,-1944.0,1944.0,466.55999755859375,0.0,0.0,466.0,0.0,11.0
744667.205,3592.0,-1944.0,1944.0,466.55999755859375,0.0,0.0,466.0,0.0,11.0
744677.535,3592.0,-1944.0,1944.0,466.55999755859375,0.0,0.0,466.0,0.0,11.0
744687.536,3592.0,-1944.0,1944.0,466.55999755859375,0.0,0.0,466.0,0.0,11.0
744698.205,3592.0,-1944.0,1944.0,466.55999755859375,0.0,0.0,466.0,0.0,11.0
744709.205,3592.0,-1944.0,1944.0,466.55999755859375,0.0,0.0,466.0,0.0,11.0
744720.201,3592.0,-1944.0,1944.0,466.55999755859375,0.0,0.0,466.0,0.0,11.0
744731.205,3592.0,-1944.0,1944.0,466.55999755859375,0.0,0.0,466.0,0.0,11.0
744741.206,3592.0,-1944.0,1944.0,466.55999755859375,0.0,0.0,466.0,0.0,11.0
744752.205,3592.0,-1944.0,1944.0,466.55999755859375,0.0,0.0,466.0,0.0,11.0
744763.201,3592.0,-1944.0,1944.0,466.55999755859375,0.0,0.0,466.0,0.0,11.0
744773.201,3592.0,-1944.0,1944.0,466.55999755859375,0.0,0.0,466.0,0.0,11.0
744783.202,3592.0,-1944.0,1944.0,466.55999755859375,0.0,0.0,466.0,0.0,11.0
744793.203,3592.0,-1944.0,1944.0,466.55999755859375,0.0,0.0,466.0,0.0,11.0
744803.204,3592.0,-1944.0,1944.0,466.55999755859375,0.0,0.0,466.0,0.0,11.0
744814.003,3592.0,-1944.0,1944.0,466.55999755859375,0.0,0.0,466.0,0.0,11.0
744824.004,3592.0,-1944.0,1944.0,466.55999755859375,0.0,0.0,466.0,0.0,11.0
744834.2,3592.0,-1944.0,1944.0,466.55999755859375,0.0,0.0,466.0,0.0,11.0
744845.205,3592.0,-1944.0,1944.0,466.55999755859375,0.0,0.0,466.0,0.0,11.0
744856.201,3592.0,-1944.0,1944.0,466.55999755859375,0.0,0.0,466.0,0.0,11.0
744867.205,3592.0,-1944.0,1944.0,466.55999755859375,0.0,0.0,466.0,0.0,11.0
744877.205,3592.0,-1944.0,1944.0,466.55999755859375,0.0,0.0,466.0,0.0,11.0
744887.206,3592.0,-1944.0,1944.0,466.55999755859375,0.0,0.0,466.0,0.0,11.0
744897.207,3592.0,-1944.0,1944.0,466.55999755859375,0.0,0.0,466.0,0.0,11.0
744908.201,3592.0,-1944.0,1944.0,466.55999755859375,0.0,0.0,466.0,0.0,11.0
744918.202,3592.0,-1944.0,1944.0,466.55999755859375,0.0,0.0,466.0,0.0,11.0
744928.203,3592.0,-1944.0,1944.0,466.55999755859375,0.0,0.0,466.0,0.0,11.0
744939.208,3592.0,-1944.0,1944.0,466.55999755859375,0.0,0.0,466.0,0.0,11.0
744950.2,3592.0,-1944.0,1944.0,466.55999755859375,0.0,0.0,466.0,0.0,11.0
744961.157,3592.0,-1944.0,1944.0,466.55999755859375,0.0,0.0,466.0,0.0,11.0
744971.158,3592.0,-1944.0,1944.0,466.55999755859375,0.0,0.0,466.0,0.0,11.0
744983.205,3592.0,-1944.0,1944.0,466.55999755859375,0.0,0.0,466.0,0.0,11.0
744993.939,3592.0,-1944.0,1944.0,466.55999755859375,0.0,0.0,466.0,0.0,11.0
745003.94,3592.0,-1944.0,1944.0,466.55999755859375,0.0,0.0,466.0,0.0,11.0
745013.941,3592.0,-1944.0,1944.0,466.55999755859375,0.0,0.0,466.0,0.0,11.0
745023.942,3592.0,-1944.0,1944.0,466.55999755859375,0.0,0.0,466.0,0.0,11.0
745034.204,3592.0,-1944.0,1944.0,466.55999755859375,0.0,0.0,466.0,0.0,11.0
745044.205,3592.0,-1944.0,1944.0,466.55999755859375,0.0,0.0,466.0,0.0,11.0
745055.201,3592.0,-1944.0,1944.0,466.55999755859375,0.0,0.0,466.0,0.0,11.0
745065.201,3592.0,-1944.0,1944.0,466.55999755859375,0.0,0.0,466.0,0.0,11.0
745076.205,3592.0,-1944.0,1944.0,466.55999755859375,0.0,0.0,466.0,0.0,11.0
745087.201,3592.0,-1944.0,1944.0,466.55999755859375,0.0,0.0,466.0,0.0,11.0
745097.201,3592.0,-1944.0,1944.0,466.55999755859375,0.0,0.0,466.0,0.0,11.0
745107.202,3592.0,-1944.0,1944.0,466.55999755859375,0.0,0.0,466.0,0.0,11.0
745118.334,3592.0,-1944.0,1944.0,466.55999755859375,0.0,0.0,466.0,0.0,11.0
745129.201,3592.0,-1944.0,1944.0,466.55999755859375,0.0,0.0,466.0,0.0,11.0
745140.204,3592.0,-1944.0,1944.0,466.55999755859375,0.0,0.0,466.0,0.0,11.0
745150.205,3592.0,-1944.0,1944.0,466.55999755859375,0.0,0.0,466.0,0.0,11.0
745161.204,3592.0,-1944.0,1944.0,466.55999755859375,0.0,0.0,466.0,0.0,11.0
745172.201,3592.0,-1944.0,1944.0,466.55999755859375,0.0,0.0,466.0,0.0,11.0
745182.202,3592.0,-1944.0,1944.0,466.55999755859375,0.0,0.0,466.0,0.0,11.0
745193.201,3592.0,-1944.0,1944.0,466.55999755859375,0.0,0.0,466.0,0.0,11.0
819259.196,3592.0,-1944.0,1944.0,466.55999755859375,0.0,0.0,466.0,0.0,11.0
819270.1,3592.0,-1944.0,1944.0,466.55999755859375,0.0,0.0,466.0,0.0,11.0
819281.1,3592.0,-1944.0,1944.0,466.55999755859375,0.0,0.0,466.0,0.0,11.0
819291.101,3592.0,-1944.0,1944.0,466.55999755859375,0.0,0.0,466.0,0.0,11.0
819301.102,3592.0,-1944.0,1944.0,466.55999755859375,0.0,0.0,466.0,0.0,11.0
819312.1,3592.0,-1944.0,1944.0,466.55999755859375,0.0,0.0,466.0,0.0,11.0
819323.201,3592.0,-1944.0,1944.0,466.55999755859375,0.0,0.0,466.0,0.0,11.0
819333.202,3592.0,-1944.0,1944.0,466.55999755859375,0.0,0.0,466.0,0.0,11.0
819343.202,3592.0,-1944.0,1944.0,466.55999755859375,0.0,0.0,466.0,0.0,11.0
819354.204,3592.0,-1944.0,1944.0,466.55999755859375,0.0,0.0,466.0,0.0,11.0
819364.204,3592.0,-1944.0,1944.0,466.55999755859375,0.0,0.0,466.0,0.0,11.0
819375.201,3592.0,-1944.0,1944.0,466.55999755859375,0.0,0.0,466.0,0.0,11.0
819386.205,3592.0,-1944.0,1944.0,466.55999755859375,0.0,0.0,466.0,0.0,11.0
819397.209,3592.0,-1944.0,1944.0,466.55999755859375,0.0,0.0,466.0,0.0,11.0
819408.201,3592.0,-1944.0,1944.0,466.55999755859375,0.0,0.0,466.0,0.0,11.0
819418.202,3592.0,-1944.0,1944.0,466.55999755859375,0.0,0.0,466.0,0.0,11.0
819429.201,3592.0,-1944.0,1944.0,466.55999755859375,0.0,0.0,466.0,0.0,11.0
819439.201,3592.0,-1944.0,1944.0,466.55999755859375,0.0,0.0,466.0,0.0,11.0
819449.202,3592.0,-1944.0,1944.0,466.55999755859375,0.0,0.0,466.0,0.0,11.0
819459.203,3592.0,-1944.0,1944.0,466.55999755859375,0.0,0.0,466.0,0.0,11.0
819470.201,3592.0,-1944.0,1944.0,466.55999755859375,0.0,0.0,466.0,0.0,11.0
819480.201,3592.0,-1944.0,1944.0,466.55999755859375,0.0,0.0,466.0,0.0,11.0
819490.201,3592.0,-1944.0,1944.0,466.55999755859375,0.0,0.0,466.0,0.0,11.0
819501.205,3592.0,-1944.0,1944.0,466.55999755859375,0.0,0.0,466.0,0.0,11.0
819512.201,3592.0,-1944.0,1944.0,466.55999755859375,0.0,0.0,466.0,0.0,11.0
819522.202,3592.0,-1944.0,1944.0,466.55999755859375,0.0,0.0,466.0,0.0,11.0
819532.203,3592.0,-1944.0,1944.0,466.55999755859375,0.0,0.0,466.0,0.0,11.0
819543.209,3592.0,-1944.0,1944.0,466.55999755859375,0.0,0.0,466.0,0.0,11.0
819553.21,3592.0,-1944.0,1944.0,466.55999755859375,0.0,0.0,466.0,0.0,11.0
819563.798,3592.0,-1944.0,1944.0,466.55999755859375,0.0,0.0,466.0,0.0,11.0
819573.799,3592.0,-1944.0,1944.0,466.55999755859375,0.0,0.0,466.0,0.0,11.0
819583.8,3592.0,-1944.0,1944.0,466.55999755859375,0.0,0.0,466.0,0.0,11.0
819594.292,3592.0,-1944.0,1944.0,466.55999755859375,0.0,0.0,466.0,0.0,11.0
819605.205,3592.0,-1944.0,1944.0,466.55999755859375,0.0,0.0,466.0,0.0,11.0
819615.205,3592.0,-1944.0,1944.0,466.55999755859375,0.0,0.0,466.0,0.0,11.0
819625.206,3592.0,-1944.0,1944.0,466.55999755859375,0.0,0.0,466.0,0.0,11.0
819635.207,3592.0,-1944.0,1944.0,466.55999755859375,0.0,0.0,466.0,0.0,11.0
819645.208,3592.0,-1944.0,1944.0,466.55999755859375,0.0,0.0,466.0,0.0,11.0
819656.201,3592.0,-1944.0,1944.0,466.55999755859375,0.0,0.0,466.0,0.0,11.0
819667.205,3592.0,-1944.0,1944.0,466.55999755859375,0.0,0.0,466.0,0.0,11.0
819678.201,3592.0,-1944.0,1944.0,466.55999755859375,0.0,0.0,466.0,0.0,11.0
819689.209,3592.0,-1944.0,1944.0,466.55999755859375,0.0,0.0,466.0,0.0,11.0
819699.451,3592.0,-1944.0,1944.0,466.55999755859375,0.0,0.0,466.0,0.0,11.0
819709.452,3592.0,-1944.0,1944.0,466.55999755859375,0.0,0.0,466.0,0.0,11.0
819719.452,3592.0,-1944.0,1944.0,466.55999755859375,0.0,0.0,466.0,0.0,11.0
819730.205,3592.0,-1944.0,1944.0,466.55999755859375,0.0,0.0,466.0,0.0,11.0
819741.201,3592.0,-1944.0,1944.0,466.55999755859375,0.0,0.0,466.0,0.0,11.0
819751.201,3592.0,-1944.0,1944.0,466.55999755859375,0.0,0.0,466.0,0.0,11.0
819762.201,3592.0,-1944.0,1944.0,466.55999755859375,0.0,0.0,466.0,0.0,11.0
819773.205,3592.0,-1944.0,1944.0,466.55999755859375,0.0,0.0,466.0,0.0,11.0
819783.206,3592.0,-1944.0,1944.0,466.55999755859375,0.0,0.0,466.0,0.0,11.0
819794.2,3592.0,-1944.0,1944.0,466.55999755859375,0.0,0.0,466.0,0.0,11.0
819805.205,3592.0,-1944.0,1944.0,466.55999755859375,0.0,0.0,466.0,0.0,11.0
819816.205,3592.0,-1944.0,1944.0,466.55999755859375,0.0,0.0,466.0,0.0,11.0
819827.201,3592.0,-1944.0,1944.0,466.55999755859375,0.0,0.0,466.0,0.0,11.0
819837.202,3592.0,-1944.0,1944.0,466.55999755859375,0.0,0.0,466.0,0.0,11.0
819848.201,3592.0,-1944.0,1944.0,466.55999755859375,0.0,0.0,466.0,0.0,11.0
819859.205,3592.0,-1944.0,1944.0,466.55999755859375,0.0,0.0,466.0,0.0,11.0
819870.201,3592.0,-1944.0,1944.0,466.55999755859375,0.0,0.0,466.0,0.0,11.0
819880.584,3592.0,-1944.0,1944.0,466.55999755859375,0.0,0.0,466.0,0.0,11.0
819891.205,3592.0,-1944.0,1944.0,466.55999755859375,0.0,0.0,466.0,0.0,11.0
819901.206,3592.0,-1944.0,1944.0,466.55999755859375,0.0,0.0,466.0,0.0,11.0
819912.451,3592.0,-1944.0,1944.0,466.55999755859375,0.0,0.0,466.0,0.0,11.0
819923.205,3592.0,-1944.0,1944.0,466.55999755859375,0.0,0.0,466.0,0.0,11.0
819934.157,3592.0,-1944.0,1944.0,466.55999755859375,0.0,0.0,466.0,0.0,11.0
819944.157,3592.0,-1944.0,1944.0,466.55999755859375,0.0,0.0,466.0,0.0,11.0
819955.204,3592.0,-1944.0,1944.0,466.55999755859375,0.0,0.0,466.0,0.0,11.0
819966.205,3592.0,-1944.0,1944.0,466.55999755859375,0.0,0.0,466.0,0.0,11.0
819977.201,3592.0,-1944.0,1944.0,466.55999755859375,0.0,0.0,466.0,0.0,11.0
819987.202,3592.0,-1944.0,1944.0,466.55999755859375,0.0,0.0,466.0,0.0,11.0
819998.2,3592.0,-1944.0,1944.0,466.55999755859375,0.0,0.0,466.0,0.0,11.0
820009.205,3592.0,-1944.0,1944.0,466.55999755859375,0.0,0.0,466.0,0.0,11.0
820019.206,3592.0,-1944.0,1944.0,466.55999755859375,0.0,0.0,466.0,0.0,11.0
820029.206,3592.0,-1944.0,1944.0,466.55999755859375,0.0,0.0,466.0,0.0,11.0
820039.206,3592.0,-1944.0,1944.0,466.55999755859375,0.0,0.0,466.0,0.0,11.0
820050.201,3592.0,-1944.0,1944.0,466.55999755859375,0.0,0.0,466.0,0.0,11.0
820061.209,3592.0,-1944.0,1944.0,466.55999755859375,0.0,0.0,466.0,0.0,11.0
820071.21,3592.0,-1944.0,1944.0,466.55999755859375,0.0,0.0,466.0,0.0,11.0
820082.2,3592.0,-1944.0,1944.0,466.55999755859375,0.0,0.0,466.0,0.0,11.0
820092.982,3592.0,-1944.0,1944.0,466.55999755859375,0.0,0.0,466.0,0.0,11.0
820102.983,3592.0,-1944.0,1944.0,466.55999755859375,0.0,0.0,466.0,0.0,11.0
820112.983,3592.0,-1944.0,1944.0,466.55999755859375,0.0,0.0,466.0,0.0,11.0
820122.983,3592.0,-1944.0,1944.0,466.55999755859375,0.0,0.0,466.0,0.0,11.0
820133.205,3592.0,-1944.0,1944.0,466.55999755859375,0.0,0.0,466.0,0.0,11.0
820144.201,3592.0,-1944.0,1944.0,466.55999755859375,0.0,0.0,466.0,0.0,11.0
820155.205,3592.0,-1944.0,1944.0,466.55999755859375,0.0,0.0,466.0,0.0,11.0
820165.206,3592.0,-1944.0,1944.0,466.55999755859375,0.0,0.0,466.0,0.0,11.0
820176.201,3592.0,-1944.0,1944.0,466.55999755859375,0.0,0.0,466.0,0.0,11.0
820186.201,3592.0,-1944.0,1944.0,466.55999755859375,0.0,0.0,466.0,0.0,11.0
820196.201,3592.0,-1944.0,1944.0,466.55999755859375,0.0,0.0,466.0,0.0,11.0
820207.205,3592.0,-1944.0,1944.0,466.55999755859375,0.0,0.0,466.0,0.0,11.0
820217.206,3592.0,-1944.0,1944.0,466.55999755859375,0.0,0.0,466.0,0.0,11.0
820227.207,3592.0,-1944.0,1944.0,466.55999755859375,0.0,0.0,466.0,0.0,11.0
820238.2,3592.0,-1944.0,1944.0,466.55999755859375,0.0,0.0,466.0,0.0,11.0
820248.877,3592.0,-1944.0,1944.0,466.55999755859375,0.0,0.0,466.0,0.0,11.0
820258.877,3592.0,-1944.0,1944.0,466.55999755859375,0.0,0.0,466.0,0.0,11.0
820268.877,3592.0,-1944.0,1944.0,466.55999755859375,0.0,0.0,466.0,0.0,11.0
820279.201,3592.0,-1944.0,1944.0,466.55999755859375,0.0,0.0,466.0,0.0,11.0
820290.205,3592.0,-1944.0,1944.0,466.55999755859375,0.0,0.0,466.0,0.0,11.0
820300.205,3592.0,-1944.0,1944.0,466.55999755859375,0.0,0.0,466.0,0.0,11.0
820311.205,3592.0,-1944.0,1944.0,466.55999755859375,0.0,0.0,466.0,0.0,11.0
820322.201,3592.0,-1944.0,1944.0,466.55999755859375,0.0,0.0,466.0,0.0,11.0
820333.204,3592.0,-1944.0,1944.0,466.55999755859375,0.0,0.0,466.0,0.0,11.0
820343.205,3592.0,-1944.0,1944.0,466.55999755859375,0.0,0.0,466.0,0.0,11.0
820353.205,3592.0,-1944.0,1944.0,466.55999755859375,0.0,0.0,466.0,0.0,11.0
820363.205,3592.0,-1944.0,1944.0,466.55999755859375,0.0,0.0,466.0,0.0,11.0
820374.208,3592.0,-1944.0,1944.0,466.55999755859375,0.0,0.0,466.0,0.0,11.0
820384.383,3592.0,-1944.0,1944.0,466.55999755859375,0.0,0.0,466.0,0.0,11.0
820394.383,3592.0,-1944.0,1944.0,466.55999755859375,0.0,0.0,466.0,0.0,11.0
820404.384,3592.0,-1944.0,1944.0,466.55999755859375,0.0,0.0,466.0,0.0,11.0
820415.205,3592.0,-1944.0,1944.0,466.55999755859375,0.0,0.0,466.0,0.0,11.0
820426.201,3592.0,-1944.0,1944.0,466.55999755859375,0.0,0.0,466.0,0.0,11.0
820436.201,3592.0,-1944.0,1944.0,466.55999755859375,0.0,0.0,466.0,0.0,11.0
820446.201,3592.0,-1944.0,1944.0,466.55999755859375,0.0,0.0,466.0,0.0,11.0
820457.204,3592.0,-1944.0,1944.0,466.55999755859375,0.0,0.0,466.0,0.0,11.0
820467.204,3592.0,-1944.0,1944.0,466.55999755859375,0.0,0.0,466.0,0.0,11.0
820477.205,3592.0,-1944.0,1944.0,466.55999755859375,0.0,0.0,466.0,0.0,11.0
820488.204,3592.0,-1944.0,1944.0,466.55999755859375,0.0,0.0,466.0,0.0,11.0
820499.205,3592.0,-1944.0,1944.0,466.55999755859375,0.0,0.0,466.0,0.0,11.0
820509.206,3592.0,-1944.0,1944.0,466.55999755859375,0.0,0.0,466.0,0.0,11.0
820520.205,3592.0,-1944.0,1944.0,466.55999755859375,0.0,0.0,466.0,0.0,11.0
820530.206,3592.0,-1944.0,1944.0,466.55999755859375,0.0,0.0,466.0,0.0,11.0
820540.207,3592.0,-1944.0,1944.0,466.55999755859375,0.0,0.0,466.0,0.0,11.0
820550.208,3592.0,-1944.0,1944.0,466.55999755859375,0.0,0.0,466.0,0.0,11.0
820561.204,3592.0,-1944.0,1944.0,466.55999755859375,0.0,0.0,466.0,0.0,11.0
820572.201,3592.0,-1944.0,1944.0,466.55999755859375,0.0,0.0,466.0,0.0,11.0
820582.201,3592.0,-1944.0,1944.0,466.55999755859375,0.0,0.0,466.0,0.0,11.0
820593.201,3592.0,-1944.0,1944.0,466.55999755859375,0.0,0.0,466.0,0.0,11.0
820604.205,3592.0,-1944.0,1944.0,466.55999755859375,0.0,0.0,466.0,0.0,11.0
820615.201,3592.0,-1944.0,1944.0,466.55999755859375,0.0,0.0,466.0,0.0,11.0
820626.205,3592.0,-1944.0,1944.0,466.55999755859375,0.0,0.0,466.0,0.0,11.0
820637.201,3592.0,-1944.0,1944.0,466.55999755859375,0.0,0.0,466.0,0.0,11.0
820647.571,3592.0,-1944.0,1944.0,466.55999755859375,0.0,0.0,466.0,0.0,11.0
820657.572,3592.0,-1944.0,1944.0,466.55999755859375,0.0,0.0,466.0,0.0,11.0
820668.205,3592.0,-1944.0,1944.0,466.55999755859375,0.0,0.0,466.0,0.0,11.0
820679.204,3592.0,-1944.0,1944.0,466.55999755859375,0.0,0.0,466.0,0.0,11.0
820690.2,3592.0,-1944.0,1944.0,466.55999755859375,0.0,0.0,466.0,0.0,11.0
820700.201,3592.0,-1944.0,1944.0,466.55999755859375,0.0,0.0,466.0,0.0,11.0
820710.201,3592.0,-1944.0,1944.0,466.55999755859375,0.0,0.0,466.0,0.0,11.0
820721.157,3592.0,-1944.0,1944.0,466.55999755859375,0.0,0.0,466.0,0.0,11.0
820731.158,3592.0,-1944.0,1944.0,466.55999755859375,0.0,0.0,466.0,0.0,11.0
820742.173,3592.0,-1944.0,1944.0,466.55999755859375,0.0,0.0,466.0,0.0,11.0
820753.205,3592.0,-1944.0,1944.0,466.55999755859375,0.0,0.0,466.0,0.0,11.0
820763.206,3592.0,-1944.0,1944.0,466.55999755859375,0.0,0.0,466.0,0.0,11.0
820774.205,3592.0,-1944.0,1944.0,466.55999755859375,0.0,0.0,466.0,0.0,11.0
820784.206,3592.0,-1944.0,1944.0,466.55999755859375,0.0,0.0,466.0,0.0,11.0
820795.201,3592.0,-1944.0,1944.0,466.55999755859375,0.0,0.0,466.0,0.0,11.0
820806.204,3592.0,-1944.0,1944.0,466.55999755859375,0.0,0.0,466.0,0.0,11.0
820817.201,3592.0,-1944.0,1944.0,466.55999755859375,0.0,0.0,466.0,0.0,11.0
820828.205,3592.0,-1944.0,1944.0,466.55999755859375,0.0,0.0,466.0,0.0,11.0
820839.205,3592.0,-1944.0,1944.0,466.55999755859375,0.0,0.0,466.0,0.0,11.0
820849.205,3592.0,-1944.0,1944.0,466.55999755859375,0.0,0.0,466.0,0.0,11.0
820860.204,3592.0,-1944.0,1944.0,466.55999755859375,0.0,0.0,466.0,0.0,11.0
820870.204,3592.0,-1944.0,1944.0,466.55999755859375,0.0,0.0,466.0,0.0,11.0
820881.2,3592.0,-1944.0,1944.0,466.55999755859375,0.0,0.0,466.0,0.0,11.0
820892.205,3592.0,-1944.0,1944.0,466.55999755859375,0.0,0.0,466.0,0.0,11.0
820903.205,3592.0,-1944.0,1944.0,466.55999755859375,0.0,0.0,466.0,0.0,11.0
820914.201,3592.0,-1944.0,1944.0,466.55999755859375,0.0,0.0,466.0,0.0,11.0
820924.202,3592.0,-1944.0,1944.0,466.55999755859375,0.0,0.0,466.0,0.0,11.0
820934.218,3592.0,-1944.0,1944.0,466.55999755859375,0.0,0.0,466.0,0.0,11.0
820944.218,3592.0,-1944.0,1944.0,466.55999755859375,0.0,0.0,466.0,0.0,11.0
820954.218,3592.0,-1944.0,1944.0,466.55999755859375,0.0,0.0,466.0,0.0,11.0
820965.204,3592.0,-1944.0,1944.0,466.55999755859375,0.0,0.0,466.0,0.0,11.0
820976.201,3592.0,-1944.0,1944.0,466.55999755859375,0.0,0.0,466.0,0.0,11.0
820987.205,3592.0,-1944.0,1944.0,466.55999755859375,0.0,0.0,466.0,0.0,11.0
820998.205,3592.0,-1944.0,1944.0,466.55999755859375,0.0,0.0,466.0,0.0,11.0
821009.201,3592.0,-1944.0,1944.0,466.55999755859375,0.0,0.0,466.0,0.0,11.0
821019.202,3592.0,-1944.0,1944.0,466.55999755859375,0.0,0.0,466.0,0.0,11.0
821029.203,3592.0,-1944.0,1944.0,466.55999755859375,0.0,0.0,466.0,0.0,11.0
821040.205,3592.0,-1944.0,1944.0,466.55999755859375,0.0,0.0,466.0,0.0,11.0
821051.205,3592.0,-1944.0,1944.0,466.55999755859375,0.0,0.0,466.0,0.0,11.0
821062.201,3592.0,-1944.0,1944.0,466.55999755859375,0.0,0.0,466.0,0.0,11.0
821073.205,3592.0,-1944.0,1944.0,466.55999755859375,0.0,0.0,466.0,0.0,11.0
821084.205,3592.0,-1944.0,1944.0,466.55999755859375,0.0,0.0,466.0,0.0,11.0
821095.213,3592.0,-1944.0,1944.0,466.55999755859375,0.0,0.0,466.0,0.0,11.0
821106.205,3592.0,-1944.0,1944.0,466.55999755859375,0.0,0.0,466.0,0.0,11.0
821116.206,3592.0,-1944.0,1944.0,466.55999755859375,0.0,0.0,466.0,0.0,11.0
821126.207,3592.0,-1944.0,1944.0,466.55999755859375,0.0,0.0,466.0,0.0,11.0
821137.274,3592.0,-1944.0,1944.0,466.55999755859375,0.0,0.0,466.0,0.0,11.0
821147.417,3592.0,-1944.0,1944.0,466.55999755859375,0.0,0.0,466.0,0.0,11.0
821158.205,3592.0,-1944.0,1944.0,466.55999755859375,0.0,0.0,466.0,0.0,11.0
821169.173,3592.0,-1944.0,1944.0,466.55999755859375,0.0,0.0,466.0,0.0,11.0
821180.201,3592.0,-1944.0,1944.0,466.55999755859375,0.0,0.0,466.0,0.0,11.0
821190.202,3592.0,-1944.0,1944.0,466.55999755859375,0.0,0.0,466.0,0.0,11.0
821201.204,3592.0,-1944.0,1944.0,466.55999755859375,0.0,0.0,466.0,0.0,11.0
821212.201,3592.0,-1944.0,1944.0,466.55999755859375,0.0,0.0,466.0,0.0,11.0
821222.202,3592.0,-1944.0,1944.0,466.55999755859375,0.0,0.0,466.0,0.0,11.0
821232.202,3592.0,-1944.0,1944.0,466.55999755859375,0.0,0.0,466.0,0.0,11.0
821242.203,3592.0,-1944.0,1944.0,466.55999755859375,0.0,0.0,466.0,0.0,11.0
821253.204,3592.0,-1944.0,1944.0,466.55999755859375,0.0,0.0,466.0,0.0,11.0
821264.201,3592.0,-1944.0,1944.0,466.55999755859375,0.0,0.0,466.0,0.0,11.0
821275.205,3592.0,-1944.0,1944.0,466.55999755859375,0.0,0.0,466.0,0.0,11.0
821286.205,3592.0,-1944.0,1944.0,466.55999755859375,0.0,0.0,466.0,0.0,11.0
821297.201,3592.0,-1944.0,1944.0,466.55999755859375,0.0,0.0,466.0,0.0,11.0
821308.205,3592.0,-1944.0,1944.0,466.55999755859375,0.0,0.0,466.0,0.0,11.0
821318.206,3592.0,-1944.0,1944.0,466.55999755859375,0.0,0.0,466.0,0.0,11.0
821328.207,3592.0,-1944.0,1944.0,466.55999755859375,0.0,0.0,466.0,0.0,11.0
821339.209,3592.0,-1944.0,1944.0,466.55999755859375,0.0,0.0,466.0,0.0,11.0
821350.262,3592.0,-1944.0,1944.0,466.55999755859375,0.0,0.0,466.0,0.0,11.0
821360.262,3592.0,-1944.0,1944.0,466.55999755859375,0.0,0.0,466.0,0.0,11.0
821370.262,3592.0,-1944.0,1944.0,466.55999755859375,0.0,0.0,466.0,0.0,11.0
821381.204,3592.0,-1944.0,1944.0,466.55999755859375,0.0,0.0,466.0,0.0,11.0
821392.2,3592.0,-1944.0,1944.0,466.55999755859375,0.0,0.0,466.0,0.0,11.0
821403.204,3592.0,-1944.0,1944.0,466.55999755859375,0.0,0.0,466.0,0.0,11.0
821413.205,3592.0,-1944.0,1944.0,466.55999755859375,0.0,0.0,466.0,0.0,11.0
821423.206,3592.0,-1944.0,1944.0,466.55999755859375,0.0,0.0,466.0,0.0,11.0
821434.205,3592.0,-1944.0,1944.0,466.55999755859375,0.0,0.0,466.0,0.0,11.0
821445.201,3592.0,-1944.0,1944.0,466.55999755859375,0.0,0.0,466.0,0.0,11.0
821455.202,3592.0,-1944.0,1944.0,466.55999755859375,0.0,0.0,466.0,0.0,11.0
821465.202,3592.0,-1944.0,1944.0,466.55999755859375,0.0,0.0,466.0,0.0,11.0
821476.157,3592.0,-1944.0,1944.0,466.55999755859375,0.0,0.0,466.0,0.0,11.0
821486.251,3592.0,-1944.0,1944.0,466.55999755859375,0.0,0.0,466.0,0.0,11.0
821497.201,3592.0,-1944.0,1944.0,466.55999755859375,0.0,0.0,466.0,0.0,11.0
821507.201,3592.0,-1944.0,1944.0,466.55999755859375,0.0,0.0,466.0,0.0,11.0
821517.202,3592.0,-1944.0,1944.0,466.55999755859375,0.0,0.0,466.0,0.0,11.0
821527.202,3592.0,-1944.0,1944.0,466.55999755859375,0.0,0.0,466.0,0.0,11.0
821538.201,3592.0,-1944.0,1944.0,466.55999755859375,0.0,0.0,466.0,0.0,11.0
821549.204,3592.0,-1944.0,1944.0,466.55999755859375,0.0,0.0,466.0,0.0,11.0
821560.201,3592.0,-1944.0,1944.0,466.55999755859375,0.0,0.0,466.0,0.0,11.0
821570.201,3592.0,-1944.0,1944.0,466.55999755859375,0.0,0.0,466.0,0.0,11.0
821581.201,3592.0,-1944.0,1944.0,466.55999755859375,0.0,0.0,466.0,0.0,11.0
821591.201,3592.0,-1944.0,1944.0,466.55999755859375,0.0,0.0,466.0,0.0,11.0
821602.205,3592.0,-1944.0,1944.0,466.55999755859375,0.0,0.0,466.0,0.0,11.0
821613.2,3592.0,-1944.0,1944.0,466.55999755859375,0.0,0.0,466.0,0.0,11.0
821623.201,3592.0,-1944.0,1944.0,466.55999755859375,0.0,0.0,466.0,0.0,11.0
821633.202,3592.0,-1944.0,1944.0,466.55999755859375,0.0,0.0,466.0,0.0,11.0
821644.205,3592.0,-1944.0,1944.0,466.55999755859375,0.0,0.0,466.0,0.0,11.0
821655.208,3592.0,-1944.0,1944.0,466.55999755859375,0.0,0.0,466.0,0.0,11.0
821666.2,3592.0,-1944.0,1944.0,466.55999755859375,0.0,0.0,466.0,0.0,11.0
821676.2,3592.0,-1944.0,1944.0,466.55999755859375,0.0,0.0,466.0,0.0,11.0
821687.229,3592.0,-1944.0,1944.0,466.55999755859375,0.0,0.0,466.0,0.0,11.0
821697.23,3592.0,-1944.0,1944.0,466.55999755859375,0.0,0.0,466.0,0.0,11.0
821708.205,3592.0,-1944.0,1944.0,466.55999755859375,0.0,0.0,466.0,0.0,11.0
821718.206,3592.0,-1944.0,1944.0,466.55999755859375,0.0,0.0,466.0,0.0,11.0
821728.207,3592.0,-1944.0,1944.0,466.55999755859375,0.0,0.0,466.0,0.0,11.0
821738.208,3592.0,-1944.0,1944.0,466.55999755859375,0.0,0.0,466.0,0.0,11.0
821749.201,3592.0,-1944.0,1944.0,466.55999755859375,0.0,0.0,466.0,0.0,11.0
821760.204,3592.0,-1944.0,1944.0,466.55999755859375,0.0,0.0,466.0,0.0,11.0
821771.205,3592.0,-1944.0,1944.0,466.55999755859375,0.0,0.0,466.0,0.0,11.0
821781.205,3592.0,-1944.0,1944.0,466.55999755859375,0.0,0.0,466.0,0.0,11.0
821792.205,3592.0,-1944.0,1944.0,466.55999755859375,0.0,0.0,466.0,0.0,11.0
821803.208,3592.0,-1944.0,1944.0,466.55999755859375,0.0,0.0,466.0,0.0,11.0
821813.208,3592.0,-1944.0,1944.0,466.55999755859375,0.0,0.0,466.0,0.0,11.0
821824.204,3592.0,-1944.0,1944.0,466.55999755859375,0.0,0.0,466.0,0.0,11.0
821835.201,3592.0,-1944.0,1944.0,466.55999755859375,0.0,0.0,466.0,0.0,11.0
821846.208,3592.0,-1944.0,1944.0,466.55999755859375,0.0,0.0,466.0,0.0,11.0
821856.209,3592.0,-1944.0,1944.0,466.55999755859375,0.0,0.0,466.0,0.0,11.0
821866.389,3592.0,-1944.0,1944.0,466.55999755859375,0.0,0.0,466.0,0.0,11.0
821877.2,3592.0,-1944.0,1944.0,466.55999755859375,0.0,0.0,466.0,0.0,11.0
821888.158,3592.0,-1944.0,1944.0,466.55999755859375,0.0,0.0,466.0,0.0,11.0
821899.173,3592.0,-1944.0,1944.0,466.55999755859375,0.0,0.0,466.0,0.0,11.0
821910.2,3592.0,-1944.0,1944.0,466.55999755859375,0.0,0.0,466.0,0.0,11.0
821920.201,3592.0,-1944.0,1944.0,466.55999755859375,0.0,0.0,466.0,0.0,11.0
821930.202,3592.0,-1944.0,1944.0,466.55999755859375,0.0,0.0,466.0,0.0,11.0
821940.203,3592.0,-1944.0,1944.0,466.55999755859375,0.0,0.0,466.0,0.0,11.0
821950.205,3592.0,-1944.0,1944.0,466.55999755859375,0.0,0.0,466.0,0.0,11.0
821961.205,3592.0,-1944.0,1944.0,466.55999755859375,0.0,0.0,466.0,0.0,11.0
821971.206,3592.0,-1944.0,1944.0,466.55999755859375,0.0,0.0,466.0,0.0,11.0
821982.204,3592.0,-1944.0,1944.0,466.55999755859375,0.0,0.0,466.0,0.0,11.0
821993.205,3592.0,-1944.0,1944.0,466.55999755859375,0.0,0.0,466.0,0.0,11.0
822003.206,3592.0,-1944.0,1944.0,466.55999755859375,0.0,0.0,466.0,0.0,11.0
822014.204,3592.0,-1944.0,1944.0,466.55999755859375,0.0,0.0,466.0,0.0,11.0
822025.201,3592.0,-1944.0,1944.0,466.55999755859375,0.0,0.0,466.0,0.0,11.0
822035.202,3592.0,-1944.0,1944.0,466.55999755859375,0.0,0.0,466.0,0.0,11.0
822045.203,3592.0,-1944.0,1944.0,466.55999755859375,0.0,0.0,466.0,0.0,11.0
822055.203,3592.0,-1944.0,1944.0,466.55999755859375,0.0,0.0,466.0,0.0,11.0
822066.205,3592.0,-1944.0,1944.0,466.55999755859375,0.0,0.0,466.0,0.0,11.0
822077.201,3592.0,-1944.0,1944.0,466.55999755859375,0.0,0.0,466.0,0.0,11.0
822088.205,3592.0,-1944.0,1944.0,466.55999755859375,0.0,0.0,466.0,0.0,11.0
822098.206,3592.0,-1944.0,1944.0,466.55999755859375,0.0,0.0,466.0,0.0,11.0
822109.204,3592.0,-1944.0,1944.0,466.55999755859375,0.0,0.0,466.0,0.0,11.0
822120.201,3592.0,-1944.0,1944.0,466.55999755859375,0.0,0.0,466.0,0.0,11.0
822130.201,3592.0,-1944.0,1944.0,466.55999755859375,0.0,0.0,466.0,0.0,11.0
822140.201,3592.0,-1944.0,1944.0,466.55999755859375,0.0,0.0,466.0,0.0,11.0
822151.205,3592.0,-1944.0,1944.0,466.55999755859375,0.0,0.0,466.0,0.0,11.0
822162.201,3592.0,-1944.0,1944.0,466.55999755859375,0.0,0.0,466.0,0.0,11.0
822173.209,3592.0,-1944.0,1944.0,466.55999755859375,0.0,0.0,466.0,0.0,11.0
822184.201,3592.0,-1944.0,1944.0,466.55999755859375,0.0,0.0,466.0,0.0,11.0
822194.201,3592.0,-1944.0,1944.0,466.55999755859375,0.0,0.0,466.0,0.0,11.0
822204.201,3592.0,-1944.0,1944.0,466.55999755859375,0.0,0.0,466.0,0.0,11.0
822214.667,3592.0,-1944.0,1944.0,466.55999755859375,0.0,0.0,466.0,0.0,11.0
822225.204,3592.0,-1944.0,1944.0,466.55999755859375,0.0,0.0,466.0,0.0,11.0
822236.173,3592.0,-1944.0,1944.0,466.55999755859375,0.0,0.0,466.0,0.0,11.0
822247.202,3592.0,-1944.0,1944.0,466.55999755859375,0.0,0.0,466.0,0.0,11.0
822257.202,3592.0,-1944.0,1944.0,466.55999755859375,0.0,0.0,466.0,0.0,11.0
822268.201,3592.0,-1944.0,1944.0,466.55999755859375,0.0,0.0,466.0,0.0,11.0
822278.201,3592.0,-1944.0,1944.0,466.55999755859375,0.0,0.0,466.0,0.0,11.0
822289.201,3592.0,-1944.0,1944.0,466.55999755859375,0.0,0.0,466.0,0.0,11.0
822300.204,3592.0,-1944.0,1944.0,466.55999755859375,0.0,0.0,466.0,0.0,11.0
822311.205,3592.0,-1944.0,1944.0,466.55999755859375,0.0,0.0,466.0,0.0,11.0
822322.201,3592.0,-1944.0,1944.0,466.55999755859375,0.0,0.0,466.0,0.0,11.0
822332.202,3592.0,-1944.0,1944.0,466.55999755859375,0.0,0.0,466.0,0.0,11.0
822343.201,3592.0,-1944.0,1944.0,466.55999755859375,0.0,0.0,466.0,0.0,11.0
822353.201,3592.0,-1944.0,1944.0,466.55999755859375,0.0,0.0,466.0,0.0,11.0
822363.202,3592.0,-1944.0,1944.0,466.55999755859375,0.0,0.0,466.0,0.0,11.0
822373.203,3592.0,-1944.0,1944.0,466.55999755859375,0.0,0.0,466.0,0.0,11.0
822383.203,3592.0,-1944.0,1944.0,466.55999755859375,0.0,0.0,466.0,0.0,11.0
822393.204,3592.0,-1944.0,1944.0,466.55999755859375,0.0,0.0,466.0,0.0,11.0
822404.205,3592.0,-1944.0,1944.0,466.55999755859375,0.0,0.0,466.0,0.0,11.0
822415.201,3592.0,-1944.0,1944.0,466.55999755859375,0.0,0.0,466.0,0.0,11.0
822426.205,3592.0,-1944.0,1944.0,466.55999755859375,0.0,0.0,466.0,0.0,11.0
822436.206,3592.0,-1944.0,1944.0,466.55999755859375,0.0,0.0,466.0,0.0,11.0
822447.2,3592.0,-1944.0,1944.0,466.55999755859375,0.0,0.0,466.0,0.0,11.0
822458.205,3592.0,-1944.0,1944.0,466.55999755859375,0.0,0.0,466.0,0.0,11.0
822469.204,3592.0,-1944.0,1944.0,466.55999755859375,0.0,0.0,466.0,0.0,11.0
822479.205,3592.0,-1944.0,1944.0,466.55999755859375,0.0,0.0,466.0,0.0,11.0
822489.205,3592.0,-1944.0,1944.0,466.55999755859375,0.0,0.0,466.0,0.0,11.0
822499.206,3592.0,-1944.0,1944.0,466.55999755859375,0.0,0.0,466.0,0.0,11.0
822510.173,3592.0,-1944.0,1944.0,466.55999755859375,0.0,0.0,466.0,0.0,11.0
822521.209,3592.0,-1944.0,1944.0,466.55999755859375,0.0,0.0,466.0,0.0,11.0
822531.211,3592.0,-1944.0,1944.0,466.55999755859375,0.0,0.0,466.0,0.0,11.0
822541.211,3592.0,-1944.0,1944.0,466.55999755859375,0.0,0.0,466.0,0.0,11.0
822551.211,3592.0,-1944.0,1944.0,466.55999755859375,0.0,0.0,466.0,0.0,11.0
822562.201,3592.0,-1944.0,1944.0,466.55999755859375,0.0,0.0,466.0,0.0,11.0
822572.202,3592.0,-1944.0,1944.0,466.55999755859375,0.0,0.0,466.0,0.0,11.0
822583.204,3592.0,-1944.0,1944.0,466.55999755859375,0.0,0.0,466.0,0.0,11.0
822594.201,3592.0,-1944.0,1944.0,466.55999755859375,0.0,0.0,466.0,0.0,11.0
822605.205,3592.0,-1944.0,1944.0,466.55999755859375,0.0,0.0,466.0,0.0,11.0
822616.205,3592.0,-1944.0,1944.0,466.55999755859375,0.0,0.0,466.0,0.0,11.0
822627.2,3592.0,-1944.0,1944.0,466.55999755859375,0.0,0.0,466.0,0.0,11.0
822638.205,3592.0,-1944.0,1944.0,466.55999755859375,0.0,0.0,466.0,0.0,11.0
822648.205,3592.0,-1944.0,1944.0,466.55999755859375,0.0,0.0,466.0,0.0,11.0
822658.206,3592.0,-1944.0,1944.0,466.55999755859375,0.0,0.0,466.0,0.0,11.0
822669.205,3592.0,-1944.0,1944.0,466.55999755859375,0.0,0.0,466.0,0.0,11.0
822679.234,3592.0,-1944.0,1944.0,466.55999755859375,0.0,0.0,466.0,0.0,11.0
822690.2,3592.0,-1944.0,1944.0,466.55999755859375,0.0,0.0,466.0,0.0,11.0
822701.205,3592.0,-1944.0,1944.0,466.55999755859375,0.0,0.0,466.0,0.0,11.0
822712.209,3592.0,-1944.0,1944.0,466.55999755859375,0.0,0.0,466.0,0.0,11.0
822722.374,3592.0,-1944.0,1944.0,466.55999755859375,0.0,0.0,466.0,0.0,11.0
822732.375,3592.0,-1944.0,1944.0,466.55999755859375,0.0,0.0,466.0,0.0,11.0
822743.423,3592.0,-1944.0,1944.0,466.55999755859375,0.0,0.0,466.0,0.0,11.0
822754.201,3592.0,-1944.0,1944.0,466.55999755859375,0.0,0.0,466.0,0.0,11.0
822765.157,3592.0,-1944.0,1944.0,466.55999755859375,0.0,0.0,466.0,0.0,11.0
822776.205,3592.0,-1944.0,1944.0,466.55999755859375,0.0,0.0,466.0,0.0,11.0
822787.201,3592.0,-1944.0,1944.0,466.55999755859375,0.0,0.0,466.0,0.0,11.0
822798.201,3592.0,-1944.0,1944.0,466.55999755859375,0.0,0.0,466.0,0.0,11.0
822809.205,3592.0,-1944.0,1944.0,466.55999755859375,0.0,0.0,466.0,0.0,11.0
822820.219,3592.0,-1944.0,1944.0,466.55999755859375,0.0,0.0,466.0,0.0,11.0
822830.22,3592.0,-1944.0,1944.0,466.55999755859375,0.0,0.0,466.0,0.0,11.0
822840.22,3592.0,-1944.0,1944.0,466.55999755859375,0.0,0.0,466.0,0.0,11.0
822851.201,3592.0,-1944.0,1944.0,466.55999755859375,0.0,0.0,466.0,0.0,11.0
822862.205,3592.0,-1944.0,1944.0,466.55999755859375,0.0,0.0,466.0,0.0,11.0
822873.205,3592.0,-1944.0,1944.0,466.55999755859375,0.0,0.0,466.0,0.0,11.0
822883.206,3592.0,-1944.0,1944.0,466.55999755859375,0.0,0.0,466.0,0.0,11.0
822894.204,3592.0,-1944.0,1944.0,466.55999755859375,0.0,0.0,466.0,0.0,11.0
822905.205,3592.0,-1944.0,1944.0,466.55999755859375,0.0,0.0,466.0,0.0,11.0
822915.206,3592.0,-1944.0,1944.0,466.55999755859375,0.0,0.0,466.0,0.0,11.0
822926.205,3592.0,-1944.0,1944.0,466.55999755859375,0.0,0.0,466.0,0.0,11.0
822937.2,3592.0,-1944.0,1944.0,466.55999755859375,0.0,0.0,466.0,0.0,11.0
822947.84,3592.0,-1944.0,1944.0,466.55999755859375,0.0,0.0,466.0,0.0,11.0
822957.84,3592.0,-1944.0,1944.0,466.55999755859375,0.0,0.0,466.0,0.0,11.0
822968.157,3592.0,-1944.0,1944.0,466.55999755859375,0.0,0.0,466.0,0.0,11.0
822978.157,3592.0,-1944.0,1944.0,466.55999755859375,0.0,0.0,466.0,0.0,11.0
822989.2,3592.0,-1944.0,1944.0,466.55999755859375,0.0,0.0,466.0,0.0,11.0
822999.201,3592.0,-1944.0,1944.0,466.55999755859375,0.0,0.0,466.0,0.0,11.0
823009.201,3592.0,-1944.0,1944.0,466.55999755859375,0.0,0.0,466.0,0.0,11.0
823020.205,3592.0,-1944.0,1944.0,466.55999755859375,0.0,0.0,466.0,0.0,11.0
823031.205,3592.0,-1944.0,1944.0,466.55999755859375,0.0,0.0,466.0,0.0,11.0
823041.206,3592.0,-1944.0,1944.0,466.55999755859375,0.0,0.0,466.0,0.0,11.0
823051.391,3592.0,-1944.0,1944.0,466.55999755859375,0.0,0.0,466.0,0.0,11.0
823061.391,3592.0,-1944.0,1944.0,466.55999755859375,0.0,0.0,466.0,0.0,11.0
823072.2,3592.0,-1944.0,1944.0,466.55999755859375,0.0,0.0,466.0,0.0,11.0
823083.209,3592.0,-1944.0,1944.0,466.55999755859375,0.0,0.0,466.0,0.0,11.0
823094.363,3592.0,-1944.0,1944.0,466.55999755859375,0.0,0.0,466.0,0.0,11.0
823104.764,3592.0,-1944.0,1944.0,466.55999755859375,0.0,0.0,466.0,0.0,11.0
823115.204,3592.0,-1944.0,1944.0,466.55999755859375,0.0,0.0,466.0,0.0,11.0
823125.204,3592.0,-1944.0,1944.0,466.55999755859375,0.0,0.0,466.0,0.0,11.0
823136.173,3592.0,-1944.0,1944.0,466.55999755859375,0.0,0.0,466.0,0.0,11.0
823147.204,3592.0,-1944.0,1944.0,466.55999755859375,0.0,0.0,466.0,0.0,11.0
823158.201,3592.0,-1944.0,1944.0,466.55999755859375,0.0,0.0,466.0,0.0,11.0
823169.205,3592.0,-1944.0,1944.0,466.55999755859375,0.0,0.0,466.0,0.0,11.0
823180.205,3592.0,-1944.0,1944.0,466.55999755859375,0.0,0.0,466.0,0.0,11.0
823190.205,3592.0,-1944.0,1944.0,466.55999755859375,0.0,0.0,466.0,0.0,11.0
823201.205,3592.0,-1944.0,1944.0,466.55999755859375,0.0,0.0,466.0,0.0,11.0
823212.201,3592.0,-1944.0,1944.0,466.55999755859375,0.0,0.0,466.0,0.0,11.0
823223.205,3592.0,-1944.0,1944.0,466.55999755859375,0.0,0.0,466.0,0.0,11.0
823233.205,3592.0,-1944.0,1944.0,466.55999755859375,0.0,0.0,466.0,0.0,11.0
823243.205,3592.0,-1944.0,1944.0,466.55999755859375,0.0,0.0,466.0,0.0,11.0
823254.204,3592.0,-1944.0,1944.0,466.55999755859375,0.0,0.0,466.0,0.0,11.0
823264.205,3592.0,-1944.0,1944.0,466.55999755859375,0.0,0.0,466.0,0.0,11.0
823274.205,3592.0,-1944.0,1944.0,466.55999755859375,0.0,0.0,466.0,0.0,11.0
823284.205,3592.0,-1944.0,1944.0,466.55999755859375,0.0,0.0,466.0,0.0,11.0
823295.204,3592.0,-1944.0,1944.0,466.55999755859375,0.0,0.0,466.0,0.0,11.0
823305.412,3592.0,-1944.0,1944.0,466.55999755859375,0.0,0.0,466.0,0.0,11.0
823316.201,3592.0,-1944.0,1944.0,466.55999755859375,0.0,0.0,466.0,0.0,11.0
823327.173,3592.0,-1944.0,1944.0,466.55999755859375,0.0,0.0,466.0,0.0,11.0
823338.173,3592.0,-1944.0,1944.0,466.55999755859375,0.0,0.0,466.0,0.0,11.0
823348.173,3592.0,-1944.0,1944.0,466.55999755859375,0.0,0.0,466.0,0.0,11.0
823359.201,3592.0,-1944.0,1944.0,466.55999755859375,0.0,0.0,466.0,0.0,11.0
823370.205,3592.0,-1944.0,1944.0,466.55999755859375,0.0,0.0,466.0,0.0,11.0
823381.205,3592.0,-1944.0,1944.0,466.55999755859375,0.0,0.0,466.0,0.0,11.0
823391.206,3592.0,-1944.0,1944.0,466.55999755859375,0.0,0.0,466.0,0.0,11.0
823402.205,3592.0,-1944.0,1944.0,466.55999755859375,0.0,0.0,466.0,0.0,11.0
823413.205,3592.0,-1944.0,1944.0,466.55999755859375,0.0,0.0,466.0,0.0,11.0
823424.216,3592.0,-1944.0,1944.0,466.55999755859375,0.0,0.0,466.0,0.0,11.0
823434.217,3592.0,-1944.0,1944.0,466.55999755859375,0.0,0.0,466.0,0.0,11.0
823444.218,3592.0,-1944.0,1944.0,466.55999755859375,0.0,0.0,466.0,0.0,11.0
823455.206,3592.0,-1944.0,1944.0,466.55999755859375,0.0,0.0,466.0,0.0,11.0
823465.207,3592.0,-1944.0,1944.0,466.55999755859375,0.0,0.0,466.0,0.0,11.0
823476.201,3592.0,-1944.0,1944.0,466.55999755859375,0.0,0.0,466.0,0.0,11.0
823486.201,3592.0,-1944.0,1944.0,466.55999755859375,0.0,0.0,466.0,0.0,11.0
823496.389,3592.0,-1944.0,1944.0,466.55999755859375,0.0,0.0,466.0,0.0,11.0
823507.205,3592.0,-1944.0,1944.0,466.55999755859375,0.0,0.0,466.0,0.0,11.0
823518.157,3592.0,-1944.0,1944.0,466.55999755859375,0.0,0.0,466.0,0.0,11.0
823529.201,3592.0,-1944.0,1944.0,466.55999755859375,0.0,0.0,466.0,0.0,11.0
823539.201,3592.0,-1944.0,1944.0,466.55999755859375,0.0,0.0,466.0,0.0,11.0
823549.201,3592.0,-1944.0,1944.0,466.55999755859375,0.0,0.0,466.0,0.0,11.0
823560.205,3592.0,-1944.0,1944.0,466.55999755859375,0.0,0.0,466.0,0.0,11.0
823570.206,3592.0,-1944.0,1944.0,466.55999755859375,0.0,0.0,466.0,0.0,11.0
823581.201,3592.0,-1944.0,1944.0,466.55999755859375,0.0,0.0,466.0,0.0,11.0
823591.202,3592.0,-1944.0,1944.0,466.55999755859375,0.0,0.0,466.0,0.0,11.0
823602.204,3592.0,-1944.0,1944.0,466.55999755859375,0.0,0.0,466.0,0.0,11.0
823612.205,3592.0,-1944.0,1944.0,466.55999755859375,0.0,0.0,466.0,0.0,11.0
823622.206,3592.0,-1944.0,1944.0,466.55999755859375,0.0,0.0,466.0,0.0,11.0
823632.207,3592.0,-1944.0,1944.0,466.55999755859375,0.0,0.0,466.0,0.0,11.0
823642.231,3592.0,-1944.0,1944.0,466.55999755859375,0.0,0.0,466.0,0.0,11.0
823652.231,3592.0,-1944.0,1944.0,466.55999755859375,0.0,0.0,466.0,0.0,11.0
823662.231,3592.0,-1944.0,1944.0,466.55999755859375,0.0,0.0,466.0,0.0,11.0
823673.205,3592.0,-1944.0,1944.0,466.55999755859375,0.0,0.0,466.0,0.0,11.0
823684.201,3592.0,-1944.0,1944.0,466.55999755859375,0.0,0.0,466.0,0.0,11.0
823694.202,3592.0,-1944.0,1944.0,466.55999755859375,0.0,0.0,466.0,0.0,11.0
823704.203,3592.0,-1944.0,1944.0,466.55999755859375,0.0,0.0,466.0,0.0,11.0
823714.203,3592.0,-1944.0,1944.0,466.55999755859375,0.0,0.0,466.0,0.0,11.0
823724.203,3592.0,-1944.0,1944.0,466.55999755859375,0.0,0.0,466.0,0.0,11.0
823735.205,3592.0,-1944.0,1944.0,466.55999755859375,0.0,0.0,466.0,0.0,11.0
823745.206,3592.0,-1944.0,1944.0,466.55999755859375,0.0,0.0,466.0,0.0,11.0
823756.201,3592.0,-1944.0,1944.0,466.55999755859375,0.0,0.0,466.0,0.0,11.0
823767.205,3592.0,-1944.0,1944.0,466.55999755859375,0.0,0.0,466.0,0.0,11.0
823777.205,3592.0,-1944.0,1944.0,466.55999755859375,0.0,0.0,466.0,0.0,11.0
823787.206,3592.0,-1944.0,1944.0,466.55999755859375,0.0,0.0,466.0,0.0,11.0
823797.207,3592.0,-1944.0,1944.0,466.55999755859375,0.0,0.0,466.0,0.0,11.0
823807.207,3592.0,-1944.0,1944.0,466.55999755859375,0.0,0.0,466.0,0.0,11.0
823817.208,3592.0,-1944.0,1944.0,466.55999755859375,0.0,0.0,466.0,0.0,11.0
823827.209,3592.0,-1944.0,1944.0,466.55999755859375,0.0,0.0,466.0,0.0,11.0
823838.205,3592.0,-1944.0,1944.0,466.55999755859375,0.0,0.0,466.0,0.0,11.0
823849.201,3592.0,-1944.0,1944.0,466.55999755859375,0.0,0.0,466.0,0.0,11.0
823860.204,3592.0,-1944.0,1944.0,466.55999755859375,0.0,0.0,466.0,0.0,11.0
823871.2,3592.0,-1944.0,1944.0,466.55999755859375,0.0,0.0,466.0,0.0,11.0
823882.205,3592.0,-1944.0,1944.0,466.55999755859375,0.0,0.0,466.0,0.0,11.0
823893.2,3592.0,-1944.0,1944.0,466.55999755859375,0.0,0.0,466.0,0.0,11.0
823904.339,3592.0,-1944.0,1944.0,466.55999755859375,0.0,0.0,466.0,0.0,11.0
823914.339,3592.0,-1944.0,1944.0,466.55999755859375,0.0,0.0,466.0,0.0,11.0
823924.34,3592.0,-1944.0,1944.0,466.55999755859375,0.0,0.0,466.0,0.0,11.0
823934.343,3592.0,-1944.0,1944.0,466.55999755859375,0.0,0.0,466.0,0.0,11.0
823945.204,3592.0,-1944.0,1944.0,466.55999755859375,0.0,0.0,466.0,0.0,11.0
823956.173,3592.0,-1944.0,1944.0,466.55999755859375,0.0,0.0,466.0,0.0,11.0
823967.201,3592.0,-1944.0,1944.0,466.55999755859375,0.0,0.0,466.0,0.0,11.0
823978.184,3592.0,-1944.0,1944.0,466.55999755859375,0.0,0.0,466.0,0.0,11.0
823989.205,3592.0,-1944.0,1944.0,466.55999755859375,0.0,0.0,466.0,0.0,11.0
824000.201,3592.0,-1944.0,1944.0,466.55999755859375,0.0,0.0,466.0,0.0,11.0
824011.204,3592.0,-1944.0,1944.0,466.55999755859375,0.0,0.0,466.0,0.0,11.0
824021.204,3592.0,-1944.0,1944.0,466.55999755859375,0.0,0.0,466.0,0.0,11.0
824031.205,3592.0,-1944.0,1944.0,466.55999755859375,0.0,0.0,466.0,0.0,11.0
824042.204,3592.0,-1944.0,1944.0,466.55999755859375,0.0,0.0,466.0,0.0,11.0
824053.201,3592.0,-1944.0,1944.0,466.55999755859375,0.0,0.0,466.0,0.0,11.0
824064.204,3592.0,-1944.0,1944.0,466.55999755859375,0.0,0.0,466.0,0.0,11.0
824075.201,3592.0,-1944.0,1944.0,466.55999755859375,0.0,0.0,466.0,0.0,11.0
824086.205,3592.0,-1944.0,1944.0,466.55999755859375,0.0,0.0,466.0,0.0,11.0
824096.206,3592.0,-1944.0,1944.0,466.55999755859375,0.0,0.0,466.0,0.0,11.0
824106.207,3592.0,-1944.0,1944.0,466.55999755859375,0.0,0.0,466.0,0.0,11.0
824116.207,3592.0,-1944.0,1944.0,466.55999755859375,0.0,0.0,466.0,0.0,11.0
824126.208,3592.0,-1944.0,1944.0,466.55999755859375,0.0,0.0,466.0,0.0,11.0
824136.209,3592.0,-1944.0,1944.0,466.55999755859375,0.0,0.0,466.0,0.0,11.0
824146.209,3592.0,-1944.0,1944.0,466.55999755859375,0.0,0.0,466.0,0.0,11.0
824157.201,3592.0,-1944.0,1944.0,466.55999755859375,0.0,0.0,466.0,0.0,11.0
824168.204,3592.0,-1944.0,1944.0,466.55999755859375,0.0,0.0,466.0,0.0,11.0
824179.205,3592.0,-1944.0,1944.0,466.55999755859375,0.0,0.0,466.0,0.0,11.0
824189.205,3592.0,-1944.0,1944.0,466.55999755859375,0.0,0.0,466.0,0.0,11.0
824200.204,3592.0,-1944.0,1944.0,466.55999755859375,0.0,0.0,466.0,0.0,11.0
824211.2,3592.0,-1944.0,1944.0,466.55999755859375,0.0,0.0,466.0,0.0,11.0
824222.205,3592.0,-1944.0,1944.0,466.55999755859375,0.0,0.0,466.0,0.0,11.0
824233.205,3592.0,-1944.0,1944.0,466.55999755859375,0.0,0.0,466.0,0.0,11.0
824243.206,3592.0,-1944.0,1944.0,466.55999755859375,0.0,0.0,466.0,0.0,11.0
824254.204,3592.0,-1944.0,1944.0,466.55999755859375,0.0,0.0,466.0,0.0,11.0
824265.2,3592.0,-1944.0,1944.0,466.55999755859375,0.0,0.0,466.0,0.0,11.0
824276.205,3592.0,-1944.0,1944.0,466.55999755859375,0.0,0.0,466.0,0.0,11.0
824287.2,3592.0,-1944.0,1944.0,466.55999755859375,0.0,0.0,466.0,0.0,11.0
824297.2,3592.0,-1944.0,1944.0,466.55999755859375,0.0,0.0,466.0,0.0,11.0
824307.201,3592.0,-1944.0,1944.0,466.55999755859375,0.0,0.0,466.0,0.0,11.0
824317.542,3592.0,-1944.0,1944.0,466.55999755859375,0.0,0.0,466.0,0.0,11.0
824328.205,3592.0,-1944.0,1944.0,466.55999755859375,0.0,0.0,466.0,0.0,11.0
824338.206,3592.0,-1944.0,1944.0,466.55999755859375,0.0,0.0,466.0,0.0,11.0
824348.206,3592.0,-1944.0,1944.0,466.55999755859375,0.0,0.0,466.0,0.0,11.0
824359.201,3592.0,-1944.0,1944.0,466.55999755859375,0.0,0.0,466.0,0.0,11.0
824370.205,3592.0,-1944.0,1944.0,466.55999755859375,0.0,0.0,466.0,0.0,11.0
824380.206,3592.0,-1944.0,1944.0,466.55999755859375,0.0,0.0,466.0,0.0,11.0
824390.206,3592.0,-1944.0,1944.0,466.55999755859375,0.0,0.0,466.0,0.0,11.0
824400.207,3592.0,-1944.0,1944.0,466.55999755859375,0.0,0.0,466.0,0.0,11.0
824411.203,3592.0,-1944.0,1944.0,466.55999755859375,0.0,0.0,466.0,0.0,11.0
824422.205,3592.0,-1944.0,1944.0,466.55999755859375,0.0,0.0,466.0,0.0,11.0
824433.204,3592.0,-1944.0,1944.0,466.55999755859375,0.0,0.0,466.0,0.0,11.0
824443.205,3592.0,-1944.0,1944.0,466.55999755859375,0.0,0.0,466.0,0.0,11.0
824453.206,3592.0,-1944.0,1944.0,466.55999755859375,0.0,0.0,466.0,0.0,11.0
824463.207,3592.0,-1944.0,1944.0,466.55999755859375,0.0,0.0,466.0,0.0,11.0
824473.941,3592.0,-1944.0,1944.0,466.55999755859375,0.0,0.0,466.0,0.0,11.0
824483.942,3592.0,-1944.0,1944.0,466.55999755859375,0.0,0.0,466.0,0.0,11.0
824494.205,3592.0,-1944.0,1944.0,466.55999755859375,0.0,0.0,466.0,0.0,11.0
824504.205,3592.0,-1944.0,1944.0,466.55999755859375,0.0,0.0,466.0,0.0,11.0
824514.206,3592.0,-1944.0,1944.0,466.55999755859375,0.0,0.0,466.0,0.0,11.0
824525.201,3592.0,-1944.0,1944.0,466.55999755859375,0.0,0.0,466.0,0.0,11.0
824536.205,3592.0,-1944.0,1944.0,466.55999755859375,0.0,0.0,466.0,0.0,11.0
824546.205,3592.0,-1944.0,1944.0,466.55999755859375,0.0,0.0,466.0,0.0,11.0
824556.205,3592.0,-1944.0,1944.0,466.55999755859375,0.0,0.0,466.0,0.0,11.0
824567.2,3592.0,-1944.0,1944.0,466.55999755859375,0.0,0.0,466.0,0.0,11.0
824577.201,3592.0,-1944.0,1944.0,466.55999755859375,0.0,0.0,466.0,0.0,11.0
824588.201,3592.0,-1944.0,1944.0,466.55999755859375,0.0,0.0,466.0,0.0,11.0
824598.201,3592.0,-1944.0,1944.0,466.55999755859375,0.0,0.0,466.0,0.0,11.0
824608.649,3592.0,-1944.0,1944.0,466.55999755859375,0.0,0.0,466.0,0.0,11.0
824618.649,3592.0,-1944.0,1944.0,466.55999755859375,0.0,0.0,466.0,0.0,11.0
824628.65,3592.0,-1944.0,1944.0,466.55999755859375,0.0,0.0,466.0,0.0,11.0
824638.65,3592.0,-1944.0,1944.0,466.55999755859375,0.0,0.0,466.0,0.0,11.0
824648.651,3592.0,-1944.0,1944.0,466.55999755859375,0.0,0.0,466.0,0.0,11.0
824659.204,3592.0,-1944.0,1944.0,466.55999755859375,0.0,0.0,466.0,0.0,11.0
824669.205,3592.0,-1944.0,1944.0,466.55999755859375,0.0,0.0,466.0,0.0,11.0
824680.201,3592.0,-1944.0,1944.0,466.55999755859375,0.0,0.0,466.0,0.0,11.0
824690.202,3592.0,-1944.0,1944.0,466.55999755859375,0.0,0.0,466.0,0.0,11.0
824701.205,3592.0,-1944.0,1944.0,466.55999755859375,0.0,0.0,466.0,0.0,11.0
824712.201,3592.0,-1944.0,1944.0,466.55999755859375,0.0,0.0,466.0,0.0,11.0
824723.205,3592.0,-1944.0,1944.0,466.55999755859375,0.0,0.0,466.0,0.0,11.0
824735.177,3592.0,-1944.0,1944.0,466.55999755859375,0.0,0.0,466.0,0.0,11.0
824745.178,3592.0,-1944.0,1944.0,466.55999755859375,0.0,0.0,466.0,0.0,11.0
824755.178,3592.0,-1944.0,1944.0,466.55999755859375,0.0,0.0,466.0,0.0,11.0
824765.815,3592.0,-1944.0,1944.0,466.55999755859375,0.0,0.0,466.0,0.0,11.0
824775.815,3592.0,-1944.0,1944.0,466.55999755859375,0.0,0.0,466.0,0.0,11.0
824786.204,3592.0,-1944.0,1944.0,466.55999755859375,0.0,0.0,466.0,0.0,11.0
824797.2,3592.0,-1944.0,1944.0,466.55999755859375,0.0,0.0,466.0,0.0,11.0
824808.205,3592.0,-1944.0,1944.0,466.55999755859375,0.0,0.0,466.0,0.0,11.0
824819.201,3592.0,-1944.0,1944.0,466.55999755859375,0.0,0.0,466.0,0.0,11.0
824830.205,3592.0,-1944.0,1944.0,466.55999755859375,0.0,0.0,466.0,0.0,11.0
824841.201,3592.0,-1944.0,1944.0,466.55999755859375,0.0,0.0,466.0,0.0,11.0
824851.201,3592.0,-1944.0,1944.0,466.55999755859375,0.0,0.0,466.0,0.0,11.0
824862.206,3592.0,-1944.0,1944.0,466.55999755859375,0.0,0.0,466.0,0.0,11.0
824873.201,3592.0,-1944.0,1944.0,466.55999755859375,0.0,0.0,466.0,0.0,11.0
824883.202,3592.0,-1944.0,1944.0,466.55999755859375,0.0,0.0,466.0,0.0,11.0
824894.2,3592.0,-1944.0,1944.0,466.55999755859375,0.0,0.0,466.0,0.0,11.0
824904.2,3592.0,-1944.0,1944.0,466.55999755859375,0.0,0.0,466.0,0.0,11.0
824915.201,3592.0,-1944.0,1944.0,466.55999755859375,0.0,0.0,466.0,0.0,11.0
824926.204,3592.0,-1944.0,1944.0,466.55999755859375,0.0,0.0,466.0,0.0,11.0
824936.204,3592.0,-1944.0,1944.0,466.55999755859375,0.0,0.0,466.0,0.0,11.0
824946.205,3592.0,-1944.0,1944.0,466.55999755859375,0.0,0.0,466.0,0.0,11.0
824956.243,3592.0,-1944.0,1944.0,466.55999755859375,0.0,0.0,466.0,0.0,11.0
824966.244,3592.0,-1944.0,1944.0,466.55999755859375,0.0,0.0,466.0,0.0,11.0
824977.204,3592.0,-1944.0,1944.0,466.55999755859375,0.0,0.0,466.0,0.0,11.0
824988.2,3592.0,-1944.0,1944.0,466.55999755859375,0.0,0.0,466.0,0.0,11.0
824998.2,3592.0,-1944.0,1944.0,466.55999755859375,0.0,0.0,466.0,0.0,11.0
825008.2,3592.0,-1944.0,1944.0,466.55999755859375,0.0,0.0,466.0,0.0,11.0
825019.205,3592.0,-1944.0,1944.0,466.55999755859375,0.0,0.0,466.0,0.0,11.0
825030.201,3592.0,-1944.0,1944.0,466.55999755859375,0.0,0.0,466.0,0.0,11.0
825041.204,3592.0,-1944.0,1944.0,466.55999755859375,0.0,0.0,466.0,0.0,11.0
825052.201,3592.0,-1944.0,1944.0,466.55999755859375,0.0,0.0,466.0,0.0,11.0
825062.202,3592.0,-1944.0,1944.0,466.55999755859375,0.0,0.0,466.0,0.0,11.0
825072.203,3592.0,-1944.0,1944.0,466.55999755859375,0.0,0.0,466.0,0.0,11.0
825082.204,3592.0,-1944.0,1944.0,466.55999755859375,0.0,0.0,466.0,0.0,11.0
825093.201,3592.0,-1944.0,1944.0,466.55999755859375,0.0,0.0,466.0,0.0,11.0
825103.697,3592.0,-1944.0,1944.0,466.55999755859375,0.0,0.0,466.0,0.0,11.0
825113.698,3592.0,-1944.0,1944.0,466.55999755859375,0.0,0.0,466.0,0.0,11.0
825123.699,3592.0,-1944.0,1944.0,466.55999755859375,0.0,0.0,466.0,0.0,11.0
825133.699,3592.0,-1944.0,1944.0,466.55999755859375,0.0,0.0,466.0,0.0,11.0
825143.7,3592.0,-1944.0,1944.0,466.55999755859375,0.0,0.0,466.0,0.0,11.0
825154.205,3592.0,-1944.0,1944.0,466.55999755859375,0.0,0.0,466.0,0.0,11.0
825165.201,3592.0,-1944.0,1944.0,466.55999755859375,0.0,0.0,466.0,0.0,11.0
825176.205,3592.0,-1944.0,1944.0,466.55999755859375,0.0,0.0,466.0,0.0,11.0
825187.205,3592.0,-1944.0,1944.0,466.55999755859375,0.0,0.0,466.0,0.0,11.0
825197.205,3592.0,-1944.0,1944.0,466.55999755859375,0.0,0.0,466.0,0.0,11.0
825207.205,3592.0,-1944.0,1944.0,466.55999755859375,0.0,0.0,466.0,0.0,11.0
825218.204,3592.0,-1944.0,1944.0,466.55999755859375,0.0,0.0,466.0,0.0,11.0
825229.2,3592.0,-1944.0,1944.0,466.55999755859375,0.0,0.0,466.0,0.0,11.0
825240.206,3592.0,-1944.0,1944.0,466.55999755859375,0.0,0.0,466.0,0.0,11.0
825251.201,3592.0,-1944.0,1944.0,466.55999755859375,0.0,0.0,466.0,0.0,11.0
825261.201,3592.0,-1944.0,1944.0,466.55999755859375,0.0,0.0,466.0,0.0,11.0
825272.399,3592.0,-1944.0,1944.0,466.55999755859375,0.0,0.0,466.0,0.0,11.0
825283.157,3592.0,-1944.0,1944.0,466.55999755859375,0.0,0.0,466.0,0.0,11.0
825293.731,3592.0,-1944.0,1944.0,466.55999755859375,0.0,0.0,466.0,0.0,11.0
825303.732,3592.0,-1944.0,1944.0,466.55999755859375,0.0,0.0,466.0,0.0,11.0
825314.205,3592.0,-1944.0,1944.0,466.55999755859375,0.0,0.0,466.0,0.0,11.0
825324.205,3592.0,-1944.0,1944.0,466.55999755859375,0.0,0.0,466.0,0.0,11.0
825335.204,3592.0,-1944.0,1944.0,466.55999755859375,0.0,0.0,466.0,0.0,11.0
825345.205,3592.0,-1944.0,1944.0,466.55999755859375,0.0,0.0,466.0,0.0,11.0
825356.204,3592.0,-1944.0,1944.0,466.55999755859375,0.0,0.0,466.0,0.0,11.0
825366.204,3592.0,-1944.0,1944.0,466.55999755859375,0.0,0.0,466.0,0.0,11.0
825376.204,3592.0,-1944.0,1944.0,466.55999755859375,0.0,0.0,466.0,0.0,11.0
825387.205,3592.0,-1944.0,1944.0,466.55999755859375,0.0,0.0,466.0,0.0,11.0
825398.214,3592.0,-1944.0,1944.0,466.55999755859375,0.0,0.0,466.0,0.0,11.0
825408.215,3592.0,-1944.0,1944.0,466.55999755859375,0.0,0.0,466.0,0.0,11.0
825418.851,3592.0,-1944.0,1944.0,466.55999755859375,0.0,0.0,466.0,0.0,11.0
825428.852,3592.0,-1944.0,1944.0,466.55999755859375,0.0,0.0,466.0,0.0,11.0
825438.852,3592.0,-1944.0,1944.0,466.55999755859375,0.0,0.0,466.0,0.0,11.0
825448.853,3592.0,-1944.0,1944.0,466.55999755859375,0.0,0.0,466.0,0.0,11.0
825458.854,3592.0,-1944.0,1944.0,466.55999755859375,0.0,0.0,466.0,0.0,11.0
825469.204,3592.0,-1944.0,1944.0,466.55999755859375,0.0,0.0,466.0,0.0,11.0
825480.201,3592.0,-1944.0,1944.0,466.55999755859375,0.0,0.0,466.0,0.0,11.0
825490.201,3592.0,-1944.0,1944.0,466.55999755859375,0.0,0.0,466.0,0.0,11.0
825501.2,3592.0,-1944.0,1944.0,466.55999755859375,0.0,0.0,466.0,0.0,11.0
825511.2,3592.0,-1944.0,1944.0,466.55999755859375,0.0,0.0,466.0,0.0,11.0
825521.201,3592.0,-1944.0,1944.0,466.55999755859375,0.0,0.0,466.0,0.0,11.0
825532.201,3592.0,-1944.0,1944.0,466.55999755859375,0.0,0.0,466.0,0.0,11.0
825542.4,3592.0,-1944.0,1944.0,466.55999755859375,0.0,0.0,466.0,0.0,11.0
825552.401,3592.0,-1944.0,1944.0,466.55999755859375,0.0,0.0,466.0,0.0,11.0
825562.401,3592.0,-1944.0,1944.0,466.55999755859375,0.0,0.0,466.0,0.0,11.0
825573.2,3592.0,-1944.0,1944.0,466.55999755859375,0.0,0.0,466.0,0.0,11.0
825584.204,3592.0,-1944.0,1944.0,466.55999755859375,0.0,0.0,466.0,0.0,11.0
825594.205,3592.0,-1944.0,1944.0,466.55999755859375,0.0,0.0,466.0,0.0,11.0
825605.205,3592.0,-1944.0,1944.0,466.55999755859375,0.0,0.0,466.0,0.0,11.0
825616.201,3592.0,-1944.0,1944.0,466.55999755859375,0.0,0.0,466.0,0.0,11.0
825627.205,3592.0,-1944.0,1944.0,466.55999755859375,0.0,0.0,466.0,0.0,11.0
825638.205,3592.0,-1944.0,1944.0,466.55999755859375,0.0,0.0,466.0,0.0,11.0
825648.205,3592.0,-1944.0,1944.0,466.55999755859375,0.0,0.0,466.0,0.0,11.0
825659.204,3592.0,-1944.0,1944.0,466.55999755859375,0.0,0.0,466.0,0.0,11.0
825670.201,3592.0,-1944.0,1944.0,466.55999755859375,0.0,0.0,466.0,0.0,11.0
825681.209,3592.0,-1944.0,1944.0,466.55999755859375,0.0,0.0,466.0,0.0,11.0
825691.21,3592.0,-1944.0,1944.0,466.55999755859375,0.0,0.0,466.0,0.0,11.0
825701.211,3592.0,-1944.0,1944.0,466.55999755859375,0.0,0.0,466.0,0.0,11.0
825712.201,3592.0,-1944.0,1944.0,466.55999755859375,0.0,0.0,466.0,0.0,11.0
825722.202,3592.0,-1944.0,1944.0,466.55999755859375,0.0,0.0,466.0,0.0,11.0
825732.288,3592.0,-1944.0,1944.0,466.55999755859375,0.0,0.0,466.0,0.0,11.0
825743.205,3592.0,-1944.0,1944.0,466.55999755859375,0.0,0.0,466.0,0.0,11.0
825754.157,3592.0,-1944.0,1944.0,466.55999755859375,0.0,0.0,466.0,0.0,11.0
825764.158,3592.0,-1944.0,1944.0,466.55999755859375,0.0,0.0,466.0,0.0,11.0
825774.159,3592.0,-1944.0,1944.0,466.55999755859375,0.0,0.0,466.0,0.0,11.0
825785.2,3592.0,-1944.0,1944.0,466.55999755859375,0.0,0.0,466.0,0.0,11.0
825796.205,3592.0,-1944.0,1944.0,466.55999755859375,0.0,0.0,466.0,0.0,11.0
825806.206,3592.0,-1944.0,1944.0,466.55999755859375,0.0,0.0,466.0,0.0,11.0
825816.207,3592.0,-1944.0,1944.0,466.55999755859375,0.0,0.0,466.0,0.0,11.0
825827.205,3592.0,-1944.0,1944.0,466.55999755859375,0.0,0.0,466.0,0.0,11.0
825838.201,3592.0,-1944.0,1944.0,466.55999755859375,0.0,0.0,466.0,0.0,11.0
825849.205,3592.0,-1944.0,1944.0,466.55999755859375,0.0,0.0,466.0,0.0,11.0
825859.206,3592.0,-1944.0,1944.0,466.55999755859375,0.0,0.0,466.0,0.0,11.0
825869.207,3592.0,-1944.0,1944.0,466.55999755859375,0.0,0.0,466.0,0.0,11.0
825879.207,3592.0,-1944.0,1944.0,466.55999755859375,0.0,0.0,466.0,0.0,11.0
825889.385,3592.0,-1944.0,1944.0,466.55999755859375,0.0,0.0,466.0,0.0,11.0
825899.386,3592.0,-1944.0,1944.0,466.55999755859375,0.0,0.0,466.0,0.0,11.0
825910.205,3592.0,-1944.0,1944.0,466.55999755859375,0.0,0.0,466.0,0.0,11.0
825920.205,3592.0,-1944.0,1944.0,466.55999755859375,0.0,0.0,466.0,0.0,11.0
825931.205,3592.0,-1944.0,1944.0,466.55999755859375,0.0,0.0,466.0,0.0,11.0
825941.206,3592.0,-1944.0,1944.0,466.55999755859375,0.0,0.0,466.0,0.0,11.0
825952.205,3592.0,-1944.0,1944.0,466.55999755859375,0.0,0.0,466.0,0.0,11.0
825963.201,3592.0,-1944.0,1944.0,466.55999755859375,0.0,0.0,466.0,0.0,11.0
825973.202,3592.0,-1944.0,1944.0,466.55999755859375,0.0,0.0,466.0,0.0,11.0
825984.205,3592.0,-1944.0,1944.0,466.55999755859375,0.0,0.0,466.0,0.0,11.0
825995.2,3592.0,-1944.0,1944.0,466.55999755859375,0.0,0.0,466.0,0.0,11.0
826005.2,3592.0,-1944.0,1944.0,466.55999755859375,0.0,0.0,466.0,0.0,11.0
826015.2,3592.0,-1944.0,1944.0,466.55999755859375,0.0,0.0,466.0,0.0,11.0
826026.208,3592.0,-1944.0,1944.0,466.55999755859375,0.0,0.0,466.0,0.0,11.0
826037.201,3592.0,-1944.0,1944.0,466.55999755859375,0.0,0.0,466.0,0.0,11.0
826047.744,3592.0,-1944.0,1944.0,466.55999755859375,0.0,0.0,466.0,0.0,11.0
826058.204,3592.0,-1944.0,1944.0,466.55999755859375,0.0,0.0,466.0,0.0,11.0
826068.924,3592.0,-1944.0,1944.0,466.55999755859375,0.0,0.0,466.0,0.0,11.0
826078.924,3592.0,-1944.0,1944.0,466.55999755859375,0.0,0.0,466.0,0.0,11.0
826089.205,3592.0,-1944.0,1944.0,466.55999755859375,0.0,0.0,466.0,0.0,11.0
826100.212,3592.0,-1944.0,1944.0,466.55999755859375,0.0,0.0,466.0,0.0,11.0
826111.205,3592.0,-1944.0,1944.0,466.55999755859375,0.0,0.0,466.0,0.0,11.0
826122.204,3592.0,-1944.0,1944.0,466.55999755859375,0.0,0.0,466.0,0.0,11.0
826132.205,3592.0,-1944.0,1944.0,466.55999755859375,0.0,0.0,466.0,0.0,11.0
826143.222,3592.0,-1944.0,1944.0,466.55999755859375,0.0,0.0,466.0,0.0,11.0
826153.223,3592.0,-1944.0,1944.0,466.55999755859375,0.0,0.0,466.0,0.0,11.0
826163.223,3592.0,-1944.0,1944.0,466.55999755859375,0.0,0.0,466.0,0.0,11.0
826173.224,3592.0,-1944.0,1944.0,466.55999755859375,0.0,0.0,466.0,0.0,11.0
826184.209,3592.0,-1944.0,1944.0,466.55999755859375,0.0,0.0,466.0,0.0,11.0
826195.201,3592.0,-1944.0,1944.0,466.55999755859375,0.0,0.0,466.0,0.0,11.0
826205.202,3592.0,-1944.0,1944.0,466.55999755859375,0.0,0.0,466.0,0.0,11.0
826215.203,3592.0,-1944.0,1944.0,466.55999755859375,0.0,0.0,466.0,0.0,11.0
826225.204,3592.0,-1944.0,1944.0,466.55999755859375,0.0,0.0,466.0,0.0,11.0
826235.205,3592.0,-1944.0,1944.0,466.55999755859375,0.0,0.0,466.0,0.0,11.0
826246.205,3592.0,-1944.0,1944.0,466.55999755859375,0.0,0.0,466.0,0.0,11.0
826257.2,3592.0,-1944.0,1944.0,466.55999755859375,0.0,0.0,466.0,0.0,11.0
826268.204,3592.0,-1944.0,1944.0,466.55999755859375,0.0,0.0,466.0,0.0,11.0
826279.201,3592.0,-1944.0,1944.0,466.55999755859375,0.0,0.0,466.0,0.0,11.0
826289.201,3592.0,-1944.0,1944.0,466.55999755859375,0.0,0.0,466.0,0.0,11.0
826299.584,3592.0,-1944.0,1944.0,466.55999755859375,0.0,0.0,466.0,0.0,11.0
826310.205,3592.0,-1944.0,1944.0,466.55999755859375,0.0,0.0,466.0,0.0,11.0
826320.206,3592.0,-1944.0,1944.0,466.55999755859375,0.0,0.0,466.0,0.0,11.0
826330.207,3592.0,-1944.0,1944.0,466.55999755859375,0.0,0.0,466.0,0.0,11.0
826341.209,3592.0,-1944.0,1944.0,466.55999755859375,0.0,0.0,466.0,0.0,11.0
826352.201,3592.0,-1944.0,1944.0,466.55999755859375,0.0,0.0,466.0,0.0,11.0
826362.202,3592.0,-1944.0,1944.0,466.55999755859375,0.0,0.0,466.0,0.0,11.0
826372.203,3592.0,-1944.0,1944.0,466.55999755859375,0.0,0.0,466.0,0.0,11.0
826382.203,3592.0,-1944.0,1944.0,466.55999755859375,0.0,0.0,466.0,0.0,11.0
826392.203,3592.0,-1944.0,1944.0,466.55999755859375,0.0,0.0,466.0,0.0,11.0
826403.204,3592.0,-1944.0,1944.0,466.55999755859375,0.0,0.0,466.0,0.0,11.0
826414.205,3592.0,-1944.0,1944.0,466.55999755859375,0.0,0.0,466.0,0.0,11.0
826424.205,3592.0,-1944.0,1944.0,466.55999755859375,0.0,0.0,466.0,0.0,11.0
826435.217,3592.0,-1944.0,1944.0,466.55999755859375,0.0,0.0,466.0,0.0,11.0
826445.218,3592.0,-1944.0,1944.0,466.55999755859375,0.0,0.0,466.0,0.0,11.0
826455.218,3592.0,-1944.0,1944.0,466.55999755859375,0.0,0.0,466.0,0.0,11.0
826466.201,3592.0,-1944.0,1944.0,466.55999755859375,0.0,0.0,466.0,0.0,11.0
826477.204,3592.0,-1944.0,1944.0,466.55999755859375,0.0,0.0,466.0,0.0,11.0
826488.204,3592.0,-1944.0,1944.0,466.55999755859375,0.0,0.0,466.0,0.0,11.0
826498.205,3592.0,-1944.0,1944.0,466.55999755859375,0.0,0.0,466.0,0.0,11.0
826508.205,3592.0,-1944.0,1944.0,466.55999755859375,0.0,0.0,466.0,0.0,11.0
826518.441,3592.0,-1944.0,1944.0,466.55999755859375,0.0,0.0,466.0,0.0,11.0
826528.442,3592.0,-1944.0,1944.0,466.55999755859375,0.0,0.0,466.0,0.0,11.0
826539.205,3592.0,-1944.0,1944.0,466.55999755859375,0.0,0.0,466.0,0.0,11.0
826550.201,3592.0,-1944.0,1944.0,466.55999755859375,0.0,0.0,466.0,0.0,11.0
826560.202,3592.0,-1944.0,1944.0,466.55999755859375,0.0,0.0,466.0,0.0,11.0
826571.205,3592.0,-1944.0,1944.0,466.55999755859375,0.0,0.0,466.0,0.0,11.0
826582.205,3592.0,-1944.0,1944.0,466.55999755859375,0.0,0.0,466.0,0.0,11.0
826593.201,3592.0,-1944.0,1944.0,466.55999755859375,0.0,0.0,466.0,0.0,11.0
826604.206,3592.0,-1944.0,1944.0,466.55999755859375,0.0,0.0,466.0,0.0,11.0
826615.204,3592.0,-1944.0,1944.0,466.55999755859375,0.0,0.0,466.0,0.0,11.0
826625.204,3592.0,-1944.0,1944.0,466.55999755859375,0.0,0.0,466.0,0.0,11.0
826636.205,3592.0,-1944.0,1944.0,466.55999755859375,0.0,0.0,466.0,0.0,11.0
826646.206,3592.0,-1944.0,1944.0,466.55999755859375,0.0,0.0,466.0,0.0,11.0
826656.206,3592.0,-1944.0,1944.0,466.55999755859375,0.0,0.0,466.0,0.0,11.0
826667.204,3592.0,-1944.0,1944.0,466.55999755859375,0.0,0.0,466.0,0.0,11.0
826677.204,3592.0,-1944.0,1944.0,466.55999755859375,0.0,0.0,466.0,0.0,11.0
826687.331,3592.0,-1944.0,1944.0,466.55999755859375,0.0,0.0,466.0,0.0,11.0
826697.332,3592.0,-1944.0,1944.0,466.55999755859375,0.0,0.0,466.0,0.0,11.0
826708.205,3592.0,-1944.0,1944.0,466.55999755859375,0.0,0.0,466.0,0.0,11.0
826719.201,3592.0,-1944.0,1944.0,466.55999755859375,0.0,0.0,466.0,0.0,11.0
826730.205,3592.0,-1944.0,1944.0,466.55999755859375,0.0,0.0,466.0,0.0,11.0
826741.205,3592.0,-1944.0,1944.0,466.55999755859375,0.0,0.0,466.0,0.0,11.0
826752.201,3592.0,-1944.0,1944.0,466.55999755859375,0.0,0.0,466.0,0.0,11.0
826763.205,3592.0,-1944.0,1944.0,466.55999755859375,0.0,0.0,466.0,0.0,11.0
826773.206,3592.0,-1944.0,1944.0,466.55999755859375,0.0,0.0,466.0,0.0,11.0
826783.207,3592.0,-1944.0,1944.0,466.55999755859375,0.0,0.0,466.0,0.0,11.0
826794.205,3592.0,-1944.0,1944.0,466.55999755859375,0.0,0.0,466.0,0.0,11.0
826805.201,3592.0,-1944.0,1944.0,466.55999755859375,0.0,0.0,466.0,0.0,11.0
826816.205,3592.0,-1944.0,1944.0,466.55999755859375,0.0,0.0,466.0,0.0,11.0
826826.206,3592.0,-1944.0,1944.0,466.55999755859375,0.0,0.0,466.0,0.0,11.0
826837.201,3592.0,-1944.0,1944.0,466.55999755859375,0.0,0.0,466.0,0.0,11.0
826848.215,3592.0,-1944.0,1944.0,466.55999755859375,0.0,0.0,466.0,0.0,11.0
826858.216,3592.0,-1944.0,1944.0,466.55999755859375,0.0,0.0,466.0,0.0,11.0
826869.205,3592.0,-1944.0,1944.0,466.55999755859375,0.0,0.0,466.0,0.0,11.0
826880.201,3592.0,-1944.0,1944.0,466.55999755859375,0.0,0.0,466.0,0.0,11.0
826891.205,3592.0,-1944.0,1944.0,466.55999755859375,0.0,0.0,466.0,0.0,11.0
826901.903,3592.0,-1944.0,1944.0,466.55999755859375,0.0,0.0,466.0,0.0,11.0
826912.205,3592.0,-1944.0,1944.0,466.55999755859375,0.0,0.0,466.0,0.0,11.0
826922.206,3592.0,-1944.0,1944.0,466.55999755859375,0.0,0.0,466.0,0.0,11.0
826933.201,3592.0,-1944.0,1944.0,466.55999755859375,0.0,0.0,466.0,0.0,11.0
826944.173,3592.0,-1944.0,1944.0,466.55999755859375,0.0,0.0,466.0,0.0,11.0
826954.173,3592.0,-1944.0,1944.0,466.55999755859375,0.0,0.0,466.0,0.0,11.0
826964.173,3592.0,-1944.0,1944.0,466.55999755859375,0.0,0.0,466.0,0.0,11.0
826974.173,3592.0,-1944.0,1944.0,466.55999755859375,0.0,0.0,466.0,0.0,11.0
826984.174,3592.0,-1944.0,1944.0,466.55999755859375,0.0,0.0,466.0,0.0,11.0
826994.175,3592.0,-1944.0,1944.0,466.55999755859375,0.0,0.0,466.0,0.0,11.0
827005.205,3592.0,-1944.0,1944.0,466.55999755859375,0.0,0.0,466.0,0.0,11.0
827016.201,3592.0,-1944.0,1944.0,466.55999755859375,0.0,0.0,466.0,0.0,11.0
827026.202,3592.0,-1944.0,1944.0,466.55999755859375,0.0,0.0,466.0,0.0,11.0
827036.202,3592.0,-1944.0,1944.0,466.55999755859375,0.0,0.0,466.0,0.0,11.0
827047.205,3592.0,-1944.0,1944.0,466.55999755859375,0.0,0.0,466.0,0.0,11.0
827057.205,3592.0,-1944.0,1944.0,466.55999755859375,0.0,0.0,466.0,0.0,11.0
827068.173,3592.0,-1944.0,1944.0,466.55999755859375,0.0,0.0,466.0,0.0,11.0
827079.173,3592.0,-1944.0,1944.0,466.55999755859375,0.0,0.0,466.0,0.0,11.0
827089.173,3592.0,-1944.0,1944.0,466.55999755859375,0.0,0.0,466.0,0.0,11.0
827100.216,3592.0,-1944.0,1944.0,466.55999755859375,0.0,0.0,466.0,0.0,11.0
827111.201,3592.0,-1944.0,1944.0,466.55999755859375,0.0,0.0,466.0,0.0,11.0
827121.202,3592.0,-1944.0,1944.0,466.55999755859375,0.0,0.0,466.0,0.0,11.0
827131.202,3592.0,-1944.0,1944.0,466.55999755859375,0.0,0.0,466.0,0.0,11.0
827142.205,3592.0,-1944.0,1944.0,466.55999755859375,0.0,0.0,466.0,0.0,11.0
827152.206,3592.0,-1944.0,1944.0,466.55999755859375,0.0,0.0,466.0,0.0,11.0
827163.2,3592.0,-1944.0,1944.0,466.55999755859375,0.0,0.0,466.0,0.0,11.0
827174.205,3592.0,-1944.0,1944.0,466.55999755859375,0.0,0.0,466.0,0.0,11.0
827184.205,3592.0,-1944.0,1944.0,466.55999755859375,0.0,0.0,466.0,0.0,11.0
827194.206,3592.0,-1944.0,1944.0,466.55999755859375,0.0,0.0,466.0,0.0,11.0
827204.715,3592.0,-1944.0,1944.0,466.55999755859375,0.0,0.0,466.0,0.0,11.0
827214.716,3592.0,-1944.0,1944.0,466.55999755859375,0.0,0.0,466.0,0.0,11.0
827225.2,3592.0,-1944.0,1944.0,466.55999755859375,0.0,0.0,466.0,0.0,11.0
827236.157,3592.0,-1944.0,1944.0,466.55999755859375,0.0,0.0,466.0,0.0,11.0
827247.205,3592.0,-1944.0,1944.0,466.55999755859375,0.0,0.0,466.0,0.0,11.0
827258.205,3592.0,-1944.0,1944.0,466.55999755859375,0.0,0.0,466.0,0.0,11.0
827269.205,3592.0,-1944.0,1944.0,466.55999755859375,0.0,0.0,466.0,0.0,11.0
827280.205,3592.0,-1944.0,1944.0,466.55999755859375,0.0,0.0,466.0,0.0,11.0
827290.206,3592.0,-1944.0,1944.0,466.55999755859375,0.0,0.0,466.0,0.0,11.0
827301.222,3592.0,-1944.0,1944.0,466.55999755859375,0.0,0.0,466.0,0.0,11.0
827312.2,3592.0,-1944.0,1944.0,466.55999755859375,0.0,0.0,466.0,0.0,11.0
827322.2,3592.0,-1944.0,1944.0,466.55999755859375,0.0,0.0,466.0,0.0,11.0
827333.205,3592.0,-1944.0,1944.0,466.55999755859375,0.0,0.0,466.0,0.0,11.0
827343.206,3592.0,-1944.0,1944.0,466.55999755859375,0.0,0.0,466.0,0.0,11.0
827354.205,3592.0,-1944.0,1944.0,466.55999755859375,0.0,0.0,466.0,0.0,11.0
827365.2,3592.0,-1944.0,1944.0,466.55999755859375,0.0,0.0,466.0,0.0,11.0
827375.201,3592.0,-1944.0,1944.0,466.55999755859375,0.0,0.0,466.0,0.0,11.0
827385.422,3592.0,-1944.0,1944.0,466.55999755859375,0.0,0.0,466.0,0.0,11.0
827396.205,3592.0,-1944.0,1944.0,466.55999755859375,0.0,0.0,466.0,0.0,11.0
827406.206,3592.0,-1944.0,1944.0,466.55999755859375,0.0,0.0,466.0,0.0,11.0
827417.205,3592.0,-1944.0,1944.0,466.55999755859375,0.0,0.0,466.0,0.0,11.0
827428.205,3592.0,-1944.0,1944.0,466.55999755859375,0.0,0.0,466.0,0.0,11.0
827439.2,3592.0,-1944.0,1944.0,466.55999755859375,0.0,0.0,466.0,0.0,11.0
827449.2,3592.0,-1944.0,1944.0,466.55999755859375,0.0,0.0,466.0,0.0,11.0
827460.201,3592.0,-1944.0,1944.0,466.55999755859375,0.0,0.0,466.0,0.0,11.0
827471.205,3592.0,-1944.0,1944.0,466.55999755859375,0.0,0.0,466.0,0.0,11.0
827481.784,3592.0,-1944.0,1944.0,466.55999755859375,0.0,0.0,466.0,0.0,11.0
827491.785,3592.0,-1944.0,1944.0,466.55999755859375,0.0,0.0,466.0,0.0,11.0
827501.786,3592.0,-1944.0,1944.0,466.55999755859375,0.0,0.0,466.0,0.0,11.0
827512.201,3592.0,-1944.0,1944.0,466.55999755859375,0.0,0.0,466.0,0.0,11.0
827522.202,3592.0,-1944.0,1944.0,466.55999755859375,0.0,0.0,466.0,0.0,11.0
827532.927,3592.0,-1944.0,1944.0,466.55999755859375,0.0,0.0,466.0,0.0,11.0
827543.367,3592.0,-1944.0,1944.0,466.55999755859375,0.0,0.0,466.0,0.0,11.0
827554.204,3592.0,-1944.0,1944.0,466.55999755859375,0.0,0.0,466.0,0.0,11.0
827564.204,3592.0,-1944.0,1944.0,466.55999755859375,0.0,0.0,466.0,0.0,11.0
827574.205,3592.0,-1944.0,1944.0,466.55999755859375,0.0,0.0,466.0,0.0,11.0
827585.205,3592.0,-1944.0,1944.0,466.55999755859375,0.0,0.0,466.0,0.0,11.0
827596.201,3592.0,-1944.0,1944.0,466.55999755859375,0.0,0.0,466.0,0.0,11.0
827607.205,3592.0,-1944.0,1944.0,466.55999755859375,0.0,0.0,466.0,0.0,11.0
827618.201,3592.0,-1944.0,1944.0,466.55999755859375,0.0,0.0,466.0,0.0,11.0
827629.205,3592.0,-1944.0,1944.0,466.55999755859375,0.0,0.0,466.0,0.0,11.0
827639.206,3592.0,-1944.0,1944.0,466.55999755859375,0.0,0.0,466.0,0.0,11.0
827650.201,3592.0,-1944.0,1944.0,466.55999755859375,0.0,0.0,466.0,0.0,11.0
827661.204,3592.0,-1944.0,1944.0,466.55999755859375,0.0,0.0,466.0,0.0,11.0
827672.201,3592.0,-1944.0,1944.0,466.55999755859375,0.0,0.0,466.0,0.0,11.0
827683.204,3592.0,-1944.0,1944.0,466.55999755859375,0.0,0.0,466.0,0.0,11.0
827693.205,3592.0,-1944.0,1944.0,466.55999755859375,0.0,0.0,466.0,0.0,11.0
827703.206,3592.0,-1944.0,1944.0,466.55999755859375,0.0,0.0,466.0,0.0,11.0
827713.206,3592.0,-1944.0,1944.0,466.55999755859375,0.0,0.0,466.0,0.0,11.0
827723.806,3592.0,-1944.0,1944.0,466.55999755859375,0.0,0.0,466.0,0.0,11.0
827733.806,3592.0,-1944.0,1944.0,466.55999755859375,0.0,0.0,466.0,0.0,11.0
827743.806,3592.0,-1944.0,1944.0,466.55999755859375,0.0,0.0,466.0,0.0,11.0
827754.205,3592.0,-1944.0,1944.0,466.55999755859375,0.0,0.0,466.0,0.0,11.0
827765.205,3592.0,-1944.0,1944.0,466.55999755859375,0.0,0.0,466.0,0.0,11.0
827776.2,3592.0,-1944.0,1944.0,466.55999755859375,0.0,0.0,466.0,0.0,11.0
827787.205,3592.0,-1944.0,1944.0,466.55999755859375,0.0,0.0,466.0,0.0,11.0
827798.205,3592.0,-1944.0,1944.0,466.55999755859375,0.0,0.0,466.0,0.0,11.0
827809.201,3592.0,-1944.0,1944.0,466.55999755859375,0.0,0.0,466.0,0.0,11.0
827820.205,3592.0,-1944.0,1944.0,466.55999755859375,0.0,0.0,466.0,0.0,11.0
827830.206,3592.0,-1944.0,1944.0,466.55999755859375,0.0,0.0,466.0,0.0,11.0
827841.205,3592.0,-1944.0,1944.0,466.55999755859375,0.0,0.0,466.0,0.0,11.0
827852.201,3592.0,-1944.0,1944.0,466.55999755859375,0.0,0.0,466.0,0.0,11.0
827863.205,3592.0,-1944.0,1944.0,466.55999755859375,0.0,0.0,466.0,0.0,11.0
827873.206,3592.0,-1944.0,1944.0,466.55999755859375,0.0,0.0,466.0,0.0,11.0
827884.204,3592.0,-1944.0,1944.0,466.55999755859375,0.0,0.0,466.0,0.0,11.0
827895.204,3592.0,-1944.0,1944.0,466.55999755859375,0.0,0.0,466.0,0.0,11.0
827906.204,3592.0,-1944.0,1944.0,466.55999755859375,0.0,0.0,466.0,0.0,11.0
827917.201,3592.0,-1944.0,1944.0,466.55999755859375,0.0,0.0,466.0,0.0,11.0
827927.353,3592.0,-1944.0,1944.0,466.55999755859375,0.0,0.0,466.0,0.0,11.0
827937.354,3592.0,-1944.0,1944.0,466.55999755859375,0.0,0.0,466.0,0.0,11.0
827947.355,3592.0,-1944.0,1944.0,466.55999755859375,0.0,0.0,466.0,0.0,11.0
827957.355,3592.0,-1944.0,1944.0,466.55999755859375,0.0,0.0,466.0,0.0,11.0
827967.356,3592.0,-1944.0,1944.0,466.55999755859375,0.0,0.0,466.0,0.0,11.0
827978.204,3592.0,-1944.0,1944.0,466.55999755859375,0.0,0.0,466.0,0.0,11.0
827989.201,3592.0,-1944.0,1944.0,466.55999755859375,0.0,0.0,466.0,0.0,11.0
827999.201,3592.0,-1944.0,1944.0,466.55999755859375,0.0,0.0,466.0,0.0,11.0
828010.205,3592.0,-1944.0,1944.0,466.55999755859375,0.0,0.0,466.0,0.0,11.0
828021.202,3592.0,-1944.0,1944.0,466.55999755859375,0.0,0.0,466.0,0.0,11.0
828031.203,3592.0,-1944.0,1944.0,466.55999755859375,0.0,0.0,466.0,0.0,11.0
828041.204,3592.0,-1944.0,1944.0,466.55999755859375,0.0,0.0,466.0,0.0,11.0
828052.205,3592.0,-1944.0,1944.0,466.55999755859375,0.0,0.0,466.0,0.0,11.0
828062.206,3592.0,-1944.0,1944.0,466.55999755859375,0.0,0.0,466.0,0.0,11.0
828072.206,3592.0,-1944.0,1944.0,466.55999755859375,0.0,0.0,466.0,0.0,11.0
828082.373,3592.0,-1944.0,1944.0,466.55999755859375,0.0,0.0,466.0,0.0,11.0
828092.374,3592.0,-1944.0,1944.0,466.55999755859375,0.0,0.0,466.0,0.0,11.0
828102.375,3592.0,-1944.0,1944.0,466.55999755859375,0.0,0.0,466.0,0.0,11.0
828113.205,3592.0,-1944.0,1944.0,466.55999755859375,0.0,0.0,466.0,0.0,11.0
828123.205,3592.0,-1944.0,1944.0,466.55999755859375,0.0,0.0,466.0,0.0,11.0
828134.205,3592.0,-1944.0,1944.0,466.55999755859375,0.0,0.0,466.0,0.0,11.0
828145.204,3592.0,-1944.0,1944.0,466.55999755859375,0.0,0.0,466.0,0.0,11.0
828156.2,3592.0,-1944.0,1944.0,466.55999755859375,0.0,0.0,466.0,0.0,11.0
828167.209,3592.0,-1944.0,1944.0,466.55999755859375,0.0,0.0,466.0,0.0,11.0
828178.204,3592.0,-1944.0,1944.0,466.55999755859375,0.0,0.0,466.0,0.0,11.0
828189.201,3592.0,-1944.0,1944.0,466.55999755859375,0.0,0.0,466.0,0.0,11.0
828200.205,3592.0,-1944.0,1944.0,466.55999755859375,0.0,0.0,466.0,0.0,11.0
828210.205,3592.0,-1944.0,1944.0,466.55999755859375,0.0,0.0,466.0,0.0,11.0
828220.206,3592.0,-1944.0,1944.0,466.55999755859375,0.0,0.0,466.0,0.0,11.0
828230.206,3592.0,-1944.0,1944.0,466.55999755859375,0.0,0.0,466.0,0.0,11.0
828240.207,3592.0,-1944.0,1944.0,466.55999755859375,0.0,0.0,466.0,0.0,11.0
828250.866,3592.0,-1944.0,1944.0,466.55999755859375,0.0,0.0,466.0,0.0,11.0
828261.2,3592.0,-1944.0,1944.0,466.55999755859375,0.0,0.0,466.0,0.0,11.0
828271.201,3592.0,-1944.0,1944.0,466.55999755859375,0.0,0.0,466.0,0.0,11.0
828282.201,3592.0,-1944.0,1944.0,466.55999755859375,0.0,0.0,466.0,0.0,11.0
828292.202,3592.0,-1944.0,1944.0,466.55999755859375,0.0,0.0,466.0,0.0,11.0
828302.203,3592.0,-1944.0,1944.0,466.55999755859375,0.0,0.0,466.0,0.0,11.0
828313.205,3592.0,-1944.0,1944.0,466.55999755859375,0.0,0.0,466.0,0.0,11.0
828324.201,3592.0,-1944.0,1944.0,466.55999755859375,0.0,0.0,466.0,0.0,11.0
828334.201,3592.0,-1944.0,1944.0,466.55999755859375,0.0,0.0,466.0,0.0,11.0
828344.202,3592.0,-1944.0,1944.0,466.55999755859375,0.0,0.0,466.0,0.0,11.0
828354.886,3592.0,-1944.0,1944.0,466.55999755859375,0.0,0.0,466.0,0.0,11.0
828364.887,3592.0,-1944.0,1944.0,466.55999755859375,0.0,0.0,466.0,0.0,11.0
828375.209,3592.0,-1944.0,1944.0,466.55999755859375,0.0,0.0,466.0,0.0,11.0
828385.21,3592.0,-1944.0,1944.0,466.55999755859375,0.0,0.0,466.0,0.0,11.0
828395.21,3592.0,-1944.0,1944.0,466.55999755859375,0.0,0.0,466.0,0.0,11.0
828406.205,3592.0,-1944.0,1944.0,466.55999755859375,0.0,0.0,466.0,0.0,11.0
828417.201,3592.0,-1944.0,1944.0,466.55999755859375,0.0,0.0,466.0,0.0,11.0
828428.205,3592.0,-1944.0,1944.0,466.55999755859375,0.0,0.0,466.0,0.0,11.0
828439.219,3592.0,-1944.0,1944.0,466.55999755859375,0.0,0.0,466.0,0.0,11.0
828450.201,3592.0,-1944.0,1944.0,466.55999755859375,0.0,0.0,466.0,0.0,11.0
828461.205,3592.0,-1944.0,1944.0,466.55999755859375,0.0,0.0,466.0,0.0,11.0
828471.206,3592.0,-1944.0,1944.0,466.55999755859375,0.0,0.0,466.0,0.0,11.0
828482.205,3592.0,-1944.0,1944.0,466.55999755859375,0.0,0.0,466.0,0.0,11.0
828493.2,3592.0,-1944.0,1944.0,466.55999755859375,0.0,0.0,466.0,0.0,11.0
828504.204,3592.0,-1944.0,1944.0,466.55999755859375,0.0,0.0,466.0,0.0,11.0
828514.204,3592.0,-1944.0,1944.0,466.55999755859375,0.0,0.0,466.0,0.0,11.0
828524.204,3592.0,-1944.0,1944.0,466.55999755859375,0.0,0.0,466.0,0.0,11.0
828535.205,3592.0,-1944.0,1944.0,466.55999755859375,0.0,0.0,466.0,0.0,11.0
828545.205,3592.0,-1944.0,1944.0,466.55999755859375,0.0,0.0,466.0,0.0,11.0
828556.205,3592.0,-1944.0,1944.0,466.55999755859375,0.0,0.0,466.0,0.0,11.0
828566.619,3592.0,-1944.0,1944.0,466.55999755859375,0.0,0.0,466.0,0.0,11.0
828576.62,3592.0,-1944.0,1944.0,466.55999755859375,0.0,0.0,466.0,0.0,11.0
828586.62,3592.0,-1944.0,1944.0,466.55999755859375,0.0,0.0,466.0,0.0,11.0
828597.201,3592.0,-1944.0,1944.0,466.55999755859375,0.0,0.0,466.0,0.0,11.0
828607.202,3592.0,-1944.0,1944.0,466.55999755859375,0.0,0.0,466.0,0.0,11.0
828618.205,3592.0,-1944.0,1944.0,466.55999755859375,0.0,0.0,466.0,0.0,11.0
828629.201,3592.0,-1944.0,1944.0,466.55999755859375,0.0,0.0,466.0,0.0,11.0
828640.205,3592.0,-1944.0,1944.0,466.55999755859375,0.0,0.0,466.0,0.0,11.0
828651.205,3592.0,-1944.0,1944.0,466.55999755859375,0.0,0.0,466.0,0.0,11.0
828662.201,3592.0,-1944.0,1944.0,466.55999755859375,0.0,0.0,466.0,0.0,11.0
828672.202,3592.0,-1944.0,1944.0,466.55999755859375,0.0,0.0,466.0,0.0,11.0
828682.203,3592.0,-1944.0,1944.0,466.55999755859375,0.0,0.0,466.0,0.0,11.0
828692.204,3592.0,-1944.0,1944.0,466.55999755859375,0.0,0.0,466.0,0.0,11.0
828702.205,3592.0,-1944.0,1944.0,466.55999755859375,0.0,0.0,466.0,0.0,11.0
828713.01,3592.0,-1944.0,1944.0,466.55999755859375,0.0,0.0,466.0,0.0,11.0
828723.173,3592.0,-1944.0,1944.0,466.55999755859375,0.0,0.0,466.0,0.0,11.0
828734.173,3592.0,-1944.0,1944.0,466.55999755859375,0.0,0.0,466.0,0.0,11.0
828745.205,3592.0,-1944.0,1944.0,466.55999755859375,0.0,0.0,466.0,0.0,11.0
828755.206,3592.0,-1944.0,1944.0,466.55999755859375,0.0,0.0,466.0,0.0,11.0
828766.205,3592.0,-1944.0,1944.0,466.55999755859375,0.0,0.0,466.0,0.0,11.0
828776.206,3592.0,-1944.0,1944.0,466.55999755859375,0.0,0.0,466.0,0.0,11.0
828787.201,3592.0,-1944.0,1944.0,466.55999755859375,0.0,0.0,466.0,0.0,11.0
828797.201,3592.0,-1944.0,1944.0,466.55999755859375,0.0,0.0,466.0,0.0,11.0
828808.204,3592.0,-1944.0,1944.0,466.55999755859375,0.0,0.0,466.0,0.0,11.0
828818.205,3592.0,-1944.0,1944.0,466.55999755859375,0.0,0.0,466.0,0.0,11.0
828829.205,3592.0,-1944.0,1944.0,466.55999755859375,0.0,0.0,466.0,0.0,11.0
828839.206,3592.0,-1944.0,1944.0,466.55999755859375,0.0,0.0,466.0,0.0,11.0
828850.205,3592.0,-1944.0,1944.0,466.55999755859375,0.0,0.0,466.0,0.0,11.0
828861.07,3592.0,-1944.0,1944.0,466.55999755859375,0.0,0.0,466.0,0.0,11.0
828871.204,3592.0,-1944.0,1944.0,466.55999755859375,0.0,0.0,466.0,0.0,11.0
828881.408,3592.0,-1944.0,1944.0,466.55999755859375,0.0,0.0,466.0,0.0,11.0
828891.409,3592.0,-1944.0,1944.0,466.55999755859375,0.0,0.0,466.0,0.0,11.0
828902.205,3592.0,-1944.0,1944.0,466.55999755859375,0.0,0.0,466.0,0.0,11.0
828913.201,3592.0,-1944.0,1944.0,466.55999755859375,0.0,0.0,466.0,0.0,11.0
828924.205,3592.0,-1944.0,1944.0,466.55999755859375,0.0,0.0,466.0,0.0,11.0
828934.206,3592.0,-1944.0,1944.0,466.55999755859375,0.0,0.0,466.0,0.0,11.0
828945.205,3592.0,-1944.0,1944.0,466.55999755859375,0.0,0.0,466.0,0.0,11.0
828956.205,3592.0,-1944.0,1944.0,466.55999755859375,0.0,0.0,466.0,0.0,11.0
828966.205,3592.0,-1944.0,1944.0,466.55999755859375,0.0,0.0,466.0,0.0,11.0
828977.205,3592.0,-1944.0,1944.0,466.55999755859375,0.0,0.0,466.0,0.0,11.0
828988.205,3592.0,-1944.0,1944.0,466.55999755859375,0.0,0.0,466.0,0.0,11.0
828999.201,3592.0,-1944.0,1944.0,466.55999755859375,0.0,0.0,466.0,0.0,11.0
829010.205,3592.0,-1944.0,1944.0,466.55999755859375,0.0,0.0,466.0,0.0,11.0
829020.206,3592.0,-1944.0,1944.0,466.55999755859375,0.0,0.0,466.0,0.0,11.0
829031.204,3592.0,-1944.0,1944.0,466.55999755859375,0.0,0.0,466.0,0.0,11.0
829042.201,3592.0,-1944.0,1944.0,466.55999755859375,0.0,0.0,466.0,0.0,11.0
829052.202,3592.0,-1944.0,1944.0,466.55999755859375,0.0,0.0,466.0,0.0,11.0
829062.202,3592.0,-1944.0,1944.0,466.55999755859375,0.0,0.0,466.0,0.0,11.0
829072.202,3592.0,-1944.0,1944.0,466.55999755859375,0.0,0.0,466.0,0.0,11.0
829083.204,3592.0,-1944.0,1944.0,466.55999755859375,0.0,0.0,466.0,0.0,11.0
829094.334,3592.0,-1944.0,1944.0,466.55999755859375,0.0,0.0,466.0,0.0,11.0
829104.335,3592.0,-1944.0,1944.0,466.55999755859375,0.0,0.0,466.0,0.0,11.0
829114.336,3592.0,-1944.0,1944.0,466.55999755859375,0.0,0.0,466.0,0.0,11.0
829125.204,3592.0,-1944.0,1944.0,466.55999755859375,0.0,0.0,466.0,0.0,11.0
829136.201,3592.0,-1944.0,1944.0,466.55999755859375,0.0,0.0,466.0,0.0,11.0
829146.202,3592.0,-1944.0,1944.0,466.55999755859375,0.0,0.0,466.0,0.0,11.0
829156.202,3592.0,-1944.0,1944.0,466.55999755859375,0.0,0.0,466.0,0.0,11.0
829167.205,3592.0,-1944.0,1944.0,466.55999755859375,0.0,0.0,466.0,0.0,11.0
829178.205,3592.0,-1944.0,1944.0,466.55999755859375,0.0,0.0,466.0,0.0,11.0
829188.206,3592.0,-1944.0,1944.0,466.55999755859375,0.0,0.0,466.0,0.0,11.0
829199.208,3592.0,-1944.0,1944.0,466.55999755859375,0.0,0.0,466.0,0.0,11.0
829209.209,3592.0,-1944.0,1944.0,466.55999755859375,0.0,0.0,466.0,0.0,11.0
829219.21,3592.0,-1944.0,1944.0,466.55999755859375,0.0,0.0,466.0,0.0,11.0
829229.792,3592.0,-1944.0,1944.0,466.55999755859375,0.0,0.0,466.0,0.0,11.0
829239.792,3592.0,-1944.0,1944.0,466.55999755859375,0.0,0.0,466.0,0.0,11.0
829250.204,3592.0,-1944.0,1944.0,466.55999755859375,0.0,0.0,466.0,0.0,11.0
829261.201,3592.0,-1944.0,1944.0,466.55999755859375,0.0,0.0,466.0,0.0,11.0
829271.201,3592.0,-1944.0,1944.0,466.55999755859375,0.0,0.0,466.0,0.0,11.0
829281.202,3592.0,-1944.0,1944.0,466.55999755859375,0.0,0.0,466.0,0.0,11.0
829291.203,3592.0,-1944.0,1944.0,466.55999755859375,0.0,0.0,466.0,0.0,11.0
829302.205,3592.0,-1944.0,1944.0,466.55999755859375,0.0,0.0,466.0,0.0,11.0
829313.201,3592.0,-1944.0,1944.0,466.55999755859375,0.0,0.0,466.0,0.0,11.0
829324.205,3592.0,-1944.0,1944.0,466.55999755859375,0.0,0.0,466.0,0.0,11.0
829334.206,3592.0,-1944.0,1944.0,466.55999755859375,0.0,0.0,466.0,0.0,11.0
829345.215,3592.0,-1944.0,1944.0,466.55999755859375,0.0,0.0,466.0,0.0,11.0
829355.215,3592.0,-1944.0,1944.0,466.55999755859375,0.0,0.0,466.0,0.0,11.0
829365.216,3592.0,-1944.0,1944.0,466.55999755859375,0.0,0.0,466.0,0.0,11.0
829375.217,3592.0,-1944.0,1944.0,466.55999755859375,0.0,0.0,466.0,0.0,11.0
829386.205,3592.0,-1944.0,1944.0,466.55999755859375,0.0,0.0,466.0,0.0,11.0
829397.201,3592.0,-1944.0,1944.0,466.55999755859375,0.0,0.0,466.0,0.0,11.0
829408.205,3592.0,-1944.0,1944.0,466.55999755859375,0.0,0.0,466.0,0.0,11.0
829418.206,3592.0,-1944.0,1944.0,466.55999755859375,0.0,0.0,466.0,0.0,11.0
829428.206,3592.0,-1944.0,1944.0,466.55999755859375,0.0,0.0,466.0,0.0,11.0
829439.205,3592.0,-1944.0,1944.0,466.55999755859375,0.0,0.0,466.0,0.0,11.0
829449.206,3592.0,-1944.0,1944.0,466.55999755859375,0.0,0.0,466.0,0.0,11.0
829460.204,3592.0,-1944.0,1944.0,466.55999755859375,0.0,0.0,466.0,0.0,11.0
829471.202,3592.0,-1944.0,1944.0,466.55999755859375,0.0,0.0,466.0,0.0,11.0
829482.205,3592.0,-1944.0,1944.0,466.55999755859375,0.0,0.0,466.0,0.0,11.0
829493.205,3592.0,-1944.0,1944.0,466.55999755859375,0.0,0.0,466.0,0.0,11.0
829504.2,3592.0,-1944.0,1944.0,466.55999755859375,0.0,0.0,466.0,0.0,11.0
829514.201,3592.0,-1944.0,1944.0,466.55999755859375,0.0,0.0,466.0,0.0,11.0
829525.201,3592.0,-1944.0,1944.0,466.55999755859375,0.0,0.0,466.0,0.0,11.0
829536.204,3592.0,-1944.0,1944.0,466.55999755859375,0.0,0.0,466.0,0.0,11.0
829546.204,3592.0,-1944.0,1944.0,466.55999755859375,0.0,0.0,466.0,0.0,11.0
829556.205,3592.0,-1944.0,1944.0,466.55999755859375,0.0,0.0,466.0,0.0,11.0
829566.943,3592.0,-1944.0,1944.0,466.55999755859375,0.0,0.0,466.0,0.0,11.0
829576.944,3592.0,-1944.0,1944.0,466.55999755859375,0.0,0.0,466.0,0.0,11.0
829586.944,3592.0,-1944.0,1944.0,466.55999755859375,0.0,0.0,466.0,0.0,11.0
829596.944,3592.0,-1944.0,1944.0,466.55999755859375,0.0,0.0,466.0,0.0,11.0
829606.945,3592.0,-1944.0,1944.0,466.55999755859375,0.0,0.0,466.0,0.0,11.0
829617.206,3592.0,-1944.0,1944.0,466.55999755859375,0.0,0.0,466.0,0.0,11.0
829628.205,3592.0,-1944.0,1944.0,466.55999755859375,0.0,0.0,466.0,0.0,11.0
829639.205,3592.0,-1944.0,1944.0,466.55999755859375,0.0,0.0,466.0,0.0,11.0
829650.201,3592.0,-1944.0,1944.0,466.55999755859375,0.0,0.0,466.0,0.0,11.0
829660.202,3592.0,-1944.0,1944.0,466.55999755859375,0.0,0.0,466.0,0.0,11.0
829670.202,3592.0,-1944.0,1944.0,466.55999755859375,0.0,0.0,466.0,0.0,11.0
829681.205,3592.0,-1944.0,1944.0,466.55999755859375,0.0,0.0,466.0,0.0,11.0
829691.206,3592.0,-1944.0,1944.0,466.55999755859375,0.0,0.0,466.0,0.0,11.0
829701.301,3592.0,-1944.0,1944.0,466.55999755859375,0.0,0.0,466.0,0.0,11.0
829712.2,3592.0,-1944.0,1944.0,466.55999755859375,0.0,0.0,466.0,0.0,11.0
829722.201,3592.0,-1944.0,1944.0,466.55999755859375,0.0,0.0,466.0,0.0,11.0
829732.202,3592.0,-1944.0,1944.0,466.55999755859375,0.0,0.0,466.0,0.0,11.0
829743.204,3592.0,-1944.0,1944.0,466.55999755859375,0.0,0.0,466.0,0.0,11.0
829754.204,3592.0,-1944.0,1944.0,466.55999755859375,0.0,0.0,466.0,0.0,11.0
829765.201,3592.0,-1944.0,1944.0,466.55999755859375,0.0,0.0,466.0,0.0,11.0
829775.202,3592.0,-1944.0,1944.0,466.55999755859375,0.0,0.0,466.0,0.0,11.0
829785.203,3592.0,-1944.0,1944.0,466.55999755859375,0.0,0.0,466.0,0.0,11.0
829796.205,3592.0,-1944.0,1944.0,466.55999755859375,0.0,0.0,466.0,0.0,11.0
829807.2,3592.0,-1944.0,1944.0,466.55999755859375,0.0,0.0,466.0,0.0,11.0
829818.205,3592.0,-1944.0,1944.0,466.55999755859375,0.0,0.0,466.0,0.0,11.0
829829.204,3592.0,-1944.0,1944.0,466.55999755859375,0.0,0.0,466.0,0.0,11.0
829840.205,3592.0,-1944.0,1944.0,466.55999755859375,0.0,0.0,466.0,0.0,11.0
829851.201,3592.0,-1944.0,1944.0,466.55999755859375,0.0,0.0,466.0,0.0,11.0
829861.201,3592.0,-1944.0,1944.0,466.55999755859375,0.0,0.0,466.0,0.0,11.0
829871.202,3592.0,-1944.0,1944.0,466.55999755859375,0.0,0.0,466.0,0.0,11.0
829881.203,3592.0,-1944.0,1944.0,466.55999755859375,0.0,0.0,466.0,0.0,11.0
829891.204,3592.0,-1944.0,1944.0,466.55999755859375,0.0,0.0,466.0,0.0,11.0
829902.204,3592.0,-1944.0,1944.0,466.55999755859375,0.0,0.0,466.0,0.0,11.0
829912.204,3592.0,-1944.0,1944.0,466.55999755859375,0.0,0.0,466.0,0.0,11.0
829923.205,3592.0,-1944.0,1944.0,466.55999755859375,0.0,0.0,466.0,0.0,11.0
829933.206,3592.0,-1944.0,1944.0,466.55999755859375,0.0,0.0,466.0,0.0,11.0
829944.205,3592.0,-1944.0,1944.0,466.55999755859375,0.0,0.0,466.0,0.0,11.0
829955.201,3592.0,-1944.0,1944.0,466.55999755859375,0.0,0.0,466.0,0.0,11.0
829965.201,3592.0,-1944.0,1944.0,466.55999755859375,0.0,0.0,466.0,0.0,11.0
829975.202,3592.0,-1944.0,1944.0,466.55999755859375,0.0,0.0,466.0,0.0,11.0
829985.203,3592.0,-1944.0,1944.0,466.55999755859375,0.0,0.0,466.0,0.0,11.0
829996.201,3592.0,-1944.0,1944.0,466.55999755859375,0.0,0.0,466.0,0.0,11.0
830007.208,3592.0,-1944.0,1944.0,466.55999755859375,0.0,0.0,466.0,0.0,11.0
830017.208,3592.0,-1944.0,1944.0,466.55999755859375,0.0,0.0,466.0,0.0,11.0
830027.308,3592.0,-1944.0,1944.0,466.55999755859375,0.0,0.0,466.0,0.0,11.0
830038.201,3592.0,-1944.0,1944.0,466.55999755859375,0.0,0.0,466.0,0.0,11.0
830048.201,3592.0,-1944.0,1944.0,466.55999755859375,0.0,0.0,466.0,0.0,11.0
830059.201,3592.0,-1944.0,1944.0,466.55999755859375,0.0,0.0,466.0,0.0,11.0
830070.218,3592.0,-1944.0,1944.0,466.55999755859375,0.0,0.0,466.0,0.0,11.0
830081.2,3592.0,-1944.0,1944.0,466.55999755859375,0.0,0.0,466.0,0.0,11.0
830092.205,3592.0,-1944.0,1944.0,466.55999755859375,0.0,0.0,466.0,0.0,11.0
830103.213,3592.0,-1944.0,1944.0,466.55999755859375,0.0,0.0,466.0,0.0,11.0
830113.985,3592.0,-1944.0,1944.0,466.55999755859375,0.0,0.0,466.0,0.0,11.0
830123.986,3592.0,-1944.0,1944.0,466.55999755859375,0.0,0.0,466.0,0.0,11.0
830134.205,3592.0,-1944.0,1944.0,466.55999755859375,0.0,0.0,466.0,0.0,11.0
830145.201,3592.0,-1944.0,1944.0,466.55999755859375,0.0,0.0,466.0,0.0,11.0
830155.202,3592.0,-1944.0,1944.0,466.55999755859375,0.0,0.0,466.0,0.0,11.0
830166.201,3592.0,-1944.0,1944.0,466.55999755859375,0.0,0.0,466.0,0.0,11.0
830177.204,3592.0,-1944.0,1944.0,466.55999755859375,0.0,0.0,466.0,0.0,11.0
830187.204,3592.0,-1944.0,1944.0,466.55999755859375,0.0,0.0,466.0,0.0,11.0
830198.201,3592.0,-1944.0,1944.0,466.55999755859375,0.0,0.0,466.0,0.0,11.0
830209.205,3592.0,-1944.0,1944.0,466.55999755859375,0.0,0.0,466.0,0.0,11.0
830220.209,3592.0,-1944.0,1944.0,466.55999755859375,0.0,0.0,466.0,0.0,11.0
830231.2,3592.0,-1944.0,1944.0,466.55999755859375,0.0,0.0,466.0,0.0,11.0
830241.691,3592.0,-1944.0,1944.0,466.55999755859375,0.0,0.0,466.0,0.0,11.0
830251.692,3592.0,-1944.0,1944.0,466.55999755859375,0.0,0.0,466.0,0.0,11.0
830261.693,3592.0,-1944.0,1944.0,466.55999755859375,0.0,0.0,466.0,0.0,11.0
830272.206,3592.0,-1944.0,1944.0,466.55999755859375,0.0,0.0,466.0,0.0,11.0
830283.205,3592.0,-1944.0,1944.0,466.55999755859375,0.0,0.0,466.0,0.0,11.0
830294.201,3592.0,-1944.0,1944.0,466.55999755859375,0.0,0.0,466.0,0.0,11.0
830305.204,3592.0,-1944.0,1944.0,466.55999755859375,0.0,0.0,466.0,0.0,11.0
830316.204,3592.0,-1944.0,1944.0,466.55999755859375,0.0,0.0,466.0,0.0,11.0
830326.205,3592.0,-1944.0,1944.0,466.55999755859375,0.0,0.0,466.0,0.0,11.0
830336.206,3592.0,-1944.0,1944.0,466.55999755859375,0.0,0.0,466.0,0.0,11.0
830347.205,3592.0,-1944.0,1944.0,466.55999755859375,0.0,0.0,466.0,0.0,11.0
830357.205,3592.0,-1944.0,1944.0,466.55999755859375,0.0,0.0,466.0,0.0,11.0
830368.204,3592.0,-1944.0,1944.0,466.55999755859375,0.0,0.0,466.0,0.0,11.0
830378.318,3592.0,-1944.0,1944.0,466.55999755859375,0.0,0.0,466.0,0.0,11.0
830388.318,3592.0,-1944.0,1944.0,466.55999755859375,0.0,0.0,466.0,0.0,11.0
830399.204,3592.0,-1944.0,1944.0,466.55999755859375,0.0,0.0,466.0,0.0,11.0
830409.205,3592.0,-1944.0,1944.0,466.55999755859375,0.0,0.0,466.0,0.0,11.0
830420.48,3592.0,-1944.0,1944.0,466.55999755859375,0.0,0.0,466.0,0.0,11.0
830430.481,3592.0,-1944.0,1944.0,466.55999755859375,0.0,0.0,466.0,0.0,11.0
830441.205,3592.0,-1944.0,1944.0,466.55999755859375,0.0,0.0,466.0,0.0,11.0
830452.2,3592.0,-1944.0,1944.0,466.55999755859375,0.0,0.0,466.0,0.0,11.0
830463.204,3592.0,-1944.0,1944.0,466.55999755859375,0.0,0.0,466.0,0.0,11.0
830473.204,3592.0,-1944.0,1944.0,466.55999755859375,0.0,0.0,466.0,0.0,11.0
830483.205,3592.0,-1944.0,1944.0,466.55999755859375,0.0,0.0,466.0,0.0,11.0
830494.201,3592.0,-1944.0,1944.0,466.55999755859375,0.0,0.0,466.0,0.0,11.0
830505.205,3592.0,-1944.0,1944.0,466.55999755859375,0.0,0.0,466.0,0.0,11.0
830515.205,3592.0,-1944.0,1944.0,466.55999755859375,0.0,0.0,466.0,0.0,11.0
830526.2,3592.0,-1944.0,1944.0,466.55999755859375,0.0,0.0,466.0,0.0,11.0
830536.201,3592.0,-1944.0,1944.0,466.55999755859375,0.0,0.0,466.0,0.0,11.0
830547.2,3592.0,-1944.0,1944.0,466.55999755859375,0.0,0.0,466.0,0.0,11.0
830558.205,3592.0,-1944.0,1944.0,466.55999755859375,0.0,0.0,466.0,0.0,11.0
830569.201,3592.0,-1944.0,1944.0,466.55999755859375,0.0,0.0,466.0,0.0,11.0
830580.484,3592.0,-1944.0,1944.0,466.55999755859375,0.0,0.0,466.0,0.0,11.0
830591.205,3592.0,-1944.0,1944.0,466.55999755859375,0.0,0.0,466.0,0.0,11.0
830601.206,3592.0,-1944.0,1944.0,466.55999755859375,0.0,0.0,466.0,0.0,11.0
830611.482,3592.0,-1944.0,1944.0,466.55999755859375,0.0,0.0,466.0,0.0,11.0
830621.483,3592.0,-1944.0,1944.0,466.55999755859375,0.0,0.0,466.0,0.0,11.0
830632.204,3592.0,-1944.0,1944.0,466.55999755859375,0.0,0.0,466.0,0.0,11.0
830642.204,3592.0,-1944.0,1944.0,466.55999755859375,0.0,0.0,466.0,0.0,11.0
830653.201,3592.0,-1944.0,1944.0,466.55999755859375,0.0,0.0,466.0,0.0,11.0
830663.202,3592.0,-1944.0,1944.0,466.55999755859375,0.0,0.0,466.0,0.0,11.0
830674.201,3592.0,-1944.0,1944.0,466.55999755859375,0.0,0.0,466.0,0.0,11.0
830685.204,3592.0,-1944.0,1944.0,466.55999755859375,0.0,0.0,466.0,0.0,11.0
830696.205,3592.0,-1944.0,1944.0,466.55999755859375,0.0,0.0,466.0,0.0,11.0
830707.201,3592.0,-1944.0,1944.0,466.55999755859375,0.0,0.0,466.0,0.0,11.0
830718.205,3592.0,-1944.0,1944.0,466.55999755859375,0.0,0.0,466.0,0.0,11.0
830729.205,3592.0,-1944.0,1944.0,466.55999755859375,0.0,0.0,466.0,0.0,11.0
830739.206,3592.0,-1944.0,1944.0,466.55999755859375,0.0,0.0,466.0,0.0,11.0
830750.205,3592.0,-1944.0,1944.0,466.55999755859375,0.0,0.0,466.0,0.0,11.0
830760.205,3592.0,-1944.0,1944.0,466.55999755859375,0.0,0.0,466.0,0.0,11.0
830770.205,3592.0,-1944.0,1944.0,466.55999755859375,0.0,0.0,466.0,0.0,11.0
830780.214,3592.0,-1944.0,1944.0,466.55999755859375,0.0,0.0,466.0,0.0,11.0
830790.215,3592.0,-1944.0,1944.0,466.55999755859375,0.0,0.0,466.0,0.0,11.0
830800.215,3592.0,-1944.0,1944.0,466.55999755859375,0.0,0.0,466.0,0.0,11.0
830810.215,3592.0,-1944.0,1944.0,466.55999755859375,0.0,0.0,466.0,0.0,11.0
830820.215,3592.0,-1944.0,1944.0,466.55999755859375,0.0,0.0,466.0,0.0,11.0
830830.216,3592.0,-1944.0,1944.0,466.55999755859375,0.0,0.0,466.0,0.0,11.0
830840.216,3592.0,-1944.0,1944.0,466.55999755859375,0.0,0.0,466.0,0.0,11.0
830851.2,3592.0,-1944.0,1944.0,466.55999755859375,0.0,0.0,466.0,0.0,11.0
830861.2,3592.0,-1944.0,1944.0,466.55999755859375,0.0,0.0,466.0,0.0,11.0
830871.201,3592.0,-1944.0,1944.0,466.55999755859375,0.0,0.0,466.0,0.0,11.0
830881.302,3592.0,-1944.0,1944.0,466.55999755859375,0.0,0.0,466.0,0.0,11.0
830891.303,3592.0,-1944.0,1944.0,466.55999755859375,0.0,0.0,466.0,0.0,11.0
830902.205,3592.0,-1944.0,1944.0,466.55999755859375,0.0,0.0,466.0,0.0,11.0
830913.201,3592.0,-1944.0,1944.0,466.55999755859375,0.0,0.0,466.0,0.0,11.0
830924.205,3592.0,-1944.0,1944.0,466.55999755859375,0.0,0.0,466.0,0.0,11.0
830935.2,3592.0,-1944.0,1944.0,466.55999755859375,0.0,0.0,466.0,0.0,11.0
830945.201,3592.0,-1944.0,1944.0,466.55999755859375,0.0,0.0,466.0,0.0,11.0
830956.2,3592.0,-1944.0,1944.0,466.55999755859375,0.0,0.0,466.0,0.0,11.0
830967.204,3592.0,-1944.0,1944.0,466.55999755859375,0.0,0.0,466.0,0.0,11.0
830977.205,3592.0,-1944.0,1944.0,466.55999755859375,0.0,0.0,466.0,0.0,11.0
830988.201,3592.0,-1944.0,1944.0,466.55999755859375,0.0,0.0,466.0,0.0,11.0
830998.201,3592.0,-1944.0,1944.0,466.55999755859375,0.0,0.0,466.0,0.0,11.0
831008.201,3592.0,-1944.0,1944.0,466.55999755859375,0.0,0.0,466.0,0.0,11.0
831019.205,3592.0,-1944.0,1944.0,466.55999755859375,0.0,0.0,466.0,0.0,11.0
831030.201,3592.0,-1944.0,1944.0,466.55999755859375,0.0,0.0,466.0,0.0,11.0
831040.201,3592.0,-1944.0,1944.0,466.55999755859375,0.0,0.0,466.0,0.0,11.0
831051.201,3592.0,-1944.0,1944.0,466.55999755859375,0.0,0.0,466.0,0.0,11.0
831061.269,3592.0,-1944.0,1944.0,466.55999755859375,0.0,0.0,466.0,0.0,11.0
831071.269,3592.0,-1944.0,1944.0,466.55999755859375,0.0,0.0,466.0,0.0,11.0
831081.27,3592.0,-1944.0,1944.0,466.55999755859375,0.0,0.0,466.0,0.0,11.0
831091.271,3592.0,-1944.0,1944.0,466.55999755859375,0.0,0.0,466.0,0.0,11.0
831101.271,3592.0,-1944.0,1944.0,466.55999755859375,0.0,0.0,466.0,0.0,11.0
831111.272,3592.0,-1944.0,1944.0,466.55999755859375,0.0,0.0,466.0,0.0,11.0
831121.272,3592.0,-1944.0,1944.0,466.55999755859375,0.0,0.0,466.0,0.0,11.0
831132.2,3592.0,-1944.0,1944.0,466.55999755859375,0.0,0.0,466.0,0.0,11.0
831142.201,3592.0,-1944.0,1944.0,466.55999755859375,0.0,0.0,466.0,0.0,11.0
831152.202,3592.0,-1944.0,1944.0,466.55999755859375,0.0,0.0,466.0,0.0,11.0
831163.067,3592.0,-1944.0,1944.0,466.55999755859375,0.0,0.0,466.0,0.0,11.0
831173.068,3592.0,-1944.0,1944.0,466.55999755859375,0.0,0.0,466.0,0.0,11.0
831183.1,3592.0,-1944.0,1944.0,466.55999755859375,0.0,0.0,466.0,0.0,11.0
831193.101,3592.0,-1944.0,1944.0,466.55999755859375,0.0,0.0,466.0,0.0,11.0
831203.101,3592.0,-1944.0,1944.0,466.55999755859375,0.0,0.0,466.0,0.0,11.0
831214.204,3592.0,-1944.0,1944.0,466.55999755859375,0.0,0.0,466.0,0.0,11.0
831225.201,3592.0,-1944.0,1944.0,466.55999755859375,0.0,0.0,466.0,0.0,11.0
831235.202,3592.0,-1944.0,1944.0,466.55999755859375,0.0,0.0,466.0,0.0,11.0
831246.201,3592.0,-1944.0,1944.0,466.55999755859375,0.0,0.0,466.0,0.0,11.0
831256.202,3592.0,-1944.0,1944.0,466.55999755859375,0.0,0.0,466.0,0.0,11.0
831266.202,3592.0,-1944.0,1944.0,466.55999755859375,0.0,0.0,466.0,0.0,11.0
831277.205,3592.0,-1944.0,1944.0,466.55999755859375,0.0,0.0,466.0,0.0,11.0
831287.205,3592.0,-1944.0,1944.0,466.55999755859375,0.0,0.0,466.0,0.0,11.0
831297.755,3592.0,-1944.0,1944.0,466.55999755859375,0.0,0.0,466.0,0.0,11.0
831307.756,3592.0,-1944.0,1944.0,466.55999755859375,0.0,0.0,466.0,0.0,11.0
831317.756,3592.0,-1944.0,1944.0,466.55999755859375,0.0,0.0,466.0,0.0,11.0
831327.757,3592.0,-1944.0,1944.0,466.55999755859375,0.0,0.0,466.0,0.0,11.0
831338.205,3592.0,-1944.0,1944.0,466.55999755859375,0.0,0.0,466.0,0.0,11.0
831349.2,3592.0,-1944.0,1944.0,466.55999755859375,0.0,0.0,466.0,0.0,11.0
831359.2,3592.0,-1944.0,1944.0,466.55999755859375,0.0,0.0,466.0,0.0,11.0
831370.205,3592.0,-1944.0,1944.0,466.55999755859375,0.0,0.0,466.0,0.0,11.0
831380.205,3592.0,-1944.0,1944.0,466.55999755859375,0.0,0.0,466.0,0.0,11.0
831391.205,3592.0,-1944.0,1944.0,466.55999755859375,0.0,0.0,466.0,0.0,11.0
831401.206,3592.0,-1944.0,1944.0,466.55999755859375,0.0,0.0,466.0,0.0,11.0
831411.208,3592.0,-1944.0,1944.0,466.55999755859375,0.0,0.0,466.0,0.0,11.0
831421.209,3592.0,-1944.0,1944.0,466.55999755859375,0.0,0.0,466.0,0.0,11.0
831431.21,3592.0,-1944.0,1944.0,466.55999755859375,0.0,0.0,466.0,0.0,11.0
831442.2,3592.0,-1944.0,1944.0,466.55999755859375,0.0,0.0,466.0,0.0,11.0
831452.2,3592.0,-1944.0,1944.0,466.55999755859375,0.0,0.0,466.0,0.0,11.0
831462.201,3592.0,-1944.0,1944.0,466.55999755859375,0.0,0.0,466.0,0.0,11.0
831473.205,3592.0,-1944.0,1944.0,466.55999755859375,0.0,0.0,466.0,0.0,11.0
831483.206,3592.0,-1944.0,1944.0,466.55999755859375,0.0,0.0,466.0,0.0,11.0
831493.207,3592.0,-1944.0,1944.0,466.55999755859375,0.0,0.0,466.0,0.0,11.0
831504.205,3592.0,-1944.0,1944.0,466.55999755859375,0.0,0.0,466.0,0.0,11.0
831515.201,3592.0,-1944.0,1944.0,466.55999755859375,0.0,0.0,466.0,0.0,11.0
831525.201,3592.0,-1944.0,1944.0,466.55999755859375,0.0,0.0,466.0,0.0,11.0
831536.201,3592.0,-1944.0,1944.0,466.55999755859375,0.0,0.0,466.0,0.0,11.0
831546.685,3592.0,-1944.0,1944.0,466.55999755859375,0.0,0.0,466.0,0.0,11.0
831557.204,3592.0,-1944.0,1944.0,466.55999755859375,0.0,0.0,466.0,0.0,11.0
831567.205,3592.0,-1944.0,1944.0,466.55999755859375,0.0,0.0,466.0,0.0,11.0
831578.173,3592.0,-1944.0,1944.0,466.55999755859375,0.0,0.0,466.0,0.0,11.0
831589.204,3592.0,-1944.0,1944.0,466.55999755859375,0.0,0.0,466.0,0.0,11.0
831600.177,3592.0,-1944.0,1944.0,466.55999755859375,0.0,0.0,466.0,0.0,11.0
831610.178,3592.0,-1944.0,1944.0,466.55999755859375,0.0,0.0,466.0,0.0,11.0
831620.179,3592.0,-1944.0,1944.0,466.55999755859375,0.0,0.0,466.0,0.0,11.0
831631.201,3592.0,-1944.0,1944.0,466.55999755859375,0.0,0.0,466.0,0.0,11.0
831642.205,3592.0,-1944.0,1944.0,466.55999755859375,0.0,0.0,466.0,0.0,11.0
831652.206,3592.0,-1944.0,1944.0,466.55999755859375,0.0,0.0,466.0,0.0,11.0
831662.207,3592.0,-1944.0,1944.0,466.55999755859375,0.0,0.0,466.0,0.0,11.0
831673.201,3592.0,-1944.0,1944.0,466.55999755859375,0.0,0.0,466.0,0.0,11.0
831683.201,3592.0,-1944.0,1944.0,466.55999755859375,0.0,0.0,466.0,0.0,11.0
831693.201,3592.0,-1944.0,1944.0,466.55999755859375,0.0,0.0,466.0,0.0,11.0
831704.2,3592.0,-1944.0,1944.0,466.55999755859375,0.0,0.0,466.0,0.0,11.0
831714.2,3592.0,-1944.0,1944.0,466.55999755859375,0.0,0.0,466.0,0.0,11.0
831725.208,3592.0,-1944.0,1944.0,466.55999755859375,0.0,0.0,466.0,0.0,11.0
831735.747,3592.0,-1944.0,1944.0,466.55999755859375,0.0,0.0,466.0,0.0,11.0
831745.748,3592.0,-1944.0,1944.0,466.55999755859375,0.0,0.0,466.0,0.0,11.0
831756.1,3592.0,-1944.0,1944.0,466.55999755859375,0.0,0.0,466.0,0.0,11.0
831767.205,3592.0,-1944.0,1944.0,466.55999755859375,0.0,0.0,466.0,0.0,11.0
831777.206,3592.0,-1944.0,1944.0,466.55999755859375,0.0,0.0,466.0,0.0,11.0
831788.204,3592.0,-1944.0,1944.0,466.55999755859375,0.0,0.0,466.0,0.0,11.0
831799.201,3592.0,-1944.0,1944.0,466.55999755859375,0.0,0.0,466.0,0.0,11.0
831810.205,3592.0,-1944.0,1944.0,466.55999755859375,0.0,0.0,466.0,0.0,11.0
831821.201,3592.0,-1944.0,1944.0,466.55999755859375,0.0,0.0,466.0,0.0,11.0
831833.177,3592.0,-1944.0,1944.0,466.55999755859375,0.0,0.0,466.0,0.0,11.0
831843.178,3592.0,-1944.0,1944.0,466.55999755859375,0.0,0.0,466.0,0.0,11.0
831853.178,3592.0,-1944.0,1944.0,466.55999755859375,0.0,0.0,466.0,0.0,11.0
831864.224,3592.0,-1944.0,1944.0,466.55999755859375,0.0,0.0,466.0,0.0,11.0
831875.201,3592.0,-1944.0,1944.0,466.55999755859375,0.0,0.0,466.0,0.0,11.0
831886.204,3592.0,-1944.0,1944.0,466.55999755859375,0.0,0.0,466.0,0.0,11.0
831897.201,3592.0,-1944.0,1944.0,466.55999755859375,0.0,0.0,466.0,0.0,11.0
831908.205,3592.0,-1944.0,1944.0,466.55999755859375,0.0,0.0,466.0,0.0,11.0
831918.206,3592.0,-1944.0,1944.0,466.55999755859375,0.0,0.0,466.0,0.0,11.0
831929.205,3592.0,-1944.0,1944.0,466.55999755859375,0.0,0.0,466.0,0.0,11.0
831940.201,3592.0,-1944.0,1944.0,466.55999755859375,0.0,0.0,466.0,0.0,11.0
831950.202,3592.0,-1944.0,1944.0,466.55999755859375,0.0,0.0,466.0,0.0,11.0
831960.202,3592.0,-1944.0,1944.0,466.55999755859375,0.0,0.0,466.0,0.0,11.0
831970.203,3592.0,-1944.0,1944.0,466.55999755859375,0.0,0.0,466.0,0.0,11.0
831981.2,3592.0,-1944.0,1944.0,466.55999755859375,0.0,0.0,466.0,0.0,11.0
831992.205,3592.0,-1944.0,1944.0,466.55999755859375,0.0,0.0,466.0,0.0,11.0
832003.201,3592.0,-1944.0,1944.0,466.55999755859375,0.0,0.0,466.0,0.0,11.0
832013.202,3592.0,-1944.0,1944.0,466.55999755859375,0.0,0.0,466.0,0.0,11.0
832024.2,3592.0,-1944.0,1944.0,466.55999755859375,0.0,0.0,466.0,0.0,11.0
832035.205,3592.0,-1944.0,1944.0,466.55999755859375,0.0,0.0,466.0,0.0,11.0
832045.206,3592.0,-1944.0,1944.0,466.55999755859375,0.0,0.0,466.0,0.0,11.0
832056.201,3592.0,-1944.0,1944.0,466.55999755859375,0.0,0.0,466.0,0.0,11.0
832066.202,3592.0,-1944.0,1944.0,466.55999755859375,0.0,0.0,466.0,0.0,11.0
832077.201,3592.0,-1944.0,1944.0,466.55999755859375,0.0,0.0,466.0,0.0,11.0
832087.202,3592.0,-1944.0,1944.0,466.55999755859375,0.0,0.0,466.0,0.0,11.0
832097.203,3592.0,-1944.0,1944.0,466.55999755859375,0.0,0.0,466.0,0.0,11.0
832108.205,3592.0,-1944.0,1944.0,466.55999755859375,0.0,0.0,466.0,0.0,11.0
832119.202,3592.0,-1944.0,1944.0,466.55999755859375,0.0,0.0,466.0,0.0,11.0
832129.203,3592.0,-1944.0,1944.0,466.55999755859375,0.0,0.0,466.0,0.0,11.0
832139.204,3592.0,-1944.0,1944.0,466.55999755859375,0.0,0.0,466.0,0.0,11.0
832149.205,3592.0,-1944.0,1944.0,466.55999755859375,0.0,0.0,466.0,0.0,11.0
832160.201,3592.0,-1944.0,1944.0,466.55999755859375,0.0,0.0,466.0,0.0,11.0
832170.202,3592.0,-1944.0,1944.0,466.55999755859375,0.0,0.0,466.0,0.0,11.0
832180.202,3592.0,-1944.0,1944.0,466.55999755859375,0.0,0.0,466.0,0.0,11.0
832190.204,3592.0,-1944.0,1944.0,466.55999755859375,0.0,0.0,466.0,0.0,11.0
832201.206,3592.0,-1944.0,1944.0,466.55999755859375,0.0,0.0,466.0,0.0,11.0
832212.201,3592.0,-1944.0,1944.0,466.55999755859375,0.0,0.0,466.0,0.0,11.0
832223.205,3592.0,-1944.0,1944.0,466.55999755859375,0.0,0.0,466.0,0.0,11.0
832234.201,3592.0,-1944.0,1944.0,466.55999755859375,0.0,0.0,466.0,0.0,11.0
832245.208,3592.0,-1944.0,1944.0,466.55999755859375,0.0,0.0,466.0,0.0,11.0
832256.201,3592.0,-1944.0,1944.0,466.55999755859375,0.0,0.0,466.0,0.0,11.0
832267.205,3592.0,-1944.0,1944.0,466.55999755859375,0.0,0.0,466.0,0.0,11.0
832277.748,3592.0,-1944.0,1944.0,466.55999755859375,0.0,0.0,466.0,0.0,11.0
832287.749,3592.0,-1944.0,1944.0,466.55999755859375,0.0,0.0,466.0,0.0,11.0
832297.749,3592.0,-1944.0,1944.0,466.55999755859375,0.0,0.0,466.0,0.0,11.0
832308.408,3592.0,-1944.0,1944.0,466.55999755859375,0.0,0.0,466.0,0.0,11.0
832318.409,3592.0,-1944.0,1944.0,466.55999755859375,0.0,0.0,466.0,0.0,11.0
832329.205,3592.0,-1944.0,1944.0,466.55999755859375,0.0,0.0,466.0,0.0,11.0
832340.201,3592.0,-1944.0,1944.0,466.55999755859375,0.0,0.0,466.0,0.0,11.0
832351.205,3592.0,-1944.0,1944.0,466.55999755859375,0.0,0.0,466.0,0.0,11.0
832362.201,3592.0,-1944.0,1944.0,466.55999755859375,0.0,0.0,466.0,0.0,11.0
832373.205,3592.0,-1944.0,1944.0,466.55999755859375,0.0,0.0,466.0,0.0,11.0
832384.201,3592.0,-1944.0,1944.0,466.55999755859375,0.0,0.0,466.0,0.0,11.0
832394.202,3592.0,-1944.0,1944.0,466.55999755859375,0.0,0.0,466.0,0.0,11.0
832405.205,3592.0,-1944.0,1944.0,466.55999755859375,0.0,0.0,466.0,0.0,11.0
832416.201,3592.0,-1944.0,1944.0,466.55999755859375,0.0,0.0,466.0,0.0,11.0
832427.205,3592.0,-1944.0,1944.0,466.55999755859375,0.0,0.0,466.0,0.0,11.0
832437.206,3592.0,-1944.0,1944.0,466.55999755859375,0.0,0.0,466.0,0.0,11.0
832447.206,3592.0,-1944.0,1944.0,466.55999755859375,0.0,0.0,466.0,0.0,11.0
832457.206,3592.0,-1944.0,1944.0,466.55999755859375,0.0,0.0,466.0,0.0,11.0
832468.205,3592.0,-1944.0,1944.0,466.55999755859375,0.0,0.0,466.0,0.0,11.0
832479.209,3592.0,-1944.0,1944.0,466.55999755859375,0.0,0.0,466.0,0.0,11.0
832490.201,3592.0,-1944.0,1944.0,466.55999755859375,0.0,0.0,466.0,0.0,11.0
832501.205,3592.0,-1944.0,1944.0,466.55999755859375,0.0,0.0,466.0,0.0,11.0
832511.773,3592.0,-1944.0,1944.0,466.55999755859375,0.0,0.0,466.0,0.0,11.0
832522.205,3592.0,-1944.0,1944.0,466.55999755859375,0.0,0.0,466.0,0.0,11.0
832532.206,3592.0,-1944.0,1944.0,466.55999755859375,0.0,0.0,466.0,0.0,11.0
832542.206,3592.0,-1944.0,1944.0,466.55999755859375,0.0,0.0,466.0,0.0,11.0
832553.205,3592.0,-1944.0,1944.0,466.55999755859375,0.0,0.0,466.0,0.0,11.0
832564.201,3592.0,-1944.0,1944.0,466.55999755859375,0.0,0.0,466.0,0.0,11.0
832575.205,3592.0,-1944.0,1944.0,466.55999755859375,0.0,0.0,466.0,0.0,11.0
832586.201,3592.0,-1944.0,1944.0,466.55999755859375,0.0,0.0,466.0,0.0,11.0
832597.204,3592.0,-1944.0,1944.0,466.55999755859375,0.0,0.0,466.0,0.0,11.0
832608.201,3592.0,-1944.0,1944.0,466.55999755859375,0.0,0.0,466.0,0.0,11.0
832619.205,3592.0,-1944.0,1944.0,466.55999755859375,0.0,0.0,466.0,0.0,11.0
832630.205,3592.0,-1944.0,1944.0,466.55999755859375,0.0,0.0,466.0,0.0,11.0
832640.206,3592.0,-1944.0,1944.0,466.55999755859375,0.0,0.0,466.0,0.0,11.0
832650.207,3592.0,-1944.0,1944.0,466.55999755859375,0.0,0.0,466.0,0.0,11.0
832661.2,3592.0,-1944.0,1944.0,466.55999755859375,0.0,0.0,466.0,0.0,11.0
832672.204,3592.0,-1944.0,1944.0,466.55999755859375,0.0,0.0,466.0,0.0,11.0
832682.205,3592.0,-1944.0,1944.0,466.55999755859375,0.0,0.0,466.0,0.0,11.0
832692.206,3592.0,-1944.0,1944.0,466.55999755859375,0.0,0.0,466.0,0.0,11.0
832702.207,3592.0,-1944.0,1944.0,466.55999755859375,0.0,0.0,466.0,0.0,11.0
832712.207,3592.0,-1944.0,1944.0,466.55999755859375,0.0,0.0,466.0,0.0,11.0
832723.205,3592.0,-1944.0,1944.0,466.55999755859375,0.0,0.0,466.0,0.0,11.0
832733.206,3592.0,-1944.0,1944.0,466.55999755859375,0.0,0.0,466.0,0.0,11.0
832744.205,3592.0,-1944.0,1944.0,466.55999755859375,0.0,0.0,466.0,0.0,11.0
832755.204,3592.0,-1944.0,1944.0,466.55999755859375,0.0,0.0,466.0,0.0,11.0
832766.2,3592.0,-1944.0,1944.0,466.55999755859375,0.0,0.0,466.0,0.0,11.0
832777.204,3592.0,-1944.0,1944.0,466.55999755859375,0.0,0.0,466.0,0.0,11.0
832787.204,3592.0,-1944.0,1944.0,466.55999755859375,0.0,0.0,466.0,0.0,11.0
832798.204,3592.0,-1944.0,1944.0,466.55999755859375,0.0,0.0,466.0,0.0,11.0
832809.207,3592.0,-1944.0,1944.0,466.55999755859375,0.0,0.0,466.0,0.0,11.0
832820.201,3592.0,-1944.0,1944.0,466.55999755859375,0.0,0.0,466.0,0.0,11.0
832831.205,3592.0,-1944.0,1944.0,466.55999755859375,0.0,0.0,466.0,0.0,11.0
832841.206,3592.0,-1944.0,1944.0,466.55999755859375,0.0,0.0,466.0,0.0,11.0
832852.201,3592.0,-1944.0,1944.0,466.55999755859375,0.0,0.0,466.0,0.0,11.0
832862.201,3592.0,-1944.0,1944.0,466.55999755859375,0.0,0.0,466.0,0.0,11.0
832873.205,3592.0,-1944.0,1944.0,466.55999755859375,0.0,0.0,466.0,0.0,11.0
832883.206,3592.0,-1944.0,1944.0,466.55999755859375,0.0,0.0,466.0,0.0,11.0
832893.559,3592.0,-1944.0,1944.0,466.55999755859375,0.0,0.0,466.0,0.0,11.0
832904.391,3592.0,-1944.0,1944.0,466.55999755859375,0.0,0.0,466.0,0.0,11.0
832914.391,3592.0,-1944.0,1944.0,466.55999755859375,0.0,0.0,466.0,0.0,11.0
832925.204,3592.0,-1944.0,1944.0,466.55999755859375,0.0,0.0,466.0,0.0,11.0
832935.205,3592.0,-1944.0,1944.0,466.55999755859375,0.0,0.0,466.0,0.0,11.0
832945.205,3592.0,-1944.0,1944.0,466.55999755859375,0.0,0.0,466.0,0.0,11.0
832956.205,3592.0,-1944.0,1944.0,466.55999755859375,0.0,0.0,466.0,0.0,11.0
832967.201,3592.0,-1944.0,1944.0,466.55999755859375,0.0,0.0,466.0,0.0,11.0
832977.827,3592.0,-1944.0,1944.0,466.55999755859375,0.0,0.0,466.0,0.0,11.0
832987.828,3592.0,-1944.0,1944.0,466.55999755859375,0.0,0.0,466.0,0.0,11.0
832997.828,3592.0,-1944.0,1944.0,466.55999755859375,0.0,0.0,466.0,0.0,11.0
833007.828,3592.0,-1944.0,1944.0,466.55999755859375,0.0,0.0,466.0,0.0,11.0
833017.828,3592.0,-1944.0,1944.0,466.55999755859375,0.0,0.0,466.0,0.0,11.0
833027.829,3592.0,-1944.0,1944.0,466.55999755859375,0.0,0.0,466.0,0.0,11.0
833037.829,3592.0,-1944.0,1944.0,466.55999755859375,0.0,0.0,466.0,0.0,11.0
833048.205,3592.0,-1944.0,1944.0,466.55999755859375,0.0,0.0,466.0,0.0,11.0
833059.201,3592.0,-1944.0,1944.0,466.55999755859375,0.0,0.0,466.0,0.0,11.0
833070.205,3592.0,-1944.0,1944.0,466.55999755859375,0.0,0.0,466.0,0.0,11.0
833080.206,3592.0,-1944.0,1944.0,466.55999755859375,0.0,0.0,466.0,0.0,11.0
833090.206,3592.0,-1944.0,1944.0,466.55999755859375,0.0,0.0,466.0,0.0,11.0
833101.216,3592.0,-1944.0,1944.0,466.55999755859375,0.0,0.0,466.0,0.0,11.0
833111.217,3592.0,-1944.0,1944.0,466.55999755859375,0.0,0.0,466.0,0.0,11.0
833121.218,3592.0,-1944.0,1944.0,466.55999755859375,0.0,0.0,466.0,0.0,11.0
833132.2,3592.0,-1944.0,1944.0,466.55999755859375,0.0,0.0,466.0,0.0,11.0
833143.205,3592.0,-1944.0,1944.0,466.55999755859375,0.0,0.0,466.0,0.0,11.0
833153.404,3592.0,-1944.0,1944.0,466.55999755859375,0.0,0.0,466.0,0.0,11.0
833164.205,3592.0,-1944.0,1944.0,466.55999755859375,0.0,0.0,466.0,0.0,11.0
833174.205,3592.0,-1944.0,1944.0,466.55999755859375,0.0,0.0,466.0,0.0,11.0
833185.204,3592.0,-1944.0,1944.0,466.55999755859375,0.0,0.0,466.0,0.0,11.0
833196.476,3592.0,-1944.0,1944.0,466.55999755859375,0.0,0.0,466.0,0.0,11.0
833207.201,3592.0,-1944.0,1944.0,466.55999755859375,0.0,0.0,466.0,0.0,11.0
833218.157,3592.0,-1944.0,1944.0,466.55999755859375,0.0,0.0,466.0,0.0,11.0
833228.158,3592.0,-1944.0,1944.0,466.55999755859375,0.0,0.0,466.0,0.0,11.0
833238.158,3592.0,-1944.0,1944.0,466.55999755859375,0.0,0.0,466.0,0.0,11.0
833249.205,3592.0,-1944.0,1944.0,466.55999755859375,0.0,0.0,466.0,0.0,11.0
833260.201,3592.0,-1944.0,1944.0,466.55999755859375,0.0,0.0,466.0,0.0,11.0
833270.201,3592.0,-1944.0,1944.0,466.55999755859375,0.0,0.0,466.0,0.0,11.0
833281.201,3592.0,-1944.0,1944.0,466.55999755859375,0.0,0.0,466.0,0.0,11.0
833292.205,3592.0,-1944.0,1944.0,466.55999755859375,0.0,0.0,466.0,0.0,11.0
833303.205,3592.0,-1944.0,1944.0,466.55999755859375,0.0,0.0,466.0,0.0,11.0
833314.201,3592.0,-1944.0,1944.0,466.55999755859375,0.0,0.0,466.0,0.0,11.0
833324.202,3592.0,-1944.0,1944.0,466.55999755859375,0.0,0.0,466.0,0.0,11.0
833335.204,3592.0,-1944.0,1944.0,466.55999755859375,0.0,0.0,466.0,0.0,11.0
833346.201,3592.0,-1944.0,1944.0,466.55999755859375,0.0,0.0,466.0,0.0,11.0
833357.204,3592.0,-1944.0,1944.0,466.55999755859375,0.0,0.0,466.0,0.0,11.0
833367.204,3592.0,-1944.0,1944.0,466.55999755859375,0.0,0.0,466.0,0.0,11.0
833377.205,3592.0,-1944.0,1944.0,466.55999755859375,0.0,0.0,466.0,0.0,11.0
833387.335,3592.0,-1944.0,1944.0,466.55999755859375,0.0,0.0,466.0,0.0,11.0
833398.2,3592.0,-1944.0,1944.0,466.55999755859375,0.0,0.0,466.0,0.0,11.0
833409.173,3592.0,-1944.0,1944.0,466.55999755859375,0.0,0.0,466.0,0.0,11.0
833419.173,3592.0,-1944.0,1944.0,466.55999755859375,0.0,0.0,466.0,0.0,11.0
833429.174,3592.0,-1944.0,1944.0,466.55999755859375,0.0,0.0,466.0,0.0,11.0
833439.174,3592.0,-1944.0,1944.0,466.55999755859375,0.0,0.0,466.0,0.0,11.0
833450.204,3592.0,-1944.0,1944.0,466.55999755859375,0.0,0.0,466.0,0.0,11.0
833461.205,3592.0,-1944.0,1944.0,466.55999755859375,0.0,0.0,466.0,0.0,11.0
833472.2,3592.0,-1944.0,1944.0,466.55999755859375,0.0,0.0,466.0,0.0,11.0
833483.204,3592.0,-1944.0,1944.0,466.55999755859375,0.0,0.0,466.0,0.0,11.0
833494.205,3592.0,-1944.0,1944.0,466.55999755859375,0.0,0.0,466.0,0.0,11.0
833505.201,3592.0,-1944.0,1944.0,466.55999755859375,0.0,0.0,466.0,0.0,11.0
833515.202,3592.0,-1944.0,1944.0,466.55999755859375,0.0,0.0,466.0,0.0,11.0
833526.201,3592.0,-1944.0,1944.0,466.55999755859375,0.0,0.0,466.0,0.0,11.0
833536.202,3592.0,-1944.0,1944.0,466.55999755859375,0.0,0.0,466.0,0.0,11.0
833547.173,3592.0,-1944.0,1944.0,466.55999755859375,0.0,0.0,466.0,0.0,11.0
833557.535,3592.0,-1944.0,1944.0,466.55999755859375,0.0,0.0,466.0,0.0,11.0
833568.201,3592.0,-1944.0,1944.0,466.55999755859375,0.0,0.0,466.0,0.0,11.0
833579.205,3592.0,-1944.0,1944.0,466.55999755859375,0.0,0.0,466.0,0.0,11.0
833589.322,3592.0,-1944.0,1944.0,466.55999755859375,0.0,0.0,466.0,0.0,11.0
833600.475,3592.0,-1944.0,1944.0,466.55999755859375,0.0,0.0,466.0,0.0,11.0
833610.476,3592.0,-1944.0,1944.0,466.55999755859375,0.0,0.0,466.0,0.0,11.0
833620.476,3592.0,-1944.0,1944.0,466.55999755859375,0.0,0.0,466.0,0.0,11.0
833630.566,3592.0,-1944.0,1944.0,466.55999755859375,0.0,0.0,466.0,0.0,11.0
833640.567,3592.0,-1944.0,1944.0,466.55999755859375,0.0,0.0,466.0,0.0,11.0
833651.205,3592.0,-1944.0,1944.0,466.55999755859375,0.0,0.0,466.0,0.0,11.0
833661.206,3592.0,-1944.0,1944.0,466.55999755859375,0.0,0.0,466.0,0.0,11.0
833672.248,3592.0,-1944.0,1944.0,466.55999755859375,0.0,0.0,466.0,0.0,11.0
833683.205,3592.0,-1944.0,1944.0,466.55999755859375,0.0,0.0,466.0,0.0,11.0
833694.205,3592.0,-1944.0,1944.0,466.55999755859375,0.0,0.0,466.0,0.0,11.0
833704.206,3592.0,-1944.0,1944.0,466.55999755859375,0.0,0.0,466.0,0.0,11.0
833714.207,3592.0,-1944.0,1944.0,466.55999755859375,0.0,0.0,466.0,0.0,11.0
833724.207,3592.0,-1944.0,1944.0,466.55999755859375,0.0,0.0,466.0,0.0,11.0
833735.173,3592.0,-1944.0,1944.0,466.55999755859375,0.0,0.0,466.0,0.0,11.0
833745.173,3592.0,-1944.0,1944.0,466.55999755859375,0.0,0.0,466.0,0.0,11.0
833755.173,3592.0,-1944.0,1944.0,466.55999755859375,0.0,0.0,466.0,0.0,11.0
833765.173,3592.0,-1944.0,1944.0,466.55999755859375,0.0,0.0,466.0,0.0,11.0
833776.205,3592.0,-1944.0,1944.0,466.55999755859375,0.0,0.0,466.0,0.0,11.0
833786.205,3592.0,-1944.0,1944.0,466.55999755859375,0.0,0.0,466.0,0.0,11.0
833796.252,3592.0,-1944.0,1944.0,466.55999755859375,0.0,0.0,466.0,0.0,11.0
833807.205,3592.0,-1944.0,1944.0,466.55999755859375,0.0,0.0,466.0,0.0,11.0
833818.205,3592.0,-1944.0,1944.0,466.55999755859375,0.0,0.0,466.0,0.0,11.0
833829.201,3592.0,-1944.0,1944.0,466.55999755859375,0.0,0.0,466.0,0.0,11.0
833839.201,3592.0,-1944.0,1944.0,466.55999755859375,0.0,0.0,466.0,0.0,11.0
833849.202,3592.0,-1944.0,1944.0,466.55999755859375,0.0,0.0,466.0,0.0,11.0
833860.208,3592.0,-1944.0,1944.0,466.55999755859375,0.0,0.0,466.0,0.0,11.0
833870.731,3592.0,-1944.0,1944.0,466.55999755859375,0.0,0.0,466.0,0.0,11.0
833880.732,3592.0,-1944.0,1944.0,466.55999755859375,0.0,0.0,466.0,0.0,11.0
833890.733,3592.0,-1944.0,1944.0,466.55999755859375,0.0,0.0,466.0,0.0,11.0
833900.734,3592.0,-1944.0,1944.0,466.55999755859375,0.0,0.0,466.0,0.0,11.0
833911.205,3592.0,-1944.0,1944.0,466.55999755859375,0.0,0.0,466.0,0.0,11.0
833921.205,3592.0,-1944.0,1944.0,466.55999755859375,0.0,0.0,466.0,0.0,11.0
833932.201,3592.0,-1944.0,1944.0,466.55999755859375,0.0,0.0,466.0,0.0,11.0
833942.202,3592.0,-1944.0,1944.0,466.55999755859375,0.0,0.0,466.0,0.0,11.0
833952.202,3592.0,-1944.0,1944.0,466.55999755859375,0.0,0.0,466.0,0.0,11.0
833963.205,3592.0,-1944.0,1944.0,466.55999755859375,0.0,0.0,466.0,0.0,11.0
833973.205,3592.0,-1944.0,1944.0,466.55999755859375,0.0,0.0,466.0,0.0,11.0
833983.206,3592.0,-1944.0,1944.0,466.55999755859375,0.0,0.0,466.0,0.0,11.0
833993.207,3592.0,-1944.0,1944.0,466.55999755859375,0.0,0.0,466.0,0.0,11.0
834004.204,3592.0,-1944.0,1944.0,466.55999755859375,0.0,0.0,466.0,0.0,11.0
834015.201,3592.0,-1944.0,1944.0,466.55999755859375,0.0,0.0,466.0,0.0,11.0
834025.201,3592.0,-1944.0,1944.0,466.55999755859375,0.0,0.0,466.0,0.0,11.0
834035.201,3592.0,-1944.0,1944.0,466.55999755859375,0.0,0.0,466.0,0.0,11.0
834046.204,3592.0,-1944.0,1944.0,466.55999755859375,0.0,0.0,466.0,0.0,11.0
834057.205,3592.0,-1944.0,1944.0,466.55999755859375,0.0,0.0,466.0,0.0,11.0
834068.201,3592.0,-1944.0,1944.0,466.55999755859375,0.0,0.0,466.0,0.0,11.0
834078.202,3592.0,-1944.0,1944.0,466.55999755859375,0.0,0.0,466.0,0.0,11.0
834089.204,3592.0,-1944.0,1944.0,466.55999755859375,0.0,0.0,466.0,0.0,11.0
834100.213,3592.0,-1944.0,1944.0,466.55999755859375,0.0,0.0,466.0,0.0,11.0
834111.205,3592.0,-1944.0,1944.0,466.55999755859375,0.0,0.0,466.0,0.0,11.0
834121.205,3592.0,-1944.0,1944.0,466.55999755859375,0.0,0.0,466.0,0.0,11.0
834131.207,3592.0,-1944.0,1944.0,466.55999755859375,0.0,0.0,466.0,0.0,11.0
834141.208,3592.0,-1944.0,1944.0,466.55999755859375,0.0,0.0,466.0,0.0,11.0
834151.208,3592.0,-1944.0,1944.0,466.55999755859375,0.0,0.0,466.0,0.0,11.0
834161.209,3592.0,-1944.0,1944.0,466.55999755859375,0.0,0.0,466.0,0.0,11.0
834172.204,3592.0,-1944.0,1944.0,466.55999755859375,0.0,0.0,466.0,0.0,11.0
834183.201,3592.0,-1944.0,1944.0,466.55999755859375,0.0,0.0,466.0,0.0,11.0
834194.205,3592.0,-1944.0,1944.0,466.55999755859375,0.0,0.0,466.0,0.0,11.0
834204.206,3592.0,-1944.0,1944.0,466.55999755859375,0.0,0.0,466.0,0.0,11.0
834215.205,3592.0,-1944.0,1944.0,466.55999755859375,0.0,0.0,466.0,0.0,11.0
834226.2,3592.0,-1944.0,1944.0,466.55999755859375,0.0,0.0,466.0,0.0,11.0
834236.2,3592.0,-1944.0,1944.0,466.55999755859375,0.0,0.0,466.0,0.0,11.0
834247.201,3592.0,-1944.0,1944.0,466.55999755859375,0.0,0.0,466.0,0.0,11.0
834257.202,3592.0,-1944.0,1944.0,466.55999755859375,0.0,0.0,466.0,0.0,11.0
834267.202,3592.0,-1944.0,1944.0,466.55999755859375,0.0,0.0,466.0,0.0,11.0
834277.554,3592.0,-1944.0,1944.0,466.55999755859375,0.0,0.0,466.0,0.0,11.0
834288.2,3592.0,-1944.0,1944.0,466.55999755859375,0.0,0.0,466.0,0.0,11.0
834298.201,3592.0,-1944.0,1944.0,466.55999755859375,0.0,0.0,466.0,0.0,11.0
834308.201,3592.0,-1944.0,1944.0,466.55999755859375,0.0,0.0,466.0,0.0,11.0
834318.202,3592.0,-1944.0,1944.0,466.55999755859375,0.0,0.0,466.0,0.0,11.0
834329.205,3592.0,-1944.0,1944.0,466.55999755859375,0.0,0.0,466.0,0.0,11.0
834340.201,3592.0,-1944.0,1944.0,466.55999755859375,0.0,0.0,466.0,0.0,11.0
834350.202,3592.0,-1944.0,1944.0,466.55999755859375,0.0,0.0,466.0,0.0,11.0
834361.205,3592.0,-1944.0,1944.0,466.55999755859375,0.0,0.0,466.0,0.0,11.0
834372.201,3592.0,-1944.0,1944.0,466.55999755859375,0.0,0.0,466.0,0.0,11.0
834383.205,3592.0,-1944.0,1944.0,466.55999755859375,0.0,0.0,466.0,0.0,11.0
834394.201,3592.0,-1944.0,1944.0,466.55999755859375,0.0,0.0,466.0,0.0,11.0
834404.202,3592.0,-1944.0,1944.0,466.55999755859375,0.0,0.0,466.0,0.0,11.0
834414.203,3592.0,-1944.0,1944.0,466.55999755859375,0.0,0.0,466.0,0.0,11.0
834424.203,3592.0,-1944.0,1944.0,466.55999755859375,0.0,0.0,466.0,0.0,11.0
834434.203,3592.0,-1944.0,1944.0,466.55999755859375,0.0,0.0,466.0,0.0,11.0
834445.208,3592.0,-1944.0,1944.0,466.55999755859375,0.0,0.0,466.0,0.0,11.0
834456.204,3592.0,-1944.0,1944.0,466.55999755859375,0.0,0.0,466.0,0.0,11.0
834466.205,3592.0,-1944.0,1944.0,466.55999755859375,0.0,0.0,466.0,0.0,11.0
834477.2,3592.0,-1944.0,1944.0,466.55999755859375,0.0,0.0,466.0,0.0,11.0
834487.201,3592.0,-1944.0,1944.0,466.55999755859375,0.0,0.0,466.0,0.0,11.0
834497.202,3592.0,-1944.0,1944.0,466.55999755859375,0.0,0.0,466.0,0.0,11.0
834508.201,3592.0,-1944.0,1944.0,466.55999755859375,0.0,0.0,466.0,0.0,11.0
834519.205,3592.0,-1944.0,1944.0,466.55999755859375,0.0,0.0,466.0,0.0,11.0
834529.206,3592.0,-1944.0,1944.0,466.55999755859375,0.0,0.0,466.0,0.0,11.0
834539.207,3592.0,-1944.0,1944.0,466.55999755859375,0.0,0.0,466.0,0.0,11.0
834550.205,3592.0,-1944.0,1944.0,466.55999755859375,0.0,0.0,466.0,0.0,11.0
834561.201,3592.0,-1944.0,1944.0,466.55999755859375,0.0,0.0,466.0,0.0,11.0
834572.205,3592.0,-1944.0,1944.0,466.55999755859375,0.0,0.0,466.0,0.0,11.0
834583.2,3592.0,-1944.0,1944.0,466.55999755859375,0.0,0.0,466.0,0.0,11.0
834594.209,3592.0,-1944.0,1944.0,466.55999755859375,0.0,0.0,466.0,0.0,11.0
834605.2,3592.0,-1944.0,1944.0,466.55999755859375,0.0,0.0,466.0,0.0,11.0
834615.201,3592.0,-1944.0,1944.0,466.55999755859375,0.0,0.0,466.0,0.0,11.0
834626.204,3592.0,-1944.0,1944.0,466.55999755859375,0.0,0.0,466.0,0.0,11.0
834636.205,3592.0,-1944.0,1944.0,466.55999755859375,0.0,0.0,466.0,0.0,11.0
834646.205,3592.0,-1944.0,1944.0,466.55999755859375,0.0,0.0,466.0,0.0,11.0
834657.157,3592.0,-1944.0,1944.0,466.55999755859375,0.0,0.0,466.0,0.0,11.0
834668.204,3592.0,-1944.0,1944.0,466.55999755859375,0.0,0.0,466.0,0.0,11.0
834679.201,3592.0,-1944.0,1944.0,466.55999755859375,0.0,0.0,466.0,0.0,11.0
834689.202,3592.0,-1944.0,1944.0,466.55999755859375,0.0,0.0,466.0,0.0,11.0
834700.205,3592.0,-1944.0,1944.0,466.55999755859375,0.0,0.0,466.0,0.0,11.0
834711.201,3592.0,-1944.0,1944.0,466.55999755859375,0.0,0.0,466.0,0.0,11.0
834721.201,3592.0,-1944.0,1944.0,466.55999755859375,0.0,0.0,466.0,0.0,11.0
834732.215,3592.0,-1944.0,1944.0,466.55999755859375,0.0,0.0,466.0,0.0,11.0
834742.216,3592.0,-1944.0,1944.0,466.55999755859375,0.0,0.0,466.0,0.0,11.0
834752.216,3592.0,-1944.0,1944.0,466.55999755859375,0.0,0.0,466.0,0.0,11.0
834762.217,3592.0,-1944.0,1944.0,466.55999755859375,0.0,0.0,466.0,0.0,11.0
834773.2,3592.0,-1944.0,1944.0,466.55999755859375,0.0,0.0,466.0,0.0,11.0
834783.98,3592.0,-1944.0,1944.0,466.55999755859375,0.0,0.0,466.0,0.0,11.0
834793.981,3592.0,-1944.0,1944.0,466.55999755859375,0.0,0.0,466.0,0.0,11.0
834804.422,3592.0,-1944.0,1944.0,466.55999755859375,0.0,0.0,466.0,0.0,11.0
834814.422,3592.0,-1944.0,1944.0,466.55999755859375,0.0,0.0,466.0,0.0,11.0
834825.205,3592.0,-1944.0,1944.0,466.55999755859375,0.0,0.0,466.0,0.0,11.0
834835.206,3592.0,-1944.0,1944.0,466.55999755859375,0.0,0.0,466.0,0.0,11.0
834845.206,3592.0,-1944.0,1944.0,466.55999755859375,0.0,0.0,466.0,0.0,11.0
834855.207,3592.0,-1944.0,1944.0,466.55999755859375,0.0,0.0,466.0,0.0,11.0
834865.208,3592.0,-1944.0,1944.0,466.55999755859375,0.0,0.0,466.0,0.0,11.0
834876.201,3592.0,-1944.0,1944.0,466.55999755859375,0.0,0.0,466.0,0.0,11.0
834886.201,3592.0,-1944.0,1944.0,466.55999755859375,0.0,0.0,466.0,0.0,11.0
834897.201,3592.0,-1944.0,1944.0,466.55999755859375,0.0,0.0,466.0,0.0,11.0
834907.202,3592.0,-1944.0,1944.0,466.55999755859375,0.0,0.0,466.0,0.0,11.0
834918.2,3592.0,-1944.0,1944.0,466.55999755859375,0.0,0.0,466.0,0.0,11.0
834929.205,3592.0,-1944.0,1944.0,466.55999755859375,0.0,0.0,466.0,0.0,11.0
834939.206,3592.0,-1944.0,1944.0,466.55999755859375,0.0,0.0,466.0,0.0,11.0
834949.206,3592.0,-1944.0,1944.0,466.55999755859375,0.0,0.0,466.0,0.0,11.0
834960.2,3592.0,-1944.0,1944.0,466.55999755859375,0.0,0.0,466.0,0.0,11.0
834971.205,3592.0,-1944.0,1944.0,466.55999755859375,0.0,0.0,466.0,0.0,11.0
834982.201,3592.0,-1944.0,1944.0,466.55999755859375,0.0,0.0,466.0,0.0,11.0
834992.202,3592.0,-1944.0,1944.0,466.55999755859375,0.0,0.0,466.0,0.0,11.0
835002.203,3592.0,-1944.0,1944.0,466.55999755859375,0.0,0.0,466.0,0.0,11.0
835012.204,3592.0,-1944.0,1944.0,466.55999755859375,0.0,0.0,466.0,0.0,11.0
835022.205,3592.0,-1944.0,1944.0,466.55999755859375,0.0,0.0,466.0,0.0,11.0
835033.204,3592.0,-1944.0,1944.0,466.55999755859375,0.0,0.0,466.0,0.0,11.0
835044.201,3592.0,-1944.0,1944.0,466.55999755859375,0.0,0.0,466.0,0.0,11.0
835054.201,3592.0,-1944.0,1944.0,466.55999755859375,0.0,0.0,466.0,0.0,11.0
835065.201,3592.0,-1944.0,1944.0,466.55999755859375,0.0,0.0,466.0,0.0,11.0
835076.205,3592.0,-1944.0,1944.0,466.55999755859375,0.0,0.0,466.0,0.0,11.0
835086.205,3592.0,-1944.0,1944.0,466.55999755859375,0.0,0.0,466.0,0.0,11.0
835096.599,3592.0,-1944.0,1944.0,466.55999755859375,0.0,0.0,466.0,0.0,11.0
835106.6,3592.0,-1944.0,1944.0,466.55999755859375,0.0,0.0,466.0,0.0,11.0
835116.601,3592.0,-1944.0,1944.0,466.55999755859375,0.0,0.0,466.0,0.0,11.0
835127.201,3592.0,-1944.0,1944.0,466.55999755859375,0.0,0.0,466.0,0.0,11.0
835137.201,3592.0,-1944.0,1944.0,466.55999755859375,0.0,0.0,466.0,0.0,11.0
835148.201,3592.0,-1944.0,1944.0,466.55999755859375,0.0,0.0,466.0,0.0,11.0
835159.204,3592.0,-1944.0,1944.0,466.55999755859375,0.0,0.0,466.0,0.0,11.0
835169.205,3592.0,-1944.0,1944.0,466.55999755859375,0.0,0.0,466.0,0.0,11.0
835180.2,3592.0,-1944.0,1944.0,466.55999755859375,0.0,0.0,466.0,0.0,11.0
835191.205,3592.0,-1944.0,1944.0,466.55999755859375,0.0,0.0,466.0,0.0,11.0
835201.205,3592.0,-1944.0,1944.0,466.55999755859375,0.0,0.0,466.0,0.0,11.0
835211.206,3592.0,-1944.0,1944.0,466.55999755859375,0.0,0.0,466.0,0.0,11.0
835221.206,3592.0,-1944.0,1944.0,466.55999755859375,0.0,0.0,466.0,0.0,11.0
835231.206,3592.0,-1944.0,1944.0,466.55999755859375,0.0,0.0,466.0,0.0,11.0
835241.207,3592.0,-1944.0,1944.0,466.55999755859375,0.0,0.0,466.0,0.0,11.0
835252.201,3592.0,-1944.0,1944.0,466.55999755859375,0.0,0.0,466.0,0.0,11.0
835263.205,3592.0,-1944.0,1944.0,466.55999755859375,0.0,0.0,466.0,0.0,11.0
835274.204,3592.0,-1944.0,1944.0,466.55999755859375,0.0,0.0,466.0,0.0,11.0
835285.202,3592.0,-1944.0,1944.0,466.55999755859375,0.0,0.0,466.0,0.0,11.0
835295.203,3592.0,-1944.0,1944.0,466.55999755859375,0.0,0.0,466.0,0.0,11.0
835306.2,3592.0,-1944.0,1944.0,466.55999755859375,0.0,0.0,466.0,0.0,11.0
835316.201,3592.0,-1944.0,1944.0,466.55999755859375,0.0,0.0,466.0,0.0,11.0
835327.201,3592.0,-1944.0,1944.0,466.55999755859375,0.0,0.0,466.0,0.0,11.0
835337.202,3592.0,-1944.0,1944.0,466.55999755859375,0.0,0.0,466.0,0.0,11.0
835348.205,3592.0,-1944.0,1944.0,466.55999755859375,0.0,0.0,466.0,0.0,11.0
835358.21,3592.0,-1944.0,1944.0,466.55999755859375,0.0,0.0,466.0,0.0,11.0
835368.211,3592.0,-1944.0,1944.0,466.55999755859375,0.0,0.0,466.0,0.0,11.0
835379.205,3592.0,-1944.0,1944.0,466.55999755859375,0.0,0.0,466.0,0.0,11.0
835389.847,3592.0,-1944.0,1944.0,466.55999755859375,0.0,0.0,466.0,0.0,11.0
835400.205,3592.0,-1944.0,1944.0,466.55999755859375,0.0,0.0,466.0,0.0,11.0
835410.205,3592.0,-1944.0,1944.0,466.55999755859375,0.0,0.0,466.0,0.0,11.0
835421.201,3592.0,-1944.0,1944.0,466.55999755859375,0.0,0.0,466.0,0.0,11.0
835432.205,3592.0,-1944.0,1944.0,466.55999755859375,0.0,0.0,466.0,0.0,11.0
835442.205,3592.0,-1944.0,1944.0,466.55999755859375,0.0,0.0,466.0,0.0,11.0
835452.206,3592.0,-1944.0,1944.0,466.55999755859375,0.0,0.0,466.0,0.0,11.0
835462.206,3592.0,-1944.0,1944.0,466.55999755859375,0.0,0.0,466.0,0.0,11.0
835473.204,3592.0,-1944.0,1944.0,466.55999755859375,0.0,0.0,466.0,0.0,11.0
835483.205,3592.0,-1944.0,1944.0,466.55999755859375,0.0,0.0,466.0,0.0,11.0
835493.205,3592.0,-1944.0,1944.0,466.55999755859375,0.0,0.0,466.0,0.0,11.0
835504.204,3592.0,-1944.0,1944.0,466.55999755859375,0.0,0.0,466.0,0.0,11.0
835514.204,3592.0,-1944.0,1944.0,466.55999755859375,0.0,0.0,466.0,0.0,11.0
835525.205,3592.0,-1944.0,1944.0,466.55999755859375,0.0,0.0,466.0,0.0,11.0
835535.205,3592.0,-1944.0,1944.0,466.55999755859375,0.0,0.0,466.0,0.0,11.0
835545.779,3592.0,-1944.0,1944.0,466.55999755859375,0.0,0.0,466.0,0.0,11.0
835555.779,3592.0,-1944.0,1944.0,466.55999755859375,0.0,0.0,466.0,0.0,11.0
835566.205,3592.0,-1944.0,1944.0,466.55999755859375,0.0,0.0,466.0,0.0,11.0
835577.201,3592.0,-1944.0,1944.0,466.55999755859375,0.0,0.0,466.0,0.0,11.0
835588.206,3592.0,-1944.0,1944.0,466.55999755859375,0.0,0.0,466.0,0.0,11.0
835598.206,3592.0,-1944.0,1944.0,466.55999755859375,0.0,0.0,466.0,0.0,11.0
835609.2,3592.0,-1944.0,1944.0,466.55999755859375,0.0,0.0,466.0,0.0,11.0
835620.205,3592.0,-1944.0,1944.0,466.55999755859375,0.0,0.0,466.0,0.0,11.0
835631.205,3592.0,-1944.0,1944.0,466.55999755859375,0.0,0.0,466.0,0.0,11.0
835642.201,3592.0,-1944.0,1944.0,466.55999755859375,0.0,0.0,466.0,0.0,11.0
835653.205,3592.0,-1944.0,1944.0,466.55999755859375,0.0,0.0,466.0,0.0,11.0
835664.2,3592.0,-1944.0,1944.0,466.55999755859375,0.0,0.0,466.0,0.0,11.0
835675.205,3592.0,-1944.0,1944.0,466.55999755859375,0.0,0.0,466.0,0.0,11.0
835685.206,3592.0,-1944.0,1944.0,466.55999755859375,0.0,0.0,466.0,0.0,11.0
835696.205,3592.0,-1944.0,1944.0,466.55999755859375,0.0,0.0,466.0,0.0,11.0
835707.201,3592.0,-1944.0,1944.0,466.55999755859375,0.0,0.0,466.0,0.0,11.0
835718.205,3592.0,-1944.0,1944.0,466.55999755859375,0.0,0.0,466.0,0.0,11.0
835729.204,3592.0,-1944.0,1944.0,466.55999755859375,0.0,0.0,466.0,0.0,11.0
835740.2,3592.0,-1944.0,1944.0,466.55999755859375,0.0,0.0,466.0,0.0,11.0
835751.204,3592.0,-1944.0,1944.0,466.55999755859375,0.0,0.0,466.0,0.0,11.0
835761.204,3592.0,-1944.0,1944.0,466.55999755859375,0.0,0.0,466.0,0.0,11.0
835772.205,3592.0,-1944.0,1944.0,466.55999755859375,0.0,0.0,466.0,0.0,11.0
835782.252,3592.0,-1944.0,1944.0,466.55999755859375,0.0,0.0,466.0,0.0,11.0
835793.2,3592.0,-1944.0,1944.0,466.55999755859375,0.0,0.0,466.0,0.0,11.0
835803.201,3592.0,-1944.0,1944.0,466.55999755859375,0.0,0.0,466.0,0.0,11.0
835814.2,3592.0,-1944.0,1944.0,466.55999755859375,0.0,0.0,466.0,0.0,11.0
835824.201,3592.0,-1944.0,1944.0,466.55999755859375,0.0,0.0,466.0,0.0,11.0
835835.201,3592.0,-1944.0,1944.0,466.55999755859375,0.0,0.0,466.0,0.0,11.0
835845.201,3592.0,-1944.0,1944.0,466.55999755859375,0.0,0.0,466.0,0.0,11.0
835856.201,3592.0,-1944.0,1944.0,466.55999755859375,0.0,0.0,466.0,0.0,11.0
835866.201,3592.0,-1944.0,1944.0,466.55999755859375,0.0,0.0,466.0,0.0,11.0
835876.202,3592.0,-1944.0,1944.0,466.55999755859375,0.0,0.0,466.0,0.0,11.0
835886.202,3592.0,-1944.0,1944.0,466.55999755859375,0.0,0.0,466.0,0.0,11.0
835897.205,3592.0,-1944.0,1944.0,466.55999755859375,0.0,0.0,466.0,0.0,11.0
835908.201,3592.0,-1944.0,1944.0,466.55999755859375,0.0,0.0,466.0,0.0,11.0
835919.384,3592.0,-1944.0,1944.0,466.55999755859375,0.0,0.0,466.0,0.0,11.0
835930.203,3592.0,-1944.0,1944.0,466.55999755859375,0.0,0.0,466.0,0.0,11.0
835941.205,3592.0,-1944.0,1944.0,466.55999755859375,0.0,0.0,466.0,0.0,11.0
835952.063,3592.0,-1944.0,1944.0,466.55999755859375,0.0,0.0,466.0,0.0,11.0
835962.064,3592.0,-1944.0,1944.0,466.55999755859375,0.0,0.0,466.0,0.0,11.0
835972.201,3592.0,-1944.0,1944.0,466.55999755859375,0.0,0.0,466.0,0.0,11.0
835983.201,3592.0,-1944.0,1944.0,466.55999755859375,0.0,0.0,466.0,0.0,11.0
835994.205,3592.0,-1944.0,1944.0,466.55999755859375,0.0,0.0,466.0,0.0,11.0
836004.205,3592.0,-1944.0,1944.0,466.55999755859375,0.0,0.0,466.0,0.0,11.0
836015.201,3592.0,-1944.0,1944.0,466.55999755859375,0.0,0.0,466.0,0.0,11.0
836026.205,3592.0,-1944.0,1944.0,466.55999755859375,0.0,0.0,466.0,0.0,11.0
836037.201,3592.0,-1944.0,1944.0,466.55999755859375,0.0,0.0,466.0,0.0,11.0
836047.202,3592.0,-1944.0,1944.0,466.55999755859375,0.0,0.0,466.0,0.0,11.0
836057.202,3592.0,-1944.0,1944.0,466.55999755859375,0.0,0.0,466.0,0.0,11.0
836068.205,3592.0,-1944.0,1944.0,466.55999755859375,0.0,0.0,466.0,0.0,11.0
836078.378,3592.0,-1944.0,1944.0,466.55999755859375,0.0,0.0,466.0,0.0,11.0
836088.378,3592.0,-1944.0,1944.0,466.55999755859375,0.0,0.0,466.0,0.0,11.0
836098.379,3592.0,-1944.0,1944.0,466.55999755859375,0.0,0.0,466.0,0.0,11.0
836108.68,3592.0,-1944.0,1944.0,466.55999755859375,0.0,0.0,466.0,0.0,11.0
836118.681,3592.0,-1944.0,1944.0,466.55999755859375,0.0,0.0,466.0,0.0,11.0
836129.205,3592.0,-1944.0,1944.0,466.55999755859375,0.0,0.0,466.0,0.0,11.0
836140.201,3592.0,-1944.0,1944.0,466.55999755859375,0.0,0.0,466.0,0.0,11.0
836150.202,3592.0,-1944.0,1944.0,466.55999755859375,0.0,0.0,466.0,0.0,11.0
836160.203,3592.0,-1944.0,1944.0,466.55999755859375,0.0,0.0,466.0,0.0,11.0
836171.201,3592.0,-1944.0,1944.0,466.55999755859375,0.0,0.0,466.0,0.0,11.0
836182.204,3592.0,-1944.0,1944.0,466.55999755859375,0.0,0.0,466.0,0.0,11.0
836193.201,3592.0,-1944.0,1944.0,466.55999755859375,0.0,0.0,466.0,0.0,11.0
836204.205,3592.0,-1944.0,1944.0,466.55999755859375,0.0,0.0,466.0,0.0,11.0
836216.172,3592.0,-1944.0,1944.0,466.55999755859375,0.0,0.0,466.0,0.0,11.0
836226.172,3592.0,-1944.0,1944.0,466.55999755859375,0.0,0.0,466.0,0.0,11.0
836237.204,3592.0,-1944.0,1944.0,466.55999755859375,0.0,0.0,466.0,0.0,11.0
836248.201,3592.0,-1944.0,1944.0,466.55999755859375,0.0,0.0,466.0,0.0,11.0
836258.201,3592.0,-1944.0,1944.0,466.55999755859375,0.0,0.0,466.0,0.0,11.0
836268.202,3592.0,-1944.0,1944.0,466.55999755859375,0.0,0.0,466.0,0.0,11.0
836279.205,3592.0,-1944.0,1944.0,466.55999755859375,0.0,0.0,466.0,0.0,11.0
836289.206,3592.0,-1944.0,1944.0,466.55999755859375,0.0,0.0,466.0,0.0,11.0
836299.207,3592.0,-1944.0,1944.0,466.55999755859375,0.0,0.0,466.0,0.0,11.0
836310.205,3592.0,-1944.0,1944.0,466.55999755859375,0.0,0.0,466.0,0.0,11.0
836320.205,3592.0,-1944.0,1944.0,466.55999755859375,0.0,0.0,466.0,0.0,11.0
836331.205,3592.0,-1944.0,1944.0,466.55999755859375,0.0,0.0,466.0,0.0,11.0
836342.06,3592.0,-1944.0,1944.0,466.55999755859375,0.0,0.0,466.0,0.0,11.0
836352.06,3592.0,-1944.0,1944.0,466.55999755859375,0.0,0.0,466.0,0.0,11.0
836362.061,3592.0,-1944.0,1944.0,466.55999755859375,0.0,0.0,466.0,0.0,11.0
836372.2,3592.0,-1944.0,1944.0,466.55999755859375,0.0,0.0,466.0,0.0,11.0
836382.201,3592.0,-1944.0,1944.0,466.55999755859375,0.0,0.0,466.0,0.0,11.0
836393.173,3592.0,-1944.0,1944.0,466.55999755859375,0.0,0.0,466.0,0.0,11.0
836404.204,3592.0,-1944.0,1944.0,466.55999755859375,0.0,0.0,466.0,0.0,11.0
836415.205,3592.0,-1944.0,1944.0,466.55999755859375,0.0,0.0,466.0,0.0,11.0
836425.206,3592.0,-1944.0,1944.0,466.55999755859375,0.0,0.0,466.0,0.0,11.0
836436.208,3592.0,-1944.0,1944.0,466.55999755859375,0.0,0.0,466.0,0.0,11.0
836446.209,3592.0,-1944.0,1944.0,466.55999755859375,0.0,0.0,466.0,0.0,11.0
836457.205,3592.0,-1944.0,1944.0,466.55999755859375,0.0,0.0,466.0,0.0,11.0
836467.205,3592.0,-1944.0,1944.0,466.55999755859375,0.0,0.0,466.0,0.0,11.0
836478.205,3592.0,-1944.0,1944.0,466.55999755859375,0.0,0.0,466.0,0.0,11.0
836489.201,3592.0,-1944.0,1944.0,466.55999755859375,0.0,0.0,466.0,0.0,11.0
836499.202,3592.0,-1944.0,1944.0,466.55999755859375,0.0,0.0,466.0,0.0,11.0
836510.205,3592.0,-1944.0,1944.0,466.55999755859375,0.0,0.0,466.0,0.0,11.0
836520.205,3592.0,-1944.0,1944.0,466.55999755859375,0.0,0.0,466.0,0.0,11.0
836531.205,3592.0,-1944.0,1944.0,466.55999755859375,0.0,0.0,466.0,0.0,11.0
836542.205,3592.0,-1944.0,1944.0,466.55999755859375,0.0,0.0,466.0,0.0,11.0
836553.201,3592.0,-1944.0,1944.0,466.55999755859375,0.0,0.0,466.0,0.0,11.0
836563.746,3592.0,-1944.0,1944.0,466.55999755859375,0.0,0.0,466.0,0.0,11.0
836573.747,3592.0,-1944.0,1944.0,466.55999755859375,0.0,0.0,466.0,0.0,11.0
836584.205,3592.0,-1944.0,1944.0,466.55999755859375,0.0,0.0,466.0,0.0,11.0
836594.551,3592.0,-1944.0,1944.0,466.55999755859375,0.0,0.0,466.0,0.0,11.0
836605.205,3592.0,-1944.0,1944.0,466.55999755859375,0.0,0.0,466.0,0.0,11.0
836615.772,3592.0,-1944.0,1944.0,466.55999755859375,0.0,0.0,466.0,0.0,11.0
836625.773,3592.0,-1944.0,1944.0,466.55999755859375,0.0,0.0,466.0,0.0,11.0
836635.773,3592.0,-1944.0,1944.0,466.55999755859375,0.0,0.0,466.0,0.0,11.0
836646.201,3592.0,-1944.0,1944.0,466.55999755859375,0.0,0.0,466.0,0.0,11.0
836657.205,3592.0,-1944.0,1944.0,466.55999755859375,0.0,0.0,466.0,0.0,11.0
836668.205,3592.0,-1944.0,1944.0,466.55999755859375,0.0,0.0,466.0,0.0,11.0
836678.205,3592.0,-1944.0,1944.0,466.55999755859375,0.0,0.0,466.0,0.0,11.0
836689.205,3592.0,-1944.0,1944.0,466.55999755859375,0.0,0.0,466.0,0.0,11.0
836700.201,3592.0,-1944.0,1944.0,466.55999755859375,0.0,0.0,466.0,0.0,11.0
836711.205,3592.0,-1944.0,1944.0,466.55999755859375,0.0,0.0,466.0,0.0,11.0
836722.205,3592.0,-1944.0,1944.0,466.55999755859375,0.0,0.0,466.0,0.0,11.0
836732.206,3592.0,-1944.0,1944.0,466.55999755859375,0.0,0.0,466.0,0.0,11.0
836743.205,3592.0,-1944.0,1944.0,466.55999755859375,0.0,0.0,466.0,0.0,11.0
836753.206,3592.0,-1944.0,1944.0,466.55999755859375,0.0,0.0,466.0,0.0,11.0
836764.2,0.0,0.0,0.0,0.0,0.0,0.0,0.0,0.0,-1.0
836774.201,0.0,0.0,0.0,0.0,0.0,0.0,0.0,0.0,0.0
836785.205,0.0,0.0,0.0,0.0,0.0,0.0,0.0,0.0,0.0
836796.205,0.0,0.0,0.0,0.0,0.0,0.0,0.0,0.0,1.0
836806.206,0.0,0.0,0.0,0.0,0.0,0.0,0.0,0.0,1.0
836816.207,0.0,0.0,0.0,0.0,0.0,0.0,0.0,0.0,1.0
836827.2,0.0,1.0,-1.0,-0.23999999463558197,-0.0010000000474974513,0.0,0.0,0.0,0.0
836837.2,0.0,0.0,0.0,0.0,-0.0010000000474974513,0.0,0.0,0.0,0.0
836847.2,0.0,0.0,0.0,0.0,-0.0010000000474974513,0.0,0.0,0.0,0.0
836857.2,0.0,0.0,0.0,0.0,-0.0010000000474974513,0.0,0.0,0.0,0.0
836868.201,0.0,0.0,0.0,0.0,-0.0010000000474974513,0.0,0.0,0.0,0.0
836879.204,0.0,0.0,0.0,0.0,-0.0010000000474974513,0.0,0.0,0.0,-1.0
836890.201,0.0,0.0,0.0,0.0,-0.0010000000474974513,0.0,0.0,0.0,-1.0
836901.205,0.0,1.0,-1.0,-0.23999999463558197,-0.0020000000949949026,0.0,0.0,0.0,0.0
836911.206,0.0,1.0,-1.0,-0.23999999463558197,-0.003000000026077032,0.0,0.0,0.0,1.0
836922.2,0.0,0.0,0.0,0.0,-0.003000000026077032,0.0,0.0,0.0,1.0
836932.2,0.0,0.0,0.0,0.0,-0.003000000026077032,0.0,0.0,0.0,1.0
836943.2,0.0,0.0,0.0,0.0,-0.003000000026077032,0.0,0.0,0.0,-1.0
836954.204,0.0,0.0,0.0,0.0,-0.003000000026077032,0.0,0.0,0.0,0.0
836964.204,0.0,0.0,0.0,0.0,-0.003000000026077032,0.0,0.0,0.0,0.0
836974.205,0.0,0.0,0.0,0.0,-0.003000000026077032,0.0,0.0,0.0,0.0
836985.209,0.0,0.0,0.0,0.0,-0.003000000026077032,0.0,0.0,0.0,1.0
836995.21,0.0,0.0,0.0,0.0,-0.003000000026077032,0.0,0.0,0.0,0.0
837006.205,0.0,0.0,0.0,0.0,-0.003000000026077032,0.0,0.0,0.0,0.0
837016.205,0.0,1.0,-1.0,-0.23999999463558197,-0.004000000189989805,0.0,0.0,0.0,1.0
837026.205,0.0,0.0,0.0,0.0,-0.004000000189989805,0.0,0.0,0.0,1.0
837037.201,0.0,0.0,0.0,0.0,-0.004000000189989805,0.0,0.0,0.0,1.0
837048.222,0.0,1.0,-1.0,-0.23999999463558197,-0.004999999888241291,0.0,0.0,0.0,0.0
837058.223,0.0,1.0,-1.0,-0.23999999463558197,-0.005999999586492777,0.0,0.0,0.0,-1.0
837069.1,0.0,0.0,0.0,0.0,-0.005999999586492777,0.0,0.0,0.0,0.0
837079.101,0.0,0.0,0.0,0.0,-0.005999999586492777,0.0,0.0,0.0,0.0
837090.1,0.0,1.0,-1.0,-0.23999999463558197,-0.006999999284744263,0.0,0.0,0.0,0.0
837101.212,0.0,1.0,-1.0,-0.23999999463558197,-0.007999999448657036,0.0,0.0,0.0,0.0
837112.204,0.0,0.0,0.0,0.0,-0.007999999448657036,0.0,0.0,0.0,1.0
837123.205,0.0,0.0,0.0,0.0,-0.007999999448657036,0.0,0.0,0.0,1.0
837133.206,0.0,0.0,0.0,0.0,-0.007999999448657036,0.0,0.0,0.0,-1.0
837144.205,0.0,1.0,-1.0,-0.23999999463558197,-0.008999998681247234,0.0,0.0,0.0,0.0
837155.205,0.0,0.0,0.0,0.0,-0.008999998681247234,0.0,0.0,0.0,-1.0
837165.206,0.0,0.0,0.0,0.0,-0.008999998681247234,0.0,0.0,0.0,0.0
837176.205,0.0,1.0,-1.0,-0.23999999463558197,-0.009999998845160007,0.0,0.0,0.0,-1.0
837186.422,0.0,0.0,0.0,0.0,-0.009999998845160007,0.0,0.0,0.0,0.0
837197.201,0.0,1.0,-1.0,-0.23999999463558197,-0.01099999900907278,0.0,0.0,0.0,0.0
837207.202,0.0,1.0,-1.0,-0.23999999463558197,-0.011999998241662979,0.0,0.0,0.0,0.0
837217.203,0.0,1.0,-1.0,-0.23999999463558197,-0.012999998405575752,0.0,0.0,0.0,1.0
837227.204,0.0,1.0,-1.0,-0.23999999463558197,-0.013999998569488525,0.0,0.0,0.0,1.0
837237.205,0.0,1.0,-1.0,-0.23999999463558197,-0.014999999664723873,0.0,0.0,0.0,0.0
837248.202,0.0,0.0,0.0,0.0,-0.014999999664723873,0.0,0.0,0.0,1.0
837259.204,0.0,0.0,0.0,0.0,-0.014999999664723873,0.0,0.0,0.0,-2.0
837270.205,0.0,2.0,-2.0,-0.47999998927116394,-0.01599999889731407,0.0,0.0,0.0,0.0
837281.201,0.0,0.0,0.0,0.0,-0.01599999889731407,0.0,0.0,0.0,1.0
837292.205,0.0,0.0,0.0,0.0,-0.01599999889731407,0.0,0.0,0.0,1.0
837303.205,0.0,0.0,0.0,0.0,-0.01599999889731407,0.0,0.0,0.0,0.0
837313.205,0.0,1.0,-1.0,-0.23999999463558197,-0.016999999061226845,0.0,0.0,0.0,0.0
837324.204,0.0,1.0,-1.0,-0.23999999463558197,-0.017999999225139618,0.0,0.0,0.0,0.0
837334.205,0.0,0.0,0.0,0.0,-0.017999999225139618,0.0,0.0,0.0,0.0
837345.422,0.0,0.0,0.0,0.0,-0.017999999225139618,0.0,0.0,0.0,0.0
837356.205,0.0,0.0,0.0,0.0,-0.017999999225139618,0.0,0.0,0.0,0.0
837366.206,0.0,0.0,0.0,0.0,-0.017999999225139618,0.0,0.0,0.0,1.0
837376.206,0.0,-1.0,1.0,0.23999999463558197,-0.016999999061226845,0.0,0.0,0.0,0.0
837386.207,0.0,0.0,0.0,0.0,-0.016999999061226845,0.0,0.0,0.0,0.0
837396.208,0.0,0.0,0.0,0.0,-0.016999999061226845,0.0,0.0,0.0,0.0
837407.205,0.0,0.0,0.0,0.0,-0.016999999061226845,0.0,0.0,0.0,0.0
837417.205,0.0,0.0,0.0,0.0,-0.016999999061226845,0.0,0.0,0.0,-1.0
837427.206,0.0,0.0,0.0,0.0,-0.016999999061226845,0.0,0.0,0.0,0.0
837437.207,0.0,1.0,-1.0,-0.23999999463558197,-0.017999999225139618,0.0,0.0,0.0,1.0
837447.208,0.0,0.0,0.0,0.0,-0.017999999225139618,0.0,0.0,0.0,0.0
837458.205,0.0,0.0,0.0,0.0,-0.017999999225139618,0.0,0.0,0.0,-2.0
837469.043,0.0,0.0,0.0,0.0,-0.017999999225139618,0.0,0.0,0.0,-1.0
837479.043,0.0,-1.0,1.0,0.23999999463558197,-0.016999999061226845,0.0,0.0,0.0,2.0
837489.043,0.0,-1.0,1.0,0.23999999463558197,-0.01599999889731407,0.0,0.0,0.0,2.0
837499.2,0.0,0.0,0.0,0.0,-0.01599999889731407,0.0,0.0,0.0,0.0
837510.205,0.0,0.0,0.0,0.0,-0.01599999889731407,0.0,0.0,0.0,0.0
837521.205,0.0,0.0,0.0,0.0,-0.01599999889731407,0.0,0.0,0.0,0.0
837531.206,0.0,0.0,0.0,0.0,-0.01599999889731407,0.0,0.0,0.0,0.0
837541.207,0.0,0.0,0.0,0.0,-0.01599999889731407,0.0,0.0,0.0,0.0
837552.201,0.0,0.0,0.0,0.0,-0.014999997802078724,0.0,0.0,0.0,0.0
837563.205,0.0,-1.0,1.0,0.23999999463558197,-0.01399999763816595,0.0,0.0,0.0,-1.0
837574.205,0.0,1.0,-1.0,-0.23999999463558197,-0.014999997802078724,0.0,0.0,0.0,0.0
837585.2,0.0,0.0,0.0,0.0,-0.014999997802078724,0.0,0.0,0.0,1.0
837595.2,0.0,0.0,0.0,0.0,-0.014999997802078724,0.0,0.0,0.0,1.0
837605.201,0.0,0.0,0.0,0.0,-0.014999997802078724,0.0,0.0,0.0,-1.0
837615.202,0.0,-1.0,1.0,0.23999999463558197,-0.01399999763816595,0.0,0.0,0.0,0.0
837625.326,0.0,-1.0,1.0,0.23999999463558197,-0.012999996542930603,0.0,0.0,0.0,0.0
837635.326,0.0,0.0,0.0,0.0,-0.012999996542930603,0.0,0.0,0.0,0.0
837645.327,0.0,0.0,0.0,0.0,-0.012999996542930603,0.0,0.0,0.0,1.0
837655.329,0.0,1.0,-1.0,-0.23999999463558197,-0.01399999763816595,0.0,0.0,0.0,1.0
837665.33,0.0,0.0,0.0,0.0,-0.01399999763816595,0.0,0.0,0.0,0.0
837675.331,0.0,0.0,0.0,0.0,-0.01399999763816595,0.0,0.0,0.0,1.0
837685.446,0.0,2.0,-2.0,-0.47999998927116394,-0.015999997034668922,0.0,0.0,0.0,0.0
837696.2,0.0,0.0,0.0,0.0,-0.015999997034668922,0.0,0.0,0.0,1.0
837707.204,0.0,0.0,0.0,0.0,-0.015999997034668922,0.0,0.0,0.0,0.0
837718.201,0.0,0.0,0.0,0.0,-0.015999997034668922,0.0,0.0,0.0,0.0
837728.202,0.0,0.0,0.0,0.0,-0.015999997034668922,0.0,0.0,0.0,0.0
837738.203,0.0,0.0,0.0,0.0,-0.015999997034668922,0.0,0.0,0.0,0.0
837749.201,0.0,0.0,0.0,0.0,-0.015999997034668922,0.0,0.0,0.0,0.0
837760.33,0.0,0.0,0.0,0.0,-0.015999997034668922,0.0,0.0,0.0,0.0
837771.201,0.0,0.0,0.0,0.0,-0.015999997034668922,0.0,0.0,0.0,1.0
837782.157,0.0,0.0,0.0,0.0,-0.015999997034668922,0.0,0.0,0.0,0.0
837792.157,0.0,0.0,0.0,0.0,-0.015999997034668922,0.0,0.0,0.0,0.0
837802.158,0.0,0.0,0.0,0.0,-0.015999997034668922,0.0,0.0,0.0,1.0
837813.204,0.0,0.0,0.0,0.0,-0.015999997034668922,0.0,0.0,0.0,0.0
837824.201,0.0,1.0,-1.0,-0.23999999463558197,-0.01799999736249447,0.0,0.0,0.0,1.0
837834.202,0.0,0.0,0.0,0.0,-0.01799999736249447,0.0,0.0,0.0,0.0
837845.205,0.0,0.0,0.0,0.0,-0.01799999736249447,0.0,0.0,0.0,0.0
837855.206,0.0,1.0,-1.0,-0.23999999463558197,-0.01899999938905239,0.0,0.0,0.0,0.0
837866.204,0.0,0.0,0.0,0.0,-0.01899999938905239,0.0,0.0,0.0,-1.0
837877.2,0.0,0.0,0.0,0.0,-0.01899999938905239,0.0,0.0,0.0,-1.0
837888.204,0.0,0.0,0.0,0.0,-0.01899999938905239,0.0,0.0,0.0,-1.0
837898.205,0.0,0.0,0.0,0.0,-0.01899999938905239,0.0,0.0,0.0,0.0
837909.201,0.0,-1.0,1.0,0.23999999463558197,-0.01799999736249447,0.0,0.0,0.0,0.0
837920.205,0.0,0.0,0.0,0.0,-0.01799999736249447,0.0,0.0,0.0,0.0
837931.209,0.0,1.0,-1.0,-0.23999999463558197,-0.01899999938905239,0.0,0.0,0.0,-1.0
837942.201,0.0,0.0,0.0,0.0,-0.01899999938905239,0.0,0.0,0.0,0.0
837953.209,0.0,-2.0,2.0,0.47999998927116394,-0.016999999061226845,0.0,0.0,0.0,0.0
837964.201,0.0,-1.0,1.0,0.23999999463558197,-0.01599999889731407,0.0,0.0,0.0,0.0
837975.205,0.0,1.0,-1.0,-0.23999999463558197,-0.016999999061226845,0.0,0.0,0.0,0.0
837986.201,0.0,1.0,-1.0,-0.23999999463558197,-0.017999999225139618,0.0,0.0,0.0,0.0
837996.601,0.0,-1.0,1.0,0.23999999463558197,-0.016999999061226845,0.0,0.0,0.0,1.0
838006.602,0.0,0.0,0.0,0.0,-0.016999999061226845,0.0,0.0,0.0,0.0
838017.201,0.0,-1.0,1.0,0.23999999463558197,-0.01599999889731407,0.0,0.0,0.0,0.0
838028.201,0.0,0.0,0.0,0.0,-0.01599999889731407,0.0,0.0,0.0,0.0
838038.202,0.0,0.0,0.0,0.0,-0.01599999889731407,0.0,0.0,0.0,-2.0
838049.205,0.0,0.0,0.0,0.0,-0.01599999889731407,0.0,0.0,0.0,-2.0
838060.2,0.0,1.0,-1.0,-0.23999999463558197,-0.016999999061226845,0.0,0.0,0.0,0.0
838070.2,0.0,0.0,0.0,0.0,-0.016999999061226845,0.0,0.0,0.0,0.0
838080.201,0.0,0.0,0.0,0.0,-0.016999999061226845,0.0,0.0,0.0,0.0
838091.201,0.0,0.0,0.0,0.0,-0.016999999061226845,0.0,0.0,0.0,0.0
838101.202,0.0,0.0,0.0,0.0,-0.016999999061226845,0.0,0.0,0.0,0.0
838112.201,0.0,1.0,-1.0,-0.23999999463558197,-0.017999999225139618,0.0,0.0,0.0,0.0
838123.204,0.0,0.0,0.0,0.0,-0.017999999225139618,0.0,0.0,0.0,1.0
838134.204,0.0,1.0,-1.0,-0.23999999463558197,-0.01899999938905239,0.0,0.0,0.0,0.0
838144.205,0.0,0.0,0.0,0.0,-0.01899999938905239,0.0,0.0,0.0,-2.0
838154.205,0.0,0.0,0.0,0.0,-0.01899999938905239,0.0,0.0,0.0,0.0
838164.856,0.0,0.0,0.0,0.0,-0.01899999938905239,0.0,0.0,0.0,0.0
838174.857,0.0,0.0,0.0,0.0,-0.01899999938905239,0.0,0.0,0.0,0.0
838184.858,0.0,0.0,0.0,0.0,-0.01899999938905239,0.0,0.0,0.0,0.0
838194.859,0.0,1.0,-1.0,-0.23999999463558197,-0.020000001415610313,0.0,0.0,0.0,2.0
838204.86,0.0,0.0,0.0,0.0,-0.020000001415610313,0.0,0.0,0.0,0.0
838215.201,0.0,0.0,0.0,0.0,-0.020000001415610313,0.0,0.0,0.0,0.0
838226.221,0.0,0.0,0.0,0.0,-0.020000001415610313,0.0,0.0,0.0,1.0
838237.1,0.0,0.0,0.0,0.0,-0.020000001415610313,0.0,0.0,0.0,0.0
838247.101,0.0,0.0,0.0,0.0,-0.020000001415610313,0.0,0.0,0.0,1.0
838258.201,0.0,0.0,0.0,0.0,-0.020000001415610313,0.0,0.0,0.0,-1.0
838268.202,0.0,0.0,0.0,0.0,-0.020000001415610313,0.0,0.0,0.0,1.0
838278.203,0.0,1.0,-1.0,-0.23999999463558197,-0.021000001579523087,0.0,0.0,0.0,0.0
838289.208,0.0,1.0,-1.0,-0.23999999463558197,-0.02200000174343586,0.0,0.0,0.0,0.0
838299.209,0.0,1.0,-1.0,-0.23999999463558197,-0.023000001907348633,0.0,0.0,0.0,0.0
838310.201,0.0,0.0,0.0,0.0,-0.023000001907348633,0.0,0.0,0.0,-1.0
838320.202,0.0,-1.0,1.0,0.23999999463558197,-0.02200000174343586,0.0,0.0,0.0,0.0
838330.202,0.0,0.0,0.0,0.0,-0.02200000174343586,0.0,0.0,0.0,-1.0
838341.201,0.0,-1.0,1.0,0.23999999463558197,-0.021000001579523087,0.0,0.0,0.0,1.0
838351.201,0.0,0.0,0.0,0.0,-0.021000001579523087,0.0,0.0,0.0,0.0
838362.201,0.0,0.0,0.0,0.0,-0.021000001579523087,0.0,0.0,0.0,-1.0
838372.579,0.0,0.0,0.0,0.0,-0.021000001579523087,0.0,0.0,0.0,-1.0
838382.58,0.0,0.0,0.0,0.0,-0.021000001579523087,0.0,0.0,0.0,0.0
838392.58,0.0,0.0,0.0,0.0,-0.021000001579523087,0.0,0.0,0.0,0.0
838403.201,0.0,-2.0,2.0,0.47999998927116394,-0.01900000125169754,0.0,0.0,0.0,0.0
838414.205,0.0,0.0,0.0,0.0,-0.01900000125169754,0.0,0.0,0.0,0.0
838424.206,0.0,0.0,0.0,0.0,-0.01900000125169754,0.0,0.0,0.0,0.0
838434.207,0.0,0.0,0.0,0.0,-0.01900000125169754,0.0,0.0,0.0,0.0
838444.208,0.0,-1.0,1.0,0.23999999463558197,-0.018000001087784767,0.0,0.0,0.0,0.0
838454.208,0.0,-1.0,1.0,0.23999999463558197,-0.017000000923871994,0.0,0.0,0.0,0.0
838464.208,0.0,0.0,0.0,0.0,-0.017000000923871994,0.0,0.0,0.0,0.0
838475.1,0.0,0.0,0.0,0.0,-0.017000000923871994,0.0,0.0,0.0,0.0
838485.101,0.0,-1.0,1.0,0.23999999463558197,-0.01600000075995922,0.0,0.0,0.0,-1.0
838496.205,0.0,0.0,0.0,0.0,-0.01600000075995922,0.0,0.0,0.0,0.0
838506.205,0.0,0.0,0.0,0.0,-0.01600000075995922,0.0,0.0,0.0,0.0
838517.205,0.0,0.0,0.0,0.0,-0.01600000075995922,0.0,0.0,0.0,0.0
838528.204,0.0,0.0,0.0,0.0,-0.01600000075995922,0.0,0.0,0.0,1.0
838539.1,0.0,0.0,0.0,0.0,-0.01600000075995922,0.0,0.0,0.0,0.0
838550.1,0.0,0.0,0.0,0.0,-0.01600000075995922,0.0,0.0,0.0,-2.0
838561.201,0.0,0.0,0.0,0.0,-0.01600000075995922,0.0,0.0,0.0,-2.0
838571.202,0.0,0.0,0.0,0.0,-0.01600000075995922,0.0,0.0,0.0,0.0
838581.202,0.0,1.0,-1.0,-0.23999999463558197,-0.017000000923871994,0.0,0.0,0.0,-1.0
838591.846,0.0,0.0,0.0,0.0,-0.017000000923871994,0.0,0.0,0.0,0.0
838601.847,0.0,1.0,-1.0,-0.23999999463558197,-0.018000001087784767,0.0,0.0,0.0,-1.0
838611.847,0.0,0.0,0.0,0.0,-0.018000001087784767,0.0,0.0,0.0,0.0
838622.204,0.0,0.0,0.0,0.0,-0.018000001087784767,0.0,0.0,0.0,0.0
838632.204,0.0,0.0,0.0,0.0,-0.018000001087784767,0.0,0.0,0.0,-1.0
838642.204,0.0,0.0,0.0,0.0,-0.018000001087784767,0.0,0.0,0.0,0.0
838653.204,0.0,-1.0,1.0,0.23999999463558197,-0.017000000923871994,0.0,0.0,0.0,0.0
838663.205,0.0,-1.0,1.0,0.23999999463558197,-0.01600000075995922,0.0,0.0,0.0,-1.0
838674.205,0.0,0.0,0.0,0.0,-0.01600000075995922,0.0,0.0,0.0,0.0
838685.201,0.0,0.0,0.0,0.0,-0.01600000075995922,0.0,0.0,0.0,-2.0
838696.205,0.0,0.0,0.0,0.0,-0.01600000075995922,0.0,0.0,0.0,1.0
838706.206,0.0,0.0,0.0,0.0,-0.01600000075995922,0.0,0.0,0.0,0.0
838716.207,0.0,0.0,0.0,0.0,-0.01600000075995922,0.0,0.0,0.0,0.0
838726.575,0.0,0.0,0.0,0.0,-0.01600000075995922,0.0,0.0,0.0,0.0
838737.2,0.0,0.0,0.0,0.0,-0.01600000075995922,0.0,0.0,0.0,1.0
838747.201,0.0,0.0,0.0,0.0,-0.01600000075995922,0.0,0.0,0.0,0.0
838758.201,0.0,0.0,0.0,0.0,-0.01600000075995922,0.0,0.0,0.0,0.0
838769.205,0.0,-1.0,1.0,0.23999999463558197,-0.014999999664723873,0.0,0.0,0.0,-1.0
838779.206,0.0,3.0,-3.0,-0.7199999690055847,-0.017999999225139618,0.0,0.0,0.0,0.0
838789.207,0.0,0.0,0.0,0.0,-0.017999999225139618,0.0,0.0,0.0,0.0
838800.201,0.0,0.0,0.0,0.0,-0.017999999225139618,0.0,0.0,0.0,0.0
838810.201,0.0,0.0,0.0,0.0,-0.017999999225139618,0.0,0.0,0.0,0.0
838821.201,0.0,0.0,0.0,0.0,-0.017999999225139618,0.0,0.0,0.0,0.0
838832.205,0.0,0.0,0.0,0.0,-0.017999999225139618,0.0,0.0,0.0,0.0
838843.201,0.0,0.0,0.0,0.0,-0.017999999225139618,0.0,0.0,0.0,0.0
838853.202,0.0,0.0,0.0,0.0,-0.017999999225139618,0.0,0.0,0.0,0.0
838863.202,0.0,1.0,-1.0,-0.23999999463558197,-0.01899999938905239,0.0,0.0,0.0,0.0
838873.203,0.0,0.0,0.0,0.0,-0.01899999938905239,0.0,0.0,0.0,0.0
838883.204,0.0,0.0,0.0,0.0,-0.01899999938905239,0.0,0.0,0.0,0.0
838894.2,0.0,-1.0,1.0,0.23999999463558197,-0.017999999225139618,0.0,0.0,0.0,0.0
838904.201,0.0,1.0,-1.0,-0.23999999463558197,-0.01899999938905239,0.0,0.0,0.0,0.0
838914.201,0.0,0.0,0.0,0.0,-0.01899999938905239,0.0,0.0,0.0,0.0
838924.201,0.0,0.0,0.0,0.0,-0.01899999938905239,0.0,0.0,0.0,1.0
838935.204,0.0,0.0,0.0,0.0,-0.01899999938905239,0.0,0.0,0.0,0.0
838946.205,0.0,1.0,-1.0,-0.23999999463558197,-0.020000001415610313,0.0,0.0,0.0,0.0
838957.201,0.0,0.0,0.0,0.0,-0.020000001415610313,0.0,0.0,0.0,0.0
838968.205,0.0,0.0,0.0,0.0,-0.020000001415610313,0.0,0.0,0.0,0.0
838978.206,0.0,0.0,0.0,0.0,-0.020000001415610313,0.0,0.0,0.0,0.0
838988.207,0.0,0.0,0.0,0.0,-0.020000001415610313,0.0,0.0,0.0,0.0
838998.208,0.0,0.0,0.0,0.0,-0.020000001415610313,0.0,0.0,0.0,-1.0
839008.208,0.0,0.0,0.0,0.0,-0.020000001415610313,0.0,0.0,0.0,0.0
839019.495,0.0,0.0,0.0,0.0,-0.020000001415610313,0.0,0.0,0.0,0.0
839029.496,0.0,0.0,0.0,0.0,-0.020000001415610313,0.0,0.0,0.0,0.0
839040.205,0.0,0.0,0.0,0.0,-0.020000001415610313,0.0,0.0,0.0,0.0
839051.205,0.0,0.0,0.0,0.0,-0.020000001415610313,0.0,0.0,0.0,0.0
839061.206,0.0,-1.0,1.0,0.23999999463558197,-0.01899999938905239,0.0,0.0,0.0,1.0
839071.207,0.0,0.0,0.0,0.0,-0.01899999938905239,0.0,0.0,0.0,2.0
839082.201,0.0,0.0,0.0,0.0,-0.01899999938905239,0.0,0.0,0.0,0.0
839092.202,0.0,-1.0,1.0,0.23999999463558197,-0.017999999225139618,0.0,0.0,0.0,0.0
839103.212,0.0,-1.0,1.0,0.23999999463558197,-0.016999999061226845,0.0,0.0,0.0,0.0
839113.213,0.0,-1.0,1.0,0.23999999463558197,-0.01599999889731407,0.0,0.0,0.0,1.0
839123.213,0.0,0.0,0.0,0.0,-0.01599999889731407,0.0,0.0,0.0,1.0
839133.214,0.0,-1.0,1.0,0.23999999463558197,-0.014999997802078724,0.0,0.0,0.0,0.0
839143.214,0.0,-1.0,1.0,0.23999999463558197,-0.01399999763816595,0.0,0.0,0.0,0.0
839153.795,0.0,0.0,0.0,0.0,-0.01399999763816595,0.0,0.0,0.0,0.0
839163.795,0.0,0.0,0.0,0.0,-0.01399999763816595,0.0,0.0,0.0,0.0
839174.205,0.0,0.0,0.0,0.0,-0.01399999763816595,0.0,0.0,0.0,0.0
839185.205,0.0,0.0,0.0,0.0,-0.01399999763816595,0.0,0.0,0.0,0.0
839196.201,0.0,0.0,0.0,0.0,-0.01399999763816595,0.0,0.0,0.0,-1.0
839207.204,0.0,1.0,-1.0,-0.23999999463558197,-0.014999997802078724,0.0,0.0,0.0,0.0
839218.201,0.0,0.0,0.0,0.0,-0.014999997802078724,0.0,0.0,0.0,0.0
839229.205,0.0,0.0,0.0,0.0,-0.014999997802078724,0.0,0.0,0.0,0.0
839240.2,0.0,0.0,0.0,0.0,-0.014999997802078724,0.0,0.0,0.0,0.0
839251.204,0.0,0.0,0.0,0.0,-0.014999997802078724,0.0,0.0,0.0,0.0
839261.204,0.0,0.0,0.0,0.0,-0.014999997802078724,0.0,0.0,0.0,0.0
839271.205,0.0,0.0,0.0,0.0,-0.014999997802078724,0.0,0.0,0.0,0.0
839282.205,0.0,0.0,0.0,0.0,-0.014999997802078724,0.0,0.0,0.0,1.0
839293.201,0.0,0.0,0.0,0.0,-0.014999997802078724,0.0,0.0,0.0,0.0
839304.205,0.0,0.0,0.0,0.0,-0.014999997802078724,0.0,0.0,0.0,0.0
839315.205,0.0,1.0,-1.0,-0.23999999463558197,-0.01599999889731407,0.0,0.0,0.0,0.0
839325.206,0.0,0.0,0.0,0.0,-0.01599999889731407,0.0,0.0,0.0,0.0
839335.207,0.0,0.0,0.0,0.0,-0.01599999889731407,0.0,0.0,0.0,0.0
839346.2,0.0,0.0,0.0,0.0,-0.01599999889731407,0.0,0.0,0.0,0.0
839357.074,0.0,0.0,0.0,0.0,-0.01599999889731407,0.0,0.0,0.0,2.0
839368.161,0.0,0.0,0.0,0.0,-0.01599999889731407,0.0,0.0,0.0,0.0
839378.162,0.0,0.0,0.0,0.0,-0.01599999889731407,0.0,0.0,0.0,0.0
839389.473,0.0,0.0,0.0,0.0,-0.01599999889731407,0.0,0.0,0.0,0.0
839399.474,0.0,0.0,0.0,0.0,-0.01599999889731407,0.0,0.0,0.0,-1.0
839409.474,0.0,0.0,0.0,0.0,-0.01599999889731407,0.0,0.0,0.0,-1.0
839419.475,0.0,0.0,0.0,0.0,-0.01599999889731407,0.0,0.0,0.0,0.0
839429.476,0.0,0.0,0.0,0.0,-0.01599999889731407,0.0,0.0,0.0,0.0
839440.205,0.0,-1.0,1.0,0.23999999463558197,-0.014999997802078724,0.0,0.0,0.0,0.0
839451.202,0.0,0.0,0.0,0.0,-0.014999997802078724,0.0,0.0,0.0,0.0
839462.205,0.0,0.0,0.0,0.0,-0.014999997802078724,0.0,0.0,0.0,-2.0
839473.205,0.0,0.0,0.0,0.0,-0.014999997802078724,0.0,0.0,0.0,0.0
839484.201,0.0,1.0,-1.0,-0.23999999463558197,-0.01599999889731407,0.0,0.0,0.0,0.0
839494.201,0.0,0.0,0.0,0.0,-0.01599999889731407,0.0,0.0,0.0,0.0
839505.201,0.0,-2.0,2.0,0.47999998927116394,-0.013999998569488525,0.0,0.0,0.0,-1.0
839516.205,0.0,0.0,0.0,0.0,-0.013999998569488525,0.0,0.0,0.0,-1.0
839526.206,0.0,0.0,0.0,0.0,-0.013999998569488525,0.0,0.0,0.0,-1.0
839537.205,0.0,-1.0,1.0,0.23999999463558197,-0.012999998405575752,0.0,0.0,0.0,0.0
839547.206,0.0,0.0,0.0,0.0,-0.012999998405575752,0.0,0.0,0.0,0.0
839557.207,0.0,1.0,-1.0,-0.23999999463558197,-0.013999998569488525,0.0,0.0,0.0,1.0
839568.201,0.0,0.0,0.0,0.0,-0.013999998569488525,0.0,0.0,0.0,1.0
839579.205,0.0,0.0,0.0,0.0,-0.013999998569488525,0.0,0.0,0.0,1.0
839589.206,0.0,0.0,0.0,0.0,-0.013999998569488525,0.0,0.0,0.0,0.0
839599.207,0.0,0.0,0.0,0.0,-0.013999998569488525,0.0,0.0,0.0,-1.0
839609.208,0.0,0.0,0.0,0.0,-0.013999998569488525,0.0,0.0,0.0,0.0
839620.204,0.0,-1.0,1.0,0.23999999463558197,-0.012999998405575752,0.0,0.0,0.0,0.0
839631.201,0.0,1.0,-1.0,-0.23999999463558197,-0.013999998569488525,0.0,0.0,0.0,1.0
839642.205,0.0,0.0,0.0,0.0,-0.013999998569488525,0.0,0.0,0.0,0.0
839652.206,0.0,0.0,0.0,0.0,-0.013999998569488525,0.0,0.0,0.0,0.0
839662.207,0.0,0.0,0.0,0.0,-0.013999998569488525,0.0,0.0,0.0,0.0
839672.207,0.0,0.0,0.0,0.0,-0.013999998569488525,0.0,0.0,0.0,0.0
839683.204,0.0,0.0,0.0,0.0,-0.013999998569488525,0.0,0.0,0.0,0.0
839693.376,0.0,0.0,0.0,0.0,-0.013999998569488525,0.0,0.0,0.0,-1.0
839703.377,0.0,0.0,0.0,0.0,-0.013999998569488525,0.0,0.0,0.0,0.0
839713.378,0.0,0.0,0.0,0.0,-0.013999998569488525,0.0,0.0,0.0,0.0
839723.378,0.0,-1.0,1.0,0.23999999463558197,-0.012999998405575752,0.0,0.0,0.0,-1.0
839733.378,0.0,-1.0,1.0,0.23999999463558197,-0.011999998241662979,0.0,0.0,0.0,-1.0
839744.205,0.0,-1.0,1.0,0.23999999463558197,-0.01099999900907278,0.0,0.0,0.0,0.0
839755.201,0.0,0.0,0.0,0.0,-0.01099999900907278,0.0,0.0,0.0,0.0
839766.205,0.0,-1.0,1.0,0.23999999463558197,-0.009999998845160007,0.0,0.0,0.0,0.0
839777.205,0.0,0.0,0.0,0.0,-0.008999998681247234,0.0,0.0,0.0,-1.0
839788.203,0.0,0.0,0.0,0.0,-0.008999998681247234,0.0,0.0,0.0,-1.0
839799.205,0.0,0.0,0.0,0.0,-0.008999998681247234,0.0,0.0,0.0,0.0
839809.205,0.0,0.0,0.0,0.0,-0.008999998681247234,0.0,0.0,0.0,1.0
839820.201,0.0,0.0,0.0,0.0,-0.008999998681247234,0.0,0.0,0.0,0.0
839830.202,0.0,1.0,-1.0,-0.23999999463558197,-0.009999998845160007,0.0,0.0,0.0,-1.0
839841.2,0.0,0.0,0.0,0.0,-0.009999998845160007,0.0,0.0,0.0,0.0
839852.205,0.0,1.0,-1.0,-0.23999999463558197,-0.01099999900907278,0.0,0.0,0.0,-1.0
839862.646,0.0,0.0,0.0,0.0,-0.01099999900907278,0.0,0.0,0.0,0.0
839873.173,0.0,0.0,0.0,0.0,-0.01099999900907278,0.0,0.0,0.0,0.0
839884.204,0.0,-1.0,1.0,0.23999999463558197,-0.009999998845160007,0.0,0.0,0.0,0.0
839895.157,0.0,1.0,-1.0,-0.23999999463558197,-0.01099999900907278,0.0,0.0,0.0,0.0
839906.201,0.0,-1.0,1.0,0.23999999463558197,-0.009999998845160007,0.0,0.0,0.0,0.0
839916.201,0.0,1.0,-1.0,-0.23999999463558197,-0.01099999900907278,0.0,0.0,0.0,1.0
839926.201,0.0,1.0,-1.0,-0.23999999463558197,-0.011999998241662979,0.0,0.0,0.0,1.0
839937.201,0.0,0.0,0.0,0.0,-0.011999998241662979,0.0,0.0,0.0,0.0
839947.201,0.0,0.0,0.0,0.0,-0.011999998241662979,0.0,0.0,0.0,2.0
839958.205,0.0,0.0,0.0,0.0,-0.011999998241662979,0.0,0.0,0.0,1.0
839969.201,0.0,1.0,-1.0,-0.23999999463558197,-0.012999998405575752,0.0,0.0,0.0,0.0
839980.205,0.0,2.0,-2.0,-0.47999998927116394,-0.014999997802078724,0.0,0.0,0.0,0.0
839991.201,0.0,1.0,-1.0,-0.23999999463558197,-0.01599999889731407,0.0,0.0,0.0,0.0
840002.205,0.0,0.0,0.0,0.0,-0.01599999889731407,0.0,0.0,0.0,0.0
840013.205,0.0,0.0,0.0,0.0,-0.01599999889731407,0.0,0.0,0.0,0.0
840024.201,0.0,0.0,0.0,0.0,-0.01599999889731407,0.0,0.0,0.0,0.0
840035.205,0.0,-1.0,1.0,0.23999999463558197,-0.014999997802078724,0.0,0.0,0.0,-1.0
840046.201,0.0,0.0,0.0,0.0,-0.014999997802078724,0.0,0.0,0.0,0.0
840056.201,0.0,1.0,-1.0,-0.23999999463558197,-0.01599999889731407,0.0,0.0,0.0,0.0
840066.202,0.0,-1.0,1.0,0.23999999463558197,-0.014999997802078724,0.0,0.0,0.0,0.0
840076.203,0.0,1.0,-1.0,-0.23999999463558197,-0.01599999889731407,0.0,0.0,0.0,1.0
840086.203,0.0,0.0,0.0,0.0,-0.01599999889731407,0.0,0.0,0.0,-1.0
840097.217,0.0,0.0,0.0,0.0,-0.01599999889731407,0.0,0.0,0.0,0.0
840107.217,0.0,0.0,0.0,0.0,-0.01599999889731407,0.0,0.0,0.0,0.0
840118.205,0.0,0.0,0.0,0.0,-0.01599999889731407,0.0,0.0,0.0,1.0
840128.206,0.0,1.0,-1.0,-0.23999999463558197,-0.016999999061226845,0.0,0.0,0.0,0.0
840139.201,0.0,1.0,0.0,0.0,-0.016999999061226845,0.0,0.0,0.0,0.0
840149.202,0.0,0.0,-1.0,-0.23999999463558197,-0.017999999225139618,0.0,0.0,0.0,-1.0
840160.2,0.0,0.0,0.0,0.0,-0.017999999225139618,0.0,0.0,0.0,-1.0
840171.205,0.0,0.0,0.0,0.0,-0.017999999225139618,0.0,0.0,0.0,0.0
840181.206,0.0,0.0,0.0,0.0,-0.017999999225139618,0.0,0.0,0.0,0.0
840191.207,0.0,0.0,0.0,0.0,-0.017999999225139618,0.0,0.0,0.0,0.0
840202.204,0.0,0.0,0.0,0.0,-0.017999999225139618,0.0,0.0,0.0,-1.0
840213.2,0.0,-1.0,1.0,0.23999999463558197,-0.016999999061226845,0.0,0.0,0.0,0.0
840224.205,0.0,0.0,0.0,0.0,-0.016999999061226845,0.0,0.0,0.0,-1.0
840235.076,0.0,0.0,0.0,0.0,-0.016999999061226845,0.0,0.0,0.0,1.0
840245.205,0.0,0.0,0.0,0.0,-0.016999999061226845,0.0,0.0,0.0,1.0
840255.206,0.0,1.0,-1.0,-0.23999999463558197,-0.017999999225139618,0.0,0.0,0.0,0.0
840266.201,0.0,0.0,0.0,0.0,-0.017999999225139618,0.0,0.0,0.0,0.0
840277.173,0.0,0.0,0.0,0.0,-0.017999999225139618,0.0,0.0,0.0,1.0
840288.206,0.0,0.0,0.0,0.0,-0.017999999225139618,0.0,0.0,0.0,0.0
840298.207,0.0,0.0,0.0,0.0,-0.017999999225139618,0.0,0.0,0.0,0.0
840309.204,0.0,0.0,0.0,0.0,-0.017999999225139618,0.0,0.0,0.0,1.0
840319.205,0.0,0.0,0.0,0.0,-0.017999999225139618,0.0,0.0,0.0,0.0
840329.206,0.0,0.0,0.0,0.0,-0.017999999225139618,0.0,0.0,0.0,-1.0
840340.201,0.0,1.0,-1.0,-0.23999999463558197,-0.01899999938905239,0.0,0.0,0.0,-1.0
840350.202,0.0,1.0,-1.0,-0.23999999463558197,-0.020000001415610313,0.0,0.0,0.0,0.0
840361.2,0.0,0.0,0.0,0.0,-0.020000001415610313,0.0,0.0,0.0,0.0
840371.201,0.0,1.0,-1.0,-0.23999999463558197,-0.021000001579523087,0.0,0.0,0.0,0.0
840382.224,0.0,1.0,-1.0,-0.23999999463558197,-0.02200000174343586,0.0,0.0,0.0,0.0
840393.202,0.0,0.0,0.0,0.0,-0.02200000174343586,0.0,0.0,0.0,1.0
840403.733,0.0,0.0,0.0,0.0,-0.02200000174343586,0.0,0.0,0.0,1.0
840413.734,0.0,0.0,0.0,0.0,-0.02200000174343586,0.0,0.0,0.0,0.0
840423.734,0.0,0.0,0.0,0.0,-0.02200000174343586,0.0,0.0,0.0,0.0
840434.201,0.0,0.0,0.0,0.0,-0.02200000174343586,0.0,0.0,0.0,0.0
840444.201,0.0,0.0,0.0,0.0,-0.02200000174343586,0.0,0.0,0.0,0.0
840454.202,0.0,0.0,0.0,0.0,-0.02200000174343586,0.0,0.0,0.0,0.0
840465.201,0.0,0.0,0.0,0.0,-0.02200000174343586,0.0,0.0,0.0,1.0
840475.201,0.0,0.0,0.0,0.0,-0.02200000174343586,0.0,0.0,0.0,0.0
840486.201,0.0,0.0,0.0,0.0,-0.02200000174343586,0.0,0.0,0.0,1.0
840497.205,0.0,0.0,0.0,0.0,-0.02200000174343586,0.0,0.0,0.0,1.0
840508.205,0.0,0.0,0.0,0.0,-0.02200000174343586,0.0,0.0,0.0,0.0
840519.202,0.0,-1.0,1.0,0.23999999463558197,-0.021000001579523087,0.0,0.0,0.0,0.0
840530.205,0.0,1.0,-1.0,-0.23999999463558197,-0.02200000174343586,0.0,0.0,0.0,0.0
840540.206,0.0,1.0,-1.0,-0.23999999463558197,-0.023000001907348633,0.0,0.0,0.0,0.0
840551.2,0.0,0.0,0.0,0.0,-0.023000001907348633,0.0,0.0,0.0,0.0
840562.205,0.0,0.0,0.0,0.0,-0.023000001907348633,0.0,0.0,0.0,0.0
840572.205,0.0,0.0,0.0,0.0,-0.023000001907348633,0.0,0.0,0.0,0.0
840583.2,0.0,0.0,0.0,0.0,-0.023000001907348633,0.0,0.0,0.0,0.0
840593.428,0.0,0.0,0.0,0.0,-0.023000001907348633,0.0,0.0,0.0,0.0
840603.485,0.0,-1.0,1.0,0.23999999463558197,-0.02200000174343586,0.0,0.0,0.0,0.0
840613.486,0.0,-1.0,1.0,0.23999999463558197,-0.021000001579523087,0.0,0.0,0.0,0.0
840624.201,0.0,1.0,-1.0,-0.23999999463558197,-0.02200000174343586,0.0,0.0,0.0,1.0
840634.201,0.0,0.0,0.0,0.0,-0.02200000174343586,0.0,0.0,0.0,0.0
840644.202,0.0,0.0,0.0,0.0,-0.02200000174343586,0.0,0.0,0.0,0.0
840654.202,0.0,1.0,-1.0,-0.23999999463558197,-0.023000001907348633,0.0,0.0,0.0,0.0
840664.202,0.0,0.0,0.0,0.0,-0.023000001907348633,0.0,0.0,0.0,0.0
840675.205,0.0,0.0,0.0,0.0,-0.023000001907348633,0.0,0.0,0.0,0.0
840686.204,0.0,0.0,0.0,0.0,-0.023000001907348633,0.0,0.0,0.0,0.0
840696.205,0.0,1.0,-1.0,-0.23999999463558197,-0.024000002071261406,0.0,0.0,0.0,0.0
840707.204,0.0,0.0,0.0,0.0,-0.024000002071261406,0.0,0.0,0.0,0.0
840718.2,0.0,0.0,0.0,0.0,-0.024000002071261406,0.0,0.0,0.0,1.0
840728.2,0.0,2.0,-2.0,-0.47999998927116394,-0.026000002399086952,0.0,0.0,0.0,1.0
840738.2,0.0,2.0,-2.0,-0.47999998927116394,-0.0280000027269125,0.0,0.0,0.0,0.0
840748.201,0.0,0.0,0.0,0.0,-0.0280000027269125,0.0,0.0,0.0,0.0
840759.201,0.0,-1.0,1.0,0.23999999463558197,-0.027000004425644875,0.0,0.0,0.0,-1.0
840769.202,0.0,0.0,0.0,0.0,-0.027000004425644875,0.0,0.0,0.0,-1.0
840779.203,0.0,1.0,-1.0,-0.23999999463558197,-0.0280000027269125,0.0,0.0,0.0,1.0
840789.204,0.0,1.0,-1.0,-0.23999999463558197,-0.02900000289082527,0.0,0.0,0.0,0.0
840799.205,0.0,1.0,-1.0,-0.23999999463558197,-0.030000001192092896,0.0,0.0,0.0,0.0
840810.201,0.0,0.0,0.0,0.0,-0.030000001192092896,0.0,0.0,0.0,1.0
840821.204,0.0,0.0,0.0,0.0,-0.030000001192092896,0.0,0.0,0.0,0.0
840832.205,0.0,0.0,0.0,0.0,-0.030000001192092896,0.0,0.0,0.0,0.0
840843.2,0.0,1.0,-1.0,-0.23999999463558197,-0.03100000135600567,0.0,0.0,0.0,0.0
840854.256,0.0,0.0,0.0,0.0,-0.03100000135600567,0.0,0.0,0.0,0.0
840864.257,0.0,0.0,0.0,0.0,-0.03100000135600567,0.0,0.0,0.0,1.0
840875.205,0.0,1.0,-1.0,-0.23999999463558197,-0.03200000151991844,0.0,0.0,0.0,0.0
840886.201,0.0,1.0,-1.0,-0.23999999463558197,-0.032999999821186066,0.0,0.0,0.0,0.0
840896.202,0.0,0.0,0.0,0.0,-0.032999999821186066,0.0,0.0,0.0,0.0
840907.205,0.0,0.0,0.0,0.0,-0.032999999821186066,0.0,0.0,0.0,0.0
840917.206,0.0,0.0,0.0,0.0,-0.032999999821186066,0.0,0.0,0.0,0.0
840927.206,0.0,0.0,0.0,0.0,-0.032999999821186066,0.0,0.0,0.0,1.0
840938.204,0.0,0.0,0.0,0.0,-0.032999999821186066,0.0,0.0,0.0,0.0
840948.204,0.0,-1.0,1.0,0.23999999463558197,-0.03200000151991844,0.0,0.0,0.0,0.0
840958.205,0.0,0.0,0.0,0.0,-0.03200000151991844,0.0,0.0,0.0,0.0
840968.206,0.0,0.0,0.0,0.0,-0.03200000151991844,0.0,0.0,0.0,0.0
840979.205,0.0,0.0,0.0,0.0,-0.03200000151991844,0.0,0.0,0.0,0.0
840989.205,0.0,0.0,0.0,0.0,-0.03200000151991844,0.0,0.0,0.0,1.0
841000.204,0.0,1.0,-1.0,-0.23999999463558197,-0.032999999821186066,0.0,0.0,0.0,0.0
841010.205,0.0,0.0,0.0,0.0,-0.032999999821186066,0.0,0.0,0.0,1.0
841021.205,0.0,1.0,-1.0,-0.23999999463558197,-0.03399999812245369,0.0,0.0,0.0,1.0
841031.206,0.0,0.0,0.0,0.0,-0.03399999812245369,0.0,0.0,0.0,1.0
841041.207,0.0,0.0,0.0,0.0,-0.03399999812245369,0.0,0.0,0.0,0.0
841052.205,0.0,0.0,0.0,0.0,-0.03399999812245369,0.0,0.0,0.0,0.0
841063.201,0.0,0.0,0.0,0.0,-0.03399999812245369,0.0,0.0,0.0,0.0
841074.157,0.0,0.0,0.0,0.0,-0.03399999812245369,0.0,0.0,0.0,0.0
841085.204,0.0,0.0,0.0,0.0,-0.03399999812245369,0.0,0.0,0.0,1.0
841095.205,0.0,1.0,-1.0,-0.23999999463558197,-0.034999996423721313,0.0,0.0,0.0,0.0
841105.206,0.0,1.0,-1.0,-0.23999999463558197,-0.03599999472498894,0.0,0.0,0.0,-1.0
841115.206,0.0,0.0,0.0,0.0,-0.03599999472498894,0.0,0.0,0.0,0.0
841126.205,0.0,0.0,0.0,0.0,-0.03599999472498894,0.0,0.0,0.0,1.0
841136.205,0.0,0.0,0.0,0.0,-0.03599999472498894,0.0,0.0,0.0,1.0
841146.206,0.0,0.0,0.0,0.0,-0.03599999472498894,0.0,0.0,0.0,1.0
841156.207,0.0,-1.0,1.0,0.23999999463558197,-0.034999996423721313,0.0,0.0,0.0,0.0
841166.207,0.0,0.0,0.0,0.0,-0.034999996423721313,0.0,0.0,0.0,0.0
841176.208,0.0,0.0,0.0,0.0,-0.034999996423721313,0.0,0.0,0.0,-1.0
841187.1,0.0,0.0,0.0,0.0,-0.034999996423721313,0.0,0.0,0.0,0.0
841197.1,0.0,0.0,0.0,0.0,-0.034999996423721313,0.0,0.0,0.0,0.0
841208.1,0.0,0.0,0.0,0.0,-0.034999996423721313,0.0,0.0,0.0,0.0
841219.204,0.0,1.0,-1.0,-0.23999999463558197,-0.03599999472498894,0.0,0.0,0.0,0.0
841230.205,0.0,0.0,0.0,0.0,-0.03599999472498894,0.0,0.0,0.0,1.0
841240.206,0.0,0.0,0.0,0.0,-0.03599999472498894,0.0,0.0,0.0,1.0
841251.204,0.0,0.0,0.0,0.0,-0.03599999472498894,0.0,0.0,0.0,1.0
841261.204,0.0,1.0,-1.0,-0.23999999463558197,-0.03699999675154686,0.0,0.0,0.0,0.0
841272.201,0.0,1.0,-1.0,-0.23999999463558197,-0.037999995052814484,0.0,0.0,0.0,0.0
841282.202,0.0,1.0,-1.0,-0.23999999463558197,-0.03899999335408211,0.0,0.0,0.0,0.0
841292.203,0.0,0.0,0.0,0.0,-0.03899999335408211,0.0,0.0,0.0,-2.0
841303.201,0.0,0.0,0.0,0.0,-0.03899999335408211,0.0,0.0,0.0,0.0
841314.204,0.0,0.0,0.0,0.0,-0.03899999335408211,0.0,0.0,0.0,1.0
841324.204,0.0,0.0,0.0,0.0,-0.03899999335408211,0.0,0.0,0.0,0.0
841335.205,0.0,0.0,0.0,0.0,-0.03899999335408211,0.0,0.0,0.0,0.0
841345.792,0.0,0.0,0.0,0.0,-0.03899999335408211,0.0,0.0,0.0,1.0
841356.204,0.0,0.0,0.0,0.0,-0.03899999335408211,0.0,0.0,0.0,-1.0
841366.205,0.0,0.0,0.0,0.0,-0.03899999335408211,0.0,0.0,0.0,0.0
841376.206,0.0,0.0,0.0,0.0,-0.03899999335408211,0.0,0.0,0.0,0.0
841386.206,0.0,0.0,0.0,0.0,-0.03899999335408211,0.0,0.0,0.0,1.0
841396.206,0.0,-1.0,1.0,0.23999999463558197,-0.037999995052814484,0.0,0.0,0.0,0.0
841407.204,0.0,-1.0,1.0,0.23999999463558197,-0.03699999675154686,0.0,0.0,0.0,1.0
841418.201,0.0,0.0,0.0,0.0,-0.03699999675154686,0.0,0.0,0.0,0.0
841429.205,0.0,0.0,0.0,0.0,-0.03699999675154686,0.0,0.0,0.0,1.0
841440.201,0.0,0.0,0.0,0.0,-0.03699999675154686,0.0,0.0,0.0,-1.0
841451.205,0.0,0.0,0.0,0.0,-0.03699999675154686,0.0,0.0,0.0,0.0
841462.201,0.0,0.0,0.0,0.0,-0.03699999675154686,0.0,0.0,0.0,0.0
841473.205,0.0,1.0,-1.0,-0.23999999463558197,-0.037999995052814484,0.0,0.0,0.0,0.0
841484.205,0.0,1.0,-1.0,-0.23999999463558197,-0.03899999335408211,0.0,0.0,0.0,0.0
841495.2,0.0,0.0,0.0,0.0,-0.03899999335408211,0.0,0.0,0.0,0.0
841506.205,0.0,0.0,0.0,0.0,-0.03899999335408211,0.0,0.0,0.0,0.0
841517.204,0.0,-1.0,1.0,0.23999999463558197,-0.037999995052814484,0.0,0.0,0.0,0.0
841527.205,0.0,-1.0,1.0,0.23999999463558197,-0.03699999675154686,0.0,0.0,0.0,0.0
841538.204,0.0,0.0,0.0,0.0,-0.03699999675154686,0.0,0.0,0.0,0.0
841549.204,0.0,0.0,0.0,0.0,-0.03599999472498894,0.0,0.0,0.0,0.0
841559.204,0.0,0.0,0.0,0.0,-0.03599999472498894,0.0,0.0,0.0,-2.0
841570.173,0.0,0.0,0.0,0.0,-0.03599999472498894,0.0,0.0,0.0,-1.0
841580.625,0.0,0.0,0.0,0.0,-0.03599999472498894,0.0,0.0,0.0,0.0
841591.201,0.0,0.0,0.0,0.0,-0.03599999472498894,0.0,0.0,0.0,1.0
841602.205,0.0,0.0,0.0,0.0,-0.03599999472498894,0.0,0.0,0.0,1.0
841613.2,0.0,0.0,0.0,0.0,-0.03599999472498894,0.0,0.0,0.0,0.0
841624.205,0.0,0.0,0.0,0.0,-0.03599999472498894,0.0,0.0,0.0,1.0
841634.206,0.0,0.0,0.0,0.0,-0.03599999472498894,0.0,0.0,0.0,0.0
841645.204,0.0,-2.0,2.0,0.47999998927116394,-0.03399999439716339,0.0,0.0,0.0,0.0
841656.201,0.0,-1.0,1.0,0.23999999463558197,-0.03299999609589577,0.0,0.0,0.0,1.0
841667.205,0.0,-1.0,1.0,0.23999999463558197,-0.03199999779462814,0.0,0.0,0.0,1.0
841678.201,0.0,0.0,0.0,0.0,-0.03199999779462814,0.0,0.0,0.0,0.0
841688.202,0.0,0.0,0.0,0.0,-0.03199999779462814,0.0,0.0,0.0,1.0
841698.202,0.0,0.0,0.0,0.0,-0.03199999779462814,0.0,0.0,0.0,0.0
841709.204,0.0,0.0,0.0,0.0,-0.03199999779462814,0.0,0.0,0.0,-2.0
841720.204,0.0,-1.0,1.0,0.23999999463558197,-0.03199999779462814,0.0,0.0,0.0,-1.0
841731.204,0.0,-1.0,1.0,0.23999999463558197,-0.03099999763071537,0.0,0.0,0.0,-1.0
841742.205,0.0,0.0,0.0,0.0,-0.03099999763071537,0.0,0.0,0.0,0.0
841753.2,0.0,1.0,-1.0,-0.23999999463558197,-0.03199999779462814,0.0,0.0,0.0,0.0
841764.205,0.0,1.0,-1.0,-0.23999999463558197,-0.03299999609589577,0.0,0.0,0.0,0.0
841775.201,0.0,0.0,0.0,0.0,-0.03299999609589577,0.0,0.0,0.0,0.0
841785.202,0.0,1.0,-1.0,-0.23999999463558197,-0.03399999439716339,0.0,0.0,0.0,0.0
841796.2,0.0,1.0,-1.0,-0.23999999463558197,-0.034999992698431015,0.0,0.0,0.0,0.0
841806.201,0.0,-1.0,1.0,0.23999999463558197,-0.03399999439716339,0.0,0.0,0.0,0.0
841816.202,0.0,2.0,-2.0,-0.47999998927116394,-0.03599999472498894,0.0,0.0,0.0,0.0
841827.173,0.0,0.0,0.0,0.0,-0.03599999472498894,0.0,0.0,0.0,0.0
841838.173,0.0,0.0,0.0,0.0,-0.03599999472498894,0.0,0.0,0.0,0.0
841849.2,0.0,0.0,0.0,0.0,-0.03599999472498894,0.0,0.0,0.0,0.0
841860.204,0.0,0.0,0.0,0.0,-0.03599999472498894,0.0,0.0,0.0,0.0
841871.204,0.0,0.0,0.0,0.0,-0.03599999472498894,0.0,0.0,0.0,0.0
841882.201,0.0,0.0,0.0,0.0,-0.03599999472498894,0.0,0.0,0.0,0.0
841892.201,0.0,0.0,0.0,0.0,-0.03599999472498894,0.0,0.0,0.0,-2.0
841903.201,0.0,0.0,0.0,0.0,-0.03599999472498894,0.0,0.0,0.0,0.0
841914.205,0.0,1.0,-1.0,-0.23999999463558197,-0.03699999675154686,0.0,0.0,0.0,0.0
841924.206,0.0,0.0,0.0,0.0,-0.03699999675154686,0.0,0.0,0.0,0.0
841934.206,0.0,1.0,-1.0,-0.23999999463558197,-0.037999995052814484,0.0,0.0,0.0,-1.0
841945.201,0.0,1.0,-1.0,-0.23999999463558197,-0.03899999335408211,0.0,0.0,0.0,-1.0
841955.201,0.0,1.0,-1.0,-0.23999999463558197,-0.03999999165534973,0.0,0.0,0.0,0.0
841966.2,0.0,1.0,-1.0,-0.23999999463558197,-0.040999989956617355,0.0,0.0,0.0,0.0
841976.201,0.0,0.0,0.0,0.0,-0.040999989956617355,0.0,0.0,0.0,1.0
841986.202,0.0,-1.0,1.0,0.23999999463558197,-0.03999999165534973,0.0,0.0,0.0,1.0
841997.209,0.0,0.0,0.0,0.0,-0.03999999165534973,0.0,0.0,0.0,0.0
842007.21,0.0,0.0,0.0,0.0,-0.03999999165534973,0.0,0.0,0.0,0.0
842017.211,0.0,0.0,0.0,0.0,-0.03999999165534973,0.0,0.0,0.0,-1.0
842028.201,0.0,-1.0,1.0,0.23999999463558197,-0.03899999335408211,0.0,0.0,0.0,0.0
842038.201,0.0,1.0,-1.0,-0.23999999463558197,-0.03999999165534973,0.0,0.0,0.0,0.0
842049.201,0.0,0.0,0.0,0.0,-0.03999999165534973,0.0,0.0,0.0,3.0
842060.204,0.0,1.0,-1.0,-0.23999999463558197,-0.040999989956617355,0.0,0.0,0.0,0.0
842071.201,0.0,0.0,0.0,0.0,-0.040999989956617355,0.0,0.0,0.0,0.0
842082.205,0.0,0.0,0.0,0.0,-0.040999989956617355,0.0,0.0,0.0,0.0
842093.205,0.0,-1.0,1.0,0.23999999463558197,-0.03999999165534973,0.0,0.0,0.0,0.0
842103.206,0.0,-1.0,1.0,0.23999999463558197,-0.03899999335408211,0.0,0.0,0.0,0.0
842114.204,0.0,0.0,0.0,0.0,-0.03899999335408211,0.0,0.0,0.0,2.0
842125.205,0.0,0.0,0.0,0.0,-0.03899999335408211,0.0,0.0,0.0,1.0
842136.201,0.0,0.0,0.0,0.0,-0.03899999335408211,0.0,0.0,0.0,0.0
842147.205,0.0,0.0,0.0,0.0,-0.03899999335408211,0.0,0.0,0.0,0.0
842158.201,0.0,-1.0,1.0,0.23999999463558197,-0.037999995052814484,0.0,0.0,0.0,1.0
842169.204,0.0,0.0,0.0,0.0,-0.037999995052814484,0.0,0.0,0.0,0.0
842179.205,0.0,0.0,0.0,0.0,-0.037999995052814484,0.0,0.0,0.0,1.0
842189.205,0.0,0.0,0.0,0.0,-0.037999995052814484,0.0,0.0,0.0,0.0
842200.205,0.0,-1.0,1.0,0.23999999463558197,-0.03699999675154686,0.0,0.0,0.0,0.0
842211.209,0.0,0.0,0.0,0.0,-0.03699999675154686,0.0,0.0,0.0,0.0
842222.201,0.0,-1.0,1.0,0.23999999463558197,-0.03599999472498894,0.0,0.0,0.0,1.0
842233.205,0.0,-1.0,1.0,0.23999999463558197,-0.034999996423721313,0.0,0.0,0.0,1.0
842244.205,0.0,0.0,0.0,0.0,-0.034999996423721313,0.0,0.0,0.0,0.0
842255.4,0.0,0.0,0.0,0.0,-0.034999996423721313,0.0,0.0,0.0,1.0
842265.427,0.0,0.0,0.0,0.0,-0.034999996423721313,0.0,0.0,0.0,0.0
842275.428,0.0,0.0,0.0,0.0,-0.034999996423721313,0.0,0.0,0.0,0.0
842286.205,0.0,0.0,0.0,0.0,-0.034999996423721313,0.0,0.0,0.0,-1.0
842297.201,0.0,-1.0,1.0,0.23999999463558197,-0.03399999812245369,0.0,0.0,0.0,0.0
842308.205,0.0,0.0,0.0,0.0,-0.03399999812245369,0.0,0.0,0.0,0.0
842319.204,0.0,0.0,0.0,0.0,-0.03399999812245369,0.0,0.0,0.0,1.0
842329.204,0.0,0.0,0.0,0.0,-0.03399999812245369,0.0,0.0,0.0,1.0
842339.205,0.0,0.0,0.0,0.0,-0.03399999812245369,0.0,0.0,0.0,0.0
842349.206,0.0,0.0,0.0,0.0,-0.03399999812245369,0.0,0.0,0.0,0.0
842359.206,0.0,0.0,0.0,0.0,-0.03399999812245369,0.0,0.0,0.0,0.0
842370.201,0.0,-1.0,1.0,0.23999999463558197,-0.032999999821186066,0.0,0.0,0.0,0.0
842381.205,0.0,0.0,0.0,0.0,-0.032999999821186066,0.0,0.0,0.0,-1.0
842392.205,0.0,2.0,-2.0,-0.47999998927116394,-0.03500000014901161,0.0,0.0,0.0,-1.0
842403.205,0.0,0.0,0.0,0.0,-0.03500000014901161,0.0,0.0,0.0,0.0
842413.206,0.0,-1.0,1.0,0.23999999463558197,-0.03400000184774399,0.0,0.0,0.0,0.0
842423.797,0.0,0.0,0.0,0.0,-0.03400000184774399,0.0,0.0,0.0,1.0
842434.205,0.0,0.0,0.0,0.0,-0.03400000184774399,0.0,0.0,0.0,0.0
842444.206,0.0,0.0,0.0,0.0,-0.03400000184774399,0.0,0.0,0.0,0.0
842454.207,0.0,0.0,0.0,0.0,-0.03400000184774399,0.0,0.0,0.0,0.0
842465.205,0.0,-1.0,1.0,0.23999999463558197,-0.033000003546476364,0.0,0.0,0.0,0.0
842476.201,0.0,0.0,0.0,0.0,-0.033000003546476364,0.0,0.0,0.0,0.0
842486.202,0.0,0.0,0.0,0.0,-0.033000003546476364,0.0,0.0,0.0,1.0
842497.201,0.0,0.0,0.0,0.0,-0.033000003546476364,0.0,0.0,0.0,1.0
842508.205,0.0,0.0,0.0,0.0,-0.033000003546476364,0.0,0.0,0.0,0.0
842519.201,0.0,-1.0,1.0,0.23999999463558197,-0.03200000151991844,0.0,0.0,0.0,-1.0
842529.202,0.0,0.0,0.0,0.0,-0.03200000151991844,0.0,0.0,0.0,-1.0
842539.202,0.0,0.0,0.0,0.0,-0.03200000151991844,0.0,0.0,0.0,-1.0
842550.201,0.0,0.0,0.0,0.0,-0.03200000151991844,0.0,0.0,0.0,0.0
842560.202,0.0,-1.0,1.0,0.23999999463558197,-0.031000003218650818,0.0,0.0,0.0,0.0
842571.205,0.0,0.0,0.0,0.0,-0.031000003218650818,0.0,0.0,0.0,0.0
842582.209,0.0,0.0,0.0,0.0,-0.031000003218650818,0.0,0.0,0.0,0.0
842593.201,0.0,0.0,0.0,0.0,-0.031000003218650818,0.0,0.0,0.0,2.0
842604.325,0.0,0.0,0.0,0.0,-0.031000003218650818,0.0,0.0,0.0,0.0
842614.325,0.0,0.0,0.0,0.0,-0.031000003218650818,0.0,0.0,0.0,1.0
842624.325,0.0,0.0,0.0,0.0,-0.031000003218650818,0.0,0.0,0.0,1.0
842634.325,0.0,1.0,-1.0,-0.23999999463558197,-0.03200000151991844,0.0,0.0,0.0,1.0
842645.201,0.0,0.0,0.0,0.0,-0.03200000151991844,0.0,0.0,0.0,0.0
842656.205,0.0,0.0,0.0,0.0,-0.03200000151991844,0.0,0.0,0.0,0.0
842666.207,0.0,-1.0,1.0,0.23999999463558197,-0.031000003218650818,0.0,0.0,0.0,-1.0
842676.207,0.0,0.0,0.0,0.0,-0.031000003218650818,0.0,0.0,0.0,0.0
842686.632,0.0,0.0,0.0,0.0,-0.031000003218650818,0.0,0.0,0.0,0.0
842696.632,0.0,0.0,0.0,0.0,-0.031000003218650818,0.0,0.0,0.0,-1.0
842706.633,0.0,0.0,0.0,0.0,-0.031000003218650818,0.0,0.0,0.0,-1.0
842717.21,0.0,-1.0,1.0,0.23999999463558197,-0.030000004917383194,0.0,0.0,0.0,0.0
842728.205,0.0,0.0,0.0,0.0,-0.030000004917383194,0.0,0.0,0.0,0.0
842738.206,0.0,0.0,0.0,0.0,-0.030000004917383194,0.0,0.0,0.0,0.0
842748.437,0.0,1.0,-1.0,-0.23999999463558197,-0.031000003218650818,0.0,0.0,0.0,0.0
842758.437,0.0,0.0,0.0,0.0,-0.031000003218650818,0.0,0.0,0.0,0.0
842768.438,0.0,0.0,0.0,0.0,-0.031000003218650818,0.0,0.0,0.0,0.0
842778.439,0.0,0.0,0.0,0.0,-0.031000003218650818,0.0,0.0,0.0,0.0
842788.44,0.0,0.0,0.0,0.0,-0.031000003218650818,0.0,0.0,0.0,0.0
842799.205,0.0,1.0,-1.0,-0.23999999463558197,-0.03200000151991844,0.0,0.0,0.0,1.0
842810.201,0.0,0.0,0.0,0.0,-0.03200000151991844,0.0,0.0,0.0,0.0
842821.205,0.0,0.0,0.0,0.0,-0.03200000151991844,0.0,0.0,0.0,0.0
842832.205,0.0,-1.0,1.0,0.23999999463558197,-0.031000003218650818,0.0,0.0,0.0,0.0
842843.201,0.0,-1.0,1.0,0.23999999463558197,-0.030000004917383194,0.0,0.0,0.0,0.0
842854.204,0.0,-1.0,1.0,0.23999999463558197,-0.02900000475347042,0.0,0.0,0.0,0.0
842864.205,0.0,0.0,0.0,0.0,-0.02900000475347042,0.0,0.0,0.0,0.0
842875.205,0.0,0.0,0.0,0.0,-0.02900000475347042,0.0,0.0,0.0,0.0
842885.205,0.0,0.0,0.0,0.0,-0.02900000475347042,0.0,0.0,0.0,2.0
842895.206,0.0,1.0,-1.0,-0.23999999463558197,-0.030000004917383194,0.0,0.0,0.0,1.0
842905.206,0.0,2.0,-2.0,-0.47999998927116394,-0.03200000524520874,0.0,0.0,0.0,0.0
842915.206,0.0,0.0,0.0,0.0,-0.03200000524520874,0.0,0.0,0.0,0.0
842926.201,0.0,0.0,0.0,0.0,-0.03200000524520874,0.0,0.0,0.0,-1.0
842936.202,0.0,0.0,0.0,0.0,-0.03200000524520874,0.0,0.0,0.0,-1.0
842946.202,0.0,0.0,0.0,0.0,-0.03200000524520874,0.0,0.0,0.0,-1.0
842957.2,0.0,-1.0,1.0,0.23999999463558197,-0.031000006943941116,0.0,0.0,0.0,1.0
842968.204,0.0,0.0,0.0,0.0,-0.031000006943941116,0.0,0.0,0.0,0.0
842978.205,0.0,0.0,0.0,0.0,-0.031000006943941116,0.0,0.0,0.0,0.0
842988.206,0.0,0.0,0.0,0.0,-0.031000006943941116,0.0,0.0,0.0,1.0
842999.204,0.0,0.0,0.0,0.0,-0.031000006943941116,0.0,0.0,0.0,0.0
843009.204,0.0,1.0,-1.0,-0.23999999463558197,-0.03200000524520874,0.0,0.0,0.0,0.0
843019.205,0.0,-1.0,1.0,0.23999999463558197,-0.031000006943941116,0.0,0.0,0.0,0.0
843029.206,0.0,-1.0,1.0,0.23999999463558197,-0.030000006780028343,0.0,0.0,0.0,0.0
843040.1,0.0,1.0,-1.0,-0.23999999463558197,-0.031000006943941116,0.0,0.0,0.0,0.0
843051.2,0.0,1.0,-1.0,-0.23999999463558197,-0.03200000524520874,0.0,0.0,0.0,0.0
843062.205,0.0,-1.0,1.0,0.23999999463558197,-0.031000006943941116,0.0,0.0,0.0,0.0
843073.205,0.0,-1.0,1.0,0.23999999463558197,-0.030000006780028343,0.0,0.0,0.0,0.0
843084.201,0.0,0.0,0.0,0.0,-0.030000006780028343,0.0,0.0,0.0,0.0
843095.216,0.0,0.0,0.0,0.0,-0.030000006780028343,0.0,0.0,0.0,0.0
843105.217,0.0,0.0,0.0,0.0,-0.030000006780028343,0.0,0.0,0.0,1.0
843115.222,0.0,-1.0,1.0,0.23999999463558197,-0.02900000847876072,0.0,0.0,0.0,0.0
843126.205,0.0,0.0,0.0,0.0,-0.02900000847876072,0.0,0.0,0.0,0.0
843136.413,0.0,0.0,0.0,0.0,-0.02900000847876072,0.0,0.0,0.0,0.0
843146.414,0.0,1.0,-1.0,-0.23999999463558197,-0.030000006780028343,0.0,0.0,0.0,1.0
843156.415,0.0,0.0,0.0,0.0,-0.030000006780028343,0.0,0.0,0.0,-2.0
843166.415,0.0,0.0,0.0,0.0,-0.030000006780028343,0.0,0.0,0.0,0.0
843176.416,0.0,-1.0,1.0,0.23999999463558197,-0.02900000847876072,0.0,0.0,0.0,-1.0
843187.205,0.0,0.0,0.0,0.0,-0.02900000847876072,0.0,0.0,0.0,-1.0
843198.052,0.0,1.0,-1.0,-0.23999999463558197,-0.030000006780028343,0.0,0.0,0.0,0.0
843208.053,0.0,2.0,-2.0,-0.47999998927116394,-0.03200000897049904,0.0,0.0,0.0,-1.0
843218.053,0.0,0.0,0.0,0.0,-0.03200000897049904,0.0,0.0,0.0,0.0
843228.206,0.0,0.0,0.0,0.0,-0.03200000897049904,0.0,0.0,0.0,0.0
843238.207,0.0,0.0,0.0,0.0,-0.03200000897049904,0.0,0.0,0.0,0.0
843248.207,0.0,0.0,0.0,0.0,-0.03200000897049904,0.0,0.0,0.0,0.0
843258.208,0.0,0.0,0.0,0.0,-0.03200000897049904,0.0,0.0,0.0,0.0
843268.209,0.0,0.0,0.0,0.0,-0.03200000897049904,0.0,0.0,0.0,0.0
843278.21,0.0,0.0,0.0,0.0,-0.03200000897049904,0.0,0.0,0.0,-1.0
843289.204,0.0,1.0,-1.0,-0.23999999463558197,-0.03300000727176666,0.0,0.0,0.0,0.0
843300.208,0.0,0.0,0.0,0.0,-0.03300000727176666,0.0,0.0,0.0,1.0
843310.208,0.0,0.0,0.0,0.0,-0.03300000727176666,0.0,0.0,0.0,0.0
843322.205,0.0,0.0,0.0,0.0,-0.03300000727176666,0.0,0.0,0.0,0.0
843333.208,0.0,0.0,0.0,0.0,-0.03300000727176666,0.0,0.0,0.0,1.0
843344.157,0.0,0.0,0.0,0.0,-0.03300000727176666,0.0,0.0,0.0,1.0
843354.862,0.0,0.0,0.0,0.0,-0.03300000727176666,0.0,0.0,0.0,1.0
843364.863,0.0,1.0,-1.0,-0.23999999463558197,-0.034000005573034286,0.0,0.0,0.0,0.0
843375.205,0.0,0.0,0.0,0.0,-0.034000005573034286,0.0,0.0,0.0,0.0
843386.2,0.0,0.0,0.0,0.0,-0.034000005573034286,0.0,0.0,0.0,0.0
843397.205,0.0,-1.0,1.0,0.23999999463558197,-0.03300000727176666,0.0,0.0,0.0,0.0
843407.205,0.0,1.0,-1.0,-0.23999999463558197,-0.034000005573034286,0.0,0.0,0.0,0.0
843418.2,0.0,1.0,-1.0,-0.23999999463558197,-0.03500000759959221,0.0,0.0,0.0,0.0
843429.204,0.0,1.0,-1.0,-0.23999999463558197,-0.03600000590085983,0.0,0.0,0.0,-1.0
843439.205,0.0,1.0,-1.0,-0.23999999463558197,-0.03700000420212746,0.0,0.0,0.0,0.0
843449.206,0.0,0.0,0.0,0.0,-0.03700000420212746,0.0,0.0,0.0,0.0
843459.206,0.0,1.0,-1.0,-0.23999999463558197,-0.03800000250339508,0.0,0.0,0.0,0.0
843469.888,0.0,0.0,0.0,0.0,-0.03800000250339508,0.0,0.0,0.0,1.0
843480.201,0.0,0.0,0.0,0.0,-0.03800000250339508,0.0,0.0,0.0,1.0
843490.202,0.0,0.0,0.0,0.0,-0.03800000250339508,0.0,0.0,0.0,0.0
843501.235,0.0,0.0,0.0,0.0,-0.03800000250339508,0.0,0.0,0.0,0.0
843512.201,0.0,0.0,0.0,0.0,-0.03800000250339508,0.0,0.0,0.0,-1.0
843522.202,0.0,0.0,0.0,0.0,-0.03800000250339508,0.0,0.0,0.0,0.0
843533.205,0.0,1.0,-1.0,-0.23999999463558197,-0.039000000804662704,0.0,0.0,0.0,0.0
843544.201,0.0,0.0,0.0,0.0,-0.039000000804662704,0.0,0.0,0.0,0.0
843555.205,0.0,1.0,-1.0,-0.23999999463558197,-0.04000000283122063,0.0,0.0,0.0,-2.0
843565.206,0.0,-1.0,1.0,0.23999999463558197,-0.039000000804662704,0.0,0.0,0.0,0.0
843576.2,0.0,0.0,0.0,0.0,-0.039000000804662704,0.0,0.0,0.0,1.0
843586.2,0.0,0.0,0.0,0.0,-0.039000000804662704,0.0,0.0,0.0,1.0
843596.201,0.0,-1.0,1.0,0.23999999463558197,-0.03800000250339508,0.0,0.0,0.0,0.0
843607.047,0.0,-1.0,1.0,0.23999999463558197,-0.03700000420212746,0.0,0.0,0.0,0.0
843617.047,0.0,0.0,0.0,0.0,-0.03700000420212746,0.0,0.0,0.0,-1.0
843627.048,0.0,0.0,0.0,0.0,-0.03700000420212746,0.0,0.0,0.0,0.0
843637.209,0.0,0.0,0.0,0.0,-0.03700000420212746,0.0,0.0,0.0,1.0
843648.083,0.0,1.0,-1.0,-0.23999999463558197,-0.03800000250339508,0.0,0.0,0.0,-1.0
843658.084,0.0,1.0,-1.0,-0.23999999463558197,-0.039000000804662704,0.0,0.0,0.0,0.0
843668.1,0.0,-1.0,1.0,0.23999999463558197,-0.03800000250339508,0.0,0.0,0.0,0.0
843679.1,0.0,0.0,0.0,0.0,-0.03800000250339508,0.0,0.0,0.0,0.0
843689.101,0.0,0.0,0.0,0.0,-0.03800000250339508,0.0,0.0,0.0,0.0
843699.101,0.0,0.0,0.0,0.0,-0.03800000250339508,0.0,0.0,0.0,0.0
843709.102,0.0,0.0,0.0,0.0,-0.03800000250339508,0.0,0.0,0.0,1.0
843719.102,0.0,0.0,0.0,0.0,-0.03800000250339508,0.0,0.0,0.0,1.0
843730.204,0.0,1.0,-1.0,-0.23999999463558197,-0.039000000804662704,0.0,0.0,0.0,0.0
843741.2,0.0,-1.0,1.0,0.23999999463558197,-0.03800000250339508,0.0,0.0,0.0,0.0
843752.204,0.0,0.0,0.0,0.0,-0.03800000250339508,0.0,0.0,0.0,0.0
843763.208,0.0,0.0,0.0,0.0,-0.03800000250339508,0.0,0.0,0.0,1.0
843774.201,0.0,0.0,0.0,0.0,-0.03800000250339508,0.0,0.0,0.0,1.0
843784.202,0.0,0.0,0.0,0.0,-0.03800000250339508,0.0,0.0,0.0,0.0
843794.203,0.0,0.0,0.0,0.0,-0.03800000250339508,0.0,0.0,0.0,0.0
843804.984,0.0,1.0,-1.0,-0.23999999463558197,-0.039000000804662704,0.0,0.0,0.0,0.0
843814.985,0.0,1.0,-1.0,-0.23999999463558197,-0.04000000283122063,0.0,0.0,0.0,0.0
843825.204,0.0,0.0,0.0,0.0,-0.04000000283122063,0.0,0.0,0.0,0.0
843835.204,0.0,0.0,0.0,0.0,-0.04000000283122063,0.0,0.0,0.0,0.0
843845.205,0.0,0.0,0.0,0.0,-0.04000000283122063,0.0,0.0,0.0,0.0
843855.659,0.0,0.0,0.0,0.0,-0.04000000283122063,0.0,0.0,0.0,-1.0
843865.659,0.0,0.0,0.0,0.0,-0.04000000283122063,0.0,0.0,0.0,0.0
843875.659,0.0,0.0,0.0,0.0,-0.04000000283122063,0.0,0.0,0.0,0.0
843886.205,0.0,0.0,0.0,0.0,-0.04000000283122063,0.0,0.0,0.0,0.0
843897.201,0.0,0.0,0.0,0.0,-0.04000000283122063,0.0,0.0,0.0,1.0
843908.205,0.0,0.0,0.0,0.0,-0.04000000283122063,0.0,0.0,0.0,1.0
843919.201,0.0,0.0,0.0,0.0,-0.04000000283122063,0.0,0.0,0.0,0.0
843929.201,0.0,0.0,0.0,0.0,-0.04000000283122063,0.0,0.0,0.0,0.0
843939.201,0.0,-1.0,1.0,0.23999999463558197,-0.039000000804662704,0.0,0.0,0.0,0.0
843949.201,0.0,1.0,-1.0,-0.23999999463558197,-0.04000000283122063,0.0,0.0,0.0,0.0
843960.201,0.0,1.0,-1.0,-0.23999999463558197,-0.04100000113248825,0.0,0.0,0.0,1.0
843970.201,0.0,1.0,-1.0,-0.23999999463558197,-0.041999999433755875,0.0,0.0,0.0,0.0
843980.202,0.0,0.0,0.0,0.0,-0.041999999433755875,0.0,0.0,0.0,-1.0
843991.205,0.0,0.0,0.0,0.0,-0.041999999433755875,0.0,0.0,0.0,-1.0
844001.206,0.0,0.0,0.0,0.0,-0.041999999433755875,0.0,0.0,0.0,1.0
844011.206,0.0,1.0,-1.0,-0.23999999463558197,-0.0429999977350235,0.0,0.0,0.0,-1.0
844021.207,0.0,0.0,0.0,0.0,-0.0429999977350235,0.0,0.0,0.0,0.0
844032.201,0.0,0.0,0.0,0.0,-0.0429999977350235,0.0,0.0,0.0,0.0
844042.589,0.0,0.0,0.0,0.0,-0.0429999977350235,0.0,0.0,0.0,0.0
844053.205,0.0,0.0,0.0,0.0,-0.0429999977350235,0.0,0.0,0.0,1.0
844063.206,0.0,0.0,0.0,0.0,-0.0429999977350235,0.0,0.0,0.0,0.0
844074.173,0.0,0.0,0.0,0.0,-0.0429999977350235,0.0,0.0,0.0,0.0
844085.205,0.0,0.0,0.0,0.0,-0.0429999977350235,0.0,0.0,0.0,-1.0
844096.212,0.0,0.0,0.0,0.0,-0.0429999977350235,0.0,0.0,0.0,-1.0
844107.177,0.0,1.0,-1.0,-0.23999999463558197,-0.044999998062849045,0.0,0.0,0.0,0.0
844118.204,0.0,-1.0,1.0,0.23999999463558197,-0.04399999603629112,0.0,0.0,0.0,1.0
844129.201,0.0,0.0,0.0,0.0,-0.04399999603629112,0.0,0.0,0.0,0.0
844140.205,0.0,0.0,0.0,0.0,-0.04399999603629112,0.0,0.0,0.0,0.0
844151.205,0.0,0.0,0.0,0.0,-0.04399999603629112,0.0,0.0,0.0,2.0
844162.201,0.0,1.0,-1.0,-0.23999999463558197,-0.044999998062849045,0.0,0.0,0.0,1.0
844173.205,0.0,1.0,-1.0,-0.23999999463558197,-0.04599999636411667,0.0,0.0,0.0,1.0
844183.206,0.0,0.0,0.0,0.0,-0.04599999636411667,0.0,0.0,0.0,-1.0
844194.201,0.0,0.0,0.0,0.0,-0.04599999636411667,0.0,0.0,0.0,-1.0
844205.205,0.0,0.0,0.0,0.0,-0.04599999636411667,0.0,0.0,0.0,0.0
844215.206,0.0,0.0,0.0,0.0,-0.04599999636411667,0.0,0.0,0.0,0.0
844225.207,0.0,-1.0,1.0,0.23999999463558197,-0.044999998062849045,0.0,0.0,0.0,-1.0
844236.205,0.0,1.0,-1.0,-0.23999999463558197,-0.04599999636411667,0.0,0.0,0.0,0.0
844246.205,0.0,1.0,-1.0,-0.23999999463558197,-0.04699999466538429,0.0,0.0,0.0,1.0
844256.206,0.0,-1.0,1.0,0.23999999463558197,-0.04599999636411667,0.0,0.0,0.0,0.0
844266.207,0.0,1.0,-1.0,-0.23999999463558197,-0.04699999466538429,0.0,0.0,0.0,-1.0
844277.173,0.0,0.0,0.0,0.0,-0.04699999466538429,0.0,0.0,0.0,0.0
844288.203,0.0,0.0,0.0,0.0,-0.04699999466538429,0.0,0.0,0.0,0.0
844299.205,0.0,0.0,0.0,0.0,-0.04699999466538429,0.0,0.0,0.0,0.0
844309.206,0.0,0.0,0.0,0.0,-0.04699999466538429,0.0,0.0,0.0,0.0
844320.205,0.0,-1.0,1.0,0.23999999463558197,-0.04599999636411667,0.0,0.0,0.0,1.0
844330.206,0.0,0.0,0.0,0.0,-0.04599999636411667,0.0,0.0,0.0,0.0
844341.205,0.0,0.0,0.0,0.0,-0.04599999636411667,0.0,0.0,0.0,0.0
844352.2,0.0,0.0,0.0,0.0,-0.04599999636411667,0.0,0.0,0.0,-1.0
844362.2,0.0,-2.0,2.0,0.47999998927116394,-0.04399999603629112,0.0,0.0,0.0,-1.0
844373.201,0.0,-1.0,1.0,0.23999999463558197,-0.0429999940097332,0.0,0.0,0.0,-1.0
844383.201,0.0,0.0,0.0,0.0,-0.0429999940097332,0.0,0.0,0.0,0.0
844393.202,0.0,0.0,0.0,0.0,-0.0429999940097332,0.0,0.0,0.0,0.0
844404.201,0.0,0.0,0.0,0.0,-0.0429999940097332,0.0,0.0,0.0,0.0
844415.205,0.0,1.0,-1.0,-0.23999999463558197,-0.04399999603629112,0.0,0.0,0.0,0.0
844425.205,0.0,0.0,0.0,0.0,-0.04399999603629112,0.0,0.0,0.0,0.0
844435.206,0.0,-1.0,1.0,0.23999999463558197,-0.0429999940097332,0.0,0.0,0.0,1.0
844445.207,0.0,-1.0,1.0,0.23999999463558197,-0.041999995708465576,0.0,0.0,0.0,0.0
844456.173,0.0,-1.0,1.0,0.23999999463558197,-0.04099999740719795,0.0,0.0,0.0,0.0
844467.205,0.0,0.0,0.0,0.0,-0.04099999740719795,0.0,0.0,0.0,0.0
844477.205,0.0,-1.0,1.0,0.23999999463558197,-0.03999999910593033,0.0,0.0,0.0,-1.0
844487.206,0.0,-1.0,1.0,0.23999999463558197,-0.039000000804662704,0.0,0.0,0.0,-1.0
844498.2,0.0,0.0,0.0,0.0,-0.039000000804662704,0.0,0.0,0.0,0.0
844509.205,0.0,0.0,0.0,0.0,-0.039000000804662704,0.0,0.0,0.0,0.0
844519.206,0.0,0.0,0.0,0.0,-0.039000000804662704,0.0,0.0,0.0,0.0
844529.207,0.0,0.0,0.0,0.0,-0.039000000804662704,0.0,0.0,0.0,0.0
844540.205,0.0,0.0,0.0,0.0,-0.039000000804662704,0.0,0.0,0.0,-1.0
844551.201,0.0,0.0,0.0,0.0,-0.039000000804662704,0.0,0.0,0.0,-1.0
844562.205,0.0,0.0,0.0,0.0,-0.039000000804662704,0.0,0.0,0.0,1.0
844573.201,0.0,0.0,0.0,0.0,-0.039000000804662704,0.0,0.0,0.0,1.0
844584.204,0.0,0.0,0.0,0.0,-0.039000000804662704,0.0,0.0,0.0,1.0
844594.205,0.0,0.0,0.0,0.0,-0.039000000804662704,0.0,0.0,0.0,-1.0
844605.208,0.0,0.0,0.0,0.0,-0.039000000804662704,0.0,0.0,0.0,0.0
844616.2,0.0,0.0,0.0,0.0,-0.039000000804662704,0.0,0.0,0.0,1.0
844626.201,0.0,1.0,-1.0,-0.23999999463558197,-0.03999999910593033,0.0,0.0,0.0,1.0
844637.173,0.0,0.0,0.0,0.0,-0.03999999910593033,0.0,0.0,0.0,0.0
844647.173,0.0,0.0,0.0,0.0,-0.03999999910593033,0.0,0.0,0.0,1.0
844658.205,0.0,0.0,0.0,0.0,-0.03999999910593033,0.0,0.0,0.0,1.0
844668.206,0.0,1.0,-1.0,-0.23999999463558197,-0.04099999740719795,0.0,0.0,0.0,0.0
844679.205,0.0,1.0,-1.0,-0.23999999463558197,-0.041999995708465576,0.0,0.0,0.0,0.0
844689.206,0.0,0.0,0.0,0.0,-0.041999995708465576,0.0,0.0,0.0,-1.0
844699.206,0.0,0.0,0.0,0.0,-0.041999995708465576,0.0,0.0,0.0,1.0
844710.205,0.0,0.0,0.0,0.0,-0.041999995708465576,0.0,0.0,0.0,0.0
844721.208,0.0,0.0,0.0,0.0,-0.041999995708465576,0.0,0.0,0.0,-1.0
844732.205,0.0,0.0,0.0,0.0,-0.041999995708465576,0.0,0.0,0.0,0.0
844743.205,0.0,-1.0,1.0,0.23999999463558197,-0.04099999740719795,0.0,0.0,0.0,0.0
844754.201,0.0,0.0,0.0,0.0,-0.04099999740719795,0.0,0.0,0.0,0.0
844764.202,0.0,0.0,0.0,0.0,-0.04099999740719795,0.0,0.0,0.0,0.0
844774.203,0.0,0.0,0.0,0.0,-0.04099999740719795,0.0,0.0,0.0,0.0
844784.203,0.0,-1.0,1.0,0.23999999463558197,-0.03999999910593033,0.0,0.0,0.0,0.0
844794.37,0.0,1.0,-1.0,-0.23999999463558197,-0.04099999740719795,0.0,0.0,0.0,0.0
844804.37,0.0,2.0,-2.0,-0.47999998927116394,-0.0429999977350235,0.0,0.0,0.0,-1.0
844815.201,0.0,1.0,-1.0,-0.23999999463558197,-0.04399999603629112,0.0,0.0,0.0,-1.0
844826.205,0.0,0.0,0.0,0.0,-0.04399999603629112,0.0,0.0,0.0,0.0
844837.205,0.0,0.0,0.0,0.0,-0.04399999603629112,0.0,0.0,0.0,0.0
844847.206,0.0,0.0,0.0,0.0,-0.04399999603629112,0.0,0.0,0.0,0.0
844858.205,0.0,1.0,-1.0,-0.23999999463558197,-0.044999998062849045,0.0,0.0,0.0,1.0
844869.204,0.0,0.0,0.0,0.0,-0.044999998062849045,0.0,0.0,0.0,0.0
844880.201,0.0,0.0,0.0,0.0,-0.044999998062849045,0.0,0.0,0.0,0.0
844890.202,0.0,-1.0,1.0,0.23999999463558197,-0.04399999603629112,0.0,0.0,0.0,0.0
844900.203,0.0,0.0,0.0,0.0,-0.04399999603629112,0.0,0.0,0.0,0.0
844910.204,0.0,0.0,0.0,0.0,-0.04399999603629112,0.0,0.0,0.0,0.0
844921.201,0.0,0.0,0.0,0.0,-0.04399999603629112,0.0,0.0,0.0,2.0
844932.205,0.0,0.0,0.0,0.0,-0.04399999603629112,0.0,0.0,0.0,1.0
844942.205,0.0,2.0,-2.0,-0.47999998927116394,-0.04600000008940697,0.0,0.0,0.0,1.0
844952.206,0.0,0.0,0.0,0.0,-0.04600000008940697,0.0,0.0,0.0,0.0
844963.204,0.0,0.0,0.0,0.0,-0.04600000008940697,0.0,0.0,0.0,2.0
844974.383,0.0,1.0,-1.0,-0.23999999463558197,-0.04699999839067459,0.0,0.0,0.0,0.0
844984.383,0.0,0.0,0.0,0.0,-0.04699999839067459,0.0,0.0,0.0,1.0
844995.2,0.0,0.0,0.0,0.0,-0.04699999839067459,0.0,0.0,0.0,0.0
845006.201,0.0,0.0,0.0,0.0,-0.04699999839067459,0.0,0.0,0.0,2.0
845016.202,0.0,1.0,-1.0,-0.23999999463558197,-0.047999996691942215,0.0,0.0,0.0,1.0
845026.202,0.0,0.0,0.0,0.0,-0.047999996691942215,0.0,0.0,0.0,1.0
845037.201,0.0,0.0,0.0,0.0,-0.047999996691942215,0.0,0.0,0.0,1.0
845047.202,0.0,0.0,0.0,0.0,-0.047999996691942215,0.0,0.0,0.0,0.0
845058.201,0.0,0.0,0.0,0.0,-0.047999996691942215,0.0,0.0,0.0,0.0
845068.201,0.0,0.0,0.0,0.0,-0.047999996691942215,0.0,0.0,0.0,0.0
845078.202,0.0,-1.0,1.0,0.23999999463558197,-0.04699999839067459,0.0,0.0,0.0,1.0
845088.202,0.0,-1.0,1.0,0.23999999463558197,-0.04600000008940697,0.0,0.0,0.0,1.0
845098.894,0.0,-1.0,1.0,0.23999999463558197,-0.044999998062849045,0.0,0.0,0.0,0.0
845109.204,0.0,0.0,0.0,0.0,-0.044999998062849045,0.0,0.0,0.0,0.0
845119.204,0.0,0.0,0.0,0.0,-0.044999998062849045,0.0,0.0,0.0,0.0
845130.201,0.0,-1.0,1.0,0.23999999463558197,-0.04399999976158142,0.0,0.0,0.0,0.0
845140.202,0.0,-1.0,1.0,0.23999999463558197,-0.0430000014603138,0.0,0.0,0.0,0.0
845150.203,0.0,1.0,-1.0,-0.23999999463558197,-0.04399999976158142,0.0,0.0,0.0,-1.0
845161.201,0.0,0.0,0.0,0.0,-0.04399999976158142,0.0,0.0,0.0,0.0
845171.202,0.0,0.0,0.0,0.0,-0.04399999976158142,0.0,0.0,0.0,0.0
845182.2,0.0,0.0,0.0,0.0,-0.04399999976158142,0.0,0.0,0.0,0.0
845193.204,0.0,0.0,0.0,0.0,-0.04399999976158142,0.0,0.0,0.0,-1.0
845204.201,0.0,0.0,0.0,0.0,-0.04399999976158142,0.0,0.0,0.0,-1.0
845215.205,0.0,0.0,0.0,0.0,-0.04399999976158142,0.0,0.0,0.0,0.0
845226.205,0.0,0.0,0.0,0.0,-0.04399999976158142,0.0,0.0,0.0,0.0
845237.201,0.0,0.0,0.0,0.0,-0.04399999976158142,0.0,0.0,0.0,-1.0
845247.202,0.0,0.0,0.0,0.0,-0.04399999976158142,0.0,0.0,0.0,0.0
845257.203,0.0,0.0,0.0,0.0,-0.04399999976158142,0.0,0.0,0.0,0.0
845267.226,0.0,0.0,0.0,0.0,-0.04399999976158142,0.0,0.0,0.0,1.0
845277.277,0.0,-1.0,1.0,0.23999999463558197,-0.0430000014603138,0.0,0.0,0.0,1.0
845287.932,0.0,1.0,-1.0,-0.23999999463558197,-0.04399999976158142,0.0,0.0,0.0,0.0
845298.2,0.0,0.0,0.0,0.0,-0.04399999976158142,0.0,0.0,0.0,-1.0
845308.201,0.0,1.0,-1.0,-0.23999999463558197,-0.044999998062849045,0.0,0.0,0.0,0.0
845318.202,0.0,1.0,-1.0,-0.23999999463558197,-0.04600000008940697,0.0,0.0,0.0,1.0
845329.205,0.0,1.0,-1.0,-0.23999999463558197,-0.04699999839067459,0.0,0.0,0.0,1.0
845339.205,0.0,0.0,0.0,0.0,-0.04699999839067459,0.0,0.0,0.0,0.0
845350.2,0.0,0.0,0.0,0.0,-0.04699999839067459,0.0,0.0,0.0,0.0
845360.351,0.0,0.0,0.0,0.0,-0.04699999839067459,0.0,0.0,0.0,0.0
845371.204,0.0,1.0,-1.0,-0.23999999463558197,-0.047999996691942215,0.0,0.0,0.0,0.0
845382.205,0.0,0.0,0.0,0.0,-0.047999996691942215,0.0,0.0,0.0,-1.0
845392.205,0.0,1.0,-1.0,-0.23999999463558197,-0.04899999499320984,0.0,0.0,0.0,1.0
845402.362,0.0,1.0,-1.0,-0.23999999463558197,-0.04999999329447746,0.0,0.0,0.0,1.0
845413.204,0.0,1.0,-1.0,-0.23999999463558197,-0.050999995321035385,0.0,0.0,0.0,0.0
845424.236,0.0,-1.0,1.0,0.23999999463558197,-0.04999999329447746,0.0,0.0,0.0,0.0
845434.236,0.0,-1.0,1.0,0.23999999463558197,-0.04899999499320984,0.0,0.0,0.0,1.0
845445.173,0.0,1.0,-1.0,-0.23999999463558197,-0.04999999329447746,0.0,0.0,0.0,-1.0
845455.173,0.0,1.0,-1.0,-0.23999999463558197,-0.050999995321035385,0.0,0.0,0.0,-1.0
845465.174,0.0,0.0,0.0,0.0,-0.050999995321035385,0.0,0.0,0.0,0.0
845476.219,0.0,0.0,0.0,0.0,-0.050999995321035385,0.0,0.0,0.0,0.0
845487.201,0.0,0.0,0.0,0.0,-0.050999995321035385,0.0,0.0,0.0,-2.0
845497.202,0.0,0.0,0.0,0.0,-0.050999995321035385,0.0,0.0,0.0,-1.0
845508.204,0.0,0.0,0.0,0.0,-0.050999995321035385,0.0,0.0,0.0,0.0
845518.206,0.0,0.0,0.0,0.0,-0.050999995321035385,0.0,0.0,0.0,0.0
845529.204,0.0,0.0,0.0,0.0,-0.050999995321035385,0.0,0.0,0.0,0.0
845539.204,0.0,0.0,0.0,0.0,-0.050999995321035385,0.0,0.0,0.0,2.0
845549.204,0.0,0.0,0.0,0.0,-0.050999995321035385,0.0,0.0,0.0,2.0
845559.204,0.0,2.0,-2.0,-0.47999998927116394,-0.05299999192357063,0.0,0.0,0.0,0.0
845570.173,0.0,0.0,0.0,0.0,-0.05299999192357063,0.0,0.0,0.0,1.0
845580.173,0.0,-1.0,1.0,0.23999999463558197,-0.05199999362230301,0.0,0.0,0.0,1.0
845591.201,0.0,0.0,0.0,0.0,-0.05199999362230301,0.0,0.0,0.0,0.0
845601.201,0.0,0.0,0.0,0.0,-0.05199999362230301,0.0,0.0,0.0,0.0
845612.201,0.0,0.0,0.0,0.0,-0.05199999362230301,0.0,0.0,0.0,0.0
845622.201,0.0,0.0,0.0,0.0,-0.05199999362230301,0.0,0.0,0.0,0.0
845632.202,0.0,0.0,0.0,0.0,-0.05199999362230301,0.0,0.0,0.0,0.0
845642.203,0.0,0.0,0.0,0.0,-0.05199999362230301,0.0,0.0,0.0,0.0
845652.204,0.0,0.0,0.0,0.0,-0.05199999362230301,0.0,0.0,0.0,0.0
845663.205,0.0,0.0,0.0,0.0,-0.05199999362230301,0.0,0.0,0.0,-1.0
845673.206,0.0,1.0,-1.0,-0.23999999463558197,-0.05299999192357063,0.0,0.0,0.0,1.0
845683.207,0.0,0.0,0.0,0.0,-0.05299999192357063,0.0,0.0,0.0,2.0
845694.072,0.0,0.0,0.0,0.0,-0.05299999192357063,0.0,0.0,0.0,1.0
845704.072,0.0,-1.0,1.0,0.23999999463558197,-0.05199999362230301,0.0,0.0,0.0,-1.0
845714.201,0.0,0.0,0.0,0.0,-0.05199999362230301,0.0,0.0,0.0,-1.0
845724.202,0.0,0.0,0.0,0.0,-0.05199999362230301,0.0,0.0,0.0,0.0
845735.204,0.0,0.0,0.0,0.0,-0.05199999362230301,0.0,0.0,0.0,0.0
845746.201,0.0,0.0,0.0,0.0,-0.05199999362230301,0.0,0.0,0.0,0.0
845757.205,0.0,-1.0,1.0,0.23999999463558197,-0.050999995321035385,0.0,0.0,0.0,0.0
845768.217,0.0,0.0,0.0,0.0,-0.050999995321035385,0.0,0.0,0.0,0.0
845779.205,0.0,0.0,0.0,0.0,-0.050999995321035385,0.0,0.0,0.0,1.0
845789.205,0.0,1.0,-1.0,-0.23999999463558197,-0.05199999362230301,0.0,0.0,0.0,-1.0
845799.205,0.0,0.0,0.0,0.0,-0.05199999362230301,0.0,0.0,0.0,-1.0
845809.206,0.0,-1.0,1.0,0.23999999463558197,-0.050999995321035385,0.0,0.0,0.0,-1.0
845819.206,0.0,-1.0,1.0,0.23999999463558197,-0.04999999329447746,0.0,0.0,0.0,0.0
845829.207,0.0,1.0,-1.0,-0.23999999463558197,-0.050999995321035385,0.0,0.0,0.0,2.0
845839.207,0.0,0.0,0.0,0.0,-0.050999995321035385,0.0,0.0,0.0,0.0
845849.207,0.0,0.0,0.0,0.0,-0.050999995321035385,0.0,0.0,0.0,0.0
845859.208,0.0,1.0,-1.0,-0.23999999463558197,-0.05199999362230301,0.0,0.0,0.0,-1.0
845870.205,0.0,-1.0,1.0,0.23999999463558197,-0.050999995321035385,0.0,0.0,0.0,0.0
845880.206,0.0,0.0,0.0,0.0,-0.050999995321035385,0.0,0.0,0.0,0.0
845890.207,0.0,0.0,0.0,0.0,-0.050999995321035385,0.0,0.0,0.0,0.0
845901.204,0.0,1.0,-1.0,-0.23999999463558197,-0.05199999362230301,0.0,0.0,0.0,0.0
845911.204,0.0,1.0,-1.0,-0.23999999463558197,-0.05299999192357063,0.0,0.0,0.0,0.0
845922.201,0.0,-1.0,1.0,0.23999999463558197,-0.05199999362230301,0.0,0.0,0.0,0.0
845932.201,0.0,-1.0,1.0,0.23999999463558197,-0.050999995321035385,0.0,0.0,0.0,0.0
845942.915,0.0,-1.0,1.0,0.23999999463558197,-0.04999999329447746,0.0,0.0,0.0,0.0
845952.915,0.0,-1.0,1.0,0.23999999463558197,-0.04899999499320984,0.0,0.0,0.0,0.0
845963.208,0.0,0.0,0.0,0.0,-0.04899999499320984,0.0,0.0,0.0,2.0
845973.209,0.0,-1.0,1.0,0.23999999463558197,-0.047999996691942215,0.0,0.0,0.0,0.0
845983.21,0.0,0.0,0.0,0.0,-0.047999996691942215,0.0,0.0,0.0,0.0
845994.201,0.0,0.0,0.0,0.0,-0.047999996691942215,0.0,0.0,0.0,0.0
846005.205,0.0,2.0,-2.0,-0.47999998927116394,-0.04999999701976776,0.0,0.0,0.0,0.0
846015.206,0.0,0.0,0.0,0.0,-0.04999999701976776,0.0,0.0,0.0,0.0
846026.205,0.0,0.0,0.0,0.0,-0.04999999701976776,0.0,0.0,0.0,0.0
846036.206,0.0,0.0,0.0,0.0,-0.04999999701976776,0.0,0.0,0.0,0.0
846047.205,0.0,-1.0,1.0,0.23999999463558197,-0.04899999871850014,0.0,0.0,0.0,-2.0
846057.205,0.0,1.0,-1.0,-0.23999999463558197,-0.04999999701976776,0.0,0.0,0.0,0.0
846068.205,0.0,1.0,-1.0,-0.23999999463558197,-0.050999999046325684,0.0,0.0,0.0,0.0
846078.206,0.0,0.0,0.0,0.0,-0.050999999046325684,0.0,0.0,0.0,0.0
846088.206,0.0,0.0,0.0,0.0,-0.050999999046325684,0.0,0.0,0.0,1.0
846098.437,0.0,0.0,0.0,0.0,-0.050999999046325684,0.0,0.0,0.0,0.0
846108.438,0.0,0.0,0.0,0.0,-0.050999999046325684,0.0,0.0,0.0,-1.0
846118.439,0.0,0.0,0.0,0.0,-0.050999999046325684,0.0,0.0,0.0,-1.0
846129.201,0.0,-1.0,1.0,0.23999999463558197,-0.05000000074505806,0.0,0.0,0.0,0.0
846140.205,0.0,0.0,0.0,0.0,-0.05000000074505806,0.0,0.0,0.0,0.0
846151.204,0.0,0.0,0.0,0.0,-0.05000000074505806,0.0,0.0,0.0,1.0
846162.201,0.0,0.0,0.0,0.0,-0.05000000074505806,0.0,0.0,0.0,-2.0
846173.205,0.0,0.0,0.0,0.0,-0.05000000074505806,0.0,0.0,0.0,0.0
846184.201,0.0,0.0,0.0,0.0,-0.05000000074505806,0.0,0.0,0.0,0.0
846194.201,0.0,0.0,0.0,0.0,-0.05000000074505806,0.0,0.0,0.0,0.0
846205.205,0.0,0.0,0.0,0.0,-0.05000000074505806,0.0,0.0,0.0,0.0
846216.2,0.0,1.0,-1.0,-0.23999999463558197,-0.050999999046325684,0.0,0.0,0.0,0.0
846227.204,0.0,0.0,0.0,0.0,-0.050999999046325684,0.0,0.0,0.0,1.0
846238.205,0.0,0.0,0.0,0.0,-0.050999999046325684,0.0,0.0,0.0,-2.0
846248.206,0.0,0.0,0.0,0.0,-0.050999999046325684,0.0,0.0,0.0,0.0
846259.205,0.0,0.0,0.0,0.0,-0.050999999046325684,0.0,0.0,0.0,0.0
846269.206,0.0,0.0,0.0,0.0,-0.050999999046325684,0.0,0.0,0.0,0.0
846280.205,0.0,0.0,0.0,0.0,-0.050999999046325684,0.0,0.0,0.0,0.0
846291.2,0.0,0.0,0.0,0.0,-0.050999999046325684,0.0,0.0,0.0,-1.0
846302.205,0.0,0.0,0.0,0.0,-0.050999999046325684,0.0,0.0,0.0,-1.0
846312.206,0.0,0.0,0.0,0.0,-0.050999999046325684,0.0,0.0,0.0,-1.0
846323.205,0.0,0.0,0.0,0.0,-0.050999999046325684,0.0,0.0,0.0,1.0
846334.201,0.0,0.0,0.0,0.0,-0.050999999046325684,0.0,0.0,0.0,0.0
846345.205,0.0,0.0,0.0,0.0,-0.050999999046325684,0.0,0.0,0.0,1.0
846355.206,0.0,-1.0,1.0,0.23999999463558197,-0.05000000074505806,0.0,0.0,0.0,0.0
846365.207,0.0,0.0,0.0,0.0,-0.05000000074505806,0.0,0.0,0.0,1.0
846376.201,0.0,0.0,0.0,0.0,-0.05000000074505806,0.0,0.0,0.0,1.0
846387.205,0.0,0.0,0.0,0.0,-0.05000000074505806,0.0,0.0,0.0,0.0
846398.201,0.0,0.0,0.0,0.0,-0.05000000074505806,0.0,0.0,0.0,0.0
846408.201,0.0,0.0,0.0,0.0,-0.05000000074505806,0.0,0.0,0.0,-1.0
846419.201,0.0,-1.0,1.0,0.23999999463558197,-0.049000002443790436,0.0,0.0,0.0,0.0
846429.202,0.0,0.0,0.0,0.0,-0.049000002443790436,0.0,0.0,0.0,1.0
846439.203,0.0,1.0,-1.0,-0.23999999463558197,-0.05000000074505806,0.0,0.0,0.0,-1.0
846450.201,0.0,0.0,0.0,0.0,-0.05000000074505806,0.0,0.0,0.0,0.0
846461.204,0.0,-1.0,1.0,0.23999999463558197,-0.049000002443790436,0.0,0.0,0.0,1.0
846472.205,0.0,0.0,0.0,0.0,-0.049000002443790436,0.0,0.0,0.0,0.0
846482.219,0.0,-2.0,2.0,0.47999998927116394,-0.04700000211596489,0.0,0.0,0.0,0.0
846493.225,0.0,0.0,0.0,0.0,-0.04700000211596489,0.0,0.0,0.0,0.0
846503.225,0.0,0.0,0.0,0.0,-0.04700000211596489,0.0,0.0,0.0,0.0
846514.173,0.0,0.0,0.0,0.0,-0.04700000211596489,0.0,0.0,0.0,0.0
846524.174,0.0,0.0,0.0,0.0,-0.04700000211596489,0.0,0.0,0.0,0.0
846535.201,0.0,0.0,0.0,0.0,-0.04700000211596489,0.0,0.0,0.0,0.0
846546.201,0.0,0.0,0.0,0.0,-0.04700000211596489,0.0,0.0,0.0,0.0
846556.202,0.0,0.0,0.0,0.0,-0.04700000211596489,0.0,0.0,0.0,0.0
846567.204,0.0,0.0,0.0,0.0,-0.04700000211596489,0.0,0.0,0.0,0.0
846578.205,0.0,0.0,0.0,0.0,-0.04700000211596489,0.0,0.0,0.0,-2.0
846588.206,0.0,0.0,0.0,0.0,-0.04700000211596489,0.0,0.0,0.0,0.0
846599.205,0.0,0.0,0.0,0.0,-0.04700000211596489,0.0,0.0,0.0,0.0
846609.205,0.0,0.0,0.0,0.0,-0.04700000211596489,0.0,0.0,0.0,0.0
846619.962,0.0,0.0,0.0,0.0,-0.04700000211596489,0.0,0.0,0.0,0.0
846629.962,0.0,0.0,0.0,0.0,-0.04700000211596489,0.0,0.0,0.0,0.0
846640.205,0.0,0.0,0.0,0.0,-0.04700000211596489,0.0,0.0,0.0,-1.0
846651.451,0.0,0.0,0.0,0.0,-0.04700000211596489,0.0,0.0,0.0,-1.0
846662.202,0.0,0.0,0.0,0.0,-0.04700000211596489,0.0,0.0,0.0,-1.0
846674.177,0.0,0.0,0.0,0.0,-0.04700000211596489,0.0,0.0,0.0,0.0
846685.201,0.0,-1.0,1.0,0.23999999463558197,-0.04600000008940697,0.0,0.0,0.0,1.0
846695.201,0.0,-1.0,1.0,0.23999999463558197,-0.04500000178813934,0.0,0.0,0.0,1.0
846705.425,0.0,1.0,-1.0,-0.23999999463558197,-0.04600000008940697,0.0,0.0,0.0,0.0
846715.426,0.0,0.0,0.0,0.0,-0.04600000008940697,0.0,0.0,0.0,0.0
846726.201,0.0,0.0,0.0,0.0,-0.04600000008940697,0.0,0.0,0.0,0.0
846737.205,0.0,0.0,0.0,0.0,-0.04600000008940697,0.0,0.0,0.0,0.0
846747.205,0.0,0.0,0.0,0.0,-0.04600000008940697,0.0,0.0,0.0,-1.0
846758.201,0.0,0.0,0.0,0.0,-0.04600000008940697,0.0,0.0,0.0,-1.0
846768.202,0.0,0.0,0.0,0.0,-0.04600000008940697,0.0,0.0,0.0,0.0
846778.202,0.0,0.0,0.0,0.0,-0.04600000008940697,0.0,0.0,0.0,0.0
846788.203,0.0,0.0,0.0,0.0,-0.04600000008940697,0.0,0.0,0.0,0.0
846799.034,0.0,0.0,0.0,0.0,-0.04600000008940697,0.0,0.0,0.0,0.0
846809.201,0.0,0.0,0.0,0.0,-0.04600000008940697,0.0,0.0,0.0,0.0
846819.202,0.0,0.0,0.0,0.0,-0.04600000008940697,0.0,0.0,0.0,0.0
846829.202,0.0,-1.0,1.0,0.23999999463558197,-0.04500000178813934,0.0,0.0,0.0,0.0
846839.994,0.0,0.0,0.0,0.0,-0.04500000178813934,0.0,0.0,0.0,1.0
846849.994,0.0,0.0,0.0,0.0,-0.04500000178813934,0.0,0.0,0.0,1.0
846860.205,0.0,0.0,0.0,0.0,-0.04500000178813934,0.0,0.0,0.0,0.0
846871.201,0.0,0.0,0.0,0.0,-0.04500000178813934,0.0,0.0,0.0,0.0
846881.201,0.0,0.0,0.0,0.0,-0.04500000178813934,0.0,0.0,0.0,0.0
846892.2,0.0,2.0,-2.0,-0.47999998927116394,-0.04700000211596489,0.0,0.0,0.0,1.0
846902.201,0.0,2.0,-2.0,-0.47999998927116394,-0.049000006169080734,0.0,0.0,0.0,1.0
846913.201,0.0,0.0,0.0,0.0,-0.049000006169080734,0.0,0.0,0.0,1.0
846924.204,0.0,0.0,0.0,0.0,-0.049000006169080734,0.0,0.0,0.0,0.0
846935.204,0.0,0.0,0.0,0.0,-0.049000006169080734,0.0,0.0,0.0,-2.0
846945.205,0.0,0.0,0.0,0.0,-0.049000006169080734,0.0,0.0,0.0,0.0
846955.206,0.0,-1.0,1.0,0.23999999463558197,-0.04800000414252281,0.0,0.0,0.0,0.0
846965.211,0.0,0.0,0.0,0.0,-0.04800000414252281,0.0,0.0,0.0,-2.0
846976.205,0.0,1.0,0.0,0.0,-0.04800000414252281,0.0,0.0,0.0,0.0
846986.206,0.0,1.0,-1.0,-0.23999999463558197,-0.049000006169080734,0.0,0.0,0.0,0.0
846997.016,0.0,-1.0,1.0,0.23999999463558197,-0.049000006169080734,0.0,0.0,0.0,0.0
847007.016,0.0,0.0,0.0,0.0,-0.049000006169080734,0.0,0.0,0.0,0.0
847017.205,0.0,0.0,0.0,0.0,-0.049000006169080734,0.0,0.0,0.0,0.0
847028.2,0.0,0.0,0.0,0.0,-0.049000006169080734,0.0,0.0,0.0,0.0
847039.205,0.0,0.0,0.0,0.0,-0.049000006169080734,0.0,0.0,0.0,0.0
847050.205,0.0,-1.0,1.0,0.23999999463558197,-0.04800000786781311,0.0,0.0,0.0,0.0
847061.201,0.0,-1.0,1.0,0.23999999463558197,-0.047000009566545486,0.0,0.0,0.0,0.0
847072.205,0.0,0.0,0.0,0.0,-0.047000009566545486,0.0,0.0,0.0,1.0
847083.201,0.0,0.0,0.0,0.0,-0.047000009566545486,0.0,0.0,0.0,1.0
847093.202,0.0,0.0,0.0,0.0,-0.047000009566545486,0.0,0.0,0.0,1.0
847104.201,0.0,1.0,-1.0,-0.23999999463558197,-0.04800000786781311,0.0,0.0,0.0,0.0
847114.202,0.0,0.0,0.0,0.0,-0.04800000786781311,0.0,0.0,0.0,0.0
847125.205,0.0,-1.0,1.0,0.23999999463558197,-0.047000009566545486,0.0,0.0,0.0,1.0
847135.205,0.0,1.0,-1.0,-0.23999999463558197,-0.04800000786781311,0.0,0.0,0.0,0.0
847145.205,0.0,1.0,-1.0,-0.23999999463558197,-0.049000006169080734,0.0,0.0,0.0,0.0
847155.205,0.0,0.0,0.0,0.0,-0.049000006169080734,0.0,0.0,0.0,0.0
847165.205,0.0,1.0,-1.0,-0.23999999463558197,-0.05000000819563866,0.0,0.0,0.0,1.0
847176.157,0.0,1.0,-1.0,-0.23999999463558197,-0.05100000649690628,0.0,0.0,0.0,-1.0
847187.2,0.0,1.0,-1.0,-0.23999999463558197,-0.052000004798173904,0.0,0.0,0.0,-1.0
847197.201,0.0,0.0,0.0,0.0,-0.052000004798173904,0.0,0.0,0.0,-1.0
847208.201,0.0,-1.0,1.0,0.23999999463558197,-0.05100000649690628,0.0,0.0,0.0,0.0
847219.204,0.0,0.0,0.0,0.0,-0.05100000649690628,0.0,0.0,0.0,0.0
847230.209,0.0,0.0,0.0,0.0,-0.05100000649690628,0.0,0.0,0.0,0.0
847241.201,0.0,-1.0,1.0,0.23999999463558197,-0.05000000819563866,0.0,0.0,0.0,0.0
847251.201,0.0,0.0,0.0,0.0,-0.05000000819563866,0.0,0.0,0.0,-1.0
847262.201,0.0,0.0,0.0,0.0,-0.05000000819563866,0.0,0.0,0.0,0.0
847273.205,0.0,0.0,0.0,0.0,-0.05000000819563866,0.0,0.0,0.0,-1.0
847284.205,0.0,0.0,0.0,0.0,-0.05000000819563866,0.0,0.0,0.0,-1.0
847294.206,0.0,0.0,0.0,0.0,-0.05000000819563866,0.0,0.0,0.0,0.0
847305.205,0.0,-1.0,1.0,0.23999999463558197,-0.049000006169080734,0.0,0.0,0.0,-1.0
847315.206,0.0,0.0,0.0,0.0,-0.049000006169080734,0.0,0.0,0.0,0.0
847326.201,0.0,1.0,-1.0,-0.23999999463558197,-0.05000000819563866,0.0,0.0,0.0,0.0
847337.205,0.0,0.0,0.0,0.0,-0.05000000819563866,0.0,0.0,0.0,0.0
847348.201,0.0,-1.0,1.0,0.23999999463558197,-0.049000006169080734,0.0,0.0,0.0,0.0
847358.202,0.0,0.0,0.0,0.0,-0.049000006169080734,0.0,0.0,0.0,0.0
847369.201,0.0,0.0,0.0,0.0,-0.049000006169080734,0.0,0.0,0.0,1.0
847379.285,0.0,0.0,0.0,0.0,-0.049000006169080734,0.0,0.0,0.0,1.0
847390.2,0.0,0.0,0.0,0.0,-0.049000006169080734,0.0,0.0,0.0,1.0
847401.173,0.0,0.0,0.0,0.0,-0.049000006169080734,0.0,0.0,0.0,-1.0
847412.173,0.0,0.0,0.0,0.0,-0.049000006169080734,0.0,0.0,0.0,1.0
847423.2,0.0,0.0,0.0,0.0,-0.049000006169080734,0.0,0.0,0.0,0.0
847433.2,0.0,0.0,0.0,0.0,-0.049000006169080734,0.0,0.0,0.0,0.0
847444.201,0.0,0.0,0.0,0.0,-0.049000006169080734,0.0,0.0,0.0,0.0
847454.201,0.0,1.0,-1.0,-0.23999999463558197,-0.05000000819563866,0.0,0.0,0.0,0.0
847465.201,0.0,0.0,0.0,0.0,-0.05000000819563866,0.0,0.0,0.0,0.0
847476.205,0.0,0.0,0.0,0.0,-0.05000000819563866,0.0,0.0,0.0,0.0
847487.205,0.0,0.0,0.0,0.0,-0.05000000819563866,0.0,0.0,0.0,0.0
847498.201,0.0,0.0,0.0,0.0,-0.05000000819563866,0.0,0.0,0.0,0.0
847508.202,0.0,2.0,-2.0,-0.47999998927116394,-0.052000004798173904,0.0,0.0,0.0,1.0
847518.203,0.0,2.0,-2.0,-0.47999998927116394,-0.05400000140070915,0.0,0.0,0.0,1.0
847529.2,0.0,-1.0,1.0,0.23999999463558197,-0.05300000309944153,0.0,0.0,0.0,0.0
847539.2,0.0,0.0,0.0,0.0,-0.05300000309944153,0.0,0.0,0.0,0.0
847549.201,0.0,0.0,0.0,0.0,-0.05300000309944153,0.0,0.0,0.0,0.0
847560.209,0.0,0.0,0.0,0.0,-0.05300000309944153,0.0,0.0,0.0,0.0
847571.104,0.0,1.0,-1.0,-0.23999999463558197,-0.05400000140070915,0.0,0.0,0.0,-1.0
847581.104,0.0,1.0,-1.0,-0.23999999463558197,-0.055000003427267075,0.0,0.0,0.0,0.0
847591.104,0.0,0.0,0.0,0.0,-0.055000003427267075,0.0,0.0,0.0,0.0
847602.1,0.0,-1.0,1.0,0.23999999463558197,-0.05400000140070915,0.0,0.0,0.0,0.0
847613.201,0.0,0.0,0.0,0.0,-0.05400000140070915,0.0,0.0,0.0,1.0
847624.205,0.0,0.0,0.0,0.0,-0.05400000140070915,0.0,0.0,0.0,0.0
847635.201,0.0,0.0,0.0,0.0,-0.05400000140070915,0.0,0.0,0.0,0.0
847646.205,0.0,0.0,0.0,0.0,-0.05400000140070915,0.0,0.0,0.0,0.0
847657.205,0.0,0.0,0.0,0.0,-0.05400000140070915,0.0,0.0,0.0,0.0
847668.201,0.0,0.0,0.0,0.0,-0.05400000140070915,0.0,0.0,0.0,0.0
847679.205,0.0,0.0,0.0,0.0,-0.05400000140070915,0.0,0.0,0.0,0.0
847689.206,0.0,0.0,0.0,0.0,-0.05400000140070915,0.0,0.0,0.0,0.0
847700.201,0.0,0.0,0.0,0.0,-0.05400000140070915,0.0,0.0,0.0,-1.0
847710.856,0.0,0.0,0.0,0.0,-0.05400000140070915,0.0,0.0,0.0,0.0
847721.201,0.0,1.0,0.0,0.0,-0.05400000140070915,0.0,0.0,0.0,1.0
847732.204,0.0,0.0,0.0,0.0,-0.055000003427267075,0.0,0.0,0.0,1.0
847742.205,0.0,0.0,0.0,0.0,-0.055000003427267075,0.0,0.0,0.0,0.0
847752.335,0.0,0.0,0.0,0.0,-0.055000003427267075,0.0,0.0,0.0,0.0
847763.205,0.0,-1.0,1.0,0.23999999463558197,-0.05400000140070915,0.0,0.0,0.0,0.0
847774.2,0.0,0.0,0.0,0.0,-0.05400000140070915,0.0,0.0,0.0,0.0
847785.201,0.0,-1.0,1.0,0.23999999463558197,-0.05300000309944153,0.0,0.0,0.0,1.0
847796.205,0.0,0.0,0.0,0.0,-0.05300000309944153,0.0,0.0,0.0,0.0
847806.206,0.0,-1.0,1.0,0.23999999463558197,-0.052000004798173904,0.0,0.0,0.0,1.0
847817.205,0.0,-1.0,1.0,0.23999999463558197,-0.05100000649690628,0.0,0.0,0.0,0.0
847828.173,0.0,0.0,0.0,0.0,-0.05100000649690628,0.0,0.0,0.0,1.0
847838.173,0.0,0.0,0.0,0.0,-0.05100000649690628,0.0,0.0,0.0,1.0
847848.173,0.0,1.0,-1.0,-0.23999999463558197,-0.052000004798173904,0.0,0.0,0.0,0.0
847859.205,0.0,1.0,-1.0,-0.23999999463558197,-0.05300000309944153,0.0,0.0,0.0,0.0
847869.206,0.0,-1.0,1.0,0.23999999463558197,-0.052000004798173904,0.0,0.0,0.0,0.0
847880.2,0.0,0.0,0.0,0.0,-0.052000004798173904,0.0,0.0,0.0,1.0
847890.201,0.0,0.0,0.0,0.0,-0.052000004798173904,0.0,0.0,0.0,1.0
847901.2,0.0,0.0,0.0,0.0,-0.052000004798173904,0.0,0.0,0.0,0.0
847911.201,0.0,-1.0,1.0,0.23999999463558197,-0.05100000649690628,0.0,0.0,0.0,0.0
847922.2,0.0,0.0,0.0,0.0,-0.05100000649690628,0.0,0.0,0.0,-1.0
847933.205,0.0,0.0,0.0,0.0,-0.05100000649690628,0.0,0.0,0.0,0.0
847944.205,0.0,0.0,0.0,0.0,-0.05100000649690628,0.0,0.0,0.0,0.0
847955.201,0.0,0.0,0.0,0.0,-0.05100000649690628,0.0,0.0,0.0,0.0
847966.205,0.0,0.0,0.0,0.0,-0.05100000649690628,0.0,0.0,0.0,0.0
847976.206,0.0,1.0,-1.0,-0.23999999463558197,-0.052000004798173904,0.0,0.0,0.0,1.0
847986.401,0.0,0.0,0.0,0.0,-0.052000004798173904,0.0,0.0,0.0,0.0
847996.401,0.0,0.0,0.0,0.0,-0.052000004798173904,0.0,0.0,0.0,0.0
848007.205,0.0,0.0,0.0,0.0,-0.052000004798173904,0.0,0.0,0.0,-1.0
848018.201,0.0,-1.0,1.0,0.23999999463558197,-0.05100000649690628,0.0,0.0,0.0,0.0
848029.204,0.0,0.0,0.0,0.0,-0.05100000649690628,0.0,0.0,0.0,0.0
848040.201,0.0,-1.0,1.0,0.23999999463558197,-0.05000000819563866,0.0,0.0,0.0,0.0
848050.201,0.0,0.0,0.0,0.0,-0.05000000819563866,0.0,0.0,0.0,0.0
848061.201,0.0,0.0,0.0,0.0,-0.05000000819563866,0.0,0.0,0.0,-1.0
848071.202,0.0,0.0,0.0,0.0,-0.05000000819563866,0.0,0.0,0.0,0.0
848082.201,0.0,-1.0,1.0,0.23999999463558197,-0.049000006169080734,0.0,0.0,0.0,0.0
848093.205,0.0,0.0,0.0,0.0,-0.049000006169080734,0.0,0.0,0.0,0.0
848104.201,0.0,0.0,0.0,0.0,-0.049000006169080734,0.0,0.0,0.0,0.0
848115.205,0.0,0.0,0.0,0.0,-0.049000006169080734,0.0,0.0,0.0,-1.0
848125.205,0.0,0.0,0.0,0.0,-0.049000006169080734,0.0,0.0,0.0,0.0
848135.206,0.0,1.0,-1.0,-0.23999999463558197,-0.05000000819563866,0.0,0.0,0.0,0.0
848145.207,0.0,0.0,0.0,0.0,-0.05000000819563866,0.0,0.0,0.0,-1.0
848156.208,0.0,-1.0,1.0,0.23999999463558197,-0.049000006169080734,0.0,0.0,0.0,0.0
848166.208,0.0,-1.0,1.0,0.23999999463558197,-0.04800000786781311,0.0,0.0,0.0,0.0
848177.204,0.0,0.0,0.0,0.0,-0.04800000786781311,0.0,0.0,0.0,0.0
848188.201,0.0,1.0,-1.0,-0.23999999463558197,-0.049000006169080734,0.0,0.0,0.0,2.0
848199.205,0.0,0.0,0.0,0.0,-0.049000006169080734,0.0,0.0,0.0,0.0
848210.205,0.0,-1.0,1.0,0.23999999463558197,-0.04800000786781311,0.0,0.0,0.0,-1.0
848221.201,0.0,-1.0,1.0,0.23999999463558197,-0.047000009566545486,0.0,0.0,0.0,0.0
848232.206,0.0,1.0,-1.0,-0.23999999463558197,-0.04800000786781311,0.0,0.0,0.0,1.0
848243.201,0.0,-1.0,1.0,0.23999999463558197,-0.047000009566545486,0.0,0.0,0.0,0.0
848253.842,0.0,-1.0,1.0,0.23999999463558197,-0.04600001126527786,0.0,0.0,0.0,0.0
848264.205,0.0,0.0,0.0,0.0,-0.04600001126527786,0.0,0.0,0.0,0.0
848274.206,0.0,0.0,0.0,0.0,-0.04600001126527786,0.0,0.0,0.0,0.0
848285.201,0.0,-1.0,0.0,0.0,-0.04600001126527786,0.0,0.0,0.0,-1.0
848295.202,0.0,1.0,1.0,0.23999999463558197,-0.04500001296401024,0.0,0.0,0.0,0.0
848305.202,0.0,1.0,-1.0,-0.23999999463558197,-0.04600001126527786,0.0,0.0,0.0,0.0
848316.204,0.0,1.0,-1.0,-0.23999999463558197,-0.04600001126527786,0.0,0.0,0.0,0.0
848326.205,0.0,1.0,-1.0,-0.23999999463558197,-0.047000009566545486,0.0,0.0,0.0,0.0
848336.206,0.0,0.0,0.0,0.0,-0.047000009566545486,0.0,0.0,0.0,0.0
848347.201,0.0,1.0,-1.0,-0.23999999463558197,-0.04800000786781311,0.0,0.0,0.0,0.0
848358.205,0.0,1.0,-1.0,-0.23999999463558197,-0.049000006169080734,0.0,0.0,0.0,-1.0
848369.209,0.0,0.0,0.0,0.0,-0.049000006169080734,0.0,0.0,0.0,0.0
848379.21,0.0,0.0,0.0,0.0,-0.049000006169080734,0.0,0.0,0.0,0.0
848389.211,0.0,0.0,0.0,0.0,-0.049000006169080734,0.0,0.0,0.0,0.0
848399.211,0.0,0.0,0.0,0.0,-0.049000006169080734,0.0,0.0,0.0,1.0
848410.205,0.0,0.0,0.0,0.0,-0.049000006169080734,0.0,0.0,0.0,-1.0
848421.201,0.0,0.0,0.0,0.0,-0.049000006169080734,0.0,0.0,0.0,1.0
848431.202,0.0,0.0,0.0,0.0,-0.049000006169080734,0.0,0.0,0.0,1.0
848441.202,0.0,-2.0,2.0,0.47999998927116394,-0.04700000584125519,0.0,0.0,0.0,0.0
848452.201,0.0,0.0,0.0,0.0,-0.04700000584125519,0.0,0.0,0.0,1.0
848463.205,0.0,0.0,0.0,0.0,-0.04700000584125519,0.0,0.0,0.0,2.0
848473.206,0.0,-1.0,1.0,0.23999999463558197,-0.046000007539987564,0.0,0.0,0.0,0.0
848484.204,0.0,0.0,0.0,0.0,-0.046000007539987564,0.0,0.0,0.0,0.0
848494.205,0.0,-1.0,1.0,0.23999999463558197,-0.04500000923871994,0.0,0.0,0.0,0.0
848504.205,0.0,0.0,0.0,0.0,-0.04500000923871994,0.0,0.0,0.0,0.0
848514.206,0.0,0.0,0.0,0.0,-0.04500000923871994,0.0,0.0,0.0,0.0
848525.173,0.0,0.0,0.0,0.0,-0.04500000923871994,0.0,0.0,0.0,0.0
848536.204,0.0,0.0,0.0,0.0,-0.04500000923871994,0.0,0.0,0.0,0.0
848546.205,0.0,-1.0,1.0,0.23999999463558197,-0.044000010937452316,0.0,0.0,0.0,0.0
848557.205,0.0,0.0,0.0,0.0,-0.044000010937452316,0.0,0.0,0.0,0.0
848568.205,0.0,1.0,-1.0,-0.23999999463558197,-0.04500000923871994,0.0,0.0,0.0,1.0
848579.201,0.0,0.0,0.0,0.0,-0.04500000923871994,0.0,0.0,0.0,0.0
848589.202,0.0,0.0,0.0,0.0,-0.04500000923871994,0.0,0.0,0.0,0.0
848599.202,0.0,0.0,0.0,0.0,-0.04500000923871994,0.0,0.0,0.0,0.0
848609.203,0.0,0.0,0.0,0.0,-0.04500000923871994,0.0,0.0,0.0,0.0
848619.204,0.0,0.0,0.0,0.0,-0.04500000923871994,0.0,0.0,0.0,0.0
848630.026,0.0,0.0,0.0,0.0,-0.04500000923871994,0.0,0.0,0.0,0.0
848640.2,0.0,0.0,0.0,0.0,-0.04500000923871994,0.0,0.0,0.0,0.0
848651.204,0.0,0.0,0.0,0.0,-0.04500000923871994,0.0,0.0,0.0,1.0
848662.311,0.0,0.0,0.0,0.0,-0.04500000923871994,0.0,0.0,0.0,0.0
848672.312,0.0,0.0,0.0,0.0,-0.04500000923871994,0.0,0.0,0.0,0.0
848682.313,0.0,0.0,0.0,0.0,-0.04500000923871994,0.0,0.0,0.0,0.0
848693.2,0.0,0.0,0.0,0.0,-0.04500000923871994,0.0,0.0,0.0,0.0
848704.205,0.0,1.0,-1.0,-0.23999999463558197,-0.046000007539987564,0.0,0.0,0.0,0.0
848715.2,0.0,1.0,-1.0,-0.23999999463558197,-0.04700000584125519,0.0,0.0,0.0,0.0
848725.201,0.0,1.0,-1.0,-0.23999999463558197,-0.04800000414252281,0.0,0.0,0.0,0.0
848735.201,0.0,0.0,0.0,0.0,-0.04800000414252281,0.0,0.0,0.0,0.0
848746.205,0.0,0.0,0.0,0.0,-0.04800000414252281,0.0,0.0,0.0,0.0
848757.2,0.0,0.0,0.0,0.0,-0.04800000414252281,0.0,0.0,0.0,0.0
848768.204,0.0,0.0,0.0,0.0,-0.04800000414252281,0.0,0.0,0.0,1.0
848779.205,0.0,0.0,0.0,0.0,-0.04800000414252281,0.0,0.0,0.0,0.0
848789.206,0.0,1.0,-1.0,-0.23999999463558197,-0.049000006169080734,0.0,0.0,0.0,0.0
848799.206,0.0,0.0,0.0,0.0,-0.049000006169080734,0.0,0.0,0.0,0.0
848809.206,0.0,0.0,0.0,0.0,-0.049000006169080734,0.0,0.0,0.0,0.0
848820.209,0.0,0.0,0.0,0.0,-0.049000006169080734,0.0,0.0,0.0,0.0
848830.21,0.0,0.0,0.0,0.0,-0.049000006169080734,0.0,0.0,0.0,1.0
848841.208,0.0,0.0,0.0,0.0,-0.049000006169080734,0.0,0.0,0.0,0.0
848851.93,0.0,1.0,-1.0,-0.23999999463558197,-0.05000000819563866,0.0,0.0,0.0,0.0
848861.93,0.0,0.0,0.0,0.0,-0.05000000819563866,0.0,0.0,0.0,0.0
848872.201,0.0,0.0,0.0,0.0,-0.05000000819563866,0.0,0.0,0.0,2.0
848883.205,0.0,0.0,0.0,0.0,-0.05000000819563866,0.0,0.0,0.0,0.0
848894.201,0.0,0.0,0.0,0.0,-0.05000000819563866,0.0,0.0,0.0,0.0
848905.205,0.0,0.0,0.0,0.0,-0.05000000819563866,0.0,0.0,0.0,0.0
848915.206,0.0,0.0,0.0,0.0,-0.05000000819563866,0.0,0.0,0.0,0.0
848925.206,0.0,0.0,0.0,0.0,-0.05000000819563866,0.0,0.0,0.0,-1.0
848935.207,0.0,0.0,0.0,0.0,-0.05000000819563866,0.0,0.0,0.0,-1.0
848946.205,0.0,0.0,0.0,0.0,-0.05000000819563866,0.0,0.0,0.0,0.0
848956.205,0.0,0.0,0.0,0.0,-0.05000000819563866,0.0,0.0,0.0,1.0
848967.201,0.0,0.0,0.0,0.0,-0.05000000819563866,0.0,0.0,0.0,0.0
848978.205,0.0,0.0,0.0,0.0,-0.05000000819563866,0.0,0.0,0.0,0.0
848989.201,0.0,-1.0,1.0,0.23999999463558197,-0.049000006169080734,0.0,0.0,0.0,0.0
848999.201,0.0,1.0,-1.0,-0.23999999463558197,-0.05000000819563866,0.0,0.0,0.0,0.0
849009.815,0.0,1.0,-1.0,-0.23999999463558197,-0.05100000649690628,0.0,0.0,0.0,0.0
849019.816,0.0,1.0,-1.0,-0.23999999463558197,-0.052000004798173904,0.0,0.0,0.0,1.0
849029.817,0.0,-1.0,1.0,0.23999999463558197,-0.05100000649690628,0.0,0.0,0.0,0.0
849040.204,0.0,-1.0,1.0,0.23999999463558197,-0.05000000819563866,0.0,0.0,0.0,0.0
849051.201,0.0,0.0,0.0,0.0,-0.05000000819563866,0.0,0.0,0.0,0.0
849061.202,0.0,-1.0,1.0,0.23999999463558197,-0.049000006169080734,0.0,0.0,0.0,0.0
849071.202,0.0,0.0,0.0,0.0,-0.049000006169080734,0.0,0.0,0.0,0.0
849082.205,0.0,0.0,0.0,0.0,-0.049000006169080734,0.0,0.0,0.0,0.0
849092.206,0.0,0.0,0.0,0.0,-0.049000006169080734,0.0,0.0,0.0,0.0
849103.213,0.0,-1.0,1.0,0.23999999463558197,-0.04800000786781311,0.0,0.0,0.0,0.0
849114.205,0.0,-1.0,1.0,0.23999999463558197,-0.047000009566545486,0.0,0.0,0.0,0.0
849124.206,0.0,-1.0,1.0,0.23999999463558197,-0.04600001126527786,0.0,0.0,0.0,0.0
849135.201,0.0,-1.0,1.0,0.23999999463558197,-0.04500001296401024,0.0,0.0,0.0,0.0
849145.202,0.0,0.0,0.0,0.0,-0.04500001296401024,0.0,0.0,0.0,1.0
849155.218,0.0,0.0,0.0,0.0,-0.04500001296401024,0.0,0.0,0.0,0.0
849165.219,0.0,0.0,0.0,0.0,-0.04500001296401024,0.0,0.0,0.0,1.0
849175.22,0.0,-1.0,1.0,0.23999999463558197,-0.044000010937452316,0.0,0.0,0.0,0.0
849185.221,0.0,0.0,0.0,0.0,-0.044000010937452316,0.0,0.0,0.0,1.0
849196.201,0.0,0.0,0.0,0.0,-0.044000010937452316,0.0,0.0,0.0,1.0
849206.201,0.0,1.0,-1.0,-0.23999999463558197,-0.04500001296401024,0.0,0.0,0.0,1.0
849217.205,0.0,1.0,-1.0,-0.23999999463558197,-0.04600001126527786,0.0,0.0,0.0,1.0
849227.205,0.0,0.0,0.0,0.0,-0.04600001126527786,0.0,0.0,0.0,1.0
849237.206,0.0,0.0,0.0,0.0,-0.04600001126527786,0.0,0.0,0.0,1.0
849247.207,0.0,0.0,0.0,0.0,-0.04600001126527786,0.0,0.0,0.0,0.0
849258.2,0.0,0.0,0.0,0.0,-0.04600001126527786,0.0,0.0,0.0,0.0
849269.205,0.0,1.0,-1.0,-0.23999999463558197,-0.047000009566545486,0.0,0.0,0.0,0.0
849279.206,0.0,0.0,0.0,0.0,-0.047000009566545486,0.0,0.0,0.0,0.0
849289.207,0.0,0.0,0.0,0.0,-0.047000009566545486,0.0,0.0,0.0,0.0
849300.2,0.0,0.0,0.0,0.0,-0.047000009566545486,0.0,0.0,0.0,2.0
849310.2,0.0,0.0,0.0,0.0,-0.047000009566545486,0.0,0.0,0.0,-1.0
849321.204,0.0,0.0,0.0,0.0,-0.047000009566545486,0.0,0.0,0.0,0.0
849331.205,0.0,0.0,0.0,0.0,-0.047000009566545486,0.0,0.0,0.0,0.0
849341.206,0.0,0.0,0.0,0.0,-0.047000009566545486,0.0,0.0,0.0,0.0
849351.206,0.0,0.0,0.0,0.0,-0.047000009566545486,0.0,0.0,0.0,0.0
849361.207,0.0,0.0,0.0,0.0,-0.047000009566545486,0.0,0.0,0.0,0.0
849372.418,0.0,0.0,0.0,0.0,-0.047000009566545486,0.0,0.0,0.0,0.0
849383.201,0.0,0.0,0.0,0.0,-0.04600001126527786,0.0,0.0,0.0,0.0
849393.202,0.0,-1.0,1.0,0.23999999463558197,-0.04500001296401024,0.0,0.0,0.0,0.0
849404.2,0.0,1.0,-1.0,-0.23999999463558197,-0.04600001126527786,0.0,0.0,0.0,-1.0
849415.209,0.0,1.0,-1.0,-0.23999999463558197,-0.047000009566545486,0.0,0.0,0.0,-1.0
849425.209,0.0,0.0,0.0,0.0,-0.047000009566545486,0.0,0.0,0.0,-2.0
849435.21,0.0,0.0,0.0,0.0,-0.047000009566545486,0.0,0.0,0.0,0.0
849446.204,0.0,0.0,0.0,0.0,-0.047000009566545486,0.0,0.0,0.0,0.0
849456.205,0.0,0.0,0.0,0.0,-0.047000009566545486,0.0,0.0,0.0,0.0
849466.826,0.0,0.0,0.0,0.0,-0.047000009566545486,0.0,0.0,0.0,0.0
849477.205,0.0,-1.0,1.0,0.23999999463558197,-0.04600001126527786,0.0,0.0,0.0,0.0
849487.206,0.0,0.0,0.0,0.0,-0.04600001126527786,0.0,0.0,0.0,0.0
849498.2,0.0,0.0,0.0,0.0,-0.04600001126527786,0.0,0.0,0.0,0.0
849509.205,0.0,0.0,0.0,0.0,-0.04600001126527786,0.0,0.0,0.0,0.0
849519.206,0.0,0.0,0.0,0.0,-0.04600001126527786,0.0,0.0,0.0,0.0
849529.206,0.0,0.0,0.0,0.0,-0.04600001126527786,0.0,0.0,0.0,0.0
849540.204,0.0,0.0,0.0,0.0,-0.04600001126527786,0.0,0.0,0.0,-1.0
849550.205,0.0,-1.0,1.0,0.23999999463558197,-0.04500001296401024,0.0,0.0,0.0,0.0
849560.205,0.0,0.0,0.0,0.0,-0.04500001296401024,0.0,0.0,0.0,0.0
849571.469,0.0,0.0,0.0,0.0,-0.04500001296401024,0.0,0.0,0.0,0.0
849582.204,0.0,0.0,0.0,0.0,-0.04500001296401024,0.0,0.0,0.0,0.0
849592.205,0.0,-1.0,1.0,0.23999999463558197,-0.044000010937452316,0.0,0.0,0.0,0.0
849603.173,0.0,0.0,0.0,0.0,-0.044000010937452316,0.0,0.0,0.0,0.0
849613.173,0.0,0.0,0.0,0.0,-0.044000010937452316,0.0,0.0,0.0,0.0
849624.204,0.0,0.0,0.0,0.0,-0.044000010937452316,0.0,0.0,0.0,-1.0
849635.201,0.0,0.0,0.0,0.0,-0.044000010937452316,0.0,0.0,0.0,0.0
849645.201,0.0,0.0,0.0,0.0,-0.044000010937452316,0.0,0.0,0.0,0.0
849656.2,0.0,-1.0,1.0,0.23999999463558197,-0.04300001263618469,0.0,0.0,0.0,1.0
849666.201,0.0,0.0,0.0,0.0,-0.04300001263618469,0.0,0.0,0.0,-1.0
849677.2,0.0,0.0,0.0,0.0,-0.04300001263618469,0.0,0.0,0.0,0.0
849687.201,0.0,0.0,0.0,0.0,-0.04300001263618469,0.0,0.0,0.0,0.0
849698.2,0.0,0.0,0.0,0.0,-0.04300001263618469,0.0,0.0,0.0,0.0
849708.201,0.0,0.0,0.0,0.0,-0.04300001263618469,0.0,0.0,0.0,0.0
849719.201,0.0,0.0,0.0,0.0,-0.04300001263618469,0.0,0.0,0.0,0.0
849730.205,0.0,0.0,0.0,0.0,-0.04300001263618469,0.0,0.0,0.0,0.0
849741.395,0.0,0.0,0.0,0.0,-0.04300001263618469,0.0,0.0,0.0,0.0
849751.396,0.0,0.0,0.0,0.0,-0.04300001263618469,0.0,0.0,0.0,0.0
849762.209,0.0,0.0,0.0,0.0,-0.04300001263618469,0.0,0.0,0.0,0.0
849773.157,0.0,0.0,0.0,0.0,-0.04300001263618469,0.0,0.0,0.0,0.0
849783.158,0.0,0.0,0.0,0.0,-0.04300001263618469,0.0,0.0,0.0,0.0
849793.159,0.0,-1.0,1.0,0.23999999463558197,-0.04200001433491707,0.0,0.0,0.0,0.0
849804.205,0.0,-1.0,1.0,0.23999999463558197,-0.041000016033649445,0.0,0.0,0.0,0.0
849815.201,0.0,1.0,-1.0,-0.23999999463558197,-0.04200001433491707,0.0,0.0,0.0,-1.0
849826.205,0.0,0.0,0.0,0.0,-0.041000016033649445,0.0,0.0,0.0,0.0
849837.201,0.0,0.0,0.0,0.0,-0.041000016033649445,0.0,0.0,0.0,0.0
849847.202,0.0,-1.0,1.0,0.23999999463558197,-0.04000001773238182,0.0,0.0,0.0,1.0
849857.202,0.0,0.0,0.0,0.0,-0.04000001773238182,0.0,0.0,0.0,0.0
849867.203,0.0,0.0,0.0,0.0,-0.04000001773238182,0.0,0.0,0.0,0.0
849878.205,0.0,0.0,0.0,0.0,-0.04000001773238182,0.0,0.0,0.0,1.0
849889.201,0.0,0.0,0.0,0.0,-0.04000001773238182,0.0,0.0,0.0,0.0
849899.202,0.0,0.0,0.0,0.0,-0.04000001773238182,0.0,0.0,0.0,0.0
849909.256,0.0,0.0,0.0,0.0,-0.04000001773238182,0.0,0.0,0.0,-1.0
849919.257,0.0,0.0,0.0,0.0,-0.04000001773238182,0.0,0.0,0.0,-1.0
849930.205,0.0,0.0,0.0,0.0,-0.04000001773238182,0.0,0.0,0.0,0.0
849941.173,0.0,0.0,0.0,0.0,-0.04000001773238182,0.0,0.0,0.0,0.0
849951.173,0.0,0.0,0.0,0.0,-0.04000001773238182,0.0,0.0,0.0,0.0
849962.205,0.0,0.0,0.0,0.0,-0.04000001773238182,0.0,0.0,0.0,0.0
849973.201,0.0,0.0,0.0,0.0,-0.04000001773238182,0.0,0.0,0.0,-1.0
849983.201,0.0,0.0,0.0,0.0,-0.04000001773238182,0.0,0.0,0.0,-1.0
849993.201,0.0,0.0,0.0,0.0,-0.04000001773238182,0.0,0.0,0.0,-2.0
850003.202,0.0,0.0,0.0,0.0,-0.04000001773238182,0.0,0.0,0.0,-2.0
850013.202,0.0,0.0,0.0,0.0,-0.04000001773238182,0.0,0.0,0.0,1.0
850024.204,0.0,0.0,0.0,0.0,-0.04000001773238182,0.0,0.0,0.0,0.0
850034.205,0.0,-1.0,1.0,0.23999999463558197,-0.0390000157058239,0.0,0.0,0.0,0.0
850045.205,0.0,-1.0,1.0,0.23999999463558197,-0.038000017404556274,0.0,0.0,0.0,0.0
850055.206,0.0,-1.0,1.0,0.23999999463558197,-0.03700001910328865,0.0,0.0,0.0,0.0
850067.161,0.0,0.0,0.0,0.0,-0.03700001910328865,0.0,0.0,0.0,0.0
850077.161,0.0,0.0,0.0,0.0,-0.03700001910328865,0.0,0.0,0.0,0.0
850087.162,0.0,0.0,0.0,0.0,-0.03700001910328865,0.0,0.0,0.0,0.0
850098.492,0.0,0.0,0.0,0.0,-0.03700001910328865,0.0,0.0,0.0,0.0
850108.492,0.0,-1.0,1.0,0.23999999463558197,-0.03600002080202103,0.0,0.0,0.0,0.0
850119.2,0.0,1.0,-1.0,-0.23999999463558197,-0.03700001910328865,0.0,0.0,0.0,1.0
850129.201,0.0,0.0,0.0,0.0,-0.03700001910328865,0.0,0.0,0.0,0.0
850140.204,0.0,0.0,0.0,0.0,-0.03700001910328865,0.0,0.0,0.0,0.0
850151.2,0.0,0.0,0.0,0.0,-0.03700001910328865,0.0,0.0,0.0,0.0
850162.061,0.0,0.0,0.0,0.0,-0.03700001910328865,0.0,0.0,0.0,-1.0
850172.201,0.0,0.0,0.0,0.0,-0.03700001910328865,0.0,0.0,0.0,-1.0
850182.202,0.0,0.0,0.0,0.0,-0.03700001910328865,0.0,0.0,0.0,-1.0
850193.201,0.0,0.0,0.0,0.0,-0.03700001910328865,0.0,0.0,0.0,0.0
850204.205,0.0,0.0,0.0,0.0,-0.03700001910328865,0.0,0.0,0.0,0.0
850214.206,0.0,0.0,0.0,0.0,-0.03700001910328865,0.0,0.0,0.0,1.0
850225.201,0.0,0.0,0.0,0.0,-0.03700001910328865,0.0,0.0,0.0,0.0
850236.205,0.0,0.0,0.0,0.0,-0.03700001910328865,0.0,0.0,0.0,1.0
850246.205,0.0,0.0,0.0,0.0,-0.03700001910328865,0.0,0.0,0.0,1.0
850256.205,0.0,0.0,0.0,0.0,-0.03700001910328865,0.0,0.0,0.0,0.0
850266.205,0.0,0.0,0.0,0.0,-0.03700001910328865,0.0,0.0,0.0,0.0
850276.206,0.0,0.0,0.0,0.0,-0.03700001910328865,0.0,0.0,0.0,1.0
850286.207,0.0,0.0,0.0,0.0,-0.03700001910328865,0.0,0.0,0.0,1.0
850297.204,0.0,0.0,0.0,0.0,-0.03700001910328865,0.0,0.0,0.0,0.0
850308.201,0.0,0.0,0.0,0.0,-0.03700001910328865,0.0,0.0,0.0,0.0
850318.202,0.0,0.0,0.0,0.0,-0.03700001910328865,0.0,0.0,0.0,0.0
850328.202,0.0,0.0,0.0,0.0,-0.03700001910328865,0.0,0.0,0.0,1.0
850338.202,0.0,0.0,0.0,0.0,-0.03700001910328865,0.0,0.0,0.0,0.0
850349.205,0.0,1.0,-1.0,-0.23999999463558197,-0.038000017404556274,0.0,0.0,0.0,1.0
850360.205,0.0,0.0,0.0,0.0,-0.038000017404556274,0.0,0.0,0.0,0.0
850370.206,0.0,0.0,0.0,0.0,-0.038000017404556274,0.0,0.0,0.0,0.0
850380.67,0.0,0.0,0.0,0.0,-0.038000017404556274,0.0,0.0,0.0,-1.0
850390.67,0.0,0.0,0.0,0.0,-0.038000017404556274,0.0,0.0,0.0,0.0
850400.67,0.0,0.0,0.0,0.0,-0.038000017404556274,0.0,0.0,0.0,2.0
850411.205,0.0,1.0,-1.0,-0.23999999463558197,-0.0390000157058239,0.0,0.0,0.0,0.0
850421.206,0.0,1.0,-1.0,-0.23999999463558197,-0.04000001773238182,0.0,0.0,0.0,0.0
850432.205,0.0,-1.0,1.0,0.23999999463558197,-0.0390000157058239,0.0,0.0,0.0,0.0
850442.206,0.0,0.0,0.0,0.0,-0.0390000157058239,0.0,0.0,0.0,0.0
850453.2,0.0,0.0,0.0,0.0,-0.0390000157058239,0.0,0.0,0.0,0.0
850464.204,0.0,0.0,0.0,0.0,-0.0390000157058239,0.0,0.0,0.0,0.0
850474.205,0.0,0.0,0.0,0.0,-0.0390000157058239,0.0,0.0,0.0,-2.0
850485.201,0.0,1.0,-1.0,-0.23999999463558197,-0.04000001773238182,0.0,0.0,0.0,1.0
850496.204,0.0,0.0,0.0,0.0,-0.04000001773238182,0.0,0.0,0.0,0.0
850507.205,0.0,0.0,0.0,0.0,-0.04000001773238182,0.0,0.0,0.0,0.0
850518.201,0.0,0.0,0.0,0.0,-0.04000001773238182,0.0,0.0,0.0,-1.0
850529.204,0.0,1.0,-1.0,-0.23999999463558197,-0.041000016033649445,0.0,0.0,0.0,0.0
850540.201,0.0,0.0,0.0,0.0,-0.041000016033649445,0.0,0.0,0.0,0.0
850550.202,0.0,-1.0,1.0,0.23999999463558197,-0.04000001773238182,0.0,0.0,0.0,-1.0
850560.203,0.0,0.0,0.0,0.0,-0.04000001773238182,0.0,0.0,0.0,-1.0
850570.204,0.0,0.0,0.0,0.0,-0.04000001773238182,0.0,0.0,0.0,-1.0
850580.204,0.0,0.0,0.0,0.0,-0.04000001773238182,0.0,0.0,0.0,-1.0
850591.205,0.0,0.0,0.0,0.0,-0.041000016033649445,0.0,0.0,0.0,0.0
850601.205,0.0,0.0,0.0,0.0,-0.041000016033649445,0.0,0.0,0.0,0.0
850612.204,0.0,1.0,-1.0,-0.23999999463558197,-0.04200001433491707,0.0,0.0,0.0,0.0
850623.2,0.0,0.0,0.0,0.0,-0.04200001433491707,0.0,0.0,0.0,-2.0
850634.205,0.0,0.0,0.0,0.0,-0.04200001433491707,0.0,0.0,0.0,0.0
850645.205,0.0,0.0,0.0,0.0,-0.04200001433491707,0.0,0.0,0.0,0.0
850655.205,0.0,0.0,0.0,0.0,-0.04200001433491707,0.0,0.0,0.0,0.0
850665.206,0.0,0.0,0.0,0.0,-0.04200001433491707,0.0,0.0,0.0,1.0
850675.206,0.0,0.0,0.0,0.0,-0.04200001433491707,0.0,0.0,0.0,0.0
850686.205,0.0,0.0,0.0,0.0,-0.04200001433491707,0.0,0.0,0.0,0.0
850697.202,0.0,-1.0,1.0,0.23999999463558197,-0.041000016033649445,0.0,0.0,0.0,0.0
850708.205,0.0,-1.0,1.0,0.23999999463558197,-0.04000001773238182,0.0,0.0,0.0,-1.0
850718.206,0.0,0.0,0.0,0.0,-0.04000001773238182,0.0,0.0,0.0,0.0
850729.201,0.0,0.0,0.0,0.0,-0.04000001773238182,0.0,0.0,0.0,-1.0
850739.201,0.0,-1.0,1.0,0.23999999463558197,-0.0390000157058239,0.0,0.0,0.0,0.0
850750.205,0.0,-1.0,1.0,0.23999999463558197,-0.038000017404556274,0.0,0.0,0.0,0.0
850761.157,0.0,0.0,0.0,0.0,-0.038000017404556274,0.0,0.0,0.0,1.0
850772.218,0.0,0.0,0.0,0.0,-0.038000017404556274,0.0,0.0,0.0,0.0
850782.219,0.0,0.0,0.0,0.0,-0.038000017404556274,0.0,0.0,0.0,1.0
850792.22,0.0,1.0,-1.0,-0.23999999463558197,-0.0390000157058239,0.0,0.0,0.0,1.0
850803.1,0.0,0.0,0.0,0.0,-0.0390000157058239,0.0,0.0,0.0,0.0
850814.1,0.0,1.0,-1.0,-0.23999999463558197,-0.04000001773238182,0.0,0.0,0.0,1.0
850824.1,0.0,0.0,0.0,0.0,-0.04000001773238182,0.0,0.0,0.0,-1.0
850834.101,0.0,0.0,0.0,0.0,-0.04000001773238182,0.0,0.0,0.0,0.0
850845.204,0.0,0.0,0.0,0.0,-0.04000001773238182,0.0,0.0,0.0,0.0
850855.204,0.0,0.0,0.0,0.0,-0.04000001773238182,0.0,0.0,0.0,0.0
850866.201,0.0,0.0,0.0,0.0,-0.04000001773238182,0.0,0.0,0.0,0.0
850876.201,0.0,0.0,0.0,0.0,-0.04000001773238182,0.0,0.0,0.0,0.0
850887.201,0.0,0.0,0.0,0.0,-0.04000001773238182,0.0,0.0,0.0,0.0
850898.205,0.0,0.0,0.0,0.0,-0.04000001773238182,0.0,0.0,0.0,-1.0
850908.942,0.0,0.0,0.0,0.0,-0.04000001773238182,0.0,0.0,0.0,0.0
850919.373,0.0,0.0,0.0,0.0,-0.04000001773238182,0.0,0.0,0.0,-1.0
850929.375,0.0,-1.0,1.0,0.23999999463558197,-0.0390000157058239,0.0,0.0,0.0,1.0
850939.376,0.0,0.0,0.0,0.0,-0.0390000157058239,0.0,0.0,0.0,1.0
850950.2,0.0,0.0,0.0,0.0,-0.0390000157058239,0.0,0.0,0.0,0.0
850960.201,0.0,0.0,0.0,0.0,-0.0390000157058239,0.0,0.0,0.0,0.0
850971.205,0.0,0.0,0.0,0.0,-0.0390000157058239,0.0,0.0,0.0,1.0
850981.205,0.0,-1.0,1.0,0.23999999463558197,-0.038000017404556274,0.0,0.0,0.0,0.0
850991.206,0.0,0.0,0.0,0.0,-0.038000017404556274,0.0,0.0,0.0,-1.0
851002.201,0.0,0.0,0.0,0.0,-0.038000017404556274,0.0,0.0,0.0,0.0
851012.201,0.0,1.0,-1.0,-0.23999999463558197,-0.0390000157058239,0.0,0.0,0.0,1.0
851023.204,0.0,0.0,0.0,0.0,-0.0390000157058239,0.0,0.0,0.0,0.0
851033.413,0.0,0.0,0.0,0.0,-0.0390000157058239,0.0,0.0,0.0,-1.0
851043.414,0.0,0.0,0.0,0.0,-0.0390000157058239,0.0,0.0,0.0,0.0
851053.415,0.0,0.0,0.0,0.0,-0.0390000157058239,0.0,0.0,0.0,0.0
851064.213,0.0,0.0,0.0,0.0,-0.0390000157058239,0.0,0.0,0.0,0.0
851074.214,0.0,1.0,-1.0,-0.23999999463558197,-0.04000001773238182,0.0,0.0,0.0,1.0
851084.215,0.0,1.0,-1.0,-0.23999999463558197,-0.041000016033649445,0.0,0.0,0.0,-1.0
851095.1,0.0,0.0,0.0,0.0,-0.041000016033649445,0.0,0.0,0.0,0.0
851105.1,0.0,1.0,-1.0,-0.23999999463558197,-0.04200001433491707,0.0,0.0,0.0,0.0
851116.1,0.0,1.0,-1.0,-0.23999999463558197,-0.04300001263618469,0.0,0.0,0.0,0.0
851127.205,0.0,0.0,0.0,0.0,-0.04300001263618469,0.0,0.0,0.0,1.0
851137.206,0.0,0.0,0.0,0.0,-0.04300001263618469,0.0,0.0,0.0,1.0
851147.207,0.0,0.0,0.0,0.0,-0.04300001263618469,0.0,0.0,0.0,1.0
851157.207,0.0,0.0,0.0,0.0,-0.04300001263618469,0.0,0.0,0.0,-1.0
851168.386,0.0,-1.0,1.0,0.23999999463558197,-0.04200001433491707,0.0,0.0,0.0,-2.0
851178.387,0.0,0.0,0.0,0.0,-0.04200001433491707,0.0,0.0,0.0,0.0
851188.387,0.0,0.0,0.0,0.0,-0.04200001433491707,0.0,0.0,0.0,-1.0
851199.2,0.0,0.0,0.0,0.0,-0.04200001433491707,0.0,0.0,0.0,1.0
851209.2,0.0,0.0,0.0,0.0,-0.04200001433491707,0.0,0.0,0.0,0.0
851219.201,0.0,0.0,0.0,0.0,-0.04200001433491707,0.0,0.0,0.0,1.0
851229.202,0.0,-1.0,1.0,0.23999999463558197,-0.041000016033649445,0.0,0.0,0.0,1.0
851239.203,0.0,0.0,0.0,0.0,-0.041000016033649445,0.0,0.0,0.0,0.0
851250.2,0.0,1.0,-1.0,-0.23999999463558197,-0.04200001433491707,0.0,0.0,0.0,0.0
851261.205,0.0,0.0,0.0,0.0,-0.04200001433491707,0.0,0.0,0.0,0.0
851272.205,0.0,0.0,0.0,0.0,-0.04200001433491707,0.0,0.0,0.0,0.0
851283.201,0.0,1.0,-1.0,-0.23999999463558197,-0.04300001263618469,0.0,0.0,0.0,0.0
851293.201,0.0,1.0,-1.0,-0.23999999463558197,-0.044000010937452316,0.0,0.0,0.0,0.0
851304.205,0.0,1.0,-1.0,-0.23999999463558197,-0.04500001296401024,0.0,0.0,0.0,0.0
851314.206,0.0,0.0,0.0,0.0,-0.04500001296401024,0.0,0.0,0.0,-1.0
851324.319,0.0,0.0,0.0,0.0,-0.04500001296401024,0.0,0.0,0.0,0.0
851334.319,0.0,0.0,0.0,0.0,-0.04500001296401024,0.0,0.0,0.0,1.0
851345.205,0.0,0.0,0.0,0.0,-0.04500001296401024,0.0,0.0,0.0,1.0
851356.216,0.0,-1.0,1.0,0.23999999463558197,-0.044000010937452316,0.0,0.0,0.0,0.0
851367.205,0.0,0.0,0.0,0.0,-0.044000010937452316,0.0,0.0,0.0,0.0
851377.206,0.0,1.0,-1.0,-0.23999999463558197,-0.04500001296401024,0.0,0.0,0.0,0.0
851387.206,0.0,0.0,0.0,0.0,-0.04500001296401024,0.0,0.0,0.0,0.0
851398.201,0.0,0.0,0.0,0.0,-0.04500001296401024,0.0,0.0,0.0,1.0
851409.205,0.0,0.0,0.0,0.0,-0.04500001296401024,0.0,0.0,0.0,0.0
851420.205,0.0,0.0,0.0,0.0,-0.04500001296401024,0.0,0.0,0.0,1.0
851431.202,0.0,0.0,0.0,0.0,-0.04500001296401024,0.0,0.0,0.0,0.0
851442.205,0.0,0.0,0.0,0.0,-0.04500001296401024,0.0,0.0,0.0,0.0
851452.205,0.0,0.0,0.0,0.0,-0.04500001296401024,0.0,0.0,0.0,0.0
851463.201,0.0,0.0,0.0,0.0,-0.04500001296401024,0.0,0.0,0.0,0.0
851474.205,0.0,0.0,0.0,0.0,-0.04500001296401024,0.0,0.0,0.0,0.0
851485.201,0.0,0.0,0.0,0.0,-0.04500001296401024,0.0,0.0,0.0,0.0
851496.205,0.0,2.0,-2.0,-0.47999998927116394,-0.047000013291835785,0.0,0.0,0.0,0.0
851507.215,0.0,0.0,0.0,0.0,-0.047000013291835785,0.0,0.0,0.0,0.0
851518.208,0.0,0.0,0.0,0.0,-0.047000013291835785,0.0,0.0,0.0,0.0
851529.201,0.0,-1.0,1.0,0.23999999463558197,-0.04600001499056816,0.0,0.0,0.0,0.0
851539.282,0.0,-1.0,1.0,0.23999999463558197,-0.04500001296401024,0.0,0.0,0.0,0.0
851549.282,0.0,0.0,0.0,0.0,-0.04500001296401024,0.0,0.0,0.0,0.0
851559.284,0.0,0.0,0.0,0.0,-0.04500001296401024,0.0,0.0,0.0,0.0
851570.204,0.0,-1.0,1.0,0.23999999463558197,-0.044000014662742615,0.0,0.0,0.0,-1.0
851580.205,0.0,0.0,0.0,0.0,-0.044000014662742615,0.0,0.0,0.0,0.0
851591.205,0.0,0.0,0.0,0.0,-0.044000014662742615,0.0,0.0,0.0,-1.0
851601.206,0.0,-1.0,1.0,0.23999999463558197,-0.04300001636147499,0.0,0.0,0.0,0.0
851611.207,0.0,0.0,0.0,0.0,-0.04300001636147499,0.0,0.0,0.0,0.0
851621.207,0.0,0.0,0.0,0.0,-0.04300001636147499,0.0,0.0,0.0,0.0
851632.201,0.0,1.0,-1.0,-0.23999999463558197,-0.044000014662742615,0.0,0.0,0.0,0.0
851643.205,0.0,1.0,-1.0,-0.23999999463558197,-0.04500001296401024,0.0,0.0,0.0,0.0
851653.206,0.0,0.0,0.0,0.0,-0.04500001296401024,0.0,0.0,0.0,1.0
851663.207,0.0,0.0,0.0,0.0,-0.04500001296401024,0.0,0.0,0.0,1.0
851673.208,0.0,-1.0,1.0,0.23999999463558197,-0.044000014662742615,0.0,0.0,0.0,0.0
851684.477,0.0,0.0,0.0,0.0,-0.044000014662742615,0.0,0.0,0.0,0.0
851695.274,0.0,0.0,0.0,0.0,-0.044000014662742615,0.0,0.0,0.0,0.0
851705.275,0.0,0.0,0.0,0.0,-0.044000014662742615,0.0,0.0,0.0,0.0
851716.201,0.0,0.0,0.0,0.0,-0.044000014662742615,0.0,0.0,0.0,0.0
851726.202,0.0,0.0,0.0,0.0,-0.044000014662742615,0.0,0.0,0.0,0.0
851736.203,0.0,0.0,0.0,0.0,-0.044000014662742615,0.0,0.0,0.0,0.0
851746.203,0.0,0.0,0.0,0.0,-0.044000014662742615,0.0,0.0,0.0,0.0
851757.204,0.0,0.0,0.0,0.0,-0.044000014662742615,0.0,0.0,0.0,2.0
851767.204,0.0,0.0,0.0,0.0,-0.044000014662742615,0.0,0.0,0.0,0.0
851778.201,0.0,-1.0,1.0,0.23999999463558197,-0.04300001636147499,0.0,0.0,0.0,0.0
851789.204,0.0,0.0,0.0,0.0,-0.04200001806020737,0.0,0.0,0.0,0.0
851800.201,0.0,0.0,0.0,0.0,-0.04200001806020737,0.0,0.0,0.0,0.0
851811.208,0.0,0.0,0.0,0.0,-0.04200001806020737,0.0,0.0,0.0,0.0
851822.201,0.0,-1.0,1.0,0.23999999463558197,-0.04100001975893974,0.0,0.0,0.0,1.0
851833.205,0.0,-1.0,1.0,0.23999999463558197,-0.04000001773238182,0.0,0.0,0.0,1.0
851843.206,0.0,-1.0,1.0,0.23999999463558197,-0.0390000194311142,0.0,0.0,0.0,0.0
851853.206,0.0,-1.0,1.0,0.23999999463558197,-0.03800002112984657,0.0,0.0,0.0,1.0
851864.2,0.0,-1.0,1.0,0.23999999463558197,-0.03700002282857895,0.0,0.0,0.0,1.0
851874.547,0.0,0.0,0.0,0.0,-0.03700002282857895,0.0,0.0,0.0,1.0
851885.205,0.0,0.0,0.0,0.0,-0.03700002282857895,0.0,0.0,0.0,0.0
851895.205,0.0,0.0,0.0,0.0,-0.03700002282857895,0.0,0.0,0.0,-2.0
851905.206,0.0,0.0,0.0,0.0,-0.03700002282857895,0.0,0.0,0.0,-2.0
851916.2,0.0,0.0,0.0,0.0,-0.03700002282857895,0.0,0.0,0.0,0.0
851926.201,0.0,0.0,0.0,0.0,-0.03700002282857895,0.0,0.0,0.0,0.0
851937.205,0.0,1.0,-1.0,-0.23999999463558197,-0.03800002112984657,0.0,0.0,0.0,0.0
851948.201,0.0,-1.0,1.0,0.23999999463558197,-0.03700002282857895,0.0,0.0,0.0,1.0
851959.205,0.0,0.0,0.0,0.0,-0.03700002282857895,0.0,0.0,0.0,0.0
851970.204,0.0,0.0,0.0,0.0,-0.03700002282857895,0.0,0.0,0.0,0.0
851981.1,0.0,1.0,-1.0,-0.23999999463558197,-0.03800002112984657,0.0,0.0,0.0,-2.0
851991.921,0.0,0.0,0.0,0.0,-0.03800002112984657,0.0,0.0,0.0,0.0
852001.922,0.0,0.0,0.0,0.0,-0.03800002112984657,0.0,0.0,0.0,1.0
852012.086,0.0,0.0,0.0,0.0,-0.03800002112984657,0.0,0.0,0.0,1.0
852022.086,0.0,-1.0,1.0,0.23999999463558197,-0.03700002282857895,0.0,0.0,0.0,0.0
852032.1,0.0,-1.0,1.0,0.23999999463558197,-0.036000024527311325,0.0,0.0,0.0,0.0
852043.1,0.0,1.0,-1.0,-0.23999999463558197,-0.03700002282857895,0.0,0.0,0.0,0.0
852053.1,0.0,0.0,0.0,0.0,-0.03700002282857895,0.0,0.0,0.0,0.0
852063.1,0.0,-1.0,1.0,0.23999999463558197,-0.036000024527311325,0.0,0.0,0.0,0.0
852074.205,0.0,0.0,0.0,0.0,-0.036000024527311325,0.0,0.0,0.0,0.0
852085.2,0.0,0.0,0.0,0.0,-0.036000024527311325,0.0,0.0,0.0,0.0
852095.201,0.0,0.0,0.0,0.0,-0.036000024527311325,0.0,0.0,0.0,0.0
852106.205,0.0,0.0,0.0,0.0,-0.036000024527311325,0.0,0.0,0.0,0.0
852117.2,0.0,0.0,0.0,0.0,-0.036000024527311325,0.0,0.0,0.0,1.0
852127.201,0.0,0.0,0.0,0.0,-0.036000024527311325,0.0,0.0,0.0,0.0
852137.202,0.0,1.0,-1.0,-0.23999999463558197,-0.03700002282857895,0.0,0.0,0.0,1.0
852147.203,0.0,-1.0,1.0,0.23999999463558197,-0.036000024527311325,0.0,0.0,0.0,0.0
852157.204,0.0,-1.0,1.0,0.23999999463558197,-0.0350000225007534,0.0,0.0,0.0,0.0
852168.204,0.0,0.0,0.0,0.0,-0.0350000225007534,0.0,0.0,0.0,0.0
852179.201,0.0,0.0,0.0,0.0,-0.0350000225007534,0.0,0.0,0.0,0.0
852190.337,0.0,0.0,0.0,0.0,-0.0350000225007534,0.0,0.0,0.0,1.0
852200.337,0.0,-1.0,1.0,0.23999999463558197,-0.03400002419948578,0.0,0.0,0.0,0.0
852210.337,0.0,-1.0,1.0,0.23999999463558197,-0.033000025898218155,0.0,0.0,0.0,0.0
852220.337,0.0,-1.0,1.0,0.23999999463558197,-0.03200002759695053,0.0,0.0,0.0,0.0
852231.201,0.0,0.0,0.0,0.0,-0.03200002759695053,0.0,0.0,0.0,0.0
852241.201,0.0,0.0,0.0,0.0,-0.03200002759695053,0.0,0.0,0.0,0.0
852252.203,0.0,0.0,0.0,0.0,-0.03200002759695053,0.0,0.0,0.0,0.0
852263.205,0.0,-1.0,1.0,0.23999999463558197,-0.031000027433037758,0.0,0.0,0.0,0.0
852273.206,0.0,-1.0,1.0,0.23999999463558197,-0.030000029131770134,0.0,0.0,0.0,0.0
852283.207,0.0,0.0,0.0,0.0,-0.030000029131770134,0.0,0.0,0.0,-1.0
852293.347,0.0,0.0,0.0,0.0,-0.030000029131770134,0.0,0.0,0.0,-1.0
852303.347,0.0,0.0,0.0,0.0,-0.030000029131770134,0.0,0.0,0.0,0.0
852313.349,0.0,0.0,0.0,0.0,-0.030000029131770134,0.0,0.0,0.0,-1.0
852324.157,0.0,0.0,0.0,0.0,-0.030000029131770134,0.0,0.0,0.0,0.0
852335.202,0.0,-1.0,1.0,0.23999999463558197,-0.02900002896785736,0.0,0.0,0.0,-1.0
852345.203,0.0,0.0,0.0,0.0,-0.02900002896785736,0.0,0.0,0.0,0.0
852355.617,0.0,0.0,0.0,0.0,-0.02900002896785736,0.0,0.0,0.0,0.0
852366.204,0.0,1.0,-1.0,-0.23999999463558197,-0.030000029131770134,0.0,0.0,0.0,0.0
852376.205,0.0,0.0,0.0,0.0,-0.030000029131770134,0.0,0.0,0.0,0.0
852386.206,0.0,1.0,-1.0,-0.23999999463558197,-0.031000027433037758,0.0,0.0,0.0,0.0
852396.773,0.0,1.0,-1.0,-0.23999999463558197,-0.03200002759695053,0.0,0.0,0.0,0.0
852406.773,0.0,0.0,0.0,0.0,-0.03200002759695053,0.0,0.0,0.0,0.0
852417.209,0.0,1.0,-1.0,-0.23999999463558197,-0.033000025898218155,0.0,0.0,0.0,-1.0
852428.201,0.0,1.0,-1.0,-0.23999999463558197,-0.03400002419948578,0.0,0.0,0.0,0.0
852439.157,0.0,0.0,0.0,0.0,-0.03400002419948578,0.0,0.0,0.0,-1.0
852450.209,0.0,0.0,0.0,0.0,-0.03400002419948578,0.0,0.0,0.0,-1.0
852461.201,0.0,1.0,-1.0,-0.23999999463558197,-0.0350000225007534,0.0,0.0,0.0,0.0
852472.258,0.0,0.0,0.0,0.0,-0.0350000225007534,0.0,0.0,0.0,0.0
852482.259,0.0,0.0,0.0,0.0,-0.0350000225007534,0.0,0.0,0.0,1.0
852493.173,0.0,0.0,0.0,0.0,-0.0350000225007534,0.0,0.0,0.0,1.0
852504.173,0.0,0.0,0.0,0.0,-0.0350000225007534,0.0,0.0,0.0,0.0
852515.173,0.0,-1.0,1.0,0.23999999463558197,-0.03400002419948578,0.0,0.0,0.0,0.0
852526.205,0.0,0.0,0.0,0.0,-0.03400002419948578,0.0,0.0,0.0,0.0
852537.201,0.0,-1.0,1.0,0.23999999463558197,-0.033000025898218155,0.0,0.0,0.0,0.0
852548.204,0.0,0.0,0.0,0.0,-0.033000025898218155,0.0,0.0,0.0,2.0
852559.201,0.0,0.0,0.0,0.0,-0.033000025898218155,0.0,0.0,0.0,0.0
852570.205,0.0,0.0,0.0,0.0,-0.033000025898218155,0.0,0.0,0.0,1.0
852581.201,0.0,0.0,0.0,0.0,-0.033000025898218155,0.0,0.0,0.0,0.0
852591.202,0.0,0.0,0.0,0.0,-0.033000025898218155,0.0,0.0,0.0,0.0
852602.201,0.0,-1.0,1.0,0.23999999463558197,-0.03200002759695053,0.0,0.0,0.0,0.0
852613.205,0.0,0.0,0.0,0.0,-0.03200002759695053,0.0,0.0,0.0,0.0
852623.206,0.0,0.0,0.0,0.0,-0.03200002759695053,0.0,0.0,0.0,0.0
852633.207,0.0,0.0,0.0,0.0,-0.03200002759695053,0.0,0.0,0.0,1.0
852643.208,0.0,1.0,-1.0,-0.23999999463558197,-0.033000025898218155,0.0,0.0,0.0,1.0
852654.201,0.0,-1.0,1.0,0.23999999463558197,-0.03200002759695053,0.0,0.0,0.0,1.0
852664.201,0.0,0.0,0.0,0.0,-0.03200002759695053,0.0,0.0,0.0,0.0
852674.201,0.0,0.0,0.0,0.0,-0.03200002759695053,0.0,0.0,0.0,0.0
852684.201,0.0,1.0,-1.0,-0.23999999463558197,-0.033000025898218155,0.0,0.0,0.0,0.0
852694.201,0.0,1.0,-1.0,-0.23999999463558197,-0.03400002419948578,0.0,0.0,0.0,0.0
852705.201,0.0,0.0,0.0,0.0,-0.0350000225007534,0.0,0.0,0.0,-1.0
852715.202,0.0,0.0,0.0,0.0,-0.0350000225007534,0.0,0.0,0.0,0.0
852726.205,0.0,0.0,0.0,0.0,-0.0350000225007534,0.0,0.0,0.0,0.0
852737.201,0.0,0.0,0.0,0.0,-0.0350000225007534,0.0,0.0,0.0,-1.0
852748.205,0.0,0.0,0.0,0.0,-0.0350000225007534,0.0,0.0,0.0,0.0
852758.206,0.0,0.0,0.0,0.0,-0.0350000225007534,0.0,0.0,0.0,0.0
852769.205,0.0,1.0,-1.0,-0.23999999463558197,-0.036000024527311325,0.0,0.0,0.0,0.0
852780.201,0.0,0.0,0.0,0.0,-0.036000024527311325,0.0,0.0,0.0,0.0
852790.202,0.0,0.0,0.0,0.0,-0.036000024527311325,0.0,0.0,0.0,0.0
852801.201,0.0,0.0,0.0,0.0,-0.036000024527311325,0.0,0.0,0.0,1.0
852812.205,0.0,0.0,0.0,0.0,-0.036000024527311325,0.0,0.0,0.0,0.0
852822.205,0.0,1.0,-1.0,-0.23999999463558197,-0.03700002282857895,0.0,0.0,0.0,0.0
852833.204,0.0,0.0,0.0,0.0,-0.03700002282857895,0.0,0.0,0.0,0.0
852844.209,0.0,0.0,0.0,0.0,-0.03700002282857895,0.0,0.0,0.0,1.0
852854.209,0.0,-1.0,1.0,0.23999999463558197,-0.036000024527311325,0.0,0.0,0.0,0.0
852864.21,0.0,0.0,0.0,0.0,-0.036000024527311325,0.0,0.0,0.0,0.0
852874.211,0.0,0.0,0.0,0.0,-0.036000024527311325,0.0,0.0,0.0,1.0
852885.204,0.0,1.0,-1.0,-0.23999999463558197,-0.03700002282857895,0.0,0.0,0.0,0.0
852895.205,0.0,1.0,-1.0,-0.23999999463558197,-0.03800002112984657,0.0,0.0,0.0,2.0
852906.209,0.0,-1.0,1.0,0.23999999463558197,-0.036000024527311325,0.0,0.0,0.0,-2.0
852917.1,0.0,0.0,0.0,0.0,-0.036000024527311325,0.0,0.0,0.0,-1.0
852928.1,0.0,-1.0,1.0,0.23999999463558197,-0.0350000225007534,0.0,0.0,0.0,1.0
852939.202,0.0,0.0,0.0,0.0,-0.0350000225007534,0.0,0.0,0.0,-1.0
852949.202,0.0,0.0,0.0,0.0,-0.0350000225007534,0.0,0.0,0.0,-1.0
852960.201,0.0,-1.0,1.0,0.23999999463558197,-0.03400002419948578,0.0,0.0,0.0,-1.0
852971.205,0.0,-1.0,1.0,0.23999999463558197,-0.033000025898218155,0.0,0.0,0.0,0.0
852981.206,0.0,-1.0,1.0,0.23999999463558197,-0.03200002759695053,0.0,0.0,0.0,0.0
852992.201,0.0,0.0,0.0,0.0,-0.03200002759695053,0.0,0.0,0.0,0.0
853003.204,0.0,1.0,-1.0,-0.23999999463558197,-0.033000025898218155,0.0,0.0,0.0,-1.0
853013.204,0.0,-1.0,1.0,0.23999999463558197,-0.03200002759695053,0.0,0.0,0.0,0.0
853023.205,0.0,0.0,0.0,0.0,-0.03200002759695053,0.0,0.0,0.0,0.0
853034.201,0.0,0.0,0.0,0.0,-0.03200002759695053,0.0,0.0,0.0,1.0
853045.205,0.0,0.0,0.0,0.0,-0.03200002759695053,0.0,0.0,0.0,0.0
853055.206,0.0,-1.0,1.0,0.23999999463558197,-0.031000027433037758,0.0,0.0,0.0,0.0
853065.207,0.0,1.0,-1.0,-0.23999999463558197,-0.03200002759695053,0.0,0.0,0.0,0.0
853075.207,0.0,1.0,-1.0,-0.23999999463558197,-0.033000025898218155,0.0,0.0,0.0,0.0
853085.207,0.0,1.0,-1.0,-0.23999999463558197,-0.03400002419948578,0.0,0.0,0.0,0.0
853096.213,0.0,1.0,-1.0,-0.23999999463558197,-0.0350000225007534,0.0,0.0,0.0,-1.0
853106.214,0.0,0.0,0.0,0.0,-0.0350000225007534,0.0,0.0,0.0,0.0
853116.215,0.0,0.0,0.0,0.0,-0.0350000225007534,0.0,0.0,0.0,-1.0
853127.2,0.0,0.0,0.0,0.0,-0.0350000225007534,0.0,0.0,0.0,-2.0
853138.205,0.0,-2.0,2.0,0.47999998927116394,-0.033000022172927856,0.0,0.0,0.0,1.0
853148.206,0.0,1.0,-1.0,-0.23999999463558197,-0.03400002047419548,0.0,0.0,0.0,0.0
853158.207,0.0,0.0,0.0,0.0,-0.03400002047419548,0.0,0.0,0.0,0.0
853169.205,0.0,0.0,0.0,0.0,-0.03400002047419548,0.0,0.0,0.0,0.0
853180.008,0.0,0.0,0.0,0.0,-0.03400002047419548,0.0,0.0,0.0,0.0
853190.205,0.0,0.0,0.0,0.0,-0.03400002047419548,0.0,0.0,0.0,-2.0
853200.205,0.0,-1.0,1.0,0.23999999463558197,-0.033000022172927856,0.0,0.0,0.0,-2.0
853211.2,0.0,1.0,-1.0,-0.23999999463558197,-0.03400002047419548,0.0,0.0,0.0,0.0
853222.201,0.0,-2.0,2.0,0.47999998927116394,-0.032000020146369934,0.0,0.0,0.0,0.0
853232.202,0.0,0.0,0.0,0.0,-0.032000020146369934,0.0,0.0,0.0,0.0
853243.2,0.0,1.0,-1.0,-0.23999999463558197,-0.03300001844763756,0.0,0.0,0.0,0.0
853254.204,0.0,1.0,-1.0,-0.23999999463558197,-0.03400002047419548,0.0,0.0,0.0,0.0
853265.201,0.0,0.0,0.0,0.0,-0.03400002047419548,0.0,0.0,0.0,0.0
853276.204,0.0,0.0,0.0,0.0,-0.03400002047419548,0.0,0.0,0.0,0.0
853286.205,0.0,0.0,0.0,0.0,-0.03400002047419548,0.0,0.0,0.0,1.0
853296.206,0.0,0.0,0.0,0.0,-0.03400002047419548,0.0,0.0,0.0,1.0
853307.205,0.0,-1.0,1.0,0.23999999463558197,-0.03300001844763756,0.0,0.0,0.0,0.0
853318.037,0.0,-1.0,1.0,0.23999999463558197,-0.032000020146369934,0.0,0.0,0.0,0.0
853328.201,0.0,0.0,0.0,0.0,-0.032000020146369934,0.0,0.0,0.0,0.0
853339.204,0.0,-1.0,1.0,0.23999999463558197,-0.03100002184510231,0.0,0.0,0.0,0.0
853350.201,0.0,0.0,0.0,0.0,-0.03100002184510231,0.0,0.0,0.0,-1.0
853360.202,0.0,0.0,0.0,0.0,-0.03100002184510231,0.0,0.0,0.0,0.0
853371.202,0.0,0.0,0.0,0.0,-0.03100002184510231,0.0,0.0,0.0,0.0
853381.202,0.0,-1.0,1.0,0.23999999463558197,-0.030000021681189537,0.0,0.0,0.0,-1.0
853391.202,0.0,0.0,0.0,0.0,-0.030000021681189537,0.0,0.0,0.0,0.0
853401.203,0.0,0.0,0.0,0.0,-0.030000021681189537,0.0,0.0,0.0,0.0
853412.205,0.0,0.0,0.0,0.0,-0.030000021681189537,0.0,0.0,0.0,0.0
853422.206,0.0,0.0,0.0,0.0,-0.030000021681189537,0.0,0.0,0.0,0.0
853432.206,0.0,1.0,-1.0,-0.23999999463558197,-0.03100002184510231,0.0,0.0,0.0,0.0
853443.201,0.0,0.0,0.0,0.0,-0.03100002184510231,0.0,0.0,0.0,1.0
853454.205,0.0,0.0,0.0,0.0,-0.03100002184510231,0.0,0.0,0.0,0.0
853465.2,0.0,0.0,0.0,0.0,-0.03100002184510231,0.0,0.0,0.0,0.0
853476.204,0.0,0.0,0.0,0.0,-0.03100002184510231,0.0,0.0,0.0,0.0
853487.205,0.0,0.0,0.0,0.0,-0.03100002184510231,0.0,0.0,0.0,0.0
853498.201,0.0,-1.0,1.0,0.23999999463558197,-0.030000021681189537,0.0,0.0,0.0,0.0
853509.205,0.0,0.0,0.0,0.0,-0.030000021681189537,0.0,0.0,0.0,-1.0
853520.215,0.0,-1.0,1.0,0.23999999463558197,-0.02800002507865429,0.0,0.0,0.0,0.0
853531.205,0.0,0.0,0.0,0.0,-0.02800002507865429,0.0,0.0,0.0,0.0
853541.206,0.0,0.0,0.0,0.0,-0.02800002507865429,0.0,0.0,0.0,0.0
853551.207,0.0,-1.0,1.0,0.23999999463558197,-0.027000024914741516,0.0,0.0,0.0,1.0
853562.2,0.0,-1.0,1.0,0.23999999463558197,-0.026000026613473892,0.0,0.0,0.0,1.0
853572.886,0.0,0.0,0.0,0.0,-0.026000026613473892,0.0,0.0,0.0,1.0
853582.887,0.0,0.0,0.0,0.0,-0.026000026613473892,0.0,0.0,0.0,-1.0
853592.887,0.0,0.0,0.0,0.0,-0.026000026613473892,0.0,0.0,0.0,0.0
853603.205,0.0,0.0,0.0,0.0,-0.026000026613473892,0.0,0.0,0.0,1.0
853613.206,0.0,1.0,-1.0,-0.23999999463558197,-0.027000024914741516,0.0,0.0,0.0,0.0
853624.2,0.0,1.0,-1.0,-0.23999999463558197,-0.02800002507865429,0.0,0.0,0.0,1.0
853635.204,0.0,0.0,0.0,0.0,-0.02800002507865429,0.0,0.0,0.0,0.0
853645.205,0.0,0.0,0.0,0.0,-0.02800002507865429,0.0,0.0,0.0,1.0
853656.205,0.0,-1.0,1.0,0.23999999463558197,-0.027000024914741516,0.0,0.0,0.0,1.0
853667.2,0.0,0.0,0.0,0.0,-0.027000024914741516,0.0,0.0,0.0,1.0
853677.201,0.0,0.0,0.0,0.0,-0.027000024914741516,0.0,0.0,0.0,0.0
853688.205,0.0,0.0,0.0,0.0,-0.027000024914741516,0.0,0.0,0.0,0.0
853699.201,0.0,-1.0,1.0,0.23999999463558197,-0.026000026613473892,0.0,0.0,0.0,-1.0
853710.208,0.0,1.0,-1.0,-0.23999999463558197,-0.027000024914741516,0.0,0.0,0.0,0.0
853720.209,0.0,-1.0,1.0,0.23999999463558197,-0.026000026613473892,0.0,0.0,0.0,0.0
853730.209,0.0,0.0,0.0,0.0,-0.026000026613473892,0.0,0.0,0.0,1.0
853740.314,0.0,0.0,0.0,0.0,-0.026000026613473892,0.0,0.0,0.0,1.0
853751.204,0.0,-1.0,1.0,0.23999999463558197,-0.02500002644956112,0.0,0.0,0.0,0.0
853762.173,0.0,-1.0,1.0,0.23999999463558197,-0.023000026121735573,0.0,0.0,0.0,0.0
853773.173,0.0,-1.0,1.0,0.23999999463558197,-0.0220000259578228,0.0,0.0,0.0,0.0
853783.173,0.0,0.0,0.0,0.0,-0.0220000259578228,0.0,0.0,0.0,1.0
853793.174,0.0,0.0,0.0,0.0,-0.0220000259578228,0.0,0.0,0.0,1.0
853804.205,0.0,0.0,0.0,0.0,-0.0220000259578228,0.0,0.0,0.0,0.0
853814.206,0.0,1.0,-1.0,-0.23999999463558197,-0.023000026121735573,0.0,0.0,0.0,0.0
853824.207,0.0,0.0,0.0,0.0,-0.023000026121735573,0.0,0.0,0.0,1.0
853835.205,0.0,0.0,0.0,0.0,-0.023000026121735573,0.0,0.0,0.0,1.0
853845.206,0.0,0.0,0.0,0.0,-0.023000026121735573,0.0,0.0,0.0,1.0
853856.204,0.0,-1.0,1.0,0.23999999463558197,-0.0220000259578228,0.0,0.0,0.0,1.0
853867.205,0.0,0.0,0.0,0.0,-0.0220000259578228,0.0,0.0,0.0,-1.0
853877.206,0.0,-1.0,1.0,0.23999999463558197,-0.021000025793910027,0.0,0.0,0.0,-1.0
853887.207,0.0,0.0,0.0,0.0,-0.021000025793910027,0.0,0.0,0.0,-1.0
853898.157,0.0,0.0,0.0,0.0,-0.021000025793910027,0.0,0.0,0.0,0.0
853908.158,0.0,-1.0,1.0,0.23999999463558197,-0.020000023767352104,0.0,0.0,0.0,1.0
853918.159,0.0,-1.0,1.0,0.23999999463558197,-0.01900002360343933,0.0,0.0,0.0,1.0
853929.205,0.0,0.0,0.0,0.0,-0.01900002360343933,0.0,0.0,0.0,1.0
853940.201,0.0,0.0,0.0,0.0,-0.01900002360343933,0.0,0.0,0.0,0.0
853951.205,0.0,0.0,0.0,0.0,-0.01900002360343933,0.0,0.0,0.0,1.0
853962.205,0.0,0.0,0.0,0.0,-0.01900002360343933,0.0,0.0,0.0,1.0
853972.205,0.0,0.0,0.0,0.0,-0.01900002360343933,0.0,0.0,0.0,0.0
853983.206,0.0,1.0,-1.0,-0.23999999463558197,-0.020000023767352104,0.0,0.0,0.0,-1.0
853993.207,0.0,-1.0,-1.0,-0.23999999463558197,-0.020000023767352104,0.0,0.0,0.0,1.0
854003.209,0.0,-1.0,1.0,0.23999999463558197,-0.01900002360343933,0.0,0.0,0.0,1.0
854013.21,0.0,0.0,0.0,0.0,-0.01900002360343933,0.0,0.0,0.0,1.0
854024.104,0.0,0.0,0.0,0.0,-0.01900002360343933,0.0,0.0,0.0,-1.0
854035.1,0.0,0.0,0.0,0.0,-0.01900002360343933,0.0,0.0,0.0,0.0
854045.352,0.0,0.0,0.0,0.0,-0.01900002360343933,0.0,0.0,0.0,0.0
854056.205,0.0,0.0,0.0,0.0,-0.01900002360343933,0.0,0.0,0.0,0.0
854066.206,0.0,0.0,0.0,0.0,-0.01900002360343933,0.0,0.0,0.0,1.0
854077.205,0.0,1.0,-1.0,-0.23999999463558197,-0.020000023767352104,0.0,0.0,0.0,0.0
854088.157,0.0,0.0,0.0,0.0,-0.020000023767352104,0.0,0.0,0.0,-1.0
854098.158,0.0,0.0,0.0,0.0,-0.020000023767352104,0.0,0.0,0.0,0.0
854109.205,0.0,0.0,0.0,0.0,-0.020000023767352104,0.0,0.0,0.0,0.0
854120.201,0.0,0.0,0.0,0.0,-0.020000023767352104,0.0,0.0,0.0,-2.0
854131.205,0.0,0.0,0.0,0.0,-0.020000023767352104,0.0,0.0,0.0,0.0
854142.2,0.0,0.0,0.0,0.0,-0.020000023767352104,0.0,0.0,0.0,-2.0
854152.2,0.0,0.0,0.0,0.0,-0.020000023767352104,0.0,0.0,0.0,-2.0
854162.2,0.0,0.0,0.0,0.0,-0.020000023767352104,0.0,0.0,0.0,0.0
854172.201,0.0,0.0,0.0,0.0,-0.020000023767352104,0.0,0.0,0.0,0.0
854182.202,0.0,0.0,0.0,0.0,-0.020000023767352104,0.0,0.0,0.0,0.0
854192.948,0.0,-1.0,1.0,0.23999999463558197,-0.01900002360343933,0.0,0.0,0.0,1.0
854202.949,0.0,-1.0,1.0,0.23999999463558197,-0.018000023439526558,0.0,0.0,0.0,0.0
854213.2,0.0,-1.0,1.0,0.23999999463558197,-0.017000023275613785,0.0,0.0,0.0,0.0
854223.2,0.0,0.0,0.0,0.0,-0.017000023275613785,0.0,0.0,0.0,0.0
854233.201,0.0,0.0,0.0,0.0,-0.017000023275613785,0.0,0.0,0.0,0.0
854244.205,0.0,1.0,-1.0,-0.23999999463558197,-0.018000023439526558,0.0,0.0,0.0,0.0
854255.212,0.0,0.0,0.0,0.0,-0.018000023439526558,0.0,0.0,0.0,-1.0
854265.213,0.0,-1.0,1.0,0.23999999463558197,-0.017000023275613785,0.0,0.0,0.0,0.0
854276.1,0.0,0.0,0.0,0.0,-0.017000023275613785,0.0,0.0,0.0,1.0
854286.101,0.0,1.0,-1.0,-0.23999999463558197,-0.018000023439526558,0.0,0.0,0.0,-1.0
854297.205,0.0,0.0,0.0,0.0,-0.018000023439526558,0.0,0.0,0.0,0.0
854307.206,0.0,0.0,0.0,0.0,-0.018000023439526558,0.0,0.0,0.0,0.0
854317.207,0.0,0.0,0.0,0.0,-0.018000023439526558,0.0,0.0,0.0,0.0
854328.205,0.0,0.0,0.0,0.0,-0.018000023439526558,0.0,0.0,0.0,0.0
854338.205,0.0,0.0,0.0,0.0,-0.018000023439526558,0.0,0.0,0.0,0.0
854348.255,0.0,1.0,-1.0,-0.23999999463558197,-0.01900002360343933,0.0,0.0,0.0,0.0
854358.256,0.0,0.0,0.0,0.0,-0.01900002360343933,0.0,0.0,0.0,-1.0
854369.205,0.0,-1.0,1.0,0.23999999463558197,-0.018000023439526558,0.0,0.0,0.0,1.0
854380.201,0.0,-1.0,1.0,0.23999999463558197,-0.017000023275613785,0.0,0.0,0.0,0.0
854391.201,0.0,0.0,0.0,0.0,-0.017000023275613785,0.0,0.0,0.0,0.0
854402.204,0.0,0.0,0.0,0.0,-0.017000023275613785,0.0,0.0,0.0,0.0
854413.201,0.0,0.0,0.0,0.0,-0.017000023275613785,0.0,0.0,0.0,0.0
854424.205,0.0,0.0,0.0,0.0,-0.017000023275613785,0.0,0.0,0.0,0.0
854435.201,0.0,0.0,0.0,0.0,-0.017000023275613785,0.0,0.0,0.0,-1.0
854446.204,0.0,0.0,0.0,0.0,-0.017000023275613785,0.0,0.0,0.0,-1.0
854456.205,0.0,0.0,0.0,0.0,-0.017000023275613785,0.0,0.0,0.0,-1.0
854466.206,0.0,-1.0,1.0,0.23999999463558197,-0.01600002311170101,0.0,0.0,0.0,0.0
854477.2,0.0,0.0,0.0,0.0,-0.01800002157688141,0.0,0.0,0.0,-1.0
854487.201,0.0,0.0,0.0,0.0,-0.01800002157688141,0.0,0.0,0.0,0.0
854498.201,0.0,0.0,0.0,0.0,-0.01800002157688141,0.0,0.0,0.0,-1.0
854509.204,0.0,-1.0,1.0,0.23999999463558197,-0.017000021412968636,0.0,0.0,0.0,0.0
854519.205,0.0,0.0,0.0,0.0,-0.017000021412968636,0.0,0.0,0.0,0.0
854529.206,0.0,0.0,0.0,0.0,-0.017000021412968636,0.0,0.0,0.0,0.0
854540.201,0.0,0.0,0.0,0.0,-0.017000021412968636,0.0,0.0,0.0,0.0
854551.266,0.0,0.0,0.0,0.0,-0.017000021412968636,0.0,0.0,0.0,0.0
854561.267,0.0,0.0,0.0,0.0,-0.017000021412968636,0.0,0.0,0.0,0.0
854571.268,0.0,1.0,-1.0,-0.23999999463558197,-0.01800002157688141,0.0,0.0,0.0,1.0
854582.204,0.0,0.0,0.0,0.0,-0.01800002157688141,0.0,0.0,0.0,0.0
854593.205,0.0,1.0,-1.0,-0.23999999463558197,-0.019000021740794182,0.0,0.0,0.0,1.0
854603.205,0.0,0.0,0.0,0.0,-0.019000021740794182,0.0,0.0,0.0,0.0
854613.206,0.0,0.0,0.0,0.0,-0.019000021740794182,0.0,0.0,0.0,0.0
854624.205,0.0,0.0,0.0,0.0,-0.019000021740794182,0.0,0.0,0.0,2.0
854635.201,0.0,0.0,0.0,0.0,-0.019000021740794182,0.0,0.0,0.0,1.0
854646.205,0.0,0.0,0.0,0.0,-0.019000021740794182,0.0,0.0,0.0,1.0
854656.206,0.0,0.0,0.0,0.0,-0.019000021740794182,0.0,0.0,0.0,0.0
854667.201,0.0,-1.0,1.0,0.23999999463558197,-0.01800002157688141,0.0,0.0,0.0,-1.0
854678.204,0.0,0.0,0.0,0.0,-0.01800002157688141,0.0,0.0,0.0,0.0
854689.201,0.0,0.0,0.0,0.0,-0.01800002157688141,0.0,0.0,0.0,0.0
854699.202,0.0,0.0,0.0,0.0,-0.01800002157688141,0.0,0.0,0.0,0.0
854709.202,0.0,0.0,0.0,0.0,-0.01800002157688141,0.0,0.0,0.0,0.0
854719.202,0.0,-1.0,1.0,0.23999999463558197,-0.017000021412968636,0.0,0.0,0.0,0.0
854729.425,0.0,-1.0,1.0,0.23999999463558197,-0.016000021249055862,0.0,0.0,0.0,0.0
854739.426,0.0,0.0,0.0,0.0,-0.016000021249055862,0.0,0.0,0.0,0.0
854750.201,0.0,0.0,0.0,0.0,-0.016000021249055862,0.0,0.0,0.0,1.0
854760.202,0.0,-1.0,1.0,0.23999999463558197,-0.015000020153820515,0.0,0.0,0.0,1.0
854771.204,0.0,0.0,0.0,0.0,-0.015000020153820515,0.0,0.0,0.0,1.0
854782.201,0.0,0.0,0.0,0.0,-0.015000020153820515,0.0,0.0,0.0,1.0
854792.202,0.0,-1.0,1.0,0.23999999463558197,-0.014000019989907742,0.0,0.0,0.0,0.0
854803.2,0.0,0.0,0.0,0.0,-0.014000019989907742,0.0,0.0,0.0,0.0
854814.205,0.0,0.0,0.0,0.0,-0.014000019989907742,0.0,0.0,0.0,0.0
854824.206,0.0,0.0,0.0,0.0,-0.014000019989907742,0.0,0.0,0.0,1.0
854835.205,0.0,-1.0,1.0,0.23999999463558197,-0.013000018894672394,0.0,0.0,0.0,-1.0
854846.201,0.0,0.0,0.0,0.0,-0.013000018894672394,0.0,0.0,0.0,0.0
854857.205,0.0,1.0,-1.0,-0.23999999463558197,-0.014000019989907742,0.0,0.0,0.0,0.0
854868.205,0.0,0.0,0.0,0.0,-0.014000019989907742,0.0,0.0,0.0,2.0
854879.201,0.0,0.0,1.0,0.23999999463558197,-0.013000018894672394,0.0,0.0,0.0,0.0
854889.201,0.0,0.0,0.0,0.0,-0.013000018894672394,0.0,0.0,0.0,0.0
854900.2,0.0,0.0,0.0,0.0,-0.013000018894672394,0.0,0.0,0.0,0.0
854911.209,0.0,0.0,0.0,0.0,-0.013000018894672394,0.0,0.0,0.0,0.0
854921.21,0.0,0.0,0.0,0.0,-0.013000018894672394,0.0,0.0,0.0,0.0
854931.211,0.0,0.0,0.0,0.0,-0.013000018894672394,0.0,0.0,0.0,0.0
854942.157,0.0,-1.0,1.0,0.23999999463558197,-0.012000019662082195,0.0,0.0,0.0,0.0
854952.158,0.0,-1.0,1.0,0.23999999463558197,-0.011000019498169422,0.0,0.0,0.0,1.0
854962.159,0.0,2.0,-2.0,-0.47999998927116394,-0.013000018894672394,0.0,0.0,0.0,0.0
854972.16,0.0,0.0,0.0,0.0,-0.013000018894672394,0.0,0.0,0.0,-1.0
854983.2,0.0,0.0,0.0,0.0,-0.013000018894672394,0.0,0.0,0.0,1.0
854994.204,0.0,2.0,-2.0,-0.47999998927116394,-0.015000018291175365,0.0,0.0,0.0,1.0
855004.205,0.0,0.0,0.0,0.0,-0.015000018291175365,0.0,0.0,0.0,-1.0
855015.2,0.0,2.0,-2.0,-0.47999998927116394,-0.017000017687678337,0.0,0.0,0.0,0.0
855025.39,0.0,0.0,0.0,0.0,-0.017000017687678337,0.0,0.0,0.0,0.0
855035.391,0.0,0.0,0.0,0.0,-0.017000017687678337,0.0,0.0,0.0,0.0
855046.201,0.0,1.0,-1.0,-0.23999999463558197,-0.01800001971423626,0.0,0.0,0.0,0.0
855057.205,0.0,0.0,0.0,0.0,-0.01800001971423626,0.0,0.0,0.0,-1.0
855068.209,0.0,-1.0,1.0,0.23999999463558197,-0.017000017687678337,0.0,0.0,0.0,-1.0
855079.2,0.0,0.0,0.0,0.0,-0.017000017687678337,0.0,0.0,0.0,0.0
855090.205,0.0,-1.0,1.0,0.23999999463558197,-0.016000017523765564,0.0,0.0,0.0,0.0
855100.417,0.0,0.0,0.0,0.0,-0.016000017523765564,0.0,0.0,0.0,0.0
855111.515,0.0,0.0,0.0,0.0,-0.01500001735985279,0.0,0.0,0.0,0.0
855121.515,0.0,1.0,-1.0,-0.23999999463558197,-0.016000017523765564,0.0,0.0,0.0,0.0
855131.515,0.0,0.0,0.0,0.0,-0.016000017523765564,0.0,0.0,0.0,0.0
855141.516,0.0,-1.0,1.0,0.23999999463558197,-0.01500001735985279,0.0,0.0,0.0,1.0
855152.201,0.0,0.0,0.0,0.0,-0.01500001735985279,0.0,0.0,0.0,-1.0
855162.201,0.0,0.0,0.0,0.0,-0.01500001735985279,0.0,0.0,0.0,-1.0
855173.201,0.0,0.0,0.0,0.0,-0.01500001735985279,0.0,0.0,0.0,0.0
855183.201,0.0,0.0,0.0,0.0,-0.01500001735985279,0.0,0.0,0.0,0.0
855193.201,0.0,0.0,0.0,0.0,-0.01500001735985279,0.0,0.0,0.0,0.0
855204.205,0.0,0.0,0.0,0.0,-0.01500001735985279,0.0,0.0,0.0,0.0
855214.206,0.0,0.0,0.0,0.0,-0.01500001735985279,0.0,0.0,0.0,0.0
855224.206,0.0,0.0,0.0,0.0,-0.01500001735985279,0.0,0.0,0.0,1.0
855235.391,0.0,1.0,-1.0,-0.23999999463558197,-0.016000017523765564,0.0,0.0,0.0,0.0
855245.392,0.0,1.0,-1.0,-0.23999999463558197,-0.017000017687678337,0.0,0.0,0.0,0.0
855255.393,0.0,0.0,0.0,0.0,-0.017000017687678337,0.0,0.0,0.0,-1.0
855266.201,0.0,0.0,0.0,0.0,-0.017000017687678337,0.0,0.0,0.0,0.0
855277.205,0.0,0.0,0.0,0.0,-0.017000017687678337,0.0,0.0,0.0,0.0
855287.206,0.0,0.0,0.0,0.0,-0.017000017687678337,0.0,0.0,0.0,0.0
855298.201,0.0,0.0,0.0,0.0,-0.017000017687678337,0.0,0.0,0.0,0.0
855309.204,0.0,0.0,0.0,0.0,-0.017000017687678337,0.0,0.0,0.0,0.0
855320.205,0.0,0.0,0.0,0.0,-0.017000017687678337,0.0,0.0,0.0,-1.0
855331.205,0.0,0.0,0.0,0.0,-0.017000017687678337,0.0,0.0,0.0,0.0
855342.204,0.0,1.0,-1.0,-0.23999999463558197,-0.01800001971423626,0.0,0.0,0.0,0.0
855352.205,0.0,-1.0,1.0,0.23999999463558197,-0.017000017687678337,0.0,0.0,0.0,-1.0
855363.205,0.0,-1.0,1.0,0.23999999463558197,-0.016000017523765564,0.0,0.0,0.0,0.0
855374.2,0.0,0.0,0.0,0.0,-0.016000017523765564,0.0,0.0,0.0,-1.0
855385.205,0.0,-1.0,1.0,0.23999999463558197,-0.01500001735985279,0.0,0.0,0.0,-1.0
855396.201,0.0,-1.0,1.0,0.23999999463558197,-0.014000016264617443,0.0,0.0,0.0,0.0
855406.202,0.0,0.0,0.0,0.0,-0.014000016264617443,0.0,0.0,0.0,-1.0
855416.202,0.0,0.0,0.0,0.0,-0.014000016264617443,0.0,0.0,0.0,-2.0
855427.201,0.0,0.0,0.0,0.0,-0.014000016264617443,0.0,0.0,0.0,0.0
855437.202,0.0,0.0,0.0,0.0,-0.014000016264617443,0.0,0.0,0.0,1.0
855448.448,0.0,-1.0,1.0,0.23999999463558197,-0.01300001610070467,0.0,0.0,0.0,0.0
855458.449,0.0,0.0,0.0,0.0,-0.01300001610070467,0.0,0.0,0.0,0.0
855469.205,0.0,0.0,0.0,0.0,-0.01300001610070467,0.0,0.0,0.0,0.0
855480.2,0.0,-1.0,1.0,0.23999999463558197,-0.012000015936791897,0.0,0.0,0.0,0.0
855490.2,0.0,-1.0,1.0,0.23999999463558197,-0.011000016704201698,0.0,0.0,0.0,0.0
855501.201,0.0,0.0,0.0,0.0,-0.011000016704201698,0.0,0.0,0.0,0.0
855512.205,0.0,1.0,-1.0,-0.23999999463558197,-0.012000015936791897,0.0,0.0,0.0,0.0
855523.201,0.0,0.0,0.0,0.0,-0.012000015936791897,0.0,0.0,0.0,0.0
855534.205,0.0,0.0,0.0,0.0,-0.011000016704201698,0.0,0.0,0.0,0.0
855544.205,0.0,0.0,0.0,0.0,-0.011000016704201698,0.0,0.0,0.0,-1.0
855555.2,0.0,0.0,0.0,0.0,-0.011000016704201698,0.0,0.0,0.0,0.0
855565.2,0.0,-1.0,1.0,0.23999999463558197,-0.010000016540288925,0.0,0.0,0.0,1.0
855575.238,0.0,-1.0,1.0,0.23999999463558197,-0.009000017307698727,0.0,0.0,0.0,1.0
855585.239,0.0,0.0,0.0,0.0,-0.009000017307698727,0.0,0.0,0.0,0.0
855595.683,0.0,0.0,0.0,0.0,-0.009000017307698727,0.0,0.0,0.0,-1.0
855606.205,0.0,0.0,0.0,0.0,-0.009000017307698727,0.0,0.0,0.0,0.0
855616.206,0.0,0.0,0.0,0.0,-0.009000017307698727,0.0,0.0,0.0,1.0
855627.201,0.0,0.0,0.0,0.0,-0.009000017307698727,0.0,0.0,0.0,1.0
855637.202,0.0,0.0,0.0,0.0,-0.009000017307698727,0.0,0.0,0.0,0.0
855647.203,0.0,0.0,0.0,0.0,-0.009000017307698727,0.0,0.0,0.0,1.0
855658.201,0.0,0.0,0.0,0.0,-0.009000017307698727,0.0,0.0,0.0,0.0
855669.204,0.0,0.0,0.0,0.0,-0.009000017307698727,0.0,0.0,0.0,0.0
855680.205,0.0,0.0,0.0,0.0,-0.009000017307698727,0.0,0.0,0.0,-1.0
855691.205,0.0,0.0,0.0,0.0,-0.009000017307698727,0.0,0.0,0.0,-1.0
855702.205,0.0,-1.0,1.0,0.23999999463558197,-0.008000017143785954,0.0,0.0,0.0,0.0
855712.206,0.0,0.0,0.0,0.0,-0.008000017143785954,0.0,0.0,0.0,-1.0
855722.207,0.0,-2.0,2.0,0.47999998927116394,-0.0060000172816216946,0.0,0.0,0.0,0.0
855732.207,0.0,0.0,0.0,0.0,-0.0060000172816216946,0.0,0.0,0.0,0.0
855742.208,0.0,0.0,0.0,0.0,-0.0060000172816216946,0.0,0.0,0.0,0.0
855753.495,0.0,0.0,0.0,0.0,-0.0060000172816216946,0.0,0.0,0.0,1.0
855763.496,0.0,0.0,0.0,0.0,-0.0060000172816216946,0.0,0.0,0.0,0.0
855774.396,0.0,0.0,0.0,0.0,-0.0060000172816216946,0.0,0.0,0.0,0.0
855785.201,0.0,-2.0,2.0,0.47999998927116394,-0.004000016953796148,0.0,0.0,0.0,-1.0
855796.157,0.0,-4.0,4.0,0.9599999785423279,0.0029999827966094017,0.0,0.0,0.0,0.0
855806.157,0.0,-2.0,2.0,0.47999998927116394,0.004999982658773661,0.0,0.0,0.0,1.0
855817.205,0.0,-8.0,8.0,1.9199999570846558,0.01299998164176941,0.0,1.0,1.0,-1.0
855827.206,0.0,-8.0,8.0,1.9199999570846558,0.020999981090426445,0.0,1.0,1.0,-1.0
855838.205,0.0,-7.0,7.0,1.6799999475479126,0.027999982237815857,0.0,1.0,1.0,0.0
855849.205,0.0,-10.0,10.0,2.3999998569488525,0.03799998387694359,0.0,2.0,2.0,0.0
855860.201,0.0,-11.0,11.0,2.6399998664855957,0.048999980092048645,0.0,2.0,2.0,0.0
855870.201,0.0,-12.0,12.0,2.879999876022339,0.060999978333711624,0.0,2.0,2.0,-1.0
855881.201,0.0,-12.0,12.0,2.879999876022339,0.0729999765753746,0.0,2.0,2.0,0.0
855892.204,0.0,-12.0,12.0,2.879999876022339,0.08499997854232788,0.0,2.0,2.0,0.0
855902.204,0.0,-15.0,15.0,3.5999999046325684,0.09999997913837433,0.0,3.0,3.0,0.0
855913.2,0.0,-17.0,17.0,4.079999923706055,0.11699997633695602,0.0,4.0,4.0,0.0
855924.205,0.0,-19.0,19.0,4.559999942779541,0.13599996268749237,0.0,4.0,4.0,0.0
855935.201,1.0,-19.0,19.0,4.559999942779541,0.15499995648860931,0.0,4.0,4.0,0.0
855945.202,1.0,-23.0,23.0,5.519999980926514,0.17799995839595795,0.0,5.0,5.0,0.0
855955.203,2.0,-26.0,26.0,6.239999771118164,0.20399998128414154,0.0,6.0,6.0,0.0
855965.649,3.0,-26.0,26.0,6.239999771118164,0.22999997437000275,0.0,6.0,6.0,0.0
855976.2,4.0,-26.0,26.0,6.239999771118164,0.25599998235702515,0.0,6.0,6.0,0.0
855987.184,7.0,-28.0,28.0,6.71999979019165,0.31199997663497925,0.0,7.0,7.0,0.0
855997.184,9.0,-29.0,29.0,6.960000038146973,0.340999960899353,0.0,7.0,7.0,0.0
856007.185,11.0,-32.0,32.0,7.679999828338623,0.37299996614456177,0.0,8.0,8.0,0.0
856017.186,12.0,-34.0,32.0,7.679999828338623,0.37299996614456177,0.0,8.0,8.0,0.0
856028.1,14.0,-35.0,35.0,8.399999618530273,0.44199997186660767,0.0,8.0,8.0,0.0
856039.1,16.0,-37.0,37.0,8.880000114440918,0.47899994254112244,0.0,9.0,9.0,-1.0
856049.101,19.0,-39.0,39.0,9.359999656677246,0.5179999470710754,0.0,9.0,9.0,1.0
856060.205,22.0,-43.0,43.0,10.319999694824219,0.5609999299049377,0.0,10.0,10.0,1.0
856070.206,27.0,-44.0,44.0,10.559999465942383,0.6049999594688416,0.0,11.0,11.0,0.0
856080.247,34.0,-44.0,44.0,10.559999465942383,0.6489999294281006,0.0,11.0,11.0,0.0
856091.204,42.0,-48.0,48.0,11.519999504089355,0.6969999670982361,0.0,12.0,12.0,-1.0
856101.205,51.0,-49.0,49.0,11.75999927520752,0.7459999322891235,0.0,12.0,12.0,0.0
856112.205,62.0,-53.0,53.0,12.719999313354492,0.7989999651908875,0.0,13.0,13.0,0.0
856124.513,75.0,-56.0,56.0,13.4399995803833,0.8549999594688416,0.0,14.0,14.0,1.0
856135.201,88.0,-59.0,59.0,14.15999984741211,0.9139999747276306,0.0,15.0,15.0,1.0
856145.202,103.0,-61.0,61.0,14.639999389648438,0.9749999046325684,0.0,15.0,15.0,0.0
856155.202,120.0,-63.0,63.0,15.119999885559082,1.0379999876022339,0.0,16.0,16.0,0.0
856166.201,138.0,-64.0,64.0,15.359999656677246,1.1019999980926514,0.0,16.0,16.0,0.0
856177.201,158.0,-67.0,67.0,16.079999923706055,1.1690000295639038,0.0,17.0,17.0,0.0
856188.205,180.0,-70.0,70.0,16.799999237060547,1.2389999628067017,0.0,18.0,18.0,0.0
856198.205,202.0,-71.0,71.0,17.03999900817871,1.309999942779541,0.0,18.0,18.0,0.0
856209.205,252.0,-78.0,78.0,18.719999313354492,1.4619998931884766,0.0,20.0,20.0,1.0
856220.201,279.0,-81.0,81.0,19.439998626708984,1.5429999828338623,0.0,20.0,20.0,-1.0
856230.202,308.0,-85.0,85.0,20.399999618530273,1.6279999017715454,0.0,22.0,22.0,0.0
856241.201,338.0,-88.0,88.0,21.119998931884766,1.7159998416900635,0.0,22.0,22.0,1.0
856252.205,371.0,-96.0,96.0,23.03999900817871,1.8119996786117554,0.0,24.0,24.0,1.0
856263.201,405.0,-97.0,97.0,23.279998779296875,1.9089996814727783,0.0,25.0,25.0,1.0
856274.205,441.0,-97.0,97.0,23.279998779296875,2.0059995651245117,0.0,25.0,25.0,1.0
856284.205,481.0,-97.0,97.0,23.279998779296875,2.102999448776245,0.0,25.0,25.0,1.0
856294.205,521.0,-105.0,105.0,25.19999885559082,2.2079994678497314,0.0,27.0,27.0,0.0
856304.419,563.0,-106.0,106.0,25.439998626708984,2.3139994144439697,0.0,27.0,27.0,-1.0
856315.2,607.0,-113.0,113.0,27.119998931884766,2.42699933052063,0.0,29.0,29.0,0.0
856325.737,651.0,-115.0,115.0,27.599998474121094,2.541999340057373,0.0,30.0,30.0,0.0
856335.739,698.0,-121.0,121.0,29.03999900817871,2.662999153137207,0.0,31.0,31.0,0.0
856346.157,749.0,-121.0,121.0,29.03999900817871,2.78399920463562,0.0,31.0,31.0,0.0
856356.157,801.0,-123.0,123.0,29.51999855041504,2.906999111175537,0.0,32.0,32.0,0.0
856366.158,856.0,-123.0,123.0,29.51999855041504,3.029999017715454,0.0,32.0,32.0,0.0
856376.158,913.0,-125.0,125.0,30.0,3.154999017715454,0.0,33.0,33.0,-1.0
856386.16,973.0,-129.0,129.0,30.959999084472656,3.283998966217041,0.0,34.0,34.0,1.0
856396.16,1034.0,-130.0,130.0,31.19999885559082,3.41399884223938,0.0,34.0,34.0,0.0
856407.205,1097.0,-130.0,130.0,31.19999885559082,3.5439987182617188,0.0,34.0,34.0,1.0
856417.205,1161.0,-129.0,129.0,30.959999084472656,3.6729989051818848,0.0,34.0,34.0,-1.0
856427.206,1227.0,-135.0,135.0,32.39999771118164,3.8079986572265625,0.0,36.0,36.0,-1.0
856437.207,1295.0,-137.0,137.0,32.880001068115234,3.9449985027313232,0.0,36.0,36.0,0.0
856447.208,1365.0,-134.0,134.0,32.15999984741211,4.078998565673828,0.0,36.0,36.0,0.0
856458.204,1435.0,-134.0,134.0,32.15999984741211,4.212998867034912,0.0,36.0,36.0,0.0
856469.201,1507.0,-135.0,135.0,32.39999771118164,4.34799861907959,0.0,36.0,36.0,1.0
856480.205,1578.0,-135.0,135.0,32.39999771118164,4.482998371124268,0.0,36.0,36.0,1.0
856490.206,1651.0,-135.0,135.0,32.39999771118164,4.617998123168945,0.0,37.0,37.0,0.0
856500.207,1725.0,-129.0,129.0,30.959999084472656,4.746998310089111,0.0,35.0,35.0,0.0
856510.208,1802.0,-130.0,130.0,31.19999885559082,4.876998424530029,0.0,36.0,36.0,-1.0
856521.205,1954.0,-128.0,128.0,30.719999313354492,5.134997844696045,0.0,35.0,35.0,0.0
856532.201,2029.0,-125.0,125.0,30.0,5.259997844696045,0.0,35.0,35.0,0.0
856543.205,2104.0,-123.0,123.0,29.51999855041504,5.382997989654541,0.0,34.0,34.0,0.0
856553.205,2178.0,-123.0,123.0,29.51999855041504,5.505998134613037,0.0,35.0,35.0,0.0
856564.201,2253.0,-118.0,118.0,28.31999969482422,5.623998165130615,0.0,33.0,33.0,0.0
856575.204,2326.0,-112.0,112.0,26.8799991607666,5.735997676849365,0.0,32.0,32.0,-1.0
856585.351,2397.0,-105.0,105.0,25.19999885559082,5.840997695922852,0.0,31.0,31.0,0.0
856596.205,2467.0,-93.0,93.0,22.31999969482422,5.933997631072998,0.0,28.0,28.0,-1.0
856607.209,2534.0,-91.0,91.0,21.84000015258789,6.024997711181641,0.0,27.0,27.0,0.0
856617.49,2599.0,-79.0,79.0,18.959999084472656,6.103997707366943,0.0,25.0,25.0,0.0
856628.173,2662.0,-76.0,76.0,18.239999771118164,6.17999792098999,0.0,24.0,24.0,0.0
856639.205,2721.0,-56.0,56.0,13.4399995803833,6.235997676849365,0.0,19.0,19.0,0.0
856650.173,2775.0,-50.0,50.0,12.0,6.2859978675842285,0.0,18.0,0.0,-1.0
856660.173,2818.0,-46.0,46.0,11.039999961853027,6.331997871398926,0.0,17.0,0.0,2.0
856671.2,2845.0,-33.0,33.0,7.919999599456787,6.364997863769531,0.0,14.0,0.0,1.0
856682.205,2870.0,-8.0,8.0,1.9199999570846558,6.389997959136963,0.0,8.0,0.0,-1.0
856693.205,2871.0,18.0,-18.0,-4.319999694824219,6.371997833251953,0.0,2.0,0.0,-1.0
856704.201,2871.0,18.0,-18.0,-4.319999694824219,6.353997707366943,0.0,2.0,0.0,-1.0
856714.201,2871.0,37.0,-37.0,-8.880000114440918,6.31699800491333,0.0,-2.0,0.0,0.0
856724.201,2870.0,46.0,-46.0,-11.039999961853027,6.270998001098633,0.0,-4.0,0.0,0.0
856734.202,2870.0,46.0,-46.0,-11.039999961853027,6.2249979972839355,0.0,-4.0,0.0,0.0
856745.205,2870.0,68.0,-68.0,-16.31999969482422,6.156998157501221,0.0,-10.0,0.0,0.0
856756.201,2870.0,85.0,-85.0,-20.399999618530273,6.071998119354248,0.0,-14.0,0.0,-1.0
856767.205,2870.0,117.0,-117.0,-28.079999923706055,5.95499849319458,0.0,-22.0,0.0,1.0
856777.205,2870.0,122.0,-122.0,-29.279998779296875,5.832998275756836,0.0,-23.0,0.0,0.0
856787.206,2870.0,155.0,-155.0,-37.20000076293945,5.6779985427856445,0.0,-31.0,0.0,0.0
856798.387,2870.0,173.0,-173.0,-41.52000045776367,5.504998683929443,0.0,-36.0,0.0,0.0
856808.388,2870.0,179.0,-179.0,-42.959999084472656,5.325998306274414,0.0,-37.0,0.0,0.0
856819.2,2870.0,205.0,-205.0,-49.20000076293945,5.120998382568359,0.0,-44.0,0.0,0.0
856830.205,2870.0,222.0,-222.0,-53.279998779296875,4.898998260498047,0.0,-48.0,0.0,0.0
856841.205,2870.0,222.0,-222.0,-53.279998779296875,4.676998138427734,0.0,-48.0,0.0,0.0
856852.201,2870.0,241.0,-241.0,-57.84000015258789,4.435998439788818,0.0,-53.0,0.0,0.0
856862.201,2870.0,256.0,-256.0,-61.439998626708984,4.17999792098999,0.0,-57.0,0.0,-1.0
856872.202,2870.0,282.0,-282.0,-67.68000030517578,3.897998094558716,0.0,-63.0,0.0,1.0
856882.202,2870.0,293.0,-293.0,-70.31999969482422,3.6049981117248535,0.0,-66.0,0.0,0.0
856892.202,2870.0,301.0,-301.0,-72.23999786376953,3.3039982318878174,0.0,-68.0,0.0,0.0
856903.201,2870.0,333.0,-333.0,-79.91999816894531,2.9709982872009277,0.0,-76.0,0.0,-1.0
856913.202,2870.0,339.0,-339.0,-81.36000061035156,2.631998300552368,0.0,-78.0,0.0,-1.0
856923.203,2870.0,351.0,-351.0,-84.23999786376953,2.2809982299804688,0.0,-81.0,0.0,-3.0
856934.209,2870.0,373.0,-373.0,-89.5199966430664,1.5349982976913452,0.0,-87.0,0.0,-1.0
856944.209,2870.0,393.0,-393.0,-94.31999969482422,1.141998291015625,0.0,-93.0,0.0,1.0
856955.158,2870.0,394.0,-394.0,-94.55999755859375,0.7479982972145081,0.0,-93.0,0.0,1.0
856965.158,2870.0,406.0,-406.0,-97.43999481201172,0.34199830889701843,0.0,-97.0,0.0,1.0
856976.201,2870.0,405.0,-405.0,-97.19999694824219,-0.06300169974565506,0.0,-97.0,0.0,0.0
856986.201,2870.0,403.0,-403.0,-96.72000122070312,-0.4660017192363739,0.0,-97.0,0.0,-1.0
856996.201,2870.0,406.0,-406.0,-97.43999481201172,-0.8720016479492188,0.0,-98.0,0.0,0.0
857006.201,2870.0,411.0,-411.0,-98.63999938964844,-1.2830016613006592,0.0,-99.0,0.0,1.0
857016.201,2870.0,402.0,-402.0,-96.47999572753906,-1.6850016117095947,0.0,-98.0,0.0,1.0
857027.205,2870.0,402.0,-402.0,-96.47999572753906,-2.0870015621185303,0.0,-98.0,0.0,1.0
857037.206,2870.0,407.0,-407.0,-97.68000030517578,-2.494001626968384,0.0,-100.0,0.0,0.0
857047.207,2870.0,415.0,-415.0,-99.5999984741211,-2.909001588821411,0.0,-102.0,0.0,-2.0
857058.209,2870.0,417.0,-417.0,-100.07999420166016,-3.3260014057159424,0.0,-103.0,0.0,0.0
857068.91,2870.0,416.0,-416.0,-99.83999633789062,-3.7420012950897217,0.0,-103.0,0.0,1.0
857078.911,2870.0,422.0,-422.0,-101.27999877929688,-4.16400146484375,0.0,-105.0,0.0,0.0
857089.205,2870.0,431.0,-431.0,-103.43999481201172,-4.595001697540283,0.0,-108.0,0.0,0.0
857099.205,2870.0,433.0,-433.0,-103.91999816894531,-5.028001308441162,0.0,-108.0,0.0,1.0
857110.205,2870.0,453.0,-453.0,-108.72000122070312,-5.481001377105713,0.0,-114.0,0.0,0.0
857121.201,2870.0,453.0,-453.0,-108.72000122070312,-5.934001445770264,0.0,-114.0,0.0,0.0
857131.202,2870.0,458.0,-458.0,-109.91999816894531,-6.392001152038574,0.0,-116.0,0.0,1.0
857141.202,2870.0,464.0,-464.0,-111.36000061035156,-6.856001377105713,0.0,-118.0,0.0,-1.0
857152.205,2870.0,472.0,-472.0,-113.27999877929688,-7.328001499176025,0.0,-120.0,0.0,0.0
857162.206,2870.0,496.0,-496.0,-119.04000091552734,-7.824001312255859,0.0,-126.0,0.0,0.0
857173.201,2870.0,505.0,-505.0,-121.19999694824219,-8.329001426696777,0.0,-129.0,0.0,0.0
857183.201,2870.0,514.0,-514.0,-123.36000061035156,-8.843001365661621,0.0,-132.0,0.0,1.0
857193.202,2870.0,537.0,-537.0,-128.87998962402344,-9.38000202178955,0.0,-138.0,0.0,1.0
857204.359,2870.0,546.0,-546.0,-131.0399932861328,-9.92600154876709,0.0,-140.0,0.0,1.0
857215.262,2870.0,551.0,-551.0,-132.239990234375,-10.477002143859863,0.0,-142.0,0.0,1.0
857225.262,2870.0,580.0,-580.0,-139.1999969482422,-11.057002067565918,0.0,-150.0,0.0,0.0
857236.204,2870.0,596.0,-596.0,-143.0399932861328,-12.233002662658691,0.0,-155.0,0.0,1.0
857246.204,2870.0,621.0,-621.0,-149.0399932861328,-12.854002952575684,0.0,-161.0,0.0,0.0
857257.2,2870.0,635.0,-635.0,-152.39999389648438,-13.48900318145752,0.0,-165.0,0.0,0.0
857268.205,2870.0,659.0,-659.0,-158.16000366210938,-14.148002624511719,0.0,-172.0,0.0,0.0
857279.201,2870.0,673.0,-673.0,-161.51998901367188,-14.821002006530762,0.0,-176.0,0.0,1.0
857289.201,2870.0,697.0,-697.0,-167.27999877929688,-15.5180025100708,0.0,-182.0,0.0,1.0
857300.205,2870.0,731.0,-731.0,-175.44000244140625,-16.24900245666504,0.0,-191.0,0.0,0.0
857310.206,2870.0,771.0,-771.0,-185.0399932861328,-17.020002365112305,0.0,-202.0,0.0,1.0
857320.206,2870.0,771.0,-771.0,-185.0399932861328,-17.791004180908203,0.0,-202.0,0.0,1.0
857330.206,2870.0,808.0,-808.0,-193.9199981689453,-18.5990047454834,0.0,-212.0,0.0,1.0
857341.204,2870.0,825.0,-825.0,-198.0,-19.42400360107422,0.0,-217.0,0.0,0.0
857352.173,2870.0,856.0,-856.0,-205.44000244140625,-20.280004501342773,0.0,-225.0,0.0,-2.0
857362.858,2870.0,856.0,-856.0,-205.44000244140625,-21.136003494262695,0.0,-226.0,0.0,-2.0
857372.858,2869.0,923.0,-923.0,-221.51998901367188,-22.059003829956055,0.0,-243.0,0.0,0.0
857383.2,2869.0,962.0,-962.0,-230.87998962402344,-23.0210018157959,0.0,-253.0,0.0,0.0
857393.2,2869.0,990.0,-990.0,-237.59999084472656,-24.011001586914062,0.0,-261.0,0.0,1.0
857403.2,2868.0,1007.0,-1007.0,-241.67999267578125,-25.018003463745117,0.0,-266.0,0.0,-1.0
857414.205,2868.0,1042.0,-1042.0,-250.0800018310547,-25.5,0.0,-275.0,0.0,-1.0
857425.204,2868.0,1067.0,-1067.0,-256.0799865722656,-25.5,0.0,-281.0,0.0,1.0
857436.201,2868.0,1108.0,-1108.0,-265.91998291015625,-25.5,0.0,-291.0,0.0,0.0
857446.201,2868.0,1153.0,-1153.0,-276.7200012207031,-25.5,0.0,-302.0,0.0,-1.0
857457.201,2868.0,1240.0,-1198.0,-287.5199890136719,-25.5,0.0,-313.0,0.0,2.0
857468.205,2868.0,1291.0,-1291.0,-309.8399963378906,-25.5,0.0,-335.0,0.0,-1.0
857479.204,2868.0,1360.0,-1360.0,-326.3999938964844,-25.5,0.0,-351.0,0.0,0.0
857489.205,2868.0,1392.0,-1392.0,-334.0799865722656,-25.5,0.0,-359.0,0.0,0.0
857500.205,2868.0,1411.0,-1411.0,-338.6399841308594,-25.5,0.0,-364.0,0.0,0.0
857510.341,2868.0,1452.0,-1452.0,-348.47998046875,-25.5,0.0,-373.0,0.0,-1.0
857520.342,2868.0,1523.0,-1523.0,-365.5199890136719,-25.5,0.0,-391.0,0.0,0.0
857530.343,2868.0,1567.0,-1567.0,-376.0799865722656,-25.5,0.0,-401.0,0.0,0.0
857541.205,2868.0,1648.0,-1648.0,-395.5199890136719,-25.5,0.0,-421.0,0.0,1.0
857551.205,2868.0,1688.0,-1688.0,-405.1199951171875,-25.5,0.0,-430.0,0.0,0.0
857561.206,2868.0,1760.0,-1760.0,-422.3999938964844,-25.5,0.0,-447.0,0.0,-1.0
857572.201,2868.0,1793.0,-1793.0,-430.3199768066406,-25.5,0.0,-455.0,0.0,0.0
857583.205,2868.0,1913.0,-1913.0,-459.1199951171875,-25.5,0.0,-484.0,0.0,0.0
857593.205,2868.0,1913.0,-1913.0,-459.1199951171875,-25.5,0.0,-484.0,0.0,0.0
857603.206,2868.0,1933.0,-1933.0,-463.91998291015625,-25.5,0.0,-489.0,0.0,0.0
857614.201,2868.0,1963.0,-1963.0,-471.1199951171875,-25.5,0.0,-496.0,0.0,-1.0
857624.201,2868.0,1975.0,-1975.0,-474.0,-25.5,0.0,-499.0,0.0,-1.0
857634.885,2868.0,2016.0,-2016.0,-483.8399963378906,-25.5,0.0,-509.0,0.0,0.0
857645.204,2868.0,2039.0,-2039.0,-489.3599853515625,-25.5,0.0,-514.0,0.0,-1.0
857655.205,2868.0,2051.0,-2051.0,-492.239990234375,-25.5,0.0,-517.0,0.0,-4.0
857665.205,2868.0,2061.0,-2061.0,-494.6399841308594,-25.5,0.0,-520.0,0.0,-1.0
857676.205,2868.0,2061.0,-2061.0,-494.6399841308594,-25.5,0.0,-520.0,0.0,-1.0
857687.201,2868.0,2060.0,-2060.0,-494.3999938964844,-25.5,0.0,-519.0,0.0,1.0
857697.202,2869.0,2060.0,-2060.0,-494.3999938964844,-25.5,0.0,-519.0,0.0,-2.0
857708.201,2868.0,2060.0,-2060.0,-494.3999938964844,-25.5,0.0,-519.0,0.0,-3.0
857718.439,2868.0,2054.0,-2054.0,-492.9599914550781,-25.5,0.0,-518.0,0.0,-3.0
857729.216,2868.0,2024.0,-2024.0,-485.7599792480469,-25.5,0.0,-511.0,0.0,-3.0
857740.417,2868.0,2024.0,-2024.0,-485.7599792480469,-25.5,0.0,-511.0,0.0,-3.0
857751.205,2868.0,1966.0,-1966.0,-471.8399963378906,-25.5,0.0,-497.0,0.0,-2.0
857761.206,2868.0,1950.0,-1950.0,-468.0,-25.5,0.0,-493.0,0.0,0.0
857772.204,2868.0,1950.0,-1950.0,-468.0,-25.5,0.0,-493.0,0.0,0.0
857783.2,2868.0,1902.0,-1902.0,-456.47998046875,-25.5,0.0,-481.0,0.0,-1.0
857794.209,2868.0,1884.0,-1884.0,-452.1600036621094,-25.5,0.0,-477.0,0.0,0.0
857805.201,2868.0,1791.0,-1791.0,-429.8399963378906,-25.5,0.0,-455.0,0.0,0.0
857815.201,2869.0,1753.0,-1753.0,-420.7200012207031,-25.5,0.0,-446.0,0.0,0.0
857825.201,2868.0,1672.0,-1672.0,-401.2799987792969,-25.5,0.0,-426.0,0.0,1.0
857836.201,2868.0,1656.0,-1656.0,-397.44000244140625,-25.5,0.0,-422.0,0.0,0.0
857846.203,2868.0,1569.0,-1569.0,-376.55999755859375,-25.5,0.0,-402.0,0.0,0.0
857856.204,2868.0,1556.0,-1556.0,-373.44000244140625,-25.5,0.0,-398.0,0.0,0.0
857866.94,2868.0,1556.0,-1556.0,-373.44000244140625,-25.5,0.0,-398.0,0.0,0.0
857876.941,2868.0,1484.0,-1484.0,-356.1600036621094,-25.5,0.0,-381.0,0.0,-1.0
857887.204,2868.0,1468.0,-1468.0,-352.32000732421875,-25.5,0.0,-377.0,0.0,0.0
857897.205,2868.0,1422.0,-1422.0,-341.2799987792969,-25.5,0.0,-366.0,0.0,-1.0
857907.206,2869.0,1392.0,-1392.0,-334.0799865722656,-25.5,0.0,-359.0,0.0,-1.0
857917.207,2868.0,1368.0,-1368.0,-328.32000732421875,-25.5,0.0,-353.0,0.0,-1.0
857927.208,2868.0,1330.0,-1330.0,-319.1999816894531,-25.5,0.0,-344.0,0.0,0.0
857937.208,2868.0,1314.0,-1314.0,-315.3599853515625,-25.5,0.0,-340.0,0.0,0.0
857947.209,2868.0,1314.0,-1314.0,-315.3599853515625,-25.5,0.0,-340.0,0.0,0.0
857957.209,2868.0,1273.0,-1273.0,-305.5199890136719,-25.5,0.0,-331.0,0.0,1.0
857968.201,2868.0,1262.0,-1262.0,-302.8800048828125,-25.5,0.0,-328.0,0.0,0.0
857979.205,2868.0,1240.0,-1240.0,-297.6000061035156,-25.5,0.0,-323.0,0.0,0.0
857989.206,2868.0,1209.0,-1209.0,-290.1600036621094,-25.5,0.0,-315.0,0.0,1.0
858000.2,2868.0,1183.0,-1183.0,-283.91998291015625,-25.5,0.0,-309.0,0.0,0.0
858011.214,2868.0,1131.0,-1131.0,-271.44000244140625,-25.5,0.0,-296.0,0.0,0.0
858021.214,2868.0,1116.0,-1116.0,-267.8399963378906,-25.5,0.0,-293.0,0.0,-1.0
858032.1,2868.0,1112.0,-1112.0,-266.8800048828125,-25.5,0.0,-292.0,0.0,1.0
858042.105,2868.0,1101.0,-1101.0,-264.239990234375,-25.5,0.0,-289.0,0.0,-1.0
858053.1,2868.0,1086.0,-1086.0,-260.6399841308594,-25.5,0.0,-286.0,0.0,0.0
858064.511,2868.0,1080.0,-1080.0,-259.1999816894531,-25.5,0.0,-284.0,0.0,0.0
858075.201,2868.0,1066.0,-1066.0,-255.83999633789062,-25.5,0.0,-281.0,0.0,0.0
858086.205,2868.0,1062.0,-1062.0,-254.87998962402344,-25.5,0.0,-280.0,0.0,0.0
858096.206,2868.0,1057.0,-1057.0,-253.67999267578125,-25.5,0.0,-279.0,0.0,-2.0
858107.2,2868.0,1057.0,-1057.0,-253.67999267578125,-25.5,0.0,-279.0,0.0,-2.0
858117.2,2868.0,1054.0,-1054.0,-252.95999145507812,-25.5,0.0,-278.0,0.0,0.0
858128.204,2868.0,1051.0,-1051.0,-252.239990234375,-25.5,0.0,-277.0,0.0,-1.0
858139.201,2869.0,1054.0,-1054.0,-252.95999145507812,-25.5,0.0,-278.0,0.0,-2.0
858150.205,2868.0,1055.0,-1055.0,-253.1999969482422,-25.5,0.0,-278.0,0.0,-1.0
858160.206,2868.0,1060.0,-1060.0,-254.39999389648438,-25.5,0.0,-279.0,0.0,0.0
858171.205,2868.0,1062.0,-1062.0,-254.87998962402344,-25.5,0.0,-280.0,0.0,0.0
858182.201,2868.0,1088.0,-1078.0,-258.7200012207031,-25.5,0.0,-284.0,0.0,0.0
858192.663,2868.0,1091.0,-1091.0,-261.8399963378906,-25.5,0.0,-287.0,0.0,0.0
858203.205,2868.0,1104.0,-1104.0,-264.9599914550781,-25.5,0.0,-290.0,0.0,2.0
858213.205,2868.0,1135.0,-1135.0,-272.3999938964844,-25.5,0.0,-297.0,0.0,0.0
858224.201,2868.0,1152.0,-1152.0,-276.47998046875,-25.5,0.0,-301.0,0.0,1.0
858234.201,2868.0,1152.0,-1152.0,-276.47998046875,-25.5,0.0,-301.0,0.0,1.0
858245.428,2868.0,1176.0,-1176.0,-282.239990234375,-25.5,0.0,-307.0,0.0,-2.0
858255.428,2868.0,1196.0,-1196.0,-287.0400085449219,-25.5,0.0,-312.0,0.0,0.0
858266.205,2868.0,1219.0,-1219.0,-292.55999755859375,-25.5,0.0,-318.0,0.0,0.0
858276.206,2868.0,1245.0,-1245.0,-298.79998779296875,-25.5,0.0,-324.0,0.0,1.0
858287.205,2868.0,1277.0,-1277.0,-306.47998046875,-25.5,0.0,-331.0,0.0,0.0
858298.201,2868.0,1299.0,-1299.0,-311.7599792480469,-25.5,0.0,-337.0,0.0,0.0
858309.392,2868.0,1299.0,-1299.0,-311.7599792480469,-25.5,0.0,-337.0,0.0,0.0
858320.201,2868.0,1319.0,-1319.0,-316.55999755859375,-25.5,0.0,-342.0,0.0,0.0
858330.202,2868.0,1332.0,-1332.0,-319.67999267578125,-25.5,0.0,-345.0,0.0,0.0
858341.204,2868.0,1357.0,-1357.0,-325.67999267578125,-25.5,0.0,-351.0,0.0,0.0
858351.205,2868.0,1403.0,-1403.0,-336.7200012207031,-25.5,0.0,-362.0,0.0,-1.0
858361.732,2868.0,1464.0,-1464.0,-351.3599853515625,-25.5,0.0,-376.0,0.0,0.0
858372.209,2868.0,1478.0,-1478.0,-354.7200012207031,-25.5,0.0,-380.0,0.0,1.0
858382.351,2868.0,1531.0,-1531.0,-367.44000244140625,-25.5,0.0,-392.0,0.0,0.0
858392.815,2868.0,1568.0,-1568.0,-376.3199768066406,-25.5,0.0,-401.0,0.0,0.0
858402.815,2868.0,1598.0,-1598.0,-383.5199890136719,-25.5,0.0,-409.0,0.0,0.0
858412.816,2868.0,1615.0,-1615.0,-387.6000061035156,-25.5,0.0,-413.0,0.0,0.0
858423.205,2868.0,1653.0,-1653.0,-396.7200012207031,-25.5,0.0,-422.0,0.0,0.0
858433.205,2868.0,1716.0,-1716.0,-411.8399963378906,-25.5,0.0,-437.0,0.0,0.0
858444.203,2868.0,1831.0,-1831.0,-439.44000244140625,-25.5,0.0,-464.0,0.0,0.0
858455.1,2868.0,1902.0,-1902.0,-456.47998046875,-25.5,0.0,-481.0,0.0,1.0
858466.1,2868.0,1902.0,-1902.0,-456.47998046875,-25.5,0.0,-481.0,0.0,1.0
858476.126,2868.0,1969.0,-1969.0,-472.55999755859375,-25.5,0.0,-498.0,0.0,1.0
858487.2,2868.0,1977.0,-1977.0,-474.47998046875,-25.5,0.0,-499.0,0.0,2.0
858497.2,2868.0,1977.0,-1977.0,-474.47998046875,-25.5,0.0,-499.0,0.0,2.0
858507.278,2868.0,2005.0,-2005.0,-481.1999816894531,-25.5,0.0,-506.0,0.0,-1.0
858518.204,2868.0,2031.0,-2031.0,-487.44000244140625,-25.5,0.0,-512.0,0.0,-3.0
858528.618,2868.0,2039.0,-2039.0,-489.3599853515625,-25.5,0.0,-514.0,0.0,-3.0
858538.618,2868.0,2048.0,-2048.0,-491.5199890136719,-25.5,0.0,-517.0,0.0,-3.0
858548.619,2868.0,2049.0,-2049.0,-491.7599792480469,-25.5,0.0,-517.0,0.0,-3.0
858559.205,2868.0,2047.0,-2047.0,-491.2799987792969,-25.5,0.0,-516.0,0.0,-5.0
858569.205,2868.0,2040.0,-2040.0,-489.5999755859375,-25.5,0.0,-515.0,0.0,-4.0
858580.205,2868.0,2032.0,-2032.0,-487.67999267578125,-25.5,0.0,-513.0,0.0,-3.0
858590.206,2868.0,2011.0,-2011.0,-482.6399841308594,-25.5,0.0,-508.0,0.0,-3.0
858600.206,2868.0,2001.0,-2001.0,-480.239990234375,-25.5,0.0,-505.0,0.0,-3.0
858611.201,2868.0,1963.0,-1963.0,-471.1199951171875,-25.5,0.0,-496.0,0.0,-2.0
858622.204,2868.0,1955.0,-1955.0,-469.1999816894531,-25.5,0.0,-494.0,0.0,-1.0
858632.205,2868.0,1942.0,-1942.0,-466.0799865722656,-25.5,0.0,-491.0,0.0,-2.0
858643.201,2868.0,1893.0,-1893.0,-454.3199768066406,-25.5,0.0,-479.0,0.0,-1.0
858653.202,2868.0,1854.0,-1854.0,-444.9599914550781,-25.5,0.0,-470.0,0.0,-1.0
858663.202,2868.0,1854.0,-1854.0,-444.9599914550781,-25.5,0.0,-470.0,0.0,-1.0
858673.203,2868.0,1788.0,-1788.0,-429.1199951171875,-25.5,0.0,-454.0,0.0,-1.0
858683.203,2868.0,1761.0,-1761.0,-422.6399841308594,-25.5,0.0,-448.0,0.0,0.0
858693.204,2868.0,1705.0,-1705.0,-409.1999816894531,-25.5,0.0,-434.0,0.0,0.0
858704.201,2868.0,1667.0,-1667.0,-400.0799865722656,-25.5,0.0,-425.0,0.0,0.0
858714.201,2868.0,1639.0,-1639.0,-393.3599853515625,-25.5,0.0,-418.0,0.0,1.0
858725.201,2868.0,1596.0,-1596.0,-383.03997802734375,-25.5,0.0,-408.0,0.0,0.0
858736.214,2868.0,1532.0,-1532.0,-367.67999267578125,-25.5,0.0,-393.0,0.0,1.0
858747.1,2868.0,1513.0,-1513.0,-363.1199951171875,-25.5,0.0,-388.0,0.0,0.0
858757.101,2868.0,1476.0,-1476.0,-354.239990234375,-25.5,0.0,-379.0,0.0,-1.0
858767.101,2868.0,1476.0,-1476.0,-354.239990234375,-25.5,0.0,-379.0,0.0,-1.0
858777.482,2868.0,1464.0,-1464.0,-351.3599853515625,-25.5,0.0,-376.0,0.0,-1.0
858787.482,2868.0,1444.0,-1444.0,-346.55999755859375,-25.5,0.0,-372.0,0.0,0.0
858797.482,2868.0,1425.0,-1425.0,-342.0,-25.5,0.0,-367.0,0.0,0.0
858807.482,2868.0,1401.0,-1401.0,-336.239990234375,-25.5,0.0,-361.0,0.0,0.0
858818.1,2868.0,1394.0,-1394.0,-334.55999755859375,-25.5,0.0,-360.0,0.0,0.0
858828.1,2868.0,1382.0,-1382.0,-331.67999267578125,-25.5,0.0,-357.0,0.0,1.0
858839.201,2868.0,1375.0,-1375.0,-330.0,-25.5,0.0,-355.0,0.0,1.0
858850.204,2868.0,1364.0,-1364.0,-327.3599853515625,-25.5,0.0,-352.0,0.0,0.0
858861.2,2868.0,1364.0,-1364.0,-327.3599853515625,-25.5,0.0,-352.0,0.0,0.0
858871.2,2868.0,1361.0,-1361.0,-326.6399841308594,-25.5,0.0,-352.0,0.0,1.0
858882.205,2868.0,1356.0,-1356.0,-325.44000244140625,-25.5,0.0,-350.0,0.0,0.0
858893.209,2868.0,1354.0,-1354.0,-324.9599914550781,-25.5,0.0,-350.0,0.0,1.0
858903.209,2868.0,1356.0,-1356.0,-325.44000244140625,-25.5,0.0,-350.0,0.0,0.0
858914.201,2868.0,1358.0,-1358.0,-325.91998291015625,-25.5,0.0,-351.0,0.0,0.0
858925.492,2868.0,1360.0,-1360.0,-326.3999938964844,-25.5,0.0,-351.0,0.0,0.0
858936.205,2868.0,1374.0,-1374.0,-329.7599792480469,-25.5,0.0,-355.0,0.0,0.0
858947.201,2868.0,1374.0,-1374.0,-329.7599792480469,-25.5,0.0,-355.0,0.0,0.0
858957.202,2868.0,1393.0,-1393.0,-334.32000732421875,-25.5,0.0,-359.0,0.0,1.0
858967.202,2868.0,1397.0,-1397.0,-335.2799987792969,-25.5,0.0,-360.0,0.0,1.0
858978.2,2868.0,1427.0,-1427.0,-342.47998046875,-25.5,0.0,-367.0,0.0,0.0
858988.2,2868.0,1464.0,-1464.0,-351.3599853515625,-25.5,0.0,-376.0,0.0,0.0
858999.201,2868.0,1470.0,-1470.0,-352.79998779296875,-25.5,0.0,-378.0,0.0,1.0
859010.205,2868.0,1486.0,-1486.0,-356.6399841308594,-25.5,0.0,-382.0,0.0,-1.0
859021.205,2868.0,1540.0,-1540.0,-369.6000061035156,-25.5,0.0,-395.0,0.0,0.0
859031.205,2868.0,1540.0,-1540.0,-369.6000061035156,-25.5,0.0,-395.0,0.0,0.0
859042.205,2868.0,1555.0,-1555.0,-373.1999816894531,-25.5,0.0,-398.0,0.0,0.0
859052.206,2868.0,1612.0,-1612.0,-386.8800048828125,-25.5,0.0,-412.0,0.0,0.0
859062.385,2868.0,1649.0,-1649.0,-395.7599792480469,-25.5,0.0,-421.0,0.0,1.0
859073.409,2868.0,1678.0,-1678.0,-402.7200012207031,-25.5,0.0,-428.0,0.0,0.0
859084.2,2868.0,1730.0,-1730.0,-415.1999816894531,-25.5,0.0,-440.0,0.0,0.0
859095.416,2868.0,1758.0,-1758.0,-421.91998291015625,-25.5,0.0,-447.0,0.0,0.0
859106.205,2868.0,1822.0,-1822.0,-437.2799987792969,-25.5,0.0,-462.0,0.0,-1.0
859116.956,2868.0,1878.0,-1878.0,-450.7200012207031,-25.5,0.0,-476.0,0.0,0.0
859126.956,2868.0,1915.0,-1915.0,-459.5999755859375,-25.5,0.0,-485.0,0.0,1.0
859137.205,2868.0,1934.0,-1934.0,-464.1600036621094,-25.5,0.0,-489.0,0.0,0.0
859147.205,2868.0,1945.0,-1945.0,-466.79998779296875,-25.5,0.0,-492.0,0.0,0.0
859158.205,2868.0,1956.0,-1956.0,-469.44000244140625,-25.5,0.0,-494.0,0.0,2.0
859168.205,2868.0,1980.0,-1980.0,-475.1999816894531,-25.5,0.0,-500.0,0.0,-1.0
859179.266,2868.0,2011.0,-1997.0,-479.2799987792969,-25.5,0.0,-504.0,0.0,0.0
859190.201,2868.0,2022.0,-2022.0,-485.2799987792969,-25.5,0.0,-510.0,0.0,-1.0
859201.205,2868.0,2032.0,-2032.0,-487.67999267578125,-25.5,0.0,-513.0,0.0,-3.0
859212.2,2868.0,2034.0,-2034.0,-488.1600036621094,-25.5,0.0,-513.0,0.0,-1.0
859222.201,2868.0,2034.0,-2034.0,-488.1600036621094,-25.5,0.0,-513.0,0.0,-1.0
859233.205,2868.0,2037.0,-2037.0,-488.8799743652344,-25.5,0.0,-514.0,0.0,-3.0
859243.206,2868.0,2034.0,-2034.0,-488.1600036621094,-25.5,0.0,-513.0,0.0,0.0
859253.207,2868.0,2030.0,-2030.0,-487.1999816894531,-25.5,0.0,-512.0,0.0,-4.0
859263.208,2868.0,2025.0,-2025.0,-486.0,-25.5,0.0,-511.0,0.0,-2.0
859273.208,2868.0,2004.0,-2004.0,-480.9599914550781,-25.5,0.0,-506.0,0.0,-3.0
859284.204,2868.0,1998.0,-1998.0,-479.5199890136719,-25.5,0.0,-505.0,0.0,-5.0
859295.205,2868.0,1980.0,-1980.0,-475.1999816894531,-25.5,0.0,-500.0,0.0,-3.0
859306.2,2868.0,1969.0,-1969.0,-472.55999755859375,-25.5,0.0,-498.0,0.0,-1.0
859316.2,2868.0,1941.0,-1941.0,-465.8399963378906,-25.5,0.0,-491.0,0.0,1.0
859326.201,2868.0,1936.0,-1936.0,-464.6399841308594,-25.5,0.0,-490.0,0.0,1.0
859337.205,2868.0,1914.0,-1914.0,-459.3599853515625,-25.5,0.0,-484.0,0.0,0.0
859348.201,2868.0,1857.0,-1857.0,-445.67999267578125,-25.5,0.0,-471.0,0.0,0.0
859358.202,2868.0,1830.0,-1830.0,-439.1999816894531,-25.5,0.0,-464.0,0.0,-2.0
859369.206,2868.0,1789.0,-1789.0,-429.3599853515625,-25.5,0.0,-454.0,0.0,-2.0
859380.201,2868.0,1755.0,-1755.0,-421.1999816894531,-25.5,0.0,-446.0,0.0,0.0
859390.201,2868.0,1732.0,-1732.0,-415.67999267578125,-25.5,0.0,-441.0,0.0,0.0
859400.201,2868.0,1700.0,-1700.0,-408.0,-25.5,0.0,-433.0,0.0,0.0
859411.515,2868.0,1678.0,-1678.0,-402.7200012207031,-25.5,0.0,-428.0,0.0,0.0
859422.201,2868.0,1645.0,-1645.0,-394.79998779296875,-25.5,0.0,-420.0,0.0,1.0
859433.205,2868.0,1631.0,-1631.0,-391.44000244140625,-25.5,0.0,-416.0,0.0,1.0
859443.206,2868.0,1609.0,-1609.0,-386.1600036621094,-25.5,0.0,-411.0,0.0,0.0
859454.201,2868.0,1597.0,-1597.0,-383.2799987792969,-25.5,0.0,-408.0,0.0,0.0
859464.201,2868.0,1579.0,-1579.0,-378.9599914550781,-25.5,0.0,-404.0,0.0,0.0
859475.201,2868.0,1574.0,-1574.0,-377.7599792480469,-25.5,0.0,-403.0,0.0,0.0
859486.205,2868.0,1570.0,-1570.0,-376.79998779296875,-25.5,0.0,-402.0,0.0,-1.0
859496.206,2868.0,1560.0,-1560.0,-374.3999938964844,-25.5,0.0,-399.0,0.0,0.0
859507.204,2868.0,1555.0,-1555.0,-373.1999816894531,-25.5,0.0,-398.0,0.0,0.0
859518.205,2868.0,1552.0,-1552.0,-372.47998046875,-25.5,0.0,-397.0,0.0,-1.0
859529.201,2868.0,1550.0,-1550.0,-372.0,-25.5,0.0,-397.0,0.0,0.0
859539.201,2868.0,1552.0,-1552.0,-372.47998046875,-25.5,0.0,-397.0,0.0,0.0
859549.201,2868.0,1558.0,-1558.0,-373.91998291015625,-25.5,0.0,-399.0,0.0,0.0
859559.202,2868.0,1563.0,-1563.0,-375.1199951171875,-25.5,0.0,-400.0,0.0,1.0
859570.173,2868.0,1573.0,-1573.0,-377.5199890136719,-25.5,0.0,-403.0,0.0,1.0
859581.038,2868.0,1583.0,-1583.0,-379.91998291015625,-25.5,0.0,-405.0,0.0,1.0
859591.038,2868.0,1598.0,-1598.0,-383.5199890136719,-25.5,0.0,-409.0,0.0,0.0
859601.205,2868.0,1598.0,-1598.0,-383.5199890136719,-25.5,0.0,-409.0,0.0,0.0
859612.201,2868.0,1636.0,-1636.0,-392.6399841308594,-25.5,0.0,-418.0,0.0,1.0
859622.202,2868.0,1668.0,-1636.0,-392.6399841308594,-25.5,0.0,-418.0,0.0,0.0
859632.202,2868.0,1668.0,-1668.0,-400.3199768066406,-25.5,0.0,-425.0,0.0,0.0
859642.203,2868.0,1677.0,-1677.0,-402.47998046875,-25.5,0.0,-427.0,0.0,0.0
859653.1,2868.0,1736.0,-1736.0,-416.6399841308594,-25.5,0.0,-442.0,0.0,0.0
859664.1,2868.0,1756.0,-1756.0,-421.44000244140625,-25.5,0.0,-446.0,0.0,0.0
859675.205,2868.0,1771.0,-1771.0,-425.03997802734375,-25.5,0.0,-450.0,0.0,0.0
859685.205,2868.0,1803.0,-1803.0,-432.7200012207031,-25.5,0.0,-458.0,0.0,0.0
859696.209,2868.0,1828.0,-1828.0,-438.7200012207031,-25.5,0.0,-464.0,0.0,0.0
859707.011,2868.0,1880.0,-1880.0,-451.1999816894531,-25.5,0.0,-476.0,0.0,1.0
859718.161,2868.0,1924.0,-1924.0,-461.7599792480469,-25.5,0.0,-487.0,0.0,0.0
859728.161,2868.0,1938.0,-1938.0,-465.1199951171875,-25.5,0.0,-490.0,0.0,0.0
859739.205,2868.0,1953.0,-1953.0,-468.7200012207031,-25.5,0.0,-494.0,0.0,0.0
859750.157,2868.0,1968.0,-1968.0,-472.3199768066406,-25.5,0.0,-497.0,0.0,0.0
859760.158,2868.0,1988.0,-1988.0,-477.1199951171875,-25.5,0.0,-502.0,0.0,1.0
859770.158,2868.0,1999.0,-1999.0,-479.7599792480469,-25.5,0.0,-505.0,0.0,0.0
859780.158,2868.0,2006.0,-2006.0,-481.44000244140625,-25.5,0.0,-506.0,0.0,-1.0
859791.205,2868.0,2010.0,-2010.0,-482.3999938964844,-25.5,0.0,-507.0,0.0,-1.0
859801.207,2868.0,2021.0,-2021.0,-485.03997802734375,-25.5,0.0,-510.0,0.0,0.0
859812.204,2868.0,2022.0,-2022.0,-485.2799987792969,-25.5,0.0,-510.0,0.0,0.0
859823.127,2868.0,2023.0,-2023.0,-485.5199890136719,-25.5,0.0,-511.0,0.0,-2.0
859834.173,2868.0,2023.0,-2023.0,-485.5199890136719,-25.5,0.0,-511.0,0.0,-2.0
859845.205,2868.0,2023.0,-2023.0,-485.5199890136719,-25.5,0.0,-511.0,0.0,-2.0
859855.205,2868.0,2023.0,-2023.0,-485.5199890136719,-25.5,0.0,-511.0,0.0,-2.0
859865.205,2868.0,2023.0,-2023.0,-485.5199890136719,-25.5,0.0,-511.0,0.0,-2.0
859876.2,2868.0,2023.0,-2023.0,-485.5199890136719,-25.5,0.0,-511.0,0.0,-2.0
859886.2,2868.0,2023.0,-2023.0,-485.5199890136719,-25.5,0.0,-511.0,0.0,-2.0
859896.201,2868.0,2023.0,-2023.0,-485.5199890136719,-25.5,0.0,-511.0,0.0,-2.0
859907.205,2868.0,2023.0,-2023.0,-485.5199890136719,-25.5,0.0,-511.0,0.0,-2.0
859917.205,2868.0,2023.0,-2023.0,-485.5199890136719,-25.5,0.0,-511.0,0.0,-2.0
859927.206,2868.0,2023.0,-2023.0,-485.5199890136719,-25.5,0.0,-511.0,0.0,-2.0
859938.204,2868.0,2023.0,-2023.0,-485.5199890136719,-25.5,0.0,-511.0,0.0,-2.0
859949.201,2868.0,2023.0,-2023.0,-485.5199890136719,-25.5,0.0,-511.0,0.0,-2.0
859959.202,2868.0,2023.0,-2023.0,-485.5199890136719,-25.5,0.0,-511.0,0.0,-2.0
859969.203,2868.0,2023.0,-2023.0,-485.5199890136719,-25.5,0.0,-511.0,0.0,-2.0
859980.201,2868.0,2023.0,-2023.0,-485.5199890136719,-25.5,0.0,-511.0,0.0,-2.0
859990.201,2868.0,2023.0,-2023.0,-485.5199890136719,-25.5,0.0,-511.0,0.0,-2.0
860000.202,2868.0,2023.0,-2023.0,-485.5199890136719,-25.5,0.0,-511.0,0.0,-2.0
860010.743,2868.0,2023.0,-2023.0,-485.5199890136719,-25.5,0.0,-511.0,0.0,-2.0
860020.744,2868.0,2023.0,-2023.0,-485.5199890136719,-25.5,0.0,-511.0,0.0,-2.0
860031.205,2868.0,2023.0,-2023.0,-485.5199890136719,-25.5,0.0,-511.0,0.0,-2.0
860042.2,2868.0,2023.0,-2023.0,-485.5199890136719,-25.5,0.0,-511.0,0.0,-2.0
860052.201,2868.0,2023.0,-2023.0,-485.5199890136719,-25.5,0.0,-511.0,0.0,-2.0
860063.201,2868.0,2023.0,-2023.0,-485.5199890136719,-25.5,0.0,-511.0,0.0,-2.0
860074.204,2868.0,2023.0,-2023.0,-485.5199890136719,-25.5,0.0,-511.0,0.0,-2.0
860084.204,2868.0,2023.0,-2023.0,-485.5199890136719,-25.5,0.0,-511.0,0.0,-2.0
860094.25,2868.0,2023.0,-2023.0,-485.5199890136719,-25.5,0.0,-511.0,0.0,-2.0
860104.251,2868.0,2023.0,-2023.0,-485.5199890136719,-25.5,0.0,-511.0,0.0,-2.0
860114.251,2868.0,2023.0,-2023.0,-485.5199890136719,-25.5,0.0,-511.0,0.0,-2.0
860124.519,2868.0,2023.0,-2023.0,-485.5199890136719,-25.5,0.0,-511.0,0.0,-2.0
860134.52,2868.0,2023.0,-2023.0,-485.5199890136719,-25.5,0.0,-511.0,0.0,-2.0
860145.204,2868.0,2023.0,-2023.0,-485.5199890136719,-25.5,0.0,-511.0,0.0,-2.0
860155.205,2868.0,2023.0,-2023.0,-485.5199890136719,-25.5,0.0,-511.0,0.0,-2.0
860166.201,2868.0,2023.0,-2023.0,-485.5199890136719,-25.5,0.0,-511.0,0.0,-2.0
860177.204,2868.0,2023.0,-2023.0,-485.5199890136719,-25.5,0.0,-511.0,0.0,-2.0
860188.201,2868.0,2023.0,-2023.0,-485.5199890136719,-25.5,0.0,-511.0,0.0,-2.0
860199.205,2868.0,2023.0,-2023.0,-485.5199890136719,-25.5,0.0,-511.0,0.0,-2.0
860210.201,2868.0,2023.0,-2023.0,-485.5199890136719,-25.5,0.0,-511.0,0.0,-2.0
860220.202,2868.0,2023.0,-2023.0,-485.5199890136719,-25.5,0.0,-511.0,0.0,-2.0
860231.201,2868.0,2023.0,-2023.0,-485.5199890136719,-25.5,0.0,-511.0,0.0,-2.0
860241.201,2868.0,2023.0,-2023.0,-485.5199890136719,-25.5,0.0,-511.0,0.0,-2.0
860252.2,2868.0,2023.0,-2023.0,-485.5199890136719,-25.5,0.0,-511.0,0.0,-2.0
860263.205,2868.0,2023.0,-2023.0,-485.5199890136719,-25.5,0.0,-511.0,0.0,-2.0
860274.2,2868.0,2023.0,-2023.0,-485.5199890136719,-25.5,0.0,-511.0,0.0,-2.0
860285.085,2868.0,2023.0,-2023.0,-485.5199890136719,-25.5,0.0,-511.0,0.0,-2.0
860295.104,2868.0,2023.0,-2023.0,-485.5199890136719,-25.5,0.0,-511.0,0.0,-2.0
860305.833,2868.0,2023.0,-2023.0,-485.5199890136719,-25.5,0.0,-511.0,0.0,-2.0
860315.834,2868.0,2023.0,-2023.0,-485.5199890136719,-25.5,0.0,-511.0,0.0,-2.0
860325.835,2868.0,2023.0,-2023.0,-485.5199890136719,-25.5,0.0,-511.0,0.0,-2.0
860335.835,2868.0,2023.0,-2023.0,-485.5199890136719,-25.5,0.0,-511.0,0.0,-2.0
860346.1,2868.0,2023.0,-2023.0,-485.5199890136719,-25.5,0.0,-511.0,0.0,-2.0
860357.201,2868.0,2023.0,-2023.0,-485.5199890136719,-25.5,0.0,-511.0,0.0,-2.0
860367.202,2868.0,2023.0,-2023.0,-485.5199890136719,-25.5,0.0,-511.0,0.0,-2.0
860378.205,2868.0,2023.0,-2023.0,-485.5199890136719,-25.5,0.0,-511.0,0.0,-2.0
860388.206,2868.0,2023.0,-2023.0,-485.5199890136719,-25.5,0.0,-511.0,0.0,-2.0
860399.209,2868.0,2023.0,-2023.0,-485.5199890136719,-25.5,0.0,-511.0,0.0,-2.0
860410.201,2868.0,2023.0,-2023.0,-485.5199890136719,-25.5,0.0,-511.0,0.0,-2.0
860420.201,2868.0,2023.0,-2023.0,-485.5199890136719,-25.5,0.0,-511.0,0.0,-2.0
860431.209,2868.0,2023.0,-2023.0,-485.5199890136719,-25.5,0.0,-511.0,0.0,-2.0
860441.211,2868.0,2023.0,-2023.0,-485.5199890136719,-25.5,0.0,-511.0,0.0,-2.0
860451.211,2868.0,2023.0,-2023.0,-485.5199890136719,-25.5,0.0,-511.0,0.0,-2.0
860462.205,2868.0,2023.0,-2023.0,-485.5199890136719,-25.5,0.0,-511.0,0.0,-2.0
860473.201,2868.0,2023.0,-2023.0,-485.5199890136719,-25.5,0.0,-511.0,0.0,-2.0
860483.201,2868.0,2023.0,-2023.0,-485.5199890136719,-25.5,0.0,-511.0,0.0,-2.0
860493.202,2868.0,2023.0,-2023.0,-485.5199890136719,-25.5,0.0,-511.0,0.0,-2.0
860503.202,2868.0,2023.0,-2023.0,-485.5199890136719,-25.5,0.0,-511.0,0.0,-2.0
860513.202,2868.0,2023.0,-2023.0,-485.5199890136719,-25.5,0.0,-511.0,0.0,-2.0
860524.205,2868.0,2023.0,-2023.0,-485.5199890136719,-25.5,0.0,-511.0,0.0,-2.0
860534.96,2868.0,2023.0,-2023.0,-485.5199890136719,-25.5,0.0,-511.0,0.0,-2.0
860545.201,2868.0,2023.0,-2023.0,-485.5199890136719,-25.5,0.0,-511.0,0.0,-2.0
860556.205,2868.0,2023.0,-2023.0,-485.5199890136719,-25.5,0.0,-511.0,0.0,-2.0
860566.206,2868.0,2023.0,-2023.0,-485.5199890136719,-25.5,0.0,-511.0,0.0,-2.0
860576.207,2868.0,2023.0,-2023.0,-485.5199890136719,-25.5,0.0,-511.0,0.0,-2.0
860587.205,2868.0,2023.0,-2023.0,-485.5199890136719,-25.5,0.0,-511.0,0.0,-2.0
860597.205,2868.0,2023.0,-2023.0,-485.5199890136719,-25.5,0.0,-511.0,0.0,-2.0
860608.205,2868.0,2023.0,-2023.0,-485.5199890136719,-25.5,0.0,-511.0,0.0,-2.0
860619.201,2868.0,2023.0,-2023.0,-485.5199890136719,-25.5,0.0,-511.0,0.0,-2.0
860630.204,2868.0,2023.0,-2023.0,-485.5199890136719,-25.5,0.0,-511.0,0.0,-2.0
860640.205,2868.0,2023.0,-2023.0,-485.5199890136719,-25.5,0.0,-511.0,0.0,-2.0
860650.206,2868.0,2023.0,-2023.0,-485.5199890136719,-25.5,0.0,-511.0,0.0,-2.0
860661.205,2868.0,2023.0,-2023.0,-485.5199890136719,-25.5,0.0,-511.0,0.0,-2.0
860672.201,2868.0,2023.0,-2023.0,-485.5199890136719,-25.5,0.0,-511.0,0.0,-2.0
860682.202,2868.0,2023.0,-2023.0,-485.5199890136719,-25.5,0.0,-511.0,0.0,-2.0
860693.201,2868.0,2023.0,-2023.0,-485.5199890136719,-25.5,0.0,-511.0,0.0,-2.0
860704.209,2868.0,2023.0,-2023.0,-485.5199890136719,-25.5,0.0,-511.0,0.0,-2.0
860715.201,2868.0,2023.0,-2023.0,-485.5199890136719,-25.5,0.0,-511.0,0.0,-2.0
860725.202,2868.0,2023.0,-2023.0,-485.5199890136719,-25.5,0.0,-511.0,0.0,-2.0
860736.382,2868.0,2023.0,-2023.0,-485.5199890136719,-25.5,0.0,-511.0,0.0,-2.0
860746.382,2868.0,2023.0,-2023.0,-485.5199890136719,-25.5,0.0,-511.0,0.0,-2.0
860757.205,2868.0,2023.0,-2023.0,-485.5199890136719,-25.5,0.0,-511.0,0.0,-2.0
860767.206,2868.0,2023.0,-2023.0,-485.5199890136719,-25.5,0.0,-511.0,0.0,-2.0
860778.205,2868.0,2023.0,-2023.0,-485.5199890136719,-25.5,0.0,-511.0,0.0,-2.0
860788.206,2868.0,2023.0,-2023.0,-485.5199890136719,-25.5,0.0,-511.0,0.0,-2.0
860799.201,2868.0,2023.0,-2023.0,-485.5199890136719,-25.5,0.0,-511.0,0.0,-2.0
860809.202,2868.0,2023.0,-2023.0,-485.5199890136719,-25.5,0.0,-511.0,0.0,-2.0
860819.203,2868.0,2023.0,-2023.0,-485.5199890136719,-25.5,0.0,-511.0,0.0,-2.0
860830.205,2868.0,2023.0,-2023.0,-485.5199890136719,-25.5,0.0,-511.0,0.0,-2.0
860840.206,2868.0,2023.0,-2023.0,-485.5199890136719,-25.5,0.0,-511.0,0.0,-2.0
860851.372,2868.0,2023.0,-2023.0,-485.5199890136719,-25.5,0.0,-511.0,0.0,-2.0
860861.372,2868.0,2023.0,-2023.0,-485.5199890136719,-25.5,0.0,-511.0,0.0,-2.0
860872.204,2868.0,2023.0,-2023.0,-485.5199890136719,-25.5,0.0,-511.0,0.0,-2.0
860883.431,2868.0,2023.0,-2023.0,-485.5199890136719,-25.5,0.0,-511.0,0.0,-2.0
860894.484,2868.0,2023.0,-2023.0,-485.5199890136719,-25.5,0.0,-511.0,0.0,-2.0
860904.484,2868.0,2023.0,-2023.0,-485.5199890136719,-25.5,0.0,-511.0,0.0,-2.0
860915.205,2868.0,2023.0,-2023.0,-485.5199890136719,-25.5,0.0,-511.0,0.0,-2.0
860926.201,2868.0,2023.0,-2023.0,-485.5199890136719,-25.5,0.0,-511.0,0.0,-2.0
860936.201,2868.0,2023.0,-2023.0,-485.5199890136719,-25.5,0.0,-511.0,0.0,-2.0
860946.202,2868.0,2023.0,-2023.0,-485.5199890136719,-25.5,0.0,-511.0,0.0,-2.0
860957.201,2868.0,2023.0,-2023.0,-485.5199890136719,-25.5,0.0,-511.0,0.0,-2.0
860967.201,2868.0,2023.0,-2023.0,-485.5199890136719,-25.5,0.0,-511.0,0.0,-2.0
860978.2,2868.0,2023.0,-2023.0,-485.5199890136719,-25.5,0.0,-511.0,0.0,-2.0
860989.205,2868.0,2023.0,-2023.0,-485.5199890136719,-25.5,0.0,-511.0,0.0,-2.0
860999.206,2868.0,2023.0,-2023.0,-485.5199890136719,-25.5,0.0,-511.0,0.0,-2.0
861010.2,2868.0,2023.0,-2023.0,-485.5199890136719,-25.5,0.0,-511.0,0.0,-2.0
861021.409,2868.0,2023.0,-2023.0,-485.5199890136719,-25.5,0.0,-511.0,0.0,-2.0
861031.413,2868.0,2023.0,-2023.0,-485.5199890136719,-25.5,0.0,-511.0,0.0,-2.0
861042.209,2868.0,2023.0,-2023.0,-485.5199890136719,-25.5,0.0,-511.0,0.0,-2.0
861053.173,2868.0,2023.0,-2023.0,-485.5199890136719,-25.5,0.0,-511.0,0.0,-2.0
861064.381,2868.0,2023.0,-2023.0,-485.5199890136719,-25.5,0.0,-511.0,0.0,-2.0
861074.381,2868.0,2023.0,-2023.0,-485.5199890136719,-25.5,0.0,-511.0,0.0,-2.0
861085.205,2868.0,2023.0,-2023.0,-485.5199890136719,-25.5,0.0,-511.0,0.0,-2.0
861096.212,2868.0,2023.0,-2023.0,-485.5199890136719,-25.5,0.0,-511.0,0.0,-2.0
861106.212,2868.0,2023.0,-2023.0,-485.5199890136719,-25.5,0.0,-511.0,0.0,-2.0
861117.2,2868.0,2023.0,-2023.0,-485.5199890136719,-25.5,0.0,-511.0,0.0,-2.0
861127.201,2868.0,2023.0,-2023.0,-485.5199890136719,-25.5,0.0,-511.0,0.0,-2.0
861137.202,2868.0,2023.0,-2023.0,-485.5199890136719,-25.5,0.0,-511.0,0.0,-2.0
861148.205,2868.0,2023.0,-2023.0,-485.5199890136719,-25.5,0.0,-511.0,0.0,-2.0
861159.201,2868.0,2023.0,-2023.0,-485.5199890136719,-25.5,0.0,-511.0,0.0,-2.0
861170.205,2868.0,2023.0,-2023.0,-485.5199890136719,-25.5,0.0,-511.0,0.0,-2.0
861181.201,2868.0,2023.0,-2023.0,-485.5199890136719,-25.5,0.0,-511.0,0.0,-2.0
861192.209,2868.0,2023.0,-2023.0,-485.5199890136719,-25.5,0.0,-511.0,0.0,-2.0
861203.2,2868.0,2023.0,-2023.0,-485.5199890136719,-25.5,0.0,-511.0,0.0,-2.0
861214.205,2868.0,2023.0,-2023.0,-485.5199890136719,-25.5,0.0,-511.0,0.0,-2.0
861225.201,2868.0,2023.0,-2023.0,-485.5199890136719,-25.5,0.0,-511.0,0.0,-2.0
861236.209,2868.0,2023.0,-2023.0,-485.5199890136719,-25.5,0.0,-511.0,0.0,-2.0
861246.209,2868.0,2023.0,-2023.0,-485.5199890136719,-25.5,0.0,-511.0,0.0,-2.0
861257.209,2868.0,2023.0,-2023.0,-485.5199890136719,-25.5,0.0,-511.0,0.0,-2.0
861267.209,2868.0,2023.0,-2023.0,-485.5199890136719,-25.5,0.0,-511.0,0.0,-2.0
861278.2,2868.0,2023.0,-2023.0,-485.5199890136719,-25.5,0.0,-511.0,0.0,-2.0
861289.173,2868.0,2023.0,-2023.0,-485.5199890136719,-25.5,0.0,-511.0,0.0,-2.0
861300.205,2868.0,2023.0,-2023.0,-485.5199890136719,-25.5,0.0,-511.0,0.0,-2.0
861311.201,2868.0,2023.0,-2023.0,-485.5199890136719,-25.5,0.0,-511.0,0.0,-2.0
861322.205,2868.0,2023.0,-2023.0,-485.5199890136719,-25.5,0.0,-511.0,0.0,-2.0
861333.205,2868.0,2023.0,-2023.0,-485.5199890136719,-25.5,0.0,-511.0,0.0,-2.0
861343.205,2868.0,2023.0,-2023.0,-485.5199890136719,-25.5,0.0,-511.0,0.0,-2.0
861353.205,2868.0,2023.0,-2023.0,-485.5199890136719,-25.5,0.0,-511.0,0.0,-2.0
861364.201,2868.0,2023.0,-2023.0,-485.5199890136719,-25.5,0.0,-511.0,0.0,-2.0
861374.202,2868.0,2023.0,-2023.0,-485.5199890136719,-25.5,0.0,-511.0,0.0,-2.0
861385.21,2868.0,2023.0,-2023.0,-485.5199890136719,-25.5,0.0,-511.0,0.0,-2.0
861396.209,2868.0,2023.0,-2023.0,-485.5199890136719,-25.5,0.0,-511.0,0.0,-2.0
861407.209,2868.0,2023.0,-2023.0,-485.5199890136719,-25.5,0.0,-511.0,0.0,-2.0
861418.201,2868.0,2023.0,-2023.0,-485.5199890136719,-25.5,0.0,-511.0,0.0,-2.0
861428.622,2868.0,2023.0,-2023.0,-485.5199890136719,-25.5,0.0,-511.0,0.0,-2.0
861438.622,2868.0,2023.0,-2023.0,-485.5199890136719,-25.5,0.0,-511.0,0.0,-2.0
861448.815,2868.0,2023.0,-2023.0,-485.5199890136719,-25.5,0.0,-511.0,0.0,-2.0
861458.815,2868.0,2023.0,-2023.0,-485.5199890136719,-25.5,0.0,-511.0,0.0,-2.0
861468.816,2868.0,2023.0,-2023.0,-485.5199890136719,-25.5,0.0,-511.0,0.0,-2.0
861479.204,2868.0,2023.0,-2023.0,-485.5199890136719,-25.5,0.0,-511.0,0.0,-2.0
861489.205,2868.0,2023.0,-2023.0,-485.5199890136719,-25.5,0.0,-511.0,0.0,-2.0
861500.201,2868.0,2023.0,-2023.0,-485.5199890136719,-25.5,0.0,-511.0,0.0,-2.0
861511.205,2868.0,2023.0,-2023.0,-485.5199890136719,-25.5,0.0,-511.0,0.0,-2.0
861522.201,2868.0,2023.0,-2023.0,-485.5199890136719,-25.5,0.0,-511.0,0.0,-2.0
861532.201,2868.0,2023.0,-2023.0,-485.5199890136719,-25.5,0.0,-511.0,0.0,-2.0
861542.201,2868.0,2023.0,-2023.0,-485.5199890136719,-25.5,0.0,-511.0,0.0,-2.0
861552.939,2868.0,2023.0,-2023.0,-485.5199890136719,-25.5,0.0,-511.0,0.0,-2.0
861563.204,2868.0,2023.0,-2023.0,-485.5199890136719,-25.5,0.0,-511.0,0.0,-2.0
861574.234,2868.0,2023.0,-2023.0,-485.5199890136719,-25.5,0.0,-511.0,0.0,-2.0
861584.421,2868.0,2023.0,-2023.0,-485.5199890136719,-25.5,0.0,-511.0,0.0,-2.0
861594.422,2868.0,2023.0,-2023.0,-485.5199890136719,-25.5,0.0,-511.0,0.0,-2.0
861604.423,2868.0,2023.0,-2023.0,-485.5199890136719,-25.5,0.0,-511.0,0.0,-2.0
861615.205,2868.0,2023.0,-2023.0,-485.5199890136719,-25.5,0.0,-511.0,0.0,-2.0
861626.201,2868.0,2023.0,-2023.0,-485.5199890136719,-25.5,0.0,-511.0,0.0,-2.0
861636.202,2868.0,2023.0,-2023.0,-485.5199890136719,-25.5,0.0,-511.0,0.0,-2.0
861647.201,2868.0,2023.0,-2023.0,-485.5199890136719,-25.5,0.0,-511.0,0.0,-2.0
861658.204,2868.0,2023.0,-2023.0,-485.5199890136719,-25.5,0.0,-511.0,0.0,-2.0
861668.204,2868.0,2023.0,-2023.0,-485.5199890136719,-25.5,0.0,-511.0,0.0,-2.0
861678.204,2868.0,2023.0,-2023.0,-485.5199890136719,-25.5,0.0,-511.0,0.0,-2.0
861688.205,2868.0,2023.0,-2023.0,-485.5199890136719,-25.5,0.0,-511.0,0.0,-2.0
861699.201,2868.0,2023.0,-2023.0,-485.5199890136719,-25.5,0.0,-511.0,0.0,-2.0
861710.039,2868.0,2023.0,-2023.0,-485.5199890136719,-25.5,0.0,-511.0,0.0,-2.0
861720.039,2868.0,2023.0,-2023.0,-485.5199890136719,-25.5,0.0,-511.0,0.0,-2.0
861730.201,2868.0,2023.0,-2023.0,-485.5199890136719,-25.5,0.0,-511.0,0.0,-2.0
861740.202,2868.0,2023.0,-2023.0,-485.5199890136719,-25.5,0.0,-511.0,0.0,-2.0
861751.201,2868.0,2023.0,-2023.0,-485.5199890136719,-25.5,0.0,-511.0,0.0,-2.0
861762.205,2868.0,2023.0,-2023.0,-485.5199890136719,-25.5,0.0,-511.0,0.0,-2.0
861772.205,2868.0,2023.0,-2023.0,-485.5199890136719,-25.5,0.0,-511.0,0.0,-2.0
861783.201,2868.0,2023.0,-2023.0,-485.5199890136719,-25.5,0.0,-511.0,0.0,-2.0
861794.205,2868.0,2023.0,-2023.0,-485.5199890136719,-25.5,0.0,-511.0,0.0,-2.0
861805.201,2868.0,2023.0,-2023.0,-485.5199890136719,-25.5,0.0,-511.0,0.0,-2.0
861816.205,2868.0,2023.0,-2023.0,-485.5199890136719,-25.5,0.0,-511.0,0.0,-2.0
861826.206,2868.0,2023.0,-2023.0,-485.5199890136719,-25.5,0.0,-511.0,0.0,-2.0
861837.201,2868.0,2023.0,-2023.0,-485.5199890136719,-25.5,0.0,-511.0,0.0,-2.0
861848.363,2868.0,2023.0,-2023.0,-485.5199890136719,-25.5,0.0,-511.0,0.0,-2.0
861859.2,2868.0,2023.0,-2023.0,-485.5199890136719,-25.5,0.0,-511.0,0.0,-2.0
861869.2,2868.0,2023.0,-2023.0,-485.5199890136719,-25.5,0.0,-511.0,0.0,-2.0
861879.2,2868.0,2023.0,-2023.0,-485.5199890136719,-25.5,0.0,-511.0,0.0,-2.0
861889.201,2868.0,2023.0,-2023.0,-485.5199890136719,-25.5,0.0,-511.0,0.0,-2.0
861899.201,2868.0,2023.0,-2023.0,-485.5199890136719,-25.5,0.0,-511.0,0.0,-2.0
861910.205,2868.0,2023.0,-2023.0,-485.5199890136719,-25.5,0.0,-511.0,0.0,-2.0
861921.204,2868.0,2023.0,-2023.0,-485.5199890136719,-25.5,0.0,-511.0,0.0,-2.0
861932.201,2868.0,2023.0,-2023.0,-485.5199890136719,-25.5,0.0,-511.0,0.0,-2.0
861943.205,2868.0,2023.0,-2023.0,-485.5199890136719,-25.5,0.0,-511.0,0.0,-2.0
861954.201,2868.0,2023.0,-2023.0,-485.5199890136719,-25.5,0.0,-511.0,0.0,-2.0
861965.205,2868.0,2023.0,-2023.0,-485.5199890136719,-25.5,0.0,-511.0,0.0,-2.0
861976.201,2868.0,2023.0,-2023.0,-485.5199890136719,-25.5,0.0,-511.0,0.0,-2.0
861987.205,2868.0,2023.0,-2023.0,-485.5199890136719,-25.5,0.0,-511.0,0.0,-2.0
861997.205,2868.0,2023.0,-2023.0,-485.5199890136719,-25.5,0.0,-511.0,0.0,-2.0
862008.205,2868.0,2023.0,-2023.0,-485.5199890136719,-25.5,0.0,-511.0,0.0,-2.0
862019.201,2868.0,2023.0,-2023.0,-485.5199890136719,-25.5,0.0,-511.0,0.0,-2.0
862030.204,2868.0,2023.0,-2023.0,-485.5199890136719,-25.5,0.0,-511.0,0.0,-2.0
862041.201,2868.0,2023.0,-2023.0,-485.5199890136719,-25.5,0.0,-511.0,0.0,-2.0
862051.201,2868.0,2023.0,-2023.0,-485.5199890136719,-25.5,0.0,-511.0,0.0,-2.0
862061.201,2868.0,2023.0,-2023.0,-485.5199890136719,-25.5,0.0,-511.0,0.0,-2.0
862072.329,2868.0,2023.0,-2023.0,-485.5199890136719,-25.5,0.0,-511.0,0.0,-2.0
862082.815,2868.0,2023.0,-2023.0,-485.5199890136719,-25.5,0.0,-511.0,0.0,-2.0
862093.218,2868.0,2023.0,-2023.0,-485.5199890136719,-25.5,0.0,-511.0,0.0,-2.0
862103.219,2868.0,2023.0,-2023.0,-485.5199890136719,-25.5,0.0,-511.0,0.0,-2.0
862113.219,2868.0,2023.0,-2023.0,-485.5199890136719,-25.5,0.0,-511.0,0.0,-2.0
862124.201,2868.0,2023.0,-2023.0,-485.5199890136719,-25.5,0.0,-511.0,0.0,-2.0
862134.202,2868.0,2023.0,-2023.0,-485.5199890136719,-25.5,0.0,-511.0,0.0,-2.0
862145.201,2868.0,2023.0,-2023.0,-485.5199890136719,-25.5,0.0,-511.0,0.0,-2.0
862155.202,2868.0,2023.0,-2023.0,-485.5199890136719,-25.5,0.0,-511.0,0.0,-2.0
862165.202,2868.0,2023.0,-2023.0,-485.5199890136719,-25.5,0.0,-511.0,0.0,-2.0
862176.205,2868.0,2023.0,-2023.0,-485.5199890136719,-25.5,0.0,-511.0,0.0,-2.0
935090.101,2868.0,2023.0,-2023.0,-485.5199890136719,-25.5,0.0,-511.0,0.0,-2.0
935100.959,2868.0,2023.0,-2023.0,-485.5199890136719,-25.5,0.0,-511.0,0.0,-2.0
935110.96,2868.0,2023.0,-2023.0,-485.5199890136719,-25.5,0.0,-511.0,0.0,-2.0
935121.1,2868.0,2023.0,-2023.0,-485.5199890136719,-25.5,0.0,-511.0,0.0,-2.0
935132.204,2868.0,2023.0,-2023.0,-485.5199890136719,-25.5,0.0,-511.0,0.0,-2.0
935142.205,2868.0,2023.0,-2023.0,-485.5199890136719,-25.5,0.0,-511.0,0.0,-2.0
935153.2,2868.0,2023.0,-2023.0,-485.5199890136719,-25.5,0.0,-511.0,0.0,-2.0
935163.2,2868.0,2023.0,-2023.0,-485.5199890136719,-25.5,0.0,-511.0,0.0,-2.0
935174.201,2868.0,2023.0,-2023.0,-485.5199890136719,-25.5,0.0,-511.0,0.0,-2.0
935185.205,2868.0,2023.0,-2023.0,-485.5199890136719,-25.5,0.0,-511.0,0.0,-2.0
935196.205,2868.0,2023.0,-2023.0,-485.5199890136719,-25.5,0.0,-511.0,0.0,-2.0
935207.201,2868.0,2023.0,-2023.0,-485.5199890136719,-25.5,0.0,-511.0,0.0,-2.0
935218.204,2868.0,2023.0,-2023.0,-485.5199890136719,-25.5,0.0,-511.0,0.0,-2.0
935228.206,2868.0,2023.0,-2023.0,-485.5199890136719,-25.5,0.0,-511.0,0.0,-2.0
935239.201,2868.0,2023.0,-2023.0,-485.5199890136719,-25.5,0.0,-511.0,0.0,-2.0
935249.202,2868.0,2023.0,-2023.0,-485.5199890136719,-25.5,0.0,-511.0,0.0,-2.0
935259.203,2868.0,2023.0,-2023.0,-485.5199890136719,-25.5,0.0,-511.0,0.0,-2.0
935270.329,2868.0,2023.0,-2023.0,-485.5199890136719,-25.5,0.0,-511.0,0.0,-2.0
935281.274,2868.0,2023.0,-2023.0,-485.5199890136719,-25.5,0.0,-511.0,0.0,-2.0
935291.274,2868.0,2023.0,-2023.0,-485.5199890136719,-25.5,0.0,-511.0,0.0,-2.0
935302.205,2868.0,2023.0,-2023.0,-485.5199890136719,-25.5,0.0,-511.0,0.0,-2.0
935313.201,2868.0,2023.0,-2023.0,-485.5199890136719,-25.5,0.0,-511.0,0.0,-2.0
935324.211,2868.0,2023.0,-2023.0,-485.5199890136719,-25.5,0.0,-511.0,0.0,-2.0
935335.201,2868.0,2023.0,-2023.0,-485.5199890136719,-25.5,0.0,-511.0,0.0,-2.0
935345.202,2868.0,2023.0,-2023.0,-485.5199890136719,-25.5,0.0,-511.0,0.0,-2.0
935356.2,2868.0,2023.0,-2023.0,-485.5199890136719,-25.5,0.0,-511.0,0.0,-2.0
935366.201,2868.0,2023.0,-2023.0,-485.5199890136719,-25.5,0.0,-511.0,0.0,-2.0
935377.201,2868.0,2023.0,-2023.0,-485.5199890136719,-25.5,0.0,-511.0,0.0,-2.0
935388.204,2868.0,2023.0,-2023.0,-485.5199890136719,-25.5,0.0,-511.0,0.0,-2.0
935399.201,2868.0,2023.0,-2023.0,-485.5199890136719,-25.5,0.0,-511.0,0.0,-2.0
935410.205,2868.0,2023.0,-2023.0,-485.5199890136719,-25.5,0.0,-511.0,0.0,-2.0
935420.205,2868.0,2023.0,-2023.0,-485.5199890136719,-25.5,0.0,-511.0,0.0,-2.0
935430.207,2868.0,2023.0,-2023.0,-485.5199890136719,-25.5,0.0,-511.0,0.0,-2.0
935441.201,2868.0,2023.0,-2023.0,-485.5199890136719,-25.5,0.0,-511.0,0.0,-2.0
935452.208,2868.0,2023.0,-2023.0,-485.5199890136719,-25.5,0.0,-511.0,0.0,-2.0
935462.208,2868.0,2023.0,-2023.0,-485.5199890136719,-25.5,0.0,-511.0,0.0,-2.0
935472.209,2868.0,2023.0,-2023.0,-485.5199890136719,-25.5,0.0,-511.0,0.0,-2.0
935482.84,2868.0,2023.0,-2023.0,-485.5199890136719,-25.5,0.0,-511.0,0.0,-2.0
935492.841,2868.0,2023.0,-2023.0,-485.5199890136719,-25.5,0.0,-511.0,0.0,-2.0
935503.204,2868.0,2023.0,-2023.0,-485.5199890136719,-25.5,0.0,-511.0,0.0,-2.0
935513.204,2868.0,2023.0,-2023.0,-485.5199890136719,-25.5,0.0,-511.0,0.0,-2.0
935523.205,2868.0,2023.0,-2023.0,-485.5199890136719,-25.5,0.0,-511.0,0.0,-2.0
935534.201,2868.0,2023.0,-2023.0,-485.5199890136719,-25.5,0.0,-511.0,0.0,-2.0
935545.205,2868.0,2023.0,-2023.0,-485.5199890136719,-25.5,0.0,-511.0,0.0,-2.0
935555.206,2868.0,2023.0,-2023.0,-485.5199890136719,-25.5,0.0,-511.0,0.0,-2.0
935566.2,2868.0,2023.0,-2023.0,-485.5199890136719,-25.5,0.0,-511.0,0.0,-2.0
935577.205,2868.0,2023.0,-2023.0,-485.5199890136719,-25.5,0.0,-511.0,0.0,-2.0
935588.205,2868.0,2023.0,-2023.0,-485.5199890136719,-25.5,0.0,-511.0,0.0,-2.0
935598.206,2868.0,2023.0,-2023.0,-485.5199890136719,-25.5,0.0,-511.0,0.0,-2.0
935609.205,2868.0,2023.0,-2023.0,-485.5199890136719,-25.5,0.0,-511.0,0.0,-2.0
935619.205,2868.0,2023.0,-2023.0,-485.5199890136719,-25.5,0.0,-511.0,0.0,-2.0
935630.201,2868.0,2023.0,-2023.0,-485.5199890136719,-25.5,0.0,-511.0,0.0,-2.0
935641.41,2868.0,2023.0,-2023.0,-485.5199890136719,-25.5,0.0,-511.0,0.0,-2.0
935651.411,2868.0,2023.0,-2023.0,-485.5199890136719,-25.5,0.0,-511.0,0.0,-2.0
935661.411,2868.0,2023.0,-2023.0,-485.5199890136719,-25.5,0.0,-511.0,0.0,-2.0
935672.205,2868.0,2023.0,-2023.0,-485.5199890136719,-25.5,0.0,-511.0,0.0,-2.0
935683.201,2868.0,2023.0,-2023.0,-485.5199890136719,-25.5,0.0,-511.0,0.0,-2.0
935694.205,2868.0,2023.0,-2023.0,-485.5199890136719,-25.5,0.0,-511.0,0.0,-2.0
935705.205,2868.0,2023.0,-2023.0,-485.5199890136719,-25.5,0.0,-511.0,0.0,-2.0
935716.201,2868.0,2023.0,-2023.0,-485.5199890136719,-25.5,0.0,-511.0,0.0,-2.0
935726.201,2868.0,2023.0,-2023.0,-485.5199890136719,-25.5,0.0,-511.0,0.0,-2.0
935737.2,2868.0,2023.0,-2023.0,-485.5199890136719,-25.5,0.0,-511.0,0.0,-2.0
935747.2,2868.0,2023.0,-2023.0,-485.5199890136719,-25.5,0.0,-511.0,0.0,-2.0
935758.201,2868.0,2023.0,-2023.0,-485.5199890136719,-25.5,0.0,-511.0,0.0,-2.0
935768.202,2868.0,2023.0,-2023.0,-485.5199890136719,-25.5,0.0,-511.0,0.0,-2.0
935779.2,2868.0,2023.0,-2023.0,-485.5199890136719,-25.5,0.0,-511.0,0.0,-2.0
935790.204,2868.0,2023.0,-2023.0,-485.5199890136719,-25.5,0.0,-511.0,0.0,-2.0
935800.204,2868.0,2023.0,-2023.0,-485.5199890136719,-25.5,0.0,-511.0,0.0,-2.0
935811.205,2868.0,2023.0,-2023.0,-485.5199890136719,-25.5,0.0,-511.0,0.0,-2.0
935822.202,2868.0,2023.0,-2023.0,-485.5199890136719,-25.5,0.0,-511.0,0.0,-2.0
935832.203,2868.0,2023.0,-2023.0,-485.5199890136719,-25.5,0.0,-511.0,0.0,-2.0
935843.2,2868.0,2023.0,-2023.0,-485.5199890136719,-25.5,0.0,-511.0,0.0,-2.0
935854.209,2868.0,2023.0,-2023.0,-485.5199890136719,-25.5,0.0,-511.0,0.0,-2.0
935864.574,2868.0,2023.0,-2023.0,-485.5199890136719,-25.5,0.0,-511.0,0.0,-2.0
935875.173,2868.0,2023.0,-2023.0,-485.5199890136719,-25.5,0.0,-511.0,0.0,-2.0
935886.173,2868.0,2023.0,-2023.0,-485.5199890136719,-25.5,0.0,-511.0,0.0,-2.0
935897.205,2868.0,2023.0,-2023.0,-485.5199890136719,-25.5,0.0,-511.0,0.0,-2.0
935908.204,2868.0,2023.0,-2023.0,-485.5199890136719,-25.5,0.0,-511.0,0.0,-2.0
935918.204,2868.0,2023.0,-2023.0,-485.5199890136719,-25.5,0.0,-511.0,0.0,-2.0
935929.205,2868.0,2023.0,-2023.0,-485.5199890136719,-25.5,0.0,-511.0,0.0,-2.0
935940.205,2868.0,2023.0,-2023.0,-485.5199890136719,-25.5,0.0,-511.0,0.0,-2.0
935950.205,2868.0,2023.0,-2023.0,-485.5199890136719,-25.5,0.0,-511.0,0.0,-2.0
935961.205,2868.0,2023.0,-2023.0,-485.5199890136719,-25.5,0.0,-511.0,0.0,-2.0
935972.201,2868.0,2023.0,-2023.0,-485.5199890136719,-25.5,0.0,-511.0,0.0,-2.0
935982.201,2868.0,2023.0,-2023.0,-485.5199890136719,-25.5,0.0,-511.0,0.0,-2.0
935993.205,2868.0,2023.0,-2023.0,-485.5199890136719,-25.5,0.0,-511.0,0.0,-2.0
936004.202,2868.0,2023.0,-2023.0,-485.5199890136719,-25.5,0.0,-511.0,0.0,-2.0
936014.202,2868.0,2023.0,-2023.0,-485.5199890136719,-25.5,0.0,-511.0,0.0,-2.0
936025.202,2868.0,2023.0,-2023.0,-485.5199890136719,-25.5,0.0,-511.0,0.0,-2.0
936036.205,2868.0,2023.0,-2023.0,-485.5199890136719,-25.5,0.0,-511.0,0.0,-2.0
936046.206,2868.0,2023.0,-2023.0,-485.5199890136719,-25.5,0.0,-511.0,0.0,-2.0
936056.207,2868.0,2023.0,-2023.0,-485.5199890136719,-25.5,0.0,-511.0,0.0,-2.0
936066.207,2868.0,2023.0,-2023.0,-485.5199890136719,-25.5,0.0,-511.0,0.0,-2.0
936077.173,2868.0,2023.0,-2023.0,-485.5199890136719,-25.5,0.0,-511.0,0.0,-2.0
936088.173,2868.0,2023.0,-2023.0,-485.5199890136719,-25.5,0.0,-511.0,0.0,-2.0
936099.213,2868.0,2023.0,-2023.0,-485.5199890136719,-25.5,0.0,-511.0,0.0,-2.0
936110.205,2868.0,2023.0,-2023.0,-485.5199890136719,-25.5,0.0,-511.0,0.0,-2.0
936121.205,2868.0,2023.0,-2023.0,-485.5199890136719,-25.5,0.0,-511.0,0.0,-2.0
936131.205,2868.0,2023.0,-2023.0,-485.5199890136719,-25.5,0.0,-511.0,0.0,-2.0
936141.206,2868.0,2023.0,-2023.0,-485.5199890136719,-25.5,0.0,-511.0,0.0,-2.0
936151.207,2868.0,2023.0,-2023.0,-485.5199890136719,-25.5,0.0,-511.0,0.0,-2.0
936161.208,2868.0,2023.0,-2023.0,-485.5199890136719,-25.5,0.0,-511.0,0.0,-2.0
936171.255,2868.0,2023.0,-2023.0,-485.5199890136719,-25.5,0.0,-511.0,0.0,-2.0
936181.255,2868.0,2023.0,-2023.0,-485.5199890136719,-25.5,0.0,-511.0,0.0,-2.0
936191.255,2868.0,2023.0,-2023.0,-485.5199890136719,-25.5,0.0,-511.0,0.0,-2.0
936201.256,2868.0,2023.0,-2023.0,-485.5199890136719,-25.5,0.0,-511.0,0.0,-2.0
936212.479,2868.0,2023.0,-2023.0,-485.5199890136719,-25.5,0.0,-511.0,0.0,-2.0
936222.479,2868.0,2023.0,-2023.0,-485.5199890136719,-25.5,0.0,-511.0,0.0,-2.0
936232.48,2868.0,2023.0,-2023.0,-485.5199890136719,-25.5,0.0,-511.0,0.0,-2.0
936243.2,2868.0,2023.0,-2023.0,-485.5199890136719,-25.5,0.0,-511.0,0.0,-2.0
936253.201,2868.0,2023.0,-2023.0,-485.5199890136719,-25.5,0.0,-511.0,0.0,-2.0
936264.2,2868.0,2023.0,-2023.0,-485.5199890136719,-25.5,0.0,-511.0,0.0,-2.0
936275.204,2868.0,2023.0,-2023.0,-485.5199890136719,-25.5,0.0,-511.0,0.0,-2.0
936286.2,2868.0,2023.0,-2023.0,-485.5199890136719,-25.5,0.0,-511.0,0.0,-2.0
936296.201,2868.0,2023.0,-2023.0,-485.5199890136719,-25.5,0.0,-511.0,0.0,-2.0
936307.205,2868.0,2023.0,-2023.0,-485.5199890136719,-25.5,0.0,-511.0,0.0,-2.0
936318.201,2868.0,2023.0,-2023.0,-485.5199890136719,-25.5,0.0,-511.0,0.0,-2.0
936329.205,2868.0,2023.0,-2023.0,-485.5199890136719,-25.5,0.0,-511.0,0.0,-2.0
936340.2,2868.0,2023.0,-2023.0,-485.5199890136719,-25.5,0.0,-511.0,0.0,-2.0
936350.2,2868.0,2023.0,-2023.0,-485.5199890136719,-25.5,0.0,-511.0,0.0,-2.0
936361.215,2868.0,2023.0,-2023.0,-485.5199890136719,-25.5,0.0,-511.0,0.0,-2.0
936372.2,2868.0,2023.0,-2023.0,-485.5199890136719,-25.5,0.0,-511.0,0.0,-2.0
936383.205,2868.0,2023.0,-2023.0,-485.5199890136719,-25.5,0.0,-511.0,0.0,-2.0
936393.206,2868.0,2023.0,-2023.0,-485.5199890136719,-25.5,0.0,-511.0,0.0,-2.0
936403.578,2868.0,2023.0,-2023.0,-485.5199890136719,-25.5,0.0,-511.0,0.0,-2.0
936413.578,2868.0,2023.0,-2023.0,-485.5199890136719,-25.5,0.0,-511.0,0.0,-2.0
936424.205,2868.0,2023.0,-2023.0,-485.5199890136719,-25.5,0.0,-511.0,0.0,-2.0
936434.206,2868.0,2023.0,-2023.0,-485.5199890136719,-25.5,0.0,-511.0,0.0,-2.0
936445.205,2868.0,2023.0,-2023.0,-485.5199890136719,-25.5,0.0,-511.0,0.0,-2.0
936456.205,2868.0,2023.0,-2023.0,-485.5199890136719,-25.5,0.0,-511.0,0.0,-2.0
936467.201,2868.0,2023.0,-2023.0,-485.5199890136719,-25.5,0.0,-511.0,0.0,-2.0
936477.201,2868.0,2023.0,-2023.0,-485.5199890136719,-25.5,0.0,-511.0,0.0,-2.0
936488.2,2868.0,2023.0,-2023.0,-485.5199890136719,-25.5,0.0,-511.0,0.0,-2.0
936498.201,2868.0,2023.0,-2023.0,-485.5199890136719,-25.5,0.0,-511.0,0.0,-2.0
936509.201,2868.0,2023.0,-2023.0,-485.5199890136719,-25.5,0.0,-511.0,0.0,-2.0
936519.201,2868.0,2023.0,-2023.0,-485.5199890136719,-25.5,0.0,-511.0,0.0,-2.0
936530.201,2868.0,2023.0,-2023.0,-485.5199890136719,-25.5,0.0,-511.0,0.0,-2.0
936541.205,2868.0,2023.0,-2023.0,-485.5199890136719,-25.5,0.0,-511.0,0.0,-2.0
936552.201,2868.0,2023.0,-2023.0,-485.5199890136719,-25.5,0.0,-511.0,0.0,-2.0
936563.209,2868.0,2023.0,-2023.0,-485.5199890136719,-25.5,0.0,-511.0,0.0,-2.0
936573.211,2868.0,2023.0,-2023.0,-485.5199890136719,-25.5,0.0,-511.0,0.0,-2.0
936583.211,2868.0,2023.0,-2023.0,-485.5199890136719,-25.5,0.0,-511.0,0.0,-2.0
936594.495,2868.0,2023.0,-2023.0,-485.5199890136719,-25.5,0.0,-511.0,0.0,-2.0
936605.205,2868.0,2023.0,-2023.0,-485.5199890136719,-25.5,0.0,-511.0,0.0,-2.0
936616.157,2868.0,2023.0,-2023.0,-485.5199890136719,-25.5,0.0,-511.0,0.0,-2.0
936627.173,2868.0,2023.0,-2023.0,-485.5199890136719,-25.5,0.0,-511.0,0.0,-2.0
936638.205,2868.0,2023.0,-2023.0,-485.5199890136719,-25.5,0.0,-511.0,0.0,-2.0
936649.2,2868.0,2023.0,-2023.0,-485.5199890136719,-25.5,0.0,-511.0,0.0,-2.0
936659.201,2868.0,2023.0,-2023.0,-485.5199890136719,-25.5,0.0,-511.0,0.0,-2.0
936669.201,2868.0,2023.0,-2023.0,-485.5199890136719,-25.5,0.0,-511.0,0.0,-2.0
936680.205,2868.0,2023.0,-2023.0,-485.5199890136719,-25.5,0.0,-511.0,0.0,-2.0
936691.201,2868.0,2023.0,-2023.0,-485.5199890136719,-25.5,0.0,-511.0,0.0,-2.0
936701.202,2868.0,2023.0,-2023.0,-485.5199890136719,-25.5,0.0,-511.0,0.0,-2.0
936712.201,2868.0,2023.0,-2023.0,-485.5199890136719,-25.5,0.0,-511.0,0.0,-2.0
936723.205,2868.0,2023.0,-2023.0,-485.5199890136719,-25.5,0.0,-511.0,0.0,-2.0
936734.206,2868.0,2023.0,-2023.0,-485.5199890136719,-25.5,0.0,-511.0,0.0,-2.0
936745.201,2868.0,2023.0,-2023.0,-485.5199890136719,-25.5,0.0,-511.0,0.0,-2.0
936755.201,2868.0,2023.0,-2023.0,-485.5199890136719,-25.5,0.0,-511.0,0.0,-2.0
936766.201,2868.0,2023.0,-2023.0,-485.5199890136719,-25.5,0.0,-511.0,0.0,-2.0
936777.205,2868.0,2023.0,-2023.0,-485.5199890136719,-25.5,0.0,-511.0,0.0,-2.0
936787.206,2868.0,2023.0,-2023.0,-485.5199890136719,-25.5,0.0,-511.0,0.0,-2.0
936797.207,2868.0,2023.0,-2023.0,-485.5199890136719,-25.5,0.0,-511.0,0.0,-2.0
936807.208,2868.0,2023.0,-2023.0,-485.5199890136719,-25.5,0.0,-511.0,0.0,-2.0
936818.173,2868.0,2023.0,-2023.0,-485.5199890136719,-25.5,0.0,-511.0,0.0,-2.0
936828.173,2868.0,2023.0,-2023.0,-485.5199890136719,-25.5,0.0,-511.0,0.0,-2.0
936839.205,2868.0,2023.0,-2023.0,-485.5199890136719,-25.5,0.0,-511.0,0.0,-2.0
936850.204,2868.0,2023.0,-2023.0,-485.5199890136719,-25.5,0.0,-511.0,0.0,-2.0
936861.2,2868.0,2023.0,-2023.0,-485.5199890136719,-25.5,0.0,-511.0,0.0,-2.0
936872.205,2868.0,2023.0,-2023.0,-485.5199890136719,-25.5,0.0,-511.0,0.0,-2.0
936882.206,2868.0,2023.0,-2023.0,-485.5199890136719,-25.5,0.0,-511.0,0.0,-2.0
936893.2,2868.0,2023.0,-2023.0,-485.5199890136719,-25.5,0.0,-511.0,0.0,-2.0
936903.2,2868.0,2023.0,-2023.0,-485.5199890136719,-25.5,0.0,-511.0,0.0,-2.0
936913.201,2868.0,2023.0,-2023.0,-485.5199890136719,-25.5,0.0,-511.0,0.0,-2.0
936923.202,2868.0,2023.0,-2023.0,-485.5199890136719,-25.5,0.0,-511.0,0.0,-2.0
936934.201,2868.0,2023.0,-2023.0,-485.5199890136719,-25.5,0.0,-511.0,0.0,-2.0
936945.217,2868.0,2023.0,-2023.0,-485.5199890136719,-25.5,0.0,-511.0,0.0,-2.0
936955.218,2868.0,2023.0,-2023.0,-485.5199890136719,-25.5,0.0,-511.0,0.0,-2.0
936966.45,2868.0,2023.0,-2023.0,-485.5199890136719,-25.5,0.0,-511.0,0.0,-2.0
936976.451,2868.0,2023.0,-2023.0,-485.5199890136719,-25.5,0.0,-511.0,0.0,-2.0
936987.372,2868.0,2023.0,-2023.0,-485.5199890136719,-25.5,0.0,-511.0,0.0,-2.0
936997.373,2868.0,2023.0,-2023.0,-485.5199890136719,-25.5,0.0,-511.0,0.0,-2.0
937008.204,2868.0,2023.0,-2023.0,-485.5199890136719,-25.5,0.0,-511.0,0.0,-2.0
937019.201,2868.0,2023.0,-2023.0,-485.5199890136719,-25.5,0.0,-511.0,0.0,-2.0
937030.205,2868.0,2023.0,-2023.0,-485.5199890136719,-25.5,0.0,-511.0,0.0,-2.0
937040.206,2868.0,2023.0,-2023.0,-485.5199890136719,-25.5,0.0,-511.0,0.0,-2.0
937051.205,2868.0,2023.0,-2023.0,-485.5199890136719,-25.5,0.0,-511.0,0.0,-2.0
937062.2,2868.0,2023.0,-2023.0,-485.5199890136719,-25.5,0.0,-511.0,0.0,-2.0
937072.201,2868.0,2023.0,-2023.0,-485.5199890136719,-25.5,0.0,-511.0,0.0,-2.0
937083.2,2868.0,2023.0,-2023.0,-485.5199890136719,-25.5,0.0,-511.0,0.0,-2.0
937094.367,2868.0,2023.0,-2023.0,-485.5199890136719,-25.5,0.0,-511.0,0.0,-2.0
937105.205,2868.0,2023.0,-2023.0,-485.5199890136719,-25.5,0.0,-511.0,0.0,-2.0
937116.2,2868.0,2023.0,-2023.0,-485.5199890136719,-25.5,0.0,-511.0,0.0,-2.0
937126.201,2868.0,2023.0,-2023.0,-485.5199890136719,-25.5,0.0,-511.0,0.0,-2.0
937137.201,2868.0,2023.0,-2023.0,-485.5199890136719,-25.5,0.0,-511.0,0.0,-2.0
937148.204,2868.0,2023.0,-2023.0,-485.5199890136719,-25.5,0.0,-511.0,0.0,-2.0
937158.204,2868.0,2023.0,-2023.0,-485.5199890136719,-25.5,0.0,-511.0,0.0,-2.0
937169.201,2868.0,2023.0,-2023.0,-485.5199890136719,-25.5,0.0,-511.0,0.0,-2.0
937179.202,2868.0,2023.0,-2023.0,-485.5199890136719,-25.5,0.0,-511.0,0.0,-2.0
937189.202,2868.0,2023.0,-2023.0,-485.5199890136719,-25.5,0.0,-511.0,0.0,-2.0
937200.157,2868.0,2023.0,-2023.0,-485.5199890136719,-25.5,0.0,-511.0,0.0,-2.0
937211.173,2868.0,2023.0,-2023.0,-485.5199890136719,-25.5,0.0,-511.0,0.0,-2.0
937222.2,2868.0,2023.0,-2023.0,-485.5199890136719,-25.5,0.0,-511.0,0.0,-2.0
937232.201,2868.0,2023.0,-2023.0,-485.5199890136719,-25.5,0.0,-511.0,0.0,-2.0
937242.202,2868.0,2023.0,-2023.0,-485.5199890136719,-25.5,0.0,-511.0,0.0,-2.0
937253.201,2868.0,2023.0,-2023.0,-485.5199890136719,-25.5,0.0,-511.0,0.0,-2.0
937263.202,2868.0,2023.0,-2023.0,-485.5199890136719,-25.5,0.0,-511.0,0.0,-2.0
937274.201,2868.0,2023.0,-2023.0,-485.5199890136719,-25.5,0.0,-511.0,0.0,-2.0
937285.205,2868.0,2023.0,-2023.0,-485.5199890136719,-25.5,0.0,-511.0,0.0,-2.0
937296.201,2868.0,2023.0,-2023.0,-485.5199890136719,-25.5,0.0,-511.0,0.0,-2.0
937307.205,2868.0,2023.0,-2023.0,-485.5199890136719,-25.5,0.0,-511.0,0.0,-2.0
937318.204,2868.0,2023.0,-2023.0,-485.5199890136719,-25.5,0.0,-511.0,0.0,-2.0
937329.201,2868.0,2023.0,-2023.0,-485.5199890136719,-25.5,0.0,-511.0,0.0,-2.0
937339.201,2868.0,2023.0,-2023.0,-485.5199890136719,-25.5,0.0,-511.0,0.0,-2.0
937350.201,2868.0,2023.0,-2023.0,-485.5199890136719,-25.5,0.0,-511.0,0.0,-2.0
937361.205,2868.0,2023.0,-2023.0,-485.5199890136719,-25.5,0.0,-511.0,0.0,-2.0
937372.201,2868.0,2023.0,-2023.0,-485.5199890136719,-25.5,0.0,-511.0,0.0,-2.0
937383.205,2868.0,2023.0,-2023.0,-485.5199890136719,-25.5,0.0,-511.0,0.0,-2.0
937393.206,2868.0,2023.0,-2023.0,-485.5199890136719,-25.5,0.0,-511.0,0.0,-2.0
937404.209,2868.0,2023.0,-2023.0,-485.5199890136719,-25.5,0.0,-511.0,0.0,-2.0
937414.209,2868.0,2023.0,-2023.0,-485.5199890136719,-25.5,0.0,-511.0,0.0,-2.0
937424.21,2868.0,2023.0,-2023.0,-485.5199890136719,-25.5,0.0,-511.0,0.0,-2.0
937435.173,2868.0,2023.0,-2023.0,-485.5199890136719,-25.5,0.0,-511.0,0.0,-2.0
937446.201,2868.0,2023.0,-2023.0,-485.5199890136719,-25.5,0.0,-511.0,0.0,-2.0
937456.202,2868.0,2023.0,-2023.0,-485.5199890136719,-25.5,0.0,-511.0,0.0,-2.0
937466.203,2868.0,2023.0,-2023.0,-485.5199890136719,-25.5,0.0,-511.0,0.0,-2.0
937477.201,2868.0,2023.0,-2023.0,-485.5199890136719,-25.5,0.0,-511.0,0.0,-2.0
937488.205,2868.0,2023.0,-2023.0,-485.5199890136719,-25.5,0.0,-511.0,0.0,-2.0
937498.206,2868.0,2023.0,-2023.0,-485.5199890136719,-25.5,0.0,-511.0,0.0,-2.0
937508.206,2868.0,2023.0,-2023.0,-485.5199890136719,-25.5,0.0,-511.0,0.0,-2.0
937519.205,2868.0,2023.0,-2023.0,-485.5199890136719,-25.5,0.0,-511.0,0.0,-2.0
937530.201,2868.0,2023.0,-2023.0,-485.5199890136719,-25.5,0.0,-511.0,0.0,-2.0
937541.205,2868.0,2023.0,-2023.0,-485.5199890136719,-25.5,0.0,-511.0,0.0,-2.0
937551.206,2868.0,2023.0,-2023.0,-485.5199890136719,-25.5,0.0,-511.0,0.0,-2.0
937561.207,2868.0,2023.0,-2023.0,-485.5199890136719,-25.5,0.0,-511.0,0.0,-2.0
937571.207,2868.0,2023.0,-2023.0,-485.5199890136719,-25.5,0.0,-511.0,0.0,-2.0
937582.1,2868.0,2023.0,-2023.0,-485.5199890136719,-25.5,0.0,-511.0,0.0,-2.0
937592.101,2868.0,2023.0,-2023.0,-485.5199890136719,-25.5,0.0,-511.0,0.0,-2.0
937603.201,2868.0,2023.0,-2023.0,-485.5199890136719,-25.5,0.0,-511.0,0.0,-2.0
937614.205,2868.0,2023.0,-2023.0,-485.5199890136719,-25.5,0.0,-511.0,0.0,-2.0
937625.201,2868.0,2023.0,-2023.0,-485.5199890136719,-25.5,0.0,-511.0,0.0,-2.0
937635.202,2868.0,2023.0,-2023.0,-485.5199890136719,-25.5,0.0,-511.0,0.0,-2.0
937646.2,2868.0,2023.0,-2023.0,-485.5199890136719,-25.5,0.0,-511.0,0.0,-2.0
937656.201,2868.0,2023.0,-2023.0,-485.5199890136719,-25.5,0.0,-511.0,0.0,-2.0
937666.202,2868.0,2023.0,-2023.0,-485.5199890136719,-25.5,0.0,-511.0,0.0,-2.0
937676.202,2868.0,2023.0,-2023.0,-485.5199890136719,-25.5,0.0,-511.0,0.0,-2.0
937687.201,2868.0,2023.0,-2023.0,-485.5199890136719,-25.5,0.0,-511.0,0.0,-2.0
937697.201,2868.0,2023.0,-2023.0,-485.5199890136719,-25.5,0.0,-511.0,0.0,-2.0
937708.201,2868.0,2023.0,-2023.0,-485.5199890136719,-25.5,0.0,-511.0,0.0,-2.0
937719.204,2868.0,2023.0,-2023.0,-485.5199890136719,-25.5,0.0,-511.0,0.0,-2.0
937730.201,2868.0,2023.0,-2023.0,-485.5199890136719,-25.5,0.0,-511.0,0.0,-2.0
937740.21,2868.0,2023.0,-2023.0,-485.5199890136719,-25.5,0.0,-511.0,0.0,-2.0
937750.211,2868.0,2023.0,-2023.0,-485.5199890136719,-25.5,0.0,-511.0,0.0,-2.0
937761.204,2868.0,2023.0,-2023.0,-485.5199890136719,-25.5,0.0,-511.0,0.0,-2.0
937772.201,2868.0,2023.0,-2023.0,-485.5199890136719,-25.5,0.0,-511.0,0.0,-2.0
937783.205,2868.0,2023.0,-2023.0,-485.5199890136719,-25.5,0.0,-511.0,0.0,-2.0
937794.204,2868.0,2023.0,-2023.0,-485.5199890136719,-25.5,0.0,-511.0,0.0,-2.0
937804.205,2868.0,2023.0,-2023.0,-485.5199890136719,-25.5,0.0,-511.0,0.0,-2.0
937814.206,2868.0,2023.0,-2023.0,-485.5199890136719,-25.5,0.0,-511.0,0.0,-2.0
937824.206,2868.0,2023.0,-2023.0,-485.5199890136719,-25.5,0.0,-511.0,0.0,-2.0
937834.206,2868.0,2023.0,-2023.0,-485.5199890136719,-25.5,0.0,-511.0,0.0,-2.0
937845.205,2868.0,2023.0,-2023.0,-485.5199890136719,-25.5,0.0,-511.0,0.0,-2.0
937856.201,2868.0,2023.0,-2023.0,-485.5199890136719,-25.5,0.0,-511.0,0.0,-2.0
937866.201,2868.0,2023.0,-2023.0,-485.5199890136719,-25.5,0.0,-511.0,0.0,-2.0
937877.2,2868.0,2023.0,-2023.0,-485.5199890136719,-25.5,0.0,-511.0,0.0,-2.0
937887.201,2868.0,2023.0,-2023.0,-485.5199890136719,-25.5,0.0,-511.0,0.0,-2.0
937898.173,2868.0,2023.0,-2023.0,-485.5199890136719,-25.5,0.0,-511.0,0.0,-2.0
937908.646,2868.0,2023.0,-2023.0,-485.5199890136719,-25.5,0.0,-511.0,0.0,-2.0
937918.646,2868.0,2023.0,-2023.0,-485.5199890136719,-25.5,0.0,-511.0,0.0,-2.0
937928.646,2868.0,2023.0,-2023.0,-485.5199890136719,-25.5,0.0,-511.0,0.0,-2.0
937939.201,2868.0,2023.0,-2023.0,-485.5199890136719,-25.5,0.0,-511.0,0.0,-2.0
937950.204,2868.0,2023.0,-2023.0,-485.5199890136719,-25.5,0.0,-511.0,0.0,-2.0
937961.201,2868.0,2023.0,-2023.0,-485.5199890136719,-25.5,0.0,-511.0,0.0,-2.0
937971.202,2868.0,2023.0,-2023.0,-485.5199890136719,-25.5,0.0,-511.0,0.0,-2.0
937981.202,2868.0,2023.0,-2023.0,-485.5199890136719,-25.5,0.0,-511.0,0.0,-2.0
937992.206,2868.0,2023.0,-2023.0,-485.5199890136719,-25.5,0.0,-511.0,0.0,-2.0
938003.205,2868.0,2023.0,-2023.0,-485.5199890136719,-25.5,0.0,-511.0,0.0,-2.0
938013.205,2868.0,2023.0,-2023.0,-485.5199890136719,-25.5,0.0,-511.0,0.0,-2.0
938024.204,2868.0,2023.0,-2023.0,-485.5199890136719,-25.5,0.0,-511.0,0.0,-2.0
938035.201,2868.0,2023.0,-2023.0,-485.5199890136719,-25.5,0.0,-511.0,0.0,-2.0
938045.202,2868.0,2023.0,-2023.0,-485.5199890136719,-25.5,0.0,-511.0,0.0,-2.0
938055.203,2868.0,2023.0,-2023.0,-485.5199890136719,-25.5,0.0,-511.0,0.0,-2.0
938065.204,2868.0,2023.0,-2023.0,-485.5199890136719,-25.5,0.0,-511.0,0.0,-2.0
938076.201,2868.0,2023.0,-2023.0,-485.5199890136719,-25.5,0.0,-511.0,0.0,-2.0
938086.201,2868.0,2023.0,-2023.0,-485.5199890136719,-25.5,0.0,-511.0,0.0,-2.0
938096.201,2868.0,2023.0,-2023.0,-485.5199890136719,-25.5,0.0,-511.0,0.0,-2.0
938106.202,2868.0,2023.0,-2023.0,-485.5199890136719,-25.5,0.0,-511.0,0.0,-2.0
938116.203,2868.0,2023.0,-2023.0,-485.5199890136719,-25.5,0.0,-511.0,0.0,-2.0
938127.204,2868.0,2023.0,-2023.0,-485.5199890136719,-25.5,0.0,-511.0,0.0,-2.0
938137.205,2868.0,2023.0,-2023.0,-485.5199890136719,-25.5,0.0,-511.0,0.0,-2.0
938147.205,2868.0,2023.0,-2023.0,-485.5199890136719,-25.5,0.0,-511.0,0.0,-2.0
938157.205,2868.0,2023.0,-2023.0,-485.5199890136719,-25.5,0.0,-511.0,0.0,-2.0
938167.206,2868.0,2023.0,-2023.0,-485.5199890136719,-25.5,0.0,-511.0,0.0,-2.0
938178.205,2868.0,2023.0,-2023.0,-485.5199890136719,-25.5,0.0,-511.0,0.0,-2.0
938188.206,2868.0,2023.0,-2023.0,-485.5199890136719,-25.5,0.0,-511.0,0.0,-2.0
938198.207,2868.0,2023.0,-2023.0,-485.5199890136719,-25.5,0.0,-511.0,0.0,-2.0
938208.207,2868.0,2023.0,-2023.0,-485.5199890136719,-25.5,0.0,-511.0,0.0,-2.0
938218.207,2868.0,2023.0,-2023.0,-485.5199890136719,-25.5,0.0,-511.0,0.0,-2.0
938228.208,2868.0,2023.0,-2023.0,-485.5199890136719,-25.5,0.0,-511.0,0.0,-2.0
938239.201,2868.0,2023.0,-2023.0,-485.5199890136719,-25.5,0.0,-511.0,0.0,-2.0
938249.201,2868.0,2023.0,-2023.0,-485.5199890136719,-25.5,0.0,-511.0,0.0,-2.0
938260.2,2868.0,2023.0,-2023.0,-485.5199890136719,-25.5,0.0,-511.0,0.0,-2.0
938270.2,2868.0,2023.0,-2023.0,-485.5199890136719,-25.5,0.0,-511.0,0.0,-2.0
938280.2,2868.0,2023.0,-2023.0,-485.5199890136719,-25.5,0.0,-511.0,0.0,-2.0
938290.201,2868.0,2023.0,-2023.0,-485.5199890136719,-25.5,0.0,-511.0,0.0,-2.0
938301.173,2868.0,2023.0,-2023.0,-485.5199890136719,-25.5,0.0,-511.0,0.0,-2.0
938312.201,2868.0,2023.0,-2023.0,-485.5199890136719,-25.5,0.0,-511.0,0.0,-2.0
938322.202,2868.0,2023.0,-2023.0,-485.5199890136719,-25.5,0.0,-511.0,0.0,-2.0
938332.203,2868.0,2023.0,-2023.0,-485.5199890136719,-25.5,0.0,-511.0,0.0,-2.0
938343.2,2868.0,2023.0,-2023.0,-485.5199890136719,-25.5,0.0,-511.0,0.0,-2.0
938354.205,2868.0,2023.0,-2023.0,-485.5199890136719,-25.5,0.0,-511.0,0.0,-2.0
938365.201,2868.0,2023.0,-2023.0,-485.5199890136719,-25.5,0.0,-511.0,0.0,-2.0
938375.202,2868.0,2023.0,-2023.0,-485.5199890136719,-25.5,0.0,-511.0,0.0,-2.0
938386.201,2868.0,2023.0,-2023.0,-485.5199890136719,-25.5,0.0,-511.0,0.0,-2.0
938396.202,2868.0,2023.0,-2023.0,-485.5199890136719,-25.5,0.0,-511.0,0.0,-2.0
938407.201,2868.0,2023.0,-2023.0,-485.5199890136719,-25.5,0.0,-511.0,0.0,-2.0
938418.205,2868.0,2023.0,-2023.0,-485.5199890136719,-25.5,0.0,-511.0,0.0,-2.0
938429.201,2868.0,2023.0,-2023.0,-485.5199890136719,-25.5,0.0,-511.0,0.0,-2.0
938440.205,2868.0,2023.0,-2023.0,-485.5199890136719,-25.5,0.0,-511.0,0.0,-2.0
938451.201,2868.0,2023.0,-2023.0,-485.5199890136719,-25.5,0.0,-511.0,0.0,-2.0
938461.202,2868.0,2023.0,-2023.0,-485.5199890136719,-25.5,0.0,-511.0,0.0,-2.0
938471.203,2868.0,2023.0,-2023.0,-485.5199890136719,-25.5,0.0,-511.0,0.0,-2.0
938481.75,2868.0,2023.0,-2023.0,-485.5199890136719,-25.5,0.0,-511.0,0.0,-2.0
938491.75,2868.0,2023.0,-2023.0,-485.5199890136719,-25.5,0.0,-511.0,0.0,-2.0
938501.75,2868.0,2023.0,-2023.0,-485.5199890136719,-25.5,0.0,-511.0,0.0,-2.0
938512.201,2868.0,2023.0,-2023.0,-485.5199890136719,-25.5,0.0,-511.0,0.0,-2.0
938522.202,2868.0,2023.0,-2023.0,-485.5199890136719,-25.5,0.0,-511.0,0.0,-2.0
938533.201,2868.0,2023.0,-2023.0,-485.5199890136719,-25.5,0.0,-511.0,0.0,-2.0
938543.202,2868.0,2023.0,-2023.0,-485.5199890136719,-25.5,0.0,-511.0,0.0,-2.0
938553.203,2868.0,2023.0,-2023.0,-485.5199890136719,-25.5,0.0,-511.0,0.0,-2.0
938563.204,2868.0,2023.0,-2023.0,-485.5199890136719,-25.5,0.0,-511.0,0.0,-2.0
938574.2,2868.0,2023.0,-2023.0,-485.5199890136719,-25.5,0.0,-511.0,0.0,-2.0
938585.209,2868.0,2023.0,-2023.0,-485.5199890136719,-25.5,0.0,-511.0,0.0,-2.0
938595.212,2868.0,2023.0,-2023.0,-485.5199890136719,-25.5,0.0,-511.0,0.0,-2.0
938606.209,2868.0,2023.0,-2023.0,-485.5199890136719,-25.5,0.0,-511.0,0.0,-2.0
938616.75,2868.0,2023.0,-2023.0,-485.5199890136719,-25.5,0.0,-511.0,0.0,-2.0
938626.75,2868.0,2023.0,-2023.0,-485.5199890136719,-25.5,0.0,-511.0,0.0,-2.0
938637.201,2868.0,2023.0,-2023.0,-485.5199890136719,-25.5,0.0,-511.0,0.0,-2.0
938648.205,2868.0,2023.0,-2023.0,-485.5199890136719,-25.5,0.0,-511.0,0.0,-2.0
938658.206,2868.0,2023.0,-2023.0,-485.5199890136719,-25.5,0.0,-511.0,0.0,-2.0
938669.204,2868.0,2023.0,-2023.0,-485.5199890136719,-25.5,0.0,-511.0,0.0,-2.0
938680.2,2868.0,2023.0,-2023.0,-485.5199890136719,-25.5,0.0,-511.0,0.0,-2.0
938691.205,2868.0,2023.0,-2023.0,-485.5199890136719,-25.5,0.0,-511.0,0.0,-2.0
938702.2,2868.0,2023.0,-2023.0,-485.5199890136719,-25.5,0.0,-511.0,0.0,-2.0
938712.201,2868.0,2023.0,-2023.0,-485.5199890136719,-25.5,0.0,-511.0,0.0,-2.0
938722.201,2868.0,2023.0,-2023.0,-485.5199890136719,-25.5,0.0,-511.0,0.0,-2.0
938732.202,2868.0,2023.0,-2023.0,-485.5199890136719,-25.5,0.0,-511.0,0.0,-2.0
938743.205,2868.0,2023.0,-2023.0,-485.5199890136719,-25.5,0.0,-511.0,0.0,-2.0
938754.205,2868.0,2023.0,-2023.0,-485.5199890136719,-25.5,0.0,-511.0,0.0,-2.0
938764.206,2868.0,2023.0,-2023.0,-485.5199890136719,-25.5,0.0,-511.0,0.0,-2.0
938774.207,2868.0,2023.0,-2023.0,-485.5199890136719,-25.5,0.0,-511.0,0.0,-2.0
938784.207,2868.0,2023.0,-2023.0,-485.5199890136719,-25.5,0.0,-511.0,0.0,-2.0
938794.207,2868.0,2023.0,-2023.0,-485.5199890136719,-25.5,0.0,-511.0,0.0,-2.0
938805.206,2868.0,2023.0,-2023.0,-485.5199890136719,-25.5,0.0,-511.0,0.0,-2.0
938815.206,2868.0,2023.0,-2023.0,-485.5199890136719,-25.5,0.0,-511.0,0.0,-2.0
938825.206,2868.0,2023.0,-2023.0,-485.5199890136719,-25.5,0.0,-511.0,0.0,-2.0
938836.204,2868.0,2023.0,-2023.0,-485.5199890136719,-25.5,0.0,-511.0,0.0,-2.0
938846.205,2868.0,2023.0,-2023.0,-485.5199890136719,-25.5,0.0,-511.0,0.0,-2.0
938856.206,2868.0,2023.0,-2023.0,-485.5199890136719,-25.5,0.0,-511.0,0.0,-2.0
938867.205,2868.0,2023.0,-2023.0,-485.5199890136719,-25.5,0.0,-511.0,0.0,-2.0
938878.201,2868.0,2023.0,-2023.0,-485.5199890136719,-25.5,0.0,-511.0,0.0,-2.0
938889.205,2868.0,2023.0,-2023.0,-485.5199890136719,-25.5,0.0,-511.0,0.0,-2.0
938899.206,2868.0,2023.0,-2023.0,-485.5199890136719,-25.5,0.0,-511.0,0.0,-2.0
938909.207,2868.0,2023.0,-2023.0,-485.5199890136719,-25.5,0.0,-511.0,0.0,-2.0
938919.207,2868.0,2023.0,-2023.0,-485.5199890136719,-25.5,0.0,-511.0,0.0,-2.0
938929.207,2868.0,2023.0,-2023.0,-485.5199890136719,-25.5,0.0,-511.0,0.0,-2.0
938940.2,2868.0,2023.0,-2023.0,-485.5199890136719,-25.5,0.0,-511.0,0.0,-2.0
938950.2,2868.0,2023.0,-2023.0,-485.5199890136719,-25.5,0.0,-511.0,0.0,-2.0
938961.2,2868.0,2023.0,-2023.0,-485.5199890136719,-25.5,0.0,-511.0,0.0,-2.0
938972.205,2868.0,2023.0,-2023.0,-485.5199890136719,-25.5,0.0,-511.0,0.0,-2.0
938982.206,2868.0,2023.0,-2023.0,-485.5199890136719,-25.5,0.0,-511.0,0.0,-2.0
938992.206,2868.0,2023.0,-2023.0,-485.5199890136719,-25.5,0.0,-511.0,0.0,-2.0
939002.207,2868.0,2023.0,-2023.0,-485.5199890136719,-25.5,0.0,-511.0,0.0,-2.0
939012.208,2868.0,2023.0,-2023.0,-485.5199890136719,-25.5,0.0,-511.0,0.0,-2.0
939023.2,2868.0,2023.0,-2023.0,-485.5199890136719,-25.5,0.0,-511.0,0.0,-2.0
939034.336,2868.0,2023.0,-2023.0,-485.5199890136719,-25.5,0.0,-511.0,0.0,-2.0
939044.485,2868.0,2023.0,-2023.0,-485.5199890136719,-25.5,0.0,-511.0,0.0,-2.0
939054.486,2868.0,2023.0,-2023.0,-485.5199890136719,-25.5,0.0,-511.0,0.0,-2.0
939065.205,2868.0,2023.0,-2023.0,-485.5199890136719,-25.5,0.0,-511.0,0.0,-2.0
939075.206,2868.0,2023.0,-2023.0,-485.5199890136719,-25.5,0.0,-511.0,0.0,-2.0
939086.201,2868.0,2023.0,-2023.0,-485.5199890136719,-25.5,0.0,-511.0,0.0,-2.0
939097.216,2868.0,2023.0,-2023.0,-485.5199890136719,-25.5,0.0,-511.0,0.0,-2.0
939108.201,2868.0,2023.0,-2023.0,-485.5199890136719,-25.5,0.0,-511.0,0.0,-2.0
939119.205,2868.0,2023.0,-2023.0,-485.5199890136719,-25.5,0.0,-511.0,0.0,-2.0
939130.205,2868.0,2023.0,-2023.0,-485.5199890136719,-25.5,0.0,-511.0,0.0,-2.0
939141.201,2868.0,2023.0,-2023.0,-485.5199890136719,-25.5,0.0,-511.0,0.0,-2.0
939152.205,2868.0,2023.0,-2023.0,-485.5199890136719,-25.5,0.0,-511.0,0.0,-2.0
939163.201,2868.0,2023.0,-2023.0,-485.5199890136719,-25.5,0.0,-511.0,0.0,-2.0
939174.205,2868.0,2023.0,-2023.0,-485.5199890136719,-25.5,0.0,-511.0,0.0,-2.0
939185.2,2868.0,2023.0,-2023.0,-485.5199890136719,-25.5,0.0,-511.0,0.0,-2.0
939196.204,2868.0,2023.0,-2023.0,-485.5199890136719,-25.5,0.0,-511.0,0.0,-2.0
939206.205,2868.0,2023.0,-2023.0,-485.5199890136719,-25.5,0.0,-511.0,0.0,-2.0
939216.206,2868.0,2023.0,-2023.0,-485.5199890136719,-25.5,0.0,-511.0,0.0,-2.0
939226.207,2868.0,2023.0,-2023.0,-485.5199890136719,-25.5,0.0,-511.0,0.0,-2.0
939237.201,2868.0,2023.0,-2023.0,-485.5199890136719,-25.5,0.0,-511.0,0.0,-2.0
939247.201,2868.0,2023.0,-2023.0,-485.5199890136719,-25.5,0.0,-511.0,0.0,-2.0
939258.083,2868.0,2023.0,-2023.0,-485.5199890136719,-25.5,0.0,-511.0,0.0,-2.0
939268.084,2868.0,2023.0,-2023.0,-485.5199890136719,-25.5,0.0,-511.0,0.0,-2.0
939278.1,2868.0,2023.0,-2023.0,-485.5199890136719,-25.5,0.0,-511.0,0.0,-2.0
939289.1,2868.0,2023.0,-2023.0,-485.5199890136719,-25.5,0.0,-511.0,0.0,-2.0
939299.101,2868.0,2023.0,-2023.0,-485.5199890136719,-25.5,0.0,-511.0,0.0,-2.0
939310.2,2868.0,2023.0,-2023.0,-485.5199890136719,-25.5,0.0,-511.0,0.0,-2.0
939321.22,2868.0,2023.0,-2023.0,-485.5199890136719,-25.5,0.0,-511.0,0.0,-2.0
939332.2,2868.0,2023.0,-2023.0,-485.5199890136719,-25.5,0.0,-511.0,0.0,-2.0
939343.205,2868.0,2023.0,-2023.0,-485.5199890136719,-25.5,0.0,-511.0,0.0,-2.0
939353.205,2868.0,2023.0,-2023.0,-485.5199890136719,-25.5,0.0,-511.0,0.0,-2.0
939363.206,2868.0,2023.0,-2023.0,-485.5199890136719,-25.5,0.0,-511.0,0.0,-2.0
939373.207,2868.0,2023.0,-2023.0,-485.5199890136719,-25.5,0.0,-511.0,0.0,-2.0
939384.204,2868.0,2023.0,-2023.0,-485.5199890136719,-25.5,0.0,-511.0,0.0,-2.0
939394.204,2868.0,2023.0,-2023.0,-485.5199890136719,-25.5,0.0,-511.0,0.0,-2.0
939405.204,2868.0,2023.0,-2023.0,-485.5199890136719,-25.5,0.0,-511.0,0.0,-2.0
939416.343,2868.0,2023.0,-2023.0,-485.5199890136719,-25.5,0.0,-511.0,0.0,-2.0
939427.205,2868.0,2023.0,-2023.0,-485.5199890136719,-25.5,0.0,-511.0,0.0,-2.0
939438.208,2868.0,2023.0,-2023.0,-485.5199890136719,-25.5,0.0,-511.0,0.0,-2.0
939449.394,2868.0,2023.0,-2023.0,-485.5199890136719,-25.5,0.0,-511.0,0.0,-2.0
939459.394,2868.0,2023.0,-2023.0,-485.5199890136719,-25.5,0.0,-511.0,0.0,-2.0
939469.395,2868.0,2023.0,-2023.0,-485.5199890136719,-25.5,0.0,-511.0,0.0,-2.0
939479.395,2868.0,2023.0,-2023.0,-485.5199890136719,-25.5,0.0,-511.0,0.0,-2.0
939490.205,2868.0,2023.0,-2023.0,-485.5199890136719,-25.5,0.0,-511.0,0.0,-2.0
939500.206,2868.0,2023.0,-2023.0,-485.5199890136719,-25.5,0.0,-511.0,0.0,-2.0
939511.204,2868.0,2023.0,-2023.0,-485.5199890136719,-25.5,0.0,-511.0,0.0,-2.0
939521.205,2868.0,2023.0,-2023.0,-485.5199890136719,-25.5,0.0,-511.0,0.0,-2.0
939531.205,2868.0,2023.0,-2023.0,-485.5199890136719,-25.5,0.0,-511.0,0.0,-2.0
939542.201,2868.0,2023.0,-2023.0,-485.5199890136719,-25.5,0.0,-511.0,0.0,-2.0
939552.202,2868.0,2023.0,-2023.0,-485.5199890136719,-25.5,0.0,-511.0,0.0,-2.0
939562.203,2868.0,2023.0,-2023.0,-485.5199890136719,-25.5,0.0,-511.0,0.0,-2.0
939573.261,2868.0,2023.0,-2023.0,-485.5199890136719,-25.5,0.0,-511.0,0.0,-2.0
939584.199,2868.0,2023.0,-2023.0,-485.5199890136719,-25.5,0.0,-511.0,0.0,-2.0
939594.2,2868.0,2023.0,-2023.0,-485.5199890136719,-25.5,0.0,-511.0,0.0,-2.0
939604.201,2868.0,2023.0,-2023.0,-485.5199890136719,-25.5,0.0,-511.0,0.0,-2.0
939615.205,2868.0,2023.0,-2023.0,-485.5199890136719,-25.5,0.0,-511.0,0.0,-2.0
939626.205,2868.0,2023.0,-2023.0,-485.5199890136719,-25.5,0.0,-511.0,0.0,-2.0
939637.201,2868.0,2023.0,-2023.0,-485.5199890136719,-25.5,0.0,-511.0,0.0,-2.0
939648.205,2868.0,2023.0,-2023.0,-485.5199890136719,-25.5,0.0,-511.0,0.0,-2.0
939659.205,2868.0,2023.0,-2023.0,-485.5199890136719,-25.5,0.0,-511.0,0.0,-2.0
939670.2,2868.0,2023.0,-2023.0,-485.5199890136719,-25.5,0.0,-511.0,0.0,-2.0
939680.2,2868.0,2023.0,-2023.0,-485.5199890136719,-25.5,0.0,-511.0,0.0,-2.0
939691.2,2868.0,2023.0,-2023.0,-485.5199890136719,-25.5,0.0,-511.0,0.0,-2.0
939701.201,2868.0,2023.0,-2023.0,-485.5199890136719,-25.5,0.0,-511.0,0.0,-2.0
939712.201,2868.0,2023.0,-2023.0,-485.5199890136719,-25.5,0.0,-511.0,0.0,-2.0
939722.202,2868.0,2023.0,-2023.0,-485.5199890136719,-25.5,0.0,-511.0,0.0,-2.0
939733.204,2868.0,2023.0,-2023.0,-485.5199890136719,-25.5,0.0,-511.0,0.0,-2.0
939744.201,2868.0,2023.0,-2023.0,-485.5199890136719,-25.5,0.0,-511.0,0.0,-2.0
939755.205,2868.0,2023.0,-2023.0,-485.5199890136719,-25.5,0.0,-511.0,0.0,-2.0
939766.208,2868.0,2023.0,-2023.0,-485.5199890136719,-25.5,0.0,-511.0,0.0,-2.0
939777.201,2868.0,2023.0,-2023.0,-485.5199890136719,-25.5,0.0,-511.0,0.0,-2.0
939787.202,2868.0,2023.0,-2023.0,-485.5199890136719,-25.5,0.0,-511.0,0.0,-2.0
939797.203,2868.0,2023.0,-2023.0,-485.5199890136719,-25.5,0.0,-511.0,0.0,-2.0
939807.204,2868.0,2023.0,-2023.0,-485.5199890136719,-25.5,0.0,-511.0,0.0,-2.0
939818.173,2868.0,2023.0,-2023.0,-485.5199890136719,-25.5,0.0,-511.0,0.0,-2.0
939829.205,2868.0,2023.0,-2023.0,-485.5199890136719,-25.5,0.0,-511.0,0.0,-2.0
939840.201,2868.0,2023.0,-2023.0,-485.5199890136719,-25.5,0.0,-511.0,0.0,-2.0
939850.201,2868.0,2023.0,-2023.0,-485.5199890136719,-25.5,0.0,-511.0,0.0,-2.0
939861.201,2868.0,2023.0,-2023.0,-485.5199890136719,-25.5,0.0,-511.0,0.0,-2.0
939871.201,2868.0,2023.0,-2023.0,-485.5199890136719,-25.5,0.0,-511.0,0.0,-2.0
939881.202,2868.0,2023.0,-2023.0,-485.5199890136719,-25.5,0.0,-511.0,0.0,-2.0
939891.203,2868.0,2023.0,-2023.0,-485.5199890136719,-25.5,0.0,-511.0,0.0,-2.0
939901.205,2868.0,2023.0,-2023.0,-485.5199890136719,-25.5,0.0,-511.0,0.0,-2.0
939912.204,2868.0,2023.0,-2023.0,-485.5199890136719,-25.5,0.0,-511.0,0.0,-2.0
939922.205,2868.0,2023.0,-2023.0,-485.5199890136719,-25.5,0.0,-511.0,0.0,-2.0
939933.173,2868.0,2023.0,-2023.0,-485.5199890136719,-25.5,0.0,-511.0,0.0,-2.0
939943.648,2868.0,2023.0,-2023.0,-485.5199890136719,-25.5,0.0,-511.0,0.0,-2.0
939954.205,2868.0,2023.0,-2023.0,-485.5199890136719,-25.5,0.0,-511.0,0.0,-2.0
939964.206,2868.0,2023.0,-2023.0,-485.5199890136719,-25.5,0.0,-511.0,0.0,-2.0
939975.173,2868.0,2023.0,-2023.0,-485.5199890136719,-25.5,0.0,-511.0,0.0,-2.0
939986.204,2868.0,2023.0,-2023.0,-485.5199890136719,-25.5,0.0,-511.0,0.0,-2.0
939997.201,2868.0,2023.0,-2023.0,-485.5199890136719,-25.5,0.0,-511.0,0.0,-2.0
940008.205,2868.0,2023.0,-2023.0,-485.5199890136719,-25.5,0.0,-511.0,0.0,-2.0
940019.201,2868.0,2023.0,-2023.0,-485.5199890136719,-25.5,0.0,-511.0,0.0,-2.0
940030.205,2868.0,2023.0,-2023.0,-485.5199890136719,-25.5,0.0,-511.0,0.0,-2.0
940040.206,2868.0,2023.0,-2023.0,-485.5199890136719,-25.5,0.0,-511.0,0.0,-2.0
940050.207,2868.0,2023.0,-2023.0,-485.5199890136719,-25.5,0.0,-511.0,0.0,-2.0
940061.204,2868.0,2023.0,-2023.0,-485.5199890136719,-25.5,0.0,-511.0,0.0,-2.0
940072.201,2868.0,2023.0,-2023.0,-485.5199890136719,-25.5,0.0,-511.0,0.0,-2.0
940082.202,2868.0,2023.0,-2023.0,-485.5199890136719,-25.5,0.0,-511.0,0.0,-2.0
940092.203,2868.0,2023.0,-2023.0,-485.5199890136719,-25.5,0.0,-511.0,0.0,-2.0
940103.217,2868.0,2023.0,-2023.0,-485.5199890136719,-25.5,0.0,-511.0,0.0,-2.0
940114.201,2868.0,2023.0,-2023.0,-485.5199890136719,-25.5,0.0,-511.0,0.0,-2.0
940124.201,2868.0,2023.0,-2023.0,-485.5199890136719,-25.5,0.0,-511.0,0.0,-2.0
940135.205,2868.0,2023.0,-2023.0,-485.5199890136719,-25.5,0.0,-511.0,0.0,-2.0
940145.206,2868.0,2023.0,-2023.0,-485.5199890136719,-25.5,0.0,-511.0,0.0,-2.0
940155.319,2868.0,2023.0,-2023.0,-485.5199890136719,-25.5,0.0,-511.0,0.0,-2.0
940166.201,2868.0,2023.0,-2023.0,-485.5199890136719,-25.5,0.0,-511.0,0.0,-2.0
940177.157,2868.0,2023.0,-2023.0,-485.5199890136719,-25.5,0.0,-511.0,0.0,-2.0
940188.173,2868.0,2023.0,-2023.0,-485.5199890136719,-25.5,0.0,-511.0,0.0,-2.0
940199.2,2868.0,2023.0,-2023.0,-485.5199890136719,-25.5,0.0,-511.0,0.0,-2.0
940210.205,2868.0,2023.0,-2023.0,-485.5199890136719,-25.5,0.0,-511.0,0.0,-2.0
940220.206,2868.0,2023.0,-2023.0,-485.5199890136719,-25.5,0.0,-511.0,0.0,-2.0
940230.207,2868.0,2023.0,-2023.0,-485.5199890136719,-25.5,0.0,-511.0,0.0,-2.0
940240.208,2868.0,2023.0,-2023.0,-485.5199890136719,-25.5,0.0,-511.0,0.0,-2.0
940250.211,2868.0,2023.0,-2023.0,-485.5199890136719,-25.5,0.0,-511.0,0.0,-2.0
940260.211,2868.0,2023.0,-2023.0,-485.5199890136719,-25.5,0.0,-511.0,0.0,-2.0
940271.204,2868.0,2023.0,-2023.0,-485.5199890136719,-25.5,0.0,-511.0,0.0,-2.0
940282.205,2868.0,2023.0,-2023.0,-485.5199890136719,-25.5,0.0,-511.0,0.0,-2.0
940293.201,2868.0,2023.0,-2023.0,-485.5199890136719,-25.5,0.0,-511.0,0.0,-2.0
940304.205,2868.0,2023.0,-2023.0,-485.5199890136719,-25.5,0.0,-511.0,0.0,-2.0
940314.205,2868.0,2023.0,-2023.0,-485.5199890136719,-25.5,0.0,-511.0,0.0,-2.0
940325.204,2868.0,2023.0,-2023.0,-485.5199890136719,-25.5,0.0,-511.0,0.0,-2.0
940335.204,2868.0,2023.0,-2023.0,-485.5199890136719,-25.5,0.0,-511.0,0.0,-2.0
940346.466,2868.0,2023.0,-2023.0,-485.5199890136719,-25.5,0.0,-511.0,0.0,-2.0
940357.2,2868.0,2023.0,-2023.0,-485.5199890136719,-25.5,0.0,-511.0,0.0,-2.0
940368.158,2868.0,2023.0,-2023.0,-485.5199890136719,-25.5,0.0,-511.0,0.0,-2.0
940379.205,2868.0,2023.0,-2023.0,-485.5199890136719,-25.5,0.0,-511.0,0.0,-2.0
940390.201,2868.0,2023.0,-2023.0,-485.5199890136719,-25.5,0.0,-511.0,0.0,-2.0
940401.205,2868.0,2023.0,-2023.0,-485.5199890136719,-25.5,0.0,-511.0,0.0,-2.0
940411.206,2868.0,2023.0,-2023.0,-485.5199890136719,-25.5,0.0,-511.0,0.0,-2.0
940422.201,2868.0,2023.0,-2023.0,-485.5199890136719,-25.5,0.0,-511.0,0.0,-2.0
940433.205,2868.0,2023.0,-2023.0,-485.5199890136719,-25.5,0.0,-511.0,0.0,-2.0
940443.206,2868.0,2023.0,-2023.0,-485.5199890136719,-25.5,0.0,-511.0,0.0,-2.0
940454.2,2868.0,2023.0,-2023.0,-485.5199890136719,-25.5,0.0,-511.0,0.0,-2.0
940464.2,2868.0,2023.0,-2023.0,-485.5199890136719,-25.5,0.0,-511.0,0.0,-2.0
940474.2,2868.0,2023.0,-2023.0,-485.5199890136719,-25.5,0.0,-511.0,0.0,-2.0
940485.205,2868.0,2023.0,-2023.0,-485.5199890136719,-25.5,0.0,-511.0,0.0,-2.0
940496.201,2868.0,2023.0,-2023.0,-485.5199890136719,-25.5,0.0,-511.0,0.0,-2.0
940507.205,2868.0,2023.0,-2023.0,-485.5199890136719,-25.5,0.0,-511.0,0.0,-2.0
940518.205,2868.0,2023.0,-2023.0,-485.5199890136719,-25.5,0.0,-511.0,0.0,-2.0
940528.205,2868.0,2023.0,-2023.0,-485.5199890136719,-25.5,0.0,-511.0,0.0,-2.0
940539.205,2868.0,2023.0,-2023.0,-485.5199890136719,-25.5,0.0,-511.0,0.0,-2.0
940549.205,2868.0,2023.0,-2023.0,-485.5199890136719,-25.5,0.0,-511.0,0.0,-2.0
940559.205,2868.0,2023.0,-2023.0,-485.5199890136719,-25.5,0.0,-511.0,0.0,-2.0
940569.205,2868.0,2023.0,-2023.0,-485.5199890136719,-25.5,0.0,-511.0,0.0,-2.0
940580.2,2868.0,2023.0,-2023.0,-485.5199890136719,-25.5,0.0,-511.0,0.0,-2.0
940591.205,2868.0,2023.0,-2023.0,-485.5199890136719,-25.5,0.0,-511.0,0.0,-2.0
940601.205,2868.0,2023.0,-2023.0,-485.5199890136719,-25.5,0.0,-511.0,0.0,-2.0
940612.205,2868.0,2023.0,-2023.0,-485.5199890136719,-25.5,0.0,-511.0,0.0,-2.0
940623.201,2868.0,2023.0,-2023.0,-485.5199890136719,-25.5,0.0,-511.0,0.0,-2.0
940634.204,2868.0,2023.0,-2023.0,-485.5199890136719,-25.5,0.0,-511.0,0.0,-2.0
940644.204,2868.0,2023.0,-2023.0,-485.5199890136719,-25.5,0.0,-511.0,0.0,-2.0
940655.201,2868.0,2023.0,-2023.0,-485.5199890136719,-25.5,0.0,-511.0,0.0,-2.0
940666.205,2868.0,2023.0,-2023.0,-485.5199890136719,-25.5,0.0,-511.0,0.0,-2.0
940677.2,2868.0,2023.0,-2023.0,-485.5199890136719,-25.5,0.0,-511.0,0.0,-2.0
940688.205,2868.0,2023.0,-2023.0,-485.5199890136719,-25.5,0.0,-511.0,0.0,-2.0
940699.201,2868.0,2023.0,-2023.0,-485.5199890136719,-25.5,0.0,-511.0,0.0,-2.0
940710.205,2868.0,2023.0,-2023.0,-485.5199890136719,-25.5,0.0,-511.0,0.0,-2.0
940721.201,2868.0,2023.0,-2023.0,-485.5199890136719,-25.5,0.0,-511.0,0.0,-2.0
940731.202,2868.0,2023.0,-2023.0,-485.5199890136719,-25.5,0.0,-511.0,0.0,-2.0
940742.2,2868.0,2023.0,-2023.0,-485.5199890136719,-25.5,0.0,-511.0,0.0,-2.0
940752.201,2868.0,2023.0,-2023.0,-485.5199890136719,-25.5,0.0,-511.0,0.0,-2.0
940762.202,2868.0,2023.0,-2023.0,-485.5199890136719,-25.5,0.0,-511.0,0.0,-2.0
940773.205,2868.0,2023.0,-2023.0,-485.5199890136719,-25.5,0.0,-511.0,0.0,-2.0
940784.157,2868.0,2023.0,-2023.0,-485.5199890136719,-25.5,0.0,-511.0,0.0,-2.0
940794.157,2868.0,2023.0,-2023.0,-485.5199890136719,-25.5,0.0,-511.0,0.0,-2.0
940804.158,2868.0,2023.0,-2023.0,-485.5199890136719,-25.5,0.0,-511.0,0.0,-2.0
940815.205,2868.0,2023.0,-2023.0,-485.5199890136719,-25.5,0.0,-511.0,0.0,-2.0
940825.528,2868.0,2023.0,-2023.0,-485.5199890136719,-25.5,0.0,-511.0,0.0,-2.0
940836.205,2868.0,2023.0,-2023.0,-485.5199890136719,-25.5,0.0,-511.0,0.0,-2.0
940846.205,2868.0,2023.0,-2023.0,-485.5199890136719,-25.5,0.0,-511.0,0.0,-2.0
940857.201,2868.0,2023.0,-2023.0,-485.5199890136719,-25.5,0.0,-511.0,0.0,-2.0
940868.208,2868.0,2023.0,-2023.0,-485.5199890136719,-25.5,0.0,-511.0,0.0,-2.0
940879.201,2868.0,2023.0,-2023.0,-485.5199890136719,-25.5,0.0,-511.0,0.0,-2.0
940889.201,2868.0,2023.0,-2023.0,-485.5199890136719,-25.5,0.0,-511.0,0.0,-2.0
940900.205,2868.0,2023.0,-2023.0,-485.5199890136719,-25.5,0.0,-511.0,0.0,-2.0
940911.201,2868.0,2023.0,-2023.0,-485.5199890136719,-25.5,0.0,-511.0,0.0,-2.0
940922.205,2868.0,2023.0,-2023.0,-485.5199890136719,-25.5,0.0,-511.0,0.0,-2.0
940933.282,2868.0,2023.0,-2023.0,-485.5199890136719,-25.5,0.0,-511.0,0.0,-2.0
940943.282,2868.0,2023.0,-2023.0,-485.5199890136719,-25.5,0.0,-511.0,0.0,-2.0
940953.283,2868.0,2023.0,-2023.0,-485.5199890136719,-25.5,0.0,-511.0,0.0,-2.0
940964.205,2868.0,2023.0,-2023.0,-485.5199890136719,-25.5,0.0,-511.0,0.0,-2.0
940975.157,2868.0,2023.0,-2023.0,-485.5199890136719,-25.5,0.0,-511.0,0.0,-2.0
940985.157,2868.0,2023.0,-2023.0,-485.5199890136719,-25.5,0.0,-511.0,0.0,-2.0
940995.158,2868.0,2023.0,-2023.0,-485.5199890136719,-25.5,0.0,-511.0,0.0,-2.0
941006.2,2868.0,2023.0,-2023.0,-485.5199890136719,-25.5,0.0,-511.0,0.0,-2.0
941017.205,2868.0,2023.0,-2023.0,-485.5199890136719,-25.5,0.0,-511.0,0.0,-2.0
941028.201,2868.0,2023.0,-2023.0,-485.5199890136719,-25.5,0.0,-511.0,0.0,-2.0
941038.201,2868.0,2023.0,-2023.0,-485.5199890136719,-25.5,0.0,-511.0,0.0,-2.0
941049.205,2868.0,2023.0,-2023.0,-485.5199890136719,-25.5,0.0,-511.0,0.0,-2.0
941059.206,2868.0,2023.0,-2023.0,-485.5199890136719,-25.5,0.0,-511.0,0.0,-2.0
941069.207,2868.0,2023.0,-2023.0,-485.5199890136719,-25.5,0.0,-511.0,0.0,-2.0
941080.205,2868.0,2023.0,-2023.0,-485.5199890136719,-25.5,0.0,-511.0,0.0,-2.0
941091.201,2868.0,2023.0,-2023.0,-485.5199890136719,-25.5,0.0,-511.0,0.0,-2.0
941102.22,2868.0,2023.0,-2023.0,-485.5199890136719,-25.5,0.0,-511.0,0.0,-2.0
941113.201,2868.0,2023.0,-2023.0,-485.5199890136719,-25.5,0.0,-511.0,0.0,-2.0
941124.205,2868.0,2023.0,-2023.0,-485.5199890136719,-25.5,0.0,-511.0,0.0,-2.0
941134.974,2868.0,2023.0,-2023.0,-485.5199890136719,-25.5,0.0,-511.0,0.0,-2.0
941145.204,2868.0,2023.0,-2023.0,-485.5199890136719,-25.5,0.0,-511.0,0.0,-2.0
941155.205,2868.0,2023.0,-2023.0,-485.5199890136719,-25.5,0.0,-511.0,0.0,-2.0
941165.206,2868.0,2023.0,-2023.0,-485.5199890136719,-25.5,0.0,-511.0,0.0,-2.0
941176.205,2868.0,2023.0,-2023.0,-485.5199890136719,-25.5,0.0,-511.0,0.0,-2.0
941187.201,2868.0,2023.0,-2023.0,-485.5199890136719,-25.5,0.0,-511.0,0.0,-2.0
941198.206,2868.0,2023.0,-2023.0,-485.5199890136719,-25.5,0.0,-511.0,0.0,-2.0
941209.205,2868.0,2023.0,-2023.0,-485.5199890136719,-25.5,0.0,-511.0,0.0,-2.0
941220.201,2868.0,2023.0,-2023.0,-485.5199890136719,-25.5,0.0,-511.0,0.0,-2.0
941231.205,2868.0,2023.0,-2023.0,-485.5199890136719,-25.5,0.0,-511.0,0.0,-2.0
941241.205,2868.0,2023.0,-2023.0,-485.5199890136719,-25.5,0.0,-511.0,0.0,-2.0
941252.2,2868.0,2023.0,-2023.0,-485.5199890136719,-25.5,0.0,-511.0,0.0,-2.0
941263.205,2868.0,2023.0,-2023.0,-485.5199890136719,-25.5,0.0,-511.0,0.0,-2.0
941274.201,2868.0,2023.0,-2023.0,-485.5199890136719,-25.5,0.0,-511.0,0.0,-2.0
941284.202,2868.0,2023.0,-2023.0,-485.5199890136719,-25.5,0.0,-511.0,0.0,-2.0
941295.2,2868.0,2023.0,-2023.0,-485.5199890136719,-25.5,0.0,-511.0,0.0,-2.0
941305.201,2868.0,2023.0,-2023.0,-485.5199890136719,-25.5,0.0,-511.0,0.0,-2.0
941315.202,2868.0,2023.0,-2023.0,-485.5199890136719,-25.5,0.0,-511.0,0.0,-2.0
941325.203,2868.0,2023.0,-2023.0,-485.5199890136719,-25.5,0.0,-511.0,0.0,-2.0
941335.307,2868.0,2023.0,-2023.0,-485.5199890136719,-25.5,0.0,-511.0,0.0,-2.0
941346.204,2868.0,2023.0,-2023.0,-485.5199890136719,-25.5,0.0,-511.0,0.0,-2.0
941357.201,2868.0,2023.0,-2023.0,-485.5199890136719,-25.5,0.0,-511.0,0.0,-2.0
941367.201,2868.0,2023.0,-2023.0,-485.5199890136719,-25.5,0.0,-511.0,0.0,-2.0
941378.204,2868.0,2023.0,-2023.0,-485.5199890136719,-25.5,0.0,-511.0,0.0,-2.0
941389.205,2868.0,2023.0,-2023.0,-485.5199890136719,-25.5,0.0,-511.0,0.0,-2.0
941400.201,2868.0,2023.0,-2023.0,-485.5199890136719,-25.5,0.0,-511.0,0.0,-2.0
941411.205,2868.0,2023.0,-2023.0,-485.5199890136719,-25.5,0.0,-511.0,0.0,-2.0
941421.205,2868.0,2023.0,-2023.0,-485.5199890136719,-25.5,0.0,-511.0,0.0,-2.0
941432.201,2868.0,2023.0,-2023.0,-485.5199890136719,-25.5,0.0,-511.0,0.0,-2.0
941442.201,2868.0,2023.0,-2023.0,-485.5199890136719,-25.5,0.0,-511.0,0.0,-2.0
941453.204,2868.0,2023.0,-2023.0,-485.5199890136719,-25.5,0.0,-511.0,0.0,-2.0
941464.201,2868.0,2023.0,-2023.0,-485.5199890136719,-25.5,0.0,-511.0,0.0,-2.0
941474.202,2868.0,2023.0,-2023.0,-485.5199890136719,-25.5,0.0,-511.0,0.0,-2.0
941485.205,2868.0,2023.0,-2023.0,-485.5199890136719,-25.5,0.0,-511.0,0.0,-2.0
941496.204,2868.0,2023.0,-2023.0,-485.5199890136719,-25.5,0.0,-511.0,0.0,-2.0
941506.204,2868.0,2023.0,-2023.0,-485.5199890136719,-25.5,0.0,-511.0,0.0,-2.0
941517.2,2868.0,2023.0,-2023.0,-485.5199890136719,-25.5,0.0,-511.0,0.0,-2.0
941528.209,2868.0,2023.0,-2023.0,-485.5199890136719,-25.5,0.0,-511.0,0.0,-2.0
941538.21,2868.0,2023.0,-2023.0,-485.5199890136719,-25.5,0.0,-511.0,0.0,-2.0
941548.488,2868.0,2023.0,-2023.0,-485.5199890136719,-25.5,0.0,-511.0,0.0,-2.0
941559.201,2868.0,2023.0,-2023.0,-485.5199890136719,-25.5,0.0,-511.0,0.0,-2.0
941570.173,2868.0,2023.0,-2023.0,-485.5199890136719,-25.5,0.0,-511.0,0.0,-2.0
941581.173,2868.0,2023.0,-2023.0,-485.5199890136719,-25.5,0.0,-511.0,0.0,-2.0
941592.201,2868.0,2023.0,-2023.0,-485.5199890136719,-25.5,0.0,-511.0,0.0,-2.0
941603.205,2868.0,2023.0,-2023.0,-485.5199890136719,-25.5,0.0,-511.0,0.0,-2.0
941614.201,2868.0,2023.0,-2023.0,-485.5199890136719,-25.5,0.0,-511.0,0.0,-2.0
941625.204,2868.0,2023.0,-2023.0,-485.5199890136719,-25.5,0.0,-511.0,0.0,-2.0
941636.205,2868.0,2023.0,-2023.0,-485.5199890136719,-25.5,0.0,-511.0,0.0,-2.0
941647.201,2868.0,2023.0,-2023.0,-485.5199890136719,-25.5,0.0,-511.0,0.0,-2.0
941658.205,2868.0,2023.0,-2023.0,-485.5199890136719,-25.5,0.0,-511.0,0.0,-2.0
941669.205,2868.0,2023.0,-2023.0,-485.5199890136719,-25.5,0.0,-511.0,0.0,-2.0
941679.206,2868.0,2023.0,-2023.0,-485.5199890136719,-25.5,0.0,-511.0,0.0,-2.0
941689.206,2868.0,2023.0,-2023.0,-485.5199890136719,-25.5,0.0,-511.0,0.0,-2.0
941700.201,2868.0,2023.0,-2023.0,-485.5199890136719,-25.5,0.0,-511.0,0.0,-2.0
941711.205,2868.0,2023.0,-2023.0,-485.5199890136719,-25.5,0.0,-511.0,0.0,-2.0
941722.201,2868.0,2023.0,-2023.0,-485.5199890136719,-25.5,0.0,-511.0,0.0,-2.0
941733.205,2868.0,2023.0,-2023.0,-485.5199890136719,-25.5,0.0,-511.0,0.0,-2.0
941744.201,2868.0,2023.0,-2023.0,-485.5199890136719,-25.5,0.0,-511.0,0.0,-2.0
941755.205,2868.0,2023.0,-2023.0,-485.5199890136719,-25.5,0.0,-511.0,0.0,-2.0
941766.201,2868.0,2023.0,-2023.0,-485.5199890136719,-25.5,0.0,-511.0,0.0,-2.0
941777.205,2868.0,2023.0,-2023.0,-485.5199890136719,-25.5,0.0,-511.0,0.0,-2.0
941788.201,2868.0,2023.0,-2023.0,-485.5199890136719,-25.5,0.0,-511.0,0.0,-2.0
941798.201,2868.0,2023.0,-2023.0,-485.5199890136719,-25.5,0.0,-511.0,0.0,-2.0
941808.202,2868.0,2023.0,-2023.0,-485.5199890136719,-25.5,0.0,-511.0,0.0,-2.0
941818.895,2868.0,2023.0,-2023.0,-485.5199890136719,-25.5,0.0,-511.0,0.0,-2.0
941828.895,2868.0,2023.0,-2023.0,-485.5199890136719,-25.5,0.0,-511.0,0.0,-2.0
941839.205,2868.0,2023.0,-2023.0,-485.5199890136719,-25.5,0.0,-511.0,0.0,-2.0
941850.204,2868.0,2023.0,-2023.0,-485.5199890136719,-25.5,0.0,-511.0,0.0,-2.0
941861.201,2868.0,2023.0,-2023.0,-485.5199890136719,-25.5,0.0,-511.0,0.0,-2.0
941871.202,2868.0,2023.0,-2023.0,-485.5199890136719,-25.5,0.0,-511.0,0.0,-2.0
941882.201,2868.0,2023.0,-2023.0,-485.5199890136719,-25.5,0.0,-511.0,0.0,-2.0
941893.204,2868.0,2023.0,-2023.0,-485.5199890136719,-25.5,0.0,-511.0,0.0,-2.0
941903.205,2868.0,2023.0,-2023.0,-485.5199890136719,-25.5,0.0,-511.0,0.0,-2.0
941914.204,2868.0,2023.0,-2023.0,-485.5199890136719,-25.5,0.0,-511.0,0.0,-2.0
941925.201,2868.0,2023.0,-2023.0,-485.5199890136719,-25.5,0.0,-511.0,0.0,-2.0
941936.205,2868.0,2023.0,-2023.0,-485.5199890136719,-25.5,0.0,-511.0,0.0,-2.0
941947.205,2868.0,2023.0,-2023.0,-485.5199890136719,-25.5,0.0,-511.0,0.0,-2.0
941958.201,2868.0,2023.0,-2023.0,-485.5199890136719,-25.5,0.0,-511.0,0.0,-2.0
941968.201,2868.0,2023.0,-2023.0,-485.5199890136719,-25.5,0.0,-511.0,0.0,-2.0
941979.201,2868.0,2023.0,-2023.0,-485.5199890136719,-25.5,0.0,-511.0,0.0,-2.0
941989.202,2868.0,2023.0,-2023.0,-485.5199890136719,-25.5,0.0,-511.0,0.0,-2.0
941999.202,2868.0,2023.0,-2023.0,-485.5199890136719,-25.5,0.0,-511.0,0.0,-2.0
942009.202,2868.0,2023.0,-2023.0,-485.5199890136719,-25.5,0.0,-511.0,0.0,-2.0
942020.202,2868.0,2023.0,-2023.0,-485.5199890136719,-25.5,0.0,-511.0,0.0,-2.0
942031.173,2868.0,2023.0,-2023.0,-485.5199890136719,-25.5,0.0,-511.0,0.0,-2.0
942042.205,2868.0,2023.0,-2023.0,-485.5199890136719,-25.5,0.0,-511.0,0.0,-2.0
942052.206,2868.0,2023.0,-2023.0,-485.5199890136719,-25.5,0.0,-511.0,0.0,-2.0
942063.205,2868.0,2023.0,-2023.0,-485.5199890136719,-25.5,0.0,-511.0,0.0,-2.0
942073.206,2868.0,2023.0,-2023.0,-485.5199890136719,-25.5,0.0,-511.0,0.0,-2.0
942084.205,2868.0,2023.0,-2023.0,-485.5199890136719,-25.5,0.0,-511.0,0.0,-2.0
942095.216,2868.0,2023.0,-2023.0,-485.5199890136719,-25.5,0.0,-511.0,0.0,-2.0
942106.201,2868.0,2023.0,-2023.0,-485.5199890136719,-25.5,0.0,-511.0,0.0,-2.0
942117.205,2868.0,2023.0,-2023.0,-485.5199890136719,-25.5,0.0,-511.0,0.0,-2.0
942128.2,2868.0,2023.0,-2023.0,-485.5199890136719,-25.5,0.0,-511.0,0.0,-2.0
942138.201,2868.0,2023.0,-2023.0,-485.5199890136719,-25.5,0.0,-511.0,0.0,-2.0
942149.201,2868.0,2023.0,-2023.0,-485.5199890136719,-25.5,0.0,-511.0,0.0,-2.0
942159.201,2868.0,2023.0,-2023.0,-485.5199890136719,-25.5,0.0,-511.0,0.0,-2.0
942169.201,2868.0,2023.0,-2023.0,-485.5199890136719,-25.5,0.0,-511.0,0.0,-2.0
942179.201,2868.0,2023.0,-2023.0,-485.5199890136719,-25.5,0.0,-511.0,0.0,-2.0
942189.202,2868.0,2023.0,-2023.0,-485.5199890136719,-25.5,0.0,-511.0,0.0,-2.0
942199.202,2868.0,2023.0,-2023.0,-485.5199890136719,-25.5,0.0,-511.0,0.0,-2.0
942210.205,2868.0,2023.0,-2023.0,-485.5199890136719,-25.5,0.0,-511.0,0.0,-2.0
942221.201,2868.0,2023.0,-2023.0,-485.5199890136719,-25.5,0.0,-511.0,0.0,-2.0
942231.202,2868.0,2023.0,-2023.0,-485.5199890136719,-25.5,0.0,-511.0,0.0,-2.0
942241.203,2868.0,2023.0,-2023.0,-485.5199890136719,-25.5,0.0,-511.0,0.0,-2.0
942252.204,2868.0,2023.0,-2023.0,-485.5199890136719,-25.5,0.0,-511.0,0.0,-2.0
942262.205,2868.0,2023.0,-2023.0,-485.5199890136719,-25.5,0.0,-511.0,0.0,-2.0
942272.205,2868.0,2023.0,-2023.0,-485.5199890136719,-25.5,0.0,-511.0,0.0,-2.0
942283.2,2868.0,2023.0,-2023.0,-485.5199890136719,-25.5,0.0,-511.0,0.0,-2.0
942294.205,2868.0,2023.0,-2023.0,-485.5199890136719,-25.5,0.0,-511.0,0.0,-2.0
942305.205,2868.0,2023.0,-2023.0,-485.5199890136719,-25.5,0.0,-511.0,0.0,-2.0
942316.2,2868.0,2023.0,-2023.0,-485.5199890136719,-25.5,0.0,-511.0,0.0,-2.0
942326.201,2868.0,2023.0,-2023.0,-485.5199890136719,-25.5,0.0,-511.0,0.0,-2.0
942337.209,2868.0,2023.0,-2023.0,-485.5199890136719,-25.5,0.0,-511.0,0.0,-2.0
942347.285,2868.0,2023.0,-2023.0,-485.5199890136719,-25.5,0.0,-511.0,0.0,-2.0
942358.208,2868.0,2023.0,-2023.0,-485.5199890136719,-25.5,0.0,-511.0,0.0,-2.0
942368.609,2868.0,2023.0,-2023.0,-485.5199890136719,-25.5,0.0,-511.0,0.0,-2.0
942378.61,2868.0,2023.0,-2023.0,-485.5199890136719,-25.5,0.0,-511.0,0.0,-2.0
942389.201,2868.0,2023.0,-2023.0,-485.5199890136719,-25.5,0.0,-511.0,0.0,-2.0
942400.204,2868.0,2023.0,-2023.0,-485.5199890136719,-25.5,0.0,-511.0,0.0,-2.0
942411.201,2868.0,2023.0,-2023.0,-485.5199890136719,-25.5,0.0,-511.0,0.0,-2.0
942422.205,2868.0,2023.0,-2023.0,-485.5199890136719,-25.5,0.0,-511.0,0.0,-2.0
942432.205,2868.0,2023.0,-2023.0,-485.5199890136719,-25.5,0.0,-511.0,0.0,-2.0
942443.204,2868.0,2023.0,-2023.0,-485.5199890136719,-25.5,0.0,-511.0,0.0,-2.0
942453.204,2868.0,2023.0,-2023.0,-485.5199890136719,-25.5,0.0,-511.0,0.0,-2.0
942464.201,2868.0,2023.0,-2023.0,-485.5199890136719,-25.5,0.0,-511.0,0.0,-2.0
942474.202,2868.0,2023.0,-2023.0,-485.5199890136719,-25.5,0.0,-511.0,0.0,-2.0
942485.2,2868.0,2023.0,-2023.0,-485.5199890136719,-25.5,0.0,-511.0,0.0,-2.0
942495.626,2868.0,2023.0,-2023.0,-485.5199890136719,-25.5,0.0,-511.0,0.0,-2.0
942505.627,2868.0,2023.0,-2023.0,-485.5199890136719,-25.5,0.0,-511.0,0.0,-2.0
942515.627,2868.0,2023.0,-2023.0,-485.5199890136719,-25.5,0.0,-511.0,0.0,-2.0
942526.204,2868.0,2023.0,-2023.0,-485.5199890136719,-25.5,0.0,-511.0,0.0,-2.0
942537.173,2868.0,2023.0,-2023.0,-485.5199890136719,-25.5,0.0,-511.0,0.0,-2.0
942548.173,2868.0,2023.0,-2023.0,-485.5199890136719,-25.5,0.0,-511.0,0.0,-2.0
942559.206,2868.0,2023.0,-2023.0,-485.5199890136719,-25.5,0.0,-511.0,0.0,-2.0
942570.173,2868.0,2023.0,-2023.0,-485.5199890136719,-25.5,0.0,-511.0,0.0,-2.0
942580.173,2868.0,2023.0,-2023.0,-485.5199890136719,-25.5,0.0,-511.0,0.0,-2.0
942591.205,2868.0,2023.0,-2023.0,-485.5199890136719,-25.5,0.0,-511.0,0.0,-2.0
942602.201,2868.0,2023.0,-2023.0,-485.5199890136719,-25.5,0.0,-511.0,0.0,-2.0
942612.201,2868.0,2023.0,-2023.0,-485.5199890136719,-25.5,0.0,-511.0,0.0,-2.0
942623.202,2868.0,2023.0,-2023.0,-485.5199890136719,-25.5,0.0,-511.0,0.0,-2.0
942633.202,2868.0,2023.0,-2023.0,-485.5199890136719,-25.5,0.0,-511.0,0.0,-2.0
942644.215,2868.0,2023.0,-2023.0,-485.5199890136719,-25.5,0.0,-511.0,0.0,-2.0
942654.215,2868.0,2023.0,-2023.0,-485.5199890136719,-25.5,0.0,-511.0,0.0,-2.0
942664.215,2868.0,2023.0,-2023.0,-485.5199890136719,-25.5,0.0,-511.0,0.0,-2.0
942674.215,2868.0,2023.0,-2023.0,-485.5199890136719,-25.5,0.0,-511.0,0.0,-2.0
942684.216,2868.0,2023.0,-2023.0,-485.5199890136719,-25.5,0.0,-511.0,0.0,-2.0
942694.217,2868.0,2023.0,-2023.0,-485.5199890136719,-25.5,0.0,-511.0,0.0,-2.0
942705.173,2868.0,2023.0,-2023.0,-485.5199890136719,-25.5,0.0,-511.0,0.0,-2.0
942716.173,2868.0,2023.0,-2023.0,-485.5199890136719,-25.5,0.0,-511.0,0.0,-2.0
942727.205,2868.0,2023.0,-2023.0,-485.5199890136719,-25.5,0.0,-511.0,0.0,-2.0
942738.202,2868.0,2023.0,-2023.0,-485.5199890136719,-25.5,0.0,-511.0,0.0,-2.0
942749.204,2868.0,2023.0,-2023.0,-485.5199890136719,-25.5,0.0,-511.0,0.0,-2.0
942759.204,2868.0,2023.0,-2023.0,-485.5199890136719,-25.5,0.0,-511.0,0.0,-2.0
942769.205,2868.0,2023.0,-2023.0,-485.5199890136719,-25.5,0.0,-511.0,0.0,-2.0
942779.206,2868.0,2023.0,-2023.0,-485.5199890136719,-25.5,0.0,-511.0,0.0,-2.0
942790.2,2868.0,2023.0,-2023.0,-485.5199890136719,-25.5,0.0,-511.0,0.0,-2.0
942801.205,2868.0,2023.0,-2023.0,-485.5199890136719,-25.5,0.0,-511.0,0.0,-2.0
942811.206,2868.0,2023.0,-2023.0,-485.5199890136719,-25.5,0.0,-511.0,0.0,-2.0
942822.205,2868.0,2023.0,-2023.0,-485.5199890136719,-25.5,0.0,-511.0,0.0,-2.0
942832.206,2868.0,2023.0,-2023.0,-485.5199890136719,-25.5,0.0,-511.0,0.0,-2.0
942843.204,2868.0,2023.0,-2023.0,-485.5199890136719,-25.5,0.0,-511.0,0.0,-2.0
942854.209,2868.0,2023.0,-2023.0,-485.5199890136719,-25.5,0.0,-511.0,0.0,-2.0
942865.201,2868.0,2023.0,-2023.0,-485.5199890136719,-25.5,0.0,-511.0,0.0,-2.0
942875.201,2868.0,2023.0,-2023.0,-485.5199890136719,-25.5,0.0,-511.0,0.0,-2.0
942886.173,2868.0,2023.0,-2023.0,-485.5199890136719,-25.5,0.0,-511.0,0.0,-2.0
942896.61,2868.0,2023.0,-2023.0,-485.5199890136719,-25.5,0.0,-511.0,0.0,-2.0
942907.201,2868.0,2023.0,-2023.0,-485.5199890136719,-25.5,0.0,-511.0,0.0,-2.0
942917.202,2868.0,2023.0,-2023.0,-485.5199890136719,-25.5,0.0,-511.0,0.0,-2.0
942927.202,2868.0,2023.0,-2023.0,-485.5199890136719,-25.5,0.0,-511.0,0.0,-2.0
942938.204,2868.0,2023.0,-2023.0,-485.5199890136719,-25.5,0.0,-511.0,0.0,-2.0
942948.205,2868.0,2023.0,-2023.0,-485.5199890136719,-25.5,0.0,-511.0,0.0,-2.0
942958.206,2868.0,2023.0,-2023.0,-485.5199890136719,-25.5,0.0,-511.0,0.0,-2.0
942968.207,2868.0,2023.0,-2023.0,-485.5199890136719,-25.5,0.0,-511.0,0.0,-2.0
942979.204,2868.0,2023.0,-2023.0,-485.5199890136719,-25.5,0.0,-511.0,0.0,-2.0
942989.206,2868.0,2023.0,-2023.0,-485.5199890136719,-25.5,0.0,-511.0,0.0,-2.0
942999.211,2868.0,2023.0,-2023.0,-485.5199890136719,-25.5,0.0,-511.0,0.0,-2.0
943010.208,2868.0,2023.0,-2023.0,-485.5199890136719,-25.5,0.0,-511.0,0.0,-2.0
943020.891,2868.0,2023.0,-2023.0,-485.5199890136719,-25.5,0.0,-511.0,0.0,-2.0
943031.173,2868.0,2023.0,-2023.0,-485.5199890136719,-25.5,0.0,-511.0,0.0,-2.0
943042.205,2868.0,2023.0,-2023.0,-485.5199890136719,-25.5,0.0,-511.0,0.0,-2.0
943053.173,2868.0,2023.0,-2023.0,-485.5199890136719,-25.5,0.0,-511.0,0.0,-2.0
943064.205,2868.0,2023.0,-2023.0,-485.5199890136719,-25.5,0.0,-511.0,0.0,-2.0
943075.201,2868.0,2023.0,-2023.0,-485.5199890136719,-25.5,0.0,-511.0,0.0,-2.0
943085.202,2868.0,2023.0,-2023.0,-485.5199890136719,-25.5,0.0,-511.0,0.0,-2.0
943096.213,2868.0,2023.0,-2023.0,-485.5199890136719,-25.5,0.0,-511.0,0.0,-2.0
943106.214,2868.0,2023.0,-2023.0,-485.5199890136719,-25.5,0.0,-511.0,0.0,-2.0
943116.214,2868.0,2023.0,-2023.0,-485.5199890136719,-25.5,0.0,-511.0,0.0,-2.0
943126.214,2868.0,2023.0,-2023.0,-485.5199890136719,-25.5,0.0,-511.0,0.0,-2.0
943136.215,2868.0,2023.0,-2023.0,-485.5199890136719,-25.5,0.0,-511.0,0.0,-2.0
943147.205,2868.0,2023.0,-2023.0,-485.5199890136719,-25.5,0.0,-511.0,0.0,-2.0
943158.201,2868.0,2023.0,-2023.0,-485.5199890136719,-25.5,0.0,-511.0,0.0,-2.0
943168.202,2868.0,2023.0,-2023.0,-485.5199890136719,-25.5,0.0,-511.0,0.0,-2.0
943178.202,2868.0,2023.0,-2023.0,-485.5199890136719,-25.5,0.0,-511.0,0.0,-2.0
943188.202,2868.0,2023.0,-2023.0,-485.5199890136719,-25.5,0.0,-511.0,0.0,-2.0
943199.205,2868.0,2023.0,-2023.0,-485.5199890136719,-25.5,0.0,-511.0,0.0,-2.0
943209.206,2868.0,2023.0,-2023.0,-485.5199890136719,-25.5,0.0,-511.0,0.0,-2.0
943220.204,2868.0,2023.0,-2023.0,-485.5199890136719,-25.5,0.0,-511.0,0.0,-2.0
943231.201,2868.0,2023.0,-2023.0,-485.5199890136719,-25.5,0.0,-511.0,0.0,-2.0
943242.205,2868.0,2023.0,-2023.0,-485.5199890136719,-25.5,0.0,-511.0,0.0,-2.0
943253.201,2868.0,2023.0,-2023.0,-485.5199890136719,-25.5,0.0,-511.0,0.0,-2.0
943263.202,2868.0,2023.0,-2023.0,-485.5199890136719,-25.5,0.0,-511.0,0.0,-2.0
943274.2,2868.0,2023.0,-2023.0,-485.5199890136719,-25.5,0.0,-511.0,0.0,-2.0
943285.209,2868.0,2023.0,-2023.0,-485.5199890136719,-25.5,0.0,-511.0,0.0,-2.0
943296.205,2868.0,2023.0,-2023.0,-485.5199890136719,-25.5,0.0,-511.0,0.0,-2.0
943306.206,2868.0,2023.0,-2023.0,-485.5199890136719,-25.5,0.0,-511.0,0.0,-2.0
943317.205,2868.0,2023.0,-2023.0,-485.5199890136719,-25.5,0.0,-511.0,0.0,-2.0
943328.201,2868.0,2023.0,-2023.0,-485.5199890136719,-25.5,0.0,-511.0,0.0,-2.0
943339.205,2868.0,2023.0,-2023.0,-485.5199890136719,-25.5,0.0,-511.0,0.0,-2.0
943349.205,2868.0,2023.0,-2023.0,-485.5199890136719,-25.5,0.0,-511.0,0.0,-2.0
943359.206,2868.0,2023.0,-2023.0,-485.5199890136719,-25.5,0.0,-511.0,0.0,-2.0
943370.208,2868.0,2023.0,-2023.0,-485.5199890136719,-25.5,0.0,-511.0,0.0,-2.0
943380.209,2868.0,2023.0,-2023.0,-485.5199890136719,-25.5,0.0,-511.0,0.0,-2.0
943391.201,2868.0,2023.0,-2023.0,-485.5199890136719,-25.5,0.0,-511.0,0.0,-2.0
943401.201,2868.0,2023.0,-2023.0,-485.5199890136719,-25.5,0.0,-511.0,0.0,-2.0
943412.204,2868.0,2023.0,-2023.0,-485.5199890136719,-25.5,0.0,-511.0,0.0,-2.0
943423.201,2868.0,2023.0,-2023.0,-485.5199890136719,-25.5,0.0,-511.0,0.0,-2.0
943434.204,2868.0,2023.0,-2023.0,-485.5199890136719,-25.5,0.0,-511.0,0.0,-2.0
943445.201,2868.0,2023.0,-2023.0,-485.5199890136719,-25.5,0.0,-511.0,0.0,-2.0
943455.202,2868.0,2023.0,-2023.0,-485.5199890136719,-25.5,0.0,-511.0,0.0,-2.0
943466.202,2868.0,2023.0,-2023.0,-485.5199890136719,-25.5,0.0,-511.0,0.0,-2.0
943476.203,2868.0,2023.0,-2023.0,-485.5199890136719,-25.5,0.0,-511.0,0.0,-2.0
943487.201,2868.0,2023.0,-2023.0,-485.5199890136719,-25.5,0.0,-511.0,0.0,-2.0
943498.205,2868.0,2023.0,-2023.0,-485.5199890136719,-25.5,0.0,-511.0,0.0,-2.0
943509.201,2868.0,2023.0,-2023.0,-485.5199890136719,-25.5,0.0,-511.0,0.0,-2.0
943519.299,2868.0,2023.0,-2023.0,-485.5199890136719,-25.5,0.0,-511.0,0.0,-2.0
943529.3,2868.0,2023.0,-2023.0,-485.5199890136719,-25.5,0.0,-511.0,0.0,-2.0
943540.205,2868.0,2023.0,-2023.0,-485.5199890136719,-25.5,0.0,-511.0,0.0,-2.0
943551.201,2868.0,2023.0,-2023.0,-485.5199890136719,-25.5,0.0,-511.0,0.0,-2.0
943561.822,2868.0,2023.0,-2023.0,-485.5199890136719,-25.5,0.0,-511.0,0.0,-2.0
943571.822,2868.0,2023.0,-2023.0,-485.5199890136719,-25.5,0.0,-511.0,0.0,-2.0
943582.205,2868.0,2023.0,-2023.0,-485.5199890136719,-25.5,0.0,-511.0,0.0,-2.0
943593.157,2868.0,2023.0,-2023.0,-485.5199890136719,-25.5,0.0,-511.0,0.0,-2.0
943603.759,2868.0,2023.0,-2023.0,-485.5199890136719,-25.5,0.0,-511.0,0.0,-2.0
943614.205,2868.0,2023.0,-2023.0,-485.5199890136719,-25.5,0.0,-511.0,0.0,-2.0
943624.206,2868.0,2023.0,-2023.0,-485.5199890136719,-25.5,0.0,-511.0,0.0,-2.0
943635.204,2868.0,2023.0,-2023.0,-485.5199890136719,-25.5,0.0,-511.0,0.0,-2.0
943646.201,2868.0,2023.0,-2023.0,-485.5199890136719,-25.5,0.0,-511.0,0.0,-2.0
943656.202,2868.0,2023.0,-2023.0,-485.5199890136719,-25.5,0.0,-511.0,0.0,-2.0
943666.203,2868.0,2023.0,-2023.0,-485.5199890136719,-25.5,0.0,-511.0,0.0,-2.0
943677.205,2868.0,2023.0,-2023.0,-485.5199890136719,-25.5,0.0,-511.0,0.0,-2.0
943687.205,2868.0,2023.0,-2023.0,-485.5199890136719,-25.5,0.0,-511.0,0.0,-2.0
943697.206,2868.0,2023.0,-2023.0,-485.5199890136719,-25.5,0.0,-511.0,0.0,-2.0
943707.207,2868.0,2023.0,-2023.0,-485.5199890136719,-25.5,0.0,-511.0,0.0,-2.0
943717.771,2868.0,2023.0,-2023.0,-485.5199890136719,-25.5,0.0,-511.0,0.0,-2.0
943727.772,2868.0,2023.0,-2023.0,-485.5199890136719,-25.5,0.0,-511.0,0.0,-2.0
943737.773,2868.0,2023.0,-2023.0,-485.5199890136719,-25.5,0.0,-511.0,0.0,-2.0
943747.774,2868.0,2023.0,-2023.0,-485.5199890136719,-25.5,0.0,-511.0,0.0,-2.0
943757.774,2868.0,2023.0,-2023.0,-485.5199890136719,-25.5,0.0,-511.0,0.0,-2.0
943767.775,2868.0,2023.0,-2023.0,-485.5199890136719,-25.5,0.0,-511.0,0.0,-2.0
943777.775,2868.0,2023.0,-2023.0,-485.5199890136719,-25.5,0.0,-511.0,0.0,-2.0
943788.2,2868.0,2023.0,-2023.0,-485.5199890136719,-25.5,0.0,-511.0,0.0,-2.0
943798.2,2868.0,2023.0,-2023.0,-485.5199890136719,-25.5,0.0,-511.0,0.0,-2.0
943808.201,2868.0,2023.0,-2023.0,-485.5199890136719,-25.5,0.0,-511.0,0.0,-2.0
943819.209,2868.0,2023.0,-2023.0,-485.5199890136719,-25.5,0.0,-511.0,0.0,-2.0
943829.564,2868.0,2023.0,-2023.0,-485.5199890136719,-25.5,0.0,-511.0,0.0,-2.0
943839.565,2868.0,2023.0,-2023.0,-485.5199890136719,-25.5,0.0,-511.0,0.0,-2.0
943850.205,2868.0,2023.0,-2023.0,-485.5199890136719,-25.5,0.0,-511.0,0.0,-2.0
943860.206,2868.0,2023.0,-2023.0,-485.5199890136719,-25.5,0.0,-511.0,0.0,-2.0
943871.2,2868.0,2023.0,-2023.0,-485.5199890136719,-25.5,0.0,-511.0,0.0,-2.0
943882.205,2868.0,2023.0,-2023.0,-485.5199890136719,-25.5,0.0,-511.0,0.0,-2.0
943892.206,2868.0,2023.0,-2023.0,-485.5199890136719,-25.5,0.0,-511.0,0.0,-2.0
943903.204,2868.0,2023.0,-2023.0,-485.5199890136719,-25.5,0.0,-511.0,0.0,-2.0
943913.205,2868.0,2023.0,-2023.0,-485.5199890136719,-25.5,0.0,-511.0,0.0,-2.0
943924.201,2868.0,2023.0,-2023.0,-485.5199890136719,-25.5,0.0,-511.0,0.0,-2.0
943934.201,2868.0,2023.0,-2023.0,-485.5199890136719,-25.5,0.0,-511.0,0.0,-2.0
943944.201,2868.0,2023.0,-2023.0,-485.5199890136719,-25.5,0.0,-511.0,0.0,-2.0
943955.205,2868.0,2023.0,-2023.0,-485.5199890136719,-25.5,0.0,-511.0,0.0,-2.0
943965.205,2868.0,2023.0,-2023.0,-485.5199890136719,-25.5,0.0,-511.0,0.0,-2.0
943975.206,2868.0,2023.0,-2023.0,-485.5199890136719,-25.5,0.0,-511.0,0.0,-2.0
943986.157,2868.0,2023.0,-2023.0,-485.5199890136719,-25.5,0.0,-511.0,0.0,-2.0
943996.158,2868.0,2023.0,-2023.0,-485.5199890136719,-25.5,0.0,-511.0,0.0,-2.0
944006.159,2868.0,2023.0,-2023.0,-485.5199890136719,-25.5,0.0,-511.0,0.0,-2.0
944017.204,2868.0,2023.0,-2023.0,-485.5199890136719,-25.5,0.0,-511.0,0.0,-2.0
944027.205,2868.0,2023.0,-2023.0,-485.5199890136719,-25.5,0.0,-511.0,0.0,-2.0
944038.205,2868.0,2023.0,-2023.0,-485.5199890136719,-25.5,0.0,-511.0,0.0,-2.0
944048.206,2868.0,2023.0,-2023.0,-485.5199890136719,-25.5,0.0,-511.0,0.0,-2.0
944058.207,2868.0,2023.0,-2023.0,-485.5199890136719,-25.5,0.0,-511.0,0.0,-2.0
944068.208,2868.0,2023.0,-2023.0,-485.5199890136719,-25.5,0.0,-511.0,0.0,-2.0
944079.201,2868.0,2023.0,-2023.0,-485.5199890136719,-25.5,0.0,-511.0,0.0,-2.0
944090.209,2868.0,2023.0,-2023.0,-485.5199890136719,-25.5,0.0,-511.0,0.0,-2.0
944101.213,2868.0,2023.0,-2023.0,-485.5199890136719,-25.5,0.0,-511.0,0.0,-2.0
944112.395,2868.0,2023.0,-2023.0,-485.5199890136719,-25.5,0.0,-511.0,0.0,-2.0
944123.202,2868.0,2023.0,-2023.0,-485.5199890136719,-25.5,0.0,-511.0,0.0,-2.0
944134.259,2868.0,2023.0,-2023.0,-485.5199890136719,-25.5,0.0,-511.0,0.0,-2.0
944144.42,2868.0,2023.0,-2023.0,-485.5199890136719,-25.5,0.0,-511.0,0.0,-2.0
944154.42,2868.0,2023.0,-2023.0,-485.5199890136719,-25.5,0.0,-511.0,0.0,-2.0
944165.205,2868.0,2023.0,-2023.0,-485.5199890136719,-25.5,0.0,-511.0,0.0,-2.0
944175.206,2868.0,2023.0,-2023.0,-485.5199890136719,-25.5,0.0,-511.0,0.0,-2.0
944186.2,2868.0,2023.0,-2023.0,-485.5199890136719,-25.5,0.0,-511.0,0.0,-2.0
944197.205,2868.0,2023.0,-2023.0,-485.5199890136719,-25.5,0.0,-511.0,0.0,-2.0
944208.205,2868.0,2023.0,-2023.0,-485.5199890136719,-25.5,0.0,-511.0,0.0,-2.0
944219.201,2868.0,2023.0,-2023.0,-485.5199890136719,-25.5,0.0,-511.0,0.0,-2.0
944230.205,2868.0,2023.0,-2023.0,-485.5199890136719,-25.5,0.0,-511.0,0.0,-2.0
944240.206,2868.0,2023.0,-2023.0,-485.5199890136719,-25.5,0.0,-511.0,0.0,-2.0
944250.206,2868.0,2023.0,-2023.0,-485.5199890136719,-25.5,0.0,-511.0,0.0,-2.0
944260.207,2868.0,2023.0,-2023.0,-485.5199890136719,-25.5,0.0,-511.0,0.0,-2.0
944271.2,2868.0,2023.0,-2023.0,-485.5199890136719,-25.5,0.0,-511.0,0.0,-2.0
944282.205,2868.0,2023.0,-2023.0,-485.5199890136719,-25.5,0.0,-511.0,0.0,-2.0
944293.205,2868.0,2023.0,-2023.0,-485.5199890136719,-25.5,0.0,-511.0,0.0,-2.0
944303.205,2868.0,2023.0,-2023.0,-485.5199890136719,-25.5,0.0,-511.0,0.0,-2.0
944313.209,2868.0,2023.0,-2023.0,-485.5199890136719,-25.5,0.0,-511.0,0.0,-2.0
944323.605,2868.0,2023.0,-2023.0,-485.5199890136719,-25.5,0.0,-511.0,0.0,-2.0
944333.606,2868.0,2023.0,-2023.0,-485.5199890136719,-25.5,0.0,-511.0,0.0,-2.0
944343.606,2868.0,2023.0,-2023.0,-485.5199890136719,-25.5,0.0,-511.0,0.0,-2.0
944354.201,2868.0,2023.0,-2023.0,-485.5199890136719,-25.5,0.0,-511.0,0.0,-2.0
944364.202,2868.0,2023.0,-2023.0,-485.5199890136719,-25.5,0.0,-511.0,0.0,-2.0
944374.204,2868.0,2023.0,-2023.0,-485.5199890136719,-25.5,0.0,-511.0,0.0,-2.0
944385.201,2868.0,2023.0,-2023.0,-485.5199890136719,-25.5,0.0,-511.0,0.0,-2.0
944395.201,2868.0,2023.0,-2023.0,-485.5199890136719,-25.5,0.0,-511.0,0.0,-2.0
944406.204,2868.0,2023.0,-2023.0,-485.5199890136719,-25.5,0.0,-511.0,0.0,-2.0
944417.201,2868.0,2023.0,-2023.0,-485.5199890136719,-25.5,0.0,-511.0,0.0,-2.0
944427.347,2868.0,2023.0,-2023.0,-485.5199890136719,-25.5,0.0,-511.0,0.0,-2.0
944438.208,2868.0,2023.0,-2023.0,-485.5199890136719,-25.5,0.0,-511.0,0.0,-2.0
944448.209,2868.0,2023.0,-2023.0,-485.5199890136719,-25.5,0.0,-511.0,0.0,-2.0
944458.409,2868.0,2023.0,-2023.0,-485.5199890136719,-25.5,0.0,-511.0,0.0,-2.0
944469.201,2868.0,2023.0,-2023.0,-485.5199890136719,-25.5,0.0,-511.0,0.0,-2.0
944480.157,2868.0,2023.0,-2023.0,-485.5199890136719,-25.5,0.0,-511.0,0.0,-2.0
944491.173,2868.0,2023.0,-2023.0,-485.5199890136719,-25.5,0.0,-511.0,0.0,-2.0
944502.201,2868.0,2023.0,-2023.0,-485.5199890136719,-25.5,0.0,-511.0,0.0,-2.0
944512.202,2868.0,2023.0,-2023.0,-485.5199890136719,-25.5,0.0,-511.0,0.0,-2.0
944523.2,2868.0,2023.0,-2023.0,-485.5199890136719,-25.5,0.0,-511.0,0.0,-2.0
944533.2,2868.0,2023.0,-2023.0,-485.5199890136719,-25.5,0.0,-511.0,0.0,-2.0
944543.201,2868.0,2023.0,-2023.0,-485.5199890136719,-25.5,0.0,-511.0,0.0,-2.0
944553.202,2868.0,2023.0,-2023.0,-485.5199890136719,-25.5,0.0,-511.0,0.0,-2.0
944564.204,2868.0,2023.0,-2023.0,-485.5199890136719,-25.5,0.0,-511.0,0.0,-2.0
944575.201,2868.0,2023.0,-2023.0,-485.5199890136719,-25.5,0.0,-511.0,0.0,-2.0
944585.201,2868.0,2023.0,-2023.0,-485.5199890136719,-25.5,0.0,-511.0,0.0,-2.0
944596.2,2868.0,2023.0,-2023.0,-485.5199890136719,-25.5,0.0,-511.0,0.0,-2.0
944606.201,2868.0,2023.0,-2023.0,-485.5199890136719,-25.5,0.0,-511.0,0.0,-2.0
944616.587,2868.0,2023.0,-2023.0,-485.5199890136719,-25.5,0.0,-511.0,0.0,-2.0
944626.941,2868.0,2023.0,-2023.0,-485.5199890136719,-25.5,0.0,-511.0,0.0,-2.0
944636.941,2868.0,2023.0,-2023.0,-485.5199890136719,-25.5,0.0,-511.0,0.0,-2.0
944647.206,2868.0,2023.0,-2023.0,-485.5199890136719,-25.5,0.0,-511.0,0.0,-2.0
944657.207,2868.0,2023.0,-2023.0,-485.5199890136719,-25.5,0.0,-511.0,0.0,-2.0
944668.205,2868.0,2023.0,-2023.0,-485.5199890136719,-25.5,0.0,-511.0,0.0,-2.0
944679.2,2868.0,2023.0,-2023.0,-485.5199890136719,-25.5,0.0,-511.0,0.0,-2.0
944690.205,2868.0,2023.0,-2023.0,-485.5199890136719,-25.5,0.0,-511.0,0.0,-2.0
944700.205,2868.0,2023.0,-2023.0,-485.5199890136719,-25.5,0.0,-511.0,0.0,-2.0
944711.2,2868.0,2023.0,-2023.0,-485.5199890136719,-25.5,0.0,-511.0,0.0,-2.0
944722.204,2868.0,2023.0,-2023.0,-485.5199890136719,-25.5,0.0,-511.0,0.0,-2.0
944732.204,2868.0,2023.0,-2023.0,-485.5199890136719,-25.5,0.0,-511.0,0.0,-2.0
944742.205,2868.0,2023.0,-2023.0,-485.5199890136719,-25.5,0.0,-511.0,0.0,-2.0
944753.205,2868.0,2023.0,-2023.0,-485.5199890136719,-25.5,0.0,-511.0,0.0,-2.0
944763.205,2868.0,2023.0,-2023.0,-485.5199890136719,-25.5,0.0,-511.0,0.0,-2.0
944774.201,2868.0,2023.0,-2023.0,-485.5199890136719,-25.5,0.0,-511.0,0.0,-2.0
944785.387,2868.0,2023.0,-2023.0,-485.5199890136719,-25.5,0.0,-511.0,0.0,-2.0
944796.205,2868.0,2023.0,-2023.0,-485.5199890136719,-25.5,0.0,-511.0,0.0,-2.0
944806.205,2868.0,2023.0,-2023.0,-485.5199890136719,-25.5,0.0,-511.0,0.0,-2.0
944817.173,2868.0,2023.0,-2023.0,-485.5199890136719,-25.5,0.0,-511.0,0.0,-2.0
944827.174,2868.0,2023.0,-2023.0,-485.5199890136719,-25.5,0.0,-511.0,0.0,-2.0
944837.174,2868.0,2023.0,-2023.0,-485.5199890136719,-25.5,0.0,-511.0,0.0,-2.0
944848.204,2868.0,2023.0,-2023.0,-485.5199890136719,-25.5,0.0,-511.0,0.0,-2.0
944859.217,2868.0,2023.0,-2023.0,-485.5199890136719,-25.5,0.0,-511.0,0.0,-2.0
944870.201,2868.0,2023.0,-2023.0,-485.5199890136719,-25.5,0.0,-511.0,0.0,-2.0
944881.205,2868.0,2023.0,-2023.0,-485.5199890136719,-25.5,0.0,-511.0,0.0,-2.0
944892.201,2868.0,2023.0,-2023.0,-485.5199890136719,-25.5,0.0,-511.0,0.0,-2.0
944902.202,2868.0,2023.0,-2023.0,-485.5199890136719,-25.5,0.0,-511.0,0.0,-2.0
944913.201,2868.0,2023.0,-2023.0,-485.5199890136719,-25.5,0.0,-511.0,0.0,-2.0
944923.201,2868.0,2023.0,-2023.0,-485.5199890136719,-25.5,0.0,-511.0,0.0,-2.0
944933.202,2868.0,2023.0,-2023.0,-485.5199890136719,-25.5,0.0,-511.0,0.0,-2.0
944944.205,2868.0,2023.0,-2023.0,-485.5199890136719,-25.5,0.0,-511.0,0.0,-2.0
944955.209,2868.0,2023.0,-2023.0,-485.5199890136719,-25.5,0.0,-511.0,0.0,-2.0
944966.201,2868.0,2023.0,-2023.0,-485.5199890136719,-25.5,0.0,-511.0,0.0,-2.0
944976.201,2868.0,2023.0,-2023.0,-485.5199890136719,-25.5,0.0,-511.0,0.0,-2.0
944987.2,2868.0,2023.0,-2023.0,-485.5199890136719,-25.5,0.0,-511.0,0.0,-2.0
944997.964,2868.0,2023.0,-2023.0,-485.5199890136719,-25.5,0.0,-511.0,0.0,-2.0
945007.964,2868.0,2023.0,-2023.0,-485.5199890136719,-25.5,0.0,-511.0,0.0,-2.0
945018.205,2868.0,2023.0,-2023.0,-485.5199890136719,-25.5,0.0,-511.0,0.0,-2.0
945028.206,2868.0,2023.0,-2023.0,-485.5199890136719,-25.5,0.0,-511.0,0.0,-2.0
945039.201,2868.0,2023.0,-2023.0,-485.5199890136719,-25.5,0.0,-511.0,0.0,-2.0
945050.205,2868.0,2023.0,-2023.0,-485.5199890136719,-25.5,0.0,-511.0,0.0,-2.0
945060.206,2868.0,2023.0,-2023.0,-485.5199890136719,-25.5,0.0,-511.0,0.0,-2.0
945070.206,2868.0,2023.0,-2023.0,-485.5199890136719,-25.5,0.0,-511.0,0.0,-2.0
945081.201,2868.0,2023.0,-2023.0,-485.5199890136719,-25.5,0.0,-511.0,0.0,-2.0
945091.202,2868.0,2023.0,-2023.0,-485.5199890136719,-25.5,0.0,-511.0,0.0,-2.0
945101.203,2868.0,2023.0,-2023.0,-485.5199890136719,-25.5,0.0,-511.0,0.0,-2.0
945112.205,2868.0,2023.0,-2023.0,-485.5199890136719,-25.5,0.0,-511.0,0.0,-2.0
945123.201,2868.0,2023.0,-2023.0,-485.5199890136719,-25.5,0.0,-511.0,0.0,-2.0
945134.205,2868.0,2023.0,-2023.0,-485.5199890136719,-25.5,0.0,-511.0,0.0,-2.0
945145.209,2868.0,2023.0,-2023.0,-485.5199890136719,-25.5,0.0,-511.0,0.0,-2.0
945156.201,2868.0,2023.0,-2023.0,-485.5199890136719,-25.5,0.0,-511.0,0.0,-2.0
945166.85,2868.0,2023.0,-2023.0,-485.5199890136719,-25.5,0.0,-511.0,0.0,-2.0
945177.204,2868.0,2023.0,-2023.0,-485.5199890136719,-25.5,0.0,-511.0,0.0,-2.0
945187.205,2868.0,2023.0,-2023.0,-485.5199890136719,-25.5,0.0,-511.0,0.0,-2.0
945197.206,2868.0,2023.0,-2023.0,-485.5199890136719,-25.5,0.0,-511.0,0.0,-2.0
945208.205,2868.0,2023.0,-2023.0,-485.5199890136719,-25.5,0.0,-511.0,0.0,-2.0
945218.206,2868.0,2023.0,-2023.0,-485.5199890136719,-25.5,0.0,-511.0,0.0,-2.0
945229.205,2868.0,2023.0,-2023.0,-485.5199890136719,-25.5,0.0,-511.0,0.0,-2.0
945240.201,2868.0,2023.0,-2023.0,-485.5199890136719,-25.5,0.0,-511.0,0.0,-2.0
945251.205,2868.0,2023.0,-2023.0,-485.5199890136719,-25.5,0.0,-511.0,0.0,-2.0
945262.201,2868.0,2023.0,-2023.0,-485.5199890136719,-25.5,0.0,-511.0,0.0,-2.0
945272.201,2868.0,2023.0,-2023.0,-485.5199890136719,-25.5,0.0,-511.0,0.0,-2.0
945282.202,2868.0,2023.0,-2023.0,-485.5199890136719,-25.5,0.0,-511.0,0.0,-2.0
945293.204,2868.0,2023.0,-2023.0,-485.5199890136719,-25.5,0.0,-511.0,0.0,-2.0
945303.205,2868.0,2023.0,-2023.0,-485.5199890136719,-25.5,0.0,-511.0,0.0,-2.0
945313.205,2868.0,2023.0,-2023.0,-485.5199890136719,-25.5,0.0,-511.0,0.0,-2.0
945324.201,2868.0,2023.0,-2023.0,-485.5199890136719,-25.5,0.0,-511.0,0.0,-2.0
945335.307,2868.0,2023.0,-2023.0,-485.5199890136719,-25.5,0.0,-511.0,0.0,-2.0
945345.308,2868.0,2023.0,-2023.0,-485.5199890136719,-25.5,0.0,-511.0,0.0,-2.0
945355.308,2868.0,2023.0,-2023.0,-485.5199890136719,-25.5,0.0,-511.0,0.0,-2.0
945365.308,2868.0,2023.0,-2023.0,-485.5199890136719,-25.5,0.0,-511.0,0.0,-2.0
945376.201,2868.0,2023.0,-2023.0,-485.5199890136719,-25.5,0.0,-511.0,0.0,-2.0
945387.205,2868.0,2023.0,-2023.0,-485.5199890136719,-25.5,0.0,-511.0,0.0,-2.0
945398.201,2868.0,2023.0,-2023.0,-485.5199890136719,-25.5,0.0,-511.0,0.0,-2.0
945409.204,2868.0,2023.0,-2023.0,-485.5199890136719,-25.5,0.0,-511.0,0.0,-2.0
945419.205,2868.0,2023.0,-2023.0,-485.5199890136719,-25.5,0.0,-511.0,0.0,-2.0
945430.2,2868.0,2023.0,-2023.0,-485.5199890136719,-25.5,0.0,-511.0,0.0,-2.0
945441.204,2868.0,2023.0,-2023.0,-485.5199890136719,-25.5,0.0,-511.0,0.0,-2.0
945451.205,2868.0,2023.0,-2023.0,-485.5199890136719,-25.5,0.0,-511.0,0.0,-2.0
945462.201,2868.0,2023.0,-2023.0,-485.5199890136719,-25.5,0.0,-511.0,0.0,-2.0
945472.201,2868.0,2023.0,-2023.0,-485.5199890136719,-25.5,0.0,-511.0,0.0,-2.0
945482.202,2868.0,2023.0,-2023.0,-485.5199890136719,-25.5,0.0,-511.0,0.0,-2.0
945492.202,2868.0,2023.0,-2023.0,-485.5199890136719,-25.5,0.0,-511.0,0.0,-2.0
945502.577,2868.0,2023.0,-2023.0,-485.5199890136719,-25.5,0.0,-511.0,0.0,-2.0
945513.205,2868.0,2023.0,-2023.0,-485.5199890136719,-25.5,0.0,-511.0,0.0,-2.0
945523.206,2868.0,2023.0,-2023.0,-485.5199890136719,-25.5,0.0,-511.0,0.0,-2.0
945534.205,2868.0,2023.0,-2023.0,-485.5199890136719,-25.5,0.0,-511.0,0.0,-2.0
945545.205,2868.0,2023.0,-2023.0,-485.5199890136719,-25.5,0.0,-511.0,0.0,-2.0
945556.201,2868.0,2023.0,-2023.0,-485.5199890136719,-25.5,0.0,-511.0,0.0,-2.0
945567.205,2868.0,2023.0,-2023.0,-485.5199890136719,-25.5,0.0,-511.0,0.0,-2.0
945578.205,2868.0,2023.0,-2023.0,-485.5199890136719,-25.5,0.0,-511.0,0.0,-2.0
945588.206,2868.0,2023.0,-2023.0,-485.5199890136719,-25.5,0.0,-511.0,0.0,-2.0
945599.205,2868.0,2023.0,-2023.0,-485.5199890136719,-25.5,0.0,-511.0,0.0,-2.0
945610.201,2868.0,2023.0,-2023.0,-485.5199890136719,-25.5,0.0,-511.0,0.0,-2.0
945621.205,2868.0,2023.0,-2023.0,-485.5199890136719,-25.5,0.0,-511.0,0.0,-2.0
945631.206,2868.0,2023.0,-2023.0,-485.5199890136719,-25.5,0.0,-511.0,0.0,-2.0
945642.204,2868.0,2023.0,-2023.0,-485.5199890136719,-25.5,0.0,-511.0,0.0,-2.0
945653.201,2868.0,2023.0,-2023.0,-485.5199890136719,-25.5,0.0,-511.0,0.0,-2.0
945664.205,2868.0,2023.0,-2023.0,-485.5199890136719,-25.5,0.0,-511.0,0.0,-2.0
945674.205,2868.0,2023.0,-2023.0,-485.5199890136719,-25.5,0.0,-511.0,0.0,-2.0
945685.2,2868.0,2023.0,-2023.0,-485.5199890136719,-25.5,0.0,-511.0,0.0,-2.0
945696.205,2868.0,2023.0,-2023.0,-485.5199890136719,-25.5,0.0,-511.0,0.0,-2.0
945706.206,2868.0,2023.0,-2023.0,-485.5199890136719,-25.5,0.0,-511.0,0.0,-2.0
945716.308,2868.0,2023.0,-2023.0,-485.5199890136719,-25.5,0.0,-511.0,0.0,-2.0
945726.309,2868.0,2023.0,-2023.0,-485.5199890136719,-25.5,0.0,-511.0,0.0,-2.0
945737.205,2868.0,2023.0,-2023.0,-485.5199890136719,-25.5,0.0,-511.0,0.0,-2.0
945748.201,2868.0,2023.0,-2023.0,-485.5199890136719,-25.5,0.0,-511.0,0.0,-2.0
945758.202,2868.0,2023.0,-2023.0,-485.5199890136719,-25.5,0.0,-511.0,0.0,-2.0
945769.2,2868.0,2023.0,-2023.0,-485.5199890136719,-25.5,0.0,-511.0,0.0,-2.0
945779.2,2868.0,2023.0,-2023.0,-485.5199890136719,-25.5,0.0,-511.0,0.0,-2.0
945789.2,2868.0,2023.0,-2023.0,-485.5199890136719,-25.5,0.0,-511.0,0.0,-2.0
945799.201,2868.0,2023.0,-2023.0,-485.5199890136719,-25.5,0.0,-511.0,0.0,-2.0
945809.202,2868.0,2023.0,-2023.0,-485.5199890136719,-25.5,0.0,-511.0,0.0,-2.0
945820.205,2868.0,2023.0,-2023.0,-485.5199890136719,-25.5,0.0,-511.0,0.0,-2.0
945831.201,2868.0,2023.0,-2023.0,-485.5199890136719,-25.5,0.0,-511.0,0.0,-2.0
945842.204,2868.0,2023.0,-2023.0,-485.5199890136719,-25.5,0.0,-511.0,0.0,-2.0
945853.044,2868.0,2023.0,-2023.0,-485.5199890136719,-25.5,0.0,-511.0,0.0,-2.0
945863.204,2868.0,2023.0,-2023.0,-485.5199890136719,-25.5,0.0,-511.0,0.0,-2.0
945873.205,2868.0,2023.0,-2023.0,-485.5199890136719,-25.5,0.0,-511.0,0.0,-2.0
945883.205,2868.0,2023.0,-2023.0,-485.5199890136719,-25.5,0.0,-511.0,0.0,-2.0
945894.205,2868.0,2023.0,-2023.0,-485.5199890136719,-25.5,0.0,-511.0,0.0,-2.0
945905.201,2868.0,2023.0,-2023.0,-485.5199890136719,-25.5,0.0,-511.0,0.0,-2.0
945915.201,2868.0,2023.0,-2023.0,-485.5199890136719,-25.5,0.0,-511.0,0.0,-2.0
945926.201,2868.0,2023.0,-2023.0,-485.5199890136719,-25.5,0.0,-511.0,0.0,-2.0
945936.202,2868.0,2023.0,-2023.0,-485.5199890136719,-25.5,0.0,-511.0,0.0,-2.0
945946.203,2868.0,2023.0,-2023.0,-485.5199890136719,-25.5,0.0,-511.0,0.0,-2.0
945957.205,2868.0,2023.0,-2023.0,-485.5199890136719,-25.5,0.0,-511.0,0.0,-2.0
945968.201,2868.0,2023.0,-2023.0,-485.5199890136719,-25.5,0.0,-511.0,0.0,-2.0
945978.202,2868.0,2023.0,-2023.0,-485.5199890136719,-25.5,0.0,-511.0,0.0,-2.0
945989.2,2868.0,2023.0,-2023.0,-485.5199890136719,-25.5,0.0,-511.0,0.0,-2.0
945999.201,2868.0,2023.0,-2023.0,-485.5199890136719,-25.5,0.0,-511.0,0.0,-2.0
946009.67,2868.0,2023.0,-2023.0,-485.5199890136719,-25.5,0.0,-511.0,0.0,-2.0
946020.204,2868.0,2023.0,-2023.0,-485.5199890136719,-25.5,0.0,-511.0,0.0,-2.0
946030.205,2868.0,2023.0,-2023.0,-485.5199890136719,-25.5,0.0,-511.0,0.0,-2.0
946041.173,2868.0,2023.0,-2023.0,-485.5199890136719,-25.5,0.0,-511.0,0.0,-2.0
946051.173,2868.0,2023.0,-2023.0,-485.5199890136719,-25.5,0.0,-511.0,0.0,-2.0
946061.173,2868.0,2023.0,-2023.0,-485.5199890136719,-25.5,0.0,-511.0,0.0,-2.0
946072.204,2868.0,2023.0,-2023.0,-485.5199890136719,-25.5,0.0,-511.0,0.0,-2.0
946083.201,2868.0,2023.0,-2023.0,-485.5199890136719,-25.5,0.0,-511.0,0.0,-2.0
946093.202,2868.0,2023.0,-2023.0,-485.5199890136719,-25.5,0.0,-511.0,0.0,-2.0
946104.201,2868.0,2023.0,-2023.0,-485.5199890136719,-25.5,0.0,-511.0,0.0,-2.0
946114.202,2868.0,2023.0,-2023.0,-485.5199890136719,-25.5,0.0,-511.0,0.0,-2.0
946125.201,2868.0,2023.0,-2023.0,-485.5199890136719,-25.5,0.0,-511.0,0.0,-2.0
946136.205,2868.0,2023.0,-2023.0,-485.5199890136719,-25.5,0.0,-511.0,0.0,-2.0
946146.206,2868.0,2023.0,-2023.0,-485.5199890136719,-25.5,0.0,-511.0,0.0,-2.0
946156.207,2868.0,2023.0,-2023.0,-485.5199890136719,-25.5,0.0,-511.0,0.0,-2.0
946166.208,2868.0,2023.0,-2023.0,-485.5199890136719,-25.5,0.0,-511.0,0.0,-2.0
946176.87,2868.0,2023.0,-2023.0,-485.5199890136719,-25.5,0.0,-511.0,0.0,-2.0
946186.87,2868.0,2023.0,-2023.0,-485.5199890136719,-25.5,0.0,-511.0,0.0,-2.0
946197.1,2868.0,2023.0,-2023.0,-485.5199890136719,-25.5,0.0,-511.0,0.0,-2.0
946208.205,2868.0,2023.0,-2023.0,-485.5199890136719,-25.5,0.0,-511.0,0.0,-2.0
946219.2,2868.0,2023.0,-2023.0,-485.5199890136719,-25.5,0.0,-511.0,0.0,-2.0
946230.205,2868.0,2023.0,-2023.0,-485.5199890136719,-25.5,0.0,-511.0,0.0,-2.0
946241.201,2868.0,2023.0,-2023.0,-485.5199890136719,-25.5,0.0,-511.0,0.0,-2.0
946252.205,2868.0,2023.0,-2023.0,-485.5199890136719,-25.5,0.0,-511.0,0.0,-2.0
946262.206,2868.0,2023.0,-2023.0,-485.5199890136719,-25.5,0.0,-511.0,0.0,-2.0
946273.201,2868.0,2023.0,-2023.0,-485.5199890136719,-25.5,0.0,-511.0,0.0,-2.0
946283.202,2868.0,2023.0,-2023.0,-485.5199890136719,-25.5,0.0,-511.0,0.0,-2.0
946294.173,2868.0,2023.0,-2023.0,-485.5199890136719,-25.5,0.0,-511.0,0.0,-2.0
946304.51,2868.0,2023.0,-2023.0,-485.5199890136719,-25.5,0.0,-511.0,0.0,-2.0
946315.24,2868.0,2023.0,-2023.0,-485.5199890136719,-25.5,0.0,-511.0,0.0,-2.0
946325.24,2868.0,2023.0,-2023.0,-485.5199890136719,-25.5,0.0,-511.0,0.0,-2.0
946335.24,2868.0,2023.0,-2023.0,-485.5199890136719,-25.5,0.0,-511.0,0.0,-2.0
946345.241,2868.0,2023.0,-2023.0,-485.5199890136719,-25.5,0.0,-511.0,0.0,-2.0
946355.242,2868.0,2023.0,-2023.0,-485.5199890136719,-25.5,0.0,-511.0,0.0,-2.0
946366.201,2868.0,2023.0,-2023.0,-485.5199890136719,-25.5,0.0,-511.0,0.0,-2.0
946377.205,2868.0,2023.0,-2023.0,-485.5199890136719,-25.5,0.0,-511.0,0.0,-2.0
946388.205,2868.0,2023.0,-2023.0,-485.5199890136719,-25.5,0.0,-511.0,0.0,-2.0
946399.201,2868.0,2023.0,-2023.0,-485.5199890136719,-25.5,0.0,-511.0,0.0,-2.0
946410.205,2868.0,2023.0,-2023.0,-485.5199890136719,-25.5,0.0,-511.0,0.0,-2.0
946420.205,2868.0,2023.0,-2023.0,-485.5199890136719,-25.5,0.0,-511.0,0.0,-2.0
946430.21,2868.0,2023.0,-2023.0,-485.5199890136719,-25.5,0.0,-511.0,0.0,-2.0
946441.205,2868.0,2023.0,-2023.0,-485.5199890136719,-25.5,0.0,-511.0,0.0,-2.0
946451.206,2868.0,2023.0,-2023.0,-485.5199890136719,-25.5,0.0,-511.0,0.0,-2.0
946462.201,2868.0,2023.0,-2023.0,-485.5199890136719,-25.5,0.0,-511.0,0.0,-2.0
946473.205,2868.0,2023.0,-2023.0,-485.5199890136719,-25.5,0.0,-511.0,0.0,-2.0
946484.201,2868.0,2023.0,-2023.0,-485.5199890136719,-25.5,0.0,-511.0,0.0,-2.0
946495.205,2868.0,2023.0,-2023.0,-485.5199890136719,-25.5,0.0,-511.0,0.0,-2.0
946506.274,2868.0,2023.0,-2023.0,-485.5199890136719,-25.5,0.0,-511.0,0.0,-2.0
946516.275,2868.0,2023.0,-2023.0,-485.5199890136719,-25.5,0.0,-511.0,0.0,-2.0
946527.205,2868.0,2023.0,-2023.0,-485.5199890136719,-25.5,0.0,-511.0,0.0,-2.0
946538.324,2868.0,2023.0,-2023.0,-485.5199890136719,-25.5,0.0,-511.0,0.0,-2.0
946549.201,2868.0,2023.0,-2023.0,-485.5199890136719,-25.5,0.0,-511.0,0.0,-2.0
946559.202,2868.0,2023.0,-2023.0,-485.5199890136719,-25.5,0.0,-511.0,0.0,-2.0
946569.203,2868.0,2023.0,-2023.0,-485.5199890136719,-25.5,0.0,-511.0,0.0,-2.0
946580.205,2868.0,2023.0,-2023.0,-485.5199890136719,-25.5,0.0,-511.0,0.0,-2.0
946591.2,2868.0,2023.0,-2023.0,-485.5199890136719,-25.5,0.0,-511.0,0.0,-2.0
946602.205,2868.0,2023.0,-2023.0,-485.5199890136719,-25.5,0.0,-511.0,0.0,-2.0
946612.205,2868.0,2023.0,-2023.0,-485.5199890136719,-25.5,0.0,-511.0,0.0,-2.0
946622.205,2868.0,2023.0,-2023.0,-485.5199890136719,-25.5,0.0,-511.0,0.0,-2.0
946633.209,2868.0,2023.0,-2023.0,-485.5199890136719,-25.5,0.0,-511.0,0.0,-2.0
946644.201,2868.0,2023.0,-2023.0,-485.5199890136719,-25.5,0.0,-511.0,0.0,-2.0
946655.205,2868.0,2023.0,-2023.0,-485.5199890136719,-25.5,0.0,-511.0,0.0,-2.0
946665.206,2868.0,2023.0,-2023.0,-485.5199890136719,-25.5,0.0,-511.0,0.0,-2.0
946675.206,2868.0,2023.0,-2023.0,-485.5199890136719,-25.5,0.0,-511.0,0.0,-2.0
946686.2,2868.0,2023.0,-2023.0,-485.5199890136719,-25.5,0.0,-511.0,0.0,-2.0
946697.205,2868.0,2023.0,-2023.0,-485.5199890136719,-25.5,0.0,-511.0,0.0,-2.0
946708.205,2868.0,2023.0,-2023.0,-485.5199890136719,-25.5,0.0,-511.0,0.0,-2.0
946719.201,2868.0,2023.0,-2023.0,-485.5199890136719,-25.5,0.0,-511.0,0.0,-2.0
946729.202,2868.0,2023.0,-2023.0,-485.5199890136719,-25.5,0.0,-511.0,0.0,-2.0
946739.203,2868.0,2023.0,-2023.0,-485.5199890136719,-25.5,0.0,-511.0,0.0,-2.0
946750.223,2868.0,2023.0,-2023.0,-485.5199890136719,-25.5,0.0,-511.0,0.0,-2.0
946760.224,2868.0,2023.0,-2023.0,-485.5199890136719,-25.5,0.0,-511.0,0.0,-2.0
946771.205,2868.0,2023.0,-2023.0,-485.5199890136719,-25.5,0.0,-511.0,0.0,-2.0
946782.201,2868.0,2023.0,-2023.0,-485.5199890136719,-25.5,0.0,-511.0,0.0,-2.0
946793.205,2868.0,2023.0,-2023.0,-485.5199890136719,-25.5,0.0,-511.0,0.0,-2.0
946803.206,2868.0,2023.0,-2023.0,-485.5199890136719,-25.5,0.0,-511.0,0.0,-2.0
946813.206,2868.0,2023.0,-2023.0,-485.5199890136719,-25.5,0.0,-511.0,0.0,-2.0
946824.201,2868.0,2023.0,-2023.0,-485.5199890136719,-25.5,0.0,-511.0,0.0,-2.0
946835.205,2868.0,2023.0,-2023.0,-485.5199890136719,-25.5,0.0,-511.0,0.0,-2.0
946845.206,2868.0,2023.0,-2023.0,-485.5199890136719,-25.5,0.0,-511.0,0.0,-2.0
946855.207,2868.0,2023.0,-2023.0,-485.5199890136719,-25.5,0.0,-511.0,0.0,-2.0
946866.205,2868.0,2023.0,-2023.0,-485.5199890136719,-25.5,0.0,-511.0,0.0,-2.0
946877.201,2868.0,2023.0,-2023.0,-485.5199890136719,-25.5,0.0,-511.0,0.0,-2.0
946887.201,2868.0,2023.0,-2023.0,-485.5199890136719,-25.5,0.0,-511.0,0.0,-2.0
946898.2,2868.0,2023.0,-2023.0,-485.5199890136719,-25.5,0.0,-511.0,0.0,-2.0
946909.014,2868.0,2023.0,-2023.0,-485.5199890136719,-25.5,0.0,-511.0,0.0,-2.0
946919.204,2868.0,2023.0,-2023.0,-485.5199890136719,-25.5,0.0,-511.0,0.0,-2.0
946930.075,2868.0,2023.0,-2023.0,-485.5199890136719,-25.5,0.0,-511.0,0.0,-2.0
946940.201,2868.0,2023.0,-2023.0,-485.5199890136719,-25.5,0.0,-511.0,0.0,-2.0
946951.173,2868.0,2023.0,-2023.0,-485.5199890136719,-25.5,0.0,-511.0,0.0,-2.0
946961.173,2868.0,2023.0,-2023.0,-485.5199890136719,-25.5,0.0,-511.0,0.0,-2.0
946972.205,2868.0,2023.0,-2023.0,-485.5199890136719,-25.5,0.0,-511.0,0.0,-2.0
946983.201,2868.0,2023.0,-2023.0,-485.5199890136719,-25.5,0.0,-511.0,0.0,-2.0
946993.201,2868.0,2023.0,-2023.0,-485.5199890136719,-25.5,0.0,-511.0,0.0,-2.0
947003.201,2868.0,2023.0,-2023.0,-485.5199890136719,-25.5,0.0,-511.0,0.0,-2.0
947013.202,2868.0,2023.0,-2023.0,-485.5199890136719,-25.5,0.0,-511.0,0.0,-2.0
947024.201,2868.0,2023.0,-2023.0,-485.5199890136719,-25.5,0.0,-511.0,0.0,-2.0
947035.205,2868.0,2023.0,-2023.0,-485.5199890136719,-25.5,0.0,-511.0,0.0,-2.0
947045.205,2868.0,2023.0,-2023.0,-485.5199890136719,-25.5,0.0,-511.0,0.0,-2.0
947055.399,2868.0,2023.0,-2023.0,-485.5199890136719,-25.5,0.0,-511.0,0.0,-2.0
947065.4,2868.0,2023.0,-2023.0,-485.5199890136719,-25.5,0.0,-511.0,0.0,-2.0
947075.401,2868.0,2023.0,-2023.0,-485.5199890136719,-25.5,0.0,-511.0,0.0,-2.0
947085.403,2868.0,2023.0,-2023.0,-485.5199890136719,-25.5,0.0,-511.0,0.0,-2.0
947095.404,2868.0,2023.0,-2023.0,-485.5199890136719,-25.5,0.0,-511.0,0.0,-2.0
947106.205,2868.0,2023.0,-2023.0,-485.5199890136719,-25.5,0.0,-511.0,0.0,-2.0
947117.201,2868.0,2023.0,-2023.0,-485.5199890136719,-25.5,0.0,-511.0,0.0,-2.0
947127.202,2868.0,2023.0,-2023.0,-485.5199890136719,-25.5,0.0,-511.0,0.0,-2.0
947138.201,2868.0,2023.0,-2023.0,-485.5199890136719,-25.5,0.0,-511.0,0.0,-2.0
947149.204,2868.0,2023.0,-2023.0,-485.5199890136719,-25.5,0.0,-511.0,0.0,-2.0
947160.205,2868.0,2023.0,-2023.0,-485.5199890136719,-25.5,0.0,-511.0,0.0,-2.0
947170.206,2868.0,2023.0,-2023.0,-485.5199890136719,-25.5,0.0,-511.0,0.0,-2.0
947181.205,2868.0,2023.0,-2023.0,-485.5199890136719,-25.5,0.0,-511.0,0.0,-2.0
947192.201,2868.0,2023.0,-2023.0,-485.5199890136719,-25.5,0.0,-511.0,0.0,-2.0
947202.201,2868.0,2023.0,-2023.0,-485.5199890136719,-25.5,0.0,-511.0,0.0,-2.0
947213.201,2868.0,2023.0,-2023.0,-485.5199890136719,-25.5,0.0,-511.0,0.0,-2.0
947224.205,2868.0,2023.0,-2023.0,-485.5199890136719,-25.5,0.0,-511.0,0.0,-2.0
947234.205,2868.0,2023.0,-2023.0,-485.5199890136719,-25.5,0.0,-511.0,0.0,-2.0
947244.501,2868.0,2023.0,-2023.0,-485.5199890136719,-25.5,0.0,-511.0,0.0,-2.0
947254.501,2868.0,2023.0,-2023.0,-485.5199890136719,-25.5,0.0,-511.0,0.0,-2.0
947264.502,2868.0,2023.0,-2023.0,-485.5199890136719,-25.5,0.0,-511.0,0.0,-2.0
947274.502,2868.0,2023.0,-2023.0,-485.5199890136719,-25.5,0.0,-511.0,0.0,-2.0
947284.502,2868.0,2023.0,-2023.0,-485.5199890136719,-25.5,0.0,-511.0,0.0,-2.0
947295.201,2868.0,2023.0,-2023.0,-485.5199890136719,-25.5,0.0,-511.0,0.0,-2.0
947306.205,2868.0,2023.0,-2023.0,-485.5199890136719,-25.5,0.0,-511.0,0.0,-2.0
947317.201,2868.0,2023.0,-2023.0,-485.5199890136719,-25.5,0.0,-511.0,0.0,-2.0
947328.205,2868.0,2023.0,-2023.0,-485.5199890136719,-25.5,0.0,-511.0,0.0,-2.0
947339.205,2868.0,2023.0,-2023.0,-485.5199890136719,-25.5,0.0,-511.0,0.0,-2.0
947350.201,2868.0,2023.0,-2023.0,-485.5199890136719,-25.5,0.0,-511.0,0.0,-2.0
947361.205,2868.0,2023.0,-2023.0,-485.5199890136719,-25.5,0.0,-511.0,0.0,-2.0
947371.205,2868.0,2023.0,-2023.0,-485.5199890136719,-25.5,0.0,-511.0,0.0,-2.0
947382.201,2868.0,2023.0,-2023.0,-485.5199890136719,-25.5,0.0,-511.0,0.0,-2.0
947392.202,2868.0,2023.0,-2023.0,-485.5199890136719,-25.5,0.0,-511.0,0.0,-2.0
947403.204,2868.0,2023.0,-2023.0,-485.5199890136719,-25.5,0.0,-511.0,0.0,-2.0
947413.428,2868.0,2023.0,-2023.0,-485.5199890136719,-25.5,0.0,-511.0,0.0,-2.0
947423.428,2868.0,2023.0,-2023.0,-485.5199890136719,-25.5,0.0,-511.0,0.0,-2.0
947434.205,2868.0,2023.0,-2023.0,-485.5199890136719,-25.5,0.0,-511.0,0.0,-2.0
947445.201,2868.0,2023.0,-2023.0,-485.5199890136719,-25.5,0.0,-511.0,0.0,-2.0
947455.202,2868.0,2023.0,-2023.0,-485.5199890136719,-25.5,0.0,-511.0,0.0,-2.0
947466.201,2868.0,2023.0,-2023.0,-485.5199890136719,-25.5,0.0,-511.0,0.0,-2.0
947476.201,2868.0,2023.0,-2023.0,-485.5199890136719,-25.5,0.0,-511.0,0.0,-2.0
947486.202,2868.0,2023.0,-2023.0,-485.5199890136719,-25.5,0.0,-511.0,0.0,-2.0
947496.202,2868.0,2023.0,-2023.0,-485.5199890136719,-25.5,0.0,-511.0,0.0,-2.0
947506.203,2868.0,2023.0,-2023.0,-485.5199890136719,-25.5,0.0,-511.0,0.0,-2.0
947516.204,2868.0,2023.0,-2023.0,-485.5199890136719,-25.5,0.0,-511.0,0.0,-2.0
947527.473,2868.0,2023.0,-2023.0,-485.5199890136719,-25.5,0.0,-511.0,0.0,-2.0
947538.201,2868.0,2023.0,-2023.0,-485.5199890136719,-25.5,0.0,-511.0,0.0,-2.0
947549.04,2868.0,2023.0,-2023.0,-485.5199890136719,-25.5,0.0,-511.0,0.0,-2.0
947559.205,2868.0,2023.0,-2023.0,-485.5199890136719,-25.5,0.0,-511.0,0.0,-2.0
947569.206,2868.0,2023.0,-2023.0,-485.5199890136719,-25.5,0.0,-511.0,0.0,-2.0
947580.201,2868.0,2023.0,-2023.0,-485.5199890136719,-25.5,0.0,-511.0,0.0,-2.0
947590.202,2868.0,2023.0,-2023.0,-485.5199890136719,-25.5,0.0,-511.0,0.0,-2.0
947601.2,2868.0,2023.0,-2023.0,-485.5199890136719,-25.5,0.0,-511.0,0.0,-2.0
947611.2,2868.0,2023.0,-2023.0,-485.5199890136719,-25.5,0.0,-511.0,0.0,-2.0
947622.201,2868.0,2023.0,-2023.0,-485.5199890136719,-25.5,0.0,-511.0,0.0,-2.0
947633.204,2868.0,2023.0,-2023.0,-485.5199890136719,-25.5,0.0,-511.0,0.0,-2.0
947643.205,2868.0,2023.0,-2023.0,-485.5199890136719,-25.5,0.0,-511.0,0.0,-2.0
947654.2,2868.0,2023.0,-2023.0,-485.5199890136719,-25.5,0.0,-511.0,0.0,-2.0
947664.201,2868.0,2023.0,-2023.0,-485.5199890136719,-25.5,0.0,-511.0,0.0,-2.0
947675.204,2868.0,2023.0,-2023.0,-485.5199890136719,-25.5,0.0,-511.0,0.0,-2.0
947685.204,2868.0,2023.0,-2023.0,-485.5199890136719,-25.5,0.0,-511.0,0.0,-2.0
947695.205,2868.0,2023.0,-2023.0,-485.5199890136719,-25.5,0.0,-511.0,0.0,-2.0
947705.218,2868.0,2023.0,-2023.0,-485.5199890136719,-25.5,0.0,-511.0,0.0,-2.0
947715.218,2868.0,2023.0,-2023.0,-485.5199890136719,-25.5,0.0,-511.0,0.0,-2.0
947726.205,2868.0,2023.0,-2023.0,-485.5199890136719,-25.5,0.0,-511.0,0.0,-2.0
947737.205,2868.0,2023.0,-2023.0,-485.5199890136719,-25.5,0.0,-511.0,0.0,-2.0
947748.201,2868.0,2023.0,-2023.0,-485.5199890136719,-25.5,0.0,-511.0,0.0,-2.0
947759.205,2868.0,2023.0,-2023.0,-485.5199890136719,-25.5,0.0,-511.0,0.0,-2.0
947770.205,2868.0,2023.0,-2023.0,-485.5199890136719,-25.5,0.0,-511.0,0.0,-2.0
947781.201,2868.0,2023.0,-2023.0,-485.5199890136719,-25.5,0.0,-511.0,0.0,-2.0
947792.205,2868.0,2023.0,-2023.0,-485.5199890136719,-25.5,0.0,-511.0,0.0,-2.0
947802.206,2868.0,2023.0,-2023.0,-485.5199890136719,-25.5,0.0,-511.0,0.0,-2.0
947813.205,2868.0,2023.0,-2023.0,-485.5199890136719,-25.5,0.0,-511.0,0.0,-2.0
947824.2,2868.0,2023.0,-2023.0,-485.5199890136719,-25.5,0.0,-511.0,0.0,-2.0
947835.205,2868.0,2023.0,-2023.0,-485.5199890136719,-25.5,0.0,-511.0,0.0,-2.0
947845.206,2868.0,2023.0,-2023.0,-485.5199890136719,-25.5,0.0,-511.0,0.0,-2.0
947856.204,2868.0,2023.0,-2023.0,-485.5199890136719,-25.5,0.0,-511.0,0.0,-2.0
947867.201,2868.0,2023.0,-2023.0,-485.5199890136719,-25.5,0.0,-511.0,0.0,-2.0
947877.201,2868.0,2023.0,-2023.0,-485.5199890136719,-25.5,0.0,-511.0,0.0,-2.0
947888.2,2868.0,2023.0,-2023.0,-485.5199890136719,-25.5,0.0,-511.0,0.0,-2.0
947899.205,2868.0,2023.0,-2023.0,-485.5199890136719,-25.5,0.0,-511.0,0.0,-2.0
947910.2,2868.0,2023.0,-2023.0,-485.5199890136719,-25.5,0.0,-511.0,0.0,-2.0
947921.205,2868.0,2023.0,-2023.0,-485.5199890136719,-25.5,0.0,-511.0,0.0,-2.0
947932.208,2868.0,2023.0,-2023.0,-485.5199890136719,-25.5,0.0,-511.0,0.0,-2.0
947943.201,2868.0,2023.0,-2023.0,-485.5199890136719,-25.5,0.0,-511.0,0.0,-2.0
947953.735,2868.0,2023.0,-2023.0,-485.5199890136719,-25.5,0.0,-511.0,0.0,-2.0
947963.736,2868.0,2023.0,-2023.0,-485.5199890136719,-25.5,0.0,-511.0,0.0,-2.0
947973.736,2868.0,2023.0,-2023.0,-485.5199890136719,-25.5,0.0,-511.0,0.0,-2.0
947984.205,2868.0,2023.0,-2023.0,-485.5199890136719,-25.5,0.0,-511.0,0.0,-2.0
947995.201,2868.0,2023.0,-2023.0,-485.5199890136719,-25.5,0.0,-511.0,0.0,-2.0
948005.202,2868.0,2023.0,-2023.0,-485.5199890136719,-25.5,0.0,-511.0,0.0,-2.0
948016.201,2868.0,2023.0,-2023.0,-485.5199890136719,-25.5,0.0,-511.0,0.0,-2.0
948027.205,2868.0,2023.0,-2023.0,-485.5199890136719,-25.5,0.0,-511.0,0.0,-2.0
948038.201,2868.0,2023.0,-2023.0,-485.5199890136719,-25.5,0.0,-511.0,0.0,-2.0
948049.205,2868.0,2023.0,-2023.0,-485.5199890136719,-25.5,0.0,-511.0,0.0,-2.0
948060.201,2868.0,2023.0,-2023.0,-485.5199890136719,-25.5,0.0,-511.0,0.0,-2.0
948071.214,2868.0,2023.0,-2023.0,-485.5199890136719,-25.5,0.0,-511.0,0.0,-2.0
948081.215,2868.0,2023.0,-2023.0,-485.5199890136719,-25.5,0.0,-511.0,0.0,-2.0
948091.216,2868.0,2023.0,-2023.0,-485.5199890136719,-25.5,0.0,-511.0,0.0,-2.0
948101.217,2868.0,2023.0,-2023.0,-485.5199890136719,-25.5,0.0,-511.0,0.0,-2.0
948112.2,2868.0,2023.0,-2023.0,-485.5199890136719,-25.5,0.0,-511.0,0.0,-2.0
948122.201,2868.0,2023.0,-2023.0,-485.5199890136719,-25.5,0.0,-511.0,0.0,-2.0
948132.35,2868.0,2023.0,-2023.0,-485.5199890136719,-25.5,0.0,-511.0,0.0,-2.0
948143.205,2868.0,2023.0,-2023.0,-485.5199890136719,-25.5,0.0,-511.0,0.0,-2.0
948154.201,2868.0,2023.0,-2023.0,-485.5199890136719,-25.5,0.0,-511.0,0.0,-2.0
948165.201,2868.0,2023.0,-2023.0,-485.5199890136719,-25.5,0.0,-511.0,0.0,-2.0
948175.202,2868.0,2023.0,-2023.0,-485.5199890136719,-25.5,0.0,-511.0,0.0,-2.0
948186.204,2868.0,2023.0,-2023.0,-485.5199890136719,-25.5,0.0,-511.0,0.0,-2.0
948197.201,2868.0,2023.0,-2023.0,-485.5199890136719,-25.5,0.0,-511.0,0.0,-2.0
948208.205,2868.0,2023.0,-2023.0,-485.5199890136719,-25.5,0.0,-511.0,0.0,-2.0
948218.205,2868.0,2023.0,-2023.0,-485.5199890136719,-25.5,0.0,-511.0,0.0,-2.0
948229.204,2868.0,2023.0,-2023.0,-485.5199890136719,-25.5,0.0,-511.0,0.0,-2.0
948240.201,2868.0,2023.0,-2023.0,-485.5199890136719,-25.5,0.0,-511.0,0.0,-2.0
948251.205,2868.0,2023.0,-2023.0,-485.5199890136719,-25.5,0.0,-511.0,0.0,-2.0
948261.206,2868.0,2023.0,-2023.0,-485.5199890136719,-25.5,0.0,-511.0,0.0,-2.0
948272.201,2868.0,2023.0,-2023.0,-485.5199890136719,-25.5,0.0,-511.0,0.0,-2.0
948282.201,2868.0,2023.0,-2023.0,-485.5199890136719,-25.5,0.0,-511.0,0.0,-2.0
948293.2,2868.0,2023.0,-2023.0,-485.5199890136719,-25.5,0.0,-511.0,0.0,-2.0
948304.205,2868.0,2023.0,-2023.0,-485.5199890136719,-25.5,0.0,-511.0,0.0,-2.0
948314.606,2868.0,2023.0,-2023.0,-485.5199890136719,-25.5,0.0,-511.0,0.0,-2.0
948324.915,2868.0,2023.0,-2023.0,-485.5199890136719,-25.5,0.0,-511.0,0.0,-2.0
948335.204,2868.0,2023.0,-2023.0,-485.5199890136719,-25.5,0.0,-511.0,0.0,-2.0
948345.991,2868.0,2023.0,-2023.0,-485.5199890136719,-25.5,0.0,-511.0,0.0,-2.0
948355.992,2868.0,2023.0,-2023.0,-485.5199890136719,-25.5,0.0,-511.0,0.0,-2.0
948365.993,2868.0,2023.0,-2023.0,-485.5199890136719,-25.5,0.0,-511.0,0.0,-2.0
948376.201,2868.0,2023.0,-2023.0,-485.5199890136719,-25.5,0.0,-511.0,0.0,-2.0
948387.205,2868.0,2023.0,-2023.0,-485.5199890136719,-25.5,0.0,-511.0,0.0,-2.0
948397.206,2868.0,2023.0,-2023.0,-485.5199890136719,-25.5,0.0,-511.0,0.0,-2.0
948408.205,2868.0,2023.0,-2023.0,-485.5199890136719,-25.5,0.0,-511.0,0.0,-2.0
948419.201,2868.0,2023.0,-2023.0,-485.5199890136719,-25.5,0.0,-511.0,0.0,-2.0
948430.205,2868.0,2023.0,-2023.0,-485.5199890136719,-25.5,0.0,-511.0,0.0,-2.0
948441.204,2868.0,2023.0,-2023.0,-485.5199890136719,-25.5,0.0,-511.0,0.0,-2.0
948452.201,2868.0,2023.0,-2023.0,-485.5199890136719,-25.5,0.0,-511.0,0.0,-2.0
948462.202,2868.0,2023.0,-2023.0,-485.5199890136719,-25.5,0.0,-511.0,0.0,-2.0
948473.201,2868.0,2023.0,-2023.0,-485.5199890136719,-25.5,0.0,-511.0,0.0,-2.0
948484.205,2868.0,2023.0,-2023.0,-485.5199890136719,-25.5,0.0,-511.0,0.0,-2.0
948494.206,2868.0,2023.0,-2023.0,-485.5199890136719,-25.5,0.0,-511.0,0.0,-2.0
948505.204,2868.0,2023.0,-2023.0,-485.5199890136719,-25.5,0.0,-511.0,0.0,-2.0
948515.682,2868.0,2023.0,-2023.0,-485.5199890136719,-25.5,0.0,-511.0,0.0,-2.0
948526.205,2868.0,2023.0,-2023.0,-485.5199890136719,-25.5,0.0,-511.0,0.0,-2.0
948536.205,2868.0,2023.0,-2023.0,-485.5199890136719,-25.5,0.0,-511.0,0.0,-2.0
948547.173,2868.0,2023.0,-2023.0,-485.5199890136719,-25.5,0.0,-511.0,0.0,-2.0
948557.174,2868.0,2023.0,-2023.0,-485.5199890136719,-25.5,0.0,-511.0,0.0,-2.0
948568.201,2868.0,2023.0,-2023.0,-485.5199890136719,-25.5,0.0,-511.0,0.0,-2.0
948578.202,2868.0,2023.0,-2023.0,-485.5199890136719,-25.5,0.0,-511.0,0.0,-2.0
948589.2,2868.0,2023.0,-2023.0,-485.5199890136719,-25.5,0.0,-511.0,0.0,-2.0
948600.204,2868.0,2023.0,-2023.0,-485.5199890136719,-25.5,0.0,-511.0,0.0,-2.0
948611.2,2868.0,2023.0,-2023.0,-485.5199890136719,-25.5,0.0,-511.0,0.0,-2.0
948621.2,2868.0,2023.0,-2023.0,-485.5199890136719,-25.5,0.0,-511.0,0.0,-2.0
948632.2,2868.0,2023.0,-2023.0,-485.5199890136719,-25.5,0.0,-511.0,0.0,-2.0
948642.2,2868.0,2023.0,-2023.0,-485.5199890136719,-25.5,0.0,-511.0,0.0,-2.0
948653.204,2868.0,2023.0,-2023.0,-485.5199890136719,-25.5,0.0,-511.0,0.0,-2.0
948664.201,2868.0,2023.0,-2023.0,-485.5199890136719,-25.5,0.0,-511.0,0.0,-2.0
948675.22,2868.0,2023.0,-2023.0,-485.5199890136719,-25.5,0.0,-511.0,0.0,-2.0
948685.221,2868.0,2023.0,-2023.0,-485.5199890136719,-25.5,0.0,-511.0,0.0,-2.0
948695.222,2868.0,2023.0,-2023.0,-485.5199890136719,-25.5,0.0,-511.0,0.0,-2.0
948706.205,2868.0,2023.0,-2023.0,-485.5199890136719,-25.5,0.0,-511.0,0.0,-2.0
948716.205,2868.0,2023.0,-2023.0,-485.5199890136719,-25.5,0.0,-511.0,0.0,-2.0
948727.173,2868.0,2023.0,-2023.0,-485.5199890136719,-25.5,0.0,-511.0,0.0,-2.0
948738.173,2868.0,2023.0,-2023.0,-485.5199890136719,-25.5,0.0,-511.0,0.0,-2.0
948749.205,2868.0,2023.0,-2023.0,-485.5199890136719,-25.5,0.0,-511.0,0.0,-2.0
948759.206,2868.0,2023.0,-2023.0,-485.5199890136719,-25.5,0.0,-511.0,0.0,-2.0
948769.206,2868.0,2023.0,-2023.0,-485.5199890136719,-25.5,0.0,-511.0,0.0,-2.0
948780.204,2868.0,2023.0,-2023.0,-485.5199890136719,-25.5,0.0,-511.0,0.0,-2.0
948790.205,2868.0,2023.0,-2023.0,-485.5199890136719,-25.5,0.0,-511.0,0.0,-2.0
948801.205,2868.0,2023.0,-2023.0,-485.5199890136719,-25.5,0.0,-511.0,0.0,-2.0
948812.201,2868.0,2023.0,-2023.0,-485.5199890136719,-25.5,0.0,-511.0,0.0,-2.0
948822.202,2868.0,2023.0,-2023.0,-485.5199890136719,-25.5,0.0,-511.0,0.0,-2.0
948833.2,2868.0,2023.0,-2023.0,-485.5199890136719,-25.5,0.0,-511.0,0.0,-2.0
948844.205,2868.0,2023.0,-2023.0,-485.5199890136719,-25.5,0.0,-511.0,0.0,-2.0
948855.201,2868.0,2023.0,-2023.0,-485.5199890136719,-25.5,0.0,-511.0,0.0,-2.0
948866.205,2868.0,2023.0,-2023.0,-485.5199890136719,-25.5,0.0,-511.0,0.0,-2.0
948876.206,2868.0,2023.0,-2023.0,-485.5199890136719,-25.5,0.0,-511.0,0.0,-2.0
948887.201,2868.0,2023.0,-2023.0,-485.5199890136719,-25.5,0.0,-511.0,0.0,-2.0
948897.202,2868.0,2023.0,-2023.0,-485.5199890136719,-25.5,0.0,-511.0,0.0,-2.0
948907.203,2868.0,2023.0,-2023.0,-485.5199890136719,-25.5,0.0,-511.0,0.0,-2.0
948917.203,2868.0,2023.0,-2023.0,-485.5199890136719,-25.5,0.0,-511.0,0.0,-2.0
948927.204,2868.0,2023.0,-2023.0,-485.5199890136719,-25.5,0.0,-511.0,0.0,-2.0
948938.205,2868.0,2023.0,-2023.0,-485.5199890136719,-25.5,0.0,-511.0,0.0,-2.0
948948.205,2868.0,2023.0,-2023.0,-485.5199890136719,-25.5,0.0,-511.0,0.0,-2.0
948958.205,2868.0,2023.0,-2023.0,-485.5199890136719,-25.5,0.0,-511.0,0.0,-2.0
948969.205,2868.0,2023.0,-2023.0,-485.5199890136719,-25.5,0.0,-511.0,0.0,-2.0
948980.201,2868.0,2023.0,-2023.0,-485.5199890136719,-25.5,0.0,-511.0,0.0,-2.0
948990.201,2868.0,2023.0,-2023.0,-485.5199890136719,-25.5,0.0,-511.0,0.0,-2.0
949000.202,2868.0,2023.0,-2023.0,-485.5199890136719,-25.5,0.0,-511.0,0.0,-2.0
949010.202,2868.0,2023.0,-2023.0,-485.5199890136719,-25.5,0.0,-511.0,0.0,-2.0
949020.202,2868.0,2023.0,-2023.0,-485.5199890136719,-25.5,0.0,-511.0,0.0,-2.0
949031.202,2868.0,2023.0,-2023.0,-485.5199890136719,-25.5,0.0,-511.0,0.0,-2.0
949042.205,2868.0,2023.0,-2023.0,-485.5199890136719,-25.5,0.0,-511.0,0.0,-2.0
949052.206,2868.0,2023.0,-2023.0,-485.5199890136719,-25.5,0.0,-511.0,0.0,-2.0
949062.207,2868.0,2023.0,-2023.0,-485.5199890136719,-25.5,0.0,-511.0,0.0,-2.0
949072.208,2868.0,2023.0,-2023.0,-485.5199890136719,-25.5,0.0,-511.0,0.0,-2.0
949083.205,2868.0,2023.0,-2023.0,-485.5199890136719,-25.5,0.0,-511.0,0.0,-2.0
949094.366,2868.0,2023.0,-2023.0,-485.5199890136719,-25.5,0.0,-511.0,0.0,-2.0
949105.201,2868.0,2023.0,-2023.0,-485.5199890136719,-25.5,0.0,-511.0,0.0,-2.0
949115.239,2868.0,2023.0,-2023.0,-485.5199890136719,-25.5,0.0,-511.0,0.0,-2.0
949125.244,2868.0,2023.0,-2023.0,-485.5199890136719,-25.5,0.0,-511.0,0.0,-2.0
949136.2,2868.0,2023.0,-2023.0,-485.5199890136719,-25.5,0.0,-511.0,0.0,-2.0
949146.2,2868.0,2023.0,-2023.0,-485.5199890136719,-25.5,0.0,-511.0,0.0,-2.0
949156.2,2868.0,2023.0,-2023.0,-485.5199890136719,-25.5,0.0,-511.0,0.0,-2.0
949166.631,2868.0,2023.0,-2023.0,-485.5199890136719,-25.5,0.0,-511.0,0.0,-2.0
949176.632,2868.0,2023.0,-2023.0,-485.5199890136719,-25.5,0.0,-511.0,0.0,-2.0
949186.633,2868.0,2023.0,-2023.0,-485.5199890136719,-25.5,0.0,-511.0,0.0,-2.0
949197.201,2868.0,2023.0,-2023.0,-485.5199890136719,-25.5,0.0,-511.0,0.0,-2.0
949208.205,2868.0,2023.0,-2023.0,-485.5199890136719,-25.5,0.0,-511.0,0.0,-2.0
949219.201,2868.0,2023.0,-2023.0,-485.5199890136719,-25.5,0.0,-511.0,0.0,-2.0
949230.204,2868.0,2023.0,-2023.0,-485.5199890136719,-25.5,0.0,-511.0,0.0,-2.0
949240.204,2868.0,2023.0,-2023.0,-485.5199890136719,-25.5,0.0,-511.0,0.0,-2.0
949250.204,2868.0,2023.0,-2023.0,-485.5199890136719,-25.5,0.0,-511.0,0.0,-2.0
949260.205,2868.0,2023.0,-2023.0,-485.5199890136719,-25.5,0.0,-511.0,0.0,-2.0
949270.205,2868.0,2023.0,-2023.0,-485.5199890136719,-25.5,0.0,-511.0,0.0,-2.0
949281.201,2868.0,2023.0,-2023.0,-485.5199890136719,-25.5,0.0,-511.0,0.0,-2.0
949291.201,2868.0,2023.0,-2023.0,-485.5199890136719,-25.5,0.0,-511.0,0.0,-2.0
949302.209,2868.0,2023.0,-2023.0,-485.5199890136719,-25.5,0.0,-511.0,0.0,-2.0
949312.21,2868.0,2023.0,-2023.0,-485.5199890136719,-25.5,0.0,-511.0,0.0,-2.0
949323.173,2868.0,2023.0,-2023.0,-485.5199890136719,-25.5,0.0,-511.0,0.0,-2.0
949333.173,2868.0,2023.0,-2023.0,-485.5199890136719,-25.5,0.0,-511.0,0.0,-2.0
949344.2,2868.0,2023.0,-2023.0,-485.5199890136719,-25.5,0.0,-511.0,0.0,-2.0
949354.201,2868.0,2023.0,-2023.0,-485.5199890136719,-25.5,0.0,-511.0,0.0,-2.0
949364.202,2868.0,2023.0,-2023.0,-485.5199890136719,-25.5,0.0,-511.0,0.0,-2.0
949375.205,2868.0,2023.0,-2023.0,-485.5199890136719,-25.5,0.0,-511.0,0.0,-2.0
949386.201,2868.0,2023.0,-2023.0,-485.5199890136719,-25.5,0.0,-511.0,0.0,-2.0
949396.202,2868.0,2023.0,-2023.0,-485.5199890136719,-25.5,0.0,-511.0,0.0,-2.0
949407.205,2868.0,2023.0,-2023.0,-485.5199890136719,-25.5,0.0,-511.0,0.0,-2.0
949417.206,2868.0,2023.0,-2023.0,-485.5199890136719,-25.5,0.0,-511.0,0.0,-2.0
949428.205,2868.0,2023.0,-2023.0,-485.5199890136719,-25.5,0.0,-511.0,0.0,-2.0
949439.201,2868.0,2023.0,-2023.0,-485.5199890136719,-25.5,0.0,-511.0,0.0,-2.0
949450.205,2868.0,2023.0,-2023.0,-485.5199890136719,-25.5,0.0,-511.0,0.0,-2.0
949460.206,2868.0,2023.0,-2023.0,-485.5199890136719,-25.5,0.0,-511.0,0.0,-2.0
949470.207,2868.0,2023.0,-2023.0,-485.5199890136719,-25.5,0.0,-511.0,0.0,-2.0
949480.208,2868.0,2023.0,-2023.0,-485.5199890136719,-25.5,0.0,-511.0,0.0,-2.0
949491.204,2868.0,2023.0,-2023.0,-485.5199890136719,-25.5,0.0,-511.0,0.0,-2.0
949501.205,2868.0,2023.0,-2023.0,-485.5199890136719,-25.5,0.0,-511.0,0.0,-2.0
949512.205,2868.0,2023.0,-2023.0,-485.5199890136719,-25.5,0.0,-511.0,0.0,-2.0
949522.206,2868.0,2023.0,-2023.0,-485.5199890136719,-25.5,0.0,-511.0,0.0,-2.0
949532.207,2868.0,2023.0,-2023.0,-485.5199890136719,-25.5,0.0,-511.0,0.0,-2.0
949542.208,2868.0,2023.0,-2023.0,-485.5199890136719,-25.5,0.0,-511.0,0.0,-2.0
949553.205,2868.0,2023.0,-2023.0,-485.5199890136719,-25.5,0.0,-511.0,0.0,-2.0
949564.201,2868.0,2023.0,-2023.0,-485.5199890136719,-25.5,0.0,-511.0,0.0,-2.0
949574.202,2868.0,2023.0,-2023.0,-485.5199890136719,-25.5,0.0,-511.0,0.0,-2.0
949584.202,2868.0,2023.0,-2023.0,-485.5199890136719,-25.5,0.0,-511.0,0.0,-2.0
949594.203,2868.0,2023.0,-2023.0,-485.5199890136719,-25.5,0.0,-511.0,0.0,-2.0
949604.424,2868.0,2023.0,-2023.0,-485.5199890136719,-25.5,0.0,-511.0,0.0,-2.0
949614.425,2868.0,2023.0,-2023.0,-485.5199890136719,-25.5,0.0,-511.0,0.0,-2.0
949624.426,2868.0,2023.0,-2023.0,-485.5199890136719,-25.5,0.0,-511.0,0.0,-2.0
949635.201,2868.0,2023.0,-2023.0,-485.5199890136719,-25.5,0.0,-511.0,0.0,-2.0
949645.202,2868.0,2023.0,-2023.0,-485.5199890136719,-25.5,0.0,-511.0,0.0,-2.0
949656.204,2868.0,2023.0,-2023.0,-485.5199890136719,-25.5,0.0,-511.0,0.0,-2.0
949667.201,2868.0,2023.0,-2023.0,-485.5199890136719,-25.5,0.0,-511.0,0.0,-2.0
949677.201,2868.0,2023.0,-2023.0,-485.5199890136719,-25.5,0.0,-511.0,0.0,-2.0
949687.202,2868.0,2023.0,-2023.0,-485.5199890136719,-25.5,0.0,-511.0,0.0,-2.0
949697.202,2868.0,2023.0,-2023.0,-485.5199890136719,-25.5,0.0,-511.0,0.0,-2.0
949708.201,2868.0,2023.0,-2023.0,-485.5199890136719,-25.5,0.0,-511.0,0.0,-2.0
949718.201,2868.0,2023.0,-2023.0,-485.5199890136719,-25.5,0.0,-511.0,0.0,-2.0
949728.201,2868.0,2023.0,-2023.0,-485.5199890136719,-25.5,0.0,-511.0,0.0,-2.0
949739.205,2868.0,2023.0,-2023.0,-485.5199890136719,-25.5,0.0,-511.0,0.0,-2.0
949750.201,2868.0,2023.0,-2023.0,-485.5199890136719,-25.5,0.0,-511.0,0.0,-2.0
949761.157,2868.0,2023.0,-2023.0,-485.5199890136719,-25.5,0.0,-511.0,0.0,-2.0
949771.157,2868.0,2023.0,-2023.0,-485.5199890136719,-25.5,0.0,-511.0,0.0,-2.0
949781.158,2868.0,2023.0,-2023.0,-485.5199890136719,-25.5,0.0,-511.0,0.0,-2.0
949792.204,2868.0,2023.0,-2023.0,-485.5199890136719,-25.5,0.0,-511.0,0.0,-2.0
949803.2,2868.0,2023.0,-2023.0,-485.5199890136719,-25.5,0.0,-511.0,0.0,-2.0
949814.205,2868.0,2023.0,-2023.0,-485.5199890136719,-25.5,0.0,-511.0,0.0,-2.0
949825.205,2868.0,2023.0,-2023.0,-485.5199890136719,-25.5,0.0,-511.0,0.0,-2.0
949835.206,2868.0,2023.0,-2023.0,-485.5199890136719,-25.5,0.0,-511.0,0.0,-2.0
949846.205,2868.0,2023.0,-2023.0,-485.5199890136719,-25.5,0.0,-511.0,0.0,-2.0
949857.201,2868.0,2023.0,-2023.0,-485.5199890136719,-25.5,0.0,-511.0,0.0,-2.0
949868.209,2868.0,2023.0,-2023.0,-485.5199890136719,-25.5,0.0,-511.0,0.0,-2.0
949879.201,2868.0,2023.0,-2023.0,-485.5199890136719,-25.5,0.0,-511.0,0.0,-2.0
949889.201,2868.0,2023.0,-2023.0,-485.5199890136719,-25.5,0.0,-511.0,0.0,-2.0
949900.201,2868.0,2023.0,-2023.0,-485.5199890136719,-25.5,0.0,-511.0,0.0,-2.0
949911.205,2868.0,2023.0,-2023.0,-485.5199890136719,-25.5,0.0,-511.0,0.0,-2.0
949921.206,2868.0,2023.0,-2023.0,-485.5199890136719,-25.5,0.0,-511.0,0.0,-2.0
949931.206,2868.0,2023.0,-2023.0,-485.5199890136719,-25.5,0.0,-511.0,0.0,-2.0
949941.207,2868.0,2023.0,-2023.0,-485.5199890136719,-25.5,0.0,-511.0,0.0,-2.0
949952.201,2868.0,2023.0,-2023.0,-485.5199890136719,-25.5,0.0,-511.0,0.0,-2.0
949963.173,2868.0,2023.0,-2023.0,-485.5199890136719,-25.5,0.0,-511.0,0.0,-2.0
949973.173,2868.0,2023.0,-2023.0,-485.5199890136719,-25.5,0.0,-511.0,0.0,-2.0
949984.205,2868.0,2023.0,-2023.0,-485.5199890136719,-25.5,0.0,-511.0,0.0,-2.0
949994.206,2868.0,2023.0,-2023.0,-485.5199890136719,-25.5,0.0,-511.0,0.0,-2.0
950005.201,2868.0,2023.0,-2023.0,-485.5199890136719,-25.5,0.0,-511.0,0.0,-2.0
950016.205,2868.0,2023.0,-2023.0,-485.5199890136719,-25.5,0.0,-511.0,0.0,-2.0
950027.201,2868.0,2023.0,-2023.0,-485.5199890136719,-25.5,0.0,-511.0,0.0,-2.0
950038.205,2868.0,2023.0,-2023.0,-485.5199890136719,-25.5,0.0,-511.0,0.0,-2.0
950049.2,2868.0,2023.0,-2023.0,-485.5199890136719,-25.5,0.0,-511.0,0.0,-2.0
950059.201,2868.0,2023.0,-2023.0,-485.5199890136719,-25.5,0.0,-511.0,0.0,-2.0
950070.201,2868.0,2023.0,-2023.0,-485.5199890136719,-25.5,0.0,-511.0,0.0,-2.0
950081.205,2868.0,2023.0,-2023.0,-485.5199890136719,-25.5,0.0,-511.0,0.0,-2.0
950092.205,2868.0,2023.0,-2023.0,-485.5199890136719,-25.5,0.0,-511.0,0.0,-2.0
950103.213,2868.0,2023.0,-2023.0,-485.5199890136719,-25.5,0.0,-511.0,0.0,-2.0
950114.205,2868.0,2023.0,-2023.0,-485.5199890136719,-25.5,0.0,-511.0,0.0,-2.0
950125.205,2868.0,2023.0,-2023.0,-485.5199890136719,-25.5,0.0,-511.0,0.0,-2.0
950136.2,2868.0,2023.0,-2023.0,-485.5199890136719,-25.5,0.0,-511.0,0.0,-2.0
950147.205,2868.0,2023.0,-2023.0,-485.5199890136719,-25.5,0.0,-511.0,0.0,-2.0
950157.205,2868.0,2023.0,-2023.0,-485.5199890136719,-25.5,0.0,-511.0,0.0,-2.0
950167.205,2868.0,2023.0,-2023.0,-485.5199890136719,-25.5,0.0,-511.0,0.0,-2.0
950177.594,2868.0,2023.0,-2023.0,-485.5199890136719,-25.5,0.0,-511.0,0.0,-2.0
950188.204,2868.0,2023.0,-2023.0,-485.5199890136719,-25.5,0.0,-511.0,0.0,-2.0
950199.157,2868.0,2023.0,-2023.0,-485.5199890136719,-25.5,0.0,-511.0,0.0,-2.0
950209.157,2868.0,2023.0,-2023.0,-485.5199890136719,-25.5,0.0,-511.0,0.0,-2.0
950220.205,2868.0,2023.0,-2023.0,-485.5199890136719,-25.5,0.0,-511.0,0.0,-2.0
950231.201,2868.0,2023.0,-2023.0,-485.5199890136719,-25.5,0.0,-511.0,0.0,-2.0
950241.201,2868.0,2023.0,-2023.0,-485.5199890136719,-25.5,0.0,-511.0,0.0,-2.0
950252.201,2868.0,2023.0,-2023.0,-485.5199890136719,-25.5,0.0,-511.0,0.0,-2.0
950263.205,2868.0,2023.0,-2023.0,-485.5199890136719,-25.5,0.0,-511.0,0.0,-2.0
950274.201,2868.0,2023.0,-2023.0,-485.5199890136719,-25.5,0.0,-511.0,0.0,-2.0
950284.202,2868.0,2023.0,-2023.0,-485.5199890136719,-25.5,0.0,-511.0,0.0,-2.0
950295.484,2868.0,2023.0,-2023.0,-485.5199890136719,-25.5,0.0,-511.0,0.0,-2.0
950306.201,2868.0,2023.0,-2023.0,-485.5199890136719,-25.5,0.0,-511.0,0.0,-2.0
950316.202,2868.0,2023.0,-2023.0,-485.5199890136719,-25.5,0.0,-511.0,0.0,-2.0
950327.205,2868.0,2023.0,-2023.0,-485.5199890136719,-25.5,0.0,-511.0,0.0,-2.0
950338.201,2868.0,2023.0,-2023.0,-485.5199890136719,-25.5,0.0,-511.0,0.0,-2.0
950349.205,2868.0,2023.0,-2023.0,-485.5199890136719,-25.5,0.0,-511.0,0.0,-2.0
950360.205,2868.0,2023.0,-2023.0,-485.5199890136719,-25.5,0.0,-511.0,0.0,-2.0
950371.201,2868.0,2023.0,-2023.0,-485.5199890136719,-25.5,0.0,-511.0,0.0,-2.0
950381.201,2868.0,2023.0,-2023.0,-485.5199890136719,-25.5,0.0,-511.0,0.0,-2.0
950392.201,2868.0,2023.0,-2023.0,-485.5199890136719,-25.5,0.0,-511.0,0.0,-2.0
950402.202,2868.0,2023.0,-2023.0,-485.5199890136719,-25.5,0.0,-511.0,0.0,-2.0
950412.203,2868.0,2023.0,-2023.0,-485.5199890136719,-25.5,0.0,-511.0,0.0,-2.0
950423.204,2868.0,2023.0,-2023.0,-485.5199890136719,-25.5,0.0,-511.0,0.0,-2.0
950434.2,2868.0,2023.0,-2023.0,-485.5199890136719,-25.5,0.0,-511.0,0.0,-2.0
950445.205,2868.0,2023.0,-2023.0,-485.5199890136719,-25.5,0.0,-511.0,0.0,-2.0
950455.205,2868.0,2023.0,-2023.0,-485.5199890136719,-25.5,0.0,-511.0,0.0,-2.0
950465.205,2868.0,2023.0,-2023.0,-485.5199890136719,-25.5,0.0,-511.0,0.0,-2.0
950476.205,2868.0,2023.0,-2023.0,-485.5199890136719,-25.5,0.0,-511.0,0.0,-2.0
950487.2,2868.0,2023.0,-2023.0,-485.5199890136719,-25.5,0.0,-511.0,0.0,-2.0
950498.209,2868.0,2023.0,-2023.0,-485.5199890136719,-25.5,0.0,-511.0,0.0,-2.0
950508.21,2868.0,2023.0,-2023.0,-485.5199890136719,-25.5,0.0,-511.0,0.0,-2.0
950519.205,2868.0,2023.0,-2023.0,-485.5199890136719,-25.5,0.0,-511.0,0.0,-2.0
950530.2,2868.0,2023.0,-2023.0,-485.5199890136719,-25.5,0.0,-511.0,0.0,-2.0
950540.201,2868.0,2023.0,-2023.0,-485.5199890136719,-25.5,0.0,-511.0,0.0,-2.0
950551.201,2868.0,2023.0,-2023.0,-485.5199890136719,-25.5,0.0,-511.0,0.0,-2.0
950562.205,2868.0,2023.0,-2023.0,-485.5199890136719,-25.5,0.0,-511.0,0.0,-2.0
950572.206,2868.0,2023.0,-2023.0,-485.5199890136719,-25.5,0.0,-511.0,0.0,-2.0
950582.207,2868.0,2023.0,-2023.0,-485.5199890136719,-25.5,0.0,-511.0,0.0,-2.0
950593.204,2868.0,2023.0,-2023.0,-485.5199890136719,-25.5,0.0,-511.0,0.0,-2.0
950603.204,2868.0,2023.0,-2023.0,-485.5199890136719,-25.5,0.0,-511.0,0.0,-2.0
950613.205,2868.0,2023.0,-2023.0,-485.5199890136719,-25.5,0.0,-511.0,0.0,-2.0
950623.206,2868.0,2023.0,-2023.0,-485.5199890136719,-25.5,0.0,-511.0,0.0,-2.0
950634.201,2868.0,2023.0,-2023.0,-485.5199890136719,-25.5,0.0,-511.0,0.0,-2.0
950644.201,2868.0,2023.0,-2023.0,-485.5199890136719,-25.5,0.0,-511.0,0.0,-2.0
950655.201,2868.0,2023.0,-2023.0,-485.5199890136719,-25.5,0.0,-511.0,0.0,-2.0
950666.205,2868.0,2023.0,-2023.0,-485.5199890136719,-25.5,0.0,-511.0,0.0,-2.0
950677.205,2868.0,2023.0,-2023.0,-485.5199890136719,-25.5,0.0,-511.0,0.0,-2.0
950688.201,2868.0,2023.0,-2023.0,-485.5199890136719,-25.5,0.0,-511.0,0.0,-2.0
950699.222,2868.0,2023.0,-2023.0,-485.5199890136719,-25.5,0.0,-511.0,0.0,-2.0
950709.223,2868.0,2023.0,-2023.0,-485.5199890136719,-25.5,0.0,-511.0,0.0,-2.0
950719.224,2868.0,2023.0,-2023.0,-485.5199890136719,-25.5,0.0,-511.0,0.0,-2.0
950729.224,2868.0,2023.0,-2023.0,-485.5199890136719,-25.5,0.0,-511.0,0.0,-2.0
950739.234,2868.0,2023.0,-2023.0,-485.5199890136719,-25.5,0.0,-511.0,0.0,-2.0
950749.234,2868.0,2023.0,-2023.0,-485.5199890136719,-25.5,0.0,-511.0,0.0,-2.0
950759.234,2868.0,2023.0,-2023.0,-485.5199890136719,-25.5,0.0,-511.0,0.0,-2.0
950770.201,2868.0,2023.0,-2023.0,-485.5199890136719,-25.5,0.0,-511.0,0.0,-2.0
950780.202,2868.0,2023.0,-2023.0,-485.5199890136719,-25.5,0.0,-511.0,0.0,-2.0
950791.2,2868.0,2023.0,-2023.0,-485.5199890136719,-25.5,0.0,-511.0,0.0,-2.0
950801.2,2868.0,2023.0,-2023.0,-485.5199890136719,-25.5,0.0,-511.0,0.0,-2.0
950812.201,2868.0,2023.0,-2023.0,-485.5199890136719,-25.5,0.0,-511.0,0.0,-2.0
950822.202,2868.0,2023.0,-2023.0,-485.5199890136719,-25.5,0.0,-511.0,0.0,-2.0
950832.202,2868.0,2023.0,-2023.0,-485.5199890136719,-25.5,0.0,-511.0,0.0,-2.0
950842.4,2868.0,2023.0,-2023.0,-485.5199890136719,-25.5,0.0,-511.0,0.0,-2.0
950853.205,2868.0,2023.0,-2023.0,-485.5199890136719,-25.5,0.0,-511.0,0.0,-2.0
950864.205,2868.0,2023.0,-2023.0,-485.5199890136719,-25.5,0.0,-511.0,0.0,-2.0
950874.206,2868.0,2023.0,-2023.0,-485.5199890136719,-25.5,0.0,-511.0,0.0,-2.0
950884.207,2868.0,2023.0,-2023.0,-485.5199890136719,-25.5,0.0,-511.0,0.0,-2.0
950895.205,2868.0,2023.0,-2023.0,-485.5199890136719,-25.5,0.0,-511.0,0.0,-2.0
950905.206,2868.0,2023.0,-2023.0,-485.5199890136719,-25.5,0.0,-511.0,0.0,-2.0
950915.206,2868.0,2023.0,-2023.0,-485.5199890136719,-25.5,0.0,-511.0,0.0,-2.0
950925.207,2868.0,2023.0,-2023.0,-485.5199890136719,-25.5,0.0,-511.0,0.0,-2.0
950936.2,2868.0,2023.0,-2023.0,-485.5199890136719,-25.5,0.0,-511.0,0.0,-2.0
950947.204,2868.0,2023.0,-2023.0,-485.5199890136719,-25.5,0.0,-511.0,0.0,-2.0
950958.201,2868.0,2023.0,-2023.0,-485.5199890136719,-25.5,0.0,-511.0,0.0,-2.0
950968.982,2868.0,2023.0,-2023.0,-485.5199890136719,-25.5,0.0,-511.0,0.0,-2.0
950979.2,2868.0,2023.0,-2023.0,-485.5199890136719,-25.5,0.0,-511.0,0.0,-2.0
950990.205,2868.0,2023.0,-2023.0,-485.5199890136719,-25.5,0.0,-511.0,0.0,-2.0
951001.215,2868.0,2023.0,-2023.0,-485.5199890136719,-25.5,0.0,-511.0,0.0,-2.0
951011.215,2868.0,2023.0,-2023.0,-485.5199890136719,-25.5,0.0,-511.0,0.0,-2.0
951022.201,2868.0,2023.0,-2023.0,-485.5199890136719,-25.5,0.0,-511.0,0.0,-2.0
951032.202,2868.0,2023.0,-2023.0,-485.5199890136719,-25.5,0.0,-511.0,0.0,-2.0
951042.417,2868.0,2023.0,-2023.0,-485.5199890136719,-25.5,0.0,-511.0,0.0,-2.0
951052.418,2868.0,2023.0,-2023.0,-485.5199890136719,-25.5,0.0,-511.0,0.0,-2.0
951063.205,2868.0,2023.0,-2023.0,-485.5199890136719,-25.5,0.0,-511.0,0.0,-2.0
951073.205,2868.0,2023.0,-2023.0,-485.5199890136719,-25.5,0.0,-511.0,0.0,-2.0
951083.205,2868.0,2023.0,-2023.0,-485.5199890136719,-25.5,0.0,-511.0,0.0,-2.0
951094.366,2868.0,2023.0,-2023.0,-485.5199890136719,-25.5,0.0,-511.0,0.0,-2.0
951105.205,2868.0,2023.0,-2023.0,-485.5199890136719,-25.5,0.0,-511.0,0.0,-2.0
951116.201,2868.0,2023.0,-2023.0,-485.5199890136719,-25.5,0.0,-511.0,0.0,-2.0
951127.205,2868.0,2023.0,-2023.0,-485.5199890136719,-25.5,0.0,-511.0,0.0,-2.0
951138.2,2868.0,2023.0,-2023.0,-485.5199890136719,-25.5,0.0,-511.0,0.0,-2.0
951149.205,2868.0,2023.0,-2023.0,-485.5199890136719,-25.5,0.0,-511.0,0.0,-2.0
951160.201,2868.0,2023.0,-2023.0,-485.5199890136719,-25.5,0.0,-511.0,0.0,-2.0
951171.205,2868.0,2023.0,-2023.0,-485.5199890136719,-25.5,0.0,-511.0,0.0,-2.0
951182.202,2868.0,2023.0,-2023.0,-485.5199890136719,-25.5,0.0,-511.0,0.0,-2.0
951192.202,2868.0,2023.0,-2023.0,-485.5199890136719,-25.5,0.0,-511.0,0.0,-2.0
951202.203,2868.0,2023.0,-2023.0,-485.5199890136719,-25.5,0.0,-511.0,0.0,-2.0
951212.204,2868.0,2023.0,-2023.0,-485.5199890136719,-25.5,0.0,-511.0,0.0,-2.0
951222.841,2868.0,2023.0,-2023.0,-485.5199890136719,-25.5,0.0,-511.0,0.0,-2.0
951232.841,2868.0,2023.0,-2023.0,-485.5199890136719,-25.5,0.0,-511.0,0.0,-2.0
951243.1,2868.0,2023.0,-2023.0,-485.5199890136719,-25.5,0.0,-511.0,0.0,-2.0
951254.205,2868.0,2023.0,-2023.0,-485.5199890136719,-25.5,0.0,-511.0,0.0,-2.0
951265.201,2868.0,2023.0,-2023.0,-485.5199890136719,-25.5,0.0,-511.0,0.0,-2.0
951276.205,2868.0,2023.0,-2023.0,-485.5199890136719,-25.5,0.0,-511.0,0.0,-2.0
951286.205,2868.0,2023.0,-2023.0,-485.5199890136719,-25.5,0.0,-511.0,0.0,-2.0
951296.206,2868.0,2023.0,-2023.0,-485.5199890136719,-25.5,0.0,-511.0,0.0,-2.0
951307.201,2868.0,2023.0,-2023.0,-485.5199890136719,-25.5,0.0,-511.0,0.0,-2.0
951318.205,2868.0,2023.0,-2023.0,-485.5199890136719,-25.5,0.0,-511.0,0.0,-2.0
951328.206,2868.0,2023.0,-2023.0,-485.5199890136719,-25.5,0.0,-511.0,0.0,-2.0
951338.207,2868.0,2023.0,-2023.0,-485.5199890136719,-25.5,0.0,-511.0,0.0,-2.0
951348.207,2868.0,2023.0,-2023.0,-485.5199890136719,-25.5,0.0,-511.0,0.0,-2.0
951358.208,2868.0,2023.0,-2023.0,-485.5199890136719,-25.5,0.0,-511.0,0.0,-2.0
951369.511,2868.0,2023.0,-2023.0,-485.5199890136719,-25.5,0.0,-511.0,0.0,-2.0
951379.512,2868.0,2023.0,-2023.0,-485.5199890136719,-25.5,0.0,-511.0,0.0,-2.0
951390.173,2868.0,2023.0,-2023.0,-485.5199890136719,-25.5,0.0,-511.0,0.0,-2.0
951401.205,2868.0,2023.0,-2023.0,-485.5199890136719,-25.5,0.0,-511.0,0.0,-2.0
951412.201,2868.0,2023.0,-2023.0,-485.5199890136719,-25.5,0.0,-511.0,0.0,-2.0
951423.214,2868.0,2023.0,-2023.0,-485.5199890136719,-25.5,0.0,-511.0,0.0,-2.0
951434.2,2868.0,2023.0,-2023.0,-485.5199890136719,-25.5,0.0,-511.0,0.0,-2.0
951445.205,2868.0,2023.0,-2023.0,-485.5199890136719,-25.5,0.0,-511.0,0.0,-2.0
951456.204,2868.0,2023.0,-2023.0,-485.5199890136719,-25.5,0.0,-511.0,0.0,-2.0
951467.201,2868.0,2023.0,-2023.0,-485.5199890136719,-25.5,0.0,-511.0,0.0,-2.0
951478.205,2868.0,2023.0,-2023.0,-485.5199890136719,-25.5,0.0,-511.0,0.0,-2.0
951489.201,2868.0,2023.0,-2023.0,-485.5199890136719,-25.5,0.0,-511.0,0.0,-2.0
951499.201,2868.0,2023.0,-2023.0,-485.5199890136719,-25.5,0.0,-511.0,0.0,-2.0
951510.201,2868.0,2023.0,-2023.0,-485.5199890136719,-25.5,0.0,-511.0,0.0,-2.0
951520.201,2868.0,2023.0,-2023.0,-485.5199890136719,-25.5,0.0,-511.0,0.0,-2.0
951531.2,2868.0,2023.0,-2023.0,-485.5199890136719,-25.5,0.0,-511.0,0.0,-2.0
951542.204,2868.0,2023.0,-2023.0,-485.5199890136719,-25.5,0.0,-511.0,0.0,-2.0
951552.205,2868.0,2023.0,-2023.0,-485.5199890136719,-25.5,0.0,-511.0,0.0,-2.0
951562.205,2868.0,2023.0,-2023.0,-485.5199890136719,-25.5,0.0,-511.0,0.0,-2.0
951573.209,2868.0,2023.0,-2023.0,-485.5199890136719,-25.5,0.0,-511.0,0.0,-2.0
951584.201,2868.0,2023.0,-2023.0,-485.5199890136719,-25.5,0.0,-511.0,0.0,-2.0
951594.76,2868.0,2023.0,-2023.0,-485.5199890136719,-25.5,0.0,-511.0,0.0,-2.0
951604.76,2868.0,2023.0,-2023.0,-485.5199890136719,-25.5,0.0,-511.0,0.0,-2.0
951615.217,2868.0,2023.0,-2023.0,-485.5199890136719,-25.5,0.0,-511.0,0.0,-2.0
951626.205,2868.0,2023.0,-2023.0,-485.5199890136719,-25.5,0.0,-511.0,0.0,-2.0
951636.205,2868.0,2023.0,-2023.0,-485.5199890136719,-25.5,0.0,-511.0,0.0,-2.0
951647.205,2868.0,2023.0,-2023.0,-485.5199890136719,-25.5,0.0,-511.0,0.0,-2.0
951658.201,2868.0,2023.0,-2023.0,-485.5199890136719,-25.5,0.0,-511.0,0.0,-2.0
951668.201,2868.0,2023.0,-2023.0,-485.5199890136719,-25.5,0.0,-511.0,0.0,-2.0
951679.205,2868.0,2023.0,-2023.0,-485.5199890136719,-25.5,0.0,-511.0,0.0,-2.0
951690.201,2868.0,2023.0,-2023.0,-485.5199890136719,-25.5,0.0,-511.0,0.0,-2.0
951701.204,2868.0,2023.0,-2023.0,-485.5199890136719,-25.5,0.0,-511.0,0.0,-2.0
951711.204,2868.0,2023.0,-2023.0,-485.5199890136719,-25.5,0.0,-511.0,0.0,-2.0
951721.205,2868.0,2023.0,-2023.0,-485.5199890136719,-25.5,0.0,-511.0,0.0,-2.0
951732.205,2868.0,2023.0,-2023.0,-485.5199890136719,-25.5,0.0,-511.0,0.0,-2.0
951742.207,2868.0,2023.0,-2023.0,-485.5199890136719,-25.5,0.0,-511.0,0.0,-2.0
951753.201,2868.0,2023.0,-2023.0,-485.5199890136719,-25.5,0.0,-511.0,0.0,-2.0
951764.484,2868.0,2023.0,-2023.0,-485.5199890136719,-25.5,0.0,-511.0,0.0,-2.0
951775.205,2868.0,2023.0,-2023.0,-485.5199890136719,-25.5,0.0,-511.0,0.0,-2.0
951786.201,2868.0,2023.0,-2023.0,-485.5199890136719,-25.5,0.0,-511.0,0.0,-2.0
951796.84,2868.0,2023.0,-2023.0,-485.5199890136719,-25.5,0.0,-511.0,0.0,-2.0
951807.205,2868.0,2023.0,-2023.0,-485.5199890136719,-25.5,0.0,-511.0,0.0,-2.0
951817.206,2868.0,2023.0,-2023.0,-485.5199890136719,-25.5,0.0,-511.0,0.0,-2.0
951828.205,2868.0,2023.0,-2023.0,-485.5199890136719,-25.5,0.0,-511.0,0.0,-2.0
951838.206,2868.0,2023.0,-2023.0,-485.5199890136719,-25.5,0.0,-511.0,0.0,-2.0
951849.205,2868.0,2023.0,-2023.0,-485.5199890136719,-25.5,0.0,-511.0,0.0,-2.0
951860.201,2868.0,2023.0,-2023.0,-485.5199890136719,-25.5,0.0,-511.0,0.0,-2.0
951870.202,2868.0,2023.0,-2023.0,-485.5199890136719,-25.5,0.0,-511.0,0.0,-2.0
951881.201,2868.0,2023.0,-2023.0,-485.5199890136719,-25.5,0.0,-511.0,0.0,-2.0
951891.202,2868.0,2023.0,-2023.0,-485.5199890136719,-25.5,0.0,-511.0,0.0,-2.0
951902.201,2868.0,2023.0,-2023.0,-485.5199890136719,-25.5,0.0,-511.0,0.0,-2.0
951912.202,2868.0,2023.0,-2023.0,-485.5199890136719,-25.5,0.0,-511.0,0.0,-2.0
951923.201,2868.0,2023.0,-2023.0,-485.5199890136719,-25.5,0.0,-511.0,0.0,-2.0
951934.205,2868.0,2023.0,-2023.0,-485.5199890136719,-25.5,0.0,-511.0,0.0,-2.0
951944.205,2868.0,2023.0,-2023.0,-485.5199890136719,-25.5,0.0,-511.0,0.0,-2.0
951954.206,2868.0,2023.0,-2023.0,-485.5199890136719,-25.5,0.0,-511.0,0.0,-2.0
951964.206,2868.0,2023.0,-2023.0,-485.5199890136719,-25.5,0.0,-511.0,0.0,-2.0
951974.98,2868.0,2023.0,-2023.0,-485.5199890136719,-25.5,0.0,-511.0,0.0,-2.0
951984.98,2868.0,2023.0,-2023.0,-485.5199890136719,-25.5,0.0,-511.0,0.0,-2.0
951995.205,2868.0,2023.0,-2023.0,-485.5199890136719,-25.5,0.0,-511.0,0.0,-2.0
952005.205,2868.0,2023.0,-2023.0,-485.5199890136719,-25.5,0.0,-511.0,0.0,-2.0
952015.205,2868.0,2023.0,-2023.0,-485.5199890136719,-25.5,0.0,-511.0,0.0,-2.0
952026.201,2868.0,2023.0,-2023.0,-485.5199890136719,-25.5,0.0,-511.0,0.0,-2.0
952036.202,2868.0,2023.0,-2023.0,-485.5199890136719,-25.5,0.0,-511.0,0.0,-2.0
952046.203,2868.0,2023.0,-2023.0,-485.5199890136719,-25.5,0.0,-511.0,0.0,-2.0
952057.205,2868.0,2023.0,-2023.0,-485.5199890136719,-25.5,0.0,-511.0,0.0,-2.0
952068.201,2868.0,2023.0,-2023.0,-485.5199890136719,-25.5,0.0,-511.0,0.0,-2.0
952079.204,2868.0,2023.0,-2023.0,-485.5199890136719,-25.5,0.0,-511.0,0.0,-2.0
952089.205,2868.0,2023.0,-2023.0,-485.5199890136719,-25.5,0.0,-511.0,0.0,-2.0
952099.205,2868.0,2023.0,-2023.0,-485.5199890136719,-25.5,0.0,-511.0,0.0,-2.0
952109.205,2868.0,2023.0,-2023.0,-485.5199890136719,-25.5,0.0,-511.0,0.0,-2.0
952119.206,2868.0,2023.0,-2023.0,-485.5199890136719,-25.5,0.0,-511.0,0.0,-2.0
952130.204,2868.0,2023.0,-2023.0,-485.5199890136719,-25.5,0.0,-511.0,0.0,-2.0
952141.2,2868.0,2023.0,-2023.0,-485.5199890136719,-25.5,0.0,-511.0,0.0,-2.0
952151.2,2868.0,2023.0,-2023.0,-485.5199890136719,-25.5,0.0,-511.0,0.0,-2.0
952162.201,2868.0,2023.0,-2023.0,-485.5199890136719,-25.5,0.0,-511.0,0.0,-2.0
952172.202,2868.0,2023.0,-2023.0,-485.5199890136719,-25.5,0.0,-511.0,0.0,-2.0
952183.201,2868.0,2023.0,-2023.0,-485.5199890136719,-25.5,0.0,-511.0,0.0,-2.0
952193.202,2868.0,2023.0,-2023.0,-485.5199890136719,-25.5,0.0,-511.0,0.0,-2.0
952203.202,2868.0,2023.0,-2023.0,-485.5199890136719,-25.5,0.0,-511.0,0.0,-2.0
952213.55,2868.0,2023.0,-2023.0,-485.5199890136719,-25.5,0.0,-511.0,0.0,-2.0
952224.2,2868.0,2023.0,-2023.0,-485.5199890136719,-25.5,0.0,-511.0,0.0,-2.0
952235.205,2868.0,2023.0,-2023.0,-485.5199890136719,-25.5,0.0,-511.0,0.0,-2.0
952245.205,2868.0,2023.0,-2023.0,-485.5199890136719,-25.5,0.0,-511.0,0.0,-2.0
952255.981,2868.0,2023.0,-2023.0,-485.5199890136719,-25.5,0.0,-511.0,0.0,-2.0
952265.982,2868.0,2023.0,-2023.0,-485.5199890136719,-25.5,0.0,-511.0,0.0,-2.0
952276.204,2868.0,2023.0,-2023.0,-485.5199890136719,-25.5,0.0,-511.0,0.0,-2.0
952287.201,2868.0,2023.0,-2023.0,-485.5199890136719,-25.5,0.0,-511.0,0.0,-2.0
952298.205,2868.0,2023.0,-2023.0,-485.5199890136719,-25.5,0.0,-511.0,0.0,-2.0
952309.201,2868.0,2023.0,-2023.0,-485.5199890136719,-25.5,0.0,-511.0,0.0,-2.0
952320.221,2868.0,2023.0,-2023.0,-485.5199890136719,-25.5,0.0,-511.0,0.0,-2.0
952331.201,2868.0,2023.0,-2023.0,-485.5199890136719,-25.5,0.0,-511.0,0.0,-2.0
952341.202,2868.0,2023.0,-2023.0,-485.5199890136719,-25.5,0.0,-511.0,0.0,-2.0
952352.201,2868.0,2023.0,-2023.0,-485.5199890136719,-25.5,0.0,-511.0,0.0,-2.0
952362.201,2868.0,2023.0,-2023.0,-485.5199890136719,-25.5,0.0,-511.0,0.0,-2.0
952372.202,2868.0,2023.0,-2023.0,-485.5199890136719,-25.5,0.0,-511.0,0.0,-2.0
952383.204,2868.0,2023.0,-2023.0,-485.5199890136719,-25.5,0.0,-511.0,0.0,-2.0
952393.205,2868.0,2023.0,-2023.0,-485.5199890136719,-25.5,0.0,-511.0,0.0,-2.0
952404.201,2868.0,2023.0,-2023.0,-485.5199890136719,-25.5,0.0,-511.0,0.0,-2.0
952415.208,2868.0,2023.0,-2023.0,-485.5199890136719,-25.5,0.0,-511.0,0.0,-2.0
952425.209,2868.0,2023.0,-2023.0,-485.5199890136719,-25.5,0.0,-511.0,0.0,-2.0
952436.173,2868.0,2023.0,-2023.0,-485.5199890136719,-25.5,0.0,-511.0,0.0,-2.0
952446.598,2868.0,2023.0,-2023.0,-485.5199890136719,-25.5,0.0,-511.0,0.0,-2.0
952456.598,2868.0,2023.0,-2023.0,-485.5199890136719,-25.5,0.0,-511.0,0.0,-2.0
952467.201,2868.0,2023.0,-2023.0,-485.5199890136719,-25.5,0.0,-511.0,0.0,-2.0
952477.201,2868.0,2023.0,-2023.0,-485.5199890136719,-25.5,0.0,-511.0,0.0,-2.0
952487.202,2868.0,2023.0,-2023.0,-485.5199890136719,-25.5,0.0,-511.0,0.0,-2.0
952497.203,2868.0,2023.0,-2023.0,-485.5199890136719,-25.5,0.0,-511.0,0.0,-2.0
952507.204,2868.0,2023.0,-2023.0,-485.5199890136719,-25.5,0.0,-511.0,0.0,-2.0
952518.201,2868.0,2023.0,-2023.0,-485.5199890136719,-25.5,0.0,-511.0,0.0,-2.0
952529.02,2868.0,2023.0,-2023.0,-485.5199890136719,-25.5,0.0,-511.0,0.0,-2.0
952539.201,2868.0,2023.0,-2023.0,-485.5199890136719,-25.5,0.0,-511.0,0.0,-2.0
952550.205,2868.0,2023.0,-2023.0,-485.5199890136719,-25.5,0.0,-511.0,0.0,-2.0
952560.205,2868.0,2023.0,-2023.0,-485.5199890136719,-25.5,0.0,-511.0,0.0,-2.0
952570.206,2868.0,2023.0,-2023.0,-485.5199890136719,-25.5,0.0,-511.0,0.0,-2.0
952580.206,2868.0,2023.0,-2023.0,-485.5199890136719,-25.5,0.0,-511.0,0.0,-2.0
952590.207,2868.0,2023.0,-2023.0,-485.5199890136719,-25.5,0.0,-511.0,0.0,-2.0
952601.205,2868.0,2023.0,-2023.0,-485.5199890136719,-25.5,0.0,-511.0,0.0,-2.0
952612.21,2868.0,2023.0,-2023.0,-485.5199890136719,-25.5,0.0,-511.0,0.0,-2.0
952623.204,2868.0,2023.0,-2023.0,-485.5199890136719,-25.5,0.0,-511.0,0.0,-2.0
952634.205,2868.0,2023.0,-2023.0,-485.5199890136719,-25.5,0.0,-511.0,0.0,-2.0
952644.206,2868.0,2023.0,-2023.0,-485.5199890136719,-25.5,0.0,-511.0,0.0,-2.0
952655.204,2868.0,2023.0,-2023.0,-485.5199890136719,-25.5,0.0,-511.0,0.0,-2.0
952665.205,2868.0,2023.0,-2023.0,-485.5199890136719,-25.5,0.0,-511.0,0.0,-2.0
952676.201,2868.0,2023.0,-2023.0,-485.5199890136719,-25.5,0.0,-511.0,0.0,-2.0
952687.204,2868.0,2023.0,-2023.0,-485.5199890136719,-25.5,0.0,-511.0,0.0,-2.0
952698.2,2868.0,2023.0,-2023.0,-485.5199890136719,-25.5,0.0,-511.0,0.0,-2.0
952708.2,2868.0,2023.0,-2023.0,-485.5199890136719,-25.5,0.0,-511.0,0.0,-2.0
952719.201,2868.0,2023.0,-2023.0,-485.5199890136719,-25.5,0.0,-511.0,0.0,-2.0
952730.205,2868.0,2023.0,-2023.0,-485.5199890136719,-25.5,0.0,-511.0,0.0,-2.0
952741.205,2868.0,2023.0,-2023.0,-485.5199890136719,-25.5,0.0,-511.0,0.0,-2.0
952752.2,2868.0,2023.0,-2023.0,-485.5199890136719,-25.5,0.0,-511.0,0.0,-2.0
952763.205,2868.0,2023.0,-2023.0,-485.5199890136719,-25.5,0.0,-511.0,0.0,-2.0
952774.201,2868.0,2023.0,-2023.0,-485.5199890136719,-25.5,0.0,-511.0,0.0,-2.0
952784.405,2868.0,2023.0,-2023.0,-485.5199890136719,-25.5,0.0,-511.0,0.0,-2.0
952794.406,2868.0,2023.0,-2023.0,-485.5199890136719,-25.5,0.0,-511.0,0.0,-2.0
952804.407,2868.0,2023.0,-2023.0,-485.5199890136719,-25.5,0.0,-511.0,0.0,-2.0
952815.2,2868.0,2023.0,-2023.0,-485.5199890136719,-25.5,0.0,-511.0,0.0,-2.0
952826.205,2868.0,2023.0,-2023.0,-485.5199890136719,-25.5,0.0,-511.0,0.0,-2.0
952837.201,2868.0,2023.0,-2023.0,-485.5199890136719,-25.5,0.0,-511.0,0.0,-2.0
952847.202,2868.0,2023.0,-2023.0,-485.5199890136719,-25.5,0.0,-511.0,0.0,-2.0
952857.203,2868.0,2023.0,-2023.0,-485.5199890136719,-25.5,0.0,-511.0,0.0,-2.0
952868.205,2868.0,2023.0,-2023.0,-485.5199890136719,-25.5,0.0,-511.0,0.0,-2.0
952878.206,2868.0,2023.0,-2023.0,-485.5199890136719,-25.5,0.0,-511.0,0.0,-2.0
952889.2,2868.0,2023.0,-2023.0,-485.5199890136719,-25.5,0.0,-511.0,0.0,-2.0
952899.201,2868.0,2023.0,-2023.0,-485.5199890136719,-25.5,0.0,-511.0,0.0,-2.0
952909.202,2868.0,2023.0,-2023.0,-485.5199890136719,-25.5,0.0,-511.0,0.0,-2.0
952920.201,2868.0,2023.0,-2023.0,-485.5199890136719,-25.5,0.0,-511.0,0.0,-2.0
952930.774,2868.0,2023.0,-2023.0,-485.5199890136719,-25.5,0.0,-511.0,0.0,-2.0
952940.775,2868.0,2023.0,-2023.0,-485.5199890136719,-25.5,0.0,-511.0,0.0,-2.0
952951.36,2868.0,2023.0,-2023.0,-485.5199890136719,-25.5,0.0,-511.0,0.0,-2.0
952962.201,2868.0,2023.0,-2023.0,-485.5199890136719,-25.5,0.0,-511.0,0.0,-2.0
952973.157,2868.0,2023.0,-2023.0,-485.5199890136719,-25.5,0.0,-511.0,0.0,-2.0
952983.158,2868.0,2023.0,-2023.0,-485.5199890136719,-25.5,0.0,-511.0,0.0,-2.0
952993.159,2868.0,2023.0,-2023.0,-485.5199890136719,-25.5,0.0,-511.0,0.0,-2.0
953003.16,2868.0,2023.0,-2023.0,-485.5199890136719,-25.5,0.0,-511.0,0.0,-2.0
953014.205,2868.0,2023.0,-2023.0,-485.5199890136719,-25.5,0.0,-511.0,0.0,-2.0
953025.2,2868.0,2023.0,-2023.0,-485.5199890136719,-25.5,0.0,-511.0,0.0,-2.0
953036.205,2868.0,2023.0,-2023.0,-485.5199890136719,-25.5,0.0,-511.0,0.0,-2.0
953047.201,2868.0,2023.0,-2023.0,-485.5199890136719,-25.5,0.0,-511.0,0.0,-2.0
953058.205,2868.0,2023.0,-2023.0,-485.5199890136719,-25.5,0.0,-511.0,0.0,-2.0
953069.201,2868.0,2023.0,-2023.0,-485.5199890136719,-25.5,0.0,-511.0,0.0,-2.0
953080.204,2868.0,2023.0,-2023.0,-485.5199890136719,-25.5,0.0,-511.0,0.0,-2.0
953091.205,2868.0,2023.0,-2023.0,-485.5199890136719,-25.5,0.0,-511.0,0.0,-2.0
953102.212,2868.0,2023.0,-2023.0,-485.5199890136719,-25.5,0.0,-511.0,0.0,-2.0
953112.213,2868.0,2023.0,-2023.0,-485.5199890136719,-25.5,0.0,-511.0,0.0,-2.0
953123.2,2868.0,2023.0,-2023.0,-485.5199890136719,-25.5,0.0,-511.0,0.0,-2.0
953134.204,2868.0,2023.0,-2023.0,-485.5199890136719,-25.5,0.0,-511.0,0.0,-2.0
953144.205,2868.0,2023.0,-2023.0,-485.5199890136719,-25.5,0.0,-511.0,0.0,-2.0
953154.206,2868.0,2023.0,-2023.0,-485.5199890136719,-25.5,0.0,-511.0,0.0,-2.0
953164.41,2868.0,2023.0,-2023.0,-485.5199890136719,-25.5,0.0,-511.0,0.0,-2.0
953175.206,2868.0,2023.0,-2023.0,-485.5199890136719,-25.5,0.0,-511.0,0.0,-2.0
953186.173,2868.0,2023.0,-2023.0,-485.5199890136719,-25.5,0.0,-511.0,0.0,-2.0
953197.205,2868.0,2023.0,-2023.0,-485.5199890136719,-25.5,0.0,-511.0,0.0,-2.0
953207.205,2868.0,2023.0,-2023.0,-485.5199890136719,-25.5,0.0,-511.0,0.0,-2.0
953217.205,2868.0,2023.0,-2023.0,-485.5199890136719,-25.5,0.0,-511.0,0.0,-2.0
953228.201,2868.0,2023.0,-2023.0,-485.5199890136719,-25.5,0.0,-511.0,0.0,-2.0
953239.205,2868.0,2023.0,-2023.0,-485.5199890136719,-25.5,0.0,-511.0,0.0,-2.0
953250.204,2868.0,2023.0,-2023.0,-485.5199890136719,-25.5,0.0,-511.0,0.0,-2.0
953261.201,2868.0,2023.0,-2023.0,-485.5199890136719,-25.5,0.0,-511.0,0.0,-2.0
953271.202,2868.0,2023.0,-2023.0,-485.5199890136719,-25.5,0.0,-511.0,0.0,-2.0
953282.2,2868.0,2023.0,-2023.0,-485.5199890136719,-25.5,0.0,-511.0,0.0,-2.0
953293.205,2868.0,2023.0,-2023.0,-485.5199890136719,-25.5,0.0,-511.0,0.0,-2.0
953304.201,2868.0,2023.0,-2023.0,-485.5199890136719,-25.5,0.0,-511.0,0.0,-2.0
953314.202,2868.0,2023.0,-2023.0,-485.5199890136719,-25.5,0.0,-511.0,0.0,-2.0
953324.202,2868.0,2023.0,-2023.0,-485.5199890136719,-25.5,0.0,-511.0,0.0,-2.0
953335.205,2868.0,2023.0,-2023.0,-485.5199890136719,-25.5,0.0,-511.0,0.0,-2.0
953346.209,2868.0,2023.0,-2023.0,-485.5199890136719,-25.5,0.0,-511.0,0.0,-2.0
953357.217,2868.0,2023.0,-2023.0,-485.5199890136719,-25.5,0.0,-511.0,0.0,-2.0
953368.205,2868.0,2023.0,-2023.0,-485.5199890136719,-25.5,0.0,-511.0,0.0,-2.0
953378.205,2868.0,2023.0,-2023.0,-485.5199890136719,-25.5,0.0,-511.0,0.0,-2.0
953389.205,2868.0,2023.0,-2023.0,-485.5199890136719,-25.5,0.0,-511.0,0.0,-2.0
953400.157,2868.0,2023.0,-2023.0,-485.5199890136719,-25.5,0.0,-511.0,0.0,-2.0
953411.173,2868.0,2023.0,-2023.0,-485.5199890136719,-25.5,0.0,-511.0,0.0,-2.0
953422.204,2868.0,2023.0,-2023.0,-485.5199890136719,-25.5,0.0,-511.0,0.0,-2.0
953433.201,2868.0,2023.0,-2023.0,-485.5199890136719,-25.5,0.0,-511.0,0.0,-2.0
953443.202,2868.0,2023.0,-2023.0,-485.5199890136719,-25.5,0.0,-511.0,0.0,-2.0
953454.201,2868.0,2023.0,-2023.0,-485.5199890136719,-25.5,0.0,-511.0,0.0,-2.0
953464.202,2868.0,2023.0,-2023.0,-485.5199890136719,-25.5,0.0,-511.0,0.0,-2.0
953475.201,2868.0,2023.0,-2023.0,-485.5199890136719,-25.5,0.0,-511.0,0.0,-2.0
953486.205,2868.0,2023.0,-2023.0,-485.5199890136719,-25.5,0.0,-511.0,0.0,-2.0
953497.201,2868.0,2023.0,-2023.0,-485.5199890136719,-25.5,0.0,-511.0,0.0,-2.0
953508.219,2868.0,2023.0,-2023.0,-485.5199890136719,-25.5,0.0,-511.0,0.0,-2.0
953519.205,2868.0,2023.0,-2023.0,-485.5199890136719,-25.5,0.0,-511.0,0.0,-2.0
953530.2,2868.0,2023.0,-2023.0,-485.5199890136719,-25.5,0.0,-511.0,0.0,-2.0
953540.201,2868.0,2023.0,-2023.0,-485.5199890136719,-25.5,0.0,-511.0,0.0,-2.0
953551.2,2868.0,2023.0,-2023.0,-485.5199890136719,-25.5,0.0,-511.0,0.0,-2.0
953562.205,2868.0,2023.0,-2023.0,-485.5199890136719,-25.5,0.0,-511.0,0.0,-2.0
953573.201,2868.0,2023.0,-2023.0,-485.5199890136719,-25.5,0.0,-511.0,0.0,-2.0
953584.205,2868.0,2023.0,-2023.0,-485.5199890136719,-25.5,0.0,-511.0,0.0,-2.0
953594.206,2868.0,2023.0,-2023.0,-485.5199890136719,-25.5,0.0,-511.0,0.0,-2.0
953604.207,2868.0,2023.0,-2023.0,-485.5199890136719,-25.5,0.0,-511.0,0.0,-2.0
953614.208,2868.0,2023.0,-2023.0,-485.5199890136719,-25.5,0.0,-511.0,0.0,-2.0
953625.173,2868.0,2023.0,-2023.0,-485.5199890136719,-25.5,0.0,-511.0,0.0,-2.0
953635.173,2868.0,2023.0,-2023.0,-485.5199890136719,-25.5,0.0,-511.0,0.0,-2.0
953646.2,2868.0,2023.0,-2023.0,-485.5199890136719,-25.5,0.0,-511.0,0.0,-2.0
953656.201,2868.0,2023.0,-2023.0,-485.5199890136719,-25.5,0.0,-511.0,0.0,-2.0
953666.202,2868.0,2023.0,-2023.0,-485.5199890136719,-25.5,0.0,-511.0,0.0,-2.0
953676.202,2868.0,2023.0,-2023.0,-485.5199890136719,-25.5,0.0,-511.0,0.0,-2.0
953687.201,2868.0,2023.0,-2023.0,-485.5199890136719,-25.5,0.0,-511.0,0.0,-2.0
953698.204,2868.0,2023.0,-2023.0,-485.5199890136719,-25.5,0.0,-511.0,0.0,-2.0
953708.205,2868.0,2023.0,-2023.0,-485.5199890136719,-25.5,0.0,-511.0,0.0,-2.0
953719.2,2868.0,2023.0,-2023.0,-485.5199890136719,-25.5,0.0,-511.0,0.0,-2.0
953730.204,2868.0,2023.0,-2023.0,-485.5199890136719,-25.5,0.0,-511.0,0.0,-2.0
953741.205,2868.0,2023.0,-2023.0,-485.5199890136719,-25.5,0.0,-511.0,0.0,-2.0
953752.201,2868.0,2023.0,-2023.0,-485.5199890136719,-25.5,0.0,-511.0,0.0,-2.0
953763.205,2868.0,2023.0,-2023.0,-485.5199890136719,-25.5,0.0,-511.0,0.0,-2.0
953774.201,2868.0,2023.0,-2023.0,-485.5199890136719,-25.5,0.0,-511.0,0.0,-2.0
953785.206,2868.0,2023.0,-2023.0,-485.5199890136719,-25.5,0.0,-511.0,0.0,-2.0
953796.209,2868.0,2023.0,-2023.0,-485.5199890136719,-25.5,0.0,-511.0,0.0,-2.0
953806.21,2868.0,2023.0,-2023.0,-485.5199890136719,-25.5,0.0,-511.0,0.0,-2.0
953817.201,2868.0,2023.0,-2023.0,-485.5199890136719,-25.5,0.0,-511.0,0.0,-2.0
953827.726,2868.0,2023.0,-2023.0,-485.5199890136719,-25.5,0.0,-511.0,0.0,-2.0
953838.204,2868.0,2023.0,-2023.0,-485.5199890136719,-25.5,0.0,-511.0,0.0,-2.0
953848.205,2868.0,2023.0,-2023.0,-485.5199890136719,-25.5,0.0,-511.0,0.0,-2.0
953859.205,2868.0,2023.0,-2023.0,-485.5199890136719,-25.5,0.0,-511.0,0.0,-2.0
953870.201,2868.0,2023.0,-2023.0,-485.5199890136719,-25.5,0.0,-511.0,0.0,-2.0
953880.201,2868.0,2023.0,-2023.0,-485.5199890136719,-25.5,0.0,-511.0,0.0,-2.0
953890.202,2868.0,2023.0,-2023.0,-485.5199890136719,-25.5,0.0,-511.0,0.0,-2.0
953901.204,2868.0,2023.0,-2023.0,-485.5199890136719,-25.5,0.0,-511.0,0.0,-2.0
953912.205,2868.0,2023.0,-2023.0,-485.5199890136719,-25.5,0.0,-511.0,0.0,-2.0
953923.201,2868.0,2023.0,-2023.0,-485.5199890136719,-25.5,0.0,-511.0,0.0,-2.0
953933.202,2868.0,2023.0,-2023.0,-485.5199890136719,-25.5,0.0,-511.0,0.0,-2.0
953943.203,2868.0,2023.0,-2023.0,-485.5199890136719,-25.5,0.0,-511.0,0.0,-2.0
953954.204,2868.0,2023.0,-2023.0,-485.5199890136719,-25.5,0.0,-511.0,0.0,-2.0
953965.201,2868.0,2023.0,-2023.0,-485.5199890136719,-25.5,0.0,-511.0,0.0,-2.0
953976.205,2868.0,2023.0,-2023.0,-485.5199890136719,-25.5,0.0,-511.0,0.0,-2.0
953987.274,2868.0,2023.0,-2023.0,-485.5199890136719,-25.5,0.0,-511.0,0.0,-2.0
953997.275,2868.0,2023.0,-2023.0,-485.5199890136719,-25.5,0.0,-511.0,0.0,-2.0
954008.173,2868.0,2023.0,-2023.0,-485.5199890136719,-25.5,0.0,-511.0,0.0,-2.0
954019.344,2868.0,2023.0,-2023.0,-485.5199890136719,-25.5,0.0,-511.0,0.0,-2.0
954029.344,2868.0,2023.0,-2023.0,-485.5199890136719,-25.5,0.0,-511.0,0.0,-2.0
954040.205,2868.0,2023.0,-2023.0,-485.5199890136719,-25.5,0.0,-511.0,0.0,-2.0
954051.201,2868.0,2023.0,-2023.0,-485.5199890136719,-25.5,0.0,-511.0,0.0,-2.0
954061.201,2868.0,2023.0,-2023.0,-485.5199890136719,-25.5,0.0,-511.0,0.0,-2.0
954071.202,2868.0,2023.0,-2023.0,-485.5199890136719,-25.5,0.0,-511.0,0.0,-2.0
954081.202,2868.0,2023.0,-2023.0,-485.5199890136719,-25.5,0.0,-511.0,0.0,-2.0
954092.204,2868.0,2023.0,-2023.0,-485.5199890136719,-25.5,0.0,-511.0,0.0,-2.0
954103.212,2868.0,2023.0,-2023.0,-485.5199890136719,-25.5,0.0,-511.0,0.0,-2.0
954114.205,2868.0,2023.0,-2023.0,-485.5199890136719,-25.5,0.0,-511.0,0.0,-2.0
954124.748,2868.0,2023.0,-2023.0,-485.5199890136719,-25.5,0.0,-511.0,0.0,-2.0
954135.2,2868.0,2023.0,-2023.0,-485.5199890136719,-25.5,0.0,-511.0,0.0,-2.0
954145.2,2868.0,2023.0,-2023.0,-485.5199890136719,-25.5,0.0,-511.0,0.0,-2.0
954156.2,2868.0,2023.0,-2023.0,-485.5199890136719,-25.5,0.0,-511.0,0.0,-2.0
954167.209,2868.0,2023.0,-2023.0,-485.5199890136719,-25.5,0.0,-511.0,0.0,-2.0
954177.21,2868.0,2023.0,-2023.0,-485.5199890136719,-25.5,0.0,-511.0,0.0,-2.0
954188.209,2868.0,2023.0,-2023.0,-485.5199890136719,-25.5,0.0,-511.0,0.0,-2.0
954199.157,2868.0,2023.0,-2023.0,-485.5199890136719,-25.5,0.0,-511.0,0.0,-2.0
954210.173,2868.0,2023.0,-2023.0,-485.5199890136719,-25.5,0.0,-511.0,0.0,-2.0
954221.488,2868.0,2023.0,-2023.0,-485.5199890136719,-25.5,0.0,-511.0,0.0,-2.0
954232.2,2868.0,2023.0,-2023.0,-485.5199890136719,-25.5,0.0,-511.0,0.0,-2.0
954243.157,2868.0,2023.0,-2023.0,-485.5199890136719,-25.5,0.0,-511.0,0.0,-2.0
954253.158,2868.0,2023.0,-2023.0,-485.5199890136719,-25.5,0.0,-511.0,0.0,-2.0
954263.158,2868.0,2023.0,-2023.0,-485.5199890136719,-25.5,0.0,-511.0,0.0,-2.0
954274.204,2868.0,2023.0,-2023.0,-485.5199890136719,-25.5,0.0,-511.0,0.0,-2.0
954285.205,2868.0,2023.0,-2023.0,-485.5199890136719,-25.5,0.0,-511.0,0.0,-2.0
954296.201,2868.0,2023.0,-2023.0,-485.5199890136719,-25.5,0.0,-511.0,0.0,-2.0
954307.205,2868.0,2023.0,-2023.0,-485.5199890136719,-25.5,0.0,-511.0,0.0,-2.0
954318.201,2868.0,2023.0,-2023.0,-485.5199890136719,-25.5,0.0,-511.0,0.0,-2.0
954329.205,2868.0,2023.0,-2023.0,-485.5199890136719,-25.5,0.0,-511.0,0.0,-2.0
954340.2,2868.0,2023.0,-2023.0,-485.5199890136719,-25.5,0.0,-511.0,0.0,-2.0
954350.2,2868.0,2023.0,-2023.0,-485.5199890136719,-25.5,0.0,-511.0,0.0,-2.0
954361.201,2868.0,2023.0,-2023.0,-485.5199890136719,-25.5,0.0,-511.0,0.0,-2.0
954372.204,2868.0,2023.0,-2023.0,-485.5199890136719,-25.5,0.0,-511.0,0.0,-2.0
954383.201,2868.0,2023.0,-2023.0,-485.5199890136719,-25.5,0.0,-511.0,0.0,-2.0
954394.205,2868.0,2023.0,-2023.0,-485.5199890136719,-25.5,0.0,-511.0,0.0,-2.0
954404.206,2868.0,2023.0,-2023.0,-485.5199890136719,-25.5,0.0,-511.0,0.0,-2.0
954414.206,2868.0,2023.0,-2023.0,-485.5199890136719,-25.5,0.0,-511.0,0.0,-2.0
954425.205,2868.0,2023.0,-2023.0,-485.5199890136719,-25.5,0.0,-511.0,0.0,-2.0
954435.666,2868.0,2023.0,-2023.0,-485.5199890136719,-25.5,0.0,-511.0,0.0,-2.0
954446.204,2868.0,2023.0,-2023.0,-485.5199890136719,-25.5,0.0,-511.0,0.0,-2.0
954456.205,2868.0,2023.0,-2023.0,-485.5199890136719,-25.5,0.0,-511.0,0.0,-2.0
954467.173,2868.0,2023.0,-2023.0,-485.5199890136719,-25.5,0.0,-511.0,0.0,-2.0
954477.173,2868.0,2023.0,-2023.0,-485.5199890136719,-25.5,0.0,-511.0,0.0,-2.0
954488.2,2868.0,2023.0,-2023.0,-485.5199890136719,-25.5,0.0,-511.0,0.0,-2.0
954498.2,2868.0,2023.0,-2023.0,-485.5199890136719,-25.5,0.0,-511.0,0.0,-2.0
954508.2,2868.0,2023.0,-2023.0,-485.5199890136719,-25.5,0.0,-511.0,0.0,-2.0
954519.201,2868.0,2023.0,-2023.0,-485.5199890136719,-25.5,0.0,-511.0,0.0,-2.0
954530.205,2868.0,2023.0,-2023.0,-485.5199890136719,-25.5,0.0,-511.0,0.0,-2.0
954541.205,2868.0,2023.0,-2023.0,-485.5199890136719,-25.5,0.0,-511.0,0.0,-2.0
954551.205,2868.0,2023.0,-2023.0,-485.5199890136719,-25.5,0.0,-511.0,0.0,-2.0
954561.206,2868.0,2023.0,-2023.0,-485.5199890136719,-25.5,0.0,-511.0,0.0,-2.0
954571.207,2868.0,2023.0,-2023.0,-485.5199890136719,-25.5,0.0,-511.0,0.0,-2.0
954581.208,2868.0,2023.0,-2023.0,-485.5199890136719,-25.5,0.0,-511.0,0.0,-2.0
954592.209,2868.0,2023.0,-2023.0,-485.5199890136719,-25.5,0.0,-511.0,0.0,-2.0
954602.21,2868.0,2023.0,-2023.0,-485.5199890136719,-25.5,0.0,-511.0,0.0,-2.0
954612.211,2868.0,2023.0,-2023.0,-485.5199890136719,-25.5,0.0,-511.0,0.0,-2.0
954622.211,2868.0,2023.0,-2023.0,-485.5199890136719,-25.5,0.0,-511.0,0.0,-2.0
954632.212,2868.0,2023.0,-2023.0,-485.5199890136719,-25.5,0.0,-511.0,0.0,-2.0
954643.2,2868.0,2023.0,-2023.0,-485.5199890136719,-25.5,0.0,-511.0,0.0,-2.0
954653.201,2868.0,2023.0,-2023.0,-485.5199890136719,-25.5,0.0,-511.0,0.0,-2.0
954664.201,2868.0,2023.0,-2023.0,-485.5199890136719,-25.5,0.0,-511.0,0.0,-2.0
954674.202,2868.0,2023.0,-2023.0,-485.5199890136719,-25.5,0.0,-511.0,0.0,-2.0
954685.205,2868.0,2023.0,-2023.0,-485.5199890136719,-25.5,0.0,-511.0,0.0,-2.0
954695.206,2868.0,2023.0,-2023.0,-485.5199890136719,-25.5,0.0,-511.0,0.0,-2.0
954706.205,2868.0,2023.0,-2023.0,-485.5199890136719,-25.5,0.0,-511.0,0.0,-2.0
954717.201,2868.0,2023.0,-2023.0,-485.5199890136719,-25.5,0.0,-511.0,0.0,-2.0
954727.202,2868.0,2023.0,-2023.0,-485.5199890136719,-25.5,0.0,-511.0,0.0,-2.0
954737.203,2868.0,2023.0,-2023.0,-485.5199890136719,-25.5,0.0,-511.0,0.0,-2.0
954748.157,2868.0,2023.0,-2023.0,-485.5199890136719,-25.5,0.0,-511.0,0.0,-2.0
954759.201,2868.0,2023.0,-2023.0,-485.5199890136719,-25.5,0.0,-511.0,0.0,-2.0
954770.205,2868.0,2023.0,-2023.0,-485.5199890136719,-25.5,0.0,-511.0,0.0,-2.0
954780.206,2868.0,2023.0,-2023.0,-485.5199890136719,-25.5,0.0,-511.0,0.0,-2.0
954790.206,2868.0,2023.0,-2023.0,-485.5199890136719,-25.5,0.0,-511.0,0.0,-2.0
954801.2,2868.0,2023.0,-2023.0,-485.5199890136719,-25.5,0.0,-511.0,0.0,-2.0
954811.2,2868.0,2023.0,-2023.0,-485.5199890136719,-25.5,0.0,-511.0,0.0,-2.0
954821.2,2868.0,2023.0,-2023.0,-485.5199890136719,-25.5,0.0,-511.0,0.0,-2.0
954831.201,2868.0,2023.0,-2023.0,-485.5199890136719,-25.5,0.0,-511.0,0.0,-2.0
954841.319,2868.0,2023.0,-2023.0,-485.5199890136719,-25.5,0.0,-511.0,0.0,-2.0
954852.205,2868.0,2023.0,-2023.0,-485.5199890136719,-25.5,0.0,-511.0,0.0,-2.0
954862.206,2868.0,2023.0,-2023.0,-485.5199890136719,-25.5,0.0,-511.0,0.0,-2.0
954873.173,2868.0,2023.0,-2023.0,-485.5199890136719,-25.5,0.0,-511.0,0.0,-2.0
954883.566,2868.0,2023.0,-2023.0,-485.5199890136719,-25.5,0.0,-511.0,0.0,-2.0
954893.566,2868.0,2023.0,-2023.0,-485.5199890136719,-25.5,0.0,-511.0,0.0,-2.0
954903.571,2868.0,2023.0,-2023.0,-485.5199890136719,-25.5,0.0,-511.0,0.0,-2.0
954913.571,2868.0,2023.0,-2023.0,-485.5199890136719,-25.5,0.0,-511.0,0.0,-2.0
954924.205,2868.0,2023.0,-2023.0,-485.5199890136719,-25.5,0.0,-511.0,0.0,-2.0
954935.205,2868.0,2023.0,-2023.0,-485.5199890136719,-25.5,0.0,-511.0,0.0,-2.0
954946.2,2868.0,2023.0,-2023.0,-485.5199890136719,-25.5,0.0,-511.0,0.0,-2.0
954957.205,2868.0,2023.0,-2023.0,-485.5199890136719,-25.5,0.0,-511.0,0.0,-2.0
954968.212,2868.0,2023.0,-2023.0,-485.5199890136719,-25.5,0.0,-511.0,0.0,-2.0
954979.2,2868.0,2023.0,-2023.0,-485.5199890136719,-25.5,0.0,-511.0,0.0,-2.0
954989.201,2868.0,2023.0,-2023.0,-485.5199890136719,-25.5,0.0,-511.0,0.0,-2.0
954999.202,2868.0,2023.0,-2023.0,-485.5199890136719,-25.5,0.0,-511.0,0.0,-2.0
955009.202,2868.0,2023.0,-2023.0,-485.5199890136719,-25.5,0.0,-511.0,0.0,-2.0
955019.203,2868.0,2023.0,-2023.0,-485.5199890136719,-25.5,0.0,-511.0,0.0,-2.0
955030.158,2868.0,2023.0,-2023.0,-485.5199890136719,-25.5,0.0,-511.0,0.0,-2.0
955041.262,2868.0,2023.0,-2023.0,-485.5199890136719,-25.5,0.0,-511.0,0.0,-2.0
955053.177,2868.0,2023.0,-2023.0,-485.5199890136719,-25.5,0.0,-511.0,0.0,-2.0
955063.273,2868.0,2023.0,-2023.0,-485.5199890136719,-25.5,0.0,-511.0,0.0,-2.0
955073.274,2868.0,2023.0,-2023.0,-485.5199890136719,-25.5,0.0,-511.0,0.0,-2.0
955083.274,2868.0,2023.0,-2023.0,-485.5199890136719,-25.5,0.0,-511.0,0.0,-2.0
955093.274,2868.0,2023.0,-2023.0,-485.5199890136719,-25.5,0.0,-511.0,0.0,-2.0
955103.276,2868.0,2023.0,-2023.0,-485.5199890136719,-25.5,0.0,-511.0,0.0,-2.0
955113.277,2868.0,2023.0,-2023.0,-485.5199890136719,-25.5,0.0,-511.0,0.0,-2.0
955124.201,2868.0,2023.0,-2023.0,-485.5199890136719,-25.5,0.0,-511.0,0.0,-2.0
955134.202,2868.0,2023.0,-2023.0,-485.5199890136719,-25.5,0.0,-511.0,0.0,-2.0
955145.2,2868.0,2023.0,-2023.0,-485.5199890136719,-25.5,0.0,-511.0,0.0,-2.0
955156.205,2868.0,2023.0,-2023.0,-485.5199890136719,-25.5,0.0,-511.0,0.0,-2.0
955166.815,2868.0,2023.0,-2023.0,-485.5199890136719,-25.5,0.0,-511.0,0.0,-2.0
955177.204,2868.0,2023.0,-2023.0,-485.5199890136719,-25.5,0.0,-511.0,0.0,-2.0
955188.205,2868.0,2023.0,-2023.0,-485.5199890136719,-25.5,0.0,-511.0,0.0,-2.0
955199.201,2868.0,2023.0,-2023.0,-485.5199890136719,-25.5,0.0,-511.0,0.0,-2.0
955210.204,2868.0,2023.0,-2023.0,-485.5199890136719,-25.5,0.0,-511.0,0.0,-2.0
955220.758,2868.0,2023.0,-2023.0,-485.5199890136719,-25.5,0.0,-511.0,0.0,-2.0
955230.758,2868.0,2023.0,-2023.0,-485.5199890136719,-25.5,0.0,-511.0,0.0,-2.0
955240.759,2868.0,2023.0,-2023.0,-485.5199890136719,-25.5,0.0,-511.0,0.0,-2.0
955251.201,2868.0,2023.0,-2023.0,-485.5199890136719,-25.5,0.0,-511.0,0.0,-2.0
955262.205,2868.0,2023.0,-2023.0,-485.5199890136719,-25.5,0.0,-511.0,0.0,-2.0
955272.206,2868.0,2023.0,-2023.0,-485.5199890136719,-25.5,0.0,-511.0,0.0,-2.0
955282.206,2868.0,2023.0,-2023.0,-485.5199890136719,-25.5,0.0,-511.0,0.0,-2.0
955293.205,2868.0,2023.0,-2023.0,-485.5199890136719,-25.5,0.0,-511.0,0.0,-2.0
955304.201,2868.0,2023.0,-2023.0,-485.5199890136719,-25.5,0.0,-511.0,0.0,-2.0
955315.205,2868.0,2023.0,-2023.0,-485.5199890136719,-25.5,0.0,-511.0,0.0,-2.0
955326.205,2868.0,2023.0,-2023.0,-485.5199890136719,-25.5,0.0,-511.0,0.0,-2.0
955337.2,2868.0,2023.0,-2023.0,-485.5199890136719,-25.5,0.0,-511.0,0.0,-2.0
955347.872,2868.0,2023.0,-2023.0,-485.5199890136719,-25.5,0.0,-511.0,0.0,-2.0
955358.201,2868.0,2023.0,-2023.0,-485.5199890136719,-25.5,0.0,-511.0,0.0,-2.0
955368.202,2868.0,2023.0,-2023.0,-485.5199890136719,-25.5,0.0,-511.0,0.0,-2.0
955379.201,2868.0,2023.0,-2023.0,-485.5199890136719,-25.5,0.0,-511.0,0.0,-2.0
955389.781,2868.0,2023.0,-2023.0,-485.5199890136719,-25.5,0.0,-511.0,0.0,-2.0
955400.205,2868.0,2023.0,-2023.0,-485.5199890136719,-25.5,0.0,-511.0,0.0,-2.0
955410.206,2868.0,2023.0,-2023.0,-485.5199890136719,-25.5,0.0,-511.0,0.0,-2.0
955421.175,2868.0,2023.0,-2023.0,-485.5199890136719,-25.5,0.0,-511.0,0.0,-2.0
955431.176,2868.0,2023.0,-2023.0,-485.5199890136719,-25.5,0.0,-511.0,0.0,-2.0
955442.201,2868.0,2023.0,-2023.0,-485.5199890136719,-25.5,0.0,-511.0,0.0,-2.0
955452.201,2868.0,2023.0,-2023.0,-485.5199890136719,-25.5,0.0,-511.0,0.0,-2.0
955463.201,2868.0,2023.0,-2023.0,-485.5199890136719,-25.5,0.0,-511.0,0.0,-2.0
955474.205,2868.0,2023.0,-2023.0,-485.5199890136719,-25.5,0.0,-511.0,0.0,-2.0
955484.206,2868.0,2023.0,-2023.0,-485.5199890136719,-25.5,0.0,-511.0,0.0,-2.0
955495.205,2868.0,2023.0,-2023.0,-485.5199890136719,-25.5,0.0,-511.0,0.0,-2.0
955505.205,2868.0,2023.0,-2023.0,-485.5199890136719,-25.5,0.0,-511.0,0.0,-2.0
955516.2,2868.0,2023.0,-2023.0,-485.5199890136719,-25.5,0.0,-511.0,0.0,-2.0
955526.774,2868.0,2023.0,-2023.0,-485.5199890136719,-25.5,0.0,-511.0,0.0,-2.0
955537.2,2868.0,2023.0,-2023.0,-485.5199890136719,-25.5,0.0,-511.0,0.0,-2.0
955547.2,2868.0,2023.0,-2023.0,-485.5199890136719,-25.5,0.0,-511.0,0.0,-2.0
955558.204,2868.0,2023.0,-2023.0,-485.5199890136719,-25.5,0.0,-511.0,0.0,-2.0
955569.27,2868.0,2023.0,-2023.0,-485.5199890136719,-25.5,0.0,-511.0,0.0,-2.0
955579.27,2868.0,2023.0,-2023.0,-485.5199890136719,-25.5,0.0,-511.0,0.0,-2.0
955590.382,2868.0,2023.0,-2023.0,-485.5199890136719,-25.5,0.0,-511.0,0.0,-2.0
955600.382,2868.0,2023.0,-2023.0,-485.5199890136719,-25.5,0.0,-511.0,0.0,-2.0
955611.205,2868.0,2023.0,-2023.0,-485.5199890136719,-25.5,0.0,-511.0,0.0,-2.0
955622.201,2868.0,2023.0,-2023.0,-485.5199890136719,-25.5,0.0,-511.0,0.0,-2.0
955633.205,2868.0,2023.0,-2023.0,-485.5199890136719,-25.5,0.0,-511.0,0.0,-2.0
955644.205,2868.0,2023.0,-2023.0,-485.5199890136719,-25.5,0.0,-511.0,0.0,-2.0
955655.201,2868.0,2023.0,-2023.0,-485.5199890136719,-25.5,0.0,-511.0,0.0,-2.0
955665.202,2868.0,2023.0,-2023.0,-485.5199890136719,-25.5,0.0,-511.0,0.0,-2.0
955676.205,2868.0,2023.0,-2023.0,-485.5199890136719,-25.5,0.0,-511.0,0.0,-2.0
955687.2,2868.0,2023.0,-2023.0,-485.5199890136719,-25.5,0.0,-511.0,0.0,-2.0
955698.205,2868.0,2023.0,-2023.0,-485.5199890136719,-25.5,0.0,-511.0,0.0,-2.0
955709.201,2868.0,2023.0,-2023.0,-485.5199890136719,-25.5,0.0,-511.0,0.0,-2.0
955720.204,2868.0,2023.0,-2023.0,-485.5199890136719,-25.5,0.0,-511.0,0.0,-2.0
955731.201,2868.0,2023.0,-2023.0,-485.5199890136719,-25.5,0.0,-511.0,0.0,-2.0
955741.202,2868.0,2023.0,-2023.0,-485.5199890136719,-25.5,0.0,-511.0,0.0,-2.0
955751.202,2868.0,2023.0,-2023.0,-485.5199890136719,-25.5,0.0,-511.0,0.0,-2.0
955761.203,2868.0,2023.0,-2023.0,-485.5199890136719,-25.5,0.0,-511.0,0.0,-2.0
955772.201,2868.0,2023.0,-2023.0,-485.5199890136719,-25.5,0.0,-511.0,0.0,-2.0
955783.1,2868.0,2023.0,-2023.0,-485.5199890136719,-25.5,0.0,-511.0,0.0,-2.0
955793.773,2868.0,2023.0,-2023.0,-485.5199890136719,-25.5,0.0,-511.0,0.0,-2.0
955804.209,2868.0,2023.0,-2023.0,-485.5199890136719,-25.5,0.0,-511.0,0.0,-2.0
955814.209,2868.0,2023.0,-2023.0,-485.5199890136719,-25.5,0.0,-511.0,0.0,-2.0
955824.21,2868.0,2023.0,-2023.0,-485.5199890136719,-25.5,0.0,-511.0,0.0,-2.0
955835.205,2868.0,2023.0,-2023.0,-485.5199890136719,-25.5,0.0,-511.0,0.0,-2.0
955845.206,2868.0,2023.0,-2023.0,-485.5199890136719,-25.5,0.0,-511.0,0.0,-2.0
955855.207,2868.0,2023.0,-2023.0,-485.5199890136719,-25.5,0.0,-511.0,0.0,-2.0
955866.201,2868.0,2023.0,-2023.0,-485.5199890136719,-25.5,0.0,-511.0,0.0,-2.0
955877.204,2868.0,2023.0,-2023.0,-485.5199890136719,-25.5,0.0,-511.0,0.0,-2.0
955887.205,2868.0,2023.0,-2023.0,-485.5199890136719,-25.5,0.0,-511.0,0.0,-2.0
955898.205,2868.0,2023.0,-2023.0,-485.5199890136719,-25.5,0.0,-511.0,0.0,-2.0
955909.204,2868.0,2023.0,-2023.0,-485.5199890136719,-25.5,0.0,-511.0,0.0,-2.0
955919.205,2868.0,2023.0,-2023.0,-485.5199890136719,-25.5,0.0,-511.0,0.0,-2.0
955929.698,2868.0,2023.0,-2023.0,-485.5199890136719,-25.5,0.0,-511.0,0.0,-2.0
955940.205,2868.0,2023.0,-2023.0,-485.5199890136719,-25.5,0.0,-511.0,0.0,-2.0
955951.064,2868.0,2023.0,-2023.0,-485.5199890136719,-25.5,0.0,-511.0,0.0,-2.0
955961.064,2868.0,2023.0,-2023.0,-485.5199890136719,-25.5,0.0,-511.0,0.0,-2.0
955971.201,2868.0,2023.0,-2023.0,-485.5199890136719,-25.5,0.0,-511.0,0.0,-2.0
955981.202,2868.0,2023.0,-2023.0,-485.5199890136719,-25.5,0.0,-511.0,0.0,-2.0
955992.205,2868.0,2023.0,-2023.0,-485.5199890136719,-25.5,0.0,-511.0,0.0,-2.0
956003.2,2868.0,2023.0,-2023.0,-485.5199890136719,-25.5,0.0,-511.0,0.0,-2.0
956014.205,2868.0,2023.0,-2023.0,-485.5199890136719,-25.5,0.0,-511.0,0.0,-2.0
956024.206,2868.0,2023.0,-2023.0,-485.5199890136719,-25.5,0.0,-511.0,0.0,-2.0
956035.201,2868.0,2023.0,-2023.0,-485.5199890136719,-25.5,0.0,-511.0,0.0,-2.0
956045.201,2868.0,2023.0,-2023.0,-485.5199890136719,-25.5,0.0,-511.0,0.0,-2.0
956055.201,2868.0,2023.0,-2023.0,-485.5199890136719,-25.5,0.0,-511.0,0.0,-2.0
956066.205,2868.0,2023.0,-2023.0,-485.5199890136719,-25.5,0.0,-511.0,0.0,-2.0
956076.205,2868.0,2023.0,-2023.0,-485.5199890136719,-25.5,0.0,-511.0,0.0,-2.0
956087.205,2868.0,2023.0,-2023.0,-485.5199890136719,-25.5,0.0,-511.0,0.0,-2.0
956097.206,2868.0,2023.0,-2023.0,-485.5199890136719,-25.5,0.0,-511.0,0.0,-2.0
956107.268,2868.0,2023.0,-2023.0,-485.5199890136719,-25.5,0.0,-511.0,0.0,-2.0
956117.268,2868.0,2023.0,-2023.0,-485.5199890136719,-25.5,0.0,-511.0,0.0,-2.0
956127.268,0.0,-1.0,1.0,0.23999999463558197,0.0010000000474974513,0.0,0.0,0.0,1.0
956137.268,0.0,0.0,0.0,0.0,0.0010000000474974513,0.0,0.0,0.0,1.0
956148.2,0.0,1.0,-1.0,-0.23999999463558197,0.0,0.0,0.0,0.0,0.0
956159.205,0.0,0.0,0.0,0.0,0.0,0.0,0.0,0.0,0.0
956170.201,0.0,0.0,0.0,0.0,0.0,0.0,0.0,0.0,0.0
956181.205,0.0,0.0,0.0,0.0,0.0,0.0,0.0,0.0,1.0
956191.205,0.0,0.0,0.0,0.0,0.0,0.0,0.0,0.0,0.0
956202.2,0.0,-1.0,1.0,0.23999999463558197,0.0010000000474974513,0.0,0.0,0.0,1.0
956212.2,0.0,0.0,0.0,0.0,0.0010000000474974513,0.0,0.0,0.0,0.0
956222.201,0.0,0.0,0.0,0.0,0.0010000000474974513,0.0,0.0,0.0,0.0
956233.201,0.0,0.0,0.0,0.0,0.0010000000474974513,0.0,0.0,0.0,2.0
956243.202,0.0,0.0,0.0,0.0,0.0010000000474974513,0.0,0.0,0.0,1.0
956253.964,0.0,0.0,0.0,0.0,0.0010000000474974513,0.0,0.0,0.0,1.0
956263.965,0.0,0.0,0.0,0.0,0.0010000000474974513,0.0,0.0,0.0,1.0
956274.205,0.0,1.0,-1.0,-0.23999999463558197,0.0,0.0,0.0,0.0,1.0
956284.206,0.0,0.0,0.0,0.0,0.0,0.0,0.0,0.0,1.0
956295.201,0.0,0.0,0.0,0.0,0.0,0.0,0.0,0.0,0.0
956306.205,0.0,0.0,0.0,0.0,0.0,0.0,0.0,0.0,0.0
956316.206,0.0,0.0,0.0,0.0,0.0,0.0,0.0,0.0,0.0
956327.2,0.0,0.0,0.0,0.0,0.0,0.0,0.0,0.0,0.0
956337.2,0.0,0.0,0.0,0.0,0.0,0.0,0.0,0.0,0.0
956348.2,0.0,0.0,0.0,0.0,0.0,0.0,0.0,0.0,0.0
956359.205,0.0,0.0,0.0,0.0,0.0,0.0,0.0,0.0,1.0
956370.201,0.0,0.0,0.0,0.0,0.0,0.0,0.0,0.0,2.0
956380.201,0.0,0.0,0.0,0.0,0.0,0.0,0.0,0.0,2.0
956391.205,0.0,1.0,-1.0,-0.23999999463558197,-0.0010000000474974513,0.0,0.0,0.0,1.0
956401.205,0.0,0.0,0.0,0.0,-0.0010000000474974513,0.0,0.0,0.0,2.0
956411.206,0.0,0.0,0.0,0.0,-0.0010000000474974513,0.0,0.0,0.0,0.0
956421.827,0.0,-1.0,1.0,0.23999999463558197,0.0,0.0,0.0,0.0,1.0
956431.828,0.0,-1.0,1.0,0.23999999463558197,0.0010000000474974513,0.0,0.0,0.0,1.0
956441.828,0.0,0.0,0.0,0.0,0.0010000000474974513,0.0,0.0,0.0,1.0
956452.201,0.0,1.0,-1.0,-0.23999999463558197,0.0,0.0,0.0,0.0,2.0
956463.205,0.0,0.0,0.0,0.0,0.0,0.0,0.0,0.0,0.0
956473.206,0.0,0.0,0.0,0.0,0.0,0.0,0.0,0.0,0.0
956484.206,0.0,0.0,0.0,0.0,0.0,0.0,0.0,0.0,1.0
956495.201,0.0,0.0,0.0,0.0,0.0,0.0,0.0,0.0,0.0
956505.202,0.0,0.0,0.0,0.0,0.0,0.0,0.0,0.0,0.0
956515.202,0.0,0.0,0.0,0.0,0.0,0.0,0.0,0.0,1.0
956525.202,0.0,-1.0,1.0,0.23999999463558197,0.0010000000474974513,0.0,0.0,0.0,2.0
956536.204,0.0,0.0,0.0,0.0,0.0010000000474974513,0.0,0.0,0.0,2.0
956547.201,0.0,0.0,0.0,0.0,0.0010000000474974513,0.0,0.0,0.0,0.0
956558.204,0.0,1.0,-1.0,-0.23999999463558197,0.0,0.0,0.0,0.0,0.0
956569.208,0.0,0.0,0.0,0.0,0.0,0.0,0.0,0.0,0.0
956579.209,0.0,0.0,0.0,0.0,0.0,0.0,0.0,0.0,0.0
956590.431,0.0,0.0,0.0,0.0,0.0,0.0,0.0,0.0,0.0
956600.431,0.0,0.0,0.0,0.0,0.0,0.0,0.0,0.0,0.0
956611.205,0.0,0.0,0.0,0.0,0.0,0.0,0.0,0.0,2.0
956621.206,0.0,1.0,-1.0,-0.23999999463558197,-0.0010000000474974513,0.0,0.0,0.0,0.0
956631.207,0.0,0.0,0.0,0.0,-0.0010000000474974513,0.0,0.0,0.0,0.0
956642.205,0.0,0.0,0.0,0.0,-0.0010000000474974513,0.0,0.0,0.0,1.0
956653.204,0.0,0.0,0.0,0.0,-0.0010000000474974513,0.0,0.0,0.0,1.0
956663.205,0.0,0.0,0.0,0.0,-0.0010000000474974513,0.0,0.0,0.0,0.0
956674.201,0.0,0.0,0.0,0.0,-0.0010000000474974513,0.0,0.0,0.0,1.0
956685.205,0.0,0.0,0.0,0.0,-0.0010000000474974513,0.0,0.0,0.0,1.0
956696.201,0.0,1.0,-1.0,-0.23999999463558197,-0.0020000000949949026,0.0,0.0,0.0,1.0
956706.202,0.0,0.0,0.0,0.0,-0.0020000000949949026,0.0,0.0,0.0,0.0
956717.201,0.0,1.0,-1.0,-0.23999999463558197,-0.003000000026077032,0.0,0.0,0.0,1.0
956728.205,0.0,1.0,-1.0,-0.23999999463558197,-0.004000000189989805,0.0,0.0,0.0,0.0
956738.205,0.0,0.0,0.0,0.0,-0.004000000189989805,0.0,0.0,0.0,1.0
956749.204,0.0,0.0,0.0,0.0,-0.004000000189989805,0.0,0.0,0.0,0.0
956759.827,0.0,0.0,0.0,0.0,-0.004000000189989805,0.0,0.0,0.0,1.0
956769.828,0.0,0.0,0.0,0.0,-0.004000000189989805,0.0,0.0,0.0,1.0
956780.205,0.0,-1.0,0.0,0.0,-0.004000000189989805,0.0,0.0,0.0,0.0
956791.205,0.0,0.0,0.0,0.0,-0.003000000026077032,0.0,0.0,0.0,1.0
956801.205,0.0,0.0,0.0,0.0,-0.003000000026077032,0.0,0.0,0.0,0.0
956811.205,0.0,0.0,0.0,0.0,-0.003000000026077032,0.0,0.0,0.0,1.0
956822.205,0.0,0.0,0.0,0.0,-0.003000000026077032,0.0,0.0,0.0,1.0
956832.206,0.0,0.0,0.0,0.0,-0.003000000026077032,0.0,0.0,0.0,2.0
956842.207,0.0,0.0,0.0,0.0,-0.003000000026077032,0.0,0.0,0.0,0.0
956852.208,0.0,1.0,-1.0,-0.23999999463558197,-0.004000000189989805,0.0,0.0,0.0,0.0
956863.204,0.0,0.0,0.0,0.0,-0.004000000189989805,0.0,0.0,0.0,0.0
956873.204,0.0,0.0,0.0,0.0,-0.004000000189989805,0.0,0.0,0.0,2.0
956884.201,0.0,-1.0,1.0,0.23999999463558197,-0.003000000026077032,0.0,0.0,0.0,1.0
956894.202,0.0,-1.0,1.0,0.23999999463558197,-0.0020000000949949026,0.0,0.0,0.0,0.0
956905.173,0.0,0.0,0.0,0.0,-0.0020000000949949026,0.0,0.0,0.0,0.0
956915.174,0.0,0.0,0.0,0.0,-0.0020000000949949026,0.0,0.0,0.0,1.0
956926.157,0.0,0.0,0.0,0.0,-0.0020000000949949026,0.0,0.0,0.0,2.0
956937.173,0.0,0.0,0.0,0.0,-0.0020000000949949026,0.0,0.0,0.0,-1.0
956947.173,0.0,1.0,-1.0,-0.23999999463558197,-0.003000000026077032,0.0,0.0,0.0,3.0
956958.205,0.0,0.0,0.0,0.0,-0.003000000026077032,0.0,0.0,0.0,1.0
956969.2,0.0,0.0,0.0,0.0,-0.003000000026077032,0.0,0.0,0.0,1.0
956980.205,0.0,-1.0,1.0,0.23999999463558197,-0.0020000000949949026,0.0,0.0,0.0,1.0
956990.206,0.0,0.0,0.0,0.0,-0.0020000000949949026,0.0,0.0,0.0,1.0
957000.207,0.0,1.0,-1.0,-0.23999999463558197,-0.003000000026077032,0.0,0.0,0.0,0.0
957011.201,0.0,1.0,-1.0,-0.23999999463558197,-0.004000000189989805,0.0,0.0,0.0,-1.0
957021.201,0.0,0.0,0.0,0.0,-0.004000000189989805,0.0,0.0,0.0,0.0
957032.216,0.0,0.0,0.0,0.0,-0.004000000189989805,0.0,0.0,0.0,0.0
957042.616,0.0,-1.0,1.0,0.23999999463558197,-0.003000000026077032,0.0,0.0,0.0,0.0
957053.201,0.0,-1.0,1.0,0.23999999463558197,-0.0020000000949949026,0.0,0.0,0.0,0.0
957063.202,0.0,-1.0,1.0,0.23999999463558197,-0.0010000000474974513,0.0,0.0,0.0,0.0
957073.202,0.0,0.0,0.0,0.0,-0.0010000000474974513,0.0,0.0,0.0,2.0
957083.202,0.0,0.0,0.0,0.0,-0.0010000000474974513,0.0,0.0,0.0,1.0
957093.202,0.0,0.0,0.0,0.0,-0.0010000000474974513,0.0,0.0,0.0,1.0
957103.202,0.0,-1.0,1.0,0.23999999463558197,0.0,0.0,0.0,0.0,1.0
957114.205,0.0,2.0,-2.0,-0.47999998927116394,-0.0020000000949949026,0.0,0.0,0.0,0.0
957124.206,0.0,1.0,-1.0,-0.23999999463558197,-0.003000000026077032,0.0,0.0,0.0,1.0
957135.205,0.0,0.0,0.0,0.0,-0.003000000026077032,0.0,0.0,0.0,1.0
957146.201,0.0,0.0,0.0,0.0,-0.003000000026077032,0.0,0.0,0.0,2.0
957157.204,0.0,0.0,0.0,0.0,-0.003000000026077032,0.0,0.0,0.0,1.0
957167.205,0.0,0.0,0.0,0.0,-0.003000000026077032,0.0,0.0,0.0,1.0
957177.206,0.0,0.0,0.0,0.0,-0.003000000026077032,0.0,0.0,0.0,1.0
957187.207,0.0,0.0,0.0,0.0,-0.003000000026077032,0.0,0.0,0.0,1.0
957198.2,0.0,-1.0,1.0,0.23999999463558197,-0.0020000000949949026,0.0,0.0,0.0,0.0
957208.201,0.0,0.0,0.0,0.0,-0.0020000000949949026,0.0,0.0,0.0,0.0
957218.202,0.0,0.0,0.0,0.0,-0.0020000000949949026,0.0,0.0,0.0,2.0
957229.205,0.0,1.0,-1.0,-0.23999999463558197,-0.003000000026077032,0.0,0.0,0.0,1.0
957239.206,0.0,0.0,0.0,0.0,-0.003000000026077032,0.0,0.0,0.0,1.0
957249.207,0.0,0.0,0.0,0.0,-0.003000000026077032,0.0,0.0,0.0,1.0
957259.208,0.0,0.0,0.0,0.0,-0.003000000026077032,0.0,0.0,0.0,2.0
957270.201,0.0,0.0,0.0,0.0,-0.003000000026077032,0.0,0.0,0.0,1.0
957280.202,0.0,0.0,0.0,0.0,-0.003000000026077032,0.0,0.0,0.0,0.0
957290.203,0.0,0.0,0.0,0.0,-0.003000000026077032,0.0,0.0,0.0,2.0
957301.205,0.0,0.0,0.0,0.0,-0.003000000026077032,0.0,0.0,0.0,2.0
957312.201,0.0,1.0,-1.0,-0.23999999463558197,-0.004000000189989805,0.0,0.0,0.0,0.0
957322.581,0.0,0.0,0.0,0.0,-0.004000000189989805,0.0,0.0,0.0,0.0
957333.2,0.0,-1.0,1.0,0.23999999463558197,-0.003000000026077032,0.0,0.0,0.0,2.0
957344.209,0.0,0.0,0.0,0.0,-0.003000000026077032,0.0,0.0,0.0,2.0
957355.209,0.0,0.0,0.0,0.0,-0.003000000026077032,0.0,0.0,0.0,1.0
957365.209,0.0,0.0,0.0,0.0,-0.003000000026077032,0.0,0.0,0.0,1.0
957375.21,0.0,0.0,0.0,0.0,-0.003000000026077032,0.0,0.0,0.0,0.0
957386.201,0.0,0.0,0.0,0.0,-0.003000000026077032,0.0,0.0,0.0,2.0
957397.205,0.0,0.0,0.0,0.0,-0.003000000026077032,0.0,0.0,0.0,0.0
957407.205,0.0,0.0,0.0,0.0,-0.003000000026077032,0.0,0.0,0.0,0.0
957417.206,0.0,0.0,0.0,0.0,-0.003000000026077032,0.0,0.0,0.0,0.0
957427.206,0.0,0.0,0.0,0.0,-0.003000000026077032,0.0,0.0,0.0,1.0
957438.204,0.0,0.0,0.0,0.0,-0.003000000026077032,0.0,0.0,0.0,1.0
957449.201,0.0,0.0,0.0,0.0,-0.003000000026077032,0.0,0.0,0.0,1.0
957459.202,0.0,0.0,0.0,0.0,-0.003000000026077032,0.0,0.0,0.0,1.0
957470.205,0.0,0.0,0.0,0.0,-0.003000000026077032,0.0,0.0,0.0,2.0
957481.201,0.0,-1.0,1.0,0.23999999463558197,-0.0020000000949949026,0.0,0.0,0.0,0.0
957492.205,0.0,0.0,0.0,0.0,-0.0020000000949949026,0.0,0.0,0.0,1.0
957503.201,0.0,0.0,0.0,0.0,-0.0020000000949949026,0.0,0.0,0.0,0.0
957514.205,0.0,0.0,0.0,0.0,-0.0020000000949949026,0.0,0.0,0.0,0.0
957525.201,0.0,-1.0,1.0,0.23999999463558197,-0.0010000000474974513,0.0,0.0,0.0,0.0
957536.205,0.0,-1.0,1.0,0.23999999463558197,0.0,0.0,0.0,0.0,0.0
957546.419,0.0,0.0,0.0,0.0,0.0,0.0,0.0,0.0,1.0
957557.205,0.0,1.0,-1.0,-0.23999999463558197,-0.0010000000474974513,0.0,0.0,0.0,0.0
957567.205,0.0,1.0,-1.0,-0.23999999463558197,-0.0020000000949949026,0.0,0.0,0.0,1.0
957578.205,0.0,-1.0,1.0,0.23999999463558197,-0.0010000000474974513,0.0,0.0,0.0,1.0
957589.201,0.0,0.0,0.0,0.0,-0.0010000000474974513,0.0,0.0,0.0,-1.0
957599.202,0.0,1.0,-1.0,-0.23999999463558197,-0.0020000000949949026,0.0,0.0,0.0,0.0
957610.204,0.0,0.0,0.0,0.0,-0.0020000000949949026,0.0,0.0,0.0,1.0
957621.201,0.0,-1.0,1.0,0.23999999463558197,-0.0010000000474974513,0.0,0.0,0.0,0.0
957632.205,0.0,0.0,0.0,0.0,-0.0010000000474974513,0.0,0.0,0.0,0.0
957643.205,0.0,0.0,0.0,0.0,-0.0010000000474974513,0.0,0.0,0.0,0.0
957654.201,0.0,0.0,0.0,0.0,-0.0010000000474974513,0.0,0.0,0.0,0.0
957665.205,0.0,0.0,0.0,0.0,-0.0010000000474974513,0.0,0.0,0.0,1.0
957675.206,0.0,0.0,0.0,0.0,-0.0010000000474974513,0.0,0.0,0.0,1.0
957686.201,0.0,0.0,0.0,0.0,-0.0010000000474974513,0.0,0.0,0.0,1.0
957697.205,0.0,0.0,0.0,0.0,-0.0010000000474974513,0.0,0.0,0.0,1.0
957707.206,0.0,0.0,0.0,0.0,-0.0010000000474974513,0.0,0.0,0.0,1.0
957717.206,0.0,0.0,0.0,0.0,-0.0010000000474974513,0.0,0.0,0.0,1.0
957728.204,0.0,0.0,0.0,0.0,-0.0010000000474974513,0.0,0.0,0.0,-1.0
957739.2,0.0,0.0,0.0,0.0,-0.0010000000474974513,0.0,0.0,0.0,0.0
957749.201,0.0,0.0,0.0,0.0,-0.0010000000474974513,0.0,0.0,0.0,0.0
957759.202,0.0,1.0,-1.0,-0.23999999463558197,-0.0020000000949949026,0.0,0.0,0.0,-1.0
957769.88,0.0,0.0,0.0,0.0,-0.0020000000949949026,0.0,0.0,0.0,0.0
957779.88,0.0,0.0,0.0,0.0,-0.0020000000949949026,0.0,0.0,0.0,1.0
957790.2,0.0,0.0,0.0,0.0,-0.0020000000949949026,0.0,0.0,0.0,1.0
957800.201,0.0,2.0,-2.0,-0.47999998927116394,-0.004000000189989805,0.0,0.0,0.0,0.0
957811.201,0.0,0.0,0.0,0.0,-0.004000000189989805,0.0,0.0,0.0,1.0
957822.205,0.0,0.0,0.0,0.0,-0.004000000189989805,0.0,0.0,0.0,0.0
957832.206,0.0,0.0,0.0,0.0,-0.004000000189989805,0.0,0.0,0.0,1.0
957843.205,0.0,2.0,-2.0,-0.47999998927116394,-0.006000000052154064,0.0,0.0,0.0,1.0
957854.201,0.0,0.0,0.0,0.0,-0.006000000052154064,0.0,0.0,0.0,1.0
957864.201,0.0,0.0,0.0,0.0,-0.006000000052154064,0.0,0.0,0.0,0.0
957874.202,0.0,0.0,0.0,0.0,-0.006000000052154064,0.0,0.0,0.0,2.0
957885.201,0.0,0.0,0.0,0.0,-0.006000000052154064,0.0,0.0,0.0,0.0
957896.205,0.0,1.0,-1.0,-0.23999999463558197,-0.007000000216066837,0.0,0.0,0.0,1.0
957906.206,0.0,0.0,0.0,0.0,-0.007000000216066837,0.0,0.0,0.0,0.0
957916.207,0.0,1.0,-1.0,-0.23999999463558197,-0.00800000037997961,0.0,0.0,0.0,0.0
957927.349,0.0,1.0,-1.0,-0.23999999463558197,-0.008999999612569809,0.0,0.0,0.0,1.0
957937.35,0.0,0.0,0.0,0.0,-0.008999999612569809,0.0,0.0,0.0,1.0
957948.205,0.0,0.0,0.0,0.0,-0.008999999612569809,0.0,0.0,0.0,1.0
957959.2,0.0,-1.0,1.0,0.23999999463558197,-0.00800000037997961,0.0,0.0,0.0,1.0
957970.205,0.0,0.0,0.0,0.0,-0.00800000037997961,0.0,0.0,0.0,-1.0
957981.205,0.0,0.0,0.0,0.0,-0.00800000037997961,0.0,0.0,0.0,0.0
957992.201,0.0,1.0,-1.0,-0.23999999463558197,-0.008999999612569809,0.0,0.0,0.0,0.0
958002.201,0.0,0.0,0.0,0.0,-0.008999999612569809,0.0,0.0,0.0,2.0
958012.202,0.0,0.0,0.0,0.0,-0.008999999612569809,0.0,0.0,0.0,2.0
958023.205,0.0,0.0,0.0,0.0,-0.008999999612569809,0.0,0.0,0.0,1.0
958034.204,0.0,-1.0,1.0,0.23999999463558197,-0.00800000037997961,0.0,0.0,0.0,1.0
958045.201,0.0,0.0,0.0,0.0,-0.00800000037997961,0.0,0.0,0.0,1.0
958056.205,0.0,0.0,0.0,0.0,-0.00800000037997961,0.0,0.0,0.0,1.0
958067.205,0.0,0.0,0.0,0.0,-0.00800000037997961,0.0,0.0,0.0,1.0
958078.201,0.0,0.0,0.0,0.0,-0.00800000037997961,0.0,0.0,0.0,1.0
958088.202,0.0,0.0,0.0,0.0,-0.00800000037997961,0.0,0.0,0.0,0.0
958099.213,0.0,1.0,1.0,0.23999999463558197,-0.007000000216066837,0.0,0.0,0.0,1.0
958109.214,0.0,1.0,-1.0,-0.23999999463558197,-0.00800000037997961,0.0,0.0,0.0,1.0
958119.252,0.0,1.0,-1.0,-0.23999999463558197,-0.008999999612569809,0.0,0.0,0.0,1.0
958129.4,0.0,0.0,0.0,0.0,-0.008999999612569809,0.0,0.0,0.0,1.0
958139.401,0.0,0.0,0.0,0.0,-0.008999999612569809,0.0,0.0,0.0,2.0
958150.205,0.0,0.0,0.0,0.0,-0.008999999612569809,0.0,0.0,0.0,2.0
958161.202,0.0,0.0,0.0,0.0,-0.008999999612569809,0.0,0.0,0.0,3.0
958172.205,0.0,0.0,0.0,0.0,-0.008999999612569809,0.0,0.0,0.0,2.0
958183.201,0.0,0.0,0.0,0.0,-0.008999999612569809,0.0,0.0,0.0,2.0
958193.202,0.0,-1.0,1.0,0.23999999463558197,-0.00800000037997961,0.0,0.0,0.0,0.0
958204.201,0.0,-1.0,1.0,0.23999999463558197,-0.007000000216066837,0.0,0.0,0.0,0.0
958215.205,0.0,0.0,0.0,0.0,-0.007000000216066837,0.0,0.0,0.0,0.0
958226.201,0.0,0.0,0.0,0.0,-0.007000000216066837,0.0,0.0,0.0,0.0
958237.205,0.0,-1.0,1.0,0.23999999463558197,-0.0060000005178153515,0.0,0.0,0.0,-1.0
958248.2,0.0,0.0,0.0,0.0,-0.0060000005178153515,0.0,0.0,0.0,1.0
958259.205,0.0,0.0,0.0,0.0,-0.0060000005178153515,0.0,0.0,0.0,2.0
958270.201,0.0,0.0,0.0,0.0,-0.0060000005178153515,0.0,0.0,0.0,0.0
958280.201,0.0,0.0,0.0,0.0,-0.0060000005178153515,0.0,0.0,0.0,0.0
958290.202,0.0,0.0,0.0,0.0,-0.0060000005178153515,0.0,0.0,0.0,1.0
958301.205,0.0,0.0,0.0,0.0,-0.007000000216066837,0.0,0.0,0.0,2.0
958312.201,0.0,0.0,0.0,0.0,-0.007000000216066837,0.0,0.0,0.0,1.0
958323.205,0.0,0.0,0.0,0.0,-0.007000000216066837,0.0,0.0,0.0,1.0
958333.206,0.0,0.0,0.0,0.0,-0.007000000216066837,0.0,0.0,0.0,1.0
958344.472,0.0,0.0,0.0,0.0,-0.007000000216066837,0.0,0.0,0.0,2.0
958354.473,0.0,0.0,0.0,0.0,-0.007000000216066837,0.0,0.0,0.0,0.0
958364.473,0.0,0.0,0.0,0.0,-0.007000000216066837,0.0,0.0,0.0,0.0
958374.473,0.0,0.0,0.0,0.0,-0.007000000216066837,0.0,0.0,0.0,2.0
958385.201,0.0,0.0,0.0,0.0,-0.007000000216066837,0.0,0.0,0.0,0.0
958396.205,0.0,0.0,0.0,0.0,-0.007000000216066837,0.0,0.0,0.0,1.0
958406.206,0.0,0.0,0.0,0.0,-0.007000000216066837,0.0,0.0,0.0,0.0
958417.204,0.0,0.0,0.0,0.0,-0.007000000216066837,0.0,0.0,0.0,-1.0
958428.201,0.0,0.0,0.0,0.0,-0.007000000216066837,0.0,0.0,0.0,1.0
958439.205,0.0,0.0,0.0,0.0,-0.007000000216066837,0.0,0.0,0.0,1.0
958450.205,0.0,0.0,0.0,0.0,-0.007000000216066837,0.0,0.0,0.0,2.0
958461.205,0.0,1.0,-1.0,-0.23999999463558197,-0.00800000037997961,0.0,0.0,0.0,1.0
958472.201,0.0,0.0,0.0,0.0,-0.007000000216066837,0.0,0.0,0.0,0.0
958483.205,0.0,0.0,0.0,0.0,-0.007000000216066837,0.0,0.0,0.0,0.0
958494.205,0.0,0.0,0.0,0.0,-0.007000000216066837,0.0,0.0,0.0,0.0
958504.206,0.0,0.0,0.0,0.0,-0.007000000216066837,0.0,0.0,0.0,0.0
958514.207,0.0,0.0,0.0,0.0,-0.007000000216066837,0.0,0.0,0.0,2.0
958524.208,0.0,0.0,0.0,0.0,-0.007000000216066837,0.0,0.0,0.0,2.0
958534.211,0.0,0.0,0.0,0.0,-0.007000000216066837,0.0,0.0,0.0,1.0
958544.212,0.0,0.0,0.0,0.0,-0.007000000216066837,0.0,0.0,0.0,2.0
958555.204,0.0,0.0,0.0,0.0,-0.007000000216066837,0.0,0.0,0.0,-1.0
958565.205,0.0,0.0,0.0,0.0,-0.007000000216066837,0.0,0.0,0.0,-1.0
958575.206,0.0,0.0,0.0,0.0,-0.007000000216066837,0.0,0.0,0.0,0.0
958585.206,0.0,0.0,0.0,0.0,-0.007000000216066837,0.0,0.0,0.0,2.0
958595.206,0.0,1.0,-1.0,-0.23999999463558197,-0.00800000037997961,0.0,0.0,0.0,1.0
958606.201,0.0,0.0,0.0,0.0,-0.00800000037997961,0.0,0.0,0.0,1.0
958617.205,0.0,0.0,0.0,0.0,-0.00800000037997961,0.0,0.0,0.0,1.0
958627.206,0.0,0.0,0.0,0.0,-0.00800000037997961,0.0,0.0,0.0,0.0
958638.205,0.0,-1.0,1.0,0.23999999463558197,-0.007000000216066837,0.0,0.0,0.0,0.0
958648.205,0.0,0.0,0.0,0.0,-0.007000000216066837,0.0,0.0,0.0,1.0
958658.206,0.0,0.0,0.0,0.0,-0.007000000216066837,0.0,0.0,0.0,1.0
958669.266,0.0,0.0,0.0,0.0,-0.007000000216066837,0.0,0.0,0.0,2.0
958679.267,0.0,0.0,0.0,0.0,-0.007000000216066837,0.0,0.0,0.0,0.0
958690.204,0.0,1.0,-1.0,-0.23999999463558197,-0.00800000037997961,0.0,0.0,0.0,2.0
958700.204,0.0,0.0,0.0,0.0,-0.00800000037997961,0.0,0.0,0.0,1.0
958710.204,0.0,0.0,0.0,0.0,-0.00800000037997961,0.0,0.0,0.0,2.0
958720.205,0.0,1.0,-1.0,-0.23999999463558197,-0.008999999612569809,0.0,0.0,0.0,-1.0
958731.205,0.0,0.0,0.0,0.0,-0.008999999612569809,0.0,0.0,0.0,1.0
958741.205,0.0,0.0,0.0,0.0,-0.008999999612569809,0.0,0.0,0.0,0.0
958752.205,0.0,1.0,-1.0,-0.23999999463558197,-0.009999999776482582,0.0,0.0,0.0,1.0
958763.205,0.0,0.0,0.0,0.0,-0.009999999776482582,0.0,0.0,0.0,0.0
958774.201,0.0,-1.0,1.0,0.23999999463558197,-0.008999999612569809,0.0,0.0,0.0,0.0
958785.205,0.0,0.0,0.0,0.0,-0.008999999612569809,0.0,0.0,0.0,1.0
958796.201,0.0,0.0,0.0,0.0,-0.008999999612569809,0.0,0.0,0.0,2.0
958806.202,0.0,0.0,0.0,0.0,-0.008999999612569809,0.0,0.0,0.0,1.0
958816.203,0.0,-1.0,1.0,0.23999999463558197,-0.00800000037997961,0.0,0.0,0.0,2.0
958826.203,0.0,0.0,0.0,0.0,-0.00800000037997961,0.0,0.0,0.0,1.0
958837.201,0.0,0.0,0.0,0.0,-0.00800000037997961,0.0,0.0,0.0,0.0
958848.173,0.0,-1.0,1.0,0.23999999463558197,-0.007000000216066837,0.0,0.0,0.0,0.0
958858.173,0.0,0.0,0.0,0.0,-0.007000000216066837,0.0,0.0,0.0,1.0
958869.201,0.0,0.0,0.0,0.0,-0.007000000216066837,0.0,0.0,0.0,0.0
958880.205,0.0,1.0,-1.0,-0.23999999463558197,-0.00800000037997961,0.0,0.0,0.0,0.0
958891.201,0.0,1.0,-1.0,-0.23999999463558197,-0.008999999612569809,0.0,0.0,0.0,0.0
958901.202,0.0,0.0,0.0,0.0,-0.008999999612569809,0.0,0.0,0.0,1.0
958911.203,0.0,0.0,0.0,0.0,-0.008999999612569809,0.0,0.0,0.0,0.0
958921.204,0.0,-1.0,1.0,0.23999999463558197,-0.00800000037997961,0.0,0.0,0.0,0.0
958932.2,0.0,0.0,0.0,0.0,-0.00800000037997961,0.0,0.0,0.0,0.0
958942.201,0.0,0.0,0.0,0.0,-0.00800000037997961,0.0,0.0,0.0,1.0
958953.201,0.0,0.0,0.0,0.0,-0.00800000037997961,0.0,0.0,0.0,1.0
958964.204,0.0,-1.0,1.0,0.23999999463558197,-0.007000000216066837,0.0,0.0,0.0,0.0
958975.205,0.0,0.0,0.0,0.0,-0.007000000216066837,0.0,0.0,0.0,1.0
958986.201,0.0,0.0,0.0,0.0,-0.007000000216066837,0.0,0.0,0.0,0.0
958997.205,0.0,0.0,0.0,0.0,-0.007000000216066837,0.0,0.0,0.0,1.0
959007.207,0.0,0.0,0.0,0.0,-0.007000000216066837,0.0,0.0,0.0,1.0
959017.247,0.0,0.0,0.0,0.0,-0.007000000216066837,0.0,0.0,0.0,1.0
959027.248,0.0,0.0,0.0,0.0,-0.007000000216066837,0.0,0.0,0.0,1.0
959037.249,0.0,0.0,0.0,0.0,-0.007000000216066837,0.0,0.0,0.0,0.0
959048.205,0.0,0.0,0.0,0.0,-0.007000000216066837,0.0,0.0,0.0,0.0
959059.201,0.0,0.0,0.0,0.0,-0.007000000216066837,0.0,0.0,0.0,0.0
959069.202,0.0,1.0,-1.0,-0.23999999463558197,-0.00800000037997961,0.0,0.0,0.0,1.0
959080.201,0.0,1.0,-1.0,-0.23999999463558197,-0.008999999612569809,0.0,0.0,0.0,1.0
959091.205,0.0,0.0,0.0,0.0,-0.008999999612569809,0.0,0.0,0.0,1.0
959101.206,0.0,0.0,0.0,0.0,-0.008999999612569809,0.0,0.0,0.0,-2.0
959111.272,0.0,0.0,0.0,0.0,-0.008999999612569809,0.0,0.0,0.0,2.0
959121.272,0.0,-1.0,1.0,0.23999999463558197,-0.00800000037997961,0.0,0.0,0.0,1.0
959131.272,0.0,1.0,-1.0,-0.23999999463558197,-0.008999999612569809,0.0,0.0,0.0,2.0
959142.205,0.0,1.0,-1.0,-0.23999999463558197,-0.009999999776482582,0.0,0.0,0.0,2.0
959152.205,0.0,2.0,-2.0,-0.47999998927116394,-0.011999999172985554,0.0,0.0,0.0,3.0
959163.205,0.0,-1.0,1.0,0.23999999463558197,-0.01099999900907278,0.0,0.0,0.0,1.0
959174.157,0.0,0.0,0.0,0.0,-0.01099999900907278,0.0,0.0,0.0,1.0
959184.157,0.0,0.0,0.0,0.0,-0.01099999900907278,0.0,0.0,0.0,1.0
959195.2,0.0,1.0,-1.0,-0.23999999463558197,-0.011999999172985554,0.0,0.0,0.0,1.0
959205.2,0.0,1.0,-1.0,-0.23999999463558197,-0.012999999336898327,0.0,0.0,0.0,1.0
959216.201,0.0,0.0,0.0,0.0,-0.012999999336898327,0.0,0.0,0.0,1.0
959226.202,0.0,1.0,-1.0,-0.23999999463558197,-0.014000000432133675,0.0,0.0,0.0,1.0
959237.218,0.0,1.0,-1.0,-0.23999999463558197,-0.017000000923871994,0.0,0.0,0.0,0.0
959248.205,0.0,0.0,0.0,0.0,-0.017000000923871994,0.0,0.0,0.0,1.0
959259.2,0.0,0.0,0.0,0.0,-0.017000000923871994,0.0,0.0,0.0,1.0
959270.205,0.0,0.0,0.0,0.0,-0.017000000923871994,0.0,0.0,0.0,2.0
959280.205,0.0,1.0,-1.0,-0.23999999463558197,-0.018000001087784767,0.0,0.0,0.0,0.0
959291.201,0.0,1.0,-1.0,-0.23999999463558197,-0.01900000125169754,0.0,0.0,0.0,0.0
959301.202,0.0,1.0,-1.0,-0.23999999463558197,-0.020000001415610313,0.0,0.0,0.0,1.0
959311.203,0.0,1.0,-1.0,-0.23999999463558197,-0.021000003442168236,0.0,0.0,0.0,0.0
959321.915,0.0,0.0,0.0,0.0,-0.021000003442168236,0.0,0.0,0.0,0.0
959331.916,0.0,0.0,0.0,0.0,-0.021000003442168236,0.0,0.0,0.0,0.0
959342.201,0.0,0.0,0.0,0.0,-0.021000003442168236,0.0,0.0,0.0,0.0
959353.201,0.0,0.0,0.0,0.0,-0.021000003442168236,0.0,0.0,0.0,0.0
959364.205,0.0,-2.0,2.0,0.47999998927116394,-0.01900000311434269,0.0,0.0,0.0,1.0
959375.205,0.0,0.0,0.0,0.0,-0.01900000311434269,0.0,0.0,0.0,0.0
959386.201,0.0,0.0,0.0,0.0,-0.01900000311434269,0.0,0.0,0.0,0.0
959396.202,0.0,0.0,0.0,0.0,-0.01900000311434269,0.0,0.0,0.0,0.0
959407.2,0.0,0.0,0.0,0.0,-0.01900000311434269,0.0,0.0,0.0,1.0
959417.201,0.0,0.0,0.0,0.0,-0.01900000311434269,0.0,0.0,0.0,0.0
959428.201,0.0,-1.0,1.0,0.23999999463558197,-0.018000002950429916,0.0,0.0,0.0,1.0
959438.201,0.0,-1.0,1.0,0.23999999463558197,-0.017000002786517143,0.0,0.0,0.0,1.0
959449.2,0.0,0.0,0.0,0.0,-0.017000002786517143,0.0,0.0,0.0,1.0
959459.201,0.0,1.0,-1.0,-0.23999999463558197,-0.018000002950429916,0.0,0.0,0.0,0.0
959470.201,0.0,0.0,0.0,0.0,-0.018000002950429916,0.0,0.0,0.0,0.0
959481.205,0.0,-1.0,1.0,0.23999999463558197,-0.017000002786517143,0.0,0.0,0.0,0.0
959491.206,0.0,-1.0,1.0,0.23999999463558197,-0.01600000075995922,0.0,0.0,0.0,0.0
959501.207,0.0,0.0,0.0,0.0,-0.01600000075995922,0.0,0.0,0.0,0.0
959511.208,0.0,0.0,0.0,0.0,-0.01600000075995922,0.0,0.0,0.0,2.0
959522.204,0.0,0.0,0.0,0.0,-0.01600000075995922,0.0,0.0,0.0,2.0
959533.157,0.0,0.0,0.0,0.0,-0.01600000075995922,0.0,0.0,0.0,1.0
959544.205,0.0,0.0,0.0,0.0,-0.01600000075995922,0.0,0.0,0.0,2.0
959555.205,0.0,0.0,0.0,0.0,-0.01600000075995922,0.0,0.0,0.0,1.0
959566.201,0.0,0.0,0.0,0.0,-0.01600000075995922,0.0,0.0,0.0,1.0
959576.202,0.0,0.0,0.0,0.0,-0.01600000075995922,0.0,0.0,0.0,2.0
959586.203,0.0,0.0,0.0,0.0,-0.01600000075995922,0.0,0.0,0.0,0.0
959596.263,0.0,0.0,0.0,0.0,-0.01600000075995922,0.0,0.0,0.0,0.0
959607.201,0.0,0.0,0.0,0.0,-0.01600000075995922,0.0,0.0,0.0,0.0
959617.202,0.0,0.0,0.0,0.0,-0.01600000075995922,0.0,0.0,0.0,0.0
959628.2,0.0,1.0,-1.0,-0.23999999463558197,-0.017000002786517143,0.0,0.0,0.0,1.0
959639.205,0.0,-1.0,1.0,0.23999999463558197,-0.01600000075995922,0.0,0.0,0.0,0.0
959649.205,0.0,1.0,-1.0,-0.23999999463558197,-0.017000002786517143,0.0,0.0,0.0,1.0
959659.206,0.0,-1.0,1.0,0.23999999463558197,-0.01600000075995922,0.0,0.0,0.0,1.0
959669.206,0.0,0.0,0.0,0.0,-0.01600000075995922,0.0,0.0,0.0,0.0
959680.205,0.0,0.0,0.0,0.0,-0.01600000075995922,0.0,0.0,0.0,0.0
959690.205,0.0,0.0,0.0,0.0,-0.01600000075995922,0.0,0.0,0.0,2.0
959701.1,0.0,0.0,0.0,0.0,-0.01600000075995922,0.0,0.0,0.0,2.0
959712.205,0.0,0.0,0.0,0.0,-0.01600000075995922,0.0,0.0,0.0,1.0
959723.205,0.0,0.0,0.0,0.0,-0.01600000075995922,0.0,0.0,0.0,0.0
959734.201,0.0,-1.0,1.0,0.23999999463558197,-0.015000000596046448,0.0,0.0,0.0,1.0
959744.202,0.0,1.0,-1.0,-0.23999999463558197,-0.01600000075995922,0.0,0.0,0.0,2.0
959754.203,0.0,0.0,0.0,0.0,-0.01600000075995922,0.0,0.0,0.0,1.0
959765.201,0.0,0.0,0.0,0.0,-0.01600000075995922,0.0,0.0,0.0,2.0
959775.201,0.0,0.0,0.0,0.0,-0.01600000075995922,0.0,0.0,0.0,2.0
959786.201,0.0,0.0,0.0,0.0,-0.01600000075995922,0.0,0.0,0.0,2.0
959797.205,0.0,0.0,0.0,0.0,-0.01600000075995922,0.0,0.0,0.0,1.0
959808.201,0.0,0.0,0.0,0.0,-0.01600000075995922,0.0,0.0,0.0,0.0
959819.205,0.0,-1.0,1.0,0.23999999463558197,-0.015000000596046448,0.0,0.0,0.0,0.0
959830.202,0.0,0.0,0.0,0.0,-0.015000000596046448,0.0,0.0,0.0,2.0
959840.418,0.0,0.0,0.0,0.0,-0.015000000596046448,0.0,0.0,0.0,2.0
959850.419,0.0,0.0,0.0,0.0,-0.015000000596046448,0.0,0.0,0.0,1.0
959861.015,0.0,0.0,0.0,0.0,-0.015000000596046448,0.0,0.0,0.0,1.0
959871.016,0.0,0.0,0.0,0.0,-0.015000000596046448,0.0,0.0,0.0,1.0
959881.204,0.0,0.0,0.0,0.0,-0.015000000596046448,0.0,0.0,0.0,1.0
959892.201,0.0,0.0,0.0,0.0,-0.015000000596046448,0.0,0.0,0.0,0.0
959903.205,0.0,0.0,0.0,0.0,-0.015000000596046448,0.0,0.0,0.0,0.0
959914.205,0.0,0.0,0.0,0.0,-0.015000000596046448,0.0,0.0,0.0,1.0
959924.206,0.0,0.0,0.0,0.0,-0.015000000596046448,0.0,0.0,0.0,0.0
959934.206,0.0,0.0,0.0,0.0,-0.015000000596046448,0.0,0.0,0.0,1.0
959945.204,0.0,0.0,0.0,0.0,-0.015000000596046448,0.0,0.0,0.0,0.0
959955.205,0.0,0.0,0.0,0.0,-0.015000000596046448,0.0,0.0,0.0,0.0
959965.206,0.0,0.0,0.0,0.0,-0.015000000596046448,0.0,0.0,0.0,1.0
959976.2,0.0,1.0,-1.0,-0.23999999463558197,-0.01600000075995922,0.0,0.0,0.0,1.0
959986.201,0.0,0.0,0.0,0.0,-0.01600000075995922,0.0,0.0,0.0,0.0
959997.201,0.0,-1.0,1.0,0.23999999463558197,-0.015000000596046448,0.0,0.0,0.0,0.0
960007.872,0.0,1.0,-1.0,-0.23999999463558197,-0.01600000075995922,0.0,0.0,0.0,1.0
960018.205,0.0,0.0,0.0,0.0,-0.01600000075995922,0.0,0.0,0.0,0.0
960028.206,0.0,0.0,0.0,0.0,-0.01600000075995922,0.0,0.0,0.0,1.0
960039.205,0.0,0.0,0.0,0.0,-0.01600000075995922,0.0,0.0,0.0,2.0
960050.205,0.0,1.0,-1.0,-0.23999999463558197,-0.017000002786517143,0.0,0.0,0.0,1.0
960061.205,0.0,1.0,-1.0,-0.23999999463558197,-0.018000002950429916,0.0,0.0,0.0,1.0
960071.205,0.0,0.0,0.0,0.0,-0.018000002950429916,0.0,0.0,0.0,1.0
960081.205,0.0,0.0,0.0,0.0,-0.018000002950429916,0.0,0.0,0.0,1.0
960092.205,0.0,1.0,-1.0,-0.23999999463558197,-0.01900000311434269,0.0,0.0,0.0,0.0
960102.206,0.0,0.0,0.0,0.0,-0.01900000311434269,0.0,0.0,0.0,1.0
960113.215,0.0,0.0,0.0,0.0,-0.01900000311434269,0.0,0.0,0.0,1.0
960124.201,0.0,0.0,0.0,0.0,-0.01900000311434269,0.0,0.0,0.0,-1.0
960135.205,0.0,0.0,0.0,0.0,-0.01900000311434269,0.0,0.0,0.0,0.0
960146.201,0.0,1.0,-1.0,-0.23999999463558197,-0.020000003278255463,0.0,0.0,0.0,0.0
960156.202,0.0,-1.0,1.0,0.23999999463558197,-0.01900000311434269,0.0,0.0,0.0,0.0
960166.202,0.0,0.0,0.0,0.0,-0.01900000311434269,0.0,0.0,0.0,0.0
960177.205,0.0,-1.0,1.0,0.23999999463558197,-0.018000002950429916,0.0,0.0,0.0,1.0
960187.206,0.0,0.0,0.0,0.0,-0.018000002950429916,0.0,0.0,0.0,0.0
960197.206,0.0,0.0,0.0,0.0,-0.018000002950429916,0.0,0.0,0.0,0.0
960208.173,0.0,0.0,0.0,0.0,-0.018000002950429916,0.0,0.0,0.0,-1.0
960219.205,0.0,1.0,-1.0,-0.23999999463558197,-0.01900000311434269,0.0,0.0,0.0,1.0
960229.206,0.0,0.0,0.0,0.0,-0.01900000311434269,0.0,0.0,0.0,1.0
960239.207,0.0,0.0,0.0,0.0,-0.01900000311434269,0.0,0.0,0.0,1.0
960250.2,0.0,1.0,-1.0,-0.23999999463558197,-0.020000003278255463,0.0,0.0,0.0,0.0
960261.205,0.0,1.0,-1.0,-0.23999999463558197,-0.021000003442168236,0.0,0.0,0.0,0.0
960272.2,0.0,-1.0,1.0,0.23999999463558197,-0.020000003278255463,0.0,0.0,0.0,1.0
960282.2,0.0,0.0,0.0,0.0,-0.020000003278255463,0.0,0.0,0.0,1.0
960293.201,0.0,0.0,0.0,0.0,-0.020000003278255463,0.0,0.0,0.0,2.0
960303.202,0.0,-1.0,1.0,0.23999999463558197,-0.01900000311434269,0.0,0.0,0.0,1.0
960314.2,0.0,1.0,-1.0,-0.23999999463558197,-0.020000003278255463,0.0,0.0,0.0,1.0
960325.205,0.0,0.0,0.0,0.0,-0.021000003442168236,0.0,0.0,0.0,2.0
960335.206,0.0,1.0,-1.0,-0.23999999463558197,-0.022000005468726158,0.0,0.0,0.0,0.0
960346.2,0.0,1.0,-1.0,-0.23999999463558197,-0.02300000563263893,0.0,0.0,0.0,0.0
960356.2,0.0,0.0,0.0,0.0,-0.02300000563263893,0.0,0.0,0.0,1.0
960366.373,0.0,1.0,-1.0,-0.23999999463558197,-0.024000005796551704,0.0,0.0,0.0,0.0
960377.205,0.0,0.0,0.0,0.0,-0.024000005796551704,0.0,0.0,0.0,0.0
960388.157,0.0,1.0,-1.0,-0.23999999463558197,-0.025000005960464478,0.0,0.0,0.0,0.0
960398.157,0.0,0.0,0.0,0.0,-0.025000005960464478,0.0,0.0,0.0,0.0
960408.157,0.0,0.0,0.0,0.0,-0.025000005960464478,0.0,0.0,0.0,0.0
960418.158,0.0,0.0,0.0,0.0,-0.025000005960464478,0.0,0.0,0.0,0.0
960428.159,0.0,0.0,0.0,0.0,-0.025000005960464478,0.0,0.0,0.0,0.0
960438.16,0.0,0.0,0.0,0.0,-0.025000005960464478,0.0,0.0,0.0,0.0
960448.16,0.0,0.0,0.0,0.0,-0.025000005960464478,0.0,0.0,0.0,0.0
960458.16,0.0,1.0,-1.0,-0.23999999463558197,-0.02600000612437725,0.0,0.0,0.0,0.0
960468.198,0.0,0.0,0.0,0.0,-0.02600000612437725,0.0,0.0,0.0,0.0
960478.198,0.0,0.0,0.0,0.0,-0.02600000612437725,0.0,0.0,0.0,0.0
960489.204,0.0,0.0,0.0,0.0,-0.02600000612437725,0.0,0.0,0.0,1.0
960500.158,0.0,0.0,0.0,0.0,-0.02600000612437725,0.0,0.0,0.0,1.0
960510.159,0.0,0.0,0.0,0.0,-0.02600000612437725,0.0,0.0,0.0,1.0
960521.205,0.0,0.0,0.0,0.0,-0.02600000612437725,0.0,0.0,0.0,1.0
960532.2,0.0,0.0,0.0,0.0,-0.02600000612437725,0.0,0.0,0.0,0.0
960542.2,0.0,1.0,-1.0,-0.23999999463558197,-0.027000004425644875,0.0,0.0,0.0,1.0
960553.2,0.0,0.0,0.0,0.0,-0.027000004425644875,0.0,0.0,0.0,0.0
960563.201,0.0,-1.0,1.0,0.23999999463558197,-0.02600000612437725,0.0,0.0,0.0,1.0
960574.205,0.0,-1.0,1.0,0.23999999463558197,-0.025000005960464478,0.0,0.0,0.0,0.0
960585.2,0.0,0.0,0.0,0.0,-0.025000005960464478,0.0,0.0,0.0,1.0
960596.204,0.0,-2.0,0.0,0.0,-0.025000005960464478,0.0,0.0,0.0,2.0
960607.205,0.0,0.0,0.0,0.0,-0.02300000749528408,0.0,0.0,0.0,1.0
960618.201,0.0,0.0,0.0,0.0,-0.02300000749528408,0.0,0.0,0.0,1.0
960629.205,0.0,2.0,-2.0,-0.47999998927116394,-0.025000005960464478,0.0,0.0,0.0,1.0
960639.205,0.0,1.0,-1.0,-0.23999999463558197,-0.02600000612437725,0.0,0.0,0.0,2.0
960649.205,0.0,0.0,0.0,0.0,-0.02600000612437725,0.0,0.0,0.0,0.0
960659.205,0.0,-1.0,1.0,0.23999999463558197,-0.025000005960464478,0.0,0.0,0.0,1.0
960669.577,0.0,0.0,0.0,0.0,-0.025000005960464478,0.0,0.0,0.0,0.0
960679.578,0.0,0.0,0.0,0.0,-0.025000005960464478,0.0,0.0,0.0,0.0
960689.579,0.0,0.0,0.0,0.0,-0.025000005960464478,0.0,0.0,0.0,0.0
960700.201,0.0,0.0,0.0,0.0,-0.025000005960464478,0.0,0.0,0.0,0.0
960710.202,0.0,-1.0,1.0,0.23999999463558197,-0.024000005796551704,0.0,0.0,0.0,2.0
960721.205,0.0,0.0,0.0,0.0,-0.024000005796551704,0.0,0.0,0.0,1.0
960732.201,0.0,0.0,0.0,0.0,-0.024000005796551704,0.0,0.0,0.0,1.0
960743.204,0.0,0.0,0.0,0.0,-0.024000005796551704,0.0,0.0,0.0,2.0
960754.205,0.0,0.0,0.0,0.0,-0.024000005796551704,0.0,0.0,0.0,2.0
960765.2,0.0,0.0,0.0,0.0,-0.024000005796551704,0.0,0.0,0.0,1.0
960775.201,0.0,0.0,0.0,0.0,-0.024000005796551704,0.0,0.0,0.0,1.0
960786.205,0.0,0.0,0.0,0.0,-0.024000005796551704,0.0,0.0,0.0,1.0
960797.205,0.0,0.0,0.0,0.0,-0.024000005796551704,0.0,0.0,0.0,1.0
960808.201,0.0,1.0,-1.0,-0.23999999463558197,-0.025000005960464478,0.0,0.0,0.0,1.0
960819.204,0.0,0.0,0.0,0.0,-0.025000005960464478,0.0,0.0,0.0,2.0
960829.205,0.0,0.0,0.0,0.0,-0.025000005960464478,0.0,0.0,0.0,2.0
960840.205,0.0,0.0,0.0,0.0,-0.025000005960464478,0.0,0.0,0.0,0.0
960851.208,0.0,-1.0,1.0,0.23999999463558197,-0.024000005796551704,0.0,0.0,0.0,1.0
960862.201,0.0,1.0,-1.0,-0.23999999463558197,-0.025000005960464478,0.0,0.0,0.0,1.0
960872.788,0.0,0.0,0.0,0.0,-0.025000005960464478,0.0,0.0,0.0,1.0
960882.789,0.0,0.0,0.0,0.0,-0.025000005960464478,0.0,0.0,0.0,2.0
960893.201,0.0,0.0,0.0,0.0,-0.025000005960464478,0.0,0.0,0.0,1.0
960904.201,0.0,0.0,0.0,0.0,-0.025000005960464478,0.0,0.0,0.0,1.0
960914.202,0.0,0.0,0.0,0.0,-0.025000005960464478,0.0,0.0,0.0,1.0
960924.202,0.0,0.0,0.0,0.0,-0.025000005960464478,0.0,0.0,0.0,0.0
960934.204,0.0,0.0,0.0,0.0,-0.025000005960464478,0.0,0.0,0.0,1.0
960945.201,0.0,-1.0,1.0,0.23999999463558197,-0.024000005796551704,0.0,0.0,0.0,1.0
960956.205,0.0,-1.0,1.0,0.23999999463558197,-0.02300000563263893,0.0,0.0,0.0,1.0
960966.206,0.0,0.0,0.0,0.0,-0.02300000563263893,0.0,0.0,0.0,0.0
960977.201,0.0,0.0,0.0,0.0,-0.02300000563263893,0.0,0.0,0.0,1.0
960987.202,0.0,0.0,0.0,0.0,-0.02300000563263893,0.0,0.0,0.0,1.0
960997.203,0.0,0.0,0.0,0.0,-0.02300000563263893,0.0,0.0,0.0,0.0
961008.445,0.0,0.0,0.0,0.0,-0.02300000563263893,0.0,0.0,0.0,1.0
961018.446,0.0,0.0,0.0,0.0,-0.02300000563263893,0.0,0.0,0.0,1.0
961029.209,0.0,0.0,0.0,0.0,-0.02300000563263893,0.0,0.0,0.0,0.0
961039.705,0.0,-1.0,1.0,0.23999999463558197,-0.022000005468726158,0.0,0.0,0.0,0.0
961049.706,0.0,-1.0,1.0,0.23999999463558197,-0.021000003442168236,0.0,0.0,0.0,0.0
961060.205,0.0,1.0,-1.0,-0.23999999463558197,-0.022000005468726158,0.0,0.0,0.0,1.0
961070.206,0.0,1.0,-1.0,-0.23999999463558197,-0.02300000563263893,0.0,0.0,0.0,1.0
961081.205,0.0,0.0,0.0,0.0,-0.02300000563263893,0.0,0.0,0.0,1.0
961091.206,0.0,-1.0,1.0,0.23999999463558197,-0.022000005468726158,0.0,0.0,0.0,2.0
961101.207,0.0,0.0,0.0,0.0,-0.022000005468726158,0.0,0.0,0.0,2.0
961112.205,0.0,0.0,0.0,0.0,-0.022000005468726158,0.0,0.0,0.0,1.0
961123.201,0.0,0.0,0.0,0.0,-0.022000005468726158,0.0,0.0,0.0,0.0
961134.205,0.0,0.0,0.0,0.0,-0.022000005468726158,0.0,0.0,0.0,0.0
961144.206,0.0,-1.0,1.0,0.23999999463558197,-0.021000003442168236,0.0,0.0,0.0,1.0
961154.207,0.0,0.0,0.0,0.0,-0.021000003442168236,0.0,0.0,0.0,1.0
961165.209,0.0,0.0,0.0,0.0,-0.021000003442168236,0.0,0.0,0.0,1.0
961175.981,0.0,0.0,0.0,0.0,-0.021000003442168236,0.0,0.0,0.0,1.0
961186.204,0.0,0.0,0.0,0.0,-0.021000003442168236,0.0,0.0,0.0,0.0
961196.205,0.0,0.0,0.0,0.0,-0.021000003442168236,0.0,0.0,0.0,1.0
961207.173,0.0,-1.0,1.0,0.23999999463558197,-0.020000003278255463,0.0,0.0,0.0,0.0
961218.204,0.0,-1.0,1.0,0.23999999463558197,-0.01900000311434269,0.0,0.0,0.0,0.0
961229.201,0.0,0.0,0.0,0.0,-0.01900000311434269,0.0,0.0,0.0,1.0
961239.202,0.0,0.0,0.0,0.0,-0.01900000311434269,0.0,0.0,0.0,1.0
961249.203,0.0,1.0,-1.0,-0.23999999463558197,-0.020000003278255463,0.0,0.0,0.0,1.0
961260.205,0.0,0.0,0.0,0.0,-0.020000003278255463,0.0,0.0,0.0,0.0
961271.205,0.0,0.0,0.0,0.0,-0.020000003278255463,0.0,0.0,0.0,2.0
961282.201,0.0,0.0,0.0,0.0,-0.020000003278255463,0.0,0.0,0.0,1.0
961293.204,0.0,1.0,-1.0,-0.23999999463558197,-0.021000003442168236,0.0,0.0,0.0,2.0
961304.205,0.0,0.0,0.0,0.0,-0.021000003442168236,0.0,0.0,0.0,1.0
961315.201,0.0,0.0,0.0,0.0,-0.021000003442168236,0.0,0.0,0.0,0.0
961326.205,0.0,0.0,0.0,0.0,-0.021000003442168236,0.0,0.0,0.0,0.0
961336.205,0.0,0.0,0.0,0.0,-0.021000003442168236,0.0,0.0,0.0,0.0
961346.206,0.0,0.0,0.0,0.0,-0.021000003442168236,0.0,0.0,0.0,1.0
961357.205,0.0,1.0,-1.0,-0.23999999463558197,-0.022000005468726158,0.0,0.0,0.0,2.0
961367.205,0.0,0.0,0.0,0.0,-0.022000005468726158,0.0,0.0,0.0,0.0
961377.733,0.0,0.0,0.0,0.0,-0.022000005468726158,0.0,0.0,0.0,0.0
961387.914,0.0,0.0,0.0,0.0,-0.022000005468726158,0.0,0.0,0.0,1.0
961397.914,0.0,0.0,0.0,0.0,-0.022000005468726158,0.0,0.0,0.0,1.0
961407.915,0.0,0.0,0.0,0.0,-0.022000005468726158,0.0,0.0,0.0,0.0
961417.916,0.0,0.0,0.0,0.0,-0.022000005468726158,0.0,0.0,0.0,0.0
961428.201,0.0,1.0,-1.0,-0.23999999463558197,-0.02300000563263893,0.0,0.0,0.0,1.0
961439.205,0.0,1.0,-1.0,-0.23999999463558197,-0.024000005796551704,0.0,0.0,0.0,1.0
961450.201,0.0,0.0,0.0,0.0,-0.024000005796551704,0.0,0.0,0.0,2.0
961460.201,0.0,0.0,0.0,0.0,-0.024000005796551704,0.0,0.0,0.0,1.0
961471.205,0.0,-1.0,1.0,0.23999999463558197,-0.02300000563263893,0.0,0.0,0.0,0.0
961481.206,0.0,0.0,0.0,0.0,-0.02300000563263893,0.0,0.0,0.0,-1.0
961492.205,0.0,0.0,0.0,0.0,-0.02300000563263893,0.0,0.0,0.0,0.0
961502.205,0.0,0.0,0.0,0.0,-0.02300000563263893,0.0,0.0,0.0,2.0
961512.206,0.0,0.0,0.0,0.0,-0.02300000563263893,0.0,0.0,0.0,2.0
961523.201,0.0,0.0,0.0,0.0,-0.02300000563263893,0.0,0.0,0.0,1.0
961534.158,0.0,0.0,0.0,0.0,-0.02300000563263893,0.0,0.0,0.0,1.0
961544.159,0.0,0.0,0.0,0.0,-0.02300000563263893,0.0,0.0,0.0,1.0
961555.201,0.0,0.0,0.0,0.0,-0.02300000563263893,0.0,0.0,0.0,1.0
961566.205,0.0,0.0,0.0,0.0,-0.02300000563263893,0.0,0.0,0.0,0.0
961577.201,0.0,0.0,0.0,0.0,-0.02300000563263893,0.0,0.0,0.0,2.0
961588.205,0.0,0.0,0.0,0.0,-0.02300000563263893,0.0,0.0,0.0,2.0
961598.206,0.0,0.0,0.0,0.0,-0.02300000563263893,0.0,0.0,0.0,2.0
961608.207,0.0,0.0,0.0,0.0,-0.02300000563263893,0.0,0.0,0.0,0.0
961619.205,0.0,0.0,0.0,0.0,-0.02300000563263893,0.0,0.0,0.0,0.0
961630.201,0.0,0.0,0.0,0.0,-0.02300000563263893,0.0,0.0,0.0,0.0
961641.368,0.0,0.0,0.0,0.0,-0.02300000563263893,0.0,0.0,0.0,0.0
961651.369,0.0,1.0,-1.0,-0.23999999463558197,-0.024000005796551704,0.0,0.0,0.0,0.0
961662.173,0.0,1.0,-1.0,-0.23999999463558197,-0.025000005960464478,0.0,0.0,0.0,0.0
961672.623,0.0,1.0,-1.0,-0.23999999463558197,-0.02600000612437725,0.0,0.0,0.0,0.0
961683.2,0.0,1.0,-1.0,-0.23999999463558197,-0.027000004425644875,0.0,0.0,0.0,1.0
961693.201,0.0,0.0,0.0,0.0,-0.027000004425644875,0.0,0.0,0.0,0.0
961703.202,0.0,0.0,0.0,0.0,-0.027000004425644875,0.0,0.0,0.0,0.0
961714.203,0.0,0.0,0.0,0.0,-0.027000004425644875,0.0,0.0,0.0,0.0
961725.173,0.0,-1.0,1.0,0.23999999463558197,-0.02600000612437725,0.0,0.0,0.0,-1.0
961736.173,0.0,1.0,-1.0,-0.23999999463558197,-0.027000004425644875,0.0,0.0,0.0,0.0
961746.174,0.0,0.0,0.0,0.0,-0.027000004425644875,0.0,0.0,0.0,2.0
961756.175,0.0,1.0,-1.0,-0.23999999463558197,-0.0280000027269125,0.0,0.0,0.0,1.0
961767.202,0.0,0.0,0.0,0.0,-0.0280000027269125,0.0,0.0,0.0,1.0
961777.203,0.0,0.0,0.0,0.0,-0.0280000027269125,0.0,0.0,0.0,1.0
961787.204,0.0,0.0,0.0,0.0,-0.0280000027269125,0.0,0.0,0.0,1.0
961798.201,0.0,0.0,0.0,0.0,-0.0280000027269125,0.0,0.0,0.0,0.0
961808.202,0.0,0.0,0.0,0.0,-0.0280000027269125,0.0,0.0,0.0,0.0
961818.75,0.0,0.0,0.0,0.0,-0.0280000027269125,0.0,0.0,0.0,2.0
961828.751,0.0,-1.0,1.0,0.23999999463558197,-0.027000004425644875,0.0,0.0,0.0,0.0
961839.343,0.0,-1.0,1.0,0.23999999463558197,-0.02600000612437725,0.0,0.0,0.0,1.0
961850.286,0.0,0.0,0.0,0.0,-0.02600000612437725,0.0,0.0,0.0,0.0
961860.287,0.0,0.0,0.0,0.0,-0.02600000612437725,0.0,0.0,0.0,1.0
961871.204,0.0,1.0,-1.0,-0.23999999463558197,-0.027000004425644875,0.0,0.0,0.0,1.0
961882.201,0.0,0.0,0.0,0.0,-0.027000004425644875,0.0,0.0,0.0,0.0
961892.201,0.0,-1.0,1.0,0.23999999463558197,-0.02600000612437725,0.0,0.0,0.0,1.0
961903.2,0.0,2.0,-2.0,-0.47999998927116394,-0.028000006452202797,0.0,0.0,0.0,0.0
961913.2,0.0,2.0,-2.0,-0.47999998927116394,-0.030000006780028343,0.0,0.0,0.0,0.0
961924.205,0.0,1.0,-1.0,-0.23999999463558197,-0.031000006943941116,0.0,0.0,0.0,0.0
961935.2,0.0,-1.0,1.0,0.23999999463558197,-0.030000006780028343,0.0,0.0,0.0,1.0
961946.205,0.0,1.0,-1.0,-0.23999999463558197,-0.031000006943941116,0.0,0.0,0.0,1.0
961956.206,0.0,0.0,0.0,0.0,-0.031000006943941116,0.0,0.0,0.0,0.0
961967.204,0.0,0.0,0.0,0.0,-0.031000006943941116,0.0,0.0,0.0,0.0
961978.201,0.0,0.0,0.0,0.0,-0.031000006943941116,0.0,0.0,0.0,0.0
961989.205,0.0,0.0,0.0,0.0,-0.031000006943941116,0.0,0.0,0.0,0.0
962000.2,0.0,-1.0,1.0,0.23999999463558197,-0.030000006780028343,0.0,0.0,0.0,1.0
962011.205,0.0,0.0,0.0,0.0,-0.030000006780028343,0.0,0.0,0.0,0.0
962022.2,0.0,0.0,0.0,0.0,-0.030000006780028343,0.0,0.0,0.0,2.0
962033.205,0.0,0.0,0.0,0.0,-0.030000006780028343,0.0,0.0,0.0,2.0
962044.201,0.0,0.0,0.0,0.0,-0.030000006780028343,0.0,0.0,0.0,1.0
962055.205,0.0,0.0,0.0,0.0,-0.030000006780028343,0.0,0.0,0.0,0.0
962066.201,0.0,0.0,0.0,0.0,-0.030000006780028343,0.0,0.0,0.0,1.0
962077.205,0.0,0.0,0.0,0.0,-0.030000006780028343,0.0,0.0,0.0,0.0
962088.205,0.0,0.0,0.0,0.0,-0.030000006780028343,0.0,0.0,0.0,0.0
962098.505,0.0,1.0,-1.0,-0.23999999463558197,-0.031000006943941116,0.0,0.0,0.0,1.0
962108.505,0.0,0.0,0.0,0.0,-0.031000006943941116,0.0,0.0,0.0,1.0
962119.205,0.0,-1.0,1.0,0.23999999463558197,-0.030000006780028343,0.0,0.0,0.0,1.0
962130.157,0.0,0.0,0.0,0.0,-0.030000006780028343,0.0,0.0,0.0,1.0
962140.158,0.0,1.0,-1.0,-0.23999999463558197,-0.031000006943941116,0.0,0.0,0.0,0.0
962151.205,0.0,0.0,0.0,0.0,-0.031000006943941116,0.0,0.0,0.0,0.0
962161.206,0.0,1.0,-1.0,-0.23999999463558197,-0.03200000524520874,0.0,0.0,0.0,2.0
962172.201,0.0,0.0,0.0,0.0,-0.03200000524520874,0.0,0.0,0.0,1.0
962183.205,0.0,0.0,0.0,0.0,-0.03200000524520874,0.0,0.0,0.0,1.0
962194.201,0.0,0.0,0.0,0.0,-0.03200000524520874,0.0,0.0,0.0,0.0
962205.205,0.0,0.0,0.0,0.0,-0.03200000524520874,0.0,0.0,0.0,1.0
962216.201,0.0,0.0,0.0,0.0,-0.03200000524520874,0.0,0.0,0.0,1.0
962226.201,0.0,-1.0,1.0,0.23999999463558197,-0.031000006943941116,0.0,0.0,0.0,0.0
962237.201,0.0,-1.0,1.0,0.23999999463558197,-0.030000006780028343,0.0,0.0,0.0,2.0
962248.204,0.0,0.0,0.0,0.0,-0.030000006780028343,0.0,0.0,0.0,0.0
962259.201,0.0,-1.0,1.0,0.23999999463558197,-0.02900000847876072,0.0,0.0,0.0,0.0
962269.202,0.0,0.0,0.0,0.0,-0.02900000847876072,0.0,0.0,0.0,1.0
962280.201,0.0,0.0,0.0,0.0,-0.02900000847876072,0.0,0.0,0.0,0.0
962290.201,0.0,0.0,0.0,0.0,-0.02900000847876072,0.0,0.0,0.0,0.0
962300.201,0.0,0.0,0.0,0.0,-0.02900000847876072,0.0,0.0,0.0,1.0
962310.202,0.0,0.0,0.0,0.0,-0.02900000847876072,0.0,0.0,0.0,1.0
962321.173,0.0,1.0,-1.0,-0.23999999463558197,-0.030000006780028343,0.0,0.0,0.0,2.0
962332.173,0.0,0.0,0.0,0.0,-0.030000006780028343,0.0,0.0,0.0,0.0
962343.2,0.0,0.0,0.0,0.0,-0.030000006780028343,0.0,0.0,0.0,0.0
962353.201,0.0,-1.0,1.0,0.23999999463558197,-0.02900000847876072,0.0,0.0,0.0,1.0
962363.201,0.0,0.0,0.0,0.0,-0.02900000847876072,0.0,0.0,0.0,0.0
962373.201,0.0,0.0,0.0,0.0,-0.02900000847876072,0.0,0.0,0.0,0.0
962384.205,0.0,0.0,0.0,0.0,-0.02900000847876072,0.0,0.0,0.0,0.0
962395.201,0.0,0.0,0.0,0.0,-0.02900000847876072,0.0,0.0,0.0,1.0
962405.202,0.0,0.0,0.0,0.0,-0.02900000847876072,0.0,0.0,0.0,1.0
962416.205,0.0,0.0,0.0,0.0,-0.02900000847876072,0.0,0.0,0.0,1.0
962426.206,0.0,1.0,-1.0,-0.23999999463558197,-0.030000006780028343,0.0,0.0,0.0,-1.0
962436.207,0.0,1.0,-1.0,-0.23999999463558197,-0.031000006943941116,0.0,0.0,0.0,1.0
962447.206,0.0,0.0,0.0,0.0,-0.031000006943941116,0.0,0.0,0.0,1.0
962457.206,0.0,0.0,0.0,0.0,-0.031000006943941116,0.0,0.0,0.0,0.0
962468.205,0.0,0.0,0.0,0.0,-0.031000006943941116,0.0,0.0,0.0,0.0
962478.206,0.0,0.0,0.0,0.0,-0.031000006943941116,0.0,0.0,0.0,0.0
962488.207,0.0,1.0,-1.0,-0.23999999463558197,-0.03200000524520874,0.0,0.0,0.0,1.0
962499.201,0.0,0.0,0.0,0.0,-0.03200000524520874,0.0,0.0,0.0,0.0
962509.201,0.0,1.0,0.0,0.0,-0.03200000524520874,0.0,0.0,0.0,0.0
962520.205,0.0,0.0,0.0,0.0,-0.033000003546476364,0.0,0.0,0.0,0.0
962531.2,0.0,0.0,0.0,0.0,-0.033000003546476364,0.0,0.0,0.0,1.0
962541.2,0.0,1.0,-1.0,-0.23999999463558197,-0.034000005573034286,0.0,0.0,0.0,1.0
962551.201,0.0,-1.0,1.0,0.23999999463558197,-0.033000003546476364,0.0,0.0,0.0,1.0
962561.202,0.0,0.0,0.0,0.0,-0.033000003546476364,0.0,0.0,0.0,1.0
962572.201,0.0,0.0,0.0,0.0,-0.033000003546476364,0.0,0.0,0.0,0.0
962582.202,0.0,0.0,0.0,0.0,-0.033000003546476364,0.0,0.0,0.0,0.0
962592.203,0.0,-1.0,1.0,0.23999999463558197,-0.03200000524520874,0.0,0.0,0.0,1.0
962602.203,0.0,1.0,-1.0,-0.23999999463558197,-0.033000003546476364,0.0,0.0,0.0,0.0
962612.204,0.0,0.0,0.0,0.0,-0.033000003546476364,0.0,0.0,0.0,1.0
962623.201,0.0,2.0,-2.0,-0.47999998927116394,-0.03500000759959221,0.0,0.0,0.0,0.0
962634.204,0.0,1.0,-1.0,-0.23999999463558197,-0.03600000590085983,0.0,0.0,0.0,0.0
962645.201,0.0,0.0,0.0,0.0,-0.03600000590085983,0.0,0.0,0.0,0.0
962655.202,0.0,1.0,-1.0,-0.23999999463558197,-0.03700000420212746,0.0,0.0,0.0,1.0
962666.2,0.0,1.0,-1.0,-0.23999999463558197,-0.03800000250339508,0.0,0.0,0.0,0.0
962677.205,0.0,0.0,0.0,0.0,-0.03800000250339508,0.0,0.0,0.0,0.0
962688.2,0.0,0.0,0.0,0.0,-0.03800000250339508,0.0,0.0,0.0,0.0
962699.205,0.0,0.0,0.0,0.0,-0.03800000250339508,0.0,0.0,0.0,1.0
962710.201,0.0,0.0,0.0,0.0,-0.03800000250339508,0.0,0.0,0.0,1.0
962721.208,0.0,0.0,0.0,0.0,-0.03800000250339508,0.0,0.0,0.0,2.0
962731.209,0.0,0.0,0.0,0.0,-0.03800000250339508,0.0,0.0,0.0,1.0
962741.209,0.0,0.0,0.0,0.0,-0.03800000250339508,0.0,0.0,0.0,0.0
962752.205,0.0,2.0,-2.0,-0.47999998927116394,-0.04000000283122063,0.0,0.0,0.0,1.0
962763.201,0.0,0.0,0.0,0.0,-0.04000000283122063,0.0,0.0,0.0,1.0
962774.205,0.0,0.0,0.0,0.0,-0.04000000283122063,0.0,0.0,0.0,1.0
962784.205,0.0,0.0,0.0,0.0,-0.04000000283122063,0.0,0.0,0.0,2.0
962794.206,0.0,0.0,0.0,0.0,-0.04000000283122063,0.0,0.0,0.0,2.0
962804.727,0.0,0.0,0.0,0.0,-0.04000000283122063,0.0,0.0,0.0,-1.0
962814.728,0.0,-1.0,1.0,0.23999999463558197,-0.039000004529953,0.0,0.0,0.0,1.0
962825.2,0.0,0.0,0.0,0.0,-0.039000004529953,0.0,0.0,0.0,2.0
962836.205,0.0,1.0,-1.0,-0.23999999463558197,-0.04000000283122063,0.0,0.0,0.0,3.0
962847.201,0.0,0.0,0.0,0.0,-0.04000000283122063,0.0,0.0,0.0,1.0
962858.205,0.0,0.0,0.0,0.0,-0.04000000283122063,0.0,0.0,0.0,1.0
962869.201,0.0,0.0,0.0,0.0,-0.04000000283122063,0.0,0.0,0.0,1.0
962879.201,0.0,0.0,0.0,0.0,-0.04000000283122063,0.0,0.0,0.0,1.0
962889.201,0.0,0.0,0.0,0.0,-0.04000000283122063,0.0,0.0,0.0,0.0
962899.201,0.0,0.0,0.0,0.0,-0.04000000283122063,0.0,0.0,0.0,0.0
962910.204,0.0,0.0,0.0,0.0,-0.04000000283122063,0.0,0.0,0.0,0.0
962920.205,0.0,0.0,0.0,0.0,-0.04000000283122063,0.0,0.0,0.0,2.0
962930.206,0.0,1.0,-1.0,-0.23999999463558197,-0.04100000485777855,0.0,0.0,0.0,0.0
962941.205,0.0,1.0,-1.0,-0.23999999463558197,-0.04200000315904617,0.0,0.0,0.0,1.0
962951.71,0.0,0.0,0.0,0.0,-0.04200000315904617,0.0,0.0,0.0,2.0
962962.205,0.0,0.0,0.0,0.0,-0.04200000315904617,0.0,0.0,0.0,1.0
962972.205,0.0,0.0,0.0,0.0,-0.04200000315904617,0.0,0.0,0.0,1.0
962983.204,0.0,0.0,0.0,0.0,-0.04200000315904617,0.0,0.0,0.0,1.0
962993.204,0.0,0.0,0.0,0.0,-0.04200000315904617,0.0,0.0,0.0,1.0
963004.201,0.0,-1.0,1.0,0.23999999463558197,-0.04100000485777855,0.0,0.0,0.0,0.0
963014.202,0.0,0.0,0.0,0.0,-0.04100000485777855,0.0,0.0,0.0,1.0
963024.202,0.0,0.0,0.0,0.0,-0.04100000485777855,0.0,0.0,0.0,0.0
963035.205,0.0,0.0,0.0,0.0,-0.04100000485777855,0.0,0.0,0.0,0.0
963046.205,0.0,0.0,0.0,0.0,-0.04100000485777855,0.0,0.0,0.0,1.0
963057.201,0.0,1.0,-1.0,-0.23999999463558197,-0.04200000315904617,0.0,0.0,0.0,0.0
963068.205,0.0,1.0,-1.0,-0.23999999463558197,-0.0430000014603138,0.0,0.0,0.0,0.0
963079.205,0.0,0.0,0.0,0.0,-0.0430000014603138,0.0,0.0,0.0,0.0
963089.206,0.0,0.0,0.0,0.0,-0.0430000014603138,0.0,0.0,0.0,2.0
963100.217,0.0,0.0,0.0,0.0,-0.0430000014603138,0.0,0.0,0.0,2.0
963110.218,0.0,0.0,0.0,0.0,-0.0430000014603138,0.0,0.0,0.0,0.0
963120.219,0.0,0.0,0.0,0.0,-0.0430000014603138,0.0,0.0,0.0,1.0
963130.22,0.0,0.0,0.0,0.0,-0.0430000014603138,0.0,0.0,0.0,2.0
963140.221,0.0,1.0,-1.0,-0.23999999463558197,-0.04399999976158142,0.0,0.0,0.0,1.0
963151.201,0.0,0.0,0.0,0.0,-0.04399999976158142,0.0,0.0,0.0,2.0
963161.202,0.0,0.0,0.0,0.0,-0.04399999976158142,0.0,0.0,0.0,2.0
963172.292,0.0,0.0,0.0,0.0,-0.04399999976158142,0.0,0.0,0.0,0.0
963182.292,0.0,1.0,-1.0,-0.23999999463558197,-0.044999998062849045,0.0,0.0,0.0,1.0
963193.205,0.0,0.0,0.0,0.0,-0.044999998062849045,0.0,0.0,0.0,1.0
963203.206,0.0,2.0,-2.0,-0.47999998927116394,-0.04700000211596489,0.0,0.0,0.0,1.0
963213.207,0.0,0.0,0.0,0.0,-0.04700000211596489,0.0,0.0,0.0,1.0
963224.201,0.0,1.0,-1.0,-0.23999999463558197,-0.04800000041723251,0.0,0.0,0.0,0.0
963235.205,0.0,0.0,0.0,0.0,-0.04800000041723251,0.0,0.0,0.0,1.0
963245.206,0.0,0.0,0.0,0.0,-0.04800000041723251,0.0,0.0,0.0,2.0
963256.346,0.0,0.0,0.0,0.0,-0.04800000041723251,0.0,0.0,0.0,2.0
963266.347,0.0,1.0,-1.0,-0.23999999463558197,-0.04899999871850014,0.0,0.0,0.0,0.0
963276.348,0.0,1.0,-1.0,-0.23999999463558197,-0.04999999701976776,0.0,0.0,0.0,1.0
963286.348,0.0,-1.0,1.0,0.23999999463558197,-0.04899999871850014,0.0,0.0,0.0,1.0
963297.2,0.0,1.0,-1.0,-0.23999999463558197,-0.04999999701976776,0.0,0.0,0.0,1.0
963307.2,0.0,0.0,0.0,0.0,-0.04999999701976776,0.0,0.0,0.0,1.0
963317.201,0.0,1.0,-1.0,-0.23999999463558197,-0.050999999046325684,0.0,0.0,0.0,0.0
963327.202,0.0,-1.0,1.0,0.23999999463558197,-0.05000000074505806,0.0,0.0,0.0,0.0
963337.202,0.0,1.0,-1.0,-0.23999999463558197,-0.050999999046325684,0.0,0.0,0.0,1.0
963348.2,0.0,0.0,0.0,0.0,-0.050999999046325684,0.0,0.0,0.0,1.0
963359.205,0.0,0.0,0.0,0.0,-0.050999999046325684,0.0,0.0,0.0,1.0
963370.205,0.0,1.0,-1.0,-0.23999999463558197,-0.05199999734759331,0.0,0.0,0.0,1.0
963381.2,0.0,0.0,0.0,0.0,-0.05199999734759331,0.0,0.0,0.0,2.0
963391.2,0.0,-1.0,1.0,0.23999999463558197,-0.050999999046325684,0.0,0.0,0.0,2.0
963402.201,0.0,0.0,0.0,0.0,-0.050999999046325684,0.0,0.0,0.0,2.0
963413.229,0.0,0.0,0.0,0.0,-0.050999999046325684,0.0,0.0,0.0,1.0
963424.205,0.0,1.0,-1.0,-0.23999999463558197,-0.05199999734759331,0.0,0.0,0.0,0.0
963434.205,0.0,0.0,0.0,0.0,-0.05199999734759331,0.0,0.0,0.0,0.0
963445.173,0.0,0.0,0.0,0.0,-0.05199999734759331,0.0,0.0,0.0,1.0
963456.205,0.0,0.0,0.0,0.0,-0.05199999734759331,0.0,0.0,0.0,0.0
963466.206,0.0,-1.0,1.0,0.23999999463558197,-0.050999999046325684,0.0,0.0,0.0,1.0
963476.207,0.0,0.0,0.0,0.0,-0.050999999046325684,0.0,0.0,0.0,0.0
963487.201,0.0,2.0,-2.0,-0.47999998927116394,-0.05299999937415123,0.0,0.0,0.0,-2.0
963497.201,0.0,-2.0,2.0,0.47999998927116394,-0.050999999046325684,0.0,0.0,0.0,-1.0
963508.2,0.0,0.0,0.0,0.0,-0.050999999046325684,0.0,0.0,0.0,0.0
963519.205,0.0,-1.0,1.0,0.23999999463558197,-0.05000000074505806,0.0,0.0,0.0,1.0
963530.201,0.0,0.0,0.0,0.0,-0.05000000074505806,0.0,0.0,0.0,1.0
963540.201,0.0,0.0,0.0,0.0,-0.05000000074505806,0.0,0.0,0.0,0.0
963551.201,0.0,0.0,0.0,0.0,-0.05000000074505806,0.0,0.0,0.0,1.0
963562.205,0.0,0.0,0.0,0.0,-0.05000000074505806,0.0,0.0,0.0,1.0
963573.2,0.0,0.0,0.0,0.0,-0.05000000074505806,0.0,0.0,0.0,0.0
963584.205,0.0,0.0,0.0,0.0,-0.05000000074505806,0.0,0.0,0.0,1.0
963595.201,0.0,1.0,-1.0,-0.23999999463558197,-0.050999999046325684,0.0,0.0,0.0,2.0
963605.202,0.0,1.0,-1.0,-0.23999999463558197,-0.05199999734759331,0.0,0.0,0.0,1.0
963615.202,0.0,-1.0,1.0,0.23999999463558197,-0.050999999046325684,0.0,0.0,0.0,1.0
963625.202,0.0,0.0,0.0,0.0,-0.050999999046325684,0.0,0.0,0.0,1.0
963635.203,0.0,1.0,-1.0,-0.23999999463558197,-0.05199999734759331,0.0,0.0,0.0,1.0
963646.205,0.0,1.0,-1.0,-0.23999999463558197,-0.05299999937415123,0.0,0.0,0.0,2.0
963656.446,0.0,0.0,0.0,0.0,-0.05299999937415123,0.0,0.0,0.0,0.0
963666.447,0.0,2.0,-2.0,-0.47999998927116394,-0.05499999597668648,0.0,0.0,0.0,2.0
963677.205,0.0,0.0,0.0,0.0,-0.0559999942779541,0.0,0.0,0.0,0.0
963688.2,0.0,0.0,0.0,0.0,-0.0559999942779541,0.0,0.0,0.0,1.0
963698.201,0.0,0.0,0.0,0.0,-0.0559999942779541,0.0,0.0,0.0,1.0
963708.202,0.0,0.0,0.0,0.0,-0.0559999942779541,0.0,0.0,0.0,1.0
963719.205,0.0,0.0,0.0,0.0,-0.0559999942779541,0.0,0.0,0.0,1.0
963729.205,0.0,0.0,0.0,0.0,-0.0559999942779541,0.0,0.0,0.0,1.0
963739.205,0.0,1.0,-1.0,-0.23999999463558197,-0.056999992579221725,0.0,0.0,0.0,0.0
963749.206,0.0,1.0,-1.0,-0.23999999463558197,-0.05799999460577965,0.0,0.0,0.0,1.0
963759.207,0.0,1.0,-1.0,-0.23999999463558197,-0.05899999290704727,0.0,0.0,0.0,1.0
963770.204,0.0,-1.0,1.0,0.23999999463558197,-0.05799999460577965,0.0,0.0,0.0,0.0
963781.2,0.0,0.0,0.0,0.0,-0.05799999460577965,0.0,0.0,0.0,0.0
963791.201,0.0,0.0,0.0,0.0,-0.05799999460577965,0.0,0.0,0.0,1.0
963802.201,0.0,1.0,-1.0,-0.23999999463558197,-0.05899999290704727,0.0,0.0,0.0,1.0
963812.201,0.0,1.0,-1.0,-0.23999999463558197,-0.059999991208314896,0.0,0.0,0.0,0.0
963823.2,0.0,0.0,0.0,0.0,-0.059999991208314896,0.0,0.0,0.0,1.0
963834.258,0.0,0.0,0.0,0.0,-0.059999991208314896,0.0,0.0,0.0,1.0
963845.201,0.0,0.0,0.0,0.0,-0.059999991208314896,0.0,0.0,0.0,0.0
963856.204,0.0,2.0,-2.0,-0.47999998927116394,-0.06199998781085014,0.0,0.0,0.0,0.0
963867.201,0.0,0.0,0.0,0.0,-0.06199998781085014,0.0,0.0,0.0,1.0
963877.201,0.0,0.0,0.0,0.0,-0.06199998781085014,0.0,0.0,0.0,1.0
963888.205,0.0,0.0,0.0,0.0,-0.06199998781085014,0.0,0.0,0.0,1.0
963899.201,0.0,0.0,0.0,0.0,-0.06199998781085014,0.0,0.0,0.0,1.0
963909.202,0.0,0.0,0.0,0.0,-0.06199998781085014,0.0,0.0,0.0,1.0
963920.2,0.0,1.0,-1.0,-0.23999999463558197,-0.06299998611211777,0.0,0.0,0.0,1.0
963930.201,0.0,0.0,0.0,0.0,-0.06299998611211777,0.0,0.0,0.0,1.0
963940.202,0.0,0.0,0.0,0.0,-0.06299998611211777,0.0,0.0,0.0,1.0
963951.157,0.0,0.0,0.0,0.0,-0.06299998611211777,0.0,0.0,0.0,0.0
963961.158,0.0,0.0,0.0,0.0,-0.06299998611211777,0.0,0.0,0.0,0.0
963972.204,0.0,0.0,0.0,0.0,-0.06299998611211777,0.0,0.0,0.0,2.0
963983.201,0.0,1.0,-1.0,-0.23999999463558197,-0.06399998813867569,0.0,0.0,0.0,1.0
963994.205,0.0,0.0,0.0,0.0,-0.06399998813867569,0.0,0.0,0.0,1.0
964004.205,0.0,0.0,0.0,0.0,-0.06399998813867569,0.0,0.0,0.0,1.0
964014.206,0.0,0.0,0.0,0.0,-0.06399998813867569,0.0,0.0,0.0,0.0
964025.2,0.0,0.0,0.0,0.0,-0.06399998813867569,0.0,0.0,0.0,0.0
964036.205,0.0,0.0,0.0,0.0,-0.06399998813867569,0.0,0.0,0.0,1.0
964047.205,0.0,1.0,-1.0,-0.23999999463558197,-0.06499999016523361,0.0,0.0,0.0,1.0
964058.201,0.0,0.0,0.0,0.0,-0.06499999016523361,0.0,0.0,0.0,1.0
964069.205,0.0,-1.0,1.0,0.23999999463558197,-0.06399998813867569,0.0,0.0,0.0,1.0
964079.206,0.0,0.0,0.0,0.0,-0.06399998813867569,0.0,0.0,0.0,2.0
964089.207,0.0,1.0,-1.0,-0.23999999463558197,-0.06499999016523361,0.0,0.0,0.0,2.0
964100.212,0.0,0.0,0.0,0.0,-0.06599998474121094,0.0,0.0,0.0,2.0
964110.212,0.0,0.0,0.0,0.0,-0.06599998474121094,0.0,0.0,0.0,1.0
964120.572,0.0,0.0,0.0,0.0,-0.06599998474121094,0.0,0.0,0.0,0.0
964131.201,0.0,1.0,-1.0,-0.23999999463558197,-0.06699998676776886,0.0,0.0,0.0,1.0
964142.157,0.0,0.0,0.0,0.0,-0.06699998676776886,0.0,0.0,0.0,0.0
964152.157,0.0,0.0,0.0,0.0,-0.06699998676776886,0.0,0.0,0.0,2.0
964163.201,0.0,0.0,0.0,0.0,-0.06699998676776886,0.0,0.0,0.0,1.0
964173.202,0.0,0.0,0.0,0.0,-0.06699998676776886,0.0,0.0,0.0,0.0
964184.2,0.0,0.0,0.0,0.0,-0.06699998676776886,0.0,0.0,0.0,0.0
964194.201,0.0,0.0,0.0,0.0,-0.06699998676776886,0.0,0.0,0.0,0.0
964204.201,0.0,0.0,0.0,0.0,-0.06699998676776886,0.0,0.0,0.0,-1.0
964214.201,0.0,-1.0,1.0,0.23999999463558197,-0.06599998474121094,0.0,0.0,0.0,-1.0
964225.205,0.0,-1.0,1.0,0.23999999463558197,-0.06499999016523361,0.0,0.0,0.0,-1.0
964236.201,0.0,-1.0,1.0,0.23999999463558197,-0.06399998813867569,0.0,0.0,0.0,1.0
964247.205,0.0,-1.0,1.0,0.23999999463558197,-0.06299998611211777,0.0,0.0,0.0,1.0
964257.206,0.0,-1.0,1.0,0.23999999463558197,-0.06199998781085014,0.0,0.0,0.0,0.0
964267.212,0.0,0.0,0.0,0.0,-0.06199998781085014,0.0,0.0,0.0,0.0
964277.213,0.0,-1.0,1.0,0.23999999463558197,-0.06099998950958252,0.0,0.0,0.0,0.0
964288.205,0.0,0.0,0.0,0.0,-0.06099998950958252,0.0,0.0,0.0,1.0
964299.201,0.0,0.0,0.0,0.0,-0.06099998950958252,0.0,0.0,0.0,1.0
964310.201,0.0,-1.0,1.0,0.23999999463558197,-0.059999991208314896,0.0,0.0,0.0,1.0
964321.204,0.0,0.0,0.0,0.0,-0.059999991208314896,0.0,0.0,0.0,1.0
964332.205,0.0,0.0,0.0,0.0,-0.059999991208314896,0.0,0.0,0.0,1.0
964342.206,0.0,0.0,0.0,0.0,-0.059999991208314896,0.0,0.0,0.0,2.0
964352.207,0.0,0.0,0.0,0.0,-0.059999991208314896,0.0,0.0,0.0,1.0
964362.208,0.0,0.0,0.0,0.0,-0.059999991208314896,0.0,0.0,0.0,0.0
964373.201,0.0,-1.0,1.0,0.23999999463558197,-0.05899999290704727,0.0,0.0,0.0,1.0
964384.205,0.0,0.0,0.0,0.0,-0.05899999290704727,0.0,0.0,0.0,2.0
964394.205,0.0,0.0,0.0,0.0,-0.05899999290704727,0.0,0.0,0.0,0.0
964405.205,0.0,0.0,0.0,0.0,-0.05899999290704727,0.0,0.0,0.0,0.0
964416.248,0.0,0.0,0.0,0.0,-0.05899999290704727,0.0,0.0,0.0,0.0
964427.201,0.0,1.0,-1.0,-0.23999999463558197,-0.059999991208314896,0.0,0.0,0.0,1.0
964437.202,0.0,0.0,0.0,0.0,-0.059999991208314896,0.0,0.0,0.0,0.0
964447.203,0.0,-1.0,1.0,0.23999999463558197,-0.05899999290704727,0.0,0.0,0.0,1.0
964458.157,0.0,-1.0,1.0,0.23999999463558197,-0.05799999460577965,0.0,0.0,0.0,1.0
964468.157,0.0,0.0,0.0,0.0,-0.05799999460577965,0.0,0.0,0.0,1.0
964478.158,0.0,1.0,-1.0,-0.23999999463558197,-0.05899999290704727,0.0,0.0,0.0,2.0
964488.158,0.0,0.0,0.0,0.0,-0.05899999290704727,0.0,0.0,0.0,2.0
964499.201,0.0,0.0,0.0,0.0,-0.05899999290704727,0.0,0.0,0.0,2.0
964510.205,0.0,0.0,0.0,0.0,-0.05899999290704727,0.0,0.0,0.0,2.0
964520.206,0.0,1.0,-1.0,-0.23999999463558197,-0.059999991208314896,0.0,0.0,0.0,1.0
964530.207,0.0,0.0,0.0,0.0,-0.059999991208314896,0.0,0.0,0.0,1.0
964541.205,0.0,0.0,0.0,0.0,-0.059999991208314896,0.0,0.0,0.0,0.0
964551.206,0.0,0.0,0.0,0.0,-0.059999991208314896,0.0,0.0,0.0,0.0
964562.2,0.0,0.0,0.0,0.0,-0.059999991208314896,0.0,0.0,0.0,0.0
964572.2,0.0,-1.0,1.0,0.23999999463558197,-0.05899999290704727,0.0,0.0,0.0,0.0
964583.205,0.0,0.0,0.0,0.0,-0.05899999290704727,0.0,0.0,0.0,2.0
964593.205,0.0,0.0,0.0,0.0,-0.05899999290704727,0.0,0.0,0.0,2.0
964604.1,0.0,1.0,-1.0,-0.23999999463558197,-0.059999991208314896,0.0,0.0,0.0,1.0
964614.928,0.0,0.0,0.0,0.0,-0.059999991208314896,0.0,0.0,0.0,0.0
964624.929,0.0,0.0,0.0,0.0,-0.059999991208314896,0.0,0.0,0.0,0.0
964634.93,0.0,0.0,0.0,0.0,-0.059999991208314896,0.0,0.0,0.0,1.0
964645.204,0.0,0.0,0.0,0.0,-0.059999991208314896,0.0,0.0,0.0,2.0
964656.2,0.0,0.0,0.0,0.0,-0.059999991208314896,0.0,0.0,0.0,3.0
964666.201,0.0,1.0,-1.0,-0.23999999463558197,-0.06099998950958252,0.0,0.0,0.0,1.0
964677.202,0.0,1.0,-1.0,-0.23999999463558197,-0.06199998781085014,0.0,0.0,0.0,1.0
964688.204,0.0,1.0,-1.0,-0.23999999463558197,-0.06299998611211777,0.0,0.0,0.0,0.0
964698.205,0.0,0.0,0.0,0.0,-0.06299998611211777,0.0,0.0,0.0,3.0
964709.201,0.0,1.0,-1.0,-0.23999999463558197,-0.06399998813867569,0.0,0.0,0.0,1.0
964720.209,0.0,0.0,0.0,0.0,-0.06399998813867569,0.0,0.0,0.0,1.0
964731.201,0.0,0.0,0.0,0.0,-0.06399998813867569,0.0,0.0,0.0,2.0
964741.201,0.0,0.0,0.0,0.0,-0.06399998813867569,0.0,0.0,0.0,0.0
964751.202,0.0,0.0,0.0,0.0,-0.06399998813867569,0.0,0.0,0.0,0.0
964762.208,0.0,0.0,0.0,0.0,-0.06399998813867569,0.0,0.0,0.0,2.0
964772.489,0.0,0.0,0.0,0.0,-0.06399998813867569,0.0,0.0,0.0,1.0
964782.489,0.0,0.0,0.0,0.0,-0.06399998813867569,0.0,0.0,0.0,0.0
964793.205,0.0,1.0,-1.0,-0.23999999463558197,-0.06499999016523361,0.0,0.0,0.0,1.0
964803.206,0.0,1.0,-1.0,-0.23999999463558197,-0.06599998474121094,0.0,0.0,0.0,1.0
964813.207,0.0,1.0,-1.0,-0.23999999463558197,-0.06699998676776886,0.0,0.0,0.0,0.0
964824.205,0.0,0.0,0.0,0.0,-0.06699998676776886,0.0,0.0,0.0,0.0
964834.206,0.0,0.0,0.0,0.0,-0.06699998676776886,0.0,0.0,0.0,0.0
964845.2,0.0,0.0,0.0,0.0,-0.06799998134374619,0.0,0.0,0.0,0.0
964856.205,0.0,0.0,0.0,0.0,-0.06799998134374619,0.0,0.0,0.0,-1.0
964867.201,0.0,0.0,0.0,0.0,-0.06799998134374619,0.0,0.0,0.0,0.0
964878.205,0.0,1.0,-1.0,-0.23999999463558197,-0.06899998337030411,0.0,0.0,0.0,1.0
964889.205,0.0,1.0,-1.0,-0.23999999463558197,-0.06999998539686203,0.0,0.0,0.0,1.0
964900.201,0.0,0.0,0.0,0.0,-0.06999998539686203,0.0,0.0,0.0,1.0
964910.201,0.0,-1.0,1.0,0.23999999463558197,-0.06899998337030411,0.0,0.0,0.0,0.0
964920.201,0.0,0.0,0.0,0.0,-0.06899998337030411,0.0,0.0,0.0,0.0
964930.414,0.0,0.0,0.0,0.0,-0.06899998337030411,0.0,0.0,0.0,1.0
964940.415,0.0,0.0,0.0,0.0,-0.06899998337030411,0.0,0.0,0.0,1.0
964950.415,0.0,0.0,0.0,0.0,-0.06899998337030411,0.0,0.0,0.0,2.0
964960.416,0.0,0.0,0.0,0.0,-0.06899998337030411,0.0,0.0,0.0,1.0
964971.2,0.0,0.0,0.0,0.0,-0.06899998337030411,0.0,0.0,0.0,0.0
964981.201,0.0,0.0,0.0,0.0,-0.06899998337030411,0.0,0.0,0.0,1.0
964992.201,0.0,0.0,0.0,0.0,-0.06899998337030411,0.0,0.0,0.0,0.0
965002.877,0.0,0.0,0.0,0.0,-0.06899998337030411,0.0,0.0,0.0,0.0
965012.878,0.0,0.0,0.0,0.0,-0.06899998337030411,0.0,0.0,0.0,0.0
965023.201,0.0,1.0,-1.0,-0.23999999463558197,-0.06999998539686203,0.0,0.0,0.0,1.0
965033.201,0.0,2.0,-2.0,-0.47999998927116394,-0.07199998199939728,0.0,0.0,0.0,0.0
965043.202,0.0,2.0,-2.0,-0.47999998927116394,-0.07399997860193253,0.0,0.0,0.0,0.0
965053.203,0.0,0.0,0.0,0.0,-0.07399997860193253,0.0,0.0,0.0,0.0
965063.204,0.0,0.0,0.0,0.0,-0.07399997860193253,0.0,0.0,0.0,0.0
965074.2,0.0,0.0,0.0,0.0,-0.07399997860193253,0.0,0.0,0.0,0.0
965084.201,0.0,1.0,-1.0,-0.23999999463558197,-0.07499998062849045,0.0,0.0,0.0,1.0
965094.254,0.0,1.0,-1.0,-0.23999999463558197,-0.07599997520446777,0.0,0.0,0.0,1.0
965105.2,0.0,0.0,0.0,0.0,-0.07599997520446777,0.0,0.0,0.0,1.0
965116.204,0.0,0.0,0.0,0.0,-0.07599997520446777,0.0,0.0,0.0,1.0
965127.205,0.0,0.0,0.0,0.0,-0.07599997520446777,0.0,0.0,0.0,1.0
965137.205,0.0,-1.0,1.0,0.23999999463558197,-0.07499998062849045,0.0,0.0,0.0,1.0
965147.208,0.0,0.0,0.0,0.0,-0.07499998062849045,0.0,0.0,0.0,0.0
965158.2,0.0,0.0,0.0,0.0,-0.07499998062849045,0.0,0.0,0.0,0.0
965169.205,0.0,0.0,0.0,0.0,-0.07499998062849045,0.0,0.0,0.0,0.0
965179.206,0.0,0.0,0.0,0.0,-0.07499998062849045,0.0,0.0,0.0,0.0
965189.207,0.0,0.0,0.0,0.0,-0.07499998062849045,0.0,0.0,0.0,0.0
965199.207,0.0,1.0,-1.0,-0.23999999463558197,-0.07599997520446777,0.0,0.0,0.0,0.0
965209.208,0.0,0.0,0.0,0.0,-0.07599997520446777,0.0,0.0,0.0,1.0
965220.204,0.0,1.0,-1.0,-0.23999999463558197,-0.0769999772310257,0.0,0.0,0.0,0.0
965230.205,0.0,0.0,0.0,0.0,-0.0769999772310257,0.0,0.0,0.0,0.0
965240.205,0.0,-1.0,1.0,0.23999999463558197,-0.07599997520446777,0.0,0.0,0.0,1.0
965251.2,0.0,0.0,0.0,0.0,-0.07599997520446777,0.0,0.0,0.0,1.0
965261.201,0.0,0.0,0.0,0.0,-0.07599997520446777,0.0,0.0,0.0,0.0
965272.2,0.0,-1.0,1.0,0.23999999463558197,-0.07499998062849045,0.0,0.0,0.0,0.0
965282.2,0.0,1.0,-1.0,-0.23999999463558197,-0.07599997520446777,0.0,0.0,0.0,0.0
965293.2,0.0,0.0,0.0,0.0,-0.07599997520446777,0.0,0.0,0.0,0.0
965304.209,0.0,0.0,0.0,0.0,-0.07599997520446777,0.0,0.0,0.0,0.0
965314.209,0.0,0.0,0.0,0.0,-0.07599997520446777,0.0,0.0,0.0,1.0
965324.209,0.0,0.0,0.0,0.0,-0.07599997520446777,0.0,0.0,0.0,0.0
965334.21,0.0,0.0,0.0,0.0,-0.07599997520446777,0.0,0.0,0.0,2.0
965345.201,0.0,-1.0,1.0,0.23999999463558197,-0.07499998062849045,0.0,0.0,0.0,2.0
965356.2,0.0,0.0,0.0,0.0,-0.07499998062849045,0.0,0.0,0.0,1.0
965367.205,0.0,0.0,0.0,0.0,-0.07499998062849045,0.0,0.0,0.0,0.0
965378.205,0.0,0.0,0.0,0.0,-0.07499998062849045,0.0,0.0,0.0,0.0
965389.2,0.0,0.0,0.0,0.0,-0.07499998062849045,0.0,0.0,0.0,1.0
965400.204,0.0,0.0,0.0,0.0,-0.07499998062849045,0.0,0.0,0.0,0.0
965411.201,0.0,-1.0,1.0,0.23999999463558197,-0.07399997860193253,0.0,0.0,0.0,1.0
965422.205,0.0,1.0,-1.0,-0.23999999463558197,-0.07499998062849045,0.0,0.0,0.0,1.0
965433.201,0.0,1.0,-1.0,-0.23999999463558197,-0.07599997520446777,0.0,0.0,0.0,1.0
965444.205,0.0,1.0,-1.0,-0.23999999463558197,-0.0769999772310257,0.0,0.0,0.0,0.0
965455.201,0.0,0.0,0.0,0.0,-0.0769999772310257,0.0,0.0,0.0,2.0
965465.201,0.0,0.0,0.0,0.0,-0.0769999772310257,0.0,0.0,0.0,1.0
965476.201,0.0,-1.0,1.0,0.23999999463558197,-0.07599997520446777,0.0,0.0,0.0,2.0
965486.201,0.0,0.0,0.0,0.0,-0.07599997520446777,0.0,0.0,0.0,1.0
965496.202,0.0,2.0,-2.0,-0.47999998927116394,-0.07799997180700302,0.0,0.0,0.0,0.0
965506.202,0.0,0.0,0.0,0.0,-0.07799997180700302,0.0,0.0,0.0,0.0
965516.203,0.0,-1.0,1.0,0.23999999463558197,-0.0769999772310257,0.0,0.0,0.0,1.0
965526.204,0.0,0.0,0.0,0.0,-0.0769999772310257,0.0,0.0,0.0,1.0
965536.205,0.0,0.0,0.0,0.0,-0.0769999772310257,0.0,0.0,0.0,0.0
965547.201,0.0,0.0,0.0,0.0,-0.0769999772310257,0.0,0.0,0.0,0.0
965558.205,0.0,0.0,0.0,0.0,-0.0769999772310257,0.0,0.0,0.0,0.0
965568.206,0.0,0.0,0.0,0.0,-0.0769999772310257,0.0,0.0,0.0,0.0
965578.206,0.0,0.0,0.0,0.0,-0.0769999772310257,0.0,0.0,0.0,0.0
965589.205,0.0,-1.0,1.0,0.23999999463558197,-0.07599997520446777,0.0,0.0,0.0,0.0
965600.431,0.0,0.0,0.0,0.0,-0.07599997520446777,0.0,0.0,0.0,1.0
965611.2,0.0,0.0,0.0,0.0,-0.07599997520446777,0.0,0.0,0.0,0.0
965621.201,0.0,0.0,0.0,0.0,-0.07599997520446777,0.0,0.0,0.0,1.0
965631.202,0.0,0.0,0.0,0.0,-0.07599997520446777,0.0,0.0,0.0,2.0
965642.205,0.0,1.0,-1.0,-0.23999999463558197,-0.0769999772310257,0.0,0.0,0.0,0.0
965653.201,0.0,1.0,-1.0,-0.23999999463558197,-0.07799997180700302,0.0,0.0,0.0,0.0
965663.201,0.0,0.0,0.0,0.0,-0.07799997180700302,0.0,0.0,0.0,2.0
965674.2,0.0,-1.0,1.0,0.23999999463558197,-0.0769999772310257,0.0,0.0,0.0,1.0
965684.2,0.0,0.0,0.0,0.0,-0.0769999772310257,0.0,0.0,0.0,0.0
965694.363,0.0,0.0,0.0,0.0,-0.0769999772310257,0.0,0.0,0.0,0.0
965705.205,0.0,1.0,-1.0,-0.23999999463558197,-0.07799997180700302,0.0,0.0,0.0,0.0
965716.157,0.0,-1.0,1.0,0.23999999463558197,-0.0769999772310257,0.0,0.0,0.0,0.0
965727.205,0.0,1.0,-1.0,-0.23999999463558197,-0.07799997180700302,0.0,0.0,0.0,0.0
965738.205,0.0,0.0,0.0,0.0,-0.07799997180700302,0.0,0.0,0.0,0.0
965748.205,0.0,0.0,0.0,0.0,-0.07799997180700302,0.0,0.0,0.0,0.0
965759.204,0.0,0.0,0.0,0.0,-0.07799997180700302,0.0,0.0,0.0,0.0
965769.204,0.0,0.0,0.0,0.0,-0.07799997180700302,0.0,0.0,0.0,1.0
965779.26,0.0,-1.0,1.0,0.23999999463558197,-0.0769999772310257,0.0,0.0,0.0,3.0
965789.262,0.0,0.0,0.0,0.0,-0.0769999772310257,0.0,0.0,0.0,1.0
965800.201,0.0,0.0,0.0,0.0,-0.0769999772310257,0.0,0.0,0.0,2.0
965811.205,0.0,0.0,-1.0,-0.23999999463558197,-0.07799997180700302,0.0,0.0,0.0,1.0
965822.2,0.0,0.0,0.0,0.0,-0.07799997180700302,0.0,0.0,0.0,1.0
965833.205,0.0,1.0,-1.0,-0.23999999463558197,-0.07899997383356094,0.0,0.0,0.0,0.0
965843.206,0.0,0.0,0.0,0.0,-0.07899997383356094,0.0,0.0,0.0,0.0
965854.2,0.0,0.0,0.0,0.0,-0.07899997383356094,0.0,0.0,0.0,0.0
965864.471,0.0,0.0,0.0,0.0,-0.07899997383356094,0.0,0.0,0.0,0.0
965875.204,0.0,1.0,-1.0,-0.23999999463558197,-0.07999997586011887,0.0,0.0,0.0,0.0
965885.205,0.0,1.0,-1.0,-0.23999999463558197,-0.08099997043609619,0.0,0.0,0.0,1.0
965895.206,0.0,-1.0,1.0,0.23999999463558197,-0.07999997586011887,0.0,0.0,0.0,0.0
965906.205,0.0,0.0,0.0,0.0,-0.07999997586011887,0.0,0.0,0.0,1.0
965917.201,0.0,0.0,0.0,0.0,-0.07999997586011887,0.0,0.0,0.0,1.0
965928.205,0.0,0.0,0.0,0.0,-0.07999997586011887,0.0,0.0,0.0,1.0
965938.206,0.0,1.0,-1.0,-0.23999999463558197,-0.08099997043609619,0.0,0.0,0.0,0.0
965948.207,0.0,1.0,-1.0,-0.23999999463558197,-0.08199997246265411,0.0,0.0,0.0,0.0
965959.205,0.0,1.0,-1.0,-0.23999999463558197,-0.08299996703863144,0.0,0.0,0.0,0.0
965970.201,0.0,1.0,-1.0,-0.23999999463558197,-0.08399996906518936,0.0,0.0,0.0,1.0
965980.202,0.0,0.0,0.0,0.0,-0.08399996906518936,0.0,0.0,0.0,-1.0
965991.205,0.0,0.0,0.0,0.0,-0.08399996906518936,0.0,0.0,0.0,1.0
966001.205,0.0,0.0,0.0,0.0,-0.08399996906518936,0.0,0.0,0.0,2.0
966011.206,0.0,0.0,0.0,0.0,-0.08399996906518936,0.0,0.0,0.0,1.0
966021.207,0.0,0.0,0.0,0.0,-0.08399996906518936,0.0,0.0,0.0,1.0
966031.998,0.0,1.0,-1.0,-0.23999999463558197,-0.08499997109174728,0.0,0.0,0.0,0.0
966041.998,0.0,1.0,-1.0,-0.23999999463558197,-0.08599996566772461,0.0,0.0,0.0,2.0
966051.998,0.0,1.0,-1.0,-0.23999999463558197,-0.08699996769428253,0.0,0.0,0.0,2.0
966062.201,0.0,0.0,0.0,0.0,-0.08699996769428253,0.0,0.0,0.0,0.0
966073.216,0.0,0.0,0.0,0.0,-0.08799996227025986,0.0,0.0,0.0,0.0
966083.217,0.0,1.0,-1.0,-0.23999999463558197,-0.08899996429681778,0.0,0.0,0.0,1.0
966094.363,0.0,1.0,-1.0,-0.23999999463558197,-0.0899999663233757,0.0,0.0,0.0,1.0
966104.364,0.0,2.0,-2.0,-0.47999998927116394,-0.09199996292591095,0.0,0.0,0.0,1.0
966114.365,0.0,0.0,0.0,0.0,-0.09199996292591095,0.0,0.0,0.0,1.0
966125.201,0.0,0.0,0.0,0.0,-0.09199996292591095,0.0,0.0,0.0,1.0
966136.205,0.0,0.0,0.0,0.0,-0.09199996292591095,0.0,0.0,0.0,1.0
966147.205,0.0,0.0,0.0,0.0,-0.09199996292591095,0.0,0.0,0.0,1.0
966158.201,0.0,0.0,0.0,0.0,-0.09199996292591095,0.0,0.0,0.0,1.0
966168.201,0.0,-1.0,1.0,0.23999999463558197,-0.09099996089935303,0.0,0.0,0.0,1.0
966178.202,0.0,0.0,0.0,0.0,-0.09099996089935303,0.0,0.0,0.0,1.0
966189.367,0.0,-1.0,1.0,0.23999999463558197,-0.0899999663233757,0.0,0.0,0.0,2.0
966199.367,0.0,0.0,0.0,0.0,-0.0899999663233757,0.0,0.0,0.0,0.0
966209.368,0.0,0.0,0.0,0.0,-0.0899999663233757,0.0,0.0,0.0,1.0
966219.369,0.0,1.0,-1.0,-0.23999999463558197,-0.09099996089935303,0.0,0.0,0.0,0.0
966229.37,0.0,-1.0,1.0,0.23999999463558197,-0.0899999663233757,0.0,0.0,0.0,0.0
966240.205,0.0,0.0,0.0,0.0,-0.0899999663233757,0.0,0.0,0.0,0.0
966250.206,0.0,0.0,0.0,0.0,-0.0899999663233757,0.0,0.0,0.0,1.0
966261.205,0.0,0.0,0.0,0.0,-0.0899999663233757,0.0,0.0,0.0,1.0
966272.204,0.0,0.0,0.0,0.0,-0.0899999663233757,0.0,0.0,0.0,1.0
966283.201,0.0,0.0,0.0,0.0,-0.0899999663233757,0.0,0.0,0.0,0.0
966294.205,0.0,-1.0,1.0,0.23999999463558197,-0.08899996429681778,0.0,0.0,0.0,0.0
966304.205,0.0,-1.0,1.0,0.23999999463558197,-0.08799996227025986,0.0,0.0,0.0,0.0
966315.2,0.0,0.0,0.0,0.0,-0.08799996227025986,0.0,0.0,0.0,1.0
966325.2,0.0,0.0,0.0,0.0,-0.08799996227025986,0.0,0.0,0.0,0.0
966335.2,0.0,0.0,0.0,0.0,-0.08799996227025986,0.0,0.0,0.0,2.0
966346.157,0.0,0.0,0.0,0.0,-0.08799996227025986,0.0,0.0,0.0,3.0
966357.173,0.0,0.0,0.0,0.0,-0.08799996227025986,0.0,0.0,0.0,0.0
966367.174,0.0,0.0,0.0,0.0,-0.08799996227025986,0.0,0.0,0.0,0.0
966377.174,0.0,-1.0,1.0,0.23999999463558197,-0.08699996769428253,0.0,0.0,0.0,0.0
966388.205,0.0,0.0,0.0,0.0,-0.08699996769428253,0.0,0.0,0.0,1.0
966399.205,0.0,0.0,0.0,0.0,-0.08699996769428253,0.0,0.0,0.0,1.0
966410.201,0.0,0.0,0.0,0.0,-0.08699996769428253,0.0,0.0,0.0,1.0
966421.205,0.0,0.0,0.0,0.0,-0.08699996769428253,0.0,0.0,0.0,1.0
966431.206,0.0,0.0,0.0,0.0,-0.08699996769428253,0.0,0.0,0.0,0.0
966442.201,0.0,-1.0,1.0,0.23999999463558197,-0.08599996566772461,0.0,0.0,0.0,0.0
966453.204,0.0,1.0,-1.0,-0.23999999463558197,-0.08699996769428253,0.0,0.0,0.0,0.0
966464.201,0.0,0.0,0.0,0.0,-0.08699996769428253,0.0,0.0,0.0,1.0
966474.97,0.0,1.0,-1.0,-0.23999999463558197,-0.08799996227025986,0.0,0.0,0.0,0.0
966484.973,0.0,1.0,-1.0,-0.23999999463558197,-0.08899996429681778,0.0,0.0,0.0,1.0
966495.205,0.0,0.0,0.0,0.0,-0.08899996429681778,0.0,0.0,0.0,1.0
966506.208,0.0,0.0,0.0,0.0,-0.08899996429681778,0.0,0.0,0.0,0.0
966517.205,0.0,0.0,0.0,0.0,-0.08899996429681778,0.0,0.0,0.0,1.0
966528.209,0.0,0.0,0.0,0.0,-0.08899996429681778,0.0,0.0,0.0,1.0
966539.201,0.0,1.0,-1.0,-0.23999999463558197,-0.0899999663233757,0.0,0.0,0.0,1.0
966550.205,0.0,0.0,0.0,0.0,-0.0899999663233757,0.0,0.0,0.0,2.0
966560.205,0.0,0.0,0.0,0.0,-0.0899999663233757,0.0,0.0,0.0,1.0
966570.205,0.0,0.0,0.0,0.0,-0.0899999663233757,0.0,0.0,0.0,2.0
966580.206,0.0,0.0,0.0,0.0,-0.0899999663233757,0.0,0.0,0.0,2.0
966590.206,0.0,0.0,0.0,0.0,-0.0899999663233757,0.0,0.0,0.0,2.0
966601.205,0.0,0.0,0.0,0.0,-0.0899999663233757,0.0,0.0,0.0,0.0
966612.2,0.0,1.0,-1.0,-0.23999999463558197,-0.09099996089935303,0.0,0.0,0.0,1.0
966623.204,0.0,-1.0,1.0,0.23999999463558197,-0.0899999663233757,0.0,0.0,0.0,0.0
966633.204,0.0,-1.0,1.0,0.23999999463558197,-0.08899996429681778,0.0,0.0,0.0,0.0
966643.205,0.0,-1.0,1.0,0.23999999463558197,-0.08799996227025986,0.0,0.0,0.0,0.0
966654.205,0.0,0.0,0.0,0.0,-0.08799996227025986,0.0,0.0,0.0,0.0
966665.201,0.0,0.0,0.0,0.0,-0.08799996227025986,0.0,0.0,0.0,0.0
966676.205,0.0,1.0,-1.0,-0.23999999463558197,-0.08899996429681778,0.0,0.0,0.0,0.0
966687.204,0.0,0.0,0.0,0.0,-0.08899996429681778,0.0,0.0,0.0,0.0
966698.2,0.0,0.0,0.0,0.0,-0.08899996429681778,0.0,0.0,0.0,1.0
966708.201,0.0,0.0,0.0,0.0,-0.08899996429681778,0.0,0.0,0.0,0.0
966719.2,0.0,0.0,0.0,0.0,-0.08899996429681778,0.0,0.0,0.0,1.0
966730.204,0.0,-1.0,1.0,0.23999999463558197,-0.08799996227025986,0.0,0.0,0.0,1.0
966741.2,0.0,1.0,-1.0,-0.23999999463558197,-0.08899996429681778,0.0,0.0,0.0,1.0
966752.157,0.0,1.0,-1.0,-0.23999999463558197,-0.0899999663233757,0.0,0.0,0.0,1.0
966763.205,0.0,0.0,0.0,0.0,-0.0899999663233757,0.0,0.0,0.0,1.0
966773.206,0.0,0.0,0.0,0.0,-0.0899999663233757,0.0,0.0,0.0,2.0
966783.211,0.0,0.0,0.0,0.0,-0.0899999663233757,0.0,0.0,0.0,0.0
966794.201,0.0,0.0,0.0,0.0,-0.0899999663233757,0.0,0.0,0.0,0.0
966805.205,0.0,0.0,0.0,0.0,-0.0899999663233757,0.0,0.0,0.0,0.0
966815.206,0.0,-1.0,1.0,0.23999999463558197,-0.08899996429681778,0.0,0.0,0.0,1.0
966825.206,0.0,-1.0,1.0,0.23999999463558197,-0.08799996227025986,0.0,0.0,0.0,1.0
966836.2,0.0,0.0,0.0,0.0,-0.08799996227025986,0.0,0.0,0.0,1.0
966847.205,0.0,-1.0,1.0,0.23999999463558197,-0.08699996769428253,0.0,0.0,0.0,0.0
966858.204,0.0,0.0,0.0,0.0,-0.08699996769428253,0.0,0.0,0.0,-1.0
966869.201,0.0,0.0,0.0,0.0,-0.08699996769428253,0.0,0.0,0.0,0.0
966880.204,0.0,-1.0,1.0,0.23999999463558197,-0.08599996566772461,0.0,0.0,0.0,0.0
966890.205,0.0,0.0,0.0,0.0,-0.08599996566772461,0.0,0.0,0.0,0.0
966901.201,0.0,1.0,-1.0,-0.23999999463558197,-0.08699996769428253,0.0,0.0,0.0,1.0
966912.205,0.0,1.0,-1.0,-0.23999999463558197,-0.08799996227025986,0.0,0.0,0.0,0.0
966922.206,0.0,1.0,-1.0,-0.23999999463558197,-0.08899996429681778,0.0,0.0,0.0,0.0
966933.201,0.0,0.0,0.0,0.0,-0.08899996429681778,0.0,0.0,0.0,1.0
966943.202,0.0,0.0,0.0,0.0,-0.08899996429681778,0.0,0.0,0.0,0.0
966953.202,0.0,-1.0,1.0,0.23999999463558197,-0.08799996227025986,0.0,0.0,0.0,1.0
966963.203,0.0,0.0,0.0,0.0,-0.08799996227025986,0.0,0.0,0.0,0.0
966974.201,0.0,0.0,0.0,0.0,-0.08799996227025986,0.0,0.0,0.0,1.0
966985.205,0.0,0.0,0.0,0.0,-0.08799996227025986,0.0,0.0,0.0,1.0
966995.205,0.0,0.0,0.0,0.0,-0.08799996227025986,0.0,0.0,0.0,1.0
967006.204,0.0,0.0,0.0,0.0,-0.08799996227025986,0.0,0.0,0.0,0.0
967017.201,0.0,-1.0,1.0,0.23999999463558197,-0.08699996769428253,0.0,0.0,0.0,0.0
967028.204,0.0,-1.0,1.0,0.23999999463558197,-0.08599996566772461,0.0,0.0,0.0,2.0
967039.201,0.0,0.0,0.0,0.0,-0.08599996566772461,0.0,0.0,0.0,1.0
967050.205,0.0,0.0,0.0,0.0,-0.08599996566772461,0.0,0.0,0.0,2.0
967061.201,0.0,0.0,0.0,0.0,-0.08599996566772461,0.0,0.0,0.0,0.0
967071.201,0.0,0.0,0.0,0.0,-0.08599996566772461,0.0,0.0,0.0,0.0
967081.201,0.0,0.0,0.0,0.0,-0.08599996566772461,0.0,0.0,0.0,0.0
967092.205,0.0,0.0,0.0,0.0,-0.08599996566772461,0.0,0.0,0.0,0.0
967102.206,0.0,0.0,0.0,0.0,-0.08599996566772461,0.0,0.0,0.0,1.0
967112.206,0.0,0.0,0.0,0.0,-0.08599996566772461,0.0,0.0,0.0,2.0
967122.207,0.0,-2.0,2.0,0.47999998927116394,-0.08399996906518936,0.0,0.0,0.0,1.0
967132.208,0.0,-1.0,1.0,0.23999999463558197,-0.08299996703863144,0.0,0.0,0.0,1.0
967143.204,0.0,0.0,0.0,0.0,-0.08299996703863144,0.0,0.0,0.0,1.0
967154.201,0.0,0.0,0.0,0.0,-0.08299996703863144,0.0,0.0,0.0,1.0
967165.205,0.0,0.0,0.0,0.0,-0.08299996703863144,0.0,0.0,0.0,1.0
967175.206,0.0,0.0,0.0,0.0,-0.08299996703863144,0.0,0.0,0.0,0.0
967186.201,0.0,0.0,0.0,0.0,-0.08299996703863144,0.0,0.0,0.0,0.0
967196.202,0.0,0.0,0.0,0.0,-0.08299996703863144,0.0,0.0,0.0,1.0
967206.203,0.0,0.0,0.0,0.0,-0.08299996703863144,0.0,0.0,0.0,1.0
967217.205,0.0,-1.0,1.0,0.23999999463558197,-0.08199997246265411,0.0,0.0,0.0,2.0
967228.201,0.0,0.0,0.0,0.0,-0.08199997246265411,0.0,0.0,0.0,2.0
967238.202,0.0,0.0,0.0,0.0,-0.08199997246265411,0.0,0.0,0.0,2.0
967248.203,0.0,-1.0,1.0,0.23999999463558197,-0.08099997043609619,0.0,0.0,0.0,0.0
967258.204,0.0,0.0,0.0,0.0,-0.08099997043609619,0.0,0.0,0.0,1.0
967268.395,0.0,-1.0,1.0,0.23999999463558197,-0.07999997586011887,0.0,0.0,0.0,0.0
967278.395,0.0,1.0,-1.0,-0.23999999463558197,-0.08099997043609619,0.0,0.0,0.0,1.0
967289.201,0.0,0.0,0.0,0.0,-0.08099997043609619,0.0,0.0,0.0,1.0
967300.205,0.0,0.0,0.0,0.0,-0.08099997043609619,0.0,0.0,0.0,1.0
967311.201,0.0,0.0,0.0,0.0,-0.08099997043609619,0.0,0.0,0.0,1.0
967321.202,0.0,1.0,-1.0,-0.23999999463558197,-0.08199997246265411,0.0,0.0,0.0,1.0
967332.201,0.0,-1.0,1.0,0.23999999463558197,-0.07999997586011887,0.0,0.0,0.0,1.0
967342.202,0.0,-1.0,1.0,0.23999999463558197,-0.07899997383356094,0.0,0.0,0.0,1.0
967352.203,0.0,-1.0,1.0,0.23999999463558197,-0.07799997180700302,0.0,0.0,0.0,0.0
967363.2,0.0,2.0,-2.0,-0.47999998927116394,-0.07999997586011887,0.0,0.0,0.0,0.0
967374.205,0.0,1.0,-1.0,-0.23999999463558197,-0.08099997043609619,0.0,0.0,0.0,1.0
967384.206,0.0,1.0,-1.0,-0.23999999463558197,-0.08199997246265411,0.0,0.0,0.0,1.0
967395.208,0.0,1.0,-1.0,-0.23999999463558197,-0.08299996703863144,0.0,0.0,0.0,1.0
967405.208,0.0,0.0,0.0,0.0,-0.08299996703863144,0.0,0.0,0.0,1.0
967415.208,0.0,0.0,0.0,0.0,-0.08299996703863144,0.0,0.0,0.0,0.0
967425.209,0.0,0.0,0.0,0.0,-0.08299996703863144,0.0,0.0,0.0,2.0
967436.205,0.0,0.0,0.0,0.0,-0.08299996703863144,0.0,0.0,0.0,2.0
967446.206,0.0,0.0,0.0,0.0,-0.08299996703863144,0.0,0.0,0.0,0.0
967457.205,0.0,1.0,-1.0,-0.23999999463558197,-0.08399996906518936,0.0,0.0,0.0,1.0
967468.201,0.0,1.0,-1.0,-0.23999999463558197,-0.08499997109174728,0.0,0.0,0.0,1.0
967479.205,0.0,0.0,0.0,0.0,-0.08499997109174728,0.0,0.0,0.0,0.0
967489.205,0.0,0.0,0.0,0.0,-0.08499997109174728,0.0,0.0,0.0,0.0
967500.201,0.0,0.0,0.0,0.0,-0.08499997109174728,0.0,0.0,0.0,2.0
967510.201,0.0,0.0,0.0,0.0,-0.08499997109174728,0.0,0.0,0.0,1.0
967521.204,0.0,0.0,0.0,0.0,-0.08499997109174728,0.0,0.0,0.0,-1.0
967532.201,0.0,0.0,0.0,0.0,-0.08499997109174728,0.0,0.0,0.0,2.0
967543.204,0.0,0.0,0.0,0.0,-0.08499997109174728,0.0,0.0,0.0,0.0
967553.205,0.0,0.0,0.0,0.0,-0.08499997109174728,0.0,0.0,0.0,2.0
967563.476,0.0,0.0,0.0,0.0,-0.08499997109174728,0.0,0.0,0.0,1.0
967574.312,0.0,0.0,0.0,0.0,-0.08499997109174728,0.0,0.0,0.0,1.0
967584.313,0.0,0.0,0.0,0.0,-0.08499997109174728,0.0,0.0,0.0,0.0
967595.173,0.0,0.0,0.0,0.0,-0.08499997109174728,0.0,0.0,0.0,0.0
967606.173,0.0,0.0,0.0,0.0,-0.08499997109174728,0.0,0.0,0.0,0.0
967616.173,0.0,0.0,0.0,0.0,-0.08499997109174728,0.0,0.0,0.0,1.0
967627.201,0.0,0.0,0.0,0.0,-0.08499997109174728,0.0,0.0,0.0,1.0
967638.205,0.0,0.0,0.0,0.0,-0.08499997109174728,0.0,0.0,0.0,0.0
967649.201,0.0,-1.0,1.0,0.23999999463558197,-0.08399996906518936,0.0,0.0,0.0,2.0
967659.201,0.0,0.0,0.0,0.0,-0.08399996906518936,0.0,0.0,0.0,1.0
967670.201,0.0,-1.0,1.0,0.23999999463558197,-0.08299996703863144,0.0,0.0,0.0,0.0
967681.205,0.0,0.0,0.0,0.0,-0.08299996703863144,0.0,0.0,0.0,1.0
967692.201,0.0,0.0,0.0,0.0,-0.08299996703863144,0.0,0.0,0.0,1.0
967702.201,0.0,-1.0,1.0,0.23999999463558197,-0.08199997246265411,0.0,0.0,0.0,-1.0
967712.201,0.0,0.0,0.0,0.0,-0.08199997246265411,0.0,0.0,0.0,1.0
967722.202,0.0,0.0,0.0,0.0,-0.08199997246265411,0.0,0.0,0.0,0.0
967732.202,0.0,-1.0,1.0,0.23999999463558197,-0.08099997043609619,0.0,0.0,0.0,1.0
967743.318,0.0,0.0,0.0,0.0,-0.08099997043609619,0.0,0.0,0.0,2.0
967754.205,0.0,0.0,0.0,0.0,-0.08099997043609619,0.0,0.0,0.0,1.0
967764.206,0.0,0.0,0.0,0.0,-0.08099997043609619,0.0,0.0,0.0,1.0
967774.207,0.0,0.0,0.0,0.0,-0.08099997043609619,0.0,0.0,0.0,1.0
967784.208,0.0,0.0,0.0,0.0,-0.08099997043609619,0.0,0.0,0.0,0.0
967794.208,0.0,0.0,0.0,0.0,-0.08099997043609619,0.0,0.0,0.0,0.0
967804.209,0.0,-1.0,1.0,0.23999999463558197,-0.07999997586011887,0.0,0.0,0.0,0.0
967814.21,0.0,0.0,0.0,0.0,-0.07999997586011887,0.0,0.0,0.0,0.0
967825.222,0.0,0.0,0.0,0.0,-0.08099997043609619,0.0,0.0,0.0,0.0
967836.201,0.0,0.0,0.0,0.0,-0.08099997043609619,0.0,0.0,0.0,2.0
967846.201,0.0,0.0,0.0,0.0,-0.08099997043609619,0.0,0.0,0.0,2.0
967857.201,0.0,0.0,0.0,0.0,-0.08099997043609619,0.0,0.0,0.0,2.0
967867.201,0.0,0.0,0.0,0.0,-0.08099997043609619,0.0,0.0,0.0,1.0
967877.201,0.0,0.0,0.0,0.0,-0.08099997043609619,0.0,0.0,0.0,1.0
967887.201,0.0,0.0,0.0,0.0,-0.08099997043609619,0.0,0.0,0.0,1.0
967897.202,0.0,0.0,0.0,0.0,-0.08099997043609619,0.0,0.0,0.0,0.0
967907.202,0.0,-1.0,1.0,0.23999999463558197,-0.07999997586011887,0.0,0.0,0.0,1.0
967918.204,0.0,0.0,0.0,0.0,-0.07999997586011887,0.0,0.0,0.0,1.0
967929.201,0.0,0.0,0.0,0.0,-0.07999997586011887,0.0,0.0,0.0,2.0
967939.201,0.0,0.0,0.0,0.0,-0.07999997586011887,0.0,0.0,0.0,2.0
967949.201,0.0,0.0,0.0,0.0,-0.07999997586011887,0.0,0.0,0.0,1.0
967960.205,0.0,0.0,0.0,0.0,-0.07999997586011887,0.0,0.0,0.0,0.0
967971.2,0.0,-1.0,1.0,0.23999999463558197,-0.07899997383356094,0.0,0.0,0.0,2.0
967982.205,0.0,0.0,0.0,0.0,-0.07899997383356094,0.0,0.0,0.0,2.0
967992.206,0.0,-1.0,1.0,0.23999999463558197,-0.07799997180700302,0.0,0.0,0.0,0.0
968002.207,0.0,-2.0,2.0,0.47999998927116394,-0.07599997520446777,0.0,0.0,0.0,1.0
968012.207,0.0,0.0,0.0,0.0,-0.07599997520446777,0.0,0.0,0.0,0.0
968022.208,0.0,0.0,0.0,0.0,-0.07599997520446777,0.0,0.0,0.0,1.0
968033.173,0.0,1.0,-1.0,-0.23999999463558197,-0.0769999772310257,0.0,0.0,0.0,0.0
968043.174,0.0,0.0,0.0,0.0,-0.0769999772310257,0.0,0.0,0.0,1.0
968053.174,0.0,0.0,0.0,0.0,-0.0769999772310257,0.0,0.0,0.0,1.0
968063.174,0.0,0.0,0.0,0.0,-0.0769999772310257,0.0,0.0,0.0,1.0
968074.201,0.0,0.0,0.0,0.0,-0.0769999772310257,0.0,0.0,0.0,1.0
968085.205,0.0,1.0,-1.0,-0.23999999463558197,-0.07799997180700302,0.0,0.0,0.0,-1.0
968096.216,0.0,0.0,0.0,0.0,-0.07799997180700302,0.0,0.0,0.0,0.0
968107.215,0.0,0.0,0.0,0.0,-0.07799997180700302,0.0,0.0,0.0,0.0
968117.215,0.0,-1.0,1.0,0.23999999463558197,-0.0769999772310257,0.0,0.0,0.0,1.0
968128.1,0.0,1.0,-1.0,-0.23999999463558197,-0.07799997180700302,0.0,0.0,0.0,-1.0
968139.1,0.0,1.0,-1.0,-0.23999999463558197,-0.07899997383356094,0.0,0.0,0.0,1.0
968150.205,0.0,-2.0,2.0,0.47999998927116394,-0.0769999772310257,0.0,0.0,0.0,0.0
968161.201,0.0,0.0,0.0,0.0,-0.0769999772310257,0.0,0.0,0.0,0.0
968171.201,0.0,-1.0,1.0,0.23999999463558197,-0.07599997520446777,0.0,0.0,0.0,0.0
968181.202,0.0,-1.0,1.0,0.23999999463558197,-0.07499998062849045,0.0,0.0,0.0,0.0
968191.203,0.0,0.0,0.0,0.0,-0.07499998062849045,0.0,0.0,0.0,1.0
968202.173,0.0,0.0,0.0,0.0,-0.07499998062849045,0.0,0.0,0.0,0.0
968213.173,0.0,0.0,0.0,0.0,-0.07499998062849045,0.0,0.0,0.0,1.0
968223.174,0.0,0.0,0.0,0.0,-0.07499998062849045,0.0,0.0,0.0,0.0
968233.174,0.0,1.0,-1.0,-0.23999999463558197,-0.07599997520446777,0.0,0.0,0.0,0.0
968244.204,0.0,0.0,0.0,0.0,-0.07599997520446777,0.0,0.0,0.0,2.0
968255.201,0.0,0.0,0.0,0.0,-0.07599997520446777,0.0,0.0,0.0,2.0
968266.205,0.0,0.0,0.0,0.0,-0.07599997520446777,0.0,0.0,0.0,2.0
968277.201,0.0,0.0,0.0,0.0,-0.07599997520446777,0.0,0.0,0.0,1.0
968288.205,0.0,0.0,0.0,0.0,-0.07599997520446777,0.0,0.0,0.0,1.0
968298.205,0.0,0.0,0.0,0.0,-0.07599997520446777,0.0,0.0,0.0,1.0
968309.202,0.0,0.0,0.0,0.0,-0.07599997520446777,0.0,0.0,0.0,0.0
968320.205,0.0,0.0,0.0,0.0,-0.07599997520446777,0.0,0.0,0.0,0.0
968330.206,0.0,0.0,0.0,0.0,-0.07599997520446777,0.0,0.0,0.0,0.0
968341.201,0.0,0.0,0.0,0.0,-0.07599997520446777,0.0,0.0,0.0,1.0
968351.201,0.0,0.0,0.0,0.0,-0.07599997520446777,0.0,0.0,0.0,2.0
968361.201,0.0,0.0,0.0,0.0,-0.07599997520446777,0.0,0.0,0.0,2.0
968372.157,0.0,0.0,0.0,0.0,-0.07599997520446777,0.0,0.0,0.0,2.0
968383.205,0.0,-1.0,1.0,0.23999999463558197,-0.07499998062849045,0.0,0.0,0.0,2.0
968394.282,0.0,0.0,0.0,0.0,-0.07499998062849045,0.0,0.0,0.0,0.0
968405.204,0.0,0.0,0.0,0.0,-0.07499998062849045,0.0,0.0,0.0,1.0
968416.209,0.0,-1.0,1.0,0.23999999463558197,-0.07399997860193253,0.0,0.0,0.0,0.0
968427.157,0.0,0.0,0.0,0.0,-0.07399997860193253,0.0,0.0,0.0,2.0
968438.043,0.0,0.0,0.0,0.0,-0.07399997860193253,0.0,0.0,0.0,2.0
968448.044,0.0,0.0,0.0,0.0,-0.07399997860193253,0.0,0.0,0.0,1.0
968458.205,0.0,1.0,-1.0,-0.23999999463558197,-0.07499998062849045,0.0,0.0,0.0,0.0
968469.201,0.0,0.0,0.0,0.0,-0.07499998062849045,0.0,0.0,0.0,1.0
968480.205,0.0,1.0,-1.0,-0.23999999463558197,-0.0769999772310257,0.0,0.0,0.0,2.0
968491.205,0.0,0.0,0.0,0.0,-0.0769999772310257,0.0,0.0,0.0,0.0
968502.201,0.0,1.0,-1.0,-0.23999999463558197,-0.07799997180700302,0.0,0.0,0.0,-1.0
968512.201,0.0,0.0,0.0,0.0,-0.07799997180700302,0.0,0.0,0.0,0.0
968522.202,0.0,-1.0,1.0,0.23999999463558197,-0.0769999772310257,0.0,0.0,0.0,1.0
968533.205,0.0,0.0,0.0,0.0,-0.0769999772310257,0.0,0.0,0.0,2.0
968543.206,0.0,0.0,0.0,0.0,-0.0769999772310257,0.0,0.0,0.0,2.0
968553.207,0.0,0.0,0.0,0.0,-0.0769999772310257,0.0,0.0,0.0,0.0
968563.208,0.0,1.0,-1.0,-0.23999999463558197,-0.07799997180700302,0.0,0.0,0.0,1.0
968573.209,0.0,0.0,0.0,0.0,-0.07799997180700302,0.0,0.0,0.0,1.0
968583.21,0.0,0.0,0.0,0.0,-0.07799997180700302,0.0,0.0,0.0,2.0
968593.21,0.0,0.0,0.0,0.0,-0.07799997180700302,0.0,0.0,0.0,2.0
968604.201,0.0,0.0,0.0,0.0,-0.07799997180700302,0.0,0.0,0.0,2.0
968615.205,0.0,0.0,0.0,0.0,-0.07799997180700302,0.0,0.0,0.0,1.0
968625.205,0.0,0.0,0.0,0.0,-0.07799997180700302,0.0,0.0,0.0,0.0
968635.205,0.0,0.0,0.0,0.0,-0.07799997180700302,0.0,0.0,0.0,1.0
968645.205,0.0,0.0,0.0,0.0,-0.07799997180700302,0.0,0.0,0.0,1.0
968655.205,0.0,0.0,0.0,0.0,-0.07799997180700302,0.0,0.0,0.0,1.0
968665.206,0.0,0.0,0.0,0.0,-0.07799997180700302,0.0,0.0,0.0,1.0
968675.207,0.0,0.0,0.0,0.0,-0.07799997180700302,0.0,0.0,0.0,1.0
968685.525,0.0,-1.0,1.0,0.23999999463558197,-0.0769999772310257,0.0,0.0,0.0,1.0
968695.525,0.0,0.0,0.0,0.0,-0.0769999772310257,0.0,0.0,0.0,1.0
968705.526,0.0,1.0,-1.0,-0.23999999463558197,-0.07799997180700302,0.0,0.0,0.0,1.0
968716.201,0.0,1.0,-1.0,-0.23999999463558197,-0.07899997383356094,0.0,0.0,0.0,-1.0
968726.202,0.0,1.0,-1.0,-0.23999999463558197,-0.07999997586011887,0.0,0.0,0.0,0.0
968737.201,0.0,0.0,0.0,0.0,-0.07999997586011887,0.0,0.0,0.0,0.0
968747.201,0.0,0.0,0.0,0.0,-0.07999997586011887,0.0,0.0,0.0,0.0
968758.201,0.0,0.0,0.0,0.0,-0.07999997586011887,0.0,0.0,0.0,1.0
968769.205,0.0,0.0,0.0,0.0,-0.07999997586011887,0.0,0.0,0.0,2.0
968780.157,0.0,0.0,0.0,0.0,-0.07999997586011887,0.0,0.0,0.0,1.0
968790.158,0.0,0.0,0.0,0.0,-0.07999997586011887,0.0,0.0,0.0,1.0
968800.159,0.0,-1.0,1.0,0.23999999463558197,-0.07899997383356094,0.0,0.0,0.0,1.0
968811.202,0.0,-1.0,1.0,0.23999999463558197,-0.07799997180700302,0.0,0.0,0.0,1.0
968821.203,0.0,0.0,0.0,0.0,-0.07799997180700302,0.0,0.0,0.0,0.0
968831.203,0.0,0.0,0.0,0.0,-0.07799997180700302,0.0,0.0,0.0,0.0
968841.205,0.0,0.0,0.0,0.0,-0.07799997180700302,0.0,0.0,0.0,2.0
968852.201,0.0,-1.0,0.0,0.0,-0.07799997180700302,0.0,0.0,0.0,0.0
968862.201,0.0,0.0,1.0,0.23999999463558197,-0.0769999772310257,0.0,0.0,0.0,1.0
968873.205,0.0,0.0,0.0,0.0,-0.0769999772310257,0.0,0.0,0.0,0.0
968884.201,0.0,-1.0,1.0,0.23999999463558197,-0.07599997520446777,0.0,0.0,0.0,1.0
968895.205,0.0,0.0,0.0,0.0,-0.07599997520446777,0.0,0.0,0.0,1.0
968905.206,0.0,0.0,0.0,0.0,-0.07599997520446777,0.0,0.0,0.0,1.0
968915.206,0.0,0.0,0.0,0.0,-0.07599997520446777,0.0,0.0,0.0,1.0
968926.204,0.0,0.0,0.0,0.0,-0.07599997520446777,0.0,0.0,0.0,2.0
968936.204,0.0,0.0,0.0,0.0,-0.07599997520446777,0.0,0.0,0.0,0.0
968947.201,0.0,-1.0,1.0,0.23999999463558197,-0.07499998062849045,0.0,0.0,0.0,2.0
968958.209,0.0,0.0,0.0,0.0,-0.07499998062849045,0.0,0.0,0.0,1.0
968969.2,0.0,0.0,0.0,0.0,-0.07499998062849045,0.0,0.0,0.0,2.0
968979.2,0.0,-1.0,1.0,0.23999999463558197,-0.07399997860193253,0.0,0.0,0.0,2.0
968989.201,0.0,0.0,0.0,0.0,-0.07399997860193253,0.0,0.0,0.0,0.0
968999.867,0.0,0.0,0.0,0.0,-0.07399997860193253,0.0,0.0,0.0,1.0
969009.868,0.0,-1.0,1.0,0.23999999463558197,-0.0729999765753746,0.0,0.0,0.0,1.0
969020.205,0.0,1.0,-1.0,-0.23999999463558197,-0.07399997860193253,0.0,0.0,0.0,0.0
969031.205,0.0,-1.0,1.0,0.23999999463558197,-0.0729999765753746,0.0,0.0,0.0,0.0
969042.201,0.0,0.0,0.0,0.0,-0.0729999765753746,0.0,0.0,0.0,0.0
969052.202,0.0,0.0,0.0,0.0,-0.0729999765753746,0.0,0.0,0.0,0.0
969063.201,0.0,0.0,0.0,0.0,-0.0729999765753746,0.0,0.0,0.0,1.0
969073.202,0.0,0.0,0.0,0.0,-0.0729999765753746,0.0,0.0,0.0,1.0
969083.203,0.0,0.0,0.0,0.0,-0.0729999765753746,0.0,0.0,0.0,1.0
969093.203,0.0,0.0,0.0,0.0,-0.0729999765753746,0.0,0.0,0.0,1.0
969104.2,0.0,0.0,0.0,0.0,-0.0729999765753746,0.0,0.0,0.0,1.0
969115.204,0.0,0.0,0.0,0.0,-0.0729999765753746,0.0,0.0,0.0,1.0
969126.201,0.0,0.0,0.0,0.0,-0.0729999765753746,0.0,0.0,0.0,0.0
969136.201,0.0,0.0,0.0,0.0,-0.0729999765753746,0.0,0.0,0.0,0.0
969147.2,0.0,1.0,-1.0,-0.23999999463558197,-0.07399997860193253,0.0,0.0,0.0,0.0
969157.201,0.0,1.0,-1.0,-0.23999999463558197,-0.07499998062849045,0.0,0.0,0.0,1.0
969168.515,0.0,0.0,0.0,0.0,-0.07499998062849045,0.0,0.0,0.0,1.0
969179.201,0.0,0.0,0.0,0.0,-0.07499998062849045,0.0,0.0,0.0,0.0
969190.157,0.0,0.0,0.0,0.0,-0.07499998062849045,0.0,0.0,0.0,2.0
969200.158,0.0,-1.0,1.0,0.23999999463558197,-0.07399997860193253,0.0,0.0,0.0,1.0
969210.163,0.0,1.0,-1.0,-0.23999999463558197,-0.07499998062849045,0.0,0.0,0.0,1.0
969220.164,0.0,0.0,0.0,0.0,-0.07499998062849045,0.0,0.0,0.0,1.0
969230.164,0.0,0.0,0.0,0.0,-0.07499998062849045,0.0,0.0,0.0,1.0
969241.205,0.0,0.0,0.0,0.0,-0.07499998062849045,0.0,0.0,0.0,1.0
969252.201,0.0,1.0,-1.0,-0.23999999463558197,-0.07599997520446777,0.0,0.0,0.0,1.0
969262.201,0.0,0.0,0.0,0.0,-0.07599997520446777,0.0,0.0,0.0,1.0
969273.201,0.0,0.0,0.0,0.0,-0.07599997520446777,0.0,0.0,0.0,1.0
969283.202,0.0,0.0,0.0,0.0,-0.07599997520446777,0.0,0.0,0.0,1.0
969293.203,0.0,0.0,0.0,0.0,-0.07599997520446777,0.0,0.0,0.0,0.0
969304.2,0.0,1.0,-1.0,-0.23999999463558197,-0.0769999772310257,0.0,0.0,0.0,0.0
969314.201,0.0,0.0,0.0,0.0,-0.0769999772310257,0.0,0.0,0.0,0.0
969324.202,0.0,0.0,0.0,0.0,-0.0769999772310257,0.0,0.0,0.0,0.0
969335.205,0.0,0.0,0.0,0.0,-0.0769999772310257,0.0,0.0,0.0,0.0
969346.205,0.0,0.0,0.0,0.0,-0.0769999772310257,0.0,0.0,0.0,1.0
969357.201,0.0,1.0,-1.0,-0.23999999463558197,-0.07799997180700302,0.0,0.0,0.0,2.0
969367.201,0.0,0.0,0.0,0.0,-0.07799997180700302,0.0,0.0,0.0,0.0
969378.201,0.0,0.0,0.0,0.0,-0.07799997180700302,0.0,0.0,0.0,1.0
969388.202,0.0,1.0,-1.0,-0.23999999463558197,-0.07899997383356094,0.0,0.0,0.0,1.0
969399.2,0.0,1.0,-1.0,-0.23999999463558197,-0.07999997586011887,0.0,0.0,0.0,0.0
969409.201,0.0,0.0,0.0,0.0,-0.07999997586011887,0.0,0.0,0.0,0.0
969419.202,0.0,0.0,0.0,0.0,-0.07999997586011887,0.0,0.0,0.0,0.0
969430.201,0.0,0.0,0.0,0.0,-0.07999997586011887,0.0,0.0,0.0,0.0
969441.205,0.0,1.0,-1.0,-0.23999999463558197,-0.08099997043609619,0.0,0.0,0.0,1.0
969452.205,0.0,-1.0,1.0,0.23999999463558197,-0.07999997586011887,0.0,0.0,0.0,1.0
969462.206,0.0,0.0,0.0,0.0,-0.07999997586011887,0.0,0.0,0.0,1.0
969473.209,0.0,0.0,0.0,0.0,-0.07999997586011887,0.0,0.0,0.0,0.0
969484.201,0.0,1.0,-1.0,-0.23999999463558197,-0.08099997043609619,0.0,0.0,0.0,0.0
969494.201,0.0,-1.0,1.0,0.23999999463558197,-0.07999997586011887,0.0,0.0,0.0,0.0
969504.201,0.0,-1.0,1.0,0.23999999463558197,-0.07899997383356094,0.0,0.0,0.0,0.0
969515.173,0.0,1.0,-1.0,-0.23999999463558197,-0.07999997586011887,0.0,0.0,0.0,2.0
969525.173,0.0,1.0,-1.0,-0.23999999463558197,-0.08099997043609619,0.0,0.0,0.0,2.0
969536.201,0.0,0.0,0.0,0.0,-0.08099997043609619,0.0,0.0,0.0,1.0
969547.204,0.0,-1.0,1.0,0.23999999463558197,-0.07899997383356094,0.0,0.0,0.0,0.0
969558.201,0.0,1.0,-1.0,-0.23999999463558197,-0.07999997586011887,0.0,0.0,0.0,1.0
969569.205,0.0,0.0,0.0,0.0,-0.07999997586011887,0.0,0.0,0.0,0.0
969579.206,0.0,0.0,0.0,0.0,-0.07999997586011887,0.0,0.0,0.0,2.0
969590.205,0.0,0.0,0.0,0.0,-0.07999997586011887,0.0,0.0,0.0,0.0
969600.206,0.0,0.0,0.0,0.0,-0.07999997586011887,0.0,0.0,0.0,0.0
969610.206,0.0,-1.0,1.0,0.23999999463558197,-0.07899997383356094,0.0,0.0,0.0,1.0
969621.2,0.0,-1.0,1.0,0.23999999463558197,-0.07799997180700302,0.0,0.0,0.0,1.0
969631.2,0.0,1.0,-1.0,-0.23999999463558197,-0.07899997383356094,0.0,0.0,0.0,1.0
969641.201,0.0,1.0,-1.0,-0.23999999463558197,-0.07999997586011887,0.0,0.0,0.0,0.0
969652.209,0.0,1.0,-1.0,-0.23999999463558197,-0.08099997043609619,0.0,0.0,0.0,0.0
969662.21,0.0,0.0,0.0,0.0,-0.08099997043609619,0.0,0.0,0.0,0.0
969672.211,0.0,0.0,0.0,0.0,-0.08099997043609619,0.0,0.0,0.0,1.0
969683.201,0.0,0.0,0.0,0.0,-0.08099997043609619,0.0,0.0,0.0,0.0
969694.205,0.0,0.0,0.0,0.0,-0.08099997043609619,0.0,0.0,0.0,0.0
969705.205,0.0,-1.0,1.0,0.23999999463558197,-0.07999997586011887,0.0,0.0,0.0,1.0
969716.201,0.0,-1.0,1.0,0.23999999463558197,-0.07899997383356094,0.0,0.0,0.0,0.0
969727.205,0.0,0.0,0.0,0.0,-0.07899997383356094,0.0,0.0,0.0,0.0
969737.206,0.0,0.0,0.0,0.0,-0.07899997383356094,0.0,0.0,0.0,1.0
969747.207,0.0,1.0,-1.0,-0.23999999463558197,-0.07999997586011887,0.0,0.0,0.0,0.0
969757.208,0.0,0.0,0.0,0.0,-0.07999997586011887,0.0,0.0,0.0,0.0
969767.208,0.0,0.0,0.0,0.0,-0.07999997586011887,0.0,0.0,0.0,1.0
969777.81,0.0,0.0,0.0,0.0,-0.07999997586011887,0.0,0.0,0.0,2.0
969788.205,0.0,0.0,0.0,0.0,-0.07999997586011887,0.0,0.0,0.0,1.0
969799.209,0.0,-1.0,1.0,0.23999999463558197,-0.07899997383356094,0.0,0.0,0.0,0.0
969810.201,0.0,-1.0,1.0,0.23999999463558197,-0.07799997180700302,0.0,0.0,0.0,0.0
969821.205,0.0,0.0,0.0,0.0,-0.07799997180700302,0.0,0.0,0.0,1.0
969832.205,0.0,-1.0,1.0,0.23999999463558197,-0.0769999772310257,0.0,0.0,0.0,0.0
969842.205,0.0,0.0,0.0,0.0,-0.0769999772310257,0.0,0.0,0.0,0.0
969853.173,0.0,0.0,0.0,0.0,-0.0769999772310257,0.0,0.0,0.0,2.0
969864.201,0.0,1.0,-1.0,-0.23999999463558197,-0.07799997180700302,0.0,0.0,0.0,0.0
969874.202,0.0,0.0,0.0,0.0,-0.07799997180700302,0.0,0.0,0.0,0.0
969884.202,0.0,0.0,0.0,0.0,-0.07799997180700302,0.0,0.0,0.0,1.0
969895.205,0.0,-1.0,1.0,0.23999999463558197,-0.0769999772310257,0.0,0.0,0.0,0.0
969905.205,0.0,-1.0,1.0,0.23999999463558197,-0.07599997520446777,0.0,0.0,0.0,-1.0
969916.205,0.0,0.0,0.0,0.0,-0.07599997520446777,0.0,0.0,0.0,0.0
969926.205,0.0,1.0,-1.0,-0.23999999463558197,-0.0769999772310257,0.0,0.0,0.0,1.0
969937.2,0.0,0.0,0.0,0.0,-0.0769999772310257,0.0,0.0,0.0,2.0
969948.204,0.0,1.0,-1.0,-0.23999999463558197,-0.07799997180700302,0.0,0.0,0.0,0.0
969958.204,0.0,0.0,0.0,0.0,-0.07799997180700302,0.0,0.0,0.0,0.0
969969.205,0.0,0.0,0.0,0.0,-0.07799997180700302,0.0,0.0,0.0,0.0
969979.205,0.0,0.0,0.0,0.0,-0.07799997180700302,0.0,0.0,0.0,0.0
969989.207,0.0,0.0,0.0,0.0,-0.07799997180700302,0.0,0.0,0.0,0.0
970000.025,0.0,0.0,0.0,0.0,-0.07799997180700302,0.0,0.0,0.0,1.0
970010.174,0.0,1.0,-1.0,-0.23999999463558197,-0.07899997383356094,0.0,0.0,0.0,1.0
970020.174,0.0,0.0,-1.0,-0.23999999463558197,-0.07899997383356094,0.0,0.0,0.0,1.0
970031.1,0.0,0.0,0.0,0.0,-0.07899997383356094,0.0,0.0,0.0,2.0
970042.1,0.0,1.0,-1.0,-0.23999999463558197,-0.07999997586011887,0.0,0.0,0.0,2.0
970052.101,0.0,0.0,0.0,0.0,-0.07999997586011887,0.0,0.0,0.0,1.0
970062.101,0.0,0.0,0.0,0.0,-0.07999997586011887,0.0,0.0,0.0,0.0
970073.205,0.0,0.0,0.0,0.0,-0.07999997586011887,0.0,0.0,0.0,0.0
970084.201,0.0,0.0,0.0,0.0,-0.07999997586011887,0.0,0.0,0.0,0.0
970095.216,0.0,0.0,0.0,0.0,-0.07999997586011887,0.0,0.0,0.0,0.0
970106.205,0.0,0.0,0.0,0.0,-0.07999997586011887,0.0,0.0,0.0,0.0
970116.205,0.0,0.0,0.0,0.0,-0.07999997586011887,0.0,0.0,0.0,0.0
970126.205,0.0,0.0,0.0,0.0,-0.07999997586011887,0.0,0.0,0.0,0.0
970136.205,0.0,0.0,0.0,0.0,-0.07999997586011887,0.0,0.0,0.0,0.0
970146.205,0.0,1.0,-1.0,-0.23999999463558197,-0.08099997043609619,0.0,0.0,0.0,1.0
970156.206,0.0,1.0,-1.0,-0.23999999463558197,-0.08199997246265411,0.0,0.0,0.0,1.0
970166.206,0.0,0.0,0.0,0.0,-0.08199997246265411,0.0,0.0,0.0,-1.0
970177.2,0.0,0.0,0.0,0.0,-0.08199997246265411,0.0,0.0,0.0,1.0
970187.2,0.0,-1.0,1.0,0.23999999463558197,-0.08099997043609619,0.0,0.0,0.0,0.0
970197.2,0.0,0.0,0.0,0.0,-0.08099997043609619,0.0,0.0,0.0,1.0
970207.201,0.0,0.0,0.0,0.0,-0.08099997043609619,0.0,0.0,0.0,1.0
970218.205,0.0,0.0,0.0,0.0,-0.08099997043609619,0.0,0.0,0.0,1.0
970229.201,0.0,1.0,-1.0,-0.23999999463558197,-0.08199997246265411,0.0,0.0,0.0,1.0
970240.08,0.0,0.0,0.0,0.0,-0.08199997246265411,0.0,0.0,0.0,1.0
970250.104,0.0,0.0,0.0,0.0,-0.08199997246265411,0.0,0.0,0.0,1.0
970260.105,0.0,1.0,-1.0,-0.23999999463558197,-0.08299996703863144,0.0,0.0,0.0,1.0
970270.106,0.0,1.0,-1.0,-0.23999999463558197,-0.08399996906518936,0.0,0.0,0.0,1.0
970281.219,0.0,0.0,0.0,0.0,-0.08399996906518936,0.0,0.0,0.0,3.0
970291.219,0.0,0.0,0.0,0.0,-0.08399996906518936,0.0,0.0,0.0,1.0
970302.222,0.0,0.0,0.0,0.0,-0.08399996906518936,0.0,0.0,0.0,2.0
970313.1,0.0,0.0,0.0,0.0,-0.08399996906518936,0.0,0.0,0.0,0.0
970323.1,0.0,0.0,0.0,0.0,-0.08399996906518936,0.0,0.0,0.0,1.0
970334.2,0.0,0.0,0.0,0.0,-0.08399996906518936,0.0,0.0,0.0,1.0
970345.205,0.0,0.0,0.0,0.0,-0.08399996906518936,0.0,0.0,0.0,0.0
970355.206,0.0,0.0,0.0,0.0,-0.08399996906518936,0.0,0.0,0.0,1.0
970365.206,0.0,0.0,0.0,0.0,-0.08399996906518936,0.0,0.0,0.0,1.0
970376.205,0.0,0.0,0.0,0.0,-0.08399996906518936,0.0,0.0,0.0,2.0
970386.205,0.0,0.0,0.0,0.0,-0.08399996906518936,0.0,0.0,0.0,0.0
970397.205,0.0,0.0,0.0,0.0,-0.08399996906518936,0.0,0.0,0.0,0.0
970408.201,0.0,0.0,0.0,0.0,-0.08399996906518936,0.0,0.0,0.0,1.0
970419.209,0.0,1.0,-1.0,-0.23999999463558197,-0.08499997109174728,0.0,0.0,0.0,1.0
970429.21,0.0,0.0,0.0,0.0,-0.08499997109174728,0.0,0.0,0.0,0.0
970439.211,0.0,0.0,0.0,0.0,-0.08499997109174728,0.0,0.0,0.0,0.0
970449.212,0.0,0.0,0.0,0.0,-0.08499997109174728,0.0,0.0,0.0,2.0
970459.213,0.0,0.0,0.0,0.0,-0.08499997109174728,0.0,0.0,0.0,1.0
970469.214,0.0,1.0,-1.0,-0.23999999463558197,-0.08599996566772461,0.0,0.0,0.0,1.0
970480.201,0.0,0.0,0.0,0.0,-0.08599996566772461,0.0,0.0,0.0,1.0
970491.205,0.0,0.0,0.0,0.0,-0.08599996566772461,0.0,0.0,0.0,1.0
970502.2,0.0,0.0,0.0,0.0,-0.08599996566772461,0.0,0.0,0.0,2.0
970513.204,0.0,1.0,-1.0,-0.23999999463558197,-0.08699996769428253,0.0,0.0,0.0,1.0
970524.205,0.0,-1.0,1.0,0.23999999463558197,-0.08599996566772461,0.0,0.0,0.0,1.0
970535.2,0.0,0.0,0.0,0.0,-0.08599996566772461,0.0,0.0,0.0,1.0
970546.204,0.0,0.0,0.0,0.0,-0.08599996566772461,0.0,0.0,0.0,2.0
970557.204,0.0,-1.0,1.0,0.23999999463558197,-0.08499997109174728,0.0,0.0,0.0,0.0
970568.201,0.0,-1.0,1.0,0.23999999463558197,-0.08399996906518936,0.0,0.0,0.0,0.0
970578.202,0.0,1.0,-1.0,-0.23999999463558197,-0.08499997109174728,0.0,0.0,0.0,1.0
970588.202,0.0,1.0,-1.0,-0.23999999463558197,-0.08599996566772461,0.0,0.0,0.0,1.0
970599.201,0.0,-1.0,1.0,0.23999999463558197,-0.08499997109174728,0.0,0.0,0.0,2.0
970610.205,0.0,0.0,0.0,0.0,-0.08499997109174728,0.0,0.0,0.0,0.0
970620.205,0.0,0.0,0.0,0.0,-0.08499997109174728,0.0,0.0,0.0,1.0
970631.201,0.0,-1.0,1.0,0.23999999463558197,-0.08399996906518936,0.0,0.0,0.0,0.0
970641.783,0.0,0.0,0.0,0.0,-0.08399996906518936,0.0,0.0,0.0,1.0
970651.784,0.0,0.0,0.0,0.0,-0.08399996906518936,0.0,0.0,0.0,0.0
970661.784,0.0,0.0,0.0,0.0,-0.08399996906518936,0.0,0.0,0.0,1.0
970672.205,0.0,0.0,0.0,0.0,-0.08399996906518936,0.0,0.0,0.0,1.0
970682.206,0.0,0.0,0.0,0.0,-0.08399996906518936,0.0,0.0,0.0,0.0
970693.201,0.0,1.0,-1.0,-0.23999999463558197,-0.08499997109174728,0.0,0.0,0.0,0.0
970703.202,0.0,0.0,0.0,0.0,-0.08499997109174728,0.0,0.0,0.0,1.0
970713.203,0.0,0.0,0.0,0.0,-0.08499997109174728,0.0,0.0,0.0,0.0
970724.204,0.0,1.0,-1.0,-0.23999999463558197,-0.08599996566772461,0.0,0.0,0.0,-1.0
970734.204,0.0,0.0,0.0,0.0,-0.08599996566772461,0.0,0.0,0.0,0.0
970745.215,0.0,0.0,0.0,0.0,-0.08799996227025986,0.0,0.0,0.0,2.0
970756.205,0.0,-1.0,1.0,0.23999999463558197,-0.08699996769428253,0.0,0.0,0.0,0.0
970767.201,0.0,1.0,-1.0,-0.23999999463558197,-0.08799996227025986,0.0,0.0,0.0,1.0
970777.201,0.0,1.0,-1.0,-0.23999999463558197,-0.08899996429681778,0.0,0.0,0.0,1.0
970787.202,0.0,1.0,-1.0,-0.23999999463558197,-0.0899999663233757,0.0,0.0,0.0,2.0
970797.203,0.0,1.0,-1.0,-0.23999999463558197,-0.09099996089935303,0.0,0.0,0.0,2.0
970808.157,0.0,0.0,0.0,0.0,-0.09099996089935303,0.0,0.0,0.0,0.0
970819.2,0.0,0.0,0.0,0.0,-0.09099996089935303,0.0,0.0,0.0,0.0
970830.204,0.0,0.0,0.0,0.0,-0.09099996089935303,0.0,0.0,0.0,1.0
970841.201,0.0,0.0,0.0,0.0,-0.09099996089935303,0.0,0.0,0.0,0.0
970852.209,0.0,0.0,0.0,0.0,-0.09099996089935303,0.0,0.0,0.0,0.0
970862.209,0.0,0.0,0.0,0.0,-0.09099996089935303,0.0,0.0,0.0,0.0
970873.204,0.0,1.0,-1.0,-0.23999999463558197,-0.09199996292591095,0.0,0.0,0.0,1.0
970884.205,0.0,1.0,-1.0,-0.23999999463558197,-0.09299995750188828,0.0,0.0,0.0,1.0
970895.201,0.0,2.0,-2.0,-0.47999998927116394,-0.09499996155500412,0.0,0.0,0.0,1.0
970905.201,0.0,1.0,-1.0,-0.23999999463558197,-0.09599995613098145,0.0,0.0,0.0,1.0
970915.202,0.0,1.0,-1.0,-0.23999999463558197,-0.09699995815753937,0.0,0.0,0.0,0.0
970925.203,0.0,0.0,0.0,0.0,-0.09699995815753937,0.0,0.0,0.0,1.0
970936.205,0.0,0.0,0.0,0.0,-0.09699995815753937,0.0,0.0,0.0,1.0
970947.201,0.0,1.0,-1.0,-0.23999999463558197,-0.0979999527335167,0.0,0.0,0.0,1.0
970958.205,0.0,0.0,0.0,0.0,-0.0979999527335167,0.0,0.0,0.0,1.0
970968.634,0.0,0.0,0.0,0.0,-0.0979999527335167,0.0,0.0,0.0,1.0
970978.635,0.0,0.0,0.0,0.0,-0.0979999527335167,0.0,0.0,0.0,0.0
970989.201,0.0,-1.0,1.0,0.23999999463558197,-0.09699995815753937,0.0,0.0,0.0,1.0
970999.202,0.0,0.0,0.0,0.0,-0.09699995815753937,0.0,0.0,0.0,0.0
971009.203,0.0,0.0,0.0,0.0,-0.09699995815753937,0.0,0.0,0.0,1.0
971020.201,0.0,1.0,-1.0,-0.23999999463558197,-0.0979999527335167,0.0,0.0,0.0,1.0
971030.202,0.0,0.0,0.0,0.0,-0.0979999527335167,0.0,0.0,0.0,0.0
971041.202,0.0,0.0,0.0,0.0,-0.0979999527335167,0.0,0.0,0.0,-2.0
971052.205,0.0,0.0,0.0,0.0,-0.0979999527335167,0.0,0.0,0.0,0.0
971062.206,0.0,1.0,-1.0,-0.23999999463558197,-0.09899995476007462,0.0,0.0,0.0,2.0
971073.202,0.0,0.0,0.0,0.0,-0.09899995476007462,0.0,0.0,0.0,0.0
971083.202,0.0,0.0,0.0,0.0,-0.09899995476007462,0.0,0.0,0.0,0.0
971094.367,0.0,0.0,0.0,0.0,-0.09899995476007462,0.0,0.0,0.0,-1.0
971105.201,0.0,0.0,0.0,0.0,-0.09899995476007462,0.0,0.0,0.0,1.0
971116.205,0.0,1.0,-1.0,-0.23999999463558197,-0.09999995678663254,0.0,0.0,0.0,2.0
971127.201,0.0,1.0,-1.0,-0.23999999463558197,-0.10099995136260986,0.0,0.0,0.0,1.0
971138.205,0.0,0.0,0.0,0.0,-0.10099995136260986,0.0,0.0,0.0,0.0
971149.201,0.0,0.0,0.0,0.0,-0.10099995136260986,0.0,0.0,0.0,0.0
971160.205,0.0,0.0,0.0,0.0,-0.10099995136260986,0.0,0.0,0.0,0.0
971170.918,0.0,0.0,0.0,0.0,-0.10099995136260986,0.0,0.0,0.0,0.0
971180.918,0.0,0.0,0.0,0.0,-0.10099995136260986,0.0,0.0,0.0,3.0
971190.918,0.0,1.0,-1.0,-0.23999999463558197,-0.10199995338916779,0.0,0.0,0.0,0.0
971200.919,0.0,0.0,0.0,0.0,-0.10199995338916779,0.0,0.0,0.0,1.0
971211.204,0.0,-1.0,1.0,0.23999999463558197,-0.10099995136260986,0.0,0.0,0.0,0.0
971222.201,0.0,-1.0,1.0,0.23999999463558197,-0.09999995678663254,0.0,0.0,0.0,0.0
971233.205,0.0,-1.0,1.0,0.23999999463558197,-0.09899995476007462,0.0,0.0,0.0,0.0
971243.206,0.0,0.0,0.0,0.0,-0.09899995476007462,0.0,0.0,0.0,0.0
971253.207,0.0,1.0,-1.0,-0.23999999463558197,-0.09999995678663254,0.0,0.0,0.0,-1.0
971264.201,0.0,0.0,0.0,0.0,-0.09999995678663254,0.0,0.0,0.0,2.0
971275.205,0.0,0.0,0.0,0.0,-0.09999995678663254,0.0,0.0,0.0,1.0
971286.201,0.0,0.0,0.0,0.0,-0.09999995678663254,0.0,0.0,0.0,2.0
971296.202,0.0,0.0,0.0,0.0,-0.09999995678663254,0.0,0.0,0.0,1.0
971307.205,0.0,0.0,0.0,0.0,-0.09999995678663254,0.0,0.0,0.0,1.0
971318.205,0.0,0.0,0.0,0.0,-0.09999995678663254,0.0,0.0,0.0,1.0
971329.216,0.0,1.0,-1.0,-0.23999999463558197,-0.10099995136260986,0.0,0.0,0.0,-1.0
971339.216,0.0,1.0,-1.0,-0.23999999463558197,-0.10199995338916779,0.0,0.0,0.0,-1.0
971349.217,0.0,0.0,-1.0,-0.23999999463558197,-0.10199995338916779,0.0,0.0,0.0,0.0
971359.217,0.0,0.0,0.0,0.0,-0.10199995338916779,0.0,0.0,0.0,0.0
971369.218,0.0,0.0,0.0,0.0,-0.10199995338916779,0.0,0.0,0.0,0.0
971380.1,0.0,2.0,-2.0,-0.47999998927116394,-0.10399994999170303,0.0,0.0,0.0,1.0
971391.1,0.0,0.0,0.0,0.0,-0.10399994999170303,0.0,0.0,0.0,1.0
971401.101,0.0,1.0,-1.0,-0.23999999463558197,-0.10499995201826096,0.0,0.0,0.0,1.0
971412.205,0.0,0.0,0.0,0.0,-0.10499995201826096,0.0,0.0,0.0,1.0
971423.201,0.0,0.0,0.0,0.0,-0.10499995201826096,0.0,0.0,0.0,0.0
971433.201,0.0,0.0,0.0,0.0,-0.10499995201826096,0.0,0.0,0.0,0.0
971443.202,0.0,0.0,0.0,0.0,-0.10499995201826096,0.0,0.0,0.0,0.0
971453.202,0.0,0.0,0.0,0.0,-0.10499995201826096,0.0,0.0,0.0,0.0
971463.202,0.0,0.0,0.0,0.0,-0.10499995201826096,0.0,0.0,0.0,1.0
971473.203,0.0,-1.0,1.0,0.23999999463558197,-0.10399994999170303,0.0,0.0,0.0,0.0
971483.917,0.0,0.0,0.0,0.0,-0.10399994999170303,0.0,0.0,0.0,1.0
971493.918,0.0,0.0,0.0,0.0,-0.10399994999170303,0.0,0.0,0.0,1.0
971503.919,0.0,1.0,-1.0,-0.23999999463558197,-0.10499995201826096,0.0,0.0,0.0,1.0
971513.919,0.0,0.0,0.0,0.0,-0.10499995201826096,0.0,0.0,0.0,1.0
971523.919,0.0,0.0,0.0,0.0,-0.10499995201826096,0.0,0.0,0.0,1.0
971534.205,0.0,0.0,0.0,0.0,-0.10499995201826096,0.0,0.0,0.0,1.0
971544.206,0.0,-1.0,1.0,0.23999999463558197,-0.10399994999170303,0.0,0.0,0.0,2.0
971554.327,0.0,-1.0,1.0,0.23999999463558197,-0.10299994796514511,0.0,0.0,0.0,2.0
971565.027,0.0,-1.0,1.0,0.23999999463558197,-0.10199995338916779,0.0,0.0,0.0,1.0
971575.205,0.0,-1.0,1.0,0.23999999463558197,-0.10099995136260986,0.0,0.0,0.0,0.0
971585.273,0.0,1.0,-1.0,-0.23999999463558197,-0.10199995338916779,0.0,0.0,0.0,0.0
971595.273,0.0,0.0,0.0,0.0,-0.10199995338916779,0.0,0.0,0.0,1.0
971605.273,0.0,0.0,0.0,0.0,-0.10199995338916779,0.0,0.0,0.0,2.0
971616.205,0.0,1.0,-1.0,-0.23999999463558197,-0.10299994796514511,0.0,0.0,0.0,1.0
971626.206,0.0,0.0,0.0,0.0,-0.10299994796514511,0.0,0.0,0.0,0.0
971636.206,0.0,0.0,0.0,0.0,-0.10299994796514511,0.0,0.0,0.0,0.0
971646.207,0.0,0.0,0.0,0.0,-0.10299994796514511,0.0,0.0,0.0,0.0
971656.208,0.0,0.0,0.0,0.0,-0.10299994796514511,0.0,0.0,0.0,0.0
971667.425,0.0,-1.0,1.0,0.23999999463558197,-0.10199995338916779,0.0,0.0,0.0,2.0
971677.426,0.0,1.0,-1.0,-0.23999999463558197,-0.10299994796514511,0.0,0.0,0.0,1.0
971688.208,0.0,0.0,0.0,0.0,-0.10299994796514511,0.0,0.0,0.0,0.0
971698.397,0.0,0.0,0.0,0.0,-0.10299994796514511,0.0,0.0,0.0,0.0
971709.204,0.0,0.0,0.0,0.0,-0.10299994796514511,0.0,0.0,0.0,1.0
971719.204,0.0,0.0,0.0,0.0,-0.10299994796514511,0.0,0.0,0.0,1.0
971730.205,0.0,0.0,0.0,0.0,-0.10299994796514511,0.0,0.0,0.0,1.0
971740.206,0.0,1.0,-1.0,-0.23999999463558197,-0.10399994999170303,0.0,0.0,0.0,0.0
971750.207,0.0,1.0,-1.0,-0.23999999463558197,-0.10499995201826096,0.0,0.0,0.0,0.0
971761.206,0.0,0.0,0.0,0.0,-0.10499995201826096,0.0,0.0,0.0,1.0
971772.203,0.0,1.0,-1.0,-0.23999999463558197,-0.10599994659423828,0.0,0.0,0.0,1.0
971782.204,0.0,0.0,0.0,0.0,-0.10599994659423828,0.0,0.0,0.0,1.0
971793.201,0.0,0.0,0.0,0.0,-0.10599994659423828,0.0,0.0,0.0,1.0
971804.205,0.0,0.0,0.0,0.0,-0.10599994659423828,0.0,0.0,0.0,1.0
971815.204,0.0,1.0,-1.0,-0.23999999463558197,-0.1069999486207962,0.0,0.0,0.0,1.0
971826.201,0.0,0.0,0.0,0.0,-0.1069999486207962,0.0,0.0,0.0,-1.0
971837.205,0.0,1.0,-1.0,-0.23999999463558197,-0.10799994319677353,0.0,0.0,0.0,0.0
971848.204,0.0,1.0,-1.0,-0.23999999463558197,-0.10899994522333145,0.0,0.0,0.0,0.0
971859.2,0.0,0.0,0.0,0.0,-0.10899994522333145,0.0,0.0,0.0,1.0
971869.201,0.0,0.0,0.0,0.0,-0.10899994522333145,0.0,0.0,0.0,2.0
971879.201,0.0,0.0,0.0,0.0,-0.10899994522333145,0.0,0.0,0.0,-1.0
971890.201,0.0,0.0,0.0,0.0,-0.10899994522333145,0.0,0.0,0.0,0.0
971900.937,0.0,-1.0,1.0,0.23999999463558197,-0.10799994319677353,0.0,0.0,0.0,1.0
971910.938,0.0,0.0,0.0,0.0,-0.10799994319677353,0.0,0.0,0.0,0.0
971920.938,0.0,0.0,0.0,0.0,-0.10799994319677353,0.0,0.0,0.0,1.0
971930.939,0.0,-1.0,1.0,0.23999999463558197,-0.1069999486207962,0.0,0.0,0.0,1.0
971941.2,0.0,0.0,0.0,0.0,-0.1069999486207962,0.0,0.0,0.0,2.0
971952.205,0.0,-1.0,1.0,0.23999999463558197,-0.10599994659423828,0.0,0.0,0.0,1.0
971962.206,0.0,-1.0,1.0,0.23999999463558197,-0.10499995201826096,0.0,0.0,0.0,2.0
971972.207,0.0,1.0,-1.0,-0.23999999463558197,-0.10599994659423828,0.0,0.0,0.0,1.0
971983.205,0.0,0.0,0.0,0.0,-0.10599994659423828,0.0,0.0,0.0,0.0
971993.205,0.0,0.0,0.0,0.0,-0.10599994659423828,0.0,0.0,0.0,0.0
972003.206,0.0,0.0,0.0,0.0,-0.10599994659423828,0.0,0.0,0.0,1.0
972013.207,0.0,-1.0,1.0,0.23999999463558197,-0.10499995201826096,0.0,0.0,0.0,1.0
972023.207,0.0,0.0,0.0,0.0,-0.10499995201826096,0.0,0.0,0.0,0.0
972033.572,0.0,0.0,0.0,0.0,-0.10499995201826096,0.0,0.0,0.0,0.0
972043.573,0.0,1.0,-1.0,-0.23999999463558197,-0.10599994659423828,0.0,0.0,0.0,1.0
972054.204,0.0,1.0,-1.0,-0.23999999463558197,-0.10799994319677353,0.0,0.0,0.0,0.0
972064.205,0.0,1.0,-1.0,-0.23999999463558197,-0.10899994522333145,0.0,0.0,0.0,0.0
972075.204,0.0,-1.0,1.0,0.23999999463558197,-0.10799994319677353,0.0,0.0,0.0,1.0
972086.201,0.0,1.0,-1.0,-0.23999999463558197,-0.10899994522333145,0.0,0.0,0.0,0.0
972096.202,0.0,0.0,0.0,0.0,-0.10899994522333145,0.0,0.0,0.0,0.0
972107.2,0.0,0.0,0.0,0.0,-0.10899994522333145,0.0,0.0,0.0,1.0
972117.201,0.0,1.0,-1.0,-0.23999999463558197,-0.10999994724988937,0.0,0.0,0.0,0.0
972128.201,0.0,0.0,0.0,0.0,-0.10999994724988937,0.0,0.0,0.0,1.0
972139.204,0.0,0.0,0.0,0.0,-0.10999994724988937,0.0,0.0,0.0,1.0
972149.204,0.0,-2.0,2.0,0.47999998927116394,-0.10799994319677353,0.0,0.0,0.0,0.0
972160.2,0.0,0.0,0.0,0.0,-0.10799994319677353,0.0,0.0,0.0,1.0
972171.209,0.0,0.0,0.0,0.0,-0.10799994319677353,0.0,0.0,0.0,0.0
972182.201,0.0,0.0,0.0,0.0,-0.10799994319677353,0.0,0.0,0.0,1.0
972192.202,0.0,0.0,0.0,0.0,-0.10799994319677353,0.0,0.0,0.0,2.0
972202.203,0.0,0.0,0.0,0.0,-0.10799994319677353,0.0,0.0,0.0,0.0
972212.203,0.0,0.0,0.0,0.0,-0.10799994319677353,0.0,0.0,0.0,0.0
972223.201,0.0,-1.0,1.0,0.23999999463558197,-0.1069999486207962,0.0,0.0,0.0,1.0
972234.205,0.0,0.0,0.0,0.0,-0.1069999486207962,0.0,0.0,0.0,1.0
972245.206,0.0,1.0,-1.0,-0.23999999463558197,-0.10799994319677353,0.0,0.0,0.0,1.0
972255.206,0.0,0.0,-1.0,-0.23999999463558197,-0.10799994319677353,0.0,0.0,0.0,1.0
972265.206,0.0,0.0,0.0,0.0,-0.10799994319677353,0.0,0.0,0.0,1.0
972276.1,0.0,-1.0,1.0,0.23999999463558197,-0.1069999486207962,0.0,0.0,0.0,0.0
972286.101,0.0,0.0,0.0,0.0,-0.1069999486207962,0.0,0.0,0.0,1.0
972297.201,0.0,0.0,0.0,0.0,-0.1069999486207962,0.0,0.0,0.0,-1.0
972307.202,0.0,0.0,0.0,0.0,-0.1069999486207962,0.0,0.0,0.0,-1.0
972317.202,0.0,-1.0,1.0,0.23999999463558197,-0.10599994659423828,0.0,0.0,0.0,0.0
972327.203,0.0,0.0,0.0,0.0,-0.10599994659423828,0.0,0.0,0.0,1.0
972337.203,0.0,1.0,-1.0,-0.23999999463558197,-0.1069999486207962,0.0,0.0,0.0,0.0
972347.203,0.0,0.0,0.0,0.0,-0.1069999486207962,0.0,0.0,0.0,1.0
972357.204,0.0,-1.0,1.0,0.23999999463558197,-0.10599994659423828,0.0,0.0,0.0,2.0
972368.201,0.0,-1.0,1.0,0.23999999463558197,-0.10499995201826096,0.0,0.0,0.0,2.0
972379.205,0.0,0.0,0.0,0.0,-0.10499995201826096,0.0,0.0,0.0,0.0
972390.201,0.0,1.0,-1.0,-0.23999999463558197,-0.10599994659423828,0.0,0.0,0.0,1.0
972400.202,0.0,0.0,0.0,0.0,-0.10599994659423828,0.0,0.0,0.0,2.0
972411.2,0.0,0.0,0.0,0.0,-0.10599994659423828,0.0,0.0,0.0,2.0
972422.205,0.0,0.0,0.0,0.0,-0.10599994659423828,0.0,0.0,0.0,1.0
972433.201,0.0,1.0,-1.0,-0.23999999463558197,-0.1069999486207962,0.0,0.0,0.0,0.0
972444.205,0.0,0.0,0.0,0.0,-0.1069999486207962,0.0,0.0,0.0,1.0
972455.205,0.0,-1.0,1.0,0.23999999463558197,-0.10599994659423828,0.0,0.0,0.0,2.0
972466.201,0.0,0.0,0.0,0.0,-0.10599994659423828,0.0,0.0,0.0,1.0
972476.202,0.0,-1.0,1.0,0.23999999463558197,-0.10499995201826096,0.0,0.0,0.0,-1.0
972486.203,0.0,0.0,0.0,0.0,-0.10499995201826096,0.0,0.0,0.0,-1.0
972497.208,0.0,0.0,0.0,0.0,-0.10399994999170303,0.0,0.0,0.0,1.0
972507.747,0.0,0.0,0.0,0.0,-0.10399994999170303,0.0,0.0,0.0,1.0
972518.201,0.0,0.0,0.0,0.0,-0.10399994999170303,0.0,0.0,0.0,0.0
972528.201,0.0,0.0,0.0,0.0,-0.10399994999170303,0.0,0.0,0.0,0.0
972538.202,0.0,0.0,0.0,0.0,-0.10399994999170303,0.0,0.0,0.0,0.0
972548.203,0.0,0.0,0.0,0.0,-0.10399994999170303,0.0,0.0,0.0,0.0
972559.2,0.0,0.0,0.0,0.0,-0.10399994999170303,0.0,0.0,0.0,1.0
972570.205,0.0,0.0,0.0,0.0,-0.10399994999170303,0.0,0.0,0.0,0.0
972581.201,0.0,0.0,0.0,0.0,-0.10399994999170303,0.0,0.0,0.0,0.0
972591.202,0.0,-1.0,1.0,0.23999999463558197,-0.10299994796514511,0.0,0.0,0.0,1.0
972602.201,0.0,-1.0,1.0,0.23999999463558197,-0.10199995338916779,0.0,0.0,0.0,1.0
972613.205,0.0,0.0,0.0,0.0,-0.10199995338916779,0.0,0.0,0.0,0.0
972623.205,0.0,0.0,0.0,0.0,-0.10199995338916779,0.0,0.0,0.0,1.0
972634.205,0.0,0.0,0.0,0.0,-0.10199995338916779,0.0,0.0,0.0,1.0
972645.205,0.0,0.0,0.0,0.0,-0.10199995338916779,0.0,0.0,0.0,1.0
972656.201,0.0,0.0,0.0,0.0,-0.10199995338916779,0.0,0.0,0.0,0.0
972666.202,0.0,0.0,0.0,0.0,-0.10199995338916779,0.0,0.0,0.0,2.0
972677.258,0.0,0.0,0.0,0.0,-0.10199995338916779,0.0,0.0,0.0,3.0
972688.201,0.0,0.0,0.0,0.0,-0.10199995338916779,0.0,0.0,0.0,0.0
972699.205,0.0,-1.0,1.0,0.23999999463558197,-0.10299994796514511,0.0,0.0,0.0,0.0
972710.208,0.0,0.0,0.0,0.0,-0.10299994796514511,0.0,0.0,0.0,1.0
972721.201,0.0,0.0,0.0,0.0,-0.10299994796514511,0.0,0.0,0.0,1.0
972731.201,0.0,0.0,0.0,0.0,-0.10299994796514511,0.0,0.0,0.0,1.0
972742.201,0.0,0.0,0.0,0.0,-0.10299994796514511,0.0,0.0,0.0,1.0
972752.202,0.0,0.0,0.0,0.0,-0.10299994796514511,0.0,0.0,0.0,0.0
972762.203,0.0,1.0,-1.0,-0.23999999463558197,-0.10399994999170303,0.0,0.0,0.0,1.0
972772.204,0.0,0.0,0.0,0.0,-0.10399994999170303,0.0,0.0,0.0,1.0
972783.205,0.0,0.0,0.0,0.0,-0.10399994999170303,0.0,0.0,0.0,1.0
972794.201,0.0,0.0,0.0,0.0,-0.10399994999170303,0.0,0.0,0.0,1.0
972805.206,0.0,0.0,0.0,0.0,-0.10399994999170303,0.0,0.0,0.0,0.0
972815.207,0.0,-1.0,1.0,0.23999999463558197,-0.10299994796514511,0.0,0.0,0.0,2.0
972826.205,0.0,-1.0,1.0,0.23999999463558197,-0.10199995338916779,0.0,0.0,0.0,2.0
972836.206,0.0,-1.0,1.0,0.23999999463558197,-0.10099995136260986,0.0,0.0,0.0,1.0
972846.206,0.0,-1.0,1.0,0.23999999463558197,-0.09999995678663254,0.0,0.0,0.0,1.0
972857.201,0.0,0.0,0.0,0.0,-0.09999995678663254,0.0,0.0,0.0,2.0
972867.202,0.0,-1.0,1.0,0.23999999463558197,-0.09899995476007462,0.0,0.0,0.0,3.0
972877.203,0.0,1.0,-1.0,-0.23999999463558197,-0.09999995678663254,0.0,0.0,0.0,1.0
972887.204,0.0,0.0,0.0,0.0,-0.09999995678663254,0.0,0.0,0.0,1.0
972897.205,0.0,0.0,0.0,0.0,-0.09999995678663254,0.0,0.0,0.0,2.0
972908.201,0.0,0.0,0.0,0.0,-0.09999995678663254,0.0,0.0,0.0,0.0
972919.205,0.0,0.0,0.0,0.0,-0.09999995678663254,0.0,0.0,0.0,0.0
972929.206,0.0,0.0,0.0,0.0,-0.09999995678663254,0.0,0.0,0.0,2.0
972940.211,0.0,-1.0,1.0,0.23999999463558197,-0.09899995476007462,0.0,0.0,0.0,0.0
972950.212,0.0,0.0,0.0,0.0,-0.09899995476007462,0.0,0.0,0.0,-1.0
972961.2,0.0,0.0,0.0,0.0,-0.09899995476007462,0.0,0.0,0.0,0.0
972971.2,0.0,1.0,-1.0,-0.23999999463558197,-0.09999995678663254,0.0,0.0,0.0,2.0
972982.205,0.0,1.0,-1.0,-0.23999999463558197,-0.10099995136260986,0.0,0.0,0.0,2.0
972993.173,0.0,0.0,0.0,0.0,-0.10099995136260986,0.0,0.0,0.0,0.0
973004.205,0.0,0.0,0.0,0.0,-0.10099995136260986,0.0,0.0,0.0,0.0
973014.206,0.0,0.0,0.0,0.0,-0.10099995136260986,0.0,0.0,0.0,0.0
973024.206,0.0,0.0,0.0,0.0,-0.10099995136260986,0.0,0.0,0.0,1.0
973034.207,0.0,0.0,0.0,0.0,-0.10099995136260986,0.0,0.0,0.0,1.0
973045.205,0.0,0.0,0.0,0.0,-0.10099995136260986,0.0,0.0,0.0,2.0
973055.727,0.0,0.0,0.0,0.0,-0.10099995136260986,0.0,0.0,0.0,0.0
973066.2,0.0,2.0,-2.0,-0.47999998927116394,-0.10299994796514511,0.0,0.0,0.0,1.0
973076.201,0.0,-1.0,1.0,0.23999999463558197,-0.10199995338916779,0.0,0.0,0.0,1.0
973087.201,0.0,-1.0,1.0,0.23999999463558197,-0.10099995136260986,0.0,0.0,0.0,1.0
973097.202,0.0,0.0,0.0,0.0,-0.10099995136260986,0.0,0.0,0.0,1.0
973108.201,0.0,1.0,-1.0,-0.23999999463558197,-0.10199995338916779,0.0,0.0,0.0,0.0
973119.205,0.0,0.0,0.0,0.0,-0.10199995338916779,0.0,0.0,0.0,0.0
973129.205,0.0,0.0,0.0,0.0,-0.10199995338916779,0.0,0.0,0.0,0.0
973140.2,0.0,1.0,-1.0,-0.23999999463558197,-0.10299994796514511,0.0,0.0,0.0,0.0
973151.205,0.0,0.0,0.0,0.0,-0.10299994796514511,0.0,0.0,0.0,0.0
973162.205,0.0,0.0,0.0,0.0,-0.10299994796514511,0.0,0.0,0.0,0.0
973173.201,0.0,0.0,0.0,0.0,-0.10299994796514511,0.0,0.0,0.0,0.0
973184.205,0.0,0.0,0.0,0.0,-0.10299994796514511,0.0,0.0,0.0,0.0
973195.201,0.0,0.0,0.0,0.0,-0.10299994796514511,0.0,0.0,0.0,1.0
973205.556,0.0,-1.0,1.0,0.23999999463558197,-0.10199995338916779,0.0,0.0,0.0,1.0
973215.557,0.0,0.0,0.0,0.0,-0.10199995338916779,0.0,0.0,0.0,0.0
973226.204,0.0,0.0,0.0,0.0,-0.10199995338916779,0.0,0.0,0.0,2.0
973236.362,0.0,0.0,0.0,0.0,-0.10199995338916779,0.0,0.0,0.0,1.0
973247.204,0.0,-1.0,1.0,0.23999999463558197,-0.10099995136260986,0.0,0.0,0.0,0.0
973258.173,0.0,-1.0,1.0,0.23999999463558197,-0.09999995678663254,0.0,0.0,0.0,0.0
973268.174,0.0,0.0,0.0,0.0,-0.09999995678663254,0.0,0.0,0.0,1.0
973278.175,0.0,0.0,0.0,0.0,-0.09999995678663254,0.0,0.0,0.0,1.0
973289.204,0.0,-1.0,1.0,0.23999999463558197,-0.09899995476007462,0.0,0.0,0.0,0.0
973300.201,0.0,0.0,0.0,0.0,-0.09899995476007462,0.0,0.0,0.0,0.0
973311.205,0.0,0.0,0.0,0.0,-0.09899995476007462,0.0,0.0,0.0,1.0
973321.206,0.0,0.0,0.0,0.0,-0.09899995476007462,0.0,0.0,0.0,0.0
973331.207,0.0,0.0,0.0,0.0,-0.09899995476007462,0.0,0.0,0.0,1.0
973342.204,0.0,0.0,0.0,0.0,-0.09899995476007462,0.0,0.0,0.0,3.0
973353.201,0.0,0.0,0.0,0.0,-0.09899995476007462,0.0,0.0,0.0,1.0
973363.202,0.0,0.0,0.0,0.0,-0.09899995476007462,0.0,0.0,0.0,1.0
973373.202,0.0,0.0,0.0,0.0,-0.09899995476007462,0.0,0.0,0.0,0.0
973384.2,0.0,0.0,0.0,0.0,-0.09899995476007462,0.0,0.0,0.0,0.0
973394.915,0.0,0.0,0.0,0.0,-0.09899995476007462,0.0,0.0,0.0,0.0
973404.916,0.0,-1.0,1.0,0.23999999463558197,-0.0979999527335167,0.0,0.0,0.0,0.0
973415.201,0.0,-1.0,1.0,0.23999999463558197,-0.09699995815753937,0.0,0.0,0.0,1.0
973425.202,0.0,0.0,0.0,0.0,-0.09699995815753937,0.0,0.0,0.0,1.0
973435.202,0.0,0.0,0.0,0.0,-0.09699995815753937,0.0,0.0,0.0,0.0
973445.203,0.0,-1.0,1.0,0.23999999463558197,-0.09599995613098145,0.0,0.0,0.0,1.0
973456.204,0.0,0.0,0.0,0.0,-0.09599995613098145,0.0,0.0,0.0,0.0
973467.205,0.0,1.0,-1.0,-0.23999999463558197,-0.09699995815753937,0.0,0.0,0.0,0.0
973478.201,0.0,0.0,0.0,0.0,-0.09699995815753937,0.0,0.0,0.0,0.0
973488.202,0.0,0.0,0.0,0.0,-0.09699995815753937,0.0,0.0,0.0,0.0
973499.205,0.0,1.0,-1.0,-0.23999999463558197,-0.0979999527335167,0.0,0.0,0.0,1.0
973510.201,0.0,1.0,-1.0,-0.23999999463558197,-0.09899995476007462,0.0,0.0,0.0,0.0
973521.205,0.0,-1.0,1.0,0.23999999463558197,-0.0979999527335167,0.0,0.0,0.0,1.0
973531.205,0.0,0.0,0.0,0.0,-0.0979999527335167,0.0,0.0,0.0,2.0
973542.201,0.0,0.0,0.0,0.0,-0.0979999527335167,0.0,0.0,0.0,0.0
973552.201,0.0,0.0,0.0,0.0,-0.0979999527335167,0.0,0.0,0.0,0.0
973562.381,0.0,0.0,0.0,0.0,-0.0979999527335167,0.0,0.0,0.0,3.0
973572.381,0.0,-1.0,1.0,0.23999999463558197,-0.09699995815753937,0.0,0.0,0.0,3.0
973583.201,0.0,-1.0,1.0,0.23999999463558197,-0.09599995613098145,0.0,0.0,0.0,2.0
973594.205,0.0,0.0,0.0,0.0,-0.09599995613098145,0.0,0.0,0.0,0.0
973604.206,0.0,-1.0,1.0,0.23999999463558197,-0.09499996155500412,0.0,0.0,0.0,2.0
973614.207,0.0,0.0,0.0,0.0,-0.09499996155500412,0.0,0.0,0.0,1.0
973625.204,0.0,-1.0,1.0,0.23999999463558197,-0.0939999595284462,0.0,0.0,0.0,0.0
973635.205,0.0,-2.0,2.0,0.47999998927116394,-0.09199996292591095,0.0,0.0,0.0,0.0
973645.206,0.0,-1.0,1.0,0.23999999463558197,-0.09099996089935303,0.0,0.0,0.0,1.0
973655.207,0.0,-1.0,1.0,0.23999999463558197,-0.0899999663233757,0.0,0.0,0.0,1.0
973665.207,0.0,-1.0,1.0,0.23999999463558197,-0.08899996429681778,0.0,0.0,0.0,0.0
973675.207,0.0,-1.0,1.0,0.23999999463558197,-0.08799996227025986,0.0,0.0,0.0,0.0
973685.464,0.0,-2.0,2.0,0.47999998927116394,-0.08599996566772461,0.0,0.0,0.0,0.0
973695.464,0.0,-2.0,2.0,0.47999998927116394,-0.08399996906518936,0.0,0.0,0.0,1.0
973706.205,0.0,-2.0,2.0,0.47999998927116394,-0.08199997246265411,0.0,0.0,0.0,0.0
973717.2,0.0,0.0,0.0,0.0,-0.08199997246265411,0.0,0.0,0.0,0.0
973728.205,0.0,-2.0,2.0,0.47999998927116394,-0.07999997586011887,0.0,0.0,0.0,0.0
973738.206,0.0,-2.0,2.0,0.47999998927116394,-0.07799997180700302,0.0,0.0,0.0,2.0
973748.207,0.0,-2.0,2.0,0.47999998927116394,-0.07599997520446777,0.0,0.0,0.0,0.0
973759.205,0.0,-2.0,2.0,0.47999998927116394,-0.07399997860193253,0.0,0.0,0.0,1.0
973769.206,0.0,-4.0,4.0,0.9599999785423279,-0.06999997794628143,0.0,0.0,0.0,0.0
973779.496,0.0,-5.0,5.0,1.1999999284744263,-0.06499997526407242,0.0,1.0,1.0,0.0
973789.497,0.0,-4.0,4.0,0.9599999785423279,-0.06099997088313103,0.0,0.0,0.0,1.0
973800.201,0.0,-4.0,4.0,0.9599999785423279,-0.056999970227479935,0.0,0.0,0.0,1.0
973810.202,0.0,-5.0,5.0,1.1999999284744263,-0.05199996754527092,0.0,1.0,1.0,1.0
973820.202,0.0,-4.0,4.0,0.9599999785423279,-0.047999970614910126,0.0,0.0,0.0,0.0
973831.387,0.0,-8.0,8.0,1.9199999570846558,-0.03999996930360794,0.0,1.0,1.0,0.0
973842.201,0.0,-4.0,4.0,0.9599999785423279,-0.03599996864795685,0.0,0.0,0.0,0.0
973853.157,0.0,-5.0,5.0,1.1999999284744263,-0.030999967828392982,0.0,1.0,1.0,0.0
973863.157,0.0,-5.0,5.0,1.1999999284744263,-0.025999967008829117,0.0,1.0,1.0,0.0
973873.157,0.0,-6.0,6.0,1.4399999380111694,-0.019999966025352478,0.0,1.0,1.0,1.0
973884.205,0.0,-6.0,6.0,1.4399999380111694,-0.013999965973198414,0.0,1.0,1.0,1.0
973895.205,0.0,-8.0,8.0,1.9199999570846558,-0.005999966058880091,0.0,1.0,1.0,1.0
973906.2,0.0,-5.0,5.0,1.1999999284744263,-0.0009999660542234778,0.0,1.0,1.0,1.0
973917.205,0.0,-6.0,6.0,1.4399999380111694,0.010000034235417843,0.0,1.0,1.0,0.0
973928.201,0.0,-8.0,8.0,1.9199999570846558,0.018000034615397453,0.0,1.0,1.0,0.0
973939.205,0.0,-9.0,9.0,2.1599998474121094,0.027000034227967262,0.0,2.0,2.0,0.0
973950.205,0.0,-9.0,9.0,2.1599998474121094,0.03600003570318222,0.0,2.0,2.0,1.0
973961.201,0.0,-9.0,9.0,2.1599998474121094,0.04500003531575203,0.0,2.0,2.0,0.0
973971.202,0.0,-9.0,9.0,2.1599998474121094,0.05400003120303154,0.0,2.0,2.0,0.0
973982.205,0.0,-9.0,9.0,2.1599998474121094,0.06300003081560135,0.0,2.0,2.0,0.0
973993.2,0.0,-11.0,11.0,2.6399998664855957,0.0740000307559967,0.0,2.0,2.0,0.0
974003.201,0.0,-10.0,10.0,2.3999998569488525,0.08400003612041473,0.0,2.0,2.0,2.0
974013.202,0.0,-11.0,11.0,2.6399998664855957,0.09500003606081009,0.0,2.0,2.0,0.0
974023.202,0.0,-10.0,10.0,2.3999998569488525,0.10500003397464752,0.0,2.0,2.0,1.0
974033.854,0.0,-12.0,12.0,2.879999876022339,0.1170000359416008,0.0,2.0,2.0,1.0
974043.854,0.0,-10.0,10.0,2.3999998569488525,0.12700003385543823,0.0,2.0,2.0,1.0
974054.205,0.0,-12.0,12.0,2.879999876022339,0.1390000432729721,0.0,3.0,3.0,2.0
974065.201,0.0,-13.0,13.0,3.119999885559082,0.1520000398159027,0.0,3.0,3.0,0.0
974076.204,0.0,-13.0,13.0,3.119999885559082,0.1650000363588333,0.0,3.0,3.0,0.0
974087.205,0.0,-13.0,13.0,3.119999885559082,0.17800003290176392,0.0,3.0,3.0,0.0
974098.213,0.0,-14.0,14.0,3.359999895095825,0.20500004291534424,0.0,3.0,3.0,0.0
974109.204,0.0,-13.0,13.0,3.119999885559082,0.21800005435943604,0.0,3.0,3.0,1.0
974119.205,0.0,-14.0,14.0,3.359999895095825,0.23200006783008575,0.0,3.0,3.0,2.0
974130.205,0.0,-15.0,15.0,3.5999999046325684,0.2470000833272934,0.0,3.0,3.0,1.0
974140.205,1.0,-14.0,14.0,3.359999895095825,0.2610000967979431,0.0,3.0,3.0,2.0
974150.205,1.0,-17.0,17.0,4.079999923706055,0.2780000865459442,0.0,4.0,4.0,0.0
974160.206,1.0,-17.0,17.0,4.079999923706055,0.2950001060962677,0.0,4.0,4.0,0.0
974171.204,1.0,-17.0,17.0,4.079999923706055,0.3120001256465912,0.0,4.0,4.0,0.0
974181.303,1.0,-16.0,16.0,3.8399999141693115,0.32800012826919556,0.0,4.0,4.0,0.0
974192.2,2.0,-18.0,18.0,4.319999694824219,0.34600013494491577,0.0,4.0,4.0,1.0
974202.201,2.0,-18.0,18.0,4.319999694824219,0.364000141620636,0.0,4.0,4.0,1.0
974212.201,2.0,-16.0,16.0,3.8399999141693115,0.38000014424324036,0.0,4.0,4.0,0.0
974222.202,3.0,-19.0,19.0,4.559999942779541,0.3990001380443573,0.0,4.0,4.0,1.0
974232.203,3.0,-19.0,19.0,4.559999942779541,0.41800013184547424,0.0,4.0,4.0,1.0
974242.204,3.0,-19.0,19.0,4.559999942779541,0.4370001256465912,0.0,4.0,4.0,1.0
974252.204,3.0,-21.0,21.0,5.039999961853027,0.45800015330314636,0.0,5.0,5.0,1.0
974263.201,3.0,-22.0,22.0,5.279999732971191,0.4800001084804535,0.0,5.0,5.0,0.0
974274.205,4.0,-22.0,22.0,5.279999732971191,0.502000093460083,0.0,5.0,5.0,0.0
974285.202,4.0,-20.0,20.0,4.799999713897705,0.5220000743865967,0.0,5.0,5.0,0.0
974296.205,5.0,-22.0,22.0,5.279999732971191,0.5440000891685486,0.0,5.0,5.0,2.0
974306.206,5.0,-23.0,23.0,5.519999980926514,0.5670000910758972,0.0,6.0,6.0,1.0
974316.207,6.0,-23.0,23.0,5.519999980926514,0.5900000929832458,0.0,6.0,6.0,1.0
974327.132,6.0,-23.0,23.0,5.519999980926514,0.6130000948905945,0.0,6.0,6.0,0.0
974337.222,7.0,-24.0,24.0,5.759999752044678,0.6370000243186951,0.0,6.0,6.0,1.0
974347.223,7.0,-24.0,24.0,5.759999752044678,0.6610000133514404,0.0,6.0,6.0,1.0
974357.224,8.0,-26.0,26.0,6.239999771118164,0.687000036239624,0.0,6.0,6.0,2.0
974367.225,8.0,-27.0,27.0,6.480000019073486,0.7140000462532043,0.0,7.0,7.0,2.0
974377.226,9.0,-28.0,28.0,6.71999979019165,0.7420000433921814,0.0,7.0,7.0,2.0
974387.226,10.0,-30.0,30.0,7.199999809265137,0.7720000743865967,0.0,7.0,7.0,1.0
974398.205,11.0,-28.0,28.0,6.71999979019165,0.8000001311302185,0.0,7.0,7.0,0.0
974409.205,12.0,-29.0,29.0,6.960000038146973,0.8290001153945923,0.0,7.0,7.0,0.0
974419.206,13.0,-30.0,30.0,7.199999809265137,0.8590001463890076,0.0,8.0,8.0,1.0
974430.204,16.0,-34.0,32.0,7.679999828338623,0.8910000920295715,0.0,8.0,8.0,1.0
974441.201,19.0,-35.0,35.0,8.399999618530273,0.9600001573562622,0.0,9.0,9.0,1.0
974452.205,22.0,-35.0,35.0,8.399999618530273,0.9950001835823059,0.0,9.0,9.0,1.0
974462.206,27.0,-35.0,35.0,8.399999618530273,1.0300002098083496,0.0,9.0,9.0,2.0
974472.207,32.0,-37.0,37.0,8.880000114440918,1.0670002698898315,0.0,9.0,9.0,1.0
974482.208,39.0,-38.0,38.0,9.119999885559082,1.1050002574920654,0.0,10.0,10.0,0.0
974493.201,45.0,-41.0,41.0,9.84000015258789,1.1460002660751343,0.0,10.0,10.0,1.0
974504.205,53.0,-38.0,38.0,9.119999885559082,1.1840002536773682,0.0,10.0,10.0,1.0
974515.2,62.0,-42.0,42.0,10.079999923706055,1.226000189781189,0.0,11.0,11.0,1.0
974526.205,72.0,-44.0,44.0,10.559999465942383,1.2700002193450928,0.0,11.0,11.0,-1.0
974537.201,83.0,-44.0,44.0,10.559999465942383,1.314000129699707,0.0,11.0,11.0,-1.0
974548.205,94.0,-44.0,44.0,10.559999465942383,1.3580001592636108,0.0,11.0,11.0,-1.0
974559.201,104.0,-48.0,48.0,11.519999504089355,1.406000018119812,0.0,12.0,12.0,1.0
974569.201,116.0,-48.0,48.0,11.519999504089355,1.4539999961853027,0.0,12.0,12.0,1.0
974580.201,128.0,-52.0,52.0,12.479999542236328,1.50600004196167,0.0,13.0,13.0,1.0
974591.205,140.0,-53.0,53.0,12.719999313354492,1.559000015258789,0.0,14.0,14.0,0.0
974602.205,169.0,-57.0,57.0,13.679999351501465,1.6700000762939453,0.0,15.0,15.0,1.0
974613.201,184.0,-59.0,59.0,14.15999984741211,1.7290000915527344,0.0,15.0,15.0,0.0
974624.205,201.0,-61.0,61.0,14.639999389648438,1.7900002002716064,0.0,16.0,16.0,0.0
974634.206,220.0,-63.0,63.0,15.119999885559082,1.8530000448226929,0.0,16.0,16.0,1.0
974644.207,239.0,-63.0,63.0,15.119999885559082,1.9160000085830688,0.0,17.0,17.0,2.0
974655.201,260.0,-65.0,65.0,15.59999942779541,1.9809999465942383,0.0,17.0,17.0,2.0
974666.204,283.0,-66.0,66.0,15.839999198913574,2.046999931335449,0.0,17.0,17.0,2.0
974676.205,307.0,-72.0,72.0,17.279998779296875,2.11899995803833,0.0,19.0,19.0,2.0
974686.206,332.0,-73.0,73.0,17.520000457763672,2.191999912261963,0.0,19.0,19.0,0.0
974696.206,359.0,-76.0,76.0,18.239999771118164,2.2679998874664307,0.0,20.0,20.0,1.0
974706.207,387.0,-78.0,78.0,18.719999313354492,2.3459999561309814,0.0,21.0,21.0,0.0
974717.201,416.0,-79.0,79.0,18.959999084472656,2.424999952316284,0.0,21.0,21.0,1.0
974728.205,448.0,-81.0,81.0,19.439998626708984,2.50600004196167,0.0,21.0,21.0,0.0
974739.201,480.0,-82.0,82.0,19.68000030517578,2.5880000591278076,0.0,22.0,22.0,2.0
974749.202,514.0,-83.0,83.0,19.920000076293945,2.6710000038146973,0.0,22.0,22.0,1.0
974760.201,549.0,-84.0,84.0,20.15999984741211,2.754999876022339,0.0,22.0,22.0,2.0
974771.205,585.0,-85.0,85.0,20.399999618530273,2.8399999141693115,0.0,23.0,23.0,1.0
974782.205,621.0,-86.0,86.0,20.639999389648438,2.9260001182556152,0.0,23.0,23.0,1.0
974793.201,696.0,-88.0,88.0,21.119998931884766,3.1010000705718994,0.0,24.0,24.0,1.0
974803.201,734.0,-89.0,89.0,21.35999870300293,3.190000057220459,0.0,24.0,24.0,1.0
974813.201,773.0,-89.0,89.0,21.35999870300293,3.2790000438690186,0.0,24.0,24.0,0.0
974823.201,813.0,-89.0,89.0,21.35999870300293,3.368000030517578,0.0,24.0,24.0,0.0
974833.201,854.0,-88.0,88.0,21.119998931884766,3.4560000896453857,0.0,24.0,24.0,0.0
974844.2,896.0,-87.0,87.0,20.8799991607666,3.5429999828338623,0.0,24.0,24.0,1.0
974854.339,938.0,-87.0,87.0,20.8799991607666,3.629999876022339,0.0,24.0,24.0,1.0
974864.34,981.0,-87.0,87.0,20.8799991607666,3.7169997692108154,0.0,24.0,24.0,2.0
974874.341,1024.0,-90.0,90.0,21.600000381469727,3.806999921798706,0.0,25.0,25.0,1.0
974885.205,1067.0,-89.0,89.0,21.35999870300293,3.8959999084472656,0.0,25.0,25.0,1.0
974895.205,1110.0,-89.0,89.0,21.35999870300293,3.984999895095825,0.0,25.0,25.0,0.0
974906.201,1154.0,-88.0,88.0,21.119998931884766,4.072999954223633,0.0,25.0,25.0,0.0
974916.202,1198.0,-87.0,87.0,20.8799991607666,4.159999847412109,0.0,25.0,25.0,-1.0
974927.205,1242.0,-84.0,84.0,20.15999984741211,4.24399995803833,0.0,24.0,24.0,0.0
974938.201,1287.0,-83.0,83.0,19.920000076293945,4.327000141143799,0.0,24.0,24.0,1.0
974948.202,1332.0,-83.0,83.0,19.920000076293945,4.410000324249268,0.0,24.0,24.0,1.0
974958.203,1377.0,-78.0,78.0,18.719999313354492,4.488000392913818,0.0,23.0,23.0,1.0
974969.204,1421.0,-77.0,77.0,18.479999542236328,4.565000057220459,0.0,23.0,23.0,1.0
974980.201,1465.0,-70.0,70.0,16.799999237060547,4.635000228881836,0.0,21.0,21.0,1.0
974990.201,1508.0,-69.0,69.0,16.559999465942383,4.703999996185303,0.0,21.0,21.0,1.0
975001.205,1549.0,-61.0,61.0,14.639999389648438,4.765000343322754,0.0,19.0,19.0,0.0
975011.299,1589.0,-55.0,55.0,13.199999809265137,4.820000171661377,0.0,18.0,18.0,0.0
975021.299,1626.0,-47.0,47.0,11.279999732971191,4.867000102996826,0.0,16.0,16.0,0.0
975031.3,1661.0,-42.0,42.0,10.079999923706055,4.908999919891357,0.0,14.0,14.0,2.0
975041.301,1693.0,-42.0,42.0,10.079999923706055,4.950999736785889,0.0,15.0,15.0,2.0
975051.301,1722.0,-36.0,36.0,8.639999389648438,4.986999988555908,0.0,13.0,13.0,0.0
975061.302,1749.0,-29.0,29.0,6.960000038146973,5.016000270843506,0.0,11.0,11.0,2.0
975071.302,1774.0,-20.0,20.0,4.799999713897705,5.0360002517700195,0.0,9.0,9.0,1.0
975082.2,1796.0,-13.0,13.0,3.119999885559082,5.049000263214111,0.0,8.0,8.0,2.0
975093.205,1814.0,-7.0,7.0,1.6799999475479126,5.056000232696533,0.0,6.0,6.0,1.0
975103.206,1830.0,3.0,-3.0,-0.7199999690055847,5.053000450134277,0.0,4.0,4.0,0.0
975114.409,1841.0,8.0,-8.0,-1.9199999570846558,5.045000076293945,0.0,3.0,3.0,0.0
975124.41,1848.0,20.0,-20.0,-4.799999713897705,5.025000095367432,0.0,0.0,0.0,2.0
975135.206,1850.0,30.0,-30.0,-7.199999809265137,4.974999904632568,0.0,-2.0,-2.0,1.0
975145.206,1850.0,46.0,-30.0,-7.199999809265137,4.974999904632568,0.0,-2.0,-2.0,1.0
975155.207,1850.0,57.0,-46.0,-11.039999961853027,4.929000377655029,0.0,-6.0,-6.0,0.0
975165.208,1847.0,57.0,-57.0,-13.679999351501465,4.872000217437744,0.0,-8.0,-8.0,0.0
975176.1,1839.0,69.0,-69.0,-16.559999465942383,4.738000392913818,0.0,-11.0,-11.0,1.0
975187.1,1833.0,79.0,-79.0,-18.959999084472656,4.658999919891357,0.0,-14.0,-14.0,1.0
975197.101,1824.0,79.0,-79.0,-18.959999084472656,4.579999923706055,0.0,-14.0,-14.0,1.0
975208.205,1813.0,102.0,-102.0,-24.479999542236328,4.478000164031982,0.0,-20.0,-20.0,1.0
975218.206,1799.0,109.0,-109.0,-26.15999984741211,4.36899995803833,0.0,-21.0,-21.0,1.0
975229.201,1778.0,120.0,-120.0,-28.799999237060547,4.249000072479248,0.0,-24.0,-24.0,2.0
975239.201,1753.0,123.0,-123.0,-29.51999855041504,4.125999927520752,0.0,-25.0,-25.0,0.0
975249.202,1723.0,143.0,-143.0,-34.31999969482422,3.982999801635742,0.0,-30.0,-30.0,2.0
975259.202,1688.0,147.0,-147.0,-35.279998779296875,3.8359997272491455,0.0,-31.0,-31.0,1.0
975269.202,1648.0,154.0,-154.0,-36.959999084472656,3.681999683380127,0.0,-33.0,-33.0,1.0
975280.204,1601.0,168.0,-168.0,-40.31999969482422,3.5139997005462646,0.0,-36.0,-36.0,0.0
975291.205,1550.0,187.0,-187.0,-44.87999725341797,3.3269996643066406,0.0,-41.0,-41.0,0.0
975301.205,1492.0,190.0,-190.0,-45.599998474121094,3.1369998455047607,0.0,-42.0,-42.0,1.0
975311.205,1425.0,190.0,-190.0,-45.599998474121094,2.9469997882843018,0.0,-42.0,-42.0,1.0
975322.205,1353.0,207.0,-207.0,-49.68000030517578,2.739999771118164,0.0,-46.0,-46.0,1.0
975333.204,1276.0,207.0,-207.0,-49.68000030517578,2.5329997539520264,0.0,-47.0,-47.0,1.0
975343.205,1193.0,219.0,-219.0,-52.55999755859375,2.313999891281128,0.0,-50.0,-50.0,1.0
975354.205,1104.0,221.0,-221.0,-53.03999710083008,2.0929999351501465,0.0,-50.0,-50.0,0.0
975365.205,1012.0,226.0,-226.0,-54.23999786376953,1.866999864578247,0.0,-52.0,-52.0,1.0
975376.201,914.0,231.0,-231.0,-55.439998626708984,1.6359999179840088,0.0,-53.0,-53.0,1.0
975387.204,705.0,235.0,-235.0,-56.39999771118164,1.1679998636245728,0.0,-55.0,-55.0,1.0
975397.205,595.0,235.0,-235.0,-56.39999771118164,0.9329997897148132,0.0,-55.0,-55.0,1.0
975408.205,479.0,238.0,-238.0,-57.119998931884766,0.6949998140335083,0.0,-56.0,-56.0,1.0
975419.201,361.0,238.0,-238.0,-57.119998931884766,0.4569997787475586,0.0,-56.0,-56.0,1.0
975429.202,241.0,239.0,-239.0,-57.36000061035156,0.21799980103969574,0.0,-57.0,-57.0,1.0
975440.205,119.0,236.0,-236.0,-56.63999938964844,-0.018000204116106033,0.0,-56.0,-56.0,1.0
975450.231,-5.0,237.0,-237.0,-56.87999725341797,-0.25500020384788513,0.0,-57.0,-57.0,0.0
975460.232,-131.0,236.0,-236.0,-56.63999938964844,-0.491000235080719,0.0,-57.0,-57.0,1.0
975471.205,-257.0,235.0,-235.0,-56.39999771118164,-0.7260002493858337,0.0,-57.0,-57.0,2.0
975482.201,-386.0,233.0,-233.0,-55.91999816894531,-0.9590002298355103,0.0,-56.0,-56.0,0.0
975493.205,-513.0,230.0,-230.0,-55.19999694824219,-1.1890002489089966,0.0,-56.0,-56.0,0.0
975503.206,-642.0,228.0,-228.0,-54.71999740600586,-1.4170001745224,0.0,-56.0,-56.0,0.0
975514.204,-770.0,222.0,-222.0,-53.279998779296875,-1.6390001773834229,0.0,-54.0,-54.0,1.0
975524.205,-898.0,222.0,-222.0,-53.279998779296875,-1.8610000610351562,0.0,-55.0,-55.0,1.0
975535.2,-1025.0,212.0,-212.0,-50.87999725341797,-2.073000192642212,0.0,-52.0,-52.0,0.0
975545.201,-1150.0,206.0,-206.0,-49.439998626708984,-2.2790000438690186,0.0,-51.0,-51.0,1.0
975556.204,-1276.0,202.0,-202.0,-48.47999954223633,-2.4810001850128174,0.0,-50.0,-50.0,2.0
975567.201,-1398.0,182.0,-182.0,-43.68000030517578,-2.6630001068115234,0.0,-46.0,-46.0,1.0
975578.219,-1632.0,165.0,-165.0,-39.599998474121094,-2.998000144958496,0.0,-42.0,-42.0,1.0
975589.1,-1743.0,165.0,-165.0,-39.599998474121094,-3.1630001068115234,0.0,-42.0,-42.0,1.0
975599.1,-1848.0,122.0,-122.0,-29.279998779296875,-3.2850003242492676,0.0,-32.0,-32.0,0.0
975609.101,-1948.0,122.0,-122.0,-29.279998779296875,-3.4070003032684326,0.0,-32.0,-32.0,0.0
975620.209,-2040.0,109.0,-109.0,-26.15999984741211,-3.516000509262085,0.0,-29.0,-29.0,1.0
975630.21,-2128.0,76.0,-76.0,-18.239999771118164,-3.5920002460479736,0.0,-21.0,-21.0,2.0
975641.173,-2208.0,44.0,-44.0,-10.559999465942383,-3.636000156402588,0.0,-14.0,-14.0,1.0
975651.174,-2275.0,-1.0,1.0,0.23999999463558197,-3.635000228881836,0.0,-3.0,-3.0,0.0
975661.174,-2329.0,-37.0,37.0,8.880000114440918,-3.5980002880096436,0.0,5.0,5.0,2.0
975672.2,-2366.0,-75.0,75.0,18.0,-3.523000478744507,0.0,14.0,14.0,2.0
975683.205,-2385.0,-119.0,119.0,28.559999465942383,-3.4040005207061768,0.0,25.0,25.0,2.0
975694.201,-2384.0,-119.0,119.0,28.559999465942383,-3.2850005626678467,0.0,25.0,25.0,2.0
975704.683,-2371.0,-148.0,148.0,35.52000045776367,-3.137000799179077,0.0,32.0,32.0,1.0
975715.201,-2346.0,-233.0,233.0,55.91999816894531,-2.904000759124756,0.0,53.0,53.0,0.0
975725.202,-2306.0,-244.0,244.0,58.55999755859375,-2.6600005626678467,0.0,55.0,55.0,0.0
975735.202,-2249.0,-317.0,317.0,76.08000183105469,-2.343000650405884,0.0,73.0,73.0,3.0
975746.209,-2172.0,-331.0,331.0,79.43999481201172,-2.012000799179077,0.0,77.0,77.0,1.0
975756.209,-2072.0,-421.0,421.0,101.04000091552734,-1.5910006761550903,0.0,99.0,99.0,1.0
975767.2,-1947.0,-426.0,426.0,102.23999786376953,-1.1650006771087646,0.0,101.0,101.0,1.0
975777.456,-1796.0,-469.0,469.0,112.55999755859375,-0.6960006356239319,0.0,111.0,111.0,0.0
975788.4,-1619.0,-552.0,552.0,132.47999572753906,-0.14400063455104828,0.0,132.0,132.0,1.0
975801.206,-1183.0,-614.0,614.0,147.36000061035156,1.042999267578125,0.0,148.0,148.0,1.0
975811.459,-923.0,-664.0,664.0,159.36000061035156,1.7069991827011108,0.0,161.0,161.0,0.0
975821.787,-634.0,-701.0,701.0,168.239990234375,2.407999277114868,0.0,170.0,170.0,0.0
975832.205,-316.0,-763.0,763.0,183.1199951171875,3.17099928855896,0.0,186.0,186.0,1.0
975843.201,28.0,-797.0,797.0,191.27999877929688,3.967999219894409,0.0,195.0,195.0,2.0
975853.202,404.0,-899.0,899.0,215.75999450683594,4.866999626159668,0.0,220.0,220.0,0.0
975864.201,810.0,-913.0,913.0,219.1199951171875,5.779999732971191,0.0,224.0,224.0,1.0
975875.204,1249.0,-994.0,994.0,238.55999755859375,6.7739996910095215,0.0,245.0,245.0,1.0
975886.201,1717.0,-1043.0,1043.0,250.3199920654297,7.816999912261963,0.0,258.0,255.0,0.0
975897.205,2212.0,-1056.0,1056.0,253.4399871826172,8.873000144958496,0.0,262.0,255.0,2.0
975907.206,2735.0,-1056.0,1056.0,253.4399871826172,9.928999900817871,0.0,263.0,255.0,2.0
975917.206,3279.0,-1114.0,1114.0,267.3599853515625,11.042999267578125,0.0,278.0,0.0,-1.0
975928.205,3776.0,-1145.0,1145.0,274.79998779296875,12.18799877166748,0.0,286.0,0.0,-1.0
975938.205,3926.0,-1169.0,1169.0,280.55999755859375,13.356999397277832,0.0,293.0,0.0,0.0
975948.206,3793.0,-1181.0,1181.0,283.44000244140625,14.537999153137207,0.0,297.0,0.0,1.0
975959.206,3748.0,-1205.0,1205.0,289.1999816894531,15.742999076843262,0.0,304.0,0.0,0.0
975970.201,3725.0,-1247.0,1247.0,299.2799987792969,16.989999771118164,0.0,316.0,0.0,1.0
975980.202,3704.0,-1277.0,1277.0,306.47998046875,18.267000198364258,0.0,324.0,0.0,2.0
975990.203,3663.0,-1299.0,1299.0,311.7599792480469,19.56599998474121,0.0,331.0,0.0,0.0
976000.204,3649.0,-1299.0,1299.0,311.7599792480469,20.865001678466797,0.0,332.0,0.0,0.0
976011.216,3661.0,-1331.0,1331.0,319.44000244140625,23.524999618530273,0.0,342.0,0.0,0.0
976021.218,3658.0,-1345.0,1345.0,322.79998779296875,24.8700008392334,0.0,347.0,0.0,2.0
976032.201,3654.0,-1346.0,1346.0,323.03997802734375,26.216001510620117,0.0,349.0,0.0,3.0
976043.204,3659.0,-1335.0,1335.0,320.3999938964844,27.551000595092773,0.0,347.0,0.0,0.0
976053.205,3663.0,-1335.0,1335.0,320.3999938964844,28.886001586914062,0.0,349.0,0.0,0.0
976063.206,3660.0,-1296.0,1296.0,311.03997802734375,30.1820011138916,0.0,341.0,0.0,1.0
976074.201,3660.0,-1263.0,1263.0,303.1199951171875,31.44500160217285,0.0,334.0,0.0,0.0
976084.201,3662.0,-1263.0,1263.0,303.1199951171875,32.708003997802734,0.0,335.0,0.0,0.0
976095.212,3663.0,-1221.0,1221.0,293.0400085449219,33.92900085449219,0.0,326.0,0.0,-1.0
976106.208,3664.0,-1200.0,1200.0,288.0,35.12900161743164,0.0,323.0,0.0,1.0
976116.209,3666.0,-1093.0,1093.0,262.32000732421875,36.22200012207031,0.0,298.0,0.0,3.0
976126.834,3666.0,-1019.0,1019.0,244.55999755859375,37.24100112915039,0.0,281.0,0.0,2.0
976136.835,3669.0,-959.0,959.0,230.1599884033203,38.20000076293945,0.0,268.0,0.0,2.0
976146.836,3674.0,-842.0,842.0,202.0800018310547,39.0420036315918,0.0,241.0,0.0,2.0
976157.201,3674.0,-736.0,736.0,176.63999938964844,39.77799987792969,0.0,216.0,0.0,3.0
976168.204,3677.0,-736.0,736.0,176.63999938964844,40.513999938964844,0.0,217.0,0.0,3.0
976179.201,3682.0,-537.0,537.0,128.87998962402344,41.05099868774414,0.0,169.0,0.0,2.0
976190.205,3685.0,-499.0,499.0,119.75999450683594,41.54999923706055,0.0,161.0,0.0,1.0
976201.201,3687.0,-587.0,587.0,140.87998962402344,42.13699722290039,0.0,183.0,0.0,-11.0
976211.202,3687.0,-583.0,583.0,139.9199981689453,42.71999740600586,0.0,182.0,0.0,-1.0
976221.796,3688.0,-662.0,662.0,158.87998962402344,43.381996154785156,0.0,202.0,0.0,-8.0
976231.797,3688.0,-747.0,747.0,179.27999877929688,44.12899398803711,0.0,223.0,0.0,-2.0
976242.204,3688.0,-780.0,780.0,187.1999969482422,44.908992767333984,0.0,232.0,0.0,8.0
976252.205,3688.0,-837.0,837.0,200.87998962402344,45.745994567871094,0.0,246.0,0.0,12.0
976262.965,3687.0,-1069.0,1069.0,256.55999755859375,47.883995056152344,0.0,304.0,0.0,8.0
976273.1,3687.0,-1146.0,1146.0,275.0400085449219,49.02999496459961,0.0,324.0,0.0,6.0
976284.1,3686.0,-1188.0,1188.0,285.1199951171875,50.217994689941406,0.0,335.0,0.0,7.0
976295.205,3687.0,-1413.0,1413.0,339.1199951171875,51.6309928894043,0.0,390.0,0.0,6.0
976305.206,3686.0,-1418.0,1418.0,340.32000732421875,53.04899215698242,0.0,393.0,0.0,7.0
976315.207,3686.0,-1508.0,1508.0,361.91998291015625,54.5569953918457,0.0,416.0,0.0,6.0
976326.201,3686.0,-1680.0,1680.0,403.1999816894531,56.236995697021484,0.0,459.0,0.0,7.0
976336.202,3686.0,-1780.0,1780.0,427.1999816894531,58.01699447631836,0.0,485.0,0.0,5.0
976346.203,3686.0,-1796.0,1796.0,431.03997802734375,59.81299591064453,0.0,490.0,0.0,6.0
976357.205,3686.0,-1859.0,1859.0,446.1600036621094,61.6719970703125,0.0,507.0,0.0,5.0
976367.289,3686.0,-1900.0,1900.0,456.0,63.571998596191406,0.0,519.0,0.0,6.0
976378.204,3686.0,-1918.0,1918.0,460.3199768066406,65.48999786376953,0.0,525.0,0.0,10.0
976388.204,3686.0,-1970.0,1970.0,472.79998779296875,67.45999908447266,0.0,540.0,0.0,12.0
976399.173,3686.0,-2005.0,2005.0,481.1999816894531,69.46499633789062,0.0,550.0,0.0,12.0
976409.173,3686.0,-2031.0,2031.0,487.44000244140625,71.4959945678711,0.0,558.0,0.0,10.0
976419.174,3686.0,-2055.0,2055.0,493.1999816894531,73.55099487304688,0.0,566.0,0.0,10.0
976430.205,3686.0,-2080.0,2080.0,499.1999816894531,75.63099670410156,0.0,574.0,0.0,11.0
976441.201,3686.0,-2082.0,2082.0,499.67999267578125,77.71299743652344,0.0,577.0,0.0,10.0
976452.205,3686.0,-2082.0,2082.0,499.67999267578125,79.79499816894531,0.0,579.0,0.0,10.0
976463.201,3686.0,-2084.0,2084.0,500.1600036621094,81.87899780273438,0.0,582.0,0.0,14.0
976473.202,3686.0,-2086.0,2086.0,500.6399841308594,83.96499633789062,0.0,584.0,0.0,10.0
976484.201,3686.0,-2078.0,2078.0,498.7200012207031,86.04299926757812,0.0,584.0,0.0,13.0
976494.202,3686.0,-2067.0,2067.0,496.0799865722656,88.11000061035156,0.0,584.0,0.0,11.0
976504.203,3686.0,-2032.0,2032.0,487.67999267578125,90.14199829101562,0.0,577.0,0.0,12.0
976514.203,3686.0,-1985.0,1985.0,476.3999938964844,92.12699890136719,0.0,568.0,0.0,9.0
976524.203,3686.0,-1964.0,1964.0,471.3599853515625,94.09099578857422,0.0,565.0,0.0,10.0
976534.204,3686.0,-1909.0,1909.0,458.1600036621094,96.0,0.0,554.0,0.0,9.0
976544.331,3686.0,-1902.0,1902.0,456.47998046875,97.9020004272461,0.0,554.0,0.0,7.0
976555.201,3686.0,-1829.0,1829.0,438.9599914550781,101.59300231933594,0.0,540.0,0.0,7.0
976565.201,3686.0,-1751.0,1751.0,420.239990234375,103.343994140625,0.0,523.0,0.0,7.0
976575.201,3686.0,-1695.0,1695.0,406.79998779296875,105.03899383544922,0.0,511.0,0.0,8.0
976586.1,3686.0,-1614.0,1614.0,387.3599853515625,106.65299224853516,0.0,494.0,0.0,8.0
976597.1,3686.0,-1547.0,1547.0,371.2799987792969,108.19998931884766,0.0,479.0,0.0,10.0
976607.101,3686.0,-1547.0,1547.0,371.2799987792969,109.74698638916016,0.0,481.0,0.0,10.0
976617.102,3686.0,-1533.0,1533.0,367.91998291015625,111.27998352050781,0.0,479.0,0.0,9.0
976628.205,3686.0,-1365.0,1365.0,327.6000061035156,112.64498138427734,0.0,440.0,0.0,7.0
976639.201,3686.0,-1343.0,1343.0,322.32000732421875,113.98799133300781,0.0,436.0,0.0,9.0
976650.205,3686.0,-1343.0,1343.0,322.32000732421875,115.33099365234375,0.0,437.0,0.0,9.0
976660.206,3686.0,-1259.0,1259.0,302.1600036621094,116.5899887084961,0.0,418.0,0.0,9.0
976671.209,3686.0,-1206.0,1206.0,289.44000244140625,117.7959976196289,0.0,407.0,0.0,8.0
976681.209,3686.0,-1132.0,1132.0,271.67999267578125,118.92799377441406,0.0,390.0,0.0,8.0
976691.209,3686.0,-1080.0,1080.0,259.1999816894531,120.00799560546875,0.0,379.0,0.0,8.0
976701.209,3686.0,-983.0,983.0,235.9199981689453,120.9909896850586,0.0,356.0,0.0,9.0
976712.158,3686.0,-967.0,967.0,232.0800018310547,121.95800018310547,0.0,354.0,0.0,9.0
976722.158,3686.0,-874.0,874.0,209.75999450683594,122.83199310302734,0.0,332.0,0.0,8.0
976733.201,3686.0,-858.0,858.0,205.9199981689453,123.68999481201172,0.0,329.0,0.0,8.0
976744.205,3686.0,-804.0,804.0,192.95999145507812,124.4939956665039,0.0,317.0,0.0,8.0
976754.206,3686.0,-804.0,804.0,192.95999145507812,125.2979965209961,0.0,318.0,0.0,8.0
976764.207,3686.0,-755.0,755.0,181.1999969482422,126.0530014038086,0.0,307.0,0.0,8.0
976774.208,3686.0,-719.0,719.0,172.55999755859375,126.7719955444336,0.0,299.0,0.0,8.0
976784.209,3686.0,-653.0,653.0,156.72000122070312,127.42500305175781,0.0,284.0,0.0,8.0
976794.21,3686.0,-605.0,605.0,145.1999969482422,128.03001403808594,0.0,273.0,0.0,9.0
976805.204,3686.0,-524.0,524.0,125.75999450683594,128.5540008544922,0.0,254.0,0.0,7.0
976815.204,3686.0,-510.0,510.0,122.39999389648438,129.0640106201172,0.0,251.0,0.0,8.0
976826.173,3686.0,-432.0,432.0,103.68000030517578,129.49600219726562,0.0,233.0,0.0,8.0
976837.175,3686.0,-420.0,420.0,100.79999542236328,130.3359832763672,0.0,231.0,0.0,8.0
976847.175,3686.0,-330.0,330.0,79.19999694824219,130.66600036621094,0.0,209.0,0.0,9.0
976858.1,3686.0,-322.0,322.0,77.27999877929688,130.9879913330078,0.0,208.0,0.0,9.0
976869.1,3686.0,-252.0,252.0,60.47999954223633,131.239990234375,0.0,191.0,0.0,8.0
976880.201,3686.0,-209.0,209.0,50.15999984741211,131.44898986816406,0.0,181.0,0.0,7.0
976890.202,3686.0,-153.0,153.0,36.71999740600586,131.60198974609375,0.0,168.0,0.0,8.0
976900.203,3686.0,-110.0,110.0,26.399999618530273,131.7119903564453,0.0,158.0,0.0,7.0
976910.204,3686.0,-39.0,39.0,9.359999656677246,131.75099182128906,0.0,141.0,0.0,9.0
976921.2,3686.0,-27.0,27.0,6.480000019073486,131.7779998779297,0.0,138.0,0.0,7.0
976931.673,3686.0,-27.0,27.0,6.480000019073486,131.80499267578125,0.0,138.0,0.0,7.0
976942.205,3686.0,44.0,-44.0,-10.559999465942383,131.76100158691406,0.0,121.0,0.0,8.0
976953.201,3686.0,102.0,-102.0,-24.479999542236328,131.65899658203125,0.0,107.0,0.0,8.0
976964.209,3686.0,129.0,-129.0,-30.959999084472656,131.52999877929688,0.0,100.0,0.0,9.0
976975.201,3686.0,175.0,-175.0,-42.0,131.35499572753906,0.0,89.0,0.0,8.0
976985.202,3686.0,195.0,-195.0,-46.79999923706055,131.16000366210938,0.0,84.0,0.0,8.0
976996.201,3686.0,266.0,-266.0,-63.84000015258789,130.8939971923828,0.0,67.0,0.0,8.0
977007.205,3686.0,312.0,-312.0,-74.87999725341797,130.58200073242188,0.0,55.0,0.0,9.0
977018.201,3686.0,331.0,-331.0,-79.43999481201172,130.25099182128906,0.0,50.0,0.0,9.0
977028.202,3686.0,370.0,-370.0,-88.79999542236328,129.88099670410156,0.0,41.0,0.0,9.0
977039.205,3686.0,466.0,-466.0,-111.83999633789062,128.98899841308594,0.0,17.0,0.0,8.0
977049.206,3686.0,518.0,-518.0,-124.31999969482422,128.4709930419922,0.0,4.0,0.0,8.0
977060.201,3685.0,563.0,-563.0,-135.1199951171875,127.9079818725586,0.0,-7.0,0.0,9.0
977071.205,3685.0,619.0,-619.0,-148.55999755859375,127.28899383544922,0.0,-21.0,0.0,8.0
977081.206,3684.0,699.0,-699.0,-167.75999450683594,126.5899887084961,0.0,-41.0,0.0,9.0
977091.207,3684.0,699.0,-699.0,-167.75999450683594,125.8909912109375,0.0,-41.0,0.0,9.0
977102.217,3684.0,765.0,-765.0,-183.59999084472656,125.12599182128906,0.0,-58.0,0.0,8.0
977112.579,3683.0,806.0,-806.0,-193.44000244140625,124.31998443603516,0.0,-69.0,0.0,9.0
977122.579,3683.0,831.0,-831.0,-199.44000244140625,123.48897552490234,0.0,-75.0,0.0,8.0
977133.201,3683.0,916.0,-916.0,-219.83999633789062,122.5729751586914,0.0,-97.0,0.0,10.0
977143.201,3683.0,976.0,-976.0,-234.239990234375,121.59697723388672,0.0,-112.0,0.0,10.0
977154.201,3683.0,1036.0,-1036.0,-248.63999938964844,120.56097412109375,0.0,-128.0,0.0,9.0
977164.203,3683.0,1114.0,-1114.0,-267.3599853515625,119.44697570800781,0.0,-147.0,0.0,8.0
977174.204,3683.0,1161.0,-1161.0,-278.6399841308594,118.28597259521484,0.0,-160.0,0.0,8.0
977185.205,3683.0,1247.0,-1247.0,-299.2799987792969,117.03897857666016,0.0,-182.0,0.0,7.0
977195.206,3683.0,1288.0,-1288.0,-309.1199951171875,115.7509765625,0.0,-193.0,0.0,8.0
977206.205,3683.0,1313.0,-1313.0,-315.1199951171875,114.43798065185547,0.0,-200.0,0.0,8.0
977217.201,3683.0,1362.0,-1362.0,-326.8800048828125,113.07598114013672,0.0,-213.0,0.0,7.0
977227.201,3683.0,1428.0,-1428.0,-342.7200012207031,111.6479721069336,0.0,-231.0,0.0,8.0
977238.201,3683.0,1508.0,-1508.0,-361.91998291015625,110.13997650146484,0.0,-251.0,0.0,8.0
977248.202,3683.0,1544.0,-1544.0,-370.55999755859375,108.59598541259766,0.0,-261.0,0.0,9.0
977259.205,3683.0,1610.0,-1610.0,-386.3999938964844,106.9859848022461,0.0,-279.0,0.0,8.0
977269.721,3684.0,1686.0,-1686.0,-404.6399841308594,105.29998779296875,0.0,-299.0,0.0,8.0
977279.722,3683.0,1746.0,-1746.0,-419.03997802734375,103.55399322509766,0.0,-315.0,0.0,8.0
977290.358,3683.0,1827.0,-1827.0,-438.47998046875,99.9419937133789,0.0,-338.0,0.0,5.0
977300.359,3683.0,1927.0,-1827.0,-438.47998046875,99.9419937133789,0.0,-338.0,0.0,1.0
977311.1,3683.0,1976.0,-1976.0,-474.239990234375,96.03899383544922,0.0,-378.0,0.0,-3.0
977322.204,3683.0,1989.0,-1989.0,-477.3599853515625,94.04998779296875,0.0,-383.0,0.0,-1.0
977332.204,3684.0,2028.0,-2028.0,-486.7200012207031,92.02198791503906,0.0,-394.0,0.0,-1.0
977343.201,3684.0,2037.0,-2037.0,-488.8799743652344,89.9849853515625,0.0,-398.0,0.0,-1.0
977353.202,3683.0,2043.0,-2043.0,-490.3199768066406,87.94198608398438,0.0,-402.0,0.0,-1.0
977364.201,3684.0,2060.0,-2060.0,-494.3999938964844,85.88198852539062,0.0,-408.0,0.0,-5.0
977374.202,3683.0,2065.0,-2065.0,-495.5999755859375,83.81698608398438,0.0,-411.0,0.0,-5.0
977385.204,3683.0,2067.0,-2067.0,-496.0799865722656,81.74999237060547,0.0,-414.0,0.0,-3.0
977395.205,3684.0,2062.0,-2062.0,-494.8799743652344,79.68798828125,0.0,-415.0,0.0,-7.0
977406.363,3684.0,2061.0,-2061.0,-494.6399841308594,77.62699127197266,0.0,-417.0,0.0,-8.0
977417.201,3684.0,2039.0,-2039.0,-489.3599853515625,75.5879898071289,0.0,-413.0,0.0,-4.0
977427.202,3683.0,2031.0,-2031.0,-487.44000244140625,73.55699157714844,0.0,-413.0,0.0,-4.0
977437.202,3683.0,1995.0,-1995.0,-478.79998779296875,71.5619888305664,0.0,-407.0,0.0,-4.0
977447.203,3684.0,1948.0,-1948.0,-467.5199890136719,69.6139907836914,0.0,-397.0,0.0,-2.0
977458.205,3684.0,1926.0,-1926.0,-462.239990234375,67.68798828125,0.0,-394.0,0.0,0.0
977468.205,3684.0,1922.0,-1922.0,-461.2799987792969,65.7659912109375,0.0,-395.0,0.0,0.0
977478.206,3684.0,1885.0,-1885.0,-452.3999938964844,63.8809928894043,0.0,-388.0,0.0,1.0
977489.201,3684.0,1804.0,-1804.0,-432.9599914550781,62.076995849609375,0.0,-370.0,0.0,0.0
977500.205,3683.0,1764.0,-1764.0,-423.3599853515625,60.31299591064453,0.0,-363.0,0.0,-1.0
977511.205,3684.0,1737.0,-1737.0,-416.8800048828125,58.57599639892578,0.0,-358.0,0.0,0.0
977522.201,3683.0,1627.0,-1627.0,-390.47998046875,55.29299545288086,0.0,-335.0,0.0,0.0
977532.202,3684.0,1551.0,-1551.0,-372.239990234375,53.74199295043945,0.0,-318.0,0.0,0.0
977542.202,3684.0,1525.0,-1525.0,-366.0,52.21699142456055,0.0,-313.0,0.0,-1.0
977552.204,3683.0,1458.0,-1458.0,-349.91998291015625,50.758995056152344,0.0,-299.0,0.0,0.0
977563.204,3684.0,1458.0,-1458.0,-349.91998291015625,49.300994873046875,0.0,-300.0,0.0,0.0
977573.205,3683.0,1444.0,-1444.0,-346.55999755859375,47.85699462890625,0.0,-298.0,0.0,-1.0
977584.205,3683.0,1391.0,-1391.0,-333.8399963378906,46.46599578857422,0.0,-287.0,0.0,-1.0
977595.157,3684.0,1356.0,-1356.0,-325.44000244140625,45.1099967956543,0.0,-280.0,0.0,0.0
977606.201,3684.0,1288.0,-1288.0,-309.1199951171875,43.82199478149414,0.0,-265.0,0.0,-1.0
977617.173,3684.0,1277.0,-1277.0,-306.47998046875,42.54499435424805,0.0,-263.0,0.0,0.0
977628.205,3684.0,1235.0,-1235.0,-296.3999938964844,41.309993743896484,0.0,-255.0,0.0,0.0
977638.205,3683.0,1206.0,-1206.0,-289.44000244140625,40.10399627685547,0.0,-249.0,0.0,-1.0
977648.205,3684.0,1187.0,-1187.0,-284.8800048828125,38.916996002197266,0.0,-245.0,0.0,0.0
977658.206,3684.0,1155.0,-1155.0,-277.1999816894531,37.76199722290039,0.0,-239.0,0.0,0.0
977668.206,3684.0,1155.0,-1155.0,-277.1999816894531,36.606998443603516,0.0,-240.0,0.0,0.0
977678.207,3684.0,1118.0,-1118.0,-268.32000732421875,35.48899841308594,0.0,-232.0,0.0,1.0
977688.207,3684.0,1100.0,-1100.0,-264.0,34.388999938964844,0.0,-229.0,0.0,0.0
977699.201,3684.0,1066.0,-1066.0,-255.83999633789062,33.322998046875,0.0,-222.0,0.0,-2.0
977709.941,3684.0,1053.0,-1053.0,-252.72000122070312,32.27000045776367,0.0,-220.0,0.0,0.0
977720.204,3684.0,1048.0,-1048.0,-251.51998901367188,31.22199821472168,0.0,-220.0,0.0,1.0
977730.204,3683.0,1022.0,-1022.0,-245.27999877929688,30.199996948242188,0.0,-215.0,0.0,0.0
977741.157,3684.0,1006.0,-1006.0,-241.4399871826172,29.193998336791992,0.0,-212.0,0.0,0.0
977752.201,3683.0,995.0,-995.0,-238.79998779296875,28.19899559020996,0.0,-210.0,0.0,0.0
977763.205,3684.0,990.0,-990.0,-237.59999084472656,27.20899772644043,0.0,-210.0,0.0,1.0
977774.205,3684.0,956.0,-956.0,-229.44000244140625,25.275999069213867,0.0,-204.0,0.0,0.0
977785.201,3683.0,946.0,-946.0,-227.0399932861328,24.329998016357422,0.0,-202.0,0.0,0.0
977796.205,3683.0,933.0,-933.0,-223.9199981689453,23.396997451782227,0.0,-200.0,0.0,-1.0
977807.201,3684.0,926.0,-926.0,-222.239990234375,22.470998764038086,0.0,-199.0,0.0,-1.0
977818.205,3683.0,916.0,-916.0,-219.83999633789062,21.55499839782715,0.0,-198.0,0.0,-1.0
977828.205,3684.0,910.0,-910.0,-218.39999389648438,20.644996643066406,0.0,-197.0,0.0,0.0
977839.205,3683.0,902.0,-902.0,-216.47999572753906,19.742996215820312,0.0,-196.0,0.0,-2.0
977849.205,3683.0,901.0,-901.0,-216.239990234375,18.841997146606445,0.0,-197.0,0.0,-1.0
977860.204,3684.0,901.0,-901.0,-216.239990234375,17.940998077392578,0.0,-198.0,0.0,-1.0
977871.201,3684.0,899.0,-899.0,-215.75999450683594,17.0419979095459,0.0,-198.0,0.0,0.0
977881.201,3684.0,898.0,-898.0,-215.51998901367188,16.143997192382812,0.0,-199.0,0.0,0.0
977892.201,3684.0,898.0,-898.0,-215.51998901367188,15.245997428894043,0.0,-200.0,0.0,1.0
977902.202,3684.0,899.0,-899.0,-215.75999450683594,14.346997261047363,0.0,-201.0,0.0,1.0
977912.202,3684.0,906.0,-906.0,-217.44000244140625,13.440997123718262,0.0,-203.0,0.0,1.0
977923.205,3684.0,910.0,-910.0,-218.39999389648438,12.530997276306152,0.0,-205.0,0.0,0.0
977934.383,3684.0,910.0,-910.0,-218.39999389648438,11.620997428894043,0.0,-206.0,0.0,0.0
977945.2,3683.0,932.0,-932.0,-223.67999267578125,9.767997741699219,0.0,-213.0,0.0,0.0
977956.157,3683.0,939.0,-939.0,-225.36000061035156,8.828997611999512,0.0,-216.0,0.0,0.0
977967.205,3684.0,949.0,-949.0,-227.75999450683594,7.879998207092285,0.0,-219.0,0.0,0.0
977977.206,3684.0,976.0,-976.0,-234.239990234375,6.903997898101807,0.0,-227.0,0.0,0.0
977988.201,3684.0,980.0,-980.0,-235.1999969482422,5.92399787902832,0.0,-229.0,0.0,-1.0
977998.202,3684.0,1012.0,-1012.0,-242.87998962402344,4.911998271942139,0.0,-237.0,0.0,0.0
978008.202,3684.0,1012.0,-1012.0,-242.87998962402344,3.899998188018799,0.0,-238.0,0.0,0.0
978018.203,3683.0,1050.0,-1050.0,-252.0,2.8499982357025146,0.0,-249.0,0.0,-2.0
978028.204,3683.0,1058.0,-1058.0,-253.9199981689453,1.7919981479644775,0.0,-252.0,0.0,0.0
978038.205,3683.0,1074.0,-1074.0,-257.7599792480469,0.7179981470108032,0.0,-257.0,0.0,1.0
978048.545,3683.0,1087.0,-1087.0,-260.8800048828125,-0.3690018355846405,0.0,-261.0,0.0,0.0
978058.545,3683.0,1126.0,-1126.0,-270.239990234375,-1.4950017929077148,0.0,-271.0,0.0,0.0
978069.205,3683.0,1160.0,-1160.0,-278.3999938964844,-2.6550018787384033,0.0,-281.0,0.0,1.0
978079.206,3683.0,1184.0,-1184.0,-284.1600036621094,-3.8390018939971924,0.0,-287.0,0.0,1.0
978090.205,3683.0,1228.0,-1228.0,-294.7200012207031,-5.067001819610596,0.0,-299.0,0.0,-1.0
978100.206,3683.0,1253.0,-1253.0,-300.7200012207031,-6.320001602172852,0.0,-307.0,0.0,2.0
978111.204,3682.0,1301.0,-1301.0,-312.239990234375,-7.621001720428467,0.0,-319.0,0.0,0.0
978122.201,3683.0,1326.0,-1326.0,-318.239990234375,-8.947001457214355,0.0,-327.0,0.0,1.0
978132.844,3683.0,1326.0,-1326.0,-318.239990234375,-10.273001670837402,0.0,-328.0,0.0,1.0
978143.205,3683.0,1384.0,-1384.0,-332.1600036621094,-11.657001495361328,0.0,-343.0,0.0,1.0
978154.201,3683.0,1432.0,-1432.0,-343.67999267578125,-13.089001655578613,0.0,-356.0,0.0,2.0
978164.202,3683.0,1471.0,-1471.0,-353.03997802734375,-14.560002326965332,0.0,-367.0,0.0,0.0
978174.203,3683.0,1518.0,-1518.0,-364.3199768066406,-16.078001022338867,0.0,-380.0,0.0,1.0
978185.209,3683.0,1556.0,-1556.0,-373.44000244140625,-17.634000778198242,0.0,-391.0,0.0,1.0
978195.209,3683.0,1622.0,-1622.0,-389.2799987792969,-19.25600242614746,0.0,-408.0,0.0,0.0
978205.21,3683.0,1657.0,-1657.0,-397.67999267578125,-20.913000106811523,0.0,-418.0,0.0,0.0
978215.215,3683.0,1688.0,-1688.0,-405.1199951171875,-22.601001739501953,0.0,-427.0,0.0,0.0
978226.204,3683.0,1738.0,-1738.0,-417.1199951171875,-24.33900260925293,0.0,-441.0,0.0,1.0
978236.204,3683.0,1775.0,-1775.0,-426.0,-26.114002227783203,0.0,-452.0,0.0,0.0
978247.21,3683.0,1871.0,-1871.0,-449.03997802734375,-29.825000762939453,0.0,-478.0,0.0,0.0
978257.21,3683.0,1927.0,-1927.0,-462.47998046875,-31.751998901367188,0.0,-494.0,0.0,0.0
978268.2,3683.0,1936.0,-1936.0,-464.6399841308594,-33.6879997253418,0.0,-498.0,0.0,1.0
978278.201,3683.0,1974.0,-1974.0,-473.7599792480469,-35.6619987487793,0.0,-509.0,0.0,-1.0
978289.201,3683.0,1984.0,-1984.0,-476.1600036621094,-37.64599609375,0.0,-513.0,0.0,-1.0
978299.201,3683.0,1999.0,-1999.0,-479.7599792480469,-39.644996643066406,0.0,-519.0,0.0,-2.0
978310.2,3683.0,2009.0,-2009.0,-482.1600036621094,-41.653995513916016,0.0,-523.0,0.0,-1.0
978320.79,3683.0,2023.0,-2023.0,-485.5199890136719,-43.676998138427734,0.0,-529.0,0.0,-1.0
978330.79,3683.0,2036.0,-2036.0,-488.6399841308594,-45.71299362182617,0.0,-534.0,0.0,-2.0
978340.79,3683.0,2040.0,-2040.0,-489.5999755859375,-47.752994537353516,0.0,-537.0,0.0,0.0
978350.79,3683.0,2049.0,-2049.0,-491.7599792480469,-49.80199432373047,0.0,-541.0,0.0,-6.0
978361.205,3683.0,2049.0,-2049.0,-491.7599792480469,-51.85099411010742,0.0,-543.0,0.0,-5.0
978372.2,3683.0,2048.0,-2048.0,-491.5199890136719,-53.89899444580078,0.0,-545.0,0.0,-4.0
978382.201,3683.0,2041.0,-2041.0,-489.8399963378906,-55.93999099731445,0.0,-545.0,0.0,-4.0
978393.201,3683.0,2036.0,-2036.0,-488.6399841308594,-57.975990295410156,0.0,-546.0,0.0,-5.0
978404.205,3683.0,2022.0,-2022.0,-485.2799987792969,-59.99798583984375,0.0,-545.0,0.0,-4.0
978415.201,3683.0,2000.0,-2000.0,-480.0,-61.99798583984375,0.0,-541.0,0.0,-6.0
978425.201,3683.0,1981.0,-1981.0,-475.44000244140625,-63.97898483276367,0.0,-539.0,0.0,-5.0
978436.204,3683.0,1947.0,-1947.0,-467.2799987792969,-65.92598724365234,0.0,-533.0,0.0,-1.0
978447.201,3683.0,1927.0,-1927.0,-462.47998046875,-67.85298919677734,0.0,-530.0,0.0,1.0
978458.205,3683.0,1889.0,-1889.0,-453.3599853515625,-69.74198913574219,0.0,-523.0,0.0,1.0
978469.1,3683.0,1808.0,-1808.0,-433.91998291015625,-71.54998779296875,0.0,-505.0,0.0,0.0
978480.104,3683.0,1808.0,-1808.0,-433.91998291015625,-71.54998779296875,0.0,-505.0,0.0,0.0
978491.104,3683.0,1808.0,-1808.0,-433.91998291015625,-71.54998779296875,0.0,-505.0,0.0,0.0
978501.419,3683.0,1808.0,-1808.0,-433.91998291015625,-71.54998779296875,0.0,-505.0,0.0,0.0
978511.42,3683.0,1808.0,-1808.0,-433.91998291015625,-71.54998779296875,0.0,-505.0,0.0,0.0
978521.421,3683.0,1808.0,-1808.0,-433.91998291015625,-71.54998779296875,0.0,-505.0,0.0,0.0
978532.1,3683.0,1808.0,-1808.0,-433.91998291015625,-71.54998779296875,0.0,-505.0,0.0,0.0
978543.1,3683.0,1808.0,-1808.0,-433.91998291015625,-71.54998779296875,0.0,-505.0,0.0,0.0
978554.1,3683.0,1808.0,-1808.0,-433.91998291015625,-71.54998779296875,0.0,-505.0,0.0,0.0
978565.1,3683.0,1808.0,-1808.0,-433.91998291015625,-71.54998779296875,0.0,-505.0,0.0,0.0
978576.1,3683.0,1808.0,-1808.0,-433.91998291015625,-71.54998779296875,0.0,-505.0,0.0,0.0
978586.359,3683.0,1808.0,-1808.0,-433.91998291015625,-71.54998779296875,0.0,-505.0,0.0,0.0
978596.36,3683.0,1808.0,-1808.0,-433.91998291015625,-71.54998779296875,0.0,-505.0,0.0,0.0
978606.362,3683.0,1808.0,-1808.0,-433.91998291015625,-71.54998779296875,0.0,-505.0,0.0,0.0
978616.363,3683.0,1808.0,-1808.0,-433.91998291015625,-71.54998779296875,0.0,-505.0,0.0,0.0
978626.367,3683.0,1808.0,-1808.0,-433.91998291015625,-71.54998779296875,0.0,-505.0,0.0,0.0
978637.1,3683.0,1808.0,-1808.0,-433.91998291015625,-71.54998779296875,0.0,-505.0,0.0,0.0
978647.101,3683.0,1808.0,-1808.0,-433.91998291015625,-71.54998779296875,0.0,-505.0,0.0,0.0
978658.1,3683.0,1808.0,-1808.0,-433.91998291015625,-71.54998779296875,0.0,-505.0,0.0,0.0
978669.204,3683.0,1808.0,-1808.0,-433.91998291015625,-71.54998779296875,0.0,-505.0,0.0,0.0
978680.206,3683.0,1808.0,-1808.0,-433.91998291015625,-71.54998779296875,0.0,-505.0,0.0,0.0
978690.207,3683.0,1808.0,-1808.0,-433.91998291015625,-71.54998779296875,0.0,-505.0,0.0,0.0
978701.201,3683.0,1808.0,-1808.0,-433.91998291015625,-71.54998779296875,0.0,-505.0,0.0,0.0
978711.201,3683.0,1808.0,-1808.0,-433.91998291015625,-71.54998779296875,0.0,-505.0,0.0,0.0
978722.201,3683.0,1808.0,-1808.0,-433.91998291015625,-71.54998779296875,0.0,-505.0,0.0,0.0
978733.204,3683.0,1808.0,-1808.0,-433.91998291015625,-71.54998779296875,0.0,-505.0,0.0,0.0
978744.205,3683.0,1808.0,-1808.0,-433.91998291015625,-71.54998779296875,0.0,-505.0,0.0,0.0
978754.205,3683.0,1808.0,-1808.0,-433.91998291015625,-71.54998779296875,0.0,-505.0,0.0,0.0
978765.201,3683.0,1808.0,-1808.0,-433.91998291015625,-71.54998779296875,0.0,-505.0,0.0,0.0
978775.202,3683.0,1808.0,-1808.0,-433.91998291015625,-71.54998779296875,0.0,-505.0,0.0,0.0
978786.201,3683.0,1808.0,-1808.0,-433.91998291015625,-71.54998779296875,0.0,-505.0,0.0,0.0
978796.202,3683.0,1808.0,-1808.0,-433.91998291015625,-71.54998779296875,0.0,-505.0,0.0,0.0
978807.205,3683.0,1808.0,-1808.0,-433.91998291015625,-71.54998779296875,0.0,-505.0,0.0,0.0
978818.157,3683.0,1808.0,-1808.0,-433.91998291015625,-71.54998779296875,0.0,-505.0,0.0,0.0
978829.201,3683.0,1808.0,-1808.0,-433.91998291015625,-71.54998779296875,0.0,-505.0,0.0,0.0
978840.204,3683.0,1808.0,-1808.0,-433.91998291015625,-71.54998779296875,0.0,-505.0,0.0,0.0
978851.201,3683.0,1808.0,-1808.0,-433.91998291015625,-71.54998779296875,0.0,-505.0,0.0,0.0
978861.201,3683.0,1808.0,-1808.0,-433.91998291015625,-71.54998779296875,0.0,-505.0,0.0,0.0
978871.201,3683.0,1808.0,-1808.0,-433.91998291015625,-71.54998779296875,0.0,-505.0,0.0,0.0
978881.201,3683.0,1808.0,-1808.0,-433.91998291015625,-71.54998779296875,0.0,-505.0,0.0,0.0
978891.441,3683.0,1808.0,-1808.0,-433.91998291015625,-71.54998779296875,0.0,-505.0,0.0,0.0
978902.201,3683.0,1808.0,-1808.0,-433.91998291015625,-71.54998779296875,0.0,-505.0,0.0,0.0
978912.201,3683.0,1808.0,-1808.0,-433.91998291015625,-71.54998779296875,0.0,-505.0,0.0,0.0
978922.243,3683.0,1808.0,-1808.0,-433.91998291015625,-71.54998779296875,0.0,-505.0,0.0,0.0
978932.392,3683.0,1808.0,-1808.0,-433.91998291015625,-71.54998779296875,0.0,-505.0,0.0,0.0
978943.201,3683.0,1808.0,-1808.0,-433.91998291015625,-71.54998779296875,0.0,-505.0,0.0,0.0
978954.205,3683.0,1808.0,-1808.0,-433.91998291015625,-71.54998779296875,0.0,-505.0,0.0,0.0
978965.173,3683.0,1808.0,-1808.0,-433.91998291015625,-71.54998779296875,0.0,-505.0,0.0,0.0
978976.205,3683.0,1808.0,-1808.0,-433.91998291015625,-71.54998779296875,0.0,-505.0,0.0,0.0
978987.201,3683.0,1808.0,-1808.0,-433.91998291015625,-71.54998779296875,0.0,-505.0,0.0,0.0
978998.205,3683.0,1808.0,-1808.0,-433.91998291015625,-71.54998779296875,0.0,-505.0,0.0,0.0
979008.218,3683.0,1808.0,-1808.0,-433.91998291015625,-71.54998779296875,0.0,-505.0,0.0,0.0
979018.218,3683.0,1808.0,-1808.0,-433.91998291015625,-71.54998779296875,0.0,-505.0,0.0,0.0
979029.204,3683.0,1808.0,-1808.0,-433.91998291015625,-71.54998779296875,0.0,-505.0,0.0,0.0
979040.201,3683.0,1808.0,-1808.0,-433.91998291015625,-71.54998779296875,0.0,-505.0,0.0,0.0
979050.201,3683.0,1808.0,-1808.0,-433.91998291015625,-71.54998779296875,0.0,-505.0,0.0,0.0
979061.2,3683.0,1808.0,-1808.0,-433.91998291015625,-71.54998779296875,0.0,-505.0,0.0,0.0
979071.201,3683.0,1808.0,-1808.0,-433.91998291015625,-71.54998779296875,0.0,-505.0,0.0,0.0
979082.201,3683.0,1808.0,-1808.0,-433.91998291015625,-71.54998779296875,0.0,-505.0,0.0,0.0
979093.209,3683.0,1808.0,-1808.0,-433.91998291015625,-71.54998779296875,0.0,-505.0,0.0,0.0
979103.342,3683.0,1808.0,-1808.0,-433.91998291015625,-71.54998779296875,0.0,-505.0,0.0,0.0
979113.342,3683.0,1808.0,-1808.0,-433.91998291015625,-71.54998779296875,0.0,-505.0,0.0,0.0
979124.201,3683.0,1808.0,-1808.0,-433.91998291015625,-71.54998779296875,0.0,-505.0,0.0,0.0
979135.157,3683.0,1808.0,-1808.0,-433.91998291015625,-71.54998779296875,0.0,-505.0,0.0,0.0
979145.157,3683.0,1808.0,-1808.0,-433.91998291015625,-71.54998779296875,0.0,-505.0,0.0,0.0
979156.204,3683.0,1808.0,-1808.0,-433.91998291015625,-71.54998779296875,0.0,-505.0,0.0,0.0
979167.201,3683.0,1808.0,-1808.0,-433.91998291015625,-71.54998779296875,0.0,-505.0,0.0,0.0
979177.851,3683.0,1808.0,-1808.0,-433.91998291015625,-71.54998779296875,0.0,-505.0,0.0,0.0
979187.851,3683.0,1808.0,-1808.0,-433.91998291015625,-71.54998779296875,0.0,-505.0,0.0,0.0
979198.205,3683.0,1808.0,-1808.0,-433.91998291015625,-71.54998779296875,0.0,-505.0,0.0,0.0
979209.201,3683.0,1808.0,-1808.0,-433.91998291015625,-71.54998779296875,0.0,-505.0,0.0,0.0
979219.202,3683.0,1808.0,-1808.0,-433.91998291015625,-71.54998779296875,0.0,-505.0,0.0,0.0
979229.202,3683.0,1808.0,-1808.0,-433.91998291015625,-71.54998779296875,0.0,-505.0,0.0,0.0
979239.203,3683.0,1808.0,-1808.0,-433.91998291015625,-71.54998779296875,0.0,-505.0,0.0,0.0
979249.927,3683.0,1808.0,-1808.0,-433.91998291015625,-71.54998779296875,0.0,-505.0,0.0,0.0
979259.927,3683.0,1808.0,-1808.0,-433.91998291015625,-71.54998779296875,0.0,-505.0,0.0,0.0
979270.205,3683.0,1808.0,-1808.0,-433.91998291015625,-71.54998779296875,0.0,-505.0,0.0,0.0
979280.205,3683.0,1808.0,-1808.0,-433.91998291015625,-71.54998779296875,0.0,-505.0,0.0,0.0
979290.206,3683.0,1808.0,-1808.0,-433.91998291015625,-71.54998779296875,0.0,-505.0,0.0,0.0
979300.207,3683.0,1808.0,-1808.0,-433.91998291015625,-71.54998779296875,0.0,-505.0,0.0,0.0
979310.208,3683.0,1808.0,-1808.0,-433.91998291015625,-71.54998779296875,0.0,-505.0,0.0,0.0
979321.205,3683.0,1808.0,-1808.0,-433.91998291015625,-71.54998779296875,0.0,-505.0,0.0,0.0
979332.205,3683.0,1808.0,-1808.0,-433.91998291015625,-71.54998779296875,0.0,-505.0,0.0,0.0
979343.201,3683.0,1808.0,-1808.0,-433.91998291015625,-71.54998779296875,0.0,-505.0,0.0,0.0
979354.209,3683.0,1808.0,-1808.0,-433.91998291015625,-71.54998779296875,0.0,-505.0,0.0,0.0
979365.202,3683.0,1808.0,-1808.0,-433.91998291015625,-71.54998779296875,0.0,-505.0,0.0,0.0
979375.753,3683.0,1808.0,-1808.0,-433.91998291015625,-71.54998779296875,0.0,-505.0,0.0,0.0
979385.754,3683.0,1808.0,-1808.0,-433.91998291015625,-71.54998779296875,0.0,-505.0,0.0,0.0
979396.204,3683.0,1808.0,-1808.0,-433.91998291015625,-71.54998779296875,0.0,-505.0,0.0,0.0
979407.201,3683.0,1808.0,-1808.0,-433.91998291015625,-71.54998779296875,0.0,-505.0,0.0,0.0
979417.201,3683.0,1808.0,-1808.0,-433.91998291015625,-71.54998779296875,0.0,-505.0,0.0,0.0
979428.201,3683.0,1808.0,-1808.0,-433.91998291015625,-71.54998779296875,0.0,-505.0,0.0,0.0
979439.205,3683.0,1808.0,-1808.0,-433.91998291015625,-71.54998779296875,0.0,-505.0,0.0,0.0
979450.201,3683.0,1808.0,-1808.0,-433.91998291015625,-71.54998779296875,0.0,-505.0,0.0,0.0
979461.205,3683.0,1808.0,-1808.0,-433.91998291015625,-71.54998779296875,0.0,-505.0,0.0,0.0
979472.205,3683.0,1808.0,-1808.0,-433.91998291015625,-71.54998779296875,0.0,-505.0,0.0,0.0
979482.205,3683.0,1808.0,-1808.0,-433.91998291015625,-71.54998779296875,0.0,-505.0,0.0,0.0
979493.205,3683.0,1808.0,-1808.0,-433.91998291015625,-71.54998779296875,0.0,-505.0,0.0,0.0
979504.205,3683.0,1808.0,-1808.0,-433.91998291015625,-71.54998779296875,0.0,-505.0,0.0,0.0
979515.201,3683.0,1808.0,-1808.0,-433.91998291015625,-71.54998779296875,0.0,-505.0,0.0,0.0
979526.205,3683.0,1808.0,-1808.0,-433.91998291015625,-71.54998779296875,0.0,-505.0,0.0,0.0
979537.205,3683.0,1808.0,-1808.0,-433.91998291015625,-71.54998779296875,0.0,-505.0,0.0,0.0
979548.201,3683.0,1808.0,-1808.0,-433.91998291015625,-71.54998779296875,0.0,-505.0,0.0,0.0
979559.233,3683.0,1808.0,-1808.0,-433.91998291015625,-71.54998779296875,0.0,-505.0,0.0,0.0
979570.201,3683.0,1808.0,-1808.0,-433.91998291015625,-71.54998779296875,0.0,-505.0,0.0,0.0
979580.201,3683.0,1808.0,-1808.0,-433.91998291015625,-71.54998779296875,0.0,-505.0,0.0,0.0
979590.201,3683.0,1808.0,-1808.0,-433.91998291015625,-71.54998779296875,0.0,-505.0,0.0,0.0
979601.201,3683.0,1808.0,-1808.0,-433.91998291015625,-71.54998779296875,0.0,-505.0,0.0,0.0
979611.202,3683.0,1808.0,-1808.0,-433.91998291015625,-71.54998779296875,0.0,-505.0,0.0,0.0
979621.203,3683.0,1808.0,-1808.0,-433.91998291015625,-71.54998779296875,0.0,-505.0,0.0,0.0
979632.201,3683.0,1808.0,-1808.0,-433.91998291015625,-71.54998779296875,0.0,-505.0,0.0,0.0
979643.205,3683.0,1808.0,-1808.0,-433.91998291015625,-71.54998779296875,0.0,-505.0,0.0,0.0
979654.201,3683.0,1808.0,-1808.0,-433.91998291015625,-71.54998779296875,0.0,-505.0,0.0,0.0
979665.205,3683.0,1808.0,-1808.0,-433.91998291015625,-71.54998779296875,0.0,-505.0,0.0,0.0
979676.201,3683.0,1808.0,-1808.0,-433.91998291015625,-71.54998779296875,0.0,-505.0,0.0,0.0
979687.204,3683.0,1808.0,-1808.0,-433.91998291015625,-71.54998779296875,0.0,-505.0,0.0,0.0
979697.205,3683.0,1808.0,-1808.0,-433.91998291015625,-71.54998779296875,0.0,-505.0,0.0,0.0
979708.205,3683.0,1808.0,-1808.0,-433.91998291015625,-71.54998779296875,0.0,-505.0,0.0,0.0
979718.205,3683.0,1808.0,-1808.0,-433.91998291015625,-71.54998779296875,0.0,-505.0,0.0,0.0
979728.205,3683.0,1808.0,-1808.0,-433.91998291015625,-71.54998779296875,0.0,-505.0,0.0,0.0
979739.201,3683.0,1808.0,-1808.0,-433.91998291015625,-71.54998779296875,0.0,-505.0,0.0,0.0
979750.283,3683.0,1808.0,-1808.0,-433.91998291015625,-71.54998779296875,0.0,-505.0,0.0,0.0
979760.283,3683.0,1808.0,-1808.0,-433.91998291015625,-71.54998779296875,0.0,-505.0,0.0,0.0
979771.205,3683.0,1808.0,-1808.0,-433.91998291015625,-71.54998779296875,0.0,-505.0,0.0,0.0
979782.157,3683.0,1808.0,-1808.0,-433.91998291015625,-71.54998779296875,0.0,-505.0,0.0,0.0
979792.158,3683.0,1808.0,-1808.0,-433.91998291015625,-71.54998779296875,0.0,-505.0,0.0,0.0
979802.159,3683.0,1808.0,-1808.0,-433.91998291015625,-71.54998779296875,0.0,-505.0,0.0,0.0
979812.16,3683.0,1808.0,-1808.0,-433.91998291015625,-71.54998779296875,0.0,-505.0,0.0,0.0
979822.161,3683.0,1808.0,-1808.0,-433.91998291015625,-71.54998779296875,0.0,-505.0,0.0,0.0
979833.201,3683.0,1808.0,-1808.0,-433.91998291015625,-71.54998779296875,0.0,-505.0,0.0,0.0
979844.205,3683.0,1808.0,-1808.0,-433.91998291015625,-71.54998779296875,0.0,-505.0,0.0,0.0
979854.206,3683.0,1808.0,-1808.0,-433.91998291015625,-71.54998779296875,0.0,-505.0,0.0,0.0
979864.207,3683.0,1808.0,-1808.0,-433.91998291015625,-71.54998779296875,0.0,-505.0,0.0,0.0
979874.575,3683.0,1808.0,-1808.0,-433.91998291015625,-71.54998779296875,0.0,-505.0,0.0,0.0
979884.575,3683.0,1808.0,-1808.0,-433.91998291015625,-71.54998779296875,0.0,-505.0,0.0,0.0
979895.205,3683.0,1808.0,-1808.0,-433.91998291015625,-71.54998779296875,0.0,-505.0,0.0,0.0
979906.158,3683.0,1808.0,-1808.0,-433.91998291015625,-71.54998779296875,0.0,-505.0,0.0,0.0
979916.159,3683.0,1808.0,-1808.0,-433.91998291015625,-71.54998779296875,0.0,-505.0,0.0,0.0
979927.2,3683.0,1808.0,-1808.0,-433.91998291015625,-71.54998779296875,0.0,-505.0,0.0,0.0
979937.2,3683.0,1808.0,-1808.0,-433.91998291015625,-71.54998779296875,0.0,-505.0,0.0,0.0
979948.201,3683.0,1808.0,-1808.0,-433.91998291015625,-71.54998779296875,0.0,-505.0,0.0,0.0
979958.201,3683.0,1808.0,-1808.0,-433.91998291015625,-71.54998779296875,0.0,-505.0,0.0,0.0
979969.204,3683.0,1808.0,-1808.0,-433.91998291015625,-71.54998779296875,0.0,-505.0,0.0,0.0
979980.201,3683.0,1808.0,-1808.0,-433.91998291015625,-71.54998779296875,0.0,-505.0,0.0,0.0
979990.202,3683.0,1808.0,-1808.0,-433.91998291015625,-71.54998779296875,0.0,-505.0,0.0,0.0
980000.203,3683.0,1808.0,-1808.0,-433.91998291015625,-71.54998779296875,0.0,-505.0,0.0,0.0
980010.203,3683.0,1808.0,-1808.0,-433.91998291015625,-71.54998779296875,0.0,-505.0,0.0,0.0
980021.249,3683.0,1808.0,-1808.0,-433.91998291015625,-71.54998779296875,0.0,-505.0,0.0,0.0
980031.25,3683.0,1808.0,-1808.0,-433.91998291015625,-71.54998779296875,0.0,-505.0,0.0,0.0
980042.204,3683.0,1808.0,-1808.0,-433.91998291015625,-71.54998779296875,0.0,-505.0,0.0,0.0
980052.204,3683.0,1808.0,-1808.0,-433.91998291015625,-71.54998779296875,0.0,-505.0,0.0,0.0
980063.201,3683.0,1808.0,-1808.0,-433.91998291015625,-71.54998779296875,0.0,-505.0,0.0,0.0
980073.202,3683.0,1808.0,-1808.0,-433.91998291015625,-71.54998779296875,0.0,-505.0,0.0,0.0
980083.203,3683.0,1808.0,-1808.0,-433.91998291015625,-71.54998779296875,0.0,-505.0,0.0,0.0
980094.033,3683.0,1808.0,-1808.0,-433.91998291015625,-71.54998779296875,0.0,-505.0,0.0,0.0
980104.033,3683.0,1808.0,-1808.0,-433.91998291015625,-71.54998779296875,0.0,-505.0,0.0,0.0
980114.208,3683.0,1808.0,-1808.0,-433.91998291015625,-71.54998779296875,0.0,-505.0,0.0,0.0
980124.209,3683.0,1808.0,-1808.0,-433.91998291015625,-71.54998779296875,0.0,-505.0,0.0,0.0
980134.21,3683.0,1808.0,-1808.0,-433.91998291015625,-71.54998779296875,0.0,-505.0,0.0,0.0
980144.21,3683.0,1808.0,-1808.0,-433.91998291015625,-71.54998779296875,0.0,-505.0,0.0,0.0
980155.204,3683.0,1808.0,-1808.0,-433.91998291015625,-71.54998779296875,0.0,-505.0,0.0,0.0
980166.201,3683.0,1808.0,-1808.0,-433.91998291015625,-71.54998779296875,0.0,-505.0,0.0,0.0
980177.205,3683.0,1808.0,-1808.0,-433.91998291015625,-71.54998779296875,0.0,-505.0,0.0,0.0
980187.205,3683.0,1808.0,-1808.0,-433.91998291015625,-71.54998779296875,0.0,-505.0,0.0,0.0
980198.201,3683.0,1808.0,-1808.0,-433.91998291015625,-71.54998779296875,0.0,-505.0,0.0,0.0
980208.201,3683.0,1808.0,-1808.0,-433.91998291015625,-71.54998779296875,0.0,-505.0,0.0,0.0
980218.202,3683.0,1808.0,-1808.0,-433.91998291015625,-71.54998779296875,0.0,-505.0,0.0,0.0
980229.201,3683.0,1808.0,-1808.0,-433.91998291015625,-71.54998779296875,0.0,-505.0,0.0,0.0
980239.202,3683.0,1808.0,-1808.0,-433.91998291015625,-71.54998779296875,0.0,-505.0,0.0,0.0
980249.203,3683.0,1808.0,-1808.0,-433.91998291015625,-71.54998779296875,0.0,-505.0,0.0,0.0
980259.203,3683.0,1808.0,-1808.0,-433.91998291015625,-71.54998779296875,0.0,-505.0,0.0,0.0
980270.173,3683.0,1808.0,-1808.0,-433.91998291015625,-71.54998779296875,0.0,-505.0,0.0,0.0
980281.406,3683.0,1808.0,-1808.0,-433.91998291015625,-71.54998779296875,0.0,-505.0,0.0,0.0
980291.407,3683.0,1808.0,-1808.0,-433.91998291015625,-71.54998779296875,0.0,-505.0,0.0,0.0
980302.205,3683.0,1808.0,-1808.0,-433.91998291015625,-71.54998779296875,0.0,-505.0,0.0,0.0
980312.205,3683.0,1808.0,-1808.0,-433.91998291015625,-71.54998779296875,0.0,-505.0,0.0,0.0
980323.201,3683.0,1808.0,-1808.0,-433.91998291015625,-71.54998779296875,0.0,-505.0,0.0,0.0
980333.201,3683.0,1808.0,-1808.0,-433.91998291015625,-71.54998779296875,0.0,-505.0,0.0,0.0
980344.201,3683.0,1808.0,-1808.0,-433.91998291015625,-71.54998779296875,0.0,-505.0,0.0,0.0
980355.205,3683.0,1808.0,-1808.0,-433.91998291015625,-71.54998779296875,0.0,-505.0,0.0,0.0
980365.206,3683.0,1808.0,-1808.0,-433.91998291015625,-71.54998779296875,0.0,-505.0,0.0,0.0
980376.201,3683.0,1808.0,-1808.0,-433.91998291015625,-71.54998779296875,0.0,-505.0,0.0,0.0
980386.201,3683.0,1808.0,-1808.0,-433.91998291015625,-71.54998779296875,0.0,-505.0,0.0,0.0
980397.201,3683.0,1808.0,-1808.0,-433.91998291015625,-71.54998779296875,0.0,-505.0,0.0,0.0
980407.202,3683.0,1808.0,-1808.0,-433.91998291015625,-71.54998779296875,0.0,-505.0,0.0,0.0
980417.327,3683.0,1808.0,-1808.0,-433.91998291015625,-71.54998779296875,0.0,-505.0,0.0,0.0
980428.157,3683.0,1808.0,-1808.0,-433.91998291015625,-71.54998779296875,0.0,-505.0,0.0,0.0
980439.201,3683.0,1808.0,-1808.0,-433.91998291015625,-71.54998779296875,0.0,-505.0,0.0,0.0
980450.205,3683.0,1808.0,-1808.0,-433.91998291015625,-71.54998779296875,0.0,-505.0,0.0,0.0
980461.204,3683.0,1808.0,-1808.0,-433.91998291015625,-71.54998779296875,0.0,-505.0,0.0,0.0
980472.201,3683.0,1808.0,-1808.0,-433.91998291015625,-71.54998779296875,0.0,-505.0,0.0,0.0
980482.203,3683.0,1808.0,-1808.0,-433.91998291015625,-71.54998779296875,0.0,-505.0,0.0,0.0
980493.201,3683.0,1808.0,-1808.0,-433.91998291015625,-71.54998779296875,0.0,-505.0,0.0,0.0
980503.202,3683.0,1808.0,-1808.0,-433.91998291015625,-71.54998779296875,0.0,-505.0,0.0,0.0
980513.202,3683.0,1808.0,-1808.0,-433.91998291015625,-71.54998779296875,0.0,-505.0,0.0,0.0
980524.237,3683.0,1808.0,-1808.0,-433.91998291015625,-71.54998779296875,0.0,-505.0,0.0,0.0
980535.205,3683.0,1808.0,-1808.0,-433.91998291015625,-71.54998779296875,0.0,-505.0,0.0,0.0
980546.201,3683.0,1808.0,-1808.0,-433.91998291015625,-71.54998779296875,0.0,-505.0,0.0,0.0
980556.201,3683.0,1808.0,-1808.0,-433.91998291015625,-71.54998779296875,0.0,-505.0,0.0,0.0
980566.202,3683.0,1808.0,-1808.0,-433.91998291015625,-71.54998779296875,0.0,-505.0,0.0,0.0
980576.202,3683.0,1808.0,-1808.0,-433.91998291015625,-71.54998779296875,0.0,-505.0,0.0,0.0
980586.203,3683.0,1808.0,-1808.0,-433.91998291015625,-71.54998779296875,0.0,-505.0,0.0,0.0
980597.205,3683.0,1808.0,-1808.0,-433.91998291015625,-71.54998779296875,0.0,-505.0,0.0,0.0
980607.205,3683.0,1808.0,-1808.0,-433.91998291015625,-71.54998779296875,0.0,-505.0,0.0,0.0
980617.206,3683.0,1808.0,-1808.0,-433.91998291015625,-71.54998779296875,0.0,-505.0,0.0,0.0
980628.201,3683.0,1808.0,-1808.0,-433.91998291015625,-71.54998779296875,0.0,-505.0,0.0,0.0
980638.201,3683.0,1808.0,-1808.0,-433.91998291015625,-71.54998779296875,0.0,-505.0,0.0,0.0
980648.202,3683.0,1808.0,-1808.0,-433.91998291015625,-71.54998779296875,0.0,-505.0,0.0,0.0
980658.202,3683.0,1808.0,-1808.0,-433.91998291015625,-71.54998779296875,0.0,-505.0,0.0,0.0
980668.202,3683.0,1808.0,-1808.0,-433.91998291015625,-71.54998779296875,0.0,-505.0,0.0,0.0
980678.203,3683.0,1808.0,-1808.0,-433.91998291015625,-71.54998779296875,0.0,-505.0,0.0,0.0
980688.204,3683.0,1808.0,-1808.0,-433.91998291015625,-71.54998779296875,0.0,-505.0,0.0,0.0
980699.201,3683.0,1808.0,-1808.0,-433.91998291015625,-71.54998779296875,0.0,-505.0,0.0,0.0
980710.205,3683.0,1808.0,-1808.0,-433.91998291015625,-71.54998779296875,0.0,-505.0,0.0,0.0
980720.206,3683.0,1808.0,-1808.0,-433.91998291015625,-71.54998779296875,0.0,-505.0,0.0,0.0
980731.201,3683.0,1808.0,-1808.0,-433.91998291015625,-71.54998779296875,0.0,-505.0,0.0,0.0
980742.205,3683.0,1808.0,-1808.0,-433.91998291015625,-71.54998779296875,0.0,-505.0,0.0,0.0
980752.207,3683.0,1808.0,-1808.0,-433.91998291015625,-71.54998779296875,0.0,-505.0,0.0,0.0
980763.201,3683.0,1808.0,-1808.0,-433.91998291015625,-71.54998779296875,0.0,-505.0,0.0,0.0
980773.203,3683.0,1808.0,-1808.0,-433.91998291015625,-71.54998779296875,0.0,-505.0,0.0,0.0
980783.203,3683.0,1808.0,-1808.0,-433.91998291015625,-71.54998779296875,0.0,-505.0,0.0,0.0
980793.203,3683.0,1808.0,-1808.0,-433.91998291015625,-71.54998779296875,0.0,-505.0,0.0,0.0
980803.204,3683.0,1808.0,-1808.0,-433.91998291015625,-71.54998779296875,0.0,-505.0,0.0,0.0
980813.205,3683.0,1808.0,-1808.0,-433.91998291015625,-71.54998779296875,0.0,-505.0,0.0,0.0
980824.2,3683.0,1808.0,-1808.0,-433.91998291015625,-71.54998779296875,0.0,-505.0,0.0,0.0
980834.2,3683.0,1808.0,-1808.0,-433.91998291015625,-71.54998779296875,0.0,-505.0,0.0,0.0
980845.205,3683.0,1808.0,-1808.0,-433.91998291015625,-71.54998779296875,0.0,-505.0,0.0,0.0
980856.201,3683.0,1808.0,-1808.0,-433.91998291015625,-71.54998779296875,0.0,-505.0,0.0,0.0
980867.205,3683.0,1808.0,-1808.0,-433.91998291015625,-71.54998779296875,0.0,-505.0,0.0,0.0
980878.201,3683.0,1808.0,-1808.0,-433.91998291015625,-71.54998779296875,0.0,-505.0,0.0,0.0
980889.205,3683.0,1808.0,-1808.0,-433.91998291015625,-71.54998779296875,0.0,-505.0,0.0,0.0
980900.204,3683.0,1808.0,-1808.0,-433.91998291015625,-71.54998779296875,0.0,-505.0,0.0,0.0
980911.201,3683.0,1808.0,-1808.0,-433.91998291015625,-71.54998779296875,0.0,-505.0,0.0,0.0
980922.205,3683.0,1808.0,-1808.0,-433.91998291015625,-71.54998779296875,0.0,-505.0,0.0,0.0
980933.201,3683.0,1808.0,-1808.0,-433.91998291015625,-71.54998779296875,0.0,-505.0,0.0,0.0
980944.204,3683.0,1808.0,-1808.0,-433.91998291015625,-71.54998779296875,0.0,-505.0,0.0,0.0
980955.205,3683.0,1808.0,-1808.0,-433.91998291015625,-71.54998779296875,0.0,-505.0,0.0,0.0
980966.201,3683.0,1808.0,-1808.0,-433.91998291015625,-71.54998779296875,0.0,-505.0,0.0,0.0
980976.201,3683.0,1808.0,-1808.0,-433.91998291015625,-71.54998779296875,0.0,-505.0,0.0,0.0
980986.201,3683.0,1808.0,-1808.0,-433.91998291015625,-71.54998779296875,0.0,-505.0,0.0,0.0
980996.201,3683.0,1808.0,-1808.0,-433.91998291015625,-71.54998779296875,0.0,-505.0,0.0,0.0
981006.202,3683.0,1808.0,-1808.0,-433.91998291015625,-71.54998779296875,0.0,-505.0,0.0,0.0
981016.203,3683.0,1808.0,-1808.0,-433.91998291015625,-71.54998779296875,0.0,-505.0,0.0,0.0
981026.204,3683.0,1808.0,-1808.0,-433.91998291015625,-71.54998779296875,0.0,-505.0,0.0,0.0
981036.205,3683.0,1808.0,-1808.0,-433.91998291015625,-71.54998779296875,0.0,-505.0,0.0,0.0
981047.204,3683.0,1808.0,-1808.0,-433.91998291015625,-71.54998779296875,0.0,-505.0,0.0,0.0
981058.201,3683.0,1808.0,-1808.0,-433.91998291015625,-71.54998779296875,0.0,-505.0,0.0,0.0
981069.205,3683.0,1808.0,-1808.0,-433.91998291015625,-71.54998779296875,0.0,-505.0,0.0,0.0
981080.201,3683.0,1808.0,-1808.0,-433.91998291015625,-71.54998779296875,0.0,-505.0,0.0,0.0
981090.997,3683.0,1808.0,-1808.0,-433.91998291015625,-71.54998779296875,0.0,-505.0,0.0,0.0
981100.997,3683.0,1808.0,-1808.0,-433.91998291015625,-71.54998779296875,0.0,-505.0,0.0,0.0
981111.209,3683.0,1808.0,-1808.0,-433.91998291015625,-71.54998779296875,0.0,-505.0,0.0,0.0
981121.209,3683.0,1808.0,-1808.0,-433.91998291015625,-71.54998779296875,0.0,-505.0,0.0,0.0
981131.458,3683.0,1808.0,-1808.0,-433.91998291015625,-71.54998779296875,0.0,-505.0,0.0,0.0
981142.201,3683.0,1808.0,-1808.0,-433.91998291015625,-71.54998779296875,0.0,-505.0,0.0,0.0
981153.205,3683.0,1808.0,-1808.0,-433.91998291015625,-71.54998779296875,0.0,-505.0,0.0,0.0
981164.205,3683.0,1808.0,-1808.0,-433.91998291015625,-71.54998779296875,0.0,-505.0,0.0,0.0
981175.201,3683.0,1808.0,-1808.0,-433.91998291015625,-71.54998779296875,0.0,-505.0,0.0,0.0
981186.205,3683.0,1808.0,-1808.0,-433.91998291015625,-71.54998779296875,0.0,-505.0,0.0,0.0
981196.206,3683.0,1808.0,-1808.0,-433.91998291015625,-71.54998779296875,0.0,-505.0,0.0,0.0
981206.207,3683.0,1808.0,-1808.0,-433.91998291015625,-71.54998779296875,0.0,-505.0,0.0,0.0
981217.2,3683.0,1808.0,-1808.0,-433.91998291015625,-71.54998779296875,0.0,-505.0,0.0,0.0
981228.205,3683.0,1808.0,-1808.0,-433.91998291015625,-71.54998779296875,0.0,-505.0,0.0,0.0
981239.201,3683.0,1808.0,-1808.0,-433.91998291015625,-71.54998779296875,0.0,-505.0,0.0,0.0
981250.205,3683.0,1808.0,-1808.0,-433.91998291015625,-71.54998779296875,0.0,-505.0,0.0,0.0
981260.206,3683.0,1808.0,-1808.0,-433.91998291015625,-71.54998779296875,0.0,-505.0,0.0,0.0
981271.205,3683.0,1808.0,-1808.0,-433.91998291015625,-71.54998779296875,0.0,-505.0,0.0,0.0
981281.206,3683.0,1808.0,-1808.0,-433.91998291015625,-71.54998779296875,0.0,-505.0,0.0,0.0
981291.562,3683.0,1808.0,-1808.0,-433.91998291015625,-71.54998779296875,0.0,-505.0,0.0,0.0
981301.563,3683.0,1808.0,-1808.0,-433.91998291015625,-71.54998779296875,0.0,-505.0,0.0,0.0
981312.173,3683.0,1808.0,-1808.0,-433.91998291015625,-71.54998779296875,0.0,-505.0,0.0,0.0
981323.205,3683.0,1808.0,-1808.0,-433.91998291015625,-71.54998779296875,0.0,-505.0,0.0,0.0
981333.206,3683.0,1808.0,-1808.0,-433.91998291015625,-71.54998779296875,0.0,-505.0,0.0,0.0
981344.201,3683.0,1808.0,-1808.0,-433.91998291015625,-71.54998779296875,0.0,-505.0,0.0,0.0
981355.205,3683.0,1808.0,-1808.0,-433.91998291015625,-71.54998779296875,0.0,-505.0,0.0,0.0
981366.201,3683.0,1808.0,-1808.0,-433.91998291015625,-71.54998779296875,0.0,-505.0,0.0,0.0
981377.204,3683.0,1808.0,-1808.0,-433.91998291015625,-71.54998779296875,0.0,-505.0,0.0,0.0
981388.202,3683.0,1808.0,-1808.0,-433.91998291015625,-71.54998779296875,0.0,-505.0,0.0,0.0
981399.205,3683.0,1808.0,-1808.0,-433.91998291015625,-71.54998779296875,0.0,-505.0,0.0,0.0
981409.206,3683.0,1808.0,-1808.0,-433.91998291015625,-71.54998779296875,0.0,-505.0,0.0,0.0
981420.2,3683.0,1808.0,-1808.0,-433.91998291015625,-71.54998779296875,0.0,-505.0,0.0,0.0
981431.204,3683.0,1808.0,-1808.0,-433.91998291015625,-71.54998779296875,0.0,-505.0,0.0,0.0
981442.201,3683.0,1808.0,-1808.0,-433.91998291015625,-71.54998779296875,0.0,-505.0,0.0,0.0
981453.205,3683.0,1808.0,-1808.0,-433.91998291015625,-71.54998779296875,0.0,-505.0,0.0,0.0
981464.201,3683.0,1808.0,-1808.0,-433.91998291015625,-71.54998779296875,0.0,-505.0,0.0,0.0
981474.862,3683.0,1808.0,-1808.0,-433.91998291015625,-71.54998779296875,0.0,-505.0,0.0,0.0
981485.2,3683.0,1808.0,-1808.0,-433.91998291015625,-71.54998779296875,0.0,-505.0,0.0,0.0
981496.209,3683.0,1808.0,-1808.0,-433.91998291015625,-71.54998779296875,0.0,-505.0,0.0,0.0
981507.209,3683.0,1808.0,-1808.0,-433.91998291015625,-71.54998779296875,0.0,-505.0,0.0,0.0
981517.209,3683.0,1808.0,-1808.0,-433.91998291015625,-71.54998779296875,0.0,-505.0,0.0,0.0
981528.173,3683.0,1808.0,-1808.0,-433.91998291015625,-71.54998779296875,0.0,-505.0,0.0,0.0
981539.204,3683.0,1808.0,-1808.0,-433.91998291015625,-71.54998779296875,0.0,-505.0,0.0,0.0
981550.157,3683.0,1808.0,-1808.0,-433.91998291015625,-71.54998779296875,0.0,-505.0,0.0,0.0
981561.201,3683.0,1808.0,-1808.0,-433.91998291015625,-71.54998779296875,0.0,-505.0,0.0,0.0
981572.205,3683.0,1808.0,-1808.0,-433.91998291015625,-71.54998779296875,0.0,-505.0,0.0,0.0
981582.206,3683.0,1808.0,-1808.0,-433.91998291015625,-71.54998779296875,0.0,-505.0,0.0,0.0
981593.205,3683.0,1808.0,-1808.0,-433.91998291015625,-71.54998779296875,0.0,-505.0,0.0,0.0
981604.201,3683.0,1808.0,-1808.0,-433.91998291015625,-71.54998779296875,0.0,-505.0,0.0,0.0
981614.202,3683.0,1808.0,-1808.0,-433.91998291015625,-71.54998779296875,0.0,-505.0,0.0,0.0
981624.203,3683.0,1808.0,-1808.0,-433.91998291015625,-71.54998779296875,0.0,-505.0,0.0,0.0
981635.2,3683.0,1808.0,-1808.0,-433.91998291015625,-71.54998779296875,0.0,-505.0,0.0,0.0
981645.2,3683.0,1808.0,-1808.0,-433.91998291015625,-71.54998779296875,0.0,-505.0,0.0,0.0
981656.201,3683.0,1808.0,-1808.0,-433.91998291015625,-71.54998779296875,0.0,-505.0,0.0,0.0
981666.201,3683.0,1808.0,-1808.0,-433.91998291015625,-71.54998779296875,0.0,-505.0,0.0,0.0
981677.201,3683.0,1808.0,-1808.0,-433.91998291015625,-71.54998779296875,0.0,-505.0,0.0,0.0
981687.202,3683.0,1808.0,-1808.0,-433.91998291015625,-71.54998779296875,0.0,-505.0,0.0,0.0
981698.205,3683.0,1808.0,-1808.0,-433.91998291015625,-71.54998779296875,0.0,-505.0,0.0,0.0
981708.206,3683.0,1808.0,-1808.0,-433.91998291015625,-71.54998779296875,0.0,-505.0,0.0,0.0
981719.201,3683.0,1808.0,-1808.0,-433.91998291015625,-71.54998779296875,0.0,-505.0,0.0,0.0
981730.205,3683.0,1808.0,-1808.0,-433.91998291015625,-71.54998779296875,0.0,-505.0,0.0,0.0
981740.206,3683.0,1808.0,-1808.0,-433.91998291015625,-71.54998779296875,0.0,-505.0,0.0,0.0
981751.207,3683.0,1808.0,-1808.0,-433.91998291015625,-71.54998779296875,0.0,-505.0,0.0,0.0
981761.208,3683.0,1808.0,-1808.0,-433.91998291015625,-71.54998779296875,0.0,-505.0,0.0,0.0
981772.205,3683.0,1808.0,-1808.0,-433.91998291015625,-71.54998779296875,0.0,-505.0,0.0,0.0
981783.201,3683.0,1808.0,-1808.0,-433.91998291015625,-71.54998779296875,0.0,-505.0,0.0,0.0
981794.205,3683.0,1808.0,-1808.0,-433.91998291015625,-71.54998779296875,0.0,-505.0,0.0,0.0
981805.205,3683.0,1808.0,-1808.0,-433.91998291015625,-71.54998779296875,0.0,-505.0,0.0,0.0
981815.206,3683.0,1808.0,-1808.0,-433.91998291015625,-71.54998779296875,0.0,-505.0,0.0,0.0
981825.206,3683.0,1808.0,-1808.0,-433.91998291015625,-71.54998779296875,0.0,-505.0,0.0,0.0
981835.207,3683.0,1808.0,-1808.0,-433.91998291015625,-71.54998779296875,0.0,-505.0,0.0,0.0
981846.208,3683.0,1808.0,-1808.0,-433.91998291015625,-71.54998779296875,0.0,-505.0,0.0,0.0
981856.646,3683.0,1808.0,-1808.0,-433.91998291015625,-71.54998779296875,0.0,-505.0,0.0,0.0
981867.205,3683.0,1808.0,-1808.0,-433.91998291015625,-71.54998779296875,0.0,-505.0,0.0,0.0
981877.206,3683.0,1808.0,-1808.0,-433.91998291015625,-71.54998779296875,0.0,-505.0,0.0,0.0
981888.205,3683.0,1808.0,-1808.0,-433.91998291015625,-71.54998779296875,0.0,-505.0,0.0,0.0
981899.205,3683.0,1808.0,-1808.0,-433.91998291015625,-71.54998779296875,0.0,-505.0,0.0,0.0
981909.206,3683.0,1808.0,-1808.0,-433.91998291015625,-71.54998779296875,0.0,-505.0,0.0,0.0
981920.205,3683.0,1808.0,-1808.0,-433.91998291015625,-71.54998779296875,0.0,-505.0,0.0,0.0
981931.201,3683.0,1808.0,-1808.0,-433.91998291015625,-71.54998779296875,0.0,-505.0,0.0,0.0
981941.201,3683.0,1808.0,-1808.0,-433.91998291015625,-71.54998779296875,0.0,-505.0,0.0,0.0
981951.201,3683.0,1808.0,-1808.0,-433.91998291015625,-71.54998779296875,0.0,-505.0,0.0,0.0
981961.201,3683.0,1808.0,-1808.0,-433.91998291015625,-71.54998779296875,0.0,-505.0,0.0,0.0
981971.201,3683.0,1808.0,-1808.0,-433.91998291015625,-71.54998779296875,0.0,-505.0,0.0,0.0
981981.201,3683.0,1808.0,-1808.0,-433.91998291015625,-71.54998779296875,0.0,-505.0,0.0,0.0
981991.202,3683.0,1808.0,-1808.0,-433.91998291015625,-71.54998779296875,0.0,-505.0,0.0,0.0
982002.205,3683.0,1808.0,-1808.0,-433.91998291015625,-71.54998779296875,0.0,-505.0,0.0,0.0
982013.205,3683.0,1808.0,-1808.0,-433.91998291015625,-71.54998779296875,0.0,-505.0,0.0,0.0
982023.206,3683.0,1808.0,-1808.0,-433.91998291015625,-71.54998779296875,0.0,-505.0,0.0,0.0
982034.205,3683.0,1808.0,-1808.0,-433.91998291015625,-71.54998779296875,0.0,-505.0,0.0,0.0
982044.206,3683.0,1808.0,-1808.0,-433.91998291015625,-71.54998779296875,0.0,-505.0,0.0,0.0
982054.208,3683.0,1808.0,-1808.0,-433.91998291015625,-71.54998779296875,0.0,-505.0,0.0,0.0
982064.209,3683.0,1808.0,-1808.0,-433.91998291015625,-71.54998779296875,0.0,-505.0,0.0,0.0
982075.201,3683.0,1808.0,-1808.0,-433.91998291015625,-71.54998779296875,0.0,-505.0,0.0,0.0
982085.202,3683.0,1808.0,-1808.0,-433.91998291015625,-71.54998779296875,0.0,-505.0,0.0,0.0
982096.212,3683.0,1808.0,-1808.0,-433.91998291015625,-71.54998779296875,0.0,-505.0,0.0,0.0
982106.213,3683.0,1808.0,-1808.0,-433.91998291015625,-71.54998779296875,0.0,-505.0,0.0,0.0
2147483.648,1.519988444253129e-41,nan,0.00017661228775978088,-1.8921687404849924e-13,1.5578635613615768e-33,2894.0,1397.0,-1397.0,-335.2799987792969
549755814.083,nan,6.409948127839016e-10,0.00016883779608178884,9486837219328.0,4.3380551474295235e-38,4.1723276922311925e-07,-7.276005492551363e-11,-7.276004798661972e-11,-4.547552181284782e-15
840328806.4,0.00016880406474228948,9486837219328.0,4.3384138798363906e-38,4.1723276922311925e-07,-7.276005492551363e-11,-7.276004798661972e-11,-4.547552181284782e-15,2.7325320054333933e-43,1.793662034335766e-43
840331155.396,1.5201285740995616e-41,nan,6.409948127839016e-10,0.00016883779608178884,9486837219328.0,4.336978950208922e-38,4.1723276922311925e-07,-7.276005492551363e-11,-7.276004798661972e-11
46600500396.16,-3.69036256446272e+19,-1.0864919118186278e-19,-1.0864745927245525e-19,-2.3393643796122435e-17,7.018683618263711e-41,4.591774807899561e-41,-0.0,7.018683618263711e-41,0.0
46606005092.48,-3.69036256446272e+19,-1.0864919118186278e-19,-1.0864745927245525e-19,-2.3393643796122435e-17,7.018683618263711e-41,4.591774807899561e-41,-0.0,7.018683618263711e-41,0.0
140737488405.415,-1.7014118346046923e+38,6.475743830058889e-10,2.0089139241008525e-09,6.799665439430754e-33,7.237372695916554e+26,-3.69036256446272e+19,-1.0864919118186278e-19,-1.0864745927245525e-19,-2.3393643796122435e-17
215124174438.4,2.0089139241008525e-09,6.799665439430754e-33,7.092301597562799e+26,-3.69036256446272e+19,-1.0864919118186278e-19,-1.0864745927245525e-19,-2.3393643796122435e-17,7.018683618263711e-41,4.591774807899561e-41
2534839025292.554,2.7325320054333933e-43,1.793662034335766e-43,-3.552713678800501e-15,2.7325320054333933e-43,-0.0,9.088876537582983e+21,5.885453550164232e-44,2.3509528284038883e-38,5.707636800502374e-31
11925113561710.592,8.270295380629351e-40,6.355617210914494e-39,6.307457385292579e-39,-432508575416320.0,1.7968058474404786e-38,1.1754943508222875e-38,0.0,1.7968009428958534e-38,0.0
11926523569274.88,8.270295380629351e-40,6.355617210914494e-39,6.307457385292579e-39,-432508575416320.0,1.7968058474404786e-38,1.1754943508222875e-38,0.0,1.7968009428958534e-38,0.0
19479910070944.11,1.793662034335766e-43,-3.552713678800501e-15,2.7325320054333933e-43,-0.0,4.4694531942582845e+18,5.885453550164232e-44,2.3509528284038883e-38,5.707636800502374e-31,2.687368014612604e-28
36028797031786.4,4.098022333428112e+19,5.885453550164232e-44,2.3509528284038883e-38,5.707636800502374e-31,2.8179096032904258e-22,8.270295380629351e-40,6.355617210914494e-39,6.307457385292579e-39,-432508575416320.0
55071788656230.4,6.797966115409846e-33,5.707636800502374e-31,4.9573189997431655e-09,8.270295380629351e-40,6.355617210914494e-39,6.307457385292579e-39,-432508575416320.0,1.7968058474404786e-38,1.1754943508222875e-38
55071942600076.96,-0.0,1.4497915862837063e+22,5.885453550164232e-44,2.3509528284038883e-38,5.707636800502374e-31,1.2690736639342504e-06,8.270295380629351e-40,6.355617210914494e-39,6.307457385292579e-39
72056494526300.2,-7.276005492551363e-11,-7.276004798661972e-11,-4.547552181284782e-15,2.7325320054333933e-43,1.793662034335766e-43,-3.552713678800501e-15,2.7325320054333933e-43,-0.0,2.163673376176862e+22
362188476038250.5,6.560374236932362e+26,-3.69036256446272e+19,-1.0864919118186278e-19,-1.0864745927245525e-19,-2.3393643796122435e-17,7.018683618263711e-41,4.591774807899561e-41,-0.0,7.018683618263711e-41
648918713165482.5,1.793662034335766e-43,-3.552713678800501e-15,2.7325320054333933e-43,-0.0,1.5721953709159717e+20,5.885453550164232e-44,2.3509528284038883e-38,5.429220023114634e-31,0.00017661243327893317
648918747525220.9,7.018683618263711e-41,4.591774807899561e-41,-0.0,7.018683618263711e-41,0.0,3947108499456.0,1.5204088337924265e-41,nan,0.00017661228775978088
724288098632007.6,-1397.0,-335.2799987792969,-0.0,0.0,-335.0,0.0,-4.0,1.9730771920814516e-13,0.0
724298032874586.1,-1397.0,-335.2799987792969,-0.0,0.0,-335.0,0.0,-4.0,1.9958454377036472e-13,0.0
912635376155834.6,-0.0,0.0,-335.0,0.0,-4.0,1.9687405189167811e-13,0.0,7.508787369658876e-09,6.797966115409846e-33
1489096128459258.0,-0.0,0.0,-335.0,0.0,-4.0,1.980124641727879e-13,0.0,7.508787369658876e-09,6.797966115409846e-33
3472839362150924.5,6.307457385292579e-39,-432508575416320.0,1.7968058474404786e-38,1.1754943508222875e-38,0.0,1.7968009428958534e-38,0.0,1.3677947663381929e-12,3.891034491336971e-39
3603161172578140.0,1397.0,-1397.0,-335.2799987792969,-0.0,0.0,-335.0,0.0,-4.0,2.021865747742213e-13
3810045323434000.0,7.146304682952099e+22,1.1632553488290506e+33,4.973280088865713e-31,13.270273208618164,3.175650468756124e+30,1.7332086880919101e+25,7.738368722228252e-19,0.00016883779608178884,9486837219328.0
3810045323434014.0,1.1754943508222875e-38,0.0,1.7968009428958534e-38,0.0,-2.965932114356343e-31,3.893114018258029e-39,-1.7014118346046923e+38,0.00016880406474228948,9486837219328.0
4121076233515565.0,6.307457385292579e-39,-432508575416320.0,1.7968058474404786e-38,1.1754943508222875e-38,0.0,1.7968009428958534e-38,0.0,-4.525653250665807e-36,3.8901138382459095e-39
4121086185780032.0,-2.3393643796122435e-17,7.018683618263711e-41,4.591774807899561e-41,-0.0,7.018683618263711e-41,0.0,-4.3119624560266267e+21,1.519988444253129e-41,nan
4123380814199062.5,-1.0864745927245525e-19,-2.3393643796122435e-17,7.018683618263711e-41,4.591774807899561e-41,-0.0,7.018683618263711e-41,0.0,-2.332204301918435e-33,1.520268703945994e-41
4123380853075095.5,-4.547552181284782e-15,2.7325320054333933e-43,1.793662034335766e-43,-3.552713678800501e-15,2.7325320054333933e-43,-0.0,1.8952858599833448e+21,5.885453550164232e-44,2.3509528284038883e-38
4949068963548291.0,2.7325320054333933e-43,-0.0,8.032789180364043e+19,5.885453550164232e-44,2.3509528284038883e-38,5.429220023114634e-31,0.00017661243327893317,-1.8921687404849924e-13,1.5578646633875307e-33
4986856978161692.0,-3.552713678800501e-15,2.7325320054333933e-43,-0.0,4.599994673794734e+21,5.885453550164232e-44,2.3509528284038883e-38,5.429220023114634e-31,0.00017661243327893317,-1.8921687404849924e-13
6075990677702446.0,2868.0,8.035605913824231e-41,-2.0,5.3105232211692055e-08,0.0,554050715648.0,1.764453277770152e-19,1.7181576437257191e+25,1.6931342471794442e+22
6127724782414794.0,7.018683618263711e-41,4.591774807899561e-41,-0.0,7.018683618263711e-41,0.0,-2.387037506175631e+22,1.5206890934852915e-41,nan,6.409948127839016e-10
7282211473076519.0,4.338772612243258e-38,4.1723276922311925e-07,-7.276005492551363e-11,-7.276004798661972e-11,-4.547552181284782e-15,2.7325320054333933e-43,1.793662034335766e-43,-3.552713678800501e-15,2.7325320054333933e-43
7793103487428803.0,1.1754943508222875e-38,0.0,1.7968009428958534e-38,0.0,1576960.0,3.892194766465432e-39,-1.7014118346046923e+38,6.475743830058889e-10,2.0089139241008525e-09
7795355287242488.0,1.1754943508222875e-38,0.0,1.7968009428958534e-38,0.0,1.861745762206529e+27,3.8926543923617304e-39,-1.7014118346046923e+38,6.475743830058889e-10,2.0089139241008525e-09
9223372036854776.0,9486837219328.0,4.3365484713206814e-38,4.1723276922311925e-07,-7.276005492551363e-11,-7.276004798661972e-11,-4.547552181284782e-15,2.7325320054333933e-43,1.793662034335766e-43,-3.552713678800501e-15
1.0756777890986066e+16,7.334086761485724e+26,-3.69036256446272e+19,-1.0864919118186278e-19,-1.0864745927245525e-19,-2.3393643796122435e-17,7.018683618263711e-41,4.591774807899561e-41,-0.0,7.018683618263711e-41
1.1529290562867842e+16,-335.0,0.0,-4.0,1.9871723624248494e-13,0.0,1.877196842414719e-09,6.799665439430754e-33,7.430800827054895e+26,-3.69036256446272e+19
1.1529291139467184e+16,1.7968009428958534e-38,0.0,403701760.0,3.892019604157391e-39,-1.7014118346046923e+38,6.475743830058889e-10,2.0089139241008525e-09,6.799665439430754e-33,7.914371154900746e+26
1.1806121202462772e+16,0.0,-4.0,2.0316237028198542e-13,0.0,1.877196842414719e-09,6.799665439430754e-33,8.929868843377035e+26,-3.69036256446272e+19,-1.0864919118186278e-19
1.206964700135293e+16,6.409948127839016e-10,0.00016883779608178884,9486837219328.0,4.3367637107648017e-38,4.1723276922311925e-07,-7.276005492551363e-11,-7.276004798661972e-11,-4.547552181284782e-15,2.7325320054333933e-43
1.2079735865281086e+16,0.0,1576960.0,3.892895415697594e-39,-1.7014118346046923e+38,0.00016880406474228948,9486837219328.0,4.338270386873644e-38,4.1723276922311925e-07,-7.276005492551363e-11
1.2273727411379056e+16,3592.0,-1944.0,1944.0,466.55999755859375,6.162975822039155e-33,207585853440.0,7.14630648439195e+22,1.183458530270188e+33,4.973280088865713e-31
1.2583057653860664e+16,1.7968009428958534e-38,0.0,1.861745762206529e+27,3.89247923005369e-39,-1.7014118346046923e+38,0.00016880406474228948,9486837219328.0,4.33776816150403e-38,4.1723276922311925e-07
1.3871086852301128e+16,-1.8921687404849924e-13,1.557867234781423e-33,2894.0,1397.0,-1397.0,-335.2799987792969,-0.0,0.0,-335.0
1.4098377895994982e+16,5.429220023114634e-31,0.00017661243327893317,-1.8921687404849924e-13,1.5578692551623386e-33,2894.0,1397.0,-1397.0,-335.2799987792969,-0.0
1.4098417305619702e+16,0.0,-2715680.0,1.5198483144066966e-41,nan,0.00017661228775978088,-1.8921687404849924e-13,1.5578626430066152e-33,2894.0,1397.0
1.5953087436041486e+16,7.720943023762406e+26,-3.69036256446272e+19,-1.0864919118186278e-19,-1.0864745927245525e-19,-2.3393643796122435e-17,7.018683618263711e-41,4.591774807899561e-41,-0.0,7.018683618263711e-41
1.614091096620772e+16,-0.0,0.0,-335.0,0.0,-4.0,1.9573563961056833e-13,0.0,1.877196842414719e-09,6.799665439430754e-33
1.6140910966209292e+16,0.0,1.7968009428958534e-38,0.0,0.3759765625,3.891603418513487e-39,-1.7014118346046923e+38,6.475743830058889e-10,2.0089139241008525e-09,6.799665439430754e-33
1.8374686479674404e+16,6.355617210914494e-39,6.307457385292579e-39,-432508575416320.0,1.7968058474404786e-38,1.1754943508222875e-38,0.0,1.7968009428958534e-38,0.0,1.1635911013790806e+26
1.8446462598732852e+16,-1.0864919118186278e-19,-1.0864745927245525e-19,-2.3393643796122435e-17,7.018683618263711e-41,4.591774807899561e-41,-0.0,7.018683618263711e-41,0.0,6.593326149465748e+19

PID Parameters
Axis,P,I,D,LPF,Windup
"['Set Angle X', 0.0, 0.0, 0.0, 0.0, 0.0]"
"['Set Angle Y', 0.0, 0.0, 0.0, 0.0, 0.0]"
"['Set PWM X', 240.0, 100.0, 0.0, 0.0, 255000.0]"
"['Set PWM Y', 0.0, 0.0, 0.0, 0.0, 0.0]"
