Timestamp (ms),carriageXPosition,pendulumXAngle,xAngleError,xPWMp,xPWMi,xPWMd,xPWMout,xPWM,pendulumYAngle,xPositionError,angleXp,angleXi,angleXd,setAngleXOut
851028.045,-3469.0,2285.0,2285.0,-457.0,-0.0,0.0,-457.0,0.0,-10.0,0.0,-0.0,-0.0,0.0,0.0
851038.045,-3469.0,2285.0,2285.0,-457.0,-0.0,0.0,-457.0,0.0,-10.0,0.0,-0.0,-0.0,0.0,0.0
851049.041,0.0,2285.0,2285.0,-342.75,-0.0,0.0,-342.0,0.0,-5.0,0.0,0.0,0.0,0.0,0.0
851059.042,0.0,2285.0,2285.0,-342.75,-0.0,0.0,-342.0,0.0,-5.0,0.0,0.0,0.0,0.0,0.0
851069.042,0.0,2285.0,2285.0,-342.75,-0.0,0.0,-342.0,0.0,-5.0,0.0,0.0,0.0,0.0,0.0
851079.042,0.0,2285.0,2285.0,-342.75,-0.0,0.0,-342.0,0.0,-5.0,0.0,0.0,0.0,0.0,0.0
851090.041,0.0,2285.0,2285.0,-342.75,-0.0,0.0,-342.0,0.0,-5.0,0.0,0.0,0.0,0.0,0.0
851100.041,0.0,2285.0,2285.0,-342.75,-0.0,0.0,-342.0,0.0,-5.0,0.0,0.0,0.0,0.0,0.0
851110.042,0.0,2285.0,2285.0,-342.75,-0.0,0.0,-342.0,0.0,-5.0,0.0,0.0,0.0,0.0,0.0
851120.043,0.0,2285.0,2285.0,-342.75,-0.0,0.0,-342.0,0.0,-5.0,0.0,0.0,0.0,0.0,0.0
851130.043,0.0,2285.0,2285.0,-342.75,-0.0,0.0,-342.0,0.0,-5.0,0.0,0.0,0.0,0.0,0.0
851140.043,0.0,2285.0,2285.0,-342.75,-0.0,0.0,-342.0,0.0,-5.0,0.0,0.0,0.0,0.0,0.0
851150.044,0.0,2285.0,2285.0,-342.75,-0.0,0.0,-342.0,0.0,-5.0,0.0,0.0,0.0,0.0,0.0
851160.044,0.0,2285.0,2285.0,-342.75,-0.0,0.0,-342.0,0.0,-5.0,0.0,0.0,0.0,0.0,0.0
851170.044,0.0,2285.0,2285.0,-342.75,-0.0,0.0,-342.0,0.0,-5.0,0.0,0.0,0.0,0.0,0.0
851180.044,0.0,2285.0,2285.0,-342.75,-0.0,0.0,-342.0,0.0,-5.0,0.0,0.0,0.0,0.0,0.0
851190.045,0.0,2285.0,2285.0,-342.75,-0.0,0.0,-342.0,0.0,-5.0,0.0,0.0,0.0,0.0,0.0
851200.045,0.0,2285.0,2285.0,-342.75,-0.0,0.0,-342.0,0.0,-5.0,0.0,0.0,0.0,0.0,0.0
851210.045,0.0,2285.0,2285.0,-342.75,-0.0,0.0,-342.0,0.0,-5.0,0.0,0.0,0.0,0.0,0.0
851220.045,0.0,2285.0,2285.0,-342.75,-0.0,0.0,-342.0,0.0,-5.0,0.0,0.0,0.0,0.0,0.0
851230.045,0.0,2285.0,2285.0,-342.75,-0.0,0.0,-342.0,0.0,-5.0,0.0,0.0,0.0,0.0,0.0
851240.045,0.0,2285.0,2285.0,-342.75,-0.0,0.0,-342.0,0.0,-5.0,0.0,0.0,0.0,0.0,0.0
851250.046,0.0,2285.0,2285.0,-342.75,-0.0,0.0,-342.0,0.0,-5.0,0.0,0.0,0.0,0.0,0.0
851260.047,0.0,2285.0,2285.0,-342.75,-0.0,0.0,-342.0,0.0,-5.0,0.0,0.0,0.0,0.0,0.0
851270.048,0.0,2285.0,2285.0,-342.75,-0.0,0.0,-342.0,0.0,-5.0,0.0,0.0,0.0,0.0,0.0
851280.048,0.0,2285.0,2285.0,-342.75,-0.0,0.0,-342.0,0.0,-5.0,0.0,0.0,0.0,0.0,0.0
851290.048,0.0,2285.0,2285.0,-342.75,-0.0,0.0,-342.0,0.0,-5.0,0.0,0.0,0.0,0.0,0.0
851300.049,0.0,2285.0,2285.0,-342.75,-0.0,0.0,-342.0,0.0,-5.0,0.0,0.0,0.0,0.0,0.0
851310.05,0.0,2285.0,2285.0,-342.75,-0.0,0.0,-342.0,0.0,-5.0,0.0,0.0,0.0,0.0,0.0
851320.05,0.0,2285.0,2285.0,-342.75,-0.0,0.0,-342.0,0.0,-5.0,0.0,0.0,0.0,0.0,0.0
851330.05,0.0,2285.0,2285.0,-342.75,-0.0,0.0,-342.0,0.0,-5.0,0.0,0.0,0.0,0.0,0.0
851340.051,0.0,2285.0,2285.0,-342.75,-0.0,0.0,-342.0,0.0,-5.0,0.0,0.0,0.0,0.0,0.0
851350.051,0.0,2285.0,2285.0,-342.75,-0.0,0.0,-342.0,0.0,-5.0,0.0,0.0,0.0,0.0,0.0
851360.051,0.0,2285.0,2285.0,-342.75,-0.0,0.0,-342.0,0.0,-5.0,0.0,0.0,0.0,0.0,0.0
851370.051,0.0,2285.0,2285.0,-342.75,-0.0,0.0,-342.0,0.0,-5.0,0.0,0.0,0.0,0.0,0.0
851380.051,0.0,2285.0,2285.0,-342.75,-0.0,0.0,-342.0,0.0,-5.0,0.0,0.0,0.0,0.0,0.0
851390.051,0.0,2285.0,2285.0,-342.75,-0.0,0.0,-342.0,0.0,-5.0,0.0,0.0,0.0,0.0,0.0
851401.041,0.0,2285.0,2285.0,-342.75,-0.0,0.0,-342.0,0.0,-5.0,0.0,0.0,0.0,0.0,0.0
851412.041,0.0,2285.0,2285.0,-342.75,-0.0,0.0,-342.0,0.0,-5.0,0.0,0.0,0.0,0.0,0.0
851422.041,0.0,2285.0,2285.0,-342.75,-0.0,0.0,-342.0,0.0,-5.0,0.0,0.0,0.0,0.0,0.0
851432.042,0.0,2285.0,2285.0,-342.75,-0.0,0.0,-342.0,0.0,-5.0,0.0,0.0,0.0,0.0,0.0
851442.042,0.0,2285.0,2285.0,-342.75,-0.0,0.0,-342.0,0.0,-5.0,0.0,0.0,0.0,0.0,0.0
851452.042,0.0,2285.0,2285.0,-342.75,-0.0,0.0,-342.0,0.0,-5.0,0.0,0.0,0.0,0.0,0.0
851463.041,0.0,2285.0,2285.0,-342.75,-0.0,0.0,-342.0,0.0,-5.0,0.0,0.0,0.0,0.0,0.0
851473.042,0.0,2285.0,2285.0,-342.75,-0.0,0.0,-342.0,0.0,-5.0,0.0,0.0,0.0,0.0,0.0
851484.041,0.0,2285.0,2285.0,-342.75,-0.0,0.0,-342.0,0.0,-5.0,0.0,0.0,0.0,0.0,0.0
851494.041,0.0,2285.0,2285.0,-342.75,-0.0,0.0,-342.0,0.0,-5.0,0.0,0.0,0.0,0.0,0.0
851504.041,0.0,2285.0,2285.0,-342.75,-0.0,0.0,-342.0,0.0,-5.0,0.0,0.0,0.0,0.0,0.0
851514.041,0.0,2285.0,2285.0,-342.75,-0.0,0.0,-342.0,0.0,-5.0,0.0,0.0,0.0,0.0,0.0
851524.041,0.0,2285.0,2285.0,-342.75,-0.0,0.0,-342.0,0.0,-5.0,0.0,0.0,0.0,0.0,0.0
851534.042,0.0,2285.0,2285.0,-342.75,-0.0,0.0,-342.0,0.0,-5.0,0.0,0.0,0.0,0.0,0.0
851544.043,0.0,2285.0,2285.0,-342.75,-0.0,0.0,-342.0,0.0,-5.0,0.0,0.0,0.0,0.0,0.0
851554.044,0.0,2285.0,2285.0,-342.75,-0.0,0.0,-342.0,0.0,-5.0,0.0,0.0,0.0,0.0,0.0
851564.044,0.0,2285.0,2285.0,-342.75,-0.0,0.0,-342.0,0.0,-5.0,0.0,0.0,0.0,0.0,0.0
851574.045,0.0,2285.0,2285.0,-342.75,-0.0,0.0,-342.0,0.0,-5.0,0.0,0.0,0.0,0.0,0.0
851584.045,0.0,2285.0,2285.0,-342.75,-0.0,0.0,-342.0,0.0,-5.0,0.0,0.0,0.0,0.0,0.0
851594.046,0.0,2285.0,2285.0,-342.75,-0.0,0.0,-342.0,0.0,-5.0,0.0,0.0,0.0,0.0,0.0
851604.046,0.0,2285.0,2285.0,-342.75,-0.0,0.0,-342.0,0.0,-5.0,0.0,0.0,0.0,0.0,0.0
851614.047,0.0,2285.0,2285.0,-342.75,-0.0,0.0,-342.0,0.0,-5.0,0.0,0.0,0.0,0.0,0.0
851624.047,0.0,2285.0,2285.0,-342.75,-0.0,0.0,-342.0,0.0,-5.0,0.0,0.0,0.0,0.0,0.0
851634.047,0.0,2285.0,2285.0,-342.75,-0.0,0.0,-342.0,0.0,-5.0,0.0,0.0,0.0,0.0,0.0
851644.047,0.0,2285.0,2285.0,-342.75,-0.0,0.0,-342.0,0.0,-5.0,0.0,0.0,0.0,0.0,0.0
851654.047,0.0,2285.0,2285.0,-342.75,-0.0,0.0,-342.0,0.0,-5.0,0.0,0.0,0.0,0.0,0.0
851664.048,0.0,2285.0,2285.0,-342.75,-0.0,0.0,-342.0,0.0,-5.0,0.0,0.0,0.0,0.0,0.0
851674.048,0.0,2285.0,2285.0,-342.75,-0.0,0.0,-342.0,0.0,-5.0,0.0,0.0,0.0,0.0,0.0
851684.048,0.0,2285.0,2285.0,-342.75,-0.0,0.0,-342.0,0.0,-5.0,0.0,0.0,0.0,0.0,0.0
851694.048,0.0,2285.0,2285.0,-342.75,-0.0,0.0,-342.0,0.0,-5.0,0.0,0.0,0.0,0.0,0.0
851704.048,0.0,2285.0,2285.0,-342.75,-0.0,0.0,-342.0,0.0,-5.0,0.0,0.0,0.0,0.0,0.0
851714.048,0.0,2285.0,2285.0,-342.75,-0.0,0.0,-342.0,0.0,-5.0,0.0,0.0,0.0,0.0,0.0
851724.049,0.0,2285.0,2285.0,-342.75,-0.0,0.0,-342.0,0.0,-5.0,0.0,0.0,0.0,0.0,0.0
851734.049,0.0,2285.0,2285.0,-342.75,-0.0,0.0,-342.0,0.0,-5.0,0.0,0.0,0.0,0.0,0.0
851744.05,0.0,2285.0,2285.0,-342.75,-0.0,0.0,-342.0,0.0,-5.0,0.0,0.0,0.0,0.0,0.0
851754.051,0.0,2285.0,2285.0,-342.75,-0.0,0.0,-342.0,0.0,-5.0,0.0,0.0,0.0,0.0,0.0
851764.052,0.0,2285.0,2285.0,-342.75,-0.0,0.0,-342.0,0.0,-5.0,0.0,0.0,0.0,0.0,0.0
851774.053,0.0,2285.0,2285.0,-342.75,-0.0,0.0,-342.0,0.0,-5.0,0.0,0.0,0.0,0.0,0.0
851784.054,0.0,2285.0,2285.0,-342.75,-0.0,0.0,-342.0,0.0,-5.0,0.0,0.0,0.0,0.0,0.0
851794.054,0.0,2285.0,2285.0,-342.75,-0.0,0.0,-342.0,0.0,-5.0,0.0,0.0,0.0,0.0,0.0
851804.054,0.0,2285.0,2285.0,-342.75,-0.0,0.0,-342.0,0.0,-5.0,0.0,0.0,0.0,0.0,0.0
851814.054,0.0,2285.0,2285.0,-342.75,-0.0,0.0,-342.0,0.0,-5.0,0.0,0.0,0.0,0.0,0.0
851825.098,0.0,2285.0,2285.0,-342.75,-0.0,0.0,-342.0,0.0,-5.0,0.0,0.0,0.0,0.0,0.0
851835.099,0.0,2285.0,2285.0,-342.75,-0.0,0.0,-342.0,0.0,-5.0,0.0,0.0,0.0,0.0,0.0
851845.099,0.0,2285.0,2285.0,-342.75,-0.0,0.0,-342.0,0.0,-5.0,0.0,0.0,0.0,0.0,0.0
851855.099,0.0,2285.0,2285.0,-342.75,-0.0,0.0,-342.0,0.0,-5.0,0.0,0.0,0.0,0.0,0.0
851865.1,0.0,2285.0,2285.0,-342.75,-0.0,0.0,-342.0,0.0,-5.0,0.0,0.0,0.0,0.0,0.0
851875.1,0.0,2285.0,2285.0,-342.75,-0.0,0.0,-342.0,0.0,-5.0,0.0,0.0,0.0,0.0,0.0
851885.101,0.0,2285.0,2285.0,-342.75,-0.0,0.0,-342.0,0.0,-5.0,0.0,0.0,0.0,0.0,0.0
851895.102,0.0,2285.0,2285.0,-342.75,-0.0,0.0,-342.0,0.0,-5.0,0.0,0.0,0.0,0.0,0.0
851905.102,0.0,2285.0,2285.0,-342.75,-0.0,0.0,-342.0,0.0,-5.0,0.0,0.0,0.0,0.0,0.0
851915.103,0.0,2285.0,2285.0,-342.75,-0.0,0.0,-342.0,0.0,-5.0,0.0,0.0,0.0,0.0,0.0
851925.103,0.0,2285.0,2285.0,-342.75,-0.0,0.0,-342.0,0.0,-5.0,0.0,0.0,0.0,0.0,0.0
851935.104,0.0,2285.0,2285.0,-342.75,-0.0,0.0,-342.0,0.0,-5.0,0.0,0.0,0.0,0.0,0.0
851945.104,0.0,2285.0,2285.0,-342.75,-0.0,0.0,-342.0,0.0,-5.0,0.0,0.0,0.0,0.0,0.0
851955.105,0.0,2285.0,2285.0,-342.75,-0.0,0.0,-342.0,0.0,-5.0,0.0,0.0,0.0,0.0,0.0
851965.106,0.0,2285.0,2285.0,-342.75,-0.0,0.0,-342.0,0.0,-5.0,0.0,0.0,0.0,0.0,0.0
851975.107,0.0,2285.0,2285.0,-342.75,-0.0,0.0,-342.0,0.0,-5.0,0.0,0.0,0.0,0.0,0.0
851985.108,0.0,2285.0,2285.0,-342.75,-0.0,0.0,-342.0,0.0,-5.0,0.0,0.0,0.0,0.0,0.0
851995.108,0.0,2285.0,2285.0,-342.75,-0.0,0.0,-342.0,0.0,-5.0,0.0,0.0,0.0,0.0,0.0
852005.108,0.0,2285.0,2285.0,-342.75,-0.0,0.0,-342.0,0.0,-5.0,0.0,0.0,0.0,0.0,0.0
852015.109,0.0,2285.0,2285.0,-342.75,-0.0,0.0,-342.0,0.0,-5.0,0.0,0.0,0.0,0.0,0.0
852025.109,0.0,2285.0,2285.0,-342.75,-0.0,0.0,-342.0,0.0,-5.0,0.0,0.0,0.0,0.0,0.0
852035.109,0.0,2285.0,2285.0,-342.75,-0.0,0.0,-342.0,0.0,-5.0,0.0,0.0,0.0,0.0,0.0
852045.11,0.0,2285.0,2285.0,-342.75,-0.0,0.0,-342.0,0.0,-5.0,0.0,0.0,0.0,0.0,0.0
852055.111,0.0,2285.0,2285.0,-342.75,-0.0,0.0,-342.0,0.0,-5.0,0.0,0.0,0.0,0.0,0.0
852065.111,0.0,2285.0,2285.0,-342.75,-0.0,0.0,-342.0,0.0,-5.0,0.0,0.0,0.0,0.0,0.0
852075.111,0.0,2285.0,2285.0,-342.75,-0.0,0.0,-342.0,0.0,-5.0,0.0,0.0,0.0,0.0,0.0
852085.112,0.0,2285.0,2285.0,-342.75,-0.0,0.0,-342.0,0.0,-5.0,0.0,0.0,0.0,0.0,0.0
852095.113,0.0,2285.0,2285.0,-342.75,-0.0,0.0,-342.0,0.0,-5.0,0.0,0.0,0.0,0.0,0.0
852105.114,0.0,2285.0,2285.0,-342.75,-0.0,0.0,-342.0,0.0,-5.0,0.0,0.0,0.0,0.0,0.0
852115.115,0.0,2285.0,2285.0,-342.75,-0.0,0.0,-342.0,0.0,-5.0,0.0,0.0,0.0,0.0,0.0
852125.115,0.0,2285.0,2285.0,-342.75,-0.0,0.0,-342.0,0.0,-5.0,0.0,0.0,0.0,0.0,0.0
852136.105,0.0,2285.0,2285.0,-342.75,-0.0,0.0,-342.0,0.0,-5.0,0.0,0.0,0.0,0.0,0.0
852146.106,0.0,2285.0,2285.0,-342.75,-0.0,0.0,-342.0,0.0,-5.0,0.0,0.0,0.0,0.0,0.0
852156.106,0.0,2285.0,2285.0,-342.75,-0.0,0.0,-342.0,0.0,-5.0,0.0,0.0,0.0,0.0,0.0
852166.106,0.0,2285.0,2285.0,-342.75,-0.0,0.0,-342.0,0.0,-5.0,0.0,0.0,0.0,0.0,0.0
852176.106,0.0,2285.0,2285.0,-342.75,-0.0,0.0,-342.0,0.0,-5.0,0.0,0.0,0.0,0.0,0.0
852186.108,0.0,2285.0,2285.0,-342.75,-0.0,0.0,-342.0,0.0,-5.0,0.0,0.0,0.0,0.0,0.0
852196.108,0.0,2285.0,2285.0,-342.75,-0.0,0.0,-342.0,0.0,-5.0,0.0,0.0,0.0,0.0,0.0
852206.108,0.0,2285.0,2285.0,-342.75,-0.0,0.0,-342.0,0.0,-5.0,0.0,0.0,0.0,0.0,0.0
852217.097,0.0,2285.0,2285.0,-342.75,-0.0,0.0,-342.0,0.0,-5.0,0.0,0.0,0.0,0.0,0.0
852227.098,0.0,2285.0,2285.0,-342.75,-0.0,0.0,-342.0,0.0,-5.0,0.0,0.0,0.0,0.0,0.0
852237.099,0.0,2285.0,2285.0,-342.75,-0.0,0.0,-342.0,0.0,-5.0,0.0,0.0,0.0,0.0,0.0
852247.1,0.0,2285.0,2285.0,-342.75,-0.0,0.0,-342.0,0.0,-5.0,0.0,0.0,0.0,0.0,0.0
852257.1,0.0,2285.0,2285.0,-342.75,-0.0,0.0,-342.0,0.0,-5.0,0.0,0.0,0.0,0.0,0.0
852267.1,0.0,2285.0,2285.0,-342.75,-0.0,0.0,-342.0,0.0,-5.0,0.0,0.0,0.0,0.0,0.0
852277.1,0.0,2285.0,2285.0,-342.75,-0.0,0.0,-342.0,0.0,-5.0,0.0,0.0,0.0,0.0,0.0
852287.1,0.0,2285.0,2285.0,-342.75,-0.0,0.0,-342.0,0.0,-5.0,0.0,0.0,0.0,0.0,0.0
852297.101,0.0,2285.0,2285.0,-342.75,-0.0,0.0,-342.0,0.0,-5.0,0.0,0.0,0.0,0.0,0.0
852307.101,0.0,2285.0,2285.0,-342.75,-0.0,0.0,-342.0,0.0,-5.0,0.0,0.0,0.0,0.0,0.0
852317.101,0.0,2285.0,2285.0,-342.75,-0.0,0.0,-342.0,0.0,-5.0,0.0,0.0,0.0,0.0,0.0
852327.102,0.0,2285.0,2285.0,-342.75,-0.0,0.0,-342.0,0.0,-5.0,0.0,0.0,0.0,0.0,0.0
852337.103,0.0,2285.0,2285.0,-342.75,-0.0,0.0,-342.0,0.0,-5.0,0.0,0.0,0.0,0.0,0.0
852347.104,0.0,2285.0,2285.0,-342.75,-0.0,0.0,-342.0,0.0,-5.0,0.0,0.0,0.0,0.0,0.0
852357.104,0.0,2285.0,2285.0,-342.75,-0.0,0.0,-342.0,0.0,-5.0,0.0,0.0,0.0,0.0,0.0
852367.104,0.0,2285.0,2285.0,-342.75,-0.0,0.0,-342.0,0.0,-5.0,0.0,0.0,0.0,0.0,0.0
852377.105,0.0,2285.0,2285.0,-342.75,-0.0,0.0,-342.0,0.0,-5.0,0.0,0.0,0.0,0.0,0.0
852387.106,0.0,2285.0,2285.0,-342.75,-0.0,0.0,-342.0,0.0,-5.0,0.0,0.0,0.0,0.0,0.0
852397.107,0.0,2285.0,2285.0,-342.75,-0.0,0.0,-342.0,0.0,-5.0,0.0,0.0,0.0,0.0,0.0
852407.108,0.0,2285.0,2285.0,-342.75,-0.0,0.0,-342.0,0.0,-5.0,0.0,0.0,0.0,0.0,0.0
852417.109,0.0,2285.0,2285.0,-342.75,-0.0,0.0,-342.0,0.0,-5.0,0.0,0.0,0.0,0.0,0.0
852427.109,0.0,2285.0,2285.0,-342.75,-0.0,0.0,-342.0,0.0,-5.0,0.0,0.0,0.0,0.0,0.0
852437.11,0.0,2285.0,2285.0,-342.75,-0.0,0.0,-342.0,0.0,-5.0,0.0,0.0,0.0,0.0,0.0
852447.111,0.0,2285.0,2285.0,-342.75,-0.0,0.0,-342.0,0.0,-5.0,0.0,0.0,0.0,0.0,0.0
852457.112,0.0,2285.0,2285.0,-342.75,-0.0,0.0,-342.0,0.0,-5.0,0.0,0.0,0.0,0.0,0.0
852467.112,0.0,2285.0,2285.0,-342.75,-0.0,0.0,-342.0,0.0,-5.0,0.0,0.0,0.0,0.0,0.0
852477.112,0.0,2285.0,2285.0,-342.75,-0.0,0.0,-342.0,0.0,-5.0,0.0,0.0,0.0,0.0,0.0
852487.112,0.0,2285.0,2285.0,-342.75,-0.0,0.0,-342.0,0.0,-5.0,0.0,0.0,0.0,0.0,0.0
852497.113,0.0,2285.0,2285.0,-342.75,-0.0,0.0,-342.0,0.0,-5.0,0.0,0.0,0.0,0.0,0.0
852507.114,0.0,2285.0,2285.0,-342.75,-0.0,0.0,-342.0,0.0,-5.0,0.0,0.0,0.0,0.0,0.0
852517.115,0.0,2285.0,2285.0,-342.75,-0.0,0.0,-342.0,0.0,-5.0,0.0,0.0,0.0,0.0,0.0
852527.115,0.0,2285.0,2285.0,-342.75,-0.0,0.0,-342.0,0.0,-5.0,0.0,0.0,0.0,0.0,0.0
852537.116,0.0,2285.0,2285.0,-342.75,-0.0,0.0,-342.0,0.0,-5.0,0.0,0.0,0.0,0.0,0.0
852547.116,0.0,2285.0,2285.0,-342.75,-0.0,0.0,-342.0,0.0,-5.0,0.0,0.0,0.0,0.0,0.0
852557.117,0.0,2285.0,2285.0,-342.75,-0.0,0.0,-342.0,0.0,-5.0,0.0,0.0,0.0,0.0,0.0
852567.117,0.0,2285.0,2285.0,-342.75,-0.0,0.0,-342.0,0.0,-5.0,0.0,0.0,0.0,0.0,0.0
852578.098,0.0,2285.0,2285.0,-342.75,-0.0,0.0,-342.0,0.0,-5.0,0.0,0.0,0.0,0.0,0.0
852588.099,0.0,2285.0,2285.0,-342.75,-0.0,0.0,-342.0,0.0,-5.0,0.0,0.0,0.0,0.0,0.0
852598.099,0.0,2285.0,2285.0,-342.75,-0.0,0.0,-342.0,0.0,-5.0,0.0,0.0,0.0,0.0,0.0
852608.1,0.0,2285.0,2285.0,-342.75,-0.0,0.0,-342.0,0.0,-5.0,0.0,0.0,0.0,0.0,0.0
852619.098,0.0,2285.0,2285.0,-342.75,-0.0,0.0,-342.0,0.0,-5.0,0.0,0.0,0.0,0.0,0.0
852629.099,0.0,2285.0,2285.0,-342.75,-0.0,0.0,-342.0,0.0,-5.0,0.0,0.0,0.0,0.0,0.0
852639.1,0.0,2285.0,2285.0,-342.75,-0.0,0.0,-342.0,0.0,-5.0,0.0,0.0,0.0,0.0,0.0
852649.1,0.0,2285.0,2285.0,-342.75,-0.0,0.0,-342.0,0.0,-5.0,0.0,0.0,0.0,0.0,0.0
852660.098,0.0,2285.0,2285.0,-342.75,-0.0,0.0,-342.0,0.0,-5.0,0.0,0.0,0.0,0.0,0.0
852670.099,0.0,2285.0,2285.0,-342.75,-0.0,0.0,-342.0,0.0,-5.0,0.0,0.0,0.0,0.0,0.0
852680.1,0.0,2285.0,2285.0,-342.75,-0.0,0.0,-342.0,0.0,-5.0,0.0,0.0,0.0,0.0,0.0
852690.101,0.0,2285.0,2285.0,-342.75,-0.0,0.0,-342.0,0.0,-5.0,0.0,0.0,0.0,0.0,0.0
852700.102,0.0,2285.0,2285.0,-342.75,-0.0,0.0,-342.0,0.0,-5.0,0.0,0.0,0.0,0.0,0.0
852711.098,0.0,2285.0,2285.0,-342.75,-0.0,0.0,-342.0,0.0,-5.0,0.0,0.0,0.0,0.0,0.0
852721.098,0.0,2285.0,2285.0,-342.75,-0.0,0.0,-342.0,0.0,-5.0,0.0,0.0,0.0,0.0,0.0
852731.098,0.0,2285.0,2285.0,-342.75,-0.0,0.0,-342.0,0.0,-5.0,0.0,0.0,0.0,0.0,0.0
852741.099,0.0,2285.0,2285.0,-342.75,-0.0,0.0,-342.0,0.0,-5.0,0.0,0.0,0.0,0.0,0.0
852752.098,0.0,2285.0,2285.0,-342.75,-0.0,0.0,-342.0,0.0,-5.0,0.0,0.0,0.0,0.0,0.0
852762.098,0.0,2285.0,2285.0,-342.75,-0.0,0.0,-342.0,0.0,-5.0,0.0,0.0,0.0,0.0,0.0
852772.098,0.0,2285.0,2285.0,-342.75,-0.0,0.0,-342.0,0.0,-5.0,0.0,0.0,0.0,0.0,0.0
852782.098,0.0,2285.0,2285.0,-342.75,-0.0,0.0,-342.0,0.0,-5.0,0.0,0.0,0.0,0.0,0.0
852792.099,0.0,2285.0,2285.0,-342.75,-0.0,0.0,-342.0,0.0,-5.0,0.0,0.0,0.0,0.0,0.0
852802.1,0.0,2285.0,2285.0,-342.75,-0.0,0.0,-342.0,0.0,-5.0,0.0,0.0,0.0,0.0,0.0
852812.1,0.0,2285.0,2285.0,-342.75,-0.0,0.0,-342.0,0.0,-5.0,0.0,0.0,0.0,0.0,0.0
852822.1,0.0,2285.0,2285.0,-342.75,-0.0,0.0,-342.0,0.0,-5.0,0.0,0.0,0.0,0.0,0.0
852832.1,0.0,2285.0,2285.0,-342.75,-0.0,0.0,-342.0,0.0,-5.0,0.0,0.0,0.0,0.0,0.0
852842.101,0.0,2285.0,2285.0,-342.75,-0.0,0.0,-342.0,0.0,-5.0,0.0,0.0,0.0,0.0,0.0
852852.102,0.0,2285.0,2285.0,-342.75,-0.0,0.0,-342.0,0.0,-5.0,0.0,0.0,0.0,0.0,0.0
852862.102,0.0,2285.0,2285.0,-342.75,-0.0,0.0,-342.0,0.0,-5.0,0.0,0.0,0.0,0.0,0.0
852872.107,0.0,2285.0,2285.0,-342.75,-0.0,0.0,-342.0,0.0,-5.0,0.0,0.0,0.0,0.0,0.0
852882.108,0.0,2285.0,2285.0,-342.75,-0.0,0.0,-342.0,0.0,-5.0,0.0,0.0,0.0,0.0,0.0
852892.109,0.0,2285.0,2285.0,-342.75,-0.0,0.0,-342.0,0.0,-5.0,0.0,0.0,0.0,0.0,0.0
852902.109,0.0,2285.0,2285.0,-342.75,-0.0,0.0,-342.0,0.0,-5.0,0.0,0.0,0.0,0.0,0.0
852912.109,0.0,2285.0,2285.0,-342.75,-0.0,0.0,-342.0,0.0,-5.0,0.0,0.0,0.0,0.0,0.0
852922.11,0.0,2285.0,2285.0,-342.75,-0.0,0.0,-342.0,0.0,-5.0,0.0,0.0,0.0,0.0,0.0
852932.11,0.0,2285.0,2285.0,-342.75,-0.0,0.0,-342.0,0.0,-5.0,0.0,0.0,0.0,0.0,0.0
852942.11,0.0,2285.0,2285.0,-342.75,-0.0,0.0,-342.0,0.0,-5.0,0.0,0.0,0.0,0.0,0.0
852952.111,0.0,2285.0,2285.0,-342.75,-0.0,0.0,-342.0,0.0,-5.0,0.0,0.0,0.0,0.0,0.0
852962.112,0.0,2285.0,2285.0,-342.75,-0.0,0.0,-342.0,0.0,-5.0,0.0,0.0,0.0,0.0,0.0
852972.112,0.0,2285.0,2285.0,-342.75,-0.0,0.0,-342.0,0.0,-5.0,0.0,0.0,0.0,0.0,0.0
852982.112,0.0,2285.0,2285.0,-342.75,-0.0,0.0,-342.0,0.0,-5.0,0.0,0.0,0.0,0.0,0.0
852992.113,0.0,2285.0,2285.0,-342.75,-0.0,0.0,-342.0,0.0,-5.0,0.0,0.0,0.0,0.0,0.0
853002.115,0.0,2285.0,2285.0,-342.75,-0.0,0.0,-342.0,0.0,-5.0,0.0,0.0,0.0,0.0,0.0
853012.116,0.0,2285.0,2285.0,-342.75,-0.0,0.0,-342.0,0.0,-5.0,0.0,0.0,0.0,0.0,0.0
853022.117,0.0,2285.0,2285.0,-342.75,-0.0,0.0,-342.0,0.0,-5.0,0.0,0.0,0.0,0.0,0.0
853032.118,0.0,2285.0,2285.0,-342.75,-0.0,0.0,-342.0,0.0,-5.0,0.0,0.0,0.0,0.0,0.0
853042.118,0.0,2285.0,2285.0,-342.75,-0.0,0.0,-342.0,0.0,-5.0,0.0,0.0,0.0,0.0,0.0
853052.118,0.0,2285.0,2285.0,-342.75,-0.0,0.0,-342.0,0.0,-5.0,0.0,0.0,0.0,0.0,0.0
853062.119,0.0,2285.0,2285.0,-342.75,-0.0,0.0,-342.0,0.0,-5.0,0.0,0.0,0.0,0.0,0.0
853072.119,0.0,2285.0,2285.0,-342.75,-0.0,0.0,-342.0,0.0,-5.0,0.0,0.0,0.0,0.0,0.0
853082.119,0.0,2285.0,2285.0,-342.75,-0.0,0.0,-342.0,0.0,-5.0,0.0,0.0,0.0,0.0,0.0
853092.12,0.0,2285.0,2285.0,-342.75,-0.0,0.0,-342.0,0.0,-5.0,0.0,0.0,0.0,0.0,0.0
853102.121,0.0,2285.0,2285.0,-342.75,-0.0,0.0,-342.0,0.0,-5.0,0.0,0.0,0.0,0.0,0.0
853112.122,0.0,2285.0,2285.0,-342.75,-0.0,0.0,-342.0,0.0,-5.0,0.0,0.0,0.0,0.0,0.0
853122.123,0.0,2285.0,2285.0,-342.75,-0.0,0.0,-342.0,0.0,-5.0,0.0,0.0,0.0,0.0,0.0
853132.123,0.0,2285.0,2285.0,-342.75,-0.0,0.0,-342.0,0.0,-5.0,0.0,0.0,0.0,0.0,0.0
853142.124,0.0,2285.0,2285.0,-342.75,-0.0,0.0,-342.0,0.0,-5.0,0.0,0.0,0.0,0.0,0.0
853152.124,0.0,2285.0,2285.0,-342.75,-0.0,0.0,-342.0,0.0,-5.0,0.0,0.0,0.0,0.0,0.0
853162.125,0.0,2285.0,2285.0,-342.75,-0.0,0.0,-342.0,0.0,-5.0,0.0,0.0,0.0,0.0,0.0
853172.125,0.0,2285.0,2285.0,-342.75,-0.0,0.0,-342.0,0.0,-5.0,0.0,0.0,0.0,0.0,0.0
853183.105,0.0,2285.0,2285.0,-342.75,-0.0,0.0,-342.0,0.0,-5.0,0.0,0.0,0.0,0.0,0.0
853193.105,0.0,2285.0,2285.0,-342.75,-0.0,0.0,-342.0,0.0,-5.0,0.0,0.0,0.0,0.0,0.0
853203.105,0.0,2285.0,2285.0,-342.75,-0.0,0.0,-342.0,0.0,-5.0,0.0,0.0,0.0,0.0,0.0
853213.105,0.0,2285.0,2285.0,-342.75,-0.0,0.0,-342.0,0.0,-5.0,0.0,0.0,0.0,0.0,0.0
853223.105,0.0,2285.0,2285.0,-342.75,-0.0,0.0,-342.0,0.0,-5.0,0.0,0.0,0.0,0.0,0.0
853233.105,0.0,2285.0,2285.0,-342.75,-0.0,0.0,-342.0,0.0,-5.0,0.0,0.0,0.0,0.0,0.0
853243.105,0.0,2285.0,2285.0,-342.75,-0.0,0.0,-342.0,0.0,-5.0,0.0,0.0,0.0,0.0,0.0
853253.105,0.0,2285.0,2285.0,-342.75,-0.0,0.0,-342.0,0.0,-5.0,0.0,0.0,0.0,0.0,0.0
853263.106,0.0,2285.0,2285.0,-342.75,-0.0,0.0,-342.0,0.0,-5.0,0.0,0.0,0.0,0.0,0.0
853273.107,0.0,2285.0,2285.0,-342.75,-0.0,0.0,-342.0,0.0,-5.0,0.0,0.0,0.0,0.0,0.0
853283.108,0.0,2285.0,2285.0,-342.75,-0.0,0.0,-342.0,0.0,-5.0,0.0,0.0,0.0,0.0,0.0
853293.109,0.0,2285.0,2285.0,-342.75,-0.0,0.0,-342.0,0.0,-5.0,0.0,0.0,0.0,0.0,0.0
853304.098,0.0,2285.0,2285.0,-342.75,-0.0,0.0,-342.0,0.0,-5.0,0.0,0.0,0.0,0.0,0.0
853314.103,0.0,2285.0,2285.0,-342.75,-0.0,0.0,-342.0,0.0,-5.0,0.0,0.0,0.0,0.0,0.0
853324.104,0.0,2285.0,2285.0,-342.75,-0.0,0.0,-342.0,0.0,-5.0,0.0,0.0,0.0,0.0,0.0
853334.108,0.0,2285.0,2285.0,-342.75,-0.0,0.0,-342.0,0.0,-5.0,0.0,0.0,0.0,0.0,0.0
853344.109,0.0,2285.0,2285.0,-342.75,-0.0,0.0,-342.0,0.0,-5.0,0.0,0.0,0.0,0.0,0.0
853354.11,0.0,2285.0,2285.0,-342.75,-0.0,0.0,-342.0,0.0,-5.0,0.0,0.0,0.0,0.0,0.0
853364.111,0.0,2285.0,2285.0,-342.75,-0.0,0.0,-342.0,0.0,-5.0,0.0,0.0,0.0,0.0,0.0
853374.111,0.0,2285.0,2285.0,-342.75,-0.0,0.0,-342.0,0.0,-5.0,0.0,0.0,0.0,0.0,0.0
853384.112,0.0,2285.0,2285.0,-342.75,-0.0,0.0,-342.0,0.0,-5.0,0.0,0.0,0.0,0.0,0.0
853394.112,0.0,2285.0,2285.0,-342.75,-0.0,0.0,-342.0,0.0,-5.0,0.0,0.0,0.0,0.0,0.0
853404.112,0.0,2285.0,2285.0,-342.75,-0.0,0.0,-342.0,0.0,-5.0,0.0,0.0,0.0,0.0,0.0
853414.113,0.0,2285.0,2285.0,-342.75,-0.0,0.0,-342.0,0.0,-5.0,0.0,0.0,0.0,0.0,0.0
853424.114,0.0,2285.0,2285.0,-342.75,-0.0,0.0,-342.0,0.0,-5.0,0.0,0.0,0.0,0.0,0.0
853434.115,0.0,2285.0,2285.0,-342.75,-0.0,0.0,-342.0,0.0,-5.0,0.0,0.0,0.0,0.0,0.0
853444.116,0.0,2285.0,2285.0,-342.75,-0.0,0.0,-342.0,0.0,-5.0,0.0,0.0,0.0,0.0,0.0
853454.116,0.0,2285.0,2285.0,-342.75,-0.0,0.0,-342.0,0.0,-5.0,0.0,0.0,0.0,0.0,0.0
853464.116,0.0,2285.0,2285.0,-342.75,-0.0,0.0,-342.0,0.0,-5.0,0.0,0.0,0.0,0.0,0.0
853474.116,0.0,2285.0,2285.0,-342.75,-0.0,0.0,-342.0,0.0,-5.0,0.0,0.0,0.0,0.0,0.0
853484.116,0.0,2285.0,2285.0,-342.75,-0.0,0.0,-342.0,0.0,-5.0,0.0,0.0,0.0,0.0,0.0
853494.117,0.0,2285.0,2285.0,-342.75,-0.0,0.0,-342.0,0.0,-5.0,0.0,0.0,0.0,0.0,0.0
853504.118,0.0,2285.0,2285.0,-342.75,-0.0,0.0,-342.0,0.0,-5.0,0.0,0.0,0.0,0.0,0.0
853514.118,0.0,2285.0,2285.0,-342.75,-0.0,0.0,-342.0,0.0,-5.0,0.0,0.0,0.0,0.0,0.0
853524.119,0.0,2285.0,2285.0,-342.75,-0.0,0.0,-342.0,0.0,-5.0,0.0,0.0,0.0,0.0,0.0
853534.119,0.0,2285.0,2285.0,-342.75,-0.0,0.0,-342.0,0.0,-5.0,0.0,0.0,0.0,0.0,0.0
853544.121,0.0,2285.0,2285.0,-342.75,-0.0,0.0,-342.0,0.0,-5.0,0.0,0.0,0.0,0.0,0.0
853554.122,0.0,2285.0,2285.0,-342.75,-0.0,0.0,-342.0,0.0,-5.0,0.0,0.0,0.0,0.0,0.0
853564.123,0.0,2285.0,2285.0,-342.75,-0.0,0.0,-342.0,0.0,-5.0,0.0,0.0,0.0,0.0,0.0
853574.123,0.0,2285.0,2285.0,-342.75,-0.0,0.0,-342.0,0.0,-5.0,0.0,0.0,0.0,0.0,0.0
853584.123,0.0,2285.0,2285.0,-342.75,-0.0,0.0,-342.0,0.0,-5.0,0.0,0.0,0.0,0.0,0.0
853594.123,0.0,2285.0,2285.0,-342.75,-0.0,0.0,-342.0,0.0,-5.0,0.0,0.0,0.0,0.0,0.0
853604.123,0.0,2285.0,2285.0,-342.75,-0.0,0.0,-342.0,0.0,-5.0,0.0,0.0,0.0,0.0,0.0
853614.124,0.0,2285.0,2285.0,-342.75,-0.0,0.0,-342.0,0.0,-5.0,0.0,0.0,0.0,0.0,0.0
853624.125,0.0,2285.0,2285.0,-342.75,-0.0,0.0,-342.0,0.0,-5.0,0.0,0.0,0.0,0.0,0.0
853634.125,0.0,2285.0,2285.0,-342.75,-0.0,0.0,-342.0,0.0,-5.0,0.0,0.0,0.0,0.0,0.0
853644.126,0.0,2285.0,2285.0,-342.75,-0.0,0.0,-342.0,0.0,-5.0,0.0,0.0,0.0,0.0,0.0
853654.127,0.0,2285.0,2285.0,-342.75,-0.0,0.0,-342.0,0.0,-5.0,0.0,0.0,0.0,0.0,0.0
853664.127,0.0,2285.0,2285.0,-342.75,-0.0,0.0,-342.0,0.0,-5.0,0.0,0.0,0.0,0.0,0.0
853674.128,0.0,2285.0,2285.0,-342.75,-0.0,0.0,-342.0,0.0,-5.0,0.0,0.0,0.0,0.0,0.0
853684.129,0.0,2285.0,2285.0,-342.75,-0.0,0.0,-342.0,0.0,-5.0,0.0,0.0,0.0,0.0,0.0
853694.129,0.0,2285.0,2285.0,-342.75,-0.0,0.0,-342.0,0.0,-5.0,0.0,0.0,0.0,0.0,0.0
853704.129,0.0,2285.0,2285.0,-342.75,-0.0,0.0,-342.0,0.0,-5.0,0.0,0.0,0.0,0.0,0.0
853714.13,0.0,2285.0,2285.0,-342.75,-0.0,0.0,-342.0,0.0,-5.0,0.0,0.0,0.0,0.0,0.0
853724.13,0.0,2285.0,2285.0,-342.75,-0.0,0.0,-342.0,0.0,-5.0,0.0,0.0,0.0,0.0,0.0
853735.098,0.0,2285.0,2285.0,-342.75,-0.0,0.0,-342.0,0.0,-5.0,0.0,0.0,0.0,0.0,0.0
853745.099,0.0,2285.0,2285.0,-342.75,-0.0,0.0,-342.0,0.0,-5.0,0.0,0.0,0.0,0.0,0.0
853755.101,0.0,2285.0,2285.0,-342.75,-0.0,0.0,-342.0,0.0,-5.0,0.0,0.0,0.0,0.0,0.0
853765.102,0.0,2285.0,2285.0,-342.75,-0.0,0.0,-342.0,0.0,-5.0,0.0,0.0,0.0,0.0,0.0
853775.103,0.0,2285.0,2285.0,-342.75,-0.0,0.0,-342.0,0.0,-5.0,0.0,0.0,0.0,0.0,0.0
853785.103,0.0,2285.0,2285.0,-342.75,-0.0,0.0,-342.0,0.0,-5.0,0.0,0.0,0.0,0.0,0.0
853795.104,0.0,2285.0,2285.0,-342.75,-0.0,0.0,-342.0,0.0,-5.0,0.0,0.0,0.0,0.0,0.0
853805.105,0.0,2285.0,2285.0,-342.75,-0.0,0.0,-342.0,0.0,-5.0,0.0,0.0,0.0,0.0,0.0
853815.105,0.0,2285.0,2285.0,-342.75,-0.0,0.0,-342.0,0.0,-5.0,0.0,0.0,0.0,0.0,0.0
853825.106,0.0,2285.0,2285.0,-342.75,-0.0,0.0,-342.0,0.0,-5.0,0.0,0.0,0.0,0.0,0.0
853835.106,0.0,2285.0,2285.0,-342.75,-0.0,0.0,-342.0,0.0,-5.0,0.0,0.0,0.0,0.0,0.0
853845.107,0.0,2285.0,2285.0,-342.75,-0.0,0.0,-342.0,0.0,-5.0,0.0,0.0,0.0,0.0,0.0
853855.108,0.0,2285.0,2285.0,-342.75,-0.0,0.0,-342.0,0.0,-5.0,0.0,0.0,0.0,0.0,0.0
853865.109,0.0,2285.0,2285.0,-342.75,-0.0,0.0,-342.0,0.0,-5.0,0.0,0.0,0.0,0.0,0.0
853875.11,0.0,2285.0,2285.0,-342.75,-0.0,0.0,-342.0,0.0,-5.0,0.0,0.0,0.0,0.0,0.0
853885.11,0.0,2285.0,2285.0,-342.75,-0.0,0.0,-342.0,0.0,-5.0,0.0,0.0,0.0,0.0,0.0
853895.111,0.0,2285.0,2285.0,-342.75,-0.0,0.0,-342.0,0.0,-5.0,0.0,0.0,0.0,0.0,0.0
853906.098,0.0,2285.0,2285.0,-342.75,-0.0,0.0,-342.0,0.0,-5.0,0.0,0.0,0.0,0.0,0.0
853916.099,0.0,2285.0,2285.0,-342.75,-0.0,0.0,-342.0,0.0,-5.0,0.0,0.0,0.0,0.0,0.0
853927.098,0.0,2285.0,2285.0,-342.75,-0.0,0.0,-342.0,0.0,-5.0,0.0,0.0,0.0,0.0,0.0
853937.098,0.0,2285.0,2285.0,-342.75,-0.0,0.0,-342.0,0.0,-5.0,0.0,0.0,0.0,0.0,0.0
853947.098,0.0,2285.0,2285.0,-342.75,-0.0,0.0,-342.0,0.0,-5.0,0.0,0.0,0.0,0.0,0.0
853957.098,0.0,2285.0,2285.0,-342.75,-0.0,0.0,-342.0,0.0,-5.0,0.0,0.0,0.0,0.0,0.0
853967.099,0.0,2285.0,2285.0,-342.75,-0.0,0.0,-342.0,0.0,-5.0,0.0,0.0,0.0,0.0,0.0
853977.1,0.0,2285.0,2285.0,-342.75,-0.0,0.0,-342.0,0.0,-5.0,0.0,0.0,0.0,0.0,0.0
853987.101,0.0,2285.0,2285.0,-342.75,-0.0,0.0,-342.0,0.0,-5.0,0.0,0.0,0.0,0.0,0.0
853997.102,0.0,2285.0,2285.0,-342.75,-0.0,0.0,-342.0,0.0,-5.0,0.0,0.0,0.0,0.0,0.0
854007.102,0.0,2285.0,2285.0,-342.75,-0.0,0.0,-342.0,0.0,-5.0,0.0,0.0,0.0,0.0,0.0
854017.107,0.0,2285.0,2285.0,-342.75,-0.0,0.0,-342.0,0.0,-5.0,0.0,0.0,0.0,0.0,0.0
854027.108,0.0,2285.0,2285.0,-342.75,-0.0,0.0,-342.0,0.0,-5.0,0.0,0.0,0.0,0.0,0.0
854037.109,0.0,2285.0,2285.0,-342.75,-0.0,0.0,-342.0,0.0,-5.0,0.0,0.0,0.0,0.0,0.0
854047.11,0.0,2285.0,2285.0,-342.75,-0.0,0.0,-342.0,0.0,-5.0,0.0,0.0,0.0,0.0,0.0
854057.11,0.0,2285.0,2285.0,-342.75,-0.0,0.0,-342.0,0.0,-5.0,0.0,0.0,0.0,0.0,0.0
854068.098,0.0,2285.0,2285.0,-342.75,-0.0,0.0,-342.0,0.0,-5.0,0.0,0.0,0.0,0.0,0.0
854078.099,0.0,2285.0,2285.0,-342.75,-0.0,0.0,-342.0,0.0,-5.0,0.0,0.0,0.0,0.0,0.0
854088.1,0.0,2285.0,2285.0,-342.75,-0.0,0.0,-342.0,0.0,-5.0,0.0,0.0,0.0,0.0,0.0
854098.101,0.0,2285.0,2285.0,-342.75,-0.0,0.0,-342.0,0.0,-5.0,0.0,0.0,0.0,0.0,0.0
854108.102,0.0,2285.0,2285.0,-342.75,-0.0,0.0,-342.0,0.0,-5.0,0.0,0.0,0.0,0.0,0.0
854118.103,0.0,2285.0,2285.0,-342.75,-0.0,0.0,-342.0,0.0,-5.0,0.0,0.0,0.0,0.0,0.0
854128.103,0.0,2285.0,2285.0,-342.75,-0.0,0.0,-342.0,0.0,-5.0,0.0,0.0,0.0,0.0,0.0
854138.103,0.0,2285.0,2285.0,-342.75,-0.0,0.0,-342.0,0.0,-5.0,0.0,0.0,0.0,0.0,0.0
854148.103,0.0,2285.0,2285.0,-342.75,-0.0,0.0,-342.0,0.0,-5.0,0.0,0.0,0.0,0.0,0.0
854158.103,0.0,2285.0,2285.0,-342.75,-0.0,0.0,-342.0,0.0,-5.0,0.0,0.0,0.0,0.0,0.0
854168.104,0.0,2285.0,2285.0,-342.75,-0.0,0.0,-342.0,0.0,-5.0,0.0,0.0,0.0,0.0,0.0
854178.104,0.0,2285.0,2285.0,-342.75,-0.0,0.0,-342.0,0.0,-5.0,0.0,0.0,0.0,0.0,0.0
854188.104,0.0,2285.0,2285.0,-342.75,-0.0,0.0,-342.0,0.0,-5.0,0.0,0.0,0.0,0.0,0.0
854198.104,0.0,2285.0,2285.0,-342.75,-0.0,0.0,-342.0,0.0,-5.0,0.0,0.0,0.0,0.0,0.0
854208.104,0.0,2285.0,2285.0,-342.75,-0.0,0.0,-342.0,0.0,-5.0,0.0,0.0,0.0,0.0,0.0
854218.104,0.0,2285.0,2285.0,-342.75,-0.0,0.0,-342.0,0.0,-5.0,0.0,0.0,0.0,0.0,0.0
854228.104,0.0,2285.0,2285.0,-342.75,-0.0,0.0,-342.0,0.0,-5.0,0.0,0.0,0.0,0.0,0.0
854238.105,0.0,2285.0,2285.0,-342.75,-0.0,0.0,-342.0,0.0,-5.0,0.0,0.0,0.0,0.0,0.0
854248.106,0.0,2285.0,2285.0,-342.75,-0.0,0.0,-342.0,0.0,-5.0,0.0,0.0,0.0,0.0,0.0
854258.107,0.0,2285.0,2285.0,-342.75,-0.0,0.0,-342.0,0.0,-5.0,0.0,0.0,0.0,0.0,0.0
854268.108,0.0,2285.0,2285.0,-342.75,-0.0,0.0,-342.0,0.0,-5.0,0.0,0.0,0.0,0.0,0.0
854278.109,0.0,2285.0,2285.0,-342.75,-0.0,0.0,-342.0,0.0,-5.0,0.0,0.0,0.0,0.0,0.0
854288.11,0.0,2285.0,2285.0,-342.75,-0.0,0.0,-342.0,0.0,-5.0,0.0,0.0,0.0,0.0,0.0
854298.11,0.0,2285.0,2285.0,-342.75,-0.0,0.0,-342.0,0.0,-5.0,0.0,0.0,0.0,0.0,0.0
854308.11,0.0,2285.0,2285.0,-342.75,-0.0,0.0,-342.0,0.0,-5.0,0.0,0.0,0.0,0.0,0.0
854318.111,0.0,2285.0,2285.0,-342.75,-0.0,0.0,-342.0,0.0,-5.0,0.0,0.0,0.0,0.0,0.0
854328.111,0.0,2285.0,2285.0,-342.75,-0.0,0.0,-342.0,0.0,-5.0,0.0,0.0,0.0,0.0,0.0
854338.112,0.0,2285.0,2285.0,-342.75,-0.0,0.0,-342.0,0.0,-5.0,0.0,0.0,0.0,0.0,0.0
854348.112,0.0,2285.0,2285.0,-342.75,-0.0,0.0,-342.0,0.0,-5.0,0.0,0.0,0.0,0.0,0.0
854358.112,0.0,2285.0,2285.0,-342.75,-0.0,0.0,-342.0,0.0,-5.0,0.0,0.0,0.0,0.0,0.0
854368.113,0.0,2285.0,2285.0,-342.75,-0.0,0.0,-342.0,0.0,-5.0,0.0,0.0,0.0,0.0,0.0
854378.113,0.0,2285.0,2285.0,-342.75,-0.0,0.0,-342.0,0.0,-5.0,0.0,0.0,0.0,0.0,0.0
854388.113,0.0,2285.0,2285.0,-342.75,-0.0,0.0,-342.0,0.0,-5.0,0.0,0.0,0.0,0.0,0.0
854398.114,0.0,2285.0,2285.0,-342.75,-0.0,0.0,-342.0,0.0,-5.0,0.0,0.0,0.0,0.0,0.0
854408.115,0.0,2285.0,2285.0,-342.75,-0.0,0.0,-342.0,0.0,-5.0,0.0,0.0,0.0,0.0,0.0
854418.115,0.0,2285.0,2285.0,-342.75,-0.0,0.0,-342.0,0.0,-5.0,0.0,0.0,0.0,0.0,0.0
854428.115,0.0,2285.0,2285.0,-342.75,-0.0,0.0,-342.0,0.0,-5.0,0.0,0.0,0.0,0.0,0.0
854438.115,0.0,2285.0,2285.0,-342.75,-0.0,0.0,-342.0,0.0,-5.0,0.0,0.0,0.0,0.0,0.0
854448.115,0.0,2285.0,2285.0,-342.75,-0.0,0.0,-342.0,0.0,-5.0,0.0,0.0,0.0,0.0,0.0
854458.116,0.0,2285.0,2285.0,-342.75,-0.0,0.0,-342.0,0.0,-5.0,0.0,0.0,0.0,0.0,0.0
854468.117,0.0,2285.0,2285.0,-342.75,-0.0,0.0,-342.0,0.0,-5.0,0.0,0.0,0.0,0.0,0.0
854479.106,0.0,2285.0,2285.0,-342.75,-0.0,0.0,-342.0,0.0,-5.0,0.0,0.0,0.0,0.0,0.0
854490.098,0.0,2285.0,2285.0,-342.75,-0.0,0.0,-342.0,0.0,-5.0,0.0,0.0,0.0,0.0,0.0
854500.099,0.0,2285.0,2285.0,-342.75,-0.0,0.0,-342.0,0.0,-5.0,0.0,0.0,0.0,0.0,0.0
854510.1,0.0,2285.0,2285.0,-342.75,-0.0,0.0,-342.0,0.0,-5.0,0.0,0.0,0.0,0.0,0.0
854521.098,0.0,2285.0,2285.0,-342.75,-0.0,0.0,-342.0,0.0,-5.0,0.0,0.0,0.0,0.0,0.0
854532.098,0.0,2285.0,2285.0,-342.75,-0.0,0.0,-342.0,0.0,-5.0,0.0,0.0,0.0,0.0,0.0
854542.098,0.0,2285.0,2285.0,-342.75,-0.0,0.0,-342.0,0.0,-5.0,0.0,0.0,0.0,0.0,0.0
854552.098,0.0,2285.0,2285.0,-342.75,-0.0,0.0,-342.0,0.0,-5.0,0.0,0.0,0.0,0.0,0.0
854563.097,0.0,2285.0,2285.0,-342.75,-0.0,0.0,-342.0,0.0,-5.0,0.0,0.0,0.0,0.0,0.0
854573.098,0.0,2285.0,2285.0,-342.75,-0.0,0.0,-342.0,0.0,-5.0,0.0,0.0,0.0,0.0,0.0
854584.097,0.0,2285.0,2285.0,-342.75,-0.0,0.0,-342.0,0.0,-5.0,0.0,0.0,0.0,0.0,0.0
854594.098,0.0,2285.0,2285.0,-342.75,-0.0,0.0,-342.0,0.0,-5.0,0.0,0.0,0.0,0.0,0.0
854605.098,0.0,2285.0,2285.0,-342.75,-0.0,0.0,-342.0,0.0,-5.0,0.0,0.0,0.0,0.0,0.0
854616.098,0.0,2285.0,2285.0,-342.75,-0.0,0.0,-342.0,0.0,-5.0,0.0,0.0,0.0,0.0,0.0
854626.099,0.0,2285.0,2285.0,-342.75,-0.0,0.0,-342.0,0.0,-5.0,0.0,0.0,0.0,0.0,0.0
854636.099,0.0,2285.0,2285.0,-342.75,-0.0,0.0,-342.0,0.0,-5.0,0.0,0.0,0.0,0.0,0.0
854646.1,0.0,2285.0,2285.0,-342.75,-0.0,0.0,-342.0,0.0,-5.0,0.0,0.0,0.0,0.0,0.0
854656.101,0.0,2285.0,2285.0,-342.75,-0.0,0.0,-342.0,0.0,-5.0,0.0,0.0,0.0,0.0,0.0
854666.101,0.0,2285.0,2285.0,-342.75,-0.0,0.0,-342.0,0.0,-5.0,0.0,0.0,0.0,0.0,0.0
854676.102,0.0,2285.0,2285.0,-342.75,-0.0,0.0,-342.0,0.0,-5.0,0.0,0.0,0.0,0.0,0.0
854687.041,0.0,2285.0,2285.0,-342.75,-0.0,0.0,-342.0,0.0,-5.0,0.0,0.0,0.0,0.0,0.0
854697.041,0.0,2285.0,2285.0,-342.75,-0.0,0.0,-342.0,0.0,-5.0,0.0,0.0,0.0,0.0,0.0
854707.041,0.0,2285.0,2285.0,-342.75,-0.0,0.0,-342.0,0.0,-5.0,0.0,0.0,0.0,0.0,0.0
854717.041,0.0,2285.0,2285.0,-342.75,-0.0,0.0,-342.0,0.0,-5.0,0.0,0.0,0.0,0.0,0.0
854727.041,0.0,2285.0,2285.0,-342.75,-0.0,0.0,-342.0,0.0,-5.0,0.0,0.0,0.0,0.0,0.0
854737.041,0.0,2285.0,2285.0,-342.75,-0.0,0.0,-342.0,0.0,-5.0,0.0,0.0,0.0,0.0,0.0
854747.042,0.0,2285.0,2285.0,-342.75,-0.0,0.0,-342.0,0.0,-5.0,0.0,0.0,0.0,0.0,0.0
854757.043,0.0,2285.0,2285.0,-342.75,-0.0,0.0,-342.0,0.0,-5.0,0.0,0.0,0.0,0.0,0.0
854767.044,0.0,2285.0,2285.0,-342.75,-0.0,0.0,-342.0,0.0,-5.0,0.0,0.0,0.0,0.0,0.0
854777.045,0.0,2285.0,2285.0,-342.75,-0.0,0.0,-342.0,0.0,-5.0,0.0,0.0,0.0,0.0,0.0
854787.049,0.0,2285.0,2285.0,-342.75,-0.0,0.0,-342.0,0.0,-5.0,0.0,0.0,0.0,0.0,0.0
854797.05,0.0,2285.0,2285.0,-342.75,-0.0,0.0,-342.0,0.0,-5.0,0.0,0.0,0.0,0.0,0.0
854807.051,0.0,2285.0,2285.0,-342.75,-0.0,0.0,-342.0,0.0,-5.0,0.0,0.0,0.0,0.0,0.0
854817.051,0.0,2285.0,2285.0,-342.75,-0.0,0.0,-342.0,0.0,-5.0,0.0,0.0,0.0,0.0,0.0
854827.051,0.0,2285.0,2285.0,-342.75,-0.0,0.0,-342.0,0.0,-5.0,0.0,0.0,0.0,0.0,0.0
854837.052,0.0,2285.0,2285.0,-342.75,-0.0,0.0,-342.0,0.0,-5.0,0.0,0.0,0.0,0.0,0.0
854847.052,0.0,2285.0,2285.0,-342.75,-0.0,0.0,-342.0,0.0,-5.0,0.0,0.0,0.0,0.0,0.0
854857.053,0.0,2285.0,2285.0,-342.75,-0.0,0.0,-342.0,0.0,-5.0,0.0,0.0,0.0,0.0,0.0
854867.054,0.0,2285.0,2285.0,-342.75,-0.0,0.0,-342.0,0.0,-5.0,0.0,0.0,0.0,0.0,0.0
854877.055,0.0,2285.0,2285.0,-342.75,-0.0,0.0,-342.0,0.0,-5.0,0.0,0.0,0.0,0.0,0.0
854887.055,0.0,2285.0,2285.0,-342.75,-0.0,0.0,-342.0,0.0,-5.0,0.0,0.0,0.0,0.0,0.0
854897.056,0.0,2285.0,2285.0,-342.75,-0.0,0.0,-342.0,0.0,-5.0,0.0,0.0,0.0,0.0,0.0
854907.057,0.0,2285.0,2285.0,-342.75,-0.0,0.0,-342.0,0.0,-5.0,0.0,0.0,0.0,0.0,0.0
854917.057,0.0,2285.0,2285.0,-342.75,-0.0,0.0,-342.0,0.0,-5.0,0.0,0.0,0.0,0.0,0.0
854927.058,0.0,2285.0,2285.0,-342.75,-0.0,0.0,-342.0,0.0,-5.0,0.0,0.0,0.0,0.0,0.0
854937.059,0.0,2285.0,2285.0,-342.75,-0.0,0.0,-342.0,0.0,-5.0,0.0,0.0,0.0,0.0,0.0
854947.06,0.0,2285.0,2285.0,-342.75,-0.0,0.0,-342.0,0.0,-5.0,0.0,0.0,0.0,0.0,0.0
854957.061,0.0,2285.0,2285.0,-342.75,-0.0,0.0,-342.0,0.0,-5.0,0.0,0.0,0.0,0.0,0.0
854967.062,0.0,2285.0,2285.0,-342.75,-0.0,0.0,-342.0,0.0,-5.0,0.0,0.0,0.0,0.0,0.0
854977.063,0.0,2285.0,2285.0,-342.75,-0.0,0.0,-342.0,0.0,-5.0,0.0,0.0,0.0,0.0,0.0
854988.041,0.0,2285.0,2285.0,-342.75,-0.0,0.0,-342.0,0.0,-5.0,0.0,0.0,0.0,0.0,0.0
854998.041,0.0,2285.0,2285.0,-342.75,-0.0,0.0,-342.0,0.0,-5.0,0.0,0.0,0.0,0.0,0.0
855008.041,0.0,2285.0,2285.0,-342.75,-0.0,0.0,-342.0,0.0,-5.0,0.0,0.0,0.0,0.0,0.0
855018.041,0.0,2285.0,2285.0,-342.75,-0.0,0.0,-342.0,0.0,-5.0,0.0,0.0,0.0,0.0,0.0
855028.041,0.0,2285.0,2285.0,-342.75,-0.0,0.0,-342.0,0.0,-5.0,0.0,0.0,0.0,0.0,0.0
855038.042,0.0,2285.0,2285.0,-342.75,-0.0,0.0,-342.0,0.0,-5.0,0.0,0.0,0.0,0.0,0.0
855048.043,0.0,2285.0,2285.0,-342.75,-0.0,0.0,-342.0,0.0,-5.0,0.0,0.0,0.0,0.0,0.0
855058.043,0.0,2285.0,2285.0,-342.75,-0.0,0.0,-342.0,0.0,-5.0,0.0,0.0,0.0,0.0,0.0
855068.044,0.0,2285.0,2285.0,-342.75,-0.0,0.0,-342.0,0.0,-5.0,0.0,0.0,0.0,0.0,0.0
855078.044,0.0,2285.0,2285.0,-342.75,-0.0,0.0,-342.0,0.0,-5.0,0.0,0.0,0.0,0.0,0.0
855088.044,0.0,2285.0,2285.0,-342.75,-0.0,0.0,-342.0,0.0,-5.0,0.0,0.0,0.0,0.0,0.0
855098.045,0.0,2285.0,2285.0,-342.75,-0.0,0.0,-342.0,0.0,-5.0,0.0,0.0,0.0,0.0,0.0
855108.045,0.0,2285.0,2285.0,-342.75,-0.0,0.0,-342.0,0.0,-5.0,0.0,0.0,0.0,0.0,0.0
855118.045,0.0,2285.0,2285.0,-342.75,-0.0,0.0,-342.0,0.0,-5.0,0.0,0.0,0.0,0.0,0.0
855128.045,0.0,2285.0,2285.0,-342.75,-0.0,0.0,-342.0,0.0,-5.0,0.0,0.0,0.0,0.0,0.0
855138.045,0.0,2285.0,2285.0,-342.75,-0.0,0.0,-342.0,0.0,-5.0,0.0,0.0,0.0,0.0,0.0
855148.046,0.0,2285.0,2285.0,-342.75,-0.0,0.0,-342.0,0.0,-5.0,0.0,0.0,0.0,0.0,0.0
855158.047,0.0,2285.0,2285.0,-342.75,-0.0,0.0,-342.0,0.0,-5.0,0.0,0.0,0.0,0.0,0.0
855168.048,0.0,2285.0,2285.0,-342.75,-0.0,0.0,-342.0,0.0,-5.0,0.0,0.0,0.0,0.0,0.0
855178.048,0.0,2285.0,2285.0,-342.75,-0.0,0.0,-342.0,0.0,-5.0,0.0,0.0,0.0,0.0,0.0
855188.048,0.0,2285.0,2285.0,-342.75,-0.0,0.0,-342.0,0.0,-5.0,0.0,0.0,0.0,0.0,0.0
855198.048,0.0,2285.0,2285.0,-342.75,-0.0,0.0,-342.0,0.0,-5.0,0.0,0.0,0.0,0.0,0.0
855208.048,0.0,2285.0,2285.0,-342.75,-0.0,0.0,-342.0,0.0,-5.0,0.0,0.0,0.0,0.0,0.0
855218.049,0.0,2285.0,2285.0,-342.75,-0.0,0.0,-342.0,0.0,-5.0,0.0,0.0,0.0,0.0,0.0
855228.049,0.0,2285.0,2285.0,-342.75,-0.0,0.0,-342.0,0.0,-5.0,0.0,0.0,0.0,0.0,0.0
855238.05,0.0,2285.0,2285.0,-342.75,-0.0,0.0,-342.0,0.0,-5.0,0.0,0.0,0.0,0.0,0.0
855248.051,0.0,2285.0,2285.0,-342.75,-0.0,0.0,-342.0,0.0,-5.0,0.0,0.0,0.0,0.0,0.0
855258.052,0.0,2285.0,2285.0,-342.75,-0.0,0.0,-342.0,0.0,-5.0,0.0,0.0,0.0,0.0,0.0
855268.053,0.0,2285.0,2285.0,-342.75,-0.0,0.0,-342.0,0.0,-5.0,0.0,0.0,0.0,0.0,0.0
855278.054,0.0,2285.0,2285.0,-342.75,-0.0,0.0,-342.0,0.0,-5.0,0.0,0.0,0.0,0.0,0.0
855288.054,0.0,2285.0,2285.0,-342.75,-0.0,0.0,-342.0,0.0,-5.0,0.0,0.0,0.0,0.0,0.0
855298.055,0.0,2285.0,2285.0,-342.75,-0.0,0.0,-342.0,0.0,-5.0,0.0,0.0,0.0,0.0,0.0
855308.055,0.0,2285.0,2285.0,-342.75,-0.0,0.0,-342.0,0.0,-5.0,0.0,0.0,0.0,0.0,0.0
855318.055,0.0,2285.0,2285.0,-342.75,-0.0,0.0,-342.0,0.0,-5.0,0.0,0.0,0.0,0.0,0.0
855328.055,0.0,2285.0,2285.0,-342.75,-0.0,0.0,-342.0,0.0,-5.0,0.0,0.0,0.0,0.0,0.0
855338.055,0.0,2285.0,2285.0,-342.75,-0.0,0.0,-342.0,0.0,-5.0,0.0,0.0,0.0,0.0,0.0
855348.055,0.0,2285.0,2285.0,-342.75,-0.0,0.0,-342.0,0.0,-5.0,0.0,0.0,0.0,0.0,0.0
855358.059,0.0,2285.0,2285.0,-342.75,-0.0,0.0,-342.0,0.0,-5.0,0.0,0.0,0.0,0.0,0.0
855369.041,0.0,2285.0,2285.0,-342.75,-0.0,0.0,-342.0,0.0,-5.0,0.0,0.0,0.0,0.0,0.0
855379.041,0.0,2285.0,2285.0,-342.75,-0.0,0.0,-342.0,0.0,-5.0,0.0,0.0,0.0,0.0,0.0
855389.041,0.0,2285.0,2285.0,-342.75,-0.0,0.0,-342.0,0.0,-5.0,0.0,0.0,0.0,0.0,0.0
855399.041,0.0,2285.0,2285.0,-342.75,-0.0,0.0,-342.0,0.0,-5.0,0.0,0.0,0.0,0.0,0.0
855409.041,0.0,2285.0,2285.0,-342.75,-0.0,0.0,-342.0,0.0,-5.0,0.0,0.0,0.0,0.0,0.0
855419.043,0.0,2285.0,2285.0,-342.75,-0.0,0.0,-342.0,0.0,-5.0,0.0,0.0,0.0,0.0,0.0
855429.044,0.0,2285.0,2285.0,-342.75,-0.0,0.0,-342.0,0.0,-5.0,0.0,0.0,0.0,0.0,0.0
855439.044,0.0,2285.0,2285.0,-342.75,-0.0,0.0,-342.0,0.0,-5.0,0.0,0.0,0.0,0.0,0.0
855449.044,0.0,2285.0,2285.0,-342.75,-0.0,0.0,-342.0,0.0,-5.0,0.0,0.0,0.0,0.0,0.0
855459.045,0.0,2285.0,2285.0,-342.75,-0.0,0.0,-342.0,0.0,-5.0,0.0,0.0,0.0,0.0,0.0
855469.045,0.0,2285.0,2285.0,-342.75,-0.0,0.0,-342.0,0.0,-5.0,0.0,0.0,0.0,0.0,0.0
855479.045,0.0,2285.0,2285.0,-342.75,-0.0,0.0,-342.0,0.0,-5.0,0.0,0.0,0.0,0.0,0.0
855489.045,0.0,2285.0,2285.0,-342.75,-0.0,0.0,-342.0,0.0,-5.0,0.0,0.0,0.0,0.0,0.0
855499.045,0.0,2285.0,2285.0,-342.75,-0.0,0.0,-342.0,0.0,-5.0,0.0,0.0,0.0,0.0,0.0
855509.045,0.0,2285.0,2285.0,-342.75,-0.0,0.0,-342.0,0.0,-5.0,0.0,0.0,0.0,0.0,0.0
855520.097,0.0,2285.0,2285.0,-342.75,-0.0,0.0,-342.0,0.0,-5.0,0.0,0.0,0.0,0.0,0.0
855531.102,0.0,2285.0,2285.0,-342.75,-0.0,0.0,-342.0,0.0,-5.0,0.0,0.0,0.0,0.0,0.0
855541.107,0.0,2285.0,2285.0,-342.75,-0.0,0.0,-342.0,0.0,-5.0,0.0,0.0,0.0,0.0,0.0
855551.107,0.0,2285.0,2285.0,-342.75,-0.0,0.0,-342.0,0.0,-5.0,0.0,0.0,0.0,0.0,0.0
855561.108,0.0,2285.0,2285.0,-342.75,-0.0,0.0,-342.0,0.0,-5.0,0.0,0.0,0.0,0.0,0.0
855571.108,0.0,2285.0,2285.0,-342.75,-0.0,0.0,-342.0,0.0,-5.0,0.0,0.0,0.0,0.0,0.0
855581.108,0.0,2285.0,2285.0,-342.75,-0.0,0.0,-342.0,0.0,-5.0,0.0,0.0,0.0,0.0,0.0
855591.109,0.0,2285.0,2285.0,-342.75,-0.0,0.0,-342.0,0.0,-5.0,0.0,0.0,0.0,0.0,0.0
855601.11,0.0,2285.0,2285.0,-342.75,-0.0,0.0,-342.0,0.0,-5.0,0.0,0.0,0.0,0.0,0.0
855611.11,0.0,2285.0,2285.0,-342.75,-0.0,0.0,-342.0,0.0,-5.0,0.0,0.0,0.0,0.0,0.0
855621.11,0.0,2285.0,2285.0,-342.75,-0.0,0.0,-342.0,0.0,-5.0,0.0,0.0,0.0,0.0,0.0
855631.11,0.0,2285.0,2285.0,-342.75,-0.0,0.0,-342.0,0.0,-5.0,0.0,0.0,0.0,0.0,0.0
855641.111,0.0,2285.0,2285.0,-342.75,-0.0,0.0,-342.0,0.0,-5.0,0.0,0.0,0.0,0.0,0.0
855651.112,0.0,2285.0,2285.0,-342.75,-0.0,0.0,-342.0,0.0,-5.0,0.0,0.0,0.0,0.0,0.0
855661.113,0.0,2285.0,2285.0,-342.75,-0.0,0.0,-342.0,0.0,-5.0,0.0,0.0,0.0,0.0,0.0
855671.114,0.0,2285.0,2285.0,-342.75,-0.0,0.0,-342.0,0.0,-5.0,0.0,0.0,0.0,0.0,0.0
855681.114,0.0,2285.0,2285.0,-342.75,-0.0,0.0,-342.0,0.0,-5.0,0.0,0.0,0.0,0.0,0.0
855691.115,0.0,2285.0,2285.0,-342.75,-0.0,0.0,-342.0,0.0,-5.0,0.0,0.0,0.0,0.0,0.0
855701.116,0.0,2285.0,2285.0,-342.75,-0.0,0.0,-342.0,0.0,-5.0,0.0,0.0,0.0,0.0,0.0
855711.116,0.0,2285.0,2285.0,-342.75,-0.0,0.0,-342.0,0.0,-5.0,0.0,0.0,0.0,0.0,0.0
855721.117,0.0,2285.0,2285.0,-342.75,-0.0,0.0,-342.0,0.0,-5.0,0.0,0.0,0.0,0.0,0.0
855731.118,0.0,2285.0,2285.0,-342.75,-0.0,0.0,-342.0,0.0,-5.0,0.0,0.0,0.0,0.0,0.0
855741.119,0.0,2285.0,2285.0,-342.75,-0.0,0.0,-342.0,0.0,-5.0,0.0,0.0,0.0,0.0,0.0
855751.119,0.0,2285.0,2285.0,-342.75,-0.0,0.0,-342.0,0.0,-5.0,0.0,0.0,0.0,0.0,0.0
855761.12,0.0,2285.0,2285.0,-342.75,-0.0,0.0,-342.0,0.0,-5.0,0.0,0.0,0.0,0.0,0.0
855771.12,0.0,2285.0,2285.0,-342.75,-0.0,0.0,-342.0,0.0,-5.0,0.0,0.0,0.0,0.0,0.0
855781.121,0.0,2285.0,2285.0,-342.75,-0.0,0.0,-342.0,0.0,-5.0,0.0,0.0,0.0,0.0,0.0
855792.098,0.0,2285.0,2285.0,-342.75,-0.0,0.0,-342.0,0.0,-5.0,0.0,0.0,0.0,0.0,0.0
855802.098,0.0,2285.0,2285.0,-342.75,-0.0,0.0,-342.0,0.0,-5.0,0.0,0.0,0.0,0.0,0.0
855812.099,0.0,2285.0,2285.0,-342.75,-0.0,0.0,-342.0,0.0,-5.0,0.0,0.0,0.0,0.0,0.0
855822.104,0.0,2285.0,2285.0,-342.75,-0.0,0.0,-342.0,0.0,-5.0,0.0,0.0,0.0,0.0,0.0
855832.104,0.0,2285.0,2285.0,-342.75,-0.0,0.0,-342.0,0.0,-5.0,0.0,0.0,0.0,0.0,0.0
855842.105,0.0,2285.0,2285.0,-342.75,-0.0,0.0,-342.0,0.0,-5.0,0.0,0.0,0.0,0.0,0.0
855852.105,0.0,2285.0,2285.0,-342.75,-0.0,0.0,-342.0,0.0,-5.0,0.0,0.0,0.0,0.0,0.0
855862.105,0.0,2285.0,2285.0,-342.75,-0.0,0.0,-342.0,0.0,-5.0,0.0,0.0,0.0,0.0,0.0
855873.097,0.0,2285.0,2285.0,-342.75,-0.0,0.0,-342.0,0.0,-5.0,0.0,0.0,0.0,0.0,0.0
855883.098,0.0,2285.0,2285.0,-342.75,-0.0,0.0,-342.0,0.0,-5.0,0.0,0.0,0.0,0.0,0.0
855893.099,0.0,2285.0,2285.0,-342.75,-0.0,0.0,-342.0,0.0,-5.0,0.0,0.0,0.0,0.0,0.0
855903.1,0.0,2285.0,2285.0,-342.75,-0.0,0.0,-342.0,0.0,-5.0,0.0,0.0,0.0,0.0,0.0
855913.1,0.0,2285.0,2285.0,-342.75,-0.0,0.0,-342.0,0.0,-5.0,0.0,0.0,0.0,0.0,0.0
855923.101,0.0,2285.0,2285.0,-342.75,-0.0,0.0,-342.0,0.0,-5.0,0.0,0.0,0.0,0.0,0.0
855933.106,0.0,2285.0,2285.0,-342.75,-0.0,0.0,-342.0,0.0,-5.0,0.0,0.0,0.0,0.0,0.0
855943.106,0.0,2285.0,2285.0,-342.75,-0.0,0.0,-342.0,0.0,-5.0,0.0,0.0,0.0,0.0,0.0
855953.106,0.0,2285.0,2285.0,-342.75,-0.0,0.0,-342.0,0.0,-5.0,0.0,0.0,0.0,0.0,0.0
855963.107,0.0,2285.0,2285.0,-342.75,-0.0,0.0,-342.0,0.0,-5.0,0.0,0.0,0.0,0.0,0.0
855973.107,0.0,2285.0,2285.0,-342.75,-0.0,0.0,-342.0,0.0,-5.0,0.0,0.0,0.0,0.0,0.0
855983.108,0.0,2285.0,2285.0,-342.75,-0.0,0.0,-342.0,0.0,-5.0,0.0,0.0,0.0,0.0,0.0
855993.109,0.0,2285.0,2285.0,-342.75,-0.0,0.0,-342.0,0.0,-5.0,0.0,0.0,0.0,0.0,0.0
856003.11,0.0,2285.0,2285.0,-342.75,-0.0,0.0,-342.0,0.0,-5.0,0.0,0.0,0.0,0.0,0.0
856013.111,0.0,2285.0,2285.0,-342.75,-0.0,0.0,-342.0,0.0,-5.0,0.0,0.0,0.0,0.0,0.0
856023.111,0.0,2285.0,2285.0,-342.75,-0.0,0.0,-342.0,0.0,-5.0,0.0,0.0,0.0,0.0,0.0
856033.112,0.0,2285.0,2285.0,-342.75,-0.0,0.0,-342.0,0.0,-5.0,0.0,0.0,0.0,0.0,0.0
856043.112,0.0,2285.0,2285.0,-342.75,-0.0,0.0,-342.0,0.0,-5.0,0.0,0.0,0.0,0.0,0.0
856053.112,0.0,2285.0,2285.0,-342.75,-0.0,0.0,-342.0,0.0,-5.0,0.0,0.0,0.0,0.0,0.0
856063.113,0.0,2285.0,2285.0,-342.75,-0.0,0.0,-342.0,0.0,-5.0,0.0,0.0,0.0,0.0,0.0
856073.114,0.0,2285.0,2285.0,-342.75,-0.0,0.0,-342.0,0.0,-5.0,0.0,0.0,0.0,0.0,0.0
856083.115,0.0,2285.0,2285.0,-342.75,-0.0,0.0,-342.0,0.0,-5.0,0.0,0.0,0.0,0.0,0.0
856093.116,0.0,2285.0,2285.0,-342.75,-0.0,0.0,-342.0,0.0,-5.0,0.0,0.0,0.0,0.0,0.0
856103.117,0.0,2285.0,2285.0,-342.75,-0.0,0.0,-342.0,0.0,-5.0,0.0,0.0,0.0,0.0,0.0
856113.118,0.0,2285.0,2285.0,-342.75,-0.0,0.0,-342.0,0.0,-5.0,0.0,0.0,0.0,0.0,0.0
856123.118,0.0,2285.0,2285.0,-342.75,-0.0,0.0,-342.0,0.0,-5.0,0.0,0.0,0.0,0.0,0.0
856133.119,0.0,2285.0,2285.0,-342.75,-0.0,0.0,-342.0,0.0,-5.0,0.0,0.0,0.0,0.0,0.0
856143.119,0.0,2285.0,2285.0,-342.75,-0.0,0.0,-342.0,0.0,-5.0,0.0,0.0,0.0,0.0,0.0
856153.119,0.0,2285.0,2285.0,-342.75,-0.0,0.0,-342.0,0.0,-5.0,0.0,0.0,0.0,0.0,0.0
856163.119,0.0,2285.0,2285.0,-342.75,-0.0,0.0,-342.0,0.0,-5.0,0.0,0.0,0.0,0.0,0.0
856173.119,0.0,2285.0,2285.0,-342.75,-0.0,0.0,-342.0,0.0,-5.0,0.0,0.0,0.0,0.0,0.0
856183.119,0.0,2285.0,2285.0,-342.75,-0.0,0.0,-342.0,0.0,-5.0,0.0,0.0,0.0,0.0,0.0
856193.12,0.0,2285.0,2285.0,-342.75,-0.0,0.0,-342.0,0.0,-5.0,0.0,0.0,0.0,0.0,0.0
856203.12,0.0,2285.0,2285.0,-342.75,-0.0,0.0,-342.0,0.0,-5.0,0.0,0.0,0.0,0.0,0.0
856213.12,0.0,2285.0,2285.0,-342.75,-0.0,0.0,-342.0,0.0,-5.0,0.0,0.0,0.0,0.0,0.0
856223.121,0.0,2285.0,2285.0,-342.75,-0.0,0.0,-342.0,0.0,-5.0,0.0,0.0,0.0,0.0,0.0
856233.122,0.0,2285.0,2285.0,-342.75,-0.0,0.0,-342.0,0.0,-5.0,0.0,0.0,0.0,0.0,0.0
856243.122,0.0,2285.0,2285.0,-342.75,-0.0,0.0,-342.0,0.0,-5.0,0.0,0.0,0.0,0.0,0.0
856253.123,0.0,2285.0,2285.0,-342.75,-0.0,0.0,-342.0,0.0,-5.0,0.0,0.0,0.0,0.0,0.0
856263.124,0.0,2285.0,2285.0,-342.75,-0.0,0.0,-342.0,0.0,-5.0,0.0,0.0,0.0,0.0,0.0
856273.124,0.0,2285.0,2285.0,-342.75,-0.0,0.0,-342.0,0.0,-5.0,0.0,0.0,0.0,0.0,0.0
856283.124,0.0,2285.0,2285.0,-342.75,-0.0,0.0,-342.0,0.0,-5.0,0.0,0.0,0.0,0.0,0.0
856293.124,0.0,2285.0,2285.0,-342.75,-0.0,0.0,-342.0,0.0,-5.0,0.0,0.0,0.0,0.0,0.0
856303.125,0.0,2285.0,2285.0,-342.75,-0.0,0.0,-342.0,0.0,-5.0,0.0,0.0,0.0,0.0,0.0
856313.126,0.0,2285.0,2285.0,-342.75,-0.0,0.0,-342.0,0.0,-5.0,0.0,0.0,0.0,0.0,0.0
856323.127,0.0,2285.0,2285.0,-342.75,-0.0,0.0,-342.0,0.0,-5.0,0.0,0.0,0.0,0.0,0.0
856333.128,0.0,2285.0,2285.0,-342.75,-0.0,0.0,-342.0,0.0,-5.0,0.0,0.0,0.0,0.0,0.0
856343.128,0.0,2285.0,2285.0,-342.75,-0.0,0.0,-342.0,0.0,-5.0,0.0,0.0,0.0,0.0,0.0
856354.106,0.0,2285.0,2285.0,-342.75,-0.0,0.0,-342.0,0.0,-5.0,0.0,0.0,0.0,0.0,0.0
856364.108,0.0,2285.0,2285.0,-342.75,-0.0,0.0,-342.0,0.0,-5.0,0.0,0.0,0.0,0.0,0.0
856374.109,0.0,2285.0,2285.0,-342.75,-0.0,0.0,-342.0,0.0,-5.0,0.0,0.0,0.0,0.0,0.0
856384.109,0.0,2285.0,2285.0,-342.75,-0.0,0.0,-342.0,0.0,-5.0,0.0,0.0,0.0,0.0,0.0
856394.109,0.0,2285.0,2285.0,-342.75,-0.0,0.0,-342.0,0.0,-5.0,0.0,0.0,0.0,0.0,0.0
856404.109,0.0,2285.0,2285.0,-342.75,-0.0,0.0,-342.0,0.0,-5.0,0.0,0.0,0.0,0.0,0.0
856414.109,0.0,2285.0,2285.0,-342.75,-0.0,0.0,-342.0,0.0,-5.0,0.0,0.0,0.0,0.0,0.0
856424.109,0.0,2285.0,2285.0,-342.75,-0.0,0.0,-342.0,0.0,-5.0,0.0,0.0,0.0,0.0,0.0
856434.11,0.0,2285.0,2285.0,-342.75,-0.0,0.0,-342.0,0.0,-5.0,0.0,0.0,0.0,0.0,0.0
856444.111,0.0,2285.0,2285.0,-342.75,-0.0,0.0,-342.0,0.0,-5.0,0.0,0.0,0.0,0.0,0.0
856454.111,0.0,2285.0,2285.0,-342.75,-0.0,0.0,-342.0,0.0,-5.0,0.0,0.0,0.0,0.0,0.0
856464.112,0.0,2285.0,2285.0,-342.75,-0.0,0.0,-342.0,0.0,-5.0,0.0,0.0,0.0,0.0,0.0
856474.112,0.0,2285.0,2285.0,-342.75,-0.0,0.0,-342.0,0.0,-5.0,0.0,0.0,0.0,0.0,0.0
856484.113,0.0,2285.0,2285.0,-342.75,-0.0,0.0,-342.0,0.0,-5.0,0.0,0.0,0.0,0.0,0.0
856494.113,0.0,2285.0,2285.0,-342.75,-0.0,0.0,-342.0,0.0,-5.0,0.0,0.0,0.0,0.0,0.0
856504.113,0.0,2285.0,2285.0,-342.75,-0.0,0.0,-342.0,0.0,-5.0,0.0,0.0,0.0,0.0,0.0
856514.113,0.0,2285.0,2285.0,-342.75,-0.0,0.0,-342.0,0.0,-5.0,0.0,0.0,0.0,0.0,0.0
856524.114,0.0,2285.0,2285.0,-342.75,-0.0,0.0,-342.0,0.0,-5.0,0.0,0.0,0.0,0.0,0.0
856534.114,0.0,2285.0,2285.0,-342.75,-0.0,0.0,-342.0,0.0,-5.0,0.0,0.0,0.0,0.0,0.0
856544.115,0.0,2285.0,2285.0,-342.75,-0.0,0.0,-342.0,0.0,-5.0,0.0,0.0,0.0,0.0,0.0
856554.115,0.0,2285.0,2285.0,-342.75,-0.0,0.0,-342.0,0.0,-5.0,0.0,0.0,0.0,0.0,0.0
856564.115,1.0,2285.0,2285.0,-342.75,-0.0,0.0,-342.0,0.0,-5.0,0.0,0.0,0.0,0.0,0.0
856574.116,1.0,2285.0,2285.0,-342.75,-0.0,0.0,-342.0,0.0,-5.0,0.0,0.0,0.0,0.0,0.0
856584.117,2.0,2285.0,2285.0,-342.75,-0.0,0.0,-342.0,0.0,-5.0,0.0,0.0,0.0,0.0,0.0
856594.118,3.0,2285.0,2285.0,-342.75,-0.0,0.0,-342.0,0.0,-5.0,0.0,0.0,0.0,0.0,0.0
856604.118,4.0,2285.0,2285.0,-342.75,-0.0,0.0,-342.0,0.0,-5.0,0.0,0.0,0.0,0.0,0.0
856614.119,6.0,2285.0,2285.0,-342.75,-0.0,0.0,-342.0,0.0,-5.0,0.0,0.0,0.0,0.0,0.0
856624.12,7.0,2285.0,2285.0,-342.75,-0.0,0.0,-342.0,0.0,-5.0,0.0,0.0,0.0,0.0,0.0
856634.12,8.0,2285.0,2285.0,-342.75,-0.0,0.0,-342.0,0.0,-5.0,8.0,0.0,0.0,0.0,0.0
856644.121,9.0,2285.0,2285.0,-342.75,-0.0,0.0,-342.0,0.0,-5.0,8.0,0.0,0.0,0.0,0.0
856654.121,11.0,2285.0,2285.0,-342.75,-0.0,0.0,-342.0,0.0,-5.0,8.0,0.0,0.0,0.0,0.0
856664.121,13.0,2285.0,2285.0,-342.75,-0.0,0.0,-342.0,0.0,-5.0,8.0,0.0,0.0,0.0,0.0
856674.121,15.0,2285.0,2285.0,-342.75,-0.0,0.0,-342.0,0.0,-5.0,8.0,0.0,0.0,0.0,0.0
856684.122,17.0,2285.0,2285.0,-342.75,-0.0,0.0,-342.0,0.0,-5.0,8.0,0.0,0.0,0.0,0.0
856694.122,21.0,2285.0,2285.0,-342.75,-0.0,0.0,-342.0,0.0,-5.0,8.0,0.0,0.0,0.0,0.0
856704.122,25.0,2285.0,2285.0,-342.75,-0.0,0.0,-342.0,0.0,-5.0,8.0,0.0,0.0,0.0,0.0
856714.122,29.0,2285.0,2285.0,-342.75,-0.0,0.0,-342.0,0.0,-5.0,8.0,0.0,0.0,0.0,0.0
856724.123,34.0,2285.0,2285.0,-342.75,-0.0,0.0,-342.0,0.0,-5.0,8.0,0.0,0.0,0.0,0.0
856734.124,40.0,2285.0,2285.0,-342.75,-0.0,0.0,-342.0,0.0,-5.0,40.0,0.0,0.0,0.0,0.0
856744.125,46.0,2285.0,2285.0,-342.75,-0.0,0.0,-342.0,0.0,-5.0,40.0,0.0,0.0,0.0,0.0
856754.126,53.0,2285.0,2285.0,-342.75,-0.0,0.0,-342.0,0.0,-5.0,40.0,0.0,0.0,0.0,0.0
856764.127,60.0,2285.0,2285.0,-342.75,-0.0,0.0,-342.0,0.0,-5.0,40.0,0.0,0.0,0.0,0.0
856774.127,66.0,2285.0,2285.0,-342.75,-0.0,0.0,-342.0,0.0,-5.0,40.0,0.0,0.0,0.0,0.0
856784.128,71.0,2285.0,2285.0,-342.75,-0.0,0.0,-342.0,0.0,-5.0,40.0,0.0,0.0,0.0,0.0
856794.129,75.0,2285.0,2285.0,-342.75,-0.0,0.0,-342.0,0.0,-5.0,40.0,0.0,0.0,0.0,0.0
856804.13,79.0,2285.0,2285.0,-342.75,-0.0,0.0,-342.0,0.0,-5.0,40.0,0.0,0.0,0.0,0.0
856814.13,82.0,2285.0,2285.0,-342.75,-0.0,0.0,-342.0,0.0,-5.0,40.0,0.0,0.0,0.0,0.0
856824.131,86.0,2285.0,2285.0,-342.75,-0.0,0.0,-342.0,0.0,-5.0,40.0,0.0,0.0,0.0,0.0
856834.131,91.0,2285.0,2285.0,-342.75,-0.0,0.0,-342.0,0.0,-5.0,91.0,0.0,0.0,0.0,0.0
856844.132,98.0,2285.0,2285.0,-342.75,-0.0,0.0,-342.0,0.0,-5.0,91.0,0.0,0.0,0.0,0.0
856854.133,105.0,2285.0,2285.0,-342.75,-0.0,0.0,-342.0,0.0,-5.0,91.0,0.0,0.0,0.0,0.0
856864.134,113.0,2285.0,2285.0,-342.75,-0.0,0.0,-342.0,0.0,-5.0,91.0,0.0,0.0,0.0,0.0
856874.135,122.0,2285.0,2285.0,-342.75,-0.0,0.0,-342.0,0.0,-5.0,91.0,0.0,0.0,0.0,0.0
856884.136,131.0,2285.0,2285.0,-342.75,-0.0,0.0,-342.0,0.0,-5.0,91.0,0.0,0.0,0.0,0.0
856894.136,138.0,2285.0,2285.0,-342.75,-0.0,0.0,-342.0,0.0,-5.0,91.0,0.0,0.0,0.0,0.0
856904.136,146.0,2285.0,2285.0,-342.75,-0.0,0.0,-342.0,0.0,-5.0,91.0,0.0,0.0,0.0,0.0
856914.136,155.0,2285.0,2285.0,-342.75,-0.0,0.0,-342.0,0.0,-5.0,91.0,0.0,0.0,0.0,0.0
856924.137,163.0,2285.0,2285.0,-342.75,-0.0,0.0,-342.0,0.0,-5.0,91.0,0.0,0.0,0.0,0.0
856934.138,170.0,2285.0,2285.0,-342.75,-0.0,0.0,-342.0,0.0,-5.0,170.0,0.0,0.0,0.0,0.0
856944.139,177.0,2285.0,2285.0,-342.75,-0.0,0.0,-342.0,0.0,-5.0,170.0,0.0,0.0,0.0,0.0
856954.141,185.0,2285.0,2285.0,-342.75,-0.0,0.0,-342.0,0.0,-5.0,170.0,0.0,0.0,0.0,0.0
856964.141,194.0,2285.0,2285.0,-342.75,-0.0,0.0,-342.0,0.0,-5.0,170.0,0.0,0.0,0.0,0.0
856974.142,203.0,2285.0,2285.0,-342.75,-0.0,0.0,-342.0,0.0,-5.0,170.0,0.0,0.0,0.0,0.0
856984.143,213.0,2285.0,2285.0,-342.75,-0.0,0.0,-342.0,0.0,-5.0,170.0,0.0,0.0,0.0,0.0
856994.143,223.0,2285.0,2285.0,-342.75,-0.0,0.0,-342.0,0.0,-5.0,170.0,0.0,0.0,0.0,0.0
857004.143,232.0,2285.0,2285.0,-342.75,-0.0,0.0,-342.0,0.0,-5.0,170.0,0.0,0.0,0.0,0.0
857014.144,244.0,2285.0,2285.0,-342.75,-0.0,0.0,-342.0,0.0,-5.0,170.0,0.0,0.0,0.0,0.0
857024.145,255.0,2285.0,2285.0,-342.75,-0.0,0.0,-342.0,0.0,-5.0,170.0,0.0,0.0,0.0,0.0
857034.146,265.0,2285.0,2285.0,-342.75,-0.0,0.0,-342.0,0.0,-5.0,265.0,0.0,0.0,0.0,0.0
857044.147,274.0,2285.0,2285.0,-342.75,-0.0,0.0,-342.0,0.0,-5.0,265.0,0.0,0.0,0.0,0.0
857054.148,282.0,2285.0,2285.0,-342.75,-0.0,0.0,-342.0,0.0,-5.0,265.0,0.0,0.0,0.0,0.0
857064.148,290.0,2285.0,2285.0,-342.75,-0.0,0.0,-342.0,0.0,-5.0,265.0,0.0,0.0,0.0,0.0
857074.148,300.0,2285.0,2285.0,-342.75,-0.0,0.0,-342.0,0.0,-5.0,265.0,0.0,0.0,0.0,0.0
857084.149,309.0,2285.0,2285.0,-342.75,-0.0,0.0,-342.0,0.0,-5.0,265.0,0.0,0.0,0.0,0.0
857094.15,318.0,2285.0,2285.0,-342.75,-0.0,0.0,-342.0,0.0,-5.0,265.0,0.0,0.0,0.0,0.0
857104.15,328.0,2285.0,2285.0,-342.75,-0.0,0.0,-342.0,0.0,-5.0,265.0,0.0,0.0,0.0,0.0
857114.151,338.0,2285.0,2285.0,-342.75,-0.0,0.0,-342.0,0.0,-5.0,265.0,0.0,0.0,0.0,0.0
857124.152,350.0,2285.0,2285.0,-342.75,-0.0,0.0,-342.0,0.0,-5.0,265.0,0.0,0.0,0.0,0.0
857134.152,362.0,2285.0,2285.0,-342.75,-0.0,0.0,-342.0,0.0,-5.0,362.0,0.0,0.0,0.0,0.0
857144.152,374.0,2285.0,2285.0,-342.75,-0.0,0.0,-342.0,0.0,-5.0,362.0,0.0,0.0,0.0,0.0
857154.154,384.0,2285.0,2285.0,-342.75,-0.0,0.0,-342.0,0.0,-5.0,362.0,0.0,0.0,0.0,0.0
857164.154,395.0,2285.0,2285.0,-342.75,-0.0,0.0,-342.0,0.0,-5.0,362.0,0.0,0.0,0.0,0.0
857174.154,406.0,2285.0,2285.0,-342.75,-0.0,0.0,-342.0,0.0,-5.0,362.0,0.0,0.0,0.0,0.0
857184.155,418.0,2285.0,2285.0,-342.75,-0.0,0.0,-342.0,0.0,-5.0,362.0,0.0,0.0,0.0,0.0
857194.156,429.0,2285.0,2285.0,-342.75,-0.0,0.0,-342.0,0.0,-5.0,362.0,0.0,0.0,0.0,0.0
857204.157,441.0,2285.0,2285.0,-342.75,-0.0,0.0,-342.0,0.0,-5.0,362.0,0.0,0.0,0.0,0.0
857214.158,441.0,2285.0,2285.0,-342.75,-0.0,0.0,-342.0,0.0,-5.0,362.0,0.0,0.0,0.0,0.0
857224.159,453.0,2285.0,2285.0,-342.75,-0.0,0.0,-342.0,0.0,-5.0,362.0,0.0,0.0,0.0,0.0
857234.159,466.0,2285.0,2285.0,-342.75,-0.0,0.0,-342.0,0.0,-5.0,362.0,0.0,0.0,0.0,0.0
857244.16,478.0,2285.0,2285.0,-342.75,-0.0,0.0,-342.0,0.0,-5.0,478.0,0.0,0.0,0.0,0.0
857254.161,488.0,2285.0,2285.0,-342.75,-0.0,0.0,-342.0,0.0,-5.0,478.0,0.0,0.0,0.0,0.0
857264.161,499.0,2285.0,2285.0,-342.75,-0.0,0.0,-342.0,0.0,-5.0,478.0,0.0,0.0,0.0,0.0
857274.162,509.0,2285.0,2285.0,-342.75,-0.0,0.0,-342.0,0.0,-5.0,478.0,0.0,0.0,0.0,0.0
857284.163,520.0,2285.0,2285.0,-342.75,-0.0,0.0,-342.0,0.0,-5.0,478.0,0.0,0.0,0.0,0.0
857294.164,530.0,2285.0,2285.0,-342.75,-0.0,0.0,-342.0,0.0,-5.0,478.0,0.0,0.0,0.0,0.0
857304.165,541.0,2285.0,2285.0,-342.75,-0.0,0.0,-342.0,0.0,-5.0,478.0,0.0,0.0,0.0,0.0
857314.165,552.0,2285.0,2285.0,-342.75,-0.0,0.0,-342.0,0.0,-5.0,478.0,0.0,0.0,0.0,0.0
857324.166,561.0,2285.0,2285.0,-342.75,-0.0,0.0,-342.0,0.0,-5.0,478.0,0.0,0.0,0.0,0.0
857334.167,571.0,2285.0,2285.0,-342.75,-0.0,0.0,-342.0,0.0,-5.0,478.0,0.0,0.0,0.0,0.0
857344.168,582.0,2285.0,2285.0,-342.75,-0.0,0.0,-342.0,0.0,-5.0,582.0,0.0,0.0,0.0,0.0
857354.169,592.0,2285.0,2285.0,-342.75,-0.0,0.0,-342.0,0.0,-5.0,582.0,0.0,0.0,0.0,0.0
857364.17,603.0,2285.0,2285.0,-342.75,-0.0,0.0,-342.0,0.0,-5.0,582.0,0.0,0.0,0.0,0.0
857374.17,615.0,2285.0,2285.0,-342.75,-0.0,0.0,-342.0,0.0,-5.0,582.0,0.0,0.0,0.0,0.0
857384.171,627.0,2285.0,2285.0,-342.75,-0.0,0.0,-342.0,0.0,-5.0,582.0,0.0,0.0,0.0,0.0
857394.172,638.0,2285.0,2285.0,-342.75,-0.0,0.0,-342.0,0.0,-5.0,582.0,0.0,0.0,0.0,0.0
857404.172,650.0,2285.0,2285.0,-342.75,-0.0,0.0,-342.0,0.0,-5.0,582.0,0.0,0.0,0.0,0.0
857414.173,663.0,2285.0,2285.0,-342.75,-0.0,0.0,-342.0,0.0,-5.0,582.0,0.0,0.0,0.0,0.0
857424.174,676.0,2285.0,2285.0,-342.75,-0.0,0.0,-342.0,0.0,-5.0,582.0,0.0,0.0,0.0,0.0
857434.175,690.0,2285.0,2285.0,-342.75,-0.0,0.0,-342.0,0.0,-5.0,582.0,0.0,0.0,0.0,0.0
857444.176,704.0,2285.0,2285.0,-342.75,-0.0,0.0,-342.0,0.0,-5.0,704.0,0.0,0.0,0.0,0.0
857454.177,717.0,2285.0,2285.0,-342.75,-0.0,0.0,-342.0,0.0,-5.0,704.0,0.0,0.0,0.0,0.0
857464.178,730.0,2285.0,2285.0,-342.75,-0.0,0.0,-342.0,0.0,-5.0,704.0,0.0,0.0,0.0,0.0
857474.179,743.0,2285.0,2285.0,-342.75,-0.0,0.0,-342.0,0.0,-5.0,704.0,0.0,0.0,0.0,0.0
857484.18,757.0,2285.0,2285.0,-342.75,-0.0,0.0,-342.0,0.0,-5.0,704.0,0.0,0.0,0.0,0.0
857494.181,771.0,2285.0,2285.0,-342.75,-0.0,0.0,-342.0,0.0,-5.0,704.0,0.0,0.0,0.0,0.0
857504.182,784.0,2285.0,2285.0,-342.75,-0.0,0.0,-342.0,0.0,-5.0,704.0,0.0,0.0,0.0,0.0
857514.183,798.0,2285.0,2285.0,-342.75,-0.0,0.0,-342.0,0.0,-5.0,704.0,0.0,0.0,0.0,0.0
857524.184,811.0,2285.0,2285.0,-342.75,-0.0,0.0,-342.0,0.0,-5.0,704.0,0.0,0.0,0.0,0.0
857534.185,825.0,2285.0,2285.0,-342.75,-0.0,0.0,-342.0,0.0,-5.0,704.0,0.0,0.0,0.0,0.0
857544.185,839.0,2285.0,2285.0,-342.75,-0.0,0.0,-342.0,0.0,-5.0,839.0,0.0,0.0,0.0,0.0
857554.186,854.0,2285.0,2285.0,-342.75,-0.0,0.0,-342.0,0.0,-5.0,839.0,0.0,0.0,0.0,0.0
857564.187,869.0,2285.0,2285.0,-342.75,-0.0,0.0,-342.0,0.0,-5.0,839.0,0.0,0.0,0.0,0.0
857574.187,885.0,2285.0,2285.0,-342.75,-0.0,0.0,-342.0,0.0,-5.0,839.0,0.0,0.0,0.0,0.0
857584.187,901.0,2285.0,2285.0,-342.75,-0.0,0.0,-342.0,0.0,-5.0,839.0,0.0,0.0,0.0,0.0
857594.188,918.0,2285.0,2285.0,-342.75,-0.0,0.0,-342.0,0.0,-5.0,839.0,0.0,0.0,0.0,0.0
857604.189,935.0,2285.0,2285.0,-342.75,-0.0,0.0,-342.0,0.0,-5.0,839.0,0.0,0.0,0.0,0.0
857614.189,953.0,2285.0,2285.0,-342.75,-0.0,0.0,-342.0,0.0,-5.0,839.0,0.0,0.0,0.0,0.0
857624.19,970.0,2285.0,2285.0,-342.75,-0.0,0.0,-342.0,0.0,-5.0,839.0,0.0,0.0,0.0,0.0
857634.191,988.0,2285.0,2285.0,-342.75,-0.0,0.0,-342.0,0.0,-5.0,839.0,0.0,0.0,0.0,0.0
857644.191,1006.0,2285.0,2285.0,-342.75,-0.0,0.0,-342.0,0.0,-5.0,1006.0,0.0,0.0,0.0,0.0
857654.192,1023.0,2285.0,2285.0,-342.75,-0.0,0.0,-342.0,0.0,-5.0,1006.0,0.0,0.0,0.0,0.0
857664.193,1041.0,2285.0,2285.0,-342.75,-0.0,0.0,-342.0,0.0,-5.0,1006.0,0.0,0.0,0.0,0.0
857674.194,1060.0,2285.0,2285.0,-342.75,-0.0,0.0,-342.0,0.0,-5.0,1006.0,0.0,0.0,0.0,0.0
857684.194,1078.0,2285.0,2285.0,-342.75,-0.0,0.0,-342.0,0.0,-5.0,1006.0,0.0,0.0,0.0,0.0
857694.195,1095.0,2285.0,2285.0,-342.75,-0.0,0.0,-342.0,0.0,-5.0,1006.0,0.0,0.0,0.0,0.0
857704.196,1112.0,2285.0,2285.0,-342.75,-0.0,0.0,-342.0,0.0,-5.0,1006.0,0.0,0.0,0.0,0.0
857714.197,1129.0,2285.0,2285.0,-342.75,-0.0,0.0,-342.0,0.0,-5.0,1006.0,0.0,0.0,0.0,0.0
857724.198,1145.0,2285.0,2285.0,-342.75,-0.0,0.0,-342.0,0.0,-5.0,1006.0,0.0,0.0,0.0,0.0
857734.198,1161.0,2285.0,2285.0,-342.75,-0.0,0.0,-342.0,0.0,-5.0,1006.0,0.0,0.0,0.0,0.0
857744.199,1175.0,2285.0,2285.0,-342.75,-0.0,0.0,-342.0,0.0,-5.0,1175.0,0.0,0.0,0.0,0.0
857754.2,1189.0,2285.0,2285.0,-342.75,-0.0,0.0,-342.0,0.0,-5.0,1175.0,0.0,0.0,0.0,0.0
857764.201,1202.0,2285.0,2285.0,-342.75,-0.0,0.0,-342.0,0.0,-5.0,1175.0,0.0,0.0,0.0,0.0
857774.202,1214.0,2285.0,2285.0,-342.75,-0.0,0.0,-342.0,0.0,-5.0,1175.0,0.0,0.0,0.0,0.0
857784.202,1225.0,2285.0,2285.0,-342.75,-0.0,0.0,-342.0,0.0,-5.0,1175.0,0.0,0.0,0.0,0.0
857795.041,1236.0,2285.0,2285.0,-342.75,-0.0,0.0,-342.0,0.0,-5.0,1175.0,0.0,0.0,0.0,0.0
857805.042,1244.0,2285.0,2285.0,-342.75,-0.0,0.0,-342.0,0.0,-5.0,1175.0,0.0,0.0,0.0,0.0
857816.04,1251.0,2285.0,2285.0,-342.75,-0.0,0.0,-342.0,0.0,-5.0,1175.0,0.0,0.0,0.0,0.0
857826.041,1256.0,2285.0,2285.0,-342.75,-0.0,0.0,-342.0,0.0,-5.0,1175.0,0.0,0.0,0.0,0.0
857836.041,1260.0,2285.0,2285.0,-342.75,-0.0,0.0,-342.0,0.0,-5.0,1175.0,0.0,0.0,0.0,0.0
857846.041,1262.0,2285.0,2285.0,-342.75,-0.0,0.0,-342.0,0.0,-5.0,1262.0,0.0,0.0,0.0,0.0
857856.041,1263.0,2285.0,2285.0,-342.75,-0.0,0.0,-342.0,0.0,-5.0,1262.0,0.0,0.0,0.0,0.0
857866.041,1263.0,2285.0,2285.0,-342.75,-0.0,0.0,-342.0,0.0,-5.0,1262.0,0.0,0.0,0.0,0.0
857877.098,1263.0,2285.0,2285.0,-342.75,-0.0,0.0,-342.0,0.0,-5.0,1262.0,0.0,0.0,0.0,0.0
857887.099,1264.0,2285.0,2285.0,-342.75,-0.0,0.0,-342.0,0.0,-5.0,1262.0,0.0,0.0,0.0,0.0
857897.1,1264.0,2285.0,2285.0,-342.75,-0.0,0.0,-342.0,0.0,-5.0,1262.0,0.0,0.0,0.0,0.0
857907.101,1264.0,2285.0,2285.0,-342.75,-0.0,0.0,-342.0,0.0,-5.0,1262.0,0.0,0.0,0.0,0.0
857917.101,1264.0,2285.0,2285.0,-342.75,-0.0,0.0,-342.0,0.0,-5.0,1262.0,0.0,0.0,0.0,0.0
857927.101,1264.0,2285.0,2285.0,-342.75,-0.0,0.0,-342.0,0.0,-5.0,1262.0,0.0,0.0,0.0,0.0
857937.101,1264.0,2285.0,2285.0,-342.75,-0.0,0.0,-342.0,0.0,-5.0,1262.0,0.0,0.0,0.0,0.0
857947.101,1264.0,2285.0,2285.0,-342.75,-0.0,0.0,-342.0,0.0,-5.0,1264.0,0.0,0.0,0.0,0.0
857957.102,1264.0,2285.0,2285.0,-342.75,-0.0,0.0,-342.0,0.0,-5.0,1264.0,0.0,0.0,0.0,0.0
857967.102,1264.0,2285.0,2285.0,-342.75,-0.0,0.0,-342.0,0.0,-5.0,1264.0,0.0,0.0,0.0,0.0
857977.103,1265.0,2285.0,2285.0,-342.75,-0.0,0.0,-342.0,0.0,-5.0,1264.0,0.0,0.0,0.0,0.0
857987.104,1265.0,2285.0,2285.0,-342.75,-0.0,0.0,-342.0,0.0,-5.0,1264.0,0.0,0.0,0.0,0.0
857997.105,1265.0,2285.0,2285.0,-342.75,-0.0,0.0,-342.0,0.0,-5.0,1264.0,0.0,0.0,0.0,0.0
858007.106,1266.0,2285.0,2285.0,-342.75,-0.0,0.0,-342.0,0.0,-5.0,1264.0,0.0,0.0,0.0,0.0
858017.107,1266.0,2285.0,2285.0,-342.75,-0.0,0.0,-342.0,0.0,-5.0,1264.0,0.0,0.0,0.0,0.0
858027.108,1267.0,2285.0,2285.0,-342.75,-0.0,0.0,-342.0,0.0,-5.0,1264.0,0.0,0.0,0.0,0.0
858037.109,1267.0,2285.0,2285.0,-342.75,-0.0,0.0,-342.0,0.0,-5.0,1264.0,0.0,0.0,0.0,0.0
858047.109,1268.0,2285.0,2285.0,-342.75,-0.0,0.0,-342.0,0.0,-5.0,1268.0,0.0,0.0,0.0,0.0
858057.11,1269.0,2285.0,2285.0,-342.75,-0.0,0.0,-342.0,0.0,-5.0,1268.0,0.0,0.0,0.0,0.0
858067.111,1269.0,2285.0,2285.0,-342.75,-0.0,0.0,-342.0,0.0,-5.0,1268.0,0.0,0.0,0.0,0.0
858077.112,1270.0,2285.0,2285.0,-342.75,-0.0,0.0,-342.0,0.0,-5.0,1268.0,0.0,0.0,0.0,0.0
858088.098,1270.0,2285.0,2285.0,-342.75,-0.0,0.0,-342.0,0.0,-5.0,1268.0,0.0,0.0,0.0,0.0
858098.099,1270.0,2285.0,2285.0,-342.75,-0.0,0.0,-342.0,0.0,-5.0,1268.0,0.0,0.0,0.0,0.0
858108.099,1271.0,2285.0,2285.0,-342.75,-0.0,0.0,-342.0,0.0,-5.0,1268.0,0.0,0.0,0.0,0.0
858118.1,1271.0,2285.0,2285.0,-342.75,-0.0,0.0,-342.0,0.0,-5.0,1268.0,0.0,0.0,0.0,0.0
858128.101,1271.0,2285.0,2285.0,-342.75,-0.0,0.0,-342.0,0.0,-5.0,1268.0,0.0,0.0,0.0,0.0
858138.101,1273.0,2285.0,2285.0,-342.75,-0.0,0.0,-342.0,0.0,-5.0,1268.0,0.0,0.0,0.0,0.0
858148.102,1276.0,2285.0,2285.0,-342.75,-0.0,0.0,-342.0,0.0,-5.0,1276.0,0.0,0.0,0.0,0.0
858159.098,1280.0,2285.0,2285.0,-342.75,-0.0,0.0,-342.0,0.0,-5.0,1276.0,0.0,0.0,0.0,0.0
858169.099,1287.0,2285.0,2285.0,-342.75,-0.0,0.0,-342.0,0.0,-5.0,1276.0,0.0,0.0,0.0,0.0
858179.1,1296.0,2285.0,2285.0,-342.75,-0.0,0.0,-342.0,0.0,-5.0,1276.0,0.0,0.0,0.0,0.0
858189.101,1305.0,2285.0,2285.0,-342.75,-0.0,0.0,-342.0,0.0,-5.0,1276.0,0.0,0.0,0.0,0.0
858199.102,1314.0,2285.0,2285.0,-342.75,-0.0,0.0,-342.0,0.0,-5.0,1276.0,0.0,0.0,0.0,0.0
858209.103,1325.0,2285.0,2285.0,-342.75,-0.0,0.0,-342.0,0.0,-5.0,1276.0,0.0,0.0,0.0,0.0
858219.104,1337.0,2285.0,2285.0,-342.75,-0.0,0.0,-342.0,0.0,-5.0,1276.0,0.0,0.0,0.0,0.0
858229.105,1349.0,2285.0,2285.0,-342.75,-0.0,0.0,-342.0,0.0,-5.0,1276.0,0.0,0.0,0.0,0.0
858239.106,1361.0,2285.0,2285.0,-342.75,-0.0,0.0,-342.0,0.0,-5.0,1276.0,0.0,0.0,0.0,0.0
858249.106,1375.0,2285.0,2285.0,-342.75,-0.0,0.0,-342.0,0.0,-5.0,1375.0,0.0,0.0,0.0,0.0
858259.106,1388.0,2285.0,2285.0,-342.75,-0.0,0.0,-342.0,0.0,-5.0,1375.0,0.0,0.0,0.0,0.0
858269.107,1402.0,2285.0,2285.0,-342.75,-0.0,0.0,-342.0,0.0,-5.0,1375.0,0.0,0.0,0.0,0.0
858279.107,1417.0,2285.0,2285.0,-342.75,-0.0,0.0,-342.0,0.0,-5.0,1375.0,0.0,0.0,0.0,0.0
858289.108,1433.0,2285.0,2285.0,-342.75,-0.0,0.0,-342.0,0.0,-5.0,1375.0,0.0,0.0,0.0,0.0
858299.108,1448.0,2285.0,2285.0,-342.75,-0.0,0.0,-342.0,0.0,-5.0,1375.0,0.0,0.0,0.0,0.0
858309.108,1463.0,2285.0,2285.0,-342.75,-0.0,0.0,-342.0,0.0,-5.0,1375.0,0.0,0.0,0.0,0.0
858319.109,1480.0,2285.0,2285.0,-342.75,-0.0,0.0,-342.0,0.0,-5.0,1375.0,0.0,0.0,0.0,0.0
858329.11,1498.0,2285.0,2285.0,-342.75,-0.0,0.0,-342.0,0.0,-5.0,1375.0,0.0,0.0,0.0,0.0
858340.098,1517.0,2285.0,2285.0,-342.75,-0.0,0.0,-342.0,0.0,-5.0,1375.0,0.0,0.0,0.0,0.0
858350.099,1535.0,2285.0,2285.0,-342.75,-0.0,0.0,-342.0,0.0,-5.0,1535.0,0.0,0.0,0.0,0.0
858361.098,1554.0,2285.0,2285.0,-342.75,-0.0,0.0,-342.0,0.0,-5.0,1535.0,0.0,0.0,0.0,0.0
858371.098,1573.0,2285.0,2285.0,-342.75,-0.0,0.0,-342.0,0.0,-5.0,1535.0,0.0,0.0,0.0,0.0
858381.098,1592.0,2285.0,2285.0,-342.75,-0.0,0.0,-342.0,0.0,-5.0,1535.0,0.0,0.0,0.0,0.0
858391.099,1611.0,2285.0,2285.0,-342.75,-0.0,0.0,-342.0,0.0,-5.0,1535.0,0.0,0.0,0.0,0.0
858401.1,1630.0,2285.0,2285.0,-342.75,-0.0,0.0,-342.0,0.0,-5.0,1535.0,0.0,0.0,0.0,0.0
858411.101,1649.0,2285.0,2285.0,-342.75,-0.0,0.0,-342.0,0.0,-5.0,1535.0,0.0,0.0,0.0,0.0
858421.102,1668.0,2285.0,2285.0,-342.75,-0.0,0.0,-342.0,0.0,-5.0,1535.0,0.0,0.0,0.0,0.0
858431.102,1687.0,2285.0,2285.0,-342.75,-0.0,0.0,-342.0,0.0,-5.0,1535.0,0.0,0.0,0.0,0.0
858441.103,1707.0,2285.0,2285.0,-342.75,-0.0,0.0,-342.0,0.0,-5.0,1535.0,0.0,0.0,0.0,0.0
858451.104,1726.0,2285.0,2285.0,-342.75,-0.0,0.0,-342.0,0.0,-5.0,1726.0,0.0,0.0,0.0,0.0
858461.105,1745.0,2285.0,2285.0,-342.75,-0.0,0.0,-342.0,0.0,-5.0,1726.0,0.0,0.0,0.0,0.0
858471.105,1764.0,2285.0,2285.0,-342.75,-0.0,0.0,-342.0,0.0,-5.0,1726.0,0.0,0.0,0.0,0.0
858481.105,1784.0,2285.0,2285.0,-342.75,-0.0,0.0,-342.0,0.0,-5.0,1726.0,0.0,0.0,0.0,0.0
858491.106,1804.0,2285.0,2285.0,-342.75,-0.0,0.0,-342.0,0.0,-5.0,1726.0,0.0,0.0,0.0,0.0
858501.106,1823.0,2285.0,2285.0,-342.75,-0.0,0.0,-342.0,0.0,-5.0,1726.0,0.0,0.0,0.0,0.0
858512.098,1841.0,2285.0,2285.0,-342.75,-0.0,0.0,-342.0,0.0,-5.0,1726.0,0.0,0.0,0.0,0.0
858522.098,1859.0,2285.0,2285.0,-342.75,-0.0,0.0,-342.0,0.0,-5.0,1726.0,0.0,0.0,0.0,0.0
858532.099,1874.0,2285.0,2285.0,-342.75,-0.0,0.0,-342.0,0.0,-5.0,1726.0,0.0,0.0,0.0,0.0
858542.1,1889.0,2285.0,2285.0,-342.75,-0.0,0.0,-342.0,0.0,-5.0,1726.0,0.0,0.0,0.0,0.0
858552.1,1902.0,2285.0,2285.0,-342.75,-0.0,0.0,-342.0,0.0,-5.0,1902.0,0.0,0.0,0.0,0.0
858562.101,1914.0,2285.0,2285.0,-342.75,-0.0,0.0,-342.0,0.0,-5.0,1902.0,0.0,0.0,0.0,0.0
858572.101,1921.0,2285.0,2285.0,-342.75,-0.0,0.0,-342.0,0.0,-5.0,1902.0,0.0,0.0,0.0,0.0
858582.102,1926.0,2285.0,2285.0,-342.75,-0.0,0.0,-342.0,0.0,-5.0,1902.0,0.0,0.0,0.0,0.0
858592.102,1930.0,2285.0,2285.0,-342.75,-0.0,0.0,-342.0,0.0,-5.0,1902.0,0.0,0.0,0.0,0.0
858602.102,1933.0,2285.0,2285.0,-342.75,-0.0,0.0,-342.0,0.0,-5.0,1902.0,0.0,0.0,0.0,0.0
858612.103,1934.0,2285.0,2285.0,-342.75,-0.0,0.0,-342.0,0.0,-5.0,1902.0,0.0,0.0,0.0,0.0
858622.103,1935.0,2285.0,2285.0,-342.75,-0.0,0.0,-342.0,0.0,-5.0,1902.0,0.0,0.0,0.0,0.0
858632.103,1935.0,2285.0,2285.0,-342.75,-0.0,0.0,-342.0,0.0,-5.0,1902.0,0.0,0.0,0.0,0.0
858642.103,1936.0,2285.0,2285.0,-342.75,-0.0,0.0,-342.0,0.0,-5.0,1902.0,0.0,0.0,0.0,0.0
858652.104,1935.0,2285.0,2285.0,-342.75,-0.0,0.0,-342.0,0.0,-5.0,1935.0,0.0,0.0,0.0,0.0
858662.104,1936.0,2285.0,2285.0,-342.75,-0.0,0.0,-342.0,0.0,-5.0,1935.0,0.0,0.0,0.0,0.0
858672.104,1936.0,2285.0,2285.0,-342.75,-0.0,0.0,-342.0,0.0,-5.0,1935.0,0.0,0.0,0.0,0.0
858682.105,1936.0,2285.0,2285.0,-342.75,-0.0,0.0,-342.0,0.0,-5.0,1935.0,0.0,0.0,0.0,0.0
858692.105,1936.0,2285.0,2285.0,-342.75,-0.0,0.0,-342.0,0.0,-5.0,1935.0,0.0,0.0,0.0,0.0
858702.106,1936.0,2285.0,2285.0,-342.75,-0.0,0.0,-342.0,0.0,-5.0,1935.0,0.0,0.0,0.0,0.0
858712.106,1936.0,2285.0,2285.0,-342.75,-0.0,0.0,-342.0,0.0,-5.0,1935.0,0.0,0.0,0.0,0.0
858722.107,1935.0,2285.0,2285.0,-342.75,-0.0,0.0,-342.0,0.0,-5.0,1935.0,0.0,0.0,0.0,0.0
858732.107,1936.0,2285.0,2285.0,-342.75,-0.0,0.0,-342.0,0.0,-5.0,1935.0,0.0,0.0,0.0,0.0
858742.108,1936.0,2285.0,2285.0,-342.75,-0.0,0.0,-342.0,0.0,-5.0,1935.0,0.0,0.0,0.0,0.0
858752.108,1936.0,2285.0,2285.0,-342.75,-0.0,0.0,-342.0,0.0,-5.0,1936.0,0.0,0.0,0.0,0.0
858762.109,1936.0,2285.0,2285.0,-342.75,-0.0,0.0,-342.0,0.0,-5.0,1936.0,0.0,0.0,0.0,0.0
858772.11,1936.0,2285.0,2285.0,-342.75,-0.0,0.0,-342.0,0.0,-5.0,1936.0,0.0,0.0,0.0,0.0
858782.111,1936.0,2285.0,2285.0,-342.75,-0.0,0.0,-342.0,0.0,-5.0,1936.0,0.0,0.0,0.0,0.0
858792.112,1936.0,2285.0,2285.0,-342.75,-0.0,0.0,-342.0,0.0,-5.0,1936.0,0.0,0.0,0.0,0.0
858802.113,1936.0,2285.0,2285.0,-342.75,-0.0,0.0,-342.0,0.0,-5.0,1936.0,0.0,0.0,0.0,0.0
858812.113,1937.0,2285.0,2285.0,-342.75,-0.0,0.0,-342.0,0.0,-5.0,1936.0,0.0,0.0,0.0,0.0
858822.114,1938.0,2285.0,2285.0,-342.75,-0.0,0.0,-342.0,0.0,-5.0,1936.0,0.0,0.0,0.0,0.0
858832.115,1940.0,2285.0,2285.0,-342.75,-0.0,0.0,-342.0,0.0,-5.0,1936.0,0.0,0.0,0.0,0.0
858843.097,1944.0,2285.0,2285.0,-342.75,-0.0,0.0,-342.0,0.0,-5.0,1936.0,0.0,0.0,0.0,0.0
858853.097,1949.0,2285.0,2285.0,-342.75,-0.0,0.0,-342.0,0.0,-5.0,1949.0,0.0,0.0,0.0,0.0
858863.098,1956.0,2285.0,2285.0,-342.75,-0.0,0.0,-342.0,0.0,-5.0,1949.0,0.0,0.0,0.0,0.0
858873.099,1965.0,2285.0,2285.0,-342.75,-0.0,0.0,-342.0,0.0,-5.0,1949.0,0.0,0.0,0.0,0.0
858883.1,1975.0,2285.0,2285.0,-342.75,-0.0,0.0,-342.0,0.0,-5.0,1949.0,0.0,0.0,0.0,0.0
858893.101,1987.0,2285.0,2285.0,-342.75,-0.0,0.0,-342.0,0.0,-5.0,1949.0,0.0,0.0,0.0,0.0
858903.101,1998.0,2285.0,2285.0,-342.75,-0.0,0.0,-342.0,0.0,-5.0,1949.0,0.0,0.0,0.0,0.0
858913.102,2010.0,2285.0,2285.0,-342.75,-0.0,0.0,-342.0,0.0,-5.0,1949.0,0.0,0.0,0.0,0.0
858923.103,2024.0,2285.0,2285.0,-342.75,-0.0,0.0,-342.0,0.0,-5.0,1949.0,0.0,0.0,0.0,0.0
858933.104,2038.0,2285.0,2285.0,-342.75,-0.0,0.0,-342.0,0.0,-5.0,1949.0,0.0,0.0,0.0,0.0
858943.105,2054.0,2285.0,2285.0,-342.75,-0.0,0.0,-342.0,0.0,-5.0,1949.0,0.0,0.0,0.0,0.0
858953.106,2070.0,2285.0,2285.0,-342.75,-0.0,0.0,-342.0,0.0,-5.0,2070.0,0.0,0.0,0.0,0.0
858963.106,2086.0,2285.0,2285.0,-342.75,-0.0,0.0,-342.0,0.0,-5.0,2070.0,0.0,0.0,0.0,0.0
858973.107,2102.0,2285.0,2285.0,-342.75,-0.0,0.0,-342.0,0.0,-5.0,2070.0,0.0,0.0,0.0,0.0
858983.107,2119.0,2285.0,2285.0,-342.75,-0.0,0.0,-342.0,0.0,-5.0,2070.0,0.0,0.0,0.0,0.0
858994.098,2137.0,2285.0,2285.0,-342.75,-0.0,0.0,-342.0,0.0,-5.0,2070.0,0.0,0.0,0.0,0.0
859004.099,2153.0,2285.0,2285.0,-342.75,-0.0,0.0,-342.0,0.0,-5.0,2070.0,0.0,0.0,0.0,0.0
859014.1,2169.0,2285.0,2285.0,-342.75,-0.0,0.0,-342.0,0.0,-5.0,2070.0,0.0,0.0,0.0,0.0
859024.1,2187.0,2285.0,2285.0,-342.75,-0.0,0.0,-342.0,0.0,-5.0,2070.0,0.0,0.0,0.0,0.0
859034.101,2204.0,2285.0,2285.0,-342.75,-0.0,0.0,-342.0,0.0,-5.0,2070.0,0.0,0.0,0.0,0.0
859044.102,2220.0,2285.0,2285.0,-342.75,-0.0,0.0,-342.0,0.0,-5.0,2070.0,0.0,0.0,0.0,0.0
859054.103,2237.0,2285.0,2285.0,-342.75,-0.0,0.0,-342.0,0.0,-5.0,2237.0,0.0,0.0,0.0,0.0
859064.104,2253.0,2285.0,2285.0,-342.75,-0.0,0.0,-342.0,0.0,-5.0,2237.0,0.0,0.0,0.0,0.0
859074.105,2269.0,2285.0,2285.0,-342.75,-0.0,0.0,-342.0,0.0,-5.0,2237.0,0.0,0.0,0.0,0.0
859084.106,2284.0,2285.0,2285.0,-342.75,-0.0,0.0,-342.0,0.0,-5.0,2237.0,0.0,0.0,0.0,0.0
859094.106,2298.0,2285.0,2285.0,-342.75,-0.0,0.0,-342.0,0.0,-5.0,2237.0,0.0,0.0,0.0,0.0
859104.106,2313.0,2285.0,2285.0,-342.75,-0.0,0.0,-342.0,0.0,-5.0,2237.0,0.0,0.0,0.0,0.0
859114.106,2327.0,2285.0,2285.0,-342.75,-0.0,0.0,-342.0,0.0,-5.0,2237.0,0.0,0.0,0.0,0.0
859124.107,2342.0,2285.0,2285.0,-342.75,-0.0,0.0,-342.0,0.0,-5.0,2237.0,0.0,0.0,0.0,0.0
859134.108,2356.0,2285.0,2285.0,-342.75,-0.0,0.0,-342.0,0.0,-5.0,2237.0,0.0,0.0,0.0,0.0
859144.109,2370.0,2285.0,2285.0,-342.75,-0.0,0.0,-342.0,0.0,-5.0,2237.0,0.0,0.0,0.0,0.0
859154.11,2385.0,2285.0,2285.0,-342.75,-0.0,0.0,-342.0,0.0,-5.0,2385.0,0.0,0.0,0.0,0.0
859164.111,2399.0,2285.0,2285.0,-342.75,-0.0,0.0,-342.0,0.0,-5.0,2385.0,0.0,0.0,0.0,0.0
859174.112,2414.0,2285.0,2285.0,-342.75,-0.0,0.0,-342.0,0.0,-5.0,2385.0,0.0,0.0,0.0,0.0
859184.112,2429.0,2285.0,2285.0,-342.75,-0.0,0.0,-342.0,0.0,-5.0,2385.0,0.0,0.0,0.0,0.0
859194.113,2442.0,2285.0,2285.0,-342.75,-0.0,0.0,-342.0,0.0,-5.0,2385.0,0.0,0.0,0.0,0.0
859204.114,2454.0,2285.0,2285.0,-342.75,-0.0,0.0,-342.0,0.0,-5.0,2385.0,0.0,0.0,0.0,0.0
859214.115,2467.0,2285.0,2285.0,-342.75,-0.0,0.0,-342.0,0.0,-5.0,2385.0,0.0,0.0,0.0,0.0
859224.116,2478.0,2285.0,2285.0,-342.75,-0.0,0.0,-342.0,0.0,-5.0,2385.0,0.0,0.0,0.0,0.0
859235.106,2489.0,2285.0,2285.0,-342.75,-0.0,0.0,-342.0,0.0,-5.0,2385.0,0.0,0.0,0.0,0.0
859245.106,2500.0,2285.0,2285.0,-342.75,-0.0,0.0,-342.0,0.0,-5.0,2385.0,0.0,0.0,0.0,0.0
859255.106,2508.0,2285.0,2285.0,-342.75,-0.0,0.0,-342.0,0.0,-5.0,2508.0,0.0,0.0,0.0,0.0
859265.106,2514.0,2285.0,2285.0,-342.75,-0.0,0.0,-342.0,0.0,-5.0,2508.0,0.0,0.0,0.0,0.0
859275.107,2519.0,2285.0,2285.0,-342.75,-0.0,0.0,-342.0,0.0,-5.0,2508.0,0.0,0.0,0.0,0.0
859285.107,2523.0,2285.0,2285.0,-342.75,-0.0,0.0,-342.0,0.0,-5.0,2508.0,0.0,0.0,0.0,0.0
859295.107,2525.0,2285.0,2285.0,-342.75,-0.0,0.0,-342.0,0.0,-5.0,2508.0,0.0,0.0,0.0,0.0
859305.108,2526.0,2285.0,2285.0,-342.75,-0.0,0.0,-342.0,0.0,-5.0,2508.0,0.0,0.0,0.0,0.0
859315.109,2526.0,2285.0,2285.0,-342.75,-0.0,0.0,-342.0,0.0,-5.0,2508.0,0.0,0.0,0.0,0.0
859325.109,2527.0,2285.0,2285.0,-342.75,-0.0,0.0,-342.0,0.0,-5.0,2508.0,0.0,0.0,0.0,0.0
859335.109,2527.0,2285.0,2285.0,-342.75,-0.0,0.0,-342.0,0.0,-5.0,2508.0,0.0,0.0,0.0,0.0
859345.109,2527.0,2285.0,2285.0,-342.75,-0.0,0.0,-342.0,0.0,-5.0,2508.0,0.0,0.0,0.0,0.0
859356.102,2527.0,2285.0,2285.0,-342.75,-0.0,0.0,-342.0,0.0,-5.0,2527.0,0.0,0.0,0.0,0.0
859366.103,2527.0,2285.0,2285.0,-342.75,-0.0,0.0,-342.0,0.0,-5.0,2527.0,0.0,0.0,0.0,0.0
859376.104,2527.0,2285.0,2285.0,-342.75,-0.0,0.0,-342.0,0.0,-5.0,2527.0,0.0,0.0,0.0,0.0
859386.105,2527.0,2285.0,2285.0,-342.75,-0.0,0.0,-342.0,0.0,-5.0,2527.0,0.0,0.0,0.0,0.0
859396.106,2527.0,2285.0,2285.0,-342.75,-0.0,0.0,-342.0,0.0,-5.0,2527.0,0.0,0.0,0.0,0.0
859406.107,2527.0,2285.0,2285.0,-342.75,-0.0,0.0,-342.0,0.0,-5.0,2527.0,0.0,0.0,0.0,0.0
859416.108,2527.0,2285.0,2285.0,-342.75,-0.0,0.0,-342.0,0.0,-5.0,2527.0,0.0,0.0,0.0,0.0
859426.109,2527.0,2285.0,2285.0,-342.75,-0.0,0.0,-342.0,0.0,-5.0,2527.0,0.0,0.0,0.0,0.0
859436.109,2527.0,2285.0,2285.0,-342.75,-0.0,0.0,-342.0,0.0,-5.0,2527.0,0.0,0.0,0.0,0.0
859446.109,2527.0,2285.0,2285.0,-342.75,-0.0,0.0,-342.0,0.0,-5.0,2527.0,0.0,0.0,0.0,0.0
859457.098,2527.0,2285.0,2285.0,-342.75,-0.0,0.0,-342.0,0.0,-5.0,2527.0,0.0,0.0,0.0,0.0
859467.099,2527.0,2285.0,2285.0,-342.75,-0.0,0.0,-342.0,0.0,-5.0,2527.0,0.0,0.0,0.0,0.0
859477.1,2527.0,2285.0,2285.0,-342.75,-0.0,0.0,-342.0,0.0,-5.0,2527.0,0.0,0.0,0.0,0.0
859488.098,2527.0,2285.0,2285.0,-342.75,-0.0,0.0,-342.0,0.0,-5.0,2527.0,0.0,0.0,0.0,0.0
859498.098,2527.0,2285.0,2285.0,-342.75,-0.0,0.0,-342.0,0.0,-5.0,2527.0,0.0,0.0,0.0,0.0
859508.099,2527.0,2285.0,2285.0,-342.75,-0.0,0.0,-342.0,0.0,-5.0,2527.0,0.0,0.0,0.0,0.0
859518.1,2527.0,2285.0,2285.0,-342.75,-0.0,0.0,-342.0,0.0,-5.0,2527.0,0.0,0.0,0.0,0.0
859528.101,2527.0,2285.0,2285.0,-342.75,-0.0,0.0,-342.0,0.0,-5.0,2527.0,0.0,0.0,0.0,0.0
859538.101,2527.0,2285.0,2285.0,-342.75,-0.0,0.0,-342.0,0.0,-5.0,2527.0,0.0,0.0,0.0,0.0
859548.101,2527.0,2285.0,2285.0,-342.75,-0.0,0.0,-342.0,0.0,-5.0,2527.0,0.0,0.0,0.0,0.0
859558.101,2527.0,2285.0,2285.0,-342.75,-0.0,0.0,-342.0,0.0,-5.0,2527.0,0.0,0.0,0.0,0.0
859568.102,2527.0,2285.0,2285.0,-342.75,-0.0,0.0,-342.0,0.0,-5.0,2527.0,0.0,0.0,0.0,0.0
859578.102,2527.0,2285.0,2285.0,-342.75,-0.0,0.0,-342.0,0.0,-5.0,2527.0,0.0,0.0,0.0,0.0
859588.102,2527.0,2285.0,2285.0,-342.75,-0.0,0.0,-342.0,0.0,-5.0,2527.0,0.0,0.0,0.0,0.0
859598.103,2527.0,2285.0,2285.0,-342.75,-0.0,0.0,-342.0,0.0,-5.0,2527.0,0.0,0.0,0.0,0.0
859608.103,2527.0,2285.0,2285.0,-342.75,-0.0,0.0,-342.0,0.0,-5.0,2527.0,0.0,0.0,0.0,0.0
859618.103,2527.0,2285.0,2285.0,-342.75,-0.0,0.0,-342.0,0.0,-5.0,2527.0,0.0,0.0,0.0,0.0
859628.103,2527.0,2285.0,2285.0,-342.75,-0.0,0.0,-342.0,0.0,-5.0,2527.0,0.0,0.0,0.0,0.0
859638.104,2527.0,2285.0,2285.0,-342.75,-0.0,0.0,-342.0,0.0,-5.0,2527.0,0.0,0.0,0.0,0.0
859648.104,2527.0,2285.0,2285.0,-342.75,-0.0,0.0,-342.0,0.0,-5.0,2527.0,0.0,0.0,0.0,0.0
859658.105,2527.0,2285.0,2285.0,-342.75,-0.0,0.0,-342.0,0.0,-5.0,2527.0,0.0,0.0,0.0,0.0
859668.106,2527.0,2285.0,2285.0,-342.75,-0.0,0.0,-342.0,0.0,-5.0,2527.0,0.0,0.0,0.0,0.0
859678.106,2527.0,2285.0,2285.0,-342.75,-0.0,0.0,-342.0,0.0,-5.0,2527.0,0.0,0.0,0.0,0.0
859688.106,2527.0,2285.0,2285.0,-342.75,-0.0,0.0,-342.0,0.0,-5.0,2527.0,0.0,0.0,0.0,0.0
859698.107,2527.0,2285.0,2285.0,-342.75,-0.0,0.0,-342.0,0.0,-5.0,2527.0,0.0,0.0,0.0,0.0
859708.108,2527.0,2285.0,2285.0,-342.75,-0.0,0.0,-342.0,0.0,-5.0,2527.0,0.0,0.0,0.0,0.0
859718.109,2527.0,2285.0,2285.0,-342.75,-0.0,0.0,-342.0,0.0,-5.0,2527.0,0.0,0.0,0.0,0.0
859728.109,2527.0,2285.0,2285.0,-342.75,-0.0,0.0,-342.0,0.0,-5.0,2527.0,0.0,0.0,0.0,0.0
859738.11,2527.0,2285.0,2285.0,-342.75,-0.0,0.0,-342.0,0.0,-5.0,2527.0,0.0,0.0,0.0,0.0
859748.11,2527.0,2285.0,2285.0,-342.75,-0.0,0.0,-342.0,0.0,-5.0,2527.0,0.0,0.0,0.0,0.0
859758.111,2527.0,2285.0,2285.0,-342.75,-0.0,0.0,-342.0,0.0,-5.0,2527.0,0.0,0.0,0.0,0.0
859768.112,2527.0,2285.0,2285.0,-342.75,-0.0,0.0,-342.0,0.0,-5.0,2527.0,0.0,0.0,0.0,0.0
859778.113,2527.0,2285.0,2285.0,-342.75,-0.0,0.0,-342.0,0.0,-5.0,2527.0,0.0,0.0,0.0,0.0
859788.113,2527.0,2285.0,2285.0,-342.75,-0.0,0.0,-342.0,0.0,-5.0,2527.0,0.0,0.0,0.0,0.0
859798.113,2527.0,2285.0,2285.0,-342.75,-0.0,0.0,-342.0,0.0,-5.0,2527.0,0.0,0.0,0.0,0.0
859808.113,2527.0,2285.0,2285.0,-342.75,-0.0,0.0,-342.0,0.0,-5.0,2527.0,0.0,0.0,0.0,0.0
859818.113,2527.0,2285.0,2285.0,-342.75,-0.0,0.0,-342.0,0.0,-5.0,2527.0,0.0,0.0,0.0,0.0
859828.114,2527.0,2285.0,2285.0,-342.75,-0.0,0.0,-342.0,0.0,-5.0,2527.0,0.0,0.0,0.0,0.0
859838.115,2527.0,2285.0,2285.0,-342.75,-0.0,0.0,-342.0,0.0,-5.0,2527.0,0.0,0.0,0.0,0.0
859848.116,2527.0,2285.0,2285.0,-342.75,-0.0,0.0,-342.0,0.0,-5.0,2527.0,0.0,0.0,0.0,0.0
859858.118,2527.0,2285.0,2285.0,-342.75,-0.0,0.0,-342.0,0.0,-5.0,2527.0,0.0,0.0,0.0,0.0
859868.119,2527.0,2285.0,2285.0,-342.75,-0.0,0.0,-342.0,0.0,-5.0,2527.0,0.0,0.0,0.0,0.0
859879.098,2527.0,2285.0,2285.0,-342.75,-0.0,0.0,-342.0,0.0,-5.0,2527.0,0.0,0.0,0.0,0.0
859889.099,2527.0,2285.0,2285.0,-342.75,-0.0,0.0,-342.0,0.0,-5.0,2527.0,0.0,0.0,0.0,0.0
859899.099,2527.0,2285.0,2285.0,-342.75,-0.0,0.0,-342.0,0.0,-5.0,2527.0,0.0,0.0,0.0,0.0
859910.098,2527.0,2285.0,2285.0,-342.75,-0.0,0.0,-342.0,0.0,-5.0,2527.0,0.0,0.0,0.0,0.0
859920.098,2527.0,2285.0,2285.0,-342.75,-0.0,0.0,-342.0,0.0,-5.0,2527.0,0.0,0.0,0.0,0.0
859930.098,2527.0,2285.0,2285.0,-342.75,-0.0,0.0,-342.0,0.0,-5.0,2527.0,0.0,0.0,0.0,0.0
859940.099,2527.0,2285.0,2285.0,-342.75,-0.0,0.0,-342.0,0.0,-5.0,2527.0,0.0,0.0,0.0,0.0
859950.1,2527.0,2285.0,2285.0,-342.75,-0.0,0.0,-342.0,0.0,-5.0,2527.0,0.0,0.0,0.0,0.0
859960.101,2527.0,2285.0,2285.0,-342.75,-0.0,0.0,-342.0,0.0,-5.0,2527.0,0.0,0.0,0.0,0.0
859970.101,2527.0,2285.0,2285.0,-342.75,-0.0,0.0,-342.0,0.0,-5.0,2527.0,0.0,0.0,0.0,0.0
859980.101,2527.0,2285.0,2285.0,-342.75,-0.0,0.0,-342.0,0.0,-5.0,2527.0,0.0,0.0,0.0,0.0
859990.101,2527.0,2285.0,2285.0,-342.75,-0.0,0.0,-342.0,0.0,-5.0,2527.0,0.0,0.0,0.0,0.0
860000.102,2527.0,2285.0,2285.0,-342.75,-0.0,0.0,-342.0,0.0,-5.0,2527.0,0.0,0.0,0.0,0.0
860010.103,2527.0,2285.0,2285.0,-342.75,-0.0,0.0,-342.0,0.0,-5.0,2527.0,0.0,0.0,0.0,0.0
860020.103,2527.0,2285.0,2285.0,-342.75,-0.0,0.0,-342.0,0.0,-5.0,2527.0,0.0,0.0,0.0,0.0
860030.103,2527.0,2285.0,2285.0,-342.75,-0.0,0.0,-342.0,0.0,-5.0,2527.0,0.0,0.0,0.0,0.0
860041.098,2527.0,2285.0,2285.0,-342.75,-0.0,0.0,-342.0,0.0,-5.0,2527.0,0.0,0.0,0.0,0.0
860051.099,2527.0,2285.0,2285.0,-342.75,-0.0,0.0,-342.0,0.0,-5.0,2527.0,0.0,0.0,0.0,0.0
860061.1,2527.0,2285.0,2285.0,-342.75,-0.0,0.0,-342.0,0.0,-5.0,2527.0,0.0,0.0,0.0,0.0
860071.1,2527.0,2285.0,2285.0,-342.75,-0.0,0.0,-342.0,0.0,-5.0,2527.0,0.0,0.0,0.0,0.0
860081.1,2527.0,2285.0,2285.0,-342.75,-0.0,0.0,-342.0,0.0,-5.0,2527.0,0.0,0.0,0.0,0.0
860092.098,2527.0,2285.0,2285.0,-342.75,-0.0,0.0,-342.0,0.0,-5.0,2527.0,0.0,0.0,0.0,0.0
860102.098,2527.0,2285.0,2285.0,-342.75,-0.0,0.0,-342.0,0.0,-5.0,2527.0,0.0,0.0,0.0,0.0
860112.099,2527.0,2285.0,2285.0,-342.75,-0.0,0.0,-342.0,0.0,-5.0,2527.0,0.0,0.0,0.0,0.0
860122.1,2527.0,2285.0,2285.0,-342.75,-0.0,0.0,-342.0,0.0,-5.0,2527.0,0.0,0.0,0.0,0.0
860132.101,2527.0,2285.0,2285.0,-342.75,-0.0,0.0,-342.0,0.0,-5.0,2527.0,0.0,0.0,0.0,0.0
860142.101,2527.0,2285.0,2285.0,-342.75,-0.0,0.0,-342.0,0.0,-5.0,2527.0,0.0,0.0,0.0,0.0
860153.106,2527.0,2285.0,2285.0,-342.75,-0.0,0.0,-342.0,0.0,-5.0,2527.0,0.0,0.0,0.0,0.0
860163.106,2527.0,2285.0,2285.0,-342.75,-0.0,0.0,-342.0,0.0,-5.0,2527.0,0.0,0.0,0.0,0.0
860173.106,2527.0,2285.0,2285.0,-342.75,-0.0,0.0,-342.0,0.0,-5.0,2527.0,0.0,0.0,0.0,0.0
860184.098,2527.0,2285.0,2285.0,-342.75,-0.0,0.0,-342.0,0.0,-5.0,2527.0,0.0,0.0,0.0,0.0
860194.099,2527.0,2285.0,2285.0,-342.75,-0.0,0.0,-342.0,0.0,-5.0,2527.0,0.0,0.0,0.0,0.0
860204.1,2527.0,2285.0,2285.0,-342.75,-0.0,0.0,-342.0,0.0,-5.0,2527.0,0.0,0.0,0.0,0.0
860214.101,2527.0,2285.0,2285.0,-342.75,-0.0,0.0,-342.0,0.0,-5.0,2527.0,0.0,0.0,0.0,0.0
860224.102,2527.0,2285.0,2285.0,-342.75,-0.0,0.0,-342.0,0.0,-5.0,2527.0,0.0,0.0,0.0,0.0
860235.041,2527.0,2285.0,2285.0,-342.75,-0.0,0.0,-342.0,0.0,-5.0,2527.0,0.0,0.0,0.0,0.0
860245.041,2527.0,2285.0,2285.0,-342.75,-0.0,0.0,-342.0,0.0,-5.0,2527.0,0.0,0.0,0.0,0.0
860255.041,2527.0,2285.0,2285.0,-342.75,-0.0,0.0,-342.0,0.0,-5.0,2527.0,0.0,0.0,0.0,0.0
860265.041,2527.0,2285.0,2285.0,-342.75,-0.0,0.0,-342.0,0.0,-5.0,2527.0,0.0,0.0,0.0,0.0
860275.041,2527.0,2285.0,2285.0,-342.75,-0.0,0.0,-342.0,0.0,-5.0,2527.0,0.0,0.0,0.0,0.0
860285.042,2527.0,2285.0,2285.0,-342.75,-0.0,0.0,-342.0,0.0,-5.0,2527.0,0.0,0.0,0.0,0.0
860295.043,2527.0,2285.0,2285.0,-342.75,-0.0,0.0,-342.0,0.0,-5.0,2527.0,0.0,0.0,0.0,0.0
860305.044,2527.0,2285.0,2285.0,-342.75,-0.0,0.0,-342.0,0.0,-5.0,2527.0,0.0,0.0,0.0,0.0
860315.045,2527.0,2285.0,2285.0,-342.75,-0.0,0.0,-342.0,0.0,-5.0,2527.0,0.0,0.0,0.0,0.0
860325.046,2527.0,2285.0,2285.0,-342.75,-0.0,0.0,-342.0,0.0,-5.0,2527.0,0.0,0.0,0.0,0.0
860335.047,2527.0,2285.0,2285.0,-342.75,-0.0,0.0,-342.0,0.0,-5.0,2527.0,0.0,0.0,0.0,0.0
860345.048,2527.0,2285.0,2285.0,-342.75,-0.0,0.0,-342.0,0.0,-5.0,2527.0,0.0,0.0,0.0,0.0
860355.049,2527.0,2285.0,2285.0,-342.75,-0.0,0.0,-342.0,0.0,-5.0,2527.0,0.0,0.0,0.0,0.0
860365.049,2526.0,2285.0,2285.0,-342.75,-0.0,0.0,-342.0,0.0,-5.0,2527.0,0.0,0.0,0.0,0.0
860376.04,2526.0,2285.0,2285.0,-342.75,-0.0,0.0,-342.0,0.0,-5.0,2527.0,0.0,0.0,0.0,0.0
860386.04,2527.0,2285.0,2285.0,-342.75,-0.0,0.0,-342.0,0.0,-5.0,2527.0,0.0,0.0,0.0,0.0
860397.098,2527.0,2285.0,2285.0,-342.75,-0.0,0.0,-342.0,0.0,-5.0,2527.0,0.0,0.0,0.0,0.0
860408.098,2527.0,2285.0,2285.0,-342.75,-0.0,0.0,-342.0,0.0,-5.0,2527.0,0.0,0.0,0.0,0.0
860418.098,2527.0,2285.0,2285.0,-342.75,-0.0,0.0,-342.0,0.0,-5.0,2527.0,0.0,0.0,0.0,0.0
860428.098,2527.0,2285.0,2285.0,-342.75,-0.0,0.0,-342.0,0.0,-5.0,2527.0,0.0,0.0,0.0,0.0
860438.099,2527.0,2285.0,2285.0,-342.75,-0.0,0.0,-342.0,0.0,-5.0,2527.0,0.0,0.0,0.0,0.0
860448.099,2527.0,2285.0,2285.0,-342.75,-0.0,0.0,-342.0,0.0,-5.0,2527.0,0.0,0.0,0.0,0.0
860458.1,2527.0,2285.0,2285.0,-342.75,-0.0,0.0,-342.0,0.0,-5.0,2527.0,0.0,0.0,0.0,0.0
860468.1,2527.0,2285.0,2285.0,-342.75,-0.0,0.0,-342.0,0.0,-5.0,2527.0,0.0,0.0,0.0,0.0
860478.102,2527.0,2285.0,2285.0,-342.75,-0.0,0.0,-342.0,0.0,-5.0,2527.0,0.0,0.0,0.0,0.0
860488.102,2527.0,2285.0,2285.0,-342.75,-0.0,0.0,-342.0,0.0,-5.0,2527.0,0.0,0.0,0.0,0.0
860498.102,2527.0,2285.0,2285.0,-342.75,-0.0,0.0,-342.0,0.0,-5.0,2527.0,0.0,0.0,0.0,0.0
860508.103,2527.0,2285.0,2285.0,-342.75,-0.0,0.0,-342.0,0.0,-5.0,2527.0,0.0,0.0,0.0,0.0
860518.104,2527.0,2285.0,2285.0,-342.75,-0.0,0.0,-342.0,0.0,-5.0,2527.0,0.0,0.0,0.0,0.0
860528.105,2527.0,2285.0,2285.0,-342.75,-0.0,0.0,-342.0,0.0,-5.0,2527.0,0.0,0.0,0.0,0.0
860538.105,2527.0,2285.0,2285.0,-342.75,-0.0,0.0,-342.0,0.0,-5.0,2527.0,0.0,0.0,0.0,0.0
860548.105,2527.0,2285.0,2285.0,-342.75,-0.0,0.0,-342.0,0.0,-5.0,2527.0,0.0,0.0,0.0,0.0
860558.106,2527.0,2285.0,2285.0,-342.75,-0.0,0.0,-342.0,0.0,-5.0,2527.0,0.0,0.0,0.0,0.0
860568.107,2527.0,2285.0,2285.0,-342.75,-0.0,0.0,-342.0,0.0,-5.0,2527.0,0.0,0.0,0.0,0.0
860578.108,2527.0,2285.0,2285.0,-342.75,-0.0,0.0,-342.0,0.0,-5.0,2527.0,0.0,0.0,0.0,0.0
860588.109,2527.0,2285.0,2285.0,-342.75,-0.0,0.0,-342.0,0.0,-5.0,2527.0,0.0,0.0,0.0,0.0
860598.11,2527.0,2285.0,2285.0,-342.75,-0.0,0.0,-342.0,0.0,-5.0,2527.0,0.0,0.0,0.0,0.0
860609.098,2527.0,2285.0,2285.0,-342.75,-0.0,0.0,-342.0,0.0,-5.0,2527.0,0.0,0.0,0.0,0.0
860619.099,2527.0,2285.0,2285.0,-342.75,-0.0,0.0,-342.0,0.0,-5.0,2527.0,0.0,0.0,0.0,0.0
860629.099,2527.0,2285.0,2285.0,-342.75,-0.0,0.0,-342.0,0.0,-5.0,2527.0,0.0,0.0,0.0,0.0
860639.1,2527.0,2285.0,2285.0,-342.75,-0.0,0.0,-342.0,0.0,-5.0,2527.0,0.0,0.0,0.0,0.0
860649.1,2527.0,2285.0,2285.0,-342.75,-0.0,0.0,-342.0,0.0,-5.0,2527.0,0.0,0.0,0.0,0.0
860659.1,2527.0,2285.0,2285.0,-342.75,-0.0,0.0,-342.0,0.0,-5.0,2527.0,0.0,0.0,0.0,0.0
860669.101,2527.0,2285.0,2285.0,-342.75,-0.0,0.0,-342.0,0.0,-5.0,2527.0,0.0,0.0,0.0,0.0
860680.098,2527.0,2285.0,2285.0,-342.75,-0.0,0.0,-342.0,0.0,-5.0,2527.0,0.0,0.0,0.0,0.0
860690.099,2527.0,2285.0,2285.0,-342.75,-0.0,0.0,-342.0,0.0,-5.0,2527.0,0.0,0.0,0.0,0.0
860701.098,2527.0,2285.0,2285.0,-342.75,-0.0,0.0,-342.0,0.0,-5.0,2527.0,0.0,0.0,0.0,0.0
860711.101,2527.0,2285.0,2285.0,-342.75,-0.0,0.0,-342.0,0.0,-5.0,2527.0,0.0,0.0,0.0,0.0
860722.098,2527.0,2285.0,2285.0,-342.75,-0.0,0.0,-342.0,0.0,-5.0,2527.0,0.0,0.0,0.0,0.0
860733.098,2527.0,2285.0,2285.0,-342.75,-0.0,0.0,-342.0,0.0,-5.0,2527.0,0.0,0.0,0.0,0.0
860743.098,2527.0,2285.0,2285.0,-342.75,-0.0,0.0,-342.0,0.0,-5.0,2527.0,0.0,0.0,0.0,0.0
860753.099,2527.0,2285.0,2285.0,-342.75,-0.0,0.0,-342.0,0.0,-5.0,2527.0,0.0,0.0,0.0,0.0
860763.099,2527.0,2285.0,2285.0,-342.75,-0.0,0.0,-342.0,0.0,-5.0,2527.0,0.0,0.0,0.0,0.0
860773.1,2527.0,2285.0,2285.0,-342.75,-0.0,0.0,-342.0,0.0,-5.0,2527.0,0.0,0.0,0.0,0.0
860783.1,2527.0,2285.0,2285.0,-342.75,-0.0,0.0,-342.0,0.0,-5.0,2527.0,0.0,0.0,0.0,0.0
860793.101,2527.0,2285.0,2285.0,-342.75,-0.0,0.0,-342.0,0.0,-5.0,2527.0,0.0,0.0,0.0,0.0
860803.101,2527.0,2285.0,2285.0,-342.75,-0.0,0.0,-342.0,0.0,-5.0,2527.0,0.0,0.0,0.0,0.0
860813.101,2527.0,2285.0,2285.0,-342.75,-0.0,0.0,-342.0,0.0,-5.0,2527.0,0.0,0.0,0.0,0.0
860823.101,2527.0,2285.0,2285.0,-342.75,-0.0,0.0,-342.0,0.0,-5.0,2527.0,0.0,0.0,0.0,0.0
860833.102,2527.0,2285.0,2285.0,-342.75,-0.0,0.0,-342.0,0.0,-5.0,2527.0,0.0,0.0,0.0,0.0
860843.102,2527.0,2285.0,2285.0,-342.75,-0.0,0.0,-342.0,0.0,-5.0,2527.0,0.0,0.0,0.0,0.0
860853.102,2527.0,2285.0,2285.0,-342.75,-0.0,0.0,-342.0,0.0,-5.0,2527.0,0.0,0.0,0.0,0.0
860863.102,2527.0,2285.0,2285.0,-342.75,-0.0,0.0,-342.0,0.0,-5.0,2527.0,0.0,0.0,0.0,0.0
860873.103,2527.0,2285.0,2285.0,-342.75,-0.0,0.0,-342.0,0.0,-5.0,2527.0,0.0,0.0,0.0,0.0
860883.103,2527.0,2285.0,2285.0,-342.75,-0.0,0.0,-342.0,0.0,-5.0,2527.0,0.0,0.0,0.0,0.0
860894.098,2527.0,2285.0,2285.0,-342.75,-0.0,0.0,-342.0,0.0,-5.0,2527.0,0.0,0.0,0.0,0.0
860904.098,2527.0,2285.0,2285.0,-342.75,-0.0,0.0,-342.0,0.0,-5.0,2527.0,0.0,0.0,0.0,0.0
860915.098,2527.0,2285.0,2285.0,-342.75,-0.0,0.0,-342.0,0.0,-5.0,2527.0,0.0,0.0,0.0,0.0
860925.098,2527.0,2285.0,2285.0,-342.75,-0.0,0.0,-342.0,0.0,-5.0,2527.0,0.0,0.0,0.0,0.0
860935.098,2527.0,2285.0,2285.0,-342.75,-0.0,0.0,-342.0,0.0,-5.0,2527.0,0.0,0.0,0.0,0.0
860946.098,2527.0,2285.0,2285.0,-342.75,-0.0,0.0,-342.0,0.0,-5.0,2527.0,0.0,0.0,0.0,0.0
860956.099,2527.0,2285.0,2285.0,-342.75,-0.0,0.0,-342.0,0.0,-5.0,2527.0,0.0,0.0,0.0,0.0
860966.099,2527.0,2285.0,2285.0,-342.75,-0.0,0.0,-342.0,0.0,-5.0,2527.0,0.0,0.0,0.0,0.0
860976.1,2527.0,2285.0,2285.0,-342.75,-0.0,0.0,-342.0,0.0,-5.0,2527.0,0.0,0.0,0.0,0.0
860986.101,2527.0,2285.0,2285.0,-342.75,-0.0,0.0,-342.0,0.0,-5.0,2527.0,0.0,0.0,0.0,0.0
860996.101,2527.0,2285.0,2285.0,-342.75,-0.0,0.0,-342.0,0.0,-5.0,2527.0,0.0,0.0,0.0,0.0
861006.101,2527.0,2285.0,2285.0,-342.75,-0.0,0.0,-342.0,0.0,-5.0,2527.0,0.0,0.0,0.0,0.0
861016.102,2527.0,2285.0,2285.0,-342.75,-0.0,0.0,-342.0,0.0,-5.0,2527.0,0.0,0.0,0.0,0.0
861026.102,2527.0,2285.0,2285.0,-342.75,-0.0,0.0,-342.0,0.0,-5.0,2527.0,0.0,0.0,0.0,0.0
861036.102,2527.0,2285.0,2285.0,-342.75,-0.0,0.0,-342.0,0.0,-5.0,2527.0,0.0,0.0,0.0,0.0
861046.103,2527.0,2285.0,2285.0,-342.75,-0.0,0.0,-342.0,0.0,-5.0,2527.0,0.0,0.0,0.0,0.0
861056.103,2527.0,2285.0,2285.0,-342.75,-0.0,0.0,-342.0,0.0,-5.0,2527.0,0.0,0.0,0.0,0.0
861066.103,2527.0,2285.0,2285.0,-342.75,-0.0,0.0,-342.0,0.0,-5.0,2527.0,0.0,0.0,0.0,0.0
861077.098,2527.0,2285.0,2285.0,-342.75,-0.0,0.0,-342.0,0.0,-5.0,2527.0,0.0,0.0,0.0,0.0
861087.099,2526.0,2285.0,2285.0,-342.75,-0.0,0.0,-342.0,0.0,-5.0,2527.0,0.0,0.0,0.0,0.0
861097.099,2527.0,2285.0,2285.0,-342.75,-0.0,0.0,-342.0,0.0,-5.0,2527.0,0.0,0.0,0.0,0.0
861107.1,2527.0,2285.0,2285.0,-342.75,-0.0,0.0,-342.0,0.0,-5.0,2527.0,0.0,0.0,0.0,0.0
861117.101,2527.0,2285.0,2285.0,-342.75,-0.0,0.0,-342.0,0.0,-5.0,2527.0,0.0,0.0,0.0,0.0
861127.102,2526.0,2285.0,2285.0,-342.75,-0.0,0.0,-342.0,0.0,-5.0,2527.0,0.0,0.0,0.0,0.0
861137.102,2527.0,2285.0,2285.0,-342.75,-0.0,0.0,-342.0,0.0,-5.0,2527.0,0.0,0.0,0.0,0.0
861147.103,2527.0,2285.0,2285.0,-342.75,-0.0,0.0,-342.0,0.0,-5.0,2527.0,0.0,0.0,0.0,0.0
861157.104,2527.0,2285.0,2285.0,-342.75,-0.0,0.0,-342.0,0.0,-5.0,2527.0,0.0,0.0,0.0,0.0
861167.104,2527.0,2285.0,2285.0,-342.75,-0.0,0.0,-342.0,0.0,-5.0,2527.0,0.0,0.0,0.0,0.0
861177.105,2527.0,2285.0,2285.0,-342.75,-0.0,0.0,-342.0,0.0,-5.0,2527.0,0.0,0.0,0.0,0.0
861187.106,2527.0,2285.0,2285.0,-342.75,-0.0,0.0,-342.0,0.0,-5.0,2527.0,0.0,0.0,0.0,0.0
861197.106,2527.0,2285.0,2285.0,-342.75,-0.0,0.0,-342.0,0.0,-5.0,2527.0,0.0,0.0,0.0,0.0
861207.106,2527.0,2285.0,2285.0,-342.75,-0.0,0.0,-342.0,0.0,-5.0,2527.0,0.0,0.0,0.0,0.0
861217.108,2527.0,2285.0,2285.0,-342.75,-0.0,0.0,-342.0,0.0,-5.0,2527.0,0.0,0.0,0.0,0.0
861227.109,2527.0,2285.0,2285.0,-342.75,-0.0,0.0,-342.0,0.0,-5.0,2527.0,0.0,0.0,0.0,0.0
861237.109,2527.0,2285.0,2285.0,-342.75,-0.0,0.0,-342.0,0.0,-5.0,2527.0,0.0,0.0,0.0,0.0
861247.109,2527.0,2285.0,2285.0,-342.75,-0.0,0.0,-342.0,0.0,-5.0,2527.0,0.0,0.0,0.0,0.0
861257.109,2527.0,2285.0,2285.0,-342.75,-0.0,0.0,-342.0,0.0,-5.0,2527.0,0.0,0.0,0.0,0.0
861267.11,2527.0,2285.0,2285.0,-342.75,-0.0,0.0,-342.0,0.0,-5.0,2527.0,0.0,0.0,0.0,0.0
861277.111,2526.0,2285.0,2285.0,-342.75,-0.0,0.0,-342.0,0.0,-5.0,2527.0,0.0,0.0,0.0,0.0
861287.112,2527.0,2285.0,2285.0,-342.75,-0.0,0.0,-342.0,0.0,-5.0,2527.0,0.0,0.0,0.0,0.0
861297.112,2527.0,2285.0,2285.0,-342.75,-0.0,0.0,-342.0,0.0,-5.0,2527.0,0.0,0.0,0.0,0.0
861307.113,2527.0,2285.0,2285.0,-342.75,-0.0,0.0,-342.0,0.0,-5.0,2527.0,0.0,0.0,0.0,0.0
861317.114,2527.0,2285.0,2285.0,-342.75,-0.0,0.0,-342.0,0.0,-5.0,2527.0,0.0,0.0,0.0,0.0
861327.114,2527.0,2285.0,2285.0,-342.75,-0.0,0.0,-342.0,0.0,-5.0,2527.0,0.0,0.0,0.0,0.0
861337.114,2527.0,2285.0,2285.0,-342.75,-0.0,0.0,-342.0,0.0,-5.0,2527.0,0.0,0.0,0.0,0.0
861347.114,2527.0,2285.0,2285.0,-342.75,-0.0,0.0,-342.0,0.0,-5.0,2527.0,0.0,0.0,0.0,0.0
861357.115,2527.0,2285.0,2285.0,-342.75,-0.0,0.0,-342.0,0.0,-5.0,2527.0,0.0,0.0,0.0,0.0
861367.115,2526.0,2285.0,2285.0,-342.75,-0.0,0.0,-342.0,0.0,-5.0,2526.0,0.0,0.0,0.0,0.0
861377.115,2527.0,2285.0,2285.0,-342.75,-0.0,0.0,-342.0,0.0,-5.0,2526.0,0.0,0.0,0.0,0.0
861387.116,2526.0,2285.0,2285.0,-342.75,-0.0,0.0,-342.0,0.0,-5.0,2526.0,0.0,0.0,0.0,0.0
861397.116,2527.0,2285.0,2285.0,-342.75,-0.0,0.0,-342.0,0.0,-5.0,2526.0,0.0,0.0,0.0,0.0
861407.117,2527.0,2285.0,2285.0,-342.75,-0.0,0.0,-342.0,0.0,-5.0,2526.0,0.0,0.0,0.0,0.0
861417.117,2527.0,2285.0,2285.0,-342.75,-0.0,0.0,-342.0,0.0,-5.0,2526.0,0.0,0.0,0.0,0.0
861427.119,2527.0,2285.0,2285.0,-342.75,-0.0,0.0,-342.0,0.0,-5.0,2526.0,0.0,0.0,0.0,0.0
861437.119,2527.0,2285.0,2285.0,-342.75,-0.0,0.0,-342.0,0.0,-5.0,2526.0,0.0,0.0,0.0,0.0
861447.12,2527.0,2285.0,2285.0,-342.75,-0.0,0.0,-342.0,0.0,-5.0,2526.0,0.0,0.0,0.0,0.0
861457.121,2527.0,2285.0,2285.0,-342.75,-0.0,0.0,-342.0,0.0,-5.0,2526.0,0.0,0.0,0.0,0.0
861467.121,2527.0,2285.0,2285.0,-342.75,-0.0,0.0,-342.0,0.0,-5.0,2527.0,0.0,0.0,0.0,0.0
861477.121,2527.0,2285.0,2285.0,-342.75,-0.0,0.0,-342.0,0.0,-5.0,2527.0,0.0,0.0,0.0,0.0
861487.124,2527.0,2285.0,2285.0,-342.75,-0.0,0.0,-342.0,0.0,-5.0,2527.0,0.0,0.0,0.0,0.0
861497.125,2526.0,2285.0,2285.0,-342.75,-0.0,0.0,-342.0,0.0,-5.0,2527.0,0.0,0.0,0.0,0.0
861507.125,2527.0,2285.0,2285.0,-342.75,-0.0,0.0,-342.0,0.0,-5.0,2527.0,0.0,0.0,0.0,0.0
861517.126,2527.0,2285.0,2285.0,-342.75,-0.0,0.0,-342.0,0.0,-5.0,2527.0,0.0,0.0,0.0,0.0
861527.126,2527.0,2285.0,2285.0,-342.75,-0.0,0.0,-342.0,0.0,-5.0,2527.0,0.0,0.0,0.0,0.0
861537.127,2527.0,2285.0,2285.0,-342.75,-0.0,0.0,-342.0,0.0,-5.0,2527.0,0.0,0.0,0.0,0.0
861547.127,2527.0,2285.0,2285.0,-342.75,-0.0,0.0,-342.0,0.0,-5.0,2527.0,0.0,0.0,0.0,0.0
861557.128,2527.0,2285.0,2285.0,-342.75,-0.0,0.0,-342.0,0.0,-5.0,2527.0,0.0,0.0,0.0,0.0
861567.129,2527.0,2285.0,2285.0,-342.75,-0.0,0.0,-342.0,0.0,-5.0,2527.0,0.0,0.0,0.0,0.0
861577.13,2527.0,2285.0,2285.0,-342.75,-0.0,0.0,-342.0,0.0,-5.0,2527.0,0.0,0.0,0.0,0.0
861587.13,2526.0,2285.0,2285.0,-342.75,-0.0,0.0,-342.0,0.0,-5.0,2527.0,0.0,0.0,0.0,0.0
861597.13,2527.0,2285.0,2285.0,-342.75,-0.0,0.0,-342.0,0.0,-5.0,2527.0,0.0,0.0,0.0,0.0
861607.13,2527.0,2285.0,2285.0,-342.75,-0.0,0.0,-342.0,0.0,-5.0,2527.0,0.0,0.0,0.0,0.0
861617.131,2526.0,2285.0,2285.0,-342.75,-0.0,0.0,-342.0,0.0,-5.0,2527.0,0.0,0.0,0.0,0.0
861627.131,2527.0,2285.0,2285.0,-342.75,-0.0,0.0,-342.0,0.0,-5.0,2527.0,0.0,0.0,0.0,0.0
861637.131,2527.0,2285.0,2285.0,-342.75,-0.0,0.0,-342.0,0.0,-5.0,2527.0,0.0,0.0,0.0,0.0
861647.132,2527.0,2285.0,2285.0,-342.75,-0.0,0.0,-342.0,0.0,-5.0,2527.0,0.0,0.0,0.0,0.0
861657.133,2527.0,2285.0,2285.0,-342.75,-0.0,0.0,-342.0,0.0,-5.0,2527.0,0.0,0.0,0.0,0.0
861667.133,2527.0,2285.0,2285.0,-342.75,-0.0,0.0,-342.0,0.0,-5.0,2527.0,0.0,0.0,0.0,0.0
861677.133,2527.0,2285.0,2285.0,-342.75,-0.0,0.0,-342.0,0.0,-5.0,2527.0,0.0,0.0,0.0,0.0
861688.106,2527.0,2285.0,2285.0,-342.75,-0.0,0.0,-342.0,0.0,-5.0,2527.0,0.0,0.0,0.0,0.0
861698.106,2527.0,2285.0,2285.0,-342.75,-0.0,0.0,-342.0,0.0,-5.0,2527.0,0.0,0.0,0.0,0.0
861708.106,2527.0,2285.0,2285.0,-342.75,-0.0,0.0,-342.0,0.0,-5.0,2527.0,0.0,0.0,0.0,0.0
861718.107,2527.0,2285.0,2285.0,-342.75,-0.0,0.0,-342.0,0.0,-5.0,2527.0,0.0,0.0,0.0,0.0
861728.107,2527.0,2285.0,2285.0,-342.75,-0.0,0.0,-342.0,0.0,-5.0,2527.0,0.0,0.0,0.0,0.0
861739.098,2527.0,2285.0,2285.0,-342.75,-0.0,0.0,-342.0,0.0,-5.0,2527.0,0.0,0.0,0.0,0.0
861749.099,2527.0,2285.0,2285.0,-342.75,-0.0,0.0,-342.0,0.0,-5.0,2527.0,0.0,0.0,0.0,0.0
861759.099,2527.0,2285.0,2285.0,-342.75,-0.0,0.0,-342.0,0.0,-5.0,2527.0,0.0,0.0,0.0,0.0
861769.101,2527.0,2285.0,2285.0,-342.75,-0.0,0.0,-342.0,0.0,-5.0,2527.0,0.0,0.0,0.0,0.0
861779.102,2527.0,2285.0,2285.0,-342.75,-0.0,0.0,-342.0,0.0,-5.0,2527.0,0.0,0.0,0.0,0.0
861789.102,2527.0,2285.0,2285.0,-342.75,-0.0,0.0,-342.0,0.0,-5.0,2527.0,0.0,0.0,0.0,0.0
861799.103,2527.0,2285.0,2285.0,-342.75,-0.0,0.0,-342.0,0.0,-5.0,2527.0,0.0,0.0,0.0,0.0
861809.103,2527.0,2285.0,2285.0,-342.75,-0.0,0.0,-342.0,0.0,-5.0,2527.0,0.0,0.0,0.0,0.0
861819.103,2527.0,2285.0,2285.0,-342.75,-0.0,0.0,-342.0,0.0,-5.0,2527.0,0.0,0.0,0.0,0.0
861829.103,2527.0,2285.0,2285.0,-342.75,-0.0,0.0,-342.0,0.0,-5.0,2527.0,0.0,0.0,0.0,0.0
861839.104,2527.0,2285.0,2285.0,-342.75,-0.0,0.0,-342.0,0.0,-5.0,2527.0,0.0,0.0,0.0,0.0
861849.105,2527.0,2285.0,2285.0,-342.75,-0.0,0.0,-342.0,0.0,-5.0,2527.0,0.0,0.0,0.0,0.0
861859.106,2527.0,2285.0,2285.0,-342.75,-0.0,0.0,-342.0,0.0,-5.0,2527.0,0.0,0.0,0.0,0.0
861869.107,2527.0,2285.0,2285.0,-342.75,-0.0,0.0,-342.0,0.0,-5.0,2527.0,0.0,0.0,0.0,0.0
861879.107,2527.0,2285.0,2285.0,-342.75,-0.0,0.0,-342.0,0.0,-5.0,2527.0,0.0,0.0,0.0,0.0
861889.108,2527.0,2285.0,2285.0,-342.75,-0.0,0.0,-342.0,0.0,-5.0,2527.0,0.0,0.0,0.0,0.0
861899.108,2527.0,2285.0,2285.0,-342.75,-0.0,0.0,-342.0,0.0,-5.0,2527.0,0.0,0.0,0.0,0.0
861909.108,2527.0,2285.0,2285.0,-342.75,-0.0,0.0,-342.0,0.0,-5.0,2527.0,0.0,0.0,0.0,0.0
861919.108,2527.0,2285.0,2285.0,-342.75,-0.0,0.0,-342.0,0.0,-5.0,2527.0,0.0,0.0,0.0,0.0
861929.109,2527.0,2285.0,2285.0,-342.75,-0.0,0.0,-342.0,0.0,-5.0,2527.0,0.0,0.0,0.0,0.0
861939.11,2527.0,2285.0,2285.0,-342.75,-0.0,0.0,-342.0,0.0,-5.0,2527.0,0.0,0.0,0.0,0.0
861950.098,2527.0,2285.0,2285.0,-342.75,-0.0,0.0,-342.0,0.0,-5.0,2527.0,0.0,0.0,0.0,0.0
861960.098,2527.0,2285.0,2285.0,-342.75,-0.0,0.0,-342.0,0.0,-5.0,2527.0,0.0,0.0,0.0,0.0
861970.099,2527.0,2285.0,2285.0,-342.75,-0.0,0.0,-342.0,0.0,-5.0,2527.0,0.0,0.0,0.0,0.0
861980.099,2527.0,2285.0,2285.0,-342.75,-0.0,0.0,-342.0,0.0,-5.0,2527.0,0.0,0.0,0.0,0.0
861990.1,2527.0,2285.0,2285.0,-342.75,-0.0,0.0,-342.0,0.0,-5.0,2527.0,0.0,0.0,0.0,0.0
862000.1,2527.0,2285.0,2285.0,-342.75,-0.0,0.0,-342.0,0.0,-5.0,2527.0,0.0,0.0,0.0,0.0
862010.1,2527.0,2285.0,2285.0,-342.75,-0.0,0.0,-342.0,0.0,-5.0,2527.0,0.0,0.0,0.0,0.0
862020.101,2527.0,2285.0,2285.0,-342.75,-0.0,0.0,-342.0,0.0,-5.0,2527.0,0.0,0.0,0.0,0.0
862030.102,2527.0,2285.0,2285.0,-342.75,-0.0,0.0,-342.0,0.0,-5.0,2527.0,0.0,0.0,0.0,0.0
862040.103,2527.0,2285.0,2285.0,-342.75,-0.0,0.0,-342.0,0.0,-5.0,2527.0,0.0,0.0,0.0,0.0
862050.103,2526.0,2285.0,2285.0,-342.75,-0.0,0.0,-342.0,0.0,-5.0,2527.0,0.0,0.0,0.0,0.0
862060.104,2527.0,2285.0,2285.0,-342.75,-0.0,0.0,-342.0,0.0,-5.0,2527.0,0.0,0.0,0.0,0.0
862070.104,2527.0,2285.0,2285.0,-342.75,-0.0,0.0,-342.0,0.0,-5.0,2527.0,0.0,0.0,0.0,0.0
862080.105,2527.0,2285.0,2285.0,-342.75,-0.0,0.0,-342.0,0.0,-5.0,2527.0,0.0,0.0,0.0,0.0
862090.106,2527.0,2285.0,2285.0,-342.75,-0.0,0.0,-342.0,0.0,-5.0,2527.0,0.0,0.0,0.0,0.0
862100.107,2527.0,2285.0,2285.0,-342.75,-0.0,0.0,-342.0,0.0,-5.0,2527.0,0.0,0.0,0.0,0.0
862110.108,2527.0,2285.0,2285.0,-342.75,-0.0,0.0,-342.0,0.0,-5.0,2527.0,0.0,0.0,0.0,0.0
862120.109,2527.0,2285.0,2285.0,-342.75,-0.0,0.0,-342.0,0.0,-5.0,2527.0,0.0,0.0,0.0,0.0
862130.109,2527.0,2285.0,2285.0,-342.75,-0.0,0.0,-342.0,0.0,-5.0,2527.0,0.0,0.0,0.0,0.0
862140.109,2527.0,2285.0,2285.0,-342.75,-0.0,0.0,-342.0,0.0,-5.0,2527.0,0.0,0.0,0.0,0.0
862150.11,2527.0,2285.0,2285.0,-342.75,-0.0,0.0,-342.0,0.0,-5.0,2527.0,0.0,0.0,0.0,0.0
862160.111,2527.0,2285.0,2285.0,-342.75,-0.0,0.0,-342.0,0.0,-5.0,2527.0,0.0,0.0,0.0,0.0
862170.112,2527.0,2285.0,2285.0,-342.75,-0.0,0.0,-342.0,0.0,-5.0,2527.0,0.0,0.0,0.0,0.0
862180.113,2526.0,2285.0,2285.0,-342.75,-0.0,0.0,-342.0,0.0,-5.0,2527.0,0.0,0.0,0.0,0.0
862190.114,2527.0,2285.0,2285.0,-342.75,-0.0,0.0,-342.0,0.0,-5.0,2527.0,0.0,0.0,0.0,0.0
862200.115,2527.0,2285.0,2285.0,-342.75,-0.0,0.0,-342.0,0.0,-5.0,2527.0,0.0,0.0,0.0,0.0
862210.116,2527.0,2285.0,2285.0,-342.75,-0.0,0.0,-342.0,0.0,-5.0,2527.0,0.0,0.0,0.0,0.0
862220.116,2527.0,2285.0,2285.0,-342.75,-0.0,0.0,-342.0,0.0,-5.0,2527.0,0.0,0.0,0.0,0.0
862230.117,2527.0,2285.0,2285.0,-342.75,-0.0,0.0,-342.0,0.0,-5.0,2527.0,0.0,0.0,0.0,0.0
862240.117,2527.0,2285.0,2285.0,-342.75,-0.0,0.0,-342.0,0.0,-5.0,2527.0,0.0,0.0,0.0,0.0
862250.118,2527.0,2285.0,2285.0,-342.75,-0.0,0.0,-342.0,0.0,-5.0,2527.0,0.0,0.0,0.0,0.0
862260.118,2527.0,2285.0,2285.0,-342.75,-0.0,0.0,-342.0,0.0,-5.0,2527.0,0.0,0.0,0.0,0.0
862270.119,2527.0,2285.0,2285.0,-342.75,-0.0,0.0,-342.0,0.0,-5.0,2527.0,0.0,0.0,0.0,0.0
862280.12,2527.0,2285.0,2285.0,-342.75,-0.0,0.0,-342.0,0.0,-5.0,2527.0,0.0,0.0,0.0,0.0
862290.121,2527.0,2285.0,2285.0,-342.75,-0.0,0.0,-342.0,0.0,-5.0,2527.0,0.0,0.0,0.0,0.0
862300.121,2527.0,2285.0,2285.0,-342.75,-0.0,0.0,-342.0,0.0,-5.0,2527.0,0.0,0.0,0.0,0.0
862310.121,2527.0,2285.0,2285.0,-342.75,-0.0,0.0,-342.0,0.0,-5.0,2527.0,0.0,0.0,0.0,0.0
862320.122,2527.0,2285.0,2285.0,-342.75,-0.0,0.0,-342.0,0.0,-5.0,2527.0,0.0,0.0,0.0,0.0
862330.122,2527.0,2285.0,2285.0,-342.75,-0.0,0.0,-342.0,0.0,-5.0,2527.0,0.0,0.0,0.0,0.0
862340.122,2527.0,2285.0,2285.0,-342.75,-0.0,0.0,-342.0,0.0,-5.0,2527.0,0.0,0.0,0.0,0.0
862350.122,2527.0,2285.0,2285.0,-342.75,-0.0,0.0,-342.0,0.0,-5.0,2527.0,0.0,0.0,0.0,0.0
862360.122,2526.0,2285.0,2285.0,-342.75,-0.0,0.0,-342.0,0.0,-5.0,2527.0,0.0,0.0,0.0,0.0
862370.122,2527.0,2285.0,2285.0,-342.75,-0.0,0.0,-342.0,0.0,-5.0,2527.0,0.0,0.0,0.0,0.0
862380.123,2527.0,2285.0,2285.0,-342.75,-0.0,0.0,-342.0,0.0,-5.0,2527.0,0.0,0.0,0.0,0.0
862390.123,2526.0,2285.0,2285.0,-342.75,-0.0,0.0,-342.0,0.0,-5.0,2527.0,0.0,0.0,0.0,0.0
862400.128,2526.0,2285.0,2285.0,-342.75,-0.0,0.0,-342.0,0.0,-5.0,2527.0,0.0,0.0,0.0,0.0
862410.13,2526.0,2285.0,2285.0,-342.75,-0.0,0.0,-342.0,0.0,-5.0,2527.0,0.0,0.0,0.0,0.0
862420.13,2526.0,2285.0,2285.0,-342.75,-0.0,0.0,-342.0,0.0,-5.0,2527.0,0.0,0.0,0.0,0.0
862430.131,2526.0,2285.0,2285.0,-342.75,-0.0,0.0,-342.0,0.0,-5.0,2527.0,0.0,0.0,0.0,0.0
862440.131,2526.0,2285.0,2285.0,-342.75,-0.0,0.0,-342.0,0.0,-5.0,2527.0,0.0,0.0,0.0,0.0
862450.132,2526.0,2285.0,2285.0,-342.75,-0.0,0.0,-342.0,0.0,-5.0,2527.0,0.0,0.0,0.0,0.0
862460.132,2526.0,2285.0,2285.0,-342.75,-0.0,0.0,-342.0,0.0,-5.0,2527.0,0.0,0.0,0.0,0.0
862470.133,2526.0,2285.0,2285.0,-342.75,-0.0,0.0,-342.0,0.0,-5.0,2526.0,0.0,0.0,0.0,0.0
862480.133,2526.0,2285.0,2285.0,-342.75,-0.0,0.0,-342.0,0.0,-5.0,2526.0,0.0,0.0,0.0,0.0
862490.133,2526.0,2285.0,2285.0,-342.75,-0.0,0.0,-342.0,0.0,-5.0,2526.0,0.0,0.0,0.0,0.0
862500.133,2526.0,2285.0,2285.0,-342.75,-0.0,0.0,-342.0,0.0,-5.0,2526.0,0.0,0.0,0.0,0.0
862510.134,2526.0,2285.0,2285.0,-342.75,-0.0,0.0,-342.0,0.0,-5.0,2526.0,0.0,0.0,0.0,0.0
862520.134,2527.0,2285.0,2285.0,-342.75,-0.0,0.0,-342.0,0.0,-5.0,2526.0,0.0,0.0,0.0,0.0
862531.106,2527.0,2285.0,2285.0,-342.75,-0.0,0.0,-342.0,0.0,-5.0,2526.0,0.0,0.0,0.0,0.0
862541.106,2526.0,2285.0,2285.0,-342.75,-0.0,0.0,-342.0,0.0,-5.0,2526.0,0.0,0.0,0.0,0.0
862551.106,2526.0,2285.0,2285.0,-342.75,-0.0,0.0,-342.0,0.0,-5.0,2526.0,0.0,0.0,0.0,0.0
862561.106,2526.0,2285.0,2285.0,-342.75,-0.0,0.0,-342.0,0.0,-5.0,2526.0,0.0,0.0,0.0,0.0
862571.106,2527.0,2285.0,2285.0,-342.75,-0.0,0.0,-342.0,0.0,-5.0,2527.0,0.0,0.0,0.0,0.0
862581.106,2526.0,2285.0,2285.0,-342.75,-0.0,0.0,-342.0,0.0,-5.0,2527.0,0.0,0.0,0.0,0.0
862591.107,2526.0,2285.0,2285.0,-342.75,-0.0,0.0,-342.0,0.0,-5.0,2527.0,0.0,0.0,0.0,0.0
862601.108,2526.0,2285.0,2285.0,-342.75,-0.0,0.0,-342.0,0.0,-5.0,2527.0,0.0,0.0,0.0,0.0
862611.109,2526.0,2285.0,2285.0,-342.75,-0.0,0.0,-342.0,0.0,-5.0,2527.0,0.0,0.0,0.0,0.0
862622.098,2526.0,2285.0,2285.0,-342.75,-0.0,0.0,-342.0,0.0,-5.0,2527.0,0.0,0.0,0.0,0.0
862632.098,2526.0,2285.0,2285.0,-342.75,-0.0,0.0,-342.0,0.0,-5.0,2527.0,0.0,0.0,0.0,0.0
862642.099,2526.0,2285.0,2285.0,-342.75,-0.0,0.0,-342.0,0.0,-5.0,2527.0,0.0,0.0,0.0,0.0
862652.1,2526.0,2285.0,2285.0,-342.75,-0.0,0.0,-342.0,0.0,-5.0,2527.0,0.0,0.0,0.0,0.0
862662.1,2526.0,2285.0,2285.0,-342.75,-0.0,0.0,-342.0,0.0,-5.0,2527.0,0.0,0.0,0.0,0.0
862672.101,2526.0,2285.0,2285.0,-342.75,-0.0,0.0,-342.0,0.0,-5.0,2526.0,0.0,0.0,0.0,0.0
862682.102,2526.0,2285.0,2285.0,-342.75,-0.0,0.0,-342.0,0.0,-5.0,2526.0,0.0,0.0,0.0,0.0
862692.103,2526.0,2285.0,2285.0,-342.75,-0.0,0.0,-342.0,0.0,-5.0,2526.0,0.0,0.0,0.0,0.0
862702.103,2526.0,2285.0,2285.0,-342.75,-0.0,0.0,-342.0,0.0,-5.0,2526.0,0.0,0.0,0.0,0.0
862712.104,2526.0,2285.0,2285.0,-342.75,-0.0,0.0,-342.0,0.0,-5.0,2526.0,0.0,0.0,0.0,0.0
862722.105,2526.0,2285.0,2285.0,-342.75,-0.0,0.0,-342.0,0.0,-5.0,2526.0,0.0,0.0,0.0,0.0
862732.106,2526.0,2285.0,2285.0,-342.75,-0.0,0.0,-342.0,0.0,-5.0,2526.0,0.0,0.0,0.0,0.0
862742.107,2526.0,2285.0,2285.0,-342.75,-0.0,0.0,-342.0,0.0,-5.0,2526.0,0.0,0.0,0.0,0.0
862753.098,2526.0,2285.0,2285.0,-342.75,-0.0,0.0,-342.0,0.0,-5.0,2526.0,0.0,0.0,0.0,0.0
862763.099,2526.0,2285.0,2285.0,-342.75,-0.0,0.0,-342.0,0.0,-5.0,2526.0,0.0,0.0,0.0,0.0
862774.098,2526.0,2285.0,2285.0,-342.75,-0.0,0.0,-342.0,0.0,-5.0,2526.0,0.0,0.0,0.0,0.0
862784.099,2526.0,2285.0,2285.0,-342.75,-0.0,0.0,-342.0,0.0,-5.0,2526.0,0.0,0.0,0.0,0.0
862794.1,2526.0,2285.0,2285.0,-342.75,-0.0,0.0,-342.0,0.0,-5.0,2526.0,0.0,0.0,0.0,0.0
862804.1,2526.0,2285.0,2285.0,-342.75,-0.0,0.0,-342.0,0.0,-5.0,2526.0,0.0,0.0,0.0,0.0
862814.101,2526.0,2285.0,2285.0,-342.75,-0.0,0.0,-342.0,0.0,-5.0,2526.0,0.0,0.0,0.0,0.0
862824.102,2526.0,2285.0,2285.0,-342.75,-0.0,0.0,-342.0,0.0,-5.0,2526.0,0.0,0.0,0.0,0.0
862834.102,2526.0,2285.0,2285.0,-342.75,-0.0,0.0,-342.0,0.0,-5.0,2526.0,0.0,0.0,0.0,0.0
862844.103,2526.0,2285.0,2285.0,-342.75,-0.0,0.0,-342.0,0.0,-5.0,2526.0,0.0,0.0,0.0,0.0
862854.103,2526.0,2285.0,2285.0,-342.75,-0.0,0.0,-342.0,0.0,-5.0,2526.0,0.0,0.0,0.0,0.0
862864.103,2527.0,2285.0,2285.0,-342.75,-0.0,0.0,-342.0,0.0,-5.0,2526.0,0.0,0.0,0.0,0.0
862874.104,2526.0,2285.0,2285.0,-342.75,-0.0,0.0,-342.0,0.0,-5.0,2526.0,0.0,0.0,0.0,0.0
862884.105,2526.0,2285.0,2285.0,-342.75,-0.0,0.0,-342.0,0.0,-5.0,2526.0,0.0,0.0,0.0,0.0
862894.106,2526.0,2285.0,2285.0,-342.75,-0.0,0.0,-342.0,0.0,-5.0,2526.0,0.0,0.0,0.0,0.0
862904.106,2526.0,2285.0,2285.0,-342.75,-0.0,0.0,-342.0,0.0,-5.0,2526.0,0.0,0.0,0.0,0.0
862914.106,2526.0,2285.0,2285.0,-342.75,-0.0,0.0,-342.0,0.0,-5.0,2526.0,0.0,0.0,0.0,0.0
862924.107,2526.0,2285.0,2285.0,-342.75,-0.0,0.0,-342.0,0.0,-5.0,2526.0,0.0,0.0,0.0,0.0
862934.108,2526.0,2285.0,2285.0,-342.75,-0.0,0.0,-342.0,0.0,-5.0,2526.0,0.0,0.0,0.0,0.0
862944.109,2526.0,2285.0,2285.0,-342.75,-0.0,0.0,-342.0,0.0,-5.0,2526.0,0.0,0.0,0.0,0.0
862954.109,2526.0,2285.0,2285.0,-342.75,-0.0,0.0,-342.0,0.0,-5.0,2526.0,0.0,0.0,0.0,0.0
862964.109,2526.0,2285.0,2285.0,-342.75,-0.0,0.0,-342.0,0.0,-5.0,2526.0,0.0,0.0,0.0,0.0
862975.098,2526.0,2285.0,2285.0,-342.75,-0.0,0.0,-342.0,0.0,-5.0,2526.0,0.0,0.0,0.0,0.0
862986.098,2526.0,2285.0,2285.0,-342.75,-0.0,0.0,-342.0,0.0,-5.0,2526.0,0.0,0.0,0.0,0.0
862996.099,2526.0,2285.0,2285.0,-342.75,-0.0,0.0,-342.0,0.0,-5.0,2526.0,0.0,0.0,0.0,0.0
863006.1,2526.0,2285.0,2285.0,-342.75,-0.0,0.0,-342.0,0.0,-5.0,2526.0,0.0,0.0,0.0,0.0
863016.101,2526.0,2285.0,2285.0,-342.75,-0.0,0.0,-342.0,0.0,-5.0,2526.0,0.0,0.0,0.0,0.0
863026.102,2526.0,2285.0,2285.0,-342.75,-0.0,0.0,-342.0,0.0,-5.0,2526.0,0.0,0.0,0.0,0.0
863036.103,2526.0,2285.0,2285.0,-342.75,-0.0,0.0,-342.0,0.0,-5.0,2526.0,0.0,0.0,0.0,0.0
863046.103,2526.0,2285.0,2285.0,-342.75,-0.0,0.0,-342.0,0.0,-5.0,2526.0,0.0,0.0,0.0,0.0
863056.103,2526.0,2285.0,2285.0,-342.75,-0.0,0.0,-342.0,0.0,-5.0,2526.0,0.0,0.0,0.0,0.0
863066.103,2526.0,2285.0,2285.0,-342.75,-0.0,0.0,-342.0,0.0,-5.0,2526.0,0.0,0.0,0.0,0.0
863076.103,2526.0,2285.0,2285.0,-342.75,-0.0,0.0,-342.0,0.0,-5.0,2526.0,0.0,0.0,0.0,0.0
863086.103,2526.0,2285.0,2285.0,-342.75,-0.0,0.0,-342.0,0.0,-5.0,2526.0,0.0,0.0,0.0,0.0
863096.103,2526.0,2285.0,2285.0,-342.75,-0.0,0.0,-342.0,0.0,-5.0,2526.0,0.0,0.0,0.0,0.0
863106.103,2526.0,2285.0,2285.0,-342.75,-0.0,0.0,-342.0,0.0,-5.0,2526.0,0.0,0.0,0.0,0.0
863116.103,2526.0,2285.0,2285.0,-342.75,-0.0,0.0,-342.0,0.0,-5.0,2526.0,0.0,0.0,0.0,0.0
863126.104,2526.0,2285.0,2285.0,-342.75,-0.0,0.0,-342.0,0.0,-5.0,2526.0,0.0,0.0,0.0,0.0
863136.105,2526.0,2285.0,2285.0,-342.75,-0.0,0.0,-342.0,0.0,-5.0,2526.0,0.0,0.0,0.0,0.0
863146.105,2526.0,2285.0,2285.0,-342.75,-0.0,0.0,-342.0,0.0,-5.0,2526.0,0.0,0.0,0.0,0.0
863156.106,2526.0,2285.0,2285.0,-342.75,-0.0,0.0,-342.0,0.0,-5.0,2526.0,0.0,0.0,0.0,0.0
863166.106,2526.0,2285.0,2285.0,-342.75,-0.0,0.0,-342.0,0.0,-5.0,2526.0,0.0,0.0,0.0,0.0
863176.106,2526.0,2285.0,2285.0,-342.75,-0.0,0.0,-342.0,0.0,-5.0,2526.0,0.0,0.0,0.0,0.0
863186.107,2526.0,2285.0,2285.0,-342.75,-0.0,0.0,-342.0,0.0,-5.0,2526.0,0.0,0.0,0.0,0.0
863196.108,2526.0,2285.0,2285.0,-342.75,-0.0,0.0,-342.0,0.0,-5.0,2526.0,0.0,0.0,0.0,0.0
863206.109,2526.0,2285.0,2285.0,-342.75,-0.0,0.0,-342.0,0.0,-5.0,2526.0,0.0,0.0,0.0,0.0
863216.109,2526.0,2285.0,2285.0,-342.75,-0.0,0.0,-342.0,0.0,-5.0,2526.0,0.0,0.0,0.0,0.0
863226.109,2526.0,2285.0,2285.0,-342.75,-0.0,0.0,-342.0,0.0,-5.0,2526.0,0.0,0.0,0.0,0.0
863236.109,2527.0,2285.0,2285.0,-342.75,-0.0,0.0,-342.0,0.0,-5.0,2526.0,0.0,0.0,0.0,0.0
863246.109,2526.0,2285.0,2285.0,-342.75,-0.0,0.0,-342.0,0.0,-5.0,2526.0,0.0,0.0,0.0,0.0
863256.109,2526.0,2285.0,2285.0,-342.75,-0.0,0.0,-342.0,0.0,-5.0,2526.0,0.0,0.0,0.0,0.0
863266.109,2526.0,2285.0,2285.0,-342.75,-0.0,0.0,-342.0,0.0,-5.0,2526.0,0.0,0.0,0.0,0.0
863276.109,2526.0,2285.0,2285.0,-342.75,-0.0,0.0,-342.0,0.0,-5.0,2526.0,0.0,0.0,0.0,0.0
863286.11,2526.0,2285.0,2285.0,-342.75,-0.0,0.0,-342.0,0.0,-5.0,2526.0,0.0,0.0,0.0,0.0
863296.111,2526.0,2285.0,2285.0,-342.75,-0.0,0.0,-342.0,0.0,-5.0,2526.0,0.0,0.0,0.0,0.0
863307.098,2526.0,2285.0,2285.0,-342.75,-0.0,0.0,-342.0,0.0,-5.0,2526.0,0.0,0.0,0.0,0.0
863317.098,2526.0,2285.0,2285.0,-342.75,-0.0,0.0,-342.0,0.0,-5.0,2526.0,0.0,0.0,0.0,0.0
863327.098,2526.0,2285.0,2285.0,-342.75,-0.0,0.0,-342.0,0.0,-5.0,2526.0,0.0,0.0,0.0,0.0
863337.099,2526.0,2285.0,2285.0,-342.75,-0.0,0.0,-342.0,0.0,-5.0,2526.0,0.0,0.0,0.0,0.0
863347.102,2526.0,2285.0,2285.0,-342.75,-0.0,0.0,-342.0,0.0,-5.0,2526.0,0.0,0.0,0.0,0.0
863357.102,2526.0,2285.0,2285.0,-342.75,-0.0,0.0,-342.0,0.0,-5.0,2526.0,0.0,0.0,0.0,0.0
863367.102,2526.0,2285.0,2285.0,-342.75,-0.0,0.0,-342.0,0.0,-5.0,2526.0,0.0,0.0,0.0,0.0
863377.102,2526.0,2285.0,2285.0,-342.75,-0.0,0.0,-342.0,0.0,-5.0,2526.0,0.0,0.0,0.0,0.0
863387.103,2526.0,2285.0,2285.0,-342.75,-0.0,0.0,-342.0,0.0,-5.0,2526.0,0.0,0.0,0.0,0.0
863397.103,2526.0,2285.0,2285.0,-342.75,-0.0,0.0,-342.0,0.0,-5.0,2526.0,0.0,0.0,0.0,0.0
863407.104,2527.0,2285.0,2285.0,-342.75,-0.0,0.0,-342.0,0.0,-5.0,2526.0,0.0,0.0,0.0,0.0
863417.105,2527.0,2285.0,2285.0,-342.75,-0.0,0.0,-342.0,0.0,-5.0,2526.0,0.0,0.0,0.0,0.0
863427.105,2526.0,2285.0,2285.0,-342.75,-0.0,0.0,-342.0,0.0,-5.0,2526.0,0.0,0.0,0.0,0.0
863437.106,2526.0,2285.0,2285.0,-342.75,-0.0,0.0,-342.0,0.0,-5.0,2526.0,0.0,0.0,0.0,0.0
863447.106,2526.0,2285.0,2285.0,-342.75,-0.0,0.0,-342.0,0.0,-5.0,2526.0,0.0,0.0,0.0,0.0
863457.107,2526.0,2285.0,2285.0,-342.75,-0.0,0.0,-342.0,0.0,-5.0,2526.0,0.0,0.0,0.0,0.0
863467.112,2526.0,2285.0,2285.0,-342.75,-0.0,0.0,-342.0,0.0,-5.0,2526.0,0.0,0.0,0.0,0.0
863477.113,2526.0,2285.0,2285.0,-342.75,-0.0,0.0,-342.0,0.0,-5.0,2526.0,0.0,0.0,0.0,0.0
863487.114,2526.0,2285.0,2285.0,-342.75,-0.0,0.0,-342.0,0.0,-5.0,2526.0,0.0,0.0,0.0,0.0
863497.115,2526.0,2285.0,2285.0,-342.75,-0.0,0.0,-342.0,0.0,-5.0,2526.0,0.0,0.0,0.0,0.0
863507.115,2526.0,2285.0,2285.0,-342.75,-0.0,0.0,-342.0,0.0,-5.0,2526.0,0.0,0.0,0.0,0.0
863517.116,2526.0,2285.0,2285.0,-342.75,-0.0,0.0,-342.0,0.0,-5.0,2526.0,0.0,0.0,0.0,0.0
863527.117,2526.0,2285.0,2285.0,-342.75,-0.0,0.0,-342.0,0.0,-5.0,2526.0,0.0,0.0,0.0,0.0
863537.118,2526.0,2285.0,2285.0,-342.75,-0.0,0.0,-342.0,0.0,-5.0,2526.0,0.0,0.0,0.0,0.0
863547.119,2526.0,2285.0,2285.0,-342.75,-0.0,0.0,-342.0,0.0,-5.0,2526.0,0.0,0.0,0.0,0.0
863557.12,2526.0,2285.0,2285.0,-342.75,-0.0,0.0,-342.0,0.0,-5.0,2526.0,0.0,0.0,0.0,0.0
863567.12,2526.0,2285.0,2285.0,-342.75,-0.0,0.0,-342.0,0.0,-5.0,2526.0,0.0,0.0,0.0,0.0
863577.12,2526.0,2285.0,2285.0,-342.75,-0.0,0.0,-342.0,0.0,-5.0,2526.0,0.0,0.0,0.0,0.0
863587.121,2526.0,2285.0,2285.0,-342.75,-0.0,0.0,-342.0,0.0,-5.0,2526.0,0.0,0.0,0.0,0.0
863597.122,2526.0,2285.0,2285.0,-342.75,-0.0,0.0,-342.0,0.0,-5.0,2526.0,0.0,0.0,0.0,0.0
863607.123,2526.0,2285.0,2285.0,-342.75,-0.0,0.0,-342.0,0.0,-5.0,2526.0,0.0,0.0,0.0,0.0
863617.123,2526.0,2285.0,2285.0,-342.75,-0.0,0.0,-342.0,0.0,-5.0,2526.0,0.0,0.0,0.0,0.0
863628.098,2526.0,2285.0,2285.0,-342.75,-0.0,0.0,-342.0,0.0,-5.0,2526.0,0.0,0.0,0.0,0.0
863638.099,2526.0,2285.0,2285.0,-342.75,-0.0,0.0,-342.0,0.0,-5.0,2526.0,0.0,0.0,0.0,0.0
863648.099,2526.0,2285.0,2285.0,-342.75,-0.0,0.0,-342.0,0.0,-5.0,2526.0,0.0,0.0,0.0,0.0
863658.1,2526.0,2285.0,2285.0,-342.75,-0.0,0.0,-342.0,0.0,-5.0,2526.0,0.0,0.0,0.0,0.0
863668.102,2526.0,2285.0,2285.0,-342.75,-0.0,0.0,-342.0,0.0,-5.0,2526.0,0.0,0.0,0.0,0.0
863678.103,2526.0,2285.0,2285.0,-342.75,-0.0,0.0,-342.0,0.0,-5.0,2526.0,0.0,0.0,0.0,0.0
863688.103,2526.0,2285.0,2285.0,-342.75,-0.0,0.0,-342.0,0.0,-5.0,2526.0,0.0,0.0,0.0,0.0
863699.098,2526.0,2285.0,2285.0,-342.75,-0.0,0.0,-342.0,0.0,-5.0,2526.0,0.0,0.0,0.0,0.0
863710.098,2526.0,2285.0,2285.0,-342.75,-0.0,0.0,-342.0,0.0,-5.0,2526.0,0.0,0.0,0.0,0.0
863720.099,2526.0,2285.0,2285.0,-342.75,-0.0,0.0,-342.0,0.0,-5.0,2526.0,0.0,0.0,0.0,0.0
863730.099,2526.0,2285.0,2285.0,-342.75,-0.0,0.0,-342.0,0.0,-5.0,2526.0,0.0,0.0,0.0,0.0
863740.099,2526.0,2285.0,2285.0,-342.75,-0.0,0.0,-342.0,0.0,-5.0,2526.0,0.0,0.0,0.0,0.0
863751.098,2526.0,2285.0,2285.0,-342.75,-0.0,0.0,-342.0,0.0,-5.0,2526.0,0.0,0.0,0.0,0.0
863761.098,2526.0,2285.0,2285.0,-342.75,-0.0,0.0,-342.0,0.0,-5.0,2526.0,0.0,0.0,0.0,0.0
863771.099,2526.0,2285.0,2285.0,-342.75,-0.0,0.0,-342.0,0.0,-5.0,2526.0,0.0,0.0,0.0,0.0
863781.1,2527.0,2285.0,2285.0,-342.75,-0.0,0.0,-342.0,0.0,-5.0,2527.0,0.0,0.0,0.0,0.0
863791.101,2526.0,2285.0,2285.0,-342.75,-0.0,0.0,-342.0,0.0,-5.0,2527.0,0.0,0.0,0.0,0.0
863802.098,2526.0,2285.0,2285.0,-342.75,-0.0,0.0,-342.0,0.0,-5.0,2527.0,0.0,0.0,0.0,0.0
863812.099,2526.0,2285.0,2285.0,-342.75,-0.0,0.0,-342.0,0.0,-5.0,2527.0,0.0,0.0,0.0,0.0
863822.099,2526.0,2285.0,2285.0,-342.75,-0.0,0.0,-342.0,0.0,-5.0,2527.0,0.0,0.0,0.0,0.0
863832.099,2526.0,2285.0,2285.0,-342.75,-0.0,0.0,-342.0,0.0,-5.0,2527.0,0.0,0.0,0.0,0.0
863842.1,2526.0,2285.0,2285.0,-342.75,-0.0,0.0,-342.0,0.0,-5.0,2527.0,0.0,0.0,0.0,0.0
863852.102,2526.0,2285.0,2285.0,-342.75,-0.0,0.0,-342.0,0.0,-5.0,2527.0,0.0,0.0,0.0,0.0
863862.103,2526.0,2285.0,2285.0,-342.75,-0.0,0.0,-342.0,0.0,-5.0,2527.0,0.0,0.0,0.0,0.0
863872.104,2526.0,2285.0,2285.0,-342.75,-0.0,0.0,-342.0,0.0,-5.0,2527.0,0.0,0.0,0.0,0.0
863882.106,2526.0,2285.0,2285.0,-342.75,-0.0,0.0,-342.0,0.0,-5.0,2526.0,0.0,0.0,0.0,0.0
863892.106,2526.0,2285.0,2285.0,-342.75,-0.0,0.0,-342.0,0.0,-5.0,2526.0,0.0,0.0,0.0,0.0
863902.106,2526.0,2285.0,2285.0,-342.75,-0.0,0.0,-342.0,0.0,-5.0,2526.0,0.0,0.0,0.0,0.0
863912.106,2526.0,2285.0,2285.0,-342.75,-0.0,0.0,-342.0,0.0,-5.0,2526.0,0.0,0.0,0.0,0.0
863922.106,2526.0,2285.0,2285.0,-342.75,-0.0,0.0,-342.0,0.0,-5.0,2526.0,0.0,0.0,0.0,0.0
863932.106,2526.0,2285.0,2285.0,-342.75,-0.0,0.0,-342.0,0.0,-5.0,2526.0,0.0,0.0,0.0,0.0
863942.106,2526.0,2285.0,2285.0,-342.75,-0.0,0.0,-342.0,0.0,-5.0,2526.0,0.0,0.0,0.0,0.0
863952.106,2526.0,2285.0,2285.0,-342.75,-0.0,0.0,-342.0,0.0,-5.0,2526.0,0.0,0.0,0.0,0.0
863962.107,2526.0,2285.0,2285.0,-342.75,-0.0,0.0,-342.0,0.0,-5.0,2526.0,0.0,0.0,0.0,0.0
863972.108,2526.0,2285.0,2285.0,-342.75,-0.0,0.0,-342.0,0.0,-5.0,2526.0,0.0,0.0,0.0,0.0
863982.109,2526.0,2285.0,2285.0,-342.75,-0.0,0.0,-342.0,0.0,-5.0,2526.0,0.0,0.0,0.0,0.0
863992.109,2526.0,2285.0,2285.0,-342.75,-0.0,0.0,-342.0,0.0,-5.0,2526.0,0.0,0.0,0.0,0.0
864003.098,2526.0,2285.0,2285.0,-342.75,-0.0,0.0,-342.0,0.0,-5.0,2526.0,0.0,0.0,0.0,0.0
864013.099,2526.0,2285.0,2285.0,-342.75,-0.0,0.0,-342.0,0.0,-5.0,2526.0,0.0,0.0,0.0,0.0
864023.099,2526.0,2285.0,2285.0,-342.75,-0.0,0.0,-342.0,0.0,-5.0,2526.0,0.0,0.0,0.0,0.0
864033.099,2526.0,2285.0,2285.0,-342.75,-0.0,0.0,-342.0,0.0,-5.0,2526.0,0.0,0.0,0.0,0.0
864043.1,2526.0,2285.0,2285.0,-342.75,-0.0,0.0,-342.0,0.0,-5.0,2526.0,0.0,0.0,0.0,0.0
864053.101,2526.0,2285.0,2285.0,-342.75,-0.0,0.0,-342.0,0.0,-5.0,2526.0,0.0,0.0,0.0,0.0
864063.101,2526.0,2285.0,2285.0,-342.75,-0.0,0.0,-342.0,0.0,-5.0,2526.0,0.0,0.0,0.0,0.0
864073.102,2526.0,2285.0,2285.0,-342.75,-0.0,0.0,-342.0,0.0,-5.0,2526.0,0.0,0.0,0.0,0.0
864083.103,2526.0,2285.0,2285.0,-342.75,-0.0,0.0,-342.0,0.0,-5.0,2526.0,0.0,0.0,0.0,0.0
864093.104,2526.0,2285.0,2285.0,-342.75,-0.0,0.0,-342.0,0.0,-5.0,2526.0,0.0,0.0,0.0,0.0
864104.106,2526.0,2285.0,2285.0,-342.75,-0.0,0.0,-342.0,0.0,-5.0,2526.0,0.0,0.0,0.0,0.0
864114.106,2526.0,2285.0,2285.0,-342.75,-0.0,0.0,-342.0,0.0,-5.0,2526.0,0.0,0.0,0.0,0.0
864124.107,2526.0,2285.0,2285.0,-342.75,-0.0,0.0,-342.0,0.0,-5.0,2526.0,0.0,0.0,0.0,0.0
864134.108,2526.0,2285.0,2285.0,-342.75,-0.0,0.0,-342.0,0.0,-5.0,2526.0,0.0,0.0,0.0,0.0
864144.109,2526.0,2285.0,2285.0,-342.75,-0.0,0.0,-342.0,0.0,-5.0,2526.0,0.0,0.0,0.0,0.0
864154.109,2526.0,2285.0,2285.0,-342.75,-0.0,0.0,-342.0,0.0,-5.0,2526.0,0.0,0.0,0.0,0.0
864164.109,2527.0,2285.0,2285.0,-342.75,-0.0,0.0,-342.0,0.0,-5.0,2526.0,0.0,0.0,0.0,0.0
864174.109,2526.0,2285.0,2285.0,-342.75,-0.0,0.0,-342.0,0.0,-5.0,2526.0,0.0,0.0,0.0,0.0
864184.11,2526.0,2285.0,2285.0,-342.75,-0.0,0.0,-342.0,0.0,-5.0,2526.0,0.0,0.0,0.0,0.0
864194.111,2526.0,2285.0,2285.0,-342.75,-0.0,0.0,-342.0,0.0,-5.0,2526.0,0.0,0.0,0.0,0.0
864204.111,2526.0,2285.0,2285.0,-342.75,-0.0,0.0,-342.0,0.0,-5.0,2526.0,0.0,0.0,0.0,0.0
864214.111,2526.0,2285.0,2285.0,-342.75,-0.0,0.0,-342.0,0.0,-5.0,2526.0,0.0,0.0,0.0,0.0
864225.098,2526.0,2285.0,2285.0,-342.75,-0.0,0.0,-342.0,0.0,-5.0,2526.0,0.0,0.0,0.0,0.0
864235.098,2526.0,2285.0,2285.0,-342.75,-0.0,0.0,-342.0,0.0,-5.0,2526.0,0.0,0.0,0.0,0.0
864245.099,2526.0,2285.0,2285.0,-342.75,-0.0,0.0,-342.0,0.0,-5.0,2526.0,0.0,0.0,0.0,0.0
864255.1,2526.0,2285.0,2285.0,-342.75,-0.0,0.0,-342.0,0.0,-5.0,2526.0,0.0,0.0,0.0,0.0
864265.1,2526.0,2285.0,2285.0,-342.75,-0.0,0.0,-342.0,0.0,-5.0,2526.0,0.0,0.0,0.0,0.0
864275.101,2526.0,2285.0,2285.0,-342.75,-0.0,0.0,-342.0,0.0,-5.0,2526.0,0.0,0.0,0.0,0.0
864285.102,2526.0,2285.0,2285.0,-342.75,-0.0,0.0,-342.0,0.0,-5.0,2526.0,0.0,0.0,0.0,0.0
864295.102,2526.0,2285.0,2285.0,-342.75,-0.0,0.0,-342.0,0.0,-5.0,2526.0,0.0,0.0,0.0,0.0
864305.103,2526.0,2285.0,2285.0,-342.75,-0.0,0.0,-342.0,0.0,-5.0,2526.0,0.0,0.0,0.0,0.0
864315.103,2526.0,2285.0,2285.0,-342.75,-0.0,0.0,-342.0,0.0,-5.0,2526.0,0.0,0.0,0.0,0.0
864325.103,2526.0,2285.0,2285.0,-342.75,-0.0,0.0,-342.0,0.0,-5.0,2526.0,0.0,0.0,0.0,0.0
864335.103,2526.0,2285.0,2285.0,-342.75,-0.0,0.0,-342.0,0.0,-5.0,2526.0,0.0,0.0,0.0,0.0
864345.104,2527.0,2285.0,2285.0,-342.75,-0.0,0.0,-342.0,0.0,-5.0,2526.0,0.0,0.0,0.0,0.0
864355.104,2526.0,2285.0,2285.0,-342.75,-0.0,0.0,-342.0,0.0,-5.0,2526.0,0.0,0.0,0.0,0.0
864365.105,2526.0,2285.0,2285.0,-342.75,-0.0,0.0,-342.0,0.0,-5.0,2526.0,0.0,0.0,0.0,0.0
864376.098,2526.0,2285.0,2285.0,-342.75,-0.0,0.0,-342.0,0.0,-5.0,2526.0,0.0,0.0,0.0,0.0
864386.099,2527.0,2285.0,2285.0,-342.75,-0.0,0.0,-342.0,0.0,-5.0,2527.0,0.0,0.0,0.0,0.0
864396.099,2527.0,2285.0,2285.0,-342.75,-0.0,0.0,-342.0,0.0,-5.0,2527.0,0.0,0.0,0.0,0.0
864406.1,2526.0,2285.0,2285.0,-342.75,-0.0,0.0,-342.0,0.0,-5.0,2527.0,0.0,0.0,0.0,0.0
864416.1,2526.0,2285.0,2285.0,-342.75,-0.0,0.0,-342.0,0.0,-5.0,2527.0,0.0,0.0,0.0,0.0
864426.101,2526.0,2285.0,2285.0,-342.75,-0.0,0.0,-342.0,0.0,-5.0,2527.0,0.0,0.0,0.0,0.0
864436.102,2526.0,2285.0,2285.0,-342.75,-0.0,0.0,-342.0,0.0,-5.0,2527.0,0.0,0.0,0.0,0.0
864446.102,2526.0,2285.0,2285.0,-342.75,-0.0,0.0,-342.0,0.0,-5.0,2527.0,0.0,0.0,0.0,0.0
864456.103,2527.0,2285.0,2285.0,-342.75,-0.0,0.0,-342.0,0.0,-5.0,2527.0,0.0,0.0,0.0,0.0
864466.103,2526.0,2285.0,2285.0,-342.75,-0.0,0.0,-342.0,0.0,-5.0,2527.0,0.0,0.0,0.0,0.0
864476.103,2527.0,2285.0,2285.0,-342.75,-0.0,0.0,-342.0,0.0,-5.0,2527.0,0.0,0.0,0.0,0.0
864486.104,2526.0,2285.0,2285.0,-342.75,-0.0,0.0,-342.0,0.0,-5.0,2526.0,0.0,0.0,0.0,0.0
864496.105,2526.0,2285.0,2285.0,-342.75,-0.0,0.0,-342.0,0.0,-5.0,2526.0,0.0,0.0,0.0,0.0
864506.106,2527.0,2285.0,2285.0,-342.75,-0.0,0.0,-342.0,0.0,-5.0,2526.0,0.0,0.0,0.0,0.0
864516.106,2526.0,2285.0,2285.0,-342.75,-0.0,0.0,-342.0,0.0,-5.0,2526.0,0.0,0.0,0.0,0.0
864526.106,2526.0,2285.0,2285.0,-342.75,-0.0,0.0,-342.0,0.0,-5.0,2526.0,0.0,0.0,0.0,0.0
864536.106,2526.0,2285.0,2285.0,-342.75,-0.0,0.0,-342.0,0.0,-5.0,2526.0,0.0,0.0,0.0,0.0
864546.106,2526.0,2285.0,2285.0,-342.75,-0.0,0.0,-342.0,0.0,-5.0,2526.0,0.0,0.0,0.0,0.0
864556.106,2526.0,2285.0,2285.0,-342.75,-0.0,0.0,-342.0,0.0,-5.0,2526.0,0.0,0.0,0.0,0.0
864566.106,2526.0,2285.0,2285.0,-342.75,-0.0,0.0,-342.0,0.0,-5.0,2526.0,0.0,0.0,0.0,0.0
864576.107,2526.0,2285.0,2285.0,-342.75,-0.0,0.0,-342.0,0.0,-5.0,2526.0,0.0,0.0,0.0,0.0
864586.108,2526.0,2285.0,2285.0,-342.75,-0.0,0.0,-342.0,0.0,-5.0,2526.0,0.0,0.0,0.0,0.0
864596.108,2526.0,2285.0,2285.0,-342.75,-0.0,0.0,-342.0,0.0,-5.0,2526.0,0.0,0.0,0.0,0.0
864606.108,2526.0,2285.0,2285.0,-342.75,-0.0,0.0,-342.0,0.0,-5.0,2526.0,0.0,0.0,0.0,0.0
864617.098,2526.0,2285.0,2285.0,-342.75,-0.0,0.0,-342.0,0.0,-5.0,2526.0,0.0,0.0,0.0,0.0
864627.099,2526.0,2285.0,2285.0,-342.75,-0.0,0.0,-342.0,0.0,-5.0,2526.0,0.0,0.0,0.0,0.0
864637.1,2526.0,2285.0,2285.0,-342.75,-0.0,0.0,-342.0,0.0,-5.0,2526.0,0.0,0.0,0.0,0.0
864647.101,2526.0,2285.0,2285.0,-342.75,-0.0,0.0,-342.0,0.0,-5.0,2526.0,0.0,0.0,0.0,0.0
864657.102,2527.0,2285.0,2285.0,-342.75,-0.0,0.0,-342.0,0.0,-5.0,2526.0,0.0,0.0,0.0,0.0
864667.105,2526.0,2285.0,2285.0,-342.75,-0.0,0.0,-342.0,0.0,-5.0,2526.0,0.0,0.0,0.0,0.0
864677.106,2526.0,2285.0,2285.0,-342.75,-0.0,0.0,-342.0,0.0,-5.0,2526.0,0.0,0.0,0.0,0.0
864687.106,2526.0,2285.0,2285.0,-342.75,-0.0,0.0,-342.0,0.0,-5.0,2526.0,0.0,0.0,0.0,0.0
864697.106,2526.0,2285.0,2285.0,-342.75,-0.0,0.0,-342.0,0.0,-5.0,2526.0,0.0,0.0,0.0,0.0
864707.107,2526.0,2285.0,2285.0,-342.75,-0.0,0.0,-342.0,0.0,-5.0,2526.0,0.0,0.0,0.0,0.0
864717.108,2526.0,2285.0,2285.0,-342.75,-0.0,0.0,-342.0,0.0,-5.0,2526.0,0.0,0.0,0.0,0.0
864727.108,2526.0,2285.0,2285.0,-342.75,-0.0,0.0,-342.0,0.0,-5.0,2526.0,0.0,0.0,0.0,0.0
864737.109,2526.0,2285.0,2285.0,-342.75,-0.0,0.0,-342.0,0.0,-5.0,2526.0,0.0,0.0,0.0,0.0
864747.11,2526.0,2285.0,2285.0,-342.75,-0.0,0.0,-342.0,0.0,-5.0,2526.0,0.0,0.0,0.0,0.0
864757.111,2526.0,2285.0,2285.0,-342.75,-0.0,0.0,-342.0,0.0,-5.0,2526.0,0.0,0.0,0.0,0.0
864767.112,2526.0,2285.0,2285.0,-342.75,-0.0,0.0,-342.0,0.0,-5.0,2526.0,0.0,0.0,0.0,0.0
864777.113,2526.0,2285.0,2285.0,-342.75,-0.0,0.0,-342.0,0.0,-5.0,2526.0,0.0,0.0,0.0,0.0
864787.113,2526.0,2285.0,2285.0,-342.75,-0.0,0.0,-342.0,0.0,-5.0,2526.0,0.0,0.0,0.0,0.0
864797.113,2526.0,2285.0,2285.0,-342.75,-0.0,0.0,-342.0,0.0,-5.0,2526.0,0.0,0.0,0.0,0.0
864807.114,2526.0,2285.0,2285.0,-342.75,-0.0,0.0,-342.0,0.0,-5.0,2526.0,0.0,0.0,0.0,0.0
864817.114,2526.0,2285.0,2285.0,-342.75,-0.0,0.0,-342.0,0.0,-5.0,2526.0,0.0,0.0,0.0,0.0
864827.115,2526.0,2285.0,2285.0,-342.75,-0.0,0.0,-342.0,0.0,-5.0,2526.0,0.0,0.0,0.0,0.0
864837.115,2526.0,2285.0,2285.0,-342.75,-0.0,0.0,-342.0,0.0,-5.0,2526.0,0.0,0.0,0.0,0.0
864847.115,2526.0,2285.0,2285.0,-342.75,-0.0,0.0,-342.0,0.0,-5.0,2526.0,0.0,0.0,0.0,0.0
864857.116,2526.0,2285.0,2285.0,-342.75,-0.0,0.0,-342.0,0.0,-5.0,2526.0,0.0,0.0,0.0,0.0
864867.117,2527.0,2285.0,2285.0,-342.75,-0.0,0.0,-342.0,0.0,-5.0,2526.0,0.0,0.0,0.0,0.0
864877.117,2526.0,2285.0,2285.0,-342.75,-0.0,0.0,-342.0,0.0,-5.0,2526.0,0.0,0.0,0.0,0.0
864887.117,2527.0,2285.0,2285.0,-342.75,-0.0,0.0,-342.0,0.0,-5.0,2527.0,0.0,0.0,0.0,0.0
864897.118,2527.0,2285.0,2285.0,-342.75,-0.0,0.0,-342.0,0.0,-5.0,2527.0,0.0,0.0,0.0,0.0
864907.118,2526.0,2285.0,2285.0,-342.75,-0.0,0.0,-342.0,0.0,-5.0,2527.0,0.0,0.0,0.0,0.0
864917.119,2526.0,2285.0,2285.0,-342.75,-0.0,0.0,-342.0,0.0,-5.0,2527.0,0.0,0.0,0.0,0.0
864927.12,2526.0,2285.0,2285.0,-342.75,-0.0,0.0,-342.0,0.0,-5.0,2527.0,0.0,0.0,0.0,0.0
864937.121,2526.0,2285.0,2285.0,-342.75,-0.0,0.0,-342.0,0.0,-5.0,2527.0,0.0,0.0,0.0,0.0
864947.121,2526.0,2285.0,2285.0,-342.75,-0.0,0.0,-342.0,0.0,-5.0,2527.0,0.0,0.0,0.0,0.0
864957.122,2526.0,2285.0,2285.0,-342.75,-0.0,0.0,-342.0,0.0,-5.0,2527.0,0.0,0.0,0.0,0.0
864967.123,2526.0,2285.0,2285.0,-342.75,-0.0,0.0,-342.0,0.0,-5.0,2527.0,0.0,0.0,0.0,0.0
864977.124,2526.0,2285.0,2285.0,-342.75,-0.0,0.0,-342.0,0.0,-5.0,2527.0,0.0,0.0,0.0,0.0
864987.125,2526.0,2285.0,2285.0,-342.75,-0.0,0.0,-342.0,0.0,-5.0,2526.0,0.0,0.0,0.0,0.0
864997.125,2527.0,2285.0,2285.0,-342.75,-0.0,0.0,-342.0,0.0,-5.0,2526.0,0.0,0.0,0.0,0.0
865007.126,2526.0,2285.0,2285.0,-342.75,-0.0,0.0,-342.0,0.0,-5.0,2526.0,0.0,0.0,0.0,0.0
865017.126,2526.0,2285.0,2285.0,-342.75,-0.0,0.0,-342.0,0.0,-5.0,2526.0,0.0,0.0,0.0,0.0
865027.127,2526.0,2285.0,2285.0,-342.75,-0.0,0.0,-342.0,0.0,-5.0,2526.0,0.0,0.0,0.0,0.0
865037.127,2526.0,2285.0,2285.0,-342.75,-0.0,0.0,-342.0,0.0,-5.0,2526.0,0.0,0.0,0.0,0.0
865047.128,2526.0,2285.0,2285.0,-342.75,-0.0,0.0,-342.0,0.0,-5.0,2526.0,0.0,0.0,0.0,0.0
865057.128,2526.0,2285.0,2285.0,-342.75,-0.0,0.0,-342.0,0.0,-5.0,2526.0,0.0,0.0,0.0,0.0
865067.128,2527.0,2285.0,2285.0,-342.75,-0.0,0.0,-342.0,0.0,-5.0,2526.0,0.0,0.0,0.0,0.0
865077.129,2526.0,2285.0,2285.0,-342.75,-0.0,0.0,-342.0,0.0,-5.0,2526.0,0.0,0.0,0.0,0.0
865087.129,2526.0,2285.0,2285.0,-342.75,-0.0,0.0,-342.0,0.0,-5.0,2526.0,0.0,0.0,0.0,0.0
865097.129,2526.0,2285.0,2285.0,-342.75,-0.0,0.0,-342.0,0.0,-5.0,2526.0,0.0,0.0,0.0,0.0
865107.129,2526.0,2285.0,2285.0,-342.75,-0.0,0.0,-342.0,0.0,-5.0,2526.0,0.0,0.0,0.0,0.0
865117.129,2526.0,2285.0,2285.0,-342.75,-0.0,0.0,-342.0,0.0,-5.0,2526.0,0.0,0.0,0.0,0.0
865127.13,2527.0,2285.0,2285.0,-342.75,-0.0,0.0,-342.0,0.0,-5.0,2526.0,0.0,0.0,0.0,0.0
865137.13,2526.0,2285.0,2285.0,-342.75,-0.0,0.0,-342.0,0.0,-5.0,2526.0,0.0,0.0,0.0,0.0
865147.131,2527.0,2285.0,2285.0,-342.75,-0.0,0.0,-342.0,0.0,-5.0,2526.0,0.0,0.0,0.0,0.0
865157.132,2527.0,2285.0,2285.0,-342.75,-0.0,0.0,-342.0,0.0,-5.0,2526.0,0.0,0.0,0.0,0.0
865167.132,2526.0,2285.0,2285.0,-342.75,-0.0,0.0,-342.0,0.0,-5.0,2526.0,0.0,0.0,0.0,0.0
865177.132,2527.0,2285.0,2285.0,-342.75,-0.0,0.0,-342.0,0.0,-5.0,2526.0,0.0,0.0,0.0,0.0
865187.133,2526.0,2285.0,2285.0,-342.75,-0.0,0.0,-342.0,0.0,-5.0,2526.0,0.0,0.0,0.0,0.0
865197.134,2526.0,2285.0,2285.0,-342.75,-0.0,0.0,-342.0,0.0,-5.0,2526.0,0.0,0.0,0.0,0.0
865207.135,2526.0,2285.0,2285.0,-342.75,-0.0,0.0,-342.0,0.0,-5.0,2526.0,0.0,0.0,0.0,0.0
865217.136,2526.0,2285.0,2285.0,-342.75,-0.0,0.0,-342.0,0.0,-5.0,2526.0,0.0,0.0,0.0,0.0
865227.137,2526.0,2285.0,2285.0,-342.75,-0.0,0.0,-342.0,0.0,-5.0,2526.0,0.0,0.0,0.0,0.0
865237.138,2526.0,2285.0,2285.0,-342.75,-0.0,0.0,-342.0,0.0,-5.0,2526.0,0.0,0.0,0.0,0.0
865247.139,2527.0,2285.0,2285.0,-342.75,-0.0,0.0,-342.0,0.0,-5.0,2526.0,0.0,0.0,0.0,0.0
865257.139,2527.0,2285.0,2285.0,-342.75,-0.0,0.0,-342.0,0.0,-5.0,2526.0,0.0,0.0,0.0,0.0
865267.14,2526.0,2285.0,2285.0,-342.75,-0.0,0.0,-342.0,0.0,-5.0,2526.0,0.0,0.0,0.0,0.0
865277.14,2526.0,2285.0,2285.0,-342.75,-0.0,0.0,-342.0,0.0,-5.0,2526.0,0.0,0.0,0.0,0.0
865287.14,2526.0,2285.0,2285.0,-342.75,-0.0,0.0,-342.0,0.0,-5.0,2526.0,0.0,0.0,0.0,0.0
865297.141,2526.0,2285.0,2285.0,-342.75,-0.0,0.0,-342.0,0.0,-5.0,2526.0,0.0,0.0,0.0,0.0
865307.142,2526.0,2285.0,2285.0,-342.75,-0.0,0.0,-342.0,0.0,-5.0,2526.0,0.0,0.0,0.0,0.0
865317.142,2526.0,2285.0,2285.0,-342.75,-0.0,0.0,-342.0,0.0,-5.0,2526.0,0.0,0.0,0.0,0.0
865327.143,2526.0,2285.0,2285.0,-342.75,-0.0,0.0,-342.0,0.0,-5.0,2526.0,0.0,0.0,0.0,0.0
865337.143,2527.0,2285.0,2285.0,-342.75,-0.0,0.0,-342.0,0.0,-5.0,2526.0,0.0,0.0,0.0,0.0
865347.143,2526.0,2285.0,2285.0,-342.75,-0.0,0.0,-342.0,0.0,-5.0,2526.0,0.0,0.0,0.0,0.0
865357.143,2526.0,2285.0,2285.0,-342.75,-0.0,0.0,-342.0,0.0,-5.0,2526.0,0.0,0.0,0.0,0.0
865367.144,2526.0,2285.0,2285.0,-342.75,-0.0,0.0,-342.0,0.0,-5.0,2526.0,0.0,0.0,0.0,0.0
865377.144,2526.0,2285.0,2285.0,-342.75,-0.0,0.0,-342.0,0.0,-5.0,2526.0,0.0,0.0,0.0,0.0
865387.145,2526.0,2285.0,2285.0,-342.75,-0.0,0.0,-342.0,0.0,-5.0,2526.0,0.0,0.0,0.0,0.0
865397.145,2526.0,2285.0,2285.0,-342.75,-0.0,0.0,-342.0,0.0,-5.0,2526.0,0.0,0.0,0.0,0.0
865408.041,2526.0,2285.0,2285.0,-342.75,-0.0,0.0,-342.0,0.0,-5.0,2526.0,0.0,0.0,0.0,0.0
865418.041,2526.0,2285.0,2285.0,-342.75,-0.0,0.0,-342.0,0.0,-5.0,2526.0,0.0,0.0,0.0,0.0
865428.041,2526.0,2285.0,2285.0,-342.75,-0.0,0.0,-342.0,0.0,-5.0,2526.0,0.0,0.0,0.0,0.0
865438.042,2526.0,2285.0,2285.0,-342.75,-0.0,0.0,-342.0,0.0,-5.0,2526.0,0.0,0.0,0.0,0.0
865448.043,2527.0,2285.0,2285.0,-342.75,-0.0,0.0,-342.0,0.0,-5.0,2526.0,0.0,0.0,0.0,0.0
865458.044,2526.0,2285.0,2285.0,-342.75,-0.0,0.0,-342.0,0.0,-5.0,2526.0,0.0,0.0,0.0,0.0
865468.044,2526.0,2285.0,2285.0,-342.75,-0.0,0.0,-342.0,0.0,-5.0,2526.0,0.0,0.0,0.0,0.0
865478.044,2526.0,2285.0,2285.0,-342.75,-0.0,0.0,-342.0,0.0,-5.0,2526.0,0.0,0.0,0.0,0.0
865488.044,2526.0,2285.0,2285.0,-342.75,-0.0,0.0,-342.0,0.0,-5.0,2526.0,0.0,0.0,0.0,0.0
865498.044,2527.0,2285.0,2285.0,-342.75,-0.0,0.0,-342.0,0.0,-5.0,2526.0,0.0,0.0,0.0,0.0
865508.044,2526.0,2285.0,2285.0,-342.75,-0.0,0.0,-342.0,0.0,-5.0,2526.0,0.0,0.0,0.0,0.0
865518.045,2526.0,2285.0,2285.0,-342.75,-0.0,0.0,-342.0,0.0,-5.0,2526.0,0.0,0.0,0.0,0.0
865529.106,2526.0,2285.0,2285.0,-342.75,-0.0,0.0,-342.0,0.0,-5.0,2526.0,0.0,0.0,0.0,0.0
865539.106,2526.0,2285.0,2285.0,-342.75,-0.0,0.0,-342.0,0.0,-5.0,2526.0,0.0,0.0,0.0,0.0
865549.107,2526.0,2285.0,2285.0,-342.75,-0.0,0.0,-342.0,0.0,-5.0,2526.0,0.0,0.0,0.0,0.0
865559.107,2526.0,2285.0,2285.0,-342.75,-0.0,0.0,-342.0,0.0,-5.0,2526.0,0.0,0.0,0.0,0.0
865569.108,2526.0,2285.0,2285.0,-342.75,-0.0,0.0,-342.0,0.0,-5.0,2526.0,0.0,0.0,0.0,0.0
865579.109,2527.0,2285.0,2285.0,-342.75,-0.0,0.0,-342.0,0.0,-5.0,2526.0,0.0,0.0,0.0,0.0
865589.109,2526.0,2285.0,2285.0,-342.75,-0.0,0.0,-342.0,0.0,-5.0,2526.0,0.0,0.0,0.0,0.0
865599.109,2526.0,2285.0,2285.0,-342.75,-0.0,0.0,-342.0,0.0,-5.0,2526.0,0.0,0.0,0.0,0.0
865609.109,2526.0,2285.0,2285.0,-342.75,-0.0,0.0,-342.0,0.0,-5.0,2526.0,0.0,0.0,0.0,0.0
865619.11,2526.0,2285.0,2285.0,-342.75,-0.0,0.0,-342.0,0.0,-5.0,2526.0,0.0,0.0,0.0,0.0
865629.11,2526.0,2285.0,2285.0,-342.75,-0.0,0.0,-342.0,0.0,-5.0,2526.0,0.0,0.0,0.0,0.0
865639.11,2526.0,2285.0,2285.0,-342.75,-0.0,0.0,-342.0,0.0,-5.0,2526.0,0.0,0.0,0.0,0.0
865649.11,2526.0,2285.0,2285.0,-342.75,-0.0,0.0,-342.0,0.0,-5.0,2526.0,0.0,0.0,0.0,0.0
865659.11,2526.0,2285.0,2285.0,-342.75,-0.0,0.0,-342.0,0.0,-5.0,2526.0,0.0,0.0,0.0,0.0
865669.11,2526.0,2285.0,2285.0,-342.75,-0.0,0.0,-342.0,0.0,-5.0,2526.0,0.0,0.0,0.0,0.0
865679.11,2526.0,2285.0,2285.0,-342.75,-0.0,0.0,-342.0,0.0,-5.0,2526.0,0.0,0.0,0.0,0.0
865689.11,2526.0,2285.0,2285.0,-342.75,-0.0,0.0,-342.0,0.0,-5.0,2526.0,0.0,0.0,0.0,0.0
865699.11,2526.0,2285.0,2285.0,-342.75,-0.0,0.0,-342.0,0.0,-5.0,2526.0,0.0,0.0,0.0,0.0
865709.111,2526.0,2285.0,2285.0,-342.75,-0.0,0.0,-342.0,0.0,-5.0,2526.0,0.0,0.0,0.0,0.0
865719.111,2526.0,2285.0,2285.0,-342.75,-0.0,0.0,-342.0,0.0,-5.0,2526.0,0.0,0.0,0.0,0.0
865729.111,2526.0,2285.0,2285.0,-342.75,-0.0,0.0,-342.0,0.0,-5.0,2526.0,0.0,0.0,0.0,0.0
865739.112,2526.0,2285.0,2285.0,-342.75,-0.0,0.0,-342.0,0.0,-5.0,2526.0,0.0,0.0,0.0,0.0
865749.112,2526.0,2285.0,2285.0,-342.75,-0.0,0.0,-342.0,0.0,-5.0,2526.0,0.0,0.0,0.0,0.0
865759.113,2526.0,2285.0,2285.0,-342.75,-0.0,0.0,-342.0,0.0,-5.0,2526.0,0.0,0.0,0.0,0.0
865769.114,2526.0,2285.0,2285.0,-342.75,-0.0,0.0,-342.0,0.0,-5.0,2526.0,0.0,0.0,0.0,0.0
865779.114,2526.0,2285.0,2285.0,-342.75,-0.0,0.0,-342.0,0.0,-5.0,2526.0,0.0,0.0,0.0,0.0
865789.115,2526.0,2285.0,2285.0,-342.75,-0.0,0.0,-342.0,0.0,-5.0,2526.0,0.0,0.0,0.0,0.0
865799.115,2526.0,2285.0,2285.0,-342.75,-0.0,0.0,-342.0,0.0,-5.0,2526.0,0.0,0.0,0.0,0.0
865809.115,2526.0,2285.0,2285.0,-342.75,-0.0,0.0,-342.0,0.0,-5.0,2526.0,0.0,0.0,0.0,0.0
865819.115,2526.0,2285.0,2285.0,-342.75,-0.0,0.0,-342.0,0.0,-5.0,2526.0,0.0,0.0,0.0,0.0
865829.116,2526.0,2285.0,2285.0,-342.75,-0.0,0.0,-342.0,0.0,-5.0,2526.0,0.0,0.0,0.0,0.0
865839.117,2526.0,2285.0,2285.0,-342.75,-0.0,0.0,-342.0,0.0,-5.0,2526.0,0.0,0.0,0.0,0.0
865849.118,2526.0,2285.0,2285.0,-342.75,-0.0,0.0,-342.0,0.0,-5.0,2526.0,0.0,0.0,0.0,0.0
865859.123,2527.0,2285.0,2285.0,-342.75,-0.0,0.0,-342.0,0.0,-5.0,2526.0,0.0,0.0,0.0,0.0
865869.123,2526.0,2285.0,2285.0,-342.75,-0.0,0.0,-342.0,0.0,-5.0,2526.0,0.0,0.0,0.0,0.0
865879.123,2526.0,2285.0,2285.0,-342.75,-0.0,0.0,-342.0,0.0,-5.0,2526.0,0.0,0.0,0.0,0.0
865889.124,2527.0,2285.0,2285.0,-342.75,-0.0,0.0,-342.0,0.0,-5.0,2526.0,0.0,0.0,0.0,0.0
865899.125,2526.0,2285.0,2285.0,-342.75,-0.0,0.0,-342.0,0.0,-5.0,2526.0,0.0,0.0,0.0,0.0
865909.125,2526.0,2285.0,2285.0,-342.75,-0.0,0.0,-342.0,0.0,-5.0,2526.0,0.0,0.0,0.0,0.0
865919.125,2526.0,2285.0,2285.0,-342.75,-0.0,0.0,-342.0,0.0,-5.0,2526.0,0.0,0.0,0.0,0.0
865929.125,2526.0,2285.0,2285.0,-342.75,-0.0,0.0,-342.0,0.0,-5.0,2526.0,0.0,0.0,0.0,0.0
865939.125,2526.0,2285.0,2285.0,-342.75,-0.0,0.0,-342.0,0.0,-5.0,2526.0,0.0,0.0,0.0,0.0
865949.125,2526.0,2285.0,2285.0,-342.75,-0.0,0.0,-342.0,0.0,-5.0,2526.0,0.0,0.0,0.0,0.0
865959.126,2526.0,2285.0,2285.0,-342.75,-0.0,0.0,-342.0,0.0,-5.0,2526.0,0.0,0.0,0.0,0.0
865969.127,2526.0,2285.0,2285.0,-342.75,-0.0,0.0,-342.0,0.0,-5.0,2526.0,0.0,0.0,0.0,0.0
865979.128,2526.0,2285.0,2285.0,-342.75,-0.0,0.0,-342.0,0.0,-5.0,2526.0,0.0,0.0,0.0,0.0
865989.128,2526.0,2285.0,2285.0,-342.75,-0.0,0.0,-342.0,0.0,-5.0,2526.0,0.0,0.0,0.0,0.0
865999.129,2527.0,2285.0,2285.0,-342.75,-0.0,0.0,-342.0,0.0,-5.0,2527.0,0.0,0.0,0.0,0.0
866009.129,2526.0,2285.0,2285.0,-342.75,-0.0,0.0,-342.0,0.0,-5.0,2527.0,0.0,0.0,0.0,0.0
866019.13,2526.0,2285.0,2285.0,-342.75,-0.0,0.0,-342.0,0.0,-5.0,2527.0,0.0,0.0,0.0,0.0
866029.13,2526.0,2285.0,2285.0,-342.75,-0.0,0.0,-342.0,0.0,-5.0,2527.0,0.0,0.0,0.0,0.0
866039.131,2526.0,2285.0,2285.0,-342.75,-0.0,0.0,-342.0,0.0,-5.0,2527.0,0.0,0.0,0.0,0.0
866049.132,2526.0,2285.0,2285.0,-342.75,-0.0,0.0,-342.0,0.0,-5.0,2527.0,0.0,0.0,0.0,0.0
866059.132,2526.0,2285.0,2285.0,-342.75,-0.0,0.0,-342.0,0.0,-5.0,2527.0,0.0,0.0,0.0,0.0
866069.133,2526.0,2285.0,2285.0,-342.75,-0.0,0.0,-342.0,0.0,-5.0,2527.0,0.0,0.0,0.0,0.0
866079.134,2526.0,2285.0,2285.0,-342.75,-0.0,0.0,-342.0,0.0,-5.0,2527.0,0.0,0.0,0.0,0.0
866089.135,2526.0,2285.0,2285.0,-342.75,-0.0,0.0,-342.0,0.0,-5.0,2527.0,0.0,0.0,0.0,0.0
866099.135,2527.0,2285.0,2285.0,-342.75,-0.0,0.0,-342.0,0.0,-5.0,2527.0,0.0,0.0,0.0,0.0
866109.137,2526.0,2285.0,2285.0,-342.75,-0.0,0.0,-342.0,0.0,-5.0,2527.0,0.0,0.0,0.0,0.0
866119.137,2526.0,2285.0,2285.0,-342.75,-0.0,0.0,-342.0,0.0,-5.0,2527.0,0.0,0.0,0.0,0.0
866129.137,2526.0,2285.0,2285.0,-342.75,-0.0,0.0,-342.0,0.0,-5.0,2527.0,0.0,0.0,0.0,0.0
866139.137,2526.0,2285.0,2285.0,-342.75,-0.0,0.0,-342.0,0.0,-5.0,2527.0,0.0,0.0,0.0,0.0
866149.137,2527.0,2285.0,2285.0,-342.75,-0.0,0.0,-342.0,0.0,-5.0,2527.0,0.0,0.0,0.0,0.0
866159.138,2526.0,2285.0,2285.0,-342.75,-0.0,0.0,-342.0,0.0,-5.0,2527.0,0.0,0.0,0.0,0.0
866169.138,2526.0,2285.0,2285.0,-342.75,-0.0,0.0,-342.0,0.0,-5.0,2527.0,0.0,0.0,0.0,0.0
866179.138,2526.0,2285.0,2285.0,-342.75,-0.0,0.0,-342.0,0.0,-5.0,2527.0,0.0,0.0,0.0,0.0
866189.139,2527.0,2285.0,2285.0,-342.75,-0.0,0.0,-342.0,0.0,-5.0,2527.0,0.0,0.0,0.0,0.0
866199.139,2526.0,2285.0,2285.0,-342.75,-0.0,0.0,-342.0,0.0,-5.0,2526.0,0.0,0.0,0.0,0.0
866209.14,2526.0,2285.0,2285.0,-342.75,-0.0,0.0,-342.0,0.0,-5.0,2526.0,0.0,0.0,0.0,0.0
866219.141,2526.0,2285.0,2285.0,-342.75,-0.0,0.0,-342.0,0.0,-5.0,2526.0,0.0,0.0,0.0,0.0
866229.142,2526.0,2285.0,2285.0,-342.75,-0.0,0.0,-342.0,0.0,-5.0,2526.0,0.0,0.0,0.0,0.0
866239.142,2526.0,2285.0,2285.0,-342.75,-0.0,0.0,-342.0,0.0,-5.0,2526.0,0.0,0.0,0.0,0.0
866249.142,2526.0,2285.0,2285.0,-342.75,-0.0,0.0,-342.0,0.0,-5.0,2526.0,0.0,0.0,0.0,0.0
866259.143,2526.0,2285.0,2285.0,-342.75,-0.0,0.0,-342.0,0.0,-5.0,2526.0,0.0,0.0,0.0,0.0
866269.144,2527.0,2285.0,2285.0,-342.75,-0.0,0.0,-342.0,0.0,-5.0,2526.0,0.0,0.0,0.0,0.0
866279.144,2526.0,2285.0,2285.0,-342.75,-0.0,0.0,-342.0,0.0,-5.0,2526.0,0.0,0.0,0.0,0.0
866289.145,2526.0,2285.0,2285.0,-342.75,-0.0,0.0,-342.0,0.0,-5.0,2526.0,0.0,0.0,0.0,0.0
866299.146,2526.0,2285.0,2285.0,-342.75,-0.0,0.0,-342.0,0.0,-5.0,2526.0,0.0,0.0,0.0,0.0
866309.147,2526.0,2285.0,2285.0,-342.75,-0.0,0.0,-342.0,0.0,-5.0,2526.0,0.0,0.0,0.0,0.0
866319.148,2526.0,2285.0,2285.0,-342.75,-0.0,0.0,-342.0,0.0,-5.0,2526.0,0.0,0.0,0.0,0.0
866329.15,2526.0,2285.0,2285.0,-342.75,-0.0,0.0,-342.0,0.0,-5.0,2526.0,0.0,0.0,0.0,0.0
866339.15,2526.0,2285.0,2285.0,-342.75,-0.0,0.0,-342.0,0.0,-5.0,2526.0,0.0,0.0,0.0,0.0
866349.151,2526.0,2285.0,2285.0,-342.75,-0.0,0.0,-342.0,0.0,-5.0,2526.0,0.0,0.0,0.0,0.0
866359.151,2526.0,2285.0,2285.0,-342.75,-0.0,0.0,-342.0,0.0,-5.0,2526.0,0.0,0.0,0.0,0.0
866369.152,2526.0,2285.0,2285.0,-342.75,-0.0,0.0,-342.0,0.0,-5.0,2526.0,0.0,0.0,0.0,0.0
866379.153,2526.0,2285.0,2285.0,-342.75,-0.0,0.0,-342.0,0.0,-5.0,2526.0,0.0,0.0,0.0,0.0
866389.153,2526.0,2285.0,2285.0,-342.75,-0.0,0.0,-342.0,0.0,-5.0,2526.0,0.0,0.0,0.0,0.0
866399.154,2527.0,2285.0,2285.0,-342.75,-0.0,0.0,-342.0,0.0,-5.0,2527.0,0.0,0.0,0.0,0.0
866409.154,2526.0,2285.0,2285.0,-342.75,-0.0,0.0,-342.0,0.0,-5.0,2527.0,0.0,0.0,0.0,0.0
866419.154,2527.0,2285.0,2285.0,-342.75,-0.0,0.0,-342.0,0.0,-5.0,2527.0,0.0,0.0,0.0,0.0
866429.155,2526.0,2285.0,2285.0,-342.75,-0.0,0.0,-342.0,0.0,-5.0,2527.0,0.0,0.0,0.0,0.0
866439.155,2526.0,2285.0,2285.0,-342.75,-0.0,0.0,-342.0,0.0,-5.0,2527.0,0.0,0.0,0.0,0.0
866450.04,2526.0,2285.0,2285.0,-342.75,-0.0,0.0,-342.0,0.0,-5.0,2527.0,0.0,0.0,0.0,0.0
866460.041,2526.0,2285.0,2285.0,-342.75,-0.0,0.0,-342.0,0.0,-5.0,2527.0,0.0,0.0,0.0,0.0
866470.041,2526.0,2285.0,2285.0,-342.75,-0.0,0.0,-342.0,0.0,-5.0,2527.0,0.0,0.0,0.0,0.0
866480.042,2526.0,2285.0,2285.0,-342.75,-0.0,0.0,-342.0,0.0,-5.0,2527.0,0.0,0.0,0.0,0.0
866490.043,2527.0,2285.0,2285.0,-342.75,-0.0,0.0,-342.0,0.0,-5.0,2527.0,0.0,0.0,0.0,0.0
866500.044,2526.0,2285.0,2285.0,-342.75,-0.0,0.0,-342.0,0.0,-5.0,2526.0,0.0,0.0,0.0,0.0
866510.044,2526.0,2285.0,2285.0,-342.75,-0.0,0.0,-342.0,0.0,-5.0,2526.0,0.0,0.0,0.0,0.0
866520.045,2526.0,2285.0,2285.0,-342.75,-0.0,0.0,-342.0,0.0,-5.0,2526.0,0.0,0.0,0.0,0.0
866530.045,2526.0,2285.0,2285.0,-342.75,-0.0,0.0,-342.0,0.0,-5.0,2526.0,0.0,0.0,0.0,0.0
866540.046,2526.0,2285.0,2285.0,-342.75,-0.0,0.0,-342.0,0.0,-5.0,2526.0,0.0,0.0,0.0,0.0
866550.046,2526.0,2285.0,2285.0,-342.75,-0.0,0.0,-342.0,0.0,-5.0,2526.0,0.0,0.0,0.0,0.0
866560.046,2527.0,2285.0,2285.0,-342.75,-0.0,0.0,-342.0,0.0,-5.0,2526.0,0.0,0.0,0.0,0.0
866570.047,2526.0,2285.0,2285.0,-342.75,-0.0,0.0,-342.0,0.0,-5.0,2526.0,0.0,0.0,0.0,0.0
866580.048,2526.0,2285.0,2285.0,-342.75,-0.0,0.0,-342.0,0.0,-5.0,2526.0,0.0,0.0,0.0,0.0
866590.048,2527.0,2285.0,2285.0,-342.75,-0.0,0.0,-342.0,0.0,-5.0,2526.0,0.0,0.0,0.0,0.0
866600.049,2526.0,2285.0,2285.0,-342.75,-0.0,0.0,-342.0,0.0,-5.0,2526.0,0.0,0.0,0.0,0.0
866610.05,2526.0,2285.0,2285.0,-342.75,-0.0,0.0,-342.0,0.0,-5.0,2526.0,0.0,0.0,0.0,0.0
866620.051,2526.0,2285.0,2285.0,-342.75,-0.0,0.0,-342.0,0.0,-5.0,2526.0,0.0,0.0,0.0,0.0
866630.051,2526.0,2285.0,2285.0,-342.75,-0.0,0.0,-342.0,0.0,-5.0,2526.0,0.0,0.0,0.0,0.0
866640.052,2526.0,2285.0,2285.0,-342.75,-0.0,0.0,-342.0,0.0,-5.0,2526.0,0.0,0.0,0.0,0.0
866650.052,2526.0,2285.0,2285.0,-342.75,-0.0,0.0,-342.0,0.0,-5.0,2526.0,0.0,0.0,0.0,0.0
866660.052,2526.0,2285.0,2285.0,-342.75,-0.0,0.0,-342.0,0.0,-5.0,2526.0,0.0,0.0,0.0,0.0
866670.052,2526.0,2285.0,2285.0,-342.75,-0.0,0.0,-342.0,0.0,-5.0,2526.0,0.0,0.0,0.0,0.0
866680.052,2527.0,2285.0,2285.0,-342.75,-0.0,0.0,-342.0,0.0,-5.0,2526.0,0.0,0.0,0.0,0.0
866690.052,2526.0,2285.0,2285.0,-342.75,-0.0,0.0,-342.0,0.0,-5.0,2526.0,0.0,0.0,0.0,0.0
866700.052,2526.0,2285.0,2285.0,-342.75,-0.0,0.0,-342.0,0.0,-5.0,2526.0,0.0,0.0,0.0,0.0
866710.081,2526.0,2285.0,2285.0,-342.75,-0.0,0.0,-342.0,0.0,-5.0,2526.0,0.0,0.0,0.0,0.0
866720.082,2526.0,2285.0,2285.0,-342.75,-0.0,0.0,-342.0,0.0,-5.0,2526.0,0.0,0.0,0.0,0.0
866730.082,2526.0,2285.0,2285.0,-342.75,-0.0,0.0,-342.0,0.0,-5.0,2526.0,0.0,0.0,0.0,0.0
866740.082,2526.0,2285.0,2285.0,-342.75,-0.0,0.0,-342.0,0.0,-5.0,2526.0,0.0,0.0,0.0,0.0
866750.083,2527.0,2285.0,2285.0,-342.75,-0.0,0.0,-342.0,0.0,-5.0,2526.0,0.0,0.0,0.0,0.0
866760.083,2526.0,2285.0,2285.0,-342.75,-0.0,0.0,-342.0,0.0,-5.0,2526.0,0.0,0.0,0.0,0.0
866770.084,2526.0,2285.0,2285.0,-342.75,-0.0,0.0,-342.0,0.0,-5.0,2526.0,0.0,0.0,0.0,0.0
866780.084,2526.0,2285.0,2285.0,-342.75,-0.0,0.0,-342.0,0.0,-5.0,2526.0,0.0,0.0,0.0,0.0
866790.085,2526.0,2285.0,2285.0,-342.75,-0.0,0.0,-342.0,0.0,-5.0,2526.0,0.0,0.0,0.0,0.0
866800.086,2526.0,2285.0,2285.0,-342.75,-0.0,0.0,-342.0,0.0,-5.0,2526.0,0.0,0.0,0.0,0.0
866810.086,2527.0,2285.0,2285.0,-342.75,-0.0,0.0,-342.0,0.0,-5.0,2526.0,0.0,0.0,0.0,0.0
866820.087,2526.0,2285.0,2285.0,-342.75,-0.0,0.0,-342.0,0.0,-5.0,2526.0,0.0,0.0,0.0,0.0
866830.088,2526.0,2285.0,2285.0,-342.75,-0.0,0.0,-342.0,0.0,-5.0,2526.0,0.0,0.0,0.0,0.0
866840.089,2526.0,2285.0,2285.0,-342.75,-0.0,0.0,-342.0,0.0,-5.0,2526.0,0.0,0.0,0.0,0.0
866850.089,2526.0,2285.0,2285.0,-342.75,-0.0,0.0,-342.0,0.0,-5.0,2526.0,0.0,0.0,0.0,0.0
866860.09,2527.0,2285.0,2285.0,-342.75,-0.0,0.0,-342.0,0.0,-5.0,2526.0,0.0,0.0,0.0,0.0
866870.091,2527.0,2285.0,2285.0,-342.75,-0.0,0.0,-342.0,0.0,-5.0,2526.0,0.0,0.0,0.0,0.0
866880.092,2526.0,2285.0,2285.0,-342.75,-0.0,0.0,-342.0,0.0,-5.0,2526.0,0.0,0.0,0.0,0.0
866890.093,2527.0,2285.0,2285.0,-342.75,-0.0,0.0,-342.0,0.0,-5.0,2526.0,0.0,0.0,0.0,0.0
866900.093,2527.0,2285.0,2285.0,-342.75,-0.0,0.0,-342.0,0.0,-5.0,2527.0,0.0,0.0,0.0,0.0
866910.093,2527.0,2285.0,2285.0,-342.75,-0.0,0.0,-342.0,0.0,-5.0,2527.0,0.0,0.0,0.0,0.0
866920.093,2527.0,2285.0,2285.0,-342.75,-0.0,0.0,-342.0,0.0,-5.0,2527.0,0.0,0.0,0.0,0.0
866930.094,2527.0,2285.0,2285.0,-342.75,-0.0,0.0,-342.0,0.0,-5.0,2527.0,0.0,0.0,0.0,0.0
866940.094,2527.0,2285.0,2285.0,-342.75,-0.0,0.0,-342.0,0.0,-5.0,2527.0,0.0,0.0,0.0,0.0
866950.094,2527.0,2285.0,2285.0,-342.75,-0.0,0.0,-342.0,0.0,-5.0,2527.0,0.0,0.0,0.0,0.0
866960.095,2527.0,2285.0,2285.0,-342.75,-0.0,0.0,-342.0,0.0,-5.0,2527.0,0.0,0.0,0.0,0.0
866970.096,2527.0,2285.0,2285.0,-342.75,-0.0,0.0,-342.0,0.0,-5.0,2527.0,0.0,0.0,0.0,0.0
866980.096,2527.0,2285.0,2285.0,-342.75,-0.0,0.0,-342.0,0.0,-5.0,2527.0,0.0,0.0,0.0,0.0
866990.096,2527.0,2285.0,2285.0,-342.75,-0.0,0.0,-342.0,0.0,-5.0,2527.0,0.0,0.0,0.0,0.0
867000.097,2527.0,2285.0,2285.0,-342.75,-0.0,0.0,-342.0,0.0,-5.0,2527.0,0.0,0.0,0.0,0.0
867010.098,2527.0,2285.0,2285.0,-342.75,-0.0,0.0,-342.0,0.0,-5.0,2527.0,0.0,0.0,0.0,0.0
867020.099,2527.0,2285.0,2285.0,-342.75,-0.0,0.0,-342.0,0.0,-5.0,2527.0,0.0,0.0,0.0,0.0
867030.1,2527.0,2285.0,2285.0,-342.75,-0.0,0.0,-342.0,0.0,-5.0,2527.0,0.0,0.0,0.0,0.0
867040.101,2527.0,2285.0,2285.0,-342.75,-0.0,0.0,-342.0,0.0,-5.0,2527.0,0.0,0.0,0.0,0.0
867050.101,2527.0,2285.0,2285.0,-342.75,-0.0,0.0,-342.0,0.0,-5.0,2527.0,0.0,0.0,0.0,0.0
867060.102,2527.0,2285.0,2285.0,-342.75,-0.0,0.0,-342.0,0.0,-5.0,2527.0,0.0,0.0,0.0,0.0
867070.102,2527.0,2285.0,2285.0,-342.75,-0.0,0.0,-342.0,0.0,-5.0,2527.0,0.0,0.0,0.0,0.0
867080.103,2527.0,2285.0,2285.0,-342.75,-0.0,0.0,-342.0,0.0,-5.0,2527.0,0.0,0.0,0.0,0.0
867090.103,2527.0,2285.0,2285.0,-342.75,-0.0,0.0,-342.0,0.0,-5.0,2527.0,0.0,0.0,0.0,0.0
867100.104,2527.0,2285.0,2285.0,-342.75,-0.0,0.0,-342.0,0.0,-5.0,2527.0,0.0,0.0,0.0,0.0
867110.105,2527.0,2285.0,2285.0,-342.75,-0.0,0.0,-342.0,0.0,-5.0,2527.0,0.0,0.0,0.0,0.0
867120.105,2527.0,2285.0,2285.0,-342.75,-0.0,0.0,-342.0,0.0,-5.0,2527.0,0.0,0.0,0.0,0.0
867130.105,2527.0,2285.0,2285.0,-342.75,-0.0,0.0,-342.0,0.0,-5.0,2527.0,0.0,0.0,0.0,0.0
867140.105,2527.0,2285.0,2285.0,-342.75,-0.0,0.0,-342.0,0.0,-5.0,2527.0,0.0,0.0,0.0,0.0
867150.105,2527.0,2285.0,2285.0,-342.75,-0.0,0.0,-342.0,0.0,-5.0,2527.0,0.0,0.0,0.0,0.0
867160.106,2527.0,2285.0,2285.0,-342.75,-0.0,0.0,-342.0,0.0,-5.0,2527.0,0.0,0.0,0.0,0.0
867170.106,2527.0,2285.0,2285.0,-342.75,-0.0,0.0,-342.0,0.0,-5.0,2527.0,0.0,0.0,0.0,0.0
867180.106,2527.0,2285.0,2285.0,-342.75,-0.0,0.0,-342.0,0.0,-5.0,2527.0,0.0,0.0,0.0,0.0
867190.107,2527.0,2285.0,2285.0,-342.75,-0.0,0.0,-342.0,0.0,-5.0,2527.0,0.0,0.0,0.0,0.0
867200.108,2527.0,2285.0,2285.0,-342.75,-0.0,0.0,-342.0,0.0,-5.0,2527.0,0.0,0.0,0.0,0.0
867210.108,2527.0,2285.0,2285.0,-342.75,-0.0,0.0,-342.0,0.0,-5.0,2527.0,0.0,0.0,0.0,0.0
867220.109,2527.0,2285.0,2285.0,-342.75,-0.0,0.0,-342.0,0.0,-5.0,2527.0,0.0,0.0,0.0,0.0
867230.109,2527.0,2285.0,2285.0,-342.75,-0.0,0.0,-342.0,0.0,-5.0,2527.0,0.0,0.0,0.0,0.0
867240.109,2527.0,2285.0,2285.0,-342.75,-0.0,0.0,-342.0,0.0,-5.0,2527.0,0.0,0.0,0.0,0.0
867250.109,2527.0,2285.0,2285.0,-342.75,-0.0,0.0,-342.0,0.0,-5.0,2527.0,0.0,0.0,0.0,0.0
867260.109,2527.0,2285.0,2285.0,-342.75,-0.0,0.0,-342.0,0.0,-5.0,2527.0,0.0,0.0,0.0,0.0
867270.109,2527.0,2285.0,2285.0,-342.75,-0.0,0.0,-342.0,0.0,-5.0,2527.0,0.0,0.0,0.0,0.0
867280.109,2527.0,2285.0,2285.0,-342.75,-0.0,0.0,-342.0,0.0,-5.0,2527.0,0.0,0.0,0.0,0.0
867290.11,2527.0,2285.0,2285.0,-342.75,-0.0,0.0,-342.0,0.0,-5.0,2527.0,0.0,0.0,0.0,0.0
867300.11,2527.0,2285.0,2285.0,-342.75,-0.0,0.0,-342.0,0.0,-5.0,2527.0,0.0,0.0,0.0,0.0
867310.111,2527.0,2285.0,2285.0,-342.75,-0.0,0.0,-342.0,0.0,-5.0,2527.0,0.0,0.0,0.0,0.0
867320.111,2527.0,2285.0,2285.0,-342.75,-0.0,0.0,-342.0,0.0,-5.0,2527.0,0.0,0.0,0.0,0.0
867330.111,2527.0,2285.0,2285.0,-342.75,-0.0,0.0,-342.0,0.0,-5.0,2527.0,0.0,0.0,0.0,0.0
867340.112,2527.0,2285.0,2285.0,-342.75,-0.0,0.0,-342.0,0.0,-5.0,2527.0,0.0,0.0,0.0,0.0
867350.113,2527.0,2285.0,2285.0,-342.75,-0.0,0.0,-342.0,0.0,-5.0,2527.0,0.0,0.0,0.0,0.0
867360.113,2527.0,2285.0,2285.0,-342.75,-0.0,0.0,-342.0,0.0,-5.0,2527.0,0.0,0.0,0.0,0.0
867370.113,2527.0,2285.0,2285.0,-342.75,-0.0,0.0,-342.0,0.0,-5.0,2527.0,0.0,0.0,0.0,0.0
867380.113,2527.0,2285.0,2285.0,-342.75,-0.0,0.0,-342.0,0.0,-5.0,2527.0,0.0,0.0,0.0,0.0
867390.113,2527.0,2285.0,2285.0,-342.75,-0.0,0.0,-342.0,0.0,-5.0,2527.0,0.0,0.0,0.0,0.0
867400.113,2527.0,2285.0,2285.0,-342.75,-0.0,0.0,-342.0,0.0,-5.0,2527.0,0.0,0.0,0.0,0.0
867410.114,2527.0,2285.0,2285.0,-342.75,-0.0,0.0,-342.0,0.0,-5.0,2527.0,0.0,0.0,0.0,0.0
867420.114,2527.0,2285.0,2285.0,-342.75,-0.0,0.0,-342.0,0.0,-5.0,2527.0,0.0,0.0,0.0,0.0
867430.115,2527.0,2285.0,2285.0,-342.75,-0.0,0.0,-342.0,0.0,-5.0,2527.0,0.0,0.0,0.0,0.0
867440.115,2527.0,2285.0,2285.0,-342.75,-0.0,0.0,-342.0,0.0,-5.0,2527.0,0.0,0.0,0.0,0.0
867451.041,2527.0,2285.0,2285.0,-342.75,-0.0,0.0,-342.0,0.0,-5.0,2527.0,0.0,0.0,0.0,0.0
867461.042,2527.0,2285.0,2285.0,-342.75,-0.0,0.0,-342.0,0.0,-5.0,2527.0,0.0,0.0,0.0,0.0
867471.042,2527.0,2285.0,2285.0,-342.75,-0.0,0.0,-342.0,0.0,-5.0,2527.0,0.0,0.0,0.0,0.0
867481.043,2527.0,2285.0,2285.0,-342.75,-0.0,0.0,-342.0,0.0,-5.0,2527.0,0.0,0.0,0.0,0.0
867491.044,2527.0,2285.0,2285.0,-342.75,-0.0,0.0,-342.0,0.0,-5.0,2527.0,0.0,0.0,0.0,0.0
867501.044,2527.0,2285.0,2285.0,-342.75,-0.0,0.0,-342.0,0.0,-5.0,2527.0,0.0,0.0,0.0,0.0
867511.045,2527.0,2285.0,2285.0,-342.75,-0.0,0.0,-342.0,0.0,-5.0,2527.0,0.0,0.0,0.0,0.0
867521.045,2527.0,2285.0,2285.0,-342.75,-0.0,0.0,-342.0,0.0,-5.0,2527.0,0.0,0.0,0.0,0.0
867531.046,2527.0,2285.0,2285.0,-342.75,-0.0,0.0,-342.0,0.0,-5.0,2527.0,0.0,0.0,0.0,0.0
867542.041,2527.0,2285.0,2285.0,-342.75,-0.0,0.0,-342.0,0.0,-5.0,2527.0,0.0,0.0,0.0,0.0
867552.041,2527.0,2285.0,2285.0,-342.75,-0.0,0.0,-342.0,0.0,-5.0,2527.0,0.0,0.0,0.0,0.0
867562.041,2527.0,2285.0,2285.0,-342.75,-0.0,0.0,-342.0,0.0,-5.0,2527.0,0.0,0.0,0.0,0.0
867572.041,2527.0,2285.0,2285.0,-342.75,-0.0,0.0,-342.0,0.0,-5.0,2527.0,0.0,0.0,0.0,0.0
867582.042,2527.0,2285.0,2285.0,-342.75,-0.0,0.0,-342.0,0.0,-5.0,2527.0,0.0,0.0,0.0,0.0
867592.043,2527.0,2285.0,2285.0,-342.75,-0.0,0.0,-342.0,0.0,-5.0,2527.0,0.0,0.0,0.0,0.0
867602.043,2527.0,2285.0,2285.0,-342.75,-0.0,0.0,-342.0,0.0,-5.0,2527.0,0.0,0.0,0.0,0.0
867612.044,2527.0,2285.0,2285.0,-342.75,-0.0,0.0,-342.0,0.0,-5.0,2527.0,0.0,0.0,0.0,0.0
867622.045,2527.0,2285.0,2285.0,-342.75,-0.0,0.0,-342.0,0.0,-5.0,2527.0,0.0,0.0,0.0,0.0
867632.045,2527.0,2285.0,2285.0,-342.75,-0.0,0.0,-342.0,0.0,-5.0,2527.0,0.0,0.0,0.0,0.0
867642.046,2527.0,2285.0,2285.0,-342.75,-0.0,0.0,-342.0,0.0,-5.0,2527.0,0.0,0.0,0.0,0.0
867653.098,2527.0,2285.0,2285.0,-342.75,-0.0,0.0,-342.0,0.0,-5.0,2527.0,0.0,0.0,0.0,0.0
867664.098,2527.0,2285.0,2285.0,-342.75,-0.0,0.0,-342.0,0.0,-5.0,2527.0,0.0,0.0,0.0,0.0
867674.099,2527.0,2285.0,2285.0,-342.75,-0.0,0.0,-342.0,0.0,-5.0,2527.0,0.0,0.0,0.0,0.0
867685.098,2527.0,2285.0,2285.0,-342.75,-0.0,0.0,-342.0,0.0,-5.0,2527.0,0.0,0.0,0.0,0.0
867695.098,2527.0,2285.0,2285.0,-342.75,-0.0,0.0,-342.0,0.0,-5.0,2527.0,0.0,0.0,0.0,0.0
867706.098,2527.0,2285.0,2285.0,-342.75,-0.0,0.0,-342.0,0.0,-5.0,2527.0,0.0,0.0,0.0,0.0
867716.098,2527.0,2285.0,2285.0,-342.75,-0.0,0.0,-342.0,0.0,-5.0,2527.0,0.0,0.0,0.0,0.0
867727.098,2527.0,2285.0,2285.0,-342.75,-0.0,0.0,-342.0,0.0,-5.0,2527.0,0.0,0.0,0.0,0.0
867737.098,2527.0,2285.0,2285.0,-342.75,-0.0,0.0,-342.0,0.0,-5.0,2527.0,0.0,0.0,0.0,0.0
867747.099,2527.0,2285.0,2285.0,-342.75,-0.0,0.0,-342.0,0.0,-5.0,2527.0,0.0,0.0,0.0,0.0
867757.099,2527.0,2285.0,2285.0,-342.75,-0.0,0.0,-342.0,0.0,-5.0,2527.0,0.0,0.0,0.0,0.0
867767.099,2527.0,2285.0,2285.0,-342.75,-0.0,0.0,-342.0,0.0,-5.0,2527.0,0.0,0.0,0.0,0.0
867777.099,2527.0,2285.0,2285.0,-342.75,-0.0,0.0,-342.0,0.0,-5.0,2527.0,0.0,0.0,0.0,0.0
867787.1,2527.0,2285.0,2285.0,-342.75,-0.0,0.0,-342.0,0.0,-5.0,2527.0,0.0,0.0,0.0,0.0
867797.1,2527.0,2285.0,2285.0,-342.75,-0.0,0.0,-342.0,0.0,-5.0,2527.0,0.0,0.0,0.0,0.0
867807.1,2527.0,2285.0,2285.0,-342.75,-0.0,0.0,-342.0,0.0,-5.0,2527.0,0.0,0.0,0.0,0.0
867817.101,2527.0,2285.0,2285.0,-342.75,-0.0,0.0,-342.0,0.0,-5.0,2527.0,0.0,0.0,0.0,0.0
867827.102,2527.0,2285.0,2285.0,-342.75,-0.0,0.0,-342.0,0.0,-5.0,2527.0,0.0,0.0,0.0,0.0
867837.103,2527.0,2285.0,2285.0,-342.75,-0.0,0.0,-342.0,0.0,-5.0,2527.0,0.0,0.0,0.0,0.0
867847.103,2527.0,2285.0,2285.0,-342.75,-0.0,0.0,-342.0,0.0,-5.0,2527.0,0.0,0.0,0.0,0.0
867857.103,2527.0,2285.0,2285.0,-342.75,-0.0,0.0,-342.0,0.0,-5.0,2527.0,0.0,0.0,0.0,0.0
867867.103,2527.0,2285.0,2285.0,-342.75,-0.0,0.0,-342.0,0.0,-5.0,2527.0,0.0,0.0,0.0,0.0
867877.104,2527.0,2285.0,2285.0,-342.75,-0.0,0.0,-342.0,0.0,-5.0,2527.0,0.0,0.0,0.0,0.0
867887.105,2527.0,2285.0,2285.0,-342.75,-0.0,0.0,-342.0,0.0,-5.0,2527.0,0.0,0.0,0.0,0.0
867897.106,2527.0,2285.0,2285.0,-342.75,-0.0,0.0,-342.0,0.0,-5.0,2527.0,0.0,0.0,0.0,0.0
867907.106,2527.0,2285.0,2285.0,-342.75,-0.0,0.0,-342.0,0.0,-5.0,2527.0,0.0,0.0,0.0,0.0
867917.106,2527.0,2285.0,2285.0,-342.75,-0.0,0.0,-342.0,0.0,-5.0,2527.0,0.0,0.0,0.0,0.0
867927.107,2527.0,2285.0,2285.0,-342.75,-0.0,0.0,-342.0,0.0,-5.0,2527.0,0.0,0.0,0.0,0.0
867937.108,2527.0,2285.0,2285.0,-342.75,-0.0,0.0,-342.0,0.0,-5.0,2527.0,0.0,0.0,0.0,0.0
867947.109,2527.0,2285.0,2285.0,-342.75,-0.0,0.0,-342.0,0.0,-5.0,2527.0,0.0,0.0,0.0,0.0
867957.109,2527.0,2285.0,2285.0,-342.75,-0.0,0.0,-342.0,0.0,-5.0,2527.0,0.0,0.0,0.0,0.0
867967.11,2527.0,2285.0,2285.0,-342.75,-0.0,0.0,-342.0,0.0,-5.0,2527.0,0.0,0.0,0.0,0.0
867977.11,2527.0,2285.0,2285.0,-342.75,-0.0,0.0,-342.0,0.0,-5.0,2527.0,0.0,0.0,0.0,0.0
867987.111,2527.0,2285.0,2285.0,-342.75,-0.0,0.0,-342.0,0.0,-5.0,2527.0,0.0,0.0,0.0,0.0
867997.111,2527.0,2285.0,2285.0,-342.75,-0.0,0.0,-342.0,0.0,-5.0,2527.0,0.0,0.0,0.0,0.0
868007.112,2527.0,2285.0,2285.0,-342.75,-0.0,0.0,-342.0,0.0,-5.0,2527.0,0.0,0.0,0.0,0.0
868017.112,2527.0,2285.0,2285.0,-342.75,-0.0,0.0,-342.0,0.0,-5.0,2527.0,0.0,0.0,0.0,0.0
868028.098,2527.0,2285.0,2285.0,-342.75,-0.0,0.0,-342.0,0.0,-5.0,2527.0,0.0,0.0,0.0,0.0
868038.099,2527.0,2285.0,2285.0,-342.75,-0.0,0.0,-342.0,0.0,-5.0,2527.0,0.0,0.0,0.0,0.0
868048.1,2527.0,2285.0,2285.0,-342.75,-0.0,0.0,-342.0,0.0,-5.0,2527.0,0.0,0.0,0.0,0.0
868058.101,2527.0,2285.0,2285.0,-342.75,-0.0,0.0,-342.0,0.0,-5.0,2527.0,0.0,0.0,0.0,0.0
868068.102,2527.0,2285.0,2285.0,-342.75,-0.0,0.0,-342.0,0.0,-5.0,2527.0,0.0,0.0,0.0,0.0
868078.102,2527.0,2285.0,2285.0,-342.75,-0.0,0.0,-342.0,0.0,-5.0,2527.0,0.0,0.0,0.0,0.0
868088.103,2527.0,2285.0,2285.0,-342.75,-0.0,0.0,-342.0,0.0,-5.0,2527.0,0.0,0.0,0.0,0.0
868099.106,2527.0,2285.0,2285.0,-342.75,-0.0,0.0,-342.0,0.0,-5.0,2527.0,0.0,0.0,0.0,0.0
868109.107,2527.0,2285.0,2285.0,-342.75,-0.0,0.0,-342.0,0.0,-5.0,2527.0,0.0,0.0,0.0,0.0
868119.108,2527.0,2285.0,2285.0,-342.75,-0.0,0.0,-342.0,0.0,-5.0,2527.0,0.0,0.0,0.0,0.0
868129.109,2527.0,2285.0,2285.0,-342.75,-0.0,0.0,-342.0,0.0,-5.0,2527.0,0.0,0.0,0.0,0.0
868139.109,2527.0,2285.0,2285.0,-342.75,-0.0,0.0,-342.0,0.0,-5.0,2527.0,0.0,0.0,0.0,0.0
868149.11,2527.0,2285.0,2285.0,-342.75,-0.0,0.0,-342.0,0.0,-5.0,2527.0,0.0,0.0,0.0,0.0
868159.111,2527.0,2285.0,2285.0,-342.75,-0.0,0.0,-342.0,0.0,-5.0,2527.0,0.0,0.0,0.0,0.0
868169.112,2527.0,2285.0,2285.0,-342.75,-0.0,0.0,-342.0,0.0,-5.0,2527.0,0.0,0.0,0.0,0.0
868179.112,2527.0,2285.0,2285.0,-342.75,-0.0,0.0,-342.0,0.0,-5.0,2527.0,0.0,0.0,0.0,0.0
868189.112,2527.0,2285.0,2285.0,-342.75,-0.0,0.0,-342.0,0.0,-5.0,2527.0,0.0,0.0,0.0,0.0
868199.112,2527.0,2285.0,2285.0,-342.75,-0.0,0.0,-342.0,0.0,-5.0,2527.0,0.0,0.0,0.0,0.0
868209.112,2527.0,2285.0,2285.0,-342.75,-0.0,0.0,-342.0,0.0,-5.0,2527.0,0.0,0.0,0.0,0.0
868219.113,2527.0,2285.0,2285.0,-342.75,-0.0,0.0,-342.0,0.0,-5.0,2527.0,0.0,0.0,0.0,0.0
868229.114,2527.0,2285.0,2285.0,-342.75,-0.0,0.0,-342.0,0.0,-5.0,2527.0,0.0,0.0,0.0,0.0
868239.115,2527.0,2285.0,2285.0,-342.75,-0.0,0.0,-342.0,0.0,-5.0,2527.0,0.0,0.0,0.0,0.0
868249.115,2527.0,2285.0,2285.0,-342.75,-0.0,0.0,-342.0,0.0,-5.0,2527.0,0.0,0.0,0.0,0.0
868259.116,2527.0,2285.0,2285.0,-342.75,-0.0,0.0,-342.0,0.0,-5.0,2527.0,0.0,0.0,0.0,0.0
868269.117,2527.0,2285.0,2285.0,-342.75,-0.0,0.0,-342.0,0.0,-5.0,2527.0,0.0,0.0,0.0,0.0
868279.122,2527.0,2285.0,2285.0,-342.75,-0.0,0.0,-342.0,0.0,-5.0,2527.0,0.0,0.0,0.0,0.0
868289.123,2527.0,2285.0,2285.0,-342.75,-0.0,0.0,-342.0,0.0,-5.0,2527.0,0.0,0.0,0.0,0.0
868299.124,2527.0,2285.0,2285.0,-342.75,-0.0,0.0,-342.0,0.0,-5.0,2527.0,0.0,0.0,0.0,0.0
868309.125,2527.0,2285.0,2285.0,-342.75,-0.0,0.0,-342.0,0.0,-5.0,2527.0,0.0,0.0,0.0,0.0
868319.125,2527.0,2285.0,2285.0,-342.75,-0.0,0.0,-342.0,0.0,-5.0,2527.0,0.0,0.0,0.0,0.0
868329.126,2527.0,2285.0,2285.0,-342.75,-0.0,0.0,-342.0,0.0,-5.0,2527.0,0.0,0.0,0.0,0.0
868339.126,2527.0,2285.0,2285.0,-342.75,-0.0,0.0,-342.0,0.0,-5.0,2527.0,0.0,0.0,0.0,0.0
868349.126,2527.0,2285.0,2285.0,-342.75,-0.0,0.0,-342.0,0.0,-5.0,2527.0,0.0,0.0,0.0,0.0
868359.127,2527.0,2285.0,2285.0,-342.75,-0.0,0.0,-342.0,0.0,-5.0,2527.0,0.0,0.0,0.0,0.0
868369.127,2527.0,2285.0,2285.0,-342.75,-0.0,0.0,-342.0,0.0,-5.0,2527.0,0.0,0.0,0.0,0.0
868379.127,2527.0,2285.0,2285.0,-342.75,-0.0,0.0,-342.0,0.0,-5.0,2527.0,0.0,0.0,0.0,0.0
868389.127,2527.0,2285.0,2285.0,-342.75,-0.0,0.0,-342.0,0.0,-5.0,2527.0,0.0,0.0,0.0,0.0
868399.127,2527.0,2285.0,2285.0,-342.75,-0.0,0.0,-342.0,0.0,-5.0,2527.0,0.0,0.0,0.0,0.0
868409.128,2526.0,2285.0,2285.0,-342.75,-0.0,0.0,-342.0,0.0,-5.0,2526.0,0.0,0.0,0.0,0.0
868419.128,2527.0,2285.0,2285.0,-342.75,-0.0,0.0,-342.0,0.0,-5.0,2526.0,0.0,0.0,0.0,0.0
868429.128,2527.0,2285.0,2285.0,-342.75,-0.0,0.0,-342.0,0.0,-5.0,2526.0,0.0,0.0,0.0,0.0
868439.128,2527.0,2285.0,2285.0,-342.75,-0.0,0.0,-342.0,0.0,-5.0,2526.0,0.0,0.0,0.0,0.0
868449.129,2527.0,2285.0,2285.0,-342.75,-0.0,0.0,-342.0,0.0,-5.0,2526.0,0.0,0.0,0.0,0.0
868459.133,2527.0,2285.0,2285.0,-342.75,-0.0,0.0,-342.0,0.0,-5.0,2526.0,0.0,0.0,0.0,0.0
868469.134,2527.0,2285.0,2285.0,-342.75,-0.0,0.0,-342.0,0.0,-5.0,2526.0,0.0,0.0,0.0,0.0
868479.134,2527.0,2285.0,2285.0,-342.75,-0.0,0.0,-342.0,0.0,-5.0,2526.0,0.0,0.0,0.0,0.0
868489.135,2527.0,2285.0,2285.0,-342.75,-0.0,0.0,-342.0,0.0,-5.0,2526.0,0.0,0.0,0.0,0.0
868499.135,2526.0,2285.0,2285.0,-342.75,-0.0,0.0,-342.0,0.0,-5.0,2526.0,0.0,0.0,0.0,0.0
868509.135,2527.0,2285.0,2285.0,-342.75,-0.0,0.0,-342.0,0.0,-5.0,2527.0,0.0,0.0,0.0,0.0
868520.098,2527.0,2285.0,2285.0,-342.75,-0.0,0.0,-342.0,0.0,-5.0,2527.0,0.0,0.0,0.0,0.0
868530.098,2527.0,2285.0,2285.0,-342.75,-0.0,0.0,-342.0,0.0,-5.0,2527.0,0.0,0.0,0.0,0.0
868540.099,2527.0,2285.0,2285.0,-342.75,-0.0,0.0,-342.0,0.0,-5.0,2527.0,0.0,0.0,0.0,0.0
868550.1,2526.0,2285.0,2285.0,-342.75,-0.0,0.0,-342.0,0.0,-5.0,2527.0,0.0,0.0,0.0,0.0
868560.101,2527.0,2285.0,2285.0,-342.75,-0.0,0.0,-342.0,0.0,-5.0,2527.0,0.0,0.0,0.0,0.0
868570.102,2527.0,2285.0,2285.0,-342.75,-0.0,0.0,-342.0,0.0,-5.0,2527.0,0.0,0.0,0.0,0.0
868580.103,2527.0,2285.0,2285.0,-342.75,-0.0,0.0,-342.0,0.0,-5.0,2527.0,0.0,0.0,0.0,0.0
868590.104,2527.0,2285.0,2285.0,-342.75,-0.0,0.0,-342.0,0.0,-5.0,2527.0,0.0,0.0,0.0,0.0
868600.105,2527.0,2285.0,2285.0,-342.75,-0.0,0.0,-342.0,0.0,-5.0,2527.0,0.0,0.0,0.0,0.0
868610.106,2527.0,2285.0,2285.0,-342.75,-0.0,0.0,-342.0,0.0,-5.0,2527.0,0.0,0.0,0.0,0.0
868621.098,2527.0,2285.0,2285.0,-342.75,-0.0,0.0,-342.0,0.0,-5.0,2527.0,0.0,0.0,0.0,0.0
868631.099,2527.0,2285.0,2285.0,-342.75,-0.0,0.0,-342.0,0.0,-5.0,2527.0,0.0,0.0,0.0,0.0
868641.099,2526.0,2285.0,2285.0,-342.75,-0.0,0.0,-342.0,0.0,-5.0,2527.0,0.0,0.0,0.0,0.0
868652.098,2526.0,2285.0,2285.0,-342.75,-0.0,0.0,-342.0,0.0,-5.0,2527.0,0.0,0.0,0.0,0.0
868663.098,2526.0,2285.0,2285.0,-342.75,-0.0,0.0,-342.0,0.0,-5.0,2527.0,0.0,0.0,0.0,0.0
868673.098,2526.0,2285.0,2285.0,-342.75,-0.0,0.0,-342.0,0.0,-5.0,2527.0,0.0,0.0,0.0,0.0
868683.099,2526.0,2285.0,2285.0,-342.75,-0.0,0.0,-342.0,0.0,-5.0,2527.0,0.0,0.0,0.0,0.0
868693.1,2526.0,2285.0,2285.0,-342.75,-0.0,0.0,-342.0,0.0,-5.0,2527.0,0.0,0.0,0.0,0.0
868703.101,2526.0,2285.0,2285.0,-342.75,-0.0,0.0,-342.0,0.0,-5.0,2527.0,0.0,0.0,0.0,0.0
868713.102,2526.0,2285.0,2285.0,-342.75,-0.0,0.0,-342.0,0.0,-5.0,2526.0,0.0,0.0,0.0,0.0
868723.103,2526.0,2285.0,2285.0,-342.75,-0.0,0.0,-342.0,0.0,-5.0,2526.0,0.0,0.0,0.0,0.0
868733.104,2526.0,2285.0,2285.0,-342.75,-0.0,0.0,-342.0,0.0,-5.0,2526.0,0.0,0.0,0.0,0.0
868743.105,2526.0,2285.0,2285.0,-342.75,-0.0,0.0,-342.0,0.0,-5.0,2526.0,0.0,0.0,0.0,0.0
868753.105,2526.0,2285.0,2285.0,-342.75,-0.0,0.0,-342.0,0.0,-5.0,2526.0,0.0,0.0,0.0,0.0
868763.105,2526.0,2285.0,2285.0,-342.75,-0.0,0.0,-342.0,0.0,-5.0,2526.0,0.0,0.0,0.0,0.0
868774.098,2526.0,2285.0,2285.0,-342.75,-0.0,0.0,-342.0,0.0,-5.0,2526.0,0.0,0.0,0.0,0.0
868784.098,2526.0,2285.0,2285.0,-342.75,-0.0,0.0,-342.0,0.0,-5.0,2526.0,0.0,0.0,0.0,0.0
868794.099,2526.0,2285.0,2285.0,-342.75,-0.0,0.0,-342.0,0.0,-5.0,2526.0,0.0,0.0,0.0,0.0
868804.1,2526.0,2285.0,2285.0,-342.75,-0.0,0.0,-342.0,0.0,-5.0,2526.0,0.0,0.0,0.0,0.0
868814.101,2526.0,2285.0,2285.0,-342.75,-0.0,0.0,-342.0,0.0,-5.0,2526.0,0.0,0.0,0.0,0.0
868824.101,2526.0,2285.0,2285.0,-342.75,-0.0,0.0,-342.0,0.0,-5.0,2526.0,0.0,0.0,0.0,0.0
868834.101,2526.0,2285.0,2285.0,-342.75,-0.0,0.0,-342.0,0.0,-5.0,2526.0,0.0,0.0,0.0,0.0
868844.101,2526.0,2285.0,2285.0,-342.75,-0.0,0.0,-342.0,0.0,-5.0,2526.0,0.0,0.0,0.0,0.0
868854.102,2526.0,2285.0,2285.0,-342.75,-0.0,0.0,-342.0,0.0,-5.0,2526.0,0.0,0.0,0.0,0.0
868864.102,2526.0,2285.0,2285.0,-342.75,-0.0,0.0,-342.0,0.0,-5.0,2526.0,0.0,0.0,0.0,0.0
868874.103,2526.0,2285.0,2285.0,-342.75,-0.0,0.0,-342.0,0.0,-5.0,2526.0,0.0,0.0,0.0,0.0
868884.104,2526.0,2285.0,2285.0,-342.75,-0.0,0.0,-342.0,0.0,-5.0,2526.0,0.0,0.0,0.0,0.0
868894.104,2526.0,2285.0,2285.0,-342.75,-0.0,0.0,-342.0,0.0,-5.0,2526.0,0.0,0.0,0.0,0.0
868904.105,2526.0,2285.0,2285.0,-342.75,-0.0,0.0,-342.0,0.0,-5.0,2526.0,0.0,0.0,0.0,0.0
868914.106,2526.0,2285.0,2285.0,-342.75,-0.0,0.0,-342.0,0.0,-5.0,2526.0,0.0,0.0,0.0,0.0
868924.106,2526.0,2285.0,2285.0,-342.75,-0.0,0.0,-342.0,0.0,-5.0,2526.0,0.0,0.0,0.0,0.0
868934.107,2526.0,2285.0,2285.0,-342.75,-0.0,0.0,-342.0,0.0,-5.0,2526.0,0.0,0.0,0.0,0.0
868944.108,2526.0,2285.0,2285.0,-342.75,-0.0,0.0,-342.0,0.0,-5.0,2526.0,0.0,0.0,0.0,0.0
868954.109,2526.0,2285.0,2285.0,-342.75,-0.0,0.0,-342.0,0.0,-5.0,2526.0,0.0,0.0,0.0,0.0
868964.11,2525.0,2285.0,2285.0,-342.75,-0.0,0.0,-342.0,0.0,-5.0,2526.0,0.0,0.0,0.0,0.0
868975.098,2526.0,2285.0,2285.0,-342.75,-0.0,0.0,-342.0,0.0,-5.0,2526.0,0.0,0.0,0.0,0.0
868986.098,2525.0,2285.0,2285.0,-342.75,-0.0,0.0,-342.0,0.0,-5.0,2526.0,0.0,0.0,0.0,0.0
868996.098,2525.0,2285.0,2285.0,-342.75,-0.0,0.0,-342.0,0.0,-5.0,2526.0,0.0,0.0,0.0,0.0
869006.099,2525.0,2285.0,2285.0,-342.75,-0.0,0.0,-342.0,0.0,-5.0,2526.0,0.0,0.0,0.0,0.0
869016.099,2525.0,2285.0,2285.0,-342.75,-0.0,0.0,-342.0,0.0,-5.0,2525.0,0.0,0.0,0.0,0.0
869026.1,2525.0,2285.0,2285.0,-342.75,-0.0,0.0,-342.0,0.0,-5.0,2525.0,0.0,0.0,0.0,0.0
869036.1,2525.0,2285.0,2285.0,-342.75,-0.0,0.0,-342.0,0.0,-5.0,2525.0,0.0,0.0,0.0,0.0
869046.101,2525.0,2285.0,2285.0,-342.75,-0.0,0.0,-342.0,0.0,-5.0,2525.0,0.0,0.0,0.0,0.0
869056.101,2525.0,2285.0,2285.0,-342.75,-0.0,0.0,-342.0,0.0,-5.0,2525.0,0.0,0.0,0.0,0.0
869066.101,2525.0,2285.0,2285.0,-342.75,-0.0,0.0,-342.0,0.0,-5.0,2525.0,0.0,0.0,0.0,0.0
869076.102,2525.0,2285.0,2285.0,-342.75,-0.0,0.0,-342.0,0.0,-5.0,2525.0,0.0,0.0,0.0,0.0
869086.103,2525.0,2285.0,2285.0,-342.75,-0.0,0.0,-342.0,0.0,-5.0,2525.0,0.0,0.0,0.0,0.0
869096.104,2525.0,2285.0,2285.0,-342.75,-0.0,0.0,-342.0,0.0,-5.0,2525.0,0.0,0.0,0.0,0.0
869106.104,2525.0,2285.0,2285.0,-342.75,-0.0,0.0,-342.0,0.0,-5.0,2525.0,0.0,0.0,0.0,0.0
869116.105,2525.0,2285.0,2285.0,-342.75,-0.0,0.0,-342.0,0.0,-5.0,2525.0,0.0,0.0,0.0,0.0
869126.106,2525.0,2285.0,2285.0,-342.75,-0.0,0.0,-342.0,0.0,-5.0,2525.0,0.0,0.0,0.0,0.0
869136.107,2525.0,2285.0,2285.0,-342.75,-0.0,0.0,-342.0,0.0,-5.0,2525.0,0.0,0.0,0.0,0.0
869146.107,2525.0,2285.0,2285.0,-342.75,-0.0,0.0,-342.0,0.0,-5.0,2525.0,0.0,0.0,0.0,0.0
869156.107,2525.0,2285.0,2285.0,-342.75,-0.0,0.0,-342.0,0.0,-5.0,2525.0,0.0,0.0,0.0,0.0
869166.107,2525.0,2285.0,2285.0,-342.75,-0.0,0.0,-342.0,0.0,-5.0,2525.0,0.0,0.0,0.0,0.0
869176.107,2525.0,2285.0,2285.0,-342.75,-0.0,0.0,-342.0,0.0,-5.0,2525.0,0.0,0.0,0.0,0.0
869186.107,2525.0,2285.0,2285.0,-342.75,-0.0,0.0,-342.0,0.0,-5.0,2525.0,0.0,0.0,0.0,0.0
869196.107,2525.0,2285.0,2285.0,-342.75,-0.0,0.0,-342.0,0.0,-5.0,2525.0,0.0,0.0,0.0,0.0
869206.107,2525.0,2285.0,2285.0,-342.75,-0.0,0.0,-342.0,0.0,-5.0,2525.0,0.0,0.0,0.0,0.0
869216.108,2525.0,2285.0,2285.0,-342.75,-0.0,0.0,-342.0,0.0,-5.0,2525.0,0.0,0.0,0.0,0.0
869226.109,2525.0,2285.0,2285.0,-342.75,-0.0,0.0,-342.0,0.0,-5.0,2525.0,0.0,0.0,0.0,0.0
869236.11,2525.0,2285.0,2285.0,-342.75,-0.0,0.0,-342.0,0.0,-5.0,2525.0,0.0,0.0,0.0,0.0
869246.111,2525.0,2285.0,2285.0,-342.75,-0.0,0.0,-342.0,0.0,-5.0,2525.0,0.0,0.0,0.0,0.0
869256.112,2525.0,2285.0,2285.0,-342.75,-0.0,0.0,-342.0,0.0,-5.0,2525.0,0.0,0.0,0.0,0.0
869267.098,2525.0,2285.0,2285.0,-342.75,-0.0,0.0,-342.0,0.0,-5.0,2525.0,0.0,0.0,0.0,0.0
869277.099,2525.0,2285.0,2285.0,-342.75,-0.0,0.0,-342.0,0.0,-5.0,2525.0,0.0,0.0,0.0,0.0
869287.1,2525.0,2285.0,2285.0,-342.75,-0.0,0.0,-342.0,0.0,-5.0,2525.0,0.0,0.0,0.0,0.0
869297.1,2524.0,2285.0,2285.0,-342.75,-0.0,0.0,-342.0,0.0,-5.0,2525.0,0.0,0.0,0.0,0.0
869308.098,2524.0,2285.0,2285.0,-342.75,-0.0,0.0,-342.0,0.0,-5.0,2525.0,0.0,0.0,0.0,0.0
869318.098,2524.0,2285.0,2285.0,-342.75,-0.0,0.0,-342.0,0.0,-5.0,2524.0,0.0,0.0,0.0,0.0
869328.098,2524.0,2285.0,2285.0,-342.75,-0.0,0.0,-342.0,0.0,-5.0,2524.0,0.0,0.0,0.0,0.0
869338.099,2524.0,2285.0,2285.0,-342.75,-0.0,0.0,-342.0,0.0,-5.0,2524.0,0.0,0.0,0.0,0.0
869348.099,2524.0,2285.0,2285.0,-342.75,-0.0,0.0,-342.0,0.0,-5.0,2524.0,0.0,0.0,0.0,0.0
869358.099,2524.0,2285.0,2285.0,-342.75,-0.0,0.0,-342.0,0.0,-5.0,2524.0,0.0,0.0,0.0,0.0
869368.1,2524.0,2285.0,2285.0,-342.75,-0.0,0.0,-342.0,0.0,-5.0,2524.0,0.0,0.0,0.0,0.0
869378.101,2524.0,2285.0,2285.0,-342.75,-0.0,0.0,-342.0,0.0,-5.0,2524.0,0.0,0.0,0.0,0.0
869388.101,2524.0,2285.0,2285.0,-342.75,-0.0,0.0,-342.0,0.0,-5.0,2524.0,0.0,0.0,0.0,0.0
869398.102,2524.0,2285.0,2285.0,-342.75,-0.0,0.0,-342.0,0.0,-5.0,2524.0,0.0,0.0,0.0,0.0
869408.103,2524.0,2285.0,2285.0,-342.75,-0.0,0.0,-342.0,0.0,-5.0,2524.0,0.0,0.0,0.0,0.0
869418.104,2524.0,2285.0,2285.0,-342.75,-0.0,0.0,-342.0,0.0,-5.0,2524.0,0.0,0.0,0.0,0.0
869428.105,2524.0,2285.0,2285.0,-342.75,-0.0,0.0,-342.0,0.0,-5.0,2524.0,0.0,0.0,0.0,0.0
869438.106,2524.0,2285.0,2285.0,-342.75,-0.0,0.0,-342.0,0.0,-5.0,2524.0,0.0,0.0,0.0,0.0
869448.107,2524.0,2285.0,2285.0,-342.75,-0.0,0.0,-342.0,0.0,-5.0,2524.0,0.0,0.0,0.0,0.0
869458.108,2524.0,2285.0,2285.0,-342.75,-0.0,0.0,-342.0,0.0,-5.0,2524.0,0.0,0.0,0.0,0.0
869468.108,2524.0,2285.0,2285.0,-342.75,-0.0,0.0,-342.0,0.0,-5.0,2524.0,0.0,0.0,0.0,0.0
869478.108,2524.0,2285.0,2285.0,-342.75,-0.0,0.0,-342.0,0.0,-5.0,2524.0,0.0,0.0,0.0,0.0
869488.108,2524.0,2285.0,2285.0,-342.75,-0.0,0.0,-342.0,0.0,-5.0,2524.0,0.0,0.0,0.0,0.0
869498.109,2524.0,2285.0,2285.0,-342.75,-0.0,0.0,-342.0,0.0,-5.0,2524.0,0.0,0.0,0.0,0.0
869508.109,2524.0,2285.0,2285.0,-342.75,-0.0,0.0,-342.0,0.0,-5.0,2524.0,0.0,0.0,0.0,0.0
869518.11,2524.0,2285.0,2285.0,-342.75,-0.0,0.0,-342.0,0.0,-5.0,2524.0,0.0,0.0,0.0,0.0
869528.11,2524.0,2285.0,2285.0,-342.75,-0.0,0.0,-342.0,0.0,-5.0,2524.0,0.0,0.0,0.0,0.0
869538.11,2524.0,2285.0,2285.0,-342.75,-0.0,0.0,-342.0,0.0,-5.0,2524.0,0.0,0.0,0.0,0.0
869548.111,2524.0,2285.0,2285.0,-342.75,-0.0,0.0,-342.0,0.0,-5.0,2524.0,0.0,0.0,0.0,0.0
869558.111,2524.0,2285.0,2285.0,-342.75,-0.0,0.0,-342.0,0.0,-5.0,2524.0,0.0,0.0,0.0,0.0
869568.112,2524.0,2285.0,2285.0,-342.75,-0.0,0.0,-342.0,0.0,-5.0,2524.0,0.0,0.0,0.0,0.0
869578.113,2524.0,2285.0,2285.0,-342.75,-0.0,0.0,-342.0,0.0,-5.0,2524.0,0.0,0.0,0.0,0.0
869588.113,2524.0,2285.0,2285.0,-342.75,-0.0,0.0,-342.0,0.0,-5.0,2524.0,0.0,0.0,0.0,0.0
869598.114,2524.0,2285.0,2285.0,-342.75,-0.0,0.0,-342.0,0.0,-5.0,2524.0,0.0,0.0,0.0,0.0
869608.114,2524.0,2285.0,2285.0,-342.75,-0.0,0.0,-342.0,0.0,-5.0,2524.0,0.0,0.0,0.0,0.0
869618.114,2524.0,2285.0,2285.0,-342.75,-0.0,0.0,-342.0,0.0,-5.0,2524.0,0.0,0.0,0.0,0.0
869628.114,2524.0,2285.0,2285.0,-342.75,-0.0,0.0,-342.0,0.0,-5.0,2524.0,0.0,0.0,0.0,0.0
869638.115,2524.0,2285.0,2285.0,-342.75,-0.0,0.0,-342.0,0.0,-5.0,2524.0,0.0,0.0,0.0,0.0
869648.115,2524.0,2285.0,2285.0,-342.75,-0.0,0.0,-342.0,0.0,-5.0,2524.0,0.0,0.0,0.0,0.0
869658.116,2524.0,2285.0,2285.0,-342.75,-0.0,0.0,-342.0,0.0,-5.0,2524.0,0.0,0.0,0.0,0.0
869668.117,2524.0,2285.0,2285.0,-342.75,-0.0,0.0,-342.0,0.0,-5.0,2524.0,0.0,0.0,0.0,0.0
869678.118,2524.0,2285.0,2285.0,-342.75,-0.0,0.0,-342.0,0.0,-5.0,2524.0,0.0,0.0,0.0,0.0
869688.123,2524.0,2285.0,2285.0,-342.75,-0.0,0.0,-342.0,0.0,-5.0,2524.0,0.0,0.0,0.0,0.0
869698.123,2524.0,2285.0,2285.0,-342.75,-0.0,0.0,-342.0,0.0,-5.0,2524.0,0.0,0.0,0.0,0.0
869708.123,2524.0,2285.0,2285.0,-342.75,-0.0,0.0,-342.0,0.0,-5.0,2524.0,0.0,0.0,0.0,0.0
869718.123,2524.0,2285.0,2285.0,-342.75,-0.0,0.0,-342.0,0.0,-5.0,2524.0,0.0,0.0,0.0,0.0
869728.123,2525.0,2285.0,2285.0,-342.75,-0.0,0.0,-342.0,0.0,-5.0,2524.0,0.0,0.0,0.0,0.0
869738.123,2524.0,2285.0,2285.0,-342.75,-0.0,0.0,-342.0,0.0,-5.0,2524.0,0.0,0.0,0.0,0.0
869748.124,2524.0,2285.0,2285.0,-342.75,-0.0,0.0,-342.0,0.0,-5.0,2524.0,0.0,0.0,0.0,0.0
869758.124,2524.0,2285.0,2285.0,-342.75,-0.0,0.0,-342.0,0.0,-5.0,2524.0,0.0,0.0,0.0,0.0
869768.129,2524.0,2285.0,2285.0,-342.75,-0.0,0.0,-342.0,0.0,-5.0,2524.0,0.0,0.0,0.0,0.0
869778.13,2524.0,2285.0,2285.0,-342.75,-0.0,0.0,-342.0,0.0,-5.0,2524.0,0.0,0.0,0.0,0.0
869788.131,2524.0,2285.0,2285.0,-342.75,-0.0,0.0,-342.0,0.0,-5.0,2524.0,0.0,0.0,0.0,0.0
869798.131,2524.0,2285.0,2285.0,-342.75,-0.0,0.0,-342.0,0.0,-5.0,2524.0,0.0,0.0,0.0,0.0
869808.132,2524.0,2285.0,2285.0,-342.75,-0.0,0.0,-342.0,0.0,-5.0,2524.0,0.0,0.0,0.0,0.0
869818.133,2524.0,2285.0,2285.0,-342.75,-0.0,0.0,-342.0,0.0,-5.0,2524.0,0.0,0.0,0.0,0.0
869828.134,2524.0,2285.0,2285.0,-342.75,-0.0,0.0,-342.0,0.0,-5.0,2524.0,0.0,0.0,0.0,0.0
869838.134,2524.0,2285.0,2285.0,-342.75,-0.0,0.0,-342.0,0.0,-5.0,2524.0,0.0,0.0,0.0,0.0
869848.134,2524.0,2285.0,2285.0,-342.75,-0.0,0.0,-342.0,0.0,-5.0,2524.0,0.0,0.0,0.0,0.0
869858.135,2524.0,2285.0,2285.0,-342.75,-0.0,0.0,-342.0,0.0,-5.0,2524.0,0.0,0.0,0.0,0.0
869868.135,2524.0,2285.0,2285.0,-342.75,-0.0,0.0,-342.0,0.0,-5.0,2524.0,0.0,0.0,0.0,0.0
869878.136,2524.0,2285.0,2285.0,-342.75,-0.0,0.0,-342.0,0.0,-5.0,2524.0,0.0,0.0,0.0,0.0
869888.136,2524.0,2285.0,2285.0,-342.75,-0.0,0.0,-342.0,0.0,-5.0,2524.0,0.0,0.0,0.0,0.0
869898.137,2524.0,2285.0,2285.0,-342.75,-0.0,0.0,-342.0,0.0,-5.0,2524.0,0.0,0.0,0.0,0.0
869908.137,2524.0,2285.0,2285.0,-342.75,-0.0,0.0,-342.0,0.0,-5.0,2524.0,0.0,0.0,0.0,0.0
869918.138,2524.0,2285.0,2285.0,-342.75,-0.0,0.0,-342.0,0.0,-5.0,2524.0,0.0,0.0,0.0,0.0
869928.138,2524.0,2285.0,2285.0,-342.75,-0.0,0.0,-342.0,0.0,-5.0,2524.0,0.0,0.0,0.0,0.0
869938.139,2524.0,2285.0,2285.0,-342.75,-0.0,0.0,-342.0,0.0,-5.0,2524.0,0.0,0.0,0.0,0.0
869948.14,2524.0,2285.0,2285.0,-342.75,-0.0,0.0,-342.0,0.0,-5.0,2524.0,0.0,0.0,0.0,0.0
869958.14,2524.0,2285.0,2285.0,-342.75,-0.0,0.0,-342.0,0.0,-5.0,2524.0,0.0,0.0,0.0,0.0
869968.14,2524.0,2285.0,2285.0,-342.75,-0.0,0.0,-342.0,0.0,-5.0,2524.0,0.0,0.0,0.0,0.0
869978.141,2524.0,2285.0,2285.0,-342.75,-0.0,0.0,-342.0,0.0,-5.0,2524.0,0.0,0.0,0.0,0.0
869988.142,2524.0,2285.0,2285.0,-342.75,-0.0,0.0,-342.0,0.0,-5.0,2524.0,0.0,0.0,0.0,0.0
869998.142,2524.0,2285.0,2285.0,-342.75,-0.0,0.0,-342.0,0.0,-5.0,2524.0,0.0,0.0,0.0,0.0
870008.142,2524.0,2285.0,2285.0,-342.75,-0.0,0.0,-342.0,0.0,-5.0,2524.0,0.0,0.0,0.0,0.0
870018.143,2524.0,2285.0,2285.0,-342.75,-0.0,0.0,-342.0,0.0,-5.0,2524.0,0.0,0.0,0.0,0.0
870028.144,2524.0,2285.0,2285.0,-342.75,-0.0,0.0,-342.0,0.0,-5.0,2524.0,0.0,0.0,0.0,0.0
870038.144,2524.0,2285.0,2285.0,-342.75,-0.0,0.0,-342.0,0.0,-5.0,2524.0,0.0,0.0,0.0,0.0
870048.144,2524.0,2285.0,2285.0,-342.75,-0.0,0.0,-342.0,0.0,-5.0,2524.0,0.0,0.0,0.0,0.0
870058.144,2524.0,2285.0,2285.0,-342.75,-0.0,0.0,-342.0,0.0,-5.0,2524.0,0.0,0.0,0.0,0.0
870068.145,2524.0,2285.0,2285.0,-342.75,-0.0,0.0,-342.0,0.0,-5.0,2524.0,0.0,0.0,0.0,0.0
870078.146,2524.0,2285.0,2285.0,-342.75,-0.0,0.0,-342.0,0.0,-5.0,2524.0,0.0,0.0,0.0,0.0
870088.147,2524.0,2285.0,2285.0,-342.75,-0.0,0.0,-342.0,0.0,-5.0,2524.0,0.0,0.0,0.0,0.0
870099.106,2524.0,2285.0,2285.0,-342.75,-0.0,0.0,-342.0,0.0,-5.0,2524.0,0.0,0.0,0.0,0.0
870109.106,2524.0,2285.0,2285.0,-342.75,-0.0,0.0,-342.0,0.0,-5.0,2524.0,0.0,0.0,0.0,0.0
870119.107,2524.0,2285.0,2285.0,-342.75,-0.0,0.0,-342.0,0.0,-5.0,2524.0,0.0,0.0,0.0,0.0
870129.107,2524.0,2285.0,2285.0,-342.75,-0.0,0.0,-342.0,0.0,-5.0,2524.0,0.0,0.0,0.0,0.0
870139.107,2524.0,2285.0,2285.0,-342.75,-0.0,0.0,-342.0,0.0,-5.0,2524.0,0.0,0.0,0.0,0.0
870149.108,2524.0,2285.0,2285.0,-342.75,-0.0,0.0,-342.0,0.0,-5.0,2524.0,0.0,0.0,0.0,0.0
870159.109,2524.0,2285.0,2285.0,-342.75,-0.0,0.0,-342.0,0.0,-5.0,2524.0,0.0,0.0,0.0,0.0
870169.11,2524.0,2285.0,2285.0,-342.75,-0.0,0.0,-342.0,0.0,-5.0,2524.0,0.0,0.0,0.0,0.0
870179.11,2524.0,2285.0,2285.0,-342.75,-0.0,0.0,-342.0,0.0,-5.0,2524.0,0.0,0.0,0.0,0.0
870189.111,2524.0,2285.0,2285.0,-342.75,-0.0,0.0,-342.0,0.0,-5.0,2524.0,0.0,0.0,0.0,0.0
870199.111,2524.0,2285.0,2285.0,-342.75,-0.0,0.0,-342.0,0.0,-5.0,2524.0,0.0,0.0,0.0,0.0
870209.111,2524.0,2285.0,2285.0,-342.75,-0.0,0.0,-342.0,0.0,-5.0,2524.0,0.0,0.0,0.0,0.0
870219.111,2524.0,2285.0,2285.0,-342.75,-0.0,0.0,-342.0,0.0,-5.0,2524.0,0.0,0.0,0.0,0.0
870229.111,2524.0,2285.0,2285.0,-342.75,-0.0,0.0,-342.0,0.0,-5.0,2524.0,0.0,0.0,0.0,0.0
870239.111,2524.0,2285.0,2285.0,-342.75,-0.0,0.0,-342.0,0.0,-5.0,2524.0,0.0,0.0,0.0,0.0
870249.111,2524.0,2285.0,2285.0,-342.75,-0.0,0.0,-342.0,0.0,-5.0,2524.0,0.0,0.0,0.0,0.0
870259.111,2524.0,2285.0,2285.0,-342.75,-0.0,0.0,-342.0,0.0,-5.0,2524.0,0.0,0.0,0.0,0.0
870269.111,2524.0,2285.0,2285.0,-342.75,-0.0,0.0,-342.0,0.0,-5.0,2524.0,0.0,0.0,0.0,0.0
870279.112,2524.0,2285.0,2285.0,-342.75,-0.0,0.0,-342.0,0.0,-5.0,2524.0,0.0,0.0,0.0,0.0
870289.112,2524.0,2285.0,2285.0,-342.75,-0.0,0.0,-342.0,0.0,-5.0,2524.0,0.0,0.0,0.0,0.0
870299.113,2524.0,2285.0,2285.0,-342.75,-0.0,0.0,-342.0,0.0,-5.0,2524.0,0.0,0.0,0.0,0.0
870309.114,2524.0,2285.0,2285.0,-342.75,-0.0,0.0,-342.0,0.0,-5.0,2524.0,0.0,0.0,0.0,0.0
870319.114,2524.0,2285.0,2285.0,-342.75,-0.0,0.0,-342.0,0.0,-5.0,2524.0,0.0,0.0,0.0,0.0
870329.114,2524.0,2285.0,2285.0,-342.75,-0.0,0.0,-342.0,0.0,-5.0,2524.0,0.0,0.0,0.0,0.0
870339.114,2524.0,2285.0,2285.0,-342.75,-0.0,0.0,-342.0,0.0,-5.0,2524.0,0.0,0.0,0.0,0.0
870349.114,2524.0,2285.0,2285.0,-342.75,-0.0,0.0,-342.0,0.0,-5.0,2524.0,0.0,0.0,0.0,0.0
870359.115,2524.0,2285.0,2285.0,-342.75,-0.0,0.0,-342.0,0.0,-5.0,2524.0,0.0,0.0,0.0,0.0
870369.115,2524.0,2285.0,2285.0,-342.75,-0.0,0.0,-342.0,0.0,-5.0,2524.0,0.0,0.0,0.0,0.0
870379.116,2524.0,2285.0,2285.0,-342.75,-0.0,0.0,-342.0,0.0,-5.0,2524.0,0.0,0.0,0.0,0.0
870389.117,2524.0,2285.0,2285.0,-342.75,-0.0,0.0,-342.0,0.0,-5.0,2524.0,0.0,0.0,0.0,0.0
870399.118,2524.0,2285.0,2285.0,-342.75,-0.0,0.0,-342.0,0.0,-5.0,2524.0,0.0,0.0,0.0,0.0
870410.041,2524.0,2285.0,2285.0,-342.75,-0.0,0.0,-342.0,0.0,-5.0,2524.0,0.0,0.0,0.0,0.0
870420.042,2524.0,2285.0,2285.0,-342.75,-0.0,0.0,-342.0,0.0,-5.0,2524.0,0.0,0.0,0.0,0.0
870430.043,2524.0,2285.0,2285.0,-342.75,-0.0,0.0,-342.0,0.0,-5.0,2524.0,0.0,0.0,0.0,0.0
870440.043,2524.0,2285.0,2285.0,-342.75,-0.0,0.0,-342.0,0.0,-5.0,2524.0,0.0,0.0,0.0,0.0
870450.044,2524.0,2285.0,2285.0,-342.75,-0.0,0.0,-342.0,0.0,-5.0,2524.0,0.0,0.0,0.0,0.0
870460.045,2524.0,2285.0,2285.0,-342.75,-0.0,0.0,-342.0,0.0,-5.0,2524.0,0.0,0.0,0.0,0.0
870470.046,2524.0,2285.0,2285.0,-342.75,-0.0,0.0,-342.0,0.0,-5.0,2524.0,0.0,0.0,0.0,0.0
870480.047,2524.0,2285.0,2285.0,-342.75,-0.0,0.0,-342.0,0.0,-5.0,2524.0,0.0,0.0,0.0,0.0
870490.048,2524.0,2285.0,2285.0,-342.75,-0.0,0.0,-342.0,0.0,-5.0,2524.0,0.0,0.0,0.0,0.0
870500.048,2524.0,2285.0,2285.0,-342.75,-0.0,0.0,-342.0,0.0,-5.0,2524.0,0.0,0.0,0.0,0.0
870510.049,2524.0,2285.0,2285.0,-342.75,-0.0,0.0,-342.0,0.0,-5.0,2524.0,0.0,0.0,0.0,0.0
870520.05,2524.0,2285.0,2285.0,-342.75,-0.0,0.0,-342.0,0.0,-5.0,2524.0,0.0,0.0,0.0,0.0
870530.05,2524.0,2285.0,2285.0,-342.75,-0.0,0.0,-342.0,0.0,-5.0,2524.0,0.0,0.0,0.0,0.0
870540.051,2524.0,2285.0,2285.0,-342.75,-0.0,0.0,-342.0,0.0,-5.0,2524.0,0.0,0.0,0.0,0.0
870550.051,2524.0,2285.0,2285.0,-342.75,-0.0,0.0,-342.0,0.0,-5.0,2524.0,0.0,0.0,0.0,0.0
870560.052,2524.0,2285.0,2285.0,-342.75,-0.0,0.0,-342.0,0.0,-5.0,2524.0,0.0,0.0,0.0,0.0
870570.052,2524.0,2285.0,2285.0,-342.75,-0.0,0.0,-342.0,0.0,-5.0,2524.0,0.0,0.0,0.0,0.0
870580.052,2524.0,2285.0,2285.0,-342.75,-0.0,0.0,-342.0,0.0,-5.0,2524.0,0.0,0.0,0.0,0.0
870590.053,2524.0,2285.0,2285.0,-342.75,-0.0,0.0,-342.0,0.0,-5.0,2524.0,0.0,0.0,0.0,0.0
870600.054,2524.0,2285.0,2285.0,-342.75,-0.0,0.0,-342.0,0.0,-5.0,2524.0,0.0,0.0,0.0,0.0
870611.041,2524.0,2285.0,2285.0,-342.75,-0.0,0.0,-342.0,0.0,-5.0,2524.0,0.0,0.0,0.0,0.0
870622.04,2524.0,2285.0,2285.0,-342.75,-0.0,0.0,-342.0,0.0,-5.0,2524.0,0.0,0.0,0.0,0.0
870632.041,2524.0,2285.0,2285.0,-342.75,-0.0,0.0,-342.0,0.0,-5.0,2524.0,0.0,0.0,0.0,0.0
870642.041,2524.0,2285.0,2285.0,-342.75,-0.0,0.0,-342.0,0.0,-5.0,2524.0,0.0,0.0,0.0,0.0
870652.041,2524.0,2285.0,2285.0,-342.75,-0.0,0.0,-342.0,0.0,-5.0,2524.0,0.0,0.0,0.0,0.0
870663.098,2524.0,2285.0,2285.0,-342.75,-0.0,0.0,-342.0,0.0,-5.0,2524.0,0.0,0.0,0.0,0.0
870673.098,2525.0,2285.0,2285.0,-342.75,-0.0,0.0,-342.0,0.0,-5.0,2524.0,0.0,0.0,0.0,0.0
870683.098,2524.0,2285.0,2285.0,-342.75,-0.0,0.0,-342.0,0.0,-5.0,2524.0,0.0,0.0,0.0,0.0
870693.099,2524.0,2285.0,2285.0,-342.75,-0.0,0.0,-342.0,0.0,-5.0,2524.0,0.0,0.0,0.0,0.0
870703.099,2524.0,2285.0,2285.0,-342.75,-0.0,0.0,-342.0,0.0,-5.0,2524.0,0.0,0.0,0.0,0.0
870713.1,2524.0,2285.0,2285.0,-342.75,-0.0,0.0,-342.0,0.0,-5.0,2524.0,0.0,0.0,0.0,0.0
870723.1,2524.0,2285.0,2285.0,-342.75,-0.0,0.0,-342.0,0.0,-5.0,2524.0,0.0,0.0,0.0,0.0
870733.1,2524.0,2285.0,2285.0,-342.75,-0.0,0.0,-342.0,0.0,-5.0,2524.0,0.0,0.0,0.0,0.0
870743.101,2524.0,2285.0,2285.0,-342.75,-0.0,0.0,-342.0,0.0,-5.0,2524.0,0.0,0.0,0.0,0.0
870753.102,2524.0,2285.0,2285.0,-342.75,-0.0,0.0,-342.0,0.0,-5.0,2524.0,0.0,0.0,0.0,0.0
870763.102,2525.0,2285.0,2285.0,-342.75,-0.0,0.0,-342.0,0.0,-5.0,2524.0,0.0,0.0,0.0,0.0
870773.103,2524.0,2285.0,2285.0,-342.75,-0.0,0.0,-342.0,0.0,-5.0,2524.0,0.0,0.0,0.0,0.0
870783.103,2524.0,2285.0,2285.0,-342.75,-0.0,0.0,-342.0,0.0,-5.0,2524.0,0.0,0.0,0.0,0.0
870793.104,2524.0,2285.0,2285.0,-342.75,-0.0,0.0,-342.0,0.0,-5.0,2524.0,0.0,0.0,0.0,0.0
870803.106,2524.0,2285.0,2285.0,-342.75,-0.0,0.0,-342.0,0.0,-5.0,2524.0,0.0,0.0,0.0,0.0
870813.106,2524.0,2285.0,2285.0,-342.75,-0.0,0.0,-342.0,0.0,-5.0,2524.0,0.0,0.0,0.0,0.0
870823.107,2524.0,2285.0,2285.0,-342.75,-0.0,0.0,-342.0,0.0,-5.0,2524.0,0.0,0.0,0.0,0.0
870833.107,2524.0,2285.0,2285.0,-342.75,-0.0,0.0,-342.0,0.0,-5.0,2524.0,0.0,0.0,0.0,0.0
870843.107,2524.0,2285.0,2285.0,-342.75,-0.0,0.0,-342.0,0.0,-5.0,2524.0,0.0,0.0,0.0,0.0
870853.108,2524.0,2285.0,2285.0,-342.75,-0.0,0.0,-342.0,0.0,-5.0,2524.0,0.0,0.0,0.0,0.0
870863.109,2524.0,2285.0,2285.0,-342.75,-0.0,0.0,-342.0,0.0,-5.0,2524.0,0.0,0.0,0.0,0.0
870874.098,2524.0,2285.0,2285.0,-342.75,-0.0,0.0,-342.0,0.0,-5.0,2524.0,0.0,0.0,0.0,0.0
870884.098,2524.0,2285.0,2285.0,-342.75,-0.0,0.0,-342.0,0.0,-5.0,2524.0,0.0,0.0,0.0,0.0
870894.099,2525.0,2285.0,2285.0,-342.75,-0.0,0.0,-342.0,0.0,-5.0,2524.0,0.0,0.0,0.0,0.0
870904.099,2524.0,2285.0,2285.0,-342.75,-0.0,0.0,-342.0,0.0,-5.0,2524.0,0.0,0.0,0.0,0.0
870914.099,2524.0,2285.0,2285.0,-342.75,-0.0,0.0,-342.0,0.0,-5.0,2524.0,0.0,0.0,0.0,0.0
870924.1,2524.0,2285.0,2285.0,-342.75,-0.0,0.0,-342.0,0.0,-5.0,2524.0,0.0,0.0,0.0,0.0
870934.101,2524.0,2285.0,2285.0,-342.75,-0.0,0.0,-342.0,0.0,-5.0,2524.0,0.0,0.0,0.0,0.0
870944.102,2524.0,2285.0,2285.0,-342.75,-0.0,0.0,-342.0,0.0,-5.0,2524.0,0.0,0.0,0.0,0.0
870954.103,2524.0,2285.0,2285.0,-342.75,-0.0,0.0,-342.0,0.0,-5.0,2524.0,0.0,0.0,0.0,0.0
870964.104,2524.0,2285.0,2285.0,-342.75,-0.0,0.0,-342.0,0.0,-5.0,2524.0,0.0,0.0,0.0,0.0
870974.104,2524.0,2285.0,2285.0,-342.75,-0.0,0.0,-342.0,0.0,-5.0,2524.0,0.0,0.0,0.0,0.0
870984.105,2524.0,2285.0,2285.0,-342.75,-0.0,0.0,-342.0,0.0,-5.0,2524.0,0.0,0.0,0.0,0.0
870994.105,2524.0,2285.0,2285.0,-342.75,-0.0,0.0,-342.0,0.0,-5.0,2524.0,0.0,0.0,0.0,0.0
871004.105,2525.0,2285.0,2285.0,-342.75,-0.0,0.0,-342.0,0.0,-5.0,2524.0,0.0,0.0,0.0,0.0
871014.105,2524.0,2285.0,2285.0,-342.75,-0.0,0.0,-342.0,0.0,-5.0,2524.0,0.0,0.0,0.0,0.0
871024.106,2524.0,2285.0,2285.0,-342.75,-0.0,0.0,-342.0,0.0,-5.0,2524.0,0.0,0.0,0.0,0.0
871034.106,2524.0,2285.0,2285.0,-342.75,-0.0,0.0,-342.0,0.0,-5.0,2524.0,0.0,0.0,0.0,0.0
871044.107,2524.0,2285.0,2285.0,-342.75,-0.0,0.0,-342.0,0.0,-5.0,2524.0,0.0,0.0,0.0,0.0
871054.108,2524.0,2285.0,2285.0,-342.75,-0.0,0.0,-342.0,0.0,-5.0,2524.0,0.0,0.0,0.0,0.0
871064.108,2525.0,2285.0,2285.0,-342.75,-0.0,0.0,-342.0,0.0,-5.0,2524.0,0.0,0.0,0.0,0.0
871074.109,2524.0,2285.0,2285.0,-342.75,-0.0,0.0,-342.0,0.0,-5.0,2524.0,0.0,0.0,0.0,0.0
871084.109,2524.0,2285.0,2285.0,-342.75,-0.0,0.0,-342.0,0.0,-5.0,2524.0,0.0,0.0,0.0,0.0
871094.11,2524.0,2285.0,2285.0,-342.75,-0.0,0.0,-342.0,0.0,-5.0,2524.0,0.0,0.0,0.0,0.0
871104.11,2524.0,2285.0,2285.0,-342.75,-0.0,0.0,-342.0,0.0,-5.0,2524.0,0.0,0.0,0.0,0.0
871114.111,2524.0,2285.0,2285.0,-342.75,-0.0,0.0,-342.0,0.0,-5.0,2524.0,0.0,0.0,0.0,0.0
871124.112,2524.0,2285.0,2285.0,-342.75,-0.0,0.0,-342.0,0.0,-5.0,2524.0,0.0,0.0,0.0,0.0
871134.112,2524.0,2285.0,2285.0,-342.75,-0.0,0.0,-342.0,0.0,-5.0,2524.0,0.0,0.0,0.0,0.0
871144.112,2524.0,2285.0,2285.0,-342.75,-0.0,0.0,-342.0,0.0,-5.0,2524.0,0.0,0.0,0.0,0.0
871154.112,2524.0,2285.0,2285.0,-342.75,-0.0,0.0,-342.0,0.0,-5.0,2524.0,0.0,0.0,0.0,0.0
871164.113,2524.0,2285.0,2285.0,-342.75,-0.0,0.0,-342.0,0.0,-5.0,2524.0,0.0,0.0,0.0,0.0
871174.114,2525.0,2285.0,2285.0,-342.75,-0.0,0.0,-342.0,0.0,-5.0,2524.0,0.0,0.0,0.0,0.0
871184.115,2525.0,2285.0,2285.0,-342.75,-0.0,0.0,-342.0,0.0,-5.0,2524.0,0.0,0.0,0.0,0.0
871194.116,2525.0,2285.0,2285.0,-342.75,-0.0,0.0,-342.0,0.0,-5.0,2524.0,0.0,0.0,0.0,0.0
871204.117,2525.0,2285.0,2285.0,-342.75,-0.0,0.0,-342.0,0.0,-5.0,2524.0,0.0,0.0,0.0,0.0
871214.119,2525.0,2285.0,2285.0,-342.75,-0.0,0.0,-342.0,0.0,-5.0,2524.0,0.0,0.0,0.0,0.0
871224.12,2525.0,2285.0,2285.0,-342.75,-0.0,0.0,-342.0,0.0,-5.0,2524.0,0.0,0.0,0.0,0.0
871234.121,2525.0,2285.0,2285.0,-342.75,-0.0,0.0,-342.0,0.0,-5.0,2525.0,0.0,0.0,0.0,0.0
871244.122,2525.0,2285.0,2285.0,-342.75,-0.0,0.0,-342.0,0.0,-5.0,2525.0,0.0,0.0,0.0,0.0
871255.041,2525.0,2285.0,2285.0,-342.75,-0.0,0.0,-342.0,0.0,-5.0,2525.0,0.0,0.0,0.0,0.0
871265.042,2525.0,2285.0,2285.0,-342.75,-0.0,0.0,-342.0,0.0,-5.0,2525.0,0.0,0.0,0.0,0.0
871275.042,2525.0,2285.0,2285.0,-342.75,-0.0,0.0,-342.0,0.0,-5.0,2525.0,0.0,0.0,0.0,0.0
871285.046,2525.0,2285.0,2285.0,-342.75,-0.0,0.0,-342.0,0.0,-5.0,2525.0,0.0,0.0,0.0,0.0
871295.046,2525.0,2285.0,2285.0,-342.75,-0.0,0.0,-342.0,0.0,-5.0,2525.0,0.0,0.0,0.0,0.0
871305.047,2525.0,2285.0,2285.0,-342.75,-0.0,0.0,-342.0,0.0,-5.0,2525.0,0.0,0.0,0.0,0.0
871315.048,2525.0,2285.0,2285.0,-342.75,-0.0,0.0,-342.0,0.0,-5.0,2525.0,0.0,0.0,0.0,0.0
871325.049,2525.0,2285.0,2285.0,-342.75,-0.0,0.0,-342.0,0.0,-5.0,2525.0,0.0,0.0,0.0,0.0
871335.05,2525.0,2285.0,2285.0,-342.75,-0.0,0.0,-342.0,0.0,-5.0,2525.0,0.0,0.0,0.0,0.0
871345.05,2525.0,2285.0,2285.0,-342.75,-0.0,0.0,-342.0,0.0,-5.0,2525.0,0.0,0.0,0.0,0.0
871355.051,2525.0,2285.0,2285.0,-342.75,-0.0,0.0,-342.0,0.0,-5.0,2525.0,0.0,0.0,0.0,0.0
871365.052,2525.0,2285.0,2285.0,-342.75,-0.0,0.0,-342.0,0.0,-5.0,2525.0,0.0,0.0,0.0,0.0
871375.052,2525.0,2285.0,2285.0,-342.75,-0.0,0.0,-342.0,0.0,-5.0,2525.0,0.0,0.0,0.0,0.0
871385.747,2525.0,2285.0,2285.0,-342.75,-0.0,0.0,-342.0,0.0,-5.0,2525.0,0.0,0.0,0.0,0.0
871395.747,2525.0,2285.0,2285.0,-342.75,-0.0,0.0,-342.0,0.0,-5.0,2525.0,0.0,0.0,0.0,0.0
871406.041,2525.0,2285.0,2285.0,-342.75,-0.0,0.0,-342.0,0.0,-5.0,2525.0,0.0,0.0,0.0,0.0
871416.041,2525.0,2285.0,2285.0,-342.75,-0.0,0.0,-342.0,0.0,-5.0,2525.0,0.0,0.0,0.0,0.0
871426.042,2525.0,2285.0,2285.0,-342.75,-0.0,0.0,-342.0,0.0,-5.0,2525.0,0.0,0.0,0.0,0.0
871437.041,2525.0,2285.0,2285.0,-342.75,-0.0,0.0,-342.0,0.0,-5.0,2525.0,0.0,0.0,0.0,0.0
871447.041,2525.0,2285.0,2285.0,-342.75,-0.0,0.0,-342.0,0.0,-5.0,2525.0,0.0,0.0,0.0,0.0
871457.042,2525.0,2285.0,2285.0,-342.75,-0.0,0.0,-342.0,0.0,-5.0,2525.0,0.0,0.0,0.0,0.0
871467.042,2525.0,2285.0,2285.0,-342.75,-0.0,0.0,-342.0,0.0,-5.0,2525.0,0.0,0.0,0.0,0.0
871477.043,2525.0,2285.0,2285.0,-342.75,-0.0,0.0,-342.0,0.0,-5.0,2525.0,0.0,0.0,0.0,0.0
871487.044,2525.0,2285.0,2285.0,-342.75,-0.0,0.0,-342.0,0.0,-5.0,2525.0,0.0,0.0,0.0,0.0
871497.045,2525.0,2285.0,2285.0,-342.75,-0.0,0.0,-342.0,0.0,-5.0,2525.0,0.0,0.0,0.0,0.0
871508.098,2525.0,2285.0,2285.0,-342.75,-0.0,0.0,-342.0,0.0,-5.0,2525.0,0.0,0.0,0.0,0.0
871518.098,2525.0,2285.0,2285.0,-342.75,-0.0,0.0,-342.0,0.0,-5.0,2525.0,0.0,0.0,0.0,0.0
871528.098,2525.0,2285.0,2285.0,-342.75,-0.0,0.0,-342.0,0.0,-5.0,2525.0,0.0,0.0,0.0,0.0
871538.099,2525.0,2285.0,2285.0,-342.75,-0.0,0.0,-342.0,0.0,-5.0,2525.0,0.0,0.0,0.0,0.0
871548.1,2525.0,2285.0,2285.0,-342.75,-0.0,0.0,-342.0,0.0,-5.0,2525.0,0.0,0.0,0.0,0.0
871558.105,2525.0,2285.0,2285.0,-342.75,-0.0,0.0,-342.0,0.0,-5.0,2525.0,0.0,0.0,0.0,0.0
871568.105,2525.0,2285.0,2285.0,-342.75,-0.0,0.0,-342.0,0.0,-5.0,2525.0,0.0,0.0,0.0,0.0
871578.106,2525.0,2285.0,2285.0,-342.75,-0.0,0.0,-342.0,0.0,-5.0,2525.0,0.0,0.0,0.0,0.0
871588.106,2525.0,2285.0,2285.0,-342.75,-0.0,0.0,-342.0,0.0,-5.0,2525.0,0.0,0.0,0.0,0.0
871598.107,2525.0,2285.0,2285.0,-342.75,-0.0,0.0,-342.0,0.0,-5.0,2525.0,0.0,0.0,0.0,0.0
871608.108,2525.0,2285.0,2285.0,-342.75,-0.0,0.0,-342.0,0.0,-5.0,2525.0,0.0,0.0,0.0,0.0
871618.109,2525.0,2285.0,2285.0,-342.75,-0.0,0.0,-342.0,0.0,-5.0,2525.0,0.0,0.0,0.0,0.0
871628.11,2525.0,2285.0,2285.0,-342.75,-0.0,0.0,-342.0,0.0,-5.0,2525.0,0.0,0.0,0.0,0.0
871638.111,2525.0,2285.0,2285.0,-342.75,-0.0,0.0,-342.0,0.0,-5.0,2525.0,0.0,0.0,0.0,0.0
871648.112,2525.0,2285.0,2285.0,-342.75,-0.0,0.0,-342.0,0.0,-5.0,2525.0,0.0,0.0,0.0,0.0
871658.113,2525.0,2285.0,2285.0,-342.75,-0.0,0.0,-342.0,0.0,-5.0,2525.0,0.0,0.0,0.0,0.0
871668.113,2525.0,2285.0,2285.0,-342.75,-0.0,0.0,-342.0,0.0,-5.0,2525.0,0.0,0.0,0.0,0.0
871678.113,2525.0,2285.0,2285.0,-342.75,-0.0,0.0,-342.0,0.0,-5.0,2525.0,0.0,0.0,0.0,0.0
871688.114,2525.0,2285.0,2285.0,-342.75,-0.0,0.0,-342.0,0.0,-5.0,2525.0,0.0,0.0,0.0,0.0
871698.119,2525.0,2285.0,2285.0,-342.75,-0.0,0.0,-342.0,0.0,-5.0,2525.0,0.0,0.0,0.0,0.0
871708.12,2525.0,2285.0,2285.0,-342.75,-0.0,0.0,-342.0,0.0,-5.0,2525.0,0.0,0.0,0.0,0.0
871718.12,2525.0,2285.0,2285.0,-342.75,-0.0,0.0,-342.0,0.0,-5.0,2525.0,0.0,0.0,0.0,0.0
871728.121,2525.0,2285.0,2285.0,-342.75,-0.0,0.0,-342.0,0.0,-5.0,2525.0,0.0,0.0,0.0,0.0
871738.122,2525.0,2285.0,2285.0,-342.75,-0.0,0.0,-342.0,0.0,-5.0,2525.0,0.0,0.0,0.0,0.0
871748.124,2525.0,2285.0,2285.0,-342.75,-0.0,0.0,-342.0,0.0,-5.0,2525.0,0.0,0.0,0.0,0.0
871758.124,2525.0,2285.0,2285.0,-342.75,-0.0,0.0,-342.0,0.0,-5.0,2525.0,0.0,0.0,0.0,0.0
871768.124,2525.0,2285.0,2285.0,-342.75,-0.0,0.0,-342.0,0.0,-5.0,2525.0,0.0,0.0,0.0,0.0
871778.124,2525.0,2285.0,2285.0,-342.75,-0.0,0.0,-342.0,0.0,-5.0,2525.0,0.0,0.0,0.0,0.0
871788.125,2525.0,2285.0,2285.0,-342.75,-0.0,0.0,-342.0,0.0,-5.0,2525.0,0.0,0.0,0.0,0.0
871798.125,2524.0,2285.0,2285.0,-342.75,-0.0,0.0,-342.0,0.0,-5.0,2525.0,0.0,0.0,0.0,0.0
871808.125,2525.0,2285.0,2285.0,-342.75,-0.0,0.0,-342.0,0.0,-5.0,2525.0,0.0,0.0,0.0,0.0
871818.125,2525.0,2285.0,2285.0,-342.75,-0.0,0.0,-342.0,0.0,-5.0,2525.0,0.0,0.0,0.0,0.0
871828.126,2525.0,2285.0,2285.0,-342.75,-0.0,0.0,-342.0,0.0,-5.0,2525.0,0.0,0.0,0.0,0.0
871838.127,2525.0,2285.0,2285.0,-342.75,-0.0,0.0,-342.0,0.0,-5.0,2525.0,0.0,0.0,0.0,0.0
871848.128,2525.0,2285.0,2285.0,-342.75,-0.0,0.0,-342.0,0.0,-5.0,2525.0,0.0,0.0,0.0,0.0
871858.128,2525.0,2285.0,2285.0,-342.75,-0.0,0.0,-342.0,0.0,-5.0,2525.0,0.0,0.0,0.0,0.0
871868.128,2525.0,2285.0,2285.0,-342.75,-0.0,0.0,-342.0,0.0,-5.0,2525.0,0.0,0.0,0.0,0.0
871878.129,2525.0,2285.0,2285.0,-342.75,-0.0,0.0,-342.0,0.0,-5.0,2525.0,0.0,0.0,0.0,0.0
871888.129,2525.0,2285.0,2285.0,-342.75,-0.0,0.0,-342.0,0.0,-5.0,2525.0,0.0,0.0,0.0,0.0
871898.13,2525.0,2285.0,2285.0,-342.75,-0.0,0.0,-342.0,0.0,-5.0,2525.0,0.0,0.0,0.0,0.0
871908.13,2525.0,2285.0,2285.0,-342.75,-0.0,0.0,-342.0,0.0,-5.0,2525.0,0.0,0.0,0.0,0.0
871918.131,2525.0,2285.0,2285.0,-342.75,-0.0,0.0,-342.0,0.0,-5.0,2525.0,0.0,0.0,0.0,0.0
871928.131,2525.0,2285.0,2285.0,-342.75,-0.0,0.0,-342.0,0.0,-5.0,2525.0,0.0,0.0,0.0,0.0
871938.132,2525.0,2285.0,2285.0,-342.75,-0.0,0.0,-342.0,0.0,-5.0,2525.0,0.0,0.0,0.0,0.0
871948.133,2525.0,2285.0,2285.0,-342.75,-0.0,0.0,-342.0,0.0,-5.0,2525.0,0.0,0.0,0.0,0.0
871958.133,2525.0,2285.0,2285.0,-342.75,-0.0,0.0,-342.0,0.0,-5.0,2525.0,0.0,0.0,0.0,0.0
871968.133,2525.0,2285.0,2285.0,-342.75,-0.0,0.0,-342.0,0.0,-5.0,2525.0,0.0,0.0,0.0,0.0
871978.134,2525.0,2285.0,2285.0,-342.75,-0.0,0.0,-342.0,0.0,-5.0,2525.0,0.0,0.0,0.0,0.0
871988.135,2524.0,2285.0,2285.0,-342.75,-0.0,0.0,-342.0,0.0,-5.0,2525.0,0.0,0.0,0.0,0.0
871998.136,2525.0,2285.0,2285.0,-342.75,-0.0,0.0,-342.0,0.0,-5.0,2525.0,0.0,0.0,0.0,0.0
872008.136,2525.0,2285.0,2285.0,-342.75,-0.0,0.0,-342.0,0.0,-5.0,2525.0,0.0,0.0,0.0,0.0
872018.136,2525.0,2285.0,2285.0,-342.75,-0.0,0.0,-342.0,0.0,-5.0,2525.0,0.0,0.0,0.0,0.0
872028.137,2525.0,2285.0,2285.0,-342.75,-0.0,0.0,-342.0,0.0,-5.0,2525.0,0.0,0.0,0.0,0.0
872039.041,2525.0,2285.0,2285.0,-342.75,-0.0,0.0,-342.0,0.0,-5.0,2525.0,0.0,0.0,0.0,0.0
872049.041,2525.0,2285.0,2285.0,-342.75,-0.0,0.0,-342.0,0.0,-5.0,2525.0,0.0,0.0,0.0,0.0
872059.041,2525.0,2285.0,2285.0,-342.75,-0.0,0.0,-342.0,0.0,-5.0,2525.0,0.0,0.0,0.0,0.0
872070.041,2525.0,2285.0,2285.0,-342.75,-0.0,0.0,-342.0,0.0,-5.0,2525.0,0.0,0.0,0.0,0.0
872080.041,2525.0,2285.0,2285.0,-342.75,-0.0,0.0,-342.0,0.0,-5.0,2525.0,0.0,0.0,0.0,0.0
872090.041,2525.0,2285.0,2285.0,-342.75,-0.0,0.0,-342.0,0.0,-5.0,2525.0,0.0,0.0,0.0,0.0
872100.042,2525.0,2285.0,2285.0,-342.75,-0.0,0.0,-342.0,0.0,-5.0,2525.0,0.0,0.0,0.0,0.0
872110.046,2525.0,2285.0,2285.0,-342.75,-0.0,0.0,-342.0,0.0,-5.0,2525.0,0.0,0.0,0.0,0.0
872120.048,2525.0,2285.0,2285.0,-342.75,-0.0,0.0,-342.0,0.0,-5.0,2525.0,0.0,0.0,0.0,0.0
872130.048,2525.0,2285.0,2285.0,-342.75,-0.0,0.0,-342.0,0.0,-5.0,2525.0,0.0,0.0,0.0,0.0
872141.106,2525.0,2285.0,2285.0,-342.75,-0.0,0.0,-342.0,0.0,-5.0,2525.0,0.0,0.0,0.0,0.0
872151.108,2525.0,2285.0,2285.0,-342.75,-0.0,0.0,-342.0,0.0,-5.0,2525.0,0.0,0.0,0.0,0.0
872161.109,2525.0,2285.0,2285.0,-342.75,-0.0,0.0,-342.0,0.0,-5.0,2525.0,0.0,0.0,0.0,0.0
872171.11,2525.0,2285.0,2285.0,-342.75,-0.0,0.0,-342.0,0.0,-5.0,2525.0,0.0,0.0,0.0,0.0
872181.11,2525.0,2285.0,2285.0,-342.75,-0.0,0.0,-342.0,0.0,-5.0,2525.0,0.0,0.0,0.0,0.0
872192.041,2525.0,2285.0,2285.0,-342.75,-0.0,0.0,-342.0,0.0,-5.0,2525.0,0.0,0.0,0.0,0.0
872202.041,2524.0,2285.0,2285.0,-342.75,-0.0,0.0,-342.0,0.0,-5.0,2525.0,0.0,0.0,0.0,0.0
872212.041,2524.0,2285.0,2285.0,-342.75,-0.0,0.0,-342.0,0.0,-5.0,2525.0,0.0,0.0,0.0,0.0
872222.042,2525.0,2285.0,2285.0,-342.75,-0.0,0.0,-342.0,0.0,-5.0,2525.0,0.0,0.0,0.0,0.0
872232.043,2524.0,2285.0,2285.0,-342.75,-0.0,0.0,-342.0,0.0,-5.0,2524.0,0.0,0.0,0.0,0.0
872242.043,2524.0,2285.0,2285.0,-342.75,-0.0,0.0,-342.0,0.0,-5.0,2524.0,0.0,0.0,0.0,0.0
872252.043,2524.0,2285.0,2285.0,-342.75,-0.0,0.0,-342.0,0.0,-5.0,2524.0,0.0,0.0,0.0,0.0
872262.043,2525.0,2285.0,2285.0,-342.75,-0.0,0.0,-342.0,0.0,-5.0,2524.0,0.0,0.0,0.0,0.0
872272.043,2524.0,2285.0,2285.0,-342.75,-0.0,0.0,-342.0,0.0,-5.0,2524.0,0.0,0.0,0.0,0.0
872282.044,2524.0,2285.0,2285.0,-342.75,-0.0,0.0,-342.0,0.0,-5.0,2524.0,0.0,0.0,0.0,0.0
872292.045,2524.0,2285.0,2285.0,-342.75,-0.0,0.0,-342.0,0.0,-5.0,2524.0,0.0,0.0,0.0,0.0
872302.045,2524.0,2285.0,2285.0,-342.75,-0.0,0.0,-342.0,0.0,-5.0,2524.0,0.0,0.0,0.0,0.0
872312.046,2524.0,2285.0,2285.0,-342.75,-0.0,0.0,-342.0,0.0,-5.0,2524.0,0.0,0.0,0.0,0.0
872322.046,2524.0,2285.0,2285.0,-342.75,-0.0,0.0,-342.0,0.0,-5.0,2524.0,0.0,0.0,0.0,0.0
872332.047,2524.0,2285.0,2285.0,-342.75,-0.0,0.0,-342.0,0.0,-5.0,2524.0,0.0,0.0,0.0,0.0
872342.048,2524.0,2285.0,2285.0,-342.75,-0.0,0.0,-342.0,0.0,-5.0,2524.0,0.0,0.0,0.0,0.0
872353.098,2524.0,2285.0,2285.0,-342.75,-0.0,0.0,-342.0,0.0,-5.0,2524.0,0.0,0.0,0.0,0.0
872363.099,2524.0,2285.0,2285.0,-342.75,-0.0,0.0,-342.0,0.0,-5.0,2524.0,0.0,0.0,0.0,0.0
872373.1,2524.0,2285.0,2285.0,-342.75,-0.0,0.0,-342.0,0.0,-5.0,2524.0,0.0,0.0,0.0,0.0
872383.1,2524.0,2285.0,2285.0,-342.75,-0.0,0.0,-342.0,0.0,-5.0,2524.0,0.0,0.0,0.0,0.0
872393.101,2524.0,2285.0,2285.0,-342.75,-0.0,0.0,-342.0,0.0,-5.0,2524.0,0.0,0.0,0.0,0.0
872403.101,2524.0,2285.0,2285.0,-342.75,-0.0,0.0,-342.0,0.0,-5.0,2524.0,0.0,0.0,0.0,0.0
872413.102,2524.0,2285.0,2285.0,-342.75,-0.0,0.0,-342.0,0.0,-5.0,2524.0,0.0,0.0,0.0,0.0
872423.102,2524.0,2285.0,2285.0,-342.75,-0.0,0.0,-342.0,0.0,-5.0,2524.0,0.0,0.0,0.0,0.0
872433.103,2524.0,2285.0,2285.0,-342.75,-0.0,0.0,-342.0,0.0,-5.0,2524.0,0.0,0.0,0.0,0.0
872443.103,2524.0,2285.0,2285.0,-342.75,-0.0,0.0,-342.0,0.0,-5.0,2524.0,0.0,0.0,0.0,0.0
872453.104,2524.0,2285.0,2285.0,-342.75,-0.0,0.0,-342.0,0.0,-5.0,2524.0,0.0,0.0,0.0,0.0
872463.105,2524.0,2285.0,2285.0,-342.75,-0.0,0.0,-342.0,0.0,-5.0,2524.0,0.0,0.0,0.0,0.0
872473.105,2524.0,2285.0,2285.0,-342.75,-0.0,0.0,-342.0,0.0,-5.0,2524.0,0.0,0.0,0.0,0.0
872483.106,2524.0,2285.0,2285.0,-342.75,-0.0,0.0,-342.0,0.0,-5.0,2524.0,0.0,0.0,0.0,0.0
872493.107,2524.0,2285.0,2285.0,-342.75,-0.0,0.0,-342.0,0.0,-5.0,2524.0,0.0,0.0,0.0,0.0
872503.108,2524.0,2285.0,2285.0,-342.75,-0.0,0.0,-342.0,0.0,-5.0,2524.0,0.0,0.0,0.0,0.0
872513.109,2524.0,2285.0,2285.0,-342.75,-0.0,0.0,-342.0,0.0,-5.0,2524.0,0.0,0.0,0.0,0.0
872523.11,2524.0,2285.0,2285.0,-342.75,-0.0,0.0,-342.0,0.0,-5.0,2524.0,0.0,0.0,0.0,0.0
872533.11,2524.0,2285.0,2285.0,-342.75,-0.0,0.0,-342.0,0.0,-5.0,2524.0,0.0,0.0,0.0,0.0
872543.11,2524.0,2285.0,2285.0,-342.75,-0.0,0.0,-342.0,0.0,-5.0,2524.0,0.0,0.0,0.0,0.0
872553.111,2524.0,2285.0,2285.0,-342.75,-0.0,0.0,-342.0,0.0,-5.0,2524.0,0.0,0.0,0.0,0.0
872563.112,2524.0,2285.0,2285.0,-342.75,-0.0,0.0,-342.0,0.0,-5.0,2524.0,0.0,0.0,0.0,0.0
872573.113,2524.0,2285.0,2285.0,-342.75,-0.0,0.0,-342.0,0.0,-5.0,2524.0,0.0,0.0,0.0,0.0
872583.113,2524.0,2285.0,2285.0,-342.75,-0.0,0.0,-342.0,0.0,-5.0,2524.0,0.0,0.0,0.0,0.0
872593.113,2524.0,2285.0,2285.0,-342.75,-0.0,0.0,-342.0,0.0,-5.0,2524.0,0.0,0.0,0.0,0.0
872603.113,2524.0,2285.0,2285.0,-342.75,-0.0,0.0,-342.0,0.0,-5.0,2524.0,0.0,0.0,0.0,0.0
872613.113,2524.0,2285.0,2285.0,-342.75,-0.0,0.0,-342.0,0.0,-5.0,2524.0,0.0,0.0,0.0,0.0
872623.114,2524.0,2285.0,2285.0,-342.75,-0.0,0.0,-342.0,0.0,-5.0,2524.0,0.0,0.0,0.0,0.0
872633.114,2524.0,2285.0,2285.0,-342.75,-0.0,0.0,-342.0,0.0,-5.0,2524.0,0.0,0.0,0.0,0.0
872643.115,2524.0,2285.0,2285.0,-342.75,-0.0,0.0,-342.0,0.0,-5.0,2524.0,0.0,0.0,0.0,0.0
872653.116,2524.0,2285.0,2285.0,-342.75,-0.0,0.0,-342.0,0.0,-5.0,2524.0,0.0,0.0,0.0,0.0
872663.116,2524.0,2285.0,2285.0,-342.75,-0.0,0.0,-342.0,0.0,-5.0,2524.0,0.0,0.0,0.0,0.0
872673.116,2524.0,2285.0,2285.0,-342.75,-0.0,0.0,-342.0,0.0,-5.0,2524.0,0.0,0.0,0.0,0.0
872683.116,2524.0,2285.0,2285.0,-342.75,-0.0,0.0,-342.0,0.0,-5.0,2524.0,0.0,0.0,0.0,0.0
872693.116,2524.0,2285.0,2285.0,-342.75,-0.0,0.0,-342.0,0.0,-5.0,2524.0,0.0,0.0,0.0,0.0
872703.116,2524.0,2285.0,2285.0,-342.75,-0.0,0.0,-342.0,0.0,-5.0,2524.0,0.0,0.0,0.0,0.0
872713.117,2524.0,2285.0,2285.0,-342.75,-0.0,0.0,-342.0,0.0,-5.0,2524.0,0.0,0.0,0.0,0.0
872723.118,2524.0,2285.0,2285.0,-342.75,-0.0,0.0,-342.0,0.0,-5.0,2524.0,0.0,0.0,0.0,0.0
872733.118,2524.0,2285.0,2285.0,-342.75,-0.0,0.0,-342.0,0.0,-5.0,2524.0,0.0,0.0,0.0,0.0
872743.118,2524.0,2285.0,2285.0,-342.75,-0.0,0.0,-342.0,0.0,-5.0,2524.0,0.0,0.0,0.0,0.0
872753.119,2524.0,2285.0,2285.0,-342.75,-0.0,0.0,-342.0,0.0,-5.0,2524.0,0.0,0.0,0.0,0.0
872764.04,2524.0,2285.0,2285.0,-342.75,-0.0,0.0,-342.0,0.0,-5.0,2524.0,0.0,0.0,0.0,0.0
872774.041,2524.0,2285.0,2285.0,-342.75,-0.0,0.0,-342.0,0.0,-5.0,2524.0,0.0,0.0,0.0,0.0
872784.041,2524.0,2285.0,2285.0,-342.75,-0.0,0.0,-342.0,0.0,-5.0,2524.0,0.0,0.0,0.0,0.0
872794.041,2524.0,2285.0,2285.0,-342.75,-0.0,0.0,-342.0,0.0,-5.0,2524.0,0.0,0.0,0.0,0.0
872804.046,2524.0,2285.0,2285.0,-342.75,-0.0,0.0,-342.0,0.0,-5.0,2524.0,0.0,0.0,0.0,0.0
872814.046,2524.0,2285.0,2285.0,-342.75,-0.0,0.0,-342.0,0.0,-5.0,2524.0,0.0,0.0,0.0,0.0
872824.047,2524.0,2285.0,2285.0,-342.75,-0.0,0.0,-342.0,0.0,-5.0,2524.0,0.0,0.0,0.0,0.0
872834.048,2524.0,2285.0,2285.0,-342.75,-0.0,0.0,-342.0,0.0,-5.0,2524.0,0.0,0.0,0.0,0.0
872844.049,2524.0,2285.0,2285.0,-342.75,-0.0,0.0,-342.0,0.0,-5.0,2524.0,0.0,0.0,0.0,0.0
872854.049,2524.0,2285.0,2285.0,-342.75,-0.0,0.0,-342.0,0.0,-5.0,2524.0,0.0,0.0,0.0,0.0
872864.049,2524.0,2285.0,2285.0,-342.75,-0.0,0.0,-342.0,0.0,-5.0,2524.0,0.0,0.0,0.0,0.0
872874.05,2524.0,2285.0,2285.0,-342.75,-0.0,0.0,-342.0,0.0,-5.0,2524.0,0.0,0.0,0.0,0.0
872884.05,2524.0,2285.0,2285.0,-342.75,-0.0,0.0,-342.0,0.0,-5.0,2524.0,0.0,0.0,0.0,0.0
872894.051,2524.0,2285.0,2285.0,-342.75,-0.0,0.0,-342.0,0.0,-5.0,2524.0,0.0,0.0,0.0,0.0
872904.051,2524.0,2285.0,2285.0,-342.75,-0.0,0.0,-342.0,0.0,-5.0,2524.0,0.0,0.0,0.0,0.0
872914.051,2524.0,2285.0,2285.0,-342.75,-0.0,0.0,-342.0,0.0,-5.0,2524.0,0.0,0.0,0.0,0.0
872924.051,2524.0,2285.0,2285.0,-342.75,-0.0,0.0,-342.0,0.0,-5.0,2524.0,0.0,0.0,0.0,0.0
872934.052,2524.0,2285.0,2285.0,-342.75,-0.0,0.0,-342.0,0.0,-5.0,2524.0,0.0,0.0,0.0,0.0
872944.052,2524.0,2285.0,2285.0,-342.75,-0.0,0.0,-342.0,0.0,-5.0,2524.0,0.0,0.0,0.0,0.0
872954.053,2524.0,2285.0,2285.0,-342.75,-0.0,0.0,-342.0,0.0,-5.0,2524.0,0.0,0.0,0.0,0.0
872964.054,2524.0,2285.0,2285.0,-342.75,-0.0,0.0,-342.0,0.0,-5.0,2524.0,0.0,0.0,0.0,0.0
872974.055,2524.0,2285.0,2285.0,-342.75,-0.0,0.0,-342.0,0.0,-5.0,2524.0,0.0,0.0,0.0,0.0
872984.055,2524.0,2285.0,2285.0,-342.75,-0.0,0.0,-342.0,0.0,-5.0,2524.0,0.0,0.0,0.0,0.0
872994.055,2524.0,2285.0,2285.0,-342.75,-0.0,0.0,-342.0,0.0,-5.0,2524.0,0.0,0.0,0.0,0.0
873004.056,2524.0,2285.0,2285.0,-342.75,-0.0,0.0,-342.0,0.0,-5.0,2524.0,0.0,0.0,0.0,0.0
873014.056,2524.0,2285.0,2285.0,-342.75,-0.0,0.0,-342.0,0.0,-5.0,2524.0,0.0,0.0,0.0,0.0
873024.057,2524.0,2285.0,2285.0,-342.75,-0.0,0.0,-342.0,0.0,-5.0,2524.0,0.0,0.0,0.0,0.0
873034.058,2524.0,2285.0,2285.0,-342.75,-0.0,0.0,-342.0,0.0,-5.0,2524.0,0.0,0.0,0.0,0.0
873044.058,2524.0,2285.0,2285.0,-342.75,-0.0,0.0,-342.0,0.0,-5.0,2524.0,0.0,0.0,0.0,0.0
873054.058,2524.0,2285.0,2285.0,-342.75,-0.0,0.0,-342.0,0.0,-5.0,2524.0,0.0,0.0,0.0,0.0
873064.058,2524.0,2285.0,2285.0,-342.75,-0.0,0.0,-342.0,0.0,-5.0,2524.0,0.0,0.0,0.0,0.0
873074.058,2524.0,2285.0,2285.0,-342.75,-0.0,0.0,-342.0,0.0,-5.0,2524.0,0.0,0.0,0.0,0.0
873084.059,2524.0,2285.0,2285.0,-342.75,-0.0,0.0,-342.0,0.0,-5.0,2524.0,0.0,0.0,0.0,0.0
873094.06,2524.0,2285.0,2285.0,-342.75,-0.0,0.0,-342.0,0.0,-5.0,2524.0,0.0,0.0,0.0,0.0
873104.061,2524.0,2285.0,2285.0,-342.75,-0.0,0.0,-342.0,0.0,-5.0,2524.0,0.0,0.0,0.0,0.0
873114.061,2524.0,2285.0,2285.0,-342.75,-0.0,0.0,-342.0,0.0,-5.0,2524.0,0.0,0.0,0.0,0.0
873124.061,2524.0,2285.0,2285.0,-342.75,-0.0,0.0,-342.0,0.0,-5.0,2524.0,0.0,0.0,0.0,0.0
873134.062,2524.0,2285.0,2285.0,-342.75,-0.0,0.0,-342.0,0.0,-5.0,2524.0,0.0,0.0,0.0,0.0
873144.062,2524.0,2285.0,2285.0,-342.75,-0.0,0.0,-342.0,0.0,-5.0,2524.0,0.0,0.0,0.0,0.0
873154.063,2524.0,2285.0,2285.0,-342.75,-0.0,0.0,-342.0,0.0,-5.0,2524.0,0.0,0.0,0.0,0.0
873164.063,2524.0,2285.0,2285.0,-342.75,-0.0,0.0,-342.0,0.0,-5.0,2524.0,0.0,0.0,0.0,0.0
873174.064,2524.0,2285.0,2285.0,-342.75,-0.0,0.0,-342.0,0.0,-5.0,2524.0,0.0,0.0,0.0,0.0
873184.065,2524.0,2285.0,2285.0,-342.75,-0.0,0.0,-342.0,0.0,-5.0,2524.0,0.0,0.0,0.0,0.0
873194.065,2524.0,2285.0,2285.0,-342.75,-0.0,0.0,-342.0,0.0,-5.0,2524.0,0.0,0.0,0.0,0.0
873204.065,2524.0,2285.0,2285.0,-342.75,-0.0,0.0,-342.0,0.0,-5.0,2524.0,0.0,0.0,0.0,0.0
873214.065,2524.0,2285.0,2285.0,-342.75,-0.0,0.0,-342.0,0.0,-5.0,2524.0,0.0,0.0,0.0,0.0
873224.065,2524.0,2285.0,2285.0,-342.75,-0.0,0.0,-342.0,0.0,-5.0,2524.0,0.0,0.0,0.0,0.0
873234.066,2524.0,2285.0,2285.0,-342.75,-0.0,0.0,-342.0,0.0,-5.0,2524.0,0.0,0.0,0.0,0.0
873244.067,2524.0,2285.0,2285.0,-342.75,-0.0,0.0,-342.0,0.0,-5.0,2524.0,0.0,0.0,0.0,0.0
873254.068,2524.0,2285.0,2285.0,-342.75,-0.0,0.0,-342.0,0.0,-5.0,2524.0,0.0,0.0,0.0,0.0
873264.069,2524.0,2285.0,2285.0,-342.75,-0.0,0.0,-342.0,0.0,-5.0,2524.0,0.0,0.0,0.0,0.0
873274.07,2524.0,2285.0,2285.0,-342.75,-0.0,0.0,-342.0,0.0,-5.0,2524.0,0.0,0.0,0.0,0.0
873284.07,2524.0,2285.0,2285.0,-342.75,-0.0,0.0,-342.0,0.0,-5.0,2524.0,0.0,0.0,0.0,0.0
873294.07,2524.0,2285.0,2285.0,-342.75,-0.0,0.0,-342.0,0.0,-5.0,2524.0,0.0,0.0,0.0,0.0
873304.07,2524.0,2285.0,2285.0,-342.75,-0.0,0.0,-342.0,0.0,-5.0,2524.0,0.0,0.0,0.0,0.0
873314.071,2524.0,2285.0,2285.0,-342.75,-0.0,0.0,-342.0,0.0,-5.0,2524.0,0.0,0.0,0.0,0.0
873324.071,2524.0,2285.0,2285.0,-342.75,-0.0,0.0,-342.0,0.0,-5.0,2524.0,0.0,0.0,0.0,0.0
873334.071,2524.0,2285.0,2285.0,-342.75,-0.0,0.0,-342.0,0.0,-5.0,2524.0,0.0,0.0,0.0,0.0
873344.072,2524.0,2285.0,2285.0,-342.75,-0.0,0.0,-342.0,0.0,-5.0,2524.0,0.0,0.0,0.0,0.0
873354.072,2524.0,2285.0,2285.0,-342.75,-0.0,0.0,-342.0,0.0,-5.0,2524.0,0.0,0.0,0.0,0.0
873364.073,2524.0,2285.0,2285.0,-342.75,-0.0,0.0,-342.0,0.0,-5.0,2524.0,0.0,0.0,0.0,0.0
873374.073,2524.0,2285.0,2285.0,-342.75,-0.0,0.0,-342.0,0.0,-5.0,2524.0,0.0,0.0,0.0,0.0
873384.073,2524.0,2285.0,2285.0,-342.75,-0.0,0.0,-342.0,0.0,-5.0,2524.0,0.0,0.0,0.0,0.0
873394.074,2524.0,2285.0,2285.0,-342.75,-0.0,0.0,-342.0,0.0,-5.0,2524.0,0.0,0.0,0.0,0.0
873404.074,2524.0,2285.0,2285.0,-342.75,-0.0,0.0,-342.0,0.0,-5.0,2524.0,0.0,0.0,0.0,0.0
873414.075,2524.0,2285.0,2285.0,-342.75,-0.0,0.0,-342.0,0.0,-5.0,2524.0,0.0,0.0,0.0,0.0
873424.075,2524.0,2285.0,2285.0,-342.75,-0.0,0.0,-342.0,0.0,-5.0,2524.0,0.0,0.0,0.0,0.0
873434.076,2524.0,2285.0,2285.0,-342.75,-0.0,0.0,-342.0,0.0,-5.0,2524.0,0.0,0.0,0.0,0.0
873444.077,2524.0,2285.0,2285.0,-342.75,-0.0,0.0,-342.0,0.0,-5.0,2524.0,0.0,0.0,0.0,0.0
873454.077,2524.0,2285.0,2285.0,-342.75,-0.0,0.0,-342.0,0.0,-5.0,2524.0,0.0,0.0,0.0,0.0
873464.077,2524.0,2285.0,2285.0,-342.75,-0.0,0.0,-342.0,0.0,-5.0,2524.0,0.0,0.0,0.0,0.0
873474.078,2524.0,2285.0,2285.0,-342.75,-0.0,0.0,-342.0,0.0,-5.0,2524.0,0.0,0.0,0.0,0.0
873484.079,2524.0,2285.0,2285.0,-342.75,-0.0,0.0,-342.0,0.0,-5.0,2524.0,0.0,0.0,0.0,0.0
873494.08,2524.0,2285.0,2285.0,-342.75,-0.0,0.0,-342.0,0.0,-5.0,2524.0,0.0,0.0,0.0,0.0
873504.08,2524.0,2285.0,2285.0,-342.75,-0.0,0.0,-342.0,0.0,-5.0,2524.0,0.0,0.0,0.0,0.0
873514.08,2524.0,2285.0,2285.0,-342.75,-0.0,0.0,-342.0,0.0,-5.0,2524.0,0.0,0.0,0.0,0.0
873524.081,2524.0,2285.0,2285.0,-342.75,-0.0,0.0,-342.0,0.0,-5.0,2524.0,0.0,0.0,0.0,0.0
873534.081,2524.0,2285.0,2285.0,-342.75,-0.0,0.0,-342.0,0.0,-5.0,2524.0,0.0,0.0,0.0,0.0
873544.081,2524.0,2285.0,2285.0,-342.75,-0.0,0.0,-342.0,0.0,-5.0,2524.0,0.0,0.0,0.0,0.0
873554.081,2524.0,2285.0,2285.0,-342.75,-0.0,0.0,-342.0,0.0,-5.0,2524.0,0.0,0.0,0.0,0.0
873564.081,2524.0,2285.0,2285.0,-342.75,-0.0,0.0,-342.0,0.0,-5.0,2524.0,0.0,0.0,0.0,0.0
873574.081,2524.0,2285.0,2285.0,-342.75,-0.0,0.0,-342.0,0.0,-5.0,2524.0,0.0,0.0,0.0,0.0
873584.082,2524.0,2285.0,2285.0,-342.75,-0.0,0.0,-342.0,0.0,-5.0,2524.0,0.0,0.0,0.0,0.0
873594.082,2525.0,2285.0,2285.0,-342.75,-0.0,0.0,-342.0,0.0,-5.0,2524.0,0.0,0.0,0.0,0.0
873604.082,2525.0,2285.0,2285.0,-342.75,-0.0,0.0,-342.0,0.0,-5.0,2524.0,0.0,0.0,0.0,0.0
873614.083,2525.0,2285.0,2285.0,-342.75,-0.0,0.0,-342.0,0.0,-5.0,2524.0,0.0,0.0,0.0,0.0
873624.084,2525.0,2285.0,2285.0,-342.75,-0.0,0.0,-342.0,0.0,-5.0,2524.0,0.0,0.0,0.0,0.0
873634.084,2525.0,2285.0,2285.0,-342.75,-0.0,0.0,-342.0,0.0,-5.0,2524.0,0.0,0.0,0.0,0.0
873644.085,2525.0,2285.0,2285.0,-342.75,-0.0,0.0,-342.0,0.0,-5.0,2525.0,0.0,0.0,0.0,0.0
873654.085,2525.0,2285.0,2285.0,-342.75,-0.0,0.0,-342.0,0.0,-5.0,2525.0,0.0,0.0,0.0,0.0
873664.085,2525.0,2285.0,2285.0,-342.75,-0.0,0.0,-342.0,0.0,-5.0,2525.0,0.0,0.0,0.0,0.0
873674.086,2525.0,2285.0,2285.0,-342.75,-0.0,0.0,-342.0,0.0,-5.0,2525.0,0.0,0.0,0.0,0.0
873684.087,2525.0,2285.0,2285.0,-342.75,-0.0,0.0,-342.0,0.0,-5.0,2525.0,0.0,0.0,0.0,0.0
873694.088,2525.0,2285.0,2285.0,-342.75,-0.0,0.0,-342.0,0.0,-5.0,2525.0,0.0,0.0,0.0,0.0
873704.088,2525.0,2285.0,2285.0,-342.75,-0.0,0.0,-342.0,0.0,-5.0,2525.0,0.0,0.0,0.0,0.0
873714.088,2525.0,2285.0,2285.0,-342.75,-0.0,0.0,-342.0,0.0,-5.0,2525.0,0.0,0.0,0.0,0.0
873725.041,2525.0,2285.0,2285.0,-342.75,-0.0,0.0,-342.0,0.0,-5.0,2525.0,0.0,0.0,0.0,0.0
873735.041,2525.0,2285.0,2285.0,-342.75,-0.0,0.0,-342.0,0.0,-5.0,2525.0,0.0,0.0,0.0,0.0
873745.041,2525.0,2285.0,2285.0,-342.75,-0.0,0.0,-342.0,0.0,-5.0,2525.0,0.0,0.0,0.0,0.0
873755.041,2525.0,2285.0,2285.0,-342.75,-0.0,0.0,-342.0,0.0,-5.0,2525.0,0.0,0.0,0.0,0.0
873765.041,2525.0,2285.0,2285.0,-342.75,-0.0,0.0,-342.0,0.0,-5.0,2525.0,0.0,0.0,0.0,0.0
873775.041,2525.0,2285.0,2285.0,-342.75,-0.0,0.0,-342.0,0.0,-5.0,2525.0,0.0,0.0,0.0,0.0
873785.041,2525.0,2285.0,2285.0,-342.75,-0.0,0.0,-342.0,0.0,-5.0,2525.0,0.0,0.0,0.0,0.0
873795.041,2525.0,2285.0,2285.0,-342.75,-0.0,0.0,-342.0,0.0,-5.0,2525.0,0.0,0.0,0.0,0.0
873805.041,2525.0,2285.0,2285.0,-342.75,-0.0,0.0,-342.0,0.0,-5.0,2525.0,0.0,0.0,0.0,0.0
873816.098,2525.0,2285.0,2285.0,-342.75,-0.0,0.0,-342.0,0.0,-5.0,2525.0,0.0,0.0,0.0,0.0
873826.098,2525.0,2285.0,2285.0,-342.75,-0.0,0.0,-342.0,0.0,-5.0,2525.0,0.0,0.0,0.0,0.0
873836.099,2525.0,2285.0,2285.0,-342.75,-0.0,0.0,-342.0,0.0,-5.0,2525.0,0.0,0.0,0.0,0.0
873846.1,2525.0,2285.0,2285.0,-342.75,-0.0,0.0,-342.0,0.0,-5.0,2525.0,0.0,0.0,0.0,0.0
873856.1,2525.0,2285.0,2285.0,-342.75,-0.0,0.0,-342.0,0.0,-5.0,2525.0,0.0,0.0,0.0,0.0
873866.1,2525.0,2285.0,2285.0,-342.75,-0.0,0.0,-342.0,0.0,-5.0,2525.0,0.0,0.0,0.0,0.0
873876.101,2525.0,2285.0,2285.0,-342.75,-0.0,0.0,-342.0,0.0,-5.0,2525.0,0.0,0.0,0.0,0.0
873886.102,2525.0,2285.0,2285.0,-342.75,-0.0,0.0,-342.0,0.0,-5.0,2525.0,0.0,0.0,0.0,0.0
873896.103,2525.0,2285.0,2285.0,-342.75,-0.0,0.0,-342.0,0.0,-5.0,2525.0,0.0,0.0,0.0,0.0
873906.104,2525.0,2285.0,2285.0,-342.75,-0.0,0.0,-342.0,0.0,-5.0,2525.0,0.0,0.0,0.0,0.0
873916.105,2525.0,2285.0,2285.0,-342.75,-0.0,0.0,-342.0,0.0,-5.0,2525.0,0.0,0.0,0.0,0.0
873926.106,2525.0,2285.0,2285.0,-342.75,-0.0,0.0,-342.0,0.0,-5.0,2525.0,0.0,0.0,0.0,0.0
873936.106,2525.0,2285.0,2285.0,-342.75,-0.0,0.0,-342.0,0.0,-5.0,2525.0,0.0,0.0,0.0,0.0
873946.107,2525.0,2285.0,2285.0,-342.75,-0.0,0.0,-342.0,0.0,-5.0,2525.0,0.0,0.0,0.0,0.0
873956.108,2525.0,2285.0,2285.0,-342.75,-0.0,0.0,-342.0,0.0,-5.0,2525.0,0.0,0.0,0.0,0.0
873966.109,2525.0,2285.0,2285.0,-342.75,-0.0,0.0,-342.0,0.0,-5.0,2525.0,0.0,0.0,0.0,0.0
873976.11,2525.0,2285.0,2285.0,-342.75,-0.0,0.0,-342.0,0.0,-5.0,2525.0,0.0,0.0,0.0,0.0
873987.098,2525.0,2285.0,2285.0,-342.75,-0.0,0.0,-342.0,0.0,-5.0,2525.0,0.0,0.0,0.0,0.0
873997.099,2525.0,2285.0,2285.0,-342.75,-0.0,0.0,-342.0,0.0,-5.0,2525.0,0.0,0.0,0.0,0.0
874007.099,2525.0,2285.0,2285.0,-342.75,-0.0,0.0,-342.0,0.0,-5.0,2525.0,0.0,0.0,0.0,0.0
874017.099,2525.0,2285.0,2285.0,-342.75,-0.0,0.0,-342.0,0.0,-5.0,2525.0,0.0,0.0,0.0,0.0
874027.1,2525.0,2285.0,2285.0,-342.75,-0.0,0.0,-342.0,0.0,-5.0,2525.0,0.0,0.0,0.0,0.0
874037.101,2525.0,2285.0,2285.0,-342.75,-0.0,0.0,-342.0,0.0,-5.0,2525.0,0.0,0.0,0.0,0.0
874047.101,2525.0,2285.0,2285.0,-342.75,-0.0,0.0,-342.0,0.0,-5.0,2525.0,0.0,0.0,0.0,0.0
874057.102,2525.0,2285.0,2285.0,-342.75,-0.0,0.0,-342.0,0.0,-5.0,2525.0,0.0,0.0,0.0,0.0
874067.103,2525.0,2285.0,2285.0,-342.75,-0.0,0.0,-342.0,0.0,-5.0,2525.0,0.0,0.0,0.0,0.0
874077.103,2525.0,2285.0,2285.0,-342.75,-0.0,0.0,-342.0,0.0,-5.0,2525.0,0.0,0.0,0.0,0.0
874088.098,2524.0,2285.0,2285.0,-342.75,-0.0,0.0,-342.0,0.0,-5.0,2525.0,0.0,0.0,0.0,0.0
874098.099,2525.0,2285.0,2285.0,-342.75,-0.0,0.0,-342.0,0.0,-5.0,2525.0,0.0,0.0,0.0,0.0
874108.099,2524.0,2285.0,2285.0,-342.75,-0.0,0.0,-342.0,0.0,-5.0,2525.0,0.0,0.0,0.0,0.0
874118.099,2525.0,2285.0,2285.0,-342.75,-0.0,0.0,-342.0,0.0,-5.0,2525.0,0.0,0.0,0.0,0.0
874128.099,2525.0,2285.0,2285.0,-342.75,-0.0,0.0,-342.0,0.0,-5.0,2525.0,0.0,0.0,0.0,0.0
874138.1,2525.0,2285.0,2285.0,-342.75,-0.0,0.0,-342.0,0.0,-5.0,2525.0,0.0,0.0,0.0,0.0
874148.101,2525.0,2285.0,2285.0,-342.75,-0.0,0.0,-342.0,0.0,-5.0,2525.0,0.0,0.0,0.0,0.0
874158.102,2525.0,2285.0,2285.0,-342.75,-0.0,0.0,-342.0,0.0,-5.0,2525.0,0.0,0.0,0.0,0.0
874168.103,2525.0,2285.0,2285.0,-342.75,-0.0,0.0,-342.0,0.0,-5.0,2525.0,0.0,0.0,0.0,0.0
874178.103,2525.0,2285.0,2285.0,-342.75,-0.0,0.0,-342.0,0.0,-5.0,2525.0,0.0,0.0,0.0,0.0
874188.104,2525.0,2285.0,2285.0,-342.75,-0.0,0.0,-342.0,0.0,-5.0,2525.0,0.0,0.0,0.0,0.0
874198.105,2525.0,2285.0,2285.0,-342.75,-0.0,0.0,-342.0,0.0,-5.0,2525.0,0.0,0.0,0.0,0.0
874208.106,2525.0,2285.0,2285.0,-342.75,-0.0,0.0,-342.0,0.0,-5.0,2525.0,0.0,0.0,0.0,0.0
874218.106,2525.0,2285.0,2285.0,-342.75,-0.0,0.0,-342.0,0.0,-5.0,2525.0,0.0,0.0,0.0,0.0
874228.106,2525.0,2285.0,2285.0,-342.75,-0.0,0.0,-342.0,0.0,-5.0,2525.0,0.0,0.0,0.0,0.0
874238.106,2525.0,2285.0,2285.0,-342.75,-0.0,0.0,-342.0,0.0,-5.0,2525.0,0.0,0.0,0.0,0.0
874249.106,2525.0,2285.0,2285.0,-342.75,-0.0,0.0,-342.0,0.0,-5.0,2525.0,0.0,0.0,0.0,0.0
874259.107,2525.0,2285.0,2285.0,-342.75,-0.0,0.0,-342.0,0.0,-5.0,2525.0,0.0,0.0,0.0,0.0
874269.108,2525.0,2285.0,2285.0,-342.75,-0.0,0.0,-342.0,0.0,-5.0,2525.0,0.0,0.0,0.0,0.0
874279.108,2525.0,2285.0,2285.0,-342.75,-0.0,0.0,-342.0,0.0,-5.0,2525.0,0.0,0.0,0.0,0.0
874289.11,2525.0,2285.0,2285.0,-342.75,-0.0,0.0,-342.0,0.0,-5.0,2525.0,0.0,0.0,0.0,0.0
874299.111,2525.0,2285.0,2285.0,-342.75,-0.0,0.0,-342.0,0.0,-5.0,2525.0,0.0,0.0,0.0,0.0
874309.111,2525.0,2285.0,2285.0,-342.75,-0.0,0.0,-342.0,0.0,-5.0,2525.0,0.0,0.0,0.0,0.0
874319.111,2525.0,2285.0,2285.0,-342.75,-0.0,0.0,-342.0,0.0,-5.0,2525.0,0.0,0.0,0.0,0.0
874329.112,2525.0,2285.0,2285.0,-342.75,-0.0,0.0,-342.0,0.0,-5.0,2525.0,0.0,0.0,0.0,0.0
874339.112,2525.0,2285.0,2285.0,-342.75,-0.0,0.0,-342.0,0.0,-5.0,2525.0,0.0,0.0,0.0,0.0
874349.113,2525.0,2285.0,2285.0,-342.75,-0.0,0.0,-342.0,0.0,-5.0,2525.0,0.0,0.0,0.0,0.0
874359.114,2525.0,2285.0,2285.0,-342.75,-0.0,0.0,-342.0,0.0,-5.0,2525.0,0.0,0.0,0.0,0.0
874369.114,2525.0,2285.0,2285.0,-342.75,-0.0,0.0,-342.0,0.0,-5.0,2525.0,0.0,0.0,0.0,0.0
874380.098,2525.0,2285.0,2285.0,-342.75,-0.0,0.0,-342.0,0.0,-5.0,2525.0,0.0,0.0,0.0,0.0
874390.098,2525.0,2285.0,2285.0,-342.75,-0.0,0.0,-342.0,0.0,-5.0,2525.0,0.0,0.0,0.0,0.0
874400.099,2525.0,2285.0,2285.0,-342.75,-0.0,0.0,-342.0,0.0,-5.0,2525.0,0.0,0.0,0.0,0.0
874410.099,2525.0,2285.0,2285.0,-342.75,-0.0,0.0,-342.0,0.0,-5.0,2525.0,0.0,0.0,0.0,0.0
874420.101,2525.0,2285.0,2285.0,-342.75,-0.0,0.0,-342.0,0.0,-5.0,2525.0,0.0,0.0,0.0,0.0
874430.101,2525.0,2285.0,2285.0,-342.75,-0.0,0.0,-342.0,0.0,-5.0,2525.0,0.0,0.0,0.0,0.0
874440.551,2525.0,2285.0,2285.0,-342.75,-0.0,0.0,-342.0,0.0,-5.0,2525.0,0.0,0.0,0.0,0.0
874450.552,2525.0,2285.0,2285.0,-342.75,-0.0,0.0,-342.0,0.0,-5.0,2525.0,0.0,0.0,0.0,0.0
874460.553,2525.0,2285.0,2285.0,-342.75,-0.0,0.0,-342.0,0.0,-5.0,2525.0,0.0,0.0,0.0,0.0
874470.554,2525.0,2285.0,2285.0,-342.75,-0.0,0.0,-342.0,0.0,-5.0,2525.0,0.0,0.0,0.0,0.0
874480.559,2525.0,2285.0,2285.0,-342.75,-0.0,0.0,-342.0,0.0,-5.0,2525.0,0.0,0.0,0.0,0.0
874490.559,2525.0,2285.0,2285.0,-342.75,-0.0,0.0,-342.0,0.0,-5.0,2525.0,0.0,0.0,0.0,0.0
874500.56,2525.0,2285.0,2285.0,-342.75,-0.0,0.0,-342.0,0.0,-5.0,2525.0,0.0,0.0,0.0,0.0
874510.561,2525.0,2285.0,2285.0,-342.75,-0.0,0.0,-342.0,0.0,-5.0,2525.0,0.0,0.0,0.0,0.0
874520.562,2525.0,2285.0,2285.0,-342.75,-0.0,0.0,-342.0,0.0,-5.0,2525.0,0.0,0.0,0.0,0.0
874530.563,2525.0,2285.0,2285.0,-342.75,-0.0,0.0,-342.0,0.0,-5.0,2525.0,0.0,0.0,0.0,0.0
874540.564,2525.0,2285.0,2285.0,-342.75,-0.0,0.0,-342.0,0.0,-5.0,2525.0,0.0,0.0,0.0,0.0
874550.565,2525.0,2285.0,2285.0,-342.75,-0.0,0.0,-342.0,0.0,-5.0,2525.0,0.0,0.0,0.0,0.0
874560.565,2525.0,2285.0,2285.0,-342.75,-0.0,0.0,-342.0,0.0,-5.0,2525.0,0.0,0.0,0.0,0.0
874570.566,2525.0,2285.0,2285.0,-342.75,-0.0,0.0,-342.0,0.0,-5.0,2525.0,0.0,0.0,0.0,0.0
874580.566,2525.0,2285.0,2285.0,-342.75,-0.0,0.0,-342.0,0.0,-5.0,2525.0,0.0,0.0,0.0,0.0
874590.566,2525.0,2285.0,2285.0,-342.75,-0.0,0.0,-342.0,0.0,-5.0,2525.0,0.0,0.0,0.0,0.0
874600.566,2525.0,2285.0,2285.0,-342.75,-0.0,0.0,-342.0,0.0,-5.0,2525.0,0.0,0.0,0.0,0.0
874611.098,2525.0,2285.0,2285.0,-342.75,-0.0,0.0,-342.0,0.0,-5.0,2525.0,0.0,0.0,0.0,0.0
874621.099,2525.0,2285.0,2285.0,-342.75,-0.0,0.0,-342.0,0.0,-5.0,2525.0,0.0,0.0,0.0,0.0
874631.1,2525.0,2285.0,2285.0,-342.75,-0.0,0.0,-342.0,0.0,-5.0,2525.0,0.0,0.0,0.0,0.0
874641.101,2525.0,2285.0,2285.0,-342.75,-0.0,0.0,-342.0,0.0,-5.0,2525.0,0.0,0.0,0.0,0.0
874651.102,2525.0,2285.0,2285.0,-342.75,-0.0,0.0,-342.0,0.0,-5.0,2525.0,0.0,0.0,0.0,0.0
874661.102,2525.0,2285.0,2285.0,-342.75,-0.0,0.0,-342.0,0.0,-5.0,2525.0,0.0,0.0,0.0,0.0
874671.103,2525.0,2285.0,2285.0,-342.75,-0.0,0.0,-342.0,0.0,-5.0,2525.0,0.0,0.0,0.0,0.0
874681.104,2525.0,2285.0,2285.0,-342.75,-0.0,0.0,-342.0,0.0,-5.0,2525.0,0.0,0.0,0.0,0.0
874691.104,2525.0,2285.0,2285.0,-342.75,-0.0,0.0,-342.0,0.0,-5.0,2525.0,0.0,0.0,0.0,0.0
874701.105,2525.0,2285.0,2285.0,-342.75,-0.0,0.0,-342.0,0.0,-5.0,2525.0,0.0,0.0,0.0,0.0
874711.105,2525.0,2285.0,2285.0,-342.75,-0.0,0.0,-342.0,0.0,-5.0,2525.0,0.0,0.0,0.0,0.0
874721.106,2525.0,2285.0,2285.0,-342.75,-0.0,0.0,-342.0,0.0,-5.0,2525.0,0.0,0.0,0.0,0.0
874731.106,2525.0,2285.0,2285.0,-342.75,-0.0,0.0,-342.0,0.0,-5.0,2525.0,0.0,0.0,0.0,0.0
874741.106,2525.0,2285.0,2285.0,-342.75,-0.0,0.0,-342.0,0.0,-5.0,2525.0,0.0,0.0,0.0,0.0
874751.106,2525.0,2285.0,2285.0,-342.75,-0.0,0.0,-342.0,0.0,-5.0,2525.0,0.0,0.0,0.0,0.0
874761.107,2525.0,2285.0,2285.0,-342.75,-0.0,0.0,-342.0,0.0,-5.0,2525.0,0.0,0.0,0.0,0.0
874771.108,2525.0,2285.0,2285.0,-342.75,-0.0,0.0,-342.0,0.0,-5.0,2525.0,0.0,0.0,0.0,0.0
874781.108,2525.0,2285.0,2285.0,-342.75,-0.0,0.0,-342.0,0.0,-5.0,2525.0,0.0,0.0,0.0,0.0
874791.109,2525.0,2285.0,2285.0,-342.75,-0.0,0.0,-342.0,0.0,-5.0,2525.0,0.0,0.0,0.0,0.0
874801.109,2525.0,2285.0,2285.0,-342.75,-0.0,0.0,-342.0,0.0,-5.0,2525.0,0.0,0.0,0.0,0.0
874811.11,2525.0,2285.0,2285.0,-342.75,-0.0,0.0,-342.0,0.0,-5.0,2525.0,0.0,0.0,0.0,0.0
874821.111,2525.0,2285.0,2285.0,-342.75,-0.0,0.0,-342.0,0.0,-5.0,2525.0,0.0,0.0,0.0,0.0
874831.111,2525.0,2285.0,2285.0,-342.75,-0.0,0.0,-342.0,0.0,-5.0,2525.0,0.0,0.0,0.0,0.0
874841.112,2525.0,2285.0,2285.0,-342.75,-0.0,0.0,-342.0,0.0,-5.0,2525.0,0.0,0.0,0.0,0.0
874851.112,2525.0,2285.0,2285.0,-342.75,-0.0,0.0,-342.0,0.0,-5.0,2525.0,0.0,0.0,0.0,0.0
874861.113,2525.0,2285.0,2285.0,-342.75,-0.0,0.0,-342.0,0.0,-5.0,2525.0,0.0,0.0,0.0,0.0
874871.114,2525.0,2285.0,2285.0,-342.75,-0.0,0.0,-342.0,0.0,-5.0,2525.0,0.0,0.0,0.0,0.0
874881.114,2525.0,2285.0,2285.0,-342.75,-0.0,0.0,-342.0,0.0,-5.0,2525.0,0.0,0.0,0.0,0.0
874891.115,2525.0,2285.0,2285.0,-342.75,-0.0,0.0,-342.0,0.0,-5.0,2525.0,0.0,0.0,0.0,0.0
874901.115,2525.0,2285.0,2285.0,-342.75,-0.0,0.0,-342.0,0.0,-5.0,2525.0,0.0,0.0,0.0,0.0
874911.115,2525.0,2285.0,2285.0,-342.75,-0.0,0.0,-342.0,0.0,-5.0,2525.0,0.0,0.0,0.0,0.0
874921.116,2525.0,2285.0,2285.0,-342.75,-0.0,0.0,-342.0,0.0,-5.0,2525.0,0.0,0.0,0.0,0.0
874931.116,2525.0,2285.0,2285.0,-342.75,-0.0,0.0,-342.0,0.0,-5.0,2525.0,0.0,0.0,0.0,0.0
874941.117,2525.0,2285.0,2285.0,-342.75,-0.0,0.0,-342.0,0.0,-5.0,2525.0,0.0,0.0,0.0,0.0
874951.12,2525.0,2285.0,2285.0,-342.75,-0.0,0.0,-342.0,0.0,-5.0,2525.0,0.0,0.0,0.0,0.0
874961.121,2525.0,2285.0,2285.0,-342.75,-0.0,0.0,-342.0,0.0,-5.0,2525.0,0.0,0.0,0.0,0.0
874971.122,2525.0,2285.0,2285.0,-342.75,-0.0,0.0,-342.0,0.0,-5.0,2525.0,0.0,0.0,0.0,0.0
874981.123,2525.0,2285.0,2285.0,-342.75,-0.0,0.0,-342.0,0.0,-5.0,2525.0,0.0,0.0,0.0,0.0
874991.124,2525.0,2285.0,2285.0,-342.75,-0.0,0.0,-342.0,0.0,-5.0,2525.0,0.0,0.0,0.0,0.0
875001.125,2525.0,2285.0,2285.0,-342.75,-0.0,0.0,-342.0,0.0,-5.0,2525.0,0.0,0.0,0.0,0.0
875011.13,2525.0,2285.0,2285.0,-342.75,-0.0,0.0,-342.0,0.0,-5.0,2525.0,0.0,0.0,0.0,0.0
875021.13,2525.0,2285.0,2285.0,-342.75,-0.0,0.0,-342.0,0.0,-5.0,2525.0,0.0,0.0,0.0,0.0
875031.13,2525.0,2285.0,2285.0,-342.75,-0.0,0.0,-342.0,0.0,-5.0,2525.0,0.0,0.0,0.0,0.0
875041.131,2525.0,2285.0,2285.0,-342.75,-0.0,0.0,-342.0,0.0,-5.0,2525.0,0.0,0.0,0.0,0.0
875051.131,2525.0,2285.0,2285.0,-342.75,-0.0,0.0,-342.0,0.0,-5.0,2525.0,0.0,0.0,0.0,0.0
875061.131,2525.0,2285.0,2285.0,-342.75,-0.0,0.0,-342.0,0.0,-5.0,2525.0,0.0,0.0,0.0,0.0
875071.131,2525.0,2285.0,2285.0,-342.75,-0.0,0.0,-342.0,0.0,-5.0,2525.0,0.0,0.0,0.0,0.0
875081.132,2525.0,2285.0,2285.0,-342.75,-0.0,0.0,-342.0,0.0,-5.0,2525.0,0.0,0.0,0.0,0.0
875091.163,2525.0,2285.0,2285.0,-342.75,-0.0,0.0,-342.0,0.0,-5.0,2525.0,0.0,0.0,0.0,0.0
875101.163,2525.0,2285.0,2285.0,-342.75,-0.0,0.0,-342.0,0.0,-5.0,2525.0,0.0,0.0,0.0,0.0
875111.164,2525.0,2285.0,2285.0,-342.75,-0.0,0.0,-342.0,0.0,-5.0,2525.0,0.0,0.0,0.0,0.0
875121.165,2525.0,2285.0,2285.0,-342.75,-0.0,0.0,-342.0,0.0,-5.0,2525.0,0.0,0.0,0.0,0.0
875131.166,2525.0,2285.0,2285.0,-342.75,-0.0,0.0,-342.0,0.0,-5.0,2525.0,0.0,0.0,0.0,0.0
875141.166,2525.0,2285.0,2285.0,-342.75,-0.0,0.0,-342.0,0.0,-5.0,2525.0,0.0,0.0,0.0,0.0
875151.167,2525.0,2285.0,2285.0,-342.75,-0.0,0.0,-342.0,0.0,-5.0,2525.0,0.0,0.0,0.0,0.0
875161.167,2525.0,2285.0,2285.0,-342.75,-0.0,0.0,-342.0,0.0,-5.0,2525.0,0.0,0.0,0.0,0.0
875171.168,2525.0,2285.0,2285.0,-342.75,-0.0,0.0,-342.0,0.0,-5.0,2525.0,0.0,0.0,0.0,0.0
875182.098,2525.0,2285.0,2285.0,-342.75,-0.0,0.0,-342.0,0.0,-5.0,2525.0,0.0,0.0,0.0,0.0
875193.098,2525.0,2285.0,2285.0,-342.75,-0.0,0.0,-342.0,0.0,-5.0,2525.0,0.0,0.0,0.0,0.0
875203.098,2525.0,2285.0,2285.0,-342.75,-0.0,0.0,-342.0,0.0,-5.0,2525.0,0.0,0.0,0.0,0.0
875213.098,2525.0,2285.0,2285.0,-342.75,-0.0,0.0,-342.0,0.0,-5.0,2525.0,0.0,0.0,0.0,0.0
875223.098,2525.0,2285.0,2285.0,-342.75,-0.0,0.0,-342.0,0.0,-5.0,2525.0,0.0,0.0,0.0,0.0
875233.099,2525.0,2285.0,2285.0,-342.75,-0.0,0.0,-342.0,0.0,-5.0,2525.0,0.0,0.0,0.0,0.0
875243.099,2525.0,2285.0,2285.0,-342.75,-0.0,0.0,-342.0,0.0,-5.0,2525.0,0.0,0.0,0.0,0.0
875253.1,2525.0,2285.0,2285.0,-342.75,-0.0,0.0,-342.0,0.0,-5.0,2525.0,0.0,0.0,0.0,0.0
875264.098,2525.0,2285.0,2285.0,-342.75,-0.0,0.0,-342.0,0.0,-5.0,2525.0,0.0,0.0,0.0,0.0
875274.098,2525.0,2285.0,2285.0,-342.75,-0.0,0.0,-342.0,0.0,-5.0,2525.0,0.0,0.0,0.0,0.0
875284.099,2525.0,2285.0,2285.0,-342.75,-0.0,0.0,-342.0,0.0,-5.0,2525.0,0.0,0.0,0.0,0.0
875294.099,2525.0,2285.0,2285.0,-342.75,-0.0,0.0,-342.0,0.0,-5.0,2525.0,0.0,0.0,0.0,0.0
875304.101,2525.0,2285.0,2285.0,-342.75,-0.0,0.0,-342.0,0.0,-5.0,2525.0,0.0,0.0,0.0,0.0
875314.102,2525.0,2285.0,2285.0,-342.75,-0.0,0.0,-342.0,0.0,-5.0,2525.0,0.0,0.0,0.0,0.0
875324.103,2525.0,2285.0,2285.0,-342.75,-0.0,0.0,-342.0,0.0,-5.0,2525.0,0.0,0.0,0.0,0.0
875334.103,2525.0,2285.0,2285.0,-342.75,-0.0,0.0,-342.0,0.0,-5.0,2525.0,0.0,0.0,0.0,0.0
875344.103,2525.0,2285.0,2285.0,-342.75,-0.0,0.0,-342.0,0.0,-5.0,2525.0,0.0,0.0,0.0,0.0
875354.103,2525.0,2285.0,2285.0,-342.75,-0.0,0.0,-342.0,0.0,-5.0,2525.0,0.0,0.0,0.0,0.0
875364.104,2525.0,2285.0,2285.0,-342.75,-0.0,0.0,-342.0,0.0,-5.0,2525.0,0.0,0.0,0.0,0.0
875374.105,2525.0,2285.0,2285.0,-342.75,-0.0,0.0,-342.0,0.0,-5.0,2525.0,0.0,0.0,0.0,0.0
875384.105,2525.0,2285.0,2285.0,-342.75,-0.0,0.0,-342.0,0.0,-5.0,2525.0,0.0,0.0,0.0,0.0
875394.105,2525.0,2285.0,2285.0,-342.75,-0.0,0.0,-342.0,0.0,-5.0,2525.0,0.0,0.0,0.0,0.0
875404.106,2525.0,2285.0,2285.0,-342.75,-0.0,0.0,-342.0,0.0,-5.0,2525.0,0.0,0.0,0.0,0.0
875414.107,2525.0,2285.0,2285.0,-342.75,-0.0,0.0,-342.0,0.0,-5.0,2525.0,0.0,0.0,0.0,0.0
875424.108,2525.0,2285.0,2285.0,-342.75,-0.0,0.0,-342.0,0.0,-5.0,2525.0,0.0,0.0,0.0,0.0
875434.109,2525.0,2285.0,2285.0,-342.75,-0.0,0.0,-342.0,0.0,-5.0,2525.0,0.0,0.0,0.0,0.0
875444.11,2525.0,2285.0,2285.0,-342.75,-0.0,0.0,-342.0,0.0,-5.0,2525.0,0.0,0.0,0.0,0.0
875454.113,2525.0,2285.0,2285.0,-342.75,-0.0,0.0,-342.0,0.0,-5.0,2525.0,0.0,0.0,0.0,0.0
875464.114,2525.0,2285.0,2285.0,-342.75,-0.0,0.0,-342.0,0.0,-5.0,2525.0,0.0,0.0,0.0,0.0
875474.115,2525.0,2285.0,2285.0,-342.75,-0.0,0.0,-342.0,0.0,-5.0,2525.0,0.0,0.0,0.0,0.0
875484.115,2525.0,2285.0,2285.0,-342.75,-0.0,0.0,-342.0,0.0,-5.0,2525.0,0.0,0.0,0.0,0.0
875494.116,2525.0,2285.0,2285.0,-342.75,-0.0,0.0,-342.0,0.0,-5.0,2525.0,0.0,0.0,0.0,0.0
875504.117,2525.0,2285.0,2285.0,-342.75,-0.0,0.0,-342.0,0.0,-5.0,2525.0,0.0,0.0,0.0,0.0
875514.118,2525.0,2285.0,2285.0,-342.75,-0.0,0.0,-342.0,0.0,-5.0,2525.0,0.0,0.0,0.0,0.0
875524.118,2524.0,2285.0,2285.0,-342.75,-0.0,0.0,-342.0,0.0,-5.0,2525.0,0.0,0.0,0.0,0.0
875534.118,2525.0,2285.0,2285.0,-342.75,-0.0,0.0,-342.0,0.0,-5.0,2525.0,0.0,0.0,0.0,0.0
875544.118,2525.0,2285.0,2285.0,-342.75,-0.0,0.0,-342.0,0.0,-5.0,2525.0,0.0,0.0,0.0,0.0
875554.12,2525.0,2285.0,2285.0,-342.75,-0.0,0.0,-342.0,0.0,-5.0,2525.0,0.0,0.0,0.0,0.0
875564.121,2524.0,2285.0,2285.0,-342.75,-0.0,0.0,-342.0,0.0,-5.0,2525.0,0.0,0.0,0.0,0.0
875574.121,2524.0,2285.0,2285.0,-342.75,-0.0,0.0,-342.0,0.0,-5.0,2525.0,0.0,0.0,0.0,0.0
875584.122,2524.0,2285.0,2285.0,-342.75,-0.0,0.0,-342.0,0.0,-5.0,2525.0,0.0,0.0,0.0,0.0
875594.123,2525.0,2285.0,2285.0,-342.75,-0.0,0.0,-342.0,0.0,-5.0,2525.0,0.0,0.0,0.0,0.0
875604.124,2524.0,2285.0,2285.0,-342.75,-0.0,0.0,-342.0,0.0,-5.0,2525.0,0.0,0.0,0.0,0.0
875614.124,2524.0,2285.0,2285.0,-342.75,-0.0,0.0,-342.0,0.0,-5.0,2525.0,0.0,0.0,0.0,0.0
875624.124,2524.0,2285.0,2285.0,-342.75,-0.0,0.0,-342.0,0.0,-5.0,2525.0,0.0,0.0,0.0,0.0
875634.124,2524.0,2285.0,2285.0,-342.75,-0.0,0.0,-342.0,0.0,-5.0,2525.0,0.0,0.0,0.0,0.0
875644.124,2524.0,2285.0,2285.0,-342.75,-0.0,0.0,-342.0,0.0,-5.0,2525.0,0.0,0.0,0.0,0.0
875654.125,2524.0,2285.0,2285.0,-342.75,-0.0,0.0,-342.0,0.0,-5.0,2524.0,0.0,0.0,0.0,0.0
875664.126,2524.0,2285.0,2285.0,-342.75,-0.0,0.0,-342.0,0.0,-5.0,2524.0,0.0,0.0,0.0,0.0
875674.126,2524.0,2285.0,2285.0,-342.75,-0.0,0.0,-342.0,0.0,-5.0,2524.0,0.0,0.0,0.0,0.0
875684.127,2524.0,2285.0,2285.0,-342.75,-0.0,0.0,-342.0,0.0,-5.0,2524.0,0.0,0.0,0.0,0.0
875694.128,2524.0,2285.0,2285.0,-342.75,-0.0,0.0,-342.0,0.0,-5.0,2524.0,0.0,0.0,0.0,0.0
875704.129,2525.0,2285.0,2285.0,-342.75,-0.0,0.0,-342.0,0.0,-5.0,2524.0,0.0,0.0,0.0,0.0
875714.13,2524.0,2285.0,2285.0,-342.75,-0.0,0.0,-342.0,0.0,-5.0,2524.0,0.0,0.0,0.0,0.0
875724.131,2524.0,2285.0,2285.0,-342.75,-0.0,0.0,-342.0,0.0,-5.0,2524.0,0.0,0.0,0.0,0.0
875734.131,2524.0,2285.0,2285.0,-342.75,-0.0,0.0,-342.0,0.0,-5.0,2524.0,0.0,0.0,0.0,0.0
875744.131,2524.0,2285.0,2285.0,-342.75,-0.0,0.0,-342.0,0.0,-5.0,2524.0,0.0,0.0,0.0,0.0
875754.132,2524.0,2285.0,2285.0,-342.75,-0.0,0.0,-342.0,0.0,-5.0,2524.0,0.0,0.0,0.0,0.0
875764.133,2524.0,2285.0,2285.0,-342.75,-0.0,0.0,-342.0,0.0,-5.0,2524.0,0.0,0.0,0.0,0.0
875774.134,2525.0,2285.0,2285.0,-342.75,-0.0,0.0,-342.0,0.0,-5.0,2524.0,0.0,0.0,0.0,0.0
875784.134,2525.0,2285.0,2285.0,-342.75,-0.0,0.0,-342.0,0.0,-5.0,2524.0,0.0,0.0,0.0,0.0
875794.134,2524.0,2285.0,2285.0,-342.75,-0.0,0.0,-342.0,0.0,-5.0,2524.0,0.0,0.0,0.0,0.0
875804.134,2524.0,2285.0,2285.0,-342.75,-0.0,0.0,-342.0,0.0,-5.0,2524.0,0.0,0.0,0.0,0.0
875814.134,2524.0,2285.0,2285.0,-342.75,-0.0,0.0,-342.0,0.0,-5.0,2524.0,0.0,0.0,0.0,0.0
875824.134,2524.0,2285.0,2285.0,-342.75,-0.0,0.0,-342.0,0.0,-5.0,2524.0,0.0,0.0,0.0,0.0
875834.135,2524.0,2285.0,2285.0,-342.75,-0.0,0.0,-342.0,0.0,-5.0,2524.0,0.0,0.0,0.0,0.0
875844.136,2524.0,2285.0,2285.0,-342.75,-0.0,0.0,-342.0,0.0,-5.0,2524.0,0.0,0.0,0.0,0.0
875854.136,2524.0,2285.0,2285.0,-342.75,-0.0,0.0,-342.0,0.0,-5.0,2524.0,0.0,0.0,0.0,0.0
875865.041,2524.0,2285.0,2285.0,-342.75,-0.0,0.0,-342.0,0.0,-5.0,2524.0,0.0,0.0,0.0,0.0
875875.042,2524.0,2285.0,2285.0,-342.75,-0.0,0.0,-342.0,0.0,-5.0,2524.0,0.0,0.0,0.0,0.0
875885.043,2524.0,2285.0,2285.0,-342.75,-0.0,0.0,-342.0,0.0,-5.0,2524.0,0.0,0.0,0.0,0.0
875895.043,2524.0,2285.0,2285.0,-342.75,-0.0,0.0,-342.0,0.0,-5.0,2524.0,0.0,0.0,0.0,0.0
875905.044,2524.0,2285.0,2285.0,-342.75,-0.0,0.0,-342.0,0.0,-5.0,2524.0,0.0,0.0,0.0,0.0
875916.041,2524.0,2285.0,2285.0,-342.75,-0.0,0.0,-342.0,0.0,-5.0,2524.0,0.0,0.0,0.0,0.0
875926.041,2524.0,2285.0,2285.0,-342.75,-0.0,0.0,-342.0,0.0,-5.0,2524.0,0.0,0.0,0.0,0.0
875936.041,2524.0,2285.0,2285.0,-342.75,-0.0,0.0,-342.0,0.0,-5.0,2524.0,0.0,0.0,0.0,0.0
875946.041,2524.0,2285.0,2285.0,-342.75,-0.0,0.0,-342.0,0.0,-5.0,2524.0,0.0,0.0,0.0,0.0
875956.041,2524.0,2285.0,2285.0,-342.75,-0.0,0.0,-342.0,0.0,-5.0,2524.0,0.0,0.0,0.0,0.0
875966.041,2524.0,2285.0,2285.0,-342.75,-0.0,0.0,-342.0,0.0,-5.0,2524.0,0.0,0.0,0.0,0.0
875976.041,2524.0,2285.0,2285.0,-342.75,-0.0,0.0,-342.0,0.0,-5.0,2524.0,0.0,0.0,0.0,0.0
875986.041,2524.0,2285.0,2285.0,-342.75,-0.0,0.0,-342.0,0.0,-5.0,2524.0,0.0,0.0,0.0,0.0
875996.041,2524.0,2285.0,2285.0,-342.75,-0.0,0.0,-342.0,0.0,-5.0,2524.0,0.0,0.0,0.0,0.0
876006.041,2524.0,2285.0,2285.0,-342.75,-0.0,0.0,-342.0,0.0,-5.0,2524.0,0.0,0.0,0.0,0.0
876016.043,2524.0,2285.0,2285.0,-342.75,-0.0,0.0,-342.0,0.0,-5.0,2524.0,0.0,0.0,0.0,0.0
876026.044,2524.0,2285.0,2285.0,-342.75,-0.0,0.0,-342.0,0.0,-5.0,2524.0,0.0,0.0,0.0,0.0
876036.044,2524.0,2285.0,2285.0,-342.75,-0.0,0.0,-342.0,0.0,-5.0,2524.0,0.0,0.0,0.0,0.0
876046.044,2524.0,2285.0,2285.0,-342.75,-0.0,0.0,-342.0,0.0,-5.0,2524.0,0.0,0.0,0.0,0.0
876056.046,2524.0,2285.0,2285.0,-342.75,-0.0,0.0,-342.0,0.0,-5.0,2524.0,0.0,0.0,0.0,0.0
876066.047,2524.0,2285.0,2285.0,-342.75,-0.0,0.0,-342.0,0.0,-5.0,2524.0,0.0,0.0,0.0,0.0
876076.048,2524.0,2285.0,2285.0,-342.75,-0.0,0.0,-342.0,0.0,-5.0,2524.0,0.0,0.0,0.0,0.0
876086.052,2524.0,2285.0,2285.0,-342.75,-0.0,0.0,-342.0,0.0,-5.0,2524.0,0.0,0.0,0.0,0.0
876096.052,2524.0,2285.0,2285.0,-342.75,-0.0,0.0,-342.0,0.0,-5.0,2524.0,0.0,0.0,0.0,0.0
876106.053,2524.0,2285.0,2285.0,-342.75,-0.0,0.0,-342.0,0.0,-5.0,2524.0,0.0,0.0,0.0,0.0
876116.058,2524.0,2285.0,2285.0,-342.75,-0.0,0.0,-342.0,0.0,-5.0,2524.0,0.0,0.0,0.0,0.0
876126.059,2524.0,2285.0,2285.0,-342.75,-0.0,0.0,-342.0,0.0,-5.0,2524.0,0.0,0.0,0.0,0.0
876136.059,2524.0,2285.0,2285.0,-342.75,-0.0,0.0,-342.0,0.0,-5.0,2524.0,0.0,0.0,0.0,0.0
876146.059,2524.0,2285.0,2285.0,-342.75,-0.0,0.0,-342.0,0.0,-5.0,2524.0,0.0,0.0,0.0,0.0
876156.06,2524.0,2285.0,2285.0,-342.75,-0.0,0.0,-342.0,0.0,-5.0,2524.0,0.0,0.0,0.0,0.0
876166.061,2524.0,2285.0,2285.0,-342.75,-0.0,0.0,-342.0,0.0,-5.0,2524.0,0.0,0.0,0.0,0.0
876176.061,2524.0,2285.0,2285.0,-342.75,-0.0,0.0,-342.0,0.0,-5.0,2524.0,0.0,0.0,0.0,0.0
876186.061,2524.0,2285.0,2285.0,-342.75,-0.0,0.0,-342.0,0.0,-5.0,2524.0,0.0,0.0,0.0,0.0
876196.062,2524.0,2285.0,2285.0,-342.75,-0.0,0.0,-342.0,0.0,-5.0,2524.0,0.0,0.0,0.0,0.0
876206.063,2524.0,2285.0,2285.0,-342.75,-0.0,0.0,-342.0,0.0,-5.0,2524.0,0.0,0.0,0.0,0.0
876216.064,2524.0,2285.0,2285.0,-342.75,-0.0,0.0,-342.0,0.0,-5.0,2524.0,0.0,0.0,0.0,0.0
876226.064,2524.0,2285.0,2285.0,-342.75,-0.0,0.0,-342.0,0.0,-5.0,2524.0,0.0,0.0,0.0,0.0
876236.065,2524.0,2285.0,2285.0,-342.75,-0.0,0.0,-342.0,0.0,-5.0,2524.0,0.0,0.0,0.0,0.0
876246.065,2524.0,2285.0,2285.0,-342.75,-0.0,0.0,-342.0,0.0,-5.0,2524.0,0.0,0.0,0.0,0.0
876256.066,2524.0,2285.0,2285.0,-342.75,-0.0,0.0,-342.0,0.0,-5.0,2524.0,0.0,0.0,0.0,0.0
876266.067,2524.0,2285.0,2285.0,-342.75,-0.0,0.0,-342.0,0.0,-5.0,2524.0,0.0,0.0,0.0,0.0
876276.067,2524.0,2285.0,2285.0,-342.75,-0.0,0.0,-342.0,0.0,-5.0,2524.0,0.0,0.0,0.0,0.0
876286.067,2524.0,2285.0,2285.0,-342.75,-0.0,0.0,-342.0,0.0,-5.0,2524.0,0.0,0.0,0.0,0.0
876296.067,2524.0,2285.0,2285.0,-342.75,-0.0,0.0,-342.0,0.0,-5.0,2524.0,0.0,0.0,0.0,0.0
876306.068,2524.0,2285.0,2285.0,-342.75,-0.0,0.0,-342.0,0.0,-5.0,2524.0,0.0,0.0,0.0,0.0
876316.069,2524.0,2285.0,2285.0,-342.75,-0.0,0.0,-342.0,0.0,-5.0,2524.0,0.0,0.0,0.0,0.0
876326.069,2524.0,2285.0,2285.0,-342.75,-0.0,0.0,-342.0,0.0,-5.0,2524.0,0.0,0.0,0.0,0.0
876336.07,2524.0,2285.0,2285.0,-342.75,-0.0,0.0,-342.0,0.0,-5.0,2524.0,0.0,0.0,0.0,0.0
876346.071,2524.0,2285.0,2285.0,-342.75,-0.0,0.0,-342.0,0.0,-5.0,2524.0,0.0,0.0,0.0,0.0
876357.04,2524.0,2285.0,2285.0,-342.75,-0.0,0.0,-342.0,0.0,-5.0,2524.0,0.0,0.0,0.0,0.0
876367.04,2524.0,2285.0,2285.0,-342.75,-0.0,0.0,-342.0,0.0,-5.0,2524.0,0.0,0.0,0.0,0.0
876377.041,2524.0,2285.0,2285.0,-342.75,-0.0,0.0,-342.0,0.0,-5.0,2524.0,0.0,0.0,0.0,0.0
876387.042,2524.0,2285.0,2285.0,-342.75,-0.0,0.0,-342.0,0.0,-5.0,2524.0,0.0,0.0,0.0,0.0
876397.043,2524.0,2285.0,2285.0,-342.75,-0.0,0.0,-342.0,0.0,-5.0,2524.0,0.0,0.0,0.0,0.0
876407.044,2524.0,2285.0,2285.0,-342.75,-0.0,0.0,-342.0,0.0,-5.0,2524.0,0.0,0.0,0.0,0.0
876417.046,2524.0,2285.0,2285.0,-342.75,-0.0,0.0,-342.0,0.0,-5.0,2524.0,0.0,0.0,0.0,0.0
876427.047,2524.0,2285.0,2285.0,-342.75,-0.0,0.0,-342.0,0.0,-5.0,2524.0,0.0,0.0,0.0,0.0
876438.041,2524.0,2285.0,2285.0,-342.75,-0.0,0.0,-342.0,0.0,-5.0,2524.0,0.0,0.0,0.0,0.0
876448.041,2524.0,2285.0,2285.0,-342.75,-0.0,0.0,-342.0,0.0,-5.0,2524.0,0.0,0.0,0.0,0.0
876458.041,2524.0,2285.0,2285.0,-342.75,-0.0,0.0,-342.0,0.0,-5.0,2524.0,0.0,0.0,0.0,0.0
876468.041,2524.0,2285.0,2285.0,-342.75,-0.0,0.0,-342.0,0.0,-5.0,2524.0,0.0,0.0,0.0,0.0
876478.041,2524.0,2285.0,2285.0,-342.75,-0.0,0.0,-342.0,0.0,-5.0,2524.0,0.0,0.0,0.0,0.0
876488.042,2524.0,2285.0,2285.0,-342.75,-0.0,0.0,-342.0,0.0,-5.0,2524.0,0.0,0.0,0.0,0.0
876498.046,2524.0,2285.0,2285.0,-342.75,-0.0,0.0,-342.0,0.0,-5.0,2524.0,0.0,0.0,0.0,0.0
876509.098,2524.0,2285.0,2285.0,-342.75,-0.0,0.0,-342.0,0.0,-5.0,2524.0,0.0,0.0,0.0,0.0
876519.098,2524.0,2285.0,2285.0,-342.75,-0.0,0.0,-342.0,0.0,-5.0,2524.0,0.0,0.0,0.0,0.0
876529.099,2524.0,2285.0,2285.0,-342.75,-0.0,0.0,-342.0,0.0,-5.0,2524.0,0.0,0.0,0.0,0.0
876539.099,2524.0,2285.0,2285.0,-342.75,-0.0,0.0,-342.0,0.0,-5.0,2524.0,0.0,0.0,0.0,0.0
876549.099,2524.0,2285.0,2285.0,-342.75,-0.0,0.0,-342.0,0.0,-5.0,2524.0,0.0,0.0,0.0,0.0
876559.099,2524.0,2285.0,2285.0,-342.75,-0.0,0.0,-342.0,0.0,-5.0,2524.0,0.0,0.0,0.0,0.0
876569.1,2524.0,2285.0,2285.0,-342.75,-0.0,0.0,-342.0,0.0,-5.0,2524.0,0.0,0.0,0.0,0.0
876580.098,2524.0,2285.0,2285.0,-342.75,-0.0,0.0,-342.0,0.0,-5.0,2524.0,0.0,0.0,0.0,0.0
876590.099,2524.0,2285.0,2285.0,-342.75,-0.0,0.0,-342.0,0.0,-5.0,2524.0,0.0,0.0,0.0,0.0
876600.1,2524.0,2285.0,2285.0,-342.75,-0.0,0.0,-342.0,0.0,-5.0,2524.0,0.0,0.0,0.0,0.0
876610.101,2524.0,2285.0,2285.0,-342.75,-0.0,0.0,-342.0,0.0,-5.0,2524.0,0.0,0.0,0.0,0.0
876620.102,2524.0,2285.0,2285.0,-342.75,-0.0,0.0,-342.0,0.0,-5.0,2524.0,0.0,0.0,0.0,0.0
876630.103,2524.0,2285.0,2285.0,-342.75,-0.0,0.0,-342.0,0.0,-5.0,2524.0,0.0,0.0,0.0,0.0
876640.103,2524.0,2285.0,2285.0,-342.75,-0.0,0.0,-342.0,0.0,-5.0,2524.0,0.0,0.0,0.0,0.0
876651.041,2524.0,2285.0,2285.0,-342.75,-0.0,0.0,-342.0,0.0,-5.0,2524.0,0.0,0.0,0.0,0.0
876661.041,2524.0,2285.0,2285.0,-342.75,-0.0,0.0,-342.0,0.0,-5.0,2524.0,0.0,0.0,0.0,0.0
876671.041,2524.0,2285.0,2285.0,-342.75,-0.0,0.0,-342.0,0.0,-5.0,2524.0,0.0,0.0,0.0,0.0
876681.041,2524.0,2285.0,2285.0,-342.75,-0.0,0.0,-342.0,0.0,-5.0,2524.0,0.0,0.0,0.0,0.0
876691.042,2524.0,2285.0,2285.0,-342.75,-0.0,0.0,-342.0,0.0,-5.0,2524.0,0.0,0.0,0.0,0.0
876701.042,2524.0,2285.0,2285.0,-342.75,-0.0,0.0,-342.0,0.0,-5.0,2524.0,0.0,0.0,0.0,0.0
876711.043,2524.0,2285.0,2285.0,-342.75,-0.0,0.0,-342.0,0.0,-5.0,2524.0,0.0,0.0,0.0,0.0
876721.043,2524.0,2285.0,2285.0,-342.75,-0.0,0.0,-342.0,0.0,-5.0,2524.0,0.0,0.0,0.0,0.0
876731.044,2524.0,2285.0,2285.0,-342.75,-0.0,0.0,-342.0,0.0,-5.0,2524.0,0.0,0.0,0.0,0.0
876741.156,2524.0,2285.0,2285.0,-342.75,-0.0,0.0,-342.0,0.0,-5.0,2524.0,0.0,0.0,0.0,0.0
876752.04,2524.0,2285.0,2285.0,-342.75,-0.0,0.0,-342.0,0.0,-5.0,2524.0,0.0,0.0,0.0,0.0
876762.041,2524.0,2285.0,2285.0,-342.75,-0.0,0.0,-342.0,0.0,-5.0,2524.0,0.0,0.0,0.0,0.0
876772.041,2524.0,2285.0,2285.0,-342.75,-0.0,0.0,-342.0,0.0,-5.0,2524.0,0.0,0.0,0.0,0.0
876782.041,2524.0,2285.0,2285.0,-342.75,-0.0,0.0,-342.0,0.0,-5.0,2524.0,0.0,0.0,0.0,0.0
876792.041,2524.0,2285.0,2285.0,-342.75,-0.0,0.0,-342.0,0.0,-5.0,2524.0,0.0,0.0,0.0,0.0
876802.041,2524.0,2285.0,2285.0,-342.75,-0.0,0.0,-342.0,0.0,-5.0,2524.0,0.0,0.0,0.0,0.0
876812.041,2524.0,2285.0,2285.0,-342.75,-0.0,0.0,-342.0,0.0,-5.0,2524.0,0.0,0.0,0.0,0.0
876822.041,2524.0,2285.0,2285.0,-342.75,-0.0,0.0,-342.0,0.0,-5.0,2524.0,0.0,0.0,0.0,0.0
876833.098,2524.0,2285.0,2285.0,-342.75,-0.0,0.0,-342.0,0.0,-5.0,2524.0,0.0,0.0,0.0,0.0
876843.098,2524.0,2285.0,2285.0,-342.75,-0.0,0.0,-342.0,0.0,-5.0,2524.0,0.0,0.0,0.0,0.0
876853.099,2524.0,2285.0,2285.0,-342.75,-0.0,0.0,-342.0,0.0,-5.0,2524.0,0.0,0.0,0.0,0.0
876863.1,2524.0,2285.0,2285.0,-342.75,-0.0,0.0,-342.0,0.0,-5.0,2524.0,0.0,0.0,0.0,0.0
876873.101,2524.0,2285.0,2285.0,-342.75,-0.0,0.0,-342.0,0.0,-5.0,2524.0,0.0,0.0,0.0,0.0
876883.102,2524.0,2285.0,2285.0,-342.75,-0.0,0.0,-342.0,0.0,-5.0,2524.0,0.0,0.0,0.0,0.0
876893.103,2524.0,2285.0,2285.0,-342.75,-0.0,0.0,-342.0,0.0,-5.0,2524.0,0.0,0.0,0.0,0.0
876903.103,2524.0,2285.0,2285.0,-342.75,-0.0,0.0,-342.0,0.0,-5.0,2524.0,0.0,0.0,0.0,0.0
876913.103,2524.0,2285.0,2285.0,-342.75,-0.0,0.0,-342.0,0.0,-5.0,2524.0,0.0,0.0,0.0,0.0
876923.103,2524.0,2285.0,2285.0,-342.75,-0.0,0.0,-342.0,0.0,-5.0,2524.0,0.0,0.0,0.0,0.0
876933.103,2524.0,2285.0,2285.0,-342.75,-0.0,0.0,-342.0,0.0,-5.0,2524.0,0.0,0.0,0.0,0.0
876943.103,2524.0,2285.0,2285.0,-342.75,-0.0,0.0,-342.0,0.0,-5.0,2524.0,0.0,0.0,0.0,0.0
876953.104,2524.0,2285.0,2285.0,-342.75,-0.0,0.0,-342.0,0.0,-5.0,2524.0,0.0,0.0,0.0,0.0
876963.105,2524.0,2285.0,2285.0,-342.75,-0.0,0.0,-342.0,0.0,-5.0,2524.0,0.0,0.0,0.0,0.0
876973.105,2524.0,2285.0,2285.0,-342.75,-0.0,0.0,-342.0,0.0,-5.0,2524.0,0.0,0.0,0.0,0.0
876983.106,2524.0,2285.0,2285.0,-342.75,-0.0,0.0,-342.0,0.0,-5.0,2524.0,0.0,0.0,0.0,0.0
876993.107,2524.0,2285.0,2285.0,-342.75,-0.0,0.0,-342.0,0.0,-5.0,2524.0,0.0,0.0,0.0,0.0
877003.107,2524.0,2285.0,2285.0,-342.75,-0.0,0.0,-342.0,0.0,-5.0,2524.0,0.0,0.0,0.0,0.0
877013.107,2524.0,2285.0,2285.0,-342.75,-0.0,0.0,-342.0,0.0,-5.0,2524.0,0.0,0.0,0.0,0.0
877023.107,2524.0,2285.0,2285.0,-342.75,-0.0,0.0,-342.0,0.0,-5.0,2524.0,0.0,0.0,0.0,0.0
877034.098,2524.0,2285.0,2285.0,-342.75,-0.0,0.0,-342.0,0.0,-5.0,2524.0,0.0,0.0,0.0,0.0
877044.099,2524.0,2285.0,2285.0,-342.75,-0.0,0.0,-342.0,0.0,-5.0,2524.0,0.0,0.0,0.0,0.0
877054.099,2524.0,2285.0,2285.0,-342.75,-0.0,0.0,-342.0,0.0,-5.0,2524.0,0.0,0.0,0.0,0.0
877065.098,2524.0,2285.0,2285.0,-342.75,-0.0,0.0,-342.0,0.0,-5.0,2524.0,0.0,0.0,0.0,0.0
877075.098,2524.0,2285.0,2285.0,-342.75,-0.0,0.0,-342.0,0.0,-5.0,2524.0,0.0,0.0,0.0,0.0
877085.099,2524.0,2285.0,2285.0,-342.75,-0.0,0.0,-342.0,0.0,-5.0,2524.0,0.0,0.0,0.0,0.0
877095.101,2524.0,2285.0,2285.0,-342.75,-0.0,0.0,-342.0,0.0,-5.0,2524.0,0.0,0.0,0.0,0.0
877105.101,2524.0,2285.0,2285.0,-342.75,-0.0,0.0,-342.0,0.0,-5.0,2524.0,0.0,0.0,0.0,0.0
877115.101,2524.0,2285.0,2285.0,-342.75,-0.0,0.0,-342.0,0.0,-5.0,2524.0,0.0,0.0,0.0,0.0
877125.101,2524.0,2285.0,2285.0,-342.75,-0.0,0.0,-342.0,0.0,-5.0,2524.0,0.0,0.0,0.0,0.0
877135.101,2524.0,2285.0,2285.0,-342.75,-0.0,0.0,-342.0,0.0,-5.0,2524.0,0.0,0.0,0.0,0.0
877145.102,2524.0,2285.0,2285.0,-342.75,-0.0,0.0,-342.0,0.0,-5.0,2524.0,0.0,0.0,0.0,0.0
877155.103,2524.0,2285.0,2285.0,-342.75,-0.0,0.0,-342.0,0.0,-5.0,2524.0,0.0,0.0,0.0,0.0
877165.103,2524.0,2285.0,2285.0,-342.75,-0.0,0.0,-342.0,0.0,-5.0,2524.0,0.0,0.0,0.0,0.0
877175.103,2524.0,2285.0,2285.0,-342.75,-0.0,0.0,-342.0,0.0,-5.0,2524.0,0.0,0.0,0.0,0.0
877185.103,2524.0,2285.0,2285.0,-342.75,-0.0,0.0,-342.0,0.0,-5.0,2524.0,0.0,0.0,0.0,0.0
877195.103,2524.0,2285.0,2285.0,-342.75,-0.0,0.0,-342.0,0.0,-5.0,2524.0,0.0,0.0,0.0,0.0
877205.103,2524.0,2285.0,2285.0,-342.75,-0.0,0.0,-342.0,0.0,-5.0,2524.0,0.0,0.0,0.0,0.0
877215.103,2524.0,2285.0,2285.0,-342.75,-0.0,0.0,-342.0,0.0,-5.0,2524.0,0.0,0.0,0.0,0.0
877225.104,2524.0,2285.0,2285.0,-342.75,-0.0,0.0,-342.0,0.0,-5.0,2524.0,0.0,0.0,0.0,0.0
877235.104,2524.0,2285.0,2285.0,-342.75,-0.0,0.0,-342.0,0.0,-5.0,2524.0,0.0,0.0,0.0,0.0
877245.105,2524.0,2285.0,2285.0,-342.75,-0.0,0.0,-342.0,0.0,-5.0,2524.0,0.0,0.0,0.0,0.0
877255.105,2524.0,2285.0,2285.0,-342.75,-0.0,0.0,-342.0,0.0,-5.0,2524.0,0.0,0.0,0.0,0.0
877265.106,2524.0,2285.0,2285.0,-342.75,-0.0,0.0,-342.0,0.0,-5.0,2524.0,0.0,0.0,0.0,0.0
877275.107,2524.0,2285.0,2285.0,-342.75,-0.0,0.0,-342.0,0.0,-5.0,2524.0,0.0,0.0,0.0,0.0
877285.107,2524.0,2285.0,2285.0,-342.75,-0.0,0.0,-342.0,0.0,-5.0,2524.0,0.0,0.0,0.0,0.0
877295.107,2524.0,2285.0,2285.0,-342.75,-0.0,0.0,-342.0,0.0,-5.0,2524.0,0.0,0.0,0.0,0.0
877306.106,2524.0,2285.0,2285.0,-342.75,-0.0,0.0,-342.0,0.0,-5.0,2524.0,0.0,0.0,0.0,0.0
877316.107,2524.0,2285.0,2285.0,-342.75,-0.0,0.0,-342.0,0.0,-5.0,2524.0,0.0,0.0,0.0,0.0
877326.108,2524.0,2285.0,2285.0,-342.75,-0.0,0.0,-342.0,0.0,-5.0,2524.0,0.0,0.0,0.0,0.0
877336.109,2524.0,2285.0,2285.0,-342.75,-0.0,0.0,-342.0,0.0,-5.0,2524.0,0.0,0.0,0.0,0.0
877346.11,2524.0,2285.0,2285.0,-342.75,-0.0,0.0,-342.0,0.0,-5.0,2524.0,0.0,0.0,0.0,0.0
877356.111,2524.0,2285.0,2285.0,-342.75,-0.0,0.0,-342.0,0.0,-5.0,2524.0,0.0,0.0,0.0,0.0
877366.112,2524.0,2285.0,2285.0,-342.75,-0.0,0.0,-342.0,0.0,-5.0,2524.0,0.0,0.0,0.0,0.0
877376.113,2524.0,2285.0,2285.0,-342.75,-0.0,0.0,-342.0,0.0,-5.0,2524.0,0.0,0.0,0.0,0.0
877386.114,2524.0,2285.0,2285.0,-342.75,-0.0,0.0,-342.0,0.0,-5.0,2524.0,0.0,0.0,0.0,0.0
877396.114,2524.0,2285.0,2285.0,-342.75,-0.0,0.0,-342.0,0.0,-5.0,2524.0,0.0,0.0,0.0,0.0
877406.114,2524.0,2285.0,2285.0,-342.75,-0.0,0.0,-342.0,0.0,-5.0,2524.0,0.0,0.0,0.0,0.0
877416.115,2524.0,2285.0,2285.0,-342.75,-0.0,0.0,-342.0,0.0,-5.0,2524.0,0.0,0.0,0.0,0.0
877426.115,2524.0,2285.0,2285.0,-342.75,-0.0,0.0,-342.0,0.0,-5.0,2524.0,0.0,0.0,0.0,0.0
877436.115,2524.0,2285.0,2285.0,-342.75,-0.0,0.0,-342.0,0.0,-5.0,2524.0,0.0,0.0,0.0,0.0
877446.115,2524.0,2285.0,2285.0,-342.75,-0.0,0.0,-342.0,0.0,-5.0,2524.0,0.0,0.0,0.0,0.0
877456.116,2524.0,2285.0,2285.0,-342.75,-0.0,0.0,-342.0,0.0,-5.0,2524.0,0.0,0.0,0.0,0.0
877466.116,2524.0,2285.0,2285.0,-342.75,-0.0,0.0,-342.0,0.0,-5.0,2524.0,0.0,0.0,0.0,0.0
877476.117,2524.0,2285.0,2285.0,-342.75,-0.0,0.0,-342.0,0.0,-5.0,2524.0,0.0,0.0,0.0,0.0
877486.118,2524.0,2285.0,2285.0,-342.75,-0.0,0.0,-342.0,0.0,-5.0,2524.0,0.0,0.0,0.0,0.0
877496.119,2524.0,2285.0,2285.0,-342.75,-0.0,0.0,-342.0,0.0,-5.0,2524.0,0.0,0.0,0.0,0.0
877506.123,2524.0,2285.0,2285.0,-342.75,-0.0,0.0,-342.0,0.0,-5.0,2524.0,0.0,0.0,0.0,0.0
877516.124,2524.0,2285.0,2285.0,-342.75,-0.0,0.0,-342.0,0.0,-5.0,2524.0,0.0,0.0,0.0,0.0
877526.124,2524.0,2285.0,2285.0,-342.75,-0.0,0.0,-342.0,0.0,-5.0,2524.0,0.0,0.0,0.0,0.0
877536.125,2524.0,2285.0,2285.0,-342.75,-0.0,0.0,-342.0,0.0,-5.0,2524.0,0.0,0.0,0.0,0.0
877546.125,2524.0,2285.0,2285.0,-342.75,-0.0,0.0,-342.0,0.0,-5.0,2524.0,0.0,0.0,0.0,0.0
877556.126,2524.0,2285.0,2285.0,-342.75,-0.0,0.0,-342.0,0.0,-5.0,2524.0,0.0,0.0,0.0,0.0
877566.126,2524.0,2285.0,2285.0,-342.75,-0.0,0.0,-342.0,0.0,-5.0,2524.0,0.0,0.0,0.0,0.0
877576.127,2524.0,2285.0,2285.0,-342.75,-0.0,0.0,-342.0,0.0,-5.0,2524.0,0.0,0.0,0.0,0.0
877586.127,2524.0,2285.0,2285.0,-342.75,-0.0,0.0,-342.0,0.0,-5.0,2524.0,0.0,0.0,0.0,0.0
877596.127,2524.0,2285.0,2285.0,-342.75,-0.0,0.0,-342.0,0.0,-5.0,2524.0,0.0,0.0,0.0,0.0
877606.127,2524.0,2285.0,2285.0,-342.75,-0.0,0.0,-342.0,0.0,-5.0,2524.0,0.0,0.0,0.0,0.0
877616.128,2524.0,2285.0,2285.0,-342.75,-0.0,0.0,-342.0,0.0,-5.0,2524.0,0.0,0.0,0.0,0.0
877626.128,2524.0,2285.0,2285.0,-342.75,-0.0,0.0,-342.0,0.0,-5.0,2524.0,0.0,0.0,0.0,0.0
877636.129,2524.0,2285.0,2285.0,-342.75,-0.0,0.0,-342.0,0.0,-5.0,2524.0,0.0,0.0,0.0,0.0
877646.129,2524.0,2285.0,2285.0,-342.75,-0.0,0.0,-342.0,0.0,-5.0,2524.0,0.0,0.0,0.0,0.0
877656.13,2524.0,2285.0,2285.0,-342.75,-0.0,0.0,-342.0,0.0,-5.0,2524.0,0.0,0.0,0.0,0.0
877667.041,2524.0,2285.0,2285.0,-342.75,-0.0,0.0,-342.0,0.0,-5.0,2524.0,0.0,0.0,0.0,0.0
877677.042,2524.0,2285.0,2285.0,-342.75,-0.0,0.0,-342.0,0.0,-5.0,2524.0,0.0,0.0,0.0,0.0
877687.043,2524.0,2285.0,2285.0,-342.75,-0.0,0.0,-342.0,0.0,-5.0,2524.0,0.0,0.0,0.0,0.0
877697.044,2524.0,2285.0,2285.0,-342.75,-0.0,0.0,-342.0,0.0,-5.0,2524.0,0.0,0.0,0.0,0.0
877707.044,2524.0,2285.0,2285.0,-342.75,-0.0,0.0,-342.0,0.0,-5.0,2524.0,0.0,0.0,0.0,0.0
877718.041,2524.0,2285.0,2285.0,-342.75,-0.0,0.0,-342.0,0.0,-5.0,2524.0,0.0,0.0,0.0,0.0
877728.041,2524.0,2285.0,2285.0,-342.75,-0.0,0.0,-342.0,0.0,-5.0,2524.0,0.0,0.0,0.0,0.0
877738.041,2524.0,2285.0,2285.0,-342.75,-0.0,0.0,-342.0,0.0,-5.0,2524.0,0.0,0.0,0.0,0.0
877748.041,2524.0,2285.0,2285.0,-342.75,-0.0,0.0,-342.0,0.0,-5.0,2524.0,0.0,0.0,0.0,0.0
877759.041,2524.0,2285.0,2285.0,-342.75,-0.0,0.0,-342.0,0.0,-5.0,2524.0,0.0,0.0,0.0,0.0
877769.041,2524.0,2285.0,2285.0,-342.75,-0.0,0.0,-342.0,0.0,-5.0,2524.0,0.0,0.0,0.0,0.0
877779.042,2524.0,2285.0,2285.0,-342.75,-0.0,0.0,-342.0,0.0,-5.0,2524.0,0.0,0.0,0.0,0.0
877790.098,2524.0,2285.0,2285.0,-342.75,-0.0,0.0,-342.0,0.0,-5.0,2524.0,0.0,0.0,0.0,0.0
877800.098,2524.0,2285.0,2285.0,-342.75,-0.0,0.0,-342.0,0.0,-5.0,2524.0,0.0,0.0,0.0,0.0
877811.098,2524.0,2285.0,2285.0,-342.75,-0.0,0.0,-342.0,0.0,-5.0,2524.0,0.0,0.0,0.0,0.0
877821.099,2524.0,2285.0,2285.0,-342.75,-0.0,0.0,-342.0,0.0,-5.0,2524.0,0.0,0.0,0.0,0.0
877831.099,2524.0,2285.0,2285.0,-342.75,-0.0,0.0,-342.0,0.0,-5.0,2524.0,0.0,0.0,0.0,0.0
877841.099,2524.0,2285.0,2285.0,-342.75,-0.0,0.0,-342.0,0.0,-5.0,2524.0,0.0,0.0,0.0,0.0
877851.1,2524.0,2285.0,2285.0,-342.75,-0.0,0.0,-342.0,0.0,-5.0,2524.0,0.0,0.0,0.0,0.0
877861.1,2524.0,2285.0,2285.0,-342.75,-0.0,0.0,-342.0,0.0,-5.0,2524.0,0.0,0.0,0.0,0.0
877871.102,2524.0,2285.0,2285.0,-342.75,-0.0,0.0,-342.0,0.0,-5.0,2524.0,0.0,0.0,0.0,0.0
877881.103,2524.0,2285.0,2285.0,-342.75,-0.0,0.0,-342.0,0.0,-5.0,2524.0,0.0,0.0,0.0,0.0
877891.104,2524.0,2285.0,2285.0,-342.75,-0.0,0.0,-342.0,0.0,-5.0,2524.0,0.0,0.0,0.0,0.0
877901.105,2524.0,2285.0,2285.0,-342.75,-0.0,0.0,-342.0,0.0,-5.0,2524.0,0.0,0.0,0.0,0.0
877911.106,2524.0,2285.0,2285.0,-342.75,-0.0,0.0,-342.0,0.0,-5.0,2524.0,0.0,0.0,0.0,0.0
877921.106,2524.0,2285.0,2285.0,-342.75,-0.0,0.0,-342.0,0.0,-5.0,2524.0,0.0,0.0,0.0,0.0
877931.106,2524.0,2285.0,2285.0,-342.75,-0.0,0.0,-342.0,0.0,-5.0,2524.0,0.0,0.0,0.0,0.0
877941.106,2524.0,2285.0,2285.0,-342.75,-0.0,0.0,-342.0,0.0,-5.0,2524.0,0.0,0.0,0.0,0.0
877951.106,2524.0,2285.0,2285.0,-342.75,-0.0,0.0,-342.0,0.0,-5.0,2524.0,0.0,0.0,0.0,0.0
877961.106,2524.0,2285.0,2285.0,-342.75,-0.0,0.0,-342.0,0.0,-5.0,2524.0,0.0,0.0,0.0,0.0
877971.106,2524.0,2285.0,2285.0,-342.75,-0.0,0.0,-342.0,0.0,-5.0,2524.0,0.0,0.0,0.0,0.0
877981.106,2524.0,2285.0,2285.0,-342.75,-0.0,0.0,-342.0,0.0,-5.0,2524.0,0.0,0.0,0.0,0.0
877991.107,2524.0,2285.0,2285.0,-342.75,-0.0,0.0,-342.0,0.0,-5.0,2524.0,0.0,0.0,0.0,0.0
878001.107,2524.0,2285.0,2285.0,-342.75,-0.0,0.0,-342.0,0.0,-5.0,2524.0,0.0,0.0,0.0,0.0
878011.107,2524.0,2285.0,2285.0,-342.75,-0.0,0.0,-342.0,0.0,-5.0,2524.0,0.0,0.0,0.0,0.0
878021.107,2524.0,2285.0,2285.0,-342.75,-0.0,0.0,-342.0,0.0,-5.0,2524.0,0.0,0.0,0.0,0.0
878031.108,2524.0,2285.0,2285.0,-342.75,-0.0,0.0,-342.0,0.0,-5.0,2524.0,0.0,0.0,0.0,0.0
878041.109,2524.0,2285.0,2285.0,-342.75,-0.0,0.0,-342.0,0.0,-5.0,2524.0,0.0,0.0,0.0,0.0
878051.109,2524.0,2285.0,2285.0,-342.75,-0.0,0.0,-342.0,0.0,-5.0,2524.0,0.0,0.0,0.0,0.0
878061.109,2524.0,2285.0,2285.0,-342.75,-0.0,0.0,-342.0,0.0,-5.0,2524.0,0.0,0.0,0.0,0.0
878071.11,2524.0,2285.0,2285.0,-342.75,-0.0,0.0,-342.0,0.0,-5.0,2524.0,0.0,0.0,0.0,0.0
878081.111,2524.0,2285.0,2285.0,-342.75,-0.0,0.0,-342.0,0.0,-5.0,2524.0,0.0,0.0,0.0,0.0
878091.163,2524.0,2285.0,2285.0,-342.75,-0.0,0.0,-342.0,0.0,-5.0,2524.0,0.0,0.0,0.0,0.0
878101.163,2524.0,2285.0,2285.0,-342.75,-0.0,0.0,-342.0,0.0,-5.0,2524.0,0.0,0.0,0.0,0.0
878111.164,2524.0,2285.0,2285.0,-342.75,-0.0,0.0,-342.0,0.0,-5.0,2524.0,0.0,0.0,0.0,0.0
878121.165,2524.0,2285.0,2285.0,-342.75,-0.0,0.0,-342.0,0.0,-5.0,2524.0,0.0,0.0,0.0,0.0
878131.166,2524.0,2285.0,2285.0,-342.75,-0.0,0.0,-342.0,0.0,-5.0,2524.0,0.0,0.0,0.0,0.0
878141.166,2524.0,2285.0,2285.0,-342.75,-0.0,0.0,-342.0,0.0,-5.0,2524.0,0.0,0.0,0.0,0.0
878151.167,2524.0,2285.0,2285.0,-342.75,-0.0,0.0,-342.0,0.0,-5.0,2524.0,0.0,0.0,0.0,0.0
878161.167,2524.0,2285.0,2285.0,-342.75,-0.0,0.0,-342.0,0.0,-5.0,2524.0,0.0,0.0,0.0,0.0
878171.168,2524.0,2285.0,2285.0,-342.75,-0.0,0.0,-342.0,0.0,-5.0,2524.0,0.0,0.0,0.0,0.0
878181.169,2524.0,2285.0,2285.0,-342.75,-0.0,0.0,-342.0,0.0,-5.0,2524.0,0.0,0.0,0.0,0.0
878191.169,2524.0,2285.0,2285.0,-342.75,-0.0,0.0,-342.0,0.0,-5.0,2524.0,0.0,0.0,0.0,0.0
878201.17,2524.0,2285.0,2285.0,-342.75,-0.0,0.0,-342.0,0.0,-5.0,2524.0,0.0,0.0,0.0,0.0
878211.17,2524.0,2285.0,2285.0,-342.75,-0.0,0.0,-342.0,0.0,-5.0,2524.0,0.0,0.0,0.0,0.0
878221.171,2524.0,2285.0,2285.0,-342.75,-0.0,0.0,-342.0,0.0,-5.0,2524.0,0.0,0.0,0.0,0.0
878231.172,2524.0,2285.0,2285.0,-342.75,-0.0,0.0,-342.0,0.0,-5.0,2524.0,0.0,0.0,0.0,0.0
878242.106,2524.0,2285.0,2285.0,-342.75,-0.0,0.0,-342.0,0.0,-5.0,2524.0,0.0,0.0,0.0,0.0
878252.107,2524.0,2285.0,2285.0,-342.75,-0.0,0.0,-342.0,0.0,-5.0,2524.0,0.0,0.0,0.0,0.0
878262.107,2524.0,2285.0,2285.0,-342.75,-0.0,0.0,-342.0,0.0,-5.0,2524.0,0.0,0.0,0.0,0.0
878272.108,2524.0,2285.0,2285.0,-342.75,-0.0,0.0,-342.0,0.0,-5.0,2524.0,0.0,0.0,0.0,0.0
878282.109,2524.0,2285.0,2285.0,-342.75,-0.0,0.0,-342.0,0.0,-5.0,2524.0,0.0,0.0,0.0,0.0
878292.109,2524.0,2285.0,2285.0,-342.75,-0.0,0.0,-342.0,0.0,-5.0,2524.0,0.0,0.0,0.0,0.0
878302.11,2524.0,2285.0,2285.0,-342.75,-0.0,0.0,-342.0,0.0,-5.0,2524.0,0.0,0.0,0.0,0.0
878312.111,2524.0,2285.0,2285.0,-342.75,-0.0,0.0,-342.0,0.0,-5.0,2524.0,0.0,0.0,0.0,0.0
878322.112,2524.0,2285.0,2285.0,-342.75,-0.0,0.0,-342.0,0.0,-5.0,2524.0,0.0,0.0,0.0,0.0
878332.113,2524.0,2285.0,2285.0,-342.75,-0.0,0.0,-342.0,0.0,-5.0,2524.0,0.0,0.0,0.0,0.0
878342.113,2524.0,2285.0,2285.0,-342.75,-0.0,0.0,-342.0,0.0,-5.0,2524.0,0.0,0.0,0.0,0.0
878352.114,2524.0,2285.0,2285.0,-342.75,-0.0,0.0,-342.0,0.0,-5.0,2524.0,0.0,0.0,0.0,0.0
878362.114,2524.0,2285.0,2285.0,-342.75,-0.0,0.0,-342.0,0.0,-5.0,2524.0,0.0,0.0,0.0,0.0
878372.114,2524.0,2285.0,2285.0,-342.75,-0.0,0.0,-342.0,0.0,-5.0,2524.0,0.0,0.0,0.0,0.0
878382.114,2524.0,2285.0,2285.0,-342.75,-0.0,0.0,-342.0,0.0,-5.0,2524.0,0.0,0.0,0.0,0.0
878393.098,2524.0,2285.0,2285.0,-342.75,-0.0,0.0,-342.0,0.0,-5.0,2524.0,0.0,0.0,0.0,0.0
878404.098,2524.0,2285.0,2285.0,-342.75,-0.0,0.0,-342.0,0.0,-5.0,2524.0,0.0,0.0,0.0,0.0
878414.099,2524.0,2285.0,2285.0,-342.75,-0.0,0.0,-342.0,0.0,-5.0,2524.0,0.0,0.0,0.0,0.0
878424.099,2524.0,2285.0,2285.0,-342.75,-0.0,0.0,-342.0,0.0,-5.0,2524.0,0.0,0.0,0.0,0.0
878434.1,2524.0,2285.0,2285.0,-342.75,-0.0,0.0,-342.0,0.0,-5.0,2524.0,0.0,0.0,0.0,0.0
878444.1,2524.0,2285.0,2285.0,-342.75,-0.0,0.0,-342.0,0.0,-5.0,2524.0,0.0,0.0,0.0,0.0
878454.1,2524.0,2285.0,2285.0,-342.75,-0.0,0.0,-342.0,0.0,-5.0,2524.0,0.0,0.0,0.0,0.0
878464.1,2524.0,2285.0,2285.0,-342.75,-0.0,0.0,-342.0,0.0,-5.0,2524.0,0.0,0.0,0.0,0.0
878474.1,2524.0,2285.0,2285.0,-342.75,-0.0,0.0,-342.0,0.0,-5.0,2524.0,0.0,0.0,0.0,0.0
878484.101,2524.0,2285.0,2285.0,-342.75,-0.0,0.0,-342.0,0.0,-5.0,2524.0,0.0,0.0,0.0,0.0
878494.102,2524.0,2285.0,2285.0,-342.75,-0.0,0.0,-342.0,0.0,-5.0,2524.0,0.0,0.0,0.0,0.0
878504.102,2524.0,2285.0,2285.0,-342.75,-0.0,0.0,-342.0,0.0,-5.0,2524.0,0.0,0.0,0.0,0.0
878514.103,2524.0,2285.0,2285.0,-342.75,-0.0,0.0,-342.0,0.0,-5.0,2524.0,0.0,0.0,0.0,0.0
878524.104,2524.0,2285.0,2285.0,-342.75,-0.0,0.0,-342.0,0.0,-5.0,2524.0,0.0,0.0,0.0,0.0
878535.098,2524.0,2285.0,2285.0,-342.75,-0.0,0.0,-342.0,0.0,-5.0,2524.0,0.0,0.0,0.0,0.0
878545.099,2524.0,2285.0,2285.0,-342.75,-0.0,0.0,-342.0,0.0,-5.0,2524.0,0.0,0.0,0.0,0.0
878555.1,2524.0,2285.0,2285.0,-342.75,-0.0,0.0,-342.0,0.0,-5.0,2524.0,0.0,0.0,0.0,0.0
878565.1,2524.0,2285.0,2285.0,-342.75,-0.0,0.0,-342.0,0.0,-5.0,2524.0,0.0,0.0,0.0,0.0
878575.102,2524.0,2285.0,2285.0,-342.75,-0.0,0.0,-342.0,0.0,-5.0,2524.0,0.0,0.0,0.0,0.0
878585.102,2524.0,2285.0,2285.0,-342.75,-0.0,0.0,-342.0,0.0,-5.0,2524.0,0.0,0.0,0.0,0.0
878595.102,2524.0,2285.0,2285.0,-342.75,-0.0,0.0,-342.0,0.0,-5.0,2524.0,0.0,0.0,0.0,0.0
878605.102,2524.0,2285.0,2285.0,-342.75,-0.0,0.0,-342.0,0.0,-5.0,2524.0,0.0,0.0,0.0,0.0
878616.098,2524.0,2285.0,2285.0,-342.75,-0.0,0.0,-342.0,0.0,-5.0,2524.0,0.0,0.0,0.0,0.0
878626.098,2524.0,2285.0,2285.0,-342.75,-0.0,0.0,-342.0,0.0,-5.0,2524.0,0.0,0.0,0.0,0.0
878636.099,2524.0,2285.0,2285.0,-342.75,-0.0,0.0,-342.0,0.0,-5.0,2524.0,0.0,0.0,0.0,0.0
878646.1,2524.0,2285.0,2285.0,-342.75,-0.0,0.0,-342.0,0.0,-5.0,2524.0,0.0,0.0,0.0,0.0
878657.098,2524.0,2285.0,2285.0,-342.75,-0.0,0.0,-342.0,0.0,-5.0,2524.0,0.0,0.0,0.0,0.0
878667.099,2524.0,2285.0,2285.0,-342.75,-0.0,0.0,-342.0,0.0,-5.0,2524.0,0.0,0.0,0.0,0.0
878677.1,2524.0,2285.0,2285.0,-342.75,-0.0,0.0,-342.0,0.0,-5.0,2524.0,0.0,0.0,0.0,0.0
878687.1,2524.0,2285.0,2285.0,-342.75,-0.0,0.0,-342.0,0.0,-5.0,2524.0,0.0,0.0,0.0,0.0
878697.1,2524.0,2285.0,2285.0,-342.75,-0.0,0.0,-342.0,0.0,-5.0,2524.0,0.0,0.0,0.0,0.0
878707.101,2524.0,2285.0,2285.0,-342.75,-0.0,0.0,-342.0,0.0,-5.0,2524.0,0.0,0.0,0.0,0.0
878717.101,2524.0,2285.0,2285.0,-342.75,-0.0,0.0,-342.0,0.0,-5.0,2524.0,0.0,0.0,0.0,0.0
878727.102,2524.0,2285.0,2285.0,-342.75,-0.0,0.0,-342.0,0.0,-5.0,2524.0,0.0,0.0,0.0,0.0
878737.102,2524.0,2285.0,2285.0,-342.75,-0.0,0.0,-342.0,0.0,-5.0,2524.0,0.0,0.0,0.0,0.0
878747.103,2524.0,2285.0,2285.0,-342.75,-0.0,0.0,-342.0,0.0,-5.0,2524.0,0.0,0.0,0.0,0.0
878757.103,2524.0,2285.0,2285.0,-342.75,-0.0,0.0,-342.0,0.0,-5.0,2524.0,0.0,0.0,0.0,0.0
878767.103,2524.0,2285.0,2285.0,-342.75,-0.0,0.0,-342.0,0.0,-5.0,2524.0,0.0,0.0,0.0,0.0
878777.103,2524.0,2285.0,2285.0,-342.75,-0.0,0.0,-342.0,0.0,-5.0,2524.0,0.0,0.0,0.0,0.0
878787.103,2524.0,2285.0,2285.0,-342.75,-0.0,0.0,-342.0,0.0,-5.0,2524.0,0.0,0.0,0.0,0.0
878797.104,2524.0,2285.0,2285.0,-342.75,-0.0,0.0,-342.0,0.0,-5.0,2524.0,0.0,0.0,0.0,0.0
878807.105,2524.0,2285.0,2285.0,-342.75,-0.0,0.0,-342.0,0.0,-5.0,2524.0,0.0,0.0,0.0,0.0
878818.098,2524.0,2285.0,2285.0,-342.75,-0.0,0.0,-342.0,0.0,-5.0,2524.0,0.0,0.0,0.0,0.0
878828.098,2524.0,2285.0,2285.0,-342.75,-0.0,0.0,-342.0,0.0,-5.0,2524.0,0.0,0.0,0.0,0.0
878838.098,2524.0,2285.0,2285.0,-342.75,-0.0,0.0,-342.0,0.0,-5.0,2524.0,0.0,0.0,0.0,0.0
878848.099,2524.0,2285.0,2285.0,-342.75,-0.0,0.0,-342.0,0.0,-5.0,2524.0,0.0,0.0,0.0,0.0
878858.1,2525.0,2285.0,2285.0,-342.75,-0.0,0.0,-342.0,0.0,-5.0,2524.0,0.0,0.0,0.0,0.0
878868.1,2524.0,2285.0,2285.0,-342.75,-0.0,0.0,-342.0,0.0,-5.0,2524.0,0.0,0.0,0.0,0.0
878878.1,2524.0,2285.0,2285.0,-342.75,-0.0,0.0,-342.0,0.0,-5.0,2524.0,0.0,0.0,0.0,0.0
878888.101,2524.0,2285.0,2285.0,-342.75,-0.0,0.0,-342.0,0.0,-5.0,2524.0,0.0,0.0,0.0,0.0
878898.102,2525.0,2285.0,2285.0,-342.75,-0.0,0.0,-342.0,0.0,-5.0,2524.0,0.0,0.0,0.0,0.0
878908.102,2524.0,2285.0,2285.0,-342.75,-0.0,0.0,-342.0,0.0,-5.0,2524.0,0.0,0.0,0.0,0.0
878918.102,2524.0,2285.0,2285.0,-342.75,-0.0,0.0,-342.0,0.0,-5.0,2524.0,0.0,0.0,0.0,0.0
878928.103,2524.0,2285.0,2285.0,-342.75,-0.0,0.0,-342.0,0.0,-5.0,2524.0,0.0,0.0,0.0,0.0
878938.104,2524.0,2285.0,2285.0,-342.75,-0.0,0.0,-342.0,0.0,-5.0,2524.0,0.0,0.0,0.0,0.0
878948.106,2524.0,2285.0,2285.0,-342.75,-0.0,0.0,-342.0,0.0,-5.0,2524.0,0.0,0.0,0.0,0.0
878958.107,2524.0,2285.0,2285.0,-342.75,-0.0,0.0,-342.0,0.0,-5.0,2524.0,0.0,0.0,0.0,0.0
878968.108,2524.0,2285.0,2285.0,-342.75,-0.0,0.0,-342.0,0.0,-5.0,2524.0,0.0,0.0,0.0,0.0
878978.108,2524.0,2285.0,2285.0,-342.75,-0.0,0.0,-342.0,0.0,-5.0,2524.0,0.0,0.0,0.0,0.0
878988.108,2524.0,2285.0,2285.0,-342.75,-0.0,0.0,-342.0,0.0,-5.0,2524.0,0.0,0.0,0.0,0.0
878998.108,2524.0,2285.0,2285.0,-342.75,-0.0,0.0,-342.0,0.0,-5.0,2524.0,0.0,0.0,0.0,0.0
879008.113,2524.0,2285.0,2285.0,-342.75,-0.0,0.0,-342.0,0.0,-5.0,2524.0,0.0,0.0,0.0,0.0
879018.113,2524.0,2285.0,2285.0,-342.75,-0.0,0.0,-342.0,0.0,-5.0,2524.0,0.0,0.0,0.0,0.0
879028.114,2524.0,2285.0,2285.0,-342.75,-0.0,0.0,-342.0,0.0,-5.0,2524.0,0.0,0.0,0.0,0.0
879038.115,2524.0,2285.0,2285.0,-342.75,-0.0,0.0,-342.0,0.0,-5.0,2524.0,0.0,0.0,0.0,0.0
879048.115,2524.0,2285.0,2285.0,-342.75,-0.0,0.0,-342.0,0.0,-5.0,2524.0,0.0,0.0,0.0,0.0
879058.115,2524.0,2285.0,2285.0,-342.75,-0.0,0.0,-342.0,0.0,-5.0,2524.0,0.0,0.0,0.0,0.0
879068.115,2524.0,2285.0,2285.0,-342.75,-0.0,0.0,-342.0,0.0,-5.0,2524.0,0.0,0.0,0.0,0.0
879078.116,2524.0,2285.0,2285.0,-342.75,-0.0,0.0,-342.0,0.0,-5.0,2524.0,0.0,0.0,0.0,0.0
879088.117,2524.0,2285.0,2285.0,-342.75,-0.0,0.0,-342.0,0.0,-5.0,2524.0,0.0,0.0,0.0,0.0
879098.117,2525.0,2285.0,2285.0,-342.75,-0.0,0.0,-342.0,0.0,-5.0,2524.0,0.0,0.0,0.0,0.0
879108.117,2524.0,2285.0,2285.0,-342.75,-0.0,0.0,-342.0,0.0,-5.0,2524.0,0.0,0.0,0.0,0.0
879118.118,2524.0,2285.0,2285.0,-342.75,-0.0,0.0,-342.0,0.0,-5.0,2524.0,0.0,0.0,0.0,0.0
879128.119,2524.0,2285.0,2285.0,-342.75,-0.0,0.0,-342.0,0.0,-5.0,2524.0,0.0,0.0,0.0,0.0
879138.119,2525.0,2285.0,2285.0,-342.75,-0.0,0.0,-342.0,0.0,-5.0,2524.0,0.0,0.0,0.0,0.0
879148.119,2524.0,2285.0,2285.0,-342.75,-0.0,0.0,-342.0,0.0,-5.0,2524.0,0.0,0.0,0.0,0.0
879158.12,2525.0,2285.0,2285.0,-342.75,-0.0,0.0,-342.0,0.0,-5.0,2524.0,0.0,0.0,0.0,0.0
879168.122,2525.0,2285.0,2285.0,-342.75,-0.0,0.0,-342.0,0.0,-5.0,2524.0,0.0,0.0,0.0,0.0
879178.122,2524.0,2285.0,2285.0,-342.75,-0.0,0.0,-342.0,0.0,-5.0,2524.0,0.0,0.0,0.0,0.0
879188.124,2524.0,2285.0,2285.0,-342.75,-0.0,0.0,-342.0,0.0,-5.0,2524.0,0.0,0.0,0.0,0.0
879198.124,2524.0,2285.0,2285.0,-342.75,-0.0,0.0,-342.0,0.0,-5.0,2524.0,0.0,0.0,0.0,0.0
879208.125,2524.0,2285.0,2285.0,-342.75,-0.0,0.0,-342.0,0.0,-5.0,2524.0,0.0,0.0,0.0,0.0
879218.126,2524.0,2285.0,2285.0,-342.75,-0.0,0.0,-342.0,0.0,-5.0,2524.0,0.0,0.0,0.0,0.0
879228.126,2524.0,2285.0,2285.0,-342.75,-0.0,0.0,-342.0,0.0,-5.0,2524.0,0.0,0.0,0.0,0.0
879239.098,2524.0,2285.0,2285.0,-342.75,-0.0,0.0,-342.0,0.0,-5.0,2524.0,0.0,0.0,0.0,0.0
879249.099,2524.0,2285.0,2285.0,-342.75,-0.0,0.0,-342.0,0.0,-5.0,2524.0,0.0,0.0,0.0,0.0
879259.1,2524.0,2285.0,2285.0,-342.75,-0.0,0.0,-342.0,0.0,-5.0,2524.0,0.0,0.0,0.0,0.0
879269.101,2524.0,2285.0,2285.0,-342.75,-0.0,0.0,-342.0,0.0,-5.0,2524.0,0.0,0.0,0.0,0.0
879279.101,2524.0,2285.0,2285.0,-342.75,-0.0,0.0,-342.0,0.0,-5.0,2524.0,0.0,0.0,0.0,0.0
879289.101,2524.0,2285.0,2285.0,-342.75,-0.0,0.0,-342.0,0.0,-5.0,2524.0,0.0,0.0,0.0,0.0
879299.101,2524.0,2285.0,2285.0,-342.75,-0.0,0.0,-342.0,0.0,-5.0,2524.0,0.0,0.0,0.0,0.0
879309.102,2524.0,2285.0,2285.0,-342.75,-0.0,0.0,-342.0,0.0,-5.0,2524.0,0.0,0.0,0.0,0.0
879319.103,2524.0,2285.0,2285.0,-342.75,-0.0,0.0,-342.0,0.0,-5.0,2524.0,0.0,0.0,0.0,0.0
879329.103,2524.0,2285.0,2285.0,-342.75,-0.0,0.0,-342.0,0.0,-5.0,2524.0,0.0,0.0,0.0,0.0
879339.287,2525.0,2285.0,2285.0,-342.75,-0.0,0.0,-342.0,0.0,-5.0,2524.0,0.0,0.0,0.0,0.0
879349.288,2524.0,2285.0,2285.0,-342.75,-0.0,0.0,-342.0,0.0,-5.0,2524.0,0.0,0.0,0.0,0.0
879359.289,2524.0,2285.0,2285.0,-342.75,-0.0,0.0,-342.0,0.0,-5.0,2524.0,0.0,0.0,0.0,0.0
879369.289,2524.0,2285.0,2285.0,-342.75,-0.0,0.0,-342.0,0.0,-5.0,2524.0,0.0,0.0,0.0,0.0
879379.289,2524.0,2285.0,2285.0,-342.75,-0.0,0.0,-342.0,0.0,-5.0,2524.0,0.0,0.0,0.0,0.0
879389.289,2524.0,2285.0,2285.0,-342.75,-0.0,0.0,-342.0,0.0,-5.0,2524.0,0.0,0.0,0.0,0.0
879399.289,2524.0,2285.0,2285.0,-342.75,-0.0,0.0,-342.0,0.0,-5.0,2524.0,0.0,0.0,0.0,0.0
879409.289,2524.0,2285.0,2285.0,-342.75,-0.0,0.0,-342.0,0.0,-5.0,2524.0,0.0,0.0,0.0,0.0
879420.098,2524.0,2285.0,2285.0,-342.75,-0.0,0.0,-342.0,0.0,-5.0,2524.0,0.0,0.0,0.0,0.0
879430.099,2524.0,2285.0,2285.0,-342.75,-0.0,0.0,-342.0,0.0,-5.0,2524.0,0.0,0.0,0.0,0.0
879440.099,2524.0,2285.0,2285.0,-342.75,-0.0,0.0,-342.0,0.0,-5.0,2524.0,0.0,0.0,0.0,0.0
879450.1,2524.0,2285.0,2285.0,-342.75,-0.0,0.0,-342.0,0.0,-5.0,2524.0,0.0,0.0,0.0,0.0
879460.1,2524.0,2285.0,2285.0,-342.75,-0.0,0.0,-342.0,0.0,-5.0,2524.0,0.0,0.0,0.0,0.0
879470.102,2524.0,2285.0,2285.0,-342.75,-0.0,0.0,-342.0,0.0,-5.0,2524.0,0.0,0.0,0.0,0.0
879480.103,2524.0,2285.0,2285.0,-342.75,-0.0,0.0,-342.0,0.0,-5.0,2524.0,0.0,0.0,0.0,0.0
879490.103,2524.0,2285.0,2285.0,-342.75,-0.0,0.0,-342.0,0.0,-5.0,2524.0,0.0,0.0,0.0,0.0
879501.098,2524.0,2285.0,2285.0,-342.75,-0.0,0.0,-342.0,0.0,-5.0,2524.0,0.0,0.0,0.0,0.0
879511.098,2524.0,2285.0,2285.0,-342.75,-0.0,0.0,-342.0,0.0,-5.0,2524.0,0.0,0.0,0.0,0.0
879521.098,2524.0,2285.0,2285.0,-342.75,-0.0,0.0,-342.0,0.0,-5.0,2524.0,0.0,0.0,0.0,0.0
879531.099,2524.0,2285.0,2285.0,-342.75,-0.0,0.0,-342.0,0.0,-5.0,2524.0,0.0,0.0,0.0,0.0
879541.099,2524.0,2285.0,2285.0,-342.75,-0.0,0.0,-342.0,0.0,-5.0,2524.0,0.0,0.0,0.0,0.0
879551.099,2524.0,2285.0,2285.0,-342.75,-0.0,0.0,-342.0,0.0,-5.0,2524.0,0.0,0.0,0.0,0.0
879561.099,2524.0,2285.0,2285.0,-342.75,-0.0,0.0,-342.0,0.0,-5.0,2524.0,0.0,0.0,0.0,0.0
879571.099,2524.0,2285.0,2285.0,-342.75,-0.0,0.0,-342.0,0.0,-5.0,2524.0,0.0,0.0,0.0,0.0
879582.098,2524.0,2285.0,2285.0,-342.75,-0.0,0.0,-342.0,0.0,-5.0,2524.0,0.0,0.0,0.0,0.0
879592.099,2524.0,2285.0,2285.0,-342.75,-0.0,0.0,-342.0,0.0,-5.0,2524.0,0.0,0.0,0.0,0.0
879602.1,2524.0,2285.0,2285.0,-342.75,-0.0,0.0,-342.0,0.0,-5.0,2524.0,0.0,0.0,0.0,0.0
879612.101,2524.0,2285.0,2285.0,-342.75,-0.0,0.0,-342.0,0.0,-5.0,2524.0,0.0,0.0,0.0,0.0
879622.102,2524.0,2285.0,2285.0,-342.75,-0.0,0.0,-342.0,0.0,-5.0,2524.0,0.0,0.0,0.0,0.0
879632.103,2524.0,2285.0,2285.0,-342.75,-0.0,0.0,-342.0,0.0,-5.0,2524.0,0.0,0.0,0.0,0.0
879642.104,2524.0,2285.0,2285.0,-342.75,-0.0,0.0,-342.0,0.0,-5.0,2524.0,0.0,0.0,0.0,0.0
879652.104,2524.0,2285.0,2285.0,-342.75,-0.0,0.0,-342.0,0.0,-5.0,2524.0,0.0,0.0,0.0,0.0
879662.105,2524.0,2285.0,2285.0,-342.75,-0.0,0.0,-342.0,0.0,-5.0,2524.0,0.0,0.0,0.0,0.0
879672.106,2524.0,2285.0,2285.0,-342.75,-0.0,0.0,-342.0,0.0,-5.0,2524.0,0.0,0.0,0.0,0.0
879682.106,2524.0,2285.0,2285.0,-342.75,-0.0,0.0,-342.0,0.0,-5.0,2524.0,0.0,0.0,0.0,0.0
879692.106,2524.0,2285.0,2285.0,-342.75,-0.0,0.0,-342.0,0.0,-5.0,2524.0,0.0,0.0,0.0,0.0
879702.106,2524.0,2285.0,2285.0,-342.75,-0.0,0.0,-342.0,0.0,-5.0,2524.0,0.0,0.0,0.0,0.0
879712.107,2524.0,2285.0,2285.0,-342.75,-0.0,0.0,-342.0,0.0,-5.0,2524.0,0.0,0.0,0.0,0.0
879722.107,2524.0,2285.0,2285.0,-342.75,-0.0,0.0,-342.0,0.0,-5.0,2524.0,0.0,0.0,0.0,0.0
879732.108,2524.0,2285.0,2285.0,-342.75,-0.0,0.0,-342.0,0.0,-5.0,2524.0,0.0,0.0,0.0,0.0
879742.108,2524.0,2285.0,2285.0,-342.75,-0.0,0.0,-342.0,0.0,-5.0,2524.0,0.0,0.0,0.0,0.0
879752.109,2524.0,2285.0,2285.0,-342.75,-0.0,0.0,-342.0,0.0,-5.0,2524.0,0.0,0.0,0.0,0.0
879762.109,2524.0,2285.0,2285.0,-342.75,-0.0,0.0,-342.0,0.0,-5.0,2524.0,0.0,0.0,0.0,0.0
879772.11,2524.0,2285.0,2285.0,-342.75,-0.0,0.0,-342.0,0.0,-5.0,2524.0,0.0,0.0,0.0,0.0
879782.11,2524.0,2285.0,2285.0,-342.75,-0.0,0.0,-342.0,0.0,-5.0,2524.0,0.0,0.0,0.0,0.0
879792.111,2524.0,2285.0,2285.0,-342.75,-0.0,0.0,-342.0,0.0,-5.0,2524.0,0.0,0.0,0.0,0.0
879802.111,2524.0,2285.0,2285.0,-342.75,-0.0,0.0,-342.0,0.0,-5.0,2524.0,0.0,0.0,0.0,0.0
879812.112,2524.0,2285.0,2285.0,-342.75,-0.0,0.0,-342.0,0.0,-5.0,2524.0,0.0,0.0,0.0,0.0
879822.112,2524.0,2285.0,2285.0,-342.75,-0.0,0.0,-342.0,0.0,-5.0,2524.0,0.0,0.0,0.0,0.0
879832.112,2524.0,2285.0,2285.0,-342.75,-0.0,0.0,-342.0,0.0,-5.0,2524.0,0.0,0.0,0.0,0.0
879842.114,2524.0,2285.0,2285.0,-342.75,-0.0,0.0,-342.0,0.0,-5.0,2524.0,0.0,0.0,0.0,0.0
879852.115,2524.0,2285.0,2285.0,-342.75,-0.0,0.0,-342.0,0.0,-5.0,2524.0,0.0,0.0,0.0,0.0
879862.116,2524.0,2285.0,2285.0,-342.75,-0.0,0.0,-342.0,0.0,-5.0,2524.0,0.0,0.0,0.0,0.0
879872.116,2524.0,2285.0,2285.0,-342.75,-0.0,0.0,-342.0,0.0,-5.0,2524.0,0.0,0.0,0.0,0.0
879882.117,2524.0,2285.0,2285.0,-342.75,-0.0,0.0,-342.0,0.0,-5.0,2524.0,0.0,0.0,0.0,0.0
879892.118,2524.0,2285.0,2285.0,-342.75,-0.0,0.0,-342.0,0.0,-5.0,2524.0,0.0,0.0,0.0,0.0
879902.119,2524.0,2285.0,2285.0,-342.75,-0.0,0.0,-342.0,0.0,-5.0,2524.0,0.0,0.0,0.0,0.0
879912.12,2524.0,2285.0,2285.0,-342.75,-0.0,0.0,-342.0,0.0,-5.0,2524.0,0.0,0.0,0.0,0.0
879922.12,2524.0,2285.0,2285.0,-342.75,-0.0,0.0,-342.0,0.0,-5.0,2524.0,0.0,0.0,0.0,0.0
879932.121,2524.0,2285.0,2285.0,-342.75,-0.0,0.0,-342.0,0.0,-5.0,2524.0,0.0,0.0,0.0,0.0
879942.122,2524.0,2285.0,2285.0,-342.75,-0.0,0.0,-342.0,0.0,-5.0,2524.0,0.0,0.0,0.0,0.0
879952.122,2524.0,2285.0,2285.0,-342.75,-0.0,0.0,-342.0,0.0,-5.0,2524.0,0.0,0.0,0.0,0.0
879962.123,2524.0,2285.0,2285.0,-342.75,-0.0,0.0,-342.0,0.0,-5.0,2524.0,0.0,0.0,0.0,0.0
879972.123,2524.0,2285.0,2285.0,-342.75,-0.0,0.0,-342.0,0.0,-5.0,2524.0,0.0,0.0,0.0,0.0
879982.125,2524.0,2285.0,2285.0,-342.75,-0.0,0.0,-342.0,0.0,-5.0,2524.0,0.0,0.0,0.0,0.0
879992.125,2524.0,2285.0,2285.0,-342.75,-0.0,0.0,-342.0,0.0,-5.0,2524.0,0.0,0.0,0.0,0.0
880002.126,2524.0,2285.0,2285.0,-342.75,-0.0,0.0,-342.0,0.0,-5.0,2524.0,0.0,0.0,0.0,0.0
880012.127,2524.0,2285.0,2285.0,-342.75,-0.0,0.0,-342.0,0.0,-5.0,2524.0,0.0,0.0,0.0,0.0
880022.127,2524.0,2285.0,2285.0,-342.75,-0.0,0.0,-342.0,0.0,-5.0,2524.0,0.0,0.0,0.0,0.0
880032.128,2524.0,2285.0,2285.0,-342.75,-0.0,0.0,-342.0,0.0,-5.0,2524.0,0.0,0.0,0.0,0.0
880042.129,2524.0,2285.0,2285.0,-342.75,-0.0,0.0,-342.0,0.0,-5.0,2524.0,0.0,0.0,0.0,0.0
880052.13,2524.0,2285.0,2285.0,-342.75,-0.0,0.0,-342.0,0.0,-5.0,2524.0,0.0,0.0,0.0,0.0
880062.131,2524.0,2285.0,2285.0,-342.75,-0.0,0.0,-342.0,0.0,-5.0,2524.0,0.0,0.0,0.0,0.0
880072.132,2524.0,2285.0,2285.0,-342.75,-0.0,0.0,-342.0,0.0,-5.0,2524.0,0.0,0.0,0.0,0.0
880082.132,2524.0,2285.0,2285.0,-342.75,-0.0,0.0,-342.0,0.0,-5.0,2524.0,0.0,0.0,0.0,0.0
880092.132,2524.0,2285.0,2285.0,-342.75,-0.0,0.0,-342.0,0.0,-5.0,2524.0,0.0,0.0,0.0,0.0
880102.133,2524.0,2285.0,2285.0,-342.75,-0.0,0.0,-342.0,0.0,-5.0,2524.0,0.0,0.0,0.0,0.0
880112.133,2524.0,2285.0,2285.0,-342.75,-0.0,0.0,-342.0,0.0,-5.0,2524.0,0.0,0.0,0.0,0.0
880122.134,2524.0,2285.0,2285.0,-342.75,-0.0,0.0,-342.0,0.0,-5.0,2524.0,0.0,0.0,0.0,0.0
880132.135,2524.0,2285.0,2285.0,-342.75,-0.0,0.0,-342.0,0.0,-5.0,2524.0,0.0,0.0,0.0,0.0
880142.136,2524.0,2285.0,2285.0,-342.75,-0.0,0.0,-342.0,0.0,-5.0,2524.0,0.0,0.0,0.0,0.0
880152.137,2524.0,2285.0,2285.0,-342.75,-0.0,0.0,-342.0,0.0,-5.0,2524.0,0.0,0.0,0.0,0.0
880162.138,2524.0,2285.0,2285.0,-342.75,-0.0,0.0,-342.0,0.0,-5.0,2524.0,0.0,0.0,0.0,0.0
880172.138,2524.0,2285.0,2285.0,-342.75,-0.0,0.0,-342.0,0.0,-5.0,2524.0,0.0,0.0,0.0,0.0
880182.138,2524.0,2285.0,2285.0,-342.75,-0.0,0.0,-342.0,0.0,-5.0,2524.0,0.0,0.0,0.0,0.0
880192.138,2524.0,2285.0,2285.0,-342.75,-0.0,0.0,-342.0,0.0,-5.0,2524.0,0.0,0.0,0.0,0.0
880202.139,2524.0,2285.0,2285.0,-342.75,-0.0,0.0,-342.0,0.0,-5.0,2524.0,0.0,0.0,0.0,0.0
880212.14,2524.0,2285.0,2285.0,-342.75,-0.0,0.0,-342.0,0.0,-5.0,2524.0,0.0,0.0,0.0,0.0
880222.14,2524.0,2285.0,2285.0,-342.75,-0.0,0.0,-342.0,0.0,-5.0,2524.0,0.0,0.0,0.0,0.0
880232.14,2524.0,2285.0,2285.0,-342.75,-0.0,0.0,-342.0,0.0,-5.0,2524.0,0.0,0.0,0.0,0.0
880242.141,2524.0,2285.0,2285.0,-342.75,-0.0,0.0,-342.0,0.0,-5.0,2524.0,0.0,0.0,0.0,0.0
880252.141,2524.0,2285.0,2285.0,-342.75,-0.0,0.0,-342.0,0.0,-5.0,2524.0,0.0,0.0,0.0,0.0
880262.141,2524.0,2285.0,2285.0,-342.75,-0.0,0.0,-342.0,0.0,-5.0,2524.0,0.0,0.0,0.0,0.0
880272.141,2524.0,2285.0,2285.0,-342.75,-0.0,0.0,-342.0,0.0,-5.0,2524.0,0.0,0.0,0.0,0.0
880282.141,2524.0,2285.0,2285.0,-342.75,-0.0,0.0,-342.0,0.0,-5.0,2524.0,0.0,0.0,0.0,0.0
880292.141,2524.0,2285.0,2285.0,-342.75,-0.0,0.0,-342.0,0.0,-5.0,2524.0,0.0,0.0,0.0,0.0
880302.142,2524.0,2285.0,2285.0,-342.75,-0.0,0.0,-342.0,0.0,-5.0,2524.0,0.0,0.0,0.0,0.0
880312.142,2524.0,2285.0,2285.0,-342.75,-0.0,0.0,-342.0,0.0,-5.0,2524.0,0.0,0.0,0.0,0.0
880322.143,2524.0,2285.0,2285.0,-342.75,-0.0,0.0,-342.0,0.0,-5.0,2524.0,0.0,0.0,0.0,0.0
880333.041,2524.0,2285.0,2285.0,-342.75,-0.0,0.0,-342.0,0.0,-5.0,2524.0,0.0,0.0,0.0,0.0
880343.046,2524.0,2285.0,2285.0,-342.75,-0.0,0.0,-342.0,0.0,-5.0,2524.0,0.0,0.0,0.0,0.0
880353.046,2524.0,2285.0,2285.0,-342.75,-0.0,0.0,-342.0,0.0,-5.0,2524.0,0.0,0.0,0.0,0.0
880363.046,2524.0,2285.0,2285.0,-342.75,-0.0,0.0,-342.0,0.0,-5.0,2524.0,0.0,0.0,0.0,0.0
880373.047,2524.0,2285.0,2285.0,-342.75,-0.0,0.0,-342.0,0.0,-5.0,2524.0,0.0,0.0,0.0,0.0
880383.047,2524.0,2285.0,2285.0,-342.75,-0.0,0.0,-342.0,0.0,-5.0,2524.0,0.0,0.0,0.0,0.0
880393.047,2524.0,2285.0,2285.0,-342.75,-0.0,0.0,-342.0,0.0,-5.0,2524.0,0.0,0.0,0.0,0.0
880403.047,2524.0,2285.0,2285.0,-342.75,-0.0,0.0,-342.0,0.0,-5.0,2524.0,0.0,0.0,0.0,0.0
880413.052,2524.0,2285.0,2285.0,-342.75,-0.0,0.0,-342.0,0.0,-5.0,2524.0,0.0,0.0,0.0,0.0
880423.052,2524.0,2285.0,2285.0,-342.75,-0.0,0.0,-342.0,0.0,-5.0,2524.0,0.0,0.0,0.0,0.0
880433.052,2524.0,2285.0,2285.0,-342.75,-0.0,0.0,-342.0,0.0,-5.0,2524.0,0.0,0.0,0.0,0.0
880443.053,2525.0,2285.0,2285.0,-342.75,-0.0,0.0,-342.0,0.0,-5.0,2524.0,0.0,0.0,0.0,0.0
880453.053,2524.0,2285.0,2285.0,-342.75,-0.0,0.0,-342.0,0.0,-5.0,2524.0,0.0,0.0,0.0,0.0
880464.041,2524.0,2285.0,2285.0,-342.75,-0.0,0.0,-342.0,0.0,-5.0,2524.0,0.0,0.0,0.0,0.0
880474.041,2524.0,2285.0,2285.0,-342.75,-0.0,0.0,-342.0,0.0,-5.0,2524.0,0.0,0.0,0.0,0.0
880484.042,2524.0,2285.0,2285.0,-342.75,-0.0,0.0,-342.0,0.0,-5.0,2524.0,0.0,0.0,0.0,0.0
880494.043,2524.0,2285.0,2285.0,-342.75,-0.0,0.0,-342.0,0.0,-5.0,2524.0,0.0,0.0,0.0,0.0
880504.044,2524.0,2285.0,2285.0,-342.75,-0.0,0.0,-342.0,0.0,-5.0,2524.0,0.0,0.0,0.0,0.0
880514.044,2524.0,2285.0,2285.0,-342.75,-0.0,0.0,-342.0,0.0,-5.0,2524.0,0.0,0.0,0.0,0.0
880524.044,2524.0,2285.0,2285.0,-342.75,-0.0,0.0,-342.0,0.0,-5.0,2524.0,0.0,0.0,0.0,0.0
880534.045,2524.0,2285.0,2285.0,-342.75,-0.0,0.0,-342.0,0.0,-5.0,2524.0,0.0,0.0,0.0,0.0
880544.046,2524.0,2285.0,2285.0,-342.75,-0.0,0.0,-342.0,0.0,-5.0,2524.0,0.0,0.0,0.0,0.0
880555.098,2524.0,2285.0,2285.0,-342.75,-0.0,0.0,-342.0,0.0,-5.0,2524.0,0.0,0.0,0.0,0.0
880565.099,2524.0,2285.0,2285.0,-342.75,-0.0,0.0,-342.0,0.0,-5.0,2524.0,0.0,0.0,0.0,0.0
880575.099,2524.0,2285.0,2285.0,-342.75,-0.0,0.0,-342.0,0.0,-5.0,2524.0,0.0,0.0,0.0,0.0
880585.099,2524.0,2285.0,2285.0,-342.75,-0.0,0.0,-342.0,0.0,-5.0,2524.0,0.0,0.0,0.0,0.0
880595.099,2524.0,2285.0,2285.0,-342.75,-0.0,0.0,-342.0,0.0,-5.0,2524.0,0.0,0.0,0.0,0.0
880605.099,2524.0,2285.0,2285.0,-342.75,-0.0,0.0,-342.0,0.0,-5.0,2524.0,0.0,0.0,0.0,0.0
880615.1,2524.0,2285.0,2285.0,-342.75,-0.0,0.0,-342.0,0.0,-5.0,2524.0,0.0,0.0,0.0,0.0
880625.101,2524.0,2285.0,2285.0,-342.75,-0.0,0.0,-342.0,0.0,-5.0,2524.0,0.0,0.0,0.0,0.0
880635.102,2524.0,2285.0,2285.0,-342.75,-0.0,0.0,-342.0,0.0,-5.0,2524.0,0.0,0.0,0.0,0.0
880645.103,2524.0,2285.0,2285.0,-342.75,-0.0,0.0,-342.0,0.0,-5.0,2524.0,0.0,0.0,0.0,0.0
880655.103,2524.0,2285.0,2285.0,-342.75,-0.0,0.0,-342.0,0.0,-5.0,2524.0,0.0,0.0,0.0,0.0
880665.103,2524.0,2285.0,2285.0,-342.75,-0.0,0.0,-342.0,0.0,-5.0,2524.0,0.0,0.0,0.0,0.0
880675.103,2524.0,2285.0,2285.0,-342.75,-0.0,0.0,-342.0,0.0,-5.0,2524.0,0.0,0.0,0.0,0.0
880685.103,2524.0,2285.0,2285.0,-342.75,-0.0,0.0,-342.0,0.0,-5.0,2524.0,0.0,0.0,0.0,0.0
880695.104,2524.0,2285.0,2285.0,-342.75,-0.0,0.0,-342.0,0.0,-5.0,2524.0,0.0,0.0,0.0,0.0
880705.105,2524.0,2285.0,2285.0,-342.75,-0.0,0.0,-342.0,0.0,-5.0,2524.0,0.0,0.0,0.0,0.0
880715.105,2524.0,2285.0,2285.0,-342.75,-0.0,0.0,-342.0,0.0,-5.0,2524.0,0.0,0.0,0.0,0.0
880725.106,2524.0,2285.0,2285.0,-342.75,-0.0,0.0,-342.0,0.0,-5.0,2524.0,0.0,0.0,0.0,0.0
880735.106,2524.0,2285.0,2285.0,-342.75,-0.0,0.0,-342.0,0.0,-5.0,2524.0,0.0,0.0,0.0,0.0
880745.106,2524.0,2285.0,2285.0,-342.75,-0.0,0.0,-342.0,0.0,-5.0,2524.0,0.0,0.0,0.0,0.0
880755.107,2524.0,2285.0,2285.0,-342.75,-0.0,0.0,-342.0,0.0,-5.0,2524.0,0.0,0.0,0.0,0.0
880765.107,2524.0,2285.0,2285.0,-342.75,-0.0,0.0,-342.0,0.0,-5.0,2524.0,0.0,0.0,0.0,0.0
880775.107,2524.0,2285.0,2285.0,-342.75,-0.0,0.0,-342.0,0.0,-5.0,2524.0,0.0,0.0,0.0,0.0
880785.107,2524.0,2285.0,2285.0,-342.75,-0.0,0.0,-342.0,0.0,-5.0,2524.0,0.0,0.0,0.0,0.0
880795.108,2524.0,2285.0,2285.0,-342.75,-0.0,0.0,-342.0,0.0,-5.0,2524.0,0.0,0.0,0.0,0.0
880805.108,2524.0,2285.0,2285.0,-342.75,-0.0,0.0,-342.0,0.0,-5.0,2524.0,0.0,0.0,0.0,0.0
880815.109,2524.0,2285.0,2285.0,-342.75,-0.0,0.0,-342.0,0.0,-5.0,2524.0,0.0,0.0,0.0,0.0
880825.109,2524.0,2285.0,2285.0,-342.75,-0.0,0.0,-342.0,0.0,-5.0,2524.0,0.0,0.0,0.0,0.0
880835.11,2524.0,2285.0,2285.0,-342.75,-0.0,0.0,-342.0,0.0,-5.0,2524.0,0.0,0.0,0.0,0.0
880845.111,2524.0,2285.0,2285.0,-342.75,-0.0,0.0,-342.0,0.0,-5.0,2524.0,0.0,0.0,0.0,0.0
880855.112,2524.0,2285.0,2285.0,-342.75,-0.0,0.0,-342.0,0.0,-5.0,2524.0,0.0,0.0,0.0,0.0
880865.112,2524.0,2285.0,2285.0,-342.75,-0.0,0.0,-342.0,0.0,-5.0,2524.0,0.0,0.0,0.0,0.0
880875.113,2524.0,2285.0,2285.0,-342.75,-0.0,0.0,-342.0,0.0,-5.0,2524.0,0.0,0.0,0.0,0.0
880885.113,2524.0,2285.0,2285.0,-342.75,-0.0,0.0,-342.0,0.0,-5.0,2524.0,0.0,0.0,0.0,0.0
880895.114,2524.0,2285.0,2285.0,-342.75,-0.0,0.0,-342.0,0.0,-5.0,2524.0,0.0,0.0,0.0,0.0
880905.115,2524.0,2285.0,2285.0,-342.75,-0.0,0.0,-342.0,0.0,-5.0,2524.0,0.0,0.0,0.0,0.0
880915.116,2524.0,2285.0,2285.0,-342.75,-0.0,0.0,-342.0,0.0,-5.0,2524.0,0.0,0.0,0.0,0.0
880925.117,2524.0,2285.0,2285.0,-342.75,-0.0,0.0,-342.0,0.0,-5.0,2524.0,0.0,0.0,0.0,0.0
880935.117,2524.0,2285.0,2285.0,-342.75,-0.0,0.0,-342.0,0.0,-5.0,2524.0,0.0,0.0,0.0,0.0
880945.118,2524.0,2285.0,2285.0,-342.75,-0.0,0.0,-342.0,0.0,-5.0,2524.0,0.0,0.0,0.0,0.0
880955.118,2524.0,2285.0,2285.0,-342.75,-0.0,0.0,-342.0,0.0,-5.0,2524.0,0.0,0.0,0.0,0.0
880965.12,2524.0,2285.0,2285.0,-342.75,-0.0,0.0,-342.0,0.0,-5.0,2524.0,0.0,0.0,0.0,0.0
880975.12,2524.0,2285.0,2285.0,-342.75,-0.0,0.0,-342.0,0.0,-5.0,2524.0,0.0,0.0,0.0,0.0
880985.12,2524.0,2285.0,2285.0,-342.75,-0.0,0.0,-342.0,0.0,-5.0,2524.0,0.0,0.0,0.0,0.0
880995.121,2524.0,2285.0,2285.0,-342.75,-0.0,0.0,-342.0,0.0,-5.0,2524.0,0.0,0.0,0.0,0.0
881005.121,2524.0,2285.0,2285.0,-342.75,-0.0,0.0,-342.0,0.0,-5.0,2524.0,0.0,0.0,0.0,0.0
881015.122,2524.0,2285.0,2285.0,-342.75,-0.0,0.0,-342.0,0.0,-5.0,2524.0,0.0,0.0,0.0,0.0
881025.123,2524.0,2285.0,2285.0,-342.75,-0.0,0.0,-342.0,0.0,-5.0,2524.0,0.0,0.0,0.0,0.0
881035.123,2524.0,2285.0,2285.0,-342.75,-0.0,0.0,-342.0,0.0,-5.0,2524.0,0.0,0.0,0.0,0.0
881045.123,2524.0,2285.0,2285.0,-342.75,-0.0,0.0,-342.0,0.0,-5.0,2524.0,0.0,0.0,0.0,0.0
881055.123,2524.0,2285.0,2285.0,-342.75,-0.0,0.0,-342.0,0.0,-5.0,2524.0,0.0,0.0,0.0,0.0
881065.124,2524.0,2285.0,2285.0,-342.75,-0.0,0.0,-342.0,0.0,-5.0,2524.0,0.0,0.0,0.0,0.0
881075.125,2524.0,2285.0,2285.0,-342.75,-0.0,0.0,-342.0,0.0,-5.0,2524.0,0.0,0.0,0.0,0.0
881085.126,2524.0,2285.0,2285.0,-342.75,-0.0,0.0,-342.0,0.0,-5.0,2524.0,0.0,0.0,0.0,0.0
881095.127,2524.0,2285.0,2285.0,-342.75,-0.0,0.0,-342.0,0.0,-5.0,2524.0,0.0,0.0,0.0,0.0
881105.128,2524.0,2285.0,2285.0,-342.75,-0.0,0.0,-342.0,0.0,-5.0,2524.0,0.0,0.0,0.0,0.0
881115.129,2524.0,2285.0,2285.0,-342.75,-0.0,0.0,-342.0,0.0,-5.0,2524.0,0.0,0.0,0.0,0.0
881125.13,2524.0,2285.0,2285.0,-342.75,-0.0,0.0,-342.0,0.0,-5.0,2524.0,0.0,0.0,0.0,0.0
881135.131,2524.0,2285.0,2285.0,-342.75,-0.0,0.0,-342.0,0.0,-5.0,2524.0,0.0,0.0,0.0,0.0
881145.131,2524.0,2285.0,2285.0,-342.75,-0.0,0.0,-342.0,0.0,-5.0,2524.0,0.0,0.0,0.0,0.0
881155.132,2524.0,2285.0,2285.0,-342.75,-0.0,0.0,-342.0,0.0,-5.0,2524.0,0.0,0.0,0.0,0.0
881165.133,2524.0,2285.0,2285.0,-342.75,-0.0,0.0,-342.0,0.0,-5.0,2524.0,0.0,0.0,0.0,0.0
881175.134,2524.0,2285.0,2285.0,-342.75,-0.0,0.0,-342.0,0.0,-5.0,2524.0,0.0,0.0,0.0,0.0
881185.134,2524.0,2285.0,2285.0,-342.75,-0.0,0.0,-342.0,0.0,-5.0,2524.0,0.0,0.0,0.0,0.0
881196.106,2524.0,2285.0,2285.0,-342.75,-0.0,0.0,-342.0,0.0,-5.0,2524.0,0.0,0.0,0.0,0.0
881206.106,2524.0,2285.0,2285.0,-342.75,-0.0,0.0,-342.0,0.0,-5.0,2524.0,0.0,0.0,0.0,0.0
881216.106,2524.0,2285.0,2285.0,-342.75,-0.0,0.0,-342.0,0.0,-5.0,2524.0,0.0,0.0,0.0,0.0
881226.106,2524.0,2285.0,2285.0,-342.75,-0.0,0.0,-342.0,0.0,-5.0,2524.0,0.0,0.0,0.0,0.0
881236.106,2524.0,2285.0,2285.0,-342.75,-0.0,0.0,-342.0,0.0,-5.0,2524.0,0.0,0.0,0.0,0.0
881246.107,2524.0,2285.0,2285.0,-342.75,-0.0,0.0,-342.0,0.0,-5.0,2524.0,0.0,0.0,0.0,0.0
881256.107,2524.0,2285.0,2285.0,-342.75,-0.0,0.0,-342.0,0.0,-5.0,2524.0,0.0,0.0,0.0,0.0
881266.108,2524.0,2285.0,2285.0,-342.75,-0.0,0.0,-342.0,0.0,-5.0,2524.0,0.0,0.0,0.0,0.0
881276.108,2524.0,2285.0,2285.0,-342.75,-0.0,0.0,-342.0,0.0,-5.0,2524.0,0.0,0.0,0.0,0.0
881286.108,2524.0,2285.0,2285.0,-342.75,-0.0,0.0,-342.0,0.0,-5.0,2524.0,0.0,0.0,0.0,0.0
881296.109,2524.0,2285.0,2285.0,-342.75,-0.0,0.0,-342.0,0.0,-5.0,2524.0,0.0,0.0,0.0,0.0
881306.11,2524.0,2285.0,2285.0,-342.75,-0.0,0.0,-342.0,0.0,-5.0,2524.0,0.0,0.0,0.0,0.0
881316.111,2524.0,2285.0,2285.0,-342.75,-0.0,0.0,-342.0,0.0,-5.0,2524.0,0.0,0.0,0.0,0.0
881326.111,2524.0,2285.0,2285.0,-342.75,-0.0,0.0,-342.0,0.0,-5.0,2524.0,0.0,0.0,0.0,0.0
881336.112,2524.0,2285.0,2285.0,-342.75,-0.0,0.0,-342.0,0.0,-5.0,2524.0,0.0,0.0,0.0,0.0
881346.113,2524.0,2285.0,2285.0,-342.75,-0.0,0.0,-342.0,0.0,-5.0,2524.0,0.0,0.0,0.0,0.0
881356.113,2524.0,2285.0,2285.0,-342.75,-0.0,0.0,-342.0,0.0,-5.0,2524.0,0.0,0.0,0.0,0.0
881366.114,2524.0,2285.0,2285.0,-342.75,-0.0,0.0,-342.0,0.0,-5.0,2524.0,0.0,0.0,0.0,0.0
881376.115,2524.0,2285.0,2285.0,-342.75,-0.0,0.0,-342.0,0.0,-5.0,2524.0,0.0,0.0,0.0,0.0
881386.116,2524.0,2285.0,2285.0,-342.75,-0.0,0.0,-342.0,0.0,-5.0,2524.0,0.0,0.0,0.0,0.0
881396.116,2524.0,2285.0,2285.0,-342.75,-0.0,0.0,-342.0,0.0,-5.0,2524.0,0.0,0.0,0.0,0.0
881406.117,2524.0,2285.0,2285.0,-342.75,-0.0,0.0,-342.0,0.0,-5.0,2524.0,0.0,0.0,0.0,0.0
881416.118,2524.0,2285.0,2285.0,-342.75,-0.0,0.0,-342.0,0.0,-5.0,2524.0,0.0,0.0,0.0,0.0
881426.118,2524.0,2285.0,2285.0,-342.75,-0.0,0.0,-342.0,0.0,-5.0,2524.0,0.0,0.0,0.0,0.0
881436.119,2524.0,2285.0,2285.0,-342.75,-0.0,0.0,-342.0,0.0,-5.0,2524.0,0.0,0.0,0.0,0.0
881446.119,2524.0,2285.0,2285.0,-342.75,-0.0,0.0,-342.0,0.0,-5.0,2524.0,0.0,0.0,0.0,0.0
881456.124,2524.0,2285.0,2285.0,-342.75,-0.0,0.0,-342.0,0.0,-5.0,2524.0,0.0,0.0,0.0,0.0
881466.125,2524.0,2285.0,2285.0,-342.75,-0.0,0.0,-342.0,0.0,-5.0,2524.0,0.0,0.0,0.0,0.0
881476.126,2524.0,2285.0,2285.0,-342.75,-0.0,0.0,-342.0,0.0,-5.0,2524.0,0.0,0.0,0.0,0.0
881486.127,2524.0,2285.0,2285.0,-342.75,-0.0,0.0,-342.0,0.0,-5.0,2524.0,0.0,0.0,0.0,0.0
881496.128,2524.0,2285.0,2285.0,-342.75,-0.0,0.0,-342.0,0.0,-5.0,2524.0,0.0,0.0,0.0,0.0
881506.128,2524.0,2285.0,2285.0,-342.75,-0.0,0.0,-342.0,0.0,-5.0,2524.0,0.0,0.0,0.0,0.0
881516.128,2524.0,2285.0,2285.0,-342.75,-0.0,0.0,-342.0,0.0,-5.0,2524.0,0.0,0.0,0.0,0.0
881526.129,2524.0,2285.0,2285.0,-342.75,-0.0,0.0,-342.0,0.0,-5.0,2524.0,0.0,0.0,0.0,0.0
881536.13,2524.0,2285.0,2285.0,-342.75,-0.0,0.0,-342.0,0.0,-5.0,2524.0,0.0,0.0,0.0,0.0
881546.13,2524.0,2285.0,2285.0,-342.75,-0.0,0.0,-342.0,0.0,-5.0,2524.0,0.0,0.0,0.0,0.0
881556.13,2524.0,2285.0,2285.0,-342.75,-0.0,0.0,-342.0,0.0,-5.0,2524.0,0.0,0.0,0.0,0.0
881566.13,2524.0,2285.0,2285.0,-342.75,-0.0,0.0,-342.0,0.0,-5.0,2524.0,0.0,0.0,0.0,0.0
881576.13,2524.0,2285.0,2285.0,-342.75,-0.0,0.0,-342.0,0.0,-5.0,2524.0,0.0,0.0,0.0,0.0
881586.13,2524.0,2285.0,2285.0,-342.75,-0.0,0.0,-342.0,0.0,-5.0,2524.0,0.0,0.0,0.0,0.0
881596.131,2524.0,2285.0,2285.0,-342.75,-0.0,0.0,-342.0,0.0,-5.0,2524.0,0.0,0.0,0.0,0.0
881606.131,2524.0,2285.0,2285.0,-342.75,-0.0,0.0,-342.0,0.0,-5.0,2524.0,0.0,0.0,0.0,0.0
881616.131,2524.0,2285.0,2285.0,-342.75,-0.0,0.0,-342.0,0.0,-5.0,2524.0,0.0,0.0,0.0,0.0
881626.132,2524.0,2285.0,2285.0,-342.75,-0.0,0.0,-342.0,0.0,-5.0,2524.0,0.0,0.0,0.0,0.0
881636.133,2524.0,2285.0,2285.0,-342.75,-0.0,0.0,-342.0,0.0,-5.0,2524.0,0.0,0.0,0.0,0.0
881647.098,2524.0,2285.0,2285.0,-342.75,-0.0,0.0,-342.0,0.0,-5.0,2524.0,0.0,0.0,0.0,0.0
881657.099,2524.0,2285.0,2285.0,-342.75,-0.0,0.0,-342.0,0.0,-5.0,2524.0,0.0,0.0,0.0,0.0
881668.098,2524.0,2285.0,2285.0,-342.75,-0.0,0.0,-342.0,0.0,-5.0,2524.0,0.0,0.0,0.0,0.0
881678.099,2524.0,2285.0,2285.0,-342.75,-0.0,0.0,-342.0,0.0,-5.0,2524.0,0.0,0.0,0.0,0.0
881688.099,2524.0,2285.0,2285.0,-342.75,-0.0,0.0,-342.0,0.0,-5.0,2524.0,0.0,0.0,0.0,0.0
881698.104,2524.0,2285.0,2285.0,-342.75,-0.0,0.0,-342.0,0.0,-5.0,2524.0,0.0,0.0,0.0,0.0
881708.105,2524.0,2285.0,2285.0,-342.75,-0.0,0.0,-342.0,0.0,-5.0,2524.0,0.0,0.0,0.0,0.0
881718.105,2524.0,2285.0,2285.0,-342.75,-0.0,0.0,-342.0,0.0,-5.0,2524.0,0.0,0.0,0.0,0.0
881728.105,2524.0,2285.0,2285.0,-342.75,-0.0,0.0,-342.0,0.0,-5.0,2524.0,0.0,0.0,0.0,0.0
881738.105,2524.0,2285.0,2285.0,-342.75,-0.0,0.0,-342.0,0.0,-5.0,2524.0,0.0,0.0,0.0,0.0
881748.106,2524.0,2285.0,2285.0,-342.75,-0.0,0.0,-342.0,0.0,-5.0,2524.0,0.0,0.0,0.0,0.0
881758.107,2524.0,2285.0,2285.0,-342.75,-0.0,0.0,-342.0,0.0,-5.0,2524.0,0.0,0.0,0.0,0.0
881768.107,2524.0,2285.0,2285.0,-342.75,-0.0,0.0,-342.0,0.0,-5.0,2524.0,0.0,0.0,0.0,0.0
881778.107,2524.0,2285.0,2285.0,-342.75,-0.0,0.0,-342.0,0.0,-5.0,2524.0,0.0,0.0,0.0,0.0
881788.107,2524.0,2285.0,2285.0,-342.75,-0.0,0.0,-342.0,0.0,-5.0,2524.0,0.0,0.0,0.0,0.0
881798.107,2524.0,2285.0,2285.0,-342.75,-0.0,0.0,-342.0,0.0,-5.0,2524.0,0.0,0.0,0.0,0.0
881808.108,2524.0,2285.0,2285.0,-342.75,-0.0,0.0,-342.0,0.0,-5.0,2524.0,0.0,0.0,0.0,0.0
881818.108,2524.0,2285.0,2285.0,-342.75,-0.0,0.0,-342.0,0.0,-5.0,2524.0,0.0,0.0,0.0,0.0
881828.109,2524.0,2285.0,2285.0,-342.75,-0.0,0.0,-342.0,0.0,-5.0,2524.0,0.0,0.0,0.0,0.0
881838.11,2524.0,2285.0,2285.0,-342.75,-0.0,0.0,-342.0,0.0,-5.0,2524.0,0.0,0.0,0.0,0.0
881848.111,2524.0,2285.0,2285.0,-342.75,-0.0,0.0,-342.0,0.0,-5.0,2524.0,0.0,0.0,0.0,0.0
881858.112,2524.0,2285.0,2285.0,-342.75,-0.0,0.0,-342.0,0.0,-5.0,2524.0,0.0,0.0,0.0,0.0
881868.112,2524.0,2285.0,2285.0,-342.75,-0.0,0.0,-342.0,0.0,-5.0,2524.0,0.0,0.0,0.0,0.0
881879.098,2524.0,2285.0,2285.0,-342.75,-0.0,0.0,-342.0,0.0,-5.0,2524.0,0.0,0.0,0.0,0.0
881889.098,2524.0,2285.0,2285.0,-342.75,-0.0,0.0,-342.0,0.0,-5.0,2524.0,0.0,0.0,0.0,0.0
881900.098,2524.0,2285.0,2285.0,-342.75,-0.0,0.0,-342.0,0.0,-5.0,2524.0,0.0,0.0,0.0,0.0
881910.098,2524.0,2285.0,2285.0,-342.75,-0.0,0.0,-342.0,0.0,-5.0,2524.0,0.0,0.0,0.0,0.0
881920.098,2524.0,2285.0,2285.0,-342.75,-0.0,0.0,-342.0,0.0,-5.0,2524.0,0.0,0.0,0.0,0.0
881930.099,2524.0,2285.0,2285.0,-342.75,-0.0,0.0,-342.0,0.0,-5.0,2524.0,0.0,0.0,0.0,0.0
881940.1,2524.0,2285.0,2285.0,-342.75,-0.0,0.0,-342.0,0.0,-5.0,2524.0,0.0,0.0,0.0,0.0
881950.101,2524.0,2285.0,2285.0,-342.75,-0.0,0.0,-342.0,0.0,-5.0,2524.0,0.0,0.0,0.0,0.0
881960.101,2524.0,2285.0,2285.0,-342.75,-0.0,0.0,-342.0,0.0,-5.0,2524.0,0.0,0.0,0.0,0.0
881970.102,2524.0,2285.0,2285.0,-342.75,-0.0,0.0,-342.0,0.0,-5.0,2524.0,0.0,0.0,0.0,0.0
881980.103,2524.0,2285.0,2285.0,-342.75,-0.0,0.0,-342.0,0.0,-5.0,2524.0,0.0,0.0,0.0,0.0
881990.103,2524.0,2285.0,2285.0,-342.75,-0.0,0.0,-342.0,0.0,-5.0,2524.0,0.0,0.0,0.0,0.0
882000.103,2524.0,2285.0,2285.0,-342.75,-0.0,0.0,-342.0,0.0,-5.0,2524.0,0.0,0.0,0.0,0.0
882010.103,2524.0,2285.0,2285.0,-342.75,-0.0,0.0,-342.0,0.0,-5.0,2524.0,0.0,0.0,0.0,0.0
882020.104,2524.0,2285.0,2285.0,-342.75,-0.0,0.0,-342.0,0.0,-5.0,2524.0,0.0,0.0,0.0,0.0
882030.105,2524.0,2285.0,2285.0,-342.75,-0.0,0.0,-342.0,0.0,-5.0,2524.0,0.0,0.0,0.0,0.0
882040.106,2524.0,2285.0,2285.0,-342.75,-0.0,0.0,-342.0,0.0,-5.0,2524.0,0.0,0.0,0.0,0.0
882050.106,2524.0,2285.0,2285.0,-342.75,-0.0,0.0,-342.0,0.0,-5.0,2524.0,0.0,0.0,0.0,0.0
882060.111,2524.0,2285.0,2285.0,-342.75,-0.0,0.0,-342.0,0.0,-5.0,2524.0,0.0,0.0,0.0,0.0
882070.112,2524.0,2285.0,2285.0,-342.75,-0.0,0.0,-342.0,0.0,-5.0,2524.0,0.0,0.0,0.0,0.0
882080.112,2524.0,2285.0,2285.0,-342.75,-0.0,0.0,-342.0,0.0,-5.0,2524.0,0.0,0.0,0.0,0.0
882091.221,2524.0,2285.0,2285.0,-342.75,-0.0,0.0,-342.0,0.0,-5.0,2524.0,0.0,0.0,0.0,0.0
882101.221,2524.0,2285.0,2285.0,-342.75,-0.0,0.0,-342.0,0.0,-5.0,2524.0,0.0,0.0,0.0,0.0
882111.222,2524.0,2285.0,2285.0,-342.75,-0.0,0.0,-342.0,0.0,-5.0,2524.0,0.0,0.0,0.0,0.0
882121.222,2524.0,2285.0,2285.0,-342.75,-0.0,0.0,-342.0,0.0,-5.0,2524.0,0.0,0.0,0.0,0.0
882131.222,2524.0,2285.0,2285.0,-342.75,-0.0,0.0,-342.0,0.0,-5.0,2524.0,0.0,0.0,0.0,0.0
882141.222,2524.0,2285.0,2285.0,-342.75,-0.0,0.0,-342.0,0.0,-5.0,2524.0,0.0,0.0,0.0,0.0
882151.222,2524.0,2285.0,2285.0,-342.75,-0.0,0.0,-342.0,0.0,-5.0,2524.0,0.0,0.0,0.0,0.0
882161.222,2524.0,2285.0,2285.0,-342.75,-0.0,0.0,-342.0,0.0,-5.0,2524.0,0.0,0.0,0.0,0.0
882171.222,2524.0,2285.0,2285.0,-342.75,-0.0,0.0,-342.0,0.0,-5.0,2524.0,0.0,0.0,0.0,0.0
882181.222,2524.0,2285.0,2285.0,-342.75,-0.0,0.0,-342.0,0.0,-5.0,2524.0,0.0,0.0,0.0,0.0
882191.223,2524.0,2285.0,2285.0,-342.75,-0.0,0.0,-342.0,0.0,-5.0,2524.0,0.0,0.0,0.0,0.0
882201.223,2524.0,2285.0,2285.0,-342.75,-0.0,0.0,-342.0,0.0,-5.0,2524.0,0.0,0.0,0.0,0.0
882211.224,2524.0,2285.0,2285.0,-342.75,-0.0,0.0,-342.0,0.0,-5.0,2524.0,0.0,0.0,0.0,0.0
882221.224,2524.0,2285.0,2285.0,-342.75,-0.0,0.0,-342.0,0.0,-5.0,2524.0,0.0,0.0,0.0,0.0
882231.225,2524.0,2285.0,2285.0,-342.75,-0.0,0.0,-342.0,0.0,-5.0,2524.0,0.0,0.0,0.0,0.0
882241.226,2524.0,2285.0,2285.0,-342.75,-0.0,0.0,-342.0,0.0,-5.0,2524.0,0.0,0.0,0.0,0.0
882251.226,2524.0,2285.0,2285.0,-342.75,-0.0,0.0,-342.0,0.0,-5.0,2524.0,0.0,0.0,0.0,0.0
882261.227,2524.0,2285.0,2285.0,-342.75,-0.0,0.0,-342.0,0.0,-5.0,2524.0,0.0,0.0,0.0,0.0
882271.227,2524.0,2285.0,2285.0,-342.75,-0.0,0.0,-342.0,0.0,-5.0,2524.0,0.0,0.0,0.0,0.0
882281.227,2524.0,2285.0,2285.0,-342.75,-0.0,0.0,-342.0,0.0,-5.0,2524.0,0.0,0.0,0.0,0.0
882291.228,2524.0,2285.0,2285.0,-342.75,-0.0,0.0,-342.0,0.0,-5.0,2524.0,0.0,0.0,0.0,0.0
882301.229,2524.0,2285.0,2285.0,-342.75,-0.0,0.0,-342.0,0.0,-5.0,2524.0,0.0,0.0,0.0,0.0
882311.229,2524.0,2285.0,2285.0,-342.75,-0.0,0.0,-342.0,0.0,-5.0,2524.0,0.0,0.0,0.0,0.0
882321.229,2524.0,2285.0,2285.0,-342.75,-0.0,0.0,-342.0,0.0,-5.0,2524.0,0.0,0.0,0.0,0.0
882331.229,2524.0,2285.0,2285.0,-342.75,-0.0,0.0,-342.0,0.0,-5.0,2524.0,0.0,0.0,0.0,0.0
882341.23,2524.0,2285.0,2285.0,-342.75,-0.0,0.0,-342.0,0.0,-5.0,2524.0,0.0,0.0,0.0,0.0
882351.23,2524.0,2285.0,2285.0,-342.75,-0.0,0.0,-342.0,0.0,-5.0,2524.0,0.0,0.0,0.0,0.0
882361.23,2523.0,2285.0,2285.0,-342.75,-0.0,0.0,-342.0,0.0,-5.0,2524.0,0.0,0.0,0.0,0.0
882371.231,2523.0,2285.0,2285.0,-342.75,-0.0,0.0,-342.0,0.0,-5.0,2524.0,0.0,0.0,0.0,0.0
882381.231,2522.0,2285.0,2285.0,-342.75,-0.0,0.0,-342.0,0.0,-5.0,2524.0,0.0,0.0,0.0,0.0
882392.098,2522.0,2285.0,2285.0,-342.75,-0.0,0.0,-342.0,0.0,-5.0,2524.0,0.0,0.0,0.0,0.0
882402.099,2522.0,2285.0,2285.0,-342.75,-0.0,0.0,-342.0,0.0,-5.0,2522.0,0.0,0.0,0.0,0.0
882412.1,2522.0,2285.0,2285.0,-342.75,-0.0,0.0,-342.0,0.0,-5.0,2522.0,0.0,0.0,0.0,0.0
882422.1,2522.0,2285.0,2285.0,-342.75,-0.0,0.0,-342.0,0.0,-5.0,2522.0,0.0,0.0,0.0,0.0
882432.101,2522.0,2285.0,2285.0,-342.75,-0.0,0.0,-342.0,0.0,-5.0,2522.0,0.0,0.0,0.0,0.0
882442.101,2522.0,2285.0,2285.0,-342.75,-0.0,0.0,-342.0,0.0,-5.0,2522.0,0.0,0.0,0.0,0.0
882452.101,2522.0,2285.0,2285.0,-342.75,-0.0,0.0,-342.0,0.0,-5.0,2522.0,0.0,0.0,0.0,0.0
882462.102,2522.0,2285.0,2285.0,-342.75,-0.0,0.0,-342.0,0.0,-5.0,2522.0,0.0,0.0,0.0,0.0
882472.103,2522.0,2285.0,2285.0,-342.75,-0.0,0.0,-342.0,0.0,-5.0,2522.0,0.0,0.0,0.0,0.0
882482.104,2522.0,2285.0,2285.0,-342.75,-0.0,0.0,-342.0,0.0,-5.0,2522.0,0.0,0.0,0.0,0.0
882492.105,2522.0,2285.0,2285.0,-342.75,-0.0,0.0,-342.0,0.0,-5.0,2522.0,0.0,0.0,0.0,0.0
882502.106,2522.0,2285.0,2285.0,-342.75,-0.0,0.0,-342.0,0.0,-5.0,2522.0,0.0,0.0,0.0,0.0
882512.107,2522.0,2285.0,2285.0,-342.75,-0.0,0.0,-342.0,0.0,-5.0,2522.0,0.0,0.0,0.0,0.0
882522.107,2522.0,2285.0,2285.0,-342.75,-0.0,0.0,-342.0,0.0,-5.0,2522.0,0.0,0.0,0.0,0.0
882532.108,2522.0,2285.0,2285.0,-342.75,-0.0,0.0,-342.0,0.0,-5.0,2522.0,0.0,0.0,0.0,0.0
882542.108,2522.0,2285.0,2285.0,-342.75,-0.0,0.0,-342.0,0.0,-5.0,2522.0,0.0,0.0,0.0,0.0
882552.109,2522.0,2285.0,2285.0,-342.75,-0.0,0.0,-342.0,0.0,-5.0,2522.0,0.0,0.0,0.0,0.0
882562.11,2522.0,2285.0,2285.0,-342.75,-0.0,0.0,-342.0,0.0,-5.0,2522.0,0.0,0.0,0.0,0.0
882572.111,2522.0,2285.0,2285.0,-342.75,-0.0,0.0,-342.0,0.0,-5.0,2522.0,0.0,0.0,0.0,0.0
882582.112,2522.0,2285.0,2285.0,-342.75,-0.0,0.0,-342.0,0.0,-5.0,2522.0,0.0,0.0,0.0,0.0
882592.112,2522.0,2285.0,2285.0,-342.75,-0.0,0.0,-342.0,0.0,-5.0,2522.0,0.0,0.0,0.0,0.0
882602.113,2523.0,2285.0,2285.0,-342.75,-0.0,0.0,-342.0,0.0,-5.0,2523.0,0.0,0.0,0.0,0.0
882612.114,2522.0,2285.0,2285.0,-342.75,-0.0,0.0,-342.0,0.0,-5.0,2523.0,0.0,0.0,0.0,0.0
882622.115,2522.0,2285.0,2285.0,-342.75,-0.0,0.0,-342.0,0.0,-5.0,2523.0,0.0,0.0,0.0,0.0
882632.115,2523.0,2285.0,2285.0,-342.75,-0.0,0.0,-342.0,0.0,-5.0,2523.0,0.0,0.0,0.0,0.0
882642.115,2522.0,2285.0,2285.0,-342.75,-0.0,0.0,-342.0,0.0,-5.0,2523.0,0.0,0.0,0.0,0.0
882652.115,2522.0,2285.0,2285.0,-342.75,-0.0,0.0,-342.0,0.0,-5.0,2523.0,0.0,0.0,0.0,0.0
882662.115,2522.0,2285.0,2285.0,-342.75,-0.0,0.0,-342.0,0.0,-5.0,2523.0,0.0,0.0,0.0,0.0
882672.115,2522.0,2285.0,2285.0,-342.75,-0.0,0.0,-342.0,0.0,-5.0,2523.0,0.0,0.0,0.0,0.0
882682.116,2522.0,2285.0,2285.0,-342.75,-0.0,0.0,-342.0,0.0,-5.0,2523.0,0.0,0.0,0.0,0.0
882692.117,2522.0,2285.0,2285.0,-342.75,-0.0,0.0,-342.0,0.0,-5.0,2523.0,0.0,0.0,0.0,0.0
882702.118,2522.0,2285.0,2285.0,-342.75,-0.0,0.0,-342.0,0.0,-5.0,2522.0,0.0,0.0,0.0,0.0
882712.119,2522.0,2285.0,2285.0,-342.75,-0.0,0.0,-342.0,0.0,-5.0,2522.0,0.0,0.0,0.0,0.0
882722.12,2522.0,2285.0,2285.0,-342.75,-0.0,0.0,-342.0,0.0,-5.0,2522.0,0.0,0.0,0.0,0.0
882732.12,2522.0,2285.0,2285.0,-342.75,-0.0,0.0,-342.0,0.0,-5.0,2522.0,0.0,0.0,0.0,0.0
882742.121,2522.0,2285.0,2285.0,-342.75,-0.0,0.0,-342.0,0.0,-5.0,2522.0,0.0,0.0,0.0,0.0
882752.122,2522.0,2285.0,2285.0,-342.75,-0.0,0.0,-342.0,0.0,-5.0,2522.0,0.0,0.0,0.0,0.0
882762.123,2523.0,2285.0,2285.0,-342.75,-0.0,0.0,-342.0,0.0,-5.0,2522.0,0.0,0.0,0.0,0.0
882772.123,2522.0,2285.0,2285.0,-342.75,-0.0,0.0,-342.0,0.0,-5.0,2522.0,0.0,0.0,0.0,0.0
882782.124,2522.0,2285.0,2285.0,-342.75,-0.0,0.0,-342.0,0.0,-5.0,2522.0,0.0,0.0,0.0,0.0
882792.125,2522.0,2285.0,2285.0,-342.75,-0.0,0.0,-342.0,0.0,-5.0,2522.0,0.0,0.0,0.0,0.0
882802.126,2522.0,2285.0,2285.0,-342.75,-0.0,0.0,-342.0,0.0,-5.0,2522.0,0.0,0.0,0.0,0.0
882812.127,2522.0,2285.0,2285.0,-342.75,-0.0,0.0,-342.0,0.0,-5.0,2522.0,0.0,0.0,0.0,0.0
882822.128,2522.0,2285.0,2285.0,-342.75,-0.0,0.0,-342.0,0.0,-5.0,2522.0,0.0,0.0,0.0,0.0
882832.129,2522.0,2285.0,2285.0,-342.75,-0.0,0.0,-342.0,0.0,-5.0,2522.0,0.0,0.0,0.0,0.0
882842.129,2522.0,2285.0,2285.0,-342.75,-0.0,0.0,-342.0,0.0,-5.0,2522.0,0.0,0.0,0.0,0.0
882852.13,2522.0,2285.0,2285.0,-342.75,-0.0,0.0,-342.0,0.0,-5.0,2522.0,0.0,0.0,0.0,0.0
882862.13,2522.0,2285.0,2285.0,-342.75,-0.0,0.0,-342.0,0.0,-5.0,2522.0,0.0,0.0,0.0,0.0
882872.131,2522.0,2285.0,2285.0,-342.75,-0.0,0.0,-342.0,0.0,-5.0,2522.0,0.0,0.0,0.0,0.0
882882.132,2522.0,2285.0,2285.0,-342.75,-0.0,0.0,-342.0,0.0,-5.0,2522.0,0.0,0.0,0.0,0.0
882892.132,2522.0,2285.0,2285.0,-342.75,-0.0,0.0,-342.0,0.0,-5.0,2522.0,0.0,0.0,0.0,0.0
882902.132,2522.0,2285.0,2285.0,-342.75,-0.0,0.0,-342.0,0.0,-5.0,2522.0,0.0,0.0,0.0,0.0
882912.133,2522.0,2285.0,2285.0,-342.75,-0.0,0.0,-342.0,0.0,-5.0,2522.0,0.0,0.0,0.0,0.0
882922.133,2522.0,2285.0,2285.0,-342.75,-0.0,0.0,-342.0,0.0,-5.0,2522.0,0.0,0.0,0.0,0.0
882932.133,2522.0,2285.0,2285.0,-342.75,-0.0,0.0,-342.0,0.0,-5.0,2522.0,0.0,0.0,0.0,0.0
882942.134,2522.0,2285.0,2285.0,-342.75,-0.0,0.0,-342.0,0.0,-5.0,2522.0,0.0,0.0,0.0,0.0
882952.135,2522.0,2285.0,2285.0,-342.75,-0.0,0.0,-342.0,0.0,-5.0,2522.0,0.0,0.0,0.0,0.0
882962.137,2522.0,2285.0,2285.0,-342.75,-0.0,0.0,-342.0,0.0,-5.0,2522.0,0.0,0.0,0.0,0.0
882972.137,2522.0,2285.0,2285.0,-342.75,-0.0,0.0,-342.0,0.0,-5.0,2522.0,0.0,0.0,0.0,0.0
882982.138,2522.0,2285.0,2285.0,-342.75,-0.0,0.0,-342.0,0.0,-5.0,2522.0,0.0,0.0,0.0,0.0
882992.139,2522.0,2285.0,2285.0,-342.75,-0.0,0.0,-342.0,0.0,-5.0,2522.0,0.0,0.0,0.0,0.0
883002.139,2522.0,2285.0,2285.0,-342.75,-0.0,0.0,-342.0,0.0,-5.0,2522.0,0.0,0.0,0.0,0.0
883012.14,2522.0,2285.0,2285.0,-342.75,-0.0,0.0,-342.0,0.0,-5.0,2522.0,0.0,0.0,0.0,0.0
883022.141,2522.0,2285.0,2285.0,-342.75,-0.0,0.0,-342.0,0.0,-5.0,2522.0,0.0,0.0,0.0,0.0
883032.142,2522.0,2285.0,2285.0,-342.75,-0.0,0.0,-342.0,0.0,-5.0,2522.0,0.0,0.0,0.0,0.0
883042.142,2522.0,2285.0,2285.0,-342.75,-0.0,0.0,-342.0,0.0,-5.0,2522.0,0.0,0.0,0.0,0.0
883052.143,2522.0,2285.0,2285.0,-342.75,-0.0,0.0,-342.0,0.0,-5.0,2522.0,0.0,0.0,0.0,0.0
883062.144,2522.0,2285.0,2285.0,-342.75,-0.0,0.0,-342.0,0.0,-5.0,2522.0,0.0,0.0,0.0,0.0
883072.146,2522.0,2285.0,2285.0,-342.75,-0.0,0.0,-342.0,0.0,-5.0,2522.0,0.0,0.0,0.0,0.0
883082.147,2522.0,2285.0,2285.0,-342.75,-0.0,0.0,-342.0,0.0,-5.0,2522.0,0.0,0.0,0.0,0.0
883092.147,2522.0,2285.0,2285.0,-342.75,-0.0,0.0,-342.0,0.0,-5.0,2522.0,0.0,0.0,0.0,0.0
883102.148,2522.0,2285.0,2285.0,-342.75,-0.0,0.0,-342.0,0.0,-5.0,2522.0,0.0,0.0,0.0,0.0
883112.148,2522.0,2285.0,2285.0,-342.75,-0.0,0.0,-342.0,0.0,-5.0,2522.0,0.0,0.0,0.0,0.0
883122.148,2522.0,2285.0,2285.0,-342.75,-0.0,0.0,-342.0,0.0,-5.0,2522.0,0.0,0.0,0.0,0.0
883132.149,2522.0,2285.0,2285.0,-342.75,-0.0,0.0,-342.0,0.0,-5.0,2522.0,0.0,0.0,0.0,0.0
883142.149,2523.0,2285.0,2285.0,-342.75,-0.0,0.0,-342.0,0.0,-5.0,2522.0,0.0,0.0,0.0,0.0
883152.149,2522.0,2285.0,2285.0,-342.75,-0.0,0.0,-342.0,0.0,-5.0,2522.0,0.0,0.0,0.0,0.0
883162.15,2522.0,2285.0,2285.0,-342.75,-0.0,0.0,-342.0,0.0,-5.0,2522.0,0.0,0.0,0.0,0.0
883172.151,2522.0,2285.0,2285.0,-342.75,-0.0,0.0,-342.0,0.0,-5.0,2522.0,0.0,0.0,0.0,0.0
883182.152,2523.0,2285.0,2285.0,-342.75,-0.0,0.0,-342.0,0.0,-5.0,2522.0,0.0,0.0,0.0,0.0
883192.152,2523.0,2285.0,2285.0,-342.75,-0.0,0.0,-342.0,0.0,-5.0,2522.0,0.0,0.0,0.0,0.0
883202.152,2522.0,2285.0,2285.0,-342.75,-0.0,0.0,-342.0,0.0,-5.0,2522.0,0.0,0.0,0.0,0.0
883212.153,2522.0,2285.0,2285.0,-342.75,-0.0,0.0,-342.0,0.0,-5.0,2522.0,0.0,0.0,0.0,0.0
883222.153,2522.0,2285.0,2285.0,-342.75,-0.0,0.0,-342.0,0.0,-5.0,2522.0,0.0,0.0,0.0,0.0
883232.153,2522.0,2285.0,2285.0,-342.75,-0.0,0.0,-342.0,0.0,-5.0,2522.0,0.0,0.0,0.0,0.0
883242.154,2522.0,2285.0,2285.0,-342.75,-0.0,0.0,-342.0,0.0,-5.0,2522.0,0.0,0.0,0.0,0.0
883252.154,2523.0,2285.0,2285.0,-342.75,-0.0,0.0,-342.0,0.0,-5.0,2522.0,0.0,0.0,0.0,0.0
883262.159,2523.0,2285.0,2285.0,-342.75,-0.0,0.0,-342.0,0.0,-5.0,2522.0,0.0,0.0,0.0,0.0
883272.16,2523.0,2285.0,2285.0,-342.75,-0.0,0.0,-342.0,0.0,-5.0,2522.0,0.0,0.0,0.0,0.0
883283.041,2522.0,2285.0,2285.0,-342.75,-0.0,0.0,-342.0,0.0,-5.0,2522.0,0.0,0.0,0.0,0.0
883293.041,2522.0,2285.0,2285.0,-342.75,-0.0,0.0,-342.0,0.0,-5.0,2522.0,0.0,0.0,0.0,0.0
883303.041,2522.0,2285.0,2285.0,-342.75,-0.0,0.0,-342.0,0.0,-5.0,2522.0,0.0,0.0,0.0,0.0
883313.041,2522.0,2285.0,2285.0,-342.75,-0.0,0.0,-342.0,0.0,-5.0,2522.0,0.0,0.0,0.0,0.0
883323.041,2522.0,2285.0,2285.0,-342.75,-0.0,0.0,-342.0,0.0,-5.0,2522.0,0.0,0.0,0.0,0.0
883333.041,2523.0,2285.0,2285.0,-342.75,-0.0,0.0,-342.0,0.0,-5.0,2522.0,0.0,0.0,0.0,0.0
883343.041,2522.0,2285.0,2285.0,-342.75,-0.0,0.0,-342.0,0.0,-5.0,2522.0,0.0,0.0,0.0,0.0
883353.041,2522.0,2285.0,2285.0,-342.75,-0.0,0.0,-342.0,0.0,-5.0,2522.0,0.0,0.0,0.0,0.0
883363.041,2523.0,2285.0,2285.0,-342.75,-0.0,0.0,-342.0,0.0,-5.0,2522.0,0.0,0.0,0.0,0.0
883373.041,2523.0,2285.0,2285.0,-342.75,-0.0,0.0,-342.0,0.0,-5.0,2522.0,0.0,0.0,0.0,0.0
883383.042,2523.0,2285.0,2285.0,-342.75,-0.0,0.0,-342.0,0.0,-5.0,2522.0,0.0,0.0,0.0,0.0
883393.043,2523.0,2285.0,2285.0,-342.75,-0.0,0.0,-342.0,0.0,-5.0,2522.0,0.0,0.0,0.0,0.0
883403.044,2522.0,2285.0,2285.0,-342.75,-0.0,0.0,-342.0,0.0,-5.0,2522.0,0.0,0.0,0.0,0.0
883413.044,2523.0,2285.0,2285.0,-342.75,-0.0,0.0,-342.0,0.0,-5.0,2523.0,0.0,0.0,0.0,0.0
883423.045,2523.0,2285.0,2285.0,-342.75,-0.0,0.0,-342.0,0.0,-5.0,2523.0,0.0,0.0,0.0,0.0
883433.045,2523.0,2285.0,2285.0,-342.75,-0.0,0.0,-342.0,0.0,-5.0,2523.0,0.0,0.0,0.0,0.0
883443.046,2522.0,2285.0,2285.0,-342.75,-0.0,0.0,-342.0,0.0,-5.0,2523.0,0.0,0.0,0.0,0.0
883453.047,2523.0,2285.0,2285.0,-342.75,-0.0,0.0,-342.0,0.0,-5.0,2523.0,0.0,0.0,0.0,0.0
883463.049,2522.0,2285.0,2285.0,-342.75,-0.0,0.0,-342.0,0.0,-5.0,2523.0,0.0,0.0,0.0,0.0
883473.05,2522.0,2285.0,2285.0,-342.75,-0.0,0.0,-342.0,0.0,-5.0,2523.0,0.0,0.0,0.0,0.0
883483.05,2522.0,2285.0,2285.0,-342.75,-0.0,0.0,-342.0,0.0,-5.0,2523.0,0.0,0.0,0.0,0.0
883494.041,2523.0,2285.0,2285.0,-342.75,-0.0,0.0,-342.0,0.0,-5.0,2523.0,0.0,0.0,0.0,0.0
883504.042,2522.0,2285.0,2285.0,-342.75,-0.0,0.0,-342.0,0.0,-5.0,2523.0,0.0,0.0,0.0,0.0
883514.043,2522.0,2285.0,2285.0,-342.75,-0.0,0.0,-342.0,0.0,-5.0,2522.0,0.0,0.0,0.0,0.0
883524.044,2522.0,2285.0,2285.0,-342.75,-0.0,0.0,-342.0,0.0,-5.0,2522.0,0.0,0.0,0.0,0.0
883534.044,2522.0,2285.0,2285.0,-342.75,-0.0,0.0,-342.0,0.0,-5.0,2522.0,0.0,0.0,0.0,0.0
883544.046,2523.0,2285.0,2285.0,-342.75,-0.0,0.0,-342.0,0.0,-5.0,2522.0,0.0,0.0,0.0,0.0
883554.046,2522.0,2285.0,2285.0,-342.75,-0.0,0.0,-342.0,0.0,-5.0,2522.0,0.0,0.0,0.0,0.0
883564.046,2523.0,2285.0,2285.0,-342.75,-0.0,0.0,-342.0,0.0,-5.0,2522.0,0.0,0.0,0.0,0.0
883574.046,2522.0,2285.0,2285.0,-342.75,-0.0,0.0,-342.0,0.0,-5.0,2522.0,0.0,0.0,0.0,0.0
883584.047,2522.0,2285.0,2285.0,-342.75,-0.0,0.0,-342.0,0.0,-5.0,2522.0,0.0,0.0,0.0,0.0
883594.047,2522.0,2285.0,2285.0,-342.75,-0.0,0.0,-342.0,0.0,-5.0,2522.0,0.0,0.0,0.0,0.0
883604.048,2522.0,2285.0,2285.0,-342.75,-0.0,0.0,-342.0,0.0,-5.0,2522.0,0.0,0.0,0.0,0.0
883614.048,2522.0,2285.0,2285.0,-342.75,-0.0,0.0,-342.0,0.0,-5.0,2522.0,0.0,0.0,0.0,0.0
883624.052,2523.0,2285.0,2285.0,-342.75,-0.0,0.0,-342.0,0.0,-5.0,2522.0,0.0,0.0,0.0,0.0
883634.052,2522.0,2285.0,2285.0,-342.75,-0.0,0.0,-342.0,0.0,-5.0,2522.0,0.0,0.0,0.0,0.0
883644.052,2523.0,2285.0,2285.0,-342.75,-0.0,0.0,-342.0,0.0,-5.0,2522.0,0.0,0.0,0.0,0.0
883654.052,2522.0,2285.0,2285.0,-342.75,-0.0,0.0,-342.0,0.0,-5.0,2522.0,0.0,0.0,0.0,0.0
883664.052,2522.0,2285.0,2285.0,-342.75,-0.0,0.0,-342.0,0.0,-5.0,2522.0,0.0,0.0,0.0,0.0
883674.052,2523.0,2285.0,2285.0,-342.75,-0.0,0.0,-342.0,0.0,-5.0,2522.0,0.0,0.0,0.0,0.0
883684.052,2523.0,2285.0,2285.0,-342.75,-0.0,0.0,-342.0,0.0,-5.0,2522.0,0.0,0.0,0.0,0.0
883694.052,2523.0,2285.0,2285.0,-342.75,-0.0,0.0,-342.0,0.0,-5.0,2522.0,0.0,0.0,0.0,0.0
883704.053,2522.0,2285.0,2285.0,-342.75,-0.0,0.0,-342.0,0.0,-5.0,2522.0,0.0,0.0,0.0,0.0
883714.058,2523.0,2285.0,2285.0,-342.75,-0.0,0.0,-342.0,0.0,-5.0,2523.0,0.0,0.0,0.0,0.0
883724.058,2522.0,2285.0,2285.0,-342.75,-0.0,0.0,-342.0,0.0,-5.0,2523.0,0.0,0.0,0.0,0.0
883734.059,2523.0,2285.0,2285.0,-342.75,-0.0,0.0,-342.0,0.0,-5.0,2523.0,0.0,0.0,0.0,0.0
883744.06,2522.0,2285.0,2285.0,-342.75,-0.0,0.0,-342.0,0.0,-5.0,2523.0,0.0,0.0,0.0,0.0
883754.06,2523.0,2285.0,2285.0,-342.75,-0.0,0.0,-342.0,0.0,-5.0,2523.0,0.0,0.0,0.0,0.0
883764.061,2522.0,2285.0,2285.0,-342.75,-0.0,0.0,-342.0,0.0,-5.0,2523.0,0.0,0.0,0.0,0.0
883774.061,2522.0,2285.0,2285.0,-342.75,-0.0,0.0,-342.0,0.0,-5.0,2523.0,0.0,0.0,0.0,0.0
883784.062,2523.0,2285.0,2285.0,-342.75,-0.0,0.0,-342.0,0.0,-5.0,2523.0,0.0,0.0,0.0,0.0
883794.063,2523.0,2285.0,2285.0,-342.75,-0.0,0.0,-342.0,0.0,-5.0,2523.0,0.0,0.0,0.0,0.0
883804.064,2523.0,2285.0,2285.0,-342.75,-0.0,0.0,-342.0,0.0,-5.0,2523.0,0.0,0.0,0.0,0.0
883814.065,2523.0,2285.0,2285.0,-342.75,-0.0,0.0,-342.0,0.0,-5.0,2523.0,0.0,0.0,0.0,0.0
883824.066,2523.0,2285.0,2285.0,-342.75,-0.0,0.0,-342.0,0.0,-5.0,2523.0,0.0,0.0,0.0,0.0
883834.067,2523.0,2285.0,2285.0,-342.75,-0.0,0.0,-342.0,0.0,-5.0,2523.0,0.0,0.0,0.0,0.0
883844.068,2523.0,2285.0,2285.0,-342.75,-0.0,0.0,-342.0,0.0,-5.0,2523.0,0.0,0.0,0.0,0.0
883854.068,2523.0,2285.0,2285.0,-342.75,-0.0,0.0,-342.0,0.0,-5.0,2523.0,0.0,0.0,0.0,0.0
883864.068,2523.0,2285.0,2285.0,-342.75,-0.0,0.0,-342.0,0.0,-5.0,2523.0,0.0,0.0,0.0,0.0
883874.069,2523.0,2285.0,2285.0,-342.75,-0.0,0.0,-342.0,0.0,-5.0,2523.0,0.0,0.0,0.0,0.0
883884.069,2523.0,2285.0,2285.0,-342.75,-0.0,0.0,-342.0,0.0,-5.0,2523.0,0.0,0.0,0.0,0.0
883894.069,2523.0,2285.0,2285.0,-342.75,-0.0,0.0,-342.0,0.0,-5.0,2523.0,0.0,0.0,0.0,0.0
883904.071,2522.0,2285.0,2285.0,-342.75,-0.0,0.0,-342.0,0.0,-5.0,2523.0,0.0,0.0,0.0,0.0
883914.071,2522.0,2285.0,2285.0,-342.75,-0.0,0.0,-342.0,0.0,-5.0,2522.0,0.0,0.0,0.0,0.0
883924.072,2523.0,2285.0,2285.0,-342.75,-0.0,0.0,-342.0,0.0,-5.0,2522.0,0.0,0.0,0.0,0.0
883934.073,2522.0,2285.0,2285.0,-342.75,-0.0,0.0,-342.0,0.0,-5.0,2522.0,0.0,0.0,0.0,0.0
883944.074,2522.0,2285.0,2285.0,-342.75,-0.0,0.0,-342.0,0.0,-5.0,2522.0,0.0,0.0,0.0,0.0
883954.075,2522.0,2285.0,2285.0,-342.75,-0.0,0.0,-342.0,0.0,-5.0,2522.0,0.0,0.0,0.0,0.0
883964.075,2522.0,2285.0,2285.0,-342.75,-0.0,0.0,-342.0,0.0,-5.0,2522.0,0.0,0.0,0.0,0.0
883974.075,2522.0,2285.0,2285.0,-342.75,-0.0,0.0,-342.0,0.0,-5.0,2522.0,0.0,0.0,0.0,0.0
883984.076,2523.0,2285.0,2285.0,-342.75,-0.0,0.0,-342.0,0.0,-5.0,2522.0,0.0,0.0,0.0,0.0
883994.079,2523.0,2285.0,2285.0,-342.75,-0.0,0.0,-342.0,0.0,-5.0,2522.0,0.0,0.0,0.0,0.0
884004.079,2523.0,2285.0,2285.0,-342.75,-0.0,0.0,-342.0,0.0,-5.0,2522.0,0.0,0.0,0.0,0.0
884014.079,2522.0,2285.0,2285.0,-342.75,-0.0,0.0,-342.0,0.0,-5.0,2522.0,0.0,0.0,0.0,0.0
884024.08,2522.0,2285.0,2285.0,-342.75,-0.0,0.0,-342.0,0.0,-5.0,2522.0,0.0,0.0,0.0,0.0
884034.081,2523.0,2285.0,2285.0,-342.75,-0.0,0.0,-342.0,0.0,-5.0,2522.0,0.0,0.0,0.0,0.0
884044.082,2522.0,2285.0,2285.0,-342.75,-0.0,0.0,-342.0,0.0,-5.0,2522.0,0.0,0.0,0.0,0.0
884054.083,2523.0,2285.0,2285.0,-342.75,-0.0,0.0,-342.0,0.0,-5.0,2522.0,0.0,0.0,0.0,0.0
884064.083,2523.0,2285.0,2285.0,-342.75,-0.0,0.0,-342.0,0.0,-5.0,2522.0,0.0,0.0,0.0,0.0
884074.084,2523.0,2285.0,2285.0,-342.75,-0.0,0.0,-342.0,0.0,-5.0,2522.0,0.0,0.0,0.0,0.0
884084.084,2522.0,2285.0,2285.0,-342.75,-0.0,0.0,-342.0,0.0,-5.0,2522.0,0.0,0.0,0.0,0.0
884094.085,2522.0,2285.0,2285.0,-342.75,-0.0,0.0,-342.0,0.0,-5.0,2522.0,0.0,0.0,0.0,0.0
884104.086,2523.0,2285.0,2285.0,-342.75,-0.0,0.0,-342.0,0.0,-5.0,2522.0,0.0,0.0,0.0,0.0
884115.106,2522.0,2285.0,2285.0,-342.75,-0.0,0.0,-342.0,0.0,-5.0,2522.0,0.0,0.0,0.0,0.0
884125.106,2523.0,2285.0,2285.0,-342.75,-0.0,0.0,-342.0,0.0,-5.0,2522.0,0.0,0.0,0.0,0.0
884135.106,2522.0,2285.0,2285.0,-342.75,-0.0,0.0,-342.0,0.0,-5.0,2522.0,0.0,0.0,0.0,0.0
884145.106,2522.0,2285.0,2285.0,-342.75,-0.0,0.0,-342.0,0.0,-5.0,2522.0,0.0,0.0,0.0,0.0
884155.107,2522.0,2285.0,2285.0,-342.75,-0.0,0.0,-342.0,0.0,-5.0,2522.0,0.0,0.0,0.0,0.0
884165.107,2523.0,2285.0,2285.0,-342.75,-0.0,0.0,-342.0,0.0,-5.0,2522.0,0.0,0.0,0.0,0.0
884175.107,2523.0,2285.0,2285.0,-342.75,-0.0,0.0,-342.0,0.0,-5.0,2522.0,0.0,0.0,0.0,0.0
884185.108,2522.0,2285.0,2285.0,-342.75,-0.0,0.0,-342.0,0.0,-5.0,2522.0,0.0,0.0,0.0,0.0
884195.109,2522.0,2285.0,2285.0,-342.75,-0.0,0.0,-342.0,0.0,-5.0,2522.0,0.0,0.0,0.0,0.0
884205.109,2523.0,2285.0,2285.0,-342.75,-0.0,0.0,-342.0,0.0,-5.0,2522.0,0.0,0.0,0.0,0.0
884215.11,2523.0,2285.0,2285.0,-342.75,-0.0,0.0,-342.0,0.0,-5.0,2523.0,0.0,0.0,0.0,0.0
884225.111,2522.0,2285.0,2285.0,-342.75,-0.0,0.0,-342.0,0.0,-5.0,2523.0,0.0,0.0,0.0,0.0
884235.111,2522.0,2285.0,2285.0,-342.75,-0.0,0.0,-342.0,0.0,-5.0,2523.0,0.0,0.0,0.0,0.0
884245.112,2523.0,2285.0,2285.0,-342.75,-0.0,0.0,-342.0,0.0,-5.0,2523.0,0.0,0.0,0.0,0.0
884255.113,2522.0,2285.0,2285.0,-342.75,-0.0,0.0,-342.0,0.0,-5.0,2523.0,0.0,0.0,0.0,0.0
884265.114,2522.0,2285.0,2285.0,-342.75,-0.0,0.0,-342.0,0.0,-5.0,2523.0,0.0,0.0,0.0,0.0
884275.114,2523.0,2285.0,2285.0,-342.75,-0.0,0.0,-342.0,0.0,-5.0,2523.0,0.0,0.0,0.0,0.0
884285.114,2523.0,2285.0,2285.0,-342.75,-0.0,0.0,-342.0,0.0,-5.0,2523.0,0.0,0.0,0.0,0.0
884295.115,2523.0,2285.0,2285.0,-342.75,-0.0,0.0,-342.0,0.0,-5.0,2523.0,0.0,0.0,0.0,0.0
884305.116,2523.0,2285.0,2285.0,-342.75,-0.0,0.0,-342.0,0.0,-5.0,2523.0,0.0,0.0,0.0,0.0
884315.116,2522.0,2285.0,2285.0,-342.75,-0.0,0.0,-342.0,0.0,-5.0,2522.0,0.0,0.0,0.0,0.0
884325.116,2523.0,2285.0,2285.0,-342.75,-0.0,0.0,-342.0,0.0,-5.0,2522.0,0.0,0.0,0.0,0.0
884335.116,2522.0,2285.0,2285.0,-342.75,-0.0,0.0,-342.0,0.0,-5.0,2522.0,0.0,0.0,0.0,0.0
884345.116,2522.0,2285.0,2285.0,-342.75,-0.0,0.0,-342.0,0.0,-5.0,2522.0,0.0,0.0,0.0,0.0
884355.116,2523.0,2285.0,2285.0,-342.75,-0.0,0.0,-342.0,0.0,-5.0,2522.0,0.0,0.0,0.0,0.0
884365.117,2523.0,2285.0,2285.0,-342.75,-0.0,0.0,-342.0,0.0,-5.0,2522.0,0.0,0.0,0.0,0.0
884375.118,2523.0,2285.0,2285.0,-342.75,-0.0,0.0,-342.0,0.0,-5.0,2522.0,0.0,0.0,0.0,0.0
884385.118,2522.0,2285.0,2285.0,-342.75,-0.0,0.0,-342.0,0.0,-5.0,2522.0,0.0,0.0,0.0,0.0
884395.119,2523.0,2285.0,2285.0,-342.75,-0.0,0.0,-342.0,0.0,-5.0,2522.0,0.0,0.0,0.0,0.0
884405.119,2523.0,2285.0,2285.0,-342.75,-0.0,0.0,-342.0,0.0,-5.0,2522.0,0.0,0.0,0.0,0.0
884415.119,2523.0,2285.0,2285.0,-342.75,-0.0,0.0,-342.0,0.0,-5.0,2523.0,0.0,0.0,0.0,0.0
884425.119,2523.0,2285.0,2285.0,-342.75,-0.0,0.0,-342.0,0.0,-5.0,2523.0,0.0,0.0,0.0,0.0
884435.119,2523.0,2285.0,2285.0,-342.75,-0.0,0.0,-342.0,0.0,-5.0,2523.0,0.0,0.0,0.0,0.0
884445.119,2522.0,2285.0,2285.0,-342.75,-0.0,0.0,-342.0,0.0,-5.0,2523.0,0.0,0.0,0.0,0.0
884455.12,2522.0,2285.0,2285.0,-342.75,-0.0,0.0,-342.0,0.0,-5.0,2523.0,0.0,0.0,0.0,0.0
884465.121,2522.0,2285.0,2285.0,-342.75,-0.0,0.0,-342.0,0.0,-5.0,2523.0,0.0,0.0,0.0,0.0
884475.121,2523.0,2285.0,2285.0,-342.75,-0.0,0.0,-342.0,0.0,-5.0,2523.0,0.0,0.0,0.0,0.0
884485.121,2522.0,2285.0,2285.0,-342.75,-0.0,0.0,-342.0,0.0,-5.0,2523.0,0.0,0.0,0.0,0.0
884495.122,2523.0,2285.0,2285.0,-342.75,-0.0,0.0,-342.0,0.0,-5.0,2523.0,0.0,0.0,0.0,0.0
884505.122,2522.0,2285.0,2285.0,-342.75,-0.0,0.0,-342.0,0.0,-5.0,2523.0,0.0,0.0,0.0,0.0
884515.122,2523.0,2285.0,2285.0,-342.75,-0.0,0.0,-342.0,0.0,-5.0,2523.0,0.0,0.0,0.0,0.0
884525.122,2523.0,2285.0,2285.0,-342.75,-0.0,0.0,-342.0,0.0,-5.0,2523.0,0.0,0.0,0.0,0.0
884535.123,2523.0,2285.0,2285.0,-342.75,-0.0,0.0,-342.0,0.0,-5.0,2523.0,0.0,0.0,0.0,0.0
884545.124,2522.0,2285.0,2285.0,-342.75,-0.0,0.0,-342.0,0.0,-5.0,2523.0,0.0,0.0,0.0,0.0
884555.124,2523.0,2285.0,2285.0,-342.75,-0.0,0.0,-342.0,0.0,-5.0,2523.0,0.0,0.0,0.0,0.0
884566.098,2523.0,2285.0,2285.0,-342.75,-0.0,0.0,-342.0,0.0,-5.0,2523.0,0.0,0.0,0.0,0.0
884577.098,2522.0,2285.0,2285.0,-342.75,-0.0,0.0,-342.0,0.0,-5.0,2523.0,0.0,0.0,0.0,0.0
884587.099,2522.0,2285.0,2285.0,-342.75,-0.0,0.0,-342.0,0.0,-5.0,2523.0,0.0,0.0,0.0,0.0
884597.099,2522.0,2285.0,2285.0,-342.75,-0.0,0.0,-342.0,0.0,-5.0,2523.0,0.0,0.0,0.0,0.0
884608.098,2523.0,2285.0,2285.0,-342.75,-0.0,0.0,-342.0,0.0,-5.0,2523.0,0.0,0.0,0.0,0.0
884618.099,2523.0,2285.0,2285.0,-342.75,-0.0,0.0,-342.0,0.0,-5.0,2523.0,0.0,0.0,0.0,0.0
884629.098,2523.0,2285.0,2285.0,-342.75,-0.0,0.0,-342.0,0.0,-5.0,2523.0,0.0,0.0,0.0,0.0
884639.098,2523.0,2285.0,2285.0,-342.75,-0.0,0.0,-342.0,0.0,-5.0,2523.0,0.0,0.0,0.0,0.0
884649.099,2522.0,2285.0,2285.0,-342.75,-0.0,0.0,-342.0,0.0,-5.0,2523.0,0.0,0.0,0.0,0.0
884659.099,2523.0,2285.0,2285.0,-342.75,-0.0,0.0,-342.0,0.0,-5.0,2523.0,0.0,0.0,0.0,0.0
884669.1,2522.0,2285.0,2285.0,-342.75,-0.0,0.0,-342.0,0.0,-5.0,2523.0,0.0,0.0,0.0,0.0
884679.101,2523.0,2285.0,2285.0,-342.75,-0.0,0.0,-342.0,0.0,-5.0,2523.0,0.0,0.0,0.0,0.0
884690.098,2523.0,2285.0,2285.0,-342.75,-0.0,0.0,-342.0,0.0,-5.0,2523.0,0.0,0.0,0.0,0.0
884700.099,2523.0,2285.0,2285.0,-342.75,-0.0,0.0,-342.0,0.0,-5.0,2523.0,0.0,0.0,0.0,0.0
884710.1,2523.0,2285.0,2285.0,-342.75,-0.0,0.0,-342.0,0.0,-5.0,2523.0,0.0,0.0,0.0,0.0
884720.1,2523.0,2285.0,2285.0,-342.75,-0.0,0.0,-342.0,0.0,-5.0,2523.0,0.0,0.0,0.0,0.0
884730.1,2522.0,2285.0,2285.0,-342.75,-0.0,0.0,-342.0,0.0,-5.0,2523.0,0.0,0.0,0.0,0.0
884740.1,2523.0,2285.0,2285.0,-342.75,-0.0,0.0,-342.0,0.0,-5.0,2523.0,0.0,0.0,0.0,0.0
884750.101,2522.0,2285.0,2285.0,-342.75,-0.0,0.0,-342.0,0.0,-5.0,2523.0,0.0,0.0,0.0,0.0
884760.102,2523.0,2285.0,2285.0,-342.75,-0.0,0.0,-342.0,0.0,-5.0,2523.0,0.0,0.0,0.0,0.0
884771.098,2522.0,2285.0,2285.0,-342.75,-0.0,0.0,-342.0,0.0,-5.0,2523.0,0.0,0.0,0.0,0.0
884781.736,2523.0,2285.0,2285.0,-342.75,-0.0,0.0,-342.0,0.0,-5.0,2523.0,0.0,0.0,0.0,0.0
884791.737,2523.0,2285.0,2285.0,-342.75,-0.0,0.0,-342.0,0.0,-5.0,2523.0,0.0,0.0,0.0,0.0
884801.738,2523.0,2285.0,2285.0,-342.75,-0.0,0.0,-342.0,0.0,-5.0,2523.0,0.0,0.0,0.0,0.0
884811.739,2523.0,2285.0,2285.0,-342.75,-0.0,0.0,-342.0,0.0,-5.0,2523.0,0.0,0.0,0.0,0.0
884821.739,2523.0,2285.0,2285.0,-342.75,-0.0,0.0,-342.0,0.0,-5.0,2523.0,0.0,0.0,0.0,0.0
884831.74,2522.0,2285.0,2285.0,-342.75,-0.0,0.0,-342.0,0.0,-5.0,2523.0,0.0,0.0,0.0,0.0
884841.741,2522.0,2285.0,2285.0,-342.75,-0.0,0.0,-342.0,0.0,-5.0,2523.0,0.0,0.0,0.0,0.0
884851.741,2523.0,2285.0,2285.0,-342.75,-0.0,0.0,-342.0,0.0,-5.0,2523.0,0.0,0.0,0.0,0.0
884861.741,2523.0,2285.0,2285.0,-342.75,-0.0,0.0,-342.0,0.0,-5.0,2523.0,0.0,0.0,0.0,0.0
884872.098,2523.0,2285.0,2285.0,-342.75,-0.0,0.0,-342.0,0.0,-5.0,2523.0,0.0,0.0,0.0,0.0
884882.098,2523.0,2285.0,2285.0,-342.75,-0.0,0.0,-342.0,0.0,-5.0,2523.0,0.0,0.0,0.0,0.0
884892.098,2522.0,2285.0,2285.0,-342.75,-0.0,0.0,-342.0,0.0,-5.0,2523.0,0.0,0.0,0.0,0.0
884902.098,2522.0,2285.0,2285.0,-342.75,-0.0,0.0,-342.0,0.0,-5.0,2523.0,0.0,0.0,0.0,0.0
884913.098,2523.0,2285.0,2285.0,-342.75,-0.0,0.0,-342.0,0.0,-5.0,2523.0,0.0,0.0,0.0,0.0
884923.099,2522.0,2285.0,2285.0,-342.75,-0.0,0.0,-342.0,0.0,-5.0,2522.0,0.0,0.0,0.0,0.0
884933.099,2522.0,2285.0,2285.0,-342.75,-0.0,0.0,-342.0,0.0,-5.0,2522.0,0.0,0.0,0.0,0.0
884943.1,2523.0,2285.0,2285.0,-342.75,-0.0,0.0,-342.0,0.0,-5.0,2522.0,0.0,0.0,0.0,0.0
884953.1,2522.0,2285.0,2285.0,-342.75,-0.0,0.0,-342.0,0.0,-5.0,2522.0,0.0,0.0,0.0,0.0
884963.102,2522.0,2285.0,2285.0,-342.75,-0.0,0.0,-342.0,0.0,-5.0,2522.0,0.0,0.0,0.0,0.0
884973.102,2522.0,2285.0,2285.0,-342.75,-0.0,0.0,-342.0,0.0,-5.0,2522.0,0.0,0.0,0.0,0.0
884983.102,2523.0,2285.0,2285.0,-342.75,-0.0,0.0,-342.0,0.0,-5.0,2522.0,0.0,0.0,0.0,0.0
884993.107,2523.0,2285.0,2285.0,-342.75,-0.0,0.0,-342.0,0.0,-5.0,2522.0,0.0,0.0,0.0,0.0
885003.108,2523.0,2285.0,2285.0,-342.75,-0.0,0.0,-342.0,0.0,-5.0,2522.0,0.0,0.0,0.0,0.0
885013.109,2523.0,2285.0,2285.0,-342.75,-0.0,0.0,-342.0,0.0,-5.0,2522.0,0.0,0.0,0.0,0.0
885023.11,2523.0,2285.0,2285.0,-342.75,-0.0,0.0,-342.0,0.0,-5.0,2523.0,0.0,0.0,0.0,0.0
885033.111,2523.0,2285.0,2285.0,-342.75,-0.0,0.0,-342.0,0.0,-5.0,2523.0,0.0,0.0,0.0,0.0
885043.111,2523.0,2285.0,2285.0,-342.75,-0.0,0.0,-342.0,0.0,-5.0,2523.0,0.0,0.0,0.0,0.0
885053.112,2522.0,2285.0,2285.0,-342.75,-0.0,0.0,-342.0,0.0,-5.0,2523.0,0.0,0.0,0.0,0.0
885063.112,2522.0,2285.0,2285.0,-342.75,-0.0,0.0,-342.0,0.0,-5.0,2523.0,0.0,0.0,0.0,0.0
885073.113,2522.0,2285.0,2285.0,-342.75,-0.0,0.0,-342.0,0.0,-5.0,2523.0,0.0,0.0,0.0,0.0
885083.114,2522.0,2285.0,2285.0,-342.75,-0.0,0.0,-342.0,0.0,-5.0,2523.0,0.0,0.0,0.0,0.0
885093.114,2523.0,2285.0,2285.0,-342.75,-0.0,0.0,-342.0,0.0,-5.0,2523.0,0.0,0.0,0.0,0.0
885103.114,2523.0,2285.0,2285.0,-342.75,-0.0,0.0,-342.0,0.0,-5.0,2523.0,0.0,0.0,0.0,0.0
885113.115,2522.0,2285.0,2285.0,-342.75,-0.0,0.0,-342.0,0.0,-5.0,2523.0,0.0,0.0,0.0,0.0
885123.115,2523.0,2285.0,2285.0,-342.75,-0.0,0.0,-342.0,0.0,-5.0,2523.0,0.0,0.0,0.0,0.0
885133.115,2523.0,2285.0,2285.0,-342.75,-0.0,0.0,-342.0,0.0,-5.0,2523.0,0.0,0.0,0.0,0.0
885143.115,2523.0,2285.0,2285.0,-342.75,-0.0,0.0,-342.0,0.0,-5.0,2523.0,0.0,0.0,0.0,0.0
885153.116,2522.0,2285.0,2285.0,-342.75,-0.0,0.0,-342.0,0.0,-5.0,2523.0,0.0,0.0,0.0,0.0
885163.116,2523.0,2285.0,2285.0,-342.75,-0.0,0.0,-342.0,0.0,-5.0,2523.0,0.0,0.0,0.0,0.0
885173.117,2522.0,2285.0,2285.0,-342.75,-0.0,0.0,-342.0,0.0,-5.0,2523.0,0.0,0.0,0.0,0.0
885183.117,2523.0,2285.0,2285.0,-342.75,-0.0,0.0,-342.0,0.0,-5.0,2523.0,0.0,0.0,0.0,0.0
885193.117,2523.0,2285.0,2285.0,-342.75,-0.0,0.0,-342.0,0.0,-5.0,2523.0,0.0,0.0,0.0,0.0
885203.118,2523.0,2285.0,2285.0,-342.75,-0.0,0.0,-342.0,0.0,-5.0,2523.0,0.0,0.0,0.0,0.0
885213.119,2523.0,2285.0,2285.0,-342.75,-0.0,0.0,-342.0,0.0,-5.0,2523.0,0.0,0.0,0.0,0.0
885223.119,2523.0,2285.0,2285.0,-342.75,-0.0,0.0,-342.0,0.0,-5.0,2523.0,0.0,0.0,0.0,0.0
885233.119,2522.0,2285.0,2285.0,-342.75,-0.0,0.0,-342.0,0.0,-5.0,2523.0,0.0,0.0,0.0,0.0
885243.12,2522.0,2285.0,2285.0,-342.75,-0.0,0.0,-342.0,0.0,-5.0,2523.0,0.0,0.0,0.0,0.0
885253.12,2522.0,2285.0,2285.0,-342.75,-0.0,0.0,-342.0,0.0,-5.0,2523.0,0.0,0.0,0.0,0.0
885263.121,2522.0,2285.0,2285.0,-342.75,-0.0,0.0,-342.0,0.0,-5.0,2523.0,0.0,0.0,0.0,0.0
885273.121,2523.0,2285.0,2285.0,-342.75,-0.0,0.0,-342.0,0.0,-5.0,2523.0,0.0,0.0,0.0,0.0
885283.122,2523.0,2285.0,2285.0,-342.75,-0.0,0.0,-342.0,0.0,-5.0,2523.0,0.0,0.0,0.0,0.0
885293.122,2522.0,2285.0,2285.0,-342.75,-0.0,0.0,-342.0,0.0,-5.0,2523.0,0.0,0.0,0.0,0.0
885303.125,2523.0,2285.0,2285.0,-342.75,-0.0,0.0,-342.0,0.0,-5.0,2523.0,0.0,0.0,0.0,0.0
885313.126,2523.0,2285.0,2285.0,-342.75,-0.0,0.0,-342.0,0.0,-5.0,2523.0,0.0,0.0,0.0,0.0
885323.126,2523.0,2285.0,2285.0,-342.75,-0.0,0.0,-342.0,0.0,-5.0,2523.0,0.0,0.0,0.0,0.0
885333.127,2522.0,2285.0,2285.0,-342.75,-0.0,0.0,-342.0,0.0,-5.0,2523.0,0.0,0.0,0.0,0.0
885343.128,2523.0,2285.0,2285.0,-342.75,-0.0,0.0,-342.0,0.0,-5.0,2523.0,0.0,0.0,0.0,0.0
885353.129,2523.0,2285.0,2285.0,-342.75,-0.0,0.0,-342.0,0.0,-5.0,2523.0,0.0,0.0,0.0,0.0
885363.129,2523.0,2285.0,2285.0,-342.75,-0.0,0.0,-342.0,0.0,-5.0,2523.0,0.0,0.0,0.0,0.0
885373.13,2523.0,2285.0,2285.0,-342.75,-0.0,0.0,-342.0,0.0,-5.0,2523.0,0.0,0.0,0.0,0.0
885383.13,2522.0,2285.0,2285.0,-342.75,-0.0,0.0,-342.0,0.0,-5.0,2523.0,0.0,0.0,0.0,0.0
885393.131,2523.0,2285.0,2285.0,-342.75,-0.0,0.0,-342.0,0.0,-5.0,2523.0,0.0,0.0,0.0,0.0
885403.131,2523.0,2285.0,2285.0,-342.75,-0.0,0.0,-342.0,0.0,-5.0,2523.0,0.0,0.0,0.0,0.0
885413.131,2523.0,2285.0,2285.0,-342.75,-0.0,0.0,-342.0,0.0,-5.0,2523.0,0.0,0.0,0.0,0.0
885423.131,2523.0,2285.0,2285.0,-342.75,-0.0,0.0,-342.0,0.0,-5.0,2523.0,0.0,0.0,0.0,0.0
885433.132,2523.0,2285.0,2285.0,-342.75,-0.0,0.0,-342.0,0.0,-5.0,2523.0,0.0,0.0,0.0,0.0
885443.132,2522.0,2285.0,2285.0,-342.75,-0.0,0.0,-342.0,0.0,-5.0,2523.0,0.0,0.0,0.0,0.0
885453.133,2522.0,2285.0,2285.0,-342.75,-0.0,0.0,-342.0,0.0,-5.0,2523.0,0.0,0.0,0.0,0.0
885463.134,2522.0,2285.0,2285.0,-342.75,-0.0,0.0,-342.0,0.0,-5.0,2523.0,0.0,0.0,0.0,0.0
885473.135,2523.0,2285.0,2285.0,-342.75,-0.0,0.0,-342.0,0.0,-5.0,2523.0,0.0,0.0,0.0,0.0
885483.136,2522.0,2285.0,2285.0,-342.75,-0.0,0.0,-342.0,0.0,-5.0,2523.0,0.0,0.0,0.0,0.0
885493.136,2522.0,2285.0,2285.0,-342.75,-0.0,0.0,-342.0,0.0,-5.0,2523.0,0.0,0.0,0.0,0.0
885503.137,2523.0,2285.0,2285.0,-342.75,-0.0,0.0,-342.0,0.0,-5.0,2523.0,0.0,0.0,0.0,0.0
885513.138,2522.0,2285.0,2285.0,-342.75,-0.0,0.0,-342.0,0.0,-5.0,2523.0,0.0,0.0,0.0,0.0
885523.138,2523.0,2285.0,2285.0,-342.75,-0.0,0.0,-342.0,0.0,-5.0,2523.0,0.0,0.0,0.0,0.0
885533.138,2523.0,2285.0,2285.0,-342.75,-0.0,0.0,-342.0,0.0,-5.0,2523.0,0.0,0.0,0.0,0.0
885543.139,2523.0,2285.0,2285.0,-342.75,-0.0,0.0,-342.0,0.0,-5.0,2523.0,0.0,0.0,0.0,0.0
885553.14,2522.0,2285.0,2285.0,-342.75,-0.0,0.0,-342.0,0.0,-5.0,2523.0,0.0,0.0,0.0,0.0
885563.14,2523.0,2285.0,2285.0,-342.75,-0.0,0.0,-342.0,0.0,-5.0,2523.0,0.0,0.0,0.0,0.0
885573.14,2522.0,2285.0,2285.0,-342.75,-0.0,0.0,-342.0,0.0,-5.0,2523.0,0.0,0.0,0.0,0.0
885583.141,2522.0,2285.0,2285.0,-342.75,-0.0,0.0,-342.0,0.0,-5.0,2523.0,0.0,0.0,0.0,0.0
885593.142,2523.0,2285.0,2285.0,-342.75,-0.0,0.0,-342.0,0.0,-5.0,2523.0,0.0,0.0,0.0,0.0
885603.142,2523.0,2285.0,2285.0,-342.75,-0.0,0.0,-342.0,0.0,-5.0,2523.0,0.0,0.0,0.0,0.0
885613.143,2523.0,2285.0,2285.0,-342.75,-0.0,0.0,-342.0,0.0,-5.0,2523.0,0.0,0.0,0.0,0.0
885623.143,2522.0,2285.0,2285.0,-342.75,-0.0,0.0,-342.0,0.0,-5.0,2522.0,0.0,0.0,0.0,0.0
885633.143,2523.0,2285.0,2285.0,-342.75,-0.0,0.0,-342.0,0.0,-5.0,2522.0,0.0,0.0,0.0,0.0
885643.144,2523.0,2285.0,2285.0,-342.75,-0.0,0.0,-342.0,0.0,-5.0,2522.0,0.0,0.0,0.0,0.0
885653.145,2523.0,2285.0,2285.0,-342.75,-0.0,0.0,-342.0,0.0,-5.0,2522.0,0.0,0.0,0.0,0.0
885663.145,2523.0,2285.0,2285.0,-342.75,-0.0,0.0,-342.0,0.0,-5.0,2522.0,0.0,0.0,0.0,0.0
885673.146,2522.0,2285.0,2285.0,-342.75,-0.0,0.0,-342.0,0.0,-5.0,2522.0,0.0,0.0,0.0,0.0
885683.147,2523.0,2285.0,2285.0,-342.75,-0.0,0.0,-342.0,0.0,-5.0,2522.0,0.0,0.0,0.0,0.0
885693.148,2523.0,2285.0,2285.0,-342.75,-0.0,0.0,-342.0,0.0,-5.0,2522.0,0.0,0.0,0.0,0.0
885703.148,2523.0,2285.0,2285.0,-342.75,-0.0,0.0,-342.0,0.0,-5.0,2522.0,0.0,0.0,0.0,0.0
885713.148,2523.0,2285.0,2285.0,-342.75,-0.0,0.0,-342.0,0.0,-5.0,2522.0,0.0,0.0,0.0,0.0
885723.148,2522.0,2285.0,2285.0,-342.75,-0.0,0.0,-342.0,0.0,-5.0,2522.0,0.0,0.0,0.0,0.0
885733.149,2522.0,2285.0,2285.0,-342.75,-0.0,0.0,-342.0,0.0,-5.0,2522.0,0.0,0.0,0.0,0.0
885743.149,2522.0,2285.0,2285.0,-342.75,-0.0,0.0,-342.0,0.0,-5.0,2522.0,0.0,0.0,0.0,0.0
885753.15,2523.0,2285.0,2285.0,-342.75,-0.0,0.0,-342.0,0.0,-5.0,2522.0,0.0,0.0,0.0,0.0
885763.15,2522.0,2285.0,2285.0,-342.75,-0.0,0.0,-342.0,0.0,-5.0,2522.0,0.0,0.0,0.0,0.0
885773.151,2523.0,2285.0,2285.0,-342.75,-0.0,0.0,-342.0,0.0,-5.0,2522.0,0.0,0.0,0.0,0.0
885783.151,2523.0,2285.0,2285.0,-342.75,-0.0,0.0,-342.0,0.0,-5.0,2522.0,0.0,0.0,0.0,0.0
885793.151,2523.0,2285.0,2285.0,-342.75,-0.0,0.0,-342.0,0.0,-5.0,2522.0,0.0,0.0,0.0,0.0
885803.151,2523.0,2285.0,2285.0,-342.75,-0.0,0.0,-342.0,0.0,-5.0,2522.0,0.0,0.0,0.0,0.0
885813.151,2522.0,2285.0,2285.0,-342.75,-0.0,0.0,-342.0,0.0,-5.0,2522.0,0.0,0.0,0.0,0.0
885823.151,2522.0,2285.0,2285.0,-342.75,-0.0,0.0,-342.0,0.0,-5.0,2522.0,0.0,0.0,0.0,0.0
885833.151,2523.0,2285.0,2285.0,-342.75,-0.0,0.0,-342.0,0.0,-5.0,2522.0,0.0,0.0,0.0,0.0
885843.151,2522.0,2285.0,2285.0,-342.75,-0.0,0.0,-342.0,0.0,-5.0,2522.0,0.0,0.0,0.0,0.0
885853.151,2523.0,2285.0,2285.0,-342.75,-0.0,0.0,-342.0,0.0,-5.0,2522.0,0.0,0.0,0.0,0.0
885863.152,2523.0,2285.0,2285.0,-342.75,-0.0,0.0,-342.0,0.0,-5.0,2522.0,0.0,0.0,0.0,0.0
885873.153,2523.0,2285.0,2285.0,-342.75,-0.0,0.0,-342.0,0.0,-5.0,2522.0,0.0,0.0,0.0,0.0
885883.154,2523.0,2285.0,2285.0,-342.75,-0.0,0.0,-342.0,0.0,-5.0,2522.0,0.0,0.0,0.0,0.0
885893.155,2523.0,2285.0,2285.0,-342.75,-0.0,0.0,-342.0,0.0,-5.0,2522.0,0.0,0.0,0.0,0.0
885903.156,2523.0,2285.0,2285.0,-342.75,-0.0,0.0,-342.0,0.0,-5.0,2522.0,0.0,0.0,0.0,0.0
885913.156,2522.0,2285.0,2285.0,-342.75,-0.0,0.0,-342.0,0.0,-5.0,2522.0,0.0,0.0,0.0,0.0
885923.157,2522.0,2285.0,2285.0,-342.75,-0.0,0.0,-342.0,0.0,-5.0,2522.0,0.0,0.0,0.0,0.0
885933.158,2523.0,2285.0,2285.0,-342.75,-0.0,0.0,-342.0,0.0,-5.0,2522.0,0.0,0.0,0.0,0.0
885943.158,2522.0,2285.0,2285.0,-342.75,-0.0,0.0,-342.0,0.0,-5.0,2522.0,0.0,0.0,0.0,0.0
885953.16,2523.0,2285.0,2285.0,-342.75,-0.0,0.0,-342.0,0.0,-5.0,2522.0,0.0,0.0,0.0,0.0
885963.16,2523.0,2285.0,2285.0,-342.75,-0.0,0.0,-342.0,0.0,-5.0,2522.0,0.0,0.0,0.0,0.0
885973.16,2522.0,2285.0,2285.0,-342.75,-0.0,0.0,-342.0,0.0,-5.0,2522.0,0.0,0.0,0.0,0.0
885983.16,2522.0,2285.0,2285.0,-342.75,-0.0,0.0,-342.0,0.0,-5.0,2522.0,0.0,0.0,0.0,0.0
885994.105,2523.0,2285.0,2285.0,-342.75,-0.0,0.0,-342.0,0.0,-5.0,2522.0,0.0,0.0,0.0,0.0
886004.105,2523.0,2285.0,2285.0,-342.75,-0.0,0.0,-342.0,0.0,-5.0,2522.0,0.0,0.0,0.0,0.0
886015.098,2523.0,2285.0,2285.0,-342.75,-0.0,0.0,-342.0,0.0,-5.0,2522.0,0.0,0.0,0.0,0.0
886025.099,2523.0,2285.0,2285.0,-342.75,-0.0,0.0,-342.0,0.0,-5.0,2523.0,0.0,0.0,0.0,0.0
886035.099,2522.0,2285.0,2285.0,-342.75,-0.0,0.0,-342.0,0.0,-5.0,2523.0,0.0,0.0,0.0,0.0
886045.1,2523.0,2285.0,2285.0,-342.75,-0.0,0.0,-342.0,0.0,-5.0,2523.0,0.0,0.0,0.0,0.0
886055.101,2523.0,2285.0,2285.0,-342.75,-0.0,0.0,-342.0,0.0,-5.0,2523.0,0.0,0.0,0.0,0.0
886065.101,2522.0,2285.0,2285.0,-342.75,-0.0,0.0,-342.0,0.0,-5.0,2523.0,0.0,0.0,0.0,0.0
886075.102,2523.0,2285.0,2285.0,-342.75,-0.0,0.0,-342.0,0.0,-5.0,2523.0,0.0,0.0,0.0,0.0
886085.102,2522.0,2285.0,2285.0,-342.75,-0.0,0.0,-342.0,0.0,-5.0,2523.0,0.0,0.0,0.0,0.0
886095.103,2523.0,2285.0,2285.0,-342.75,-0.0,0.0,-342.0,0.0,-5.0,2523.0,0.0,0.0,0.0,0.0
886105.104,2523.0,2285.0,2285.0,-342.75,-0.0,0.0,-342.0,0.0,-5.0,2523.0,0.0,0.0,0.0,0.0
886115.104,2523.0,2285.0,2285.0,-342.75,-0.0,0.0,-342.0,0.0,-5.0,2523.0,0.0,0.0,0.0,0.0
886125.105,2522.0,2285.0,2285.0,-342.75,-0.0,0.0,-342.0,0.0,-5.0,2522.0,0.0,0.0,0.0,0.0
886135.106,2522.0,2285.0,2285.0,-342.75,-0.0,0.0,-342.0,0.0,-5.0,2522.0,0.0,0.0,0.0,0.0
886145.106,2523.0,2285.0,2285.0,-342.75,-0.0,0.0,-342.0,0.0,-5.0,2522.0,0.0,0.0,0.0,0.0
886155.106,2522.0,2285.0,2285.0,-342.75,-0.0,0.0,-342.0,0.0,-5.0,2522.0,0.0,0.0,0.0,0.0
886165.106,2522.0,2285.0,2285.0,-342.75,-0.0,0.0,-342.0,0.0,-5.0,2522.0,0.0,0.0,0.0,0.0
886175.106,2523.0,2285.0,2285.0,-342.75,-0.0,0.0,-342.0,0.0,-5.0,2522.0,0.0,0.0,0.0,0.0
886185.107,2523.0,2285.0,2285.0,-342.75,-0.0,0.0,-342.0,0.0,-5.0,2522.0,0.0,0.0,0.0,0.0
886195.107,2522.0,2285.0,2285.0,-342.75,-0.0,0.0,-342.0,0.0,-5.0,2522.0,0.0,0.0,0.0,0.0
886205.108,2522.0,2285.0,2285.0,-342.75,-0.0,0.0,-342.0,0.0,-5.0,2522.0,0.0,0.0,0.0,0.0
886215.109,2522.0,2285.0,2285.0,-342.75,-0.0,0.0,-342.0,0.0,-5.0,2522.0,0.0,0.0,0.0,0.0
886225.11,2522.0,2285.0,2285.0,-342.75,-0.0,0.0,-342.0,0.0,-5.0,2522.0,0.0,0.0,0.0,0.0
886235.11,2523.0,2285.0,2285.0,-342.75,-0.0,0.0,-342.0,0.0,-5.0,2522.0,0.0,0.0,0.0,0.0
886245.11,2522.0,2285.0,2285.0,-342.75,-0.0,0.0,-342.0,0.0,-5.0,2522.0,0.0,0.0,0.0,0.0
886255.111,2522.0,2285.0,2285.0,-342.75,-0.0,0.0,-342.0,0.0,-5.0,2522.0,0.0,0.0,0.0,0.0
886265.112,2523.0,2285.0,2285.0,-342.75,-0.0,0.0,-342.0,0.0,-5.0,2522.0,0.0,0.0,0.0,0.0
886275.112,2523.0,2285.0,2285.0,-342.75,-0.0,0.0,-342.0,0.0,-5.0,2522.0,0.0,0.0,0.0,0.0
886285.112,2523.0,2285.0,2285.0,-342.75,-0.0,0.0,-342.0,0.0,-5.0,2522.0,0.0,0.0,0.0,0.0
886295.113,2523.0,2285.0,2285.0,-342.75,-0.0,0.0,-342.0,0.0,-5.0,2522.0,0.0,0.0,0.0,0.0
886305.114,2522.0,2285.0,2285.0,-342.75,-0.0,0.0,-342.0,0.0,-5.0,2522.0,0.0,0.0,0.0,0.0
886315.114,2522.0,2285.0,2285.0,-342.75,-0.0,0.0,-342.0,0.0,-5.0,2522.0,0.0,0.0,0.0,0.0
886325.114,2522.0,2285.0,2285.0,-342.75,-0.0,0.0,-342.0,0.0,-5.0,2522.0,0.0,0.0,0.0,0.0
886335.114,2522.0,2285.0,2285.0,-342.75,-0.0,0.0,-342.0,0.0,-5.0,2522.0,0.0,0.0,0.0,0.0
886345.115,2523.0,2285.0,2285.0,-342.75,-0.0,0.0,-342.0,0.0,-5.0,2522.0,0.0,0.0,0.0,0.0
886355.115,2522.0,2285.0,2285.0,-342.75,-0.0,0.0,-342.0,0.0,-5.0,2522.0,0.0,0.0,0.0,0.0
886365.115,2523.0,2285.0,2285.0,-342.75,-0.0,0.0,-342.0,0.0,-5.0,2522.0,0.0,0.0,0.0,0.0
886375.116,2522.0,2285.0,2285.0,-342.75,-0.0,0.0,-342.0,0.0,-5.0,2522.0,0.0,0.0,0.0,0.0
886385.116,2522.0,2285.0,2285.0,-342.75,-0.0,0.0,-342.0,0.0,-5.0,2522.0,0.0,0.0,0.0,0.0
886395.117,2522.0,2285.0,2285.0,-342.75,-0.0,0.0,-342.0,0.0,-5.0,2522.0,0.0,0.0,0.0,0.0
886405.119,2523.0,2285.0,2285.0,-342.75,-0.0,0.0,-342.0,0.0,-5.0,2522.0,0.0,0.0,0.0,0.0
886415.12,2522.0,2285.0,2285.0,-342.75,-0.0,0.0,-342.0,0.0,-5.0,2522.0,0.0,0.0,0.0,0.0
886425.12,2522.0,2285.0,2285.0,-342.75,-0.0,0.0,-342.0,0.0,-5.0,2522.0,0.0,0.0,0.0,0.0
886435.121,2523.0,2285.0,2285.0,-342.75,-0.0,0.0,-342.0,0.0,-5.0,2522.0,0.0,0.0,0.0,0.0
886445.121,2523.0,2285.0,2285.0,-342.75,-0.0,0.0,-342.0,0.0,-5.0,2522.0,0.0,0.0,0.0,0.0
886455.121,2523.0,2285.0,2285.0,-342.75,-0.0,0.0,-342.0,0.0,-5.0,2522.0,0.0,0.0,0.0,0.0
886465.121,2522.0,2285.0,2285.0,-342.75,-0.0,0.0,-342.0,0.0,-5.0,2522.0,0.0,0.0,0.0,0.0
886475.121,2523.0,2285.0,2285.0,-342.75,-0.0,0.0,-342.0,0.0,-5.0,2522.0,0.0,0.0,0.0,0.0
886485.121,2523.0,2285.0,2285.0,-342.75,-0.0,0.0,-342.0,0.0,-5.0,2522.0,0.0,0.0,0.0,0.0
886495.121,2523.0,2285.0,2285.0,-342.75,-0.0,0.0,-342.0,0.0,-5.0,2522.0,0.0,0.0,0.0,0.0
886505.122,2522.0,2285.0,2285.0,-342.75,-0.0,0.0,-342.0,0.0,-5.0,2522.0,0.0,0.0,0.0,0.0
886515.123,2523.0,2285.0,2285.0,-342.75,-0.0,0.0,-342.0,0.0,-5.0,2522.0,0.0,0.0,0.0,0.0
886525.124,2522.0,2285.0,2285.0,-342.75,-0.0,0.0,-342.0,0.0,-5.0,2522.0,0.0,0.0,0.0,0.0
886535.124,2523.0,2285.0,2285.0,-342.75,-0.0,0.0,-342.0,0.0,-5.0,2522.0,0.0,0.0,0.0,0.0
886545.124,2522.0,2285.0,2285.0,-342.75,-0.0,0.0,-342.0,0.0,-5.0,2522.0,0.0,0.0,0.0,0.0
886555.125,2522.0,2285.0,2285.0,-342.75,-0.0,0.0,-342.0,0.0,-5.0,2522.0,0.0,0.0,0.0,0.0
886565.125,2522.0,2285.0,2285.0,-342.75,-0.0,0.0,-342.0,0.0,-5.0,2522.0,0.0,0.0,0.0,0.0
886576.106,2522.0,2285.0,2285.0,-342.75,-0.0,0.0,-342.0,0.0,-5.0,2522.0,0.0,0.0,0.0,0.0
886586.107,2523.0,2285.0,2285.0,-342.75,-0.0,0.0,-342.0,0.0,-5.0,2522.0,0.0,0.0,0.0,0.0
886596.108,2522.0,2285.0,2285.0,-342.75,-0.0,0.0,-342.0,0.0,-5.0,2522.0,0.0,0.0,0.0,0.0
886606.108,2523.0,2285.0,2285.0,-342.75,-0.0,0.0,-342.0,0.0,-5.0,2522.0,0.0,0.0,0.0,0.0
886616.108,2523.0,2285.0,2285.0,-342.75,-0.0,0.0,-342.0,0.0,-5.0,2522.0,0.0,0.0,0.0,0.0
886626.109,2522.0,2285.0,2285.0,-342.75,-0.0,0.0,-342.0,0.0,-5.0,2522.0,0.0,0.0,0.0,0.0
886636.11,2523.0,2285.0,2285.0,-342.75,-0.0,0.0,-342.0,0.0,-5.0,2522.0,0.0,0.0,0.0,0.0
886646.11,2523.0,2285.0,2285.0,-342.75,-0.0,0.0,-342.0,0.0,-5.0,2522.0,0.0,0.0,0.0,0.0
886656.111,2522.0,2285.0,2285.0,-342.75,-0.0,0.0,-342.0,0.0,-5.0,2522.0,0.0,0.0,0.0,0.0
886667.098,2522.0,2285.0,2285.0,-342.75,-0.0,0.0,-342.0,0.0,-5.0,2522.0,0.0,0.0,0.0,0.0
886677.098,2523.0,2285.0,2285.0,-342.75,-0.0,0.0,-342.0,0.0,-5.0,2522.0,0.0,0.0,0.0,0.0
886687.099,2523.0,2285.0,2285.0,-342.75,-0.0,0.0,-342.0,0.0,-5.0,2522.0,0.0,0.0,0.0,0.0
886697.1,2522.0,2285.0,2285.0,-342.75,-0.0,0.0,-342.0,0.0,-5.0,2522.0,0.0,0.0,0.0,0.0
886707.101,2522.0,2285.0,2285.0,-342.75,-0.0,0.0,-342.0,0.0,-5.0,2522.0,0.0,0.0,0.0,0.0
886717.102,2522.0,2285.0,2285.0,-342.75,-0.0,0.0,-342.0,0.0,-5.0,2522.0,0.0,0.0,0.0,0.0
886727.102,2523.0,2285.0,2285.0,-342.75,-0.0,0.0,-342.0,0.0,-5.0,2523.0,0.0,0.0,0.0,0.0
886737.103,2522.0,2285.0,2285.0,-342.75,-0.0,0.0,-342.0,0.0,-5.0,2523.0,0.0,0.0,0.0,0.0
886747.103,2523.0,2285.0,2285.0,-342.75,-0.0,0.0,-342.0,0.0,-5.0,2523.0,0.0,0.0,0.0,0.0
886757.103,2522.0,2285.0,2285.0,-342.75,-0.0,0.0,-342.0,0.0,-5.0,2523.0,0.0,0.0,0.0,0.0
886767.103,2523.0,2285.0,2285.0,-342.75,-0.0,0.0,-342.0,0.0,-5.0,2523.0,0.0,0.0,0.0,0.0
886777.103,2523.0,2285.0,2285.0,-342.75,-0.0,0.0,-342.0,0.0,-5.0,2523.0,0.0,0.0,0.0,0.0
886787.103,2523.0,2285.0,2285.0,-342.75,-0.0,0.0,-342.0,0.0,-5.0,2523.0,0.0,0.0,0.0,0.0
886797.104,2522.0,2285.0,2285.0,-342.75,-0.0,0.0,-342.0,0.0,-5.0,2523.0,0.0,0.0,0.0,0.0
886807.105,2523.0,2285.0,2285.0,-342.75,-0.0,0.0,-342.0,0.0,-5.0,2523.0,0.0,0.0,0.0,0.0
886817.105,2522.0,2285.0,2285.0,-342.75,-0.0,0.0,-342.0,0.0,-5.0,2523.0,0.0,0.0,0.0,0.0
886827.106,2523.0,2285.0,2285.0,-342.75,-0.0,0.0,-342.0,0.0,-5.0,2523.0,0.0,0.0,0.0,0.0
886837.106,2523.0,2285.0,2285.0,-342.75,-0.0,0.0,-342.0,0.0,-5.0,2523.0,0.0,0.0,0.0,0.0
886847.106,2523.0,2285.0,2285.0,-342.75,-0.0,0.0,-342.0,0.0,-5.0,2523.0,0.0,0.0,0.0,0.0
886857.106,2523.0,2285.0,2285.0,-342.75,-0.0,0.0,-342.0,0.0,-5.0,2523.0,0.0,0.0,0.0,0.0
886868.098,2523.0,2285.0,2285.0,-342.75,-0.0,0.0,-342.0,0.0,-5.0,2523.0,0.0,0.0,0.0,0.0
886878.099,2523.0,2285.0,2285.0,-342.75,-0.0,0.0,-342.0,0.0,-5.0,2523.0,0.0,0.0,0.0,0.0
886888.1,2522.0,2285.0,2285.0,-342.75,-0.0,0.0,-342.0,0.0,-5.0,2523.0,0.0,0.0,0.0,0.0
886898.1,2523.0,2285.0,2285.0,-342.75,-0.0,0.0,-342.0,0.0,-5.0,2523.0,0.0,0.0,0.0,0.0
886908.101,2522.0,2285.0,2285.0,-342.75,-0.0,0.0,-342.0,0.0,-5.0,2523.0,0.0,0.0,0.0,0.0
886918.102,2523.0,2285.0,2285.0,-342.75,-0.0,0.0,-342.0,0.0,-5.0,2523.0,0.0,0.0,0.0,0.0
886928.102,2522.0,2285.0,2285.0,-342.75,-0.0,0.0,-342.0,0.0,-5.0,2522.0,0.0,0.0,0.0,0.0
886938.103,2522.0,2285.0,2285.0,-342.75,-0.0,0.0,-342.0,0.0,-5.0,2522.0,0.0,0.0,0.0,0.0
886948.103,2522.0,2285.0,2285.0,-342.75,-0.0,0.0,-342.0,0.0,-5.0,2522.0,0.0,0.0,0.0,0.0
886958.105,2522.0,2285.0,2285.0,-342.75,-0.0,0.0,-342.0,0.0,-5.0,2522.0,0.0,0.0,0.0,0.0
886968.105,2522.0,2285.0,2285.0,-342.75,-0.0,0.0,-342.0,0.0,-5.0,2522.0,0.0,0.0,0.0,0.0
886979.097,2523.0,2285.0,2285.0,-342.75,-0.0,0.0,-342.0,0.0,-5.0,2522.0,0.0,0.0,0.0,0.0
886989.102,2523.0,2285.0,2285.0,-342.75,-0.0,0.0,-342.0,0.0,-5.0,2522.0,0.0,0.0,0.0,0.0
887000.098,2523.0,2285.0,2285.0,-342.75,-0.0,0.0,-342.0,0.0,-5.0,2522.0,0.0,0.0,0.0,0.0
887010.099,2522.0,2285.0,2285.0,-342.75,-0.0,0.0,-342.0,0.0,-5.0,2522.0,0.0,0.0,0.0,0.0
887020.1,2523.0,2285.0,2285.0,-342.75,-0.0,0.0,-342.0,0.0,-5.0,2522.0,0.0,0.0,0.0,0.0
887030.101,2522.0,2285.0,2285.0,-342.75,-0.0,0.0,-342.0,0.0,-5.0,2522.0,0.0,0.0,0.0,0.0
887040.101,2522.0,2285.0,2285.0,-342.75,-0.0,0.0,-342.0,0.0,-5.0,2522.0,0.0,0.0,0.0,0.0
887050.102,2522.0,2285.0,2285.0,-342.75,-0.0,0.0,-342.0,0.0,-5.0,2522.0,0.0,0.0,0.0,0.0
887060.103,2522.0,2285.0,2285.0,-342.75,-0.0,0.0,-342.0,0.0,-5.0,2522.0,0.0,0.0,0.0,0.0
887070.104,2523.0,2285.0,2285.0,-342.75,-0.0,0.0,-342.0,0.0,-5.0,2522.0,0.0,0.0,0.0,0.0
887080.105,2523.0,2285.0,2285.0,-342.75,-0.0,0.0,-342.0,0.0,-5.0,2522.0,0.0,0.0,0.0,0.0
887090.105,2523.0,2285.0,2285.0,-342.75,-0.0,0.0,-342.0,0.0,-5.0,2522.0,0.0,0.0,0.0,0.0
887100.106,2522.0,2285.0,2285.0,-342.75,-0.0,0.0,-342.0,0.0,-5.0,2522.0,0.0,0.0,0.0,0.0
887110.106,2522.0,2285.0,2285.0,-342.75,-0.0,0.0,-342.0,0.0,-5.0,2522.0,0.0,0.0,0.0,0.0
887120.107,2523.0,2285.0,2285.0,-342.75,-0.0,0.0,-342.0,0.0,-5.0,2522.0,0.0,0.0,0.0,0.0
887130.108,2523.0,2285.0,2285.0,-342.75,-0.0,0.0,-342.0,0.0,-5.0,2523.0,0.0,0.0,0.0,0.0
887140.108,2522.0,2285.0,2285.0,-342.75,-0.0,0.0,-342.0,0.0,-5.0,2523.0,0.0,0.0,0.0,0.0
887150.108,2523.0,2285.0,2285.0,-342.75,-0.0,0.0,-342.0,0.0,-5.0,2523.0,0.0,0.0,0.0,0.0
887161.098,2522.0,2285.0,2285.0,-342.75,-0.0,0.0,-342.0,0.0,-5.0,2523.0,0.0,0.0,0.0,0.0
887172.098,2523.0,2285.0,2285.0,-342.75,-0.0,0.0,-342.0,0.0,-5.0,2523.0,0.0,0.0,0.0,0.0
887182.099,2522.0,2285.0,2285.0,-342.75,-0.0,0.0,-342.0,0.0,-5.0,2523.0,0.0,0.0,0.0,0.0
887192.1,2523.0,2285.0,2285.0,-342.75,-0.0,0.0,-342.0,0.0,-5.0,2523.0,0.0,0.0,0.0,0.0
887202.101,2523.0,2285.0,2285.0,-342.75,-0.0,0.0,-342.0,0.0,-5.0,2523.0,0.0,0.0,0.0,0.0
887212.102,2522.0,2285.0,2285.0,-342.75,-0.0,0.0,-342.0,0.0,-5.0,2523.0,0.0,0.0,0.0,0.0
887222.102,2523.0,2285.0,2285.0,-342.75,-0.0,0.0,-342.0,0.0,-5.0,2523.0,0.0,0.0,0.0,0.0
887232.102,2522.0,2285.0,2285.0,-342.75,-0.0,0.0,-342.0,0.0,-5.0,2522.0,0.0,0.0,0.0,0.0
887242.102,2523.0,2285.0,2285.0,-342.75,-0.0,0.0,-342.0,0.0,-5.0,2522.0,0.0,0.0,0.0,0.0
887252.103,2523.0,2285.0,2285.0,-342.75,-0.0,0.0,-342.0,0.0,-5.0,2522.0,0.0,0.0,0.0,0.0
887262.104,2523.0,2285.0,2285.0,-342.75,-0.0,0.0,-342.0,0.0,-5.0,2522.0,0.0,0.0,0.0,0.0
887272.104,2523.0,2285.0,2285.0,-342.75,-0.0,0.0,-342.0,0.0,-5.0,2522.0,0.0,0.0,0.0,0.0
887282.104,2522.0,2285.0,2285.0,-342.75,-0.0,0.0,-342.0,0.0,-5.0,2522.0,0.0,0.0,0.0,0.0
887292.105,2522.0,2285.0,2285.0,-342.75,-0.0,0.0,-342.0,0.0,-5.0,2522.0,0.0,0.0,0.0,0.0
887302.106,2523.0,2285.0,2285.0,-342.75,-0.0,0.0,-342.0,0.0,-5.0,2522.0,0.0,0.0,0.0,0.0
887312.106,2523.0,2285.0,2285.0,-342.75,-0.0,0.0,-342.0,0.0,-5.0,2522.0,0.0,0.0,0.0,0.0
887322.106,2523.0,2285.0,2285.0,-342.75,-0.0,0.0,-342.0,0.0,-5.0,2522.0,0.0,0.0,0.0,0.0
887332.107,2523.0,2285.0,2285.0,-342.75,-0.0,0.0,-342.0,0.0,-5.0,2523.0,0.0,0.0,0.0,0.0
887342.107,2522.0,2285.0,2285.0,-342.75,-0.0,0.0,-342.0,0.0,-5.0,2523.0,0.0,0.0,0.0,0.0
887352.107,2522.0,2285.0,2285.0,-342.75,-0.0,0.0,-342.0,0.0,-5.0,2523.0,0.0,0.0,0.0,0.0
887362.108,2523.0,2285.0,2285.0,-342.75,-0.0,0.0,-342.0,0.0,-5.0,2523.0,0.0,0.0,0.0,0.0
887372.109,2522.0,2285.0,2285.0,-342.75,-0.0,0.0,-342.0,0.0,-5.0,2523.0,0.0,0.0,0.0,0.0
887382.109,2522.0,2285.0,2285.0,-342.75,-0.0,0.0,-342.0,0.0,-5.0,2523.0,0.0,0.0,0.0,0.0
887392.11,2522.0,2285.0,2285.0,-342.75,-0.0,0.0,-342.0,0.0,-5.0,2523.0,0.0,0.0,0.0,0.0
887402.11,2522.0,2285.0,2285.0,-342.75,-0.0,0.0,-342.0,0.0,-5.0,2523.0,0.0,0.0,0.0,0.0
887412.11,2523.0,2285.0,2285.0,-342.75,-0.0,0.0,-342.0,0.0,-5.0,2523.0,0.0,0.0,0.0,0.0
887422.111,2523.0,2285.0,2285.0,-342.75,-0.0,0.0,-342.0,0.0,-5.0,2523.0,0.0,0.0,0.0,0.0
887432.112,2523.0,2285.0,2285.0,-342.75,-0.0,0.0,-342.0,0.0,-5.0,2523.0,0.0,0.0,0.0,0.0
887442.112,2522.0,2285.0,2285.0,-342.75,-0.0,0.0,-342.0,0.0,-5.0,2523.0,0.0,0.0,0.0,0.0
887453.098,2523.0,2285.0,2285.0,-342.75,-0.0,0.0,-342.0,0.0,-5.0,2523.0,0.0,0.0,0.0,0.0
887463.099,2522.0,2285.0,2285.0,-342.75,-0.0,0.0,-342.0,0.0,-5.0,2523.0,0.0,0.0,0.0,0.0
887473.1,2523.0,2285.0,2285.0,-342.75,-0.0,0.0,-342.0,0.0,-5.0,2523.0,0.0,0.0,0.0,0.0
887483.101,2523.0,2285.0,2285.0,-342.75,-0.0,0.0,-342.0,0.0,-5.0,2523.0,0.0,0.0,0.0,0.0
887494.098,2523.0,2285.0,2285.0,-342.75,-0.0,0.0,-342.0,0.0,-5.0,2523.0,0.0,0.0,0.0,0.0
887504.099,2522.0,2285.0,2285.0,-342.75,-0.0,0.0,-342.0,0.0,-5.0,2523.0,0.0,0.0,0.0,0.0
887514.1,2522.0,2285.0,2285.0,-342.75,-0.0,0.0,-342.0,0.0,-5.0,2523.0,0.0,0.0,0.0,0.0
887524.101,2523.0,2285.0,2285.0,-342.75,-0.0,0.0,-342.0,0.0,-5.0,2523.0,0.0,0.0,0.0,0.0
887534.102,2523.0,2285.0,2285.0,-342.75,-0.0,0.0,-342.0,0.0,-5.0,2523.0,0.0,0.0,0.0,0.0
887544.102,2523.0,2285.0,2285.0,-342.75,-0.0,0.0,-342.0,0.0,-5.0,2523.0,0.0,0.0,0.0,0.0
887554.103,2522.0,2285.0,2285.0,-342.75,-0.0,0.0,-342.0,0.0,-5.0,2523.0,0.0,0.0,0.0,0.0
887564.103,2522.0,2285.0,2285.0,-342.75,-0.0,0.0,-342.0,0.0,-5.0,2523.0,0.0,0.0,0.0,0.0
887574.103,2522.0,2285.0,2285.0,-342.75,-0.0,0.0,-342.0,0.0,-5.0,2523.0,0.0,0.0,0.0,0.0
887584.103,2522.0,2285.0,2285.0,-342.75,-0.0,0.0,-342.0,0.0,-5.0,2523.0,0.0,0.0,0.0,0.0
887594.104,2523.0,2285.0,2285.0,-342.75,-0.0,0.0,-342.0,0.0,-5.0,2523.0,0.0,0.0,0.0,0.0
887604.105,2523.0,2285.0,2285.0,-342.75,-0.0,0.0,-342.0,0.0,-5.0,2523.0,0.0,0.0,0.0,0.0
887614.106,2522.0,2285.0,2285.0,-342.75,-0.0,0.0,-342.0,0.0,-5.0,2523.0,0.0,0.0,0.0,0.0
887624.106,2522.0,2285.0,2285.0,-342.75,-0.0,0.0,-342.0,0.0,-5.0,2523.0,0.0,0.0,0.0,0.0
887634.106,2522.0,2285.0,2285.0,-342.75,-0.0,0.0,-342.0,0.0,-5.0,2522.0,0.0,0.0,0.0,0.0
887644.106,2523.0,2285.0,2285.0,-342.75,-0.0,0.0,-342.0,0.0,-5.0,2522.0,0.0,0.0,0.0,0.0
887654.107,2522.0,2285.0,2285.0,-342.75,-0.0,0.0,-342.0,0.0,-5.0,2522.0,0.0,0.0,0.0,0.0
887664.108,2523.0,2285.0,2285.0,-342.75,-0.0,0.0,-342.0,0.0,-5.0,2522.0,0.0,0.0,0.0,0.0
887674.109,2523.0,2285.0,2285.0,-342.75,-0.0,0.0,-342.0,0.0,-5.0,2522.0,0.0,0.0,0.0,0.0
887684.109,2522.0,2285.0,2285.0,-342.75,-0.0,0.0,-342.0,0.0,-5.0,2522.0,0.0,0.0,0.0,0.0
887694.109,2523.0,2285.0,2285.0,-342.75,-0.0,0.0,-342.0,0.0,-5.0,2522.0,0.0,0.0,0.0,0.0
887704.11,2523.0,2285.0,2285.0,-342.75,-0.0,0.0,-342.0,0.0,-5.0,2522.0,0.0,0.0,0.0,0.0
887714.111,2522.0,2285.0,2285.0,-342.75,-0.0,0.0,-342.0,0.0,-5.0,2522.0,0.0,0.0,0.0,0.0
887724.111,2523.0,2285.0,2285.0,-342.75,-0.0,0.0,-342.0,0.0,-5.0,2522.0,0.0,0.0,0.0,0.0
887734.111,2522.0,2285.0,2285.0,-342.75,-0.0,0.0,-342.0,0.0,-5.0,2522.0,0.0,0.0,0.0,0.0
887744.112,2523.0,2285.0,2285.0,-342.75,-0.0,0.0,-342.0,0.0,-5.0,2522.0,0.0,0.0,0.0,0.0
887754.112,2522.0,2285.0,2285.0,-342.75,-0.0,0.0,-342.0,0.0,-5.0,2522.0,0.0,0.0,0.0,0.0
887764.113,2523.0,2285.0,2285.0,-342.75,-0.0,0.0,-342.0,0.0,-5.0,2522.0,0.0,0.0,0.0,0.0
887774.113,2523.0,2285.0,2285.0,-342.75,-0.0,0.0,-342.0,0.0,-5.0,2522.0,0.0,0.0,0.0,0.0
887784.113,2523.0,2285.0,2285.0,-342.75,-0.0,0.0,-342.0,0.0,-5.0,2522.0,0.0,0.0,0.0,0.0
887794.114,2523.0,2285.0,2285.0,-342.75,-0.0,0.0,-342.0,0.0,-5.0,2522.0,0.0,0.0,0.0,0.0
887804.114,2522.0,2285.0,2285.0,-342.75,-0.0,0.0,-342.0,0.0,-5.0,2522.0,0.0,0.0,0.0,0.0
887814.114,2522.0,2285.0,2285.0,-342.75,-0.0,0.0,-342.0,0.0,-5.0,2522.0,0.0,0.0,0.0,0.0
887824.114,2522.0,2285.0,2285.0,-342.75,-0.0,0.0,-342.0,0.0,-5.0,2522.0,0.0,0.0,0.0,0.0
887834.115,2522.0,2285.0,2285.0,-342.75,-0.0,0.0,-342.0,0.0,-5.0,2522.0,0.0,0.0,0.0,0.0
887844.116,2522.0,2285.0,2285.0,-342.75,-0.0,0.0,-342.0,0.0,-5.0,2522.0,0.0,0.0,0.0,0.0
887854.117,2522.0,2285.0,2285.0,-342.75,-0.0,0.0,-342.0,0.0,-5.0,2522.0,0.0,0.0,0.0,0.0
887864.118,2523.0,2285.0,2285.0,-342.75,-0.0,0.0,-342.0,0.0,-5.0,2522.0,0.0,0.0,0.0,0.0
887874.123,2522.0,2285.0,2285.0,-342.75,-0.0,0.0,-342.0,0.0,-5.0,2522.0,0.0,0.0,0.0,0.0
887884.124,2522.0,2285.0,2285.0,-342.75,-0.0,0.0,-342.0,0.0,-5.0,2522.0,0.0,0.0,0.0,0.0
887894.125,2522.0,2285.0,2285.0,-342.75,-0.0,0.0,-342.0,0.0,-5.0,2522.0,0.0,0.0,0.0,0.0
887905.098,2523.0,2285.0,2285.0,-342.75,-0.0,0.0,-342.0,0.0,-5.0,2522.0,0.0,0.0,0.0,0.0
887915.098,2523.0,2285.0,2285.0,-342.75,-0.0,0.0,-342.0,0.0,-5.0,2522.0,0.0,0.0,0.0,0.0
887925.099,2523.0,2285.0,2285.0,-342.75,-0.0,0.0,-342.0,0.0,-5.0,2522.0,0.0,0.0,0.0,0.0
887935.099,2523.0,2285.0,2285.0,-342.75,-0.0,0.0,-342.0,0.0,-5.0,2523.0,0.0,0.0,0.0,0.0
887945.1,2522.0,2285.0,2285.0,-342.75,-0.0,0.0,-342.0,0.0,-5.0,2523.0,0.0,0.0,0.0,0.0
887955.1,2523.0,2285.0,2285.0,-342.75,-0.0,0.0,-342.0,0.0,-5.0,2523.0,0.0,0.0,0.0,0.0
887965.101,2523.0,2285.0,2285.0,-342.75,-0.0,0.0,-342.0,0.0,-5.0,2523.0,0.0,0.0,0.0,0.0
887975.101,2523.0,2285.0,2285.0,-342.75,-0.0,0.0,-342.0,0.0,-5.0,2523.0,0.0,0.0,0.0,0.0
887985.101,2523.0,2285.0,2285.0,-342.75,-0.0,0.0,-342.0,0.0,-5.0,2523.0,0.0,0.0,0.0,0.0
887995.102,2522.0,2285.0,2285.0,-342.75,-0.0,0.0,-342.0,0.0,-5.0,2523.0,0.0,0.0,0.0,0.0
888005.103,2523.0,2285.0,2285.0,-342.75,-0.0,0.0,-342.0,0.0,-5.0,2523.0,0.0,0.0,0.0,0.0
888015.103,2522.0,2285.0,2285.0,-342.75,-0.0,0.0,-342.0,0.0,-5.0,2523.0,0.0,0.0,0.0,0.0
888025.103,2522.0,2285.0,2285.0,-342.75,-0.0,0.0,-342.0,0.0,-5.0,2523.0,0.0,0.0,0.0,0.0
888035.103,2522.0,2285.0,2285.0,-342.75,-0.0,0.0,-342.0,0.0,-5.0,2522.0,0.0,0.0,0.0,0.0
888045.103,2523.0,2285.0,2285.0,-342.75,-0.0,0.0,-342.0,0.0,-5.0,2522.0,0.0,0.0,0.0,0.0
888055.103,2522.0,2285.0,2285.0,-342.75,-0.0,0.0,-342.0,0.0,-5.0,2522.0,0.0,0.0,0.0,0.0
888065.103,2522.0,2285.0,2285.0,-342.75,-0.0,0.0,-342.0,0.0,-5.0,2522.0,0.0,0.0,0.0,0.0
888075.104,2522.0,2285.0,2285.0,-342.75,-0.0,0.0,-342.0,0.0,-5.0,2522.0,0.0,0.0,0.0,0.0
888085.104,2523.0,2285.0,2285.0,-342.75,-0.0,0.0,-342.0,0.0,-5.0,2522.0,0.0,0.0,0.0,0.0
888095.105,2522.0,2285.0,2285.0,-342.75,-0.0,0.0,-342.0,0.0,-5.0,2522.0,0.0,0.0,0.0,0.0
888105.11,2523.0,2285.0,2285.0,-342.75,-0.0,0.0,-342.0,0.0,-5.0,2522.0,0.0,0.0,0.0,0.0
888115.11,2523.0,2285.0,2285.0,-342.75,-0.0,0.0,-342.0,0.0,-5.0,2522.0,0.0,0.0,0.0,0.0
888125.11,2522.0,2285.0,2285.0,-342.75,-0.0,0.0,-342.0,0.0,-5.0,2522.0,0.0,0.0,0.0,0.0
888135.11,2523.0,2285.0,2285.0,-342.75,-0.0,0.0,-342.0,0.0,-5.0,2523.0,0.0,0.0,0.0,0.0
888145.111,2523.0,2285.0,2285.0,-342.75,-0.0,0.0,-342.0,0.0,-5.0,2523.0,0.0,0.0,0.0,0.0
888155.112,2523.0,2285.0,2285.0,-342.75,-0.0,0.0,-342.0,0.0,-5.0,2523.0,0.0,0.0,0.0,0.0
888165.112,2522.0,2285.0,2285.0,-342.75,-0.0,0.0,-342.0,0.0,-5.0,2523.0,0.0,0.0,0.0,0.0
888175.112,2523.0,2285.0,2285.0,-342.75,-0.0,0.0,-342.0,0.0,-5.0,2523.0,0.0,0.0,0.0,0.0
888185.112,2522.0,2285.0,2285.0,-342.75,-0.0,0.0,-342.0,0.0,-5.0,2523.0,0.0,0.0,0.0,0.0
888195.112,2523.0,2285.0,2285.0,-342.75,-0.0,0.0,-342.0,0.0,-5.0,2523.0,0.0,0.0,0.0,0.0
888205.112,2523.0,2285.0,2285.0,-342.75,-0.0,0.0,-342.0,0.0,-5.0,2523.0,0.0,0.0,0.0,0.0
888215.112,2523.0,2285.0,2285.0,-342.75,-0.0,0.0,-342.0,0.0,-5.0,2523.0,0.0,0.0,0.0,0.0
888225.112,2522.0,2285.0,2285.0,-342.75,-0.0,0.0,-342.0,0.0,-5.0,2523.0,0.0,0.0,0.0,0.0
888235.112,2523.0,2285.0,2285.0,-342.75,-0.0,0.0,-342.0,0.0,-5.0,2523.0,0.0,0.0,0.0,0.0
888245.113,2522.0,2285.0,2285.0,-342.75,-0.0,0.0,-342.0,0.0,-5.0,2522.0,0.0,0.0,0.0,0.0
888255.113,2523.0,2285.0,2285.0,-342.75,-0.0,0.0,-342.0,0.0,-5.0,2522.0,0.0,0.0,0.0,0.0
888265.113,2522.0,2285.0,2285.0,-342.75,-0.0,0.0,-342.0,0.0,-5.0,2522.0,0.0,0.0,0.0,0.0
888275.114,2522.0,2285.0,2285.0,-342.75,-0.0,0.0,-342.0,0.0,-5.0,2522.0,0.0,0.0,0.0,0.0
888285.115,2522.0,2285.0,2285.0,-342.75,-0.0,0.0,-342.0,0.0,-5.0,2522.0,0.0,0.0,0.0,0.0
888296.041,2522.0,2285.0,2285.0,-342.75,-0.0,0.0,-342.0,0.0,-5.0,2522.0,0.0,0.0,0.0,0.0
888306.042,2523.0,2285.0,2285.0,-342.75,-0.0,0.0,-342.0,0.0,-5.0,2522.0,0.0,0.0,0.0,0.0
888316.042,2523.0,2285.0,2285.0,-342.75,-0.0,0.0,-342.0,0.0,-5.0,2522.0,0.0,0.0,0.0,0.0
888326.043,2523.0,2285.0,2285.0,-342.75,-0.0,0.0,-342.0,0.0,-5.0,2522.0,0.0,0.0,0.0,0.0
888336.044,2522.0,2285.0,2285.0,-342.75,-0.0,0.0,-342.0,0.0,-5.0,2522.0,0.0,0.0,0.0,0.0
888346.044,2523.0,2285.0,2285.0,-342.75,-0.0,0.0,-342.0,0.0,-5.0,2522.0,0.0,0.0,0.0,0.0
888356.045,2523.0,2285.0,2285.0,-342.75,-0.0,0.0,-342.0,0.0,-5.0,2522.0,0.0,0.0,0.0,0.0
888366.045,2523.0,2285.0,2285.0,-342.75,-0.0,0.0,-342.0,0.0,-5.0,2522.0,0.0,0.0,0.0,0.0
888376.045,2523.0,2285.0,2285.0,-342.75,-0.0,0.0,-342.0,0.0,-5.0,2522.0,0.0,0.0,0.0,0.0
888386.045,2523.0,2285.0,2285.0,-342.75,-0.0,0.0,-342.0,0.0,-5.0,2522.0,0.0,0.0,0.0,0.0
888396.046,2523.0,2285.0,2285.0,-342.75,-0.0,0.0,-342.0,0.0,-5.0,2522.0,0.0,0.0,0.0,0.0
888406.046,2522.0,2285.0,2285.0,-342.75,-0.0,0.0,-342.0,0.0,-5.0,2522.0,0.0,0.0,0.0,0.0
888416.046,2522.0,2285.0,2285.0,-342.75,-0.0,0.0,-342.0,0.0,-5.0,2522.0,0.0,0.0,0.0,0.0
888426.048,2522.0,2285.0,2285.0,-342.75,-0.0,0.0,-342.0,0.0,-5.0,2522.0,0.0,0.0,0.0,0.0
888436.048,2522.0,2285.0,2285.0,-342.75,-0.0,0.0,-342.0,0.0,-5.0,2522.0,0.0,0.0,0.0,0.0
888446.048,2522.0,2285.0,2285.0,-342.75,-0.0,0.0,-342.0,0.0,-5.0,2522.0,0.0,0.0,0.0,0.0
888457.041,2522.0,2285.0,2285.0,-342.75,-0.0,0.0,-342.0,0.0,-5.0,2522.0,0.0,0.0,0.0,0.0
888467.042,2522.0,2285.0,2285.0,-342.75,-0.0,0.0,-342.0,0.0,-5.0,2522.0,0.0,0.0,0.0,0.0
888477.042,2523.0,2285.0,2285.0,-342.75,-0.0,0.0,-342.0,0.0,-5.0,2522.0,0.0,0.0,0.0,0.0
888487.043,2523.0,2285.0,2285.0,-342.75,-0.0,0.0,-342.0,0.0,-5.0,2522.0,0.0,0.0,0.0,0.0
888497.043,2523.0,2285.0,2285.0,-342.75,-0.0,0.0,-342.0,0.0,-5.0,2522.0,0.0,0.0,0.0,0.0
888507.044,2522.0,2285.0,2285.0,-342.75,-0.0,0.0,-342.0,0.0,-5.0,2522.0,0.0,0.0,0.0,0.0
888517.045,2523.0,2285.0,2285.0,-342.75,-0.0,0.0,-342.0,0.0,-5.0,2522.0,0.0,0.0,0.0,0.0
888527.046,2523.0,2285.0,2285.0,-342.75,-0.0,0.0,-342.0,0.0,-5.0,2522.0,0.0,0.0,0.0,0.0
888538.041,2523.0,2285.0,2285.0,-342.75,-0.0,0.0,-342.0,0.0,-5.0,2523.0,0.0,0.0,0.0,0.0
888548.041,2523.0,2285.0,2285.0,-342.75,-0.0,0.0,-342.0,0.0,-5.0,2523.0,0.0,0.0,0.0,0.0
888558.041,2523.0,2285.0,2285.0,-342.75,-0.0,0.0,-342.0,0.0,-5.0,2523.0,0.0,0.0,0.0,0.0
888568.041,2522.0,2285.0,2285.0,-342.75,-0.0,0.0,-342.0,0.0,-5.0,2523.0,0.0,0.0,0.0,0.0
888578.041,2523.0,2285.0,2285.0,-342.75,-0.0,0.0,-342.0,0.0,-5.0,2523.0,0.0,0.0,0.0,0.0
888588.041,2522.0,2285.0,2285.0,-342.75,-0.0,0.0,-342.0,0.0,-5.0,2523.0,0.0,0.0,0.0,0.0
888598.041,2523.0,2285.0,2285.0,-342.75,-0.0,0.0,-342.0,0.0,-5.0,2523.0,0.0,0.0,0.0,0.0
888608.042,2523.0,2285.0,2285.0,-342.75,-0.0,0.0,-342.0,0.0,-5.0,2523.0,0.0,0.0,0.0,0.0
888618.043,2522.0,2285.0,2285.0,-342.75,-0.0,0.0,-342.0,0.0,-5.0,2523.0,0.0,0.0,0.0,0.0
888628.044,2522.0,2285.0,2285.0,-342.75,-0.0,0.0,-342.0,0.0,-5.0,2523.0,0.0,0.0,0.0,0.0
888638.044,2522.0,2285.0,2285.0,-342.75,-0.0,0.0,-342.0,0.0,-5.0,2522.0,0.0,0.0,0.0,0.0
888648.045,2522.0,2285.0,2285.0,-342.75,-0.0,0.0,-342.0,0.0,-5.0,2522.0,0.0,0.0,0.0,0.0
888659.041,2522.0,2285.0,2285.0,-342.75,-0.0,0.0,-342.0,0.0,-5.0,2522.0,0.0,0.0,0.0,0.0
888670.098,2522.0,2285.0,2285.0,-342.75,-0.0,0.0,-342.0,0.0,-5.0,2522.0,0.0,0.0,0.0,0.0
888680.099,2523.0,2285.0,2285.0,-342.75,-0.0,0.0,-342.0,0.0,-5.0,2522.0,0.0,0.0,0.0,0.0
888690.099,2523.0,2285.0,2285.0,-342.75,-0.0,0.0,-342.0,0.0,-5.0,2522.0,0.0,0.0,0.0,0.0
888700.1,2523.0,2285.0,2285.0,-342.75,-0.0,0.0,-342.0,0.0,-5.0,2522.0,0.0,0.0,0.0,0.0
888710.1,2523.0,2285.0,2285.0,-342.75,-0.0,0.0,-342.0,0.0,-5.0,2522.0,0.0,0.0,0.0,0.0
888720.1,2523.0,2285.0,2285.0,-342.75,-0.0,0.0,-342.0,0.0,-5.0,2522.0,0.0,0.0,0.0,0.0
888730.101,2522.0,2285.0,2285.0,-342.75,-0.0,0.0,-342.0,0.0,-5.0,2522.0,0.0,0.0,0.0,0.0
888740.102,2522.0,2285.0,2285.0,-342.75,-0.0,0.0,-342.0,0.0,-5.0,2522.0,0.0,0.0,0.0,0.0
888750.103,2523.0,2285.0,2285.0,-342.75,-0.0,0.0,-342.0,0.0,-5.0,2522.0,0.0,0.0,0.0,0.0
888760.104,2523.0,2285.0,2285.0,-342.75,-0.0,0.0,-342.0,0.0,-5.0,2522.0,0.0,0.0,0.0,0.0
888771.098,2522.0,2285.0,2285.0,-342.75,-0.0,0.0,-342.0,0.0,-5.0,2522.0,0.0,0.0,0.0,0.0
888781.099,2522.0,2285.0,2285.0,-342.75,-0.0,0.0,-342.0,0.0,-5.0,2522.0,0.0,0.0,0.0,0.0
888791.1,2523.0,2285.0,2285.0,-342.75,-0.0,0.0,-342.0,0.0,-5.0,2522.0,0.0,0.0,0.0,0.0
888801.1,2522.0,2285.0,2285.0,-342.75,-0.0,0.0,-342.0,0.0,-5.0,2522.0,0.0,0.0,0.0,0.0
888811.1,2522.0,2285.0,2285.0,-342.75,-0.0,0.0,-342.0,0.0,-5.0,2522.0,0.0,0.0,0.0,0.0
888821.105,2522.0,2285.0,2285.0,-342.75,-0.0,0.0,-342.0,0.0,-5.0,2522.0,0.0,0.0,0.0,0.0
888831.106,2522.0,2285.0,2285.0,-342.75,-0.0,0.0,-342.0,0.0,-5.0,2522.0,0.0,0.0,0.0,0.0
888841.106,2523.0,2285.0,2285.0,-342.75,-0.0,0.0,-342.0,0.0,-5.0,2523.0,0.0,0.0,0.0,0.0
888851.107,2522.0,2285.0,2285.0,-342.75,-0.0,0.0,-342.0,0.0,-5.0,2523.0,0.0,0.0,0.0,0.0
888861.108,2523.0,2285.0,2285.0,-342.75,-0.0,0.0,-342.0,0.0,-5.0,2523.0,0.0,0.0,0.0,0.0
888871.109,2523.0,2285.0,2285.0,-342.75,-0.0,0.0,-342.0,0.0,-5.0,2523.0,0.0,0.0,0.0,0.0
888881.109,2522.0,2285.0,2285.0,-342.75,-0.0,0.0,-342.0,0.0,-5.0,2523.0,0.0,0.0,0.0,0.0
888891.109,2523.0,2285.0,2285.0,-342.75,-0.0,0.0,-342.0,0.0,-5.0,2523.0,0.0,0.0,0.0,0.0
888901.109,2522.0,2285.0,2285.0,-342.75,-0.0,0.0,-342.0,0.0,-5.0,2523.0,0.0,0.0,0.0,0.0
888911.11,2522.0,2285.0,2285.0,-342.75,-0.0,0.0,-342.0,0.0,-5.0,2523.0,0.0,0.0,0.0,0.0
888922.098,2523.0,2285.0,2285.0,-342.75,-0.0,0.0,-342.0,0.0,-5.0,2523.0,0.0,0.0,0.0,0.0
888932.099,2523.0,2285.0,2285.0,-342.75,-0.0,0.0,-342.0,0.0,-5.0,2523.0,0.0,0.0,0.0,0.0
888942.1,2522.0,2285.0,2285.0,-342.75,-0.0,0.0,-342.0,0.0,-5.0,2522.0,0.0,0.0,0.0,0.0
888952.101,2523.0,2285.0,2285.0,-342.75,-0.0,0.0,-342.0,0.0,-5.0,2522.0,0.0,0.0,0.0,0.0
888962.102,2523.0,2285.0,2285.0,-342.75,-0.0,0.0,-342.0,0.0,-5.0,2522.0,0.0,0.0,0.0,0.0
888972.102,2523.0,2285.0,2285.0,-342.75,-0.0,0.0,-342.0,0.0,-5.0,2522.0,0.0,0.0,0.0,0.0
888982.103,2523.0,2285.0,2285.0,-342.75,-0.0,0.0,-342.0,0.0,-5.0,2522.0,0.0,0.0,0.0,0.0
888992.104,2523.0,2285.0,2285.0,-342.75,-0.0,0.0,-342.0,0.0,-5.0,2522.0,0.0,0.0,0.0,0.0
889002.104,2522.0,2285.0,2285.0,-342.75,-0.0,0.0,-342.0,0.0,-5.0,2522.0,0.0,0.0,0.0,0.0
889012.104,2522.0,2285.0,2285.0,-342.75,-0.0,0.0,-342.0,0.0,-5.0,2522.0,0.0,0.0,0.0,0.0
889022.105,2522.0,2285.0,2285.0,-342.75,-0.0,0.0,-342.0,0.0,-5.0,2522.0,0.0,0.0,0.0,0.0
889032.106,2523.0,2285.0,2285.0,-342.75,-0.0,0.0,-342.0,0.0,-5.0,2522.0,0.0,0.0,0.0,0.0
889042.106,2522.0,2285.0,2285.0,-342.75,-0.0,0.0,-342.0,0.0,-5.0,2522.0,0.0,0.0,0.0,0.0
889052.106,2523.0,2285.0,2285.0,-342.75,-0.0,0.0,-342.0,0.0,-5.0,2522.0,0.0,0.0,0.0,0.0
889062.106,2522.0,2285.0,2285.0,-342.75,-0.0,0.0,-342.0,0.0,-5.0,2522.0,0.0,0.0,0.0,0.0
889072.107,2522.0,2285.0,2285.0,-342.75,-0.0,0.0,-342.0,0.0,-5.0,2522.0,0.0,0.0,0.0,0.0
889082.108,2523.0,2285.0,2285.0,-342.75,-0.0,0.0,-342.0,0.0,-5.0,2522.0,0.0,0.0,0.0,0.0
889092.108,2523.0,2285.0,2285.0,-342.75,-0.0,0.0,-342.0,0.0,-5.0,2522.0,0.0,0.0,0.0,0.0
889102.108,2523.0,2285.0,2285.0,-342.75,-0.0,0.0,-342.0,0.0,-5.0,2522.0,0.0,0.0,0.0,0.0
889112.109,2523.0,2285.0,2285.0,-342.75,-0.0,0.0,-342.0,0.0,-5.0,2522.0,0.0,0.0,0.0,0.0
889122.109,2523.0,2285.0,2285.0,-342.75,-0.0,0.0,-342.0,0.0,-5.0,2522.0,0.0,0.0,0.0,0.0
889132.11,2523.0,2285.0,2285.0,-342.75,-0.0,0.0,-342.0,0.0,-5.0,2522.0,0.0,0.0,0.0,0.0
889143.106,2522.0,2285.0,2285.0,-342.75,-0.0,0.0,-342.0,0.0,-5.0,2522.0,0.0,0.0,0.0,0.0
889153.106,2522.0,2285.0,2285.0,-342.75,-0.0,0.0,-342.0,0.0,-5.0,2522.0,0.0,0.0,0.0,0.0
889163.107,2522.0,2285.0,2285.0,-342.75,-0.0,0.0,-342.0,0.0,-5.0,2522.0,0.0,0.0,0.0,0.0
889173.107,2523.0,2285.0,2285.0,-342.75,-0.0,0.0,-342.0,0.0,-5.0,2522.0,0.0,0.0,0.0,0.0
889184.098,2523.0,2285.0,2285.0,-342.75,-0.0,0.0,-342.0,0.0,-5.0,2522.0,0.0,0.0,0.0,0.0
889195.098,2523.0,2285.0,2285.0,-342.75,-0.0,0.0,-342.0,0.0,-5.0,2522.0,0.0,0.0,0.0,0.0
889205.098,2522.0,2285.0,2285.0,-342.75,-0.0,0.0,-342.0,0.0,-5.0,2522.0,0.0,0.0,0.0,0.0
889215.098,2522.0,2285.0,2285.0,-342.75,-0.0,0.0,-342.0,0.0,-5.0,2522.0,0.0,0.0,0.0,0.0
889226.098,2523.0,2285.0,2285.0,-342.75,-0.0,0.0,-342.0,0.0,-5.0,2522.0,0.0,0.0,0.0,0.0
889236.099,2523.0,2285.0,2285.0,-342.75,-0.0,0.0,-342.0,0.0,-5.0,2522.0,0.0,0.0,0.0,0.0
889246.099,2523.0,2285.0,2285.0,-342.75,-0.0,0.0,-342.0,0.0,-5.0,2523.0,0.0,0.0,0.0,0.0
889256.099,2523.0,2285.0,2285.0,-342.75,-0.0,0.0,-342.0,0.0,-5.0,2523.0,0.0,0.0,0.0,0.0
889266.1,2522.0,2285.0,2285.0,-342.75,-0.0,0.0,-342.0,0.0,-5.0,2523.0,0.0,0.0,0.0,0.0
889276.1,2522.0,2285.0,2285.0,-342.75,-0.0,0.0,-342.0,0.0,-5.0,2523.0,0.0,0.0,0.0,0.0
889286.1,2522.0,2285.0,2285.0,-342.75,-0.0,0.0,-342.0,0.0,-5.0,2523.0,0.0,0.0,0.0,0.0
889296.101,2522.0,2285.0,2285.0,-342.75,-0.0,0.0,-342.0,0.0,-5.0,2523.0,0.0,0.0,0.0,0.0
889306.102,2523.0,2285.0,2285.0,-342.75,-0.0,0.0,-342.0,0.0,-5.0,2523.0,0.0,0.0,0.0,0.0
889316.102,2522.0,2285.0,2285.0,-342.75,-0.0,0.0,-342.0,0.0,-5.0,2523.0,0.0,0.0,0.0,0.0
889326.103,2523.0,2285.0,2285.0,-342.75,-0.0,0.0,-342.0,0.0,-5.0,2523.0,0.0,0.0,0.0,0.0
889336.103,2522.0,2285.0,2285.0,-342.75,-0.0,0.0,-342.0,0.0,-5.0,2523.0,0.0,0.0,0.0,0.0
889346.103,2523.0,2285.0,2285.0,-342.75,-0.0,0.0,-342.0,0.0,-5.0,2523.0,0.0,0.0,0.0,0.0
889356.104,2522.0,2285.0,2285.0,-342.75,-0.0,0.0,-342.0,0.0,-5.0,2523.0,0.0,0.0,0.0,0.0
889366.105,2523.0,2285.0,2285.0,-342.75,-0.0,0.0,-342.0,0.0,-5.0,2523.0,0.0,0.0,0.0,0.0
889376.106,2523.0,2285.0,2285.0,-342.75,-0.0,0.0,-342.0,0.0,-5.0,2523.0,0.0,0.0,0.0,0.0
889386.107,2523.0,2285.0,2285.0,-342.75,-0.0,0.0,-342.0,0.0,-5.0,2523.0,0.0,0.0,0.0,0.0
889396.108,2523.0,2285.0,2285.0,-342.75,-0.0,0.0,-342.0,0.0,-5.0,2523.0,0.0,0.0,0.0,0.0
889406.108,2522.0,2285.0,2285.0,-342.75,-0.0,0.0,-342.0,0.0,-5.0,2523.0,0.0,0.0,0.0,0.0
889416.109,2523.0,2285.0,2285.0,-342.75,-0.0,0.0,-342.0,0.0,-5.0,2523.0,0.0,0.0,0.0,0.0
889426.11,2522.0,2285.0,2285.0,-342.75,-0.0,0.0,-342.0,0.0,-5.0,2523.0,0.0,0.0,0.0,0.0
889436.111,2523.0,2285.0,2285.0,-342.75,-0.0,0.0,-342.0,0.0,-5.0,2523.0,0.0,0.0,0.0,0.0
889446.112,2523.0,2285.0,2285.0,-342.75,-0.0,0.0,-342.0,0.0,-5.0,2523.0,0.0,0.0,0.0,0.0
889456.112,2523.0,2285.0,2285.0,-342.75,-0.0,0.0,-342.0,0.0,-5.0,2523.0,0.0,0.0,0.0,0.0
889466.113,2522.0,2285.0,2285.0,-342.75,-0.0,0.0,-342.0,0.0,-5.0,2523.0,0.0,0.0,0.0,0.0
889476.113,2523.0,2285.0,2285.0,-342.75,-0.0,0.0,-342.0,0.0,-5.0,2523.0,0.0,0.0,0.0,0.0
889486.113,2522.0,2285.0,2285.0,-342.75,-0.0,0.0,-342.0,0.0,-5.0,2523.0,0.0,0.0,0.0,0.0
889496.114,2523.0,2285.0,2285.0,-342.75,-0.0,0.0,-342.0,0.0,-5.0,2523.0,0.0,0.0,0.0,0.0
889506.115,2522.0,2285.0,2285.0,-342.75,-0.0,0.0,-342.0,0.0,-5.0,2523.0,0.0,0.0,0.0,0.0
889516.116,2523.0,2285.0,2285.0,-342.75,-0.0,0.0,-342.0,0.0,-5.0,2523.0,0.0,0.0,0.0,0.0
889526.117,2522.0,2285.0,2285.0,-342.75,-0.0,0.0,-342.0,0.0,-5.0,2523.0,0.0,0.0,0.0,0.0
889536.118,2523.0,2285.0,2285.0,-342.75,-0.0,0.0,-342.0,0.0,-5.0,2523.0,0.0,0.0,0.0,0.0
889546.119,2522.0,2285.0,2285.0,-342.75,-0.0,0.0,-342.0,0.0,-5.0,2522.0,0.0,0.0,0.0,0.0
889556.12,2523.0,2285.0,2285.0,-342.75,-0.0,0.0,-342.0,0.0,-5.0,2522.0,0.0,0.0,0.0,0.0
889566.121,2523.0,2285.0,2285.0,-342.75,-0.0,0.0,-342.0,0.0,-5.0,2522.0,0.0,0.0,0.0,0.0
889576.121,2522.0,2285.0,2285.0,-342.75,-0.0,0.0,-342.0,0.0,-5.0,2522.0,0.0,0.0,0.0,0.0
889586.121,2522.0,2285.0,2285.0,-342.75,-0.0,0.0,-342.0,0.0,-5.0,2522.0,0.0,0.0,0.0,0.0
889596.121,2523.0,2285.0,2285.0,-342.75,-0.0,0.0,-342.0,0.0,-5.0,2522.0,0.0,0.0,0.0,0.0
889606.121,2523.0,2285.0,2285.0,-342.75,-0.0,0.0,-342.0,0.0,-5.0,2522.0,0.0,0.0,0.0,0.0
889616.122,2522.0,2285.0,2285.0,-342.75,-0.0,0.0,-342.0,0.0,-5.0,2522.0,0.0,0.0,0.0,0.0
889626.122,2522.0,2285.0,2285.0,-342.75,-0.0,0.0,-342.0,0.0,-5.0,2522.0,0.0,0.0,0.0,0.0
889636.123,2522.0,2285.0,2285.0,-342.75,-0.0,0.0,-342.0,0.0,-5.0,2522.0,0.0,0.0,0.0,0.0
889646.124,2522.0,2285.0,2285.0,-342.75,-0.0,0.0,-342.0,0.0,-5.0,2522.0,0.0,0.0,0.0,0.0
889656.124,2523.0,2285.0,2285.0,-342.75,-0.0,0.0,-342.0,0.0,-5.0,2522.0,0.0,0.0,0.0,0.0
889666.124,2522.0,2285.0,2285.0,-342.75,-0.0,0.0,-342.0,0.0,-5.0,2522.0,0.0,0.0,0.0,0.0
889676.124,2523.0,2285.0,2285.0,-342.75,-0.0,0.0,-342.0,0.0,-5.0,2522.0,0.0,0.0,0.0,0.0
889686.124,2523.0,2285.0,2285.0,-342.75,-0.0,0.0,-342.0,0.0,-5.0,2522.0,0.0,0.0,0.0,0.0
889696.125,2522.0,2285.0,2285.0,-342.75,-0.0,0.0,-342.0,0.0,-5.0,2522.0,0.0,0.0,0.0,0.0
889706.126,2523.0,2285.0,2285.0,-342.75,-0.0,0.0,-342.0,0.0,-5.0,2522.0,0.0,0.0,0.0,0.0
889716.127,2522.0,2285.0,2285.0,-342.75,-0.0,0.0,-342.0,0.0,-5.0,2522.0,0.0,0.0,0.0,0.0
889726.128,2523.0,2285.0,2285.0,-342.75,-0.0,0.0,-342.0,0.0,-5.0,2522.0,0.0,0.0,0.0,0.0
889736.129,2523.0,2285.0,2285.0,-342.75,-0.0,0.0,-342.0,0.0,-5.0,2522.0,0.0,0.0,0.0,0.0
889746.129,2523.0,2285.0,2285.0,-342.75,-0.0,0.0,-342.0,0.0,-5.0,2523.0,0.0,0.0,0.0,0.0
889756.129,2522.0,2285.0,2285.0,-342.75,-0.0,0.0,-342.0,0.0,-5.0,2523.0,0.0,0.0,0.0,0.0
889766.13,2523.0,2285.0,2285.0,-342.75,-0.0,0.0,-342.0,0.0,-5.0,2523.0,0.0,0.0,0.0,0.0
889776.13,2522.0,2285.0,2285.0,-342.75,-0.0,0.0,-342.0,0.0,-5.0,2523.0,0.0,0.0,0.0,0.0
889786.13,2522.0,2285.0,2285.0,-342.75,-0.0,0.0,-342.0,0.0,-5.0,2523.0,0.0,0.0,0.0,0.0
889796.13,2522.0,2285.0,2285.0,-342.75,-0.0,0.0,-342.0,0.0,-5.0,2523.0,0.0,0.0,0.0,0.0
889806.131,2523.0,2285.0,2285.0,-342.75,-0.0,0.0,-342.0,0.0,-5.0,2523.0,0.0,0.0,0.0,0.0
889816.131,2523.0,2285.0,2285.0,-342.75,-0.0,0.0,-342.0,0.0,-5.0,2523.0,0.0,0.0,0.0,0.0
889826.131,2523.0,2285.0,2285.0,-342.75,-0.0,0.0,-342.0,0.0,-5.0,2523.0,0.0,0.0,0.0,0.0
889836.132,2522.0,2285.0,2285.0,-342.75,-0.0,0.0,-342.0,0.0,-5.0,2523.0,0.0,0.0,0.0,0.0
889846.133,2522.0,2285.0,2285.0,-342.75,-0.0,0.0,-342.0,0.0,-5.0,2522.0,0.0,0.0,0.0,0.0
889856.133,2522.0,2285.0,2285.0,-342.75,-0.0,0.0,-342.0,0.0,-5.0,2522.0,0.0,0.0,0.0,0.0
889866.134,2522.0,2285.0,2285.0,-342.75,-0.0,0.0,-342.0,0.0,-5.0,2522.0,0.0,0.0,0.0,0.0
889876.135,2523.0,2285.0,2285.0,-342.75,-0.0,0.0,-342.0,0.0,-5.0,2522.0,0.0,0.0,0.0,0.0
889886.135,2523.0,2285.0,2285.0,-342.75,-0.0,0.0,-342.0,0.0,-5.0,2522.0,0.0,0.0,0.0,0.0
889896.135,2522.0,2285.0,2285.0,-342.75,-0.0,0.0,-342.0,0.0,-5.0,2522.0,0.0,0.0,0.0,0.0
889906.135,2523.0,2285.0,2285.0,-342.75,-0.0,0.0,-342.0,0.0,-5.0,2522.0,0.0,0.0,0.0,0.0
889916.135,2523.0,2285.0,2285.0,-342.75,-0.0,0.0,-342.0,0.0,-5.0,2522.0,0.0,0.0,0.0,0.0
889926.136,2523.0,2285.0,2285.0,-342.75,-0.0,0.0,-342.0,0.0,-5.0,2522.0,0.0,0.0,0.0,0.0
889936.136,2522.0,2285.0,2285.0,-342.75,-0.0,0.0,-342.0,0.0,-5.0,2522.0,0.0,0.0,0.0,0.0
889947.098,2523.0,2285.0,2285.0,-342.75,-0.0,0.0,-342.0,0.0,-5.0,2523.0,0.0,0.0,0.0,0.0
889957.099,2523.0,2285.0,2285.0,-342.75,-0.0,0.0,-342.0,0.0,-5.0,2523.0,0.0,0.0,0.0,0.0
889967.101,2523.0,2285.0,2285.0,-342.75,-0.0,0.0,-342.0,0.0,-5.0,2523.0,0.0,0.0,0.0,0.0
889977.102,2523.0,2285.0,2285.0,-342.75,-0.0,0.0,-342.0,0.0,-5.0,2523.0,0.0,0.0,0.0,0.0
889987.103,2523.0,2285.0,2285.0,-342.75,-0.0,0.0,-342.0,0.0,-5.0,2523.0,0.0,0.0,0.0,0.0
889997.103,2522.0,2285.0,2285.0,-342.75,-0.0,0.0,-342.0,0.0,-5.0,2523.0,0.0,0.0,0.0,0.0
890007.105,2522.0,2285.0,2285.0,-342.75,-0.0,0.0,-342.0,0.0,-5.0,2523.0,0.0,0.0,0.0,0.0
890017.105,2523.0,2285.0,2285.0,-342.75,-0.0,0.0,-342.0,0.0,-5.0,2523.0,0.0,0.0,0.0,0.0
890027.105,2522.0,2285.0,2285.0,-342.75,-0.0,0.0,-342.0,0.0,-5.0,2523.0,0.0,0.0,0.0,0.0
890037.106,2522.0,2285.0,2285.0,-342.75,-0.0,0.0,-342.0,0.0,-5.0,2523.0,0.0,0.0,0.0,0.0
890047.106,2523.0,2285.0,2285.0,-342.75,-0.0,0.0,-342.0,0.0,-5.0,2523.0,0.0,0.0,0.0,0.0
890057.107,2523.0,2285.0,2285.0,-342.75,-0.0,0.0,-342.0,0.0,-5.0,2523.0,0.0,0.0,0.0,0.0
890067.108,2522.0,2285.0,2285.0,-342.75,-0.0,0.0,-342.0,0.0,-5.0,2523.0,0.0,0.0,0.0,0.0
890077.109,2523.0,2285.0,2285.0,-342.75,-0.0,0.0,-342.0,0.0,-5.0,2523.0,0.0,0.0,0.0,0.0
890087.112,2523.0,2285.0,2285.0,-342.75,-0.0,0.0,-342.0,0.0,-5.0,2523.0,0.0,0.0,0.0,0.0
890097.112,2522.0,2285.0,2285.0,-342.75,-0.0,0.0,-342.0,0.0,-5.0,2523.0,0.0,0.0,0.0,0.0
890108.105,2523.0,2285.0,2285.0,-342.75,-0.0,0.0,-342.0,0.0,-5.0,2523.0,0.0,0.0,0.0,0.0
890118.106,2523.0,2285.0,2285.0,-342.75,-0.0,0.0,-342.0,0.0,-5.0,2523.0,0.0,0.0,0.0,0.0
890128.107,2522.0,2285.0,2285.0,-342.75,-0.0,0.0,-342.0,0.0,-5.0,2523.0,0.0,0.0,0.0,0.0
890138.108,2522.0,2285.0,2285.0,-342.75,-0.0,0.0,-342.0,0.0,-5.0,2523.0,0.0,0.0,0.0,0.0
890148.109,2523.0,2285.0,2285.0,-342.75,-0.0,0.0,-342.0,0.0,-5.0,2523.0,0.0,0.0,0.0,0.0
890159.098,2522.0,2285.0,2285.0,-342.75,-0.0,0.0,-342.0,0.0,-5.0,2523.0,0.0,0.0,0.0,0.0
890169.099,2522.0,2285.0,2285.0,-342.75,-0.0,0.0,-342.0,0.0,-5.0,2523.0,0.0,0.0,0.0,0.0
890179.1,2523.0,2285.0,2285.0,-342.75,-0.0,0.0,-342.0,0.0,-5.0,2523.0,0.0,0.0,0.0,0.0
890189.101,2522.0,2285.0,2285.0,-342.75,-0.0,0.0,-342.0,0.0,-5.0,2523.0,0.0,0.0,0.0,0.0
890199.102,2522.0,2285.0,2285.0,-342.75,-0.0,0.0,-342.0,0.0,-5.0,2523.0,0.0,0.0,0.0,0.0
890209.102,2523.0,2285.0,2285.0,-342.75,-0.0,0.0,-342.0,0.0,-5.0,2523.0,0.0,0.0,0.0,0.0
890219.102,2523.0,2285.0,2285.0,-342.75,-0.0,0.0,-342.0,0.0,-5.0,2523.0,0.0,0.0,0.0,0.0
890229.103,2522.0,2285.0,2285.0,-342.75,-0.0,0.0,-342.0,0.0,-5.0,2523.0,0.0,0.0,0.0,0.0
890239.103,2523.0,2285.0,2285.0,-342.75,-0.0,0.0,-342.0,0.0,-5.0,2523.0,0.0,0.0,0.0,0.0
890249.103,2522.0,2285.0,2285.0,-342.75,-0.0,0.0,-342.0,0.0,-5.0,2522.0,0.0,0.0,0.0,0.0
890259.103,2522.0,2285.0,2285.0,-342.75,-0.0,0.0,-342.0,0.0,-5.0,2522.0,0.0,0.0,0.0,0.0
890269.104,2522.0,2285.0,2285.0,-342.75,-0.0,0.0,-342.0,0.0,-5.0,2522.0,0.0,0.0,0.0,0.0
890279.104,2523.0,2285.0,2285.0,-342.75,-0.0,0.0,-342.0,0.0,-5.0,2522.0,0.0,0.0,0.0,0.0
890289.105,2523.0,2285.0,2285.0,-342.75,-0.0,0.0,-342.0,0.0,-5.0,2522.0,0.0,0.0,0.0,0.0
890299.105,2522.0,2285.0,2285.0,-342.75,-0.0,0.0,-342.0,0.0,-5.0,2522.0,0.0,0.0,0.0,0.0
890309.105,2522.0,2285.0,2285.0,-342.75,-0.0,0.0,-342.0,0.0,-5.0,2522.0,0.0,0.0,0.0,0.0
890319.105,2522.0,2285.0,2285.0,-342.75,-0.0,0.0,-342.0,0.0,-5.0,2522.0,0.0,0.0,0.0,0.0
890329.106,2522.0,2285.0,2285.0,-342.75,-0.0,0.0,-342.0,0.0,-5.0,2522.0,0.0,0.0,0.0,0.0
890339.106,2523.0,2285.0,2285.0,-342.75,-0.0,0.0,-342.0,0.0,-5.0,2522.0,0.0,0.0,0.0,0.0
890350.098,2522.0,2285.0,2285.0,-342.75,-0.0,0.0,-342.0,0.0,-5.0,2522.0,0.0,0.0,0.0,0.0
890360.099,2523.0,2285.0,2285.0,-342.75,-0.0,0.0,-342.0,0.0,-5.0,2522.0,0.0,0.0,0.0,0.0
890371.098,2522.0,2285.0,2285.0,-342.75,-0.0,0.0,-342.0,0.0,-5.0,2522.0,0.0,0.0,0.0,0.0
890381.098,2523.0,2285.0,2285.0,-342.75,-0.0,0.0,-342.0,0.0,-5.0,2522.0,0.0,0.0,0.0,0.0
890391.099,2523.0,2285.0,2285.0,-342.75,-0.0,0.0,-342.0,0.0,-5.0,2522.0,0.0,0.0,0.0,0.0
890401.099,2522.0,2285.0,2285.0,-342.75,-0.0,0.0,-342.0,0.0,-5.0,2522.0,0.0,0.0,0.0,0.0
890411.101,2523.0,2285.0,2285.0,-342.75,-0.0,0.0,-342.0,0.0,-5.0,2522.0,0.0,0.0,0.0,0.0
890421.102,2523.0,2285.0,2285.0,-342.75,-0.0,0.0,-342.0,0.0,-5.0,2522.0,0.0,0.0,0.0,0.0
890431.102,2523.0,2285.0,2285.0,-342.75,-0.0,0.0,-342.0,0.0,-5.0,2522.0,0.0,0.0,0.0,0.0
890441.103,2522.0,2285.0,2285.0,-342.75,-0.0,0.0,-342.0,0.0,-5.0,2522.0,0.0,0.0,0.0,0.0
890451.104,2523.0,2285.0,2285.0,-342.75,-0.0,0.0,-342.0,0.0,-5.0,2523.0,0.0,0.0,0.0,0.0
890461.105,2523.0,2285.0,2285.0,-342.75,-0.0,0.0,-342.0,0.0,-5.0,2523.0,0.0,0.0,0.0,0.0
890471.106,2522.0,2285.0,2285.0,-342.75,-0.0,0.0,-342.0,0.0,-5.0,2523.0,0.0,0.0,0.0,0.0
890481.107,2523.0,2285.0,2285.0,-342.75,-0.0,0.0,-342.0,0.0,-5.0,2523.0,0.0,0.0,0.0,0.0
890491.107,2522.0,2285.0,2285.0,-342.75,-0.0,0.0,-342.0,0.0,-5.0,2523.0,0.0,0.0,0.0,0.0
890501.108,2523.0,2285.0,2285.0,-342.75,-0.0,0.0,-342.0,0.0,-5.0,2523.0,0.0,0.0,0.0,0.0
890511.109,2522.0,2285.0,2285.0,-342.75,-0.0,0.0,-342.0,0.0,-5.0,2523.0,0.0,0.0,0.0,0.0
890521.109,2523.0,2285.0,2285.0,-342.75,-0.0,0.0,-342.0,0.0,-5.0,2523.0,0.0,0.0,0.0,0.0
890531.11,2522.0,2285.0,2285.0,-342.75,-0.0,0.0,-342.0,0.0,-5.0,2523.0,0.0,0.0,0.0,0.0
890541.111,2522.0,2285.0,2285.0,-342.75,-0.0,0.0,-342.0,0.0,-5.0,2523.0,0.0,0.0,0.0,0.0
890551.111,2523.0,2285.0,2285.0,-342.75,-0.0,0.0,-342.0,0.0,-5.0,2523.0,0.0,0.0,0.0,0.0
890561.112,2522.0,2285.0,2285.0,-342.75,-0.0,0.0,-342.0,0.0,-5.0,2523.0,0.0,0.0,0.0,0.0
890571.112,2522.0,2285.0,2285.0,-342.75,-0.0,0.0,-342.0,0.0,-5.0,2523.0,0.0,0.0,0.0,0.0
890581.112,2523.0,2285.0,2285.0,-342.75,-0.0,0.0,-342.0,0.0,-5.0,2523.0,0.0,0.0,0.0,0.0
890591.113,2522.0,2285.0,2285.0,-342.75,-0.0,0.0,-342.0,0.0,-5.0,2523.0,0.0,0.0,0.0,0.0
890601.113,2523.0,2285.0,2285.0,-342.75,-0.0,0.0,-342.0,0.0,-5.0,2523.0,0.0,0.0,0.0,0.0
890611.114,2522.0,2285.0,2285.0,-342.75,-0.0,0.0,-342.0,0.0,-5.0,2523.0,0.0,0.0,0.0,0.0
890621.114,2523.0,2285.0,2285.0,-342.75,-0.0,0.0,-342.0,0.0,-5.0,2523.0,0.0,0.0,0.0,0.0
890631.114,2523.0,2285.0,2285.0,-342.75,-0.0,0.0,-342.0,0.0,-5.0,2523.0,0.0,0.0,0.0,0.0
890641.114,2522.0,2285.0,2285.0,-342.75,-0.0,0.0,-342.0,0.0,-5.0,2523.0,0.0,0.0,0.0,0.0
890651.114,2522.0,2285.0,2285.0,-342.75,-0.0,0.0,-342.0,0.0,-5.0,2522.0,0.0,0.0,0.0,0.0
890661.115,2522.0,2285.0,2285.0,-342.75,-0.0,0.0,-342.0,0.0,-5.0,2522.0,0.0,0.0,0.0,0.0
890671.115,2523.0,2285.0,2285.0,-342.75,-0.0,0.0,-342.0,0.0,-5.0,2522.0,0.0,0.0,0.0,0.0
890681.115,2523.0,2285.0,2285.0,-342.75,-0.0,0.0,-342.0,0.0,-5.0,2522.0,0.0,0.0,0.0,0.0
890691.115,2522.0,2285.0,2285.0,-342.75,-0.0,0.0,-342.0,0.0,-5.0,2522.0,0.0,0.0,0.0,0.0
890701.116,2523.0,2285.0,2285.0,-342.75,-0.0,0.0,-342.0,0.0,-5.0,2522.0,0.0,0.0,0.0,0.0
890712.098,2522.0,2285.0,2285.0,-342.75,-0.0,0.0,-342.0,0.0,-5.0,2522.0,0.0,0.0,0.0,0.0
890723.098,2522.0,2285.0,2285.0,-342.75,-0.0,0.0,-342.0,0.0,-5.0,2522.0,0.0,0.0,0.0,0.0
890733.099,2522.0,2285.0,2285.0,-342.75,-0.0,0.0,-342.0,0.0,-5.0,2522.0,0.0,0.0,0.0,0.0
890744.098,2523.0,2285.0,2285.0,-342.75,-0.0,0.0,-342.0,0.0,-5.0,2522.0,0.0,0.0,0.0,0.0
890755.098,2522.0,2285.0,2285.0,-342.75,-0.0,0.0,-342.0,0.0,-5.0,2522.0,0.0,0.0,0.0,0.0
890765.098,2523.0,2285.0,2285.0,-342.75,-0.0,0.0,-342.0,0.0,-5.0,2522.0,0.0,0.0,0.0,0.0
890775.099,2523.0,2285.0,2285.0,-342.75,-0.0,0.0,-342.0,0.0,-5.0,2522.0,0.0,0.0,0.0,0.0
890785.1,2522.0,2285.0,2285.0,-342.75,-0.0,0.0,-342.0,0.0,-5.0,2522.0,0.0,0.0,0.0,0.0
890795.1,2523.0,2285.0,2285.0,-342.75,-0.0,0.0,-342.0,0.0,-5.0,2522.0,0.0,0.0,0.0,0.0
890805.1,2522.0,2285.0,2285.0,-342.75,-0.0,0.0,-342.0,0.0,-5.0,2522.0,0.0,0.0,0.0,0.0
890815.1,2522.0,2285.0,2285.0,-342.75,-0.0,0.0,-342.0,0.0,-5.0,2522.0,0.0,0.0,0.0,0.0
890825.101,2522.0,2285.0,2285.0,-342.75,-0.0,0.0,-342.0,0.0,-5.0,2522.0,0.0,0.0,0.0,0.0
890835.101,2522.0,2285.0,2285.0,-342.75,-0.0,0.0,-342.0,0.0,-5.0,2522.0,0.0,0.0,0.0,0.0
890845.102,2523.0,2285.0,2285.0,-342.75,-0.0,0.0,-342.0,0.0,-5.0,2522.0,0.0,0.0,0.0,0.0
890855.103,2522.0,2285.0,2285.0,-342.75,-0.0,0.0,-342.0,0.0,-5.0,2522.0,0.0,0.0,0.0,0.0
890865.104,2523.0,2285.0,2285.0,-342.75,-0.0,0.0,-342.0,0.0,-5.0,2522.0,0.0,0.0,0.0,0.0
890875.105,2523.0,2285.0,2285.0,-342.75,-0.0,0.0,-342.0,0.0,-5.0,2522.0,0.0,0.0,0.0,0.0
890885.106,2522.0,2285.0,2285.0,-342.75,-0.0,0.0,-342.0,0.0,-5.0,2522.0,0.0,0.0,0.0,0.0
890895.106,2523.0,2285.0,2285.0,-342.75,-0.0,0.0,-342.0,0.0,-5.0,2522.0,0.0,0.0,0.0,0.0
890905.107,2523.0,2285.0,2285.0,-342.75,-0.0,0.0,-342.0,0.0,-5.0,2522.0,0.0,0.0,0.0,0.0
890915.108,2522.0,2285.0,2285.0,-342.75,-0.0,0.0,-342.0,0.0,-5.0,2522.0,0.0,0.0,0.0,0.0
890925.108,2522.0,2285.0,2285.0,-342.75,-0.0,0.0,-342.0,0.0,-5.0,2522.0,0.0,0.0,0.0,0.0
890935.108,2523.0,2285.0,2285.0,-342.75,-0.0,0.0,-342.0,0.0,-5.0,2522.0,0.0,0.0,0.0,0.0
890945.108,2522.0,2285.0,2285.0,-342.75,-0.0,0.0,-342.0,0.0,-5.0,2522.0,0.0,0.0,0.0,0.0
890955.109,2522.0,2285.0,2285.0,-342.75,-0.0,0.0,-342.0,0.0,-5.0,2522.0,0.0,0.0,0.0,0.0
890965.109,2523.0,2285.0,2285.0,-342.75,-0.0,0.0,-342.0,0.0,-5.0,2522.0,0.0,0.0,0.0,0.0
890975.109,2522.0,2285.0,2285.0,-342.75,-0.0,0.0,-342.0,0.0,-5.0,2522.0,0.0,0.0,0.0,0.0
890985.109,2522.0,2285.0,2285.0,-342.75,-0.0,0.0,-342.0,0.0,-5.0,2522.0,0.0,0.0,0.0,0.0
890995.109,2523.0,2285.0,2285.0,-342.75,-0.0,0.0,-342.0,0.0,-5.0,2522.0,0.0,0.0,0.0,0.0
891005.109,2522.0,2285.0,2285.0,-342.75,-0.0,0.0,-342.0,0.0,-5.0,2522.0,0.0,0.0,0.0,0.0
891015.109,2523.0,2285.0,2285.0,-342.75,-0.0,0.0,-342.0,0.0,-5.0,2522.0,0.0,0.0,0.0,0.0
891025.11,2523.0,2285.0,2285.0,-342.75,-0.0,0.0,-342.0,0.0,-5.0,2522.0,0.0,0.0,0.0,0.0
891035.111,2522.0,2285.0,2285.0,-342.75,-0.0,0.0,-342.0,0.0,-5.0,2522.0,0.0,0.0,0.0,0.0
891045.111,2523.0,2285.0,2285.0,-342.75,-0.0,0.0,-342.0,0.0,-5.0,2522.0,0.0,0.0,0.0,0.0
891055.113,2523.0,2285.0,2285.0,-342.75,-0.0,0.0,-342.0,0.0,-5.0,2523.0,0.0,0.0,0.0,0.0
891065.114,2523.0,2285.0,2285.0,-342.75,-0.0,0.0,-342.0,0.0,-5.0,2523.0,0.0,0.0,0.0,0.0
891075.115,2522.0,2285.0,2285.0,-342.75,-0.0,0.0,-342.0,0.0,-5.0,2523.0,0.0,0.0,0.0,0.0
891085.115,2522.0,2285.0,2285.0,-342.75,-0.0,0.0,-342.0,0.0,-5.0,2523.0,0.0,0.0,0.0,0.0
891095.115,2522.0,2285.0,2285.0,-342.75,-0.0,0.0,-342.0,0.0,-5.0,2523.0,0.0,0.0,0.0,0.0
891105.115,2523.0,2285.0,2285.0,-342.75,-0.0,0.0,-342.0,0.0,-5.0,2523.0,0.0,0.0,0.0,0.0
891115.115,2522.0,2285.0,2285.0,-342.75,-0.0,0.0,-342.0,0.0,-5.0,2523.0,0.0,0.0,0.0,0.0
891125.115,2523.0,2285.0,2285.0,-342.75,-0.0,0.0,-342.0,0.0,-5.0,2523.0,0.0,0.0,0.0,0.0
891135.116,2522.0,2285.0,2285.0,-342.75,-0.0,0.0,-342.0,0.0,-5.0,2523.0,0.0,0.0,0.0,0.0
891145.116,2522.0,2285.0,2285.0,-342.75,-0.0,0.0,-342.0,0.0,-5.0,2523.0,0.0,0.0,0.0,0.0
891155.116,2522.0,2285.0,2285.0,-342.75,-0.0,0.0,-342.0,0.0,-5.0,2522.0,0.0,0.0,0.0,0.0
891166.106,2523.0,2285.0,2285.0,-342.75,-0.0,0.0,-342.0,0.0,-5.0,2522.0,0.0,0.0,0.0,0.0
891176.107,2522.0,2285.0,2285.0,-342.75,-0.0,0.0,-342.0,0.0,-5.0,2522.0,0.0,0.0,0.0,0.0
891186.107,2522.0,2285.0,2285.0,-342.75,-0.0,0.0,-342.0,0.0,-5.0,2522.0,0.0,0.0,0.0,0.0
891196.108,2522.0,2285.0,2285.0,-342.75,-0.0,0.0,-342.0,0.0,-5.0,2522.0,0.0,0.0,0.0,0.0
891207.098,2523.0,2285.0,2285.0,-342.75,-0.0,0.0,-342.0,0.0,-5.0,2522.0,0.0,0.0,0.0,0.0
891217.099,2522.0,2285.0,2285.0,-342.75,-0.0,0.0,-342.0,0.0,-5.0,2522.0,0.0,0.0,0.0,0.0
891227.101,2523.0,2285.0,2285.0,-342.75,-0.0,0.0,-342.0,0.0,-5.0,2522.0,0.0,0.0,0.0,0.0
891238.098,2523.0,2285.0,2285.0,-342.75,-0.0,0.0,-342.0,0.0,-5.0,2522.0,0.0,0.0,0.0,0.0
891249.098,2523.0,2285.0,2285.0,-342.75,-0.0,0.0,-342.0,0.0,-5.0,2522.0,0.0,0.0,0.0,0.0
891259.101,2523.0,2285.0,2285.0,-342.75,-0.0,0.0,-342.0,0.0,-5.0,2523.0,0.0,0.0,0.0,0.0
891269.102,2523.0,2285.0,2285.0,-342.75,-0.0,0.0,-342.0,0.0,-5.0,2523.0,0.0,0.0,0.0,0.0
891279.103,2523.0,2285.0,2285.0,-342.75,-0.0,0.0,-342.0,0.0,-5.0,2523.0,0.0,0.0,0.0,0.0
891289.103,2522.0,2285.0,2285.0,-342.75,-0.0,0.0,-342.0,0.0,-5.0,2523.0,0.0,0.0,0.0,0.0
891299.103,2522.0,2285.0,2285.0,-342.75,-0.0,0.0,-342.0,0.0,-5.0,2523.0,0.0,0.0,0.0,0.0
891309.103,2522.0,2285.0,2285.0,-342.75,-0.0,0.0,-342.0,0.0,-5.0,2523.0,0.0,0.0,0.0,0.0
891319.104,2523.0,2285.0,2285.0,-342.75,-0.0,0.0,-342.0,0.0,-5.0,2523.0,0.0,0.0,0.0,0.0
891329.104,2522.0,2285.0,2285.0,-342.75,-0.0,0.0,-342.0,0.0,-5.0,2523.0,0.0,0.0,0.0,0.0
891339.105,2523.0,2285.0,2285.0,-342.75,-0.0,0.0,-342.0,0.0,-5.0,2523.0,0.0,0.0,0.0,0.0
891349.105,2523.0,2285.0,2285.0,-342.75,-0.0,0.0,-342.0,0.0,-5.0,2523.0,0.0,0.0,0.0,0.0
891359.106,2523.0,2285.0,2285.0,-342.75,-0.0,0.0,-342.0,0.0,-5.0,2523.0,0.0,0.0,0.0,0.0
891369.107,2522.0,2285.0,2285.0,-342.75,-0.0,0.0,-342.0,0.0,-5.0,2523.0,0.0,0.0,0.0,0.0
891379.108,2523.0,2285.0,2285.0,-342.75,-0.0,0.0,-342.0,0.0,-5.0,2523.0,0.0,0.0,0.0,0.0
891389.109,2523.0,2285.0,2285.0,-342.75,-0.0,0.0,-342.0,0.0,-5.0,2523.0,0.0,0.0,0.0,0.0
891399.109,2523.0,2285.0,2285.0,-342.75,-0.0,0.0,-342.0,0.0,-5.0,2523.0,0.0,0.0,0.0,0.0
891409.11,2522.0,2285.0,2285.0,-342.75,-0.0,0.0,-342.0,0.0,-5.0,2523.0,0.0,0.0,0.0,0.0
891419.11,2523.0,2285.0,2285.0,-342.75,-0.0,0.0,-342.0,0.0,-5.0,2523.0,0.0,0.0,0.0,0.0
891429.11,2523.0,2285.0,2285.0,-342.75,-0.0,0.0,-342.0,0.0,-5.0,2523.0,0.0,0.0,0.0,0.0
891439.111,2523.0,2285.0,2285.0,-342.75,-0.0,0.0,-342.0,0.0,-5.0,2523.0,0.0,0.0,0.0,0.0
891449.112,2522.0,2285.0,2285.0,-342.75,-0.0,0.0,-342.0,0.0,-5.0,2523.0,0.0,0.0,0.0,0.0
891459.114,2522.0,2285.0,2285.0,-342.75,-0.0,0.0,-342.0,0.0,-5.0,2522.0,0.0,0.0,0.0,0.0
891469.114,2523.0,2285.0,2285.0,-342.75,-0.0,0.0,-342.0,0.0,-5.0,2522.0,0.0,0.0,0.0,0.0
891479.115,2523.0,2285.0,2285.0,-342.75,-0.0,0.0,-342.0,0.0,-5.0,2522.0,0.0,0.0,0.0,0.0
891489.115,2522.0,2285.0,2285.0,-342.75,-0.0,0.0,-342.0,0.0,-5.0,2522.0,0.0,0.0,0.0,0.0
891499.115,2523.0,2285.0,2285.0,-342.75,-0.0,0.0,-342.0,0.0,-5.0,2522.0,0.0,0.0,0.0,0.0
891509.116,2522.0,2285.0,2285.0,-342.75,-0.0,0.0,-342.0,0.0,-5.0,2522.0,0.0,0.0,0.0,0.0
891519.117,2522.0,2285.0,2285.0,-342.75,-0.0,0.0,-342.0,0.0,-5.0,2522.0,0.0,0.0,0.0,0.0
891529.118,2522.0,2285.0,2285.0,-342.75,-0.0,0.0,-342.0,0.0,-5.0,2522.0,0.0,0.0,0.0,0.0
891539.118,2523.0,2285.0,2285.0,-342.75,-0.0,0.0,-342.0,0.0,-5.0,2522.0,0.0,0.0,0.0,0.0
891549.119,2522.0,2285.0,2285.0,-342.75,-0.0,0.0,-342.0,0.0,-5.0,2522.0,0.0,0.0,0.0,0.0
891559.119,2522.0,2285.0,2285.0,-342.75,-0.0,0.0,-342.0,0.0,-5.0,2522.0,0.0,0.0,0.0,0.0
891569.12,2522.0,2285.0,2285.0,-342.75,-0.0,0.0,-342.0,0.0,-5.0,2522.0,0.0,0.0,0.0,0.0
891579.121,2522.0,2285.0,2285.0,-342.75,-0.0,0.0,-342.0,0.0,-5.0,2522.0,0.0,0.0,0.0,0.0
891589.122,2522.0,2285.0,2285.0,-342.75,-0.0,0.0,-342.0,0.0,-5.0,2522.0,0.0,0.0,0.0,0.0
891599.123,2522.0,2285.0,2285.0,-342.75,-0.0,0.0,-342.0,0.0,-5.0,2522.0,0.0,0.0,0.0,0.0
891609.123,2522.0,2285.0,2285.0,-342.75,-0.0,0.0,-342.0,0.0,-5.0,2522.0,0.0,0.0,0.0,0.0
891619.124,2522.0,2285.0,2285.0,-342.75,-0.0,0.0,-342.0,0.0,-5.0,2522.0,0.0,0.0,0.0,0.0
891629.125,2523.0,2285.0,2285.0,-342.75,-0.0,0.0,-342.0,0.0,-5.0,2522.0,0.0,0.0,0.0,0.0
891639.13,2522.0,2285.0,2285.0,-342.75,-0.0,0.0,-342.0,0.0,-5.0,2522.0,0.0,0.0,0.0,0.0
891649.131,2522.0,2285.0,2285.0,-342.75,-0.0,0.0,-342.0,0.0,-5.0,2522.0,0.0,0.0,0.0,0.0
891659.131,2523.0,2285.0,2285.0,-342.75,-0.0,0.0,-342.0,0.0,-5.0,2523.0,0.0,0.0,0.0,0.0
891669.133,2523.0,2285.0,2285.0,-342.75,-0.0,0.0,-342.0,0.0,-5.0,2523.0,0.0,0.0,0.0,0.0
891679.134,2522.0,2285.0,2285.0,-342.75,-0.0,0.0,-342.0,0.0,-5.0,2523.0,0.0,0.0,0.0,0.0
891689.134,2523.0,2285.0,2285.0,-342.75,-0.0,0.0,-342.0,0.0,-5.0,2523.0,0.0,0.0,0.0,0.0
891699.134,2522.0,2285.0,2285.0,-342.75,-0.0,0.0,-342.0,0.0,-5.0,2523.0,0.0,0.0,0.0,0.0
891709.134,2523.0,2285.0,2285.0,-342.75,-0.0,0.0,-342.0,0.0,-5.0,2523.0,0.0,0.0,0.0,0.0
891719.135,2522.0,2285.0,2285.0,-342.75,-0.0,0.0,-342.0,0.0,-5.0,2523.0,0.0,0.0,0.0,0.0
891729.136,2523.0,2285.0,2285.0,-342.75,-0.0,0.0,-342.0,0.0,-5.0,2523.0,0.0,0.0,0.0,0.0
891739.136,2523.0,2285.0,2285.0,-342.75,-0.0,0.0,-342.0,0.0,-5.0,2523.0,0.0,0.0,0.0,0.0
891749.136,2522.0,2285.0,2285.0,-342.75,-0.0,0.0,-342.0,0.0,-5.0,2523.0,0.0,0.0,0.0,0.0
891759.137,2522.0,2285.0,2285.0,-342.75,-0.0,0.0,-342.0,0.0,-5.0,2522.0,0.0,0.0,0.0,0.0
891769.138,2523.0,2285.0,2285.0,-342.75,-0.0,0.0,-342.0,0.0,-5.0,2522.0,0.0,0.0,0.0,0.0
891779.138,2522.0,2285.0,2285.0,-342.75,-0.0,0.0,-342.0,0.0,-5.0,2522.0,0.0,0.0,0.0,0.0
891789.139,2523.0,2285.0,2285.0,-342.75,-0.0,0.0,-342.0,0.0,-5.0,2522.0,0.0,0.0,0.0,0.0
891799.139,2523.0,2285.0,2285.0,-342.75,-0.0,0.0,-342.0,0.0,-5.0,2522.0,0.0,0.0,0.0,0.0
891809.14,2523.0,2285.0,2285.0,-342.75,-0.0,0.0,-342.0,0.0,-5.0,2522.0,0.0,0.0,0.0,0.0
891819.14,2523.0,2285.0,2285.0,-342.75,-0.0,0.0,-342.0,0.0,-5.0,2522.0,0.0,0.0,0.0,0.0
891830.098,2522.0,2285.0,2285.0,-342.75,-0.0,0.0,-342.0,0.0,-5.0,2522.0,0.0,0.0,0.0,0.0
891840.098,2523.0,2285.0,2285.0,-342.75,-0.0,0.0,-342.0,0.0,-5.0,2522.0,0.0,0.0,0.0,0.0
891850.099,2522.0,2285.0,2285.0,-342.75,-0.0,0.0,-342.0,0.0,-5.0,2522.0,0.0,0.0,0.0,0.0
891860.1,2523.0,2285.0,2285.0,-342.75,-0.0,0.0,-342.0,0.0,-5.0,2523.0,0.0,0.0,0.0,0.0
891870.101,2523.0,2285.0,2285.0,-342.75,-0.0,0.0,-342.0,0.0,-5.0,2523.0,0.0,0.0,0.0,0.0
891880.102,2522.0,2285.0,2285.0,-342.75,-0.0,0.0,-342.0,0.0,-5.0,2523.0,0.0,0.0,0.0,0.0
891890.103,2522.0,2285.0,2285.0,-342.75,-0.0,0.0,-342.0,0.0,-5.0,2523.0,0.0,0.0,0.0,0.0
891900.103,2523.0,2285.0,2285.0,-342.75,-0.0,0.0,-342.0,0.0,-5.0,2523.0,0.0,0.0,0.0,0.0
891910.103,2523.0,2285.0,2285.0,-342.75,-0.0,0.0,-342.0,0.0,-5.0,2523.0,0.0,0.0,0.0,0.0
891920.103,2523.0,2285.0,2285.0,-342.75,-0.0,0.0,-342.0,0.0,-5.0,2523.0,0.0,0.0,0.0,0.0
891930.104,2522.0,2285.0,2285.0,-342.75,-0.0,0.0,-342.0,0.0,-5.0,2523.0,0.0,0.0,0.0,0.0
891940.105,2522.0,2285.0,2285.0,-342.75,-0.0,0.0,-342.0,0.0,-5.0,2523.0,0.0,0.0,0.0,0.0
891950.106,2522.0,2285.0,2285.0,-342.75,-0.0,0.0,-342.0,0.0,-5.0,2523.0,0.0,0.0,0.0,0.0
891960.107,2523.0,2285.0,2285.0,-342.75,-0.0,0.0,-342.0,0.0,-5.0,2523.0,0.0,0.0,0.0,0.0
891970.108,2523.0,2285.0,2285.0,-342.75,-0.0,0.0,-342.0,0.0,-5.0,2523.0,0.0,0.0,0.0,0.0
891980.109,2522.0,2285.0,2285.0,-342.75,-0.0,0.0,-342.0,0.0,-5.0,2523.0,0.0,0.0,0.0,0.0
891990.109,2522.0,2285.0,2285.0,-342.75,-0.0,0.0,-342.0,0.0,-5.0,2523.0,0.0,0.0,0.0,0.0
892000.11,2522.0,2285.0,2285.0,-342.75,-0.0,0.0,-342.0,0.0,-5.0,2523.0,0.0,0.0,0.0,0.0
892010.111,2523.0,2285.0,2285.0,-342.75,-0.0,0.0,-342.0,0.0,-5.0,2523.0,0.0,0.0,0.0,0.0
892020.111,2523.0,2285.0,2285.0,-342.75,-0.0,0.0,-342.0,0.0,-5.0,2523.0,0.0,0.0,0.0,0.0
892030.112,2522.0,2285.0,2285.0,-342.75,-0.0,0.0,-342.0,0.0,-5.0,2523.0,0.0,0.0,0.0,0.0
892040.113,2522.0,2285.0,2285.0,-342.75,-0.0,0.0,-342.0,0.0,-5.0,2523.0,0.0,0.0,0.0,0.0
892050.114,2523.0,2285.0,2285.0,-342.75,-0.0,0.0,-342.0,0.0,-5.0,2523.0,0.0,0.0,0.0,0.0
892060.115,2522.0,2285.0,2285.0,-342.75,-0.0,0.0,-342.0,0.0,-5.0,2522.0,0.0,0.0,0.0,0.0
892070.116,2523.0,2285.0,2285.0,-342.75,-0.0,0.0,-342.0,0.0,-5.0,2522.0,0.0,0.0,0.0,0.0
892080.116,2522.0,2285.0,2285.0,-342.75,-0.0,0.0,-342.0,0.0,-5.0,2522.0,0.0,0.0,0.0,0.0
892090.117,2522.0,2285.0,2285.0,-342.75,-0.0,0.0,-342.0,0.0,-5.0,2522.0,0.0,0.0,0.0,0.0
892100.121,2523.0,2285.0,2285.0,-342.75,-0.0,0.0,-342.0,0.0,-5.0,2522.0,0.0,0.0,0.0,0.0
892110.121,2523.0,2285.0,2285.0,-342.75,-0.0,0.0,-342.0,0.0,-5.0,2522.0,0.0,0.0,0.0,0.0
892120.121,2523.0,2285.0,2285.0,-342.75,-0.0,0.0,-342.0,0.0,-5.0,2522.0,0.0,0.0,0.0,0.0
892130.122,2522.0,2285.0,2285.0,-342.75,-0.0,0.0,-342.0,0.0,-5.0,2522.0,0.0,0.0,0.0,0.0
892141.041,2523.0,2285.0,2285.0,-342.75,-0.0,0.0,-342.0,0.0,-5.0,2522.0,0.0,0.0,0.0,0.0
892151.041,2523.0,2285.0,2285.0,-342.75,-0.0,0.0,-342.0,0.0,-5.0,2522.0,0.0,0.0,0.0,0.0
892161.041,2523.0,2285.0,2285.0,-342.75,-0.0,0.0,-342.0,0.0,-5.0,2523.0,0.0,0.0,0.0,0.0
892171.041,2523.0,2285.0,2285.0,-342.75,-0.0,0.0,-342.0,0.0,-5.0,2523.0,0.0,0.0,0.0,0.0
892181.042,2523.0,2285.0,2285.0,-342.75,-0.0,0.0,-342.0,0.0,-5.0,2523.0,0.0,0.0,0.0,0.0
892191.043,2522.0,2285.0,2285.0,-342.75,-0.0,0.0,-342.0,0.0,-5.0,2523.0,0.0,0.0,0.0,0.0
892201.044,2523.0,2285.0,2285.0,-342.75,-0.0,0.0,-342.0,0.0,-5.0,2523.0,0.0,0.0,0.0,0.0
892211.044,2523.0,2285.0,2285.0,-342.75,-0.0,0.0,-342.0,0.0,-5.0,2523.0,0.0,0.0,0.0,0.0
892221.045,2522.0,2285.0,2285.0,-342.75,-0.0,0.0,-342.0,0.0,-5.0,2523.0,0.0,0.0,0.0,0.0
892231.045,2523.0,2285.0,2285.0,-342.75,-0.0,0.0,-342.0,0.0,-5.0,2523.0,0.0,0.0,0.0,0.0
892241.046,2523.0,2285.0,2285.0,-342.75,-0.0,0.0,-342.0,0.0,-5.0,2523.0,0.0,0.0,0.0,0.0
892251.047,2523.0,2285.0,2285.0,-342.75,-0.0,0.0,-342.0,0.0,-5.0,2523.0,0.0,0.0,0.0,0.0
892261.047,2523.0,2285.0,2285.0,-342.75,-0.0,0.0,-342.0,0.0,-5.0,2523.0,0.0,0.0,0.0,0.0
892271.048,2523.0,2285.0,2285.0,-342.75,-0.0,0.0,-342.0,0.0,-5.0,2523.0,0.0,0.0,0.0,0.0
892282.041,2522.0,2285.0,2285.0,-342.75,-0.0,0.0,-342.0,0.0,-5.0,2523.0,0.0,0.0,0.0,0.0
892292.042,2523.0,2285.0,2285.0,-342.75,-0.0,0.0,-342.0,0.0,-5.0,2523.0,0.0,0.0,0.0,0.0
892302.043,2522.0,2285.0,2285.0,-342.75,-0.0,0.0,-342.0,0.0,-5.0,2523.0,0.0,0.0,0.0,0.0
892312.043,2523.0,2285.0,2285.0,-342.75,-0.0,0.0,-342.0,0.0,-5.0,2523.0,0.0,0.0,0.0,0.0
892322.044,2522.0,2285.0,2285.0,-342.75,-0.0,0.0,-342.0,0.0,-5.0,2523.0,0.0,0.0,0.0,0.0
892332.044,2523.0,2285.0,2285.0,-342.75,-0.0,0.0,-342.0,0.0,-5.0,2523.0,0.0,0.0,0.0,0.0
892342.045,2523.0,2285.0,2285.0,-342.75,-0.0,0.0,-342.0,0.0,-5.0,2523.0,0.0,0.0,0.0,0.0
892352.046,2522.0,2285.0,2285.0,-342.75,-0.0,0.0,-342.0,0.0,-5.0,2523.0,0.0,0.0,0.0,0.0
892362.047,2523.0,2285.0,2285.0,-342.75,-0.0,0.0,-342.0,0.0,-5.0,2523.0,0.0,0.0,0.0,0.0
892372.052,2522.0,2285.0,2285.0,-342.75,-0.0,0.0,-342.0,0.0,-5.0,2523.0,0.0,0.0,0.0,0.0
892382.053,2522.0,2285.0,2285.0,-342.75,-0.0,0.0,-342.0,0.0,-5.0,2523.0,0.0,0.0,0.0,0.0
892392.054,2522.0,2285.0,2285.0,-342.75,-0.0,0.0,-342.0,0.0,-5.0,2523.0,0.0,0.0,0.0,0.0
892402.055,2522.0,2285.0,2285.0,-342.75,-0.0,0.0,-342.0,0.0,-5.0,2523.0,0.0,0.0,0.0,0.0
892412.056,2522.0,2285.0,2285.0,-342.75,-0.0,0.0,-342.0,0.0,-5.0,2523.0,0.0,0.0,0.0,0.0
892422.056,2523.0,2285.0,2285.0,-342.75,-0.0,0.0,-342.0,0.0,-5.0,2523.0,0.0,0.0,0.0,0.0
892432.056,2522.0,2285.0,2285.0,-342.75,-0.0,0.0,-342.0,0.0,-5.0,2523.0,0.0,0.0,0.0,0.0
892443.041,2522.0,2285.0,2285.0,-342.75,-0.0,0.0,-342.0,0.0,-5.0,2523.0,0.0,0.0,0.0,0.0
892453.041,2522.0,2285.0,2285.0,-342.75,-0.0,0.0,-342.0,0.0,-5.0,2523.0,0.0,0.0,0.0,0.0
892463.041,2522.0,2285.0,2285.0,-342.75,-0.0,0.0,-342.0,0.0,-5.0,2522.0,0.0,0.0,0.0,0.0
892473.041,2522.0,2285.0,2285.0,-342.75,-0.0,0.0,-342.0,0.0,-5.0,2522.0,0.0,0.0,0.0,0.0
892483.041,2523.0,2285.0,2285.0,-342.75,-0.0,0.0,-342.0,0.0,-5.0,2522.0,0.0,0.0,0.0,0.0
892493.042,2523.0,2285.0,2285.0,-342.75,-0.0,0.0,-342.0,0.0,-5.0,2522.0,0.0,0.0,0.0,0.0
892503.043,2522.0,2285.0,2285.0,-342.75,-0.0,0.0,-342.0,0.0,-5.0,2522.0,0.0,0.0,0.0,0.0
892513.044,2523.0,2285.0,2285.0,-342.75,-0.0,0.0,-342.0,0.0,-5.0,2522.0,0.0,0.0,0.0,0.0
892523.044,2523.0,2285.0,2285.0,-342.75,-0.0,0.0,-342.0,0.0,-5.0,2522.0,0.0,0.0,0.0,0.0
892533.044,2523.0,2285.0,2285.0,-342.75,-0.0,0.0,-342.0,0.0,-5.0,2522.0,0.0,0.0,0.0,0.0
892543.044,2523.0,2285.0,2285.0,-342.75,-0.0,0.0,-342.0,0.0,-5.0,2522.0,0.0,0.0,0.0,0.0
892553.044,2523.0,2285.0,2285.0,-342.75,-0.0,0.0,-342.0,0.0,-5.0,2522.0,0.0,0.0,0.0,0.0
892563.044,2523.0,2285.0,2285.0,-342.75,-0.0,0.0,-342.0,0.0,-5.0,2523.0,0.0,0.0,0.0,0.0
892573.044,2522.0,2285.0,2285.0,-342.75,-0.0,0.0,-342.0,0.0,-5.0,2523.0,0.0,0.0,0.0,0.0
892583.045,2523.0,2285.0,2285.0,-342.75,-0.0,0.0,-342.0,0.0,-5.0,2523.0,0.0,0.0,0.0,0.0
892593.046,2523.0,2285.0,2285.0,-342.75,-0.0,0.0,-342.0,0.0,-5.0,2523.0,0.0,0.0,0.0,0.0
892603.046,2522.0,2285.0,2285.0,-342.75,-0.0,0.0,-342.0,0.0,-5.0,2523.0,0.0,0.0,0.0,0.0
892613.046,2523.0,2285.0,2285.0,-342.75,-0.0,0.0,-342.0,0.0,-5.0,2523.0,0.0,0.0,0.0,0.0
892623.047,2523.0,2285.0,2285.0,-342.75,-0.0,0.0,-342.0,0.0,-5.0,2523.0,0.0,0.0,0.0,0.0
892633.047,2522.0,2285.0,2285.0,-342.75,-0.0,0.0,-342.0,0.0,-5.0,2523.0,0.0,0.0,0.0,0.0
892643.048,2523.0,2285.0,2285.0,-342.75,-0.0,0.0,-342.0,0.0,-5.0,2523.0,0.0,0.0,0.0,0.0
892653.048,2522.0,2285.0,2285.0,-342.75,-0.0,0.0,-342.0,0.0,-5.0,2523.0,0.0,0.0,0.0,0.0
892663.049,2523.0,2285.0,2285.0,-342.75,-0.0,0.0,-342.0,0.0,-5.0,2523.0,0.0,0.0,0.0,0.0
892673.05,2522.0,2285.0,2285.0,-342.75,-0.0,0.0,-342.0,0.0,-5.0,2522.0,0.0,0.0,0.0,0.0
892683.05,2523.0,2285.0,2285.0,-342.75,-0.0,0.0,-342.0,0.0,-5.0,2522.0,0.0,0.0,0.0,0.0
892693.051,2523.0,2285.0,2285.0,-342.75,-0.0,0.0,-342.0,0.0,-5.0,2522.0,0.0,0.0,0.0,0.0
892703.051,2522.0,2285.0,2285.0,-342.75,-0.0,0.0,-342.0,0.0,-5.0,2522.0,0.0,0.0,0.0,0.0
892713.051,2523.0,2285.0,2285.0,-342.75,-0.0,0.0,-342.0,0.0,-5.0,2522.0,0.0,0.0,0.0,0.0
892723.052,2522.0,2285.0,2285.0,-342.75,-0.0,0.0,-342.0,0.0,-5.0,2522.0,0.0,0.0,0.0,0.0
892733.053,2523.0,2285.0,2285.0,-342.75,-0.0,0.0,-342.0,0.0,-5.0,2522.0,0.0,0.0,0.0,0.0
892743.058,2522.0,2285.0,2285.0,-342.75,-0.0,0.0,-342.0,0.0,-5.0,2522.0,0.0,0.0,0.0,0.0
892754.041,2522.0,2285.0,2285.0,-342.75,-0.0,0.0,-342.0,0.0,-5.0,2522.0,0.0,0.0,0.0,0.0
892764.042,2522.0,2285.0,2285.0,-342.75,-0.0,0.0,-342.0,0.0,-5.0,2522.0,0.0,0.0,0.0,0.0
892774.043,2522.0,2285.0,2285.0,-342.75,-0.0,0.0,-342.0,0.0,-5.0,2522.0,0.0,0.0,0.0,0.0
892784.044,2522.0,2285.0,2285.0,-342.75,-0.0,0.0,-342.0,0.0,-5.0,2522.0,0.0,0.0,0.0,0.0
892795.041,2523.0,2285.0,2285.0,-342.75,-0.0,0.0,-342.0,0.0,-5.0,2522.0,0.0,0.0,0.0,0.0
892805.041,2523.0,2285.0,2285.0,-342.75,-0.0,0.0,-342.0,0.0,-5.0,2522.0,0.0,0.0,0.0,0.0
892815.041,2523.0,2285.0,2285.0,-342.75,-0.0,0.0,-342.0,0.0,-5.0,2522.0,0.0,0.0,0.0,0.0
892825.042,2523.0,2285.0,2285.0,-342.75,-0.0,0.0,-342.0,0.0,-5.0,2522.0,0.0,0.0,0.0,0.0
892835.042,2522.0,2285.0,2285.0,-342.75,-0.0,0.0,-342.0,0.0,-5.0,2522.0,0.0,0.0,0.0,0.0
892845.043,2522.0,2285.0,2285.0,-342.75,-0.0,0.0,-342.0,0.0,-5.0,2522.0,0.0,0.0,0.0,0.0
892855.044,2523.0,2285.0,2285.0,-342.75,-0.0,0.0,-342.0,0.0,-5.0,2522.0,0.0,0.0,0.0,0.0
892865.044,2522.0,2285.0,2285.0,-342.75,-0.0,0.0,-342.0,0.0,-5.0,2522.0,0.0,0.0,0.0,0.0
892875.044,2522.0,2285.0,2285.0,-342.75,-0.0,0.0,-342.0,0.0,-5.0,2522.0,0.0,0.0,0.0,0.0
892885.044,2522.0,2285.0,2285.0,-342.75,-0.0,0.0,-342.0,0.0,-5.0,2522.0,0.0,0.0,0.0,0.0
892895.044,2522.0,2285.0,2285.0,-342.75,-0.0,0.0,-342.0,0.0,-5.0,2522.0,0.0,0.0,0.0,0.0
892905.045,2523.0,2285.0,2285.0,-342.75,-0.0,0.0,-342.0,0.0,-5.0,2522.0,0.0,0.0,0.0,0.0
892915.045,2523.0,2285.0,2285.0,-342.75,-0.0,0.0,-342.0,0.0,-5.0,2522.0,0.0,0.0,0.0,0.0
892925.045,2523.0,2285.0,2285.0,-342.75,-0.0,0.0,-342.0,0.0,-5.0,2522.0,0.0,0.0,0.0,0.0
892935.046,2523.0,2285.0,2285.0,-342.75,-0.0,0.0,-342.0,0.0,-5.0,2522.0,0.0,0.0,0.0,0.0
892945.046,2523.0,2285.0,2285.0,-342.75,-0.0,0.0,-342.0,0.0,-5.0,2522.0,0.0,0.0,0.0,0.0
892955.047,2523.0,2285.0,2285.0,-342.75,-0.0,0.0,-342.0,0.0,-5.0,2522.0,0.0,0.0,0.0,0.0
892965.047,2522.0,2285.0,2285.0,-342.75,-0.0,0.0,-342.0,0.0,-5.0,2522.0,0.0,0.0,0.0,0.0
892975.047,2523.0,2285.0,2285.0,-342.75,-0.0,0.0,-342.0,0.0,-5.0,2523.0,0.0,0.0,0.0,0.0
892985.047,2523.0,2285.0,2285.0,-342.75,-0.0,0.0,-342.0,0.0,-5.0,2523.0,0.0,0.0,0.0,0.0
892995.048,2523.0,2285.0,2285.0,-342.75,-0.0,0.0,-342.0,0.0,-5.0,2523.0,0.0,0.0,0.0,0.0
893005.052,2522.0,2285.0,2285.0,-342.75,-0.0,0.0,-342.0,0.0,-5.0,2523.0,0.0,0.0,0.0,0.0
893015.053,2523.0,2285.0,2285.0,-342.75,-0.0,0.0,-342.0,0.0,-5.0,2523.0,0.0,0.0,0.0,0.0
893025.054,2523.0,2285.0,2285.0,-342.75,-0.0,0.0,-342.0,0.0,-5.0,2523.0,0.0,0.0,0.0,0.0
893035.055,2523.0,2285.0,2285.0,-342.75,-0.0,0.0,-342.0,0.0,-5.0,2523.0,0.0,0.0,0.0,0.0
893045.055,2522.0,2285.0,2285.0,-342.75,-0.0,0.0,-342.0,0.0,-5.0,2523.0,0.0,0.0,0.0,0.0
893055.056,2523.0,2285.0,2285.0,-342.75,-0.0,0.0,-342.0,0.0,-5.0,2523.0,0.0,0.0,0.0,0.0
893065.057,2523.0,2285.0,2285.0,-342.75,-0.0,0.0,-342.0,0.0,-5.0,2523.0,0.0,0.0,0.0,0.0
893075.057,2522.0,2285.0,2285.0,-342.75,-0.0,0.0,-342.0,0.0,-5.0,2522.0,0.0,0.0,0.0,0.0
893085.057,2522.0,2285.0,2285.0,-342.75,-0.0,0.0,-342.0,0.0,-5.0,2522.0,0.0,0.0,0.0,0.0
893095.062,2523.0,2285.0,2285.0,-342.75,-0.0,0.0,-342.0,0.0,-5.0,2522.0,0.0,0.0,0.0,0.0
893105.063,2523.0,2285.0,2285.0,-342.75,-0.0,0.0,-342.0,0.0,-5.0,2522.0,0.0,0.0,0.0,0.0
893115.064,2523.0,2285.0,2285.0,-342.75,-0.0,0.0,-342.0,0.0,-5.0,2522.0,0.0,0.0,0.0,0.0
893125.065,2523.0,2285.0,2285.0,-342.75,-0.0,0.0,-342.0,0.0,-5.0,2522.0,0.0,0.0,0.0,0.0
893135.065,2522.0,2285.0,2285.0,-342.75,-0.0,0.0,-342.0,0.0,-5.0,2522.0,0.0,0.0,0.0,0.0
893145.066,2523.0,2285.0,2285.0,-342.75,-0.0,0.0,-342.0,0.0,-5.0,2522.0,0.0,0.0,0.0,0.0
893155.067,2522.0,2285.0,2285.0,-342.75,-0.0,0.0,-342.0,0.0,-5.0,2522.0,0.0,0.0,0.0,0.0
893165.067,2522.0,2285.0,2285.0,-342.75,-0.0,0.0,-342.0,0.0,-5.0,2522.0,0.0,0.0,0.0,0.0
893175.071,2522.0,2285.0,2285.0,-342.75,-0.0,0.0,-342.0,0.0,-5.0,2522.0,0.0,0.0,0.0,0.0
893185.071,2523.0,2285.0,2285.0,-342.75,-0.0,0.0,-342.0,0.0,-5.0,2522.0,0.0,0.0,0.0,0.0
893195.071,2523.0,2285.0,2285.0,-342.75,-0.0,0.0,-342.0,0.0,-5.0,2522.0,0.0,0.0,0.0,0.0
893205.072,2522.0,2285.0,2285.0,-342.75,-0.0,0.0,-342.0,0.0,-5.0,2522.0,0.0,0.0,0.0,0.0
893215.072,2522.0,2285.0,2285.0,-342.75,-0.0,0.0,-342.0,0.0,-5.0,2522.0,0.0,0.0,0.0,0.0
893225.072,2523.0,2285.0,2285.0,-342.75,-0.0,0.0,-342.0,0.0,-5.0,2522.0,0.0,0.0,0.0,0.0
893235.074,2522.0,2285.0,2285.0,-342.75,-0.0,0.0,-342.0,0.0,-5.0,2522.0,0.0,0.0,0.0,0.0
893245.074,2523.0,2285.0,2285.0,-342.75,-0.0,0.0,-342.0,0.0,-5.0,2522.0,0.0,0.0,0.0,0.0
893255.074,2523.0,2285.0,2285.0,-342.75,-0.0,0.0,-342.0,0.0,-5.0,2522.0,0.0,0.0,0.0,0.0
893265.074,2523.0,2285.0,2285.0,-342.75,-0.0,0.0,-342.0,0.0,-5.0,2522.0,0.0,0.0,0.0,0.0
893275.074,2523.0,2285.0,2285.0,-342.75,-0.0,0.0,-342.0,0.0,-5.0,2523.0,0.0,0.0,0.0,0.0
893285.075,2522.0,2285.0,2285.0,-342.75,-0.0,0.0,-342.0,0.0,-5.0,2523.0,0.0,0.0,0.0,0.0
893295.076,2522.0,2285.0,2285.0,-342.75,-0.0,0.0,-342.0,0.0,-5.0,2523.0,0.0,0.0,0.0,0.0
893305.076,2522.0,2285.0,2285.0,-342.75,-0.0,0.0,-342.0,0.0,-5.0,2523.0,0.0,0.0,0.0,0.0
893315.077,2522.0,2285.0,2285.0,-342.75,-0.0,0.0,-342.0,0.0,-5.0,2523.0,0.0,0.0,0.0,0.0
893325.077,2523.0,2285.0,2285.0,-342.75,-0.0,0.0,-342.0,0.0,-5.0,2523.0,0.0,0.0,0.0,0.0
893335.077,2522.0,2285.0,2285.0,-342.75,-0.0,0.0,-342.0,0.0,-5.0,2523.0,0.0,0.0,0.0,0.0
893345.078,2523.0,2285.0,2285.0,-342.75,-0.0,0.0,-342.0,0.0,-5.0,2523.0,0.0,0.0,0.0,0.0
893355.078,2523.0,2285.0,2285.0,-342.75,-0.0,0.0,-342.0,0.0,-5.0,2523.0,0.0,0.0,0.0,0.0
893365.078,2522.0,2285.0,2285.0,-342.75,-0.0,0.0,-342.0,0.0,-5.0,2523.0,0.0,0.0,0.0,0.0
893375.079,2522.0,2285.0,2285.0,-342.75,-0.0,0.0,-342.0,0.0,-5.0,2522.0,0.0,0.0,0.0,0.0
893385.079,2523.0,2285.0,2285.0,-342.75,-0.0,0.0,-342.0,0.0,-5.0,2522.0,0.0,0.0,0.0,0.0
893395.079,2523.0,2285.0,2285.0,-342.75,-0.0,0.0,-342.0,0.0,-5.0,2522.0,0.0,0.0,0.0,0.0
893405.079,2523.0,2285.0,2285.0,-342.75,-0.0,0.0,-342.0,0.0,-5.0,2522.0,0.0,0.0,0.0,0.0
893415.079,2522.0,2285.0,2285.0,-342.75,-0.0,0.0,-342.0,0.0,-5.0,2522.0,0.0,0.0,0.0,0.0
893425.08,2522.0,2285.0,2285.0,-342.75,-0.0,0.0,-342.0,0.0,-5.0,2522.0,0.0,0.0,0.0,0.0
893435.081,2523.0,2285.0,2285.0,-342.75,-0.0,0.0,-342.0,0.0,-5.0,2522.0,0.0,0.0,0.0,0.0
893446.04,2522.0,2285.0,2285.0,-342.75,-0.0,0.0,-342.0,0.0,-5.0,2522.0,0.0,0.0,0.0,0.0
893456.041,2522.0,2285.0,2285.0,-342.75,-0.0,0.0,-342.0,0.0,-5.0,2522.0,0.0,0.0,0.0,0.0
893466.041,2523.0,2285.0,2285.0,-342.75,-0.0,0.0,-342.0,0.0,-5.0,2522.0,0.0,0.0,0.0,0.0
893476.042,2523.0,2285.0,2285.0,-342.75,-0.0,0.0,-342.0,0.0,-5.0,2523.0,0.0,0.0,0.0,0.0
893486.043,2522.0,2285.0,2285.0,-342.75,-0.0,0.0,-342.0,0.0,-5.0,2523.0,0.0,0.0,0.0,0.0
893496.043,2522.0,2285.0,2285.0,-342.75,-0.0,0.0,-342.0,0.0,-5.0,2523.0,0.0,0.0,0.0,0.0
893506.043,2522.0,2285.0,2285.0,-342.75,-0.0,0.0,-342.0,0.0,-5.0,2523.0,0.0,0.0,0.0,0.0
893516.044,2523.0,2285.0,2285.0,-342.75,-0.0,0.0,-342.0,0.0,-5.0,2523.0,0.0,0.0,0.0,0.0
893526.044,2523.0,2285.0,2285.0,-342.75,-0.0,0.0,-342.0,0.0,-5.0,2523.0,0.0,0.0,0.0,0.0
893536.044,2523.0,2285.0,2285.0,-342.75,-0.0,0.0,-342.0,0.0,-5.0,2523.0,0.0,0.0,0.0,0.0
893546.044,2523.0,2285.0,2285.0,-342.75,-0.0,0.0,-342.0,0.0,-5.0,2523.0,0.0,0.0,0.0,0.0
893556.045,2523.0,2285.0,2285.0,-342.75,-0.0,0.0,-342.0,0.0,-5.0,2523.0,0.0,0.0,0.0,0.0
893567.04,2522.0,2285.0,2285.0,-342.75,-0.0,0.0,-342.0,0.0,-5.0,2523.0,0.0,0.0,0.0,0.0
893577.04,2523.0,2285.0,2285.0,-342.75,-0.0,0.0,-342.0,0.0,-5.0,2523.0,0.0,0.0,0.0,0.0
893588.098,2522.0,2285.0,2285.0,-342.75,-0.0,0.0,-342.0,0.0,-5.0,2523.0,0.0,0.0,0.0,0.0
893598.098,2523.0,2285.0,2285.0,-342.75,-0.0,0.0,-342.0,0.0,-5.0,2523.0,0.0,0.0,0.0,0.0
893608.098,2522.0,2285.0,2285.0,-342.75,-0.0,0.0,-342.0,0.0,-5.0,2523.0,0.0,0.0,0.0,0.0
893618.099,2522.0,2285.0,2285.0,-342.75,-0.0,0.0,-342.0,0.0,-5.0,2523.0,0.0,0.0,0.0,0.0
893628.104,2523.0,2285.0,2285.0,-342.75,-0.0,0.0,-342.0,0.0,-5.0,2523.0,0.0,0.0,0.0,0.0
893638.104,2523.0,2285.0,2285.0,-342.75,-0.0,0.0,-342.0,0.0,-5.0,2523.0,0.0,0.0,0.0,0.0
893648.105,2522.0,2285.0,2285.0,-342.75,-0.0,0.0,-342.0,0.0,-5.0,2523.0,0.0,0.0,0.0,0.0
893658.105,2523.0,2285.0,2285.0,-342.75,-0.0,0.0,-342.0,0.0,-5.0,2523.0,0.0,0.0,0.0,0.0
893668.106,2522.0,2285.0,2285.0,-342.75,-0.0,0.0,-342.0,0.0,-5.0,2523.0,0.0,0.0,0.0,0.0
893678.106,2523.0,2285.0,2285.0,-342.75,-0.0,0.0,-342.0,0.0,-5.0,2523.0,0.0,0.0,0.0,0.0
893688.107,2522.0,2285.0,2285.0,-342.75,-0.0,0.0,-342.0,0.0,-5.0,2523.0,0.0,0.0,0.0,0.0
893698.108,2523.0,2285.0,2285.0,-342.75,-0.0,0.0,-342.0,0.0,-5.0,2523.0,0.0,0.0,0.0,0.0
893708.109,2523.0,2285.0,2285.0,-342.75,-0.0,0.0,-342.0,0.0,-5.0,2523.0,0.0,0.0,0.0,0.0
893718.11,2523.0,2285.0,2285.0,-342.75,-0.0,0.0,-342.0,0.0,-5.0,2523.0,0.0,0.0,0.0,0.0
893729.098,2522.0,2285.0,2285.0,-342.75,-0.0,0.0,-342.0,0.0,-5.0,2523.0,0.0,0.0,0.0,0.0
893739.098,2523.0,2285.0,2285.0,-342.75,-0.0,0.0,-342.0,0.0,-5.0,2523.0,0.0,0.0,0.0,0.0
893749.098,2523.0,2285.0,2285.0,-342.75,-0.0,0.0,-342.0,0.0,-5.0,2523.0,0.0,0.0,0.0,0.0
893759.098,2522.0,2285.0,2285.0,-342.75,-0.0,0.0,-342.0,0.0,-5.0,2523.0,0.0,0.0,0.0,0.0
893769.099,2523.0,2285.0,2285.0,-342.75,-0.0,0.0,-342.0,0.0,-5.0,2523.0,0.0,0.0,0.0,0.0
893779.1,2522.0,2285.0,2285.0,-342.75,-0.0,0.0,-342.0,0.0,-5.0,2522.0,0.0,0.0,0.0,0.0
893789.101,2523.0,2285.0,2285.0,-342.75,-0.0,0.0,-342.0,0.0,-5.0,2522.0,0.0,0.0,0.0,0.0
893799.101,2522.0,2285.0,2285.0,-342.75,-0.0,0.0,-342.0,0.0,-5.0,2522.0,0.0,0.0,0.0,0.0
893809.102,2522.0,2285.0,2285.0,-342.75,-0.0,0.0,-342.0,0.0,-5.0,2522.0,0.0,0.0,0.0,0.0
893819.102,2522.0,2285.0,2285.0,-342.75,-0.0,0.0,-342.0,0.0,-5.0,2522.0,0.0,0.0,0.0,0.0
893829.103,2522.0,2285.0,2285.0,-342.75,-0.0,0.0,-342.0,0.0,-5.0,2522.0,0.0,0.0,0.0,0.0
893839.103,2522.0,2285.0,2285.0,-342.75,-0.0,0.0,-342.0,0.0,-5.0,2522.0,0.0,0.0,0.0,0.0
893849.103,2522.0,2285.0,2285.0,-342.75,-0.0,0.0,-342.0,0.0,-5.0,2522.0,0.0,0.0,0.0,0.0
893859.104,2523.0,2285.0,2285.0,-342.75,-0.0,0.0,-342.0,0.0,-5.0,2522.0,0.0,0.0,0.0,0.0
893869.105,2522.0,2285.0,2285.0,-342.75,-0.0,0.0,-342.0,0.0,-5.0,2522.0,0.0,0.0,0.0,0.0
893879.105,2522.0,2285.0,2285.0,-342.75,-0.0,0.0,-342.0,0.0,-5.0,2522.0,0.0,0.0,0.0,0.0
893889.106,2522.0,2285.0,2285.0,-342.75,-0.0,0.0,-342.0,0.0,-5.0,2522.0,0.0,0.0,0.0,0.0
893899.106,2522.0,2285.0,2285.0,-342.75,-0.0,0.0,-342.0,0.0,-5.0,2522.0,0.0,0.0,0.0,0.0
893909.106,2522.0,2285.0,2285.0,-342.75,-0.0,0.0,-342.0,0.0,-5.0,2522.0,0.0,0.0,0.0,0.0
893919.106,2522.0,2285.0,2285.0,-342.75,-0.0,0.0,-342.0,0.0,-5.0,2522.0,0.0,0.0,0.0,0.0
893929.107,2522.0,2285.0,2285.0,-342.75,-0.0,0.0,-342.0,0.0,-5.0,2522.0,0.0,0.0,0.0,0.0
893940.098,2523.0,2285.0,2285.0,-342.75,-0.0,0.0,-342.0,0.0,-5.0,2522.0,0.0,0.0,0.0,0.0
893951.098,2522.0,2285.0,2285.0,-342.75,-0.0,0.0,-342.0,0.0,-5.0,2522.0,0.0,0.0,0.0,0.0
893961.099,2522.0,2285.0,2285.0,-342.75,-0.0,0.0,-342.0,0.0,-5.0,2522.0,0.0,0.0,0.0,0.0
893972.098,2522.0,2285.0,2285.0,-342.75,-0.0,0.0,-342.0,0.0,-5.0,2522.0,0.0,0.0,0.0,0.0
893983.098,2522.0,2285.0,2285.0,-342.75,-0.0,0.0,-342.0,0.0,-5.0,2522.0,0.0,0.0,0.0,0.0
893993.099,2523.0,2285.0,2285.0,-342.75,-0.0,0.0,-342.0,0.0,-5.0,2522.0,0.0,0.0,0.0,0.0
894004.098,2522.0,2285.0,2285.0,-342.75,-0.0,0.0,-342.0,0.0,-5.0,2522.0,0.0,0.0,0.0,0.0
894014.099,2522.0,2285.0,2285.0,-342.75,-0.0,0.0,-342.0,0.0,-5.0,2522.0,0.0,0.0,0.0,0.0
894025.098,2522.0,2285.0,2285.0,-342.75,-0.0,0.0,-342.0,0.0,-5.0,2522.0,0.0,0.0,0.0,0.0
894035.098,2523.0,2285.0,2285.0,-342.75,-0.0,0.0,-342.0,0.0,-5.0,2522.0,0.0,0.0,0.0,0.0
894045.099,2523.0,2285.0,2285.0,-342.75,-0.0,0.0,-342.0,0.0,-5.0,2522.0,0.0,0.0,0.0,0.0
894055.101,2523.0,2285.0,2285.0,-342.75,-0.0,0.0,-342.0,0.0,-5.0,2522.0,0.0,0.0,0.0,0.0
894065.101,2522.0,2285.0,2285.0,-342.75,-0.0,0.0,-342.0,0.0,-5.0,2522.0,0.0,0.0,0.0,0.0
894075.101,2522.0,2285.0,2285.0,-342.75,-0.0,0.0,-342.0,0.0,-5.0,2522.0,0.0,0.0,0.0,0.0
894085.102,2522.0,2285.0,2285.0,-342.75,-0.0,0.0,-342.0,0.0,-5.0,2522.0,0.0,0.0,0.0,0.0
894095.103,2523.0,2285.0,2285.0,-342.75,-0.0,0.0,-342.0,0.0,-5.0,2522.0,0.0,0.0,0.0,0.0
894105.103,2522.0,2285.0,2285.0,-342.75,-0.0,0.0,-342.0,0.0,-5.0,2522.0,0.0,0.0,0.0,0.0
894115.103,2523.0,2285.0,2285.0,-342.75,-0.0,0.0,-342.0,0.0,-5.0,2522.0,0.0,0.0,0.0,0.0
894125.103,2522.0,2285.0,2285.0,-342.75,-0.0,0.0,-342.0,0.0,-5.0,2522.0,0.0,0.0,0.0,0.0
894135.103,2522.0,2285.0,2285.0,-342.75,-0.0,0.0,-342.0,0.0,-5.0,2522.0,0.0,0.0,0.0,0.0
894145.105,2523.0,2285.0,2285.0,-342.75,-0.0,0.0,-342.0,0.0,-5.0,2522.0,0.0,0.0,0.0,0.0
894155.105,2523.0,2285.0,2285.0,-342.75,-0.0,0.0,-342.0,0.0,-5.0,2522.0,0.0,0.0,0.0,0.0
894165.106,2522.0,2285.0,2285.0,-342.75,-0.0,0.0,-342.0,0.0,-5.0,2522.0,0.0,0.0,0.0,0.0
894175.107,2523.0,2285.0,2285.0,-342.75,-0.0,0.0,-342.0,0.0,-5.0,2523.0,0.0,0.0,0.0,0.0
894186.105,2523.0,2285.0,2285.0,-342.75,-0.0,0.0,-342.0,0.0,-5.0,2523.0,0.0,0.0,0.0,0.0
894196.105,2522.0,2285.0,2285.0,-342.75,-0.0,0.0,-342.0,0.0,-5.0,2523.0,0.0,0.0,0.0,0.0
894207.098,2523.0,2285.0,2285.0,-342.75,-0.0,0.0,-342.0,0.0,-5.0,2523.0,0.0,0.0,0.0,0.0
894217.098,2522.0,2285.0,2285.0,-342.75,-0.0,0.0,-342.0,0.0,-5.0,2523.0,0.0,0.0,0.0,0.0
894227.099,2523.0,2285.0,2285.0,-342.75,-0.0,0.0,-342.0,0.0,-5.0,2523.0,0.0,0.0,0.0,0.0
894237.1,2522.0,2285.0,2285.0,-342.75,-0.0,0.0,-342.0,0.0,-5.0,2523.0,0.0,0.0,0.0,0.0
894247.1,2523.0,2285.0,2285.0,-342.75,-0.0,0.0,-342.0,0.0,-5.0,2523.0,0.0,0.0,0.0,0.0
894257.101,2523.0,2285.0,2285.0,-342.75,-0.0,0.0,-342.0,0.0,-5.0,2523.0,0.0,0.0,0.0,0.0
894267.101,2523.0,2285.0,2285.0,-342.75,-0.0,0.0,-342.0,0.0,-5.0,2523.0,0.0,0.0,0.0,0.0
894277.102,2523.0,2285.0,2285.0,-342.75,-0.0,0.0,-342.0,0.0,-5.0,2523.0,0.0,0.0,0.0,0.0
894287.103,2522.0,2285.0,2285.0,-342.75,-0.0,0.0,-342.0,0.0,-5.0,2523.0,0.0,0.0,0.0,0.0
894297.103,2522.0,2285.0,2285.0,-342.75,-0.0,0.0,-342.0,0.0,-5.0,2523.0,0.0,0.0,0.0,0.0
894307.103,2523.0,2285.0,2285.0,-342.75,-0.0,0.0,-342.0,0.0,-5.0,2523.0,0.0,0.0,0.0,0.0
894317.103,2522.0,2285.0,2285.0,-342.75,-0.0,0.0,-342.0,0.0,-5.0,2523.0,0.0,0.0,0.0,0.0
894327.103,2522.0,2285.0,2285.0,-342.75,-0.0,0.0,-342.0,0.0,-5.0,2523.0,0.0,0.0,0.0,0.0
894337.103,2523.0,2285.0,2285.0,-342.75,-0.0,0.0,-342.0,0.0,-5.0,2523.0,0.0,0.0,0.0,0.0
894347.103,2522.0,2285.0,2285.0,-342.75,-0.0,0.0,-342.0,0.0,-5.0,2523.0,0.0,0.0,0.0,0.0
894357.103,2523.0,2285.0,2285.0,-342.75,-0.0,0.0,-342.0,0.0,-5.0,2523.0,0.0,0.0,0.0,0.0
894367.104,2523.0,2285.0,2285.0,-342.75,-0.0,0.0,-342.0,0.0,-5.0,2523.0,0.0,0.0,0.0,0.0
894377.105,2522.0,2285.0,2285.0,-342.75,-0.0,0.0,-342.0,0.0,-5.0,2522.0,0.0,0.0,0.0,0.0
894387.106,2522.0,2285.0,2285.0,-342.75,-0.0,0.0,-342.0,0.0,-5.0,2522.0,0.0,0.0,0.0,0.0
894397.106,2522.0,2285.0,2285.0,-342.75,-0.0,0.0,-342.0,0.0,-5.0,2522.0,0.0,0.0,0.0,0.0
894408.098,2523.0,2285.0,2285.0,-342.75,-0.0,0.0,-342.0,0.0,-5.0,2522.0,0.0,0.0,0.0,0.0
894418.099,2523.0,2285.0,2285.0,-342.75,-0.0,0.0,-342.0,0.0,-5.0,2522.0,0.0,0.0,0.0,0.0
894428.1,2522.0,2285.0,2285.0,-342.75,-0.0,0.0,-342.0,0.0,-5.0,2522.0,0.0,0.0,0.0,0.0
894438.101,2522.0,2285.0,2285.0,-342.75,-0.0,0.0,-342.0,0.0,-5.0,2522.0,0.0,0.0,0.0,0.0
894448.101,2522.0,2285.0,2285.0,-342.75,-0.0,0.0,-342.0,0.0,-5.0,2522.0,0.0,0.0,0.0,0.0
894458.102,2523.0,2285.0,2285.0,-342.75,-0.0,0.0,-342.0,0.0,-5.0,2522.0,0.0,0.0,0.0,0.0
894468.102,2523.0,2285.0,2285.0,-342.75,-0.0,0.0,-342.0,0.0,-5.0,2522.0,0.0,0.0,0.0,0.0
894478.103,2523.0,2285.0,2285.0,-342.75,-0.0,0.0,-342.0,0.0,-5.0,2523.0,0.0,0.0,0.0,0.0
894488.104,2522.0,2285.0,2285.0,-342.75,-0.0,0.0,-342.0,0.0,-5.0,2523.0,0.0,0.0,0.0,0.0
894498.105,2523.0,2285.0,2285.0,-342.75,-0.0,0.0,-342.0,0.0,-5.0,2523.0,0.0,0.0,0.0,0.0
894508.105,2523.0,2285.0,2285.0,-342.75,-0.0,0.0,-342.0,0.0,-5.0,2523.0,0.0,0.0,0.0,0.0
894518.106,2522.0,2285.0,2285.0,-342.75,-0.0,0.0,-342.0,0.0,-5.0,2523.0,0.0,0.0,0.0,0.0
894528.107,2523.0,2285.0,2285.0,-342.75,-0.0,0.0,-342.0,0.0,-5.0,2523.0,0.0,0.0,0.0,0.0
894538.107,2523.0,2285.0,2285.0,-342.75,-0.0,0.0,-342.0,0.0,-5.0,2523.0,0.0,0.0,0.0,0.0
894548.107,2522.0,2285.0,2285.0,-342.75,-0.0,0.0,-342.0,0.0,-5.0,2523.0,0.0,0.0,0.0,0.0
894558.107,2523.0,2285.0,2285.0,-342.75,-0.0,0.0,-342.0,0.0,-5.0,2523.0,0.0,0.0,0.0,0.0
894568.108,2522.0,2285.0,2285.0,-342.75,-0.0,0.0,-342.0,0.0,-5.0,2523.0,0.0,0.0,0.0,0.0
894578.108,2523.0,2285.0,2285.0,-342.75,-0.0,0.0,-342.0,0.0,-5.0,2523.0,0.0,0.0,0.0,0.0
894588.108,2523.0,2285.0,2285.0,-342.75,-0.0,0.0,-342.0,0.0,-5.0,2523.0,0.0,0.0,0.0,0.0
894598.109,2523.0,2285.0,2285.0,-342.75,-0.0,0.0,-342.0,0.0,-5.0,2523.0,0.0,0.0,0.0,0.0
894608.109,2523.0,2285.0,2285.0,-342.75,-0.0,0.0,-342.0,0.0,-5.0,2523.0,0.0,0.0,0.0,0.0
894618.11,2522.0,2285.0,2285.0,-342.75,-0.0,0.0,-342.0,0.0,-5.0,2523.0,0.0,0.0,0.0,0.0
894628.11,2523.0,2285.0,2285.0,-342.75,-0.0,0.0,-342.0,0.0,-5.0,2523.0,0.0,0.0,0.0,0.0
894638.111,2523.0,2285.0,2285.0,-342.75,-0.0,0.0,-342.0,0.0,-5.0,2523.0,0.0,0.0,0.0,0.0
894648.112,2522.0,2285.0,2285.0,-342.75,-0.0,0.0,-342.0,0.0,-5.0,2523.0,0.0,0.0,0.0,0.0
894658.113,2522.0,2285.0,2285.0,-342.75,-0.0,0.0,-342.0,0.0,-5.0,2523.0,0.0,0.0,0.0,0.0
894668.113,2522.0,2285.0,2285.0,-342.75,-0.0,0.0,-342.0,0.0,-5.0,2523.0,0.0,0.0,0.0,0.0
894678.114,2522.0,2285.0,2285.0,-342.75,-0.0,0.0,-342.0,0.0,-5.0,2522.0,0.0,0.0,0.0,0.0
894688.115,2522.0,2285.0,2285.0,-342.75,-0.0,0.0,-342.0,0.0,-5.0,2522.0,0.0,0.0,0.0,0.0
894698.116,2522.0,2285.0,2285.0,-342.75,-0.0,0.0,-342.0,0.0,-5.0,2522.0,0.0,0.0,0.0,0.0
894709.098,2522.0,2285.0,2285.0,-342.75,-0.0,0.0,-342.0,0.0,-5.0,2522.0,0.0,0.0,0.0,0.0
894719.099,2522.0,2285.0,2285.0,-342.75,-0.0,0.0,-342.0,0.0,-5.0,2522.0,0.0,0.0,0.0,0.0
894729.1,2523.0,2285.0,2285.0,-342.75,-0.0,0.0,-342.0,0.0,-5.0,2522.0,0.0,0.0,0.0,0.0
894739.101,2522.0,2285.0,2285.0,-342.75,-0.0,0.0,-342.0,0.0,-5.0,2522.0,0.0,0.0,0.0,0.0
894749.101,2522.0,2285.0,2285.0,-342.75,-0.0,0.0,-342.0,0.0,-5.0,2522.0,0.0,0.0,0.0,0.0
894759.102,2522.0,2285.0,2285.0,-342.75,-0.0,0.0,-342.0,0.0,-5.0,2522.0,0.0,0.0,0.0,0.0
894769.103,2522.0,2285.0,2285.0,-342.75,-0.0,0.0,-342.0,0.0,-5.0,2522.0,0.0,0.0,0.0,0.0
894779.103,2522.0,2285.0,2285.0,-342.75,-0.0,0.0,-342.0,0.0,-5.0,2522.0,0.0,0.0,0.0,0.0
894790.098,2522.0,2285.0,2285.0,-342.75,-0.0,0.0,-342.0,0.0,-5.0,2522.0,0.0,0.0,0.0,0.0
894800.098,2522.0,2285.0,2285.0,-342.75,-0.0,0.0,-342.0,0.0,-5.0,2522.0,0.0,0.0,0.0,0.0
894810.099,2522.0,2285.0,2285.0,-342.75,-0.0,0.0,-342.0,0.0,-5.0,2522.0,0.0,0.0,0.0,0.0
894820.099,2521.0,2285.0,2285.0,-342.75,-0.0,0.0,-342.0,0.0,-5.0,2522.0,0.0,0.0,0.0,0.0
894830.1,2521.0,2285.0,2285.0,-342.75,-0.0,0.0,-342.0,0.0,-5.0,2522.0,0.0,0.0,0.0,0.0
894840.101,2521.0,2285.0,2285.0,-342.75,-0.0,0.0,-342.0,0.0,-5.0,2522.0,0.0,0.0,0.0,0.0
894850.101,2520.0,2285.0,2285.0,-342.75,-0.0,0.0,-342.0,0.0,-5.0,2522.0,0.0,0.0,0.0,0.0
894860.101,2521.0,2285.0,2285.0,-342.75,-0.0,0.0,-342.0,0.0,-5.0,2522.0,0.0,0.0,0.0,0.0
894870.101,2521.0,2285.0,2285.0,-342.75,-0.0,0.0,-342.0,0.0,-5.0,2522.0,0.0,0.0,0.0,0.0
894881.098,2521.0,2285.0,2285.0,-342.75,-0.0,0.0,-342.0,0.0,-5.0,2521.0,0.0,0.0,0.0,0.0
894891.098,2521.0,2285.0,2285.0,-342.75,-0.0,0.0,-342.0,0.0,-5.0,2521.0,0.0,0.0,0.0,0.0
894902.098,2521.0,2285.0,2285.0,-342.75,-0.0,0.0,-342.0,0.0,-5.0,2521.0,0.0,0.0,0.0,0.0
894913.098,2521.0,2285.0,2285.0,-342.75,-0.0,0.0,-342.0,0.0,-5.0,2521.0,0.0,0.0,0.0,0.0
894923.099,2521.0,2285.0,2285.0,-342.75,-0.0,0.0,-342.0,0.0,-5.0,2521.0,0.0,0.0,0.0,0.0
894933.099,2521.0,2285.0,2285.0,-342.75,-0.0,0.0,-342.0,0.0,-5.0,2521.0,0.0,0.0,0.0,0.0
894943.099,2521.0,2285.0,2285.0,-342.75,-0.0,0.0,-342.0,0.0,-5.0,2521.0,0.0,0.0,0.0,0.0
894953.099,2521.0,2285.0,2285.0,-342.75,-0.0,0.0,-342.0,0.0,-5.0,2521.0,0.0,0.0,0.0,0.0
894963.1,2521.0,2285.0,2285.0,-342.75,-0.0,0.0,-342.0,0.0,-5.0,2521.0,0.0,0.0,0.0,0.0
894973.101,2521.0,2285.0,2285.0,-342.75,-0.0,0.0,-342.0,0.0,-5.0,2521.0,0.0,0.0,0.0,0.0
894983.102,2521.0,2285.0,2285.0,-342.75,-0.0,0.0,-342.0,0.0,-5.0,2521.0,0.0,0.0,0.0,0.0
894993.103,2521.0,2285.0,2285.0,-342.75,-0.0,0.0,-342.0,0.0,-5.0,2521.0,0.0,0.0,0.0,0.0
895003.103,2521.0,2285.0,2285.0,-342.75,-0.0,0.0,-342.0,0.0,-5.0,2521.0,0.0,0.0,0.0,0.0
895013.104,2521.0,2285.0,2285.0,-342.75,-0.0,0.0,-342.0,0.0,-5.0,2521.0,0.0,0.0,0.0,0.0
895023.104,2521.0,2285.0,2285.0,-342.75,-0.0,0.0,-342.0,0.0,-5.0,2521.0,0.0,0.0,0.0,0.0
895033.104,2521.0,2285.0,2285.0,-342.75,-0.0,0.0,-342.0,0.0,-5.0,2521.0,0.0,0.0,0.0,0.0
895043.105,2521.0,2285.0,2285.0,-342.75,-0.0,0.0,-342.0,0.0,-5.0,2521.0,0.0,0.0,0.0,0.0
895053.106,2521.0,2285.0,2285.0,-342.75,-0.0,0.0,-342.0,0.0,-5.0,2521.0,0.0,0.0,0.0,0.0
895063.106,2521.0,2285.0,2285.0,-342.75,-0.0,0.0,-342.0,0.0,-5.0,2521.0,0.0,0.0,0.0,0.0
895073.107,2521.0,2285.0,2285.0,-342.75,-0.0,0.0,-342.0,0.0,-5.0,2521.0,0.0,0.0,0.0,0.0
895083.107,2521.0,2285.0,2285.0,-342.75,-0.0,0.0,-342.0,0.0,-5.0,2521.0,0.0,0.0,0.0,0.0
895093.108,2521.0,2285.0,2285.0,-342.75,-0.0,0.0,-342.0,0.0,-5.0,2521.0,0.0,0.0,0.0,0.0
895103.108,2521.0,2285.0,2285.0,-342.75,-0.0,0.0,-342.0,0.0,-5.0,2521.0,0.0,0.0,0.0,0.0
895113.109,2521.0,2285.0,2285.0,-342.75,-0.0,0.0,-342.0,0.0,-5.0,2521.0,0.0,0.0,0.0,0.0
895123.11,2521.0,2285.0,2285.0,-342.75,-0.0,0.0,-342.0,0.0,-5.0,2521.0,0.0,0.0,0.0,0.0
895133.11,2521.0,2285.0,2285.0,-342.75,-0.0,0.0,-342.0,0.0,-5.0,2521.0,0.0,0.0,0.0,0.0
895143.111,2521.0,2285.0,2285.0,-342.75,-0.0,0.0,-342.0,0.0,-5.0,2521.0,0.0,0.0,0.0,0.0
895153.112,2521.0,2285.0,2285.0,-342.75,-0.0,0.0,-342.0,0.0,-5.0,2521.0,0.0,0.0,0.0,0.0
895163.112,2521.0,2285.0,2285.0,-342.75,-0.0,0.0,-342.0,0.0,-5.0,2521.0,0.0,0.0,0.0,0.0
895173.112,2521.0,2285.0,2285.0,-342.75,-0.0,0.0,-342.0,0.0,-5.0,2521.0,0.0,0.0,0.0,0.0
895183.112,2521.0,2285.0,2285.0,-342.75,-0.0,0.0,-342.0,0.0,-5.0,2521.0,0.0,0.0,0.0,0.0
895193.113,2521.0,2285.0,2285.0,-342.75,-0.0,0.0,-342.0,0.0,-5.0,2521.0,0.0,0.0,0.0,0.0
895203.114,2521.0,2285.0,2285.0,-342.75,-0.0,0.0,-342.0,0.0,-5.0,2521.0,0.0,0.0,0.0,0.0
895213.115,2521.0,2285.0,2285.0,-342.75,-0.0,0.0,-342.0,0.0,-5.0,2521.0,0.0,0.0,0.0,0.0
895223.115,2521.0,2285.0,2285.0,-342.75,-0.0,0.0,-342.0,0.0,-5.0,2521.0,0.0,0.0,0.0,0.0
895233.116,2521.0,2285.0,2285.0,-342.75,-0.0,0.0,-342.0,0.0,-5.0,2521.0,0.0,0.0,0.0,0.0
895243.117,2521.0,2285.0,2285.0,-342.75,-0.0,0.0,-342.0,0.0,-5.0,2521.0,0.0,0.0,0.0,0.0
895253.118,2521.0,2285.0,2285.0,-342.75,-0.0,0.0,-342.0,0.0,-5.0,2521.0,0.0,0.0,0.0,0.0
895263.119,2521.0,2285.0,2285.0,-342.75,-0.0,0.0,-342.0,0.0,-5.0,2521.0,0.0,0.0,0.0,0.0
895273.119,2521.0,2285.0,2285.0,-342.75,-0.0,0.0,-342.0,0.0,-5.0,2521.0,0.0,0.0,0.0,0.0
895283.12,2521.0,2285.0,2285.0,-342.75,-0.0,0.0,-342.0,0.0,-5.0,2521.0,0.0,0.0,0.0,0.0
895293.121,2521.0,2285.0,2285.0,-342.75,-0.0,0.0,-342.0,0.0,-5.0,2521.0,0.0,0.0,0.0,0.0
895303.125,2521.0,2285.0,2285.0,-342.75,-0.0,0.0,-342.0,0.0,-5.0,2521.0,0.0,0.0,0.0,0.0
895313.126,2521.0,2285.0,2285.0,-342.75,-0.0,0.0,-342.0,0.0,-5.0,2521.0,0.0,0.0,0.0,0.0
895323.126,2521.0,2285.0,2285.0,-342.75,-0.0,0.0,-342.0,0.0,-5.0,2521.0,0.0,0.0,0.0,0.0
895333.126,2521.0,2285.0,2285.0,-342.75,-0.0,0.0,-342.0,0.0,-5.0,2521.0,0.0,0.0,0.0,0.0
895343.126,2521.0,2285.0,2285.0,-342.75,-0.0,0.0,-342.0,0.0,-5.0,2521.0,0.0,0.0,0.0,0.0
895353.126,2521.0,2285.0,2285.0,-342.75,-0.0,0.0,-342.0,0.0,-5.0,2521.0,0.0,0.0,0.0,0.0
895363.126,2521.0,2285.0,2285.0,-342.75,-0.0,0.0,-342.0,0.0,-5.0,2521.0,0.0,0.0,0.0,0.0
895373.127,2521.0,2285.0,2285.0,-342.75,-0.0,0.0,-342.0,0.0,-5.0,2521.0,0.0,0.0,0.0,0.0
895383.128,2521.0,2285.0,2285.0,-342.75,-0.0,0.0,-342.0,0.0,-5.0,2521.0,0.0,0.0,0.0,0.0
895393.128,2521.0,2285.0,2285.0,-342.75,-0.0,0.0,-342.0,0.0,-5.0,2521.0,0.0,0.0,0.0,0.0
895403.128,2521.0,2285.0,2285.0,-342.75,-0.0,0.0,-342.0,0.0,-5.0,2521.0,0.0,0.0,0.0,0.0
895413.128,2521.0,2285.0,2285.0,-342.75,-0.0,0.0,-342.0,0.0,-5.0,2521.0,0.0,0.0,0.0,0.0
895423.128,2521.0,2285.0,2285.0,-342.75,-0.0,0.0,-342.0,0.0,-5.0,2521.0,0.0,0.0,0.0,0.0
895433.129,2521.0,2285.0,2285.0,-342.75,-0.0,0.0,-342.0,0.0,-5.0,2521.0,0.0,0.0,0.0,0.0
895443.13,2521.0,2285.0,2285.0,-342.75,-0.0,0.0,-342.0,0.0,-5.0,2521.0,0.0,0.0,0.0,0.0
895453.131,2521.0,2285.0,2285.0,-342.75,-0.0,0.0,-342.0,0.0,-5.0,2521.0,0.0,0.0,0.0,0.0
895463.132,2521.0,2285.0,2285.0,-342.75,-0.0,0.0,-342.0,0.0,-5.0,2521.0,0.0,0.0,0.0,0.0
895473.133,2521.0,2285.0,2285.0,-342.75,-0.0,0.0,-342.0,0.0,-5.0,2521.0,0.0,0.0,0.0,0.0
895483.133,2521.0,2285.0,2285.0,-342.75,-0.0,0.0,-342.0,0.0,-5.0,2521.0,0.0,0.0,0.0,0.0
895493.134,2521.0,2285.0,2285.0,-342.75,-0.0,0.0,-342.0,0.0,-5.0,2521.0,0.0,0.0,0.0,0.0
895503.134,2521.0,2285.0,2285.0,-342.75,-0.0,0.0,-342.0,0.0,-5.0,2521.0,0.0,0.0,0.0,0.0
895513.135,2521.0,2285.0,2285.0,-342.75,-0.0,0.0,-342.0,0.0,-5.0,2521.0,0.0,0.0,0.0,0.0
895523.136,2521.0,2285.0,2285.0,-342.75,-0.0,0.0,-342.0,0.0,-5.0,2521.0,0.0,0.0,0.0,0.0
895533.137,2521.0,2285.0,2285.0,-342.75,-0.0,0.0,-342.0,0.0,-5.0,2521.0,0.0,0.0,0.0,0.0
895543.137,2521.0,2285.0,2285.0,-342.75,-0.0,0.0,-342.0,0.0,-5.0,2521.0,0.0,0.0,0.0,0.0
895553.138,2521.0,2285.0,2285.0,-342.75,-0.0,0.0,-342.0,0.0,-5.0,2521.0,0.0,0.0,0.0,0.0
895563.138,2521.0,2285.0,2285.0,-342.75,-0.0,0.0,-342.0,0.0,-5.0,2521.0,0.0,0.0,0.0,0.0
895573.138,2521.0,2285.0,2285.0,-342.75,-0.0,0.0,-342.0,0.0,-5.0,2521.0,0.0,0.0,0.0,0.0
895583.139,2521.0,2285.0,2285.0,-342.75,-0.0,0.0,-342.0,0.0,-5.0,2521.0,0.0,0.0,0.0,0.0
895593.14,2521.0,2285.0,2285.0,-342.75,-0.0,0.0,-342.0,0.0,-5.0,2521.0,0.0,0.0,0.0,0.0
895604.098,2521.0,2285.0,2285.0,-342.75,-0.0,0.0,-342.0,0.0,-5.0,2521.0,0.0,0.0,0.0,0.0
895614.098,2521.0,2285.0,2285.0,-342.75,-0.0,0.0,-342.0,0.0,-5.0,2521.0,0.0,0.0,0.0,0.0
895624.099,2521.0,2285.0,2285.0,-342.75,-0.0,0.0,-342.0,0.0,-5.0,2521.0,0.0,0.0,0.0,0.0
895634.099,2521.0,2285.0,2285.0,-342.75,-0.0,0.0,-342.0,0.0,-5.0,2521.0,0.0,0.0,0.0,0.0
895644.099,2521.0,2285.0,2285.0,-342.75,-0.0,0.0,-342.0,0.0,-5.0,2521.0,0.0,0.0,0.0,0.0
895654.1,2521.0,2285.0,2285.0,-342.75,-0.0,0.0,-342.0,0.0,-5.0,2521.0,0.0,0.0,0.0,0.0
895664.101,2521.0,2285.0,2285.0,-342.75,-0.0,0.0,-342.0,0.0,-5.0,2521.0,0.0,0.0,0.0,0.0
895674.101,2521.0,2285.0,2285.0,-342.75,-0.0,0.0,-342.0,0.0,-5.0,2521.0,0.0,0.0,0.0,0.0
895684.101,2521.0,2285.0,2285.0,-342.75,-0.0,0.0,-342.0,0.0,-5.0,2521.0,0.0,0.0,0.0,0.0
895694.101,2521.0,2285.0,2285.0,-342.75,-0.0,0.0,-342.0,0.0,-5.0,2521.0,0.0,0.0,0.0,0.0
895704.102,2521.0,2285.0,2285.0,-342.75,-0.0,0.0,-342.0,0.0,-5.0,2521.0,0.0,0.0,0.0,0.0
895714.102,2521.0,2285.0,2285.0,-342.75,-0.0,0.0,-342.0,0.0,-5.0,2521.0,0.0,0.0,0.0,0.0
895724.104,2521.0,2285.0,2285.0,-342.75,-0.0,0.0,-342.0,0.0,-5.0,2521.0,0.0,0.0,0.0,0.0
895735.098,2521.0,2285.0,2285.0,-342.75,-0.0,0.0,-342.0,0.0,-5.0,2521.0,0.0,0.0,0.0,0.0
895745.099,2521.0,2285.0,2285.0,-342.75,-0.0,0.0,-342.0,0.0,-5.0,2521.0,0.0,0.0,0.0,0.0
895756.098,2521.0,2285.0,2285.0,-342.75,-0.0,0.0,-342.0,0.0,-5.0,2521.0,0.0,0.0,0.0,0.0
895766.098,2521.0,2285.0,2285.0,-342.75,-0.0,0.0,-342.0,0.0,-5.0,2521.0,0.0,0.0,0.0,0.0
895776.098,2521.0,2285.0,2285.0,-342.75,-0.0,0.0,-342.0,0.0,-5.0,2521.0,0.0,0.0,0.0,0.0
895786.098,2521.0,2285.0,2285.0,-342.75,-0.0,0.0,-342.0,0.0,-5.0,2521.0,0.0,0.0,0.0,0.0
895796.098,2521.0,2285.0,2285.0,-342.75,-0.0,0.0,-342.0,0.0,-5.0,2521.0,0.0,0.0,0.0,0.0
895806.098,2521.0,2285.0,2285.0,-342.75,-0.0,0.0,-342.0,0.0,-5.0,2521.0,0.0,0.0,0.0,0.0
895816.098,2521.0,2285.0,2285.0,-342.75,-0.0,0.0,-342.0,0.0,-5.0,2521.0,0.0,0.0,0.0,0.0
895826.099,2521.0,2285.0,2285.0,-342.75,-0.0,0.0,-342.0,0.0,-5.0,2521.0,0.0,0.0,0.0,0.0
895836.099,2521.0,2285.0,2285.0,-342.75,-0.0,0.0,-342.0,0.0,-5.0,2521.0,0.0,0.0,0.0,0.0
895846.099,2521.0,2285.0,2285.0,-342.75,-0.0,0.0,-342.0,0.0,-5.0,2521.0,0.0,0.0,0.0,0.0
895856.099,2521.0,2285.0,2285.0,-342.75,-0.0,0.0,-342.0,0.0,-5.0,2521.0,0.0,0.0,0.0,0.0
895866.1,2521.0,2285.0,2285.0,-342.75,-0.0,0.0,-342.0,0.0,-5.0,2521.0,0.0,0.0,0.0,0.0
895876.102,2521.0,2285.0,2285.0,-342.75,-0.0,0.0,-342.0,0.0,-5.0,2521.0,0.0,0.0,0.0,0.0
895886.103,2521.0,2285.0,2285.0,-342.75,-0.0,0.0,-342.0,0.0,-5.0,2521.0,0.0,0.0,0.0,0.0
895896.103,2521.0,2285.0,2285.0,-342.75,-0.0,0.0,-342.0,0.0,-5.0,2521.0,0.0,0.0,0.0,0.0
895906.104,2521.0,2285.0,2285.0,-342.75,-0.0,0.0,-342.0,0.0,-5.0,2521.0,0.0,0.0,0.0,0.0
895916.105,2521.0,2285.0,2285.0,-342.75,-0.0,0.0,-342.0,0.0,-5.0,2521.0,0.0,0.0,0.0,0.0
895926.105,2521.0,2285.0,2285.0,-342.75,-0.0,0.0,-342.0,0.0,-5.0,2521.0,0.0,0.0,0.0,0.0
895936.106,2521.0,2285.0,2285.0,-342.75,-0.0,0.0,-342.0,0.0,-5.0,2521.0,0.0,0.0,0.0,0.0
895946.107,2521.0,2285.0,2285.0,-342.75,-0.0,0.0,-342.0,0.0,-5.0,2521.0,0.0,0.0,0.0,0.0
895956.108,2521.0,2285.0,2285.0,-342.75,-0.0,0.0,-342.0,0.0,-5.0,2521.0,0.0,0.0,0.0,0.0
895966.108,2521.0,2285.0,2285.0,-342.75,-0.0,0.0,-342.0,0.0,-5.0,2521.0,0.0,0.0,0.0,0.0
895976.108,2521.0,2285.0,2285.0,-342.75,-0.0,0.0,-342.0,0.0,-5.0,2521.0,0.0,0.0,0.0,0.0
895986.108,2521.0,2285.0,2285.0,-342.75,-0.0,0.0,-342.0,0.0,-5.0,2521.0,0.0,0.0,0.0,0.0
895996.109,2521.0,2285.0,2285.0,-342.75,-0.0,0.0,-342.0,0.0,-5.0,2521.0,0.0,0.0,0.0,0.0
896006.109,2521.0,2285.0,2285.0,-342.75,-0.0,0.0,-342.0,0.0,-5.0,2521.0,0.0,0.0,0.0,0.0
896016.109,2521.0,2285.0,2285.0,-342.75,-0.0,0.0,-342.0,0.0,-5.0,2521.0,0.0,0.0,0.0,0.0
896026.109,2521.0,2285.0,2285.0,-342.75,-0.0,0.0,-342.0,0.0,-5.0,2521.0,0.0,0.0,0.0,0.0
896036.11,2521.0,2285.0,2285.0,-342.75,-0.0,0.0,-342.0,0.0,-5.0,2521.0,0.0,0.0,0.0,0.0
896047.098,2521.0,2285.0,2285.0,-342.75,-0.0,0.0,-342.0,0.0,-5.0,2521.0,0.0,0.0,0.0,0.0
896057.099,2521.0,2285.0,2285.0,-342.75,-0.0,0.0,-342.0,0.0,-5.0,2521.0,0.0,0.0,0.0,0.0
896068.098,2521.0,2285.0,2285.0,-342.75,-0.0,0.0,-342.0,0.0,-5.0,2521.0,0.0,0.0,0.0,0.0
896078.098,2521.0,2285.0,2285.0,-342.75,-0.0,0.0,-342.0,0.0,-5.0,2521.0,0.0,0.0,0.0,0.0
896088.098,2521.0,2285.0,2285.0,-342.75,-0.0,0.0,-342.0,0.0,-5.0,2521.0,0.0,0.0,0.0,0.0
896098.099,2521.0,2285.0,2285.0,-342.75,-0.0,0.0,-342.0,0.0,-5.0,2521.0,0.0,0.0,0.0,0.0
896108.099,2521.0,2285.0,2285.0,-342.75,-0.0,0.0,-342.0,0.0,-5.0,2521.0,0.0,0.0,0.0,0.0
896118.099,2521.0,2285.0,2285.0,-342.75,-0.0,0.0,-342.0,0.0,-5.0,2521.0,0.0,0.0,0.0,0.0
896128.1,2521.0,2285.0,2285.0,-342.75,-0.0,0.0,-342.0,0.0,-5.0,2521.0,0.0,0.0,0.0,0.0
896138.1,2521.0,2285.0,2285.0,-342.75,-0.0,0.0,-342.0,0.0,-5.0,2521.0,0.0,0.0,0.0,0.0
896148.101,2521.0,2285.0,2285.0,-342.75,-0.0,0.0,-342.0,0.0,-5.0,2521.0,0.0,0.0,0.0,0.0
896158.102,2521.0,2285.0,2285.0,-342.75,-0.0,0.0,-342.0,0.0,-5.0,2521.0,0.0,0.0,0.0,0.0
896168.102,2521.0,2285.0,2285.0,-342.75,-0.0,0.0,-342.0,0.0,-5.0,2521.0,0.0,0.0,0.0,0.0
896178.103,2521.0,2285.0,2285.0,-342.75,-0.0,0.0,-342.0,0.0,-5.0,2521.0,0.0,0.0,0.0,0.0
896188.104,2521.0,2285.0,2285.0,-342.75,-0.0,0.0,-342.0,0.0,-5.0,2521.0,0.0,0.0,0.0,0.0
896198.105,2521.0,2285.0,2285.0,-342.75,-0.0,0.0,-342.0,0.0,-5.0,2521.0,0.0,0.0,0.0,0.0
896208.106,2521.0,2285.0,2285.0,-342.75,-0.0,0.0,-342.0,0.0,-5.0,2521.0,0.0,0.0,0.0,0.0
896218.106,2521.0,2285.0,2285.0,-342.75,-0.0,0.0,-342.0,0.0,-5.0,2521.0,0.0,0.0,0.0,0.0
896228.106,2521.0,2285.0,2285.0,-342.75,-0.0,0.0,-342.0,0.0,-5.0,2521.0,0.0,0.0,0.0,0.0
896238.111,2521.0,2285.0,2285.0,-342.75,-0.0,0.0,-342.0,0.0,-5.0,2521.0,0.0,0.0,0.0,0.0
896248.111,2521.0,2285.0,2285.0,-342.75,-0.0,0.0,-342.0,0.0,-5.0,2521.0,0.0,0.0,0.0,0.0
896258.111,2521.0,2285.0,2285.0,-342.75,-0.0,0.0,-342.0,0.0,-5.0,2521.0,0.0,0.0,0.0,0.0
896268.111,2521.0,2285.0,2285.0,-342.75,-0.0,0.0,-342.0,0.0,-5.0,2521.0,0.0,0.0,0.0,0.0
896278.111,2521.0,2285.0,2285.0,-342.75,-0.0,0.0,-342.0,0.0,-5.0,2521.0,0.0,0.0,0.0,0.0
896288.112,2521.0,2285.0,2285.0,-342.75,-0.0,0.0,-342.0,0.0,-5.0,2521.0,0.0,0.0,0.0,0.0
896298.112,2521.0,2285.0,2285.0,-342.75,-0.0,0.0,-342.0,0.0,-5.0,2521.0,0.0,0.0,0.0,0.0
896308.113,2521.0,2285.0,2285.0,-342.75,-0.0,0.0,-342.0,0.0,-5.0,2521.0,0.0,0.0,0.0,0.0
896318.114,2521.0,2285.0,2285.0,-342.75,-0.0,0.0,-342.0,0.0,-5.0,2521.0,0.0,0.0,0.0,0.0
896328.114,2521.0,2285.0,2285.0,-342.75,-0.0,0.0,-342.0,0.0,-5.0,2521.0,0.0,0.0,0.0,0.0
896338.115,2521.0,2285.0,2285.0,-342.75,-0.0,0.0,-342.0,0.0,-5.0,2521.0,0.0,0.0,0.0,0.0
896348.116,2521.0,2285.0,2285.0,-342.75,-0.0,0.0,-342.0,0.0,-5.0,2521.0,0.0,0.0,0.0,0.0
896358.116,2521.0,2285.0,2285.0,-342.75,-0.0,0.0,-342.0,0.0,-5.0,2521.0,0.0,0.0,0.0,0.0
896368.117,2521.0,2285.0,2285.0,-342.75,-0.0,0.0,-342.0,0.0,-5.0,2521.0,0.0,0.0,0.0,0.0
896378.118,2521.0,2285.0,2285.0,-342.75,-0.0,0.0,-342.0,0.0,-5.0,2521.0,0.0,0.0,0.0,0.0
896388.119,2521.0,2285.0,2285.0,-342.75,-0.0,0.0,-342.0,0.0,-5.0,2521.0,0.0,0.0,0.0,0.0
896398.12,2521.0,2285.0,2285.0,-342.75,-0.0,0.0,-342.0,0.0,-5.0,2521.0,0.0,0.0,0.0,0.0
896408.121,2521.0,2285.0,2285.0,-342.75,-0.0,0.0,-342.0,0.0,-5.0,2521.0,0.0,0.0,0.0,0.0
896418.121,2521.0,2285.0,2285.0,-342.75,-0.0,0.0,-342.0,0.0,-5.0,2521.0,0.0,0.0,0.0,0.0
896428.122,2521.0,2285.0,2285.0,-342.75,-0.0,0.0,-342.0,0.0,-5.0,2521.0,0.0,0.0,0.0,0.0
896438.123,2521.0,2285.0,2285.0,-342.75,-0.0,0.0,-342.0,0.0,-5.0,2521.0,0.0,0.0,0.0,0.0
896448.124,2521.0,2285.0,2285.0,-342.75,-0.0,0.0,-342.0,0.0,-5.0,2521.0,0.0,0.0,0.0,0.0
896458.125,2521.0,2285.0,2285.0,-342.75,-0.0,0.0,-342.0,0.0,-5.0,2521.0,0.0,0.0,0.0,0.0
896468.125,2521.0,2285.0,2285.0,-342.75,-0.0,0.0,-342.0,0.0,-5.0,2521.0,0.0,0.0,0.0,0.0
896478.126,2521.0,2285.0,2285.0,-342.75,-0.0,0.0,-342.0,0.0,-5.0,2521.0,0.0,0.0,0.0,0.0
896488.126,2521.0,2285.0,2285.0,-342.75,-0.0,0.0,-342.0,0.0,-5.0,2521.0,0.0,0.0,0.0,0.0
896498.126,2521.0,2285.0,2285.0,-342.75,-0.0,0.0,-342.0,0.0,-5.0,2521.0,0.0,0.0,0.0,0.0
896508.126,2521.0,2285.0,2285.0,-342.75,-0.0,0.0,-342.0,0.0,-5.0,2521.0,0.0,0.0,0.0,0.0
896518.126,2521.0,2285.0,2285.0,-342.75,-0.0,0.0,-342.0,0.0,-5.0,2521.0,0.0,0.0,0.0,0.0
896528.127,2521.0,2285.0,2285.0,-342.75,-0.0,0.0,-342.0,0.0,-5.0,2521.0,0.0,0.0,0.0,0.0
896538.128,2521.0,2285.0,2285.0,-342.75,-0.0,0.0,-342.0,0.0,-5.0,2521.0,0.0,0.0,0.0,0.0
896548.128,2521.0,2285.0,2285.0,-342.75,-0.0,0.0,-342.0,0.0,-5.0,2521.0,0.0,0.0,0.0,0.0
896558.129,2521.0,2285.0,2285.0,-342.75,-0.0,0.0,-342.0,0.0,-5.0,2521.0,0.0,0.0,0.0,0.0
896568.13,2521.0,2285.0,2285.0,-342.75,-0.0,0.0,-342.0,0.0,-5.0,2521.0,0.0,0.0,0.0,0.0
896578.131,2521.0,2285.0,2285.0,-342.75,-0.0,0.0,-342.0,0.0,-5.0,2521.0,0.0,0.0,0.0,0.0
896588.132,2521.0,2285.0,2285.0,-342.75,-0.0,0.0,-342.0,0.0,-5.0,2521.0,0.0,0.0,0.0,0.0
896599.041,2521.0,2285.0,2285.0,-342.75,-0.0,0.0,-342.0,0.0,-5.0,2521.0,0.0,0.0,0.0,0.0
896609.042,2521.0,2285.0,2285.0,-342.75,-0.0,0.0,-342.0,0.0,-5.0,2521.0,0.0,0.0,0.0,0.0
896619.043,2521.0,2285.0,2285.0,-342.75,-0.0,0.0,-342.0,0.0,-5.0,2521.0,0.0,0.0,0.0,0.0
896629.044,2521.0,2285.0,2285.0,-342.75,-0.0,0.0,-342.0,0.0,-5.0,2521.0,0.0,0.0,0.0,0.0
896639.044,2521.0,2285.0,2285.0,-342.75,-0.0,0.0,-342.0,0.0,-5.0,2521.0,0.0,0.0,0.0,0.0
896649.045,2520.0,2285.0,2285.0,-342.75,-0.0,0.0,-342.0,0.0,-5.0,2521.0,0.0,0.0,0.0,0.0
896659.046,2520.0,2285.0,2285.0,-342.75,-0.0,0.0,-342.0,0.0,-5.0,2521.0,0.0,0.0,0.0,0.0
896669.047,2521.0,2285.0,2285.0,-342.75,-0.0,0.0,-342.0,0.0,-5.0,2521.0,0.0,0.0,0.0,0.0
896679.047,2521.0,2285.0,2285.0,-342.75,-0.0,0.0,-342.0,0.0,-5.0,2521.0,0.0,0.0,0.0,0.0
896689.049,2520.0,2285.0,2285.0,-342.75,-0.0,0.0,-342.0,0.0,-5.0,2521.0,0.0,0.0,0.0,0.0
896699.05,2520.0,2285.0,2285.0,-342.75,-0.0,0.0,-342.0,0.0,-5.0,2520.0,0.0,0.0,0.0,0.0
896709.051,2521.0,2285.0,2285.0,-342.75,-0.0,0.0,-342.0,0.0,-5.0,2520.0,0.0,0.0,0.0,0.0
896719.052,2520.0,2285.0,2285.0,-342.75,-0.0,0.0,-342.0,0.0,-5.0,2520.0,0.0,0.0,0.0,0.0
896729.052,2521.0,2285.0,2285.0,-342.75,-0.0,0.0,-342.0,0.0,-5.0,2520.0,0.0,0.0,0.0,0.0
896739.053,2521.0,2285.0,2285.0,-342.75,-0.0,0.0,-342.0,0.0,-5.0,2520.0,0.0,0.0,0.0,0.0
896749.054,2521.0,2285.0,2285.0,-342.75,-0.0,0.0,-342.0,0.0,-5.0,2520.0,0.0,0.0,0.0,0.0
896759.054,2520.0,2285.0,2285.0,-342.75,-0.0,0.0,-342.0,0.0,-5.0,2520.0,0.0,0.0,0.0,0.0
896769.055,2520.0,2285.0,2285.0,-342.75,-0.0,0.0,-342.0,0.0,-5.0,2520.0,0.0,0.0,0.0,0.0
896779.055,2520.0,2285.0,2285.0,-342.75,-0.0,0.0,-342.0,0.0,-5.0,2520.0,0.0,0.0,0.0,0.0
896789.055,2521.0,2285.0,2285.0,-342.75,-0.0,0.0,-342.0,0.0,-5.0,2520.0,0.0,0.0,0.0,0.0
896799.055,2520.0,2285.0,2285.0,-342.75,-0.0,0.0,-342.0,0.0,-5.0,2520.0,0.0,0.0,0.0,0.0
896809.055,2520.0,2285.0,2285.0,-342.75,-0.0,0.0,-342.0,0.0,-5.0,2520.0,0.0,0.0,0.0,0.0
896819.055,2520.0,2285.0,2285.0,-342.75,-0.0,0.0,-342.0,0.0,-5.0,2520.0,0.0,0.0,0.0,0.0
896829.055,2520.0,2285.0,2285.0,-342.75,-0.0,0.0,-342.0,0.0,-5.0,2520.0,0.0,0.0,0.0,0.0
896839.056,2520.0,2285.0,2285.0,-342.75,-0.0,0.0,-342.0,0.0,-5.0,2520.0,0.0,0.0,0.0,0.0
896849.056,2520.0,2285.0,2285.0,-342.75,-0.0,0.0,-342.0,0.0,-5.0,2520.0,0.0,0.0,0.0,0.0
896859.057,2520.0,2285.0,2285.0,-342.75,-0.0,0.0,-342.0,0.0,-5.0,2520.0,0.0,0.0,0.0,0.0
896869.058,2520.0,2285.0,2285.0,-342.75,-0.0,0.0,-342.0,0.0,-5.0,2520.0,0.0,0.0,0.0,0.0
896879.059,2520.0,2285.0,2285.0,-342.75,-0.0,0.0,-342.0,0.0,-5.0,2520.0,0.0,0.0,0.0,0.0
896889.059,2520.0,2285.0,2285.0,-342.75,-0.0,0.0,-342.0,0.0,-5.0,2520.0,0.0,0.0,0.0,0.0
896899.059,2520.0,2285.0,2285.0,-342.75,-0.0,0.0,-342.0,0.0,-5.0,2520.0,0.0,0.0,0.0,0.0
896909.059,2520.0,2285.0,2285.0,-342.75,-0.0,0.0,-342.0,0.0,-5.0,2520.0,0.0,0.0,0.0,0.0
896919.06,2520.0,2285.0,2285.0,-342.75,-0.0,0.0,-342.0,0.0,-5.0,2520.0,0.0,0.0,0.0,0.0
896929.06,2520.0,2285.0,2285.0,-342.75,-0.0,0.0,-342.0,0.0,-5.0,2520.0,0.0,0.0,0.0,0.0
896939.06,2520.0,2285.0,2285.0,-342.75,-0.0,0.0,-342.0,0.0,-5.0,2520.0,0.0,0.0,0.0,0.0
896949.061,2520.0,2285.0,2285.0,-342.75,-0.0,0.0,-342.0,0.0,-5.0,2520.0,0.0,0.0,0.0,0.0
896959.062,2520.0,2285.0,2285.0,-342.75,-0.0,0.0,-342.0,0.0,-5.0,2520.0,0.0,0.0,0.0,0.0
896969.063,2519.0,2285.0,2285.0,-342.75,-0.0,0.0,-342.0,0.0,-5.0,2520.0,0.0,0.0,0.0,0.0
896979.063,2519.0,2285.0,2285.0,-342.75,-0.0,0.0,-342.0,0.0,-5.0,2520.0,0.0,0.0,0.0,0.0
896989.064,2518.0,2285.0,2285.0,-342.75,-0.0,0.0,-342.0,0.0,-5.0,2520.0,0.0,0.0,0.0,0.0
896999.064,2518.0,2285.0,2285.0,-342.75,-0.0,0.0,-342.0,0.0,-5.0,2518.0,0.0,0.0,0.0,0.0
897009.064,2517.0,2285.0,2285.0,-342.75,-0.0,0.0,-342.0,0.0,-5.0,2518.0,0.0,0.0,0.0,0.0
897019.064,2517.0,2285.0,2285.0,-342.75,-0.0,0.0,-342.0,0.0,-5.0,2518.0,0.0,0.0,0.0,0.0
897029.065,2517.0,2285.0,2285.0,-342.75,-0.0,0.0,-342.0,0.0,-5.0,2518.0,0.0,0.0,0.0,0.0
897039.065,2516.0,2285.0,2285.0,-342.75,-0.0,0.0,-342.0,0.0,-5.0,2518.0,0.0,0.0,0.0,0.0
897049.066,2516.0,2285.0,2285.0,-342.75,-0.0,0.0,-342.0,0.0,-5.0,2518.0,0.0,0.0,0.0,0.0
897059.066,2516.0,2285.0,2285.0,-342.75,-0.0,0.0,-342.0,0.0,-5.0,2518.0,0.0,0.0,0.0,0.0
897069.067,2516.0,2285.0,2285.0,-342.75,-0.0,0.0,-342.0,0.0,-5.0,2518.0,0.0,0.0,0.0,0.0
897079.067,2516.0,2285.0,2285.0,-342.75,-0.0,0.0,-342.0,0.0,-5.0,2518.0,0.0,0.0,0.0,0.0
897089.067,2516.0,2285.0,2285.0,-342.75,-0.0,0.0,-342.0,0.0,-5.0,2518.0,0.0,0.0,0.0,0.0
897099.068,2516.0,2285.0,2285.0,-342.75,-0.0,0.0,-342.0,0.0,-5.0,2516.0,0.0,0.0,0.0,0.0
897109.068,2516.0,2285.0,2285.0,-342.75,-0.0,0.0,-342.0,0.0,-5.0,2516.0,0.0,0.0,0.0,0.0
897119.069,2516.0,2285.0,2285.0,-342.75,-0.0,0.0,-342.0,0.0,-5.0,2516.0,0.0,0.0,0.0,0.0
897129.07,2516.0,2285.0,2285.0,-342.75,-0.0,0.0,-342.0,0.0,-5.0,2516.0,0.0,0.0,0.0,0.0
897139.071,2516.0,2285.0,2285.0,-342.75,-0.0,0.0,-342.0,0.0,-5.0,2516.0,0.0,0.0,0.0,0.0
897149.072,2516.0,2285.0,2285.0,-342.75,-0.0,0.0,-342.0,0.0,-5.0,2516.0,0.0,0.0,0.0,0.0
897159.073,2516.0,2285.0,2285.0,-342.75,-0.0,0.0,-342.0,0.0,-5.0,2516.0,0.0,0.0,0.0,0.0
897169.074,2516.0,2285.0,2285.0,-342.75,-0.0,0.0,-342.0,0.0,-5.0,2516.0,0.0,0.0,0.0,0.0
897179.075,2516.0,2285.0,2285.0,-342.75,-0.0,0.0,-342.0,0.0,-5.0,2516.0,0.0,0.0,0.0,0.0
897189.076,2516.0,2285.0,2285.0,-342.75,-0.0,0.0,-342.0,0.0,-5.0,2516.0,0.0,0.0,0.0,0.0
897199.077,2516.0,2285.0,2285.0,-342.75,-0.0,0.0,-342.0,0.0,-5.0,2516.0,0.0,0.0,0.0,0.0
897209.078,2516.0,2285.0,2285.0,-342.75,-0.0,0.0,-342.0,0.0,-5.0,2516.0,0.0,0.0,0.0,0.0
897219.078,2516.0,2285.0,2285.0,-342.75,-0.0,0.0,-342.0,0.0,-5.0,2516.0,0.0,0.0,0.0,0.0
897229.079,2516.0,2285.0,2285.0,-342.75,-0.0,0.0,-342.0,0.0,-5.0,2516.0,0.0,0.0,0.0,0.0
897239.079,2516.0,2285.0,2285.0,-342.75,-0.0,0.0,-342.0,0.0,-5.0,2516.0,0.0,0.0,0.0,0.0
897249.079,2516.0,2285.0,2285.0,-342.75,-0.0,0.0,-342.0,0.0,-5.0,2516.0,0.0,0.0,0.0,0.0
897259.079,2516.0,2285.0,2285.0,-342.75,-0.0,0.0,-342.0,0.0,-5.0,2516.0,0.0,0.0,0.0,0.0
897269.08,2516.0,2285.0,2285.0,-342.75,-0.0,0.0,-342.0,0.0,-5.0,2516.0,0.0,0.0,0.0,0.0
897279.08,2516.0,2285.0,2285.0,-342.75,-0.0,0.0,-342.0,0.0,-5.0,2516.0,0.0,0.0,0.0,0.0
897289.08,2515.0,2285.0,2285.0,-342.75,-0.0,0.0,-342.0,0.0,-5.0,2516.0,0.0,0.0,0.0,0.0
897299.08,2516.0,2285.0,2285.0,-342.75,-0.0,0.0,-342.0,0.0,-5.0,2516.0,0.0,0.0,0.0,0.0
897309.081,2515.0,2285.0,2285.0,-342.75,-0.0,0.0,-342.0,0.0,-5.0,2516.0,0.0,0.0,0.0,0.0
897319.081,2516.0,2285.0,2285.0,-342.75,-0.0,0.0,-342.0,0.0,-5.0,2516.0,0.0,0.0,0.0,0.0
897329.081,2516.0,2285.0,2285.0,-342.75,-0.0,0.0,-342.0,0.0,-5.0,2516.0,0.0,0.0,0.0,0.0
897339.081,2516.0,2285.0,2285.0,-342.75,-0.0,0.0,-342.0,0.0,-5.0,2516.0,0.0,0.0,0.0,0.0
897349.081,2515.0,2285.0,2285.0,-342.75,-0.0,0.0,-342.0,0.0,-5.0,2516.0,0.0,0.0,0.0,0.0
897359.082,2516.0,2285.0,2285.0,-342.75,-0.0,0.0,-342.0,0.0,-5.0,2516.0,0.0,0.0,0.0,0.0
897369.082,2515.0,2285.0,2285.0,-342.75,-0.0,0.0,-342.0,0.0,-5.0,2516.0,0.0,0.0,0.0,0.0
897379.083,2515.0,2285.0,2285.0,-342.75,-0.0,0.0,-342.0,0.0,-5.0,2516.0,0.0,0.0,0.0,0.0
897389.083,2516.0,2285.0,2285.0,-342.75,-0.0,0.0,-342.0,0.0,-5.0,2516.0,0.0,0.0,0.0,0.0
897399.083,2516.0,2285.0,2285.0,-342.75,-0.0,0.0,-342.0,0.0,-5.0,2516.0,0.0,0.0,0.0,0.0
897409.083,2516.0,2285.0,2285.0,-342.75,-0.0,0.0,-342.0,0.0,-5.0,2516.0,0.0,0.0,0.0,0.0
897419.084,2515.0,2285.0,2285.0,-342.75,-0.0,0.0,-342.0,0.0,-5.0,2516.0,0.0,0.0,0.0,0.0
897429.084,2516.0,2285.0,2285.0,-342.75,-0.0,0.0,-342.0,0.0,-5.0,2516.0,0.0,0.0,0.0,0.0
897439.084,2516.0,2285.0,2285.0,-342.75,-0.0,0.0,-342.0,0.0,-5.0,2516.0,0.0,0.0,0.0,0.0
897449.085,2515.0,2285.0,2285.0,-342.75,-0.0,0.0,-342.0,0.0,-5.0,2516.0,0.0,0.0,0.0,0.0
897459.086,2515.0,2285.0,2285.0,-342.75,-0.0,0.0,-342.0,0.0,-5.0,2516.0,0.0,0.0,0.0,0.0
897469.086,2515.0,2285.0,2285.0,-342.75,-0.0,0.0,-342.0,0.0,-5.0,2516.0,0.0,0.0,0.0,0.0
897479.086,2516.0,2285.0,2285.0,-342.75,-0.0,0.0,-342.0,0.0,-5.0,2516.0,0.0,0.0,0.0,0.0
897489.087,2516.0,2285.0,2285.0,-342.75,-0.0,0.0,-342.0,0.0,-5.0,2516.0,0.0,0.0,0.0,0.0
897499.087,2515.0,2285.0,2285.0,-342.75,-0.0,0.0,-342.0,0.0,-5.0,2515.0,0.0,0.0,0.0,0.0
897509.088,2515.0,2285.0,2285.0,-342.75,-0.0,0.0,-342.0,0.0,-5.0,2515.0,0.0,0.0,0.0,0.0
897519.089,2515.0,2285.0,2285.0,-342.75,-0.0,0.0,-342.0,0.0,-5.0,2515.0,0.0,0.0,0.0,0.0
897529.089,2515.0,2285.0,2285.0,-342.75,-0.0,0.0,-342.0,0.0,-5.0,2515.0,0.0,0.0,0.0,0.0
897539.089,2514.0,2285.0,2285.0,-342.75,-0.0,0.0,-342.0,0.0,-5.0,2515.0,0.0,0.0,0.0,0.0
897549.089,2514.0,2285.0,2285.0,-342.75,-0.0,0.0,-342.0,0.0,-5.0,2515.0,0.0,0.0,0.0,0.0
897559.09,2513.0,2285.0,2285.0,-342.75,-0.0,0.0,-342.0,0.0,-5.0,2515.0,0.0,0.0,0.0,0.0
897569.091,2512.0,2285.0,2285.0,-342.75,-0.0,0.0,-342.0,0.0,-5.0,2515.0,0.0,0.0,0.0,0.0
897579.092,2511.0,2285.0,2285.0,-342.75,-0.0,0.0,-342.0,0.0,-5.0,2515.0,0.0,0.0,0.0,0.0
897589.093,2511.0,2285.0,2285.0,-342.75,-0.0,0.0,-342.0,0.0,-5.0,2515.0,0.0,0.0,0.0,0.0
897599.093,2511.0,2285.0,2285.0,-342.75,-0.0,0.0,-342.0,0.0,-5.0,2511.0,0.0,0.0,0.0,0.0
897609.095,2511.0,2285.0,2285.0,-342.75,-0.0,0.0,-342.0,0.0,-5.0,2511.0,0.0,0.0,0.0,0.0
897619.095,2511.0,2285.0,2285.0,-342.75,-0.0,0.0,-342.0,0.0,-5.0,2511.0,0.0,0.0,0.0,0.0
897629.096,2511.0,2285.0,2285.0,-342.75,-0.0,0.0,-342.0,0.0,-5.0,2511.0,0.0,0.0,0.0,0.0
897639.097,2511.0,2285.0,2285.0,-342.75,-0.0,0.0,-342.0,0.0,-5.0,2511.0,0.0,0.0,0.0,0.0
897649.097,2511.0,2285.0,2285.0,-342.75,-0.0,0.0,-342.0,0.0,-5.0,2511.0,0.0,0.0,0.0,0.0
897659.097,2511.0,2285.0,2285.0,-342.75,-0.0,0.0,-342.0,0.0,-5.0,2511.0,0.0,0.0,0.0,0.0
897669.098,2511.0,2285.0,2285.0,-342.75,-0.0,0.0,-342.0,0.0,-5.0,2511.0,0.0,0.0,0.0,0.0
897679.099,2511.0,2285.0,2285.0,-342.75,-0.0,0.0,-342.0,0.0,-5.0,2511.0,0.0,0.0,0.0,0.0
897689.099,2511.0,2285.0,2285.0,-342.75,-0.0,0.0,-342.0,0.0,-5.0,2511.0,0.0,0.0,0.0,0.0
897699.099,2511.0,2285.0,2285.0,-342.75,-0.0,0.0,-342.0,0.0,-5.0,2511.0,0.0,0.0,0.0,0.0
897709.1,2511.0,2285.0,2285.0,-342.75,-0.0,0.0,-342.0,0.0,-5.0,2511.0,0.0,0.0,0.0,0.0
897719.1,2510.0,2285.0,2285.0,-342.75,-0.0,0.0,-342.0,0.0,-5.0,2511.0,0.0,0.0,0.0,0.0
897729.1,2510.0,2285.0,2285.0,-342.75,-0.0,0.0,-342.0,0.0,-5.0,2511.0,0.0,0.0,0.0,0.0
897739.1,2509.0,2285.0,2285.0,-342.75,-0.0,0.0,-342.0,0.0,-5.0,2511.0,0.0,0.0,0.0,0.0
897749.1,2509.0,2285.0,2285.0,-342.75,-0.0,0.0,-342.0,0.0,-5.0,2511.0,0.0,0.0,0.0,0.0
897759.101,2508.0,2285.0,2285.0,-342.75,-0.0,0.0,-342.0,0.0,-5.0,2511.0,0.0,0.0,0.0,0.0
897769.101,2508.0,2285.0,2285.0,-342.75,-0.0,0.0,-342.0,0.0,-5.0,2511.0,0.0,0.0,0.0,0.0
897780.04,2507.0,2285.0,2285.0,-342.75,-0.0,0.0,-342.0,0.0,-5.0,2511.0,0.0,0.0,0.0,0.0
897790.041,2507.0,2285.0,2285.0,-342.75,-0.0,0.0,-342.0,0.0,-5.0,2511.0,0.0,0.0,0.0,0.0
897800.041,2507.0,2285.0,2285.0,-342.75,-0.0,0.0,-342.0,0.0,-5.0,2507.0,0.0,0.0,0.0,0.0
897810.042,2507.0,2285.0,2285.0,-342.75,-0.0,0.0,-342.0,0.0,-5.0,2507.0,0.0,0.0,0.0,0.0
897820.043,2506.0,2285.0,2285.0,-342.75,-0.0,0.0,-342.0,0.0,-5.0,2507.0,0.0,0.0,0.0,0.0
897830.044,2506.0,2285.0,2285.0,-342.75,-0.0,0.0,-342.0,0.0,-5.0,2507.0,0.0,0.0,0.0,0.0
897840.044,2506.0,2285.0,2285.0,-342.75,-0.0,0.0,-342.0,0.0,-5.0,2507.0,0.0,0.0,0.0,0.0
897850.045,2506.0,2285.0,2285.0,-342.75,-0.0,0.0,-342.0,0.0,-5.0,2507.0,0.0,0.0,0.0,0.0
897860.046,2506.0,2285.0,2285.0,-342.75,-0.0,0.0,-342.0,0.0,-5.0,2507.0,0.0,0.0,0.0,0.0
897870.046,2506.0,2285.0,2285.0,-342.75,-0.0,0.0,-342.0,0.0,-5.0,2507.0,0.0,0.0,0.0,0.0
897880.046,2506.0,2285.0,2285.0,-342.75,-0.0,0.0,-342.0,0.0,-5.0,2507.0,0.0,0.0,0.0,0.0
897890.047,2506.0,2285.0,2285.0,-342.75,-0.0,0.0,-342.0,0.0,-5.0,2507.0,0.0,0.0,0.0,0.0
897900.048,2506.0,2285.0,2285.0,-342.75,-0.0,0.0,-342.0,0.0,-5.0,2506.0,0.0,0.0,0.0,0.0
897910.049,2506.0,2285.0,2285.0,-342.75,-0.0,0.0,-342.0,0.0,-5.0,2506.0,0.0,0.0,0.0,0.0
897920.049,2506.0,2285.0,2285.0,-342.75,-0.0,0.0,-342.0,0.0,-5.0,2506.0,0.0,0.0,0.0,0.0
897930.049,2506.0,2285.0,2285.0,-342.75,-0.0,0.0,-342.0,0.0,-5.0,2506.0,0.0,0.0,0.0,0.0
897940.05,2506.0,2285.0,2285.0,-342.75,-0.0,0.0,-342.0,0.0,-5.0,2506.0,0.0,0.0,0.0,0.0
897950.051,2506.0,2285.0,2285.0,-342.75,-0.0,0.0,-342.0,0.0,-5.0,2506.0,0.0,0.0,0.0,0.0
897960.051,2506.0,2285.0,2285.0,-342.75,-0.0,0.0,-342.0,0.0,-5.0,2506.0,0.0,0.0,0.0,0.0
897970.051,2506.0,2285.0,2285.0,-342.75,-0.0,0.0,-342.0,0.0,-5.0,2506.0,0.0,0.0,0.0,0.0
897980.052,2506.0,2285.0,2285.0,-342.75,-0.0,0.0,-342.0,0.0,-5.0,2506.0,0.0,0.0,0.0,0.0
897990.052,2506.0,2285.0,2285.0,-342.75,-0.0,0.0,-342.0,0.0,-5.0,2506.0,0.0,0.0,0.0,0.0
898000.052,2506.0,2285.0,2285.0,-342.75,-0.0,0.0,-342.0,0.0,-5.0,2506.0,0.0,0.0,0.0,0.0
898010.053,2506.0,2285.0,2285.0,-342.75,-0.0,0.0,-342.0,0.0,-5.0,2506.0,0.0,0.0,0.0,0.0
898020.054,2506.0,2285.0,2285.0,-342.75,-0.0,0.0,-342.0,0.0,-5.0,2506.0,0.0,0.0,0.0,0.0
898030.054,2506.0,2285.0,2285.0,-342.75,-0.0,0.0,-342.0,0.0,-5.0,2506.0,0.0,0.0,0.0,0.0
898040.054,2506.0,2285.0,2285.0,-342.75,-0.0,0.0,-342.0,0.0,-5.0,2506.0,0.0,0.0,0.0,0.0
898050.055,2506.0,2285.0,2285.0,-342.75,-0.0,0.0,-342.0,0.0,-5.0,2506.0,0.0,0.0,0.0,0.0
898060.055,2506.0,2285.0,2285.0,-342.75,-0.0,0.0,-342.0,0.0,-5.0,2506.0,0.0,0.0,0.0,0.0
898070.056,2506.0,2285.0,2285.0,-342.75,-0.0,0.0,-342.0,0.0,-5.0,2506.0,0.0,0.0,0.0,0.0
898080.056,2506.0,2285.0,2285.0,-342.75,-0.0,0.0,-342.0,0.0,-5.0,2506.0,0.0,0.0,0.0,0.0
898090.057,2506.0,2285.0,2285.0,-342.75,-0.0,0.0,-342.0,0.0,-5.0,2506.0,0.0,0.0,0.0,0.0
898100.057,2506.0,2285.0,2285.0,-342.75,-0.0,0.0,-342.0,0.0,-5.0,2506.0,0.0,0.0,0.0,0.0
898110.058,2506.0,2285.0,2285.0,-342.75,-0.0,0.0,-342.0,0.0,-5.0,2506.0,0.0,0.0,0.0,0.0
898120.059,2506.0,2285.0,2285.0,-342.75,-0.0,0.0,-342.0,0.0,-5.0,2506.0,0.0,0.0,0.0,0.0
898130.059,2506.0,2285.0,2285.0,-342.75,-0.0,0.0,-342.0,0.0,-5.0,2506.0,0.0,0.0,0.0,0.0
898140.062,2506.0,2285.0,2285.0,-342.75,-0.0,0.0,-342.0,0.0,-5.0,2506.0,0.0,0.0,0.0,0.0
898150.062,2506.0,2285.0,2285.0,-342.75,-0.0,0.0,-342.0,0.0,-5.0,2506.0,0.0,0.0,0.0,0.0
898160.062,2506.0,2285.0,2285.0,-342.75,-0.0,0.0,-342.0,0.0,-5.0,2506.0,0.0,0.0,0.0,0.0
898170.063,2506.0,2285.0,2285.0,-342.75,-0.0,0.0,-342.0,0.0,-5.0,2506.0,0.0,0.0,0.0,0.0
898180.064,2506.0,2285.0,2285.0,-342.75,-0.0,0.0,-342.0,0.0,-5.0,2506.0,0.0,0.0,0.0,0.0
898190.065,2506.0,2285.0,2285.0,-342.75,-0.0,0.0,-342.0,0.0,-5.0,2506.0,0.0,0.0,0.0,0.0
898200.066,2506.0,2285.0,2285.0,-342.75,-0.0,0.0,-342.0,0.0,-5.0,2506.0,0.0,0.0,0.0,0.0
898210.067,2506.0,2285.0,2285.0,-342.75,-0.0,0.0,-342.0,0.0,-5.0,2506.0,0.0,0.0,0.0,0.0
898220.068,2506.0,2285.0,2285.0,-342.75,-0.0,0.0,-342.0,0.0,-5.0,2506.0,0.0,0.0,0.0,0.0
898230.07,2506.0,2285.0,2285.0,-342.75,-0.0,0.0,-342.0,0.0,-5.0,2506.0,0.0,0.0,0.0,0.0
898240.07,2506.0,2285.0,2285.0,-342.75,-0.0,0.0,-342.0,0.0,-5.0,2506.0,0.0,0.0,0.0,0.0
898250.071,2506.0,2285.0,2285.0,-342.75,-0.0,0.0,-342.0,0.0,-5.0,2506.0,0.0,0.0,0.0,0.0
898260.072,2506.0,2285.0,2285.0,-342.75,-0.0,0.0,-342.0,0.0,-5.0,2506.0,0.0,0.0,0.0,0.0
898270.073,2506.0,2285.0,2285.0,-342.75,-0.0,0.0,-342.0,0.0,-5.0,2506.0,0.0,0.0,0.0,0.0
898280.073,2506.0,2285.0,2285.0,-342.75,-0.0,0.0,-342.0,0.0,-5.0,2506.0,0.0,0.0,0.0,0.0
898290.073,2506.0,2285.0,2285.0,-342.75,-0.0,0.0,-342.0,0.0,-5.0,2506.0,0.0,0.0,0.0,0.0
898300.073,2506.0,2285.0,2285.0,-342.75,-0.0,0.0,-342.0,0.0,-5.0,2506.0,0.0,0.0,0.0,0.0
898310.074,2506.0,2285.0,2285.0,-342.75,-0.0,0.0,-342.0,0.0,-5.0,2506.0,0.0,0.0,0.0,0.0
898320.074,2506.0,2285.0,2285.0,-342.75,-0.0,0.0,-342.0,0.0,-5.0,2506.0,0.0,0.0,0.0,0.0
898330.075,2506.0,2285.0,2285.0,-342.75,-0.0,0.0,-342.0,0.0,-5.0,2506.0,0.0,0.0,0.0,0.0
898340.075,2505.0,2285.0,2285.0,-342.75,-0.0,0.0,-342.0,0.0,-5.0,2506.0,0.0,0.0,0.0,0.0
898350.076,2505.0,2285.0,2285.0,-342.75,-0.0,0.0,-342.0,0.0,-5.0,2506.0,0.0,0.0,0.0,0.0
898360.077,2506.0,2285.0,2285.0,-342.75,-0.0,0.0,-342.0,0.0,-5.0,2506.0,0.0,0.0,0.0,0.0
898370.078,2506.0,2285.0,2285.0,-342.75,-0.0,0.0,-342.0,0.0,-5.0,2506.0,0.0,0.0,0.0,0.0
898380.079,2505.0,2285.0,2285.0,-342.75,-0.0,0.0,-342.0,0.0,-5.0,2506.0,0.0,0.0,0.0,0.0
898390.08,2505.0,2285.0,2285.0,-342.75,-0.0,0.0,-342.0,0.0,-5.0,2506.0,0.0,0.0,0.0,0.0
898400.08,2505.0,2285.0,2285.0,-342.75,-0.0,0.0,-342.0,0.0,-5.0,2506.0,0.0,0.0,0.0,0.0
898410.08,2506.0,2285.0,2285.0,-342.75,-0.0,0.0,-342.0,0.0,-5.0,2506.0,0.0,0.0,0.0,0.0
898420.08,2505.0,2285.0,2285.0,-342.75,-0.0,0.0,-342.0,0.0,-5.0,2506.0,0.0,0.0,0.0,0.0
898430.08,2506.0,2285.0,2285.0,-342.75,-0.0,0.0,-342.0,0.0,-5.0,2506.0,0.0,0.0,0.0,0.0
898440.08,2505.0,2285.0,2285.0,-342.75,-0.0,0.0,-342.0,0.0,-5.0,2506.0,0.0,0.0,0.0,0.0
898450.082,2505.0,2285.0,2285.0,-342.75,-0.0,0.0,-342.0,0.0,-5.0,2506.0,0.0,0.0,0.0,0.0
898460.084,2506.0,2285.0,2285.0,-342.75,-0.0,0.0,-342.0,0.0,-5.0,2506.0,0.0,0.0,0.0,0.0
898470.084,2505.0,2285.0,2285.0,-342.75,-0.0,0.0,-342.0,0.0,-5.0,2506.0,0.0,0.0,0.0,0.0
898480.084,2506.0,2285.0,2285.0,-342.75,-0.0,0.0,-342.0,0.0,-5.0,2506.0,0.0,0.0,0.0,0.0
898490.084,2506.0,2285.0,2285.0,-342.75,-0.0,0.0,-342.0,0.0,-5.0,2506.0,0.0,0.0,0.0,0.0
898500.084,2505.0,2285.0,2285.0,-342.75,-0.0,0.0,-342.0,0.0,-5.0,2506.0,0.0,0.0,0.0,0.0
898510.085,2505.0,2285.0,2285.0,-342.75,-0.0,0.0,-342.0,0.0,-5.0,2505.0,0.0,0.0,0.0,0.0
898520.086,2505.0,2285.0,2285.0,-342.75,-0.0,0.0,-342.0,0.0,-5.0,2505.0,0.0,0.0,0.0,0.0
898530.086,2505.0,2285.0,2285.0,-342.75,-0.0,0.0,-342.0,0.0,-5.0,2505.0,0.0,0.0,0.0,0.0
898540.087,2505.0,2285.0,2285.0,-342.75,-0.0,0.0,-342.0,0.0,-5.0,2505.0,0.0,0.0,0.0,0.0
898550.088,2505.0,2285.0,2285.0,-342.75,-0.0,0.0,-342.0,0.0,-5.0,2505.0,0.0,0.0,0.0,0.0
898560.088,2505.0,2285.0,2285.0,-342.75,-0.0,0.0,-342.0,0.0,-5.0,2505.0,0.0,0.0,0.0,0.0
898570.089,2505.0,2285.0,2285.0,-342.75,-0.0,0.0,-342.0,0.0,-5.0,2505.0,0.0,0.0,0.0,0.0
898580.09,2505.0,2285.0,2285.0,-342.75,-0.0,0.0,-342.0,0.0,-5.0,2505.0,0.0,0.0,0.0,0.0
898590.091,2505.0,2285.0,2285.0,-342.75,-0.0,0.0,-342.0,0.0,-5.0,2505.0,0.0,0.0,0.0,0.0
898600.092,2505.0,2285.0,2285.0,-342.75,-0.0,0.0,-342.0,0.0,-5.0,2505.0,0.0,0.0,0.0,0.0
898610.093,2505.0,2285.0,2285.0,-342.75,-0.0,0.0,-342.0,0.0,-5.0,2505.0,0.0,0.0,0.0,0.0
898620.093,2505.0,2285.0,2285.0,-342.75,-0.0,0.0,-342.0,0.0,-5.0,2505.0,0.0,0.0,0.0,0.0
898630.093,2505.0,2285.0,2285.0,-342.75,-0.0,0.0,-342.0,0.0,-5.0,2505.0,0.0,0.0,0.0,0.0
898640.093,2505.0,2285.0,2285.0,-342.75,-0.0,0.0,-342.0,0.0,-5.0,2505.0,0.0,0.0,0.0,0.0
898650.093,2505.0,2285.0,2285.0,-342.75,-0.0,0.0,-342.0,0.0,-5.0,2505.0,0.0,0.0,0.0,0.0
898660.095,2505.0,2285.0,2285.0,-342.75,-0.0,0.0,-342.0,0.0,-5.0,2505.0,0.0,0.0,0.0,0.0
898670.096,2505.0,2285.0,2285.0,-342.75,-0.0,0.0,-342.0,0.0,-5.0,2505.0,0.0,0.0,0.0,0.0
898680.096,2505.0,2285.0,2285.0,-342.75,-0.0,0.0,-342.0,0.0,-5.0,2505.0,0.0,0.0,0.0,0.0
898690.1,2505.0,2285.0,2285.0,-342.75,-0.0,0.0,-342.0,0.0,-5.0,2505.0,0.0,0.0,0.0,0.0
898700.101,2505.0,2285.0,2285.0,-342.75,-0.0,0.0,-342.0,0.0,-5.0,2505.0,0.0,0.0,0.0,0.0
898710.101,2505.0,2285.0,2285.0,-342.75,-0.0,0.0,-342.0,0.0,-5.0,2505.0,0.0,0.0,0.0,0.0
898720.101,2505.0,2285.0,2285.0,-342.75,-0.0,0.0,-342.0,0.0,-5.0,2505.0,0.0,0.0,0.0,0.0
898730.101,2505.0,2285.0,2285.0,-342.75,-0.0,0.0,-342.0,0.0,-5.0,2505.0,0.0,0.0,0.0,0.0
898740.102,2505.0,2285.0,2285.0,-342.75,-0.0,0.0,-342.0,0.0,-5.0,2505.0,0.0,0.0,0.0,0.0
898750.102,2505.0,2285.0,2285.0,-342.75,-0.0,0.0,-342.0,0.0,-5.0,2505.0,0.0,0.0,0.0,0.0
898760.102,2505.0,2285.0,2285.0,-342.75,-0.0,0.0,-342.0,0.0,-5.0,2505.0,0.0,0.0,0.0,0.0
898770.103,2505.0,2285.0,2285.0,-342.75,-0.0,0.0,-342.0,0.0,-5.0,2505.0,0.0,0.0,0.0,0.0
898780.104,2505.0,2285.0,2285.0,-342.75,-0.0,0.0,-342.0,0.0,-5.0,2505.0,0.0,0.0,0.0,0.0
898790.105,2505.0,2285.0,2285.0,-342.75,-0.0,0.0,-342.0,0.0,-5.0,2505.0,0.0,0.0,0.0,0.0
898800.106,2505.0,2285.0,2285.0,-342.75,-0.0,0.0,-342.0,0.0,-5.0,2505.0,0.0,0.0,0.0,0.0
898810.106,2505.0,2285.0,2285.0,-342.75,-0.0,0.0,-342.0,0.0,-5.0,2505.0,0.0,0.0,0.0,0.0
898820.106,2505.0,2285.0,2285.0,-342.75,-0.0,0.0,-342.0,0.0,-5.0,2505.0,0.0,0.0,0.0,0.0
898830.106,2505.0,2285.0,2285.0,-342.75,-0.0,0.0,-342.0,0.0,-5.0,2505.0,0.0,0.0,0.0,0.0
898840.106,2505.0,2285.0,2285.0,-342.75,-0.0,0.0,-342.0,0.0,-5.0,2505.0,0.0,0.0,0.0,0.0
898850.107,2505.0,2285.0,2285.0,-342.75,-0.0,0.0,-342.0,0.0,-5.0,2505.0,0.0,0.0,0.0,0.0
898860.108,2505.0,2285.0,2285.0,-342.75,-0.0,0.0,-342.0,0.0,-5.0,2505.0,0.0,0.0,0.0,0.0
898870.109,2505.0,2285.0,2285.0,-342.75,-0.0,0.0,-342.0,0.0,-5.0,2505.0,0.0,0.0,0.0,0.0
898880.109,2505.0,2285.0,2285.0,-342.75,-0.0,0.0,-342.0,0.0,-5.0,2505.0,0.0,0.0,0.0,0.0
898890.109,2505.0,2285.0,2285.0,-342.75,-0.0,0.0,-342.0,0.0,-5.0,2505.0,0.0,0.0,0.0,0.0
898900.109,2505.0,2285.0,2285.0,-342.75,-0.0,0.0,-342.0,0.0,-5.0,2505.0,0.0,0.0,0.0,0.0
898910.11,2505.0,2285.0,2285.0,-342.75,-0.0,0.0,-342.0,0.0,-5.0,2505.0,0.0,0.0,0.0,0.0
898920.111,2505.0,2285.0,2285.0,-342.75,-0.0,0.0,-342.0,0.0,-5.0,2505.0,0.0,0.0,0.0,0.0
898930.112,2506.0,2285.0,2285.0,-342.75,-0.0,0.0,-342.0,0.0,-5.0,2505.0,0.0,0.0,0.0,0.0
898940.113,2506.0,2285.0,2285.0,-342.75,-0.0,0.0,-342.0,0.0,-5.0,2505.0,0.0,0.0,0.0,0.0
898950.114,2506.0,2285.0,2285.0,-342.75,-0.0,0.0,-342.0,0.0,-5.0,2505.0,0.0,0.0,0.0,0.0
898960.115,2506.0,2285.0,2285.0,-342.75,-0.0,0.0,-342.0,0.0,-5.0,2505.0,0.0,0.0,0.0,0.0
898970.115,2506.0,2285.0,2285.0,-342.75,-0.0,0.0,-342.0,0.0,-5.0,2505.0,0.0,0.0,0.0,0.0
898980.116,2506.0,2285.0,2285.0,-342.75,-0.0,0.0,-342.0,0.0,-5.0,2505.0,0.0,0.0,0.0,0.0
898990.116,2506.0,2285.0,2285.0,-342.75,-0.0,0.0,-342.0,0.0,-5.0,2505.0,0.0,0.0,0.0,0.0
899000.117,2506.0,2285.0,2285.0,-342.75,-0.0,0.0,-342.0,0.0,-5.0,2505.0,0.0,0.0,0.0,0.0
899010.117,2506.0,2285.0,2285.0,-342.75,-0.0,0.0,-342.0,0.0,-5.0,2506.0,0.0,0.0,0.0,0.0
899020.117,2506.0,2285.0,2285.0,-342.75,-0.0,0.0,-342.0,0.0,-5.0,2506.0,0.0,0.0,0.0,0.0
899030.118,2506.0,2285.0,2285.0,-342.75,-0.0,0.0,-342.0,0.0,-5.0,2506.0,0.0,0.0,0.0,0.0
899040.119,2506.0,2285.0,2285.0,-342.75,-0.0,0.0,-342.0,0.0,-5.0,2506.0,0.0,0.0,0.0,0.0
899050.12,2506.0,2285.0,2285.0,-342.75,-0.0,0.0,-342.0,0.0,-5.0,2506.0,0.0,0.0,0.0,0.0
899060.125,2506.0,2285.0,2285.0,-342.75,-0.0,0.0,-342.0,0.0,-5.0,2506.0,0.0,0.0,0.0,0.0
899070.126,2506.0,2285.0,2285.0,-342.75,-0.0,0.0,-342.0,0.0,-5.0,2506.0,0.0,0.0,0.0,0.0
899080.127,2506.0,2285.0,2285.0,-342.75,-0.0,0.0,-342.0,0.0,-5.0,2506.0,0.0,0.0,0.0,0.0
899090.128,2506.0,2285.0,2285.0,-342.75,-0.0,0.0,-342.0,0.0,-5.0,2506.0,0.0,0.0,0.0,0.0
899100.128,2506.0,2285.0,2285.0,-342.75,-0.0,0.0,-342.0,0.0,-5.0,2506.0,0.0,0.0,0.0,0.0
899110.128,2506.0,2285.0,2285.0,-342.75,-0.0,0.0,-342.0,0.0,-5.0,2506.0,0.0,0.0,0.0,0.0
899120.129,2506.0,2285.0,2285.0,-342.75,-0.0,0.0,-342.0,0.0,-5.0,2506.0,0.0,0.0,0.0,0.0
899130.13,2506.0,2285.0,2285.0,-342.75,-0.0,0.0,-342.0,0.0,-5.0,2506.0,0.0,0.0,0.0,0.0
899141.041,2506.0,2285.0,2285.0,-342.75,-0.0,0.0,-342.0,0.0,-5.0,2506.0,0.0,0.0,0.0,0.0
899151.042,2506.0,2285.0,2285.0,-342.75,-0.0,0.0,-342.0,0.0,-5.0,2506.0,0.0,0.0,0.0,0.0
899161.042,2506.0,2285.0,2285.0,-342.75,-0.0,0.0,-342.0,0.0,-5.0,2506.0,0.0,0.0,0.0,0.0
899171.042,2506.0,2285.0,2285.0,-342.75,-0.0,0.0,-342.0,0.0,-5.0,2506.0,0.0,0.0,0.0,0.0
899181.046,2506.0,2285.0,2285.0,-342.75,-0.0,0.0,-342.0,0.0,-5.0,2506.0,0.0,0.0,0.0,0.0
899192.041,2506.0,2285.0,2285.0,-342.75,-0.0,0.0,-342.0,0.0,-5.0,2506.0,0.0,0.0,0.0,0.0
899202.041,2506.0,2285.0,2285.0,-342.75,-0.0,0.0,-342.0,0.0,-5.0,2506.0,0.0,0.0,0.0,0.0
899212.041,2506.0,2285.0,2285.0,-342.75,-0.0,0.0,-342.0,0.0,-5.0,2506.0,0.0,0.0,0.0,0.0
899222.041,2506.0,2285.0,2285.0,-342.75,-0.0,0.0,-342.0,0.0,-5.0,2506.0,0.0,0.0,0.0,0.0
899233.098,2506.0,2285.0,2285.0,-342.75,-0.0,0.0,-342.0,0.0,-5.0,2506.0,0.0,0.0,0.0,0.0
899243.099,2506.0,2285.0,2285.0,-342.75,-0.0,0.0,-342.0,0.0,-5.0,2506.0,0.0,0.0,0.0,0.0
899253.099,2506.0,2285.0,2285.0,-342.75,-0.0,0.0,-342.0,0.0,-5.0,2506.0,0.0,0.0,0.0,0.0
899263.099,2506.0,2285.0,2285.0,-342.75,-0.0,0.0,-342.0,0.0,-5.0,2506.0,0.0,0.0,0.0,0.0
899273.1,2506.0,2285.0,2285.0,-342.75,-0.0,0.0,-342.0,0.0,-5.0,2506.0,0.0,0.0,0.0,0.0
899283.1,2506.0,2285.0,2285.0,-342.75,-0.0,0.0,-342.0,0.0,-5.0,2506.0,0.0,0.0,0.0,0.0
899293.1,2506.0,2285.0,2285.0,-342.75,-0.0,0.0,-342.0,0.0,-5.0,2506.0,0.0,0.0,0.0,0.0
899303.101,2506.0,2285.0,2285.0,-342.75,-0.0,0.0,-342.0,0.0,-5.0,2506.0,0.0,0.0,0.0,0.0
899313.101,2506.0,2285.0,2285.0,-342.75,-0.0,0.0,-342.0,0.0,-5.0,2506.0,0.0,0.0,0.0,0.0
899323.101,2506.0,2285.0,2285.0,-342.75,-0.0,0.0,-342.0,0.0,-5.0,2506.0,0.0,0.0,0.0,0.0
899333.102,2506.0,2285.0,2285.0,-342.75,-0.0,0.0,-342.0,0.0,-5.0,2506.0,0.0,0.0,0.0,0.0
899343.103,2506.0,2285.0,2285.0,-342.75,-0.0,0.0,-342.0,0.0,-5.0,2506.0,0.0,0.0,0.0,0.0
899353.103,2506.0,2285.0,2285.0,-342.75,-0.0,0.0,-342.0,0.0,-5.0,2506.0,0.0,0.0,0.0,0.0
899363.103,2506.0,2285.0,2285.0,-342.75,-0.0,0.0,-342.0,0.0,-5.0,2506.0,0.0,0.0,0.0,0.0
899373.104,2506.0,2285.0,2285.0,-342.75,-0.0,0.0,-342.0,0.0,-5.0,2506.0,0.0,0.0,0.0,0.0
899383.105,2506.0,2285.0,2285.0,-342.75,-0.0,0.0,-342.0,0.0,-5.0,2506.0,0.0,0.0,0.0,0.0
899393.106,2506.0,2285.0,2285.0,-342.75,-0.0,0.0,-342.0,0.0,-5.0,2506.0,0.0,0.0,0.0,0.0
899403.106,2506.0,2285.0,2285.0,-342.75,-0.0,0.0,-342.0,0.0,-5.0,2506.0,0.0,0.0,0.0,0.0
899413.107,2506.0,2285.0,2285.0,-342.75,-0.0,0.0,-342.0,0.0,-5.0,2506.0,0.0,0.0,0.0,0.0
899423.107,2506.0,2285.0,2285.0,-342.75,-0.0,0.0,-342.0,0.0,-5.0,2506.0,0.0,0.0,0.0,0.0
899433.107,2506.0,2285.0,2285.0,-342.75,-0.0,0.0,-342.0,0.0,-5.0,2506.0,0.0,0.0,0.0,0.0
899444.098,2506.0,2285.0,2285.0,-342.75,-0.0,0.0,-342.0,0.0,-5.0,2506.0,0.0,0.0,0.0,0.0
899454.099,2506.0,2285.0,2285.0,-342.75,-0.0,0.0,-342.0,0.0,-5.0,2506.0,0.0,0.0,0.0,0.0
899464.1,2506.0,2285.0,2285.0,-342.75,-0.0,0.0,-342.0,0.0,-5.0,2506.0,0.0,0.0,0.0,0.0
899474.1,2506.0,2285.0,2285.0,-342.75,-0.0,0.0,-342.0,0.0,-5.0,2506.0,0.0,0.0,0.0,0.0
899484.1,2506.0,2285.0,2285.0,-342.75,-0.0,0.0,-342.0,0.0,-5.0,2506.0,0.0,0.0,0.0,0.0
899494.1,2506.0,2285.0,2285.0,-342.75,-0.0,0.0,-342.0,0.0,-5.0,2506.0,0.0,0.0,0.0,0.0
899504.1,2506.0,2285.0,2285.0,-342.75,-0.0,0.0,-342.0,0.0,-5.0,2506.0,0.0,0.0,0.0,0.0
899514.1,2506.0,2285.0,2285.0,-342.75,-0.0,0.0,-342.0,0.0,-5.0,2506.0,0.0,0.0,0.0,0.0
899524.101,2506.0,2285.0,2285.0,-342.75,-0.0,0.0,-342.0,0.0,-5.0,2506.0,0.0,0.0,0.0,0.0
899534.102,2506.0,2285.0,2285.0,-342.75,-0.0,0.0,-342.0,0.0,-5.0,2506.0,0.0,0.0,0.0,0.0
899544.103,2506.0,2285.0,2285.0,-342.75,-0.0,0.0,-342.0,0.0,-5.0,2506.0,0.0,0.0,0.0,0.0
899554.103,2506.0,2285.0,2285.0,-342.75,-0.0,0.0,-342.0,0.0,-5.0,2506.0,0.0,0.0,0.0,0.0
899564.104,2506.0,2285.0,2285.0,-342.75,-0.0,0.0,-342.0,0.0,-5.0,2506.0,0.0,0.0,0.0,0.0
899574.105,2506.0,2285.0,2285.0,-342.75,-0.0,0.0,-342.0,0.0,-5.0,2506.0,0.0,0.0,0.0,0.0
899584.105,2506.0,2285.0,2285.0,-342.75,-0.0,0.0,-342.0,0.0,-5.0,2506.0,0.0,0.0,0.0,0.0
899594.106,2506.0,2285.0,2285.0,-342.75,-0.0,0.0,-342.0,0.0,-5.0,2506.0,0.0,0.0,0.0,0.0
899604.106,2506.0,2285.0,2285.0,-342.75,-0.0,0.0,-342.0,0.0,-5.0,2506.0,0.0,0.0,0.0,0.0
899614.11,2506.0,2285.0,2285.0,-342.75,-0.0,0.0,-342.0,0.0,-5.0,2506.0,0.0,0.0,0.0,0.0
899624.111,2506.0,2285.0,2285.0,-342.75,-0.0,0.0,-342.0,0.0,-5.0,2506.0,0.0,0.0,0.0,0.0
899634.112,2506.0,2285.0,2285.0,-342.75,-0.0,0.0,-342.0,0.0,-5.0,2506.0,0.0,0.0,0.0,0.0
899644.113,2506.0,2285.0,2285.0,-342.75,-0.0,0.0,-342.0,0.0,-5.0,2506.0,0.0,0.0,0.0,0.0
899654.114,2506.0,2285.0,2285.0,-342.75,-0.0,0.0,-342.0,0.0,-5.0,2506.0,0.0,0.0,0.0,0.0
899664.114,2506.0,2285.0,2285.0,-342.75,-0.0,0.0,-342.0,0.0,-5.0,2506.0,0.0,0.0,0.0,0.0
899674.114,2506.0,2285.0,2285.0,-342.75,-0.0,0.0,-342.0,0.0,-5.0,2506.0,0.0,0.0,0.0,0.0
899684.115,2506.0,2285.0,2285.0,-342.75,-0.0,0.0,-342.0,0.0,-5.0,2506.0,0.0,0.0,0.0,0.0
899694.115,2506.0,2285.0,2285.0,-342.75,-0.0,0.0,-342.0,0.0,-5.0,2506.0,0.0,0.0,0.0,0.0
899704.116,2506.0,2285.0,2285.0,-342.75,-0.0,0.0,-342.0,0.0,-5.0,2506.0,0.0,0.0,0.0,0.0
899715.098,2506.0,2285.0,2285.0,-342.75,-0.0,0.0,-342.0,0.0,-5.0,2506.0,0.0,0.0,0.0,0.0
899725.099,2506.0,2285.0,2285.0,-342.75,-0.0,0.0,-342.0,0.0,-5.0,2506.0,0.0,0.0,0.0,0.0
899735.099,2506.0,2285.0,2285.0,-342.75,-0.0,0.0,-342.0,0.0,-5.0,2506.0,0.0,0.0,0.0,0.0
899745.1,2506.0,2285.0,2285.0,-342.75,-0.0,0.0,-342.0,0.0,-5.0,2506.0,0.0,0.0,0.0,0.0
899755.101,2506.0,2285.0,2285.0,-342.75,-0.0,0.0,-342.0,0.0,-5.0,2506.0,0.0,0.0,0.0,0.0
899765.102,2506.0,2285.0,2285.0,-342.75,-0.0,0.0,-342.0,0.0,-5.0,2506.0,0.0,0.0,0.0,0.0
899775.103,2506.0,2285.0,2285.0,-342.75,-0.0,0.0,-342.0,0.0,-5.0,2506.0,0.0,0.0,0.0,0.0
899785.103,2506.0,2285.0,2285.0,-342.75,-0.0,0.0,-342.0,0.0,-5.0,2506.0,0.0,0.0,0.0,0.0
899795.103,2506.0,2285.0,2285.0,-342.75,-0.0,0.0,-342.0,0.0,-5.0,2506.0,0.0,0.0,0.0,0.0
899805.104,2506.0,2285.0,2285.0,-342.75,-0.0,0.0,-342.0,0.0,-5.0,2506.0,0.0,0.0,0.0,0.0
899815.104,2506.0,2285.0,2285.0,-342.75,-0.0,0.0,-342.0,0.0,-5.0,2506.0,0.0,0.0,0.0,0.0
899825.105,2506.0,2285.0,2285.0,-342.75,-0.0,0.0,-342.0,0.0,-5.0,2506.0,0.0,0.0,0.0,0.0
899835.106,2506.0,2285.0,2285.0,-342.75,-0.0,0.0,-342.0,0.0,-5.0,2506.0,0.0,0.0,0.0,0.0
899845.107,2506.0,2285.0,2285.0,-342.75,-0.0,0.0,-342.0,0.0,-5.0,2506.0,0.0,0.0,0.0,0.0
899856.098,2506.0,2285.0,2285.0,-342.75,-0.0,0.0,-342.0,0.0,-5.0,2506.0,0.0,0.0,0.0,0.0
899866.098,2506.0,2285.0,2285.0,-342.75,-0.0,0.0,-342.0,0.0,-5.0,2506.0,0.0,0.0,0.0,0.0
899876.099,2506.0,2285.0,2285.0,-342.75,-0.0,0.0,-342.0,0.0,-5.0,2506.0,0.0,0.0,0.0,0.0
899886.1,2506.0,2285.0,2285.0,-342.75,-0.0,0.0,-342.0,0.0,-5.0,2506.0,0.0,0.0,0.0,0.0
899896.101,2506.0,2285.0,2285.0,-342.75,-0.0,0.0,-342.0,0.0,-5.0,2506.0,0.0,0.0,0.0,0.0
899906.101,2506.0,2285.0,2285.0,-342.75,-0.0,0.0,-342.0,0.0,-5.0,2506.0,0.0,0.0,0.0,0.0
899916.101,2506.0,2285.0,2285.0,-342.75,-0.0,0.0,-342.0,0.0,-5.0,2506.0,0.0,0.0,0.0,0.0
899926.102,2506.0,2285.0,2285.0,-342.75,-0.0,0.0,-342.0,0.0,-5.0,2506.0,0.0,0.0,0.0,0.0
899936.103,2506.0,2285.0,2285.0,-342.75,-0.0,0.0,-342.0,0.0,-5.0,2506.0,0.0,0.0,0.0,0.0
899946.103,2506.0,2285.0,2285.0,-342.75,-0.0,0.0,-342.0,0.0,-5.0,2506.0,0.0,0.0,0.0,0.0
899956.104,2506.0,2285.0,2285.0,-342.75,-0.0,0.0,-342.0,0.0,-5.0,2506.0,0.0,0.0,0.0,0.0
899966.104,2506.0,2285.0,2285.0,-342.75,-0.0,0.0,-342.0,0.0,-5.0,2506.0,0.0,0.0,0.0,0.0
899976.104,2506.0,2285.0,2285.0,-342.75,-0.0,0.0,-342.0,0.0,-5.0,2506.0,0.0,0.0,0.0,0.0
899986.104,2506.0,2285.0,2285.0,-342.75,-0.0,0.0,-342.0,0.0,-5.0,2506.0,0.0,0.0,0.0,0.0
899997.098,2506.0,2285.0,2285.0,-342.75,-0.0,0.0,-342.0,0.0,-5.0,2506.0,0.0,0.0,0.0,0.0
900007.099,2506.0,2285.0,2285.0,-342.75,-0.0,0.0,-342.0,0.0,-5.0,2506.0,0.0,0.0,0.0,0.0
900017.1,2506.0,2285.0,2285.0,-342.75,-0.0,0.0,-342.0,0.0,-5.0,2506.0,0.0,0.0,0.0,0.0
900027.1,2506.0,2285.0,2285.0,-342.75,-0.0,0.0,-342.0,0.0,-5.0,2506.0,0.0,0.0,0.0,0.0
900037.1,2506.0,2285.0,2285.0,-342.75,-0.0,0.0,-342.0,0.0,-5.0,2506.0,0.0,0.0,0.0,0.0
900047.101,2506.0,2285.0,2285.0,-342.75,-0.0,0.0,-342.0,0.0,-5.0,2506.0,0.0,0.0,0.0,0.0
900057.101,2506.0,2285.0,2285.0,-342.75,-0.0,0.0,-342.0,0.0,-5.0,2506.0,0.0,0.0,0.0,0.0
900067.101,2506.0,2285.0,2285.0,-342.75,-0.0,0.0,-342.0,0.0,-5.0,2506.0,0.0,0.0,0.0,0.0
900077.101,2506.0,2285.0,2285.0,-342.75,-0.0,0.0,-342.0,0.0,-5.0,2506.0,0.0,0.0,0.0,0.0
900087.101,2506.0,2285.0,2285.0,-342.75,-0.0,0.0,-342.0,0.0,-5.0,2506.0,0.0,0.0,0.0,0.0
900097.101,2506.0,2285.0,2285.0,-342.75,-0.0,0.0,-342.0,0.0,-5.0,2506.0,0.0,0.0,0.0,0.0
900107.102,2506.0,2285.0,2285.0,-342.75,-0.0,0.0,-342.0,0.0,-5.0,2506.0,0.0,0.0,0.0,0.0
900117.102,2506.0,2285.0,2285.0,-342.75,-0.0,0.0,-342.0,0.0,-5.0,2506.0,0.0,0.0,0.0,0.0
900127.103,2506.0,2285.0,2285.0,-342.75,-0.0,0.0,-342.0,0.0,-5.0,2506.0,0.0,0.0,0.0,0.0
900137.103,2506.0,2285.0,2285.0,-342.75,-0.0,0.0,-342.0,0.0,-5.0,2506.0,0.0,0.0,0.0,0.0
900147.103,2506.0,2285.0,2285.0,-342.75,-0.0,0.0,-342.0,0.0,-5.0,2506.0,0.0,0.0,0.0,0.0
900157.103,2506.0,2285.0,2285.0,-342.75,-0.0,0.0,-342.0,0.0,-5.0,2506.0,0.0,0.0,0.0,0.0
900167.103,2506.0,2285.0,2285.0,-342.75,-0.0,0.0,-342.0,0.0,-5.0,2506.0,0.0,0.0,0.0,0.0
900177.103,2506.0,2285.0,2285.0,-342.75,-0.0,0.0,-342.0,0.0,-5.0,2506.0,0.0,0.0,0.0,0.0
900187.104,2506.0,2285.0,2285.0,-342.75,-0.0,0.0,-342.0,0.0,-5.0,2506.0,0.0,0.0,0.0,0.0
900197.105,2506.0,2285.0,2285.0,-342.75,-0.0,0.0,-342.0,0.0,-5.0,2506.0,0.0,0.0,0.0,0.0
900207.105,2506.0,2285.0,2285.0,-342.75,-0.0,0.0,-342.0,0.0,-5.0,2506.0,0.0,0.0,0.0,0.0
900217.106,2506.0,2285.0,2285.0,-342.75,-0.0,0.0,-342.0,0.0,-5.0,2506.0,0.0,0.0,0.0,0.0
900227.107,2506.0,2285.0,2285.0,-342.75,-0.0,0.0,-342.0,0.0,-5.0,2506.0,0.0,0.0,0.0,0.0
900237.108,2506.0,2285.0,2285.0,-342.75,-0.0,0.0,-342.0,0.0,-5.0,2506.0,0.0,0.0,0.0,0.0
900247.108,2506.0,2285.0,2285.0,-342.75,-0.0,0.0,-342.0,0.0,-5.0,2506.0,0.0,0.0,0.0,0.0
900257.108,2506.0,2285.0,2285.0,-342.75,-0.0,0.0,-342.0,0.0,-5.0,2506.0,0.0,0.0,0.0,0.0
900267.108,2506.0,2285.0,2285.0,-342.75,-0.0,0.0,-342.0,0.0,-5.0,2506.0,0.0,0.0,0.0,0.0
900277.109,2506.0,2285.0,2285.0,-342.75,-0.0,0.0,-342.0,0.0,-5.0,2506.0,0.0,0.0,0.0,0.0
900287.11,2506.0,2285.0,2285.0,-342.75,-0.0,0.0,-342.0,0.0,-5.0,2506.0,0.0,0.0,0.0,0.0
900297.111,2506.0,2285.0,2285.0,-342.75,-0.0,0.0,-342.0,0.0,-5.0,2506.0,0.0,0.0,0.0,0.0
900307.111,2506.0,2285.0,2285.0,-342.75,-0.0,0.0,-342.0,0.0,-5.0,2506.0,0.0,0.0,0.0,0.0
900317.112,2506.0,2285.0,2285.0,-342.75,-0.0,0.0,-342.0,0.0,-5.0,2506.0,0.0,0.0,0.0,0.0
900327.113,2506.0,2285.0,2285.0,-342.75,-0.0,0.0,-342.0,0.0,-5.0,2506.0,0.0,0.0,0.0,0.0
900337.114,2506.0,2285.0,2285.0,-342.75,-0.0,0.0,-342.0,0.0,-5.0,2506.0,0.0,0.0,0.0,0.0
900347.114,2506.0,2285.0,2285.0,-342.75,-0.0,0.0,-342.0,0.0,-5.0,2506.0,0.0,0.0,0.0,0.0
900357.115,2506.0,2285.0,2285.0,-342.75,-0.0,0.0,-342.0,0.0,-5.0,2506.0,0.0,0.0,0.0,0.0
900367.116,2506.0,2285.0,2285.0,-342.75,-0.0,0.0,-342.0,0.0,-5.0,2506.0,0.0,0.0,0.0,0.0
900377.117,2506.0,2285.0,2285.0,-342.75,-0.0,0.0,-342.0,0.0,-5.0,2506.0,0.0,0.0,0.0,0.0
900387.118,2506.0,2285.0,2285.0,-342.75,-0.0,0.0,-342.0,0.0,-5.0,2506.0,0.0,0.0,0.0,0.0
900397.118,2506.0,2285.0,2285.0,-342.75,-0.0,0.0,-342.0,0.0,-5.0,2506.0,0.0,0.0,0.0,0.0
900407.118,2506.0,2285.0,2285.0,-342.75,-0.0,0.0,-342.0,0.0,-5.0,2506.0,0.0,0.0,0.0,0.0
900417.119,2506.0,2285.0,2285.0,-342.75,-0.0,0.0,-342.0,0.0,-5.0,2506.0,0.0,0.0,0.0,0.0
900427.119,2506.0,2285.0,2285.0,-342.75,-0.0,0.0,-342.0,0.0,-5.0,2506.0,0.0,0.0,0.0,0.0
900437.12,2506.0,2285.0,2285.0,-342.75,-0.0,0.0,-342.0,0.0,-5.0,2506.0,0.0,0.0,0.0,0.0
900447.123,2506.0,2285.0,2285.0,-342.75,-0.0,0.0,-342.0,0.0,-5.0,2506.0,0.0,0.0,0.0,0.0
900457.124,2506.0,2285.0,2285.0,-342.75,-0.0,0.0,-342.0,0.0,-5.0,2506.0,0.0,0.0,0.0,0.0
900467.125,2506.0,2285.0,2285.0,-342.75,-0.0,0.0,-342.0,0.0,-5.0,2506.0,0.0,0.0,0.0,0.0
900477.125,2506.0,2285.0,2285.0,-342.75,-0.0,0.0,-342.0,0.0,-5.0,2506.0,0.0,0.0,0.0,0.0
900487.126,2506.0,2285.0,2285.0,-342.75,-0.0,0.0,-342.0,0.0,-5.0,2506.0,0.0,0.0,0.0,0.0
900498.098,2506.0,2285.0,2285.0,-342.75,-0.0,0.0,-342.0,0.0,-5.0,2506.0,0.0,0.0,0.0,0.0
900508.099,2506.0,2285.0,2285.0,-342.75,-0.0,0.0,-342.0,0.0,-5.0,2506.0,0.0,0.0,0.0,0.0
900518.099,2506.0,2285.0,2285.0,-342.75,-0.0,0.0,-342.0,0.0,-5.0,2506.0,0.0,0.0,0.0,0.0
900528.1,2506.0,2285.0,2285.0,-342.75,-0.0,0.0,-342.0,0.0,-5.0,2506.0,0.0,0.0,0.0,0.0
900538.101,2506.0,2285.0,2285.0,-342.75,-0.0,0.0,-342.0,0.0,-5.0,2506.0,0.0,0.0,0.0,0.0
900548.101,2506.0,2285.0,2285.0,-342.75,-0.0,0.0,-342.0,0.0,-5.0,2506.0,0.0,0.0,0.0,0.0
900558.101,2506.0,2285.0,2285.0,-342.75,-0.0,0.0,-342.0,0.0,-5.0,2506.0,0.0,0.0,0.0,0.0
900568.101,2506.0,2285.0,2285.0,-342.75,-0.0,0.0,-342.0,0.0,-5.0,2506.0,0.0,0.0,0.0,0.0
900578.144,2506.0,2285.0,2285.0,-342.75,-0.0,0.0,-342.0,0.0,-5.0,2506.0,0.0,0.0,0.0,0.0
900588.145,2506.0,2285.0,2285.0,-342.75,-0.0,0.0,-342.0,0.0,-5.0,2506.0,0.0,0.0,0.0,0.0
900598.145,2506.0,2285.0,2285.0,-342.75,-0.0,0.0,-342.0,0.0,-5.0,2506.0,0.0,0.0,0.0,0.0
900608.146,2506.0,2285.0,2285.0,-342.75,-0.0,0.0,-342.0,0.0,-5.0,2506.0,0.0,0.0,0.0,0.0
900618.147,2506.0,2285.0,2285.0,-342.75,-0.0,0.0,-342.0,0.0,-5.0,2506.0,0.0,0.0,0.0,0.0
900629.098,2506.0,2285.0,2285.0,-342.75,-0.0,0.0,-342.0,0.0,-5.0,2506.0,0.0,0.0,0.0,0.0
900639.098,2506.0,2285.0,2285.0,-342.75,-0.0,0.0,-342.0,0.0,-5.0,2506.0,0.0,0.0,0.0,0.0
900649.098,2506.0,2285.0,2285.0,-342.75,-0.0,0.0,-342.0,0.0,-5.0,2506.0,0.0,0.0,0.0,0.0
900659.098,2506.0,2285.0,2285.0,-342.75,-0.0,0.0,-342.0,0.0,-5.0,2506.0,0.0,0.0,0.0,0.0
900669.098,2506.0,2285.0,2285.0,-342.75,-0.0,0.0,-342.0,0.0,-5.0,2506.0,0.0,0.0,0.0,0.0
900679.098,2506.0,2285.0,2285.0,-342.75,-0.0,0.0,-342.0,0.0,-5.0,2506.0,0.0,0.0,0.0,0.0
900689.098,2506.0,2285.0,2285.0,-342.75,-0.0,0.0,-342.0,0.0,-5.0,2506.0,0.0,0.0,0.0,0.0
900699.098,2506.0,2285.0,2285.0,-342.75,-0.0,0.0,-342.0,0.0,-5.0,2506.0,0.0,0.0,0.0,0.0
900709.099,2506.0,2285.0,2285.0,-342.75,-0.0,0.0,-342.0,0.0,-5.0,2506.0,0.0,0.0,0.0,0.0
900720.098,2506.0,2285.0,2285.0,-342.75,-0.0,0.0,-342.0,0.0,-5.0,2506.0,0.0,0.0,0.0,0.0
900730.099,2506.0,2285.0,2285.0,-342.75,-0.0,0.0,-342.0,0.0,-5.0,2506.0,0.0,0.0,0.0,0.0
900740.1,2506.0,2285.0,2285.0,-342.75,-0.0,0.0,-342.0,0.0,-5.0,2506.0,0.0,0.0,0.0,0.0
900750.1,2506.0,2285.0,2285.0,-342.75,-0.0,0.0,-342.0,0.0,-5.0,2506.0,0.0,0.0,0.0,0.0
900760.101,2506.0,2285.0,2285.0,-342.75,-0.0,0.0,-342.0,0.0,-5.0,2506.0,0.0,0.0,0.0,0.0
900770.101,2506.0,2285.0,2285.0,-342.75,-0.0,0.0,-342.0,0.0,-5.0,2506.0,0.0,0.0,0.0,0.0
900780.101,2506.0,2285.0,2285.0,-342.75,-0.0,0.0,-342.0,0.0,-5.0,2506.0,0.0,0.0,0.0,0.0
900790.102,2506.0,2285.0,2285.0,-342.75,-0.0,0.0,-342.0,0.0,-5.0,2506.0,0.0,0.0,0.0,0.0
900800.103,2506.0,2285.0,2285.0,-342.75,-0.0,0.0,-342.0,0.0,-5.0,2506.0,0.0,0.0,0.0,0.0
900811.098,2506.0,2285.0,2285.0,-342.75,-0.0,0.0,-342.0,0.0,-5.0,2506.0,0.0,0.0,0.0,0.0
900821.098,2506.0,2285.0,2285.0,-342.75,-0.0,0.0,-342.0,0.0,-5.0,2506.0,0.0,0.0,0.0,0.0
900832.098,2506.0,2285.0,2285.0,-342.75,-0.0,0.0,-342.0,0.0,-5.0,2506.0,0.0,0.0,0.0,0.0
900842.098,2506.0,2285.0,2285.0,-342.75,-0.0,0.0,-342.0,0.0,-5.0,2506.0,0.0,0.0,0.0,0.0
900852.099,2506.0,2285.0,2285.0,-342.75,-0.0,0.0,-342.0,0.0,-5.0,2506.0,0.0,0.0,0.0,0.0
900862.1,2505.0,2285.0,2285.0,-342.75,-0.0,0.0,-342.0,0.0,-5.0,2506.0,0.0,0.0,0.0,0.0
900872.1,2506.0,2285.0,2285.0,-342.75,-0.0,0.0,-342.0,0.0,-5.0,2506.0,0.0,0.0,0.0,0.0
900882.1,2506.0,2285.0,2285.0,-342.75,-0.0,0.0,-342.0,0.0,-5.0,2506.0,0.0,0.0,0.0,0.0
900892.101,2506.0,2285.0,2285.0,-342.75,-0.0,0.0,-342.0,0.0,-5.0,2506.0,0.0,0.0,0.0,0.0
900902.101,2506.0,2285.0,2285.0,-342.75,-0.0,0.0,-342.0,0.0,-5.0,2506.0,0.0,0.0,0.0,0.0
900912.101,2506.0,2285.0,2285.0,-342.75,-0.0,0.0,-342.0,0.0,-5.0,2506.0,0.0,0.0,0.0,0.0
900923.098,2506.0,2285.0,2285.0,-342.75,-0.0,0.0,-342.0,0.0,-5.0,2506.0,0.0,0.0,0.0,0.0
900933.099,2506.0,2285.0,2285.0,-342.75,-0.0,0.0,-342.0,0.0,-5.0,2506.0,0.0,0.0,0.0,0.0
900943.099,2506.0,2285.0,2285.0,-342.75,-0.0,0.0,-342.0,0.0,-5.0,2506.0,0.0,0.0,0.0,0.0
900953.1,2506.0,2285.0,2285.0,-342.75,-0.0,0.0,-342.0,0.0,-5.0,2506.0,0.0,0.0,0.0,0.0
900964.098,2506.0,2285.0,2285.0,-342.75,-0.0,0.0,-342.0,0.0,-5.0,2506.0,0.0,0.0,0.0,0.0
900974.098,2506.0,2285.0,2285.0,-342.75,-0.0,0.0,-342.0,0.0,-5.0,2506.0,0.0,0.0,0.0,0.0
900984.099,2505.0,2285.0,2285.0,-342.75,-0.0,0.0,-342.0,0.0,-5.0,2506.0,0.0,0.0,0.0,0.0
900994.1,2506.0,2285.0,2285.0,-342.75,-0.0,0.0,-342.0,0.0,-5.0,2506.0,0.0,0.0,0.0,0.0
901004.101,2506.0,2285.0,2285.0,-342.75,-0.0,0.0,-342.0,0.0,-5.0,2506.0,0.0,0.0,0.0,0.0
901014.101,2506.0,2285.0,2285.0,-342.75,-0.0,0.0,-342.0,0.0,-5.0,2506.0,0.0,0.0,0.0,0.0
901024.102,2506.0,2285.0,2285.0,-342.75,-0.0,0.0,-342.0,0.0,-5.0,2506.0,0.0,0.0,0.0,0.0
901034.103,2505.0,2285.0,2285.0,-342.75,-0.0,0.0,-342.0,0.0,-5.0,2506.0,0.0,0.0,0.0,0.0
901044.103,2506.0,2285.0,2285.0,-342.75,-0.0,0.0,-342.0,0.0,-5.0,2506.0,0.0,0.0,0.0,0.0
901054.103,2506.0,2285.0,2285.0,-342.75,-0.0,0.0,-342.0,0.0,-5.0,2506.0,0.0,0.0,0.0,0.0
901064.103,2505.0,2285.0,2285.0,-342.75,-0.0,0.0,-342.0,0.0,-5.0,2506.0,0.0,0.0,0.0,0.0
901074.103,2506.0,2285.0,2285.0,-342.75,-0.0,0.0,-342.0,0.0,-5.0,2506.0,0.0,0.0,0.0,0.0
901084.104,2506.0,2285.0,2285.0,-342.75,-0.0,0.0,-342.0,0.0,-5.0,2506.0,0.0,0.0,0.0,0.0
901094.104,2506.0,2285.0,2285.0,-342.75,-0.0,0.0,-342.0,0.0,-5.0,2506.0,0.0,0.0,0.0,0.0
901105.106,2506.0,2285.0,2285.0,-342.75,-0.0,0.0,-342.0,0.0,-5.0,2506.0,0.0,0.0,0.0,0.0
901115.107,2506.0,2285.0,2285.0,-342.75,-0.0,0.0,-342.0,0.0,-5.0,2506.0,0.0,0.0,0.0,0.0
901125.108,2506.0,2285.0,2285.0,-342.75,-0.0,0.0,-342.0,0.0,-5.0,2506.0,0.0,0.0,0.0,0.0
901136.098,2506.0,2285.0,2285.0,-342.75,-0.0,0.0,-342.0,0.0,-5.0,2506.0,0.0,0.0,0.0,0.0
901146.098,2506.0,2285.0,2285.0,-342.75,-0.0,0.0,-342.0,0.0,-5.0,2506.0,0.0,0.0,0.0,0.0
901156.098,2506.0,2285.0,2285.0,-342.75,-0.0,0.0,-342.0,0.0,-5.0,2506.0,0.0,0.0,0.0,0.0
901166.098,2506.0,2285.0,2285.0,-342.75,-0.0,0.0,-342.0,0.0,-5.0,2506.0,0.0,0.0,0.0,0.0
901176.099,2506.0,2285.0,2285.0,-342.75,-0.0,0.0,-342.0,0.0,-5.0,2506.0,0.0,0.0,0.0,0.0
901186.1,2506.0,2285.0,2285.0,-342.75,-0.0,0.0,-342.0,0.0,-5.0,2506.0,0.0,0.0,0.0,0.0
901196.1,2506.0,2285.0,2285.0,-342.75,-0.0,0.0,-342.0,0.0,-5.0,2506.0,0.0,0.0,0.0,0.0
901206.1,2506.0,2285.0,2285.0,-342.75,-0.0,0.0,-342.0,0.0,-5.0,2506.0,0.0,0.0,0.0,0.0
901216.1,2506.0,2285.0,2285.0,-342.75,-0.0,0.0,-342.0,0.0,-5.0,2506.0,0.0,0.0,0.0,0.0
901226.1,2506.0,2285.0,2285.0,-342.75,-0.0,0.0,-342.0,0.0,-5.0,2506.0,0.0,0.0,0.0,0.0
901236.1,2506.0,2285.0,2285.0,-342.75,-0.0,0.0,-342.0,0.0,-5.0,2506.0,0.0,0.0,0.0,0.0
901247.098,2506.0,2285.0,2285.0,-342.75,-0.0,0.0,-342.0,0.0,-5.0,2506.0,0.0,0.0,0.0,0.0
901257.099,2506.0,2285.0,2285.0,-342.75,-0.0,0.0,-342.0,0.0,-5.0,2506.0,0.0,0.0,0.0,0.0
901268.098,2506.0,2285.0,2285.0,-342.75,-0.0,0.0,-342.0,0.0,-5.0,2506.0,0.0,0.0,0.0,0.0
901278.099,2506.0,2285.0,2285.0,-342.75,-0.0,0.0,-342.0,0.0,-5.0,2506.0,0.0,0.0,0.0,0.0
901288.101,2506.0,2285.0,2285.0,-342.75,-0.0,0.0,-342.0,0.0,-5.0,2506.0,0.0,0.0,0.0,0.0
901298.101,2506.0,2285.0,2285.0,-342.75,-0.0,0.0,-342.0,0.0,-5.0,2506.0,0.0,0.0,0.0,0.0
901308.102,2506.0,2285.0,2285.0,-342.75,-0.0,0.0,-342.0,0.0,-5.0,2506.0,0.0,0.0,0.0,0.0
901318.103,2506.0,2285.0,2285.0,-342.75,-0.0,0.0,-342.0,0.0,-5.0,2506.0,0.0,0.0,0.0,0.0
901328.103,2506.0,2285.0,2285.0,-342.75,-0.0,0.0,-342.0,0.0,-5.0,2506.0,0.0,0.0,0.0,0.0
901338.103,2506.0,2285.0,2285.0,-342.75,-0.0,0.0,-342.0,0.0,-5.0,2506.0,0.0,0.0,0.0,0.0
901348.103,2506.0,2285.0,2285.0,-342.75,-0.0,0.0,-342.0,0.0,-5.0,2506.0,0.0,0.0,0.0,0.0
901358.103,2506.0,2285.0,2285.0,-342.75,-0.0,0.0,-342.0,0.0,-5.0,2506.0,0.0,0.0,0.0,0.0
901368.103,2506.0,2285.0,2285.0,-342.75,-0.0,0.0,-342.0,0.0,-5.0,2506.0,0.0,0.0,0.0,0.0
901378.103,2506.0,2285.0,2285.0,-342.75,-0.0,0.0,-342.0,0.0,-5.0,2506.0,0.0,0.0,0.0,0.0
901388.104,2506.0,2285.0,2285.0,-342.75,-0.0,0.0,-342.0,0.0,-5.0,2506.0,0.0,0.0,0.0,0.0
901398.104,2506.0,2285.0,2285.0,-342.75,-0.0,0.0,-342.0,0.0,-5.0,2506.0,0.0,0.0,0.0,0.0
901408.104,2506.0,2285.0,2285.0,-342.75,-0.0,0.0,-342.0,0.0,-5.0,2506.0,0.0,0.0,0.0,0.0
901418.104,2506.0,2285.0,2285.0,-342.75,-0.0,0.0,-342.0,0.0,-5.0,2506.0,0.0,0.0,0.0,0.0
901428.105,2506.0,2285.0,2285.0,-342.75,-0.0,0.0,-342.0,0.0,-5.0,2506.0,0.0,0.0,0.0,0.0
901438.106,2506.0,2285.0,2285.0,-342.75,-0.0,0.0,-342.0,0.0,-5.0,2506.0,0.0,0.0,0.0,0.0
901448.106,2506.0,2285.0,2285.0,-342.75,-0.0,0.0,-342.0,0.0,-5.0,2506.0,0.0,0.0,0.0,0.0
901458.106,2506.0,2285.0,2285.0,-342.75,-0.0,0.0,-342.0,0.0,-5.0,2506.0,0.0,0.0,0.0,0.0
901468.107,2506.0,2285.0,2285.0,-342.75,-0.0,0.0,-342.0,0.0,-5.0,2506.0,0.0,0.0,0.0,0.0
901478.108,2506.0,2285.0,2285.0,-342.75,-0.0,0.0,-342.0,0.0,-5.0,2506.0,0.0,0.0,0.0,0.0
901488.108,2506.0,2285.0,2285.0,-342.75,-0.0,0.0,-342.0,0.0,-5.0,2506.0,0.0,0.0,0.0,0.0
901498.108,2506.0,2285.0,2285.0,-342.75,-0.0,0.0,-342.0,0.0,-5.0,2506.0,0.0,0.0,0.0,0.0
901508.109,2506.0,2285.0,2285.0,-342.75,-0.0,0.0,-342.0,0.0,-5.0,2506.0,0.0,0.0,0.0,0.0
901518.109,2506.0,2285.0,2285.0,-342.75,-0.0,0.0,-342.0,0.0,-5.0,2506.0,0.0,0.0,0.0,0.0
901528.11,2506.0,2285.0,2285.0,-342.75,-0.0,0.0,-342.0,0.0,-5.0,2506.0,0.0,0.0,0.0,0.0
901538.11,2506.0,2285.0,2285.0,-342.75,-0.0,0.0,-342.0,0.0,-5.0,2506.0,0.0,0.0,0.0,0.0
901548.11,2505.0,2285.0,2285.0,-342.75,-0.0,0.0,-342.0,0.0,-5.0,2506.0,0.0,0.0,0.0,0.0
901558.11,2506.0,2285.0,2285.0,-342.75,-0.0,0.0,-342.0,0.0,-5.0,2506.0,0.0,0.0,0.0,0.0
901568.111,2506.0,2285.0,2285.0,-342.75,-0.0,0.0,-342.0,0.0,-5.0,2506.0,0.0,0.0,0.0,0.0
901578.112,2506.0,2285.0,2285.0,-342.75,-0.0,0.0,-342.0,0.0,-5.0,2506.0,0.0,0.0,0.0,0.0
901588.113,2506.0,2285.0,2285.0,-342.75,-0.0,0.0,-342.0,0.0,-5.0,2506.0,0.0,0.0,0.0,0.0
901598.113,2506.0,2285.0,2285.0,-342.75,-0.0,0.0,-342.0,0.0,-5.0,2506.0,0.0,0.0,0.0,0.0
901608.113,2506.0,2285.0,2285.0,-342.75,-0.0,0.0,-342.0,0.0,-5.0,2506.0,0.0,0.0,0.0,0.0
901618.113,2505.0,2285.0,2285.0,-342.75,-0.0,0.0,-342.0,0.0,-5.0,2506.0,0.0,0.0,0.0,0.0
901628.114,2506.0,2285.0,2285.0,-342.75,-0.0,0.0,-342.0,0.0,-5.0,2506.0,0.0,0.0,0.0,0.0
901638.114,2506.0,2285.0,2285.0,-342.75,-0.0,0.0,-342.0,0.0,-5.0,2506.0,0.0,0.0,0.0,0.0
901648.115,2506.0,2285.0,2285.0,-342.75,-0.0,0.0,-342.0,0.0,-5.0,2506.0,0.0,0.0,0.0,0.0
901658.116,2506.0,2285.0,2285.0,-342.75,-0.0,0.0,-342.0,0.0,-5.0,2506.0,0.0,0.0,0.0,0.0
901668.116,2506.0,2285.0,2285.0,-342.75,-0.0,0.0,-342.0,0.0,-5.0,2506.0,0.0,0.0,0.0,0.0
901678.116,2506.0,2285.0,2285.0,-342.75,-0.0,0.0,-342.0,0.0,-5.0,2506.0,0.0,0.0,0.0,0.0
901688.116,2506.0,2285.0,2285.0,-342.75,-0.0,0.0,-342.0,0.0,-5.0,2506.0,0.0,0.0,0.0,0.0
901698.116,2506.0,2285.0,2285.0,-342.75,-0.0,0.0,-342.0,0.0,-5.0,2506.0,0.0,0.0,0.0,0.0
901708.117,2506.0,2285.0,2285.0,-342.75,-0.0,0.0,-342.0,0.0,-5.0,2506.0,0.0,0.0,0.0,0.0
901718.118,2506.0,2285.0,2285.0,-342.75,-0.0,0.0,-342.0,0.0,-5.0,2506.0,0.0,0.0,0.0,0.0
901728.12,2506.0,2285.0,2285.0,-342.75,-0.0,0.0,-342.0,0.0,-5.0,2506.0,0.0,0.0,0.0,0.0
901738.121,2506.0,2285.0,2285.0,-342.75,-0.0,0.0,-342.0,0.0,-5.0,2506.0,0.0,0.0,0.0,0.0
901748.123,2506.0,2285.0,2285.0,-342.75,-0.0,0.0,-342.0,0.0,-5.0,2506.0,0.0,0.0,0.0,0.0
901758.124,2506.0,2285.0,2285.0,-342.75,-0.0,0.0,-342.0,0.0,-5.0,2506.0,0.0,0.0,0.0,0.0
901768.125,2506.0,2285.0,2285.0,-342.75,-0.0,0.0,-342.0,0.0,-5.0,2506.0,0.0,0.0,0.0,0.0
901778.125,2506.0,2285.0,2285.0,-342.75,-0.0,0.0,-342.0,0.0,-5.0,2506.0,0.0,0.0,0.0,0.0
901788.126,2506.0,2285.0,2285.0,-342.75,-0.0,0.0,-342.0,0.0,-5.0,2506.0,0.0,0.0,0.0,0.0
901798.126,2506.0,2285.0,2285.0,-342.75,-0.0,0.0,-342.0,0.0,-5.0,2506.0,0.0,0.0,0.0,0.0
901808.127,2506.0,2285.0,2285.0,-342.75,-0.0,0.0,-342.0,0.0,-5.0,2506.0,0.0,0.0,0.0,0.0
901818.127,2506.0,2285.0,2285.0,-342.75,-0.0,0.0,-342.0,0.0,-5.0,2506.0,0.0,0.0,0.0,0.0
901828.127,2506.0,2285.0,2285.0,-342.75,-0.0,0.0,-342.0,0.0,-5.0,2506.0,0.0,0.0,0.0,0.0
901838.127,2506.0,2285.0,2285.0,-342.75,-0.0,0.0,-342.0,0.0,-5.0,2506.0,0.0,0.0,0.0,0.0
901848.127,2506.0,2285.0,2285.0,-342.75,-0.0,0.0,-342.0,0.0,-5.0,2506.0,0.0,0.0,0.0,0.0
901858.128,2506.0,2285.0,2285.0,-342.75,-0.0,0.0,-342.0,0.0,-5.0,2506.0,0.0,0.0,0.0,0.0
901868.128,2506.0,2285.0,2285.0,-342.75,-0.0,0.0,-342.0,0.0,-5.0,2506.0,0.0,0.0,0.0,0.0
901878.128,2506.0,2285.0,2285.0,-342.75,-0.0,0.0,-342.0,0.0,-5.0,2506.0,0.0,0.0,0.0,0.0
901888.129,2506.0,2285.0,2285.0,-342.75,-0.0,0.0,-342.0,0.0,-5.0,2506.0,0.0,0.0,0.0,0.0
901898.13,2506.0,2285.0,2285.0,-342.75,-0.0,0.0,-342.0,0.0,-5.0,2506.0,0.0,0.0,0.0,0.0
901908.13,2506.0,2285.0,2285.0,-342.75,-0.0,0.0,-342.0,0.0,-5.0,2506.0,0.0,0.0,0.0,0.0
901918.131,2506.0,2285.0,2285.0,-342.75,-0.0,0.0,-342.0,0.0,-5.0,2506.0,0.0,0.0,0.0,0.0
901928.131,2506.0,2285.0,2285.0,-342.75,-0.0,0.0,-342.0,0.0,-5.0,2506.0,0.0,0.0,0.0,0.0
901938.131,2506.0,2285.0,2285.0,-342.75,-0.0,0.0,-342.0,0.0,-5.0,2506.0,0.0,0.0,0.0,0.0
901949.098,2506.0,2285.0,2285.0,-342.75,-0.0,0.0,-342.0,0.0,-5.0,2506.0,0.0,0.0,0.0,0.0
901959.099,2506.0,2285.0,2285.0,-342.75,-0.0,0.0,-342.0,0.0,-5.0,2506.0,0.0,0.0,0.0,0.0
901969.099,2506.0,2285.0,2285.0,-342.75,-0.0,0.0,-342.0,0.0,-5.0,2506.0,0.0,0.0,0.0,0.0
901979.1,2506.0,2285.0,2285.0,-342.75,-0.0,0.0,-342.0,0.0,-5.0,2506.0,0.0,0.0,0.0,0.0
901989.101,2506.0,2285.0,2285.0,-342.75,-0.0,0.0,-342.0,0.0,-5.0,2506.0,0.0,0.0,0.0,0.0
901999.102,2506.0,2285.0,2285.0,-342.75,-0.0,0.0,-342.0,0.0,-5.0,2506.0,0.0,0.0,0.0,0.0
902009.103,2506.0,2285.0,2285.0,-342.75,-0.0,0.0,-342.0,0.0,-5.0,2506.0,0.0,0.0,0.0,0.0
902019.104,2506.0,2285.0,2285.0,-342.75,-0.0,0.0,-342.0,0.0,-5.0,2506.0,0.0,0.0,0.0,0.0
902029.105,2506.0,2285.0,2285.0,-342.75,-0.0,0.0,-342.0,0.0,-5.0,2506.0,0.0,0.0,0.0,0.0
902039.105,2506.0,2285.0,2285.0,-342.75,-0.0,0.0,-342.0,0.0,-5.0,2506.0,0.0,0.0,0.0,0.0
902049.105,2506.0,2285.0,2285.0,-342.75,-0.0,0.0,-342.0,0.0,-5.0,2506.0,0.0,0.0,0.0,0.0
902059.106,2506.0,2285.0,2285.0,-342.75,-0.0,0.0,-342.0,0.0,-5.0,2506.0,0.0,0.0,0.0,0.0
902069.107,2506.0,2285.0,2285.0,-342.75,-0.0,0.0,-342.0,0.0,-5.0,2506.0,0.0,0.0,0.0,0.0
902079.108,2506.0,2285.0,2285.0,-342.75,-0.0,0.0,-342.0,0.0,-5.0,2506.0,0.0,0.0,0.0,0.0
902089.109,2506.0,2285.0,2285.0,-342.75,-0.0,0.0,-342.0,0.0,-5.0,2506.0,0.0,0.0,0.0,0.0
902099.109,2506.0,2285.0,2285.0,-342.75,-0.0,0.0,-342.0,0.0,-5.0,2506.0,0.0,0.0,0.0,0.0
902109.11,2506.0,2285.0,2285.0,-342.75,-0.0,0.0,-342.0,0.0,-5.0,2506.0,0.0,0.0,0.0,0.0
902119.111,2506.0,2285.0,2285.0,-342.75,-0.0,0.0,-342.0,0.0,-5.0,2506.0,0.0,0.0,0.0,0.0
902129.111,2506.0,2285.0,2285.0,-342.75,-0.0,0.0,-342.0,0.0,-5.0,2506.0,0.0,0.0,0.0,0.0
902139.112,2506.0,2285.0,2285.0,-342.75,-0.0,0.0,-342.0,0.0,-5.0,2506.0,0.0,0.0,0.0,0.0
902149.112,2506.0,2285.0,2285.0,-342.75,-0.0,0.0,-342.0,0.0,-5.0,2506.0,0.0,0.0,0.0,0.0
902159.113,2506.0,2285.0,2285.0,-342.75,-0.0,0.0,-342.0,0.0,-5.0,2506.0,0.0,0.0,0.0,0.0
902169.114,2506.0,2285.0,2285.0,-342.75,-0.0,0.0,-342.0,0.0,-5.0,2506.0,0.0,0.0,0.0,0.0
902179.114,2506.0,2285.0,2285.0,-342.75,-0.0,0.0,-342.0,0.0,-5.0,2506.0,0.0,0.0,0.0,0.0
902189.115,2506.0,2285.0,2285.0,-342.75,-0.0,0.0,-342.0,0.0,-5.0,2506.0,0.0,0.0,0.0,0.0
902199.116,2506.0,2285.0,2285.0,-342.75,-0.0,0.0,-342.0,0.0,-5.0,2506.0,0.0,0.0,0.0,0.0
902209.117,2506.0,2285.0,2285.0,-342.75,-0.0,0.0,-342.0,0.0,-5.0,2506.0,0.0,0.0,0.0,0.0
902219.117,2506.0,2285.0,2285.0,-342.75,-0.0,0.0,-342.0,0.0,-5.0,2506.0,0.0,0.0,0.0,0.0
902229.117,2506.0,2285.0,2285.0,-342.75,-0.0,0.0,-342.0,0.0,-5.0,2506.0,0.0,0.0,0.0,0.0
902239.118,2506.0,2285.0,2285.0,-342.75,-0.0,0.0,-342.0,0.0,-5.0,2506.0,0.0,0.0,0.0,0.0
902249.119,2506.0,2285.0,2285.0,-342.75,-0.0,0.0,-342.0,0.0,-5.0,2506.0,0.0,0.0,0.0,0.0
902259.12,2506.0,2285.0,2285.0,-342.75,-0.0,0.0,-342.0,0.0,-5.0,2506.0,0.0,0.0,0.0,0.0
902269.121,2506.0,2285.0,2285.0,-342.75,-0.0,0.0,-342.0,0.0,-5.0,2506.0,0.0,0.0,0.0,0.0
902279.125,2506.0,2285.0,2285.0,-342.75,-0.0,0.0,-342.0,0.0,-5.0,2506.0,0.0,0.0,0.0,0.0
902289.125,2506.0,2285.0,2285.0,-342.75,-0.0,0.0,-342.0,0.0,-5.0,2506.0,0.0,0.0,0.0,0.0
902299.125,2506.0,2285.0,2285.0,-342.75,-0.0,0.0,-342.0,0.0,-5.0,2506.0,0.0,0.0,0.0,0.0
902309.125,2506.0,2285.0,2285.0,-342.75,-0.0,0.0,-342.0,0.0,-5.0,2506.0,0.0,0.0,0.0,0.0
902319.126,2506.0,2285.0,2285.0,-342.75,-0.0,0.0,-342.0,0.0,-5.0,2506.0,0.0,0.0,0.0,0.0
902329.126,2506.0,2285.0,2285.0,-342.75,-0.0,0.0,-342.0,0.0,-5.0,2506.0,0.0,0.0,0.0,0.0
902339.128,2506.0,2285.0,2285.0,-342.75,-0.0,0.0,-342.0,0.0,-5.0,2506.0,0.0,0.0,0.0,0.0
902349.129,2506.0,2285.0,2285.0,-342.75,-0.0,0.0,-342.0,0.0,-5.0,2506.0,0.0,0.0,0.0,0.0
902359.13,2506.0,2285.0,2285.0,-342.75,-0.0,0.0,-342.0,0.0,-5.0,2506.0,0.0,0.0,0.0,0.0
902369.131,2506.0,2285.0,2285.0,-342.75,-0.0,0.0,-342.0,0.0,-5.0,2506.0,0.0,0.0,0.0,0.0
902379.131,2506.0,2285.0,2285.0,-342.75,-0.0,0.0,-342.0,0.0,-5.0,2506.0,0.0,0.0,0.0,0.0
902389.132,2506.0,2285.0,2285.0,-342.75,-0.0,0.0,-342.0,0.0,-5.0,2506.0,0.0,0.0,0.0,0.0
902399.132,2506.0,2285.0,2285.0,-342.75,-0.0,0.0,-342.0,0.0,-5.0,2506.0,0.0,0.0,0.0,0.0
902409.132,2506.0,2285.0,2285.0,-342.75,-0.0,0.0,-342.0,0.0,-5.0,2506.0,0.0,0.0,0.0,0.0
902419.133,2506.0,2285.0,2285.0,-342.75,-0.0,0.0,-342.0,0.0,-5.0,2506.0,0.0,0.0,0.0,0.0
902429.133,2506.0,2285.0,2285.0,-342.75,-0.0,0.0,-342.0,0.0,-5.0,2506.0,0.0,0.0,0.0,0.0
902439.134,2506.0,2285.0,2285.0,-342.75,-0.0,0.0,-342.0,0.0,-5.0,2506.0,0.0,0.0,0.0,0.0
902449.135,2506.0,2285.0,2285.0,-342.75,-0.0,0.0,-342.0,0.0,-5.0,2506.0,0.0,0.0,0.0,0.0
902459.136,2506.0,2285.0,2285.0,-342.75,-0.0,0.0,-342.0,0.0,-5.0,2506.0,0.0,0.0,0.0,0.0
902469.137,2506.0,2285.0,2285.0,-342.75,-0.0,0.0,-342.0,0.0,-5.0,2506.0,0.0,0.0,0.0,0.0
902479.137,2506.0,2285.0,2285.0,-342.75,-0.0,0.0,-342.0,0.0,-5.0,2506.0,0.0,0.0,0.0,0.0
902489.137,2506.0,2285.0,2285.0,-342.75,-0.0,0.0,-342.0,0.0,-5.0,2506.0,0.0,0.0,0.0,0.0
902499.138,2506.0,2285.0,2285.0,-342.75,-0.0,0.0,-342.0,0.0,-5.0,2506.0,0.0,0.0,0.0,0.0
902509.139,2506.0,2285.0,2285.0,-342.75,-0.0,0.0,-342.0,0.0,-5.0,2506.0,0.0,0.0,0.0,0.0
902519.139,2506.0,2285.0,2285.0,-342.75,-0.0,0.0,-342.0,0.0,-5.0,2506.0,0.0,0.0,0.0,0.0
902529.14,2506.0,2285.0,2285.0,-342.75,-0.0,0.0,-342.0,0.0,-5.0,2506.0,0.0,0.0,0.0,0.0
902539.14,2506.0,2285.0,2285.0,-342.75,-0.0,0.0,-342.0,0.0,-5.0,2506.0,0.0,0.0,0.0,0.0
902549.141,2506.0,2285.0,2285.0,-342.75,-0.0,0.0,-342.0,0.0,-5.0,2506.0,0.0,0.0,0.0,0.0
902559.141,2506.0,2285.0,2285.0,-342.75,-0.0,0.0,-342.0,0.0,-5.0,2506.0,0.0,0.0,0.0,0.0
902569.142,2506.0,2285.0,2285.0,-342.75,-0.0,0.0,-342.0,0.0,-5.0,2506.0,0.0,0.0,0.0,0.0
902579.142,2506.0,2285.0,2285.0,-342.75,-0.0,0.0,-342.0,0.0,-5.0,2506.0,0.0,0.0,0.0,0.0
902589.142,2506.0,2285.0,2285.0,-342.75,-0.0,0.0,-342.0,0.0,-5.0,2506.0,0.0,0.0,0.0,0.0
902599.143,2506.0,2285.0,2285.0,-342.75,-0.0,0.0,-342.0,0.0,-5.0,2506.0,0.0,0.0,0.0,0.0
902609.143,2506.0,2285.0,2285.0,-342.75,-0.0,0.0,-342.0,0.0,-5.0,2506.0,0.0,0.0,0.0,0.0
902619.143,2506.0,2285.0,2285.0,-342.75,-0.0,0.0,-342.0,0.0,-5.0,2506.0,0.0,0.0,0.0,0.0
902629.144,2506.0,2285.0,2285.0,-342.75,-0.0,0.0,-342.0,0.0,-5.0,2506.0,0.0,0.0,0.0,0.0
902639.145,2506.0,2285.0,2285.0,-342.75,-0.0,0.0,-342.0,0.0,-5.0,2506.0,0.0,0.0,0.0,0.0
902649.15,2506.0,2285.0,2285.0,-342.75,-0.0,0.0,-342.0,0.0,-5.0,2506.0,0.0,0.0,0.0,0.0
902659.151,2506.0,2285.0,2285.0,-342.75,-0.0,0.0,-342.0,0.0,-5.0,2506.0,0.0,0.0,0.0,0.0
902669.152,2506.0,2285.0,2285.0,-342.75,-0.0,0.0,-342.0,0.0,-5.0,2506.0,0.0,0.0,0.0,0.0
902679.152,2506.0,2285.0,2285.0,-342.75,-0.0,0.0,-342.0,0.0,-5.0,2506.0,0.0,0.0,0.0,0.0
902689.152,2506.0,2285.0,2285.0,-342.75,-0.0,0.0,-342.0,0.0,-5.0,2506.0,0.0,0.0,0.0,0.0
902699.153,2506.0,2285.0,2285.0,-342.75,-0.0,0.0,-342.0,0.0,-5.0,2506.0,0.0,0.0,0.0,0.0
902709.153,2506.0,2285.0,2285.0,-342.75,-0.0,0.0,-342.0,0.0,-5.0,2506.0,0.0,0.0,0.0,0.0
902719.153,2506.0,2285.0,2285.0,-342.75,-0.0,0.0,-342.0,0.0,-5.0,2506.0,0.0,0.0,0.0,0.0
902729.153,2506.0,2285.0,2285.0,-342.75,-0.0,0.0,-342.0,0.0,-5.0,2506.0,0.0,0.0,0.0,0.0
902739.153,2506.0,2285.0,2285.0,-342.75,-0.0,0.0,-342.0,0.0,-5.0,2506.0,0.0,0.0,0.0,0.0
902749.154,2506.0,2285.0,2285.0,-342.75,-0.0,0.0,-342.0,0.0,-5.0,2506.0,0.0,0.0,0.0,0.0
902759.154,2506.0,2285.0,2285.0,-342.75,-0.0,0.0,-342.0,0.0,-5.0,2506.0,0.0,0.0,0.0,0.0
902769.154,2506.0,2285.0,2285.0,-342.75,-0.0,0.0,-342.0,0.0,-5.0,2506.0,0.0,0.0,0.0,0.0
902779.155,2506.0,2285.0,2285.0,-342.75,-0.0,0.0,-342.0,0.0,-5.0,2506.0,0.0,0.0,0.0,0.0
902789.156,2506.0,2285.0,2285.0,-342.75,-0.0,0.0,-342.0,0.0,-5.0,2506.0,0.0,0.0,0.0,0.0
902799.16,2506.0,2285.0,2285.0,-342.75,-0.0,0.0,-342.0,0.0,-5.0,2506.0,0.0,0.0,0.0,0.0
902809.161,2506.0,2285.0,2285.0,-342.75,-0.0,0.0,-342.0,0.0,-5.0,2506.0,0.0,0.0,0.0,0.0
902819.161,2506.0,2285.0,2285.0,-342.75,-0.0,0.0,-342.0,0.0,-5.0,2506.0,0.0,0.0,0.0,0.0
902829.161,2506.0,2285.0,2285.0,-342.75,-0.0,0.0,-342.0,0.0,-5.0,2506.0,0.0,0.0,0.0,0.0
902839.162,2506.0,2285.0,2285.0,-342.75,-0.0,0.0,-342.0,0.0,-5.0,2506.0,0.0,0.0,0.0,0.0
902850.099,2506.0,2285.0,2285.0,-342.75,-0.0,0.0,-342.0,0.0,-5.0,2506.0,0.0,0.0,0.0,0.0
902860.1,2506.0,2285.0,2285.0,-342.75,-0.0,0.0,-342.0,0.0,-5.0,2506.0,0.0,0.0,0.0,0.0
902870.1,2506.0,2285.0,2285.0,-342.75,-0.0,0.0,-342.0,0.0,-5.0,2506.0,0.0,0.0,0.0,0.0
902881.098,2506.0,2285.0,2285.0,-342.75,-0.0,0.0,-342.0,0.0,-5.0,2506.0,0.0,0.0,0.0,0.0
902892.098,2506.0,2285.0,2285.0,-342.75,-0.0,0.0,-342.0,0.0,-5.0,2506.0,0.0,0.0,0.0,0.0
902902.099,2506.0,2285.0,2285.0,-342.75,-0.0,0.0,-342.0,0.0,-5.0,2506.0,0.0,0.0,0.0,0.0
902912.099,2506.0,2285.0,2285.0,-342.75,-0.0,0.0,-342.0,0.0,-5.0,2506.0,0.0,0.0,0.0,0.0
902922.1,2506.0,2285.0,2285.0,-342.75,-0.0,0.0,-342.0,0.0,-5.0,2506.0,0.0,0.0,0.0,0.0
902932.1,2506.0,2285.0,2285.0,-342.75,-0.0,0.0,-342.0,0.0,-5.0,2506.0,0.0,0.0,0.0,0.0
902942.101,2506.0,2285.0,2285.0,-342.75,-0.0,0.0,-342.0,0.0,-5.0,2506.0,0.0,0.0,0.0,0.0
902952.102,2506.0,2285.0,2285.0,-342.75,-0.0,0.0,-342.0,0.0,-5.0,2506.0,0.0,0.0,0.0,0.0
902962.102,2506.0,2285.0,2285.0,-342.75,-0.0,0.0,-342.0,0.0,-5.0,2506.0,0.0,0.0,0.0,0.0
902972.102,2506.0,2285.0,2285.0,-342.75,-0.0,0.0,-342.0,0.0,-5.0,2506.0,0.0,0.0,0.0,0.0
902982.103,2506.0,2285.0,2285.0,-342.75,-0.0,0.0,-342.0,0.0,-5.0,2506.0,0.0,0.0,0.0,0.0
902992.103,2506.0,2285.0,2285.0,-342.75,-0.0,0.0,-342.0,0.0,-5.0,2506.0,0.0,0.0,0.0,0.0
903003.098,2506.0,2285.0,2285.0,-342.75,-0.0,0.0,-342.0,0.0,-5.0,2506.0,0.0,0.0,0.0,0.0
903013.099,2506.0,2285.0,2285.0,-342.75,-0.0,0.0,-342.0,0.0,-5.0,2506.0,0.0,0.0,0.0,0.0
903023.1,2506.0,2285.0,2285.0,-342.75,-0.0,0.0,-342.0,0.0,-5.0,2506.0,0.0,0.0,0.0,0.0
903033.101,2506.0,2285.0,2285.0,-342.75,-0.0,0.0,-342.0,0.0,-5.0,2506.0,0.0,0.0,0.0,0.0
903043.102,2506.0,2285.0,2285.0,-342.75,-0.0,0.0,-342.0,0.0,-5.0,2506.0,0.0,0.0,0.0,0.0
903053.103,2506.0,2285.0,2285.0,-342.75,-0.0,0.0,-342.0,0.0,-5.0,2506.0,0.0,0.0,0.0,0.0
903063.103,2506.0,2285.0,2285.0,-342.75,-0.0,0.0,-342.0,0.0,-5.0,2506.0,0.0,0.0,0.0,0.0
903073.104,2506.0,2285.0,2285.0,-342.75,-0.0,0.0,-342.0,0.0,-5.0,2506.0,0.0,0.0,0.0,0.0
903083.104,2506.0,2285.0,2285.0,-342.75,-0.0,0.0,-342.0,0.0,-5.0,2506.0,0.0,0.0,0.0,0.0
903093.105,2506.0,2285.0,2285.0,-342.75,-0.0,0.0,-342.0,0.0,-5.0,2506.0,0.0,0.0,0.0,0.0
903103.106,2506.0,2285.0,2285.0,-342.75,-0.0,0.0,-342.0,0.0,-5.0,2506.0,0.0,0.0,0.0,0.0
903113.107,2506.0,2285.0,2285.0,-342.75,-0.0,0.0,-342.0,0.0,-5.0,2506.0,0.0,0.0,0.0,0.0
903123.108,2506.0,2285.0,2285.0,-342.75,-0.0,0.0,-342.0,0.0,-5.0,2506.0,0.0,0.0,0.0,0.0
903133.108,2506.0,2285.0,2285.0,-342.75,-0.0,0.0,-342.0,0.0,-5.0,2506.0,0.0,0.0,0.0,0.0
903143.108,2506.0,2285.0,2285.0,-342.75,-0.0,0.0,-342.0,0.0,-5.0,2506.0,0.0,0.0,0.0,0.0
903153.109,2506.0,2285.0,2285.0,-342.75,-0.0,0.0,-342.0,0.0,-5.0,2506.0,0.0,0.0,0.0,0.0
903163.109,2506.0,2285.0,2285.0,-342.75,-0.0,0.0,-342.0,0.0,-5.0,2506.0,0.0,0.0,0.0,0.0
903173.109,2506.0,2285.0,2285.0,-342.75,-0.0,0.0,-342.0,0.0,-5.0,2506.0,0.0,0.0,0.0,0.0
903183.109,2506.0,2285.0,2285.0,-342.75,-0.0,0.0,-342.0,0.0,-5.0,2506.0,0.0,0.0,0.0,0.0
903193.11,2506.0,2285.0,2285.0,-342.75,-0.0,0.0,-342.0,0.0,-5.0,2506.0,0.0,0.0,0.0,0.0
903203.111,2506.0,2285.0,2285.0,-342.75,-0.0,0.0,-342.0,0.0,-5.0,2506.0,0.0,0.0,0.0,0.0
903213.111,2506.0,2285.0,2285.0,-342.75,-0.0,0.0,-342.0,0.0,-5.0,2506.0,0.0,0.0,0.0,0.0
903223.112,2506.0,2285.0,2285.0,-342.75,-0.0,0.0,-342.0,0.0,-5.0,2506.0,0.0,0.0,0.0,0.0
903233.113,2506.0,2285.0,2285.0,-342.75,-0.0,0.0,-342.0,0.0,-5.0,2506.0,0.0,0.0,0.0,0.0
903243.113,2506.0,2285.0,2285.0,-342.75,-0.0,0.0,-342.0,0.0,-5.0,2506.0,0.0,0.0,0.0,0.0
903253.113,2506.0,2285.0,2285.0,-342.75,-0.0,0.0,-342.0,0.0,-5.0,2506.0,0.0,0.0,0.0,0.0
903263.113,2506.0,2285.0,2285.0,-342.75,-0.0,0.0,-342.0,0.0,-5.0,2506.0,0.0,0.0,0.0,0.0
903273.114,2506.0,2285.0,2285.0,-342.75,-0.0,0.0,-342.0,0.0,-5.0,2506.0,0.0,0.0,0.0,0.0
903283.115,2506.0,2285.0,2285.0,-342.75,-0.0,0.0,-342.0,0.0,-5.0,2506.0,0.0,0.0,0.0,0.0
903293.116,2506.0,2285.0,2285.0,-342.75,-0.0,0.0,-342.0,0.0,-5.0,2506.0,0.0,0.0,0.0,0.0
903303.117,2506.0,2285.0,2285.0,-342.75,-0.0,0.0,-342.0,0.0,-5.0,2506.0,0.0,0.0,0.0,0.0
903313.118,2506.0,2285.0,2285.0,-342.75,-0.0,0.0,-342.0,0.0,-5.0,2506.0,0.0,0.0,0.0,0.0
903324.105,2506.0,2285.0,2285.0,-342.75,-0.0,0.0,-342.0,0.0,-5.0,2506.0,0.0,0.0,0.0,0.0
903334.105,2506.0,2285.0,2285.0,-342.75,-0.0,0.0,-342.0,0.0,-5.0,2506.0,0.0,0.0,0.0,0.0
903344.105,2507.0,2285.0,2285.0,-342.75,-0.0,0.0,-342.0,0.0,-5.0,2506.0,0.0,0.0,0.0,0.0
903354.105,2506.0,2285.0,2285.0,-342.75,-0.0,0.0,-342.0,0.0,-5.0,2506.0,0.0,0.0,0.0,0.0
903364.106,2506.0,2285.0,2285.0,-342.75,-0.0,0.0,-342.0,0.0,-5.0,2506.0,0.0,0.0,0.0,0.0
903374.106,2506.0,2285.0,2285.0,-342.75,-0.0,0.0,-342.0,0.0,-5.0,2506.0,0.0,0.0,0.0,0.0
903384.107,2506.0,2285.0,2285.0,-342.75,-0.0,0.0,-342.0,0.0,-5.0,2506.0,0.0,0.0,0.0,0.0
903394.108,2507.0,2285.0,2285.0,-342.75,-0.0,0.0,-342.0,0.0,-5.0,2506.0,0.0,0.0,0.0,0.0
903404.108,2507.0,2285.0,2285.0,-342.75,-0.0,0.0,-342.0,0.0,-5.0,2506.0,0.0,0.0,0.0,0.0
903414.108,2507.0,2285.0,2285.0,-342.75,-0.0,0.0,-342.0,0.0,-5.0,2506.0,0.0,0.0,0.0,0.0
903424.112,2507.0,2285.0,2285.0,-342.75,-0.0,0.0,-342.0,0.0,-5.0,2506.0,0.0,0.0,0.0,0.0
903434.113,2507.0,2285.0,2285.0,-342.75,-0.0,0.0,-342.0,0.0,-5.0,2507.0,0.0,0.0,0.0,0.0
903444.113,2507.0,2285.0,2285.0,-342.75,-0.0,0.0,-342.0,0.0,-5.0,2507.0,0.0,0.0,0.0,0.0
903454.114,2507.0,2285.0,2285.0,-342.75,-0.0,0.0,-342.0,0.0,-5.0,2507.0,0.0,0.0,0.0,0.0
903464.116,2507.0,2285.0,2285.0,-342.75,-0.0,0.0,-342.0,0.0,-5.0,2507.0,0.0,0.0,0.0,0.0
903474.116,2507.0,2285.0,2285.0,-342.75,-0.0,0.0,-342.0,0.0,-5.0,2507.0,0.0,0.0,0.0,0.0
903484.117,2507.0,2285.0,2285.0,-342.75,-0.0,0.0,-342.0,0.0,-5.0,2507.0,0.0,0.0,0.0,0.0
903494.118,2507.0,2285.0,2285.0,-342.75,-0.0,0.0,-342.0,0.0,-5.0,2507.0,0.0,0.0,0.0,0.0
903504.119,2507.0,2285.0,2285.0,-342.75,-0.0,0.0,-342.0,0.0,-5.0,2507.0,0.0,0.0,0.0,0.0
903514.119,2507.0,2285.0,2285.0,-342.75,-0.0,0.0,-342.0,0.0,-5.0,2507.0,0.0,0.0,0.0,0.0
903524.12,2507.0,2285.0,2285.0,-342.75,-0.0,0.0,-342.0,0.0,-5.0,2507.0,0.0,0.0,0.0,0.0
903534.121,2508.0,2285.0,2285.0,-342.75,-0.0,0.0,-342.0,0.0,-5.0,2507.0,0.0,0.0,0.0,0.0
903544.122,2507.0,2285.0,2285.0,-342.75,-0.0,0.0,-342.0,0.0,-5.0,2507.0,0.0,0.0,0.0,0.0
903554.123,2508.0,2285.0,2285.0,-342.75,-0.0,0.0,-342.0,0.0,-5.0,2507.0,0.0,0.0,0.0,0.0
903564.124,2508.0,2285.0,2285.0,-342.75,-0.0,0.0,-342.0,0.0,-5.0,2507.0,0.0,0.0,0.0,0.0
903574.125,2508.0,2285.0,2285.0,-342.75,-0.0,0.0,-342.0,0.0,-5.0,2507.0,0.0,0.0,0.0,0.0
903584.126,2508.0,2285.0,2285.0,-342.75,-0.0,0.0,-342.0,0.0,-5.0,2507.0,0.0,0.0,0.0,0.0
903594.127,2507.0,2285.0,2285.0,-342.75,-0.0,0.0,-342.0,0.0,-5.0,2507.0,0.0,0.0,0.0,0.0
903604.128,2507.0,2285.0,2285.0,-342.75,-0.0,0.0,-342.0,0.0,-5.0,2507.0,0.0,0.0,0.0,0.0
903615.041,2507.0,2285.0,2285.0,-342.75,-0.0,0.0,-342.0,0.0,-5.0,2507.0,0.0,0.0,0.0,0.0
903625.041,2507.0,2285.0,2285.0,-342.75,-0.0,0.0,-342.0,0.0,-5.0,2507.0,0.0,0.0,0.0,0.0
903636.041,2506.0,2285.0,2285.0,-342.75,-0.0,0.0,-342.0,0.0,-5.0,2506.0,0.0,0.0,0.0,0.0
903646.041,2506.0,2285.0,2285.0,-342.75,-0.0,0.0,-342.0,0.0,-5.0,2506.0,0.0,0.0,0.0,0.0
903656.042,2506.0,2285.0,2285.0,-342.75,-0.0,0.0,-342.0,0.0,-5.0,2506.0,0.0,0.0,0.0,0.0
903666.043,2506.0,2285.0,2285.0,-342.75,-0.0,0.0,-342.0,0.0,-5.0,2506.0,0.0,0.0,0.0,0.0
903676.043,2506.0,2285.0,2285.0,-342.75,-0.0,0.0,-342.0,0.0,-5.0,2506.0,0.0,0.0,0.0,0.0
903686.044,2506.0,2285.0,2285.0,-342.75,-0.0,0.0,-342.0,0.0,-5.0,2506.0,0.0,0.0,0.0,0.0
903696.044,2506.0,2285.0,2285.0,-342.75,-0.0,0.0,-342.0,0.0,-5.0,2506.0,0.0,0.0,0.0,0.0
903706.045,2506.0,2285.0,2285.0,-342.75,-0.0,0.0,-342.0,0.0,-5.0,2506.0,0.0,0.0,0.0,0.0
903716.045,2506.0,2285.0,2285.0,-342.75,-0.0,0.0,-342.0,0.0,-5.0,2506.0,0.0,0.0,0.0,0.0
903726.045,2506.0,2285.0,2285.0,-342.75,-0.0,0.0,-342.0,0.0,-5.0,2506.0,0.0,0.0,0.0,0.0
903736.046,2506.0,2285.0,2285.0,-342.75,-0.0,0.0,-342.0,0.0,-5.0,2506.0,0.0,0.0,0.0,0.0
903746.046,2506.0,2285.0,2285.0,-342.75,-0.0,0.0,-342.0,0.0,-5.0,2506.0,0.0,0.0,0.0,0.0
903756.046,2506.0,2285.0,2285.0,-342.75,-0.0,0.0,-342.0,0.0,-5.0,2506.0,0.0,0.0,0.0,0.0
903766.047,2506.0,2285.0,2285.0,-342.75,-0.0,0.0,-342.0,0.0,-5.0,2506.0,0.0,0.0,0.0,0.0
903776.048,2506.0,2285.0,2285.0,-342.75,-0.0,0.0,-342.0,0.0,-5.0,2506.0,0.0,0.0,0.0,0.0
903786.048,2506.0,2285.0,2285.0,-342.75,-0.0,0.0,-342.0,0.0,-5.0,2506.0,0.0,0.0,0.0,0.0
903796.048,2506.0,2285.0,2285.0,-342.75,-0.0,0.0,-342.0,0.0,-5.0,2506.0,0.0,0.0,0.0,0.0
903806.048,2506.0,2285.0,2285.0,-342.75,-0.0,0.0,-342.0,0.0,-5.0,2506.0,0.0,0.0,0.0,0.0
903816.048,2506.0,2285.0,2285.0,-342.75,-0.0,0.0,-342.0,0.0,-5.0,2506.0,0.0,0.0,0.0,0.0
903826.048,2506.0,2285.0,2285.0,-342.75,-0.0,0.0,-342.0,0.0,-5.0,2506.0,0.0,0.0,0.0,0.0
903836.048,2506.0,2285.0,2285.0,-342.75,-0.0,0.0,-342.0,0.0,-5.0,2506.0,0.0,0.0,0.0,0.0
903846.049,2506.0,2285.0,2285.0,-342.75,-0.0,0.0,-342.0,0.0,-5.0,2506.0,0.0,0.0,0.0,0.0
903856.05,2506.0,2285.0,2285.0,-342.75,-0.0,0.0,-342.0,0.0,-5.0,2506.0,0.0,0.0,0.0,0.0
903866.051,2506.0,2285.0,2285.0,-342.75,-0.0,0.0,-342.0,0.0,-5.0,2506.0,0.0,0.0,0.0,0.0
903876.051,2506.0,2285.0,2285.0,-342.75,-0.0,0.0,-342.0,0.0,-5.0,2506.0,0.0,0.0,0.0,0.0
903886.052,2507.0,2285.0,2285.0,-342.75,-0.0,0.0,-342.0,0.0,-5.0,2506.0,0.0,0.0,0.0,0.0
903896.052,2507.0,2285.0,2285.0,-342.75,-0.0,0.0,-342.0,0.0,-5.0,2506.0,0.0,0.0,0.0,0.0
903906.052,2506.0,2285.0,2285.0,-342.75,-0.0,0.0,-342.0,0.0,-5.0,2506.0,0.0,0.0,0.0,0.0
903916.052,2506.0,2285.0,2285.0,-342.75,-0.0,0.0,-342.0,0.0,-5.0,2506.0,0.0,0.0,0.0,0.0
903926.053,2506.0,2285.0,2285.0,-342.75,-0.0,0.0,-342.0,0.0,-5.0,2506.0,0.0,0.0,0.0,0.0
903936.053,2506.0,2285.0,2285.0,-342.75,-0.0,0.0,-342.0,0.0,-5.0,2506.0,0.0,0.0,0.0,0.0
903946.054,2506.0,2285.0,2285.0,-342.75,-0.0,0.0,-342.0,0.0,-5.0,2506.0,0.0,0.0,0.0,0.0
903956.054,2506.0,2285.0,2285.0,-342.75,-0.0,0.0,-342.0,0.0,-5.0,2506.0,0.0,0.0,0.0,0.0
903966.054,2506.0,2285.0,2285.0,-342.75,-0.0,0.0,-342.0,0.0,-5.0,2506.0,0.0,0.0,0.0,0.0
903976.055,2506.0,2285.0,2285.0,-342.75,-0.0,0.0,-342.0,0.0,-5.0,2506.0,0.0,0.0,0.0,0.0
903986.056,2506.0,2285.0,2285.0,-342.75,-0.0,0.0,-342.0,0.0,-5.0,2506.0,0.0,0.0,0.0,0.0
903996.057,2506.0,2285.0,2285.0,-342.75,-0.0,0.0,-342.0,0.0,-5.0,2506.0,0.0,0.0,0.0,0.0
904006.058,2506.0,2285.0,2285.0,-342.75,-0.0,0.0,-342.0,0.0,-5.0,2506.0,0.0,0.0,0.0,0.0
904016.058,2506.0,2285.0,2285.0,-342.75,-0.0,0.0,-342.0,0.0,-5.0,2506.0,0.0,0.0,0.0,0.0
904026.058,2506.0,2285.0,2285.0,-342.75,-0.0,0.0,-342.0,0.0,-5.0,2506.0,0.0,0.0,0.0,0.0
904036.059,2506.0,2285.0,2285.0,-342.75,-0.0,0.0,-342.0,0.0,-5.0,2506.0,0.0,0.0,0.0,0.0
904046.06,2506.0,2285.0,2285.0,-342.75,-0.0,0.0,-342.0,0.0,-5.0,2506.0,0.0,0.0,0.0,0.0
904056.061,2507.0,2285.0,2285.0,-342.75,-0.0,0.0,-342.0,0.0,-5.0,2506.0,0.0,0.0,0.0,0.0
904066.062,2507.0,2285.0,2285.0,-342.75,-0.0,0.0,-342.0,0.0,-5.0,2506.0,0.0,0.0,0.0,0.0
904076.063,2507.0,2285.0,2285.0,-342.75,-0.0,0.0,-342.0,0.0,-5.0,2506.0,0.0,0.0,0.0,0.0
904086.063,2507.0,2285.0,2285.0,-342.75,-0.0,0.0,-342.0,0.0,-5.0,2506.0,0.0,0.0,0.0,0.0
904096.063,2507.0,2285.0,2285.0,-342.75,-0.0,0.0,-342.0,0.0,-5.0,2506.0,0.0,0.0,0.0,0.0
904106.064,2507.0,2285.0,2285.0,-342.75,-0.0,0.0,-342.0,0.0,-5.0,2506.0,0.0,0.0,0.0,0.0
904116.064,2507.0,2285.0,2285.0,-342.75,-0.0,0.0,-342.0,0.0,-5.0,2506.0,0.0,0.0,0.0,0.0
904126.065,2507.0,2285.0,2285.0,-342.75,-0.0,0.0,-342.0,0.0,-5.0,2506.0,0.0,0.0,0.0,0.0
904137.041,2507.0,2285.0,2285.0,-342.75,-0.0,0.0,-342.0,0.0,-5.0,2506.0,0.0,0.0,0.0,0.0
904147.042,2507.0,2285.0,2285.0,-342.75,-0.0,0.0,-342.0,0.0,-5.0,2507.0,0.0,0.0,0.0,0.0
904157.042,2507.0,2285.0,2285.0,-342.75,-0.0,0.0,-342.0,0.0,-5.0,2507.0,0.0,0.0,0.0,0.0
904167.043,2506.0,2285.0,2285.0,-342.75,-0.0,0.0,-342.0,0.0,-5.0,2507.0,0.0,0.0,0.0,0.0
904177.044,2506.0,2285.0,2285.0,-342.75,-0.0,0.0,-342.0,0.0,-5.0,2507.0,0.0,0.0,0.0,0.0
904187.046,2506.0,2285.0,2285.0,-342.75,-0.0,0.0,-342.0,0.0,-5.0,2507.0,0.0,0.0,0.0,0.0
904197.048,2506.0,2285.0,2285.0,-342.75,-0.0,0.0,-342.0,0.0,-5.0,2507.0,0.0,0.0,0.0,0.0
904207.048,2506.0,2285.0,2285.0,-342.75,-0.0,0.0,-342.0,0.0,-5.0,2507.0,0.0,0.0,0.0,0.0
904217.052,2507.0,2285.0,2285.0,-342.75,-0.0,0.0,-342.0,0.0,-5.0,2507.0,0.0,0.0,0.0,0.0
904227.052,2507.0,2285.0,2285.0,-342.75,-0.0,0.0,-342.0,0.0,-5.0,2507.0,0.0,0.0,0.0,0.0
904237.052,2507.0,2285.0,2285.0,-342.75,-0.0,0.0,-342.0,0.0,-5.0,2507.0,0.0,0.0,0.0,0.0
904247.052,2507.0,2285.0,2285.0,-342.75,-0.0,0.0,-342.0,0.0,-5.0,2507.0,0.0,0.0,0.0,0.0
904257.053,2507.0,2285.0,2285.0,-342.75,-0.0,0.0,-342.0,0.0,-5.0,2507.0,0.0,0.0,0.0,0.0
904267.053,2507.0,2285.0,2285.0,-342.75,-0.0,0.0,-342.0,0.0,-5.0,2507.0,0.0,0.0,0.0,0.0
904277.053,2507.0,2285.0,2285.0,-342.75,-0.0,0.0,-342.0,0.0,-5.0,2507.0,0.0,0.0,0.0,0.0
904287.054,2507.0,2285.0,2285.0,-342.75,-0.0,0.0,-342.0,0.0,-5.0,2507.0,0.0,0.0,0.0,0.0
904297.055,2506.0,2285.0,2285.0,-342.75,-0.0,0.0,-342.0,0.0,-5.0,2507.0,0.0,0.0,0.0,0.0
904307.056,2506.0,2285.0,2285.0,-342.75,-0.0,0.0,-342.0,0.0,-5.0,2507.0,0.0,0.0,0.0,0.0
904317.057,2506.0,2285.0,2285.0,-342.75,-0.0,0.0,-342.0,0.0,-5.0,2507.0,0.0,0.0,0.0,0.0
904327.057,2506.0,2285.0,2285.0,-342.75,-0.0,0.0,-342.0,0.0,-5.0,2507.0,0.0,0.0,0.0,0.0
904337.057,2506.0,2285.0,2285.0,-342.75,-0.0,0.0,-342.0,0.0,-5.0,2507.0,0.0,0.0,0.0,0.0
904347.057,2506.0,2285.0,2285.0,-342.75,-0.0,0.0,-342.0,0.0,-5.0,2506.0,0.0,0.0,0.0,0.0
904358.041,2506.0,2285.0,2285.0,-342.75,-0.0,0.0,-342.0,0.0,-5.0,2506.0,0.0,0.0,0.0,0.0
904368.041,2505.0,2285.0,2285.0,-342.75,-0.0,0.0,-342.0,0.0,-5.0,2506.0,0.0,0.0,0.0,0.0
904378.042,2504.0,2285.0,2285.0,-342.75,-0.0,0.0,-342.0,0.0,-5.0,2506.0,0.0,0.0,0.0,0.0
904388.046,2504.0,2285.0,2285.0,-342.75,-0.0,0.0,-342.0,0.0,-5.0,2506.0,0.0,0.0,0.0,0.0
904398.046,2503.0,2285.0,2285.0,-342.75,-0.0,0.0,-342.0,0.0,-5.0,2506.0,0.0,0.0,0.0,0.0
904408.047,2503.0,2285.0,2285.0,-342.75,-0.0,0.0,-342.0,0.0,-5.0,2506.0,0.0,0.0,0.0,0.0
904418.047,2503.0,2285.0,2285.0,-342.75,-0.0,0.0,-342.0,0.0,-5.0,2506.0,0.0,0.0,0.0,0.0
904428.047,2503.0,2285.0,2285.0,-342.75,-0.0,0.0,-342.0,0.0,-5.0,2506.0,0.0,0.0,0.0,0.0
904438.048,2503.0,2285.0,2285.0,-342.75,-0.0,0.0,-342.0,0.0,-5.0,2506.0,0.0,0.0,0.0,0.0
904448.049,2503.0,2285.0,2285.0,-342.75,-0.0,0.0,-342.0,0.0,-5.0,2503.0,0.0,0.0,0.0,0.0
904458.05,2503.0,2285.0,2285.0,-342.75,-0.0,0.0,-342.0,0.0,-5.0,2503.0,0.0,0.0,0.0,0.0
904468.05,2503.0,2285.0,2285.0,-342.75,-0.0,0.0,-342.0,0.0,-5.0,2503.0,0.0,0.0,0.0,0.0
904478.051,2503.0,2285.0,2285.0,-342.75,-0.0,0.0,-342.0,0.0,-5.0,2503.0,0.0,0.0,0.0,0.0
904488.051,2503.0,2285.0,2285.0,-342.75,-0.0,0.0,-342.0,0.0,-5.0,2503.0,0.0,0.0,0.0,0.0
904498.051,2503.0,2285.0,2285.0,-342.75,-0.0,0.0,-342.0,0.0,-5.0,2503.0,0.0,0.0,0.0,0.0
904508.051,2503.0,2285.0,2285.0,-342.75,-0.0,0.0,-342.0,0.0,-5.0,2503.0,0.0,0.0,0.0,0.0
904518.051,2503.0,2285.0,2285.0,-342.75,-0.0,0.0,-342.0,0.0,-5.0,2503.0,0.0,0.0,0.0,0.0
904528.051,2503.0,2285.0,2285.0,-342.75,-0.0,0.0,-342.0,0.0,-5.0,2503.0,0.0,0.0,0.0,0.0
904539.098,2503.0,2285.0,2285.0,-342.75,-0.0,0.0,-342.0,0.0,-5.0,2503.0,0.0,0.0,0.0,0.0
904549.099,2503.0,2285.0,2285.0,-342.75,-0.0,0.0,-342.0,0.0,-5.0,2503.0,0.0,0.0,0.0,0.0
904559.1,2503.0,2285.0,2285.0,-342.75,-0.0,0.0,-342.0,0.0,-5.0,2503.0,0.0,0.0,0.0,0.0
904569.1,2503.0,2285.0,2285.0,-342.75,-0.0,0.0,-342.0,0.0,-5.0,2503.0,0.0,0.0,0.0,0.0
904579.1,2503.0,2285.0,2285.0,-342.75,-0.0,0.0,-342.0,0.0,-5.0,2503.0,0.0,0.0,0.0,0.0
904589.1,2503.0,2285.0,2285.0,-342.75,-0.0,0.0,-342.0,0.0,-5.0,2503.0,0.0,0.0,0.0,0.0
904599.1,2504.0,2285.0,2285.0,-342.75,-0.0,0.0,-342.0,0.0,-5.0,2503.0,0.0,0.0,0.0,0.0
904609.1,2504.0,2285.0,2285.0,-342.75,-0.0,0.0,-342.0,0.0,-5.0,2503.0,0.0,0.0,0.0,0.0
904619.101,2504.0,2285.0,2285.0,-342.75,-0.0,0.0,-342.0,0.0,-5.0,2503.0,0.0,0.0,0.0,0.0
904629.102,2504.0,2285.0,2285.0,-342.75,-0.0,0.0,-342.0,0.0,-5.0,2503.0,0.0,0.0,0.0,0.0
904639.102,2504.0,2285.0,2285.0,-342.75,-0.0,0.0,-342.0,0.0,-5.0,2503.0,0.0,0.0,0.0,0.0
904649.103,2504.0,2285.0,2285.0,-342.75,-0.0,0.0,-342.0,0.0,-5.0,2504.0,0.0,0.0,0.0,0.0
904659.104,2504.0,2285.0,2285.0,-342.75,-0.0,0.0,-342.0,0.0,-5.0,2504.0,0.0,0.0,0.0,0.0
904669.105,2504.0,2285.0,2285.0,-342.75,-0.0,0.0,-342.0,0.0,-5.0,2504.0,0.0,0.0,0.0,0.0
904679.106,2504.0,2285.0,2285.0,-342.75,-0.0,0.0,-342.0,0.0,-5.0,2504.0,0.0,0.0,0.0,0.0
904689.107,2504.0,2285.0,2285.0,-342.75,-0.0,0.0,-342.0,0.0,-5.0,2504.0,0.0,0.0,0.0,0.0
904699.108,2504.0,2285.0,2285.0,-342.75,-0.0,0.0,-342.0,0.0,-5.0,2504.0,0.0,0.0,0.0,0.0
904709.109,2504.0,2285.0,2285.0,-342.75,-0.0,0.0,-342.0,0.0,-5.0,2504.0,0.0,0.0,0.0,0.0
904719.109,2504.0,2285.0,2285.0,-342.75,-0.0,0.0,-342.0,0.0,-5.0,2504.0,0.0,0.0,0.0,0.0
904729.109,2504.0,2285.0,2285.0,-342.75,-0.0,0.0,-342.0,0.0,-5.0,2504.0,0.0,0.0,0.0,0.0
904739.11,2504.0,2285.0,2285.0,-342.75,-0.0,0.0,-342.0,0.0,-5.0,2504.0,0.0,0.0,0.0,0.0
904749.111,2504.0,2285.0,2285.0,-342.75,-0.0,0.0,-342.0,0.0,-5.0,2504.0,0.0,0.0,0.0,0.0
904759.111,2504.0,2285.0,2285.0,-342.75,-0.0,0.0,-342.0,0.0,-5.0,2504.0,0.0,0.0,0.0,0.0
904769.111,2504.0,2285.0,2285.0,-342.75,-0.0,0.0,-342.0,0.0,-5.0,2504.0,0.0,0.0,0.0,0.0
904779.111,2504.0,2285.0,2285.0,-342.75,-0.0,0.0,-342.0,0.0,-5.0,2504.0,0.0,0.0,0.0,0.0
904789.111,2504.0,2285.0,2285.0,-342.75,-0.0,0.0,-342.0,0.0,-5.0,2504.0,0.0,0.0,0.0,0.0
904799.111,2504.0,2285.0,2285.0,-342.75,-0.0,0.0,-342.0,0.0,-5.0,2504.0,0.0,0.0,0.0,0.0
904809.111,2504.0,2285.0,2285.0,-342.75,-0.0,0.0,-342.0,0.0,-5.0,2504.0,0.0,0.0,0.0,0.0
904819.112,2504.0,2285.0,2285.0,-342.75,-0.0,0.0,-342.0,0.0,-5.0,2504.0,0.0,0.0,0.0,0.0
904829.113,2504.0,2285.0,2285.0,-342.75,-0.0,0.0,-342.0,0.0,-5.0,2504.0,0.0,0.0,0.0,0.0
904839.114,2504.0,2285.0,2285.0,-342.75,-0.0,0.0,-342.0,0.0,-5.0,2504.0,0.0,0.0,0.0,0.0
904849.115,2504.0,2285.0,2285.0,-342.75,-0.0,0.0,-342.0,0.0,-5.0,2504.0,0.0,0.0,0.0,0.0
904859.116,2504.0,2285.0,2285.0,-342.75,-0.0,0.0,-342.0,0.0,-5.0,2504.0,0.0,0.0,0.0,0.0
904869.116,2504.0,2285.0,2285.0,-342.75,-0.0,0.0,-342.0,0.0,-5.0,2504.0,0.0,0.0,0.0,0.0
904879.117,2504.0,2285.0,2285.0,-342.75,-0.0,0.0,-342.0,0.0,-5.0,2504.0,0.0,0.0,0.0,0.0
904889.117,2504.0,2285.0,2285.0,-342.75,-0.0,0.0,-342.0,0.0,-5.0,2504.0,0.0,0.0,0.0,0.0
904899.118,2504.0,2285.0,2285.0,-342.75,-0.0,0.0,-342.0,0.0,-5.0,2504.0,0.0,0.0,0.0,0.0
904909.119,2504.0,2285.0,2285.0,-342.75,-0.0,0.0,-342.0,0.0,-5.0,2504.0,0.0,0.0,0.0,0.0
904919.12,2504.0,2285.0,2285.0,-342.75,-0.0,0.0,-342.0,0.0,-5.0,2504.0,0.0,0.0,0.0,0.0
904929.12,2504.0,2285.0,2285.0,-342.75,-0.0,0.0,-342.0,0.0,-5.0,2504.0,0.0,0.0,0.0,0.0
904939.12,2504.0,2285.0,2285.0,-342.75,-0.0,0.0,-342.0,0.0,-5.0,2504.0,0.0,0.0,0.0,0.0
904949.121,2504.0,2285.0,2285.0,-342.75,-0.0,0.0,-342.0,0.0,-5.0,2504.0,0.0,0.0,0.0,0.0
904959.121,2504.0,2285.0,2285.0,-342.75,-0.0,0.0,-342.0,0.0,-5.0,2504.0,0.0,0.0,0.0,0.0
904969.121,2504.0,2285.0,2285.0,-342.75,-0.0,0.0,-342.0,0.0,-5.0,2504.0,0.0,0.0,0.0,0.0
904979.121,2504.0,2285.0,2285.0,-342.75,-0.0,0.0,-342.0,0.0,-5.0,2504.0,0.0,0.0,0.0,0.0
904989.125,2504.0,2285.0,2285.0,-342.75,-0.0,0.0,-342.0,0.0,-5.0,2504.0,0.0,0.0,0.0,0.0
904999.126,2504.0,2285.0,2285.0,-342.75,-0.0,0.0,-342.0,0.0,-5.0,2504.0,0.0,0.0,0.0,0.0
905009.126,2504.0,2285.0,2285.0,-342.75,-0.0,0.0,-342.0,0.0,-5.0,2504.0,0.0,0.0,0.0,0.0
905019.127,2504.0,2285.0,2285.0,-342.75,-0.0,0.0,-342.0,0.0,-5.0,2504.0,0.0,0.0,0.0,0.0
905029.128,2504.0,2285.0,2285.0,-342.75,-0.0,0.0,-342.0,0.0,-5.0,2504.0,0.0,0.0,0.0,0.0
905039.128,2504.0,2285.0,2285.0,-342.75,-0.0,0.0,-342.0,0.0,-5.0,2504.0,0.0,0.0,0.0,0.0
905049.129,2504.0,2285.0,2285.0,-342.75,-0.0,0.0,-342.0,0.0,-5.0,2504.0,0.0,0.0,0.0,0.0
905059.13,2504.0,2285.0,2285.0,-342.75,-0.0,0.0,-342.0,0.0,-5.0,2504.0,0.0,0.0,0.0,0.0
905069.13,2504.0,2285.0,2285.0,-342.75,-0.0,0.0,-342.0,0.0,-5.0,2504.0,0.0,0.0,0.0,0.0
905079.131,2504.0,2285.0,2285.0,-342.75,-0.0,0.0,-342.0,0.0,-5.0,2504.0,0.0,0.0,0.0,0.0
905089.132,2504.0,2285.0,2285.0,-342.75,-0.0,0.0,-342.0,0.0,-5.0,2504.0,0.0,0.0,0.0,0.0
905099.133,2504.0,2285.0,2285.0,-342.75,-0.0,0.0,-342.0,0.0,-5.0,2504.0,0.0,0.0,0.0,0.0
905109.134,2504.0,2285.0,2285.0,-342.75,-0.0,0.0,-342.0,0.0,-5.0,2504.0,0.0,0.0,0.0,0.0
905119.134,2504.0,2285.0,2285.0,-342.75,-0.0,0.0,-342.0,0.0,-5.0,2504.0,0.0,0.0,0.0,0.0
905129.134,2504.0,2285.0,2285.0,-342.75,-0.0,0.0,-342.0,0.0,-5.0,2504.0,0.0,0.0,0.0,0.0
905139.134,2504.0,2285.0,2285.0,-342.75,-0.0,0.0,-342.0,0.0,-5.0,2504.0,0.0,0.0,0.0,0.0
905149.134,2504.0,2285.0,2285.0,-342.75,-0.0,0.0,-342.0,0.0,-5.0,2504.0,0.0,0.0,0.0,0.0
905159.136,2504.0,2285.0,2285.0,-342.75,-0.0,0.0,-342.0,0.0,-5.0,2504.0,0.0,0.0,0.0,0.0
905169.136,2504.0,2285.0,2285.0,-342.75,-0.0,0.0,-342.0,0.0,-5.0,2504.0,0.0,0.0,0.0,0.0
905179.136,2504.0,2285.0,2285.0,-342.75,-0.0,0.0,-342.0,0.0,-5.0,2504.0,0.0,0.0,0.0,0.0
905189.137,2504.0,2285.0,2285.0,-342.75,-0.0,0.0,-342.0,0.0,-5.0,2504.0,0.0,0.0,0.0,0.0
905199.137,2504.0,2285.0,2285.0,-342.75,-0.0,0.0,-342.0,0.0,-5.0,2504.0,0.0,0.0,0.0,0.0
905209.137,2504.0,2285.0,2285.0,-342.75,-0.0,0.0,-342.0,0.0,-5.0,2504.0,0.0,0.0,0.0,0.0
905219.137,2504.0,2285.0,2285.0,-342.75,-0.0,0.0,-342.0,0.0,-5.0,2504.0,0.0,0.0,0.0,0.0
905229.138,2504.0,2285.0,2285.0,-342.75,-0.0,0.0,-342.0,0.0,-5.0,2504.0,0.0,0.0,0.0,0.0
905239.139,2504.0,2285.0,2285.0,-342.75,-0.0,0.0,-342.0,0.0,-5.0,2504.0,0.0,0.0,0.0,0.0
905249.139,2504.0,2285.0,2285.0,-342.75,-0.0,0.0,-342.0,0.0,-5.0,2504.0,0.0,0.0,0.0,0.0
905259.14,2504.0,2285.0,2285.0,-342.75,-0.0,0.0,-342.0,0.0,-5.0,2504.0,0.0,0.0,0.0,0.0
905269.14,2504.0,2285.0,2285.0,-342.75,-0.0,0.0,-342.0,0.0,-5.0,2504.0,0.0,0.0,0.0,0.0
905279.141,2504.0,2285.0,2285.0,-342.75,-0.0,0.0,-342.0,0.0,-5.0,2504.0,0.0,0.0,0.0,0.0
905289.142,2504.0,2285.0,2285.0,-342.75,-0.0,0.0,-342.0,0.0,-5.0,2504.0,0.0,0.0,0.0,0.0
905299.142,2504.0,2285.0,2285.0,-342.75,-0.0,0.0,-342.0,0.0,-5.0,2504.0,0.0,0.0,0.0,0.0
905309.142,2504.0,2285.0,2285.0,-342.75,-0.0,0.0,-342.0,0.0,-5.0,2504.0,0.0,0.0,0.0,0.0
905319.143,2504.0,2285.0,2285.0,-342.75,-0.0,0.0,-342.0,0.0,-5.0,2504.0,0.0,0.0,0.0,0.0
905329.143,2504.0,2285.0,2285.0,-342.75,-0.0,0.0,-342.0,0.0,-5.0,2504.0,0.0,0.0,0.0,0.0
905339.144,2504.0,2285.0,2285.0,-342.75,-0.0,0.0,-342.0,0.0,-5.0,2504.0,0.0,0.0,0.0,0.0
905349.144,2504.0,2285.0,2285.0,-342.75,-0.0,0.0,-342.0,0.0,-5.0,2504.0,0.0,0.0,0.0,0.0
905360.106,2504.0,2285.0,2285.0,-342.75,-0.0,0.0,-342.0,0.0,-5.0,2504.0,0.0,0.0,0.0,0.0
905370.106,2504.0,2285.0,2285.0,-342.75,-0.0,0.0,-342.0,0.0,-5.0,2504.0,0.0,0.0,0.0,0.0
905380.106,2504.0,2285.0,2285.0,-342.75,-0.0,0.0,-342.0,0.0,-5.0,2504.0,0.0,0.0,0.0,0.0
905390.106,2504.0,2285.0,2285.0,-342.75,-0.0,0.0,-342.0,0.0,-5.0,2504.0,0.0,0.0,0.0,0.0
905400.106,2504.0,2285.0,2285.0,-342.75,-0.0,0.0,-342.0,0.0,-5.0,2504.0,0.0,0.0,0.0,0.0
905410.107,2504.0,2285.0,2285.0,-342.75,-0.0,0.0,-342.0,0.0,-5.0,2504.0,0.0,0.0,0.0,0.0
905420.108,2504.0,2285.0,2285.0,-342.75,-0.0,0.0,-342.0,0.0,-5.0,2504.0,0.0,0.0,0.0,0.0
905430.109,2504.0,2285.0,2285.0,-342.75,-0.0,0.0,-342.0,0.0,-5.0,2504.0,0.0,0.0,0.0,0.0
905440.11,2504.0,2285.0,2285.0,-342.75,-0.0,0.0,-342.0,0.0,-5.0,2504.0,0.0,0.0,0.0,0.0
905450.111,2504.0,2285.0,2285.0,-342.75,-0.0,0.0,-342.0,0.0,-5.0,2504.0,0.0,0.0,0.0,0.0
905460.112,2504.0,2285.0,2285.0,-342.75,-0.0,0.0,-342.0,0.0,-5.0,2504.0,0.0,0.0,0.0,0.0
905470.113,2504.0,2285.0,2285.0,-342.75,-0.0,0.0,-342.0,0.0,-5.0,2504.0,0.0,0.0,0.0,0.0
905480.114,2504.0,2285.0,2285.0,-342.75,-0.0,0.0,-342.0,0.0,-5.0,2504.0,0.0,0.0,0.0,0.0
905490.114,2504.0,2285.0,2285.0,-342.75,-0.0,0.0,-342.0,0.0,-5.0,2504.0,0.0,0.0,0.0,0.0
905500.114,2504.0,2285.0,2285.0,-342.75,-0.0,0.0,-342.0,0.0,-5.0,2504.0,0.0,0.0,0.0,0.0
905510.114,2504.0,2285.0,2285.0,-342.75,-0.0,0.0,-342.0,0.0,-5.0,2504.0,0.0,0.0,0.0,0.0
905520.115,2504.0,2285.0,2285.0,-342.75,-0.0,0.0,-342.0,0.0,-5.0,2504.0,0.0,0.0,0.0,0.0
905530.115,2504.0,2285.0,2285.0,-342.75,-0.0,0.0,-342.0,0.0,-5.0,2504.0,0.0,0.0,0.0,0.0
905540.116,2504.0,2285.0,2285.0,-342.75,-0.0,0.0,-342.0,0.0,-5.0,2504.0,0.0,0.0,0.0,0.0
905550.116,2504.0,2285.0,2285.0,-342.75,-0.0,0.0,-342.0,0.0,-5.0,2504.0,0.0,0.0,0.0,0.0
905560.117,2504.0,2285.0,2285.0,-342.75,-0.0,0.0,-342.0,0.0,-5.0,2504.0,0.0,0.0,0.0,0.0
905570.118,2504.0,2285.0,2285.0,-342.75,-0.0,0.0,-342.0,0.0,-5.0,2504.0,0.0,0.0,0.0,0.0
905580.119,2504.0,2285.0,2285.0,-342.75,-0.0,0.0,-342.0,0.0,-5.0,2504.0,0.0,0.0,0.0,0.0
905590.12,2504.0,2285.0,2285.0,-342.75,-0.0,0.0,-342.0,0.0,-5.0,2504.0,0.0,0.0,0.0,0.0
905600.12,2504.0,2285.0,2285.0,-342.75,-0.0,0.0,-342.0,0.0,-5.0,2504.0,0.0,0.0,0.0,0.0
905610.124,2504.0,2285.0,2285.0,-342.75,-0.0,0.0,-342.0,0.0,-5.0,2504.0,0.0,0.0,0.0,0.0
905620.124,2504.0,2285.0,2285.0,-342.75,-0.0,0.0,-342.0,0.0,-5.0,2504.0,0.0,0.0,0.0,0.0
905630.124,2504.0,2285.0,2285.0,-342.75,-0.0,0.0,-342.0,0.0,-5.0,2504.0,0.0,0.0,0.0,0.0
905640.124,2504.0,2285.0,2285.0,-342.75,-0.0,0.0,-342.0,0.0,-5.0,2504.0,0.0,0.0,0.0,0.0
905651.098,2504.0,2285.0,2285.0,-342.75,-0.0,0.0,-342.0,0.0,-5.0,2504.0,0.0,0.0,0.0,0.0
905661.099,2504.0,2285.0,2285.0,-342.75,-0.0,0.0,-342.0,0.0,-5.0,2504.0,0.0,0.0,0.0,0.0
905671.099,2504.0,2285.0,2285.0,-342.75,-0.0,0.0,-342.0,0.0,-5.0,2504.0,0.0,0.0,0.0,0.0
905681.1,2504.0,2285.0,2285.0,-342.75,-0.0,0.0,-342.0,0.0,-5.0,2504.0,0.0,0.0,0.0,0.0
905691.102,2504.0,2285.0,2285.0,-342.75,-0.0,0.0,-342.0,0.0,-5.0,2504.0,0.0,0.0,0.0,0.0
905701.103,2504.0,2285.0,2285.0,-342.75,-0.0,0.0,-342.0,0.0,-5.0,2504.0,0.0,0.0,0.0,0.0
905711.103,2504.0,2285.0,2285.0,-342.75,-0.0,0.0,-342.0,0.0,-5.0,2504.0,0.0,0.0,0.0,0.0
905721.103,2504.0,2285.0,2285.0,-342.75,-0.0,0.0,-342.0,0.0,-5.0,2504.0,0.0,0.0,0.0,0.0
905731.104,2504.0,2285.0,2285.0,-342.75,-0.0,0.0,-342.0,0.0,-5.0,2504.0,0.0,0.0,0.0,0.0
905741.104,2504.0,2285.0,2285.0,-342.75,-0.0,0.0,-342.0,0.0,-5.0,2504.0,0.0,0.0,0.0,0.0
905751.104,2504.0,2285.0,2285.0,-342.75,-0.0,0.0,-342.0,0.0,-5.0,2504.0,0.0,0.0,0.0,0.0
905761.104,2504.0,2285.0,2285.0,-342.75,-0.0,0.0,-342.0,0.0,-5.0,2504.0,0.0,0.0,0.0,0.0
905771.105,2504.0,2285.0,2285.0,-342.75,-0.0,0.0,-342.0,0.0,-5.0,2504.0,0.0,0.0,0.0,0.0
905781.106,2504.0,2285.0,2285.0,-342.75,-0.0,0.0,-342.0,0.0,-5.0,2504.0,0.0,0.0,0.0,0.0
905791.107,2504.0,2285.0,2285.0,-342.75,-0.0,0.0,-342.0,0.0,-5.0,2504.0,0.0,0.0,0.0,0.0
905801.108,2504.0,2285.0,2285.0,-342.75,-0.0,0.0,-342.0,0.0,-5.0,2504.0,0.0,0.0,0.0,0.0
905811.109,2504.0,2285.0,2285.0,-342.75,-0.0,0.0,-342.0,0.0,-5.0,2504.0,0.0,0.0,0.0,0.0
905821.109,2504.0,2285.0,2285.0,-342.75,-0.0,0.0,-342.0,0.0,-5.0,2504.0,0.0,0.0,0.0,0.0
905831.109,2504.0,2285.0,2285.0,-342.75,-0.0,0.0,-342.0,0.0,-5.0,2504.0,0.0,0.0,0.0,0.0
905841.11,2504.0,2285.0,2285.0,-342.75,-0.0,0.0,-342.0,0.0,-5.0,2504.0,0.0,0.0,0.0,0.0
905851.11,2504.0,2285.0,2285.0,-342.75,-0.0,0.0,-342.0,0.0,-5.0,2504.0,0.0,0.0,0.0,0.0
905861.111,2504.0,2285.0,2285.0,-342.75,-0.0,0.0,-342.0,0.0,-5.0,2504.0,0.0,0.0,0.0,0.0
905871.112,2504.0,2285.0,2285.0,-342.75,-0.0,0.0,-342.0,0.0,-5.0,2504.0,0.0,0.0,0.0,0.0
905881.113,2504.0,2285.0,2285.0,-342.75,-0.0,0.0,-342.0,0.0,-5.0,2504.0,0.0,0.0,0.0,0.0
905892.098,2504.0,2285.0,2285.0,-342.75,-0.0,0.0,-342.0,0.0,-5.0,2504.0,0.0,0.0,0.0,0.0
905902.099,2504.0,2285.0,2285.0,-342.75,-0.0,0.0,-342.0,0.0,-5.0,2504.0,0.0,0.0,0.0,0.0
905912.1,2504.0,2285.0,2285.0,-342.75,-0.0,0.0,-342.0,0.0,-5.0,2504.0,0.0,0.0,0.0,0.0
905922.101,2504.0,2285.0,2285.0,-342.75,-0.0,0.0,-342.0,0.0,-5.0,2504.0,0.0,0.0,0.0,0.0
905932.102,2504.0,2285.0,2285.0,-342.75,-0.0,0.0,-342.0,0.0,-5.0,2504.0,0.0,0.0,0.0,0.0
905942.102,2504.0,2285.0,2285.0,-342.75,-0.0,0.0,-342.0,0.0,-5.0,2504.0,0.0,0.0,0.0,0.0
905952.103,2504.0,2285.0,2285.0,-342.75,-0.0,0.0,-342.0,0.0,-5.0,2504.0,0.0,0.0,0.0,0.0
905962.104,2504.0,2285.0,2285.0,-342.75,-0.0,0.0,-342.0,0.0,-5.0,2504.0,0.0,0.0,0.0,0.0
905972.105,2504.0,2285.0,2285.0,-342.75,-0.0,0.0,-342.0,0.0,-5.0,2504.0,0.0,0.0,0.0,0.0
905982.105,2504.0,2285.0,2285.0,-342.75,-0.0,0.0,-342.0,0.0,-5.0,2504.0,0.0,0.0,0.0,0.0
905992.106,2504.0,2285.0,2285.0,-342.75,-0.0,0.0,-342.0,0.0,-5.0,2504.0,0.0,0.0,0.0,0.0
906002.107,2504.0,2285.0,2285.0,-342.75,-0.0,0.0,-342.0,0.0,-5.0,2504.0,0.0,0.0,0.0,0.0
906012.108,2504.0,2285.0,2285.0,-342.75,-0.0,0.0,-342.0,0.0,-5.0,2504.0,0.0,0.0,0.0,0.0
906022.109,2505.0,2285.0,2285.0,-342.75,-0.0,0.0,-342.0,0.0,-5.0,2504.0,0.0,0.0,0.0,0.0
906032.11,2504.0,2285.0,2285.0,-342.75,-0.0,0.0,-342.0,0.0,-5.0,2504.0,0.0,0.0,0.0,0.0
906042.11,2504.0,2285.0,2285.0,-342.75,-0.0,0.0,-342.0,0.0,-5.0,2504.0,0.0,0.0,0.0,0.0
906052.111,2504.0,2285.0,2285.0,-342.75,-0.0,0.0,-342.0,0.0,-5.0,2504.0,0.0,0.0,0.0,0.0
906063.098,2504.0,2285.0,2285.0,-342.75,-0.0,0.0,-342.0,0.0,-5.0,2504.0,0.0,0.0,0.0,0.0
906073.099,2504.0,2285.0,2285.0,-342.75,-0.0,0.0,-342.0,0.0,-5.0,2504.0,0.0,0.0,0.0,0.0
906083.099,2504.0,2285.0,2285.0,-342.75,-0.0,0.0,-342.0,0.0,-5.0,2504.0,0.0,0.0,0.0,0.0
906093.1,2504.0,2285.0,2285.0,-342.75,-0.0,0.0,-342.0,0.0,-5.0,2504.0,0.0,0.0,0.0,0.0
906103.1,2504.0,2285.0,2285.0,-342.75,-0.0,0.0,-342.0,0.0,-5.0,2504.0,0.0,0.0,0.0,0.0
906113.101,2504.0,2285.0,2285.0,-342.75,-0.0,0.0,-342.0,0.0,-5.0,2504.0,0.0,0.0,0.0,0.0
906123.102,2504.0,2285.0,2285.0,-342.75,-0.0,0.0,-342.0,0.0,-5.0,2504.0,0.0,0.0,0.0,0.0
906133.103,2504.0,2285.0,2285.0,-342.75,-0.0,0.0,-342.0,0.0,-5.0,2504.0,0.0,0.0,0.0,0.0
906143.103,2504.0,2285.0,2285.0,-342.75,-0.0,0.0,-342.0,0.0,-5.0,2504.0,0.0,0.0,0.0,0.0
906153.103,2504.0,2285.0,2285.0,-342.75,-0.0,0.0,-342.0,0.0,-5.0,2504.0,0.0,0.0,0.0,0.0
906163.103,2504.0,2285.0,2285.0,-342.75,-0.0,0.0,-342.0,0.0,-5.0,2504.0,0.0,0.0,0.0,0.0
906173.104,2504.0,2285.0,2285.0,-342.75,-0.0,0.0,-342.0,0.0,-5.0,2504.0,0.0,0.0,0.0,0.0
906183.104,2504.0,2285.0,2285.0,-342.75,-0.0,0.0,-342.0,0.0,-5.0,2504.0,0.0,0.0,0.0,0.0
906193.105,2504.0,2285.0,2285.0,-342.75,-0.0,0.0,-342.0,0.0,-5.0,2504.0,0.0,0.0,0.0,0.0
906203.106,2504.0,2285.0,2285.0,-342.75,-0.0,0.0,-342.0,0.0,-5.0,2504.0,0.0,0.0,0.0,0.0
906214.098,2504.0,2285.0,2285.0,-342.75,-0.0,0.0,-342.0,0.0,-5.0,2504.0,0.0,0.0,0.0,0.0
906225.098,2504.0,2285.0,2285.0,-342.75,-0.0,0.0,-342.0,0.0,-5.0,2504.0,0.0,0.0,0.0,0.0
906235.098,2504.0,2285.0,2285.0,-342.75,-0.0,0.0,-342.0,0.0,-5.0,2504.0,0.0,0.0,0.0,0.0
906246.097,2505.0,2285.0,2285.0,-342.75,-0.0,0.0,-342.0,0.0,-5.0,2504.0,0.0,0.0,0.0,0.0
906256.098,2505.0,2285.0,2285.0,-342.75,-0.0,0.0,-342.0,0.0,-5.0,2505.0,0.0,0.0,0.0,0.0
906266.099,2505.0,2285.0,2285.0,-342.75,-0.0,0.0,-342.0,0.0,-5.0,2505.0,0.0,0.0,0.0,0.0
906276.1,2505.0,2285.0,2285.0,-342.75,-0.0,0.0,-342.0,0.0,-5.0,2505.0,0.0,0.0,0.0,0.0
906286.1,2505.0,2285.0,2285.0,-342.75,-0.0,0.0,-342.0,0.0,-5.0,2505.0,0.0,0.0,0.0,0.0
906297.098,2505.0,2285.0,2285.0,-342.75,-0.0,0.0,-342.0,0.0,-5.0,2505.0,0.0,0.0,0.0,0.0
906307.098,2506.0,2285.0,2285.0,-342.75,-0.0,0.0,-342.0,0.0,-5.0,2505.0,0.0,0.0,0.0,0.0
906317.099,2506.0,2285.0,2285.0,-342.75,-0.0,0.0,-342.0,0.0,-5.0,2505.0,0.0,0.0,0.0,0.0
906327.099,2506.0,2285.0,2285.0,-342.75,-0.0,0.0,-342.0,0.0,-5.0,2505.0,0.0,0.0,0.0,0.0
906337.1,2506.0,2285.0,2285.0,-342.75,-0.0,0.0,-342.0,0.0,-5.0,2505.0,0.0,0.0,0.0,0.0
906347.102,2506.0,2285.0,2285.0,-342.75,-0.0,0.0,-342.0,0.0,-5.0,2505.0,0.0,0.0,0.0,0.0
906357.103,2507.0,2285.0,2285.0,-342.75,-0.0,0.0,-342.0,0.0,-5.0,2507.0,0.0,0.0,0.0,0.0
906367.104,2507.0,2285.0,2285.0,-342.75,-0.0,0.0,-342.0,0.0,-5.0,2507.0,0.0,0.0,0.0,0.0
906377.104,2507.0,2285.0,2285.0,-342.75,-0.0,0.0,-342.0,0.0,-5.0,2507.0,0.0,0.0,0.0,0.0
906387.104,2507.0,2285.0,2285.0,-342.75,-0.0,0.0,-342.0,0.0,-5.0,2507.0,0.0,0.0,0.0,0.0
906397.104,2507.0,2285.0,2285.0,-342.75,-0.0,0.0,-342.0,0.0,-5.0,2507.0,0.0,0.0,0.0,0.0
906407.105,2507.0,2285.0,2285.0,-342.75,-0.0,0.0,-342.0,0.0,-5.0,2507.0,0.0,0.0,0.0,0.0
906417.105,2507.0,2285.0,2285.0,-342.75,-0.0,0.0,-342.0,0.0,-5.0,2507.0,0.0,0.0,0.0,0.0
906427.106,2507.0,2285.0,2285.0,-342.75,-0.0,0.0,-342.0,0.0,-5.0,2507.0,0.0,0.0,0.0,0.0
906437.106,2507.0,2285.0,2285.0,-342.75,-0.0,0.0,-342.0,0.0,-5.0,2507.0,0.0,0.0,0.0,0.0
906447.107,2507.0,2285.0,2285.0,-342.75,-0.0,0.0,-342.0,0.0,-5.0,2507.0,0.0,0.0,0.0,0.0
906457.108,2507.0,2285.0,2285.0,-342.75,-0.0,0.0,-342.0,0.0,-5.0,2507.0,0.0,0.0,0.0,0.0
906467.109,2507.0,2285.0,2285.0,-342.75,-0.0,0.0,-342.0,0.0,-5.0,2507.0,0.0,0.0,0.0,0.0
906478.098,2507.0,2285.0,2285.0,-342.75,-0.0,0.0,-342.0,0.0,-5.0,2507.0,0.0,0.0,0.0,0.0
906488.098,2507.0,2285.0,2285.0,-342.75,-0.0,0.0,-342.0,0.0,-5.0,2507.0,0.0,0.0,0.0,0.0
906499.098,2507.0,2285.0,2285.0,-342.75,-0.0,0.0,-342.0,0.0,-5.0,2507.0,0.0,0.0,0.0,0.0
906509.099,2507.0,2285.0,2285.0,-342.75,-0.0,0.0,-342.0,0.0,-5.0,2507.0,0.0,0.0,0.0,0.0
906519.099,2507.0,2285.0,2285.0,-342.75,-0.0,0.0,-342.0,0.0,-5.0,2507.0,0.0,0.0,0.0,0.0
906529.1,2507.0,2285.0,2285.0,-342.75,-0.0,0.0,-342.0,0.0,-5.0,2507.0,0.0,0.0,0.0,0.0
906539.1,2507.0,2285.0,2285.0,-342.75,-0.0,0.0,-342.0,0.0,-5.0,2507.0,0.0,0.0,0.0,0.0
906549.1,2507.0,2285.0,2285.0,-342.75,-0.0,0.0,-342.0,0.0,-5.0,2507.0,0.0,0.0,0.0,0.0
906559.101,2507.0,2285.0,2285.0,-342.75,-0.0,0.0,-342.0,0.0,-5.0,2507.0,0.0,0.0,0.0,0.0
906569.101,2507.0,2285.0,2285.0,-342.75,-0.0,0.0,-342.0,0.0,-5.0,2507.0,0.0,0.0,0.0,0.0
906579.101,2507.0,2285.0,2285.0,-342.75,-0.0,0.0,-342.0,0.0,-5.0,2507.0,0.0,0.0,0.0,0.0
906589.102,2507.0,2285.0,2285.0,-342.75,-0.0,0.0,-342.0,0.0,-5.0,2507.0,0.0,0.0,0.0,0.0
906599.102,2507.0,2285.0,2285.0,-342.75,-0.0,0.0,-342.0,0.0,-5.0,2507.0,0.0,0.0,0.0,0.0
906609.102,2507.0,2285.0,2285.0,-342.75,-0.0,0.0,-342.0,0.0,-5.0,2507.0,0.0,0.0,0.0,0.0
906619.103,2507.0,2285.0,2285.0,-342.75,-0.0,0.0,-342.0,0.0,-5.0,2507.0,0.0,0.0,0.0,0.0
906629.104,2507.0,2285.0,2285.0,-342.75,-0.0,0.0,-342.0,0.0,-5.0,2507.0,0.0,0.0,0.0,0.0
906639.104,2507.0,2285.0,2285.0,-342.75,-0.0,0.0,-342.0,0.0,-5.0,2507.0,0.0,0.0,0.0,0.0
906649.104,2507.0,2285.0,2285.0,-342.75,-0.0,0.0,-342.0,0.0,-5.0,2507.0,0.0,0.0,0.0,0.0
906659.104,2507.0,2285.0,2285.0,-342.75,-0.0,0.0,-342.0,0.0,-5.0,2507.0,0.0,0.0,0.0,0.0
906669.104,2507.0,2285.0,2285.0,-342.75,-0.0,0.0,-342.0,0.0,-5.0,2507.0,0.0,0.0,0.0,0.0
906679.105,2507.0,2285.0,2285.0,-342.75,-0.0,0.0,-342.0,0.0,-5.0,2507.0,0.0,0.0,0.0,0.0
906689.105,2507.0,2285.0,2285.0,-342.75,-0.0,0.0,-342.0,0.0,-5.0,2507.0,0.0,0.0,0.0,0.0
906699.106,2507.0,2285.0,2285.0,-342.75,-0.0,0.0,-342.0,0.0,-5.0,2507.0,0.0,0.0,0.0,0.0
906709.106,2507.0,2285.0,2285.0,-342.75,-0.0,0.0,-342.0,0.0,-5.0,2507.0,0.0,0.0,0.0,0.0
906719.106,2507.0,2285.0,2285.0,-342.75,-0.0,0.0,-342.0,0.0,-5.0,2507.0,0.0,0.0,0.0,0.0
906729.106,2507.0,2285.0,2285.0,-342.75,-0.0,0.0,-342.0,0.0,-5.0,2507.0,0.0,0.0,0.0,0.0
906739.106,2507.0,2285.0,2285.0,-342.75,-0.0,0.0,-342.0,0.0,-5.0,2507.0,0.0,0.0,0.0,0.0
906749.106,2507.0,2285.0,2285.0,-342.75,-0.0,0.0,-342.0,0.0,-5.0,2507.0,0.0,0.0,0.0,0.0
906759.107,2507.0,2285.0,2285.0,-342.75,-0.0,0.0,-342.0,0.0,-5.0,2507.0,0.0,0.0,0.0,0.0
906769.108,2507.0,2285.0,2285.0,-342.75,-0.0,0.0,-342.0,0.0,-5.0,2507.0,0.0,0.0,0.0,0.0
906779.108,2507.0,2285.0,2285.0,-342.75,-0.0,0.0,-342.0,0.0,-5.0,2507.0,0.0,0.0,0.0,0.0
906789.109,2507.0,2285.0,2285.0,-342.75,-0.0,0.0,-342.0,0.0,-5.0,2507.0,0.0,0.0,0.0,0.0
906799.11,2507.0,2285.0,2285.0,-342.75,-0.0,0.0,-342.0,0.0,-5.0,2507.0,0.0,0.0,0.0,0.0
906809.11,2507.0,2285.0,2285.0,-342.75,-0.0,0.0,-342.0,0.0,-5.0,2507.0,0.0,0.0,0.0,0.0
906819.111,2507.0,2285.0,2285.0,-342.75,-0.0,0.0,-342.0,0.0,-5.0,2507.0,0.0,0.0,0.0,0.0
906829.112,2507.0,2285.0,2285.0,-342.75,-0.0,0.0,-342.0,0.0,-5.0,2507.0,0.0,0.0,0.0,0.0
906839.113,2507.0,2285.0,2285.0,-342.75,-0.0,0.0,-342.0,0.0,-5.0,2507.0,0.0,0.0,0.0,0.0
906849.114,2507.0,2285.0,2285.0,-342.75,-0.0,0.0,-342.0,0.0,-5.0,2507.0,0.0,0.0,0.0,0.0
906859.114,2507.0,2285.0,2285.0,-342.75,-0.0,0.0,-342.0,0.0,-5.0,2507.0,0.0,0.0,0.0,0.0
906869.119,2507.0,2285.0,2285.0,-342.75,-0.0,0.0,-342.0,0.0,-5.0,2507.0,0.0,0.0,0.0,0.0
906879.12,2507.0,2285.0,2285.0,-342.75,-0.0,0.0,-342.0,0.0,-5.0,2507.0,0.0,0.0,0.0,0.0
906889.12,2507.0,2285.0,2285.0,-342.75,-0.0,0.0,-342.0,0.0,-5.0,2507.0,0.0,0.0,0.0,0.0
906899.121,2507.0,2285.0,2285.0,-342.75,-0.0,0.0,-342.0,0.0,-5.0,2507.0,0.0,0.0,0.0,0.0
906909.122,2507.0,2285.0,2285.0,-342.75,-0.0,0.0,-342.0,0.0,-5.0,2507.0,0.0,0.0,0.0,0.0
906919.123,2507.0,2285.0,2285.0,-342.75,-0.0,0.0,-342.0,0.0,-5.0,2507.0,0.0,0.0,0.0,0.0
906929.123,2507.0,2285.0,2285.0,-342.75,-0.0,0.0,-342.0,0.0,-5.0,2507.0,0.0,0.0,0.0,0.0
906939.124,2507.0,2285.0,2285.0,-342.75,-0.0,0.0,-342.0,0.0,-5.0,2507.0,0.0,0.0,0.0,0.0
906949.125,2507.0,2285.0,2285.0,-342.75,-0.0,0.0,-342.0,0.0,-5.0,2507.0,0.0,0.0,0.0,0.0
906959.125,2507.0,2285.0,2285.0,-342.75,-0.0,0.0,-342.0,0.0,-5.0,2507.0,0.0,0.0,0.0,0.0
906969.125,2507.0,2285.0,2285.0,-342.75,-0.0,0.0,-342.0,0.0,-5.0,2507.0,0.0,0.0,0.0,0.0
906979.125,2507.0,2285.0,2285.0,-342.75,-0.0,0.0,-342.0,0.0,-5.0,2507.0,0.0,0.0,0.0,0.0
906989.125,2507.0,2285.0,2285.0,-342.75,-0.0,0.0,-342.0,0.0,-5.0,2507.0,0.0,0.0,0.0,0.0
906999.125,2507.0,2285.0,2285.0,-342.75,-0.0,0.0,-342.0,0.0,-5.0,2507.0,0.0,0.0,0.0,0.0
907009.125,2507.0,2285.0,2285.0,-342.75,-0.0,0.0,-342.0,0.0,-5.0,2507.0,0.0,0.0,0.0,0.0
907019.126,2507.0,2285.0,2285.0,-342.75,-0.0,0.0,-342.0,0.0,-5.0,2507.0,0.0,0.0,0.0,0.0
907029.126,2507.0,2285.0,2285.0,-342.75,-0.0,0.0,-342.0,0.0,-5.0,2507.0,0.0,0.0,0.0,0.0
907039.126,2507.0,2285.0,2285.0,-342.75,-0.0,0.0,-342.0,0.0,-5.0,2507.0,0.0,0.0,0.0,0.0
907049.126,2507.0,2285.0,2285.0,-342.75,-0.0,0.0,-342.0,0.0,-5.0,2507.0,0.0,0.0,0.0,0.0
907059.126,2507.0,2285.0,2285.0,-342.75,-0.0,0.0,-342.0,0.0,-5.0,2507.0,0.0,0.0,0.0,0.0
907069.126,2507.0,2285.0,2285.0,-342.75,-0.0,0.0,-342.0,0.0,-5.0,2507.0,0.0,0.0,0.0,0.0
907079.127,2507.0,2285.0,2285.0,-342.75,-0.0,0.0,-342.0,0.0,-5.0,2507.0,0.0,0.0,0.0,0.0
907089.127,2507.0,2285.0,2285.0,-342.75,-0.0,0.0,-342.0,0.0,-5.0,2507.0,0.0,0.0,0.0,0.0
907099.128,2507.0,2285.0,2285.0,-342.75,-0.0,0.0,-342.0,0.0,-5.0,2507.0,0.0,0.0,0.0,0.0
907109.129,2507.0,2285.0,2285.0,-342.75,-0.0,0.0,-342.0,0.0,-5.0,2507.0,0.0,0.0,0.0,0.0
907119.129,2507.0,2285.0,2285.0,-342.75,-0.0,0.0,-342.0,0.0,-5.0,2507.0,0.0,0.0,0.0,0.0
907129.13,2507.0,2285.0,2285.0,-342.75,-0.0,0.0,-342.0,0.0,-5.0,2507.0,0.0,0.0,0.0,0.0
907139.131,2507.0,2285.0,2285.0,-342.75,-0.0,0.0,-342.0,0.0,-5.0,2507.0,0.0,0.0,0.0,0.0
907149.131,2507.0,2285.0,2285.0,-342.75,-0.0,0.0,-342.0,0.0,-5.0,2507.0,0.0,0.0,0.0,0.0
907159.132,2507.0,2285.0,2285.0,-342.75,-0.0,0.0,-342.0,0.0,-5.0,2507.0,0.0,0.0,0.0,0.0
907169.132,2507.0,2285.0,2285.0,-342.75,-0.0,0.0,-342.0,0.0,-5.0,2507.0,0.0,0.0,0.0,0.0
907179.133,2507.0,2285.0,2285.0,-342.75,-0.0,0.0,-342.0,0.0,-5.0,2507.0,0.0,0.0,0.0,0.0
907189.134,2507.0,2285.0,2285.0,-342.75,-0.0,0.0,-342.0,0.0,-5.0,2507.0,0.0,0.0,0.0,0.0
907199.134,2507.0,2285.0,2285.0,-342.75,-0.0,0.0,-342.0,0.0,-5.0,2507.0,0.0,0.0,0.0,0.0
907209.134,2507.0,2285.0,2285.0,-342.75,-0.0,0.0,-342.0,0.0,-5.0,2507.0,0.0,0.0,0.0,0.0
907219.134,2507.0,2285.0,2285.0,-342.75,-0.0,0.0,-342.0,0.0,-5.0,2507.0,0.0,0.0,0.0,0.0
907229.135,2507.0,2285.0,2285.0,-342.75,-0.0,0.0,-342.0,0.0,-5.0,2507.0,0.0,0.0,0.0,0.0
907239.136,2507.0,2285.0,2285.0,-342.75,-0.0,0.0,-342.0,0.0,-5.0,2507.0,0.0,0.0,0.0,0.0
907249.137,2507.0,2285.0,2285.0,-342.75,-0.0,0.0,-342.0,0.0,-5.0,2507.0,0.0,0.0,0.0,0.0
907260.106,2507.0,2285.0,2285.0,-342.75,-0.0,0.0,-342.0,0.0,-5.0,2507.0,0.0,0.0,0.0,0.0
907270.106,2507.0,2285.0,2285.0,-342.75,-0.0,0.0,-342.0,0.0,-5.0,2507.0,0.0,0.0,0.0,0.0
907280.107,2507.0,2285.0,2285.0,-342.75,-0.0,0.0,-342.0,0.0,-5.0,2507.0,0.0,0.0,0.0,0.0
907290.108,2507.0,2285.0,2285.0,-342.75,-0.0,0.0,-342.0,0.0,-5.0,2507.0,0.0,0.0,0.0,0.0
907300.109,2507.0,2285.0,2285.0,-342.75,-0.0,0.0,-342.0,0.0,-5.0,2507.0,0.0,0.0,0.0,0.0
907310.11,2507.0,2285.0,2285.0,-342.75,-0.0,0.0,-342.0,0.0,-5.0,2507.0,0.0,0.0,0.0,0.0
907320.11,2507.0,2285.0,2285.0,-342.75,-0.0,0.0,-342.0,0.0,-5.0,2507.0,0.0,0.0,0.0,0.0
907330.111,2507.0,2285.0,2285.0,-342.75,-0.0,0.0,-342.0,0.0,-5.0,2507.0,0.0,0.0,0.0,0.0
907340.112,2507.0,2285.0,2285.0,-342.75,-0.0,0.0,-342.0,0.0,-5.0,2507.0,0.0,0.0,0.0,0.0
907350.112,2507.0,2285.0,2285.0,-342.75,-0.0,0.0,-342.0,0.0,-5.0,2507.0,0.0,0.0,0.0,0.0
907360.113,2507.0,2285.0,2285.0,-342.75,-0.0,0.0,-342.0,0.0,-5.0,2507.0,0.0,0.0,0.0,0.0
907370.114,2507.0,2285.0,2285.0,-342.75,-0.0,0.0,-342.0,0.0,-5.0,2507.0,0.0,0.0,0.0,0.0
907380.115,2507.0,2285.0,2285.0,-342.75,-0.0,0.0,-342.0,0.0,-5.0,2507.0,0.0,0.0,0.0,0.0
907390.115,2507.0,2285.0,2285.0,-342.75,-0.0,0.0,-342.0,0.0,-5.0,2507.0,0.0,0.0,0.0,0.0
907400.115,2507.0,2285.0,2285.0,-342.75,-0.0,0.0,-342.0,0.0,-5.0,2507.0,0.0,0.0,0.0,0.0
907410.116,2507.0,2285.0,2285.0,-342.75,-0.0,0.0,-342.0,0.0,-5.0,2507.0,0.0,0.0,0.0,0.0
907420.116,2507.0,2285.0,2285.0,-342.75,-0.0,0.0,-342.0,0.0,-5.0,2507.0,0.0,0.0,0.0,0.0
907430.116,2507.0,2285.0,2285.0,-342.75,-0.0,0.0,-342.0,0.0,-5.0,2507.0,0.0,0.0,0.0,0.0
907440.117,2507.0,2285.0,2285.0,-342.75,-0.0,0.0,-342.0,0.0,-5.0,2507.0,0.0,0.0,0.0,0.0
907450.117,2507.0,2285.0,2285.0,-342.75,-0.0,0.0,-342.0,0.0,-5.0,2507.0,0.0,0.0,0.0,0.0
907460.118,2507.0,2285.0,2285.0,-342.75,-0.0,0.0,-342.0,0.0,-5.0,2507.0,0.0,0.0,0.0,0.0
907470.118,2507.0,2285.0,2285.0,-342.75,-0.0,0.0,-342.0,0.0,-5.0,2507.0,0.0,0.0,0.0,0.0
907480.119,2507.0,2285.0,2285.0,-342.75,-0.0,0.0,-342.0,0.0,-5.0,2507.0,0.0,0.0,0.0,0.0
907490.12,2507.0,2285.0,2285.0,-342.75,-0.0,0.0,-342.0,0.0,-5.0,2507.0,0.0,0.0,0.0,0.0
907500.121,2507.0,2285.0,2285.0,-342.75,-0.0,0.0,-342.0,0.0,-5.0,2507.0,0.0,0.0,0.0,0.0
907510.122,2507.0,2285.0,2285.0,-342.75,-0.0,0.0,-342.0,0.0,-5.0,2507.0,0.0,0.0,0.0,0.0
907520.122,2507.0,2285.0,2285.0,-342.75,-0.0,0.0,-342.0,0.0,-5.0,2507.0,0.0,0.0,0.0,0.0
907530.123,2507.0,2285.0,2285.0,-342.75,-0.0,0.0,-342.0,0.0,-5.0,2507.0,0.0,0.0,0.0,0.0
907540.124,2507.0,2285.0,2285.0,-342.75,-0.0,0.0,-342.0,0.0,-5.0,2507.0,0.0,0.0,0.0,0.0
907550.125,2507.0,2285.0,2285.0,-342.75,-0.0,0.0,-342.0,0.0,-5.0,2507.0,0.0,0.0,0.0,0.0
907560.125,2507.0,2285.0,2285.0,-342.75,-0.0,0.0,-342.0,0.0,-5.0,2507.0,0.0,0.0,0.0,0.0
907570.126,2507.0,2285.0,2285.0,-342.75,-0.0,0.0,-342.0,0.0,-5.0,2507.0,0.0,0.0,0.0,0.0
907580.126,2507.0,2285.0,2285.0,-342.75,-0.0,0.0,-342.0,0.0,-5.0,2507.0,0.0,0.0,0.0,0.0
907590.126,2507.0,2285.0,2285.0,-342.75,-0.0,0.0,-342.0,0.0,-5.0,2507.0,0.0,0.0,0.0,0.0
907600.127,2507.0,2285.0,2285.0,-342.75,-0.0,0.0,-342.0,0.0,-5.0,2507.0,0.0,0.0,0.0,0.0
907610.128,2507.0,2285.0,2285.0,-342.75,-0.0,0.0,-342.0,0.0,-5.0,2507.0,0.0,0.0,0.0,0.0
907620.129,2507.0,2285.0,2285.0,-342.75,-0.0,0.0,-342.0,0.0,-5.0,2507.0,0.0,0.0,0.0,0.0
907630.13,2507.0,2285.0,2285.0,-342.75,-0.0,0.0,-342.0,0.0,-5.0,2507.0,0.0,0.0,0.0,0.0
907640.131,2507.0,2285.0,2285.0,-342.75,-0.0,0.0,-342.0,0.0,-5.0,2507.0,0.0,0.0,0.0,0.0
907651.041,2507.0,2285.0,2285.0,-342.75,-0.0,0.0,-342.0,0.0,-5.0,2507.0,0.0,0.0,0.0,0.0
907661.041,2507.0,2285.0,2285.0,-342.75,-0.0,0.0,-342.0,0.0,-5.0,2507.0,0.0,0.0,0.0,0.0
907671.041,2507.0,2285.0,2285.0,-342.75,-0.0,0.0,-342.0,0.0,-5.0,2507.0,0.0,0.0,0.0,0.0
907681.041,2507.0,2285.0,2285.0,-342.75,-0.0,0.0,-342.0,0.0,-5.0,2507.0,0.0,0.0,0.0,0.0
907691.041,2507.0,2285.0,2285.0,-342.75,-0.0,0.0,-342.0,0.0,-5.0,2507.0,0.0,0.0,0.0,0.0
907701.042,2507.0,2285.0,2285.0,-342.75,-0.0,0.0,-342.0,0.0,-5.0,2507.0,0.0,0.0,0.0,0.0
907711.042,2507.0,2285.0,2285.0,-342.75,-0.0,0.0,-342.0,0.0,-5.0,2507.0,0.0,0.0,0.0,0.0
907721.043,2507.0,2285.0,2285.0,-342.75,-0.0,0.0,-342.0,0.0,-5.0,2507.0,0.0,0.0,0.0,0.0
907731.043,2507.0,2285.0,2285.0,-342.75,-0.0,0.0,-342.0,0.0,-5.0,2507.0,0.0,0.0,0.0,0.0
907742.041,2507.0,2285.0,2285.0,-342.75,-0.0,0.0,-342.0,0.0,-5.0,2507.0,0.0,0.0,0.0,0.0
907752.041,2507.0,2285.0,2285.0,-342.75,-0.0,0.0,-342.0,0.0,-5.0,2507.0,0.0,0.0,0.0,0.0
907762.041,2507.0,2285.0,2285.0,-342.75,-0.0,0.0,-342.0,0.0,-5.0,2507.0,0.0,0.0,0.0,0.0
907772.041,2507.0,2285.0,2285.0,-342.75,-0.0,0.0,-342.0,0.0,-5.0,2507.0,0.0,0.0,0.0,0.0
907782.041,2507.0,2285.0,2285.0,-342.75,-0.0,0.0,-342.0,0.0,-5.0,2507.0,0.0,0.0,0.0,0.0
907792.042,2507.0,2285.0,2285.0,-342.75,-0.0,0.0,-342.0,0.0,-5.0,2507.0,0.0,0.0,0.0,0.0
907802.043,2507.0,2285.0,2285.0,-342.75,-0.0,0.0,-342.0,0.0,-5.0,2507.0,0.0,0.0,0.0,0.0
907812.046,2507.0,2285.0,2285.0,-342.75,-0.0,0.0,-342.0,0.0,-5.0,2507.0,0.0,0.0,0.0,0.0
907822.047,2507.0,2285.0,2285.0,-342.75,-0.0,0.0,-342.0,0.0,-5.0,2507.0,0.0,0.0,0.0,0.0
907832.047,2507.0,2285.0,2285.0,-342.75,-0.0,0.0,-342.0,0.0,-5.0,2507.0,0.0,0.0,0.0,0.0
907842.047,2507.0,2285.0,2285.0,-342.75,-0.0,0.0,-342.0,0.0,-5.0,2507.0,0.0,0.0,0.0,0.0
907852.047,2507.0,2285.0,2285.0,-342.75,-0.0,0.0,-342.0,0.0,-5.0,2507.0,0.0,0.0,0.0,0.0
907862.048,2507.0,2285.0,2285.0,-342.75,-0.0,0.0,-342.0,0.0,-5.0,2507.0,0.0,0.0,0.0,0.0
907872.049,2507.0,2285.0,2285.0,-342.75,-0.0,0.0,-342.0,0.0,-5.0,2507.0,0.0,0.0,0.0,0.0
907882.05,2507.0,2285.0,2285.0,-342.75,-0.0,0.0,-342.0,0.0,-5.0,2507.0,0.0,0.0,0.0,0.0
907892.051,2507.0,2285.0,2285.0,-342.75,-0.0,0.0,-342.0,0.0,-5.0,2507.0,0.0,0.0,0.0,0.0
907902.051,2507.0,2285.0,2285.0,-342.75,-0.0,0.0,-342.0,0.0,-5.0,2507.0,0.0,0.0,0.0,0.0
907912.052,2507.0,2285.0,2285.0,-342.75,-0.0,0.0,-342.0,0.0,-5.0,2507.0,0.0,0.0,0.0,0.0
907922.053,2507.0,2285.0,2285.0,-342.75,-0.0,0.0,-342.0,0.0,-5.0,2507.0,0.0,0.0,0.0,0.0
907932.054,2507.0,2285.0,2285.0,-342.75,-0.0,0.0,-342.0,0.0,-5.0,2507.0,0.0,0.0,0.0,0.0
907942.055,2507.0,2285.0,2285.0,-342.75,-0.0,0.0,-342.0,0.0,-5.0,2507.0,0.0,0.0,0.0,0.0
907952.056,2507.0,2285.0,2285.0,-342.75,-0.0,0.0,-342.0,0.0,-5.0,2507.0,0.0,0.0,0.0,0.0
907962.061,2507.0,2285.0,2285.0,-342.75,-0.0,0.0,-342.0,0.0,-5.0,2507.0,0.0,0.0,0.0,0.0
907972.062,2507.0,2285.0,2285.0,-342.75,-0.0,0.0,-342.0,0.0,-5.0,2507.0,0.0,0.0,0.0,0.0
907982.063,2507.0,2285.0,2285.0,-342.75,-0.0,0.0,-342.0,0.0,-5.0,2507.0,0.0,0.0,0.0,0.0
907993.098,2507.0,2285.0,2285.0,-342.75,-0.0,0.0,-342.0,0.0,-5.0,2507.0,0.0,0.0,0.0,0.0
908003.099,2507.0,2285.0,2285.0,-342.75,-0.0,0.0,-342.0,0.0,-5.0,2507.0,0.0,0.0,0.0,0.0
908013.099,2507.0,2285.0,2285.0,-342.75,-0.0,0.0,-342.0,0.0,-5.0,2507.0,0.0,0.0,0.0,0.0
908024.098,2507.0,2285.0,2285.0,-342.75,-0.0,0.0,-342.0,0.0,-5.0,2507.0,0.0,0.0,0.0,0.0
908034.098,2507.0,2285.0,2285.0,-342.75,-0.0,0.0,-342.0,0.0,-5.0,2507.0,0.0,0.0,0.0,0.0
908045.098,2507.0,2285.0,2285.0,-342.75,-0.0,0.0,-342.0,0.0,-5.0,2507.0,0.0,0.0,0.0,0.0
908056.098,2507.0,2285.0,2285.0,-342.75,-0.0,0.0,-342.0,0.0,-5.0,2507.0,0.0,0.0,0.0,0.0
908066.098,2507.0,2285.0,2285.0,-342.75,-0.0,0.0,-342.0,0.0,-5.0,2507.0,0.0,0.0,0.0,0.0
908076.098,2507.0,2285.0,2285.0,-342.75,-0.0,0.0,-342.0,0.0,-5.0,2507.0,0.0,0.0,0.0,0.0
908086.099,2507.0,2285.0,2285.0,-342.75,-0.0,0.0,-342.0,0.0,-5.0,2507.0,0.0,0.0,0.0,0.0
908096.099,2507.0,2285.0,2285.0,-342.75,-0.0,0.0,-342.0,0.0,-5.0,2507.0,0.0,0.0,0.0,0.0
908106.1,2507.0,2285.0,2285.0,-342.75,-0.0,0.0,-342.0,0.0,-5.0,2507.0,0.0,0.0,0.0,0.0
908116.1,2507.0,2285.0,2285.0,-342.75,-0.0,0.0,-342.0,0.0,-5.0,2507.0,0.0,0.0,0.0,0.0
908126.1,2507.0,2285.0,2285.0,-342.75,-0.0,0.0,-342.0,0.0,-5.0,2507.0,0.0,0.0,0.0,0.0
908136.1,2507.0,2285.0,2285.0,-342.75,-0.0,0.0,-342.0,0.0,-5.0,2507.0,0.0,0.0,0.0,0.0
908146.101,2507.0,2285.0,2285.0,-342.75,-0.0,0.0,-342.0,0.0,-5.0,2507.0,0.0,0.0,0.0,0.0
908156.102,2507.0,2285.0,2285.0,-342.75,-0.0,0.0,-342.0,0.0,-5.0,2507.0,0.0,0.0,0.0,0.0
908166.102,2507.0,2285.0,2285.0,-342.75,-0.0,0.0,-342.0,0.0,-5.0,2507.0,0.0,0.0,0.0,0.0
908176.102,2507.0,2285.0,2285.0,-342.75,-0.0,0.0,-342.0,0.0,-5.0,2507.0,0.0,0.0,0.0,0.0
908186.103,2507.0,2285.0,2285.0,-342.75,-0.0,0.0,-342.0,0.0,-5.0,2507.0,0.0,0.0,0.0,0.0
908196.104,2507.0,2285.0,2285.0,-342.75,-0.0,0.0,-342.0,0.0,-5.0,2507.0,0.0,0.0,0.0,0.0
908206.104,2507.0,2285.0,2285.0,-342.75,-0.0,0.0,-342.0,0.0,-5.0,2507.0,0.0,0.0,0.0,0.0
908216.105,2507.0,2285.0,2285.0,-342.75,-0.0,0.0,-342.0,0.0,-5.0,2507.0,0.0,0.0,0.0,0.0
908226.105,2507.0,2285.0,2285.0,-342.75,-0.0,0.0,-342.0,0.0,-5.0,2507.0,0.0,0.0,0.0,0.0
908236.105,2507.0,2285.0,2285.0,-342.75,-0.0,0.0,-342.0,0.0,-5.0,2507.0,0.0,0.0,0.0,0.0
908246.105,2507.0,2285.0,2285.0,-342.75,-0.0,0.0,-342.0,0.0,-5.0,2507.0,0.0,0.0,0.0,0.0
908256.106,2507.0,2285.0,2285.0,-342.75,-0.0,0.0,-342.0,0.0,-5.0,2507.0,0.0,0.0,0.0,0.0
908266.106,2507.0,2285.0,2285.0,-342.75,-0.0,0.0,-342.0,0.0,-5.0,2507.0,0.0,0.0,0.0,0.0
908276.107,2507.0,2285.0,2285.0,-342.75,-0.0,0.0,-342.0,0.0,-5.0,2507.0,0.0,0.0,0.0,0.0
908286.107,2507.0,2285.0,2285.0,-342.75,-0.0,0.0,-342.0,0.0,-5.0,2507.0,0.0,0.0,0.0,0.0
908296.108,2507.0,2285.0,2285.0,-342.75,-0.0,0.0,-342.0,0.0,-5.0,2507.0,0.0,0.0,0.0,0.0
908306.109,2507.0,2285.0,2285.0,-342.75,-0.0,0.0,-342.0,0.0,-5.0,2507.0,0.0,0.0,0.0,0.0
908316.109,2507.0,2285.0,2285.0,-342.75,-0.0,0.0,-342.0,0.0,-5.0,2507.0,0.0,0.0,0.0,0.0
908326.113,2507.0,2285.0,2285.0,-342.75,-0.0,0.0,-342.0,0.0,-5.0,2507.0,0.0,0.0,0.0,0.0
908336.113,2507.0,2285.0,2285.0,-342.75,-0.0,0.0,-342.0,0.0,-5.0,2507.0,0.0,0.0,0.0,0.0
908346.113,2507.0,2285.0,2285.0,-342.75,-0.0,0.0,-342.0,0.0,-5.0,2507.0,0.0,0.0,0.0,0.0
908356.113,2507.0,2285.0,2285.0,-342.75,-0.0,0.0,-342.0,0.0,-5.0,2507.0,0.0,0.0,0.0,0.0
908366.113,2507.0,2285.0,2285.0,-342.75,-0.0,0.0,-342.0,0.0,-5.0,2507.0,0.0,0.0,0.0,0.0
908376.113,2507.0,2285.0,2285.0,-342.75,-0.0,0.0,-342.0,0.0,-5.0,2507.0,0.0,0.0,0.0,0.0
908386.113,2507.0,2285.0,2285.0,-342.75,-0.0,0.0,-342.0,0.0,-5.0,2507.0,0.0,0.0,0.0,0.0
908396.114,2507.0,2285.0,2285.0,-342.75,-0.0,0.0,-342.0,0.0,-5.0,2507.0,0.0,0.0,0.0,0.0
908406.114,2507.0,2285.0,2285.0,-342.75,-0.0,0.0,-342.0,0.0,-5.0,2507.0,0.0,0.0,0.0,0.0
908416.116,2507.0,2285.0,2285.0,-342.75,-0.0,0.0,-342.0,0.0,-5.0,2507.0,0.0,0.0,0.0,0.0
908426.116,2507.0,2285.0,2285.0,-342.75,-0.0,0.0,-342.0,0.0,-5.0,2507.0,0.0,0.0,0.0,0.0
908436.117,2507.0,2285.0,2285.0,-342.75,-0.0,0.0,-342.0,0.0,-5.0,2507.0,0.0,0.0,0.0,0.0
908446.117,2507.0,2285.0,2285.0,-342.75,-0.0,0.0,-342.0,0.0,-5.0,2507.0,0.0,0.0,0.0,0.0
908456.117,2507.0,2285.0,2285.0,-342.75,-0.0,0.0,-342.0,0.0,-5.0,2507.0,0.0,0.0,0.0,0.0
908466.118,2507.0,2285.0,2285.0,-342.75,-0.0,0.0,-342.0,0.0,-5.0,2507.0,0.0,0.0,0.0,0.0
908476.118,2507.0,2285.0,2285.0,-342.75,-0.0,0.0,-342.0,0.0,-5.0,2507.0,0.0,0.0,0.0,0.0
908486.118,2507.0,2285.0,2285.0,-342.75,-0.0,0.0,-342.0,0.0,-5.0,2507.0,0.0,0.0,0.0,0.0
908496.118,2507.0,2285.0,2285.0,-342.75,-0.0,0.0,-342.0,0.0,-5.0,2507.0,0.0,0.0,0.0,0.0
908506.118,2507.0,2285.0,2285.0,-342.75,-0.0,0.0,-342.0,0.0,-5.0,2507.0,0.0,0.0,0.0,0.0
908516.119,2507.0,2285.0,2285.0,-342.75,-0.0,0.0,-342.0,0.0,-5.0,2507.0,0.0,0.0,0.0,0.0
908526.12,2507.0,2285.0,2285.0,-342.75,-0.0,0.0,-342.0,0.0,-5.0,2507.0,0.0,0.0,0.0,0.0
908536.12,2507.0,2285.0,2285.0,-342.75,-0.0,0.0,-342.0,0.0,-5.0,2507.0,0.0,0.0,0.0,0.0
908546.121,2507.0,2285.0,2285.0,-342.75,-0.0,0.0,-342.0,0.0,-5.0,2507.0,0.0,0.0,0.0,0.0
908556.122,2507.0,2285.0,2285.0,-342.75,-0.0,0.0,-342.0,0.0,-5.0,2507.0,0.0,0.0,0.0,0.0
908566.123,2507.0,2285.0,2285.0,-342.75,-0.0,0.0,-342.0,0.0,-5.0,2507.0,0.0,0.0,0.0,0.0
908576.123,2507.0,2285.0,2285.0,-342.75,-0.0,0.0,-342.0,0.0,-5.0,2507.0,0.0,0.0,0.0,0.0
908586.125,2507.0,2285.0,2285.0,-342.75,-0.0,0.0,-342.0,0.0,-5.0,2507.0,0.0,0.0,0.0,0.0
908596.126,2507.0,2285.0,2285.0,-342.75,-0.0,0.0,-342.0,0.0,-5.0,2507.0,0.0,0.0,0.0,0.0
908606.127,2507.0,2285.0,2285.0,-342.75,-0.0,0.0,-342.0,0.0,-5.0,2507.0,0.0,0.0,0.0,0.0
908616.127,2507.0,2285.0,2285.0,-342.75,-0.0,0.0,-342.0,0.0,-5.0,2507.0,0.0,0.0,0.0,0.0
908626.128,2507.0,2285.0,2285.0,-342.75,-0.0,0.0,-342.0,0.0,-5.0,2507.0,0.0,0.0,0.0,0.0
908636.129,2507.0,2285.0,2285.0,-342.75,-0.0,0.0,-342.0,0.0,-5.0,2507.0,0.0,0.0,0.0,0.0
908646.129,2507.0,2285.0,2285.0,-342.75,-0.0,0.0,-342.0,0.0,-5.0,2507.0,0.0,0.0,0.0,0.0
908656.129,2507.0,2285.0,2285.0,-342.75,-0.0,0.0,-342.0,0.0,-5.0,2507.0,0.0,0.0,0.0,0.0
908666.129,2507.0,2285.0,2285.0,-342.75,-0.0,0.0,-342.0,0.0,-5.0,2507.0,0.0,0.0,0.0,0.0
908676.13,2507.0,2285.0,2285.0,-342.75,-0.0,0.0,-342.0,0.0,-5.0,2507.0,0.0,0.0,0.0,0.0
908686.13,2507.0,2285.0,2285.0,-342.75,-0.0,0.0,-342.0,0.0,-5.0,2507.0,0.0,0.0,0.0,0.0
908696.131,2507.0,2285.0,2285.0,-342.75,-0.0,0.0,-342.0,0.0,-5.0,2507.0,0.0,0.0,0.0,0.0
908706.131,2507.0,2285.0,2285.0,-342.75,-0.0,0.0,-342.0,0.0,-5.0,2507.0,0.0,0.0,0.0,0.0
908716.131,2507.0,2285.0,2285.0,-342.75,-0.0,0.0,-342.0,0.0,-5.0,2507.0,0.0,0.0,0.0,0.0
908726.131,2507.0,2285.0,2285.0,-342.75,-0.0,0.0,-342.0,0.0,-5.0,2507.0,0.0,0.0,0.0,0.0
908736.132,2507.0,2285.0,2285.0,-342.75,-0.0,0.0,-342.0,0.0,-5.0,2507.0,0.0,0.0,0.0,0.0
908746.133,2507.0,2285.0,2285.0,-342.75,-0.0,0.0,-342.0,0.0,-5.0,2507.0,0.0,0.0,0.0,0.0
908756.133,2507.0,2285.0,2285.0,-342.75,-0.0,0.0,-342.0,0.0,-5.0,2507.0,0.0,0.0,0.0,0.0
908766.134,2507.0,2285.0,2285.0,-342.75,-0.0,0.0,-342.0,0.0,-5.0,2507.0,0.0,0.0,0.0,0.0
908776.135,2507.0,2285.0,2285.0,-342.75,-0.0,0.0,-342.0,0.0,-5.0,2507.0,0.0,0.0,0.0,0.0
908786.135,2507.0,2285.0,2285.0,-342.75,-0.0,0.0,-342.0,0.0,-5.0,2507.0,0.0,0.0,0.0,0.0
908796.136,2507.0,2285.0,2285.0,-342.75,-0.0,0.0,-342.0,0.0,-5.0,2507.0,0.0,0.0,0.0,0.0
908806.137,2507.0,2285.0,2285.0,-342.75,-0.0,0.0,-342.0,0.0,-5.0,2507.0,0.0,0.0,0.0,0.0
908816.138,2507.0,2285.0,2285.0,-342.75,-0.0,0.0,-342.0,0.0,-5.0,2507.0,0.0,0.0,0.0,0.0
908826.139,2507.0,2285.0,2285.0,-342.75,-0.0,0.0,-342.0,0.0,-5.0,2507.0,0.0,0.0,0.0,0.0
908836.14,2507.0,2285.0,2285.0,-342.75,-0.0,0.0,-342.0,0.0,-5.0,2507.0,0.0,0.0,0.0,0.0
908846.14,2507.0,2285.0,2285.0,-342.75,-0.0,0.0,-342.0,0.0,-5.0,2507.0,0.0,0.0,0.0,0.0
908856.14,2507.0,2285.0,2285.0,-342.75,-0.0,0.0,-342.0,0.0,-5.0,2507.0,0.0,0.0,0.0,0.0
908866.14,2507.0,2285.0,2285.0,-342.75,-0.0,0.0,-342.0,0.0,-5.0,2507.0,0.0,0.0,0.0,0.0
908876.141,2507.0,2285.0,2285.0,-342.75,-0.0,0.0,-342.0,0.0,-5.0,2507.0,0.0,0.0,0.0,0.0
908887.04,2507.0,2285.0,2285.0,-342.75,-0.0,0.0,-342.0,0.0,-5.0,2507.0,0.0,0.0,0.0,0.0
908897.041,2507.0,2285.0,2285.0,-342.75,-0.0,0.0,-342.0,0.0,-5.0,2507.0,0.0,0.0,0.0,0.0
908907.042,2507.0,2285.0,2285.0,-342.75,-0.0,0.0,-342.0,0.0,-5.0,2507.0,0.0,0.0,0.0,0.0
908917.042,2507.0,2285.0,2285.0,-342.75,-0.0,0.0,-342.0,0.0,-5.0,2507.0,0.0,0.0,0.0,0.0
908927.042,2507.0,2285.0,2285.0,-342.75,-0.0,0.0,-342.0,0.0,-5.0,2507.0,0.0,0.0,0.0,0.0
908937.042,2507.0,2285.0,2285.0,-342.75,-0.0,0.0,-342.0,0.0,-5.0,2507.0,0.0,0.0,0.0,0.0
908947.042,2507.0,2285.0,2285.0,-342.75,-0.0,0.0,-342.0,0.0,-5.0,2507.0,0.0,0.0,0.0,0.0
908957.043,2507.0,2285.0,2285.0,-342.75,-0.0,0.0,-342.0,0.0,-5.0,2507.0,0.0,0.0,0.0,0.0
908968.04,2507.0,2285.0,2285.0,-342.75,-0.0,0.0,-342.0,0.0,-5.0,2507.0,0.0,0.0,0.0,0.0
908978.041,2507.0,2285.0,2285.0,-342.75,-0.0,0.0,-342.0,0.0,-5.0,2507.0,0.0,0.0,0.0,0.0
908988.041,2507.0,2285.0,2285.0,-342.75,-0.0,0.0,-342.0,0.0,-5.0,2507.0,0.0,0.0,0.0,0.0
908998.042,2507.0,2285.0,2285.0,-342.75,-0.0,0.0,-342.0,0.0,-5.0,2507.0,0.0,0.0,0.0,0.0
909008.043,2507.0,2285.0,2285.0,-342.75,-0.0,0.0,-342.0,0.0,-5.0,2507.0,0.0,0.0,0.0,0.0
909018.044,2507.0,2285.0,2285.0,-342.75,-0.0,0.0,-342.0,0.0,-5.0,2507.0,0.0,0.0,0.0,0.0
909028.044,2507.0,2285.0,2285.0,-342.75,-0.0,0.0,-342.0,0.0,-5.0,2507.0,0.0,0.0,0.0,0.0
909038.045,2507.0,2285.0,2285.0,-342.75,-0.0,0.0,-342.0,0.0,-5.0,2507.0,0.0,0.0,0.0,0.0
909048.045,2507.0,2285.0,2285.0,-342.75,-0.0,0.0,-342.0,0.0,-5.0,2507.0,0.0,0.0,0.0,0.0
909058.046,2507.0,2285.0,2285.0,-342.75,-0.0,0.0,-342.0,0.0,-5.0,2507.0,0.0,0.0,0.0,0.0
909068.047,2507.0,2285.0,2285.0,-342.75,-0.0,0.0,-342.0,0.0,-5.0,2507.0,0.0,0.0,0.0,0.0
909078.047,2507.0,2285.0,2285.0,-342.75,-0.0,0.0,-342.0,0.0,-5.0,2507.0,0.0,0.0,0.0,0.0
909088.048,2507.0,2285.0,2285.0,-342.75,-0.0,0.0,-342.0,0.0,-5.0,2507.0,0.0,0.0,0.0,0.0
909098.048,2507.0,2285.0,2285.0,-342.75,-0.0,0.0,-342.0,0.0,-5.0,2507.0,0.0,0.0,0.0,0.0
909108.049,2507.0,2285.0,2285.0,-342.75,-0.0,0.0,-342.0,0.0,-5.0,2507.0,0.0,0.0,0.0,0.0
909118.049,2507.0,2285.0,2285.0,-342.75,-0.0,0.0,-342.0,0.0,-5.0,2507.0,0.0,0.0,0.0,0.0
909128.05,2507.0,2285.0,2285.0,-342.75,-0.0,0.0,-342.0,0.0,-5.0,2507.0,0.0,0.0,0.0,0.0
909138.051,2507.0,2285.0,2285.0,-342.75,-0.0,0.0,-342.0,0.0,-5.0,2507.0,0.0,0.0,0.0,0.0
909148.051,2507.0,2285.0,2285.0,-342.75,-0.0,0.0,-342.0,0.0,-5.0,2507.0,0.0,0.0,0.0,0.0
909158.051,2507.0,2285.0,2285.0,-342.75,-0.0,0.0,-342.0,0.0,-5.0,2507.0,0.0,0.0,0.0,0.0
909168.051,2507.0,2285.0,2285.0,-342.75,-0.0,0.0,-342.0,0.0,-5.0,2507.0,0.0,0.0,0.0,0.0
909178.052,2507.0,2285.0,2285.0,-342.75,-0.0,0.0,-342.0,0.0,-5.0,2507.0,0.0,0.0,0.0,0.0
909188.052,2507.0,2285.0,2285.0,-342.75,-0.0,0.0,-342.0,0.0,-5.0,2507.0,0.0,0.0,0.0,0.0
909198.052,2507.0,2285.0,2285.0,-342.75,-0.0,0.0,-342.0,0.0,-5.0,2507.0,0.0,0.0,0.0,0.0
909208.053,2507.0,2285.0,2285.0,-342.75,-0.0,0.0,-342.0,0.0,-5.0,2507.0,0.0,0.0,0.0,0.0
909218.054,2507.0,2285.0,2285.0,-342.75,-0.0,0.0,-342.0,0.0,-5.0,2507.0,0.0,0.0,0.0,0.0
909228.055,2507.0,2285.0,2285.0,-342.75,-0.0,0.0,-342.0,0.0,-5.0,2507.0,0.0,0.0,0.0,0.0
909238.055,2507.0,2285.0,2285.0,-342.75,-0.0,0.0,-342.0,0.0,-5.0,2507.0,0.0,0.0,0.0,0.0
909248.056,2507.0,2285.0,2285.0,-342.75,-0.0,0.0,-342.0,0.0,-5.0,2507.0,0.0,0.0,0.0,0.0
909258.057,2507.0,2285.0,2285.0,-342.75,-0.0,0.0,-342.0,0.0,-5.0,2507.0,0.0,0.0,0.0,0.0
909268.057,2507.0,2285.0,2285.0,-342.75,-0.0,0.0,-342.0,0.0,-5.0,2507.0,0.0,0.0,0.0,0.0
909278.059,2507.0,2285.0,2285.0,-342.75,-0.0,0.0,-342.0,0.0,-5.0,2507.0,0.0,0.0,0.0,0.0
909288.059,2507.0,2285.0,2285.0,-342.75,-0.0,0.0,-342.0,0.0,-5.0,2507.0,0.0,0.0,0.0,0.0
909298.061,2507.0,2285.0,2285.0,-342.75,-0.0,0.0,-342.0,0.0,-5.0,2507.0,0.0,0.0,0.0,0.0
909308.061,2507.0,2285.0,2285.0,-342.75,-0.0,0.0,-342.0,0.0,-5.0,2507.0,0.0,0.0,0.0,0.0
909318.062,2507.0,2285.0,2285.0,-342.75,-0.0,0.0,-342.0,0.0,-5.0,2507.0,0.0,0.0,0.0,0.0
909328.063,2507.0,2285.0,2285.0,-342.75,-0.0,0.0,-342.0,0.0,-5.0,2507.0,0.0,0.0,0.0,0.0
909338.063,2507.0,2285.0,2285.0,-342.75,-0.0,0.0,-342.0,0.0,-5.0,2507.0,0.0,0.0,0.0,0.0
909348.064,2507.0,2285.0,2285.0,-342.75,-0.0,0.0,-342.0,0.0,-5.0,2507.0,0.0,0.0,0.0,0.0
909358.065,2507.0,2285.0,2285.0,-342.75,-0.0,0.0,-342.0,0.0,-5.0,2507.0,0.0,0.0,0.0,0.0
909368.066,2507.0,2285.0,2285.0,-342.75,-0.0,0.0,-342.0,0.0,-5.0,2507.0,0.0,0.0,0.0,0.0
909378.066,2507.0,2285.0,2285.0,-342.75,-0.0,0.0,-342.0,0.0,-5.0,2507.0,0.0,0.0,0.0,0.0
909388.066,2507.0,2285.0,2285.0,-342.75,-0.0,0.0,-342.0,0.0,-5.0,2507.0,0.0,0.0,0.0,0.0
909398.067,2507.0,2285.0,2285.0,-342.75,-0.0,0.0,-342.0,0.0,-5.0,2507.0,0.0,0.0,0.0,0.0
909408.067,2507.0,2285.0,2285.0,-342.75,-0.0,0.0,-342.0,0.0,-5.0,2507.0,0.0,0.0,0.0,0.0
909418.067,2507.0,2285.0,2285.0,-342.75,-0.0,0.0,-342.0,0.0,-5.0,2507.0,0.0,0.0,0.0,0.0
909428.068,2507.0,2285.0,2285.0,-342.75,-0.0,0.0,-342.0,0.0,-5.0,2507.0,0.0,0.0,0.0,0.0
909438.068,2507.0,2285.0,2285.0,-342.75,-0.0,0.0,-342.0,0.0,-5.0,2507.0,0.0,0.0,0.0,0.0
909448.069,2507.0,2285.0,2285.0,-342.75,-0.0,0.0,-342.0,0.0,-5.0,2507.0,0.0,0.0,0.0,0.0
909458.07,2507.0,2285.0,2285.0,-342.75,-0.0,0.0,-342.0,0.0,-5.0,2507.0,0.0,0.0,0.0,0.0
909468.07,2507.0,2285.0,2285.0,-342.75,-0.0,0.0,-342.0,0.0,-5.0,2507.0,0.0,0.0,0.0,0.0
909478.071,2507.0,2285.0,2285.0,-342.75,-0.0,0.0,-342.0,0.0,-5.0,2507.0,0.0,0.0,0.0,0.0
909488.076,2507.0,2285.0,2285.0,-342.75,-0.0,0.0,-342.0,0.0,-5.0,2507.0,0.0,0.0,0.0,0.0
909498.077,2507.0,2285.0,2285.0,-342.75,-0.0,0.0,-342.0,0.0,-5.0,2507.0,0.0,0.0,0.0,0.0
909508.078,2507.0,2285.0,2285.0,-342.75,-0.0,0.0,-342.0,0.0,-5.0,2507.0,0.0,0.0,0.0,0.0
909518.078,2507.0,2285.0,2285.0,-342.75,-0.0,0.0,-342.0,0.0,-5.0,2507.0,0.0,0.0,0.0,0.0
909528.078,2507.0,2285.0,2285.0,-342.75,-0.0,0.0,-342.0,0.0,-5.0,2507.0,0.0,0.0,0.0,0.0
909538.078,2507.0,2285.0,2285.0,-342.75,-0.0,0.0,-342.0,0.0,-5.0,2507.0,0.0,0.0,0.0,0.0
909548.079,2507.0,2285.0,2285.0,-342.75,-0.0,0.0,-342.0,0.0,-5.0,2507.0,0.0,0.0,0.0,0.0
909558.08,2507.0,2285.0,2285.0,-342.75,-0.0,0.0,-342.0,0.0,-5.0,2507.0,0.0,0.0,0.0,0.0
909568.08,2507.0,2285.0,2285.0,-342.75,-0.0,0.0,-342.0,0.0,-5.0,2507.0,0.0,0.0,0.0,0.0
909578.08,2507.0,2285.0,2285.0,-342.75,-0.0,0.0,-342.0,0.0,-5.0,2507.0,0.0,0.0,0.0,0.0
909588.08,2507.0,2285.0,2285.0,-342.75,-0.0,0.0,-342.0,0.0,-5.0,2507.0,0.0,0.0,0.0,0.0
909598.08,2507.0,2285.0,2285.0,-342.75,-0.0,0.0,-342.0,0.0,-5.0,2507.0,0.0,0.0,0.0,0.0
909608.08,2507.0,2285.0,2285.0,-342.75,-0.0,0.0,-342.0,0.0,-5.0,2507.0,0.0,0.0,0.0,0.0
909619.105,2507.0,2285.0,2285.0,-342.75,-0.0,0.0,-342.0,0.0,-5.0,2507.0,0.0,0.0,0.0,0.0
909629.105,2507.0,2285.0,2285.0,-342.75,-0.0,0.0,-342.0,0.0,-5.0,2507.0,0.0,0.0,0.0,0.0
909639.106,2507.0,2285.0,2285.0,-342.75,-0.0,0.0,-342.0,0.0,-5.0,2507.0,0.0,0.0,0.0,0.0
909649.106,2507.0,2285.0,2285.0,-342.75,-0.0,0.0,-342.0,0.0,-5.0,2507.0,0.0,0.0,0.0,0.0
909659.107,2507.0,2285.0,2285.0,-342.75,-0.0,0.0,-342.0,0.0,-5.0,2507.0,0.0,0.0,0.0,0.0
909669.108,2507.0,2285.0,2285.0,-342.75,-0.0,0.0,-342.0,0.0,-5.0,2507.0,0.0,0.0,0.0,0.0
909679.109,2507.0,2285.0,2285.0,-342.75,-0.0,0.0,-342.0,0.0,-5.0,2507.0,0.0,0.0,0.0,0.0
909689.11,2507.0,2285.0,2285.0,-342.75,-0.0,0.0,-342.0,0.0,-5.0,2507.0,0.0,0.0,0.0,0.0
909699.11,2507.0,2285.0,2285.0,-342.75,-0.0,0.0,-342.0,0.0,-5.0,2507.0,0.0,0.0,0.0,0.0
909709.11,2507.0,2285.0,2285.0,-342.75,-0.0,0.0,-342.0,0.0,-5.0,2507.0,0.0,0.0,0.0,0.0
909719.111,2507.0,2285.0,2285.0,-342.75,-0.0,0.0,-342.0,0.0,-5.0,2507.0,0.0,0.0,0.0,0.0
909730.098,2507.0,2285.0,2285.0,-342.75,-0.0,0.0,-342.0,0.0,-5.0,2507.0,0.0,0.0,0.0,0.0
909740.099,2507.0,2285.0,2285.0,-342.75,-0.0,0.0,-342.0,0.0,-5.0,2507.0,0.0,0.0,0.0,0.0
909750.1,2507.0,2285.0,2285.0,-342.75,-0.0,0.0,-342.0,0.0,-5.0,2507.0,0.0,0.0,0.0,0.0
909760.102,2507.0,2285.0,2285.0,-342.75,-0.0,0.0,-342.0,0.0,-5.0,2507.0,0.0,0.0,0.0,0.0
909770.102,2507.0,2285.0,2285.0,-342.75,-0.0,0.0,-342.0,0.0,-5.0,2507.0,0.0,0.0,0.0,0.0
909780.103,2507.0,2285.0,2285.0,-342.75,-0.0,0.0,-342.0,0.0,-5.0,2507.0,0.0,0.0,0.0,0.0
909790.103,2507.0,2285.0,2285.0,-342.75,-0.0,0.0,-342.0,0.0,-5.0,2507.0,0.0,0.0,0.0,0.0
909800.104,2507.0,2285.0,2285.0,-342.75,-0.0,0.0,-342.0,0.0,-5.0,2507.0,0.0,0.0,0.0,0.0
909810.105,2507.0,2285.0,2285.0,-342.75,-0.0,0.0,-342.0,0.0,-5.0,2507.0,0.0,0.0,0.0,0.0
909820.105,2507.0,2285.0,2285.0,-342.75,-0.0,0.0,-342.0,0.0,-5.0,2507.0,0.0,0.0,0.0,0.0
909830.106,2507.0,2285.0,2285.0,-342.75,-0.0,0.0,-342.0,0.0,-5.0,2507.0,0.0,0.0,0.0,0.0
909840.106,2507.0,2285.0,2285.0,-342.75,-0.0,0.0,-342.0,0.0,-5.0,2507.0,0.0,0.0,0.0,0.0
909850.106,2507.0,2285.0,2285.0,-342.75,-0.0,0.0,-342.0,0.0,-5.0,2507.0,0.0,0.0,0.0,0.0
909860.106,2507.0,2285.0,2285.0,-342.75,-0.0,0.0,-342.0,0.0,-5.0,2507.0,0.0,0.0,0.0,0.0
909870.107,2507.0,2285.0,2285.0,-342.75,-0.0,0.0,-342.0,0.0,-5.0,2507.0,0.0,0.0,0.0,0.0
909880.107,2507.0,2285.0,2285.0,-342.75,-0.0,0.0,-342.0,0.0,-5.0,2507.0,0.0,0.0,0.0,0.0
909891.098,2507.0,2285.0,2285.0,-342.75,-0.0,0.0,-342.0,0.0,-5.0,2507.0,0.0,0.0,0.0,0.0
909901.099,2507.0,2285.0,2285.0,-342.75,-0.0,0.0,-342.0,0.0,-5.0,2507.0,0.0,0.0,0.0,0.0
909911.1,2507.0,2285.0,2285.0,-342.75,-0.0,0.0,-342.0,0.0,-5.0,2507.0,0.0,0.0,0.0,0.0
909921.1,2507.0,2285.0,2285.0,-342.75,-0.0,0.0,-342.0,0.0,-5.0,2507.0,0.0,0.0,0.0,0.0
909931.1,2507.0,2285.0,2285.0,-342.75,-0.0,0.0,-342.0,0.0,-5.0,2507.0,0.0,0.0,0.0,0.0
909942.098,2507.0,2285.0,2285.0,-342.75,-0.0,0.0,-342.0,0.0,-5.0,2507.0,0.0,0.0,0.0,0.0
909952.099,2507.0,2285.0,2285.0,-342.75,-0.0,0.0,-342.0,0.0,-5.0,2507.0,0.0,0.0,0.0,0.0
909962.099,2507.0,2285.0,2285.0,-342.75,-0.0,0.0,-342.0,0.0,-5.0,2507.0,0.0,0.0,0.0,0.0
909972.099,2507.0,2285.0,2285.0,-342.75,-0.0,0.0,-342.0,0.0,-5.0,2507.0,0.0,0.0,0.0,0.0
909982.101,2507.0,2285.0,2285.0,-342.75,-0.0,0.0,-342.0,0.0,-5.0,2507.0,0.0,0.0,0.0,0.0
909992.102,2507.0,2285.0,2285.0,-342.75,-0.0,0.0,-342.0,0.0,-5.0,2507.0,0.0,0.0,0.0,0.0
910002.103,2507.0,2285.0,2285.0,-342.75,-0.0,0.0,-342.0,0.0,-5.0,2507.0,0.0,0.0,0.0,0.0
910012.104,2507.0,2285.0,2285.0,-342.75,-0.0,0.0,-342.0,0.0,-5.0,2507.0,0.0,0.0,0.0,0.0
910022.105,2507.0,2285.0,2285.0,-342.75,-0.0,0.0,-342.0,0.0,-5.0,2507.0,0.0,0.0,0.0,0.0
910032.106,2507.0,2285.0,2285.0,-342.75,-0.0,0.0,-342.0,0.0,-5.0,2507.0,0.0,0.0,0.0,0.0
910042.106,2507.0,2285.0,2285.0,-342.75,-0.0,0.0,-342.0,0.0,-5.0,2507.0,0.0,0.0,0.0,0.0
910052.107,2507.0,2285.0,2285.0,-342.75,-0.0,0.0,-342.0,0.0,-5.0,2507.0,0.0,0.0,0.0,0.0
910062.108,2507.0,2285.0,2285.0,-342.75,-0.0,0.0,-342.0,0.0,-5.0,2507.0,0.0,0.0,0.0,0.0
910072.109,2507.0,2285.0,2285.0,-342.75,-0.0,0.0,-342.0,0.0,-5.0,2507.0,0.0,0.0,0.0,0.0
910082.11,2507.0,2285.0,2285.0,-342.75,-0.0,0.0,-342.0,0.0,-5.0,2507.0,0.0,0.0,0.0,0.0
910093.098,2507.0,2285.0,2285.0,-342.75,-0.0,0.0,-342.0,0.0,-5.0,2507.0,0.0,0.0,0.0,0.0
910103.099,2507.0,2285.0,2285.0,-342.75,-0.0,0.0,-342.0,0.0,-5.0,2507.0,0.0,0.0,0.0,0.0
910113.1,2507.0,2285.0,2285.0,-342.75,-0.0,0.0,-342.0,0.0,-5.0,2507.0,0.0,0.0,0.0,0.0
910123.102,2507.0,2285.0,2285.0,-342.75,-0.0,0.0,-342.0,0.0,-5.0,2507.0,0.0,0.0,0.0,0.0
910133.103,2507.0,2285.0,2285.0,-342.75,-0.0,0.0,-342.0,0.0,-5.0,2507.0,0.0,0.0,0.0,0.0
910143.104,2507.0,2285.0,2285.0,-342.75,-0.0,0.0,-342.0,0.0,-5.0,2507.0,0.0,0.0,0.0,0.0
910153.105,2507.0,2285.0,2285.0,-342.75,-0.0,0.0,-342.0,0.0,-5.0,2507.0,0.0,0.0,0.0,0.0
910163.106,2507.0,2285.0,2285.0,-342.75,-0.0,0.0,-342.0,0.0,-5.0,2507.0,0.0,0.0,0.0,0.0
910173.106,2507.0,2285.0,2285.0,-342.75,-0.0,0.0,-342.0,0.0,-5.0,2507.0,0.0,0.0,0.0,0.0
910183.106,2507.0,2285.0,2285.0,-342.75,-0.0,0.0,-342.0,0.0,-5.0,2507.0,0.0,0.0,0.0,0.0
910193.107,2507.0,2285.0,2285.0,-342.75,-0.0,0.0,-342.0,0.0,-5.0,2507.0,0.0,0.0,0.0,0.0
910204.106,2507.0,2285.0,2285.0,-342.75,-0.0,0.0,-342.0,0.0,-5.0,2507.0,0.0,0.0,0.0,0.0
910214.107,2507.0,2285.0,2285.0,-342.75,-0.0,0.0,-342.0,0.0,-5.0,2507.0,0.0,0.0,0.0,0.0
910224.108,2507.0,2285.0,2285.0,-342.75,-0.0,0.0,-342.0,0.0,-5.0,2507.0,0.0,0.0,0.0,0.0
910234.108,2507.0,2285.0,2285.0,-342.75,-0.0,0.0,-342.0,0.0,-5.0,2507.0,0.0,0.0,0.0,0.0
910244.108,2507.0,2285.0,2285.0,-342.75,-0.0,0.0,-342.0,0.0,-5.0,2507.0,0.0,0.0,0.0,0.0
910254.109,2507.0,2285.0,2285.0,-342.75,-0.0,0.0,-342.0,0.0,-5.0,2507.0,0.0,0.0,0.0,0.0
910264.109,2507.0,2285.0,2285.0,-342.75,-0.0,0.0,-342.0,0.0,-5.0,2507.0,0.0,0.0,0.0,0.0
910274.109,2507.0,2285.0,2285.0,-342.75,-0.0,0.0,-342.0,0.0,-5.0,2507.0,0.0,0.0,0.0,0.0
910284.109,2507.0,2285.0,2285.0,-342.75,-0.0,0.0,-342.0,0.0,-5.0,2507.0,0.0,0.0,0.0,0.0
910294.11,2507.0,2285.0,2285.0,-342.75,-0.0,0.0,-342.0,0.0,-5.0,2507.0,0.0,0.0,0.0,0.0
910304.111,2507.0,2285.0,2285.0,-342.75,-0.0,0.0,-342.0,0.0,-5.0,2507.0,0.0,0.0,0.0,0.0
910314.112,2507.0,2285.0,2285.0,-342.75,-0.0,0.0,-342.0,0.0,-5.0,2507.0,0.0,0.0,0.0,0.0
910324.112,2507.0,2285.0,2285.0,-342.75,-0.0,0.0,-342.0,0.0,-5.0,2507.0,0.0,0.0,0.0,0.0
910334.113,2507.0,2285.0,2285.0,-342.75,-0.0,0.0,-342.0,0.0,-5.0,2507.0,0.0,0.0,0.0,0.0
910345.098,2507.0,2285.0,2285.0,-342.75,-0.0,0.0,-342.0,0.0,-5.0,2507.0,0.0,0.0,0.0,0.0
910355.099,2507.0,2285.0,2285.0,-342.75,-0.0,0.0,-342.0,0.0,-5.0,2507.0,0.0,0.0,0.0,0.0
910365.1,2507.0,2285.0,2285.0,-342.75,-0.0,0.0,-342.0,0.0,-5.0,2507.0,0.0,0.0,0.0,0.0
910375.1,2507.0,2285.0,2285.0,-342.75,-0.0,0.0,-342.0,0.0,-5.0,2507.0,0.0,0.0,0.0,0.0
910385.101,2507.0,2285.0,2285.0,-342.75,-0.0,0.0,-342.0,0.0,-5.0,2507.0,0.0,0.0,0.0,0.0
910395.101,2507.0,2285.0,2285.0,-342.75,-0.0,0.0,-342.0,0.0,-5.0,2507.0,0.0,0.0,0.0,0.0
910405.103,2507.0,2285.0,2285.0,-342.75,-0.0,0.0,-342.0,0.0,-5.0,2507.0,0.0,0.0,0.0,0.0
910415.104,2507.0,2285.0,2285.0,-342.75,-0.0,0.0,-342.0,0.0,-5.0,2507.0,0.0,0.0,0.0,0.0
910425.104,2507.0,2285.0,2285.0,-342.75,-0.0,0.0,-342.0,0.0,-5.0,2507.0,0.0,0.0,0.0,0.0
910435.105,2507.0,2285.0,2285.0,-342.75,-0.0,0.0,-342.0,0.0,-5.0,2507.0,0.0,0.0,0.0,0.0
910445.106,2507.0,2285.0,2285.0,-342.75,-0.0,0.0,-342.0,0.0,-5.0,2507.0,0.0,0.0,0.0,0.0
910455.107,2507.0,2285.0,2285.0,-342.75,-0.0,0.0,-342.0,0.0,-5.0,2507.0,0.0,0.0,0.0,0.0
910465.107,2507.0,2285.0,2285.0,-342.75,-0.0,0.0,-342.0,0.0,-5.0,2507.0,0.0,0.0,0.0,0.0
910475.108,2507.0,2285.0,2285.0,-342.75,-0.0,0.0,-342.0,0.0,-5.0,2507.0,0.0,0.0,0.0,0.0
910485.109,2507.0,2285.0,2285.0,-342.75,-0.0,0.0,-342.0,0.0,-5.0,2507.0,0.0,0.0,0.0,0.0
910495.11,2507.0,2285.0,2285.0,-342.75,-0.0,0.0,-342.0,0.0,-5.0,2507.0,0.0,0.0,0.0,0.0
910506.098,2507.0,2285.0,2285.0,-342.75,-0.0,0.0,-342.0,0.0,-5.0,2507.0,0.0,0.0,0.0,0.0
910517.098,2507.0,2285.0,2285.0,-342.75,-0.0,0.0,-342.0,0.0,-5.0,2507.0,0.0,0.0,0.0,0.0
910527.098,2507.0,2285.0,2285.0,-342.75,-0.0,0.0,-342.0,0.0,-5.0,2507.0,0.0,0.0,0.0,0.0
910537.098,2507.0,2285.0,2285.0,-342.75,-0.0,0.0,-342.0,0.0,-5.0,2507.0,0.0,0.0,0.0,0.0
910547.099,2507.0,2285.0,2285.0,-342.75,-0.0,0.0,-342.0,0.0,-5.0,2507.0,0.0,0.0,0.0,0.0
910557.1,2507.0,2285.0,2285.0,-342.75,-0.0,0.0,-342.0,0.0,-5.0,2507.0,0.0,0.0,0.0,0.0
910567.1,2507.0,2285.0,2285.0,-342.75,-0.0,0.0,-342.0,0.0,-5.0,2507.0,0.0,0.0,0.0,0.0
910577.101,2507.0,2285.0,2285.0,-342.75,-0.0,0.0,-342.0,0.0,-5.0,2507.0,0.0,0.0,0.0,0.0
910587.102,2507.0,2285.0,2285.0,-342.75,-0.0,0.0,-342.0,0.0,-5.0,2507.0,0.0,0.0,0.0,0.0
910597.102,2507.0,2285.0,2285.0,-342.75,-0.0,0.0,-342.0,0.0,-5.0,2507.0,0.0,0.0,0.0,0.0
910607.102,2507.0,2285.0,2285.0,-342.75,-0.0,0.0,-342.0,0.0,-5.0,2507.0,0.0,0.0,0.0,0.0
910617.102,2507.0,2285.0,2285.0,-342.75,-0.0,0.0,-342.0,0.0,-5.0,2507.0,0.0,0.0,0.0,0.0
910627.103,2507.0,2285.0,2285.0,-342.75,-0.0,0.0,-342.0,0.0,-5.0,2507.0,0.0,0.0,0.0,0.0
910637.103,2507.0,2285.0,2285.0,-342.75,-0.0,0.0,-342.0,0.0,-5.0,2507.0,0.0,0.0,0.0,0.0
910647.103,2507.0,2285.0,2285.0,-342.75,-0.0,0.0,-342.0,0.0,-5.0,2507.0,0.0,0.0,0.0,0.0
910657.103,2507.0,2285.0,2285.0,-342.75,-0.0,0.0,-342.0,0.0,-5.0,2507.0,0.0,0.0,0.0,0.0
910667.103,2507.0,2285.0,2285.0,-342.75,-0.0,0.0,-342.0,0.0,-5.0,2507.0,0.0,0.0,0.0,0.0
910678.098,2507.0,2285.0,2285.0,-342.75,-0.0,0.0,-342.0,0.0,-5.0,2507.0,0.0,0.0,0.0,0.0
910688.098,2507.0,2285.0,2285.0,-342.75,-0.0,0.0,-342.0,0.0,-5.0,2507.0,0.0,0.0,0.0,0.0
910698.098,2507.0,2285.0,2285.0,-342.75,-0.0,0.0,-342.0,0.0,-5.0,2507.0,0.0,0.0,0.0,0.0
910708.099,2507.0,2285.0,2285.0,-342.75,-0.0,0.0,-342.0,0.0,-5.0,2507.0,0.0,0.0,0.0,0.0
910719.098,2507.0,2285.0,2285.0,-342.75,-0.0,0.0,-342.0,0.0,-5.0,2507.0,0.0,0.0,0.0,0.0
910729.098,2507.0,2285.0,2285.0,-342.75,-0.0,0.0,-342.0,0.0,-5.0,2507.0,0.0,0.0,0.0,0.0
910739.099,2507.0,2285.0,2285.0,-342.75,-0.0,0.0,-342.0,0.0,-5.0,2507.0,0.0,0.0,0.0,0.0
910749.099,2507.0,2285.0,2285.0,-342.75,-0.0,0.0,-342.0,0.0,-5.0,2507.0,0.0,0.0,0.0,0.0
910760.098,2507.0,2285.0,2285.0,-342.75,-0.0,0.0,-342.0,0.0,-5.0,2507.0,0.0,0.0,0.0,0.0
910770.099,2507.0,2285.0,2285.0,-342.75,-0.0,0.0,-342.0,0.0,-5.0,2507.0,0.0,0.0,0.0,0.0
910780.1,2507.0,2285.0,2285.0,-342.75,-0.0,0.0,-342.0,0.0,-5.0,2507.0,0.0,0.0,0.0,0.0
910790.1,2507.0,2285.0,2285.0,-342.75,-0.0,0.0,-342.0,0.0,-5.0,2507.0,0.0,0.0,0.0,0.0
910800.102,2507.0,2285.0,2285.0,-342.75,-0.0,0.0,-342.0,0.0,-5.0,2507.0,0.0,0.0,0.0,0.0
910810.103,2507.0,2285.0,2285.0,-342.75,-0.0,0.0,-342.0,0.0,-5.0,2507.0,0.0,0.0,0.0,0.0
910820.103,2507.0,2285.0,2285.0,-342.75,-0.0,0.0,-342.0,0.0,-5.0,2507.0,0.0,0.0,0.0,0.0
910830.105,2507.0,2285.0,2285.0,-342.75,-0.0,0.0,-342.0,0.0,-5.0,2507.0,0.0,0.0,0.0,0.0
910840.106,2507.0,2285.0,2285.0,-342.75,-0.0,0.0,-342.0,0.0,-5.0,2507.0,0.0,0.0,0.0,0.0
910850.107,2507.0,2285.0,2285.0,-342.75,-0.0,0.0,-342.0,0.0,-5.0,2507.0,0.0,0.0,0.0,0.0
910860.108,2507.0,2285.0,2285.0,-342.75,-0.0,0.0,-342.0,0.0,-5.0,2507.0,0.0,0.0,0.0,0.0
910870.109,2507.0,2285.0,2285.0,-342.75,-0.0,0.0,-342.0,0.0,-5.0,2507.0,0.0,0.0,0.0,0.0
910880.11,2507.0,2285.0,2285.0,-342.75,-0.0,0.0,-342.0,0.0,-5.0,2507.0,0.0,0.0,0.0,0.0
910890.111,2507.0,2285.0,2285.0,-342.75,-0.0,0.0,-342.0,0.0,-5.0,2507.0,0.0,0.0,0.0,0.0
910900.112,2507.0,2285.0,2285.0,-342.75,-0.0,0.0,-342.0,0.0,-5.0,2507.0,0.0,0.0,0.0,0.0
910910.112,2507.0,2285.0,2285.0,-342.75,-0.0,0.0,-342.0,0.0,-5.0,2507.0,0.0,0.0,0.0,0.0
910920.112,2507.0,2285.0,2285.0,-342.75,-0.0,0.0,-342.0,0.0,-5.0,2507.0,0.0,0.0,0.0,0.0
910930.112,2507.0,2285.0,2285.0,-342.75,-0.0,0.0,-342.0,0.0,-5.0,2507.0,0.0,0.0,0.0,0.0
910940.113,2507.0,2285.0,2285.0,-342.75,-0.0,0.0,-342.0,0.0,-5.0,2507.0,0.0,0.0,0.0,0.0
910950.113,2507.0,2285.0,2285.0,-342.75,-0.0,0.0,-342.0,0.0,-5.0,2507.0,0.0,0.0,0.0,0.0
910960.114,2507.0,2285.0,2285.0,-342.75,-0.0,0.0,-342.0,0.0,-5.0,2507.0,0.0,0.0,0.0,0.0
910970.115,2507.0,2285.0,2285.0,-342.75,-0.0,0.0,-342.0,0.0,-5.0,2507.0,0.0,0.0,0.0,0.0
910980.116,2507.0,2285.0,2285.0,-342.75,-0.0,0.0,-342.0,0.0,-5.0,2507.0,0.0,0.0,0.0,0.0
910990.116,2507.0,2285.0,2285.0,-342.75,-0.0,0.0,-342.0,0.0,-5.0,2507.0,0.0,0.0,0.0,0.0
911000.117,2507.0,2285.0,2285.0,-342.75,-0.0,0.0,-342.0,0.0,-5.0,2507.0,0.0,0.0,0.0,0.0
911010.118,2507.0,2285.0,2285.0,-342.75,-0.0,0.0,-342.0,0.0,-5.0,2507.0,0.0,0.0,0.0,0.0
911021.125,2507.0,-7760.0,-7760.0,1164.0,0.0,0.0,1164.0,0.0,1.0,2507.0,0.0,0.0,0.0,0.0
911031.126,2507.0,-7764.0,-7764.0,1164.60009765625,0.0,0.0,1164.0,0.0,0.0,2507.0,0.0,0.0,0.0,0.0
911041.127,2507.0,-7758.0,-7758.0,1163.7000732421875,0.0,0.0,1163.0,0.0,1.0,2507.0,0.0,0.0,0.0,0.0
911052.126,2507.0,-7763.0,-7763.0,1164.4500732421875,0.0,0.0,1164.0,0.0,2.0,2507.0,0.0,0.0,0.0,0.0
911063.125,2507.0,-7763.0,-7763.0,1164.4500732421875,0.0,0.0,1164.0,0.0,-3.0,2507.0,0.0,0.0,0.0,0.0
911073.689,2507.0,-7761.0,-7761.0,1164.1500244140625,0.0,0.0,1164.0,0.0,1.0,2507.0,0.0,0.0,0.0,0.0
911083.694,2507.0,-7760.0,-7760.0,1164.0,0.0,0.0,1164.0,0.0,-2.0,2507.0,0.0,0.0,0.0,0.0
911093.694,2507.0,-7759.0,-7759.0,1163.85009765625,0.0,0.0,1163.0,0.0,-4.0,2507.0,0.0,0.0,0.0,0.0
911104.137,2507.0,-7761.0,-7761.0,1164.1500244140625,0.0,0.0,1164.0,0.0,-1.0,2507.0,0.0,0.0,0.0,0.0
911114.137,2507.0,-7761.0,-7761.0,1164.1500244140625,0.0,0.0,1164.0,0.0,-1.0,2507.0,0.0,0.0,0.0,0.0
911124.138,2507.0,-7761.0,-7761.0,1164.1500244140625,0.0,0.0,1164.0,0.0,2.0,2507.0,0.0,0.0,0.0,0.0
911134.138,2507.0,-7763.0,-7763.0,1164.4500732421875,0.0,0.0,1164.0,0.0,1.0,2507.0,0.0,0.0,0.0,0.0
911144.139,2507.0,-7762.0,-7762.0,1164.300048828125,0.0,0.0,1164.0,0.0,-1.0,2507.0,0.0,0.0,0.0,0.0
911154.14,2507.0,-7760.0,-7760.0,1164.0,0.0,0.0,1164.0,0.0,2.0,2507.0,0.0,0.0,0.0,0.0
911164.825,2507.0,-7760.0,-7760.0,1164.0,0.0,0.0,1164.0,0.0,2.0,2507.0,0.0,0.0,0.0,0.0
911174.826,2507.0,-7761.0,-7761.0,1164.1500244140625,0.0,0.0,1164.0,0.0,-1.0,2507.0,0.0,0.0,0.0,0.0
911184.827,2507.0,-7760.0,-7760.0,1164.0,0.0,0.0,1164.0,0.0,-2.0,2507.0,0.0,0.0,0.0,0.0
911195.17,2507.0,-7761.0,-7761.0,1164.1500244140625,0.0,0.0,1164.0,0.0,-2.0,2507.0,0.0,0.0,0.0,0.0
911206.125,2507.0,-7765.0,-7765.0,1164.75,0.0,0.0,1164.0,0.0,1.0,2507.0,0.0,0.0,0.0,0.0
911216.126,2507.0,-7762.0,-7762.0,1164.300048828125,0.0,0.0,1164.0,0.0,2.0,2507.0,0.0,0.0,0.0,0.0
911226.335,2507.0,-7765.0,-7765.0,1164.75,0.0,0.0,1164.0,0.0,1.0,2507.0,0.0,0.0,0.0,0.0
911237.125,2507.0,-7761.0,-7761.0,1164.1500244140625,0.0,0.0,1164.0,0.0,-5.0,2507.0,0.0,0.0,0.0,0.0
911247.125,2507.0,-7760.0,-7760.0,1164.0,0.0,0.0,1164.0,0.0,-1.0,2507.0,0.0,0.0,0.0,0.0
911257.132,2507.0,-7762.0,-7762.0,1164.300048828125,0.0,0.0,1164.0,0.0,1.0,2507.0,0.0,0.0,0.0,0.0
911267.133,2507.0,-7762.0,-7762.0,1164.300048828125,0.0,0.0,1164.0,0.0,-2.0,2507.0,0.0,0.0,0.0,0.0
911277.134,2507.0,-7762.0,-7762.0,1164.300048828125,0.0,0.0,1164.0,0.0,1.0,2507.0,0.0,0.0,0.0,0.0
911288.125,2507.0,-7763.0,-7763.0,1164.4500732421875,0.0,0.0,1164.0,0.0,2.0,2507.0,0.0,0.0,0.0,0.0
911299.125,2507.0,-7759.0,-7759.0,1163.85009765625,0.0,0.0,1163.0,0.0,2.0,2507.0,0.0,0.0,0.0,0.0
911310.125,2507.0,-7761.0,-7761.0,1164.1500244140625,0.0,0.0,1164.0,0.0,4.0,2507.0,0.0,0.0,0.0,0.0
911320.286,2507.0,-7765.0,-7765.0,1164.75,0.0,0.0,1164.0,0.0,1.0,2507.0,0.0,0.0,0.0,0.0
911331.125,2507.0,-7763.0,-7763.0,1164.4500732421875,0.0,0.0,1164.0,0.0,2.0,2507.0,0.0,0.0,0.0,0.0
911341.125,2507.0,-7759.0,-7759.0,1163.85009765625,0.0,0.0,1163.0,0.0,1.0,2507.0,0.0,0.0,0.0,0.0
911351.433,2507.0,-7763.0,-7763.0,1164.4500732421875,0.0,0.0,1164.0,0.0,0.0,2507.0,0.0,0.0,0.0,0.0
911362.125,2507.0,-7763.0,-7763.0,1164.4500732421875,0.0,0.0,1164.0,0.0,2.0,2507.0,0.0,0.0,0.0,0.0
911373.125,2507.0,-7763.0,-7763.0,1164.4500732421875,0.0,0.0,1164.0,0.0,-2.0,2507.0,0.0,0.0,0.0,0.0
911384.126,2507.0,-7762.0,-7762.0,1164.300048828125,0.0,0.0,1164.0,0.0,-1.0,2507.0,0.0,0.0,0.0,0.0
911395.125,2507.0,-7761.0,-7761.0,1164.1500244140625,0.0,0.0,1164.0,0.0,1.0,2507.0,0.0,0.0,0.0,0.0
911405.125,2507.0,-7760.0,-7760.0,1164.0,0.0,0.0,1164.0,0.0,0.0,2507.0,0.0,0.0,0.0,0.0
911415.17,2507.0,-7760.0,-7760.0,1164.0,0.0,0.0,1164.0,0.0,0.0,2507.0,0.0,0.0,0.0,0.0
911426.126,2507.0,-7763.0,-7763.0,1164.4500732421875,0.0,0.0,1164.0,0.0,-2.0,2507.0,0.0,0.0,0.0,0.0
911436.126,2507.0,-7763.0,-7763.0,1164.4500732421875,0.0,0.0,1164.0,0.0,-2.0,2507.0,0.0,0.0,0.0,0.0
911446.394,2507.0,-7763.0,-7763.0,1164.4500732421875,0.0,0.0,1164.0,0.0,-2.0,2507.0,0.0,0.0,0.0,0.0
911457.125,2507.0,-7762.0,-7762.0,1164.300048828125,0.0,0.0,1164.0,0.0,0.0,2507.0,0.0,0.0,0.0,0.0
911467.125,2507.0,-7763.0,-7763.0,1164.4500732421875,0.0,0.0,1164.0,0.0,-1.0,2507.0,0.0,0.0,0.0,0.0
911477.126,2507.0,-7761.0,-7761.0,1164.1500244140625,0.0,0.0,1164.0,0.0,0.0,2507.0,0.0,0.0,0.0,0.0
911487.666,2507.0,-7762.0,-7762.0,1164.300048828125,0.0,0.0,1164.0,0.0,0.0,2507.0,0.0,0.0,0.0,0.0
911497.667,2507.0,-7764.0,-7764.0,1164.60009765625,0.0,0.0,1164.0,0.0,2.0,2507.0,0.0,0.0,0.0,0.0
911507.667,2507.0,-7762.0,-7762.0,1164.300048828125,0.0,0.0,1164.0,0.0,1.0,2507.0,0.0,0.0,0.0,0.0
911518.125,2507.0,-7759.0,-7759.0,1163.85009765625,0.0,0.0,1163.0,0.0,-1.0,2507.0,0.0,0.0,0.0,0.0
911528.125,2507.0,-7760.0,-7760.0,1164.0,0.0,0.0,1164.0,0.0,-1.0,2507.0,0.0,0.0,0.0,0.0
911538.125,2507.0,-7760.0,-7760.0,1164.0,0.0,0.0,1164.0,0.0,-1.0,2507.0,0.0,0.0,0.0,0.0
911548.125,2507.0,-7762.0,-7762.0,1164.300048828125,0.0,0.0,1164.0,0.0,2.0,2507.0,0.0,0.0,0.0,0.0
911558.126,2507.0,-7763.0,-7763.0,1164.4500732421875,0.0,0.0,1164.0,0.0,1.0,2507.0,0.0,0.0,0.0,0.0
911569.126,2507.0,-7762.0,-7762.0,1164.300048828125,0.0,0.0,1164.0,0.0,-2.0,2507.0,0.0,0.0,0.0,0.0
911579.126,2507.0,-7762.0,-7762.0,1164.300048828125,0.0,0.0,1164.0,0.0,1.0,2507.0,0.0,0.0,0.0,0.0
911589.126,2507.0,-7758.0,-7758.0,1163.7000732421875,0.0,0.0,1163.0,0.0,-1.0,2507.0,0.0,0.0,0.0,0.0
911599.127,2507.0,-7763.0,-7763.0,1164.4500732421875,0.0,0.0,1164.0,0.0,-2.0,2507.0,0.0,0.0,0.0,0.0
911610.125,2507.0,-7763.0,-7763.0,1164.4500732421875,0.0,0.0,1164.0,0.0,1.0,2507.0,0.0,0.0,0.0,0.0
911621.125,2507.0,-7760.0,-7760.0,1164.0,0.0,0.0,1164.0,0.0,0.0,2507.0,0.0,0.0,0.0,0.0
911632.125,2507.0,-7763.0,-7763.0,1164.4500732421875,0.0,0.0,1164.0,0.0,1.0,2507.0,0.0,0.0,0.0,0.0
911642.125,2507.0,-7760.0,-7760.0,1164.0,0.0,0.0,1164.0,0.0,0.0,2507.0,0.0,0.0,0.0,0.0
911653.126,2507.0,-7760.0,-7760.0,1164.0,0.0,0.0,1164.0,0.0,0.0,2507.0,0.0,0.0,0.0,0.0
911664.125,2507.0,-7759.0,-7759.0,1163.85009765625,0.0,0.0,1163.0,0.0,-2.0,2507.0,0.0,0.0,0.0,0.0
911674.126,2507.0,-7759.0,-7759.0,1163.85009765625,0.0,0.0,1163.0,0.0,0.0,2507.0,0.0,0.0,0.0,0.0
911685.125,2507.0,-7762.0,-7762.0,1164.300048828125,0.0,0.0,1164.0,0.0,-2.0,2507.0,0.0,0.0,0.0,0.0
911696.125,2507.0,-7759.0,-7759.0,1163.85009765625,0.0,0.0,1163.0,0.0,0.0,2507.0,0.0,0.0,0.0,0.0
911706.125,2507.0,-7763.0,-7763.0,1164.4500732421875,0.0,0.0,1164.0,0.0,1.0,2507.0,0.0,0.0,0.0,0.0
911716.126,2507.0,-7757.0,-7757.0,1163.550048828125,0.0,0.0,1163.0,0.0,0.0,2507.0,0.0,0.0,0.0,0.0
911726.844,2507.0,-7761.0,-7761.0,1164.1500244140625,0.0,0.0,1164.0,0.0,-2.0,2507.0,0.0,0.0,0.0,0.0
911736.845,2507.0,-7761.0,-7761.0,1164.1500244140625,0.0,0.0,1164.0,0.0,-2.0,2507.0,0.0,0.0,0.0,0.0
911747.127,2507.0,-7763.0,-7763.0,1164.4500732421875,0.0,0.0,1164.0,0.0,2.0,2507.0,0.0,0.0,0.0,0.0
911757.457,2507.0,-7763.0,-7763.0,1164.4500732421875,0.0,0.0,1164.0,0.0,2.0,2507.0,0.0,0.0,0.0,0.0
911767.457,2507.0,-7760.0,-7760.0,1164.0,0.0,0.0,1164.0,0.0,3.0,2507.0,0.0,0.0,0.0,0.0
911778.04,2507.0,-7764.0,-7764.0,1164.60009765625,0.0,0.0,1164.0,0.0,1.0,2507.0,0.0,0.0,0.0,0.0
911789.041,2507.0,-7760.0,-7760.0,1164.0,0.0,0.0,1164.0,0.0,-1.0,2507.0,0.0,0.0,0.0,0.0
911800.125,2507.0,-7763.0,-7763.0,1164.4500732421875,0.0,0.0,1164.0,0.0,1.0,2507.0,0.0,0.0,0.0,0.0
911810.126,2507.0,-7762.0,-7762.0,1164.300048828125,0.0,0.0,1164.0,0.0,-1.0,2507.0,0.0,0.0,0.0,0.0
911820.128,2507.0,-7763.0,-7763.0,1164.4500732421875,0.0,0.0,1164.0,0.0,-2.0,2507.0,0.0,0.0,0.0,0.0
911830.129,2507.0,-7758.0,-7758.0,1163.7000732421875,0.0,0.0,1163.0,0.0,-6.0,2507.0,0.0,0.0,0.0,0.0
911840.13,2507.0,-7758.0,-7758.0,1163.7000732421875,0.0,0.0,1163.0,0.0,-6.0,2507.0,0.0,0.0,0.0,0.0
911850.131,2507.0,-7761.0,-7761.0,1164.1500244140625,0.0,0.0,1164.0,0.0,-4.0,2507.0,0.0,0.0,0.0,0.0
911861.335,2507.0,-7762.0,-7762.0,1164.300048828125,0.0,0.0,1164.0,0.0,-1.0,2507.0,0.0,0.0,0.0,0.0
911871.336,2507.0,-7762.0,-7762.0,1164.300048828125,0.0,0.0,1164.0,0.0,2.0,2507.0,0.0,0.0,0.0,0.0
911881.337,2507.0,-7762.0,-7762.0,1164.300048828125,0.0,0.0,1164.0,0.0,2.0,2507.0,0.0,0.0,0.0,0.0
911892.125,2507.0,-7764.0,-7764.0,1164.60009765625,0.0,0.0,1164.0,0.0,0.0,2507.0,0.0,0.0,0.0,0.0
911903.125,2507.0,-7760.0,-7760.0,1164.0,0.0,0.0,1164.0,0.0,-1.0,2507.0,0.0,0.0,0.0,0.0
911913.125,2507.0,-7763.0,-7763.0,1164.4500732421875,0.0,0.0,1164.0,0.0,-2.0,2507.0,0.0,0.0,0.0,0.0
911923.125,2507.0,-7761.0,-7761.0,1164.1500244140625,0.0,0.0,1164.0,0.0,-1.0,2507.0,0.0,0.0,0.0,0.0
911933.126,2507.0,-7760.0,-7760.0,1164.0,0.0,0.0,1164.0,0.0,0.0,2507.0,0.0,0.0,0.0,0.0
911944.125,2507.0,-7760.0,-7760.0,1164.0,0.0,0.0,1164.0,0.0,-1.0,2507.0,0.0,0.0,0.0,0.0
911954.644,2507.0,-7764.0,-7764.0,1164.60009765625,0.0,0.0,1164.0,0.0,-1.0,2507.0,0.0,0.0,0.0,0.0
911965.125,2507.0,-7759.0,-7759.0,1163.85009765625,0.0,0.0,1163.0,0.0,-1.0,2507.0,0.0,0.0,0.0,0.0
911975.125,2507.0,-7765.0,-7765.0,1164.75,0.0,0.0,1164.0,0.0,-4.0,2507.0,0.0,0.0,0.0,0.0
911985.125,2507.0,-7760.0,-7760.0,1164.0,0.0,0.0,1164.0,0.0,-4.0,2507.0,0.0,0.0,0.0,0.0
911995.844,2507.0,-7762.0,-7762.0,1164.300048828125,0.0,0.0,1164.0,0.0,1.0,2507.0,0.0,0.0,0.0,0.0
912006.125,2507.0,-7760.0,-7760.0,1164.0,0.0,0.0,1164.0,0.0,-1.0,2507.0,0.0,0.0,0.0,0.0
912016.125,2507.0,-7763.0,-7763.0,1164.4500732421875,0.0,0.0,1164.0,0.0,-2.0,2507.0,0.0,0.0,0.0,0.0
912027.126,2507.0,-7763.0,-7763.0,1164.4500732421875,0.0,0.0,1164.0,0.0,-2.0,2507.0,0.0,0.0,0.0,0.0
912037.445,2507.0,-7762.0,-7762.0,1164.300048828125,0.0,0.0,1164.0,0.0,1.0,2507.0,0.0,0.0,0.0,0.0
912047.445,2507.0,-7760.0,-7760.0,1164.0,0.0,0.0,1164.0,0.0,-1.0,2507.0,0.0,0.0,0.0,0.0
912057.445,2507.0,-7762.0,-7762.0,1164.300048828125,0.0,0.0,1164.0,0.0,0.0,2507.0,0.0,0.0,0.0,0.0
912067.446,2507.0,-7762.0,-7762.0,1164.300048828125,0.0,0.0,1164.0,0.0,0.0,2507.0,0.0,0.0,0.0,0.0
912078.155,2507.0,-7763.0,-7763.0,1164.4500732421875,0.0,0.0,1164.0,0.0,0.0,2507.0,0.0,0.0,0.0,0.0
912089.125,2507.0,-7761.0,-7761.0,1164.1500244140625,0.0,0.0,1164.0,0.0,-1.0,2507.0,0.0,0.0,0.0,0.0
912099.126,2507.0,-7761.0,-7761.0,1164.1500244140625,0.0,0.0,1164.0,0.0,2.0,2507.0,0.0,0.0,0.0,0.0
912110.125,2507.0,-7763.0,-7763.0,1164.4500732421875,0.0,0.0,1164.0,0.0,1.0,2507.0,0.0,0.0,0.0,0.0
912121.125,2507.0,-7761.0,-7761.0,1164.1500244140625,0.0,0.0,1164.0,0.0,1.0,2507.0,0.0,0.0,0.0,0.0
912132.125,2507.0,-7762.0,-7762.0,1164.300048828125,0.0,0.0,1164.0,0.0,0.0,2507.0,0.0,0.0,0.0,0.0
912143.125,2507.0,-7762.0,-7762.0,1164.300048828125,0.0,0.0,1164.0,0.0,-1.0,2507.0,0.0,0.0,0.0,0.0
912153.128,2507.0,-7761.0,-7761.0,1164.1500244140625,0.0,0.0,1164.0,0.0,3.0,2507.0,0.0,0.0,0.0,0.0
912164.125,2507.0,-7763.0,-7763.0,1164.4500732421875,0.0,0.0,1164.0,0.0,1.0,2507.0,0.0,0.0,0.0,0.0
912175.125,2507.0,-7763.0,-7763.0,1164.4500732421875,0.0,0.0,1164.0,0.0,2.0,2507.0,0.0,0.0,0.0,0.0
912185.136,2507.0,2.0,2.0,-0.30000001192092896,-0.0,0.0,0.0,0.0,2.0,2507.0,0.0,0.0,0.0,0.0
912195.137,2507.0,1.0,1.0,-0.15000000596046448,-0.0,0.0,0.0,0.0,1.0,2507.0,0.0,0.0,0.0,0.0
912206.125,2507.0,1.0,1.0,-0.15000000596046448,-0.0,0.0,0.0,0.0,3.0,2507.0,0.0,0.0,0.0,0.0
912217.126,2507.0,3.0,3.0,-0.45000001788139343,-0.0,0.0,0.0,0.0,3.0,2507.0,0.0,0.0,0.0,0.0
912227.601,2507.0,0.0,0.0,0.0,0.0,0.0,0.0,0.0,2.0,2507.0,0.0,0.0,0.0,0.0
912238.125,2507.0,2.0,2.0,-0.30000001192092896,-0.0,0.0,0.0,0.0,0.0,2507.0,0.0,0.0,0.0,0.0
912249.125,2507.0,3.0,3.0,-0.45000001788139343,-0.0,0.0,0.0,0.0,5.0,2507.0,0.0,0.0,0.0,0.0
912260.125,2507.0,1.0,1.0,-0.15000000596046448,-0.0,0.0,0.0,0.0,2.0,2507.0,0.0,0.0,0.0,0.0
912271.337,2507.0,0.0,0.0,0.0,0.0,0.0,0.0,0.0,3.0,2507.0,0.0,0.0,0.0,0.0
912281.338,2507.0,0.0,0.0,0.0,0.0,0.0,0.0,0.0,3.0,2507.0,0.0,0.0,0.0,0.0
912291.338,2507.0,2.0,2.0,-0.30000001192092896,-0.0,0.0,0.0,0.0,-2.0,2507.0,0.0,0.0,0.0,0.0
912302.125,2507.0,1.0,1.0,-0.15000000596046448,-0.0,0.0,0.0,0.0,2.0,2507.0,0.0,0.0,0.0,0.0
912313.125,2507.0,0.0,0.0,0.0,0.0,0.0,0.0,0.0,2.0,2507.0,0.0,0.0,0.0,0.0
912323.126,2507.0,0.0,0.0,0.0,0.0,0.0,0.0,0.0,5.0,2507.0,0.0,0.0,0.0,0.0
912334.125,2507.0,1.0,1.0,-0.15000000596046448,-0.0,0.0,0.0,0.0,3.0,2507.0,0.0,0.0,0.0,0.0
912344.126,2507.0,2.0,2.0,-0.30000001192092896,-0.0,0.0,0.0,0.0,3.0,2507.0,0.0,0.0,0.0,0.0
912355.138,2507.0,4.0,4.0,-0.6000000238418579,-0.0,0.0,0.0,0.0,0.0,2507.0,0.0,0.0,0.0,0.0
912366.125,2507.0,2.0,2.0,-0.30000001192092896,-0.0,0.0,0.0,0.0,4.0,2507.0,0.0,0.0,0.0,0.0
912376.126,2507.0,1.0,1.0,-0.15000000596046448,-0.0,0.0,0.0,0.0,0.0,2507.0,0.0,0.0,0.0,0.0
912386.126,2507.0,-2.0,-2.0,0.30000001192092896,0.0,0.0,0.0,0.0,4.0,2507.0,0.0,0.0,0.0,0.0
912397.023,2507.0,4.0,4.0,-0.6000000238418579,-0.0,0.0,0.0,0.0,3.0,2507.0,0.0,0.0,0.0,0.0
912407.024,2507.0,2.0,2.0,-0.30000001192092896,-0.0,0.0,0.0,0.0,-1.0,2507.0,0.0,0.0,0.0,0.0
912417.125,2507.0,1.0,1.0,-0.15000000596046448,-0.0,0.0,0.0,0.0,0.0,2507.0,0.0,0.0,0.0,0.0
912427.126,2507.0,3.0,3.0,-0.45000001788139343,-0.0,0.0,0.0,0.0,3.0,2507.0,0.0,0.0,0.0,0.0
912438.125,2507.0,2.0,2.0,-0.30000001192092896,-0.0,0.0,0.0,0.0,3.0,2507.0,0.0,0.0,0.0,0.0
912449.125,2507.0,3.0,3.0,-0.45000001788139343,-0.0,0.0,0.0,0.0,0.0,2507.0,0.0,0.0,0.0,0.0
912460.004,2507.0,1.0,1.0,-0.15000000596046448,-0.0,0.0,0.0,0.0,4.0,2507.0,0.0,0.0,0.0,0.0
912470.004,2507.0,1.0,1.0,-0.15000000596046448,-0.0,0.0,0.0,0.0,4.0,2507.0,0.0,0.0,0.0,0.0
912480.125,2507.0,2.0,2.0,-0.30000001192092896,-0.0,0.0,0.0,0.0,2.0,2507.0,0.0,0.0,0.0,0.0
912490.125,2507.0,1.0,1.0,-0.15000000596046448,-0.0,0.0,0.0,0.0,2.0,2507.0,0.0,0.0,0.0,0.0
912500.126,2507.0,3.0,3.0,-0.45000001788139343,-0.0,0.0,0.0,0.0,1.0,2507.0,0.0,0.0,0.0,0.0
912511.126,2507.0,2.0,2.0,-0.30000001192092896,-0.0,0.0,0.0,0.0,4.0,2507.0,0.0,0.0,0.0,0.0
912521.127,2507.0,2.0,2.0,-0.30000001192092896,-0.0,0.0,0.0,0.0,0.0,2507.0,0.0,0.0,0.0,0.0
912531.52,2507.0,0.0,0.0,0.0,0.0,0.0,0.0,0.0,2.0,2507.0,0.0,0.0,0.0,0.0
912541.52,2507.0,0.0,0.0,0.0,0.0,0.0,0.0,0.0,-2.0,2507.0,0.0,0.0,0.0,0.0
912552.125,2507.0,3.0,3.0,-0.45000001788139343,-0.0,0.0,0.0,0.0,4.0,2507.0,0.0,0.0,0.0,0.0
912562.125,2507.0,3.0,3.0,-0.45000001788139343,-0.0,0.0,0.0,0.0,1.0,2507.0,0.0,0.0,0.0,0.0
912572.53,2507.0,2.0,2.0,-0.30000001192092896,-0.0,0.0,0.0,0.0,2.0,2507.0,0.0,0.0,0.0,0.0
912583.125,2507.0,3.0,3.0,-0.45000001788139343,-0.0,0.0,0.0,0.0,3.0,2507.0,0.0,0.0,0.0,0.0
912593.126,2507.0,2.0,2.0,-0.30000001192092896,-0.0,0.0,0.0,0.0,2.0,2507.0,0.0,0.0,0.0,0.0
912604.125,2507.0,4.0,4.0,-0.6000000238418579,-0.0,0.0,0.0,0.0,3.0,2507.0,0.0,0.0,0.0,0.0
912614.125,2507.0,3.0,3.0,-0.45000001788139343,-0.0,0.0,0.0,0.0,2.0,2507.0,0.0,0.0,0.0,0.0
912624.126,2507.0,0.0,0.0,0.0,0.0,0.0,0.0,0.0,4.0,2507.0,0.0,0.0,0.0,0.0
912634.126,2507.0,-1.0,-1.0,0.15000000596046448,0.0,0.0,0.0,0.0,1.0,2507.0,0.0,0.0,0.0,0.0
912645.125,2507.0,1.0,1.0,-0.15000000596046448,-0.0,0.0,0.0,0.0,1.0,2507.0,0.0,0.0,0.0,0.0
912656.125,2507.0,1.0,1.0,-0.15000000596046448,-0.0,0.0,0.0,0.0,2.0,2507.0,0.0,0.0,0.0,0.0
912667.125,2507.0,1.0,1.0,-0.15000000596046448,-0.0,0.0,0.0,0.0,2.0,2507.0,0.0,0.0,0.0,0.0
912678.35,2507.0,3.0,3.0,-0.45000001788139343,-0.0,0.0,0.0,0.0,3.0,2507.0,0.0,0.0,0.0,0.0
912688.35,2507.0,1.0,1.0,-0.15000000596046448,-0.0,0.0,0.0,0.0,6.0,2507.0,0.0,0.0,0.0,0.0
912699.125,2507.0,-1.0,-1.0,0.15000000596046448,0.0,0.0,0.0,0.0,1.0,2507.0,0.0,0.0,0.0,0.0
912710.126,2507.0,0.0,0.0,0.0,0.0,0.0,0.0,0.0,1.0,2507.0,0.0,0.0,0.0,0.0
912720.126,2507.0,2.0,2.0,-0.30000001192092896,-0.0,0.0,0.0,0.0,2.0,2507.0,0.0,0.0,0.0,0.0
912730.639,2507.0,2.0,2.0,-0.30000001192092896,-0.0,0.0,0.0,0.0,2.0,2507.0,0.0,0.0,0.0,0.0
912741.125,2507.0,0.0,0.0,0.0,0.0,0.0,0.0,0.0,1.0,2507.0,0.0,0.0,0.0,0.0
912752.126,2507.0,1.0,1.0,-0.15000000596046448,-0.0,0.0,0.0,0.0,3.0,2507.0,0.0,0.0,0.0,0.0
912762.127,2507.0,1.0,1.0,-0.15000000596046448,-0.0,0.0,0.0,0.0,3.0,2507.0,0.0,0.0,0.0,0.0
912773.33,2507.0,2.0,2.0,-0.30000001192092896,-0.0,0.0,0.0,0.0,2.0,2507.0,0.0,0.0,0.0,0.0
912784.125,2507.0,-2.0,-2.0,0.30000001192092896,0.0,0.0,0.0,0.0,1.0,2507.0,0.0,0.0,0.0,0.0
912794.125,2507.0,0.0,0.0,0.0,0.0,0.0,0.0,0.0,4.0,2507.0,0.0,0.0,0.0,0.0
912805.125,2507.0,0.0,0.0,0.0,0.0,0.0,0.0,0.0,3.0,2507.0,0.0,0.0,0.0,0.0
912815.125,2507.0,0.0,0.0,0.0,0.0,0.0,0.0,0.0,3.0,2507.0,0.0,0.0,0.0,0.0
912825.125,2507.0,0.0,0.0,0.0,0.0,0.0,0.0,0.0,2.0,2507.0,0.0,0.0,0.0,0.0
912835.127,2507.0,1.0,1.0,-0.15000000596046448,-0.0,0.0,0.0,0.0,1.0,2507.0,0.0,0.0,0.0,0.0
912845.127,2507.0,1.0,1.0,-0.15000000596046448,-0.0,0.0,0.0,0.0,1.0,2507.0,0.0,0.0,0.0,0.0
912855.127,2507.0,2.0,2.0,-0.30000001192092896,-0.0,0.0,0.0,0.0,0.0,2507.0,0.0,0.0,0.0,0.0
912865.127,2507.0,-1.0,-1.0,0.15000000596046448,0.0,0.0,0.0,0.0,1.0,2507.0,0.0,0.0,0.0,0.0
912875.128,2507.0,3.0,3.0,-0.45000001788139343,-0.0,0.0,0.0,0.0,0.0,2507.0,0.0,0.0,0.0,0.0
912886.125,2507.0,2.0,2.0,-0.30000001192092896,-0.0,0.0,0.0,0.0,0.0,2507.0,0.0,0.0,0.0,0.0
912896.125,2507.0,2.0,2.0,-0.30000001192092896,-0.0,0.0,0.0,0.0,0.0,2507.0,0.0,0.0,0.0,0.0
912906.125,2507.0,1.0,1.0,-0.15000000596046448,-0.0,0.0,0.0,0.0,5.0,2507.0,0.0,0.0,0.0,0.0
912916.125,2507.0,5.0,5.0,-0.75,-0.0,0.0,0.0,0.0,1.0,2507.0,0.0,0.0,0.0,0.0
912926.127,2507.0,0.0,0.0,0.0,0.0,0.0,0.0,0.0,3.0,2507.0,0.0,0.0,0.0,0.0
912937.125,2507.0,0.0,0.0,0.0,0.0,0.0,0.0,0.0,1.0,2507.0,0.0,0.0,0.0,0.0
912947.125,2507.0,6.0,6.0,-0.9000000357627869,-0.0,0.0,0.0,0.0,1.0,2507.0,0.0,0.0,0.0,0.0
912957.125,2507.0,-1.0,-1.0,0.15000000596046448,0.0,0.0,0.0,0.0,2.0,2507.0,0.0,0.0,0.0,0.0
912967.649,2507.0,3.0,3.0,-0.45000001788139343,-0.0,0.0,0.0,0.0,-1.0,2507.0,0.0,0.0,0.0,0.0
912978.125,2507.0,2.0,2.0,-0.30000001192092896,-0.0,0.0,0.0,0.0,3.0,2507.0,0.0,0.0,0.0,0.0
912988.456,2507.0,3.0,3.0,-0.45000001788139343,-0.0,0.0,0.0,0.0,2.0,2507.0,0.0,0.0,0.0,0.0
912998.456,2507.0,2.0,2.0,-0.30000001192092896,-0.0,0.0,0.0,0.0,0.0,2507.0,0.0,0.0,0.0,0.0
913008.652,2507.0,3.0,3.0,-0.45000001788139343,-0.0,0.0,0.0,0.0,4.0,2507.0,0.0,0.0,0.0,0.0
913019.125,2507.0,1.0,1.0,-0.15000000596046448,-0.0,0.0,0.0,0.0,0.0,2507.0,0.0,0.0,0.0,0.0
913029.125,2507.0,-1.0,-1.0,0.15000000596046448,0.0,0.0,0.0,0.0,0.0,2507.0,0.0,0.0,0.0,0.0
913039.126,2507.0,0.0,0.0,0.0,0.0,0.0,0.0,0.0,-1.0,2507.0,0.0,0.0,0.0,0.0
913049.127,2507.0,4.0,4.0,-0.6000000238418579,-0.0,0.0,0.0,0.0,1.0,2507.0,0.0,0.0,0.0,0.0
913059.127,2507.0,2.0,2.0,-0.30000001192092896,-0.0,0.0,0.0,0.0,3.0,2507.0,0.0,0.0,0.0,0.0
913069.824,2507.0,2.0,2.0,-0.30000001192092896,-0.0,0.0,0.0,0.0,0.0,2507.0,0.0,0.0,0.0,0.0
913079.825,2507.0,4.0,4.0,-0.6000000238418579,-0.0,0.0,0.0,0.0,0.0,2507.0,0.0,0.0,0.0,0.0
913090.126,2507.0,3.0,3.0,-0.45000001788139343,-0.0,0.0,0.0,0.0,3.0,2507.0,0.0,0.0,0.0,0.0
913100.127,2507.0,2.0,2.0,-0.30000001192092896,-0.0,0.0,0.0,0.0,-1.0,2507.0,0.0,0.0,0.0,0.0
913110.128,2507.0,0.0,0.0,0.0,0.0,0.0,0.0,0.0,5.0,2507.0,0.0,0.0,0.0,0.0
913121.126,2507.0,3.0,3.0,-0.45000001788139343,-0.0,0.0,0.0,0.0,3.0,2507.0,0.0,0.0,0.0,0.0
913132.29,2507.0,-3.0,-3.0,0.45000001788139343,0.0,0.0,0.0,0.0,2.0,2507.0,0.0,0.0,0.0,0.0
913143.125,2507.0,0.0,0.0,0.0,0.0,0.0,0.0,0.0,-2.0,2507.0,0.0,0.0,0.0,0.0
913153.125,2507.0,1.0,1.0,-0.15000000596046448,-0.0,0.0,0.0,0.0,2.0,2507.0,0.0,0.0,0.0,0.0
913164.125,2507.0,0.0,0.0,0.0,0.0,0.0,0.0,0.0,3.0,2507.0,0.0,0.0,0.0,0.0
913174.316,2507.0,4.0,4.0,-0.6000000238418579,-0.0,0.0,0.0,0.0,1.0,2507.0,0.0,0.0,0.0,0.0
913184.316,2507.0,-1.0,-1.0,0.15000000596046448,0.0,0.0,0.0,0.0,3.0,2507.0,0.0,0.0,0.0,0.0
913195.126,2507.0,2.0,2.0,-0.30000001192092896,-0.0,0.0,0.0,0.0,2.0,2507.0,0.0,0.0,0.0,0.0
913205.602,2507.0,2.0,2.0,-0.30000001192092896,-0.0,0.0,0.0,0.0,4.0,2507.0,0.0,0.0,0.0,0.0
913215.603,2507.0,1.0,1.0,-0.15000000596046448,-0.0,0.0,0.0,0.0,3.0,2507.0,0.0,0.0,0.0,0.0
913225.604,2507.0,2.0,2.0,-0.30000001192092896,-0.0,0.0,0.0,0.0,1.0,2507.0,0.0,0.0,0.0,0.0
913235.878,2507.0,0.0,0.0,0.0,0.0,0.0,0.0,0.0,3.0,2507.0,0.0,0.0,0.0,0.0
913245.878,2507.0,3.0,3.0,-0.45000001788139343,-0.0,0.0,0.0,0.0,4.0,2507.0,0.0,0.0,0.0,0.0
913256.126,2507.0,3.0,3.0,-0.45000001788139343,-0.0,0.0,0.0,0.0,4.0,2507.0,0.0,0.0,0.0,0.0
913266.328,2507.0,1.0,1.0,-0.15000000596046448,-0.0,0.0,0.0,0.0,2.0,2507.0,0.0,0.0,0.0,0.0
913277.126,2507.0,0.0,0.0,0.0,0.0,0.0,0.0,0.0,0.0,2507.0,0.0,0.0,0.0,0.0
913287.126,2507.0,0.0,0.0,0.0,0.0,0.0,0.0,0.0,0.0,2507.0,0.0,0.0,0.0,0.0
913298.125,2507.0,0.0,0.0,0.0,0.0,0.0,0.0,0.0,0.0,2507.0,0.0,0.0,0.0,0.0
913309.125,2507.0,4.0,4.0,-0.6000000238418579,-0.0,0.0,0.0,0.0,2.0,2507.0,0.0,0.0,0.0,0.0
913319.125,2507.0,1.0,1.0,-0.15000000596046448,-0.0,0.0,0.0,0.0,3.0,2507.0,0.0,0.0,0.0,0.0
913329.126,2507.0,3.0,3.0,-0.45000001788139343,-0.0,0.0,0.0,0.0,4.0,2507.0,0.0,0.0,0.0,0.0
913339.127,2507.0,2.0,2.0,-0.30000001192092896,-0.0,0.0,0.0,0.0,1.0,2507.0,0.0,0.0,0.0,0.0
913349.128,2507.0,2.0,2.0,-0.30000001192092896,-0.0,0.0,0.0,0.0,2.0,2507.0,0.0,0.0,0.0,0.0
913359.128,2507.0,-1.0,-1.0,0.15000000596046448,0.0,0.0,0.0,0.0,3.0,2507.0,0.0,0.0,0.0,0.0
913369.498,2507.0,1.0,1.0,-0.15000000596046448,-0.0,0.0,0.0,0.0,2.0,2507.0,0.0,0.0,0.0,0.0
913379.499,2507.0,1.0,1.0,-0.15000000596046448,-0.0,0.0,0.0,0.0,1.0,2507.0,0.0,0.0,0.0,0.0
913390.125,2507.0,2.0,2.0,-0.30000001192092896,-0.0,0.0,0.0,0.0,-1.0,2507.0,0.0,0.0,0.0,0.0
913400.231,2507.0,3.0,3.0,-0.45000001788139343,-0.0,0.0,0.0,0.0,3.0,2507.0,0.0,0.0,0.0,0.0
913411.125,2507.0,1.0,1.0,-0.15000000596046448,-0.0,0.0,0.0,0.0,1.0,2507.0,0.0,0.0,0.0,0.0
913421.218,2507.0,1.0,1.0,-0.15000000596046448,-0.0,0.0,0.0,0.0,1.0,2507.0,0.0,0.0,0.0,0.0
913432.125,2507.0,1.0,1.0,-0.15000000596046448,-0.0,0.0,0.0,0.0,0.0,2507.0,0.0,0.0,0.0,0.0
913443.126,2507.0,2.0,2.0,-0.30000001192092896,-0.0,0.0,0.0,0.0,-2.0,2507.0,0.0,0.0,0.0,0.0
913454.126,2507.0,0.0,0.0,0.0,0.0,0.0,0.0,0.0,1.0,2507.0,0.0,0.0,0.0,0.0
913464.851,2507.0,5.0,5.0,-0.75,-0.0,0.0,0.0,0.0,4.0,2507.0,0.0,0.0,0.0,0.0
913475.125,2507.0,1.0,1.0,-0.15000000596046448,-0.0,0.0,0.0,0.0,2.0,2507.0,0.0,0.0,0.0,0.0
913486.126,2507.0,0.0,0.0,0.0,0.0,0.0,0.0,0.0,0.0,2507.0,0.0,0.0,0.0,0.0
913496.364,2507.0,0.0,0.0,0.0,0.0,0.0,0.0,0.0,0.0,2507.0,0.0,0.0,0.0,0.0
913507.125,2507.0,3.0,3.0,-0.45000001788139343,-0.0,0.0,0.0,0.0,2.0,2507.0,0.0,0.0,0.0,0.0
913517.125,2507.0,-1.0,-1.0,0.15000000596046448,0.0,0.0,0.0,0.0,1.0,2507.0,0.0,0.0,0.0,0.0
913528.325,2507.0,2.0,2.0,-0.30000001192092896,-0.0,0.0,0.0,0.0,2.0,2507.0,0.0,0.0,0.0,0.0
913538.326,2507.0,-1.0,-1.0,0.15000000596046448,0.0,0.0,0.0,0.0,2.0,2507.0,0.0,0.0,0.0,0.0
913548.327,2507.0,0.0,0.0,0.0,0.0,0.0,0.0,0.0,3.0,2507.0,0.0,0.0,0.0,0.0
913558.328,2507.0,1.0,1.0,-0.15000000596046448,-0.0,0.0,0.0,0.0,0.0,2507.0,0.0,0.0,0.0,0.0
913568.328,2507.0,3.0,3.0,-0.45000001788139343,-0.0,0.0,0.0,0.0,1.0,2507.0,0.0,0.0,0.0,0.0
913579.097,2507.0,1.0,1.0,-0.15000000596046448,-0.0,0.0,0.0,0.0,1.0,2507.0,0.0,0.0,0.0,0.0
913589.098,2507.0,0.0,0.0,0.0,0.0,0.0,0.0,0.0,4.0,2507.0,0.0,0.0,0.0,0.0
913599.568,2507.0,1.0,1.0,-0.15000000596046448,-0.0,0.0,0.0,0.0,3.0,2507.0,0.0,0.0,0.0,0.0
913609.569,2507.0,2.0,2.0,-0.30000001192092896,-0.0,0.0,0.0,0.0,2.0,2507.0,0.0,0.0,0.0,0.0
913620.348,2507.0,-1.0,-1.0,0.15000000596046448,0.0,0.0,0.0,0.0,2.0,2507.0,0.0,0.0,0.0,0.0
913630.349,2507.0,0.0,0.0,0.0,0.0,0.0,0.0,0.0,2.0,2507.0,0.0,0.0,0.0,0.0
913641.125,2507.0,1.0,1.0,-0.15000000596046448,-0.0,0.0,0.0,0.0,2.0,2507.0,0.0,0.0,0.0,0.0
913652.126,2507.0,2.0,2.0,-0.30000001192092896,-0.0,0.0,0.0,0.0,4.0,2507.0,0.0,0.0,0.0,0.0
913662.126,2507.0,1.0,1.0,-0.15000000596046448,-0.0,0.0,0.0,0.0,0.0,2507.0,0.0,0.0,0.0,0.0
913672.126,2507.0,2.0,2.0,-0.30000001192092896,-0.0,0.0,0.0,0.0,0.0,2507.0,0.0,0.0,0.0,0.0
913682.127,2507.0,5.0,5.0,-0.75,-0.0,0.0,0.0,0.0,0.0,2507.0,0.0,0.0,0.0,0.0
913693.125,2507.0,3.0,3.0,-0.45000001788139343,-0.0,0.0,0.0,0.0,0.0,2507.0,0.0,0.0,0.0,0.0
913703.125,2507.0,0.0,0.0,0.0,0.0,0.0,0.0,0.0,0.0,2507.0,0.0,0.0,0.0,0.0
913713.126,2507.0,2.0,2.0,-0.30000001192092896,-0.0,0.0,0.0,0.0,2.0,2507.0,0.0,0.0,0.0,0.0
913723.127,2507.0,3.0,3.0,-0.45000001788139343,-0.0,0.0,0.0,0.0,2.0,2507.0,0.0,0.0,0.0,0.0
913733.128,2507.0,-1.0,-1.0,0.15000000596046448,0.0,0.0,0.0,0.0,1.0,2507.0,0.0,0.0,0.0,0.0
913743.497,2507.0,-1.0,-1.0,0.15000000596046448,0.0,0.0,0.0,0.0,1.0,2507.0,0.0,0.0,0.0,0.0
913754.125,2507.0,1.0,1.0,-0.15000000596046448,-0.0,0.0,0.0,0.0,3.0,2507.0,0.0,0.0,0.0,0.0
913765.126,2507.0,1.0,1.0,-0.15000000596046448,-0.0,0.0,0.0,0.0,1.0,2507.0,0.0,0.0,0.0,0.0
913776.125,2507.0,0.0,0.0,0.0,0.0,0.0,0.0,0.0,3.0,2507.0,0.0,0.0,0.0,0.0
913786.126,2507.0,2.0,2.0,-0.30000001192092896,-0.0,0.0,0.0,0.0,-2.0,2507.0,0.0,0.0,0.0,0.0
913797.126,2507.0,1.0,1.0,-0.15000000596046448,-0.0,0.0,0.0,0.0,3.0,2507.0,0.0,0.0,0.0,0.0
913808.126,2507.0,2.0,2.0,-0.30000001192092896,-0.0,0.0,0.0,0.0,3.0,2507.0,0.0,0.0,0.0,0.0
913819.125,2507.0,1.0,1.0,-0.15000000596046448,-0.0,0.0,0.0,0.0,1.0,2507.0,0.0,0.0,0.0,0.0
913829.125,2507.0,1.0,1.0,-0.15000000596046448,-0.0,0.0,0.0,0.0,4.0,2507.0,0.0,0.0,0.0,0.0
913839.125,2507.0,3.0,3.0,-0.45000001788139343,-0.0,0.0,0.0,0.0,3.0,2507.0,0.0,0.0,0.0,0.0
913849.125,2507.0,1.0,1.0,-0.15000000596046448,-0.0,0.0,0.0,0.0,2.0,2507.0,0.0,0.0,0.0,0.0
913860.023,2507.0,3.0,3.0,-0.45000001788139343,-0.0,0.0,0.0,0.0,3.0,2507.0,0.0,0.0,0.0,0.0
913870.126,2507.0,1.0,1.0,-0.15000000596046448,-0.0,0.0,0.0,0.0,0.0,2507.0,0.0,0.0,0.0,0.0
913881.125,2507.0,2.0,2.0,-0.30000001192092896,-0.0,0.0,0.0,0.0,4.0,2507.0,0.0,0.0,0.0,0.0
913891.331,2507.0,1.0,1.0,-0.15000000596046448,-0.0,0.0,0.0,0.0,2.0,2507.0,0.0,0.0,0.0,0.0
913902.128,2507.0,-2.0,-2.0,0.30000001192092896,0.0,0.0,0.0,0.0,3.0,2507.0,0.0,0.0,0.0,0.0
913913.125,2507.0,2.0,2.0,-0.30000001192092896,-0.0,0.0,0.0,0.0,1.0,2507.0,0.0,0.0,0.0,0.0
913924.125,2507.0,3.0,3.0,-0.45000001788139343,-0.0,0.0,0.0,0.0,0.0,2507.0,0.0,0.0,0.0,0.0
913934.13,2507.0,1.0,1.0,-0.15000000596046448,-0.0,0.0,0.0,0.0,4.0,2507.0,0.0,0.0,0.0,0.0
913945.125,2507.0,4.0,4.0,-0.6000000238418579,-0.0,0.0,0.0,0.0,2.0,2507.0,0.0,0.0,0.0,0.0
913955.125,2507.0,-2.0,-2.0,0.30000001192092896,0.0,0.0,0.0,0.0,2.0,2507.0,0.0,0.0,0.0,0.0
913966.098,2507.0,3.0,3.0,-0.45000001788139343,-0.0,0.0,0.0,0.0,1.0,2507.0,0.0,0.0,0.0,0.0
913976.098,2507.0,2.0,2.0,-0.30000001192092896,-0.0,0.0,0.0,0.0,2.0,2507.0,0.0,0.0,0.0,0.0
913987.125,2507.0,2.0,2.0,-0.30000001192092896,-0.0,0.0,0.0,0.0,4.0,2507.0,0.0,0.0,0.0,0.0
913997.125,2507.0,2.0,2.0,-0.30000001192092896,-0.0,0.0,0.0,0.0,-1.0,2507.0,0.0,0.0,0.0,0.0
914007.125,2507.0,0.0,0.0,0.0,0.0,0.0,0.0,0.0,2.0,2507.0,0.0,0.0,0.0,0.0
914017.126,2507.0,0.0,0.0,0.0,0.0,0.0,0.0,0.0,2.0,2507.0,0.0,0.0,0.0,0.0
914028.125,2507.0,5.0,5.0,-0.75,-0.0,0.0,0.0,0.0,4.0,2507.0,0.0,0.0,0.0,0.0
914039.125,2507.0,0.0,0.0,0.0,0.0,0.0,0.0,0.0,1.0,2507.0,0.0,0.0,0.0,0.0
914049.126,2507.0,0.0,0.0,0.0,0.0,0.0,0.0,0.0,1.0,2507.0,0.0,0.0,0.0,0.0
914059.126,2507.0,-1.0,-1.0,0.15000000596046448,0.0,0.0,0.0,0.0,4.0,2507.0,0.0,0.0,0.0,0.0
914069.127,2507.0,1.0,1.0,-0.15000000596046448,-0.0,0.0,0.0,0.0,0.0,2507.0,0.0,0.0,0.0,0.0
914080.126,2507.0,2.0,2.0,-0.30000001192092896,-0.0,0.0,0.0,0.0,2.0,2507.0,0.0,0.0,0.0,0.0
914090.126,2507.0,2.0,2.0,-0.30000001192092896,-0.0,0.0,0.0,0.0,2.0,2507.0,0.0,0.0,0.0,0.0
914100.126,2507.0,0.0,0.0,0.0,0.0,0.0,0.0,0.0,3.0,2507.0,0.0,0.0,0.0,0.0
914111.126,2507.0,2.0,2.0,-0.30000001192092896,-0.0,0.0,0.0,0.0,1.0,2507.0,0.0,0.0,0.0,0.0
914122.125,2507.0,3.0,3.0,-0.45000001788139343,-0.0,0.0,0.0,0.0,1.0,2507.0,0.0,0.0,0.0,0.0
914133.125,2507.0,-1.0,-1.0,0.15000000596046448,0.0,0.0,0.0,0.0,3.0,2507.0,0.0,0.0,0.0,0.0
914144.125,2507.0,-1.0,-1.0,0.15000000596046448,0.0,0.0,0.0,0.0,4.0,2507.0,0.0,0.0,0.0,0.0
914155.125,2507.0,2.0,2.0,-0.30000001192092896,-0.0,0.0,0.0,0.0,3.0,2507.0,0.0,0.0,0.0,0.0
914165.684,2507.0,1.0,1.0,-0.15000000596046448,-0.0,0.0,0.0,0.0,2.0,2507.0,0.0,0.0,0.0,0.0
914175.685,2507.0,0.0,0.0,0.0,0.0,0.0,0.0,0.0,1.0,2507.0,0.0,0.0,0.0,0.0
914186.125,2507.0,1.0,1.0,-0.15000000596046448,-0.0,0.0,0.0,0.0,0.0,2507.0,0.0,0.0,0.0,0.0
914196.434,2507.0,-2.0,-2.0,0.30000001192092896,0.0,0.0,0.0,0.0,5.0,2507.0,0.0,0.0,0.0,0.0
914206.435,2507.0,0.0,0.0,0.0,0.0,0.0,0.0,0.0,2.0,2507.0,0.0,0.0,0.0,0.0
914217.125,2507.0,0.0,0.0,0.0,0.0,0.0,0.0,0.0,2.0,2507.0,0.0,0.0,0.0,0.0
914228.125,2507.0,2.0,2.0,-0.30000001192092896,-0.0,0.0,0.0,0.0,1.0,2507.0,0.0,0.0,0.0,0.0
914238.126,2507.0,0.0,0.0,0.0,0.0,0.0,0.0,0.0,3.0,2507.0,0.0,0.0,0.0,0.0
914248.189,2507.0,2.0,2.0,-0.30000001192092896,-0.0,0.0,0.0,0.0,5.0,2507.0,0.0,0.0,0.0,0.0
914259.125,2507.0,2.0,2.0,-0.30000001192092896,-0.0,0.0,0.0,0.0,2.0,2507.0,0.0,0.0,0.0,0.0
914270.269,2507.0,3.0,3.0,-0.45000001788139343,-0.0,0.0,0.0,0.0,4.0,2507.0,0.0,0.0,0.0,0.0
914280.269,2507.0,0.0,0.0,0.0,0.0,0.0,0.0,0.0,3.0,2507.0,0.0,0.0,0.0,0.0
914291.125,2507.0,0.0,0.0,0.0,0.0,0.0,0.0,0.0,0.0,2507.0,0.0,0.0,0.0,0.0
914301.126,2507.0,-2.0,-2.0,0.30000001192092896,0.0,0.0,0.0,0.0,5.0,2507.0,0.0,0.0,0.0,0.0
914312.125,2507.0,1.0,1.0,-0.15000000596046448,-0.0,0.0,0.0,0.0,3.0,2507.0,0.0,0.0,0.0,0.0
914323.126,2507.0,1.0,1.0,-0.15000000596046448,-0.0,0.0,0.0,0.0,3.0,2507.0,0.0,0.0,0.0,0.0
914333.126,2507.0,2.0,2.0,-0.30000001192092896,-0.0,0.0,0.0,0.0,3.0,2507.0,0.0,0.0,0.0,0.0
914344.125,2507.0,0.0,0.0,0.0,0.0,0.0,0.0,0.0,0.0,2507.0,0.0,0.0,0.0,0.0
914354.125,2507.0,2.0,2.0,-0.30000001192092896,-0.0,0.0,0.0,0.0,2.0,2507.0,0.0,0.0,0.0,0.0
914364.125,2507.0,2.0,2.0,-0.30000001192092896,-0.0,0.0,0.0,0.0,2.0,2507.0,0.0,0.0,0.0,0.0
914374.125,2507.0,1.0,1.0,-0.15000000596046448,-0.0,0.0,0.0,0.0,1.0,2507.0,0.0,0.0,0.0,0.0
914385.125,2507.0,1.0,1.0,-0.15000000596046448,-0.0,0.0,0.0,0.0,0.0,2507.0,0.0,0.0,0.0,0.0
914396.125,2507.0,1.0,1.0,-0.15000000596046448,-0.0,0.0,0.0,0.0,4.0,2507.0,0.0,0.0,0.0,0.0
914406.125,2507.0,1.0,1.0,-0.15000000596046448,-0.0,0.0,0.0,0.0,4.0,2507.0,0.0,0.0,0.0,0.0
914416.125,2507.0,1.0,1.0,-0.15000000596046448,-0.0,0.0,0.0,0.0,4.0,2507.0,0.0,0.0,0.0,0.0
914426.126,2507.0,-1.0,-1.0,0.15000000596046448,0.0,0.0,0.0,0.0,3.0,2507.0,0.0,0.0,0.0,0.0
914436.427,2507.0,1.0,1.0,-0.15000000596046448,-0.0,0.0,0.0,0.0,2.0,2507.0,0.0,0.0,0.0,0.0
914447.125,2507.0,1.0,1.0,-0.15000000596046448,-0.0,0.0,0.0,0.0,2.0,2507.0,0.0,0.0,0.0,0.0
914457.125,2507.0,2.0,2.0,-0.30000001192092896,-0.0,0.0,0.0,0.0,5.0,2507.0,0.0,0.0,0.0,0.0
914468.126,2507.0,0.0,0.0,0.0,0.0,0.0,0.0,0.0,3.0,2507.0,0.0,0.0,0.0,0.0
914478.126,2507.0,1.0,1.0,-0.15000000596046448,-0.0,0.0,0.0,0.0,1.0,2507.0,0.0,0.0,0.0,0.0
914488.127,2507.0,-2.0,-2.0,0.30000001192092896,0.0,0.0,0.0,0.0,3.0,2507.0,0.0,0.0,0.0,0.0
914498.226,2507.0,0.0,0.0,0.0,0.0,0.0,0.0,0.0,3.0,2507.0,0.0,0.0,0.0,0.0
914509.125,2507.0,1.0,1.0,-0.15000000596046448,-0.0,0.0,0.0,0.0,5.0,2507.0,0.0,0.0,0.0,0.0
914520.126,2507.0,1.0,1.0,-0.15000000596046448,-0.0,0.0,0.0,0.0,5.0,2507.0,0.0,0.0,0.0,0.0
914530.127,2507.0,2.0,2.0,-0.30000001192092896,-0.0,0.0,0.0,0.0,4.0,2507.0,0.0,0.0,0.0,0.0
914541.125,2507.0,0.0,0.0,0.0,0.0,0.0,0.0,0.0,0.0,2507.0,0.0,0.0,0.0,0.0
914552.125,2507.0,-2.0,-2.0,0.30000001192092896,0.0,0.0,0.0,0.0,3.0,2507.0,0.0,0.0,0.0,0.0
914563.125,2507.0,-2.0,-2.0,0.30000001192092896,0.0,0.0,0.0,0.0,1.0,2507.0,0.0,0.0,0.0,0.0
914574.126,2507.0,0.0,0.0,0.0,0.0,0.0,0.0,0.0,0.0,2507.0,0.0,0.0,0.0,0.0
914584.126,2507.0,0.0,0.0,0.0,0.0,0.0,0.0,0.0,4.0,2507.0,0.0,0.0,0.0,0.0
914594.235,2507.0,2.0,2.0,-0.30000001192092896,-0.0,0.0,0.0,0.0,1.0,2507.0,0.0,0.0,0.0,0.0
914605.126,2507.0,2.0,2.0,-0.30000001192092896,-0.0,0.0,0.0,0.0,5.0,2507.0,0.0,0.0,0.0,0.0
914616.125,2507.0,2.0,2.0,-0.30000001192092896,-0.0,0.0,0.0,0.0,5.0,2507.0,0.0,0.0,0.0,0.0
914627.128,2507.0,0.0,0.0,0.0,0.0,0.0,0.0,0.0,3.0,2507.0,0.0,0.0,0.0,0.0
914637.128,2507.0,-3.0,-3.0,0.45000001788139343,0.0,0.0,0.0,0.0,1.0,2507.0,0.0,0.0,0.0,0.0
914648.041,2507.0,-3.0,-3.0,0.45000001788139343,0.0,0.0,0.0,0.0,1.0,2507.0,0.0,0.0,0.0,0.0
914658.041,2507.0,-3.0,-3.0,0.45000001788139343,0.0,0.0,0.0,0.0,1.0,2507.0,0.0,0.0,0.0,0.0
914669.041,2507.0,-1.0,-1.0,0.15000000596046448,0.0,0.0,0.0,0.0,3.0,2507.0,0.0,0.0,0.0,0.0
914679.042,2507.0,-1.0,-1.0,0.15000000596046448,0.0,0.0,0.0,0.0,3.0,2507.0,0.0,0.0,0.0,0.0
914690.098,2507.0,-6.0,-6.0,0.9000000357627869,0.0,0.0,0.0,0.0,4.0,2507.0,0.0,0.0,0.0,0.0
914700.099,2507.0,-7.0,-7.0,1.0500000715255737,0.0,0.0,1.0,9.0,3.0,2507.0,0.0,0.0,0.0,0.0
914710.443,2507.0,-10.0,-10.0,1.5,0.0,0.0,1.0,9.0,4.0,2507.0,0.0,0.0,0.0,0.0
914720.443,2507.0,-10.0,-10.0,1.5,0.0,0.0,1.0,9.0,4.0,2507.0,0.0,0.0,0.0,0.0
914731.125,2507.0,-9.0,-9.0,1.350000023841858,0.0,0.0,1.0,9.0,3.0,2507.0,0.0,0.0,0.0,0.0
914742.125,2507.0,-8.0,-8.0,1.2000000476837158,0.0,0.0,1.0,9.0,4.0,2507.0,0.0,0.0,0.0,0.0
914752.218,2507.0,-10.0,-10.0,1.5,0.0,0.0,1.0,9.0,3.0,2507.0,0.0,0.0,0.0,0.0
914762.218,2507.0,-14.0,-14.0,2.1000001430511475,0.0,0.0,2.0,11.0,4.0,2507.0,0.0,0.0,0.0,0.0
914773.125,2507.0,-13.0,-13.0,1.9500000476837158,0.0,0.0,1.0,9.0,2.0,2507.0,0.0,0.0,0.0,0.0
914783.125,2507.0,-18.0,-18.0,2.700000047683716,0.0,0.0,2.0,11.0,3.0,2507.0,0.0,0.0,0.0,0.0
914793.125,2507.0,-16.0,-16.0,2.4000000953674316,0.0,0.0,2.0,11.0,2.0,2507.0,0.0,0.0,0.0,0.0
914803.126,2507.0,-18.0,-18.0,2.700000047683716,0.0,0.0,2.0,11.0,2.0,2507.0,0.0,0.0,0.0,0.0
914813.127,2507.0,-23.0,-23.0,3.450000047683716,0.0,0.0,3.0,11.0,0.0,2507.0,0.0,0.0,0.0,0.0
914823.528,2507.0,-23.0,-23.0,3.450000047683716,0.0,0.0,3.0,11.0,0.0,2507.0,0.0,0.0,0.0,0.0
914833.53,2507.0,-26.0,-26.0,3.9000000953674316,0.0,0.0,3.0,11.0,3.0,2507.0,0.0,0.0,0.0,0.0
914843.535,2507.0,-30.0,-30.0,4.5,0.0,0.0,4.0,11.0,2.0,2507.0,0.0,0.0,0.0,0.0
914853.535,2507.0,-32.0,-32.0,4.800000190734863,0.0,0.0,4.0,11.0,-1.0,2507.0,0.0,0.0,0.0,0.0
914863.535,2507.0,-34.0,-34.0,5.100000381469727,0.0,0.0,5.0,11.0,1.0,2507.0,0.0,0.0,0.0,0.0
914873.535,2507.0,-39.0,-39.0,5.850000381469727,0.0,0.0,5.0,11.0,2.0,2507.0,0.0,0.0,0.0,0.0
914883.535,2507.0,-37.0,-37.0,5.550000190734863,0.0,0.0,5.0,11.0,5.0,2507.0,0.0,0.0,0.0,0.0
914893.536,2507.0,-42.0,-42.0,6.300000190734863,0.0,0.0,6.0,11.0,-2.0,2507.0,0.0,0.0,0.0,0.0
914904.125,2507.0,-44.0,-44.0,6.600000381469727,0.0,0.0,6.0,11.0,1.0,2507.0,0.0,0.0,0.0,0.0
914915.125,2507.0,-50.0,-50.0,7.500000476837158,0.0,0.0,7.0,11.0,2.0,2507.0,0.0,0.0,0.0,0.0
914925.125,2507.0,-52.0,-52.0,7.800000190734863,0.0,0.0,7.0,11.0,0.0,2507.0,0.0,0.0,0.0,0.0
914935.125,2507.0,-55.0,-55.0,8.25,0.0,0.0,8.0,11.0,2.0,2507.0,0.0,0.0,0.0,0.0
914945.126,2507.0,-57.0,-57.0,8.550000190734863,0.0,0.0,8.0,11.0,0.0,2507.0,0.0,0.0,0.0,0.0
914955.127,2507.0,-61.0,-61.0,9.15000057220459,0.0,0.0,9.0,11.0,2.0,2507.0,0.0,0.0,0.0,0.0
914966.125,2507.0,-70.0,-70.0,10.5,0.0,0.0,10.0,11.0,3.0,2507.0,0.0,0.0,0.0,0.0
914977.327,2507.0,-70.0,-70.0,10.5,0.0,0.0,10.0,11.0,3.0,2507.0,0.0,0.0,0.0,0.0
914988.125,2507.0,-80.0,-80.0,12.0,0.0,0.0,12.0,12.0,3.0,2507.0,0.0,0.0,0.0,0.0
914998.125,2507.0,-81.0,-81.0,12.15000057220459,0.0,0.0,12.0,12.0,3.0,2507.0,0.0,0.0,0.0,0.0
915008.125,2507.0,-84.0,-84.0,12.600000381469727,0.0,0.0,12.0,12.0,0.0,2507.0,0.0,0.0,0.0,0.0
915018.687,2507.0,-91.0,-91.0,13.65000057220459,0.0,0.0,13.0,13.0,2.0,2507.0,0.0,0.0,0.0,0.0
915029.126,2507.0,-93.0,-93.0,13.950000762939453,0.0,0.0,13.0,13.0,2.0,2507.0,0.0,0.0,0.0,0.0
915039.126,2507.0,-96.0,-96.0,14.40000057220459,0.0,0.0,14.0,14.0,2.0,2507.0,0.0,0.0,0.0,0.0
915049.736,2507.0,-103.0,-103.0,15.450000762939453,0.0,0.0,15.0,15.0,3.0,2507.0,0.0,0.0,0.0,0.0
915059.737,2507.0,-104.0,-104.0,15.600000381469727,0.0,0.0,15.0,15.0,3.0,2507.0,0.0,0.0,0.0,0.0
915069.738,2507.0,-104.0,-104.0,15.600000381469727,0.0,0.0,15.0,15.0,3.0,2507.0,0.0,0.0,0.0,0.0
915079.739,2507.0,-108.0,-108.0,16.200000762939453,0.0,0.0,16.0,16.0,0.0,2507.0,0.0,0.0,0.0,0.0
915090.125,2507.0,-113.0,-113.0,16.950000762939453,0.0,0.0,16.0,16.0,4.0,2507.0,0.0,0.0,0.0,0.0
915100.126,2507.0,-118.0,-118.0,17.700000762939453,0.0,0.0,17.0,17.0,4.0,2507.0,0.0,0.0,0.0,0.0
915110.127,2507.0,-117.0,-117.0,17.55000114440918,0.0,0.0,17.0,17.0,2.0,2507.0,0.0,0.0,0.0,0.0
915120.394,2507.0,-123.0,-123.0,18.450000762939453,0.0,0.0,18.0,18.0,3.0,2507.0,0.0,0.0,0.0,0.0
915130.394,2507.0,-126.0,-126.0,18.900001525878906,0.0,0.0,18.0,18.0,-1.0,2507.0,0.0,0.0,0.0,0.0
915141.126,2507.0,-129.0,-129.0,19.350000381469727,0.0,0.0,19.0,19.0,3.0,2507.0,0.0,0.0,0.0,0.0
915152.125,2507.0,-128.0,-128.0,19.200000762939453,0.0,0.0,19.0,19.0,3.0,2507.0,0.0,0.0,0.0,0.0
915162.126,2507.0,-129.0,-129.0,19.350000381469727,0.0,0.0,19.0,19.0,0.0,2507.0,0.0,0.0,0.0,0.0
915173.341,2507.0,-128.0,-128.0,19.200000762939453,0.0,0.0,19.0,19.0,2.0,2507.0,0.0,0.0,0.0,0.0
915184.125,2507.0,-131.0,-131.0,19.650001525878906,0.0,0.0,19.0,19.0,3.0,2507.0,0.0,0.0,0.0,0.0
915195.125,2507.0,-133.0,-133.0,19.950000762939453,0.0,0.0,19.0,19.0,2.0,2507.0,0.0,0.0,0.0,0.0
915205.126,2507.0,-131.0,-131.0,19.650001525878906,0.0,0.0,19.0,19.0,5.0,2507.0,0.0,0.0,0.0,0.0
915216.126,2507.0,-132.0,-132.0,19.80000114440918,0.0,0.0,19.0,19.0,2.0,2507.0,0.0,0.0,0.0,0.0
915226.128,2507.0,-132.0,-132.0,19.80000114440918,0.0,0.0,19.0,19.0,5.0,2507.0,0.0,0.0,0.0,0.0
915237.125,2507.0,-134.0,-134.0,20.100000381469727,0.0,0.0,20.0,20.0,3.0,2507.0,0.0,0.0,0.0,0.0
915247.125,2507.0,-135.0,-135.0,20.25,0.0,0.0,20.0,20.0,2.0,2507.0,0.0,0.0,0.0,0.0
915257.125,2507.0,-134.0,-134.0,20.100000381469727,0.0,0.0,20.0,20.0,2.0,2507.0,0.0,0.0,0.0,0.0
915267.126,2507.0,-136.0,-136.0,20.400001525878906,0.0,0.0,20.0,20.0,3.0,2507.0,0.0,0.0,0.0,0.0
915277.127,2507.0,-135.0,-135.0,20.25,0.0,0.0,20.0,20.0,3.0,2507.0,0.0,0.0,0.0,0.0
915287.128,2507.0,-137.0,-137.0,20.55000114440918,0.0,0.0,20.0,20.0,1.0,2507.0,0.0,0.0,0.0,0.0
915298.126,2507.0,-133.0,-133.0,19.950000762939453,0.0,0.0,19.0,19.0,0.0,2507.0,0.0,0.0,0.0,0.0
915308.244,2507.0,-138.0,-138.0,20.700000762939453,0.0,0.0,20.0,20.0,2.0,2507.0,0.0,0.0,0.0,0.0
915319.122,2507.0,-138.0,-138.0,20.700000762939453,0.0,0.0,20.0,20.0,0.0,2507.0,0.0,0.0,0.0,0.0
915330.125,2507.0,-138.0,-138.0,20.700000762939453,0.0,0.0,20.0,20.0,2.0,2507.0,0.0,0.0,0.0,0.0
915340.126,2507.0,-138.0,-138.0,20.700000762939453,0.0,0.0,20.0,20.0,1.0,2507.0,0.0,0.0,0.0,0.0
915350.126,2507.0,-141.0,-141.0,21.150001525878906,0.0,0.0,21.0,21.0,1.0,2507.0,0.0,0.0,0.0,0.0
915360.126,2507.0,-138.0,-138.0,20.700000762939453,0.0,0.0,20.0,20.0,3.0,2507.0,0.0,0.0,0.0,0.0
915370.127,2507.0,-140.0,-140.0,21.0,0.0,0.0,21.0,21.0,0.0,2507.0,0.0,0.0,0.0,0.0
915381.125,2507.0,-139.0,-139.0,20.850000381469727,0.0,0.0,20.0,20.0,1.0,2507.0,0.0,0.0,0.0,0.0
915391.434,2507.0,-136.0,-136.0,20.400001525878906,0.0,0.0,20.0,20.0,4.0,2507.0,0.0,0.0,0.0,0.0
915401.434,2507.0,-136.0,-136.0,20.400001525878906,0.0,0.0,20.0,20.0,5.0,2507.0,0.0,0.0,0.0,0.0
915412.125,2507.0,-137.0,-137.0,20.55000114440918,0.0,0.0,20.0,20.0,4.0,2507.0,0.0,0.0,0.0,0.0
915422.126,2507.0,-137.0,-137.0,20.55000114440918,0.0,0.0,20.0,20.0,0.0,2507.0,0.0,0.0,0.0,0.0
915432.131,2507.0,-137.0,-137.0,20.55000114440918,0.0,0.0,20.0,20.0,2.0,2507.0,0.0,0.0,0.0,0.0
915442.131,2507.0,-136.0,-136.0,20.400001525878906,0.0,0.0,20.0,20.0,1.0,2507.0,0.0,0.0,0.0,0.0
915452.132,2507.0,-139.0,-139.0,20.850000381469727,0.0,0.0,20.0,20.0,2.0,2507.0,0.0,0.0,0.0,0.0
915463.128,2507.0,-139.0,-139.0,20.850000381469727,0.0,0.0,20.0,20.0,1.0,2507.0,0.0,0.0,0.0,0.0
915473.413,2507.0,-137.0,-137.0,20.55000114440918,0.0,0.0,20.0,20.0,2.0,2507.0,0.0,0.0,0.0,0.0
915483.413,2507.0,-138.0,-138.0,20.700000762939453,0.0,0.0,20.0,20.0,2.0,2507.0,0.0,0.0,0.0,0.0
915494.125,2507.0,-135.0,-135.0,20.25,0.0,0.0,20.0,20.0,2.0,2507.0,0.0,0.0,0.0,0.0
915504.442,2507.0,-135.0,-135.0,20.25,0.0,0.0,20.0,20.0,2.0,2507.0,0.0,0.0,0.0,0.0
915514.443,2507.0,-135.0,-135.0,20.25,0.0,0.0,20.0,20.0,0.0,2507.0,0.0,0.0,0.0,0.0
915524.443,2507.0,-133.0,-133.0,19.950000762939453,0.0,0.0,19.0,19.0,1.0,2507.0,0.0,0.0,0.0,0.0
915535.125,2507.0,-136.0,-136.0,20.400001525878906,0.0,0.0,20.0,20.0,4.0,2507.0,0.0,0.0,0.0,0.0
915545.126,2507.0,-138.0,-138.0,20.700000762939453,0.0,0.0,20.0,20.0,2.0,2507.0,0.0,0.0,0.0,0.0
915555.126,2507.0,-135.0,-135.0,20.25,0.0,0.0,20.0,20.0,4.0,2507.0,0.0,0.0,0.0,0.0
915565.127,2507.0,-135.0,-135.0,20.25,0.0,0.0,20.0,20.0,4.0,2507.0,0.0,0.0,0.0,0.0
915575.132,2507.0,-136.0,-136.0,20.400001525878906,0.0,0.0,20.0,20.0,0.0,2507.0,0.0,0.0,0.0,0.0
915585.132,2507.0,-133.0,-133.0,19.950000762939453,0.0,0.0,19.0,19.0,1.0,2507.0,0.0,0.0,0.0,0.0
915595.132,2507.0,-135.0,-135.0,20.25,0.0,0.0,20.0,20.0,4.0,2507.0,0.0,0.0,0.0,0.0
915606.125,2507.0,-131.0,-131.0,19.650001525878906,0.0,0.0,19.0,19.0,1.0,2507.0,0.0,0.0,0.0,0.0
915616.125,2507.0,-130.0,-130.0,19.5,0.0,0.0,19.0,19.0,-1.0,2507.0,0.0,0.0,0.0,0.0
915626.125,2507.0,-133.0,-133.0,19.950000762939453,0.0,0.0,19.0,19.0,-2.0,2507.0,0.0,0.0,0.0,0.0
915636.125,2507.0,-133.0,-133.0,19.950000762939453,0.0,0.0,19.0,19.0,4.0,2507.0,0.0,0.0,0.0,0.0
915646.125,2507.0,-134.0,-134.0,20.100000381469727,0.0,0.0,20.0,20.0,1.0,2507.0,0.0,0.0,0.0,0.0
915657.098,2507.0,-131.0,-131.0,19.650001525878906,0.0,0.0,19.0,19.0,3.0,2507.0,0.0,0.0,0.0,0.0
915667.099,2507.0,-132.0,-132.0,19.80000114440918,0.0,0.0,19.0,19.0,3.0,2507.0,0.0,0.0,0.0,0.0
915677.099,2507.0,-132.0,-132.0,19.80000114440918,0.0,0.0,19.0,19.0,3.0,2507.0,0.0,0.0,0.0,0.0
915687.099,2507.0,-130.0,-130.0,19.5,0.0,0.0,19.0,19.0,5.0,2507.0,0.0,0.0,0.0,0.0
915697.099,2507.0,-134.0,-134.0,20.100000381469727,0.0,0.0,20.0,20.0,3.0,2507.0,0.0,0.0,0.0,0.0
915707.188,2507.0,-134.0,-134.0,20.100000381469727,0.0,0.0,20.0,20.0,3.0,2507.0,0.0,0.0,0.0,0.0
915717.189,2507.0,-134.0,-134.0,20.100000381469727,0.0,0.0,20.0,20.0,2.0,2507.0,0.0,0.0,0.0,0.0
915728.125,2507.0,-133.0,-133.0,19.950000762939453,0.0,0.0,19.0,19.0,1.0,2507.0,0.0,0.0,0.0,0.0
915738.126,2507.0,-134.0,-134.0,20.100000381469727,0.0,0.0,20.0,20.0,3.0,2507.0,0.0,0.0,0.0,0.0
915749.125,2507.0,-135.0,-135.0,20.25,0.0,0.0,20.0,20.0,4.0,2507.0,0.0,0.0,0.0,0.0
915759.126,2507.0,-139.0,-139.0,20.850000381469727,0.0,0.0,20.0,20.0,2.0,2507.0,0.0,0.0,0.0,0.0
915769.127,2507.0,-137.0,-137.0,20.55000114440918,0.0,0.0,20.0,20.0,4.0,2507.0,0.0,0.0,0.0,0.0
915780.125,2507.0,-139.0,-139.0,20.850000381469727,0.0,0.0,20.0,20.0,0.0,2507.0,0.0,0.0,0.0,0.0
915790.686,2507.0,-139.0,-139.0,20.850000381469727,0.0,0.0,20.0,20.0,0.0,2507.0,0.0,0.0,0.0,0.0
915801.125,2507.0,-139.0,-139.0,20.850000381469727,0.0,0.0,20.0,20.0,2.0,2507.0,0.0,0.0,0.0,0.0
915812.293,2507.0,-139.0,-139.0,20.850000381469727,0.0,0.0,20.0,20.0,5.0,2507.0,0.0,0.0,0.0,0.0
915823.125,2507.0,-142.0,-142.0,21.30000114440918,0.0,0.0,21.0,21.0,2.0,2507.0,0.0,0.0,0.0,0.0
915833.125,2507.0,-143.0,-143.0,21.450000762939453,0.0,0.0,21.0,21.0,0.0,2507.0,0.0,0.0,0.0,0.0
915844.125,2507.0,-145.0,-145.0,21.75,0.0,0.0,21.0,21.0,3.0,2507.0,0.0,0.0,0.0,0.0
915855.125,2507.0,-145.0,-145.0,21.75,0.0,0.0,21.0,21.0,1.0,2507.0,0.0,0.0,0.0,0.0
915865.736,2507.0,-143.0,-143.0,21.450000762939453,0.0,0.0,21.0,21.0,5.0,2507.0,0.0,0.0,0.0,0.0
915876.125,2507.0,-148.0,-148.0,22.200000762939453,0.0,0.0,22.0,22.0,3.0,2507.0,0.0,0.0,0.0,0.0
915886.125,2507.0,-148.0,-148.0,22.200000762939453,0.0,0.0,22.0,22.0,3.0,2507.0,0.0,0.0,0.0,0.0
915896.125,2507.0,-153.0,-153.0,22.950000762939453,0.0,0.0,22.0,22.0,4.0,2507.0,0.0,0.0,0.0,0.0
915906.125,2507.0,-156.0,-156.0,23.400001525878906,0.0,0.0,23.0,23.0,2.0,2507.0,0.0,0.0,0.0,0.0
915916.126,2507.0,-158.0,-156.0,23.400001525878906,0.0,0.0,23.0,23.0,2.0,2507.0,0.0,0.0,0.0,0.0
915926.82,2507.0,-156.0,-156.0,23.400001525878906,0.0,0.0,23.0,23.0,0.0,2507.0,0.0,0.0,0.0,0.0
915936.821,2507.0,-155.0,-155.0,23.25,0.0,0.0,23.0,23.0,3.0,2507.0,0.0,0.0,0.0,0.0
915946.821,2507.0,-157.0,-157.0,23.55000114440918,0.0,0.0,23.0,23.0,3.0,2507.0,0.0,0.0,0.0,0.0
915957.041,2507.0,-162.0,-162.0,24.30000114440918,0.0,0.0,24.0,24.0,1.0,2507.0,0.0,0.0,0.0,0.0
915967.041,2507.0,-160.0,-160.0,24.0,0.0,0.0,24.0,24.0,0.0,2507.0,0.0,0.0,0.0,0.0
915977.041,2507.0,-162.0,-162.0,24.30000114440918,0.0,0.0,24.0,24.0,1.0,2507.0,0.0,0.0,0.0,0.0
915987.041,2507.0,-166.0,-166.0,24.900001525878906,0.0,0.0,24.0,24.0,3.0,2507.0,0.0,0.0,0.0,0.0
915997.075,2507.0,-161.0,-161.0,24.150001525878906,0.0,0.0,24.0,24.0,3.0,2507.0,0.0,0.0,0.0,0.0
916007.076,2507.0,-165.0,-165.0,24.750001907348633,0.0,0.0,24.0,24.0,3.0,2507.0,0.0,0.0,0.0,0.0
916017.827,2507.0,-168.0,-168.0,25.200000762939453,0.0,0.0,25.0,25.0,1.0,2507.0,0.0,0.0,0.0,0.0
916027.828,2507.0,-166.0,-166.0,24.900001525878906,0.0,0.0,24.0,24.0,2.0,2507.0,0.0,0.0,0.0,0.0
916037.829,2507.0,-170.0,-170.0,25.500001907348633,0.0,0.0,25.0,25.0,4.0,2507.0,0.0,0.0,0.0,0.0
916047.83,2507.0,-167.0,-167.0,25.05000114440918,0.0,0.0,25.0,25.0,6.0,2507.0,0.0,0.0,0.0,0.0
916057.83,2507.0,-168.0,-168.0,25.200000762939453,0.0,0.0,25.0,25.0,3.0,2507.0,0.0,0.0,0.0,0.0
916067.83,2507.0,-171.0,-171.0,25.650001525878906,0.0,0.0,25.0,25.0,-1.0,2507.0,0.0,0.0,0.0,0.0
916078.125,2507.0,-174.0,-174.0,26.100000381469727,0.0,0.0,26.0,26.0,3.0,2507.0,0.0,0.0,0.0,0.0
916088.126,2507.0,-173.0,-173.0,25.950000762939453,0.0,0.0,25.0,25.0,4.0,2507.0,0.0,0.0,0.0,0.0
916098.126,2507.0,-174.0,-174.0,26.100000381469727,0.0,0.0,26.0,26.0,3.0,2507.0,0.0,0.0,0.0,0.0
916108.128,2507.0,-175.0,-175.0,26.250001907348633,0.0,0.0,26.0,26.0,5.0,2507.0,0.0,0.0,0.0,0.0
916118.354,2507.0,-175.0,-175.0,26.250001907348633,0.0,0.0,26.0,26.0,1.0,2507.0,0.0,0.0,0.0,0.0
916128.355,2507.0,-175.0,-175.0,26.250001907348633,0.0,0.0,26.0,26.0,3.0,2507.0,0.0,0.0,0.0,0.0
916139.125,2507.0,-172.0,-172.0,25.80000114440918,0.0,0.0,25.0,25.0,2.0,2507.0,0.0,0.0,0.0,0.0
916150.161,2507.0,-176.0,-176.0,26.400001525878906,0.0,0.0,26.0,26.0,2.0,2507.0,0.0,0.0,0.0,0.0
916161.126,2507.0,-178.0,-178.0,26.700000762939453,0.0,0.0,26.0,26.0,1.0,2507.0,0.0,0.0,0.0,0.0
916172.125,2507.0,-179.0,-179.0,26.850000381469727,0.0,0.0,26.0,26.0,4.0,2507.0,0.0,0.0,0.0,0.0
916182.125,2507.0,-179.0,-179.0,26.850000381469727,0.0,0.0,26.0,26.0,0.0,2507.0,0.0,0.0,0.0,0.0
916192.125,2507.0,-177.0,-177.0,26.55000114440918,0.0,0.0,26.0,26.0,-1.0,2507.0,0.0,0.0,0.0,0.0
916202.125,2507.0,-184.0,-184.0,27.600000381469727,0.0,0.0,27.0,27.0,4.0,2507.0,0.0,0.0,0.0,0.0
916213.125,2507.0,-180.0,-180.0,27.000001907348633,0.0,0.0,27.0,27.0,2.0,2507.0,0.0,0.0,0.0,0.0
916223.125,2507.0,-183.0,-183.0,27.450000762939453,0.0,0.0,27.0,27.0,5.0,2507.0,0.0,0.0,0.0,0.0
916234.126,2507.0,-184.0,-184.0,27.600000381469727,0.0,0.0,27.0,27.0,2.0,2507.0,0.0,0.0,0.0,0.0
916244.126,2507.0,-184.0,-184.0,27.600000381469727,0.0,0.0,27.0,27.0,2.0,2507.0,0.0,0.0,0.0,0.0
916254.126,2507.0,-186.0,-186.0,27.900001525878906,0.0,0.0,27.0,27.0,2.0,2507.0,0.0,0.0,0.0,0.0
916264.126,2507.0,-184.0,-184.0,27.600000381469727,0.0,0.0,27.0,27.0,1.0,2507.0,0.0,0.0,0.0,0.0
916275.125,2507.0,-191.0,-191.0,28.650001525878906,0.0,0.0,28.0,28.0,2.0,2507.0,0.0,0.0,0.0,0.0
916286.125,2507.0,-190.0,-190.0,28.500001907348633,0.0,0.0,28.0,28.0,1.0,2507.0,0.0,0.0,0.0,0.0
916296.125,2507.0,-191.0,-191.0,28.650001525878906,0.0,0.0,28.0,28.0,6.0,2507.0,0.0,0.0,0.0,0.0
916306.125,2507.0,-194.0,-194.0,29.100000381469727,0.0,0.0,29.0,29.0,3.0,2507.0,0.0,0.0,0.0,0.0
916316.125,2507.0,-196.0,-196.0,29.400001525878906,0.0,0.0,29.0,29.0,2.0,2507.0,0.0,0.0,0.0,0.0
916326.125,2507.0,-195.0,-195.0,29.250001907348633,0.0,0.0,29.0,29.0,1.0,2507.0,0.0,0.0,0.0,0.0
916337.125,2507.0,-202.0,-202.0,30.30000114440918,0.0,0.0,30.0,30.0,0.0,2507.0,0.0,0.0,0.0,0.0
916347.125,2507.0,-202.0,-202.0,30.30000114440918,0.0,0.0,30.0,30.0,0.0,2507.0,0.0,0.0,0.0,0.0
916357.125,2507.0,-205.0,-205.0,30.750001907348633,0.0,0.0,30.0,30.0,0.0,2507.0,0.0,0.0,0.0,0.0
916367.947,2507.0,-208.0,-208.0,31.200000762939453,0.0,0.0,31.0,31.0,4.0,2507.0,0.0,0.0,0.0,0.0
916378.126,2507.0,-216.0,-216.0,32.400001525878906,0.0,0.0,32.0,32.0,0.0,2507.0,0.0,0.0,0.0,0.0
916389.126,2507.0,-210.0,-210.0,31.500001907348633,0.0,0.0,31.0,31.0,3.0,2507.0,0.0,0.0,0.0,0.0
916399.127,2507.0,-215.0,-215.0,32.25,0.0,0.0,32.0,32.0,2.0,2507.0,0.0,0.0,0.0,0.0
916410.098,2507.0,-219.0,-219.0,32.85000228881836,0.0,0.0,32.0,32.0,3.0,2507.0,0.0,0.0,0.0,0.0
916420.099,2507.0,-219.0,-219.0,32.85000228881836,0.0,0.0,32.0,32.0,2.0,2507.0,0.0,0.0,0.0,0.0
916431.125,2507.0,-228.0,-228.0,34.20000076293945,0.0,0.0,34.0,34.0,4.0,2507.0,0.0,0.0,0.0,0.0
916441.125,2507.0,-228.0,-228.0,34.20000076293945,0.0,0.0,34.0,34.0,4.0,2507.0,0.0,0.0,0.0,0.0
916452.125,2507.0,-232.0,-232.0,34.80000305175781,0.0,0.0,34.0,34.0,2.0,2507.0,0.0,0.0,0.0,0.0
916462.125,2507.0,-239.0,-239.0,35.85000228881836,0.0,0.0,35.0,35.0,2.0,2507.0,0.0,0.0,0.0,0.0
916473.098,2507.0,-240.0,-240.0,36.0,0.0,0.0,36.0,36.0,4.0,2507.0,0.0,0.0,0.0,0.0
916483.099,2507.0,-242.0,-242.0,36.30000305175781,0.0,0.0,36.0,36.0,0.0,2507.0,0.0,0.0,0.0,0.0
916493.1,2507.0,-251.0,-251.0,37.650001525878906,0.0,0.0,37.0,37.0,4.0,2507.0,0.0,0.0,0.0,0.0
916503.1,2507.0,-259.0,-259.0,38.85000228881836,0.0,0.0,38.0,38.0,-3.0,2507.0,0.0,0.0,0.0,0.0
916514.235,2507.0,-257.0,-257.0,38.55000305175781,0.0,0.0,38.0,38.0,2.0,2507.0,0.0,0.0,0.0,0.0
916524.235,2507.0,-266.0,-266.0,39.900001525878906,0.0,0.0,39.0,39.0,3.0,2507.0,0.0,0.0,0.0,0.0
916535.125,2507.0,-276.0,-276.0,41.400001525878906,0.0,0.0,41.0,41.0,2.0,2507.0,0.0,0.0,0.0,0.0
916546.126,2507.0,-272.0,-272.0,40.80000305175781,0.0,0.0,40.0,40.0,2.0,2507.0,0.0,0.0,0.0,0.0
916557.273,2507.0,-281.0,-281.0,42.150001525878906,0.0,0.0,42.0,42.0,2.0,2507.0,0.0,0.0,0.0,0.0
916567.274,2507.0,-293.0,-293.0,43.95000076293945,0.0,0.0,43.0,43.0,1.0,2507.0,0.0,0.0,0.0,0.0
916577.275,2507.0,-292.0,-292.0,43.80000305175781,0.0,0.0,43.0,43.0,0.0,2507.0,0.0,0.0,0.0,0.0
916588.125,2507.0,-305.0,-305.0,45.75,0.0,0.0,45.0,45.0,1.0,2507.0,0.0,0.0,0.0,0.0
916599.125,2507.0,-315.0,-315.0,47.25,0.0,0.0,47.0,47.0,1.0,2507.0,0.0,0.0,0.0,0.0
916610.126,2507.0,-316.0,-316.0,47.400001525878906,0.0,0.0,47.0,47.0,2.0,2507.0,0.0,0.0,0.0,0.0
916621.126,2507.0,-333.0,-333.0,49.95000076293945,0.0,0.0,49.0,49.0,0.0,2507.0,0.0,0.0,0.0,0.0
916631.126,2507.0,-333.0,-333.0,49.95000076293945,0.0,0.0,49.0,49.0,0.0,2507.0,0.0,0.0,0.0,0.0
916641.127,2507.0,-331.0,-331.0,49.650001525878906,0.0,0.0,49.0,49.0,-1.0,2507.0,0.0,0.0,0.0,0.0
916652.126,2506.0,-332.0,-332.0,49.80000305175781,0.0,0.0,49.0,49.0,0.0,2507.0,0.0,0.0,0.0,0.0
916663.126,2507.0,-332.0,-332.0,49.80000305175781,0.0,0.0,49.0,49.0,0.0,2507.0,0.0,0.0,0.0,0.0
916673.126,2507.0,-318.0,-318.0,47.70000076293945,0.0,0.0,47.0,47.0,3.0,2507.0,0.0,0.0,0.0,0.0
916683.127,2507.0,-309.0,-309.0,46.35000228881836,0.0,0.0,46.0,46.0,1.0,2507.0,0.0,0.0,0.0,0.0
916693.127,2507.0,-309.0,-309.0,46.35000228881836,0.0,0.0,46.0,46.0,1.0,2507.0,0.0,0.0,0.0,0.0
916704.126,2507.0,-302.0,-302.0,45.30000305175781,0.0,0.0,45.0,45.0,0.0,2507.0,0.0,0.0,0.0,0.0
916714.127,2507.0,-291.0,-291.0,43.650001525878906,0.0,0.0,43.0,43.0,0.0,2507.0,0.0,0.0,0.0,0.0
916724.127,2507.0,-285.0,-285.0,42.75,0.0,0.0,42.0,42.0,-1.0,2507.0,0.0,0.0,0.0,0.0
916734.46,2507.0,-284.0,-284.0,42.60000228881836,0.0,0.0,42.0,42.0,-1.0,2507.0,0.0,0.0,0.0,0.0
916745.125,2507.0,-272.0,-272.0,40.80000305175781,0.0,0.0,40.0,40.0,2.0,2507.0,0.0,0.0,0.0,0.0
916755.125,2507.0,-263.0,-263.0,39.45000076293945,0.0,0.0,39.0,39.0,4.0,2507.0,0.0,0.0,0.0,0.0
916766.125,2507.0,-259.0,-259.0,38.85000228881836,0.0,0.0,38.0,38.0,2.0,2507.0,0.0,0.0,0.0,0.0
916776.126,2507.0,-258.0,-258.0,38.70000076293945,0.0,0.0,38.0,38.0,4.0,2507.0,0.0,0.0,0.0,0.0
916787.256,2507.0,-251.0,-251.0,37.650001525878906,0.0,0.0,37.0,37.0,3.0,2507.0,0.0,0.0,0.0,0.0
916797.256,2507.0,-239.0,-239.0,35.85000228881836,0.0,0.0,35.0,35.0,4.0,2507.0,0.0,0.0,0.0,0.0
916807.256,2507.0,-239.0,-239.0,35.85000228881836,0.0,0.0,35.0,35.0,4.0,2507.0,0.0,0.0,0.0,0.0
916818.098,2507.0,-236.0,-236.0,35.400001525878906,0.0,0.0,35.0,35.0,5.0,2507.0,0.0,0.0,0.0,0.0
916828.099,2507.0,-231.0,-231.0,34.650001525878906,0.0,0.0,34.0,34.0,5.0,2507.0,0.0,0.0,0.0,0.0
916838.962,2507.0,-225.0,-225.0,33.75,0.0,0.0,33.0,33.0,7.0,2507.0,0.0,0.0,0.0,0.0
916848.962,2507.0,-219.0,-219.0,32.85000228881836,0.0,0.0,32.0,32.0,6.0,2507.0,0.0,0.0,0.0,0.0
916858.962,2507.0,-218.0,-218.0,32.70000076293945,0.0,0.0,32.0,32.0,3.0,2507.0,0.0,0.0,0.0,0.0
916869.126,2507.0,-210.0,-210.0,31.500001907348633,0.0,0.0,31.0,31.0,3.0,2507.0,0.0,0.0,0.0,0.0
916880.126,2507.0,-210.0,-210.0,31.500001907348633,0.0,0.0,31.0,31.0,3.0,2507.0,0.0,0.0,0.0,0.0
916890.127,2507.0,-206.0,-206.0,30.900001525878906,0.0,0.0,30.0,30.0,3.0,2507.0,0.0,0.0,0.0,0.0
916901.126,2507.0,-204.0,-204.0,30.600000381469727,0.0,0.0,30.0,30.0,4.0,2507.0,0.0,0.0,0.0,0.0
916911.126,2507.0,-203.0,-203.0,30.450000762939453,0.0,0.0,30.0,30.0,3.0,2507.0,0.0,0.0,0.0,0.0
916921.188,2507.0,-203.0,-203.0,30.450000762939453,0.0,0.0,30.0,30.0,3.0,2507.0,0.0,0.0,0.0,0.0
916931.188,2507.0,-191.0,-191.0,28.650001525878906,0.0,0.0,28.0,28.0,1.0,2507.0,0.0,0.0,0.0,0.0
916942.125,2507.0,-190.0,-190.0,28.500001907348633,0.0,0.0,28.0,28.0,1.0,2507.0,0.0,0.0,0.0,0.0
916953.126,2507.0,-191.0,-191.0,28.650001525878906,0.0,0.0,28.0,28.0,3.0,2507.0,0.0,0.0,0.0,0.0
916964.126,2507.0,-187.0,-187.0,28.05000114440918,0.0,0.0,28.0,28.0,3.0,2507.0,0.0,0.0,0.0,0.0
916974.592,2507.0,-183.0,-183.0,27.450000762939453,0.0,0.0,27.0,27.0,-1.0,2507.0,0.0,0.0,0.0,0.0
916985.125,2507.0,-179.0,-179.0,26.850000381469727,0.0,0.0,26.0,26.0,3.0,2507.0,0.0,0.0,0.0,0.0
916996.125,2507.0,-180.0,-180.0,27.000001907348633,0.0,0.0,27.0,27.0,2.0,2507.0,0.0,0.0,0.0,0.0
917007.125,2507.0,-178.0,-178.0,26.700000762939453,0.0,0.0,26.0,26.0,2.0,2507.0,0.0,0.0,0.0,0.0
917018.126,2507.0,-175.0,-175.0,26.250001907348633,0.0,0.0,26.0,26.0,5.0,2507.0,0.0,0.0,0.0,0.0
917028.127,2507.0,-177.0,-177.0,26.55000114440918,0.0,0.0,26.0,26.0,4.0,2507.0,0.0,0.0,0.0,0.0
917039.098,2507.0,-174.0,-174.0,26.100000381469727,0.0,0.0,26.0,26.0,0.0,2507.0,0.0,0.0,0.0,0.0
917050.125,2507.0,-168.0,-168.0,25.200000762939453,0.0,0.0,25.0,25.0,3.0,2507.0,0.0,0.0,0.0,0.0
917061.125,2507.0,-170.0,-170.0,25.500001907348633,0.0,0.0,25.0,25.0,4.0,2507.0,0.0,0.0,0.0,0.0
917071.126,2507.0,-169.0,-169.0,25.350000381469727,0.0,0.0,25.0,25.0,2.0,2507.0,0.0,0.0,0.0,0.0
917081.127,2507.0,-167.0,-167.0,25.05000114440918,0.0,0.0,25.0,25.0,3.0,2507.0,0.0,0.0,0.0,0.0
917091.199,2507.0,-167.0,-167.0,25.05000114440918,0.0,0.0,25.0,25.0,2.0,2507.0,0.0,0.0,0.0,0.0
917102.324,2507.0,-168.0,-168.0,25.200000762939453,0.0,0.0,25.0,25.0,5.0,2507.0,0.0,0.0,0.0,0.0
917112.324,2507.0,-166.0,-166.0,24.900001525878906,0.0,0.0,24.0,24.0,1.0,2507.0,0.0,0.0,0.0,0.0
917122.324,2507.0,-165.0,-165.0,24.750001907348633,0.0,0.0,24.0,24.0,2.0,2507.0,0.0,0.0,0.0,0.0
917132.367,2507.0,-164.0,-164.0,24.600000381469727,0.0,0.0,24.0,24.0,3.0,2507.0,0.0,0.0,0.0,0.0
917143.125,2507.0,-161.0,-161.0,24.150001525878906,0.0,0.0,24.0,24.0,4.0,2507.0,0.0,0.0,0.0,0.0
917153.125,2507.0,-161.0,-161.0,24.150001525878906,0.0,0.0,24.0,24.0,3.0,2507.0,0.0,0.0,0.0,0.0
917163.125,2507.0,-159.0,-159.0,23.850000381469727,0.0,0.0,23.0,23.0,2.0,2507.0,0.0,0.0,0.0,0.0
917173.125,2507.0,-158.0,-158.0,23.700000762939453,0.0,0.0,23.0,23.0,0.0,2507.0,0.0,0.0,0.0,0.0
917184.126,2507.0,-153.0,-153.0,22.950000762939453,0.0,0.0,22.0,22.0,3.0,2507.0,0.0,0.0,0.0,0.0
917194.24,2507.0,-156.0,-156.0,23.400001525878906,0.0,0.0,23.0,23.0,3.0,2507.0,0.0,0.0,0.0,0.0
917204.24,2507.0,-153.0,-153.0,22.950000762939453,0.0,0.0,22.0,22.0,3.0,2507.0,0.0,0.0,0.0,0.0
917214.241,2507.0,-153.0,-153.0,22.950000762939453,0.0,0.0,22.0,22.0,3.0,2507.0,0.0,0.0,0.0,0.0
917225.125,2507.0,-152.0,-152.0,22.80000114440918,0.0,0.0,22.0,22.0,1.0,2507.0,0.0,0.0,0.0,0.0
917235.126,2507.0,-152.0,-152.0,22.80000114440918,0.0,0.0,22.0,22.0,1.0,2507.0,0.0,0.0,0.0,0.0
917246.126,2507.0,-149.0,-149.0,22.350000381469727,0.0,0.0,22.0,22.0,-1.0,2507.0,0.0,0.0,0.0,0.0
917256.126,2507.0,-150.0,-150.0,22.5,0.0,0.0,22.0,22.0,2.0,2507.0,0.0,0.0,0.0,0.0
917266.126,2507.0,-148.0,-148.0,22.200000762939453,0.0,0.0,22.0,22.0,3.0,2507.0,0.0,0.0,0.0,0.0
917276.126,2507.0,-148.0,-148.0,22.200000762939453,0.0,0.0,22.0,22.0,3.0,2507.0,0.0,0.0,0.0,0.0
917287.125,2507.0,-147.0,-147.0,22.05000114440918,0.0,0.0,22.0,22.0,5.0,2507.0,0.0,0.0,0.0,0.0
917297.145,2507.0,-145.0,-145.0,21.75,0.0,0.0,21.0,21.0,3.0,2507.0,0.0,0.0,0.0,0.0
917307.145,2507.0,-149.0,-149.0,22.350000381469727,0.0,0.0,22.0,22.0,5.0,2507.0,0.0,0.0,0.0,0.0
917317.145,2507.0,-148.0,-148.0,22.200000762939453,0.0,0.0,22.0,22.0,3.0,2507.0,0.0,0.0,0.0,0.0
917328.125,2507.0,-154.0,-154.0,23.100000381469727,0.0,0.0,23.0,23.0,1.0,2507.0,0.0,0.0,0.0,0.0
917338.173,2507.0,-153.0,-153.0,22.950000762939453,0.0,0.0,22.0,22.0,5.0,2507.0,0.0,0.0,0.0,0.0
917349.125,2507.0,-154.0,-154.0,23.100000381469727,0.0,0.0,23.0,23.0,1.0,2507.0,0.0,0.0,0.0,0.0
917359.125,2507.0,-155.0,-155.0,23.25,0.0,0.0,23.0,23.0,2.0,2507.0,0.0,0.0,0.0,0.0
917369.126,2507.0,-155.0,-155.0,23.25,0.0,0.0,23.0,23.0,-1.0,2507.0,0.0,0.0,0.0,0.0
917380.174,2507.0,-156.0,-156.0,23.400001525878906,0.0,0.0,23.0,23.0,0.0,2507.0,0.0,0.0,0.0,0.0
917390.174,2507.0,-158.0,-158.0,23.700000762939453,0.0,0.0,23.0,23.0,6.0,2507.0,0.0,0.0,0.0,0.0
917400.174,2507.0,-156.0,-156.0,23.400001525878906,0.0,0.0,23.0,23.0,2.0,2507.0,0.0,0.0,0.0,0.0
917410.174,2507.0,-156.0,-156.0,23.400001525878906,0.0,0.0,23.0,23.0,3.0,2507.0,0.0,0.0,0.0,0.0
917421.335,2507.0,-161.0,-161.0,24.150001525878906,0.0,0.0,24.0,24.0,1.0,2507.0,0.0,0.0,0.0,0.0
917432.126,2507.0,-161.0,-161.0,24.150001525878906,0.0,0.0,24.0,24.0,2.0,2507.0,0.0,0.0,0.0,0.0
917442.127,2507.0,-162.0,-162.0,24.30000114440918,0.0,0.0,24.0,24.0,0.0,2507.0,0.0,0.0,0.0,0.0
917452.162,2507.0,-158.0,-158.0,23.700000762939453,0.0,0.0,23.0,23.0,1.0,2507.0,0.0,0.0,0.0,0.0
917463.126,2507.0,-161.0,-161.0,24.150001525878906,0.0,0.0,24.0,24.0,4.0,2507.0,0.0,0.0,0.0,0.0
917473.127,2507.0,-165.0,-165.0,24.750001907348633,0.0,0.0,24.0,24.0,-1.0,2507.0,0.0,0.0,0.0,0.0
917483.128,2507.0,-167.0,-167.0,25.05000114440918,0.0,0.0,25.0,25.0,4.0,2507.0,0.0,0.0,0.0,0.0
917494.125,2507.0,-165.0,-165.0,24.750001907348633,0.0,0.0,24.0,24.0,1.0,2507.0,0.0,0.0,0.0,0.0
917505.229,2507.0,-166.0,-166.0,24.900001525878906,0.0,0.0,24.0,24.0,2.0,2507.0,0.0,0.0,0.0,0.0
917516.121,2507.0,-166.0,-166.0,24.900001525878906,0.0,0.0,24.0,24.0,2.0,2507.0,0.0,0.0,0.0,0.0
917526.122,2507.0,-166.0,-166.0,24.900001525878906,0.0,0.0,24.0,24.0,2.0,2507.0,0.0,0.0,0.0,0.0
917536.528,2507.0,-169.0,-169.0,25.350000381469727,0.0,0.0,25.0,25.0,1.0,2507.0,0.0,0.0,0.0,0.0
917546.529,2507.0,-170.0,-170.0,25.500001907348633,0.0,0.0,25.0,25.0,0.0,2507.0,0.0,0.0,0.0,0.0
917557.125,2507.0,-170.0,-170.0,25.500001907348633,0.0,0.0,25.0,25.0,1.0,2507.0,0.0,0.0,0.0,0.0
917568.254,2507.0,-174.0,-174.0,26.100000381469727,0.0,0.0,26.0,26.0,0.0,2507.0,0.0,0.0,0.0,0.0
917578.255,2507.0,-172.0,-172.0,25.80000114440918,0.0,0.0,25.0,25.0,2.0,2507.0,0.0,0.0,0.0,0.0
917589.125,2507.0,-178.0,-178.0,26.700000762939453,0.0,0.0,26.0,26.0,3.0,2507.0,0.0,0.0,0.0,0.0
917599.125,2507.0,-178.0,-178.0,26.700000762939453,0.0,0.0,26.0,26.0,3.0,2507.0,0.0,0.0,0.0,0.0
917610.126,2507.0,-177.0,-177.0,26.55000114440918,0.0,0.0,26.0,26.0,1.0,2507.0,0.0,0.0,0.0,0.0
917621.125,2507.0,-181.0,-181.0,27.150001525878906,0.0,0.0,27.0,27.0,2.0,2507.0,0.0,0.0,0.0,0.0
917631.572,2507.0,-181.0,-181.0,27.150001525878906,0.0,0.0,27.0,27.0,2.0,2507.0,0.0,0.0,0.0,0.0
917642.126,2507.0,-183.0,-183.0,27.450000762939453,0.0,0.0,27.0,27.0,1.0,2507.0,0.0,0.0,0.0,0.0
917653.125,2507.0,-187.0,-187.0,28.05000114440918,0.0,0.0,28.0,28.0,2.0,2507.0,0.0,0.0,0.0,0.0
917663.125,2507.0,-189.0,-189.0,28.350000381469727,0.0,0.0,28.0,28.0,5.0,2507.0,0.0,0.0,0.0,0.0
917673.125,2507.0,-193.0,-193.0,28.950000762939453,0.0,0.0,28.0,28.0,2.0,2507.0,0.0,0.0,0.0,0.0
917683.125,2507.0,-189.0,-189.0,28.350000381469727,0.0,0.0,28.0,28.0,3.0,2507.0,0.0,0.0,0.0,0.0
917693.938,2507.0,-192.0,-192.0,28.80000114440918,0.0,0.0,28.0,28.0,4.0,2507.0,0.0,0.0,0.0,0.0
917703.938,2507.0,-193.0,-193.0,28.950000762939453,0.0,0.0,28.0,28.0,1.0,2507.0,0.0,0.0,0.0,0.0
917714.125,2507.0,-196.0,-196.0,29.400001525878906,0.0,0.0,29.0,29.0,3.0,2507.0,0.0,0.0,0.0,0.0
917724.125,2507.0,-204.0,-204.0,30.600000381469727,0.0,0.0,30.0,30.0,4.0,2507.0,0.0,0.0,0.0,0.0
917734.126,2507.0,-203.0,-203.0,30.450000762939453,0.0,0.0,30.0,30.0,2.0,2507.0,0.0,0.0,0.0,0.0
917744.991,2507.0,-208.0,-208.0,31.200000762939453,0.0,0.0,31.0,31.0,4.0,2507.0,0.0,0.0,0.0,0.0
917755.125,2507.0,-206.0,-206.0,30.900001525878906,0.0,0.0,30.0,30.0,2.0,2507.0,0.0,0.0,0.0,0.0
917766.125,2507.0,-208.0,-208.0,31.200000762939453,0.0,0.0,31.0,31.0,4.0,2507.0,0.0,0.0,0.0,0.0
917777.125,2507.0,-205.0,-205.0,30.750001907348633,0.0,0.0,30.0,30.0,2.0,2507.0,0.0,0.0,0.0,0.0
917787.125,2507.0,-203.0,-203.0,30.450000762939453,0.0,0.0,30.0,30.0,2.0,2507.0,0.0,0.0,0.0,0.0
917797.479,2507.0,-203.0,-203.0,30.450000762939453,0.0,0.0,30.0,30.0,2.0,2507.0,0.0,0.0,0.0,0.0
917807.479,2507.0,-197.0,-197.0,29.55000114440918,0.0,0.0,29.0,29.0,2.0,2507.0,0.0,0.0,0.0,0.0
917818.126,2507.0,-197.0,-197.0,29.55000114440918,0.0,0.0,29.0,29.0,1.0,2507.0,0.0,0.0,0.0,0.0
917828.292,2507.0,-192.0,-192.0,28.80000114440918,0.0,0.0,28.0,28.0,4.0,2507.0,0.0,0.0,0.0,0.0
917838.293,2507.0,-185.0,-185.0,27.750001907348633,0.0,0.0,27.0,27.0,-1.0,2507.0,0.0,0.0,0.0,0.0
917849.126,2507.0,-185.0,-185.0,27.750001907348633,0.0,0.0,27.0,27.0,-1.0,2507.0,0.0,0.0,0.0,0.0
917860.125,2507.0,-167.0,-167.0,25.05000114440918,0.0,0.0,25.0,25.0,1.0,2507.0,0.0,0.0,0.0,0.0
917870.126,2507.0,-161.0,-161.0,24.150001525878906,0.0,0.0,24.0,24.0,5.0,2507.0,0.0,0.0,0.0,0.0
917880.127,2507.0,-158.0,-158.0,23.700000762939453,0.0,0.0,23.0,23.0,1.0,2507.0,0.0,0.0,0.0,0.0
917890.127,2507.0,-152.0,-152.0,22.80000114440918,0.0,0.0,22.0,22.0,3.0,2507.0,0.0,0.0,0.0,0.0
917901.125,2507.0,-145.0,-145.0,21.75,0.0,0.0,21.0,21.0,1.0,2507.0,0.0,0.0,0.0,0.0
917912.125,2507.0,-144.0,-144.0,21.600000381469727,0.0,0.0,21.0,21.0,3.0,2507.0,0.0,0.0,0.0,0.0
917923.125,2507.0,-141.0,-141.0,21.150001525878906,0.0,0.0,21.0,21.0,3.0,2507.0,0.0,0.0,0.0,0.0
917933.126,2507.0,-138.0,-138.0,20.700000762939453,0.0,0.0,20.0,20.0,1.0,2507.0,0.0,0.0,0.0,0.0
917944.125,2507.0,-132.0,-132.0,19.80000114440918,0.0,0.0,19.0,19.0,3.0,2507.0,0.0,0.0,0.0,0.0
917954.933,2507.0,-130.0,-130.0,19.5,0.0,0.0,19.0,19.0,3.0,2507.0,0.0,0.0,0.0,0.0
917964.933,2507.0,-129.0,-129.0,19.350000381469727,0.0,0.0,19.0,19.0,1.0,2507.0,0.0,0.0,0.0,0.0
917975.126,2507.0,-130.0,-130.0,19.5,0.0,0.0,19.0,19.0,1.0,2507.0,0.0,0.0,0.0,0.0
917986.235,2507.0,-130.0,-130.0,19.5,0.0,0.0,19.0,19.0,4.0,2507.0,0.0,0.0,0.0,0.0
917997.126,2507.0,-131.0,-131.0,19.650001525878906,0.0,0.0,19.0,19.0,3.0,2507.0,0.0,0.0,0.0,0.0
918007.126,2507.0,-131.0,-131.0,19.650001525878906,0.0,0.0,19.0,19.0,3.0,2507.0,0.0,0.0,0.0,0.0
918017.127,2507.0,-131.0,-131.0,19.650001525878906,0.0,0.0,19.0,19.0,2.0,2507.0,0.0,0.0,0.0,0.0
918028.126,2507.0,-133.0,-133.0,19.950000762939453,0.0,0.0,19.0,19.0,2.0,2507.0,0.0,0.0,0.0,0.0
918039.125,2507.0,-133.0,-133.0,19.950000762939453,0.0,0.0,19.0,19.0,2.0,2507.0,0.0,0.0,0.0,0.0
918050.027,2507.0,-129.0,-131.0,19.650001525878906,0.0,0.0,19.0,19.0,1.0,2507.0,0.0,0.0,0.0,0.0
918060.041,2507.0,-129.0,-129.0,19.350000381469727,0.0,0.0,19.0,19.0,1.0,2507.0,0.0,0.0,0.0,0.0
918070.041,2507.0,-132.0,-132.0,19.80000114440918,0.0,0.0,19.0,19.0,1.0,2507.0,0.0,0.0,0.0,0.0
918080.487,2507.0,-132.0,-132.0,19.80000114440918,0.0,0.0,19.0,19.0,0.0,2507.0,0.0,0.0,0.0,0.0
918091.204,2507.0,-134.0,-134.0,20.100000381469727,0.0,0.0,20.0,20.0,1.0,2507.0,0.0,0.0,0.0,0.0
918102.137,2507.0,-133.0,-133.0,19.950000762939453,0.0,0.0,19.0,19.0,3.0,2507.0,0.0,0.0,0.0,0.0
918112.138,2507.0,-136.0,-136.0,20.400001525878906,0.0,0.0,20.0,20.0,2.0,2507.0,0.0,0.0,0.0,0.0
918123.125,2507.0,-133.0,-133.0,19.950000762939453,0.0,0.0,19.0,19.0,2.0,2507.0,0.0,0.0,0.0,0.0
918134.125,2507.0,-136.0,-136.0,20.400001525878906,0.0,0.0,20.0,20.0,2.0,2507.0,0.0,0.0,0.0,0.0
918145.125,2507.0,-133.0,-133.0,19.950000762939453,0.0,0.0,19.0,19.0,-1.0,2507.0,0.0,0.0,0.0,0.0
918156.17,2507.0,-135.0,-135.0,20.25,0.0,0.0,20.0,20.0,1.0,2507.0,0.0,0.0,0.0,0.0
918166.171,2507.0,-136.0,-136.0,20.400001525878906,0.0,0.0,20.0,20.0,4.0,2507.0,0.0,0.0,0.0,0.0
918176.172,2507.0,-138.0,-138.0,20.700000762939453,0.0,0.0,20.0,20.0,0.0,2507.0,0.0,0.0,0.0,0.0
918187.125,2507.0,-138.0,-138.0,20.700000762939453,0.0,0.0,20.0,20.0,2.0,2507.0,0.0,0.0,0.0,0.0
918197.126,2507.0,-139.0,-139.0,20.850000381469727,0.0,0.0,20.0,20.0,5.0,2507.0,0.0,0.0,0.0,0.0
918208.125,2507.0,-136.0,-136.0,20.400001525878906,0.0,0.0,20.0,20.0,1.0,2507.0,0.0,0.0,0.0,0.0
918219.125,2507.0,-141.0,-141.0,21.150001525878906,0.0,0.0,21.0,21.0,2.0,2507.0,0.0,0.0,0.0,0.0
918229.126,2507.0,-140.0,-140.0,21.0,0.0,0.0,21.0,21.0,2.0,2507.0,0.0,0.0,0.0,0.0
918239.126,2507.0,-138.0,-138.0,20.700000762939453,0.0,0.0,20.0,20.0,3.0,2507.0,0.0,0.0,0.0,0.0
918250.125,2507.0,-139.0,-139.0,20.850000381469727,0.0,0.0,20.0,20.0,2.0,2507.0,0.0,0.0,0.0,0.0
918261.125,2507.0,-137.0,-137.0,20.55000114440918,0.0,0.0,20.0,20.0,1.0,2507.0,0.0,0.0,0.0,0.0
918272.126,2507.0,-140.0,-140.0,21.0,0.0,0.0,21.0,21.0,3.0,2507.0,0.0,0.0,0.0,0.0
918282.126,2507.0,-137.0,-137.0,20.55000114440918,0.0,0.0,20.0,20.0,2.0,2507.0,0.0,0.0,0.0,0.0
918293.098,2507.0,-140.0,-140.0,21.0,0.0,0.0,21.0,21.0,2.0,2507.0,0.0,0.0,0.0,0.0
918304.126,2507.0,-142.0,-142.0,21.30000114440918,0.0,0.0,21.0,21.0,2.0,2507.0,0.0,0.0,0.0,0.0
918315.125,2507.0,-141.0,-141.0,21.150001525878906,0.0,0.0,21.0,21.0,1.0,2507.0,0.0,0.0,0.0,0.0
918325.511,2507.0,-142.0,-142.0,21.30000114440918,0.0,0.0,21.0,21.0,3.0,2507.0,0.0,0.0,0.0,0.0
918336.125,2507.0,-139.0,-139.0,20.850000381469727,0.0,0.0,20.0,20.0,4.0,2507.0,0.0,0.0,0.0,0.0
918347.187,2507.0,-139.0,-139.0,20.850000381469727,0.0,0.0,20.0,20.0,4.0,2507.0,0.0,0.0,0.0,0.0
918358.125,2507.0,-144.0,-144.0,21.600000381469727,0.0,0.0,21.0,21.0,3.0,2507.0,0.0,0.0,0.0,0.0
918368.125,2507.0,-143.0,-143.0,21.450000762939453,0.0,0.0,21.0,21.0,3.0,2507.0,0.0,0.0,0.0,0.0
918378.126,2507.0,-140.0,-140.0,21.0,0.0,0.0,21.0,21.0,3.0,2507.0,0.0,0.0,0.0,0.0
918388.127,2507.0,-141.0,-141.0,21.150001525878906,0.0,0.0,21.0,21.0,2.0,2507.0,0.0,0.0,0.0,0.0
918398.128,2507.0,-141.0,-141.0,21.150001525878906,0.0,0.0,21.0,21.0,2.0,2507.0,0.0,0.0,0.0,0.0
918408.129,2507.0,-145.0,-145.0,21.75,0.0,0.0,21.0,21.0,3.0,2507.0,0.0,0.0,0.0,0.0
918418.962,2507.0,-139.0,-139.0,20.850000381469727,0.0,0.0,20.0,20.0,2.0,2507.0,0.0,0.0,0.0,0.0
918429.126,2507.0,-140.0,-140.0,21.0,0.0,0.0,21.0,21.0,1.0,2507.0,0.0,0.0,0.0,0.0
918440.126,2507.0,-140.0,-140.0,21.0,0.0,0.0,21.0,21.0,1.0,2507.0,0.0,0.0,0.0,0.0
918451.307,2507.0,-139.0,-139.0,20.850000381469727,0.0,0.0,20.0,20.0,1.0,2507.0,0.0,0.0,0.0,0.0
918461.307,2507.0,-141.0,-141.0,21.150001525878906,0.0,0.0,21.0,21.0,3.0,2507.0,0.0,0.0,0.0,0.0
918472.125,2507.0,-141.0,-141.0,21.150001525878906,0.0,0.0,21.0,21.0,1.0,2507.0,0.0,0.0,0.0,0.0
918483.324,2507.0,-142.0,-142.0,21.30000114440918,0.0,0.0,21.0,21.0,3.0,2507.0,0.0,0.0,0.0,0.0
918494.125,2507.0,-143.0,-143.0,21.450000762939453,0.0,0.0,21.0,21.0,3.0,2507.0,0.0,0.0,0.0,0.0
918505.125,2507.0,-139.0,-139.0,20.850000381469727,0.0,0.0,20.0,20.0,4.0,2507.0,0.0,0.0,0.0,0.0
918515.125,2507.0,-141.0,-141.0,21.150001525878906,0.0,0.0,21.0,21.0,2.0,2507.0,0.0,0.0,0.0,0.0
918525.125,2507.0,-141.0,-141.0,21.150001525878906,0.0,0.0,21.0,21.0,2.0,2507.0,0.0,0.0,0.0,0.0
918536.125,2507.0,-140.0,-140.0,21.0,0.0,0.0,21.0,21.0,1.0,2507.0,0.0,0.0,0.0,0.0
918547.126,2507.0,-138.0,-138.0,20.700000762939453,0.0,0.0,20.0,20.0,2.0,2507.0,0.0,0.0,0.0,0.0
918557.576,2507.0,-138.0,-138.0,20.700000762939453,0.0,0.0,20.0,20.0,2.0,2507.0,0.0,0.0,0.0,0.0
918567.577,2507.0,-139.0,-139.0,20.850000381469727,0.0,0.0,20.0,20.0,0.0,2507.0,0.0,0.0,0.0,0.0
918577.578,2507.0,-137.0,-137.0,20.55000114440918,0.0,0.0,20.0,20.0,0.0,2507.0,0.0,0.0,0.0,0.0
918587.579,2507.0,-137.0,-137.0,20.55000114440918,0.0,0.0,20.0,20.0,1.0,2507.0,0.0,0.0,0.0,0.0
918598.126,2507.0,-136.0,-136.0,20.400001525878906,0.0,0.0,20.0,20.0,3.0,2507.0,0.0,0.0,0.0,0.0
918608.127,2507.0,-136.0,-136.0,20.400001525878906,0.0,0.0,20.0,20.0,3.0,2507.0,0.0,0.0,0.0,0.0
918618.128,2507.0,-134.0,-134.0,20.100000381469727,0.0,0.0,20.0,20.0,1.0,2507.0,0.0,0.0,0.0,0.0
918628.129,2507.0,-136.0,-136.0,20.400001525878906,0.0,0.0,20.0,20.0,4.0,2507.0,0.0,0.0,0.0,0.0
918639.125,2507.0,-132.0,-132.0,19.80000114440918,0.0,0.0,19.0,19.0,1.0,2507.0,0.0,0.0,0.0,0.0
918649.125,2507.0,-134.0,-134.0,20.100000381469727,0.0,0.0,20.0,20.0,2.0,2507.0,0.0,0.0,0.0,0.0
918660.28,2507.0,-135.0,-135.0,20.25,0.0,0.0,20.0,20.0,3.0,2507.0,0.0,0.0,0.0,0.0
918670.28,2507.0,-135.0,-135.0,20.25,0.0,0.0,20.0,20.0,3.0,2507.0,0.0,0.0,0.0,0.0
918680.28,2507.0,-136.0,-136.0,20.400001525878906,0.0,0.0,20.0,20.0,3.0,2507.0,0.0,0.0,0.0,0.0
918691.125,2507.0,-133.0,-133.0,19.950000762939453,0.0,0.0,19.0,19.0,3.0,2507.0,0.0,0.0,0.0,0.0
918701.126,2507.0,-134.0,-134.0,20.100000381469727,0.0,0.0,20.0,20.0,4.0,2507.0,0.0,0.0,0.0,0.0
918712.125,2507.0,-131.0,-131.0,19.650001525878906,0.0,0.0,19.0,19.0,-1.0,2507.0,0.0,0.0,0.0,0.0
918722.126,2507.0,-131.0,-131.0,19.650001525878906,0.0,0.0,19.0,19.0,-1.0,2507.0,0.0,0.0,0.0,0.0
918732.127,2507.0,-135.0,-135.0,20.25,0.0,0.0,20.0,20.0,0.0,2507.0,0.0,0.0,0.0,0.0
918743.125,2507.0,-135.0,-135.0,20.25,0.0,0.0,20.0,20.0,3.0,2507.0,0.0,0.0,0.0,0.0
918754.126,2507.0,-135.0,-135.0,20.25,0.0,0.0,20.0,20.0,4.0,2507.0,0.0,0.0,0.0,0.0
918764.129,2507.0,-136.0,-136.0,20.400001525878906,0.0,0.0,20.0,20.0,2.0,2507.0,0.0,0.0,0.0,0.0
918775.125,2507.0,-135.0,-135.0,20.25,0.0,0.0,20.0,20.0,2.0,2507.0,0.0,0.0,0.0,0.0
918785.125,2507.0,-134.0,-134.0,20.100000381469727,0.0,0.0,20.0,20.0,-1.0,2507.0,0.0,0.0,0.0,0.0
918795.125,2507.0,-134.0,-134.0,20.100000381469727,0.0,0.0,20.0,20.0,-1.0,2507.0,0.0,0.0,0.0,0.0
918806.125,2507.0,-136.0,-136.0,20.400001525878906,0.0,0.0,20.0,20.0,4.0,2507.0,0.0,0.0,0.0,0.0
918817.126,2507.0,-136.0,-136.0,20.400001525878906,0.0,0.0,20.0,20.0,5.0,2507.0,0.0,0.0,0.0,0.0
918827.127,2507.0,-138.0,-138.0,20.700000762939453,0.0,0.0,20.0,20.0,2.0,2507.0,0.0,0.0,0.0,0.0
918837.643,2507.0,-133.0,-133.0,19.950000762939453,0.0,0.0,19.0,19.0,1.0,2507.0,0.0,0.0,0.0,0.0
918848.125,2507.0,-138.0,-138.0,20.700000762939453,0.0,0.0,20.0,20.0,4.0,2507.0,0.0,0.0,0.0,0.0
918858.173,2507.0,-133.0,-133.0,19.950000762939453,0.0,0.0,19.0,19.0,1.0,2507.0,0.0,0.0,0.0,0.0
918869.126,2507.0,-139.0,-139.0,20.850000381469727,0.0,0.0,20.0,20.0,3.0,2507.0,0.0,0.0,0.0,0.0
918879.131,2507.0,-136.0,-136.0,20.400001525878906,0.0,0.0,20.0,20.0,1.0,2507.0,0.0,0.0,0.0,0.0
918890.192,2507.0,-138.0,-138.0,20.700000762939453,0.0,0.0,20.0,20.0,1.0,2507.0,0.0,0.0,0.0,0.0
918901.125,2507.0,-139.0,-139.0,20.850000381469727,0.0,0.0,20.0,20.0,1.0,2507.0,0.0,0.0,0.0,0.0
918911.252,2507.0,-139.0,-139.0,20.850000381469727,0.0,0.0,20.0,20.0,1.0,2507.0,0.0,0.0,0.0,0.0
918921.253,2507.0,-136.0,-136.0,20.400001525878906,0.0,0.0,20.0,20.0,2.0,2507.0,0.0,0.0,0.0,0.0
918931.253,2507.0,-136.0,-136.0,20.400001525878906,0.0,0.0,20.0,20.0,4.0,2507.0,0.0,0.0,0.0,0.0
918942.125,2507.0,-138.0,-138.0,20.700000762939453,0.0,0.0,20.0,20.0,2.0,2507.0,0.0,0.0,0.0,0.0
918952.126,2507.0,-137.0,-137.0,20.55000114440918,0.0,0.0,20.0,20.0,0.0,2507.0,0.0,0.0,0.0,0.0
918963.125,2507.0,-137.0,-137.0,20.55000114440918,0.0,0.0,20.0,20.0,0.0,2507.0,0.0,0.0,0.0,0.0
918974.125,2507.0,-134.0,-134.0,20.100000381469727,0.0,0.0,20.0,20.0,1.0,2507.0,0.0,0.0,0.0,0.0
918985.125,2507.0,-134.0,-134.0,20.100000381469727,0.0,0.0,20.0,20.0,2.0,2507.0,0.0,0.0,0.0,0.0
918995.872,2507.0,-134.0,-134.0,20.100000381469727,0.0,0.0,20.0,20.0,0.0,2507.0,0.0,0.0,0.0,0.0
919006.126,2507.0,-132.0,-132.0,19.80000114440918,0.0,0.0,19.0,19.0,0.0,2507.0,0.0,0.0,0.0,0.0
919017.125,2507.0,-129.0,-129.0,19.350000381469727,0.0,0.0,19.0,19.0,5.0,2507.0,0.0,0.0,0.0,0.0
919028.293,2507.0,-134.0,-134.0,20.100000381469727,0.0,0.0,20.0,20.0,1.0,2507.0,0.0,0.0,0.0,0.0
919038.293,2507.0,-134.0,-134.0,20.100000381469727,0.0,0.0,20.0,20.0,3.0,2507.0,0.0,0.0,0.0,0.0
919048.294,2507.0,-136.0,-136.0,20.400001525878906,0.0,0.0,20.0,20.0,3.0,2507.0,0.0,0.0,0.0,0.0
919058.295,2507.0,-133.0,-133.0,19.950000762939453,0.0,0.0,19.0,19.0,0.0,2507.0,0.0,0.0,0.0,0.0
919068.296,2507.0,-134.0,-134.0,20.100000381469727,0.0,0.0,20.0,20.0,0.0,2507.0,0.0,0.0,0.0,0.0
919079.125,2507.0,-134.0,-134.0,20.100000381469727,0.0,0.0,20.0,20.0,3.0,2507.0,0.0,0.0,0.0,0.0
919089.778,2507.0,-135.0,-135.0,20.25,0.0,0.0,20.0,20.0,1.0,2507.0,0.0,0.0,0.0,0.0
919099.779,2507.0,-132.0,-132.0,19.80000114440918,0.0,0.0,19.0,19.0,2.0,2507.0,0.0,0.0,0.0,0.0
919110.125,2507.0,-131.0,-131.0,19.650001525878906,0.0,0.0,19.0,19.0,3.0,2507.0,0.0,0.0,0.0,0.0
919120.126,2507.0,-131.0,-131.0,19.650001525878906,0.0,0.0,19.0,19.0,3.0,2507.0,0.0,0.0,0.0,0.0
919131.125,2507.0,-137.0,-137.0,20.55000114440918,0.0,0.0,20.0,20.0,2.0,2507.0,0.0,0.0,0.0,0.0
919141.126,2507.0,-134.0,-134.0,20.100000381469727,0.0,0.0,20.0,20.0,2.0,2507.0,0.0,0.0,0.0,0.0
919152.098,2507.0,-136.0,-136.0,20.400001525878906,0.0,0.0,20.0,20.0,2.0,2507.0,0.0,0.0,0.0,0.0
919163.125,2507.0,-135.0,-135.0,20.25,0.0,0.0,20.0,20.0,-2.0,2507.0,0.0,0.0,0.0,0.0
919174.126,2507.0,-134.0,-134.0,20.100000381469727,0.0,0.0,20.0,20.0,1.0,2507.0,0.0,0.0,0.0,0.0
919184.126,2507.0,-133.0,-133.0,19.950000762939453,0.0,0.0,19.0,19.0,2.0,2507.0,0.0,0.0,0.0,0.0
919194.127,2507.0,-133.0,-133.0,19.950000762939453,0.0,0.0,19.0,19.0,2.0,2507.0,0.0,0.0,0.0,0.0
919204.128,2507.0,-134.0,-134.0,20.100000381469727,0.0,0.0,20.0,20.0,4.0,2507.0,0.0,0.0,0.0,0.0
919214.129,2507.0,-134.0,-134.0,20.100000381469727,0.0,0.0,20.0,20.0,1.0,2507.0,0.0,0.0,0.0,0.0
919225.125,2507.0,-133.0,-133.0,19.950000762939453,0.0,0.0,19.0,19.0,-1.0,2507.0,0.0,0.0,0.0,0.0
919235.126,2507.0,-132.0,-132.0,19.80000114440918,0.0,0.0,19.0,19.0,4.0,2507.0,0.0,0.0,0.0,0.0
919245.127,2507.0,-132.0,-132.0,19.80000114440918,0.0,0.0,19.0,19.0,4.0,2507.0,0.0,0.0,0.0,0.0
919255.709,2507.0,-136.0,-136.0,20.400001525878906,0.0,0.0,20.0,20.0,0.0,2507.0,0.0,0.0,0.0,0.0
919265.71,2507.0,-134.0,-134.0,20.100000381469727,0.0,0.0,20.0,20.0,1.0,2507.0,0.0,0.0,0.0,0.0
919275.711,2507.0,-134.0,-134.0,20.100000381469727,0.0,0.0,20.0,20.0,1.0,2507.0,0.0,0.0,0.0,0.0
919285.711,2507.0,-136.0,-136.0,20.400001525878906,0.0,0.0,20.0,20.0,1.0,2507.0,0.0,0.0,0.0,0.0
919295.711,2507.0,-136.0,-136.0,20.400001525878906,0.0,0.0,20.0,20.0,1.0,2507.0,0.0,0.0,0.0,0.0
919305.712,2507.0,-134.0,-134.0,20.100000381469727,0.0,0.0,20.0,20.0,3.0,2507.0,0.0,0.0,0.0,0.0
919315.714,2507.0,-133.0,-133.0,19.950000762939453,0.0,0.0,19.0,19.0,4.0,2507.0,0.0,0.0,0.0,0.0
919325.715,2507.0,-132.0,-132.0,19.80000114440918,0.0,0.0,19.0,19.0,3.0,2507.0,0.0,0.0,0.0,0.0
919335.716,2507.0,-137.0,-137.0,20.55000114440918,0.0,0.0,20.0,20.0,1.0,2507.0,0.0,0.0,0.0,0.0
919346.125,2507.0,-134.0,-134.0,20.100000381469727,0.0,0.0,20.0,20.0,4.0,2507.0,0.0,0.0,0.0,0.0
919356.276,2507.0,-135.0,-135.0,20.25,0.0,0.0,20.0,20.0,3.0,2507.0,0.0,0.0,0.0,0.0
919367.125,2507.0,-135.0,-135.0,20.25,0.0,0.0,20.0,20.0,0.0,2507.0,0.0,0.0,0.0,0.0
919377.125,2507.0,-135.0,-135.0,20.25,0.0,0.0,20.0,20.0,-2.0,2507.0,0.0,0.0,0.0,0.0
919387.72,2507.0,-132.0,-132.0,19.80000114440918,0.0,0.0,19.0,19.0,1.0,2507.0,0.0,0.0,0.0,0.0
919398.125,2507.0,-132.0,-132.0,19.80000114440918,0.0,0.0,19.0,19.0,0.0,2507.0,0.0,0.0,0.0,0.0
919408.597,2507.0,-134.0,-134.0,20.100000381469727,0.0,0.0,20.0,20.0,1.0,2507.0,0.0,0.0,0.0,0.0
919418.598,2507.0,-132.0,-132.0,19.80000114440918,0.0,0.0,19.0,19.0,3.0,2507.0,0.0,0.0,0.0,0.0
919428.602,2507.0,-132.0,-132.0,19.80000114440918,0.0,0.0,19.0,19.0,3.0,2507.0,0.0,0.0,0.0,0.0
919439.125,2507.0,-135.0,-135.0,20.25,0.0,0.0,20.0,20.0,2.0,2507.0,0.0,0.0,0.0,0.0
919449.125,2507.0,-133.0,-133.0,19.950000762939453,0.0,0.0,19.0,19.0,3.0,2507.0,0.0,0.0,0.0,0.0
919460.125,2507.0,-134.0,-134.0,20.100000381469727,0.0,0.0,20.0,20.0,1.0,2507.0,0.0,0.0,0.0,0.0
919470.126,2507.0,-133.0,-133.0,19.950000762939453,0.0,0.0,19.0,19.0,1.0,2507.0,0.0,0.0,0.0,0.0
919480.126,2507.0,-132.0,-132.0,19.80000114440918,0.0,0.0,19.0,19.0,0.0,2507.0,0.0,0.0,0.0,0.0
919490.128,2507.0,-132.0,-132.0,19.80000114440918,0.0,0.0,19.0,19.0,1.0,2507.0,0.0,0.0,0.0,0.0
919500.128,2507.0,-132.0,-132.0,19.80000114440918,0.0,0.0,19.0,19.0,1.0,2507.0,0.0,0.0,0.0,0.0
919510.128,2507.0,-135.0,-135.0,20.25,0.0,0.0,20.0,20.0,2.0,2507.0,0.0,0.0,0.0,0.0
919520.128,2507.0,-136.0,-136.0,20.400001525878906,0.0,0.0,20.0,20.0,3.0,2507.0,0.0,0.0,0.0,0.0
919530.128,2507.0,-136.0,-136.0,20.400001525878906,0.0,0.0,20.0,20.0,3.0,2507.0,0.0,0.0,0.0,0.0
919540.129,2507.0,-134.0,-134.0,20.100000381469727,0.0,0.0,20.0,20.0,0.0,2507.0,0.0,0.0,0.0,0.0
919551.129,2507.0,-134.0,-134.0,20.100000381469727,0.0,0.0,20.0,20.0,0.0,2507.0,0.0,0.0,0.0,0.0
919561.129,2507.0,-131.0,-131.0,19.650001525878906,0.0,0.0,19.0,19.0,2.0,2507.0,0.0,0.0,0.0,0.0
919571.129,2507.0,-131.0,-131.0,19.650001525878906,0.0,0.0,19.0,19.0,2.0,2507.0,0.0,0.0,0.0,0.0
919582.04,2507.0,-133.0,-133.0,19.950000762939453,0.0,0.0,19.0,19.0,2.0,2507.0,0.0,0.0,0.0,0.0
919592.041,2507.0,-133.0,-133.0,19.950000762939453,0.0,0.0,19.0,19.0,2.0,2507.0,0.0,0.0,0.0,0.0
919602.041,2507.0,-136.0,-136.0,20.400001525878906,0.0,0.0,20.0,20.0,1.0,2507.0,0.0,0.0,0.0,0.0
919612.041,2507.0,-135.0,-135.0,20.25,0.0,0.0,20.0,20.0,1.0,2507.0,0.0,0.0,0.0,0.0
919622.041,2507.0,-134.0,-134.0,20.100000381469727,0.0,0.0,20.0,20.0,3.0,2507.0,0.0,0.0,0.0,0.0
919633.041,2507.0,-134.0,-134.0,20.100000381469727,0.0,0.0,20.0,20.0,0.0,2507.0,0.0,0.0,0.0,0.0
919643.043,2507.0,-135.0,-135.0,20.25,0.0,0.0,20.0,20.0,0.0,2507.0,0.0,0.0,0.0,0.0
919654.125,2507.0,-134.0,-134.0,20.100000381469727,0.0,0.0,20.0,20.0,2.0,2507.0,0.0,0.0,0.0,0.0
919664.126,2507.0,-133.0,-133.0,19.950000762939453,0.0,0.0,19.0,19.0,1.0,2507.0,0.0,0.0,0.0,0.0
919675.126,2507.0,-135.0,-135.0,20.25,0.0,0.0,20.0,20.0,1.0,2507.0,0.0,0.0,0.0,0.0
919686.125,2507.0,-132.0,-132.0,19.80000114440918,0.0,0.0,19.0,19.0,2.0,2507.0,0.0,0.0,0.0,0.0
919697.126,2507.0,-134.0,-134.0,20.100000381469727,0.0,0.0,20.0,20.0,2.0,2507.0,0.0,0.0,0.0,0.0
919707.126,2507.0,-137.0,-137.0,20.55000114440918,0.0,0.0,20.0,20.0,1.0,2507.0,0.0,0.0,0.0,0.0
919718.125,2507.0,-135.0,-135.0,20.25,0.0,0.0,20.0,20.0,4.0,2507.0,0.0,0.0,0.0,0.0
919728.125,2507.0,-135.0,-135.0,20.25,0.0,0.0,20.0,20.0,3.0,2507.0,0.0,0.0,0.0,0.0
919739.125,2507.0,-135.0,-135.0,20.25,0.0,0.0,20.0,20.0,3.0,2507.0,0.0,0.0,0.0,0.0
919750.125,2507.0,-133.0,-133.0,19.950000762939453,0.0,0.0,19.0,19.0,2.0,2507.0,0.0,0.0,0.0,0.0
919760.125,2507.0,-135.0,-135.0,20.25,0.0,0.0,20.0,20.0,4.0,2507.0,0.0,0.0,0.0,0.0
919770.125,2507.0,-132.0,-132.0,19.80000114440918,0.0,0.0,19.0,19.0,-1.0,2507.0,0.0,0.0,0.0,0.0
919781.125,2507.0,-135.0,-135.0,20.25,0.0,0.0,20.0,20.0,1.0,2507.0,0.0,0.0,0.0,0.0
919792.125,2507.0,-133.0,-133.0,19.950000762939453,0.0,0.0,19.0,19.0,3.0,2507.0,0.0,0.0,0.0,0.0
919802.126,2507.0,-134.0,-134.0,20.100000381469727,0.0,0.0,20.0,20.0,1.0,2507.0,0.0,0.0,0.0,0.0
919812.126,2507.0,-137.0,-137.0,20.55000114440918,0.0,0.0,20.0,20.0,1.0,2507.0,0.0,0.0,0.0,0.0
919822.151,2507.0,-137.0,-137.0,20.55000114440918,0.0,0.0,20.0,20.0,1.0,2507.0,0.0,0.0,0.0,0.0
919832.152,2507.0,-132.0,-132.0,19.80000114440918,0.0,0.0,19.0,19.0,2.0,2507.0,0.0,0.0,0.0,0.0
919843.127,2507.0,-133.0,-133.0,19.950000762939453,0.0,0.0,19.0,19.0,3.0,2507.0,0.0,0.0,0.0,0.0
919853.128,2507.0,-133.0,-133.0,19.950000762939453,0.0,0.0,19.0,19.0,1.0,2507.0,0.0,0.0,0.0,0.0
919863.128,2507.0,-132.0,-132.0,19.80000114440918,0.0,0.0,19.0,19.0,2.0,2507.0,0.0,0.0,0.0,0.0
919873.129,2507.0,-134.0,-132.0,19.80000114440918,0.0,0.0,19.0,19.0,3.0,2507.0,0.0,0.0,0.0,0.0
919883.13,2507.0,-134.0,-134.0,20.100000381469727,0.0,0.0,20.0,20.0,3.0,2507.0,0.0,0.0,0.0,0.0
919893.845,2507.0,-133.0,-133.0,19.950000762939453,0.0,0.0,19.0,19.0,2.0,2507.0,0.0,0.0,0.0,0.0
919903.845,2507.0,-132.0,-132.0,19.80000114440918,0.0,0.0,19.0,19.0,0.0,2507.0,0.0,0.0,0.0,0.0
919914.041,2507.0,-133.0,-133.0,19.950000762939453,0.0,0.0,19.0,19.0,2.0,2507.0,0.0,0.0,0.0,0.0
919924.041,2507.0,-133.0,-133.0,19.950000762939453,0.0,0.0,19.0,19.0,2.0,2507.0,0.0,0.0,0.0,0.0
919934.041,2507.0,-136.0,-136.0,20.400001525878906,0.0,0.0,20.0,20.0,1.0,2507.0,0.0,0.0,0.0,0.0
919945.04,2507.0,-134.0,-134.0,20.100000381469727,0.0,0.0,20.0,20.0,-3.0,2507.0,0.0,0.0,0.0,0.0
919955.041,2507.0,-135.0,-135.0,20.25,0.0,0.0,20.0,20.0,2.0,2507.0,0.0,0.0,0.0,0.0
919965.041,2507.0,-133.0,-133.0,19.950000762939453,0.0,0.0,19.0,19.0,3.0,2507.0,0.0,0.0,0.0,0.0
919975.042,2507.0,-133.0,-133.0,19.950000762939453,0.0,0.0,19.0,19.0,1.0,2507.0,0.0,0.0,0.0,0.0
919986.125,2507.0,-135.0,-135.0,20.25,0.0,0.0,20.0,20.0,4.0,2507.0,0.0,0.0,0.0,0.0
919996.125,2507.0,-135.0,-135.0,20.25,0.0,0.0,20.0,20.0,4.0,2507.0,0.0,0.0,0.0,0.0
920006.125,2507.0,-132.0,-132.0,19.80000114440918,0.0,0.0,19.0,19.0,1.0,2507.0,0.0,0.0,0.0,0.0
920016.126,2507.0,-132.0,-132.0,19.80000114440918,0.0,0.0,19.0,19.0,2.0,2507.0,0.0,0.0,0.0,0.0
920026.127,2507.0,-133.0,-133.0,19.950000762939453,0.0,0.0,19.0,19.0,1.0,2507.0,0.0,0.0,0.0,0.0
920036.128,2507.0,-133.0,-133.0,19.950000762939453,0.0,0.0,19.0,19.0,2.0,2507.0,0.0,0.0,0.0,0.0
920046.128,2507.0,-136.0,-136.0,20.400001525878906,0.0,0.0,20.0,20.0,0.0,2507.0,0.0,0.0,0.0,0.0
920057.125,2507.0,-135.0,-135.0,20.25,0.0,0.0,20.0,20.0,2.0,2507.0,0.0,0.0,0.0,0.0
920067.136,2507.0,-136.0,-136.0,20.400001525878906,0.0,0.0,20.0,20.0,1.0,2507.0,0.0,0.0,0.0,0.0
920078.126,2507.0,-130.0,-130.0,19.5,0.0,0.0,19.0,19.0,0.0,2507.0,0.0,0.0,0.0,0.0
920089.125,2507.0,-134.0,-134.0,20.100000381469727,0.0,0.0,20.0,20.0,2.0,2507.0,0.0,0.0,0.0,0.0
920100.141,2507.0,-134.0,-134.0,20.100000381469727,0.0,0.0,20.0,20.0,2.0,2507.0,0.0,0.0,0.0,0.0
920110.142,2507.0,-133.0,-133.0,19.950000762939453,0.0,0.0,19.0,19.0,3.0,2507.0,0.0,0.0,0.0,0.0
920120.143,2507.0,-134.0,-134.0,20.100000381469727,0.0,0.0,20.0,20.0,4.0,2507.0,0.0,0.0,0.0,0.0
920130.144,2507.0,-134.0,-134.0,20.100000381469727,0.0,0.0,20.0,20.0,3.0,2507.0,0.0,0.0,0.0,0.0
920141.125,2507.0,-132.0,-132.0,19.80000114440918,0.0,0.0,19.0,19.0,0.0,2507.0,0.0,0.0,0.0,0.0
920151.758,2507.0,-134.0,-134.0,20.100000381469727,0.0,0.0,20.0,20.0,3.0,2507.0,0.0,0.0,0.0,0.0
920162.125,2507.0,-134.0,-134.0,20.100000381469727,0.0,0.0,20.0,20.0,1.0,2507.0,0.0,0.0,0.0,0.0
920172.125,2507.0,-135.0,-135.0,20.25,0.0,0.0,20.0,20.0,3.0,2507.0,0.0,0.0,0.0,0.0
920182.125,2507.0,-132.0,-132.0,19.80000114440918,0.0,0.0,19.0,19.0,2.0,2507.0,0.0,0.0,0.0,0.0
920193.221,2507.0,-131.0,-131.0,19.650001525878906,0.0,0.0,19.0,19.0,3.0,2507.0,0.0,0.0,0.0,0.0
920204.125,2507.0,-135.0,-135.0,20.25,0.0,0.0,20.0,20.0,4.0,2507.0,0.0,0.0,0.0,0.0
920214.324,2507.0,-134.0,-134.0,20.100000381469727,0.0,0.0,20.0,20.0,1.0,2507.0,0.0,0.0,0.0,0.0
920224.324,2507.0,-136.0,-136.0,20.400001525878906,0.0,0.0,20.0,20.0,1.0,2507.0,0.0,0.0,0.0,0.0
920234.324,2507.0,-134.0,-134.0,20.100000381469727,0.0,0.0,20.0,20.0,2.0,2507.0,0.0,0.0,0.0,0.0
920244.324,2507.0,-134.0,-134.0,20.100000381469727,0.0,0.0,20.0,20.0,0.0,2507.0,0.0,0.0,0.0,0.0
920255.126,2507.0,-134.0,-134.0,20.100000381469727,0.0,0.0,20.0,20.0,0.0,2507.0,0.0,0.0,0.0,0.0
920265.127,2507.0,-129.0,-129.0,19.350000381469727,0.0,0.0,19.0,19.0,0.0,2507.0,0.0,0.0,0.0,0.0
920276.125,2507.0,-136.0,-136.0,20.400001525878906,0.0,0.0,20.0,20.0,2.0,2507.0,0.0,0.0,0.0,0.0
920287.128,2507.0,-135.0,-135.0,20.25,0.0,0.0,20.0,20.0,2.0,2507.0,0.0,0.0,0.0,0.0
920297.128,2507.0,-134.0,-134.0,20.100000381469727,0.0,0.0,20.0,20.0,4.0,2507.0,0.0,0.0,0.0,0.0
920308.125,2507.0,-134.0,-134.0,20.100000381469727,0.0,0.0,20.0,20.0,1.0,2507.0,0.0,0.0,0.0,0.0
920318.867,2507.0,-133.0,-133.0,19.950000762939453,0.0,0.0,19.0,19.0,2.0,2507.0,0.0,0.0,0.0,0.0
920329.125,2507.0,-133.0,-133.0,19.950000762939453,0.0,0.0,19.0,19.0,2.0,2507.0,0.0,0.0,0.0,0.0
920339.125,2507.0,-135.0,-135.0,20.25,0.0,0.0,20.0,20.0,4.0,2507.0,0.0,0.0,0.0,0.0
920349.125,2507.0,-133.0,-133.0,19.950000762939453,0.0,0.0,19.0,19.0,1.0,2507.0,0.0,0.0,0.0,0.0
920360.125,2507.0,-134.0,-134.0,20.100000381469727,0.0,0.0,20.0,20.0,3.0,2507.0,0.0,0.0,0.0,0.0
920371.125,2507.0,-132.0,-132.0,19.80000114440918,0.0,0.0,19.0,19.0,6.0,2507.0,0.0,0.0,0.0,0.0
920382.125,2507.0,-132.0,-132.0,19.80000114440918,0.0,0.0,19.0,19.0,1.0,2507.0,0.0,0.0,0.0,0.0
920392.648,2507.0,-133.0,-133.0,19.950000762939453,0.0,0.0,19.0,19.0,-3.0,2507.0,0.0,0.0,0.0,0.0
920403.125,2507.0,-134.0,-134.0,20.100000381469727,0.0,0.0,20.0,20.0,0.0,2507.0,0.0,0.0,0.0,0.0
920413.125,2507.0,-129.0,-129.0,19.350000381469727,0.0,0.0,19.0,19.0,6.0,2507.0,0.0,0.0,0.0,0.0
920423.125,2507.0,-133.0,-133.0,19.950000762939453,0.0,0.0,19.0,19.0,4.0,2507.0,0.0,0.0,0.0,0.0
920433.125,2507.0,-133.0,-133.0,19.950000762939453,0.0,0.0,19.0,19.0,0.0,2507.0,0.0,0.0,0.0,0.0
920444.125,2507.0,-134.0,-134.0,20.100000381469727,0.0,0.0,20.0,20.0,3.0,2507.0,0.0,0.0,0.0,0.0
920454.126,2507.0,-134.0,-134.0,20.100000381469727,0.0,0.0,20.0,20.0,4.0,2507.0,0.0,0.0,0.0,0.0
920464.126,2507.0,-132.0,-132.0,19.80000114440918,0.0,0.0,19.0,19.0,5.0,2507.0,0.0,0.0,0.0,0.0
920474.126,2507.0,-133.0,-133.0,19.950000762939453,0.0,0.0,19.0,19.0,2.0,2507.0,0.0,0.0,0.0,0.0
920484.127,2507.0,-134.0,-134.0,20.100000381469727,0.0,0.0,20.0,20.0,1.0,2507.0,0.0,0.0,0.0,0.0
920495.125,2507.0,-136.0,-136.0,20.400001525878906,0.0,0.0,20.0,20.0,0.0,2507.0,0.0,0.0,0.0,0.0
920506.125,2507.0,-137.0,-137.0,20.55000114440918,0.0,0.0,20.0,20.0,1.0,2507.0,0.0,0.0,0.0,0.0
920516.126,2507.0,-133.0,-133.0,19.950000762939453,0.0,0.0,19.0,19.0,3.0,2507.0,0.0,0.0,0.0,0.0
920526.127,2507.0,-133.0,-133.0,19.950000762939453,0.0,0.0,19.0,19.0,3.0,2507.0,0.0,0.0,0.0,0.0
920537.125,2507.0,-136.0,-136.0,20.400001525878906,0.0,0.0,20.0,20.0,4.0,2507.0,0.0,0.0,0.0,0.0
920548.126,2507.0,-133.0,-133.0,19.950000762939453,0.0,0.0,19.0,19.0,3.0,2507.0,0.0,0.0,0.0,0.0
920559.125,2507.0,-133.0,-133.0,19.950000762939453,0.0,0.0,19.0,19.0,1.0,2507.0,0.0,0.0,0.0,0.0
920569.125,2507.0,-135.0,-135.0,20.25,0.0,0.0,20.0,20.0,4.0,2507.0,0.0,0.0,0.0,0.0
920580.125,2507.0,-134.0,-134.0,20.100000381469727,0.0,0.0,20.0,20.0,4.0,2507.0,0.0,0.0,0.0,0.0
920590.125,2507.0,-132.0,-132.0,19.80000114440918,0.0,0.0,19.0,19.0,3.0,2507.0,0.0,0.0,0.0,0.0
920601.125,2507.0,-136.0,-136.0,20.400001525878906,0.0,0.0,20.0,20.0,3.0,2507.0,0.0,0.0,0.0,0.0
920611.126,2507.0,-134.0,-134.0,20.100000381469727,0.0,0.0,20.0,20.0,5.0,2507.0,0.0,0.0,0.0,0.0
920621.126,2507.0,-134.0,-134.0,20.100000381469727,0.0,0.0,20.0,20.0,5.0,2507.0,0.0,0.0,0.0,0.0
920631.277,2507.0,-134.0,-134.0,20.100000381469727,0.0,0.0,20.0,20.0,0.0,2507.0,0.0,0.0,0.0,0.0
920641.277,2507.0,-135.0,-135.0,20.25,0.0,0.0,20.0,20.0,1.0,2507.0,0.0,0.0,0.0,0.0
920651.278,2507.0,-132.0,-132.0,19.80000114440918,0.0,0.0,19.0,19.0,1.0,2507.0,0.0,0.0,0.0,0.0
920662.125,2507.0,-133.0,-133.0,19.950000762939453,0.0,0.0,19.0,19.0,3.0,2507.0,0.0,0.0,0.0,0.0
920672.332,2507.0,-133.0,-133.0,19.950000762939453,0.0,0.0,19.0,19.0,3.0,2507.0,0.0,0.0,0.0,0.0
920683.125,2507.0,-133.0,-133.0,19.950000762939453,0.0,0.0,19.0,19.0,2.0,2507.0,0.0,0.0,0.0,0.0
920694.125,2507.0,-132.0,-132.0,19.80000114440918,0.0,0.0,19.0,19.0,4.0,2507.0,0.0,0.0,0.0,0.0
920704.159,2507.0,-132.0,-132.0,19.80000114440918,0.0,0.0,19.0,19.0,4.0,2507.0,0.0,0.0,0.0,0.0
920714.159,2507.0,-134.0,-134.0,20.100000381469727,0.0,0.0,20.0,20.0,2.0,2507.0,0.0,0.0,0.0,0.0
920724.161,2507.0,-134.0,-134.0,20.100000381469727,0.0,0.0,20.0,20.0,2.0,2507.0,0.0,0.0,0.0,0.0
920734.244,2506.0,-133.0,-133.0,19.950000762939453,0.0,0.0,19.0,19.0,2.0,2507.0,0.0,0.0,0.0,0.0
920744.244,2507.0,-134.0,-134.0,20.100000381469727,0.0,0.0,20.0,20.0,5.0,2507.0,0.0,0.0,0.0,0.0
920755.291,2507.0,-132.0,-132.0,19.80000114440918,0.0,0.0,19.0,19.0,1.0,2507.0,0.0,0.0,0.0,0.0
920765.292,2507.0,-133.0,-133.0,19.950000762939453,0.0,0.0,19.0,19.0,0.0,2507.0,0.0,0.0,0.0,0.0
920775.292,2507.0,-135.0,-135.0,20.25,0.0,0.0,20.0,20.0,1.0,2507.0,0.0,0.0,0.0,0.0
920785.292,2507.0,-135.0,-135.0,20.25,0.0,0.0,20.0,20.0,1.0,2507.0,0.0,0.0,0.0,0.0
920795.292,2507.0,-136.0,-136.0,20.400001525878906,0.0,0.0,20.0,20.0,2.0,2507.0,0.0,0.0,0.0,0.0
920805.292,2507.0,-135.0,-135.0,20.25,0.0,0.0,20.0,20.0,1.0,2507.0,0.0,0.0,0.0,0.0
920815.292,2507.0,-134.0,-134.0,20.100000381469727,0.0,0.0,20.0,20.0,3.0,2507.0,0.0,0.0,0.0,0.0
920825.292,2507.0,-136.0,-136.0,20.400001525878906,0.0,0.0,20.0,20.0,3.0,2507.0,0.0,0.0,0.0,0.0
920835.293,2507.0,-135.0,-135.0,20.25,0.0,0.0,20.0,20.0,1.0,2507.0,0.0,0.0,0.0,0.0
920845.294,2507.0,-136.0,-136.0,20.400001525878906,0.0,0.0,20.0,20.0,1.0,2507.0,0.0,0.0,0.0,0.0
920856.137,2507.0,-136.0,-136.0,20.400001525878906,0.0,0.0,20.0,20.0,1.0,2507.0,0.0,0.0,0.0,0.0
920866.138,2507.0,-134.0,-134.0,20.100000381469727,0.0,0.0,20.0,20.0,3.0,2507.0,0.0,0.0,0.0,0.0
920877.125,2507.0,-134.0,-134.0,20.100000381469727,0.0,0.0,20.0,20.0,1.0,2507.0,0.0,0.0,0.0,0.0
920888.125,2507.0,-133.0,-133.0,19.950000762939453,0.0,0.0,19.0,19.0,5.0,2507.0,0.0,0.0,0.0,0.0
920898.126,2507.0,-132.0,-132.0,19.80000114440918,0.0,0.0,19.0,19.0,3.0,2507.0,0.0,0.0,0.0,0.0
920908.127,2507.0,-134.0,-134.0,20.100000381469727,0.0,0.0,20.0,20.0,4.0,2507.0,0.0,0.0,0.0,0.0
920919.126,2507.0,-136.0,-136.0,20.400001525878906,0.0,0.0,20.0,20.0,2.0,2507.0,0.0,0.0,0.0,0.0
920930.126,2506.0,-136.0,-136.0,20.400001525878906,0.0,0.0,20.0,20.0,6.0,2507.0,0.0,0.0,0.0,0.0
920941.125,2506.0,-134.0,-134.0,20.100000381469727,0.0,0.0,20.0,20.0,0.0,2507.0,0.0,0.0,0.0,0.0
920952.125,2506.0,-133.0,-133.0,19.950000762939453,0.0,0.0,19.0,19.0,2.0,2506.0,0.0,0.0,0.0,0.0
920962.665,2506.0,-134.0,-134.0,20.100000381469727,0.0,0.0,20.0,20.0,0.0,2506.0,0.0,0.0,0.0,0.0
920972.665,2506.0,-135.0,-135.0,20.25,0.0,0.0,20.0,20.0,4.0,2506.0,0.0,0.0,0.0,0.0
920982.776,2506.0,-134.0,-134.0,20.100000381469727,0.0,0.0,20.0,20.0,3.0,2506.0,0.0,0.0,0.0,0.0
920992.776,2506.0,-133.0,-133.0,19.950000762939453,0.0,0.0,19.0,19.0,3.0,2506.0,0.0,0.0,0.0,0.0
921003.288,2506.0,-134.0,-134.0,20.100000381469727,0.0,0.0,20.0,20.0,0.0,2506.0,0.0,0.0,0.0,0.0
921013.289,2506.0,-133.0,-133.0,19.950000762939453,0.0,0.0,19.0,19.0,3.0,2506.0,0.0,0.0,0.0,0.0
921023.289,2506.0,-135.0,-135.0,20.25,0.0,0.0,20.0,20.0,2.0,2506.0,0.0,0.0,0.0,0.0
921034.125,2506.0,-134.0,-134.0,20.100000381469727,0.0,0.0,20.0,20.0,1.0,2506.0,0.0,0.0,0.0,0.0
921044.125,2506.0,-134.0,-134.0,20.100000381469727,0.0,0.0,20.0,20.0,1.0,2506.0,0.0,0.0,0.0,0.0
921054.125,2506.0,-133.0,-133.0,19.950000762939453,0.0,0.0,19.0,19.0,0.0,2506.0,0.0,0.0,0.0,0.0
921065.125,2506.0,-136.0,-136.0,20.400001525878906,0.0,0.0,20.0,20.0,2.0,2506.0,0.0,0.0,0.0,0.0
921075.125,2506.0,-134.0,-134.0,20.100000381469727,0.0,0.0,20.0,20.0,4.0,2506.0,0.0,0.0,0.0,0.0
921085.126,2506.0,-134.0,-134.0,20.100000381469727,0.0,0.0,20.0,20.0,2.0,2506.0,0.0,0.0,0.0,0.0
921096.142,2506.0,-136.0,-136.0,20.400001525878906,0.0,0.0,20.0,20.0,3.0,2506.0,0.0,0.0,0.0,0.0
921107.126,2506.0,-135.0,-135.0,20.25,0.0,0.0,20.0,20.0,-2.0,2506.0,0.0,0.0,0.0,0.0
921118.125,2506.0,-133.0,-133.0,19.950000762939453,0.0,0.0,19.0,19.0,3.0,2506.0,0.0,0.0,0.0,0.0
921128.96,2506.0,-132.0,-132.0,19.80000114440918,0.0,0.0,19.0,19.0,0.0,2506.0,0.0,0.0,0.0,0.0
921138.961,2506.0,-135.0,-135.0,20.25,0.0,0.0,20.0,20.0,3.0,2506.0,0.0,0.0,0.0,0.0
921148.961,2506.0,-135.0,-135.0,20.25,0.0,0.0,20.0,20.0,3.0,2506.0,0.0,0.0,0.0,0.0
921158.962,2506.0,-133.0,-133.0,19.950000762939453,0.0,0.0,19.0,19.0,-1.0,2506.0,0.0,0.0,0.0,0.0
921169.354,2506.0,-131.0,-131.0,19.650001525878906,0.0,0.0,19.0,19.0,4.0,2506.0,0.0,0.0,0.0,0.0
921180.125,2506.0,2.0,2.0,-0.30000001192092896,-0.0,0.0,0.0,0.0,0.0,2506.0,0.0,0.0,0.0,0.0
921190.125,2506.0,3.0,3.0,-0.45000001788139343,-0.0,0.0,0.0,0.0,3.0,2506.0,0.0,0.0,0.0,0.0
921200.126,2506.0,3.0,3.0,-0.45000001788139343,-0.0,0.0,0.0,0.0,2.0,2506.0,0.0,0.0,0.0,0.0
921210.126,2506.0,0.0,0.0,0.0,0.0,0.0,0.0,0.0,0.0,2506.0,0.0,0.0,0.0,0.0
921220.127,2506.0,3.0,3.0,-0.45000001788139343,-0.0,0.0,0.0,0.0,0.0,2506.0,0.0,0.0,0.0,0.0
921231.125,2506.0,0.0,0.0,0.0,0.0,0.0,0.0,0.0,0.0,2506.0,0.0,0.0,0.0,0.0
921242.125,2506.0,0.0,0.0,0.0,0.0,0.0,0.0,0.0,-1.0,2506.0,0.0,0.0,0.0,0.0
921252.126,2506.0,0.0,0.0,0.0,0.0,0.0,0.0,0.0,2.0,2506.0,0.0,0.0,0.0,0.0
921262.126,2506.0,4.0,4.0,-0.6000000238418579,-0.0,0.0,0.0,0.0,-3.0,2506.0,0.0,0.0,0.0,0.0
921273.125,2506.0,1.0,1.0,-0.15000000596046448,-0.0,0.0,0.0,0.0,2.0,2506.0,0.0,0.0,0.0,0.0
921284.125,2506.0,1.0,1.0,-0.15000000596046448,-0.0,0.0,0.0,0.0,2.0,2506.0,0.0,0.0,0.0,0.0
921295.125,2506.0,6.0,6.0,-0.9000000357627869,-0.0,0.0,0.0,0.0,0.0,2506.0,0.0,0.0,0.0,0.0
921306.264,2506.0,1.0,1.0,-0.15000000596046448,-0.0,0.0,0.0,0.0,0.0,2506.0,0.0,0.0,0.0,0.0
921316.265,2506.0,3.0,3.0,-0.45000001788139343,-0.0,0.0,0.0,0.0,0.0,2506.0,0.0,0.0,0.0,0.0
921327.15,2506.0,7.0,7.0,-1.0500000715255737,-0.0,0.0,-1.0,-9.0,4.0,2506.0,0.0,0.0,0.0,0.0
921337.151,2506.0,4.0,4.0,-0.6000000238418579,-0.0,0.0,0.0,0.0,1.0,2506.0,0.0,0.0,0.0,0.0
921348.125,2506.0,1.0,1.0,-0.15000000596046448,-0.0,0.0,0.0,0.0,1.0,2506.0,0.0,0.0,0.0,0.0
921358.126,2506.0,2.0,2.0,-0.30000001192092896,-0.0,0.0,0.0,0.0,-2.0,2506.0,0.0,0.0,0.0,0.0
921368.525,2506.0,0.0,0.0,0.0,0.0,0.0,0.0,0.0,1.0,2506.0,0.0,0.0,0.0,0.0
921378.525,2506.0,3.0,3.0,-0.45000001788139343,-0.0,0.0,0.0,0.0,0.0,2506.0,0.0,0.0,0.0,0.0
921389.125,2506.0,3.0,3.0,-0.45000001788139343,-0.0,0.0,0.0,0.0,1.0,2506.0,0.0,0.0,0.0,0.0
921399.192,2506.0,0.0,0.0,0.0,0.0,0.0,0.0,0.0,-2.0,2506.0,0.0,0.0,0.0,0.0
921409.192,2506.0,3.0,3.0,-0.45000001788139343,-0.0,0.0,0.0,0.0,4.0,2506.0,0.0,0.0,0.0,0.0
921420.34,2506.0,-3.0,-3.0,0.45000001788139343,0.0,0.0,0.0,0.0,1.0,2506.0,0.0,0.0,0.0,0.0
921430.34,2506.0,1.0,1.0,-0.15000000596046448,-0.0,0.0,0.0,0.0,5.0,2506.0,0.0,0.0,0.0,0.0
921440.341,2506.0,2.0,2.0,-0.30000001192092896,-0.0,0.0,0.0,0.0,1.0,2506.0,0.0,0.0,0.0,0.0
921451.125,2506.0,2.0,2.0,-0.30000001192092896,-0.0,0.0,0.0,0.0,1.0,2506.0,0.0,0.0,0.0,0.0
921461.126,2506.0,0.0,0.0,0.0,0.0,0.0,0.0,0.0,0.0,2506.0,0.0,0.0,0.0,0.0
921472.121,2506.0,1.0,1.0,-0.15000000596046448,-0.0,0.0,0.0,0.0,-1.0,2506.0,0.0,0.0,0.0,0.0
921483.342,2506.0,1.0,1.0,-0.15000000596046448,-0.0,0.0,0.0,0.0,-1.0,2506.0,0.0,0.0,0.0,0.0
921493.343,2506.0,4.0,4.0,-0.6000000238418579,-0.0,0.0,0.0,0.0,0.0,2506.0,0.0,0.0,0.0,0.0
921504.126,2506.0,1.0,1.0,-0.15000000596046448,-0.0,0.0,0.0,0.0,2.0,2506.0,0.0,0.0,0.0,0.0
921514.335,2506.0,0.0,0.0,0.0,0.0,0.0,0.0,0.0,0.0,2506.0,0.0,0.0,0.0,0.0
921524.336,2506.0,4.0,4.0,-0.6000000238418579,-0.0,0.0,0.0,0.0,-1.0,2506.0,0.0,0.0,0.0,0.0
921534.336,2506.0,4.0,4.0,-0.6000000238418579,-0.0,0.0,0.0,0.0,-1.0,2506.0,0.0,0.0,0.0,0.0
921544.336,2506.0,3.0,3.0,-0.45000001788139343,-0.0,0.0,0.0,0.0,0.0,2506.0,0.0,0.0,0.0,0.0
921555.098,2506.0,4.0,4.0,-0.6000000238418579,-0.0,0.0,0.0,0.0,3.0,2506.0,0.0,0.0,0.0,0.0
921566.126,2506.0,1.0,1.0,-0.15000000596046448,-0.0,0.0,0.0,0.0,-1.0,2506.0,0.0,0.0,0.0,0.0
921576.126,2506.0,1.0,1.0,-0.15000000596046448,-0.0,0.0,0.0,0.0,-1.0,2506.0,0.0,0.0,0.0,0.0
921587.125,2506.0,0.0,0.0,0.0,0.0,0.0,0.0,0.0,4.0,2506.0,0.0,0.0,0.0,0.0
921597.125,2506.0,3.0,3.0,-0.45000001788139343,-0.0,0.0,0.0,0.0,1.0,2506.0,0.0,0.0,0.0,0.0
921608.125,2506.0,3.0,3.0,-0.45000001788139343,-0.0,0.0,0.0,0.0,0.0,2506.0,0.0,0.0,0.0,0.0
921619.125,2506.0,1.0,1.0,-0.15000000596046448,-0.0,0.0,0.0,0.0,0.0,2506.0,0.0,0.0,0.0,0.0
921629.126,2506.0,3.0,3.0,-0.45000001788139343,-0.0,0.0,0.0,0.0,3.0,2506.0,0.0,0.0,0.0,0.0
921639.126,2506.0,3.0,3.0,-0.45000001788139343,-0.0,0.0,0.0,0.0,3.0,2506.0,0.0,0.0,0.0,0.0
921650.126,2506.0,3.0,3.0,-0.45000001788139343,-0.0,0.0,0.0,0.0,2.0,2506.0,0.0,0.0,0.0,0.0
921660.643,2506.0,2.0,2.0,-0.30000001192092896,-0.0,0.0,0.0,0.0,0.0,2506.0,0.0,0.0,0.0,0.0
921671.125,2506.0,1.0,1.0,-0.15000000596046448,-0.0,0.0,0.0,0.0,3.0,2506.0,0.0,0.0,0.0,0.0
921682.2,2506.0,1.0,1.0,-0.15000000596046448,-0.0,0.0,0.0,0.0,3.0,2506.0,0.0,0.0,0.0,0.0
921692.2,2506.0,3.0,3.0,-0.45000001788139343,-0.0,0.0,0.0,0.0,2.0,2506.0,0.0,0.0,0.0,0.0
921702.704,2506.0,3.0,3.0,-0.45000001788139343,-0.0,0.0,0.0,0.0,-1.0,2506.0,0.0,0.0,0.0,0.0
921713.126,2506.0,1.0,1.0,-0.15000000596046448,-0.0,0.0,0.0,0.0,4.0,2506.0,0.0,0.0,0.0,0.0
921724.125,2506.0,1.0,1.0,-0.15000000596046448,-0.0,0.0,0.0,0.0,4.0,2506.0,0.0,0.0,0.0,0.0
921734.125,2506.0,2.0,2.0,-0.30000001192092896,-0.0,0.0,0.0,0.0,0.0,2506.0,0.0,0.0,0.0,0.0
921744.125,2506.0,3.0,3.0,-0.45000001788139343,-0.0,0.0,0.0,0.0,2.0,2506.0,0.0,0.0,0.0,0.0
921754.126,2506.0,3.0,3.0,-0.45000001788139343,-0.0,0.0,0.0,0.0,2.0,2506.0,0.0,0.0,0.0,0.0
921764.126,2506.0,3.0,3.0,-0.45000001788139343,-0.0,0.0,0.0,0.0,1.0,2506.0,0.0,0.0,0.0,0.0
921774.127,2506.0,3.0,3.0,-0.45000001788139343,-0.0,0.0,0.0,0.0,1.0,2506.0,0.0,0.0,0.0,0.0
921784.129,2506.0,1.0,1.0,-0.15000000596046448,-0.0,0.0,0.0,0.0,1.0,2506.0,0.0,0.0,0.0,0.0
921794.13,2506.0,3.0,3.0,-0.45000001788139343,-0.0,0.0,0.0,0.0,2.0,2506.0,0.0,0.0,0.0,0.0
921804.131,2506.0,5.0,5.0,-0.75,-0.0,0.0,0.0,0.0,2.0,2506.0,0.0,0.0,0.0,0.0
921814.132,2506.0,5.0,5.0,-0.75,-0.0,0.0,0.0,0.0,2.0,2506.0,0.0,0.0,0.0,0.0
921825.234,2506.0,3.0,3.0,-0.45000001788139343,-0.0,0.0,0.0,0.0,3.0,2506.0,0.0,0.0,0.0,0.0
921835.234,2506.0,0.0,0.0,0.0,0.0,0.0,0.0,0.0,2.0,2506.0,0.0,0.0,0.0,0.0
921846.125,2506.0,3.0,3.0,-0.45000001788139343,-0.0,0.0,0.0,0.0,2.0,2506.0,0.0,0.0,0.0,0.0
921857.127,2506.0,2.0,2.0,-0.30000001192092896,-0.0,0.0,0.0,0.0,1.0,2506.0,0.0,0.0,0.0,0.0
921868.126,2506.0,1.0,1.0,-0.15000000596046448,-0.0,0.0,0.0,0.0,1.0,2506.0,0.0,0.0,0.0,0.0
921878.222,2506.0,0.0,0.0,0.0,0.0,0.0,0.0,0.0,3.0,2506.0,0.0,0.0,0.0,0.0
921888.222,2506.0,2.0,2.0,-0.30000001192092896,-0.0,0.0,0.0,0.0,1.0,2506.0,0.0,0.0,0.0,0.0
921898.223,2506.0,2.0,2.0,-0.30000001192092896,-0.0,0.0,0.0,0.0,0.0,2506.0,0.0,0.0,0.0,0.0
921909.125,2506.0,2.0,2.0,-0.30000001192092896,-0.0,0.0,0.0,0.0,-1.0,2506.0,0.0,0.0,0.0,0.0
921920.125,2506.0,4.0,4.0,-0.6000000238418579,-0.0,0.0,0.0,0.0,1.0,2506.0,0.0,0.0,0.0,0.0
921931.125,2506.0,3.0,3.0,-0.45000001788139343,-0.0,0.0,0.0,0.0,-1.0,2506.0,0.0,0.0,0.0,0.0
921941.125,2506.0,0.0,0.0,0.0,0.0,0.0,0.0,0.0,1.0,2506.0,0.0,0.0,0.0,0.0
921951.125,2506.0,2.0,2.0,-0.30000001192092896,-0.0,0.0,0.0,0.0,-3.0,2506.0,0.0,0.0,0.0,0.0
921961.126,2506.0,5.0,5.0,-0.75,-0.0,0.0,0.0,0.0,1.0,2506.0,0.0,0.0,0.0,0.0
921971.126,2506.0,3.0,3.0,-0.45000001788139343,-0.0,0.0,0.0,0.0,-3.0,2506.0,0.0,0.0,0.0,0.0
921981.127,2506.0,4.0,4.0,-0.6000000238418579,-0.0,0.0,0.0,0.0,2.0,2506.0,0.0,0.0,0.0,0.0
921991.127,2506.0,0.0,0.0,0.0,0.0,0.0,0.0,0.0,0.0,2506.0,0.0,0.0,0.0,0.0
922001.128,2506.0,4.0,4.0,-0.6000000238418579,-0.0,0.0,0.0,0.0,0.0,2506.0,0.0,0.0,0.0,0.0
922011.128,2506.0,4.0,4.0,-0.6000000238418579,-0.0,0.0,0.0,0.0,0.0,2506.0,0.0,0.0,0.0,0.0
922021.768,2506.0,4.0,4.0,-0.6000000238418579,-0.0,0.0,0.0,0.0,0.0,2506.0,0.0,0.0,0.0,0.0
922032.125,2506.0,4.0,4.0,-0.6000000238418579,-0.0,0.0,0.0,0.0,1.0,2506.0,0.0,0.0,0.0,0.0
922043.125,2506.0,0.0,0.0,0.0,0.0,0.0,0.0,0.0,-1.0,2506.0,0.0,0.0,0.0,0.0
922054.125,2506.0,2.0,2.0,-0.30000001192092896,-0.0,0.0,0.0,0.0,0.0,2506.0,0.0,0.0,0.0,0.0
922064.125,2506.0,1.0,1.0,-0.15000000596046448,-0.0,0.0,0.0,0.0,1.0,2506.0,0.0,0.0,0.0,0.0
922075.125,2506.0,1.0,1.0,-0.15000000596046448,-0.0,0.0,0.0,0.0,8.0,2506.0,0.0,0.0,0.0,0.0
922085.126,2506.0,0.0,0.0,0.0,0.0,0.0,0.0,0.0,3.0,2506.0,0.0,0.0,0.0,0.0
922095.127,2506.0,2.0,2.0,-0.30000001192092896,-0.0,0.0,0.0,0.0,2.0,2506.0,0.0,0.0,0.0,0.0
922105.128,2506.0,2.0,2.0,-0.30000001192092896,-0.0,0.0,0.0,0.0,2.0,2506.0,0.0,0.0,0.0,0.0
922115.414,2506.0,1.0,1.0,-0.15000000596046448,-0.0,0.0,0.0,0.0,4.0,2506.0,0.0,0.0,0.0,0.0
922125.662,2506.0,1.0,1.0,-0.15000000596046448,-0.0,0.0,0.0,0.0,-3.0,2506.0,0.0,0.0,0.0,0.0
922135.662,2506.0,1.0,1.0,-0.15000000596046448,-0.0,0.0,0.0,0.0,-1.0,2506.0,0.0,0.0,0.0,0.0
922145.663,2506.0,1.0,1.0,-0.15000000596046448,-0.0,0.0,0.0,0.0,0.0,2506.0,0.0,0.0,0.0,0.0
922155.965,2506.0,1.0,1.0,-0.15000000596046448,-0.0,0.0,0.0,0.0,0.0,2506.0,0.0,0.0,0.0,0.0
922165.966,2506.0,2.0,2.0,-0.30000001192092896,-0.0,0.0,0.0,0.0,3.0,2506.0,0.0,0.0,0.0,0.0
922175.966,2506.0,2.0,2.0,-0.30000001192092896,-0.0,0.0,0.0,0.0,3.0,2506.0,0.0,0.0,0.0,0.0
922186.02,2506.0,4.0,4.0,-0.6000000238418579,-0.0,0.0,0.0,0.0,0.0,2506.0,0.0,0.0,0.0,0.0
922196.021,2506.0,0.0,0.0,0.0,0.0,0.0,0.0,0.0,1.0,2506.0,0.0,0.0,0.0,0.0
922206.021,2506.0,0.0,0.0,0.0,0.0,0.0,0.0,0.0,1.0,2506.0,0.0,0.0,0.0,0.0
922216.125,2506.0,3.0,3.0,-0.45000001788139343,-0.0,0.0,0.0,0.0,0.0,2506.0,0.0,0.0,0.0,0.0
922227.125,2506.0,1.0,1.0,-0.15000000596046448,-0.0,0.0,0.0,0.0,-3.0,2506.0,0.0,0.0,0.0,0.0
922238.125,2506.0,1.0,1.0,-0.15000000596046448,-0.0,0.0,0.0,0.0,-3.0,2506.0,0.0,0.0,0.0,0.0
922248.125,2506.0,2.0,2.0,-0.30000001192092896,-0.0,0.0,0.0,0.0,1.0,2506.0,0.0,0.0,0.0,0.0
922258.579,2506.0,3.0,3.0,-0.45000001788139343,-0.0,0.0,0.0,0.0,2.0,2506.0,0.0,0.0,0.0,0.0
922269.125,2506.0,4.0,4.0,-0.6000000238418579,-0.0,0.0,0.0,0.0,2.0,2506.0,0.0,0.0,0.0,0.0
922279.125,2506.0,2.0,2.0,-0.30000001192092896,-0.0,0.0,0.0,0.0,1.0,2506.0,0.0,0.0,0.0,0.0
922289.126,2506.0,0.0,0.0,0.0,0.0,0.0,0.0,0.0,-4.0,2506.0,0.0,0.0,0.0,0.0
922299.127,2506.0,3.0,3.0,-0.45000001788139343,-0.0,0.0,0.0,0.0,0.0,2506.0,0.0,0.0,0.0,0.0
922309.128,2506.0,1.0,1.0,-0.15000000596046448,-0.0,0.0,0.0,0.0,0.0,2506.0,0.0,0.0,0.0,0.0
922319.128,2506.0,7.0,7.0,-1.0500000715255737,-0.0,0.0,-1.0,-9.0,0.0,2506.0,0.0,0.0,0.0,0.0
922329.129,2506.0,0.0,0.0,0.0,0.0,0.0,0.0,0.0,3.0,2506.0,0.0,0.0,0.0,0.0
922340.125,2506.0,0.0,0.0,0.0,0.0,0.0,0.0,0.0,3.0,2506.0,0.0,0.0,0.0,0.0
922350.676,2506.0,-3.0,-3.0,0.45000001788139343,0.0,0.0,0.0,0.0,0.0,2506.0,0.0,0.0,0.0,0.0
922360.676,2506.0,2.0,2.0,-0.30000001192092896,-0.0,0.0,0.0,0.0,1.0,2506.0,0.0,0.0,0.0,0.0
922371.235,2506.0,1.0,1.0,-0.15000000596046448,-0.0,0.0,0.0,0.0,1.0,2506.0,0.0,0.0,0.0,0.0
922381.236,2506.0,4.0,4.0,-0.6000000238418579,-0.0,0.0,0.0,0.0,2.0,2506.0,0.0,0.0,0.0,0.0
922391.237,2506.0,1.0,1.0,-0.15000000596046448,-0.0,0.0,0.0,0.0,2.0,2506.0,0.0,0.0,0.0,0.0
922401.388,2506.0,0.0,0.0,0.0,0.0,0.0,0.0,0.0,-1.0,2506.0,0.0,0.0,0.0,0.0
922412.125,2506.0,4.0,4.0,-0.6000000238418579,-0.0,0.0,0.0,0.0,0.0,2506.0,0.0,0.0,0.0,0.0
922422.125,2506.0,5.0,5.0,-0.75,-0.0,0.0,0.0,0.0,1.0,2506.0,0.0,0.0,0.0,0.0
922432.125,2506.0,5.0,5.0,-0.75,-0.0,0.0,0.0,0.0,1.0,2506.0,0.0,0.0,0.0,0.0
922442.127,2506.0,2.0,2.0,-0.30000001192092896,-0.0,0.0,0.0,0.0,0.0,2506.0,0.0,0.0,0.0,0.0
922452.128,2506.0,4.0,4.0,-0.6000000238418579,-0.0,0.0,0.0,0.0,2.0,2506.0,0.0,0.0,0.0,0.0
922462.128,2506.0,3.0,3.0,-0.45000001788139343,-0.0,0.0,0.0,0.0,3.0,2506.0,0.0,0.0,0.0,0.0
922472.128,2506.0,2.0,2.0,-0.30000001192092896,-0.0,0.0,0.0,0.0,0.0,2506.0,0.0,0.0,0.0,0.0
922483.125,2506.0,5.0,5.0,-0.75,-0.0,0.0,0.0,0.0,0.0,2506.0,0.0,0.0,0.0,0.0
922493.126,2506.0,3.0,3.0,-0.45000001788139343,-0.0,0.0,0.0,0.0,1.0,2506.0,0.0,0.0,0.0,0.0
922503.531,2506.0,2.0,2.0,-0.30000001192092896,-0.0,0.0,0.0,0.0,0.0,2506.0,0.0,0.0,0.0,0.0
922513.531,2506.0,5.0,5.0,-0.75,-0.0,0.0,0.0,0.0,0.0,2506.0,0.0,0.0,0.0,0.0
922524.126,2506.0,2.0,2.0,-0.30000001192092896,-0.0,0.0,0.0,0.0,2.0,2506.0,0.0,0.0,0.0,0.0
922535.126,2506.0,3.0,3.0,-0.45000001788139343,-0.0,0.0,0.0,0.0,5.0,2506.0,0.0,0.0,0.0,0.0
922546.125,2506.0,1.0,1.0,-0.15000000596046448,-0.0,0.0,0.0,0.0,2.0,2506.0,0.0,0.0,0.0,0.0
922556.126,2506.0,0.0,0.0,0.0,0.0,0.0,0.0,0.0,2.0,2506.0,0.0,0.0,0.0,0.0
922567.125,2506.0,4.0,4.0,-0.6000000238418579,-0.0,0.0,0.0,0.0,-1.0,2506.0,0.0,0.0,0.0,0.0
922577.126,2506.0,3.0,3.0,-0.45000001788139343,-0.0,0.0,0.0,0.0,-3.0,2506.0,0.0,0.0,0.0,0.0
922588.125,2506.0,-2.0,-2.0,0.30000001192092896,0.0,0.0,0.0,0.0,1.0,2506.0,0.0,0.0,0.0,0.0
922598.128,2506.0,1.0,1.0,-0.15000000596046448,-0.0,0.0,0.0,0.0,3.0,2506.0,0.0,0.0,0.0,0.0
922608.128,2506.0,3.0,3.0,-0.45000001788139343,-0.0,0.0,0.0,0.0,2.0,2506.0,0.0,0.0,0.0,0.0
922618.129,2506.0,0.0,0.0,0.0,0.0,0.0,0.0,0.0,0.0,2506.0,0.0,0.0,0.0,0.0
922629.125,2506.0,-1.0,-1.0,0.15000000596046448,0.0,0.0,0.0,0.0,3.0,2506.0,0.0,0.0,0.0,0.0
922639.347,2506.0,4.0,4.0,-0.6000000238418579,-0.0,0.0,0.0,0.0,2.0,2506.0,0.0,0.0,0.0,0.0
922649.933,2506.0,5.0,5.0,-0.75,-0.0,0.0,0.0,0.0,3.0,2506.0,0.0,0.0,0.0,0.0
922660.125,2506.0,3.0,3.0,-0.45000001788139343,-0.0,0.0,0.0,0.0,3.0,2506.0,0.0,0.0,0.0,0.0
922671.125,2506.0,4.0,4.0,-0.6000000238418579,-0.0,0.0,0.0,0.0,2.0,2506.0,0.0,0.0,0.0,0.0
922681.125,2506.0,1.0,1.0,-0.15000000596046448,-0.0,0.0,0.0,0.0,1.0,2506.0,0.0,0.0,0.0,0.0
922691.126,2506.0,1.0,1.0,-0.15000000596046448,-0.0,0.0,0.0,0.0,-2.0,2506.0,0.0,0.0,0.0,0.0
922701.126,2506.0,1.0,1.0,-0.15000000596046448,-0.0,0.0,0.0,0.0,1.0,2506.0,0.0,0.0,0.0,0.0
922711.126,2506.0,1.0,1.0,-0.15000000596046448,-0.0,0.0,0.0,0.0,1.0,2506.0,0.0,0.0,0.0,0.0
922721.217,2506.0,1.0,1.0,-0.15000000596046448,-0.0,0.0,0.0,0.0,2.0,2506.0,0.0,0.0,0.0,0.0
922731.217,2506.0,2.0,2.0,-0.30000001192092896,-0.0,0.0,0.0,0.0,1.0,2506.0,0.0,0.0,0.0,0.0
922741.217,2506.0,5.0,5.0,-0.75,-0.0,0.0,0.0,0.0,0.0,2506.0,0.0,0.0,0.0,0.0
922752.126,2506.0,2.0,2.0,-0.30000001192092896,-0.0,0.0,0.0,0.0,0.0,2506.0,0.0,0.0,0.0,0.0
922762.126,2506.0,-1.0,-1.0,0.15000000596046448,0.0,0.0,0.0,0.0,4.0,2506.0,0.0,0.0,0.0,0.0
922772.127,2506.0,3.0,3.0,-0.45000001788139343,-0.0,0.0,0.0,0.0,-1.0,2506.0,0.0,0.0,0.0,0.0
922783.125,2506.0,5.0,5.0,-0.75,-0.0,0.0,0.0,0.0,0.0,2506.0,0.0,0.0,0.0,0.0
922794.126,2506.0,-1.0,-1.0,0.15000000596046448,0.0,0.0,0.0,0.0,2.0,2506.0,0.0,0.0,0.0,0.0
922805.125,2506.0,4.0,4.0,-0.6000000238418579,-0.0,0.0,0.0,0.0,-1.0,2506.0,0.0,0.0,0.0,0.0
922815.406,2506.0,4.0,4.0,-0.6000000238418579,-0.0,0.0,0.0,0.0,2.0,2506.0,0.0,0.0,0.0,0.0
922825.407,2506.0,0.0,0.0,0.0,0.0,0.0,0.0,0.0,-3.0,2506.0,0.0,0.0,0.0,0.0
922835.836,2506.0,0.0,0.0,0.0,0.0,0.0,0.0,0.0,-3.0,2506.0,0.0,0.0,0.0,0.0
922846.125,2506.0,2.0,2.0,-0.30000001192092896,-0.0,0.0,0.0,0.0,4.0,2506.0,0.0,0.0,0.0,0.0
922857.125,2506.0,1.0,1.0,-0.15000000596046448,-0.0,0.0,0.0,0.0,2.0,2506.0,0.0,0.0,0.0,0.0
922869.098,2506.0,1.0,1.0,-0.15000000596046448,-0.0,0.0,0.0,0.0,2.0,2506.0,0.0,0.0,0.0,0.0
922880.125,2506.0,3.0,3.0,-0.45000001788139343,-0.0,0.0,0.0,0.0,3.0,2506.0,0.0,0.0,0.0,0.0
922891.125,2506.0,1.0,1.0,-0.15000000596046448,-0.0,0.0,0.0,0.0,3.0,2506.0,0.0,0.0,0.0,0.0
922901.125,2506.0,1.0,1.0,-0.15000000596046448,-0.0,0.0,0.0,0.0,3.0,2506.0,0.0,0.0,0.0,0.0
922911.126,2506.0,2.0,2.0,-0.30000001192092896,-0.0,0.0,0.0,0.0,2.0,2506.0,0.0,0.0,0.0,0.0
922922.125,2506.0,3.0,3.0,-0.45000001788139343,-0.0,0.0,0.0,0.0,2.0,2506.0,0.0,0.0,0.0,0.0
922933.126,2506.0,3.0,3.0,-0.45000001788139343,-0.0,0.0,0.0,0.0,3.0,2506.0,0.0,0.0,0.0,0.0
922943.127,2506.0,0.0,0.0,0.0,0.0,0.0,0.0,0.0,2.0,2506.0,0.0,0.0,0.0,0.0
922953.128,2506.0,0.0,0.0,0.0,0.0,0.0,0.0,0.0,2.0,2506.0,0.0,0.0,0.0,0.0
922964.126,2506.0,4.0,4.0,-0.6000000238418579,-0.0,0.0,0.0,0.0,1.0,2506.0,0.0,0.0,0.0,0.0
922974.126,2506.0,2.0,2.0,-0.30000001192092896,-0.0,0.0,0.0,0.0,1.0,2506.0,0.0,0.0,0.0,0.0
922984.127,2506.0,3.0,3.0,-0.45000001788139343,-0.0,0.0,0.0,0.0,4.0,2506.0,0.0,0.0,0.0,0.0
922995.125,2506.0,1.0,1.0,-0.15000000596046448,-0.0,0.0,0.0,0.0,2.0,2506.0,0.0,0.0,0.0,0.0
923006.126,2506.0,2.0,2.0,-0.30000001192092896,-0.0,0.0,0.0,0.0,3.0,2506.0,0.0,0.0,0.0,0.0
923017.293,2506.0,1.0,1.0,-0.15000000596046448,-0.0,0.0,0.0,0.0,0.0,2506.0,0.0,0.0,0.0,0.0
923027.293,2506.0,3.0,3.0,-0.45000001788139343,-0.0,0.0,0.0,0.0,2.0,2506.0,0.0,0.0,0.0,0.0
923038.126,2506.0,3.0,3.0,-0.45000001788139343,-0.0,0.0,0.0,0.0,-2.0,2506.0,0.0,0.0,0.0,0.0
923048.127,2506.0,2.0,2.0,-0.30000001192092896,-0.0,0.0,0.0,0.0,2.0,2506.0,0.0,0.0,0.0,0.0
923058.128,2506.0,1.0,1.0,-0.15000000596046448,-0.0,0.0,0.0,0.0,2.0,2506.0,0.0,0.0,0.0,0.0
923068.129,2506.0,2.0,2.0,-0.30000001192092896,-0.0,0.0,0.0,0.0,2.0,2506.0,0.0,0.0,0.0,0.0
923078.13,2506.0,4.0,4.0,-0.6000000238418579,-0.0,0.0,0.0,0.0,4.0,2506.0,0.0,0.0,0.0,0.0
923089.122,2506.0,0.0,0.0,0.0,0.0,0.0,0.0,0.0,2.0,2506.0,0.0,0.0,0.0,0.0
923100.141,2506.0,2.0,2.0,-0.30000001192092896,-0.0,0.0,0.0,0.0,-1.0,2506.0,0.0,0.0,0.0,0.0
923110.141,2506.0,3.0,3.0,-0.45000001788139343,-0.0,0.0,0.0,0.0,1.0,2506.0,0.0,0.0,0.0,0.0
923120.141,2506.0,2.0,2.0,-0.30000001192092896,-0.0,0.0,0.0,0.0,0.0,2506.0,0.0,0.0,0.0,0.0
923131.126,2506.0,2.0,2.0,-0.30000001192092896,-0.0,0.0,0.0,0.0,2.0,2506.0,0.0,0.0,0.0,0.0
923141.126,2506.0,2.0,2.0,-0.30000001192092896,-0.0,0.0,0.0,0.0,2.0,2506.0,0.0,0.0,0.0,0.0
923151.136,2506.0,5.0,5.0,-0.75,-0.0,0.0,0.0,0.0,4.0,2506.0,0.0,0.0,0.0,0.0
923162.125,2506.0,0.0,0.0,0.0,0.0,0.0,0.0,0.0,2.0,2506.0,0.0,0.0,0.0,0.0
923173.125,2506.0,2.0,2.0,-0.30000001192092896,-0.0,0.0,0.0,0.0,-2.0,2506.0,0.0,0.0,0.0,0.0
923184.125,2506.0,1.0,1.0,-0.15000000596046448,-0.0,0.0,0.0,0.0,1.0,2506.0,0.0,0.0,0.0,0.0
923195.125,2506.0,3.0,3.0,-0.45000001788139343,-0.0,0.0,0.0,0.0,3.0,2506.0,0.0,0.0,0.0,0.0
923205.125,2506.0,1.0,1.0,-0.15000000596046448,-0.0,0.0,0.0,0.0,-1.0,2506.0,0.0,0.0,0.0,0.0
923216.334,2506.0,2.0,2.0,-0.30000001192092896,-0.0,0.0,0.0,0.0,-3.0,2506.0,0.0,0.0,0.0,0.0
923226.335,2506.0,2.0,2.0,-0.30000001192092896,-0.0,0.0,0.0,0.0,0.0,2506.0,0.0,0.0,0.0,0.0
923237.125,2506.0,2.0,2.0,-0.30000001192092896,-0.0,0.0,0.0,0.0,-1.0,2506.0,0.0,0.0,0.0,0.0
923247.125,2506.0,1.0,1.0,-0.15000000596046448,-0.0,0.0,0.0,0.0,-1.0,2506.0,0.0,0.0,0.0,0.0
923257.125,2506.0,1.0,1.0,-0.15000000596046448,-0.0,0.0,0.0,0.0,-1.0,2506.0,0.0,0.0,0.0,0.0
923268.125,2506.0,0.0,0.0,0.0,0.0,0.0,0.0,0.0,2.0,2506.0,0.0,0.0,0.0,0.0
923278.126,2506.0,-1.0,-1.0,0.15000000596046448,0.0,0.0,0.0,0.0,3.0,2506.0,0.0,0.0,0.0,0.0
923288.62,2506.0,3.0,3.0,-0.45000001788139343,-0.0,0.0,0.0,0.0,-4.0,2506.0,0.0,0.0,0.0,0.0
923298.621,2506.0,3.0,3.0,-0.45000001788139343,-0.0,0.0,0.0,0.0,0.0,2506.0,0.0,0.0,0.0,0.0
923309.125,2506.0,1.0,1.0,-0.15000000596046448,-0.0,0.0,0.0,0.0,3.0,2506.0,0.0,0.0,0.0,0.0
923319.126,2506.0,1.0,1.0,-0.15000000596046448,-0.0,0.0,0.0,0.0,3.0,2506.0,0.0,0.0,0.0,0.0
923330.125,2506.0,1.0,1.0,-0.15000000596046448,-0.0,0.0,0.0,0.0,2.0,2506.0,0.0,0.0,0.0,0.0
923340.126,2506.0,1.0,1.0,-0.15000000596046448,-0.0,0.0,0.0,0.0,2.0,2506.0,0.0,0.0,0.0,0.0
923350.127,2506.0,2.0,2.0,-0.30000001192092896,-0.0,0.0,0.0,0.0,1.0,2506.0,0.0,0.0,0.0,0.0
923360.127,2506.0,3.0,3.0,-0.45000001788139343,-0.0,0.0,0.0,0.0,3.0,2506.0,0.0,0.0,0.0,0.0
923370.128,2506.0,5.0,5.0,-0.75,-0.0,0.0,0.0,0.0,6.0,2506.0,0.0,0.0,0.0,0.0
923380.129,2506.0,3.0,3.0,-0.45000001788139343,-0.0,0.0,0.0,0.0,0.0,2506.0,0.0,0.0,0.0,0.0
923391.041,2506.0,1.0,1.0,-0.15000000596046448,-0.0,0.0,0.0,0.0,0.0,2506.0,0.0,0.0,0.0,0.0
923401.042,2506.0,1.0,1.0,-0.15000000596046448,-0.0,0.0,0.0,0.0,0.0,2506.0,0.0,0.0,0.0,0.0
923412.126,2506.0,0.0,0.0,0.0,0.0,0.0,0.0,0.0,0.0,2506.0,0.0,0.0,0.0,0.0
923422.126,2506.0,2.0,2.0,-0.30000001192092896,-0.0,0.0,0.0,0.0,2.0,2506.0,0.0,0.0,0.0,0.0
923432.127,2506.0,2.0,2.0,-0.30000001192092896,-0.0,0.0,0.0,0.0,2.0,2506.0,0.0,0.0,0.0,0.0
923442.127,2506.0,3.0,3.0,-0.45000001788139343,-0.0,0.0,0.0,0.0,-2.0,2506.0,0.0,0.0,0.0,0.0
923452.127,2506.0,3.0,3.0,-0.45000001788139343,-0.0,0.0,0.0,0.0,-2.0,2506.0,0.0,0.0,0.0,0.0
923462.128,2506.0,3.0,3.0,-0.45000001788139343,-0.0,0.0,0.0,0.0,3.0,2506.0,0.0,0.0,0.0,0.0
923473.125,2506.0,2.0,2.0,-0.30000001192092896,-0.0,0.0,0.0,0.0,2.0,2506.0,0.0,0.0,0.0,0.0
923483.125,2506.0,2.0,2.0,-0.30000001192092896,-0.0,0.0,0.0,0.0,2.0,2506.0,0.0,0.0,0.0,0.0
923494.125,2506.0,2.0,2.0,-0.30000001192092896,-0.0,0.0,0.0,0.0,4.0,2506.0,0.0,0.0,0.0,0.0
923504.126,2506.0,2.0,2.0,-0.30000001192092896,-0.0,0.0,0.0,0.0,-3.0,2506.0,0.0,0.0,0.0,0.0
923514.737,2506.0,2.0,2.0,-0.30000001192092896,-0.0,0.0,0.0,0.0,1.0,2506.0,0.0,0.0,0.0,0.0
923525.125,2506.0,3.0,3.0,-0.45000001788139343,-0.0,0.0,0.0,0.0,-1.0,2506.0,0.0,0.0,0.0,0.0
923536.125,2506.0,1.0,1.0,-0.15000000596046448,-0.0,0.0,0.0,0.0,3.0,2506.0,0.0,0.0,0.0,0.0
923546.132,2506.0,3.0,3.0,-0.45000001788139343,-0.0,0.0,0.0,0.0,1.0,2506.0,0.0,0.0,0.0,0.0
923556.132,2506.0,2.0,2.0,-0.30000001192092896,-0.0,0.0,0.0,0.0,4.0,2506.0,0.0,0.0,0.0,0.0
923566.133,2506.0,1.0,1.0,-0.15000000596046448,-0.0,0.0,0.0,0.0,4.0,2506.0,0.0,0.0,0.0,0.0
923576.133,2506.0,1.0,1.0,-0.15000000596046448,-0.0,0.0,0.0,0.0,1.0,2506.0,0.0,0.0,0.0,0.0
923586.133,2506.0,3.0,3.0,-0.45000001788139343,-0.0,0.0,0.0,0.0,0.0,2506.0,0.0,0.0,0.0,0.0
923596.133,2506.0,6.0,6.0,-0.9000000357627869,-0.0,0.0,0.0,0.0,1.0,2506.0,0.0,0.0,0.0,0.0
923606.134,2506.0,-1.0,-1.0,0.15000000596046448,0.0,0.0,0.0,0.0,3.0,2506.0,0.0,0.0,0.0,0.0
923616.134,2506.0,0.0,0.0,0.0,0.0,0.0,0.0,0.0,2.0,2506.0,0.0,0.0,0.0,0.0
923627.126,2506.0,0.0,0.0,0.0,0.0,0.0,0.0,0.0,2.0,2506.0,0.0,0.0,0.0,0.0
923637.126,2506.0,-1.0,-1.0,0.15000000596046448,0.0,0.0,0.0,0.0,4.0,2506.0,0.0,0.0,0.0,0.0
923648.125,2506.0,4.0,4.0,-0.6000000238418579,-0.0,0.0,0.0,0.0,2.0,2506.0,0.0,0.0,0.0,0.0
923658.126,2506.0,0.0,0.0,0.0,0.0,0.0,0.0,0.0,-2.0,2506.0,0.0,0.0,0.0,0.0
923669.125,2506.0,1.0,1.0,-0.15000000596046448,-0.0,0.0,0.0,0.0,-1.0,2506.0,0.0,0.0,0.0,0.0
923679.125,2506.0,3.0,3.0,-0.45000001788139343,-0.0,0.0,0.0,0.0,1.0,2506.0,0.0,0.0,0.0,0.0
923690.125,2506.0,4.0,4.0,-0.6000000238418579,-0.0,0.0,0.0,0.0,2.0,2506.0,0.0,0.0,0.0,0.0
923700.13,2506.0,2.0,2.0,-0.30000001192092896,-0.0,0.0,0.0,0.0,0.0,2506.0,0.0,0.0,0.0,0.0
923710.4,2506.0,1.0,1.0,-0.15000000596046448,-0.0,0.0,0.0,0.0,0.0,2506.0,0.0,0.0,0.0,0.0
923720.4,2506.0,5.0,5.0,-0.75,-0.0,0.0,0.0,0.0,-2.0,2506.0,0.0,0.0,0.0,0.0
923731.126,2506.0,1.0,1.0,-0.15000000596046448,-0.0,0.0,0.0,0.0,2.0,2506.0,0.0,0.0,0.0,0.0
923742.125,2506.0,3.0,3.0,-0.45000001788139343,-0.0,0.0,0.0,0.0,2.0,2506.0,0.0,0.0,0.0,0.0
923753.126,2506.0,3.0,3.0,-0.45000001788139343,-0.0,0.0,0.0,0.0,0.0,2506.0,0.0,0.0,0.0,0.0
923764.161,2506.0,1.0,1.0,-0.15000000596046448,-0.0,0.0,0.0,0.0,4.0,2506.0,0.0,0.0,0.0,0.0
923774.162,2506.0,1.0,1.0,-0.15000000596046448,-0.0,0.0,0.0,0.0,1.0,2506.0,0.0,0.0,0.0,0.0
923784.701,2506.0,3.0,3.0,-0.45000001788139343,-0.0,0.0,0.0,0.0,-3.0,2506.0,0.0,0.0,0.0,0.0
923795.126,2506.0,2.0,2.0,-0.30000001192092896,-0.0,0.0,0.0,0.0,-2.0,2506.0,0.0,0.0,0.0,0.0
923805.126,2506.0,1.0,1.0,-0.15000000596046448,-0.0,0.0,0.0,0.0,2.0,2506.0,0.0,0.0,0.0,0.0
923815.806,2506.0,3.0,3.0,-0.45000001788139343,-0.0,0.0,0.0,0.0,0.0,2506.0,0.0,0.0,0.0,0.0
923825.807,2506.0,2.0,2.0,-0.30000001192092896,-0.0,0.0,0.0,0.0,0.0,2506.0,0.0,0.0,0.0,0.0
923836.125,2506.0,4.0,4.0,-0.6000000238418579,-0.0,0.0,0.0,0.0,0.0,2506.0,0.0,0.0,0.0,0.0
923846.347,2506.0,2.0,2.0,-0.30000001192092896,-0.0,0.0,0.0,0.0,1.0,2506.0,0.0,0.0,0.0,0.0
923856.348,2506.0,2.0,2.0,-0.30000001192092896,-0.0,0.0,0.0,0.0,3.0,2506.0,0.0,0.0,0.0,0.0
923866.349,2506.0,1.0,1.0,-0.15000000596046448,-0.0,0.0,0.0,0.0,-2.0,2506.0,0.0,0.0,0.0,0.0
923877.125,2506.0,2.0,2.0,-0.30000001192092896,-0.0,0.0,0.0,0.0,3.0,2506.0,0.0,0.0,0.0,0.0
923887.126,2506.0,3.0,3.0,-0.45000001788139343,-0.0,0.0,0.0,0.0,0.0,2506.0,0.0,0.0,0.0,0.0
923897.126,2506.0,1.0,1.0,-0.15000000596046448,-0.0,0.0,0.0,0.0,5.0,2506.0,0.0,0.0,0.0,0.0
923907.901,2506.0,2.0,2.0,-0.30000001192092896,-0.0,0.0,0.0,0.0,0.0,2506.0,0.0,0.0,0.0,0.0
923918.125,2506.0,2.0,2.0,-0.30000001192092896,-0.0,0.0,0.0,0.0,3.0,2506.0,0.0,0.0,0.0,0.0
923928.125,2506.0,3.0,3.0,-0.45000001788139343,-0.0,0.0,0.0,0.0,1.0,2506.0,0.0,0.0,0.0,0.0
923938.125,2506.0,1.0,1.0,-0.15000000596046448,-0.0,0.0,0.0,0.0,0.0,2506.0,0.0,0.0,0.0,0.0
923948.376,2506.0,2.0,2.0,-0.30000001192092896,-0.0,0.0,0.0,0.0,1.0,2506.0,0.0,0.0,0.0,0.0
923959.125,2506.0,5.0,5.0,-0.75,-0.0,0.0,0.0,0.0,1.0,2506.0,0.0,0.0,0.0,0.0
923969.126,2506.0,1.0,1.0,-0.15000000596046448,-0.0,0.0,0.0,0.0,1.0,2506.0,0.0,0.0,0.0,0.0
923979.126,2506.0,2.0,2.0,-0.30000001192092896,-0.0,0.0,0.0,0.0,1.0,2506.0,0.0,0.0,0.0,0.0
923989.126,2506.0,2.0,2.0,-0.30000001192092896,-0.0,0.0,0.0,0.0,1.0,2506.0,0.0,0.0,0.0,0.0
923999.126,2506.0,2.0,2.0,-0.30000001192092896,-0.0,0.0,0.0,0.0,2.0,2506.0,0.0,0.0,0.0,0.0
924009.554,2506.0,5.0,5.0,-0.75,-0.0,0.0,0.0,0.0,1.0,2506.0,0.0,0.0,0.0,0.0
924020.024,2506.0,4.0,4.0,-0.6000000238418579,-0.0,0.0,0.0,0.0,0.0,2506.0,0.0,0.0,0.0,0.0
924030.024,2506.0,2.0,2.0,-0.30000001192092896,-0.0,0.0,0.0,0.0,1.0,2506.0,0.0,0.0,0.0,0.0
924040.025,2506.0,1.0,1.0,-0.15000000596046448,-0.0,0.0,0.0,0.0,3.0,2506.0,0.0,0.0,0.0,0.0
924050.025,2506.0,1.0,1.0,-0.15000000596046448,-0.0,0.0,0.0,0.0,-1.0,2506.0,0.0,0.0,0.0,0.0
924060.041,2506.0,-1.0,-1.0,0.15000000596046448,0.0,0.0,0.0,0.0,2.0,2506.0,0.0,0.0,0.0,0.0
924070.042,2506.0,-1.0,-1.0,0.15000000596046448,0.0,0.0,0.0,0.0,2.0,2506.0,0.0,0.0,0.0,0.0
924081.125,2506.0,3.0,3.0,-0.45000001788139343,-0.0,0.0,0.0,0.0,1.0,2506.0,0.0,0.0,0.0,0.0
924091.611,2506.0,0.0,0.0,0.0,0.0,0.0,0.0,0.0,2.0,2506.0,0.0,0.0,0.0,0.0
924102.125,2506.0,2.0,2.0,-0.30000001192092896,-0.0,0.0,0.0,0.0,-2.0,2506.0,0.0,0.0,0.0,0.0
924113.125,2506.0,4.0,4.0,-0.6000000238418579,-0.0,0.0,0.0,0.0,3.0,2506.0,0.0,0.0,0.0,0.0
924124.126,2506.0,4.0,4.0,-0.6000000238418579,-0.0,0.0,0.0,0.0,-2.0,2506.0,0.0,0.0,0.0,0.0
924135.125,2506.0,4.0,4.0,-0.6000000238418579,-0.0,0.0,0.0,0.0,-2.0,2506.0,0.0,0.0,0.0,0.0
924146.125,2506.0,0.0,0.0,0.0,0.0,0.0,0.0,0.0,1.0,2506.0,0.0,0.0,0.0,0.0
924157.025,2506.0,-1.0,-1.0,0.15000000596046448,0.0,0.0,0.0,0.0,0.0,2506.0,0.0,0.0,0.0,0.0
924167.125,2506.0,2.0,2.0,-0.30000001192092896,-0.0,0.0,0.0,0.0,1.0,2506.0,0.0,0.0,0.0,0.0
924177.126,2506.0,1.0,1.0,-0.15000000596046448,-0.0,0.0,0.0,0.0,0.0,2506.0,0.0,0.0,0.0,0.0
924187.127,2506.0,4.0,4.0,-0.6000000238418579,-0.0,0.0,0.0,0.0,3.0,2506.0,0.0,0.0,0.0,0.0
924197.828,2506.0,3.0,3.0,-0.45000001788139343,-0.0,0.0,0.0,0.0,4.0,2506.0,0.0,0.0,0.0,0.0
924208.098,2506.0,3.0,3.0,-0.45000001788139343,-0.0,0.0,0.0,0.0,1.0,2506.0,0.0,0.0,0.0,0.0
924218.099,2506.0,3.0,3.0,-0.45000001788139343,-0.0,0.0,0.0,0.0,2.0,2506.0,0.0,0.0,0.0,0.0
924228.1,2506.0,3.0,3.0,-0.45000001788139343,-0.0,0.0,0.0,0.0,2.0,2506.0,0.0,0.0,0.0,0.0
924238.1,2506.0,2.0,2.0,-0.30000001192092896,-0.0,0.0,0.0,0.0,0.0,2506.0,0.0,0.0,0.0,0.0
924249.125,2506.0,1.0,1.0,-0.15000000596046448,-0.0,0.0,0.0,0.0,-1.0,2506.0,0.0,0.0,0.0,0.0
924259.324,2506.0,2.0,2.0,-0.30000001192092896,-0.0,0.0,0.0,0.0,2.0,2506.0,0.0,0.0,0.0,0.0
924270.097,2506.0,-1.0,-1.0,0.15000000596046448,0.0,0.0,0.0,0.0,0.0,2506.0,0.0,0.0,0.0,0.0
924281.125,2506.0,4.0,4.0,-0.6000000238418579,-0.0,0.0,0.0,0.0,0.0,2506.0,0.0,0.0,0.0,0.0
924291.126,2506.0,2.0,2.0,-0.30000001192092896,-0.0,0.0,0.0,0.0,3.0,2506.0,0.0,0.0,0.0,0.0
924302.098,2506.0,4.0,4.0,-0.6000000238418579,-0.0,0.0,0.0,0.0,-1.0,2506.0,0.0,0.0,0.0,0.0
924313.125,2506.0,-1.0,-1.0,0.15000000596046448,0.0,0.0,0.0,0.0,3.0,2506.0,0.0,0.0,0.0,0.0
924323.126,2506.0,3.0,3.0,-0.45000001788139343,-0.0,0.0,0.0,0.0,0.0,2506.0,0.0,0.0,0.0,0.0
924333.84,2506.0,3.0,4.0,-0.6000000238418579,-0.0,0.0,0.0,0.0,2.0,2506.0,0.0,0.0,0.0,0.0
924343.84,2506.0,3.0,3.0,-0.45000001788139343,-0.0,0.0,0.0,0.0,2.0,2506.0,0.0,0.0,0.0,0.0
924354.126,2506.0,1.0,1.0,-0.15000000596046448,-0.0,0.0,0.0,0.0,-2.0,2506.0,0.0,0.0,0.0,0.0
924365.125,2506.0,0.0,0.0,0.0,0.0,0.0,0.0,0.0,4.0,2506.0,0.0,0.0,0.0,0.0
924375.442,2506.0,1.0,1.0,-0.15000000596046448,-0.0,0.0,0.0,0.0,2.0,2506.0,0.0,0.0,0.0,0.0
924385.442,2506.0,0.0,0.0,0.0,0.0,0.0,0.0,0.0,1.0,2506.0,0.0,0.0,0.0,0.0
924395.442,2506.0,2.0,2.0,-0.30000001192092896,-0.0,0.0,0.0,0.0,-1.0,2506.0,0.0,0.0,0.0,0.0
924405.692,2506.0,2.0,2.0,-0.30000001192092896,-0.0,0.0,0.0,0.0,-1.0,2506.0,0.0,0.0,0.0,0.0
924416.125,2506.0,3.0,3.0,-0.45000001788139343,-0.0,0.0,0.0,0.0,1.0,2506.0,0.0,0.0,0.0,0.0
924427.125,2506.0,4.0,4.0,-0.6000000238418579,-0.0,0.0,0.0,0.0,3.0,2506.0,0.0,0.0,0.0,0.0
924437.126,2506.0,5.0,5.0,-0.75,-0.0,0.0,0.0,0.0,2.0,2506.0,0.0,0.0,0.0,0.0
924448.125,2506.0,1.0,1.0,-0.15000000596046448,-0.0,0.0,0.0,0.0,1.0,2506.0,0.0,0.0,0.0,0.0
924458.125,2506.0,3.0,3.0,-0.45000001788139343,-0.0,0.0,0.0,0.0,-1.0,2506.0,0.0,0.0,0.0,0.0
924468.125,2506.0,3.0,3.0,-0.45000001788139343,-0.0,0.0,0.0,0.0,0.0,2506.0,0.0,0.0,0.0,0.0
924479.125,2506.0,3.0,3.0,-0.45000001788139343,-0.0,0.0,0.0,0.0,1.0,2506.0,0.0,0.0,0.0,0.0
924489.166,2506.0,3.0,3.0,-0.45000001788139343,-0.0,0.0,0.0,0.0,1.0,2506.0,0.0,0.0,0.0,0.0
924499.166,2506.0,1.0,1.0,-0.15000000596046448,-0.0,0.0,0.0,0.0,0.0,2506.0,0.0,0.0,0.0,0.0
924509.167,2506.0,1.0,1.0,-0.15000000596046448,-0.0,0.0,0.0,0.0,0.0,2506.0,0.0,0.0,0.0,0.0
924519.167,2506.0,0.0,0.0,0.0,0.0,0.0,0.0,0.0,2.0,2506.0,0.0,0.0,0.0,0.0
924530.126,2506.0,2.0,2.0,-0.30000001192092896,-0.0,0.0,0.0,0.0,2.0,2506.0,0.0,0.0,0.0,0.0
924541.125,2506.0,3.0,3.0,-0.45000001788139343,-0.0,0.0,0.0,0.0,0.0,2506.0,0.0,0.0,0.0,0.0
924552.126,2506.0,2.0,2.0,-0.30000001192092896,-0.0,0.0,0.0,0.0,1.0,2506.0,0.0,0.0,0.0,0.0
924563.125,2506.0,3.0,3.0,-0.45000001788139343,-0.0,0.0,0.0,0.0,0.0,2506.0,0.0,0.0,0.0,0.0
924573.125,2506.0,1.0,1.0,-0.15000000596046448,-0.0,0.0,0.0,0.0,-1.0,2506.0,0.0,0.0,0.0,0.0
924583.128,2506.0,2.0,2.0,-0.30000001192092896,-0.0,0.0,0.0,0.0,2.0,2506.0,0.0,0.0,0.0,0.0
924594.126,2506.0,3.0,3.0,-0.45000001788139343,-0.0,0.0,0.0,0.0,4.0,2506.0,0.0,0.0,0.0,0.0
924605.126,2506.0,2.0,2.0,-0.30000001192092896,-0.0,0.0,0.0,0.0,2.0,2506.0,0.0,0.0,0.0,0.0
924615.127,2506.0,1.0,1.0,-0.15000000596046448,-0.0,0.0,0.0,0.0,1.0,2506.0,0.0,0.0,0.0,0.0
924626.098,2506.0,3.0,3.0,-0.45000001788139343,-0.0,0.0,0.0,0.0,1.0,2506.0,0.0,0.0,0.0,0.0
924636.098,2506.0,2.0,2.0,-0.30000001192092896,-0.0,0.0,0.0,0.0,1.0,2506.0,0.0,0.0,0.0,0.0
924647.041,2506.0,3.0,3.0,-0.45000001788139343,-0.0,0.0,0.0,0.0,-4.0,2506.0,0.0,0.0,0.0,0.0
924658.125,2506.0,3.0,3.0,-0.45000001788139343,-0.0,0.0,0.0,0.0,-1.0,2506.0,0.0,0.0,0.0,0.0
924668.125,2506.0,3.0,3.0,-0.45000001788139343,-0.0,0.0,0.0,0.0,-1.0,2506.0,0.0,0.0,0.0,0.0
924679.098,2506.0,2.0,2.0,-0.30000001192092896,-0.0,0.0,0.0,0.0,-1.0,2506.0,0.0,0.0,0.0,0.0
924689.233,2506.0,2.0,2.0,-0.30000001192092896,-0.0,0.0,0.0,0.0,2.0,2506.0,0.0,0.0,0.0,0.0
924699.573,2506.0,1.0,1.0,-0.15000000596046448,-0.0,0.0,0.0,0.0,2.0,2506.0,0.0,0.0,0.0,0.0
924709.573,2506.0,3.0,3.0,-0.45000001788139343,-0.0,0.0,0.0,0.0,1.0,2506.0,0.0,0.0,0.0,0.0
924719.573,2506.0,0.0,0.0,0.0,0.0,0.0,0.0,0.0,-1.0,2506.0,0.0,0.0,0.0,0.0
924729.573,2506.0,0.0,0.0,0.0,0.0,0.0,0.0,0.0,5.0,2506.0,0.0,0.0,0.0,0.0
924740.125,2506.0,1.0,1.0,-0.15000000596046448,-0.0,0.0,0.0,0.0,1.0,2506.0,0.0,0.0,0.0,0.0
924750.77,2506.0,3.0,3.0,-0.45000001788139343,-0.0,0.0,0.0,0.0,2.0,2506.0,0.0,0.0,0.0,0.0
924761.125,2506.0,2.0,2.0,-0.30000001192092896,-0.0,0.0,0.0,0.0,2.0,2506.0,0.0,0.0,0.0,0.0
924771.126,2506.0,2.0,2.0,-0.30000001192092896,-0.0,0.0,0.0,0.0,1.0,2506.0,0.0,0.0,0.0,0.0
924782.125,2506.0,3.0,3.0,-0.45000001788139343,-0.0,0.0,0.0,0.0,1.0,2506.0,0.0,0.0,0.0,0.0
924793.126,2506.0,1.0,1.0,-0.15000000596046448,-0.0,0.0,0.0,0.0,2.0,2506.0,0.0,0.0,0.0,0.0
924803.602,2506.0,1.0,1.0,-0.15000000596046448,-0.0,0.0,0.0,0.0,2.0,2506.0,0.0,0.0,0.0,0.0
924813.603,2506.0,1.0,1.0,-0.15000000596046448,-0.0,0.0,0.0,0.0,0.0,2506.0,0.0,0.0,0.0,0.0
924824.125,2506.0,4.0,4.0,-0.6000000238418579,-0.0,0.0,0.0,0.0,3.0,2506.0,0.0,0.0,0.0,0.0
924835.125,2506.0,5.0,5.0,-0.75,-0.0,0.0,0.0,0.0,0.0,2506.0,0.0,0.0,0.0,0.0
924845.125,2506.0,1.0,1.0,-0.15000000596046448,-0.0,0.0,0.0,0.0,2.0,2506.0,0.0,0.0,0.0,0.0
924855.942,2506.0,0.0,0.0,0.0,0.0,0.0,0.0,0.0,2.0,2506.0,0.0,0.0,0.0,0.0
924865.943,2506.0,1.0,1.0,-0.15000000596046448,-0.0,0.0,0.0,0.0,1.0,2506.0,0.0,0.0,0.0,0.0
924875.944,2506.0,1.0,1.0,-0.15000000596046448,-0.0,0.0,0.0,0.0,3.0,2506.0,0.0,0.0,0.0,0.0
924886.125,2506.0,3.0,3.0,-0.45000001788139343,-0.0,0.0,0.0,0.0,4.0,2506.0,0.0,0.0,0.0,0.0
924896.125,2506.0,6.0,6.0,-0.9000000357627869,-0.0,0.0,0.0,0.0,1.0,2506.0,0.0,0.0,0.0,0.0
924907.125,2506.0,2.0,2.0,-0.30000001192092896,-0.0,0.0,0.0,0.0,3.0,2506.0,0.0,0.0,0.0,0.0
924917.196,2506.0,0.0,0.0,0.0,0.0,0.0,0.0,0.0,-1.0,2506.0,0.0,0.0,0.0,0.0
924927.196,2506.0,2.0,2.0,-0.30000001192092896,-0.0,0.0,0.0,0.0,-1.0,2506.0,0.0,0.0,0.0,0.0
924937.196,2506.0,0.0,0.0,0.0,0.0,0.0,0.0,0.0,2.0,2506.0,0.0,0.0,0.0,0.0
924949.221,2506.0,3.0,3.0,-0.45000001788139343,-0.0,0.0,0.0,0.0,2.0,2506.0,0.0,0.0,0.0,0.0
924959.865,2506.0,1.0,1.0,-0.15000000596046448,-0.0,0.0,0.0,0.0,1.0,2506.0,0.0,0.0,0.0,0.0
924969.866,2506.0,2.0,2.0,-0.30000001192092896,-0.0,0.0,0.0,0.0,2.0,2506.0,0.0,0.0,0.0,0.0
924980.125,2506.0,3.0,3.0,-0.45000001788139343,-0.0,0.0,0.0,0.0,0.0,2506.0,0.0,0.0,0.0,0.0
924990.126,2506.0,3.0,3.0,-0.45000001788139343,-0.0,0.0,0.0,0.0,0.0,2506.0,0.0,0.0,0.0,0.0
925001.125,2506.0,4.0,4.0,-0.6000000238418579,-0.0,0.0,0.0,0.0,2.0,2506.0,0.0,0.0,0.0,0.0
925011.126,2506.0,2.0,2.0,-0.30000001192092896,-0.0,0.0,0.0,0.0,2.0,2506.0,0.0,0.0,0.0,0.0
925021.772,2506.0,2.0,2.0,-0.30000001192092896,-0.0,0.0,0.0,0.0,2.0,2506.0,0.0,0.0,0.0,0.0
925031.772,2506.0,1.0,1.0,-0.15000000596046448,-0.0,0.0,0.0,0.0,1.0,2506.0,0.0,0.0,0.0,0.0
925041.772,2506.0,0.0,0.0,0.0,0.0,0.0,0.0,0.0,0.0,2506.0,0.0,0.0,0.0,0.0
925051.986,2506.0,2.0,2.0,-0.30000001192092896,-0.0,0.0,0.0,0.0,1.0,2506.0,0.0,0.0,0.0,0.0
925061.986,2506.0,1.0,1.0,-0.15000000596046448,-0.0,0.0,0.0,0.0,0.0,2506.0,0.0,0.0,0.0,0.0
925071.987,2506.0,7.0,7.0,-1.0500000715255737,-0.0,0.0,-1.0,-9.0,0.0,2506.0,0.0,0.0,0.0,0.0
925081.988,2506.0,1.0,1.0,-0.15000000596046448,-0.0,0.0,0.0,0.0,1.0,2506.0,0.0,0.0,0.0,0.0
925091.988,2506.0,1.0,1.0,-0.15000000596046448,-0.0,0.0,0.0,0.0,1.0,2506.0,0.0,0.0,0.0,0.0
925102.137,2506.0,0.0,0.0,0.0,0.0,0.0,0.0,0.0,1.0,2506.0,0.0,0.0,0.0,0.0
925112.334,2506.0,1.0,1.0,-0.15000000596046448,-0.0,0.0,0.0,0.0,1.0,2506.0,0.0,0.0,0.0,0.0
925122.334,2506.0,4.0,4.0,-0.6000000238418579,-0.0,0.0,0.0,0.0,1.0,2506.0,0.0,0.0,0.0,0.0
925133.125,2506.0,0.0,0.0,0.0,0.0,0.0,0.0,0.0,3.0,2506.0,0.0,0.0,0.0,0.0
925144.125,2506.0,2.0,2.0,-0.30000001192092896,-0.0,0.0,0.0,0.0,0.0,2506.0,0.0,0.0,0.0,0.0
925154.126,2506.0,4.0,4.0,-0.6000000238418579,-0.0,0.0,0.0,0.0,2.0,2506.0,0.0,0.0,0.0,0.0
925164.127,2506.0,2.0,2.0,-0.30000001192092896,-0.0,0.0,0.0,0.0,2.0,2506.0,0.0,0.0,0.0,0.0
925174.128,2506.0,2.0,2.0,-0.30000001192092896,-0.0,0.0,0.0,0.0,1.0,2506.0,0.0,0.0,0.0,0.0
925184.458,2506.0,2.0,2.0,-0.30000001192092896,-0.0,0.0,0.0,0.0,5.0,2506.0,0.0,0.0,0.0,0.0
925194.458,2506.0,2.0,2.0,-0.30000001192092896,-0.0,0.0,0.0,0.0,-1.0,2506.0,0.0,0.0,0.0,0.0
925205.125,2506.0,0.0,0.0,0.0,0.0,0.0,0.0,0.0,3.0,2506.0,0.0,0.0,0.0,0.0
925216.125,2506.0,0.0,0.0,0.0,0.0,0.0,0.0,0.0,3.0,2506.0,0.0,0.0,0.0,0.0
925226.125,2506.0,1.0,1.0,-0.15000000596046448,-0.0,0.0,0.0,0.0,3.0,2506.0,0.0,0.0,0.0,0.0
925237.126,2506.0,4.0,4.0,-0.6000000238418579,-0.0,0.0,0.0,0.0,2.0,2506.0,0.0,0.0,0.0,0.0
925248.125,2506.0,4.0,4.0,-0.6000000238418579,-0.0,0.0,0.0,0.0,2.0,2506.0,0.0,0.0,0.0,0.0
925258.125,2506.0,1.0,1.0,-0.15000000596046448,-0.0,0.0,0.0,0.0,1.0,2506.0,0.0,0.0,0.0,0.0
925268.126,2506.0,2.0,2.0,-0.30000001192092896,-0.0,0.0,0.0,0.0,3.0,2506.0,0.0,0.0,0.0,0.0
925279.126,2506.0,6.0,6.0,-0.9000000357627869,-0.0,0.0,0.0,0.0,4.0,2506.0,0.0,0.0,0.0,0.0
925290.125,2506.0,2.0,2.0,-0.30000001192092896,-0.0,0.0,0.0,0.0,-1.0,2506.0,0.0,0.0,0.0,0.0
925300.626,2506.0,5.0,5.0,-0.75,-0.0,0.0,0.0,0.0,-1.0,2506.0,0.0,0.0,0.0,0.0
925310.626,2506.0,4.0,4.0,-0.6000000238418579,-0.0,0.0,0.0,0.0,1.0,2506.0,0.0,0.0,0.0,0.0
925321.041,2506.0,6.0,6.0,-0.9000000357627869,-0.0,0.0,0.0,0.0,-2.0,2506.0,0.0,0.0,0.0,0.0
925331.041,2506.0,1.0,1.0,-0.15000000596046448,-0.0,0.0,0.0,0.0,1.0,2506.0,0.0,0.0,0.0,0.0
925341.041,2506.0,1.0,1.0,-0.15000000596046448,-0.0,0.0,0.0,0.0,2.0,2506.0,0.0,0.0,0.0,0.0
925352.041,2506.0,-1.0,-1.0,0.15000000596046448,0.0,0.0,0.0,0.0,0.0,2506.0,0.0,0.0,0.0,0.0
925363.126,2506.0,1.0,1.0,-0.15000000596046448,-0.0,0.0,0.0,0.0,4.0,2506.0,0.0,0.0,0.0,0.0
925374.125,2506.0,1.0,1.0,-0.15000000596046448,-0.0,0.0,0.0,0.0,1.0,2506.0,0.0,0.0,0.0,0.0
925385.125,2506.0,4.0,4.0,-0.6000000238418579,-0.0,0.0,0.0,0.0,1.0,2506.0,0.0,0.0,0.0,0.0
925396.125,2506.0,2.0,2.0,-0.30000001192092896,-0.0,0.0,0.0,0.0,-2.0,2506.0,0.0,0.0,0.0,0.0
925406.208,2506.0,2.0,2.0,-0.30000001192092896,-0.0,0.0,0.0,0.0,-2.0,2506.0,0.0,0.0,0.0,0.0
925417.125,2506.0,0.0,0.0,0.0,0.0,0.0,0.0,0.0,3.0,2506.0,0.0,0.0,0.0,0.0
925427.126,2506.0,2.0,2.0,-0.30000001192092896,-0.0,0.0,0.0,0.0,-1.0,2506.0,0.0,0.0,0.0,0.0
925437.126,2506.0,3.0,3.0,-0.45000001788139343,-0.0,0.0,0.0,0.0,0.0,2506.0,0.0,0.0,0.0,0.0
925447.127,2506.0,5.0,5.0,-0.75,-0.0,0.0,0.0,0.0,1.0,2506.0,0.0,0.0,0.0,0.0
925457.127,2506.0,-1.0,-1.0,0.15000000596046448,0.0,0.0,0.0,0.0,-1.0,2506.0,0.0,0.0,0.0,0.0
925468.098,2506.0,0.0,0.0,0.0,0.0,0.0,0.0,0.0,1.0,2506.0,0.0,0.0,0.0,0.0
925478.099,2506.0,2.0,2.0,-0.30000001192092896,-0.0,0.0,0.0,0.0,0.0,2506.0,0.0,0.0,0.0,0.0
925488.1,2506.0,1.0,1.0,-0.15000000596046448,-0.0,0.0,0.0,0.0,1.0,2506.0,0.0,0.0,0.0,0.0
925498.101,2506.0,1.0,1.0,-0.15000000596046448,-0.0,0.0,0.0,0.0,2.0,2506.0,0.0,0.0,0.0,0.0
925509.125,2506.0,4.0,4.0,-0.6000000238418579,-0.0,0.0,0.0,0.0,4.0,2506.0,0.0,0.0,0.0,0.0
925519.125,2506.0,-1.0,-1.0,0.15000000596046448,0.0,0.0,0.0,0.0,0.0,2506.0,0.0,0.0,0.0,0.0
925530.195,2506.0,1.0,1.0,-0.15000000596046448,-0.0,0.0,0.0,0.0,1.0,2506.0,0.0,0.0,0.0,0.0
925541.126,2506.0,1.0,1.0,-0.15000000596046448,-0.0,0.0,0.0,0.0,2.0,2506.0,0.0,0.0,0.0,0.0
925552.125,2506.0,1.0,4.0,-0.6000000238418579,-0.0,0.0,0.0,0.0,-1.0,2506.0,0.0,0.0,0.0,0.0
925563.341,2506.0,5.0,5.0,-0.75,-0.0,0.0,0.0,0.0,1.0,2506.0,0.0,0.0,0.0,0.0
925573.342,2506.0,3.0,3.0,-0.45000001788139343,-0.0,0.0,0.0,0.0,0.0,2506.0,0.0,0.0,0.0,0.0
925583.342,2506.0,-1.0,-1.0,0.15000000596046448,0.0,0.0,0.0,0.0,2.0,2506.0,0.0,0.0,0.0,0.0
925593.342,2506.0,4.0,4.0,-0.6000000238418579,-0.0,0.0,0.0,0.0,2.0,2506.0,0.0,0.0,0.0,0.0
925604.098,2506.0,1.0,1.0,-0.15000000596046448,-0.0,0.0,0.0,0.0,3.0,2506.0,0.0,0.0,0.0,0.0
925615.125,2506.0,2.0,2.0,-0.30000001192092896,-0.0,0.0,0.0,0.0,-1.0,2506.0,0.0,0.0,0.0,0.0
925626.125,2506.0,4.0,4.0,-0.6000000238418579,-0.0,0.0,0.0,0.0,1.0,2506.0,0.0,0.0,0.0,0.0
925637.125,2506.0,2.0,2.0,-0.30000001192092896,-0.0,0.0,0.0,0.0,0.0,2506.0,0.0,0.0,0.0,0.0
925648.161,2506.0,-1.0,-1.0,0.15000000596046448,0.0,0.0,0.0,0.0,1.0,2506.0,0.0,0.0,0.0,0.0
925659.125,2506.0,2.0,2.0,-0.30000001192092896,-0.0,0.0,0.0,0.0,0.0,2506.0,0.0,0.0,0.0,0.0
925670.125,2506.0,2.0,2.0,-0.30000001192092896,-0.0,0.0,0.0,0.0,0.0,2506.0,0.0,0.0,0.0,0.0
925680.125,2506.0,3.0,3.0,-0.45000001788139343,-0.0,0.0,0.0,0.0,3.0,2506.0,0.0,0.0,0.0,0.0
925690.126,2506.0,2.0,2.0,-0.30000001192092896,-0.0,0.0,0.0,0.0,1.0,2506.0,0.0,0.0,0.0,0.0
925701.126,2506.0,0.0,0.0,0.0,0.0,0.0,0.0,0.0,2.0,2506.0,0.0,0.0,0.0,0.0
925712.126,2506.0,5.0,5.0,-0.75,-0.0,0.0,0.0,0.0,0.0,2506.0,0.0,0.0,0.0,0.0
925722.127,2506.0,2.0,2.0,-0.30000001192092896,-0.0,0.0,0.0,0.0,2.0,2506.0,0.0,0.0,0.0,0.0
925732.128,2506.0,3.0,3.0,-0.45000001788139343,-0.0,0.0,0.0,0.0,1.0,2506.0,0.0,0.0,0.0,0.0
925743.125,2506.0,1.0,1.0,-0.15000000596046448,-0.0,0.0,0.0,0.0,3.0,2506.0,0.0,0.0,0.0,0.0
925753.247,2506.0,2.0,2.0,-0.30000001192092896,-0.0,0.0,0.0,0.0,3.0,2506.0,0.0,0.0,0.0,0.0
925763.248,2506.0,2.0,2.0,-0.30000001192092896,-0.0,0.0,0.0,0.0,2.0,2506.0,0.0,0.0,0.0,0.0
925773.248,2506.0,3.0,3.0,-0.45000001788139343,-0.0,0.0,0.0,0.0,2.0,2506.0,0.0,0.0,0.0,0.0
925784.125,2506.0,3.0,3.0,-0.45000001788139343,-0.0,0.0,0.0,0.0,-3.0,2506.0,0.0,0.0,0.0,0.0
925795.126,2506.0,5.0,5.0,-0.75,-0.0,0.0,0.0,0.0,-1.0,2506.0,0.0,0.0,0.0,0.0
925805.126,2506.0,5.0,5.0,-0.75,-0.0,0.0,0.0,0.0,-1.0,2506.0,0.0,0.0,0.0,0.0
925815.126,2506.0,4.0,4.0,-0.6000000238418579,-0.0,0.0,0.0,0.0,-2.0,2506.0,0.0,0.0,0.0,0.0
925825.126,2506.0,0.0,0.0,0.0,0.0,0.0,0.0,0.0,3.0,2506.0,0.0,0.0,0.0,0.0
925835.126,2506.0,0.0,0.0,0.0,0.0,0.0,0.0,0.0,3.0,2506.0,0.0,0.0,0.0,0.0
925846.121,2506.0,1.0,1.0,-0.15000000596046448,-0.0,0.0,0.0,0.0,0.0,2506.0,0.0,0.0,0.0,0.0
925856.121,2506.0,3.0,3.0,-0.45000001788139343,-0.0,0.0,0.0,0.0,-2.0,2506.0,0.0,0.0,0.0,0.0
925866.626,2506.0,1.0,1.0,-0.15000000596046448,-0.0,0.0,0.0,0.0,3.0,2506.0,0.0,0.0,0.0,0.0
925876.626,2506.0,3.0,3.0,-0.45000001788139343,-0.0,0.0,0.0,0.0,0.0,2506.0,0.0,0.0,0.0,0.0
925886.627,2506.0,2.0,2.0,-0.30000001192092896,-0.0,0.0,0.0,0.0,-1.0,2506.0,0.0,0.0,0.0,0.0
925896.628,2506.0,4.0,4.0,-0.6000000238418579,-0.0,0.0,0.0,0.0,1.0,2506.0,0.0,0.0,0.0,0.0
925907.126,2506.0,0.0,0.0,0.0,0.0,0.0,0.0,0.0,1.0,2506.0,0.0,0.0,0.0,0.0
925918.126,2506.0,3.0,3.0,-0.45000001788139343,-0.0,0.0,0.0,0.0,0.0,2506.0,0.0,0.0,0.0,0.0
925929.098,2506.0,3.0,3.0,-0.45000001788139343,-0.0,0.0,0.0,0.0,0.0,2506.0,0.0,0.0,0.0,0.0
925940.125,2506.0,3.0,3.0,-0.45000001788139343,-0.0,0.0,0.0,0.0,-1.0,2506.0,0.0,0.0,0.0,0.0
925950.943,2506.0,3.0,3.0,-0.45000001788139343,-0.0,0.0,0.0,0.0,-1.0,2506.0,0.0,0.0,0.0,0.0
925961.125,2506.0,1.0,1.0,-0.15000000596046448,-0.0,0.0,0.0,0.0,2.0,2506.0,0.0,0.0,0.0,0.0
925972.125,2506.0,2.0,2.0,-0.30000001192092896,-0.0,0.0,0.0,0.0,0.0,2506.0,0.0,0.0,0.0,0.0
925982.126,2506.0,1.0,1.0,-0.15000000596046448,-0.0,0.0,0.0,0.0,4.0,2506.0,0.0,0.0,0.0,0.0
925992.127,2506.0,3.0,3.0,-0.45000001788139343,-0.0,0.0,0.0,0.0,-1.0,2506.0,0.0,0.0,0.0,0.0
926002.127,2506.0,2.0,2.0,-0.30000001192092896,-0.0,0.0,0.0,0.0,0.0,2506.0,0.0,0.0,0.0,0.0
926012.127,2506.0,2.0,2.0,-0.30000001192092896,-0.0,0.0,0.0,0.0,1.0,2506.0,0.0,0.0,0.0,0.0
926022.127,2506.0,2.0,2.0,-0.30000001192092896,-0.0,0.0,0.0,0.0,2.0,2506.0,0.0,0.0,0.0,0.0
926033.125,2506.0,1.0,1.0,-0.15000000596046448,-0.0,0.0,0.0,0.0,1.0,2506.0,0.0,0.0,0.0,0.0
926043.974,2506.0,1.0,1.0,-0.15000000596046448,-0.0,0.0,0.0,0.0,2.0,2506.0,0.0,0.0,0.0,0.0
926054.126,2506.0,1.0,1.0,-0.15000000596046448,-0.0,0.0,0.0,0.0,-1.0,2506.0,0.0,0.0,0.0,0.0
926065.125,2506.0,1.0,1.0,-0.15000000596046448,-0.0,0.0,0.0,0.0,-1.0,2506.0,0.0,0.0,0.0,0.0
926075.227,2506.0,2.0,2.0,-0.30000001192092896,-0.0,0.0,0.0,0.0,-1.0,2506.0,0.0,0.0,0.0,0.0
926085.227,2506.0,1.0,1.0,-0.15000000596046448,-0.0,0.0,0.0,0.0,1.0,2506.0,0.0,0.0,0.0,0.0
926095.228,2506.0,1.0,1.0,-0.15000000596046448,-0.0,0.0,0.0,0.0,1.0,2506.0,0.0,0.0,0.0,0.0
926105.229,2506.0,2.0,2.0,-0.30000001192092896,-0.0,0.0,0.0,0.0,-1.0,2506.0,0.0,0.0,0.0,0.0
926115.23,2506.0,5.0,5.0,-0.75,-0.0,0.0,0.0,0.0,1.0,2506.0,0.0,0.0,0.0,0.0
926125.231,2506.0,2.0,2.0,-0.30000001192092896,-0.0,0.0,0.0,0.0,2.0,2506.0,0.0,0.0,0.0,0.0
926135.231,2506.0,0.0,0.0,0.0,0.0,0.0,0.0,0.0,2.0,2506.0,0.0,0.0,0.0,0.0
926146.125,2506.0,1.0,1.0,-0.15000000596046448,-0.0,0.0,0.0,0.0,0.0,2506.0,0.0,0.0,0.0,0.0
926156.227,2506.0,2.0,2.0,-0.30000001192092896,-0.0,0.0,0.0,0.0,2.0,2506.0,0.0,0.0,0.0,0.0
926167.125,2506.0,1.0,1.0,-0.15000000596046448,-0.0,0.0,0.0,0.0,-2.0,2506.0,0.0,0.0,0.0,0.0
926177.126,2506.0,3.0,3.0,-0.45000001788139343,-0.0,0.0,0.0,0.0,1.0,2506.0,0.0,0.0,0.0,0.0
926187.467,2506.0,0.0,0.0,0.0,0.0,0.0,0.0,0.0,1.0,2506.0,0.0,0.0,0.0,0.0
926197.467,2506.0,3.0,3.0,-0.45000001788139343,-0.0,0.0,0.0,0.0,-2.0,2506.0,0.0,0.0,0.0,0.0
926207.468,2506.0,0.0,0.0,0.0,0.0,0.0,0.0,0.0,-1.0,2506.0,0.0,0.0,0.0,0.0
926217.469,2506.0,1.0,1.0,-0.15000000596046448,-0.0,0.0,0.0,0.0,-1.0,2506.0,0.0,0.0,0.0,0.0
926228.125,2506.0,2.0,2.0,-0.30000001192092896,-0.0,0.0,0.0,0.0,2.0,2506.0,0.0,0.0,0.0,0.0
926239.126,2506.0,2.0,2.0,-0.30000001192092896,-0.0,0.0,0.0,0.0,2.0,2506.0,0.0,0.0,0.0,0.0
926249.479,2506.0,2.0,2.0,-0.30000001192092896,-0.0,0.0,0.0,0.0,2.0,2506.0,0.0,0.0,0.0,0.0
926259.479,2506.0,4.0,4.0,-0.6000000238418579,-0.0,0.0,0.0,0.0,-1.0,2506.0,0.0,0.0,0.0,0.0
926269.48,2506.0,4.0,4.0,-0.6000000238418579,-0.0,0.0,0.0,0.0,-1.0,2506.0,0.0,0.0,0.0,0.0
926280.126,2506.0,2.0,2.0,-0.30000001192092896,-0.0,0.0,0.0,0.0,1.0,2506.0,0.0,0.0,0.0,0.0
926290.127,2506.0,1.0,1.0,-0.15000000596046448,-0.0,0.0,0.0,0.0,1.0,2506.0,0.0,0.0,0.0,0.0
926300.128,2506.0,5.0,5.0,-0.75,-0.0,0.0,0.0,0.0,3.0,2506.0,0.0,0.0,0.0,0.0
926310.128,2506.0,4.0,4.0,-0.6000000238418579,-0.0,0.0,0.0,0.0,2.0,2506.0,0.0,0.0,0.0,0.0
926321.126,2506.0,-2.0,-2.0,0.30000001192092896,0.0,0.0,0.0,0.0,1.0,2506.0,0.0,0.0,0.0,0.0
926331.359,2506.0,-2.0,-2.0,0.30000001192092896,0.0,0.0,0.0,0.0,1.0,2506.0,0.0,0.0,0.0,0.0
926342.126,2506.0,3.0,3.0,-0.45000001788139343,-0.0,0.0,0.0,0.0,-1.0,2506.0,0.0,0.0,0.0,0.0
926352.126,2506.0,3.0,3.0,-0.45000001788139343,-0.0,0.0,0.0,0.0,2.0,2506.0,0.0,0.0,0.0,0.0
926362.126,2506.0,-1.0,-1.0,0.15000000596046448,0.0,0.0,0.0,0.0,0.0,2506.0,0.0,0.0,0.0,0.0
926372.126,2506.0,0.0,0.0,0.0,0.0,0.0,0.0,0.0,2.0,2506.0,0.0,0.0,0.0,0.0
926382.126,2506.0,2.0,2.0,-0.30000001192092896,-0.0,0.0,0.0,0.0,-3.0,2506.0,0.0,0.0,0.0,0.0
926392.679,2506.0,0.0,0.0,0.0,0.0,0.0,0.0,0.0,-2.0,2506.0,0.0,0.0,0.0,0.0
926403.125,2506.0,4.0,4.0,-0.6000000238418579,-0.0,0.0,0.0,0.0,0.0,2506.0,0.0,0.0,0.0,0.0
926413.125,2506.0,4.0,4.0,-0.6000000238418579,-0.0,0.0,0.0,0.0,1.0,2506.0,0.0,0.0,0.0,0.0
926423.126,2506.0,2.0,2.0,-0.30000001192092896,-0.0,0.0,0.0,0.0,2.0,2506.0,0.0,0.0,0.0,0.0
926433.127,2506.0,1.0,1.0,-0.15000000596046448,-0.0,0.0,0.0,0.0,2.0,2506.0,0.0,0.0,0.0,0.0
926443.127,2506.0,1.0,1.0,-0.15000000596046448,-0.0,0.0,0.0,0.0,1.0,2506.0,0.0,0.0,0.0,0.0
926453.461,2506.0,1.0,1.0,-0.15000000596046448,-0.0,0.0,0.0,0.0,2.0,2506.0,0.0,0.0,0.0,0.0
926464.125,2506.0,1.0,1.0,-0.15000000596046448,-0.0,0.0,0.0,0.0,2.0,2506.0,0.0,0.0,0.0,0.0
926474.125,2506.0,3.0,3.0,-0.45000001788139343,-0.0,0.0,0.0,0.0,2.0,2506.0,0.0,0.0,0.0,0.0
926484.125,2506.0,2.0,2.0,-0.30000001192092896,-0.0,0.0,0.0,0.0,3.0,2506.0,0.0,0.0,0.0,0.0
926495.125,2506.0,4.0,4.0,-0.6000000238418579,-0.0,0.0,0.0,0.0,2.0,2506.0,0.0,0.0,0.0,0.0
926505.125,2506.0,3.0,3.0,-0.45000001788139343,-0.0,0.0,0.0,0.0,1.0,2506.0,0.0,0.0,0.0,0.0
926515.77,2506.0,-1.0,-1.0,0.15000000596046448,0.0,0.0,0.0,0.0,1.0,2506.0,0.0,0.0,0.0,0.0
926525.77,2506.0,5.0,5.0,-0.75,-0.0,0.0,0.0,0.0,2.0,2506.0,0.0,0.0,0.0,0.0
926536.125,2506.0,1.0,1.0,-0.15000000596046448,-0.0,0.0,0.0,0.0,2.0,2506.0,0.0,0.0,0.0,0.0
926546.126,2506.0,-2.0,-2.0,0.30000001192092896,0.0,0.0,0.0,0.0,0.0,2506.0,0.0,0.0,0.0,0.0
926557.125,2506.0,3.0,3.0,-0.45000001788139343,-0.0,0.0,0.0,0.0,1.0,2506.0,0.0,0.0,0.0,0.0
926568.125,2506.0,5.0,5.0,-0.75,-0.0,0.0,0.0,0.0,4.0,2506.0,0.0,0.0,0.0,0.0
926578.126,2506.0,0.0,0.0,0.0,0.0,0.0,0.0,0.0,-1.0,2506.0,0.0,0.0,0.0,0.0
926589.125,2506.0,1.0,1.0,-0.15000000596046448,-0.0,0.0,0.0,0.0,-1.0,2506.0,0.0,0.0,0.0,0.0
926599.351,2506.0,1.0,1.0,-0.15000000596046448,-0.0,0.0,0.0,0.0,2.0,2506.0,0.0,0.0,0.0,0.0
926609.352,2506.0,3.0,1.0,-0.15000000596046448,-0.0,0.0,0.0,0.0,1.0,2506.0,0.0,0.0,0.0,0.0
926619.353,2506.0,3.0,3.0,-0.45000001788139343,-0.0,0.0,0.0,0.0,1.0,2506.0,0.0,0.0,0.0,0.0
926630.041,2506.0,3.0,3.0,-0.45000001788139343,-0.0,0.0,0.0,0.0,2.0,2506.0,0.0,0.0,0.0,0.0
926641.041,2506.0,1.0,1.0,-0.15000000596046448,-0.0,0.0,0.0,0.0,1.0,2506.0,0.0,0.0,0.0,0.0
926651.041,2506.0,1.0,1.0,-0.15000000596046448,-0.0,0.0,0.0,0.0,1.0,2506.0,0.0,0.0,0.0,0.0
926662.125,2506.0,2.0,2.0,-0.30000001192092896,-0.0,0.0,0.0,0.0,-1.0,2506.0,0.0,0.0,0.0,0.0
926672.536,2506.0,2.0,2.0,-0.30000001192092896,-0.0,0.0,0.0,0.0,1.0,2506.0,0.0,0.0,0.0,0.0
926683.125,2506.0,3.0,3.0,-0.45000001788139343,-0.0,0.0,0.0,0.0,2.0,2506.0,0.0,0.0,0.0,0.0
926694.126,2506.0,3.0,3.0,-0.45000001788139343,-0.0,0.0,0.0,0.0,0.0,2506.0,0.0,0.0,0.0,0.0
926704.126,2506.0,3.0,3.0,-0.45000001788139343,-0.0,0.0,0.0,0.0,-1.0,2506.0,0.0,0.0,0.0,0.0
926715.125,2506.0,2.0,2.0,-0.30000001192092896,-0.0,0.0,0.0,0.0,2.0,2506.0,0.0,0.0,0.0,0.0
926725.317,2506.0,1.0,1.0,-0.15000000596046448,-0.0,0.0,0.0,0.0,2.0,2506.0,0.0,0.0,0.0,0.0
926736.125,2506.0,3.0,3.0,-0.45000001788139343,-0.0,0.0,0.0,0.0,0.0,2506.0,0.0,0.0,0.0,0.0
926746.125,2506.0,3.0,3.0,-0.45000001788139343,-0.0,0.0,0.0,0.0,-1.0,2506.0,0.0,0.0,0.0,0.0
926756.126,2506.0,3.0,3.0,-0.45000001788139343,-0.0,0.0,0.0,0.0,-1.0,2506.0,0.0,0.0,0.0,0.0
926766.127,2506.0,2.0,2.0,-0.30000001192092896,-0.0,0.0,0.0,0.0,0.0,2506.0,0.0,0.0,0.0,0.0
926776.127,2506.0,4.0,4.0,-0.6000000238418579,-0.0,0.0,0.0,0.0,1.0,2506.0,0.0,0.0,0.0,0.0
926787.125,2506.0,-1.0,-1.0,0.15000000596046448,0.0,0.0,0.0,0.0,0.0,2506.0,0.0,0.0,0.0,0.0
926798.126,2506.0,3.0,3.0,-0.45000001788139343,-0.0,0.0,0.0,0.0,1.0,2506.0,0.0,0.0,0.0,0.0
926809.125,2506.0,2.0,2.0,-0.30000001192092896,-0.0,0.0,0.0,0.0,1.0,2506.0,0.0,0.0,0.0,0.0
926820.125,2506.0,2.0,2.0,-0.30000001192092896,-0.0,0.0,0.0,0.0,1.0,2506.0,0.0,0.0,0.0,0.0
926830.126,2506.0,2.0,2.0,-0.30000001192092896,-0.0,0.0,0.0,0.0,1.0,2506.0,0.0,0.0,0.0,0.0
926841.125,2506.0,3.0,1.0,-0.15000000596046448,-0.0,0.0,0.0,0.0,2.0,2506.0,0.0,0.0,0.0,0.0
926852.126,2506.0,2.0,2.0,-0.30000001192092896,-0.0,0.0,0.0,0.0,-1.0,2506.0,0.0,0.0,0.0,0.0
926862.127,2506.0,2.0,2.0,-0.30000001192092896,-0.0,0.0,0.0,0.0,0.0,2506.0,0.0,0.0,0.0,0.0
926872.127,2506.0,2.0,2.0,-0.30000001192092896,-0.0,0.0,0.0,0.0,0.0,2506.0,0.0,0.0,0.0,0.0
926882.941,2506.0,2.0,2.0,-0.30000001192092896,-0.0,0.0,0.0,0.0,0.0,2506.0,0.0,0.0,0.0,0.0
926892.941,2506.0,2.0,2.0,-0.30000001192092896,-0.0,0.0,0.0,0.0,1.0,2506.0,0.0,0.0,0.0,0.0
926903.125,2506.0,2.0,2.0,-0.30000001192092896,-0.0,0.0,0.0,0.0,2.0,2506.0,0.0,0.0,0.0,0.0
926913.125,2506.0,5.0,5.0,-0.75,-0.0,0.0,0.0,0.0,1.0,2506.0,0.0,0.0,0.0,0.0
926923.125,2506.0,3.0,3.0,-0.45000001788139343,-0.0,0.0,0.0,0.0,2.0,2506.0,0.0,0.0,0.0,0.0
926934.125,2506.0,3.0,3.0,-0.45000001788139343,-0.0,0.0,0.0,0.0,0.0,2506.0,0.0,0.0,0.0,0.0
926944.31,2506.0,5.0,5.0,-0.75,-0.0,0.0,0.0,0.0,0.0,2506.0,0.0,0.0,0.0,0.0
926954.311,2506.0,3.0,3.0,-0.45000001788139343,-0.0,0.0,0.0,0.0,1.0,2506.0,0.0,0.0,0.0,0.0
926964.311,2506.0,3.0,3.0,-0.45000001788139343,-0.0,0.0,0.0,0.0,3.0,2506.0,0.0,0.0,0.0,0.0
926974.489,2506.0,2.0,2.0,-0.30000001192092896,-0.0,0.0,0.0,0.0,-3.0,2506.0,0.0,0.0,0.0,0.0
926985.125,2506.0,3.0,3.0,-0.45000001788139343,-0.0,0.0,0.0,0.0,3.0,2506.0,0.0,0.0,0.0,0.0
926996.125,2506.0,5.0,5.0,-0.75,-0.0,0.0,0.0,0.0,1.0,2506.0,0.0,0.0,0.0,0.0
927006.125,2506.0,5.0,5.0,-0.75,-0.0,0.0,0.0,0.0,1.0,2506.0,0.0,0.0,0.0,0.0
927016.69,2506.0,1.0,1.0,-0.15000000596046448,-0.0,0.0,0.0,0.0,1.0,2506.0,0.0,0.0,0.0,0.0
927027.125,2506.0,2.0,2.0,-0.30000001192092896,-0.0,0.0,0.0,0.0,0.0,2506.0,0.0,0.0,0.0,0.0
927038.126,2506.0,-2.0,-2.0,0.30000001192092896,0.0,0.0,0.0,0.0,1.0,2506.0,0.0,0.0,0.0,0.0
927048.127,2506.0,-2.0,-2.0,0.30000001192092896,0.0,0.0,0.0,0.0,1.0,2506.0,0.0,0.0,0.0,0.0
927058.128,2506.0,4.0,4.0,-0.6000000238418579,-0.0,0.0,0.0,0.0,2.0,2506.0,0.0,0.0,0.0,0.0
927068.131,2506.0,2.0,2.0,-0.30000001192092896,-0.0,0.0,0.0,0.0,-4.0,2506.0,0.0,0.0,0.0,0.0
927078.131,2506.0,2.0,2.0,-0.30000001192092896,-0.0,0.0,0.0,0.0,-2.0,2506.0,0.0,0.0,0.0,0.0
927088.132,2506.0,2.0,2.0,-0.30000001192092896,-0.0,0.0,0.0,0.0,0.0,2506.0,0.0,0.0,0.0,0.0
927098.132,2506.0,2.0,2.0,-0.30000001192092896,-0.0,0.0,0.0,0.0,2.0,2506.0,0.0,0.0,0.0,0.0
927109.126,2506.0,0.0,0.0,0.0,0.0,0.0,0.0,0.0,-1.0,2506.0,0.0,0.0,0.0,0.0
927120.125,2506.0,0.0,0.0,0.0,0.0,0.0,0.0,0.0,-1.0,2506.0,0.0,0.0,0.0,0.0
927130.125,2506.0,3.0,3.0,-0.45000001788139343,-0.0,0.0,0.0,0.0,2.0,2506.0,0.0,0.0,0.0,0.0
927140.125,2506.0,0.0,0.0,0.0,0.0,0.0,0.0,0.0,0.0,2506.0,0.0,0.0,0.0,0.0
927150.126,2506.0,2.0,2.0,-0.30000001192092896,-0.0,0.0,0.0,0.0,1.0,2506.0,0.0,0.0,0.0,0.0
927161.125,2506.0,4.0,4.0,-0.6000000238418579,-0.0,0.0,0.0,0.0,1.0,2506.0,0.0,0.0,0.0,0.0
927171.852,2506.0,1.0,1.0,-0.15000000596046448,-0.0,0.0,0.0,0.0,1.0,2506.0,0.0,0.0,0.0,0.0
927182.125,2506.0,1.0,1.0,-0.15000000596046448,-0.0,0.0,0.0,0.0,2.0,2506.0,0.0,0.0,0.0,0.0
927192.711,2506.0,1.0,1.0,-0.15000000596046448,-0.0,0.0,0.0,0.0,2.0,2506.0,0.0,0.0,0.0,0.0
927202.711,2506.0,3.0,3.0,-0.45000001788139343,-0.0,0.0,0.0,0.0,1.0,2506.0,0.0,0.0,0.0,0.0
927212.713,2506.0,3.0,3.0,-0.45000001788139343,-0.0,0.0,0.0,0.0,1.0,2506.0,0.0,0.0,0.0,0.0
927223.126,2506.0,4.0,4.0,-0.6000000238418579,-0.0,0.0,0.0,0.0,0.0,2506.0,0.0,0.0,0.0,0.0
927233.128,2506.0,-1.0,-1.0,0.15000000596046448,0.0,0.0,0.0,0.0,-2.0,2506.0,0.0,0.0,0.0,0.0
927243.128,2506.0,2.0,2.0,-0.30000001192092896,-0.0,0.0,0.0,0.0,2.0,2506.0,0.0,0.0,0.0,0.0
927253.671,2506.0,1.0,1.0,-0.15000000596046448,-0.0,0.0,0.0,0.0,1.0,2506.0,0.0,0.0,0.0,0.0
927263.672,2506.0,1.0,1.0,-0.15000000596046448,-0.0,0.0,0.0,0.0,4.0,2506.0,0.0,0.0,0.0,0.0
927274.125,2506.0,3.0,3.0,-0.45000001788139343,-0.0,0.0,0.0,0.0,-1.0,2506.0,0.0,0.0,0.0,0.0
927285.125,2506.0,2.0,2.0,-0.30000001192092896,-0.0,0.0,0.0,0.0,2.0,2506.0,0.0,0.0,0.0,0.0
927295.127,2506.0,2.0,2.0,-0.30000001192092896,-0.0,0.0,0.0,0.0,2.0,2506.0,0.0,0.0,0.0,0.0
927306.125,2506.0,2.0,2.0,-0.30000001192092896,-0.0,0.0,0.0,0.0,2.0,2506.0,0.0,0.0,0.0,0.0
927316.126,2506.0,2.0,2.0,-0.30000001192092896,-0.0,0.0,0.0,0.0,-2.0,2506.0,0.0,0.0,0.0,0.0
927327.125,2506.0,-1.0,-1.0,0.15000000596046448,0.0,0.0,0.0,0.0,1.0,2506.0,0.0,0.0,0.0,0.0
927338.125,2506.0,4.0,4.0,-0.6000000238418579,-0.0,0.0,0.0,0.0,1.0,2506.0,0.0,0.0,0.0,0.0
927348.125,2506.0,4.0,4.0,-0.6000000238418579,-0.0,0.0,0.0,0.0,1.0,2506.0,0.0,0.0,0.0,0.0
927359.125,2506.0,1.0,1.0,-0.15000000596046448,-0.0,0.0,0.0,0.0,4.0,2506.0,0.0,0.0,0.0,0.0
927369.125,2506.0,1.0,1.0,-0.15000000596046448,-0.0,0.0,0.0,0.0,4.0,2506.0,0.0,0.0,0.0,0.0
927380.125,2506.0,3.0,3.0,-0.45000001788139343,-0.0,0.0,0.0,0.0,1.0,2506.0,0.0,0.0,0.0,0.0
927391.125,2506.0,6.0,6.0,-0.9000000357627869,-0.0,0.0,0.0,0.0,-3.0,2506.0,0.0,0.0,0.0,0.0
927402.125,2506.0,1.0,1.0,-0.15000000596046448,-0.0,0.0,0.0,0.0,0.0,2506.0,0.0,0.0,0.0,0.0
927412.126,2506.0,2.0,2.0,-0.30000001192092896,-0.0,0.0,0.0,0.0,1.0,2506.0,0.0,0.0,0.0,0.0
927422.126,2506.0,2.0,2.0,-0.30000001192092896,-0.0,0.0,0.0,0.0,2.0,2506.0,0.0,0.0,0.0,0.0
927432.126,2506.0,1.0,1.0,-0.15000000596046448,-0.0,0.0,0.0,0.0,3.0,2506.0,0.0,0.0,0.0,0.0
927442.126,2506.0,1.0,1.0,-0.15000000596046448,-0.0,0.0,0.0,0.0,1.0,2506.0,0.0,0.0,0.0,0.0
927452.704,2506.0,3.0,3.0,-0.45000001788139343,-0.0,0.0,0.0,0.0,0.0,2506.0,0.0,0.0,0.0,0.0
927462.705,2506.0,1.0,1.0,-0.15000000596046448,-0.0,0.0,0.0,0.0,2.0,2506.0,0.0,0.0,0.0,0.0
927473.125,2506.0,1.0,1.0,-0.15000000596046448,-0.0,0.0,0.0,0.0,2.0,2506.0,0.0,0.0,0.0,0.0
927483.565,2506.0,3.0,3.0,-0.45000001788139343,-0.0,0.0,0.0,0.0,2.0,2506.0,0.0,0.0,0.0,0.0
927493.565,2506.0,1.0,1.0,-0.15000000596046448,-0.0,0.0,0.0,0.0,0.0,2506.0,0.0,0.0,0.0,0.0
927503.566,2506.0,4.0,4.0,-0.6000000238418579,-0.0,0.0,0.0,0.0,-1.0,2506.0,0.0,0.0,0.0,0.0
927513.566,2506.0,1.0,1.0,-0.15000000596046448,-0.0,0.0,0.0,0.0,2.0,2506.0,0.0,0.0,0.0,0.0
927524.125,2506.0,1.0,1.0,-0.15000000596046448,-0.0,0.0,0.0,0.0,1.0,2506.0,0.0,0.0,0.0,0.0
927534.366,2506.0,2.0,2.0,-0.30000001192092896,-0.0,0.0,0.0,0.0,1.0,2506.0,0.0,0.0,0.0,0.0
927545.125,2506.0,0.0,0.0,0.0,0.0,0.0,0.0,0.0,-2.0,2506.0,0.0,0.0,0.0,0.0
927555.125,2506.0,4.0,4.0,-0.6000000238418579,-0.0,0.0,0.0,0.0,-1.0,2506.0,0.0,0.0,0.0,0.0
927566.126,2506.0,4.0,3.0,-0.45000001788139343,-0.0,0.0,0.0,0.0,1.0,2506.0,0.0,0.0,0.0,0.0
927577.125,2506.0,2.0,2.0,-0.30000001192092896,-0.0,0.0,0.0,0.0,1.0,2506.0,0.0,0.0,0.0,0.0
927587.125,2506.0,3.0,3.0,-0.45000001788139343,-0.0,0.0,0.0,0.0,1.0,2506.0,0.0,0.0,0.0,0.0
927597.126,2506.0,4.0,4.0,-0.6000000238418579,-0.0,0.0,0.0,0.0,0.0,2506.0,0.0,0.0,0.0,0.0
927607.127,2506.0,3.0,3.0,-0.45000001788139343,-0.0,0.0,0.0,0.0,1.0,2506.0,0.0,0.0,0.0,0.0
927617.13,2506.0,3.0,3.0,-0.45000001788139343,-0.0,0.0,0.0,0.0,1.0,2506.0,0.0,0.0,0.0,0.0
927627.131,2506.0,3.0,3.0,-0.45000001788139343,-0.0,0.0,0.0,0.0,2.0,2506.0,0.0,0.0,0.0,0.0
927638.125,2506.0,2.0,2.0,-0.30000001192092896,-0.0,0.0,0.0,0.0,4.0,2506.0,0.0,0.0,0.0,0.0
927649.125,2506.0,1.0,1.0,-0.15000000596046448,-0.0,0.0,0.0,0.0,1.0,2506.0,0.0,0.0,0.0,0.0
927660.126,2506.0,3.0,3.0,-0.45000001788139343,-0.0,0.0,0.0,0.0,0.0,2506.0,0.0,0.0,0.0,0.0
927670.127,2506.0,4.0,4.0,-0.6000000238418579,-0.0,0.0,0.0,0.0,0.0,2506.0,0.0,0.0,0.0,0.0
927680.128,2506.0,4.0,4.0,-0.6000000238418579,-0.0,0.0,0.0,0.0,0.0,2506.0,0.0,0.0,0.0,0.0
927691.156,2506.0,3.0,3.0,-0.45000001788139343,-0.0,0.0,0.0,0.0,1.0,2506.0,0.0,0.0,0.0,0.0
927701.305,2506.0,5.0,5.0,-0.75,-0.0,0.0,0.0,0.0,2.0,2506.0,0.0,0.0,0.0,0.0
927712.125,2506.0,0.0,0.0,0.0,0.0,0.0,0.0,0.0,1.0,2506.0,0.0,0.0,0.0,0.0
927723.125,2506.0,3.0,3.0,-0.45000001788139343,-0.0,0.0,0.0,0.0,3.0,2506.0,0.0,0.0,0.0,0.0
927734.125,2506.0,2.0,2.0,-0.30000001192092896,-0.0,0.0,0.0,0.0,0.0,2506.0,0.0,0.0,0.0,0.0
927744.125,2506.0,3.0,3.0,-0.45000001788139343,-0.0,0.0,0.0,0.0,0.0,2506.0,0.0,0.0,0.0,0.0
927754.13,2506.0,2.0,2.0,-0.30000001192092896,-0.0,0.0,0.0,0.0,1.0,2506.0,0.0,0.0,0.0,0.0
927764.13,2506.0,3.0,3.0,-0.45000001788139343,-0.0,0.0,0.0,0.0,-1.0,2506.0,0.0,0.0,0.0,0.0
927775.098,2506.0,3.0,3.0,-0.45000001788139343,-0.0,0.0,0.0,0.0,-1.0,2506.0,0.0,0.0,0.0,0.0
927785.099,2506.0,4.0,4.0,-0.6000000238418579,-0.0,0.0,0.0,0.0,-1.0,2506.0,0.0,0.0,0.0,0.0
927795.1,2506.0,2.0,2.0,-0.30000001192092896,-0.0,0.0,0.0,0.0,0.0,2506.0,0.0,0.0,0.0,0.0
927805.101,2506.0,2.0,2.0,-0.30000001192092896,-0.0,0.0,0.0,0.0,1.0,2506.0,0.0,0.0,0.0,0.0
927816.122,2506.0,3.0,3.0,-0.45000001788139343,-0.0,0.0,0.0,0.0,1.0,2506.0,0.0,0.0,0.0,0.0
927827.125,2506.0,3.0,3.0,-0.45000001788139343,-0.0,0.0,0.0,0.0,0.0,2506.0,0.0,0.0,0.0,0.0
927837.126,2506.0,3.0,3.0,-0.45000001788139343,-0.0,0.0,0.0,0.0,-1.0,2506.0,0.0,0.0,0.0,0.0
927847.127,2506.0,3.0,3.0,-0.45000001788139343,-0.0,0.0,0.0,0.0,-1.0,2506.0,0.0,0.0,0.0,0.0
927857.127,2506.0,3.0,3.0,-0.45000001788139343,-0.0,0.0,0.0,0.0,-1.0,2506.0,0.0,0.0,0.0,0.0
927867.127,2506.0,3.0,3.0,-0.45000001788139343,-0.0,0.0,0.0,0.0,4.0,2506.0,0.0,0.0,0.0,0.0
927877.128,2506.0,2.0,2.0,-0.30000001192092896,-0.0,0.0,0.0,0.0,0.0,2506.0,0.0,0.0,0.0,0.0
927887.129,2506.0,2.0,2.0,-0.30000001192092896,-0.0,0.0,0.0,0.0,3.0,2506.0,0.0,0.0,0.0,0.0
927898.126,2506.0,2.0,2.0,-0.30000001192092896,-0.0,0.0,0.0,0.0,3.0,2506.0,0.0,0.0,0.0,0.0
927908.168,2506.0,2.0,2.0,-0.30000001192092896,-0.0,0.0,0.0,0.0,0.0,2506.0,0.0,0.0,0.0,0.0
927918.169,2506.0,0.0,0.0,0.0,0.0,0.0,0.0,0.0,1.0,2506.0,0.0,0.0,0.0,0.0
927928.271,2506.0,1.0,1.0,-0.15000000596046448,-0.0,0.0,0.0,0.0,0.0,2506.0,0.0,0.0,0.0,0.0
927938.272,2506.0,3.0,3.0,-0.45000001788139343,-0.0,0.0,0.0,0.0,2.0,2506.0,0.0,0.0,0.0,0.0
927948.273,2506.0,2.0,2.0,-0.30000001192092896,-0.0,0.0,0.0,0.0,0.0,2506.0,0.0,0.0,0.0,0.0
927959.098,2506.0,2.0,2.0,-0.30000001192092896,-0.0,0.0,0.0,0.0,1.0,2506.0,0.0,0.0,0.0,0.0
927969.099,2506.0,1.0,1.0,-0.15000000596046448,-0.0,0.0,0.0,0.0,2.0,2506.0,0.0,0.0,0.0,0.0
927980.125,2506.0,3.0,3.0,-0.45000001788139343,-0.0,0.0,0.0,0.0,3.0,2506.0,0.0,0.0,0.0,0.0
927990.125,2506.0,1.0,1.0,-0.15000000596046448,-0.0,0.0,0.0,0.0,1.0,2506.0,0.0,0.0,0.0,0.0
928000.126,2506.0,1.0,1.0,-0.15000000596046448,-0.0,0.0,0.0,0.0,-1.0,2506.0,0.0,0.0,0.0,0.0
928011.126,2506.0,0.0,0.0,0.0,0.0,0.0,0.0,0.0,1.0,2506.0,0.0,0.0,0.0,0.0
928022.125,2506.0,2.0,2.0,-0.30000001192092896,-0.0,0.0,0.0,0.0,-2.0,2506.0,0.0,0.0,0.0,0.0
928032.125,2506.0,2.0,2.0,-0.30000001192092896,-0.0,0.0,0.0,0.0,0.0,2506.0,0.0,0.0,0.0,0.0
928043.125,2506.0,0.0,0.0,0.0,0.0,0.0,0.0,0.0,2.0,2506.0,0.0,0.0,0.0,0.0
928054.125,2506.0,0.0,0.0,0.0,0.0,0.0,0.0,0.0,2.0,2506.0,0.0,0.0,0.0,0.0
928065.126,2506.0,0.0,0.0,0.0,0.0,0.0,0.0,0.0,2.0,2506.0,0.0,0.0,0.0,0.0
928075.783,2506.0,3.0,3.0,-0.45000001788139343,-0.0,0.0,0.0,0.0,-1.0,2506.0,0.0,0.0,0.0,0.0
928086.125,2506.0,-2.0,-2.0,0.30000001192092896,0.0,0.0,0.0,0.0,3.0,2506.0,0.0,0.0,0.0,0.0
928096.125,2506.0,1.0,1.0,-0.15000000596046448,-0.0,0.0,0.0,0.0,0.0,2506.0,0.0,0.0,0.0,0.0
928107.125,2506.0,3.0,3.0,-0.45000001788139343,-0.0,0.0,0.0,0.0,-4.0,2506.0,0.0,0.0,0.0,0.0
928117.13,2506.0,-1.0,-1.0,0.15000000596046448,0.0,0.0,0.0,0.0,1.0,2506.0,0.0,0.0,0.0,0.0
928127.13,2506.0,3.0,3.0,-0.45000001788139343,-0.0,0.0,0.0,0.0,0.0,2506.0,0.0,0.0,0.0,0.0
928138.125,2506.0,-1.0,-1.0,0.15000000596046448,0.0,0.0,0.0,0.0,1.0,2506.0,0.0,0.0,0.0,0.0
928148.125,2506.0,3.0,3.0,-0.45000001788139343,-0.0,0.0,0.0,0.0,-4.0,2506.0,0.0,0.0,0.0,0.0
928158.126,2506.0,1.0,1.0,-0.15000000596046448,-0.0,0.0,0.0,0.0,-3.0,2506.0,0.0,0.0,0.0,0.0
928168.126,2506.0,3.0,3.0,-0.45000001788139343,-0.0,0.0,0.0,0.0,1.0,2506.0,0.0,0.0,0.0,0.0
928178.126,2506.0,2.0,2.0,-0.30000001192092896,-0.0,0.0,0.0,0.0,-3.0,2506.0,0.0,0.0,0.0,0.0
928188.127,2506.0,0.0,0.0,0.0,0.0,0.0,0.0,0.0,2.0,2506.0,0.0,0.0,0.0,0.0
928198.128,2506.0,3.0,3.0,-0.45000001788139343,-0.0,0.0,0.0,0.0,2.0,2506.0,0.0,0.0,0.0,0.0
928209.126,2506.0,2.0,2.0,-0.30000001192092896,-0.0,0.0,0.0,0.0,1.0,2506.0,0.0,0.0,0.0,0.0
928219.163,2506.0,4.0,4.0,-0.6000000238418579,-0.0,0.0,0.0,0.0,0.0,2506.0,0.0,0.0,0.0,0.0
928230.125,2506.0,3.0,3.0,-0.45000001788139343,-0.0,0.0,0.0,0.0,2.0,2506.0,0.0,0.0,0.0,0.0
928240.125,2506.0,3.0,3.0,-0.45000001788139343,-0.0,0.0,0.0,0.0,2.0,2506.0,0.0,0.0,0.0,0.0
928250.126,2506.0,2.0,2.0,-0.30000001192092896,-0.0,0.0,0.0,0.0,2.0,2506.0,0.0,0.0,0.0,0.0
928260.126,2506.0,6.0,6.0,-0.9000000357627869,-0.0,0.0,0.0,0.0,1.0,2506.0,0.0,0.0,0.0,0.0
928270.127,2506.0,4.0,4.0,-0.6000000238418579,-0.0,0.0,0.0,0.0,-2.0,2506.0,0.0,0.0,0.0,0.0
928281.128,2506.0,7.0,7.0,-1.0500000715255737,-0.0,0.0,-1.0,-9.0,-1.0,2506.0,0.0,0.0,0.0,0.0
928292.125,2503.0,4.0,4.0,-0.6000000238418579,-0.0,0.0,0.0,0.0,-1.0,2506.0,0.0,0.0,0.0,0.0
928303.125,2503.0,6.0,6.0,-0.9000000357627869,-0.0,0.0,0.0,0.0,2.0,2503.0,0.0,0.0,0.0,0.0
928314.126,2504.0,7.0,7.0,-1.0500000715255737,-0.0,0.0,-1.0,-9.0,2.0,2503.0,0.0,0.0,0.0,0.0
928324.126,2503.0,8.0,8.0,-1.2000000476837158,-0.0,0.0,-1.0,-9.0,2.0,2503.0,0.0,0.0,0.0,0.0
928334.585,2501.0,9.0,9.0,-1.350000023841858,-0.0,0.0,-1.0,-9.0,2.0,2503.0,0.0,0.0,0.0,0.0
928344.586,2500.0,9.0,9.0,-1.350000023841858,-0.0,0.0,-1.0,-9.0,2.0,2503.0,0.0,0.0,0.0,0.0
928354.586,2498.0,12.0,12.0,-1.8000000715255737,-0.0,0.0,-1.0,-9.0,0.0,2503.0,0.0,0.0,0.0,0.0
928364.586,2495.0,11.0,11.0,-1.6500000953674316,-0.0,0.0,-1.0,-9.0,0.0,2503.0,0.0,0.0,0.0,0.0
928374.587,2492.0,10.0,10.0,-1.5,-0.0,0.0,-1.0,-9.0,1.0,2503.0,0.0,0.0,0.0,0.0
928384.587,2489.0,14.0,14.0,-2.1000001430511475,-0.0,0.0,-2.0,-11.0,-1.0,2503.0,0.0,0.0,0.0,0.0
928395.248,2484.0,14.0,14.0,-2.1000001430511475,-0.0,0.0,-2.0,-11.0,3.0,2503.0,0.0,0.0,0.0,0.0
928405.248,2478.0,15.0,15.0,-2.25,-0.0,0.0,-2.0,-11.0,0.0,2478.0,0.0,0.0,0.0,0.0
928416.126,2472.0,15.0,15.0,-2.25,-0.0,0.0,-2.0,-11.0,0.0,2478.0,0.0,0.0,0.0,0.0
928426.127,2466.0,11.0,11.0,-1.6500000953674316,-0.0,0.0,-1.0,-9.0,0.0,2478.0,0.0,0.0,0.0,0.0
928436.127,2461.0,15.0,15.0,-2.25,-0.0,0.0,-2.0,-11.0,0.0,2478.0,0.0,0.0,0.0,0.0
928446.127,2457.0,17.0,17.0,-2.5500001907348633,-0.0,0.0,-2.0,-11.0,1.0,2478.0,0.0,0.0,0.0,0.0
928457.125,2453.0,17.0,17.0,-2.5500001907348633,-0.0,0.0,-2.0,-11.0,1.0,2478.0,0.0,0.0,0.0,0.0
928467.125,2447.0,17.0,17.0,-2.5500001907348633,-0.0,0.0,-2.0,-11.0,2.0,2478.0,0.0,0.0,0.0,0.0
928477.125,2441.0,17.0,17.0,-2.5500001907348633,-0.0,0.0,-2.0,-11.0,1.0,2478.0,0.0,0.0,0.0,0.0
928488.126,2435.0,17.0,17.0,-2.5500001907348633,-0.0,0.0,-2.0,-11.0,1.0,2478.0,0.0,0.0,0.0,0.0
928498.127,2430.0,14.0,14.0,-2.1000001430511475,-0.0,0.0,-2.0,-11.0,2.0,2478.0,0.0,0.0,0.0,0.0
928508.127,2425.0,16.0,16.0,-2.4000000953674316,-0.0,0.0,-2.0,-11.0,0.0,2425.0,0.0,0.0,0.0,0.0
928518.127,2419.0,16.0,16.0,-2.4000000953674316,-0.0,0.0,-2.0,-11.0,0.0,2425.0,0.0,0.0,0.0,0.0
928529.175,2413.0,20.0,20.0,-3.0,-0.0,0.0,-3.0,-11.0,2.0,2425.0,0.0,0.0,0.0,0.0
928539.176,2407.0,14.0,14.0,-2.1000001430511475,-0.0,0.0,-2.0,-11.0,3.0,2425.0,0.0,0.0,0.0,0.0
928549.176,2400.0,9.0,9.0,-1.350000023841858,-0.0,0.0,-1.0,-9.0,-1.0,2425.0,0.0,0.0,0.0,0.0
928560.125,2393.0,10.0,10.0,-1.5,-0.0,0.0,-1.0,-9.0,1.0,2425.0,0.0,0.0,0.0,0.0
928572.098,2386.0,5.0,5.0,-0.75,-0.0,0.0,0.0,0.0,2.0,2425.0,0.0,0.0,0.0,0.0
928582.099,2383.0,2.0,2.0,-0.30000001192092896,-0.0,0.0,0.0,0.0,4.0,2425.0,0.0,0.0,0.0,0.0
928593.125,2383.0,4.0,4.0,-0.6000000238418579,-0.0,0.0,0.0,0.0,1.0,2425.0,0.0,0.0,0.0,0.0
928603.125,2384.0,4.0,4.0,-0.6000000238418579,-0.0,0.0,0.0,0.0,2.0,2425.0,0.0,0.0,0.0,0.0
928613.125,2384.0,1.0,1.0,-0.15000000596046448,-0.0,0.0,0.0,0.0,-1.0,2384.0,0.0,0.0,0.0,0.0
928623.126,2384.0,0.0,0.0,0.0,0.0,0.0,0.0,0.0,0.0,2384.0,0.0,0.0,0.0,0.0
928633.276,2384.0,-3.0,-3.0,0.45000001788139343,0.0,0.0,0.0,0.0,2.0,2384.0,0.0,0.0,0.0,0.0
928644.15,2384.0,-7.0,-7.0,1.0500000715255737,0.0,0.0,1.0,9.0,4.0,2384.0,0.0,0.0,0.0,0.0
928655.125,2385.0,-7.0,-7.0,1.0500000715255737,0.0,0.0,1.0,9.0,0.0,2384.0,0.0,0.0,0.0,0.0
928665.126,2389.0,-11.0,-11.0,1.6500000953674316,0.0,0.0,1.0,9.0,1.0,2384.0,0.0,0.0,0.0,0.0
928675.127,2394.0,-11.0,-11.0,1.6500000953674316,0.0,0.0,1.0,9.0,-1.0,2384.0,0.0,0.0,0.0,0.0
928686.242,2399.0,-13.0,-13.0,1.9500000476837158,0.0,0.0,1.0,9.0,0.0,2384.0,0.0,0.0,0.0,0.0
928696.242,2404.0,-11.0,-11.0,1.6500000953674316,0.0,0.0,1.0,9.0,2.0,2384.0,0.0,0.0,0.0,0.0
928707.126,2411.0,-19.0,-19.0,2.8500001430511475,0.0,0.0,2.0,11.0,2.0,2411.0,0.0,0.0,0.0,0.0
928717.126,2418.0,-21.0,-21.0,3.1500000953674316,0.0,0.0,3.0,11.0,-2.0,2411.0,0.0,0.0,0.0,0.0
928727.127,2428.0,-17.0,-17.0,2.5500001907348633,0.0,0.0,2.0,11.0,0.0,2411.0,0.0,0.0,0.0,0.0
928737.128,2438.0,-16.0,-16.0,2.4000000953674316,0.0,0.0,2.0,11.0,1.0,2411.0,0.0,0.0,0.0,0.0
928747.776,2450.0,-9.0,-9.0,1.350000023841858,0.0,0.0,1.0,9.0,3.0,2411.0,0.0,0.0,0.0,0.0
928758.14,2462.0,-6.0,-6.0,0.9000000357627869,0.0,0.0,0.0,0.0,1.0,2411.0,0.0,0.0,0.0,0.0
928768.141,2468.0,-4.0,-4.0,0.6000000238418579,0.0,0.0,0.0,0.0,-2.0,2411.0,0.0,0.0,0.0,0.0
928778.142,2469.0,-4.0,-4.0,0.6000000238418579,0.0,0.0,0.0,0.0,3.0,2411.0,0.0,0.0,0.0,0.0
928788.142,2468.0,-2.0,-2.0,0.30000001192092896,0.0,0.0,0.0,0.0,1.0,2411.0,0.0,0.0,0.0,0.0
928799.125,2467.0,0.0,0.0,0.0,0.0,0.0,0.0,0.0,-3.0,2411.0,0.0,0.0,0.0,0.0
928809.125,2467.0,3.0,3.0,-0.45000001788139343,-0.0,0.0,0.0,0.0,-1.0,2467.0,0.0,0.0,0.0,0.0
928820.126,2467.0,17.0,17.0,-2.5500001907348633,-0.0,0.0,-2.0,-11.0,0.0,2467.0,0.0,0.0,0.0,0.0
928830.126,2465.0,15.0,15.0,-2.25,-0.0,0.0,-2.0,-11.0,0.0,2467.0,0.0,0.0,0.0,0.0
928841.31,2459.0,26.0,26.0,-3.9000000953674316,-0.0,0.0,-3.0,-11.0,-1.0,2467.0,0.0,0.0,0.0,0.0
928851.31,2452.0,31.0,31.0,-4.650000095367432,-0.0,0.0,-4.0,-11.0,0.0,2467.0,0.0,0.0,0.0,0.0
928862.125,2446.0,35.0,35.0,-5.25,-0.0,0.0,-5.0,-11.0,4.0,2467.0,0.0,0.0,0.0,0.0
928872.126,2441.0,43.0,43.0,-6.450000286102295,-0.0,0.0,-6.0,-11.0,-3.0,2467.0,0.0,0.0,0.0,0.0
928882.126,2434.0,61.0,61.0,-9.15000057220459,-0.0,0.0,-9.0,-11.0,0.0,2467.0,0.0,0.0,0.0,0.0
928892.127,2428.0,75.0,75.0,-11.25,-0.0,0.0,-11.0,-11.0,-2.0,2467.0,0.0,0.0,0.0,0.0
928902.127,2421.0,81.0,81.0,-12.15000057220459,-0.0,0.0,-12.0,-12.0,2.0,2467.0,0.0,0.0,0.0,0.0
928912.128,2413.0,84.0,84.0,-12.600000381469727,-0.0,0.0,-12.0,-12.0,3.0,2413.0,0.0,0.0,0.0,0.0
928922.128,2406.0,85.0,85.0,-12.750000953674316,-0.0,0.0,-12.0,-12.0,2.0,2413.0,0.0,0.0,0.0,0.0
928932.128,2398.0,90.0,90.0,-13.500000953674316,-0.0,0.0,-13.0,-13.0,1.0,2413.0,0.0,0.0,0.0,0.0
928942.128,2389.0,90.0,90.0,-13.500000953674316,-0.0,0.0,-13.0,-13.0,1.0,2413.0,0.0,0.0,0.0,0.0
928953.125,2380.0,94.0,94.0,-14.100000381469727,-0.0,0.0,-14.0,-14.0,2.0,2413.0,0.0,0.0,0.0,0.0
928964.125,2371.0,98.0,98.0,-14.700000762939453,-0.0,0.0,-14.0,-14.0,0.0,2413.0,0.0,0.0,0.0,0.0
928974.126,2362.0,101.0,101.0,-15.15000057220459,-0.0,0.0,-15.0,-15.0,-2.0,2413.0,0.0,0.0,0.0,0.0
928985.125,2353.0,109.0,109.0,-16.350000381469727,-0.0,0.0,-16.0,-16.0,0.0,2413.0,0.0,0.0,0.0,0.0
928995.126,2342.0,106.0,106.0,-15.90000057220459,-0.0,0.0,-15.0,-15.0,-1.0,2413.0,0.0,0.0,0.0,0.0
929005.773,2331.0,103.0,103.0,-15.450000762939453,-0.0,0.0,-15.0,-15.0,1.0,2413.0,0.0,0.0,0.0,0.0
929015.774,2319.0,108.0,108.0,-16.200000762939453,-0.0,0.0,-16.0,-16.0,5.0,2319.0,0.0,0.0,0.0,0.0
929025.775,2306.0,107.0,107.0,-16.05000114440918,-0.0,0.0,-16.0,-16.0,0.0,2319.0,0.0,0.0,0.0,0.0
929035.776,2293.0,111.0,111.0,-16.650001525878906,-0.0,0.0,-16.0,-16.0,0.0,2319.0,0.0,0.0,0.0,0.0
929045.776,2279.0,111.0,111.0,-16.650001525878906,-0.0,0.0,-16.0,-16.0,1.0,2319.0,0.0,0.0,0.0,0.0
929056.125,2265.0,112.0,112.0,-16.80000114440918,-0.0,0.0,-16.0,-16.0,2.0,2319.0,0.0,0.0,0.0,0.0
929066.126,2250.0,117.0,117.0,-17.55000114440918,-0.0,0.0,-17.0,-17.0,2.0,2319.0,0.0,0.0,0.0,0.0
929076.127,2235.0,118.0,118.0,-17.700000762939453,-0.0,0.0,-17.0,-17.0,-3.0,2319.0,0.0,0.0,0.0,0.0
929087.125,2202.0,122.0,122.0,-18.30000114440918,-0.0,0.0,-18.0,-18.0,2.0,2319.0,0.0,0.0,0.0,0.0
929097.125,2184.0,125.0,125.0,-18.75,-0.0,0.0,-18.0,-18.0,1.0,2319.0,0.0,0.0,0.0,0.0
929107.491,2166.0,126.0,126.0,-18.900001525878906,-0.0,0.0,-18.0,-18.0,1.0,2166.0,0.0,0.0,0.0,0.0
929118.125,2146.0,132.0,132.0,-19.80000114440918,-0.0,0.0,-19.0,-19.0,3.0,2166.0,0.0,0.0,0.0,0.0
929129.125,2124.0,135.0,135.0,-20.25,-0.0,0.0,-20.0,-20.0,1.0,2166.0,0.0,0.0,0.0,0.0
929139.125,2102.0,137.0,137.0,-20.55000114440918,-0.0,0.0,-20.0,-20.0,2.0,2166.0,0.0,0.0,0.0,0.0
929149.192,2077.0,137.0,137.0,-20.55000114440918,-0.0,0.0,-20.0,-20.0,2.0,2166.0,0.0,0.0,0.0,0.0
929159.192,2051.0,138.0,138.0,-20.700000762939453,-0.0,0.0,-20.0,-20.0,2.0,2166.0,0.0,0.0,0.0,0.0
929170.125,2025.0,140.0,140.0,-21.0,-0.0,0.0,-21.0,-21.0,5.0,2166.0,0.0,0.0,0.0,0.0
929181.3,1998.0,140.0,140.0,-21.0,-0.0,0.0,-21.0,-21.0,5.0,2166.0,0.0,0.0,0.0,0.0
929192.125,1970.0,148.0,148.0,-22.200000762939453,-0.0,0.0,-22.0,-22.0,-3.0,2166.0,0.0,0.0,0.0,0.0
929202.125,1941.0,149.0,149.0,-22.350000381469727,-0.0,0.0,-22.0,-22.0,5.0,2166.0,0.0,0.0,0.0,0.0
929213.125,1911.0,147.0,147.0,-22.05000114440918,-0.0,0.0,-22.0,-22.0,3.0,1911.0,0.0,0.0,0.0,0.0
929224.154,1880.0,150.0,150.0,-22.5,-0.0,0.0,-22.0,-22.0,0.0,1911.0,0.0,0.0,0.0,0.0
929234.155,1848.0,154.0,154.0,-23.100000381469727,-0.0,0.0,-23.0,-23.0,2.0,1911.0,0.0,0.0,0.0,0.0
929245.125,1816.0,155.0,155.0,-23.25,-0.0,0.0,-23.0,-23.0,3.0,1911.0,0.0,0.0,0.0,0.0
929255.125,1782.0,153.0,153.0,-22.950000762939453,-0.0,0.0,-22.0,-22.0,4.0,1911.0,0.0,0.0,0.0,0.0
929266.126,1749.0,155.0,155.0,-23.25,-0.0,0.0,-23.0,-23.0,1.0,1911.0,0.0,0.0,0.0,0.0
929277.125,1715.0,153.0,153.0,-22.950000762939453,-0.0,0.0,-22.0,-22.0,1.0,1911.0,0.0,0.0,0.0,0.0
929287.13,1682.0,155.0,155.0,-23.25,-0.0,0.0,-23.0,-23.0,4.0,1911.0,0.0,0.0,0.0,0.0
929298.126,1648.0,155.0,155.0,-23.25,-0.0,0.0,-23.0,-23.0,4.0,1911.0,0.0,0.0,0.0,0.0
929309.125,1579.0,151.0,151.0,-22.650001525878906,-0.0,0.0,-22.0,-22.0,2.0,1579.0,0.0,0.0,0.0,0.0
929319.125,1544.0,146.0,146.0,-21.900001525878906,-0.0,0.0,-21.0,-21.0,4.0,1579.0,0.0,0.0,0.0,0.0
929329.737,1511.0,146.0,146.0,-21.900001525878906,-0.0,0.0,-21.0,-21.0,1.0,1579.0,0.0,0.0,0.0,0.0
929339.738,1479.0,150.0,150.0,-22.5,-0.0,0.0,-22.0,-22.0,1.0,1579.0,0.0,0.0,0.0,0.0
929350.125,1448.0,145.0,145.0,-21.75,-0.0,0.0,-21.0,-21.0,1.0,1579.0,0.0,0.0,0.0,0.0
929360.126,1418.0,140.0,140.0,-21.0,-0.0,0.0,-21.0,-21.0,2.0,1579.0,0.0,0.0,0.0,0.0
929370.934,1388.0,139.0,139.0,-20.850000381469727,-0.0,0.0,-20.0,-20.0,-1.0,1579.0,0.0,0.0,0.0,0.0
929380.934,1358.0,133.0,133.0,-19.950000762939453,-0.0,0.0,-19.0,-19.0,-1.0,1579.0,0.0,0.0,0.0,0.0
929391.125,1329.0,130.0,130.0,-19.5,-0.0,0.0,-19.0,-19.0,-1.0,1579.0,0.0,0.0,0.0,0.0
929402.126,1301.0,129.0,129.0,-19.350000381469727,-0.0,0.0,-19.0,-19.0,0.0,1579.0,0.0,0.0,0.0,0.0
929413.125,1273.0,127.0,127.0,-19.05000114440918,-0.0,0.0,-19.0,-19.0,1.0,1273.0,0.0,0.0,0.0,0.0
929423.126,1245.0,121.0,121.0,-18.150001525878906,-0.0,0.0,-18.0,-18.0,-1.0,1273.0,0.0,0.0,0.0,0.0
929434.125,1218.0,121.0,121.0,-18.150001525878906,-0.0,0.0,-18.0,-18.0,-1.0,1273.0,0.0,0.0,0.0,0.0
929444.711,1191.0,121.0,121.0,-18.150001525878906,-0.0,0.0,-18.0,-18.0,1.0,1273.0,0.0,0.0,0.0,0.0
929454.712,1165.0,120.0,120.0,-18.0,-0.0,0.0,-18.0,-18.0,2.0,1273.0,0.0,0.0,0.0,0.0
929465.125,1139.0,118.0,118.0,-17.700000762939453,-0.0,0.0,-17.0,-17.0,1.0,1273.0,0.0,0.0,0.0,0.0
929476.098,1113.0,118.0,118.0,-17.700000762939453,-0.0,0.0,-17.0,-17.0,2.0,1273.0,0.0,0.0,0.0,0.0
929487.125,1089.0,119.0,119.0,-17.850000381469727,-0.0,0.0,-17.0,-17.0,0.0,1273.0,0.0,0.0,0.0,0.0
929497.125,1064.0,125.0,125.0,-18.75,-0.0,0.0,-18.0,-18.0,2.0,1273.0,0.0,0.0,0.0,0.0
929507.594,1040.0,128.0,128.0,-19.200000762939453,-0.0,0.0,-19.0,-19.0,1.0,1273.0,0.0,0.0,0.0,0.0
929518.269,1017.0,131.0,131.0,-19.650001525878906,-0.0,0.0,-19.0,-19.0,-4.0,1017.0,0.0,0.0,0.0,0.0
929528.27,992.0,133.0,133.0,-19.950000762939453,-0.0,0.0,-19.0,-19.0,0.0,1017.0,0.0,0.0,0.0,0.0
929539.125,967.0,137.0,137.0,-20.55000114440918,-0.0,0.0,-20.0,-20.0,1.0,1017.0,0.0,0.0,0.0,0.0
929550.125,942.0,155.0,145.0,-21.75,-0.0,0.0,-21.0,-21.0,0.0,1017.0,0.0,0.0,0.0,0.0
929560.126,915.0,155.0,155.0,-23.25,-0.0,0.0,-23.0,-23.0,0.0,1017.0,0.0,0.0,0.0,0.0
929570.126,888.0,155.0,155.0,-23.25,-0.0,0.0,-23.0,-23.0,0.0,1017.0,0.0,0.0,0.0,0.0
929580.127,858.0,174.0,174.0,-26.100000381469727,-0.0,0.0,-26.0,-26.0,3.0,1017.0,0.0,0.0,0.0,0.0
929590.128,827.0,174.0,174.0,-26.100000381469727,-0.0,0.0,-26.0,-26.0,3.0,1017.0,0.0,0.0,0.0,0.0
929601.125,757.0,192.0,192.0,-28.80000114440918,-0.0,0.0,-28.0,-28.0,3.0,1017.0,0.0,0.0,0.0,0.0
929611.125,719.0,206.0,206.0,-30.900001525878906,-0.0,0.0,-30.0,-30.0,1.0,719.0,0.0,0.0,0.0,0.0
929622.126,679.0,212.0,212.0,-31.80000114440918,-0.0,0.0,-31.0,-31.0,1.0,719.0,0.0,0.0,0.0,0.0
929633.098,636.0,212.0,212.0,-31.80000114440918,-0.0,0.0,-31.0,-31.0,1.0,719.0,0.0,0.0,0.0,0.0
929644.125,590.0,227.0,227.0,-34.05000305175781,-0.0,0.0,-34.0,-34.0,2.0,719.0,0.0,0.0,0.0,0.0
929654.125,543.0,248.0,248.0,-37.20000076293945,-0.0,0.0,-37.0,-37.0,3.0,719.0,0.0,0.0,0.0,0.0
929664.125,491.0,264.0,264.0,-39.60000228881836,-0.0,0.0,-39.0,-39.0,4.0,719.0,0.0,0.0,0.0,0.0
929674.125,436.0,280.0,280.0,-42.0,-0.0,0.0,-42.0,-42.0,2.0,719.0,0.0,0.0,0.0,0.0
929684.125,374.0,282.0,282.0,-42.30000305175781,-0.0,0.0,-42.0,-42.0,2.0,719.0,0.0,0.0,0.0,0.0
929694.126,307.0,282.0,282.0,-42.30000305175781,-0.0,0.0,-42.0,-42.0,2.0,719.0,0.0,0.0,0.0,0.0
929704.126,235.0,302.0,302.0,-45.30000305175781,-0.0,0.0,-45.0,-45.0,1.0,719.0,0.0,0.0,0.0,0.0
929714.127,159.0,321.0,321.0,-48.150001525878906,-0.0,0.0,-48.0,-48.0,4.0,159.0,0.0,0.0,0.0,0.0
929725.125,78.0,332.0,332.0,-49.80000305175781,-0.0,0.0,-49.0,-49.0,4.0,159.0,0.0,0.0,0.0,0.0
929735.125,-7.0,348.0,348.0,-52.20000076293945,-0.0,0.0,-52.0,-52.0,3.0,159.0,0.0,0.0,0.0,0.0
929745.125,-98.0,361.0,361.0,-54.150001525878906,-0.0,0.0,-54.0,-54.0,3.0,159.0,0.0,0.0,0.0,0.0
929755.507,-196.0,369.0,369.0,-55.35000228881836,-0.0,0.0,-55.0,-55.0,5.0,159.0,0.0,0.0,0.0,0.0
929765.507,-298.0,387.0,387.0,-58.05000305175781,-0.0,0.0,-58.0,-58.0,3.0,159.0,0.0,0.0,0.0,0.0
929776.125,-404.0,388.0,388.0,-58.20000076293945,-0.0,0.0,-58.0,-58.0,0.0,159.0,0.0,0.0,0.0,0.0
929787.098,-514.0,411.0,411.0,-61.650001525878906,-0.0,0.0,-61.0,-61.0,-2.0,159.0,0.0,0.0,0.0,0.0
929798.125,-631.0,427.0,427.0,-64.05000305175781,-0.0,0.0,-64.0,-64.0,0.0,159.0,0.0,0.0,0.0,0.0
929809.125,-751.0,430.0,430.0,-64.5,-0.0,0.0,-64.0,-64.0,0.0,159.0,0.0,0.0,0.0,0.0
929820.357,-878.0,436.0,436.0,-65.4000015258789,-0.0,0.0,-65.0,-65.0,4.0,-878.0,-0.0,-0.0,0.0,0.0
929830.357,-1010.0,442.0,442.0,-66.30000305175781,-0.0,0.0,-66.0,-66.0,3.0,-878.0,-0.0,-0.0,0.0,0.0
929840.358,-1145.0,441.0,441.0,-66.1500015258789,-0.0,0.0,-66.0,-66.0,4.0,-878.0,-0.0,-0.0,0.0,0.0
929851.125,-1282.0,437.0,437.0,-65.55000305175781,-0.0,0.0,-65.0,-65.0,2.0,-878.0,-0.0,-0.0,0.0,0.0
929861.125,-1422.0,438.0,438.0,-65.70000457763672,-0.0,0.0,-65.0,-65.0,4.0,-878.0,-0.0,-0.0,0.0,0.0
929871.126,-1564.0,434.0,434.0,-65.10000610351562,-0.0,0.0,-65.0,-65.0,-1.0,-878.0,-0.0,-0.0,0.0,0.0
929881.127,-1707.0,426.0,426.0,-63.900001525878906,-0.0,0.0,-63.0,-63.0,-2.0,-878.0,-0.0,-0.0,0.0,0.0
929891.127,-1851.0,405.0,405.0,-60.750003814697266,-0.0,0.0,-60.0,-60.0,4.0,-878.0,-0.0,-0.0,0.0,0.0
929901.128,-1994.0,399.0,399.0,-59.85000228881836,-0.0,0.0,-59.0,-59.0,1.0,-878.0,-0.0,-0.0,0.0,0.0
929912.125,-2134.0,399.0,399.0,-59.85000228881836,-0.0,0.0,-59.0,-59.0,-2.0,-878.0,-0.0,-0.0,0.0,0.0
929923.125,-2409.0,343.0,343.0,-51.45000076293945,-0.0,0.0,-51.0,-51.0,3.0,-2272.0,-0.0,-0.0,0.0,0.0
929933.125,-2540.0,343.0,343.0,-51.45000076293945,-0.0,0.0,-51.0,-51.0,3.0,-2272.0,-0.0,-0.0,0.0,0.0
929944.125,-2667.0,316.0,316.0,-47.400001525878906,-0.0,0.0,-47.0,-47.0,0.0,-2272.0,-0.0,-0.0,0.0,0.0
929954.794,-2791.0,309.0,309.0,-46.35000228881836,-0.0,0.0,-46.0,0.0,-1.0,-2272.0,-0.0,-0.0,0.0,0.0
929965.126,-2897.0,269.0,269.0,-40.35000228881836,-0.0,0.0,-40.0,0.0,4.0,-2272.0,-0.0,-0.0,0.0,0.0
929976.126,-2973.0,224.0,224.0,-33.60000228881836,-0.0,0.0,-33.0,0.0,7.0,-2272.0,-0.0,-0.0,0.0,0.0
929986.127,-3022.0,193.0,193.0,-28.950000762939453,-0.0,0.0,-28.0,0.0,0.0,-2272.0,-0.0,-0.0,0.0,0.0
929996.128,-3052.0,167.0,167.0,-25.05000114440918,-0.0,0.0,-25.0,0.0,4.0,-2272.0,-0.0,-0.0,0.0,0.0
930006.128,-3064.0,122.0,122.0,-18.30000114440918,-0.0,0.0,-18.0,0.0,7.0,-2272.0,-0.0,-0.0,0.0,0.0
930016.128,-3066.0,116.0,116.0,-17.400001525878906,-0.0,0.0,-17.0,0.0,3.0,-3066.0,-0.0,-0.0,0.0,0.0
930027.125,-3066.0,73.0,73.0,-10.950000762939453,-0.0,0.0,-10.0,0.0,4.0,-3066.0,-0.0,-0.0,0.0,0.0
930038.125,-3066.0,1.0,1.0,-0.15000000596046448,-0.0,0.0,0.0,0.0,5.0,-3066.0,-0.0,-0.0,0.0,0.0
930048.126,-3064.0,-8.0,-8.0,1.2000000476837158,0.0,0.0,1.0,0.0,2.0,-3066.0,-0.0,-0.0,0.0,0.0
930058.127,-3064.0,-17.0,-17.0,2.5500001907348633,0.0,0.0,2.0,0.0,1.0,-3066.0,-0.0,-0.0,0.0,0.0
930068.128,-3064.0,-83.0,-83.0,12.450000762939453,0.0,0.0,12.0,0.0,2.0,-3066.0,-0.0,-0.0,0.0,0.0
930078.396,-3064.0,-83.0,-83.0,12.450000762939453,0.0,0.0,12.0,0.0,1.0,-3066.0,-0.0,-0.0,0.0,0.0
930088.397,-3063.0,-140.0,-140.0,21.0,0.0,0.0,21.0,0.0,1.0,-3066.0,-0.0,-0.0,0.0,0.0
930099.141,-3063.0,-152.0,-152.0,22.80000114440918,0.0,0.0,22.0,0.0,3.0,-3066.0,-0.0,-0.0,0.0,0.0
930110.125,-3063.0,-151.0,-151.0,22.650001525878906,0.0,0.0,22.0,0.0,2.0,-3066.0,-0.0,-0.0,0.0,0.0
930121.125,-3063.0,-126.0,-126.0,18.900001525878906,0.0,0.0,18.0,0.0,1.0,-3063.0,-0.0,-0.0,0.0,0.0
930131.126,-3063.0,-102.0,-102.0,15.300000190734863,0.0,0.0,15.0,0.0,-1.0,-3063.0,-0.0,-0.0,0.0,0.0
930141.402,-3063.0,-102.0,-102.0,15.300000190734863,0.0,0.0,15.0,0.0,-1.0,-3063.0,-0.0,-0.0,0.0,0.0
930151.498,-3063.0,-23.0,-23.0,3.450000047683716,0.0,0.0,3.0,0.0,2.0,-3063.0,-0.0,-0.0,0.0,0.0
930161.499,-3063.0,42.0,42.0,-6.300000190734863,-0.0,0.0,-6.0,0.0,4.0,-3063.0,-0.0,-0.0,0.0,0.0
930172.125,-3063.0,132.0,132.0,-19.80000114440918,-0.0,0.0,-19.0,0.0,3.0,-3063.0,-0.0,-0.0,0.0,0.0
930182.126,-3063.0,203.0,203.0,-30.450000762939453,-0.0,0.0,-30.0,0.0,2.0,-3063.0,-0.0,-0.0,0.0,0.0
930193.125,-3063.0,215.0,215.0,-32.25,-0.0,0.0,-32.0,0.0,4.0,-3063.0,-0.0,-0.0,0.0,0.0
930203.126,-3063.0,284.0,284.0,-42.60000228881836,-0.0,0.0,-42.0,0.0,-1.0,-3063.0,-0.0,-0.0,0.0,0.0
930214.125,-3063.0,390.0,390.0,-58.500003814697266,-0.0,0.0,-58.0,0.0,3.0,-3063.0,-0.0,-0.0,0.0,0.0
930225.125,-3063.0,480.0,480.0,-72.0,-0.0,0.0,-72.0,0.0,4.0,-3063.0,-0.0,-0.0,0.0,0.0
930235.125,-3063.0,563.0,563.0,-84.45000457763672,-0.0,0.0,-84.0,0.0,2.0,-3063.0,-0.0,-0.0,0.0,0.0
930246.125,-3063.0,653.0,653.0,-97.95000457763672,-0.0,0.0,-97.0,0.0,3.0,-3063.0,-0.0,-0.0,0.0,0.0
930256.126,-3063.0,653.0,653.0,-97.95000457763672,-0.0,0.0,-97.0,0.0,3.0,-3063.0,-0.0,-0.0,0.0,0.0
930266.127,-3063.0,765.0,765.0,-114.75000762939453,-0.0,0.0,-114.0,0.0,3.0,-3063.0,-0.0,-0.0,0.0,0.0
930276.128,-3063.0,785.0,785.0,-117.75000762939453,-0.0,0.0,-117.0,0.0,4.0,-3063.0,-0.0,-0.0,0.0,0.0
930287.125,-3064.0,877.0,877.0,-131.5500030517578,-0.0,0.0,-131.0,0.0,6.0,-3063.0,-0.0,-0.0,0.0,0.0
930297.126,-3066.0,948.0,948.0,-142.20001220703125,-0.0,0.0,-142.0,0.0,0.0,-3063.0,-0.0,-0.0,0.0,0.0
930308.125,-3068.0,948.0,948.0,-142.20001220703125,-0.0,0.0,-142.0,0.0,0.0,-3063.0,-0.0,-0.0,0.0,0.0
930319.146,-3071.0,1051.0,1051.0,-157.65000915527344,-0.0,0.0,-157.0,0.0,5.0,-3071.0,-0.0,-0.0,0.0,0.0
930329.147,-3073.0,1175.0,1175.0,-176.25,-0.0,0.0,-176.0,0.0,3.0,-3071.0,-0.0,-0.0,0.0,0.0
930339.148,-3073.0,1225.0,1225.0,-183.75,-0.0,0.0,-183.0,0.0,5.0,-3071.0,-0.0,-0.0,0.0,0.0
930349.149,-3072.0,1359.0,1359.0,-203.85000610351562,-0.0,0.0,-203.0,0.0,2.0,-3071.0,-0.0,-0.0,0.0,0.0
930360.125,-3072.0,1405.0,1405.0,-210.75001525878906,-0.0,0.0,-210.0,0.0,3.0,-3071.0,-0.0,-0.0,0.0,0.0
930371.126,-3072.0,1518.0,1518.0,-227.70001220703125,-0.0,0.0,-227.0,0.0,3.0,-3071.0,-0.0,-0.0,0.0,0.0
930381.126,-3072.0,1599.0,1599.0,-239.85000610351562,-0.0,0.0,-239.0,0.0,-1.0,-3071.0,-0.0,-0.0,0.0,0.0
930391.127,-3071.0,1748.0,1748.0,-262.20001220703125,-0.0,0.0,-262.0,0.0,1.0,-3071.0,-0.0,-0.0,0.0,0.0
930402.125,-3071.0,1748.0,1748.0,-262.20001220703125,-0.0,0.0,-262.0,0.0,1.0,-3071.0,-0.0,-0.0,0.0,0.0
930412.974,-3071.0,1918.0,1918.0,-287.70001220703125,-0.0,0.0,-287.0,0.0,-2.0,-3071.0,-0.0,-0.0,0.0,0.0
930423.125,-3071.0,2005.0,2005.0,-300.75,-0.0,0.0,-300.0,0.0,3.0,-3071.0,-0.0,-0.0,0.0,0.0
930434.125,-3071.0,2005.0,2005.0,-300.75,-0.0,0.0,-300.0,0.0,3.0,-3071.0,-0.0,-0.0,0.0,0.0
930444.97,-3071.0,2036.0,2036.0,-305.4000244140625,-0.0,0.0,-305.0,0.0,3.0,-3071.0,-0.0,-0.0,0.0,0.0
930454.971,-3071.0,2034.0,2034.0,-305.1000061035156,-0.0,0.0,-305.0,0.0,-1.0,-3071.0,-0.0,-0.0,0.0,0.0
930464.971,-3071.0,2031.0,2031.0,-304.6500244140625,-0.0,0.0,-304.0,0.0,10.0,-3071.0,-0.0,-0.0,0.0,0.0
930474.972,-3071.0,2008.0,2008.0,-301.20001220703125,-0.0,0.0,-301.0,0.0,-5.0,-3071.0,-0.0,-0.0,0.0,0.0
930485.125,-3071.0,1991.0,1991.0,-298.6500244140625,-0.0,0.0,-298.0,0.0,0.0,-3071.0,-0.0,-0.0,0.0,0.0
930495.125,-3071.0,1887.0,1887.0,-283.0500183105469,-0.0,0.0,-283.0,0.0,5.0,-3071.0,-0.0,-0.0,0.0,0.0
930505.126,-3071.0,1874.0,1874.0,-281.1000061035156,-0.0,0.0,-281.0,0.0,0.0,-3071.0,-0.0,-0.0,0.0,0.0
930515.971,-3071.0,1730.0,1730.0,-259.5,-0.0,0.0,-259.0,0.0,-1.0,-3071.0,-0.0,-0.0,0.0,0.0
930525.972,-3071.0,1634.0,1634.0,-245.10000610351562,-0.0,0.0,-245.0,0.0,3.0,-3071.0,-0.0,-0.0,0.0,0.0
930536.125,-3071.0,1634.0,1634.0,-245.10000610351562,-0.0,0.0,-245.0,0.0,3.0,-3071.0,-0.0,-0.0,0.0,0.0
930546.126,-3071.0,1474.0,1474.0,-221.10000610351562,-0.0,0.0,-221.0,0.0,2.0,-3071.0,-0.0,-0.0,0.0,0.0
930557.125,-3071.0,1449.0,1449.0,-217.35000610351562,-0.0,0.0,-217.0,0.0,2.0,-3071.0,-0.0,-0.0,0.0,0.0
930567.126,-3071.0,1370.0,1370.0,-205.50001525878906,-0.0,0.0,-205.0,0.0,1.0,-3071.0,-0.0,-0.0,0.0,0.0
930577.127,-3071.0,1302.0,1302.0,-195.3000030517578,-0.0,0.0,-195.0,0.0,3.0,-3071.0,-0.0,-0.0,0.0,0.0
930588.121,-3071.0,1294.0,1294.0,-194.10000610351562,-0.0,0.0,-194.0,0.0,1.0,-3071.0,-0.0,-0.0,0.0,0.0
930598.122,-3071.0,1185.0,1185.0,-177.75,-0.0,0.0,-177.0,0.0,3.0,-3071.0,-0.0,-0.0,0.0,0.0
930608.661,-3071.0,1185.0,1185.0,-177.75,-0.0,0.0,-177.0,0.0,3.0,-3071.0,-0.0,-0.0,0.0,0.0
930619.126,-3071.0,1146.0,1146.0,-171.90000915527344,-0.0,0.0,-171.0,0.0,4.0,-3071.0,-0.0,-0.0,0.0,0.0
930629.126,-3071.0,1146.0,1146.0,-171.90000915527344,-0.0,0.0,-171.0,0.0,4.0,-3071.0,-0.0,-0.0,0.0,0.0
930639.127,-3071.0,1077.0,1077.0,-161.5500030517578,-0.0,0.0,-161.0,0.0,-2.0,-3071.0,-0.0,-0.0,0.0,0.0
930649.427,-3071.0,1036.0,1036.0,-155.40000915527344,-0.0,0.0,-155.0,0.0,2.0,-3071.0,-0.0,-0.0,0.0,0.0
930660.125,-3071.0,1027.0,1027.0,-154.0500030517578,-0.0,0.0,-154.0,0.0,3.0,-3071.0,-0.0,-0.0,0.0,0.0
930670.126,-3071.0,987.0,987.0,-148.0500030517578,-0.0,0.0,-148.0,0.0,1.0,-3071.0,-0.0,-0.0,0.0,0.0
930681.126,-3071.0,953.0,953.0,-142.95001220703125,-0.0,0.0,-142.0,0.0,2.0,-3071.0,-0.0,-0.0,0.0,0.0
930692.324,-3071.0,948.0,948.0,-142.20001220703125,-0.0,0.0,-142.0,0.0,3.0,-3071.0,-0.0,-0.0,0.0,0.0
930703.125,-3071.0,921.0,921.0,-138.15000915527344,-0.0,0.0,-138.0,0.0,2.0,-3071.0,-0.0,-0.0,0.0,0.0
930714.125,-3071.0,921.0,921.0,-138.15000915527344,-0.0,0.0,-138.0,0.0,-2.0,-3071.0,-0.0,-0.0,0.0,0.0
930725.125,-3071.0,899.0,899.0,-134.85000610351562,-0.0,0.0,-134.0,0.0,-2.0,-3071.0,-0.0,-0.0,0.0,0.0
930735.125,-3071.0,876.0,876.0,-131.40000915527344,-0.0,0.0,-131.0,0.0,4.0,-3071.0,-0.0,-0.0,0.0,0.0
930746.125,-3071.0,876.0,876.0,-131.40000915527344,-0.0,0.0,-131.0,0.0,0.0,-3071.0,-0.0,-0.0,0.0,0.0
930756.126,-3071.0,859.0,859.0,-128.85000610351562,-0.0,0.0,-128.0,0.0,1.0,-3071.0,-0.0,-0.0,0.0,0.0
930767.125,-3071.0,850.0,850.0,-127.50000762939453,-0.0,0.0,-127.0,0.0,1.0,-3071.0,-0.0,-0.0,0.0,0.0
930777.126,-3071.0,849.0,849.0,-127.35000610351562,-0.0,0.0,-127.0,0.0,0.0,-3071.0,-0.0,-0.0,0.0,0.0
930787.127,-3071.0,848.0,848.0,-127.20000457763672,-0.0,0.0,-127.0,0.0,-1.0,-3071.0,-0.0,-0.0,0.0,0.0
930797.553,-3071.0,845.0,845.0,-126.75000762939453,-0.0,0.0,-126.0,0.0,-2.0,-3071.0,-0.0,-0.0,0.0,0.0
930807.554,-3071.0,849.0,849.0,-127.35000610351562,-0.0,0.0,-127.0,0.0,1.0,-3071.0,-0.0,-0.0,0.0,0.0
930818.125,-3071.0,851.0,851.0,-127.6500015258789,-0.0,0.0,-127.0,0.0,1.0,-3071.0,-0.0,-0.0,0.0,0.0
930829.125,-3071.0,865.0,865.0,-129.75,-0.0,0.0,-129.0,0.0,0.0,-3071.0,-0.0,-0.0,0.0,0.0
930839.126,-3071.0,883.0,883.0,-132.45001220703125,-0.0,0.0,-132.0,0.0,2.0,-3071.0,-0.0,-0.0,0.0,0.0
930850.098,-3071.0,882.0,882.0,-132.3000030517578,-0.0,0.0,-132.0,0.0,0.0,-3071.0,-0.0,-0.0,0.0,0.0
930860.485,-3071.0,901.0,901.0,-135.15000915527344,-0.0,0.0,-135.0,0.0,3.0,-3071.0,-0.0,-0.0,0.0,0.0
930870.486,-3071.0,927.0,927.0,-139.0500030517578,-0.0,0.0,-139.0,0.0,2.0,-3071.0,-0.0,-0.0,0.0,0.0
930881.125,-3071.0,935.0,935.0,-140.25,-0.0,0.0,-140.0,0.0,4.0,-3071.0,-0.0,-0.0,0.0,0.0
930892.311,-3071.0,959.0,959.0,-143.85000610351562,-0.0,0.0,-143.0,0.0,0.0,-3071.0,-0.0,-0.0,0.0,0.0
930902.312,-3071.0,973.0,973.0,-145.95001220703125,-0.0,0.0,-145.0,0.0,0.0,-3071.0,-0.0,-0.0,0.0,0.0
930913.125,-3071.0,1013.0,1013.0,-151.95001220703125,-0.0,0.0,-151.0,0.0,3.0,-3071.0,-0.0,-0.0,0.0,0.0
930923.126,-3071.0,1017.0,1017.0,-152.5500030517578,-0.0,0.0,-152.0,0.0,2.0,-3071.0,-0.0,-0.0,0.0,0.0
930933.127,-3071.0,1069.0,1069.0,-160.35000610351562,-0.0,0.0,-160.0,0.0,3.0,-3071.0,-0.0,-0.0,0.0,0.0
930944.125,-3071.0,1077.0,1077.0,-161.5500030517578,-0.0,0.0,-161.0,0.0,0.0,-3071.0,-0.0,-0.0,0.0,0.0
930954.126,-3071.0,1116.0,1116.0,-167.40000915527344,-0.0,0.0,-167.0,0.0,2.0,-3071.0,-0.0,-0.0,0.0,0.0
930964.466,-3071.0,1171.0,1171.0,-175.65000915527344,-0.0,0.0,-175.0,0.0,-5.0,-3071.0,-0.0,-0.0,0.0,0.0
930974.466,-3072.0,1221.0,1221.0,-183.15000915527344,-0.0,0.0,-183.0,0.0,1.0,-3071.0,-0.0,-0.0,0.0,0.0
930985.125,-3072.0,1287.0,1287.0,-193.0500030517578,-0.0,0.0,-193.0,0.0,2.0,-3071.0,-0.0,-0.0,0.0,0.0
930996.125,-3073.0,1287.0,1287.0,-193.0500030517578,-0.0,0.0,-193.0,0.0,2.0,-3071.0,-0.0,-0.0,0.0,0.0
931007.126,-3074.0,1309.0,1309.0,-196.35000610351562,-0.0,0.0,-196.0,0.0,0.0,-3071.0,-0.0,-0.0,0.0,0.0
931017.126,-3074.0,1410.0,1410.0,-211.50001525878906,-0.0,0.0,-211.0,0.0,-3.0,-3071.0,-0.0,-0.0,0.0,0.0
931028.098,-3074.0,1491.0,1491.0,-223.65000915527344,-0.0,0.0,-223.0,0.0,3.0,-3074.0,-0.0,-0.0,0.0,0.0
931039.125,-3074.0,1495.0,1495.0,-224.25001525878906,-0.0,0.0,-224.0,0.0,-1.0,-3074.0,-0.0,-0.0,0.0,0.0
931049.125,-3074.0,1568.0,1568.0,-235.20001220703125,-0.0,0.0,-235.0,0.0,1.0,-3074.0,-0.0,-0.0,0.0,0.0
931059.125,-3074.0,1682.0,1682.0,-252.3000030517578,-0.0,0.0,-252.0,0.0,2.0,-3074.0,-0.0,-0.0,0.0,0.0
931069.126,-3074.0,1709.0,1709.0,-256.3500061035156,-0.0,0.0,-256.0,0.0,1.0,-3074.0,-0.0,-0.0,0.0,0.0
931079.127,-3074.0,1787.0,1787.0,-268.0500183105469,-0.0,0.0,-268.0,0.0,0.0,-3074.0,-0.0,-0.0,0.0,0.0
931090.191,-3074.0,1820.0,1820.0,-273.0,-0.0,0.0,-273.0,0.0,4.0,-3074.0,-0.0,-0.0,0.0,0.0
931100.191,-3074.0,1943.0,1943.0,-291.45001220703125,-0.0,0.0,-291.0,0.0,2.0,-3074.0,-0.0,-0.0,0.0,0.0
931110.192,-3074.0,1952.0,1952.0,-292.8000183105469,-0.0,0.0,-292.0,0.0,-1.0,-3074.0,-0.0,-0.0,0.0,0.0
931120.193,-3074.0,2004.0,2004.0,-300.6000061035156,-0.0,0.0,-300.0,0.0,-1.0,-3074.0,-0.0,-0.0,0.0,0.0
931131.125,-3074.0,2021.0,2021.0,-303.1500244140625,-0.0,0.0,-303.0,0.0,-3.0,-3074.0,-0.0,-0.0,0.0,0.0
931141.125,-3074.0,2022.0,2022.0,-303.3000183105469,-0.0,0.0,-303.0,0.0,0.0,-3074.0,-0.0,-0.0,0.0,0.0
931151.125,-3074.0,2022.0,2022.0,-303.3000183105469,-0.0,0.0,-303.0,0.0,0.0,-3074.0,-0.0,-0.0,0.0,0.0
931162.125,-3074.0,2005.0,2005.0,-300.75,-0.0,0.0,-300.0,0.0,2.0,-3074.0,-0.0,-0.0,0.0,0.0
931172.125,-3074.0,1866.0,1866.0,-279.9000244140625,-0.0,0.0,-279.0,0.0,2.0,-3074.0,-0.0,-0.0,0.0,0.0
931182.125,-3074.0,1860.0,1860.0,-279.0,-0.0,0.0,-279.0,0.0,-2.0,-3074.0,-0.0,-0.0,0.0,0.0
931192.125,-3074.0,1780.0,1780.0,-267.0,-0.0,0.0,-267.0,0.0,2.0,-3074.0,-0.0,-0.0,0.0,0.0
931203.125,-3074.0,1711.0,1711.0,-256.6500244140625,-0.0,0.0,-256.0,0.0,5.0,-3074.0,-0.0,-0.0,0.0,0.0
931213.126,-3074.0,1704.0,1704.0,-255.60000610351562,-0.0,0.0,-255.0,0.0,3.0,-3074.0,-0.0,-0.0,0.0,0.0
931224.125,-3074.0,1656.0,1656.0,-248.40000915527344,-0.0,0.0,-248.0,0.0,5.0,-3074.0,-0.0,-0.0,0.0,0.0
931234.125,-3074.0,1629.0,1629.0,-244.35000610351562,-0.0,0.0,-244.0,0.0,5.0,-3074.0,-0.0,-0.0,0.0,0.0
931245.125,-3074.0,1582.0,1582.0,-237.3000030517578,-0.0,0.0,-237.0,0.0,4.0,-3074.0,-0.0,-0.0,0.0,0.0
931256.125,-3074.0,1582.0,1582.0,-237.3000030517578,-0.0,0.0,-237.0,0.0,4.0,-3074.0,-0.0,-0.0,0.0,0.0
931266.126,-3074.0,1536.0,1536.0,-230.40000915527344,-0.0,0.0,-230.0,0.0,4.0,-3074.0,-0.0,-0.0,0.0,0.0
931276.231,-3074.0,1496.0,1496.0,-224.40000915527344,-0.0,0.0,-224.0,0.0,3.0,-3074.0,-0.0,-0.0,0.0,0.0
931286.232,-3074.0,1473.0,1473.0,-220.95001220703125,-0.0,0.0,-220.0,0.0,4.0,-3074.0,-0.0,-0.0,0.0,0.0
931296.232,-3074.0,1470.0,1470.0,-220.50001525878906,-0.0,0.0,-220.0,0.0,3.0,-3074.0,-0.0,-0.0,0.0,0.0
931307.125,-3074.0,1437.0,1437.0,-215.5500030517578,-0.0,0.0,-215.0,0.0,-1.0,-3074.0,-0.0,-0.0,0.0,0.0
931318.126,-3074.0,1424.0,1424.0,-213.60000610351562,-0.0,0.0,-213.0,0.0,2.0,-3074.0,-0.0,-0.0,0.0,0.0
931329.125,-3074.0,1424.0,1424.0,-213.60000610351562,-0.0,0.0,-213.0,0.0,1.0,-3074.0,-0.0,-0.0,0.0,0.0
931340.125,-3074.0,1414.0,1414.0,-212.10000610351562,-0.0,0.0,-212.0,0.0,0.0,-3074.0,-0.0,-0.0,0.0,0.0
931350.126,-3074.0,1416.0,1416.0,-212.40000915527344,-0.0,0.0,-212.0,0.0,0.0,-3074.0,-0.0,-0.0,0.0,0.0
931361.125,-3074.0,1416.0,1416.0,-212.40000915527344,-0.0,0.0,-212.0,0.0,4.0,-3074.0,-0.0,-0.0,0.0,0.0
931372.125,-3074.0,1425.0,1425.0,-213.75001525878906,-0.0,0.0,-213.0,0.0,3.0,-3074.0,-0.0,-0.0,0.0,0.0
931383.125,-3074.0,1446.0,1446.0,-216.90000915527344,-0.0,0.0,-216.0,0.0,0.0,-3074.0,-0.0,-0.0,0.0,0.0
931393.126,-3074.0,1453.0,1453.0,-217.95001220703125,-0.0,0.0,-217.0,0.0,2.0,-3074.0,-0.0,-0.0,0.0,0.0
931404.122,-3074.0,1483.0,1483.0,-222.45001220703125,-0.0,0.0,-222.0,0.0,0.0,-3074.0,-0.0,-0.0,0.0,0.0
931414.122,-3074.0,1485.0,1485.0,-222.75001525878906,-0.0,0.0,-222.0,0.0,2.0,-3074.0,-0.0,-0.0,0.0,0.0
931424.123,-3075.0,1524.0,1524.0,-228.60000610351562,-0.0,0.0,-228.0,0.0,1.0,-3075.0,-0.0,-0.0,0.0,0.0
931434.124,-3075.0,1557.0,1557.0,-233.5500030517578,-0.0,0.0,-233.0,0.0,1.0,-3075.0,-0.0,-0.0,0.0,0.0
931444.124,-3075.0,1557.0,1557.0,-233.5500030517578,-0.0,0.0,-233.0,0.0,1.0,-3075.0,-0.0,-0.0,0.0,0.0
931454.124,-3075.0,1605.0,1605.0,-240.75001525878906,-0.0,0.0,-240.0,0.0,-3.0,-3075.0,-0.0,-0.0,0.0,0.0
931465.007,-3075.0,1649.0,1649.0,-247.35000610351562,-0.0,0.0,-247.0,0.0,1.0,-3075.0,-0.0,-0.0,0.0,0.0
931475.125,-3075.0,1705.0,1705.0,-255.75001525878906,-0.0,0.0,-255.0,0.0,2.0,-3075.0,-0.0,-0.0,0.0,0.0
931485.567,-3075.0,1731.0,1731.0,-259.6500244140625,-0.0,0.0,-259.0,0.0,2.0,-3075.0,-0.0,-0.0,0.0,0.0
931496.126,-3075.0,1774.0,1774.0,-266.1000061035156,-0.0,0.0,-266.0,0.0,0.0,-3075.0,-0.0,-0.0,0.0,0.0
931506.127,-3075.0,1907.0,1907.0,-286.0500183105469,-0.0,0.0,-286.0,0.0,0.0,-3075.0,-0.0,-0.0,0.0,0.0
931516.127,-3075.0,1914.0,1914.0,-287.1000061035156,-0.0,0.0,-287.0,0.0,3.0,-3075.0,-0.0,-0.0,0.0,0.0
931526.128,-3075.0,1962.0,1962.0,-294.3000183105469,-0.0,0.0,-294.0,0.0,-1.0,-3075.0,-0.0,-0.0,0.0,0.0
931536.128,-3075.0,1962.0,1962.0,-294.3000183105469,-0.0,0.0,-294.0,0.0,-1.0,-3075.0,-0.0,-0.0,0.0,0.0
931547.125,-3075.0,1965.0,1965.0,-294.75,-0.0,0.0,-294.0,0.0,-1.0,-3075.0,-0.0,-0.0,0.0,0.0
931558.125,-3075.0,1976.0,1976.0,-296.4000244140625,-0.0,0.0,-296.0,0.0,-5.0,-3075.0,-0.0,-0.0,0.0,0.0
931569.125,-3075.0,2001.0,2001.0,-300.1500244140625,-0.0,0.0,-300.0,0.0,-1.0,-3075.0,-0.0,-0.0,0.0,0.0
931579.126,-3075.0,2008.0,2008.0,-301.20001220703125,-0.0,0.0,-301.0,0.0,-6.0,-3075.0,-0.0,-0.0,0.0,0.0
931590.125,-3075.0,2014.0,2014.0,-302.1000061035156,-0.0,0.0,-302.0,0.0,0.0,-3075.0,-0.0,-0.0,0.0,0.0
931600.126,-3075.0,2008.0,2008.0,-301.20001220703125,-0.0,0.0,-301.0,0.0,0.0,-3075.0,-0.0,-0.0,0.0,0.0
931611.125,-3075.0,1972.0,1972.0,-295.8000183105469,-0.0,0.0,-295.0,0.0,-3.0,-3075.0,-0.0,-0.0,0.0,0.0
931622.126,-3075.0,1952.0,1952.0,-292.8000183105469,-0.0,0.0,-292.0,0.0,-3.0,-3075.0,-0.0,-0.0,0.0,0.0
931632.126,-3075.0,1871.0,1871.0,-280.6500244140625,-0.0,0.0,-280.0,0.0,1.0,-3075.0,-0.0,-0.0,0.0,0.0
931643.125,-3075.0,1852.0,1852.0,-277.8000183105469,-0.0,0.0,-277.0,0.0,3.0,-3075.0,-0.0,-0.0,0.0,0.0
931653.126,-3075.0,1851.0,1851.0,-277.6500244140625,-0.0,0.0,-277.0,0.0,0.0,-3075.0,-0.0,-0.0,0.0,0.0
931663.126,-3075.0,1803.0,1803.0,-270.45001220703125,-0.0,0.0,-270.0,0.0,0.0,-3075.0,-0.0,-0.0,0.0,0.0
931674.125,-3075.0,1761.0,1761.0,-264.1500244140625,-0.0,0.0,-264.0,0.0,-2.0,-3075.0,-0.0,-0.0,0.0,0.0
931684.126,-3075.0,1759.0,1759.0,-263.8500061035156,-0.0,0.0,-263.0,0.0,-1.0,-3075.0,-0.0,-0.0,0.0,0.0
931694.442,-3075.0,1712.0,1712.0,-256.8000183105469,-0.0,0.0,-256.0,0.0,0.0,-3075.0,-0.0,-0.0,0.0,0.0
931704.442,-3075.0,1694.0,1694.0,-254.10000610351562,-0.0,0.0,-254.0,0.0,-2.0,-3075.0,-0.0,-0.0,0.0,0.0
931716.098,-3075.0,1681.0,1681.0,-252.15000915527344,-0.0,0.0,-252.0,0.0,1.0,-3075.0,-0.0,-0.0,0.0,0.0
931726.098,-3075.0,1681.0,1681.0,-252.15000915527344,-0.0,0.0,-252.0,0.0,0.0,-3075.0,-0.0,-0.0,0.0,0.0
931736.099,-3075.0,1686.0,1686.0,-252.90000915527344,-0.0,0.0,-252.0,0.0,2.0,-3075.0,-0.0,-0.0,0.0,0.0
931746.099,-3075.0,1689.0,1689.0,-253.35000610351562,-0.0,0.0,-253.0,0.0,1.0,-3075.0,-0.0,-0.0,0.0,0.0
931757.125,-3075.0,1716.0,1716.0,-257.4000244140625,-0.0,0.0,-257.0,0.0,2.0,-3075.0,-0.0,-0.0,0.0,0.0
931767.126,-3075.0,1715.0,1715.0,-257.25,-0.0,0.0,-257.0,0.0,-1.0,-3075.0,-0.0,-0.0,0.0,0.0
931778.125,-3075.0,1747.0,1747.0,-262.0500183105469,-0.0,0.0,-262.0,0.0,2.0,-3075.0,-0.0,-0.0,0.0,0.0
931789.125,-3075.0,1797.0,1797.0,-269.5500183105469,-0.0,0.0,-269.0,0.0,-3.0,-3075.0,-0.0,-0.0,0.0,0.0
931799.125,-3075.0,1797.0,1797.0,-269.5500183105469,-0.0,0.0,-269.0,0.0,-3.0,-3075.0,-0.0,-0.0,0.0,0.0
931809.126,-3075.0,1827.0,1827.0,-274.0500183105469,-0.0,0.0,-274.0,0.0,-2.0,-3075.0,-0.0,-0.0,0.0,0.0
931819.127,-3075.0,1872.0,1872.0,-280.8000183105469,-0.0,0.0,-280.0,0.0,-2.0,-3075.0,-0.0,-0.0,0.0,0.0
931830.098,-3075.0,1936.0,1936.0,-290.4000244140625,-0.0,0.0,-290.0,0.0,1.0,-3075.0,-0.0,-0.0,0.0,0.0
931841.125,-3075.0,1941.0,1941.0,-291.1500244140625,-0.0,0.0,-291.0,0.0,0.0,-3075.0,-0.0,-0.0,0.0,0.0
931851.125,-3075.0,1982.0,1982.0,-297.3000183105469,-0.0,0.0,-297.0,0.0,1.0,-3075.0,-0.0,-0.0,0.0,0.0
931861.126,-3075.0,2002.0,2002.0,-300.3000183105469,-0.0,0.0,-300.0,0.0,-1.0,-3075.0,-0.0,-0.0,0.0,0.0
931872.125,-3075.0,2000.0,2000.0,-300.0,-0.0,0.0,-300.0,0.0,0.0,-3075.0,-0.0,-0.0,0.0,0.0
931882.125,-3075.0,2003.0,2003.0,-300.45001220703125,-0.0,0.0,-300.0,0.0,0.0,-3075.0,-0.0,-0.0,0.0,0.0
931892.125,-3075.0,2003.0,2003.0,-300.45001220703125,-0.0,0.0,-300.0,0.0,-2.0,-3075.0,-0.0,-0.0,0.0,0.0
931902.125,-3075.0,1984.0,1984.0,-297.6000061035156,-0.0,0.0,-297.0,0.0,-6.0,-3075.0,-0.0,-0.0,0.0,0.0
931912.125,-3075.0,1976.0,1976.0,-296.4000244140625,-0.0,0.0,-296.0,0.0,-6.0,-3075.0,-0.0,-0.0,0.0,0.0
931923.342,-3075.0,1937.0,1937.0,-290.5500183105469,-0.0,0.0,-290.0,0.0,-1.0,-3075.0,-0.0,-0.0,0.0,0.0
931933.342,-3075.0,1900.0,1900.0,-285.0,-0.0,0.0,-285.0,0.0,1.0,-3075.0,-0.0,-0.0,0.0,0.0
931943.607,-3075.0,1894.0,1894.0,-284.1000061035156,-0.0,0.0,-284.0,0.0,0.0,-3075.0,-0.0,-0.0,0.0,0.0
931953.607,-3075.0,1867.0,1867.0,-280.0500183105469,-0.0,0.0,-280.0,0.0,-5.0,-3075.0,-0.0,-0.0,0.0,0.0
931963.608,-3075.0,1867.0,1867.0,-280.0500183105469,-0.0,0.0,-280.0,0.0,-5.0,-3075.0,-0.0,-0.0,0.0,0.0
931973.609,-3075.0,1846.0,1846.0,-276.9000244140625,-0.0,0.0,-276.0,0.0,1.0,-3075.0,-0.0,-0.0,0.0,0.0
931983.61,-3075.0,1836.0,1836.0,-275.4000244140625,-0.0,0.0,-275.0,0.0,-1.0,-3075.0,-0.0,-0.0,0.0,0.0
931994.125,-3075.0,1832.0,1832.0,-274.8000183105469,-0.0,0.0,-274.0,0.0,2.0,-3075.0,-0.0,-0.0,0.0,0.0
932004.125,-3075.0,1833.0,1833.0,-274.95001220703125,-0.0,0.0,-274.0,0.0,-2.0,-3075.0,-0.0,-0.0,0.0,0.0
932015.125,-3075.0,1844.0,1844.0,-276.6000061035156,-0.0,0.0,-276.0,0.0,-2.0,-3075.0,-0.0,-0.0,0.0,0.0
932025.126,-3075.0,1844.0,1844.0,-276.6000061035156,-0.0,0.0,-276.0,0.0,-2.0,-3075.0,-0.0,-0.0,0.0,0.0
932036.161,-3075.0,1843.0,1843.0,-276.45001220703125,-0.0,0.0,-276.0,0.0,0.0,-3075.0,-0.0,-0.0,0.0,0.0
932046.162,-3075.0,1867.0,1867.0,-280.0500183105469,-0.0,0.0,-280.0,0.0,2.0,-3075.0,-0.0,-0.0,0.0,0.0
932057.128,-3075.0,1929.0,1929.0,-289.3500061035156,-0.0,0.0,-289.0,0.0,0.0,-3075.0,-0.0,-0.0,0.0,0.0
932068.041,-3075.0,1935.0,1935.0,-290.25,-0.0,0.0,-290.0,0.0,2.0,-3075.0,-0.0,-0.0,0.0,0.0
932079.125,-3075.0,1954.0,1954.0,-293.1000061035156,-0.0,0.0,-293.0,0.0,2.0,-3075.0,-0.0,-0.0,0.0,0.0
932089.126,-3075.0,1954.0,1954.0,-293.1000061035156,-0.0,0.0,-293.0,0.0,2.0,-3075.0,-0.0,-0.0,0.0,0.0
932099.126,-3075.0,1980.0,1980.0,-297.0,-0.0,0.0,-297.0,0.0,0.0,-3075.0,-0.0,-0.0,0.0,0.0
932110.126,-3075.0,1988.0,1988.0,-298.20001220703125,-0.0,0.0,-298.0,0.0,1.0,-3075.0,-0.0,-0.0,0.0,0.0
932120.127,-3075.0,1990.0,1990.0,-298.5,-0.0,0.0,-298.0,0.0,-3.0,-3075.0,-0.0,-0.0,0.0,0.0
932130.128,-3075.0,1990.0,1990.0,-298.5,-0.0,0.0,-298.0,0.0,-2.0,-3075.0,-0.0,-0.0,0.0,0.0
932140.128,-3075.0,1990.0,1990.0,-298.5,-0.0,0.0,-298.0,0.0,0.0,-3075.0,-0.0,-0.0,0.0,0.0
932150.129,-3075.0,1979.0,1979.0,-296.8500061035156,-0.0,0.0,-296.0,0.0,-1.0,-3075.0,-0.0,-0.0,0.0,0.0
932161.125,-3075.0,1955.0,1955.0,-293.25,-0.0,0.0,-293.0,0.0,-1.0,-3075.0,-0.0,-0.0,0.0,0.0
932171.208,-3075.0,1934.0,1934.0,-290.1000061035156,-0.0,0.0,-290.0,0.0,0.0,-3075.0,-0.0,-0.0,0.0,0.0
932181.208,-3075.0,1934.0,1934.0,-290.1000061035156,-0.0,0.0,-290.0,0.0,-1.0,-3075.0,-0.0,-0.0,0.0,0.0
932191.209,-3075.0,1917.0,1917.0,-287.5500183105469,-0.0,0.0,-287.0,0.0,1.0,-3075.0,-0.0,-0.0,0.0,0.0
932202.125,-3075.0,1918.0,1918.0,-287.70001220703125,-0.0,0.0,-287.0,0.0,1.0,-3075.0,-0.0,-0.0,0.0,0.0
932212.584,-3075.0,1913.0,1913.0,-286.95001220703125,-0.0,0.0,-286.0,0.0,0.0,-3075.0,-0.0,-0.0,0.0,0.0
932223.125,-3075.0,1924.0,1924.0,-288.6000061035156,-0.0,0.0,-288.0,0.0,3.0,-3075.0,-0.0,-0.0,0.0,0.0
932234.125,-3075.0,1924.0,1924.0,-288.6000061035156,-0.0,0.0,-288.0,0.0,3.0,-3075.0,-0.0,-0.0,0.0,0.0
932244.126,-3075.0,1944.0,1944.0,-291.6000061035156,-0.0,0.0,-291.0,0.0,-2.0,-3075.0,-0.0,-0.0,0.0,0.0
932255.097,-3075.0,1959.0,1959.0,-293.8500061035156,-0.0,0.0,-293.0,0.0,2.0,-3075.0,-0.0,-0.0,0.0,0.0
932266.125,-3075.0,1961.0,1961.0,-294.1500244140625,-0.0,0.0,-294.0,0.0,-2.0,-3075.0,-0.0,-0.0,0.0,0.0
932277.125,-3075.0,1967.0,1967.0,-295.0500183105469,-0.0,0.0,-295.0,0.0,2.0,-3075.0,-0.0,-0.0,0.0,0.0
932287.125,-3075.0,1973.0,1973.0,-295.95001220703125,-0.0,0.0,-295.0,0.0,1.0,-3075.0,-0.0,-0.0,0.0,0.0
932297.126,-3075.0,1976.0,1976.0,-296.4000244140625,-0.0,0.0,-296.0,0.0,1.0,-3075.0,-0.0,-0.0,0.0,0.0
932308.098,-3075.0,1978.0,1978.0,-296.70001220703125,-0.0,0.0,-296.0,0.0,0.0,-3075.0,-0.0,-0.0,0.0,0.0
932319.125,-3075.0,1973.0,1973.0,-295.95001220703125,-0.0,0.0,-295.0,0.0,-1.0,-3075.0,-0.0,-0.0,0.0,0.0
932330.125,-3075.0,1968.0,1968.0,-295.20001220703125,-0.0,0.0,-295.0,0.0,1.0,-3075.0,-0.0,-0.0,0.0,0.0
932340.125,-3075.0,1959.0,1959.0,-293.8500061035156,-0.0,0.0,-293.0,0.0,2.0,-3075.0,-0.0,-0.0,0.0,0.0
932351.125,-3075.0,1951.0,1951.0,-292.6500244140625,-0.0,0.0,-292.0,0.0,0.0,-3075.0,-0.0,-0.0,0.0,0.0
932362.273,-3075.0,1951.0,1951.0,-292.6500244140625,-0.0,0.0,-292.0,0.0,0.0,-3075.0,-0.0,-0.0,0.0,0.0
932373.125,-3075.0,1949.0,1949.0,-292.3500061035156,-0.0,0.0,-292.0,0.0,1.0,-3075.0,-0.0,-0.0,0.0,0.0
932383.175,-3075.0,1949.0,1949.0,-292.3500061035156,-0.0,0.0,-292.0,0.0,-2.0,-3075.0,-0.0,-0.0,0.0,0.0
932394.126,-3075.0,1952.0,1952.0,-292.8000183105469,-0.0,0.0,-292.0,0.0,-4.0,-3075.0,-0.0,-0.0,0.0,0.0
932405.125,-3075.0,1958.0,1958.0,-293.70001220703125,-0.0,0.0,-293.0,0.0,-1.0,-3075.0,-0.0,-0.0,0.0,0.0
932416.125,-3075.0,1962.0,1962.0,-294.3000183105469,-0.0,0.0,-294.0,0.0,2.0,-3075.0,-0.0,-0.0,0.0,0.0
932426.126,-3075.0,1961.0,1961.0,-294.1500244140625,-0.0,0.0,-294.0,0.0,-3.0,-3075.0,-0.0,-0.0,0.0,0.0
932436.126,-3075.0,1962.0,1962.0,-294.3000183105469,-0.0,0.0,-294.0,0.0,-2.0,-3075.0,-0.0,-0.0,0.0,0.0
932446.126,-3075.0,1965.0,1965.0,-294.75,-0.0,0.0,-294.0,0.0,-1.0,-3075.0,-0.0,-0.0,0.0,0.0
932457.126,-3075.0,1962.0,1962.0,-294.3000183105469,-0.0,0.0,-294.0,0.0,2.0,-3075.0,-0.0,-0.0,0.0,0.0
932467.127,-3075.0,1963.0,1963.0,-294.45001220703125,-0.0,0.0,-294.0,0.0,1.0,-3075.0,-0.0,-0.0,0.0,0.0
932478.121,-3075.0,1962.0,1962.0,-294.3000183105469,-0.0,0.0,-294.0,0.0,4.0,-3075.0,-0.0,-0.0,0.0,0.0
932489.125,-3075.0,1961.0,1961.0,-294.1500244140625,-0.0,0.0,-294.0,0.0,1.0,-3075.0,-0.0,-0.0,0.0,0.0
932499.126,-3075.0,1957.0,1957.0,-293.5500183105469,-0.0,0.0,-293.0,0.0,1.0,-3075.0,-0.0,-0.0,0.0,0.0
932509.127,-3075.0,1957.0,1957.0,-293.5500183105469,-0.0,0.0,-293.0,0.0,0.0,-3075.0,-0.0,-0.0,0.0,0.0
932519.127,-3075.0,1955.0,1955.0,-293.25,-0.0,0.0,-293.0,0.0,0.0,-3075.0,-0.0,-0.0,0.0,0.0
932529.127,-3075.0,1956.0,1956.0,-293.4000244140625,-0.0,0.0,-293.0,0.0,0.0,-3075.0,-0.0,-0.0,0.0,0.0
932539.127,-3075.0,1960.0,1960.0,-294.0,-0.0,0.0,-294.0,0.0,0.0,-3075.0,-0.0,-0.0,0.0,0.0
932550.125,-3075.0,1960.0,1960.0,-294.0,-0.0,0.0,-294.0,0.0,0.0,-3075.0,-0.0,-0.0,0.0,0.0
932561.125,-3075.0,1961.0,1961.0,-294.1500244140625,-0.0,0.0,-294.0,0.0,1.0,-3075.0,-0.0,-0.0,0.0,0.0
932571.126,-3075.0,1963.0,1963.0,-294.45001220703125,-0.0,0.0,-294.0,0.0,0.0,-3075.0,-0.0,-0.0,0.0,0.0
932581.126,-3075.0,1962.0,1962.0,-294.3000183105469,-0.0,0.0,-294.0,0.0,0.0,-3075.0,-0.0,-0.0,0.0,0.0
932591.127,-3075.0,1963.0,1963.0,-294.45001220703125,-0.0,0.0,-294.0,0.0,2.0,-3075.0,-0.0,-0.0,0.0,0.0
932602.125,-3075.0,1962.0,1962.0,-294.3000183105469,-0.0,0.0,-294.0,0.0,0.0,-3075.0,-0.0,-0.0,0.0,0.0
932613.125,-3075.0,1961.0,1961.0,-294.1500244140625,-0.0,0.0,-294.0,0.0,0.0,-3075.0,-0.0,-0.0,0.0,0.0
932624.098,-3075.0,1962.0,1962.0,-294.3000183105469,-0.0,0.0,-294.0,0.0,2.0,-3075.0,-0.0,-0.0,0.0,0.0
932634.098,-3075.0,1958.0,1958.0,-293.70001220703125,-0.0,0.0,-293.0,0.0,2.0,-3075.0,-0.0,-0.0,0.0,0.0
932645.125,-3075.0,1962.0,1962.0,-294.3000183105469,-0.0,0.0,-294.0,0.0,0.0,-3075.0,-0.0,-0.0,0.0,0.0
932655.125,-3075.0,1962.0,1962.0,-294.3000183105469,-0.0,0.0,-294.0,0.0,2.0,-3075.0,-0.0,-0.0,0.0,0.0
932665.493,-3075.0,1962.0,1962.0,-294.3000183105469,-0.0,0.0,-294.0,0.0,1.0,-3075.0,-0.0,-0.0,0.0,0.0
932675.494,-3075.0,1960.0,1960.0,-294.0,-0.0,0.0,-294.0,0.0,0.0,-3075.0,-0.0,-0.0,0.0,0.0
932685.831,-3075.0,1961.0,1961.0,-294.1500244140625,-0.0,0.0,-294.0,0.0,0.0,-3075.0,-0.0,-0.0,0.0,0.0
932695.831,-3075.0,1962.0,1962.0,-294.3000183105469,-0.0,0.0,-294.0,0.0,2.0,-3075.0,-0.0,-0.0,0.0,0.0
932705.831,-3075.0,1960.0,1960.0,-294.0,-0.0,0.0,-294.0,0.0,1.0,-3075.0,-0.0,-0.0,0.0,0.0
932716.125,-3075.0,1962.0,1962.0,-294.3000183105469,-0.0,0.0,-294.0,0.0,0.0,-3075.0,-0.0,-0.0,0.0,0.0
932726.126,-3075.0,1962.0,1962.0,-294.3000183105469,-0.0,0.0,-294.0,0.0,0.0,-3075.0,-0.0,-0.0,0.0,0.0
932737.126,-3075.0,1959.0,1959.0,-293.8500061035156,-0.0,0.0,-293.0,0.0,1.0,-3075.0,-0.0,-0.0,0.0,0.0
932747.126,-3075.0,1959.0,1959.0,-293.8500061035156,-0.0,0.0,-293.0,0.0,1.0,-3075.0,-0.0,-0.0,0.0,0.0
932758.125,-3075.0,1961.0,1961.0,-294.1500244140625,-0.0,0.0,-294.0,0.0,2.0,-3075.0,-0.0,-0.0,0.0,0.0
932768.126,-3075.0,1964.0,1964.0,-294.6000061035156,-0.0,0.0,-294.0,0.0,-1.0,-3075.0,-0.0,-0.0,0.0,0.0
932779.121,-3075.0,1961.0,1961.0,-294.1500244140625,-0.0,0.0,-294.0,0.0,-1.0,-3075.0,-0.0,-0.0,0.0,0.0
932790.125,-3075.0,1960.0,1960.0,-294.0,-0.0,0.0,-294.0,0.0,2.0,-3075.0,-0.0,-0.0,0.0,0.0
932800.431,-3075.0,1960.0,1960.0,-294.0,-0.0,0.0,-294.0,0.0,0.0,-3075.0,-0.0,-0.0,0.0,0.0
932811.125,-3075.0,1960.0,1960.0,-294.0,-0.0,0.0,-294.0,0.0,-1.0,-3075.0,-0.0,-0.0,0.0,0.0
932822.125,-3075.0,1962.0,1962.0,-294.3000183105469,-0.0,0.0,-294.0,0.0,0.0,-3075.0,-0.0,-0.0,0.0,0.0
932832.125,-3075.0,1959.0,1959.0,-293.8500061035156,-0.0,0.0,-293.0,0.0,0.0,-3075.0,-0.0,-0.0,0.0,0.0
932843.125,-3075.0,1961.0,1961.0,-294.1500244140625,-0.0,0.0,-294.0,0.0,1.0,-3075.0,-0.0,-0.0,0.0,0.0
932853.126,-3075.0,1961.0,1961.0,-294.1500244140625,-0.0,0.0,-294.0,0.0,1.0,-3075.0,-0.0,-0.0,0.0,0.0
932863.127,-3075.0,1965.0,1965.0,-294.75,-0.0,0.0,-294.0,0.0,1.0,-3075.0,-0.0,-0.0,0.0,0.0
932874.125,-3075.0,1959.0,1959.0,-293.8500061035156,-0.0,0.0,-293.0,0.0,1.0,-3075.0,-0.0,-0.0,0.0,0.0
932885.171,-3075.0,1962.0,1962.0,-294.3000183105469,-0.0,0.0,-294.0,0.0,-1.0,-3075.0,-0.0,-0.0,0.0,0.0
932895.172,-3075.0,1963.0,1963.0,-294.45001220703125,-0.0,0.0,-294.0,0.0,0.0,-3075.0,-0.0,-0.0,0.0,0.0
932906.125,-3075.0,1959.0,1959.0,-293.8500061035156,-0.0,0.0,-293.0,0.0,-3.0,-3075.0,-0.0,-0.0,0.0,0.0
932917.125,-3075.0,1961.0,1961.0,-294.1500244140625,-0.0,0.0,-294.0,0.0,2.0,-3075.0,-0.0,-0.0,0.0,0.0
932927.126,-3075.0,1963.0,1963.0,-294.45001220703125,-0.0,0.0,-294.0,0.0,-2.0,-3075.0,-0.0,-0.0,0.0,0.0
932937.126,-3075.0,1959.0,1959.0,-293.8500061035156,-0.0,0.0,-293.0,0.0,0.0,-3075.0,-0.0,-0.0,0.0,0.0
932947.127,-3075.0,1959.0,1959.0,-293.8500061035156,-0.0,0.0,-293.0,0.0,0.0,-3075.0,-0.0,-0.0,0.0,0.0
932957.517,-3075.0,1962.0,1962.0,-294.3000183105469,-0.0,0.0,-294.0,0.0,1.0,-3075.0,-0.0,-0.0,0.0,0.0
932967.518,-3075.0,1960.0,1960.0,-294.0,-0.0,0.0,-294.0,0.0,-1.0,-3075.0,-0.0,-0.0,0.0,0.0
932977.519,-3075.0,1960.0,1960.0,-294.0,-0.0,0.0,-294.0,0.0,1.0,-3075.0,-0.0,-0.0,0.0,0.0
932988.125,-3075.0,1963.0,1963.0,-294.45001220703125,-0.0,0.0,-294.0,0.0,1.0,-3075.0,-0.0,-0.0,0.0,0.0
932998.203,-3075.0,1960.0,1960.0,-294.0,-0.0,0.0,-294.0,0.0,1.0,-3075.0,-0.0,-0.0,0.0,0.0
933008.203,-3075.0,1961.0,1961.0,-294.1500244140625,-0.0,0.0,-294.0,0.0,5.0,-3075.0,-0.0,-0.0,0.0,0.0
933019.126,-3075.0,1962.0,1962.0,-294.3000183105469,-0.0,0.0,-294.0,0.0,-2.0,-3075.0,-0.0,-0.0,0.0,0.0
933030.125,-3075.0,1961.0,1961.0,-294.1500244140625,-0.0,0.0,-294.0,0.0,-4.0,-3075.0,-0.0,-0.0,0.0,0.0
933040.126,-3075.0,1963.0,1963.0,-294.45001220703125,-0.0,0.0,-294.0,0.0,2.0,-3075.0,-0.0,-0.0,0.0,0.0
933050.126,-3075.0,1960.0,1960.0,-294.0,-0.0,0.0,-294.0,0.0,-1.0,-3075.0,-0.0,-0.0,0.0,0.0
933061.125,-3075.0,1960.0,1960.0,-294.0,-0.0,0.0,-294.0,0.0,-2.0,-3075.0,-0.0,-0.0,0.0,0.0
933071.126,-3075.0,1960.0,1960.0,-294.0,-0.0,0.0,-294.0,0.0,0.0,-3075.0,-0.0,-0.0,0.0,0.0
933081.127,-3075.0,1962.0,1962.0,-294.3000183105469,-0.0,0.0,-294.0,0.0,1.0,-3075.0,-0.0,-0.0,0.0,0.0
933092.129,-3075.0,1960.0,1960.0,-294.0,-0.0,0.0,-294.0,0.0,-2.0,-3075.0,-0.0,-0.0,0.0,0.0
933102.663,-3075.0,1962.0,1962.0,-294.3000183105469,-0.0,0.0,-294.0,0.0,1.0,-3075.0,-0.0,-0.0,0.0,0.0
933113.125,-3075.0,1962.0,1962.0,-294.3000183105469,-0.0,0.0,-294.0,0.0,2.0,-3075.0,-0.0,-0.0,0.0,0.0
933124.125,-3075.0,1960.0,1960.0,-294.0,-0.0,0.0,-294.0,0.0,0.0,-3075.0,-0.0,-0.0,0.0,0.0
933135.01,-3075.0,1963.0,1963.0,-294.45001220703125,-0.0,0.0,-294.0,0.0,-2.0,-3075.0,-0.0,-0.0,0.0,0.0
933145.011,-3075.0,1959.0,1959.0,-293.8500061035156,-0.0,0.0,-293.0,0.0,3.0,-3075.0,-0.0,-0.0,0.0,0.0
933155.012,-3075.0,1962.0,1962.0,-294.3000183105469,-0.0,0.0,-294.0,0.0,0.0,-3075.0,-0.0,-0.0,0.0,0.0
933165.126,-3075.0,1960.0,1960.0,-294.0,-0.0,0.0,-294.0,0.0,-1.0,-3075.0,-0.0,-0.0,0.0,0.0
933175.127,-3075.0,1960.0,1960.0,-294.0,-0.0,0.0,-294.0,0.0,-1.0,-3075.0,-0.0,-0.0,0.0,0.0
933185.128,-3075.0,1960.0,1960.0,-294.0,-0.0,0.0,-294.0,0.0,0.0,-3075.0,-0.0,-0.0,0.0,0.0
933195.129,-3075.0,1962.0,1962.0,-294.3000183105469,-0.0,0.0,-294.0,0.0,2.0,-3075.0,-0.0,-0.0,0.0,0.0
933205.13,-3075.0,1962.0,1962.0,-294.3000183105469,-0.0,0.0,-294.0,0.0,-3.0,-3075.0,-0.0,-0.0,0.0,0.0
933216.125,-3075.0,1962.0,1962.0,-294.3000183105469,-0.0,0.0,-294.0,0.0,2.0,-3075.0,-0.0,-0.0,0.0,0.0
933227.125,-3075.0,1962.0,1962.0,-294.3000183105469,-0.0,0.0,-294.0,0.0,-5.0,-3075.0,-0.0,-0.0,0.0,0.0
933237.126,-3075.0,1961.0,1961.0,-294.1500244140625,-0.0,0.0,-294.0,0.0,0.0,-3075.0,-0.0,-0.0,0.0,0.0
933248.125,-3075.0,1965.0,1965.0,-294.75,-0.0,0.0,-294.0,0.0,-2.0,-3075.0,-0.0,-0.0,0.0,0.0
933258.126,-3075.0,1960.0,1960.0,-294.0,-0.0,0.0,-294.0,0.0,2.0,-3075.0,-0.0,-0.0,0.0,0.0
933268.127,-3075.0,1960.0,1960.0,-294.0,-0.0,0.0,-294.0,0.0,2.0,-3075.0,-0.0,-0.0,0.0,0.0
933278.127,-3075.0,1960.0,1960.0,-294.0,-0.0,0.0,-294.0,0.0,0.0,-3075.0,-0.0,-0.0,0.0,0.0
933289.125,-3075.0,1960.0,1960.0,-294.0,-0.0,0.0,-294.0,0.0,0.0,-3075.0,-0.0,-0.0,0.0,0.0
933299.126,-3075.0,1962.0,1962.0,-294.3000183105469,-0.0,0.0,-294.0,0.0,4.0,-3075.0,-0.0,-0.0,0.0,0.0
933309.126,-3075.0,1962.0,1962.0,-294.3000183105469,-0.0,0.0,-294.0,0.0,4.0,-3075.0,-0.0,-0.0,0.0,0.0
933319.127,-3075.0,1961.0,1961.0,-294.1500244140625,-0.0,0.0,-294.0,0.0,2.0,-3075.0,-0.0,-0.0,0.0,0.0
933329.128,-3075.0,1961.0,1961.0,-294.1500244140625,-0.0,0.0,-294.0,0.0,2.0,-3075.0,-0.0,-0.0,0.0,0.0
933339.128,-3075.0,1962.0,1962.0,-294.3000183105469,-0.0,0.0,-294.0,0.0,-1.0,-3075.0,-0.0,-0.0,0.0,0.0
933350.125,-3075.0,1961.0,1961.0,-294.1500244140625,-0.0,0.0,-294.0,0.0,-3.0,-3075.0,-0.0,-0.0,0.0,0.0
933360.126,-3075.0,1959.0,1959.0,-293.8500061035156,-0.0,0.0,-293.0,0.0,0.0,-3075.0,-0.0,-0.0,0.0,0.0
933370.126,-3075.0,1958.0,1958.0,-293.70001220703125,-0.0,0.0,-293.0,0.0,4.0,-3075.0,-0.0,-0.0,0.0,0.0
933381.125,-3075.0,1960.0,1960.0,-294.0,-0.0,0.0,-294.0,0.0,0.0,-3075.0,-0.0,-0.0,0.0,0.0
933391.125,-3075.0,1962.0,1962.0,-294.3000183105469,-0.0,0.0,-294.0,0.0,0.0,-3075.0,-0.0,-0.0,0.0,0.0
933402.125,-3075.0,1963.0,1963.0,-294.45001220703125,-0.0,0.0,-294.0,0.0,2.0,-3075.0,-0.0,-0.0,0.0,0.0
933413.125,-3075.0,1958.0,1958.0,-293.70001220703125,-0.0,0.0,-293.0,0.0,-1.0,-3075.0,-0.0,-0.0,0.0,0.0
933424.125,-3075.0,1958.0,1958.0,-293.70001220703125,-0.0,0.0,-293.0,0.0,-1.0,-3075.0,-0.0,-0.0,0.0,0.0
933435.125,-3075.0,1962.0,1962.0,-294.3000183105469,-0.0,0.0,-294.0,0.0,0.0,-3075.0,-0.0,-0.0,0.0,0.0
933446.125,-3075.0,1962.0,1962.0,-294.3000183105469,-0.0,0.0,-294.0,0.0,2.0,-3075.0,-0.0,-0.0,0.0,0.0
933457.125,-3075.0,1959.0,1959.0,-293.8500061035156,-0.0,0.0,-293.0,0.0,0.0,-3075.0,-0.0,-0.0,0.0,0.0
933468.318,-3075.0,1959.0,1959.0,-293.8500061035156,-0.0,0.0,-293.0,0.0,0.0,-3075.0,-0.0,-0.0,0.0,0.0
933479.126,-3075.0,1959.0,1959.0,-293.8500061035156,-0.0,0.0,-293.0,0.0,0.0,-3075.0,-0.0,-0.0,0.0,0.0
933489.126,-3075.0,1960.0,1960.0,-294.0,-0.0,0.0,-294.0,0.0,-3.0,-3075.0,-0.0,-0.0,0.0,0.0
933500.125,-3075.0,1959.0,1959.0,-293.8500061035156,-0.0,0.0,-293.0,0.0,0.0,-3075.0,-0.0,-0.0,0.0,0.0
933510.126,-3075.0,1962.0,1962.0,-294.3000183105469,-0.0,0.0,-294.0,0.0,-1.0,-3075.0,-0.0,-0.0,0.0,0.0
933521.126,-3075.0,1960.0,1960.0,-294.0,-0.0,0.0,-294.0,0.0,3.0,-3075.0,-0.0,-0.0,0.0,0.0
933531.126,-3075.0,1960.0,1960.0,-294.0,-0.0,0.0,-294.0,0.0,-2.0,-3075.0,-0.0,-0.0,0.0,0.0
933542.125,-3075.0,1960.0,1960.0,-294.0,-0.0,0.0,-294.0,0.0,2.0,-3075.0,-0.0,-0.0,0.0,0.0
933553.125,-3075.0,1964.0,1964.0,-294.6000061035156,-0.0,0.0,-294.0,0.0,2.0,-3075.0,-0.0,-0.0,0.0,0.0
933563.963,-3075.0,1964.0,1964.0,-294.6000061035156,-0.0,0.0,-294.0,0.0,2.0,-3075.0,-0.0,-0.0,0.0,0.0
933574.125,-3075.0,1963.0,1963.0,-294.45001220703125,-0.0,0.0,-294.0,0.0,-1.0,-3075.0,-0.0,-0.0,0.0,0.0
933585.126,-3075.0,1958.0,1958.0,-293.70001220703125,-0.0,0.0,-293.0,0.0,2.0,-3075.0,-0.0,-0.0,0.0,0.0
933596.126,-3075.0,1960.0,1960.0,-294.0,-0.0,0.0,-294.0,0.0,2.0,-3075.0,-0.0,-0.0,0.0,0.0
933607.125,-3075.0,1960.0,1960.0,-294.0,-0.0,0.0,-294.0,0.0,1.0,-3075.0,-0.0,-0.0,0.0,0.0
933617.192,-3075.0,1960.0,1960.0,-294.0,-0.0,0.0,-294.0,0.0,1.0,-3075.0,-0.0,-0.0,0.0,0.0
933627.193,-3075.0,1962.0,1962.0,-294.3000183105469,-0.0,0.0,-294.0,0.0,2.0,-3075.0,-0.0,-0.0,0.0,0.0
933637.193,-3075.0,1959.0,1959.0,-293.8500061035156,-0.0,0.0,-293.0,0.0,2.0,-3075.0,-0.0,-0.0,0.0,0.0
933648.149,-3075.0,1961.0,1961.0,-294.1500244140625,-0.0,0.0,-294.0,0.0,0.0,-3075.0,-0.0,-0.0,0.0,0.0
933658.149,-3075.0,1960.0,1961.0,-294.1500244140625,-0.0,0.0,-294.0,0.0,0.0,-3075.0,-0.0,-0.0,0.0,0.0
933669.125,-3075.0,1961.0,1961.0,-294.1500244140625,-0.0,0.0,-294.0,0.0,1.0,-3075.0,-0.0,-0.0,0.0,0.0
933680.125,-3075.0,1962.0,1962.0,-294.3000183105469,-0.0,0.0,-294.0,0.0,3.0,-3075.0,-0.0,-0.0,0.0,0.0
933691.125,-3075.0,1962.0,1962.0,-294.3000183105469,-0.0,0.0,-294.0,0.0,-2.0,-3075.0,-0.0,-0.0,0.0,0.0
933702.171,-3075.0,1962.0,1962.0,-294.3000183105469,-0.0,0.0,-294.0,0.0,3.0,-3075.0,-0.0,-0.0,0.0,0.0
933713.125,-3075.0,1959.0,1959.0,-293.8500061035156,-0.0,0.0,-293.0,0.0,-1.0,-3075.0,-0.0,-0.0,0.0,0.0
933723.125,-3075.0,1961.0,1961.0,-294.1500244140625,-0.0,0.0,-294.0,0.0,2.0,-3075.0,-0.0,-0.0,0.0,0.0
933733.126,-3075.0,1961.0,1961.0,-294.1500244140625,-0.0,0.0,-294.0,0.0,3.0,-3075.0,-0.0,-0.0,0.0,0.0
933743.126,-3075.0,1962.0,1962.0,-294.3000183105469,-0.0,0.0,-294.0,0.0,0.0,-3075.0,-0.0,-0.0,0.0,0.0
933753.127,-3075.0,1959.0,1959.0,-293.8500061035156,-0.0,0.0,-293.0,0.0,2.0,-3075.0,-0.0,-0.0,0.0,0.0
933764.098,-3075.0,1960.0,1960.0,-294.0,-0.0,0.0,-294.0,0.0,-3.0,-3075.0,-0.0,-0.0,0.0,0.0
933774.099,-3075.0,1964.0,1964.0,-294.6000061035156,-0.0,0.0,-294.0,0.0,-1.0,-3075.0,-0.0,-0.0,0.0,0.0
933784.164,-3075.0,1959.0,1959.0,-293.8500061035156,-0.0,0.0,-293.0,0.0,2.0,-3075.0,-0.0,-0.0,0.0,0.0
933794.165,-3075.0,1959.0,1959.0,-293.8500061035156,-0.0,0.0,-293.0,0.0,-2.0,-3075.0,-0.0,-0.0,0.0,0.0
933805.125,-3075.0,1962.0,1962.0,-294.3000183105469,-0.0,0.0,-294.0,0.0,0.0,-3075.0,-0.0,-0.0,0.0,0.0
933816.125,-3075.0,1966.0,1966.0,-294.9000244140625,-0.0,0.0,-294.0,0.0,1.0,-3075.0,-0.0,-0.0,0.0,0.0
933826.125,-3075.0,1959.0,1959.0,-293.8500061035156,-0.0,0.0,-293.0,0.0,2.0,-3075.0,-0.0,-0.0,0.0,0.0
933836.126,-3075.0,1964.0,1964.0,-294.6000061035156,-0.0,0.0,-294.0,0.0,1.0,-3075.0,-0.0,-0.0,0.0,0.0
933847.125,-3075.0,1963.0,1963.0,-294.45001220703125,-0.0,0.0,-294.0,0.0,0.0,-3075.0,-0.0,-0.0,0.0,0.0
933857.968,-3075.0,1966.0,1966.0,-294.9000244140625,-0.0,0.0,-294.0,0.0,1.0,-3075.0,-0.0,-0.0,0.0,0.0
933867.968,-3075.0,1962.0,1962.0,-294.3000183105469,-0.0,0.0,-294.0,0.0,4.0,-3075.0,-0.0,-0.0,0.0,0.0
933878.179,-3075.0,1965.0,1965.0,-294.75,-0.0,0.0,-294.0,0.0,3.0,-3075.0,-0.0,-0.0,0.0,0.0
933888.179,-3075.0,1958.0,1958.0,-293.70001220703125,-0.0,0.0,-293.0,0.0,2.0,-3075.0,-0.0,-0.0,0.0,0.0
933899.125,-3075.0,1959.0,1959.0,-293.8500061035156,-0.0,0.0,-293.0,0.0,5.0,-3075.0,-0.0,-0.0,0.0,0.0
933910.249,-3075.0,1962.0,1962.0,-294.3000183105469,-0.0,0.0,-294.0,0.0,0.0,-3075.0,-0.0,-0.0,0.0,0.0
933920.25,-3075.0,1960.0,1960.0,-294.0,-0.0,0.0,-294.0,0.0,-2.0,-3075.0,-0.0,-0.0,0.0,0.0
933931.125,-3075.0,1960.0,1960.0,-294.0,-0.0,0.0,-294.0,0.0,0.0,-3075.0,-0.0,-0.0,0.0,0.0
933941.126,-3075.0,1963.0,1963.0,-294.45001220703125,-0.0,0.0,-294.0,0.0,-3.0,-3075.0,-0.0,-0.0,0.0,0.0
933951.328,-3075.0,1959.0,1959.0,-293.8500061035156,-0.0,0.0,-293.0,0.0,3.0,-3075.0,-0.0,-0.0,0.0,0.0
933961.329,-3075.0,1961.0,1961.0,-294.1500244140625,-0.0,0.0,-294.0,0.0,3.0,-3075.0,-0.0,-0.0,0.0,0.0
933972.125,-3075.0,1961.0,1961.0,-294.1500244140625,-0.0,0.0,-294.0,0.0,2.0,-3075.0,-0.0,-0.0,0.0,0.0
933983.126,-3075.0,1958.0,1958.0,-293.70001220703125,-0.0,0.0,-293.0,0.0,1.0,-3075.0,-0.0,-0.0,0.0,0.0
933993.716,-3075.0,1957.0,1957.0,-293.5500183105469,-0.0,0.0,-293.0,0.0,-1.0,-3075.0,-0.0,-0.0,0.0,0.0
934004.125,-3075.0,1959.0,1959.0,-293.8500061035156,-0.0,0.0,-293.0,0.0,-3.0,-3075.0,-0.0,-0.0,0.0,0.0
934014.126,-3075.0,1958.0,1958.0,-293.70001220703125,-0.0,0.0,-293.0,0.0,0.0,-3075.0,-0.0,-0.0,0.0,0.0
934024.127,-3075.0,1958.0,1958.0,-293.70001220703125,-0.0,0.0,-293.0,0.0,0.0,-3075.0,-0.0,-0.0,0.0,0.0
934034.127,-3075.0,1960.0,1960.0,-294.0,-0.0,0.0,-294.0,0.0,3.0,-3075.0,-0.0,-0.0,0.0,0.0
934044.128,-3075.0,1959.0,1959.0,-293.8500061035156,-0.0,0.0,-293.0,0.0,0.0,-3075.0,-0.0,-0.0,0.0,0.0
934055.125,-3075.0,1959.0,1959.0,-293.8500061035156,-0.0,0.0,-293.0,0.0,0.0,-3075.0,-0.0,-0.0,0.0,0.0
934065.126,-3075.0,1962.0,1962.0,-294.3000183105469,-0.0,0.0,-294.0,0.0,0.0,-3075.0,-0.0,-0.0,0.0,0.0
934075.126,-3075.0,1957.0,1957.0,-293.5500183105469,-0.0,0.0,-293.0,0.0,0.0,-3075.0,-0.0,-0.0,0.0,0.0
934085.127,-3075.0,1957.0,1957.0,-293.5500183105469,-0.0,0.0,-293.0,0.0,0.0,-3075.0,-0.0,-0.0,0.0,0.0
934095.127,-3075.0,1965.0,1965.0,-294.75,-0.0,0.0,-294.0,0.0,1.0,-3075.0,-0.0,-0.0,0.0,0.0
934105.127,-3075.0,1960.0,1960.0,-294.0,-0.0,0.0,-294.0,0.0,1.0,-3075.0,-0.0,-0.0,0.0,0.0
934116.125,-3075.0,1960.0,1960.0,-294.0,-0.0,0.0,-294.0,0.0,1.0,-3075.0,-0.0,-0.0,0.0,0.0
934126.129,-3075.0,1958.0,1958.0,-293.70001220703125,-0.0,0.0,-293.0,0.0,3.0,-3075.0,-0.0,-0.0,0.0,0.0
934136.129,-3075.0,1958.0,1958.0,-293.70001220703125,-0.0,0.0,-293.0,0.0,2.0,-3075.0,-0.0,-0.0,0.0,0.0
934146.531,-3075.0,1961.0,1961.0,-294.1500244140625,-0.0,0.0,-294.0,0.0,0.0,-3075.0,-0.0,-0.0,0.0,0.0
934156.866,-3075.0,1959.0,1959.0,-293.8500061035156,-0.0,0.0,-293.0,0.0,0.0,-3075.0,-0.0,-0.0,0.0,0.0
934166.867,-3075.0,1962.0,1962.0,-294.3000183105469,-0.0,0.0,-294.0,0.0,2.0,-3075.0,-0.0,-0.0,0.0,0.0
934177.125,-3075.0,1962.0,1962.0,-294.3000183105469,-0.0,0.0,-294.0,0.0,2.0,-3075.0,-0.0,-0.0,0.0,0.0
934188.125,-3075.0,1959.0,1959.0,-293.8500061035156,-0.0,0.0,-293.0,0.0,4.0,-3075.0,-0.0,-0.0,0.0,0.0
934199.125,-3075.0,1959.0,1959.0,-293.8500061035156,-0.0,0.0,-293.0,0.0,4.0,-3075.0,-0.0,-0.0,0.0,0.0
934209.126,-3075.0,1961.0,1961.0,-294.1500244140625,-0.0,0.0,-294.0,0.0,1.0,-3075.0,-0.0,-0.0,0.0,0.0
934219.126,-3075.0,1961.0,1961.0,-294.1500244140625,-0.0,0.0,-294.0,0.0,3.0,-3075.0,-0.0,-0.0,0.0,0.0
934229.626,-3075.0,1959.0,1959.0,-293.8500061035156,-0.0,0.0,-293.0,0.0,0.0,-3075.0,-0.0,-0.0,0.0,0.0
934239.626,-3075.0,1959.0,1959.0,-293.8500061035156,-0.0,0.0,-293.0,0.0,1.0,-3075.0,-0.0,-0.0,0.0,0.0
934249.627,-3075.0,1959.0,1959.0,-293.8500061035156,-0.0,0.0,-293.0,0.0,1.0,-3075.0,-0.0,-0.0,0.0,0.0
934259.627,-3075.0,1964.0,1964.0,-294.6000061035156,-0.0,0.0,-294.0,0.0,-3.0,-3075.0,-0.0,-0.0,0.0,0.0
934269.628,-3075.0,1963.0,1963.0,-294.45001220703125,-0.0,0.0,-294.0,0.0,2.0,-3075.0,-0.0,-0.0,0.0,0.0
934280.125,-3075.0,1960.0,1960.0,-294.0,-0.0,0.0,-294.0,0.0,-1.0,-3075.0,-0.0,-0.0,0.0,0.0
934291.125,-3075.0,1960.0,1960.0,-294.0,-0.0,0.0,-294.0,0.0,-1.0,-3075.0,-0.0,-0.0,0.0,0.0
934301.846,-3075.0,1959.0,1959.0,-293.8500061035156,-0.0,0.0,-293.0,0.0,-1.0,-3075.0,-0.0,-0.0,0.0,0.0
934311.847,-3075.0,1959.0,1959.0,-293.8500061035156,-0.0,0.0,-293.0,0.0,-2.0,-3075.0,-0.0,-0.0,0.0,0.0
934321.847,-3075.0,1960.0,1960.0,-294.0,-0.0,0.0,-294.0,0.0,1.0,-3075.0,-0.0,-0.0,0.0,0.0
934332.125,-3075.0,1961.0,1961.0,-294.1500244140625,-0.0,0.0,-294.0,0.0,3.0,-3075.0,-0.0,-0.0,0.0,0.0
934343.293,-3075.0,1959.0,1959.0,-293.8500061035156,-0.0,0.0,-293.0,0.0,3.0,-3075.0,-0.0,-0.0,0.0,0.0
934354.125,-3075.0,1961.0,1961.0,-294.1500244140625,-0.0,0.0,-294.0,0.0,-1.0,-3075.0,-0.0,-0.0,0.0,0.0
934364.125,-3075.0,1959.0,1959.0,-293.8500061035156,-0.0,0.0,-293.0,0.0,1.0,-3075.0,-0.0,-0.0,0.0,0.0
934375.125,-3075.0,1961.0,1961.0,-294.1500244140625,-0.0,0.0,-294.0,0.0,-1.0,-3075.0,-0.0,-0.0,0.0,0.0
934385.126,-3075.0,1961.0,1961.0,-294.1500244140625,-0.0,0.0,-294.0,0.0,-1.0,-3075.0,-0.0,-0.0,0.0,0.0
934395.126,-3075.0,1962.0,1962.0,-294.3000183105469,-0.0,0.0,-294.0,0.0,2.0,-3075.0,-0.0,-0.0,0.0,0.0
934406.125,-3075.0,1960.0,1960.0,-294.0,-0.0,0.0,-294.0,0.0,-4.0,-3075.0,-0.0,-0.0,0.0,0.0
934417.161,-3075.0,1962.0,1962.0,-294.3000183105469,-0.0,0.0,-294.0,0.0,3.0,-3075.0,-0.0,-0.0,0.0,0.0
934428.025,-3075.0,1961.0,1961.0,-294.1500244140625,-0.0,0.0,-294.0,0.0,3.0,-3075.0,-0.0,-0.0,0.0,0.0
934438.025,-3075.0,1960.0,1960.0,-294.0,-0.0,0.0,-294.0,0.0,0.0,-3075.0,-0.0,-0.0,0.0,0.0
934448.026,-3075.0,1961.0,1961.0,-294.1500244140625,-0.0,0.0,-294.0,0.0,2.0,-3075.0,-0.0,-0.0,0.0,0.0
934458.027,-3075.0,1961.0,1961.0,-294.1500244140625,-0.0,0.0,-294.0,0.0,2.0,-3075.0,-0.0,-0.0,0.0,0.0
934468.041,-3075.0,1962.0,1962.0,-294.3000183105469,-0.0,0.0,-294.0,0.0,4.0,-3075.0,-0.0,-0.0,0.0,0.0
934479.041,-3075.0,1964.0,1964.0,-294.6000061035156,-0.0,0.0,-294.0,0.0,2.0,-3075.0,-0.0,-0.0,0.0,0.0
934489.041,-3075.0,1960.0,1960.0,-294.0,-0.0,0.0,-294.0,0.0,-2.0,-3075.0,-0.0,-0.0,0.0,0.0
934499.61,-3075.0,1960.0,1960.0,-294.0,-0.0,0.0,-294.0,0.0,4.0,-3075.0,-0.0,-0.0,0.0,0.0
934509.61,-3075.0,1959.0,1959.0,-293.8500061035156,-0.0,0.0,-293.0,0.0,3.0,-3075.0,-0.0,-0.0,0.0,0.0
934520.125,-3075.0,1960.0,1960.0,-294.0,-0.0,0.0,-294.0,0.0,-2.0,-3075.0,-0.0,-0.0,0.0,0.0
934530.756,-3075.0,1960.0,1960.0,-294.0,-0.0,0.0,-294.0,0.0,-2.0,-3075.0,-0.0,-0.0,0.0,0.0
934540.757,-3075.0,1958.0,1958.0,-293.70001220703125,-0.0,0.0,-293.0,0.0,1.0,-3075.0,-0.0,-0.0,0.0,0.0
934551.125,-3075.0,1961.0,1961.0,-294.1500244140625,-0.0,0.0,-294.0,0.0,-4.0,-3075.0,-0.0,-0.0,0.0,0.0
934561.125,-3075.0,1960.0,1960.0,-294.0,-0.0,0.0,-294.0,0.0,4.0,-3075.0,-0.0,-0.0,0.0,0.0
934571.126,-3075.0,1961.0,1961.0,-294.1500244140625,-0.0,0.0,-294.0,0.0,2.0,-3075.0,-0.0,-0.0,0.0,0.0
934581.127,-3075.0,1961.0,1961.0,-294.1500244140625,-0.0,0.0,-294.0,0.0,3.0,-3075.0,-0.0,-0.0,0.0,0.0
934591.128,-3075.0,1961.0,1961.0,-294.1500244140625,-0.0,0.0,-294.0,0.0,3.0,-3075.0,-0.0,-0.0,0.0,0.0
934601.129,-3075.0,1960.0,1960.0,-294.0,-0.0,0.0,-294.0,0.0,0.0,-3075.0,-0.0,-0.0,0.0,0.0
934612.125,-3075.0,1965.0,1965.0,-294.75,-0.0,0.0,-294.0,0.0,0.0,-3075.0,-0.0,-0.0,0.0,0.0
934622.486,-3075.0,1961.0,1961.0,-294.1500244140625,-0.0,0.0,-294.0,0.0,3.0,-3075.0,-0.0,-0.0,0.0,0.0
934632.487,-3075.0,1963.0,1963.0,-294.45001220703125,-0.0,0.0,-294.0,0.0,3.0,-3075.0,-0.0,-0.0,0.0,0.0
934643.126,-3075.0,1958.0,1958.0,-293.70001220703125,-0.0,0.0,-293.0,0.0,-1.0,-3075.0,-0.0,-0.0,0.0,0.0
934654.125,-3075.0,1958.0,1958.0,-293.70001220703125,-0.0,0.0,-293.0,0.0,1.0,-3075.0,-0.0,-0.0,0.0,0.0
934664.125,-3075.0,1963.0,1963.0,-294.45001220703125,-0.0,0.0,-294.0,0.0,-1.0,-3075.0,-0.0,-0.0,0.0,0.0
934674.125,-3075.0,1957.0,1957.0,-293.5500183105469,-0.0,0.0,-293.0,0.0,1.0,-3075.0,-0.0,-0.0,0.0,0.0
934685.125,-3075.0,1961.0,1961.0,-294.1500244140625,-0.0,0.0,-294.0,0.0,1.0,-3075.0,-0.0,-0.0,0.0,0.0
934695.126,-3075.0,1960.0,1960.0,-294.0,-0.0,0.0,-294.0,0.0,2.0,-3075.0,-0.0,-0.0,0.0,0.0
934705.127,-3075.0,1960.0,1960.0,-294.0,-0.0,0.0,-294.0,0.0,0.0,-3075.0,-0.0,-0.0,0.0,0.0
934715.68,-3075.0,1958.0,1958.0,-293.70001220703125,-0.0,0.0,-293.0,0.0,2.0,-3075.0,-0.0,-0.0,0.0,0.0
934725.681,-3075.0,1962.0,1962.0,-294.3000183105469,-0.0,0.0,-294.0,0.0,0.0,-3075.0,-0.0,-0.0,0.0,0.0
934736.126,-3075.0,1960.0,1960.0,-294.0,-0.0,0.0,-294.0,0.0,2.0,-3075.0,-0.0,-0.0,0.0,0.0
934747.125,-3075.0,1962.0,1962.0,-294.3000183105469,-0.0,0.0,-294.0,0.0,2.0,-3075.0,-0.0,-0.0,0.0,0.0
934757.747,-3075.0,1962.0,1962.0,-294.3000183105469,-0.0,0.0,-294.0,0.0,2.0,-3075.0,-0.0,-0.0,0.0,0.0
934768.125,-3075.0,1965.0,1965.0,-294.75,-0.0,0.0,-294.0,0.0,2.0,-3075.0,-0.0,-0.0,0.0,0.0
934779.125,-3075.0,1960.0,1960.0,-294.0,-0.0,0.0,-294.0,0.0,-1.0,-3075.0,-0.0,-0.0,0.0,0.0
934789.126,-3075.0,1962.0,1962.0,-294.3000183105469,-0.0,0.0,-294.0,0.0,2.0,-3075.0,-0.0,-0.0,0.0,0.0
934799.127,-3075.0,1962.0,1962.0,-294.3000183105469,-0.0,0.0,-294.0,0.0,-1.0,-3075.0,-0.0,-0.0,0.0,0.0
934810.125,-3075.0,1958.0,1958.0,-293.70001220703125,-0.0,0.0,-293.0,0.0,2.0,-3075.0,-0.0,-0.0,0.0,0.0
934820.125,-3075.0,1958.0,1958.0,-293.70001220703125,-0.0,0.0,-293.0,0.0,2.0,-3075.0,-0.0,-0.0,0.0,0.0
934830.125,-3075.0,1962.0,1962.0,-294.3000183105469,-0.0,0.0,-294.0,0.0,0.0,-3075.0,-0.0,-0.0,0.0,0.0
934841.125,-3075.0,1963.0,1963.0,-294.45001220703125,-0.0,0.0,-294.0,0.0,0.0,-3075.0,-0.0,-0.0,0.0,0.0
934851.126,-3075.0,1961.0,1961.0,-294.1500244140625,-0.0,0.0,-294.0,0.0,0.0,-3075.0,-0.0,-0.0,0.0,0.0
934861.465,-3075.0,1957.0,1957.0,-293.5500183105469,-0.0,0.0,-293.0,0.0,1.0,-3075.0,-0.0,-0.0,0.0,0.0
934872.125,-3075.0,1960.0,1960.0,-294.0,-0.0,0.0,-294.0,0.0,-1.0,-3075.0,-0.0,-0.0,0.0,0.0
934883.125,-3075.0,1960.0,1960.0,-294.0,-0.0,0.0,-294.0,0.0,1.0,-3075.0,-0.0,-0.0,0.0,0.0
934893.126,-3075.0,1962.0,1962.0,-294.3000183105469,-0.0,0.0,-294.0,0.0,5.0,-3075.0,-0.0,-0.0,0.0,0.0
934903.127,-3075.0,1960.0,1960.0,-294.0,-0.0,0.0,-294.0,0.0,1.0,-3075.0,-0.0,-0.0,0.0,0.0
934914.125,-3075.0,1962.0,1962.0,-294.3000183105469,-0.0,0.0,-294.0,0.0,1.0,-3075.0,-0.0,-0.0,0.0,0.0
934925.125,-3075.0,1960.0,1960.0,-294.0,-0.0,0.0,-294.0,0.0,-1.0,-3075.0,-0.0,-0.0,0.0,0.0
934935.126,-3075.0,1961.0,1961.0,-294.1500244140625,-0.0,0.0,-294.0,0.0,2.0,-3075.0,-0.0,-0.0,0.0,0.0
934945.126,-3075.0,1959.0,1959.0,-293.8500061035156,-0.0,0.0,-293.0,0.0,0.0,-3075.0,-0.0,-0.0,0.0,0.0
934955.127,-3075.0,1961.0,1961.0,-294.1500244140625,-0.0,0.0,-294.0,0.0,1.0,-3075.0,-0.0,-0.0,0.0,0.0
934965.128,-3075.0,1962.0,1962.0,-294.3000183105469,-0.0,0.0,-294.0,0.0,-3.0,-3075.0,-0.0,-0.0,0.0,0.0
934975.129,-3075.0,1962.0,1962.0,-294.3000183105469,-0.0,0.0,-294.0,0.0,-3.0,-3075.0,-0.0,-0.0,0.0,0.0
934986.125,-3075.0,1963.0,1963.0,-294.45001220703125,-0.0,0.0,-294.0,0.0,3.0,-3075.0,-0.0,-0.0,0.0,0.0
934996.631,-3075.0,1962.0,1962.0,-294.3000183105469,-0.0,0.0,-294.0,0.0,2.0,-3075.0,-0.0,-0.0,0.0,0.0
935006.632,-3075.0,1962.0,1962.0,-294.3000183105469,-0.0,0.0,-294.0,0.0,1.0,-3075.0,-0.0,-0.0,0.0,0.0
935017.098,-3075.0,1963.0,1963.0,-294.45001220703125,-0.0,0.0,-294.0,0.0,0.0,-3075.0,-0.0,-0.0,0.0,0.0
935028.125,-3075.0,1961.0,1961.0,-294.1500244140625,-0.0,0.0,-294.0,0.0,3.0,-3075.0,-0.0,-0.0,0.0,0.0
935039.125,-3075.0,1963.0,1963.0,-294.45001220703125,-0.0,0.0,-294.0,0.0,3.0,-3075.0,-0.0,-0.0,0.0,0.0
935049.126,-3075.0,1961.0,1961.0,-294.1500244140625,-0.0,0.0,-294.0,0.0,0.0,-3075.0,-0.0,-0.0,0.0,0.0
935060.125,-3075.0,1960.0,1960.0,-294.0,-0.0,0.0,-294.0,0.0,7.0,-3075.0,-0.0,-0.0,0.0,0.0
935071.35,-3075.0,1959.0,1959.0,-293.8500061035156,-0.0,0.0,-293.0,0.0,1.0,-3075.0,-0.0,-0.0,0.0,0.0
935082.125,-3075.0,1962.0,1962.0,-294.3000183105469,-0.0,0.0,-294.0,0.0,1.0,-3075.0,-0.0,-0.0,0.0,0.0
935093.129,-3075.0,1961.0,1961.0,-294.1500244140625,-0.0,0.0,-294.0,0.0,-2.0,-3075.0,-0.0,-0.0,0.0,0.0
935104.137,-3075.0,1961.0,1961.0,-294.1500244140625,-0.0,0.0,-294.0,0.0,-2.0,-3075.0,-0.0,-0.0,0.0,0.0
935115.125,-3075.0,1959.0,1959.0,-293.8500061035156,-0.0,0.0,-293.0,0.0,-2.0,-3075.0,-0.0,-0.0,0.0,0.0
935125.126,-3075.0,1963.0,1963.0,-294.45001220703125,-0.0,0.0,-294.0,0.0,-5.0,-3075.0,-0.0,-0.0,0.0,0.0
935136.125,-3075.0,1962.0,1962.0,-294.3000183105469,-0.0,0.0,-294.0,0.0,1.0,-3075.0,-0.0,-0.0,0.0,0.0
935146.126,-3075.0,1962.0,1962.0,-294.3000183105469,-0.0,0.0,-294.0,0.0,1.0,-3075.0,-0.0,-0.0,0.0,0.0
935157.125,-3075.0,1961.0,1961.0,-294.1500244140625,-0.0,0.0,-294.0,0.0,0.0,-3075.0,-0.0,-0.0,0.0,0.0
935167.552,-3075.0,1961.0,1961.0,-294.1500244140625,-0.0,0.0,-294.0,0.0,1.0,-3075.0,-0.0,-0.0,0.0,0.0
935178.125,-3075.0,1964.0,1964.0,-294.6000061035156,-0.0,0.0,-294.0,0.0,-1.0,-3075.0,-0.0,-0.0,0.0,0.0
935188.126,-3075.0,1960.0,1960.0,-294.0,-0.0,0.0,-294.0,0.0,3.0,-3075.0,-0.0,-0.0,0.0,0.0
935198.127,-3075.0,1961.0,1961.0,-294.1500244140625,-0.0,0.0,-294.0,0.0,4.0,-3075.0,-0.0,-0.0,0.0,0.0
935208.127,-3075.0,1962.0,1962.0,-294.3000183105469,-0.0,0.0,-294.0,0.0,3.0,-3075.0,-0.0,-0.0,0.0,0.0
935219.125,-3075.0,1962.0,1962.0,-294.3000183105469,-0.0,0.0,-294.0,0.0,3.0,-3075.0,-0.0,-0.0,0.0,0.0
935229.125,-3075.0,1962.0,1962.0,-294.3000183105469,-0.0,0.0,-294.0,0.0,2.0,-3075.0,-0.0,-0.0,0.0,0.0
935239.192,-3075.0,1962.0,1962.0,-294.3000183105469,-0.0,0.0,-294.0,0.0,-2.0,-3075.0,-0.0,-0.0,0.0,0.0
935249.193,-3075.0,1960.0,1960.0,-294.0,-0.0,0.0,-294.0,0.0,0.0,-3075.0,-0.0,-0.0,0.0,0.0
935259.194,-3075.0,1958.0,1958.0,-293.70001220703125,-0.0,0.0,-293.0,0.0,7.0,-3075.0,-0.0,-0.0,0.0,0.0
935270.125,-3075.0,1959.0,1959.0,-293.8500061035156,-0.0,0.0,-293.0,0.0,1.0,-3075.0,-0.0,-0.0,0.0,0.0
935280.126,-3075.0,1962.0,1962.0,-294.3000183105469,-0.0,0.0,-294.0,0.0,0.0,-3075.0,-0.0,-0.0,0.0,0.0
935290.127,-3075.0,1961.0,1961.0,-294.1500244140625,-0.0,0.0,-294.0,0.0,1.0,-3075.0,-0.0,-0.0,0.0,0.0
935300.128,-3075.0,1958.0,1958.0,-293.70001220703125,-0.0,0.0,-293.0,0.0,1.0,-3075.0,-0.0,-0.0,0.0,0.0
935310.921,-3075.0,1958.0,1958.0,-293.70001220703125,-0.0,0.0,-293.0,0.0,1.0,-3075.0,-0.0,-0.0,0.0,0.0
935321.125,-3075.0,1963.0,1963.0,-294.45001220703125,-0.0,0.0,-294.0,0.0,-2.0,-3075.0,-0.0,-0.0,0.0,0.0
935332.125,-3075.0,1959.0,1959.0,-293.8500061035156,-0.0,0.0,-293.0,0.0,-2.0,-3075.0,-0.0,-0.0,0.0,0.0
935342.126,-3075.0,1963.0,1963.0,-294.45001220703125,-0.0,0.0,-294.0,0.0,-1.0,-3075.0,-0.0,-0.0,0.0,0.0
935353.125,-3075.0,1964.0,1964.0,-294.6000061035156,-0.0,0.0,-294.0,0.0,-2.0,-3075.0,-0.0,-0.0,0.0,0.0
935364.125,-3075.0,1959.0,1959.0,-293.8500061035156,-0.0,0.0,-293.0,0.0,0.0,-3075.0,-0.0,-0.0,0.0,0.0
935374.126,-3075.0,1960.0,1960.0,-294.0,-0.0,0.0,-294.0,0.0,0.0,-3075.0,-0.0,-0.0,0.0,0.0
935385.125,-3075.0,1960.0,1960.0,-294.0,-0.0,0.0,-294.0,0.0,1.0,-3075.0,-0.0,-0.0,0.0,0.0
935395.126,-3075.0,1961.0,1961.0,-294.1500244140625,-0.0,0.0,-294.0,0.0,0.0,-3075.0,-0.0,-0.0,0.0,0.0
935406.121,-3075.0,1960.0,1960.0,-294.0,-0.0,0.0,-294.0,0.0,2.0,-3075.0,-0.0,-0.0,0.0,0.0
935417.125,-3075.0,1960.0,1960.0,-294.0,-0.0,0.0,-294.0,0.0,3.0,-3075.0,-0.0,-0.0,0.0,0.0
935427.126,-3075.0,1960.0,1960.0,-294.0,-0.0,0.0,-294.0,0.0,3.0,-3075.0,-0.0,-0.0,0.0,0.0
935438.125,-3075.0,1960.0,1960.0,-294.0,-0.0,0.0,-294.0,0.0,1.0,-3075.0,-0.0,-0.0,0.0,0.0
935448.125,-3075.0,1961.0,1961.0,-294.1500244140625,-0.0,0.0,-294.0,0.0,-2.0,-3075.0,-0.0,-0.0,0.0,0.0
935459.098,-3075.0,1962.0,1962.0,-294.3000183105469,-0.0,0.0,-294.0,0.0,0.0,-3075.0,-0.0,-0.0,0.0,0.0
935469.099,-3075.0,1962.0,1962.0,-294.3000183105469,-0.0,0.0,-294.0,0.0,0.0,-3075.0,-0.0,-0.0,0.0,0.0
935480.125,-3075.0,1963.0,1963.0,-294.45001220703125,-0.0,0.0,-294.0,0.0,2.0,-3075.0,-0.0,-0.0,0.0,0.0
935491.351,-3075.0,1960.0,1960.0,-294.0,-0.0,0.0,-294.0,0.0,2.0,-3075.0,-0.0,-0.0,0.0,0.0
935501.351,-3075.0,1960.0,1960.0,-294.0,-0.0,0.0,-294.0,0.0,2.0,-3075.0,-0.0,-0.0,0.0,0.0
935512.125,-3075.0,1962.0,1962.0,-294.3000183105469,-0.0,0.0,-294.0,0.0,0.0,-3075.0,-0.0,-0.0,0.0,0.0
935523.125,-3075.0,1961.0,1961.0,-294.1500244140625,-0.0,0.0,-294.0,0.0,1.0,-3075.0,-0.0,-0.0,0.0,0.0
935533.125,-3075.0,1962.0,1962.0,-294.3000183105469,-0.0,0.0,-294.0,0.0,1.0,-3075.0,-0.0,-0.0,0.0,0.0
935544.125,-3075.0,1960.0,1960.0,-294.0,-0.0,0.0,-294.0,0.0,0.0,-3075.0,-0.0,-0.0,0.0,0.0
935554.126,-3075.0,1963.0,1963.0,-294.45001220703125,-0.0,0.0,-294.0,0.0,0.0,-3075.0,-0.0,-0.0,0.0,0.0
935564.214,-3075.0,1959.0,1959.0,-293.8500061035156,-0.0,0.0,-293.0,0.0,2.0,-3075.0,-0.0,-0.0,0.0,0.0
935574.214,-3075.0,1960.0,1960.0,-294.0,-0.0,0.0,-294.0,0.0,3.0,-3075.0,-0.0,-0.0,0.0,0.0
935585.125,-3075.0,1961.0,1961.0,-294.1500244140625,-0.0,0.0,-294.0,0.0,4.0,-3075.0,-0.0,-0.0,0.0,0.0
935595.674,-3075.0,1961.0,1961.0,-294.1500244140625,-0.0,0.0,-294.0,0.0,0.0,-3075.0,-0.0,-0.0,0.0,0.0
935606.125,-3075.0,1960.0,1960.0,-294.0,-0.0,0.0,-294.0,0.0,-2.0,-3075.0,-0.0,-0.0,0.0,0.0
935617.125,-3075.0,1960.0,1960.0,-294.0,-0.0,0.0,-294.0,0.0,-1.0,-3075.0,-0.0,-0.0,0.0,0.0
935627.569,-3075.0,1961.0,1961.0,-294.1500244140625,-0.0,0.0,-294.0,0.0,0.0,-3075.0,-0.0,-0.0,0.0,0.0
935638.125,-3075.0,1961.0,1961.0,-294.1500244140625,-0.0,0.0,-294.0,0.0,0.0,-3075.0,-0.0,-0.0,0.0,0.0
935649.125,-3075.0,1961.0,1961.0,-294.1500244140625,-0.0,0.0,-294.0,0.0,2.0,-3075.0,-0.0,-0.0,0.0,0.0
935659.129,-3075.0,1962.0,1962.0,-294.3000183105469,-0.0,0.0,-294.0,0.0,0.0,-3075.0,-0.0,-0.0,0.0,0.0
935669.223,-3075.0,1961.0,1961.0,-294.1500244140625,-0.0,0.0,-294.0,0.0,0.0,-3075.0,-0.0,-0.0,0.0,0.0
935680.125,-3075.0,1962.0,1962.0,-294.3000183105469,-0.0,0.0,-294.0,0.0,2.0,-3075.0,-0.0,-0.0,0.0,0.0
935690.126,-3075.0,1962.0,1962.0,-294.3000183105469,-0.0,0.0,-294.0,0.0,2.0,-3075.0,-0.0,-0.0,0.0,0.0
935700.401,-3075.0,1959.0,1959.0,-293.8500061035156,-0.0,0.0,-293.0,0.0,3.0,-3075.0,-0.0,-0.0,0.0,0.0
935710.402,-3075.0,1961.0,1961.0,-294.1500244140625,-0.0,0.0,-294.0,0.0,-2.0,-3075.0,-0.0,-0.0,0.0,0.0
935720.402,-3075.0,1964.0,1964.0,-294.6000061035156,-0.0,0.0,-294.0,0.0,1.0,-3075.0,-0.0,-0.0,0.0,0.0
935731.125,-3075.0,1963.0,1963.0,-294.45001220703125,-0.0,0.0,-294.0,0.0,-2.0,-3075.0,-0.0,-0.0,0.0,0.0
935741.125,-3075.0,1962.0,1962.0,-294.3000183105469,-0.0,0.0,-294.0,0.0,2.0,-3075.0,-0.0,-0.0,0.0,0.0
935752.125,-3075.0,1962.0,1962.0,-294.3000183105469,-0.0,0.0,-294.0,0.0,2.0,-3075.0,-0.0,-0.0,0.0,0.0
935763.125,-3075.0,1963.0,1963.0,-294.45001220703125,-0.0,0.0,-294.0,0.0,0.0,-3075.0,-0.0,-0.0,0.0,0.0
935774.126,-3075.0,1959.0,1959.0,-293.8500061035156,-0.0,0.0,-293.0,0.0,5.0,-3075.0,-0.0,-0.0,0.0,0.0
935784.127,-3075.0,1961.0,1961.0,-294.1500244140625,-0.0,0.0,-294.0,0.0,1.0,-3075.0,-0.0,-0.0,0.0,0.0
935795.125,-3075.0,1960.0,1960.0,-294.0,-0.0,0.0,-294.0,0.0,-1.0,-3075.0,-0.0,-0.0,0.0,0.0
935805.125,-3075.0,1960.0,1960.0,-294.0,-0.0,0.0,-294.0,0.0,-1.0,-3075.0,-0.0,-0.0,0.0,0.0
935816.126,-3075.0,1963.0,1963.0,-294.45001220703125,-0.0,0.0,-294.0,0.0,1.0,-3075.0,-0.0,-0.0,0.0,0.0
935826.127,-3075.0,1966.0,1966.0,-294.9000244140625,-0.0,0.0,-294.0,0.0,3.0,-3075.0,-0.0,-0.0,0.0,0.0
935837.125,-3075.0,1960.0,1960.0,-294.0,-0.0,0.0,-294.0,0.0,1.0,-3075.0,-0.0,-0.0,0.0,0.0
935847.22,-3075.0,1960.0,1960.0,-294.0,-0.0,0.0,-294.0,0.0,1.0,-3075.0,-0.0,-0.0,0.0,0.0
935857.22,-3075.0,1961.0,1961.0,-294.1500244140625,-0.0,0.0,-294.0,0.0,1.0,-3075.0,-0.0,-0.0,0.0,0.0
935867.22,-3075.0,1962.0,1962.0,-294.3000183105469,-0.0,0.0,-294.0,0.0,2.0,-3075.0,-0.0,-0.0,0.0,0.0
935877.22,-3075.0,1962.0,1962.0,-294.3000183105469,-0.0,0.0,-294.0,0.0,2.0,-3075.0,-0.0,-0.0,0.0,0.0
935888.125,-3075.0,1962.0,1962.0,-294.3000183105469,-0.0,0.0,-294.0,0.0,1.0,-3075.0,-0.0,-0.0,0.0,0.0
935898.126,-3075.0,1960.0,1960.0,-294.0,-0.0,0.0,-294.0,0.0,-2.0,-3075.0,-0.0,-0.0,0.0,0.0
935908.769,-3075.0,1961.0,1961.0,-294.1500244140625,-0.0,0.0,-294.0,0.0,2.0,-3075.0,-0.0,-0.0,0.0,0.0
935918.769,-3075.0,1960.0,1960.0,-294.0,-0.0,0.0,-294.0,0.0,-1.0,-3075.0,-0.0,-0.0,0.0,0.0
935928.769,-3075.0,1963.0,1963.0,-294.45001220703125,-0.0,0.0,-294.0,0.0,2.0,-3075.0,-0.0,-0.0,0.0,0.0
935939.125,-3075.0,1963.0,1963.0,-294.45001220703125,-0.0,0.0,-294.0,0.0,2.0,-3075.0,-0.0,-0.0,0.0,0.0
935950.125,-3075.0,1963.0,1963.0,-294.45001220703125,-0.0,0.0,-294.0,0.0,-6.0,-3075.0,-0.0,-0.0,0.0,0.0
935960.126,-3075.0,1959.0,1959.0,-293.8500061035156,-0.0,0.0,-293.0,0.0,3.0,-3075.0,-0.0,-0.0,0.0,0.0
935970.126,-3075.0,1960.0,1960.0,-294.0,-0.0,0.0,-294.0,0.0,2.0,-3075.0,-0.0,-0.0,0.0,0.0
935981.125,-3075.0,1959.0,1959.0,-293.8500061035156,-0.0,0.0,-293.0,0.0,2.0,-3075.0,-0.0,-0.0,0.0,0.0
935991.126,-3075.0,1959.0,1959.0,-293.8500061035156,-0.0,0.0,-293.0,0.0,3.0,-3075.0,-0.0,-0.0,0.0,0.0
936001.869,-3075.0,1960.0,1960.0,-294.0,-0.0,0.0,-294.0,0.0,-1.0,-3075.0,-0.0,-0.0,0.0,0.0
936011.869,-3075.0,1963.0,1963.0,-294.45001220703125,-0.0,0.0,-294.0,0.0,2.0,-3075.0,-0.0,-0.0,0.0,0.0
936021.87,-3075.0,1961.0,1961.0,-294.1500244140625,-0.0,0.0,-294.0,0.0,-1.0,-3075.0,-0.0,-0.0,0.0,0.0
936031.871,-3075.0,1960.0,1960.0,-294.0,-0.0,0.0,-294.0,0.0,0.0,-3075.0,-0.0,-0.0,0.0,0.0
936041.872,-3075.0,1960.0,1960.0,-294.0,-0.0,0.0,-294.0,0.0,3.0,-3075.0,-0.0,-0.0,0.0,0.0
936052.125,-3075.0,1960.0,1960.0,-294.0,-0.0,0.0,-294.0,0.0,2.0,-3075.0,-0.0,-0.0,0.0,0.0
936062.69,-3075.0,1959.0,1959.0,-293.8500061035156,-0.0,0.0,-293.0,0.0,0.0,-3075.0,-0.0,-0.0,0.0,0.0
936073.125,-3075.0,1962.0,1962.0,-294.3000183105469,-0.0,0.0,-294.0,0.0,-2.0,-3075.0,-0.0,-0.0,0.0,0.0
936084.125,-3075.0,1961.0,1961.0,-294.1500244140625,-0.0,0.0,-294.0,0.0,3.0,-3075.0,-0.0,-0.0,0.0,0.0
936094.126,-3075.0,1962.0,1962.0,-294.3000183105469,-0.0,0.0,-294.0,0.0,2.0,-3075.0,-0.0,-0.0,0.0,0.0
936105.125,-3075.0,1961.0,1961.0,-294.1500244140625,-0.0,0.0,-294.0,0.0,2.0,-3075.0,-0.0,-0.0,0.0,0.0
936115.125,-3075.0,1960.0,1960.0,-294.0,-0.0,0.0,-294.0,0.0,0.0,-3075.0,-0.0,-0.0,0.0,0.0
936126.126,-3075.0,1961.0,1961.0,-294.1500244140625,-0.0,0.0,-294.0,0.0,1.0,-3075.0,-0.0,-0.0,0.0,0.0
936136.126,-3075.0,1964.0,1964.0,-294.6000061035156,-0.0,0.0,-294.0,0.0,0.0,-3075.0,-0.0,-0.0,0.0,0.0
936147.125,-3075.0,1961.0,1961.0,-294.1500244140625,-0.0,0.0,-294.0,0.0,0.0,-3075.0,-0.0,-0.0,0.0,0.0
936157.873,-3075.0,1961.0,1961.0,-294.1500244140625,-0.0,0.0,-294.0,0.0,0.0,-3075.0,-0.0,-0.0,0.0,0.0
936168.125,-3075.0,1961.0,1961.0,-294.1500244140625,-0.0,0.0,-294.0,0.0,0.0,-3075.0,-0.0,-0.0,0.0,0.0
936178.126,-3075.0,1961.0,1961.0,-294.1500244140625,-0.0,0.0,-294.0,0.0,0.0,-3075.0,-0.0,-0.0,0.0,0.0
936188.126,-3075.0,1963.0,1963.0,-294.45001220703125,-0.0,0.0,-294.0,0.0,-2.0,-3075.0,-0.0,-0.0,0.0,0.0
936198.126,-3075.0,1963.0,1963.0,-294.45001220703125,-0.0,0.0,-294.0,0.0,-1.0,-3075.0,-0.0,-0.0,0.0,0.0
936209.125,-3075.0,1962.0,1962.0,-294.3000183105469,-0.0,0.0,-294.0,0.0,1.0,-3075.0,-0.0,-0.0,0.0,0.0
936219.125,-3075.0,1963.0,1963.0,-294.45001220703125,-0.0,0.0,-294.0,0.0,1.0,-3075.0,-0.0,-0.0,0.0,0.0
936229.126,-3075.0,1961.0,1961.0,-294.1500244140625,-0.0,0.0,-294.0,0.0,-1.0,-3075.0,-0.0,-0.0,0.0,0.0
936239.126,-3075.0,1961.0,1961.0,-294.1500244140625,-0.0,0.0,-294.0,0.0,3.0,-3075.0,-0.0,-0.0,0.0,0.0
936249.126,-3075.0,1959.0,1959.0,-293.8500061035156,-0.0,0.0,-293.0,0.0,-1.0,-3075.0,-0.0,-0.0,0.0,0.0
936259.127,-3075.0,1958.0,1958.0,-293.70001220703125,-0.0,0.0,-293.0,0.0,0.0,-3075.0,-0.0,-0.0,0.0,0.0
936270.125,-3075.0,1963.0,1963.0,-294.45001220703125,-0.0,0.0,-294.0,0.0,3.0,-3075.0,-0.0,-0.0,0.0,0.0
936280.126,-3075.0,1960.0,1960.0,-294.0,-0.0,0.0,-294.0,0.0,0.0,-3075.0,-0.0,-0.0,0.0,0.0
936290.126,-3075.0,1964.0,1964.0,-294.6000061035156,-0.0,0.0,-294.0,0.0,0.0,-3075.0,-0.0,-0.0,0.0,0.0
936301.125,-3075.0,1963.0,1963.0,-294.45001220703125,-0.0,0.0,-294.0,0.0,2.0,-3075.0,-0.0,-0.0,0.0,0.0
936312.125,-3075.0,1963.0,1963.0,-294.45001220703125,-0.0,0.0,-294.0,0.0,2.0,-3075.0,-0.0,-0.0,0.0,0.0
936322.126,-3075.0,1962.0,1962.0,-294.3000183105469,-0.0,0.0,-294.0,0.0,1.0,-3075.0,-0.0,-0.0,0.0,0.0
936332.127,-3075.0,1963.0,1963.0,-294.45001220703125,-0.0,0.0,-294.0,0.0,-2.0,-3075.0,-0.0,-0.0,0.0,0.0
936342.128,-3075.0,1961.0,1961.0,-294.1500244140625,-0.0,0.0,-294.0,0.0,4.0,-3075.0,-0.0,-0.0,0.0,0.0
936352.129,-3075.0,1962.0,1962.0,-294.3000183105469,-0.0,0.0,-294.0,0.0,2.0,-3075.0,-0.0,-0.0,0.0,0.0
936362.13,-3075.0,1959.0,1959.0,-293.8500061035156,-0.0,0.0,-293.0,0.0,3.0,-3075.0,-0.0,-0.0,0.0,0.0
936373.125,-3075.0,1963.0,1963.0,-294.45001220703125,-0.0,0.0,-294.0,0.0,3.0,-3075.0,-0.0,-0.0,0.0,0.0
936383.473,-3075.0,1962.0,1962.0,-294.3000183105469,-0.0,0.0,-294.0,0.0,2.0,-3075.0,-0.0,-0.0,0.0,0.0
936393.473,-3075.0,1961.0,1961.0,-294.1500244140625,-0.0,0.0,-294.0,0.0,2.0,-3075.0,-0.0,-0.0,0.0,0.0
936403.474,-3075.0,1961.0,1961.0,-294.1500244140625,-0.0,0.0,-294.0,0.0,2.0,-3075.0,-0.0,-0.0,0.0,0.0
936413.475,-3075.0,1959.0,1959.0,-293.8500061035156,-0.0,0.0,-293.0,0.0,-1.0,-3075.0,-0.0,-0.0,0.0,0.0
936423.488,-3075.0,1960.0,1960.0,-294.0,-0.0,0.0,-294.0,0.0,1.0,-3075.0,-0.0,-0.0,0.0,0.0
936434.125,-3075.0,1962.0,1962.0,-294.3000183105469,-0.0,0.0,-294.0,0.0,1.0,-3075.0,-0.0,-0.0,0.0,0.0
936445.125,-3075.0,1962.0,1962.0,-294.3000183105469,-0.0,0.0,-294.0,0.0,1.0,-3075.0,-0.0,-0.0,0.0,0.0
936456.125,-3075.0,1961.0,1961.0,-294.1500244140625,-0.0,0.0,-294.0,0.0,1.0,-3075.0,-0.0,-0.0,0.0,0.0
936466.126,-3075.0,1958.0,1958.0,-293.70001220703125,-0.0,0.0,-293.0,0.0,2.0,-3075.0,-0.0,-0.0,0.0,0.0
936476.126,-3075.0,1960.0,1960.0,-294.0,-0.0,0.0,-294.0,0.0,-2.0,-3075.0,-0.0,-0.0,0.0,0.0
936486.126,-3075.0,1960.0,1960.0,-294.0,-0.0,0.0,-294.0,0.0,-2.0,-3075.0,-0.0,-0.0,0.0,0.0
936497.125,-3075.0,1961.0,1961.0,-294.1500244140625,-0.0,0.0,-294.0,0.0,2.0,-3075.0,-0.0,-0.0,0.0,0.0
936507.126,-3075.0,1961.0,1961.0,-294.1500244140625,-0.0,0.0,-294.0,0.0,2.0,-3075.0,-0.0,-0.0,0.0,0.0
936518.335,-3075.0,1963.0,1963.0,-294.45001220703125,-0.0,0.0,-294.0,0.0,-1.0,-3075.0,-0.0,-0.0,0.0,0.0
936528.336,-3075.0,1961.0,1961.0,-294.1500244140625,-0.0,0.0,-294.0,0.0,1.0,-3075.0,-0.0,-0.0,0.0,0.0
936538.337,-3075.0,1960.0,1960.0,-294.0,-0.0,0.0,-294.0,0.0,1.0,-3075.0,-0.0,-0.0,0.0,0.0
936549.125,-3075.0,1960.0,1960.0,-294.0,-0.0,0.0,-294.0,0.0,1.0,-3075.0,-0.0,-0.0,0.0,0.0
936559.126,-3075.0,1961.0,1961.0,-294.1500244140625,-0.0,0.0,-294.0,0.0,0.0,-3075.0,-0.0,-0.0,0.0,0.0
936569.127,-3075.0,1963.0,1963.0,-294.45001220703125,-0.0,0.0,-294.0,0.0,2.0,-3075.0,-0.0,-0.0,0.0,0.0
936579.128,-3075.0,1959.0,1959.0,-293.8500061035156,-0.0,0.0,-293.0,0.0,3.0,-3075.0,-0.0,-0.0,0.0,0.0
936589.129,-3075.0,1960.0,1960.0,-294.0,-0.0,0.0,-294.0,0.0,3.0,-3075.0,-0.0,-0.0,0.0,0.0
936600.125,-3075.0,1959.0,1959.0,-293.8500061035156,-0.0,0.0,-293.0,0.0,-1.0,-3075.0,-0.0,-0.0,0.0,0.0
936610.126,-3075.0,1963.0,1963.0,-294.45001220703125,-0.0,0.0,-294.0,0.0,3.0,-3075.0,-0.0,-0.0,0.0,0.0
936620.126,-3075.0,1965.0,1965.0,-294.75,-0.0,0.0,-294.0,0.0,3.0,-3075.0,-0.0,-0.0,0.0,0.0
936630.145,-3075.0,1963.0,1963.0,-294.45001220703125,-0.0,0.0,-294.0,0.0,2.0,-3075.0,-0.0,-0.0,0.0,0.0
936640.565,-3075.0,1961.0,1961.0,-294.1500244140625,-0.0,0.0,-294.0,0.0,3.0,-3075.0,-0.0,-0.0,0.0,0.0
936651.125,-3075.0,1962.0,1962.0,-294.3000183105469,-0.0,0.0,-294.0,0.0,8.0,-3075.0,-0.0,-0.0,0.0,0.0
936662.125,-3075.0,1961.0,1961.0,-294.1500244140625,-0.0,0.0,-294.0,0.0,4.0,-3075.0,-0.0,-0.0,0.0,0.0
936672.126,-3075.0,1962.0,1962.0,-294.3000183105469,-0.0,0.0,-294.0,0.0,1.0,-3075.0,-0.0,-0.0,0.0,0.0
936682.126,-3075.0,1964.0,1964.0,-294.6000061035156,-0.0,0.0,-294.0,0.0,0.0,-3075.0,-0.0,-0.0,0.0,0.0
936693.125,-3075.0,1960.0,1960.0,-294.0,-0.0,0.0,-294.0,0.0,1.0,-3075.0,-0.0,-0.0,0.0,0.0
936704.125,-3075.0,1961.0,1961.0,-294.1500244140625,-0.0,0.0,-294.0,0.0,6.0,-3075.0,-0.0,-0.0,0.0,0.0
936714.126,-3075.0,1960.0,1960.0,-294.0,-0.0,0.0,-294.0,0.0,0.0,-3075.0,-0.0,-0.0,0.0,0.0
936724.994,-3075.0,1963.0,1963.0,-294.45001220703125,-0.0,0.0,-294.0,0.0,1.0,-3075.0,-0.0,-0.0,0.0,0.0
936734.994,-3075.0,1961.0,1961.0,-294.1500244140625,-0.0,0.0,-294.0,0.0,3.0,-3075.0,-0.0,-0.0,0.0,0.0
936744.994,-3075.0,1961.0,1961.0,-294.1500244140625,-0.0,0.0,-294.0,0.0,3.0,-3075.0,-0.0,-0.0,0.0,0.0
936755.125,-3075.0,1960.0,1960.0,-294.0,-0.0,0.0,-294.0,0.0,-1.0,-3075.0,-0.0,-0.0,0.0,0.0
936765.126,-3075.0,1960.0,1960.0,-294.0,-0.0,0.0,-294.0,0.0,1.0,-3075.0,-0.0,-0.0,0.0,0.0
936776.125,-3075.0,1960.0,1960.0,-294.0,-0.0,0.0,-294.0,0.0,1.0,-3075.0,-0.0,-0.0,0.0,0.0
936787.125,-3075.0,1963.0,1963.0,-294.45001220703125,-0.0,0.0,-294.0,0.0,0.0,-3075.0,-0.0,-0.0,0.0,0.0
936797.125,-3075.0,1963.0,1963.0,-294.45001220703125,-0.0,0.0,-294.0,0.0,0.0,-3075.0,-0.0,-0.0,0.0,0.0
936807.125,-3075.0,1958.0,1958.0,-293.70001220703125,-0.0,0.0,-293.0,0.0,-1.0,-3075.0,-0.0,-0.0,0.0,0.0

PID Parameters
Axis,P,I,D,LPF,Windup
"['Set Angle X', 0.0, 0.0, 0.0, 0.0, 0.0]"
"['Set Angle Y', 0.0, 0.0, 0.0, 0.0, 0.0]"
"['Set PWM X', 150.0, 0.0, 0.0, 0.0, 0.0]"
"['Set PWM Y', 0.0, 0.0, 0.0, 0.0, 0.0]"
