Timestamp (ms),carriageXPosition,pendulumXAngle,xAngleError,xPWMp,xPWMi,xPWMd,xPWMout,xPWM,pendulumYAngle,xPositionError,angleXp,angleXi,angleXd,setAngleXOut
855594.029,-3050.0,2168.0,2168.0,-173.44000244140625,-0.0,0.0,-173.0,0.0,-14.0,0.0,-0.0,-0.0,0.0,0.0
855595.034,-3050.0,2168.0,2168.0,-173.44000244140625,-0.0,0.0,-173.0,0.0,-14.0,0.0,-0.0,-0.0,0.0,0.0
855596.039,-3050.0,2168.0,2168.0,-173.44000244140625,-0.0,0.0,-173.0,0.0,-14.0,0.0,-0.0,-0.0,0.0,0.0
855598.021,-3050.0,2168.0,2168.0,-173.44000244140625,-0.0,0.0,-173.0,0.0,-14.0,0.0,-0.0,-0.0,0.0,0.0
855600.021,-3050.0,2168.0,2168.0,-173.44000244140625,-0.0,0.0,-173.0,0.0,-14.0,0.0,-0.0,-0.0,0.0,0.0
855602.021,-3050.0,2168.0,2168.0,-173.44000244140625,-0.0,0.0,-173.0,0.0,-14.0,0.0,-0.0,-0.0,0.0,0.0
855604.021,-3050.0,2168.0,2168.0,-173.44000244140625,-0.0,0.0,-173.0,0.0,-14.0,0.0,-0.0,-0.0,0.0,0.0
855606.312,-3050.0,2168.0,2168.0,-173.44000244140625,-0.0,0.0,-173.0,0.0,-14.0,0.0,-0.0,-0.0,0.0,0.0
855608.029,-3050.0,2168.0,2168.0,-173.44000244140625,-0.0,0.0,-173.0,0.0,-14.0,0.0,-0.0,-0.0,0.0,0.0
855609.033,-3050.0,2168.0,2168.0,-173.44000244140625,-0.0,0.0,-173.0,0.0,-14.0,0.0,-0.0,-0.0,0.0,0.0
855611.022,-3050.0,2168.0,2168.0,-173.44000244140625,-0.0,0.0,-173.0,0.0,-14.0,0.0,-0.0,-0.0,0.0,0.0
855613.178,-3050.0,2168.0,2168.0,-173.44000244140625,-0.0,0.0,-173.0,0.0,-14.0,0.0,-0.0,-0.0,0.0,0.0
855615.021,-3050.0,2168.0,2168.0,-173.44000244140625,-0.0,0.0,-173.0,0.0,-14.0,0.0,-0.0,-0.0,0.0,0.0
855617.021,-3050.0,2168.0,2168.0,-173.44000244140625,-0.0,0.0,-173.0,0.0,-14.0,0.0,-0.0,-0.0,0.0,0.0
855619.276,-3050.0,2168.0,2168.0,-173.44000244140625,-0.0,0.0,-173.0,0.0,-14.0,0.0,-0.0,-0.0,0.0,0.0
855621.033,-3050.0,2168.0,2168.0,-173.44000244140625,-0.0,0.0,-173.0,0.0,-14.0,0.0,-0.0,-0.0,0.0,0.0
855622.037,-3050.0,2168.0,2168.0,-173.44000244140625,-0.0,0.0,-173.0,0.0,-14.0,0.0,-0.0,-0.0,0.0,0.0
855623.187,-3050.0,2168.0,2168.0,-173.44000244140625,-0.0,0.0,-173.0,0.0,-14.0,0.0,-0.0,-0.0,0.0,0.0
855625.021,-3050.0,2168.0,2168.0,-173.44000244140625,-0.0,0.0,-173.0,0.0,-14.0,0.0,-0.0,-0.0,0.0,0.0
855627.021,-3050.0,2168.0,2168.0,-173.44000244140625,-0.0,0.0,-173.0,0.0,-14.0,0.0,-0.0,-0.0,0.0,0.0
855629.022,-3050.0,2168.0,2168.0,-173.44000244140625,-0.0,0.0,-173.0,0.0,-14.0,0.0,-0.0,-0.0,0.0,0.0
855631.021,-3050.0,2168.0,2168.0,-173.44000244140625,-0.0,0.0,-173.0,0.0,-14.0,0.0,-0.0,-0.0,0.0,0.0
855633.374,-3050.0,2168.0,2168.0,-173.44000244140625,-0.0,0.0,-173.0,0.0,-14.0,0.0,-0.0,-0.0,0.0,0.0
855635.029,-3050.0,2168.0,2168.0,-173.44000244140625,-0.0,0.0,-173.0,0.0,-14.0,0.0,-0.0,-0.0,0.0,0.0
855637.029,-3050.0,2168.0,2168.0,-173.44000244140625,-0.0,0.0,-173.0,0.0,-14.0,0.0,-0.0,-0.0,0.0,0.0
855639.022,-3050.0,2168.0,2168.0,-173.44000244140625,-0.0,0.0,-173.0,0.0,-14.0,0.0,-0.0,-0.0,0.0,0.0
855641.021,-3050.0,2168.0,2168.0,-173.44000244140625,-0.0,0.0,-173.0,0.0,-14.0,0.0,-0.0,-0.0,0.0,0.0
855643.178,-3050.0,2168.0,2168.0,-173.44000244140625,-0.0,0.0,-173.0,0.0,-14.0,0.0,-0.0,-0.0,0.0,0.0
855645.021,-3050.0,2168.0,2168.0,-173.44000244140625,-0.0,0.0,-173.0,0.0,-14.0,0.0,-0.0,-0.0,0.0,0.0
855646.033,-3050.0,2168.0,2168.0,-173.44000244140625,-0.0,0.0,-173.0,0.0,-14.0,0.0,-0.0,-0.0,0.0,0.0
855647.037,-3050.0,2168.0,2168.0,-173.44000244140625,-0.0,0.0,-173.0,0.0,-14.0,0.0,-0.0,-0.0,0.0,0.0
855649.029,-3050.0,2168.0,2168.0,-173.44000244140625,-0.0,0.0,-173.0,0.0,-14.0,0.0,-0.0,-0.0,0.0,0.0
855651.021,-3050.0,2168.0,2168.0,-173.44000244140625,-0.0,0.0,-173.0,0.0,-14.0,0.0,-0.0,-0.0,0.0,0.0
855653.179,-3050.0,2168.0,2168.0,-173.44000244140625,-0.0,0.0,-173.0,0.0,-14.0,0.0,-0.0,-0.0,0.0,0.0
855655.021,-3050.0,2168.0,2168.0,-173.44000244140625,-0.0,0.0,-173.0,0.0,-14.0,0.0,-0.0,-0.0,0.0,0.0
855657.021,-3050.0,2168.0,2168.0,-173.44000244140625,-0.0,0.0,-173.0,0.0,-14.0,0.0,-0.0,-0.0,0.0,0.0
855659.983,-3050.0,2168.0,2168.0,-173.44000244140625,-0.0,0.0,-173.0,0.0,-14.0,0.0,-0.0,-0.0,0.0,0.0
855661.021,-3050.0,2168.0,2168.0,-173.44000244140625,-0.0,0.0,-173.0,0.0,-14.0,0.0,-0.0,-0.0,0.0,0.0
855662.034,-3050.0,2168.0,2168.0,-173.44000244140625,-0.0,0.0,-173.0,0.0,-14.0,0.0,-0.0,-0.0,0.0,0.0
855663.192,-3050.0,2168.0,2168.0,-173.44000244140625,-0.0,0.0,-173.0,0.0,-14.0,0.0,-0.0,-0.0,0.0,0.0
855665.021,-3050.0,2168.0,2168.0,-173.44000244140625,-0.0,0.0,-173.0,0.0,-14.0,0.0,-0.0,-0.0,0.0,0.0
855667.021,-3050.0,2168.0,2168.0,-173.44000244140625,-0.0,0.0,-173.0,0.0,-14.0,0.0,-0.0,-0.0,0.0,0.0
855669.021,-3050.0,2168.0,2168.0,-173.44000244140625,-0.0,0.0,-173.0,0.0,-14.0,0.0,-0.0,-0.0,0.0,0.0
855671.021,-3050.0,2168.0,2168.0,-173.44000244140625,-0.0,0.0,-173.0,0.0,-14.0,0.0,-0.0,-0.0,0.0,0.0
855673.128,-3050.0,2168.0,2168.0,-173.44000244140625,-0.0,0.0,-173.0,0.0,-14.0,0.0,-0.0,-0.0,0.0,0.0
855675.021,-3050.0,2168.0,2168.0,-173.44000244140625,-0.0,0.0,-173.0,0.0,-14.0,0.0,-0.0,-0.0,0.0,0.0
855676.665,-3050.0,2168.0,2168.0,-173.44000244140625,-0.0,0.0,-173.0,0.0,-14.0,0.0,-0.0,-0.0,0.0,0.0
855677.678,-3050.0,2168.0,2168.0,-173.44000244140625,-0.0,0.0,-173.0,0.0,-14.0,0.0,-0.0,-0.0,0.0,0.0
855678.762,-3050.0,2168.0,2168.0,-173.44000244140625,-0.0,0.0,-173.0,0.0,-14.0,0.0,-0.0,-0.0,0.0,0.0
855679.808,-3050.0,2168.0,2168.0,-173.44000244140625,-0.0,0.0,-173.0,0.0,-14.0,0.0,-0.0,-0.0,0.0,0.0
855680.898,-3050.0,2168.0,2168.0,-173.44000244140625,-0.0,0.0,-173.0,0.0,-14.0,0.0,-0.0,-0.0,0.0,0.0
855682.021,-3050.0,2168.0,2168.0,-173.44000244140625,-0.0,0.0,-173.0,0.0,-14.0,0.0,-0.0,-0.0,0.0,0.0
855684.021,-3050.0,2168.0,2168.0,-173.44000244140625,-0.0,0.0,-173.0,0.0,-14.0,0.0,-0.0,-0.0,0.0,0.0
855686.021,-3050.0,2168.0,2168.0,-173.44000244140625,-0.0,0.0,-173.0,0.0,-14.0,0.0,-0.0,-0.0,0.0,0.0
855688.022,-3050.0,2168.0,2168.0,-173.44000244140625,-0.0,0.0,-173.0,0.0,-14.0,0.0,-0.0,-0.0,0.0,0.0
855690.021,-3050.0,2168.0,2168.0,-173.44000244140625,-0.0,0.0,-173.0,0.0,-14.0,0.0,-0.0,-0.0,0.0,0.0
855691.604,-3050.0,2168.0,2168.0,-173.44000244140625,-0.0,0.0,-173.0,0.0,-14.0,0.0,-0.0,-0.0,0.0,0.0
855692.608,-3050.0,2168.0,2168.0,-173.44000244140625,-0.0,0.0,-173.0,0.0,-14.0,0.0,-0.0,-0.0,0.0,0.0
855693.743,-3050.0,2168.0,2168.0,-173.44000244140625,-0.0,0.0,-173.0,0.0,-14.0,0.0,-0.0,-0.0,0.0,0.0
855695.021,-3050.0,2168.0,2168.0,-173.44000244140625,-0.0,0.0,-173.0,0.0,-14.0,0.0,-0.0,-0.0,0.0,0.0
855697.021,-3050.0,2168.0,2168.0,-173.44000244140625,-0.0,0.0,-173.0,0.0,-14.0,0.0,-0.0,-0.0,0.0,0.0
855699.021,-3050.0,2168.0,2168.0,-173.44000244140625,-0.0,0.0,-173.0,0.0,-14.0,0.0,-0.0,-0.0,0.0,0.0
855701.021,-3050.0,2168.0,2168.0,-173.44000244140625,-0.0,0.0,-173.0,0.0,-14.0,0.0,-0.0,-0.0,0.0,0.0
855703.185,-3050.0,2168.0,2168.0,-173.44000244140625,-0.0,0.0,-173.0,0.0,-14.0,0.0,-0.0,-0.0,0.0,0.0
855704.41,-3050.0,2168.0,2168.0,-173.44000244140625,-0.0,0.0,-173.0,0.0,-14.0,0.0,-0.0,-0.0,0.0,0.0
855705.414,-3050.0,2168.0,2168.0,-173.44000244140625,-0.0,0.0,-173.0,0.0,-14.0,0.0,-0.0,-0.0,0.0,0.0
855706.495,-3050.0,2168.0,2168.0,-173.44000244140625,-0.0,0.0,-173.0,0.0,-14.0,0.0,-0.0,-0.0,0.0,0.0
855708.021,-3050.0,2168.0,2168.0,-173.44000244140625,-0.0,0.0,-173.0,0.0,-14.0,0.0,-0.0,-0.0,0.0,0.0
855710.021,-3050.0,2168.0,2168.0,-173.44000244140625,-0.0,0.0,-173.0,0.0,-14.0,0.0,-0.0,-0.0,0.0,0.0
855712.022,-3050.0,2168.0,2168.0,-173.44000244140625,-0.0,0.0,-173.0,0.0,-14.0,0.0,-0.0,-0.0,0.0,0.0
855714.021,-3050.0,2168.0,2168.0,-173.44000244140625,-0.0,0.0,-173.0,0.0,-14.0,0.0,-0.0,-0.0,0.0,0.0
855716.021,-3050.0,2168.0,2168.0,-173.44000244140625,-0.0,0.0,-173.0,0.0,-14.0,0.0,-0.0,-0.0,0.0,0.0
855717.529,-3050.0,2168.0,2168.0,-173.44000244140625,-0.0,0.0,-173.0,0.0,-14.0,0.0,-0.0,-0.0,0.0,0.0
855718.534,-3050.0,2168.0,2168.0,-173.44000244140625,-0.0,0.0,-173.0,0.0,-14.0,0.0,-0.0,-0.0,0.0,0.0
855719.584,-3050.0,2168.0,2168.0,-173.44000244140625,-0.0,0.0,-173.0,0.0,-14.0,0.0,-0.0,-0.0,0.0,0.0
855720.677,-3050.0,2168.0,2168.0,-173.44000244140625,-0.0,0.0,-173.0,0.0,-14.0,0.0,-0.0,-0.0,0.0,0.0
855722.021,-3050.0,2168.0,2168.0,-173.44000244140625,-0.0,0.0,-173.0,0.0,-14.0,0.0,-0.0,-0.0,0.0,0.0
855724.021,-3050.0,2168.0,2168.0,-173.44000244140625,-0.0,0.0,-173.0,0.0,-14.0,0.0,-0.0,-0.0,0.0,0.0
855726.021,-3050.0,2168.0,2168.0,-173.44000244140625,-0.0,0.0,-173.0,0.0,-14.0,0.0,-0.0,-0.0,0.0,0.0
855728.021,-3050.0,2168.0,2168.0,-173.44000244140625,-0.0,0.0,-173.0,0.0,-14.0,0.0,-0.0,-0.0,0.0,0.0
855730.021,-3050.0,2168.0,2168.0,-173.44000244140625,-0.0,0.0,-173.0,0.0,-14.0,0.0,-0.0,-0.0,0.0,0.0
855731.408,-3050.0,2168.0,2168.0,-173.44000244140625,-0.0,0.0,-173.0,0.0,-14.0,0.0,-0.0,-0.0,0.0,0.0
855732.463,-3050.0,2168.0,2168.0,-173.44000244140625,-0.0,0.0,-173.0,0.0,-14.0,0.0,-0.0,-0.0,0.0,0.0
855733.603,-3050.0,2168.0,2168.0,-173.44000244140625,-0.0,0.0,-173.0,0.0,-14.0,0.0,-0.0,-0.0,0.0,0.0
855735.021,-3050.0,2168.0,2168.0,-173.44000244140625,-0.0,0.0,-173.0,0.0,-14.0,0.0,-0.0,-0.0,0.0,0.0
855737.021,-3050.0,2168.0,2168.0,-173.44000244140625,-0.0,0.0,-173.0,0.0,-14.0,0.0,-0.0,-0.0,0.0,0.0
855739.021,-3050.0,2168.0,2168.0,-173.44000244140625,-0.0,0.0,-173.0,0.0,-14.0,0.0,-0.0,-0.0,0.0,0.0
855741.021,-3050.0,2168.0,2168.0,-173.44000244140625,-0.0,0.0,-173.0,0.0,-14.0,0.0,-0.0,-0.0,0.0,0.0
855743.179,-3050.0,2168.0,2168.0,-173.44000244140625,-0.0,0.0,-173.0,0.0,-14.0,0.0,-0.0,-0.0,0.0,0.0
855745.252,-3050.0,2168.0,2168.0,-173.44000244140625,-0.0,0.0,-173.0,0.0,-14.0,0.0,-0.0,-0.0,0.0,0.0
855747.033,-3050.0,2168.0,2168.0,-173.44000244140625,-0.0,0.0,-173.0,0.0,-14.0,0.0,-0.0,-0.0,0.0,0.0
855748.037,-3050.0,2168.0,2168.0,-173.44000244140625,-0.0,0.0,-173.0,0.0,-14.0,0.0,-0.0,-0.0,0.0,0.0
855749.041,-3050.0,2168.0,2168.0,-173.44000244140625,-0.0,0.0,-173.0,0.0,-14.0,0.0,-0.0,-0.0,0.0,0.0
855751.021,-3050.0,2168.0,2168.0,-173.44000244140625,-0.0,0.0,-173.0,0.0,-14.0,0.0,-0.0,-0.0,0.0,0.0
855753.179,-3050.0,2168.0,2168.0,-173.44000244140625,-0.0,0.0,-173.0,0.0,-14.0,0.0,-0.0,-0.0,0.0,0.0
855755.021,-3050.0,2168.0,2168.0,-173.44000244140625,-0.0,0.0,-173.0,0.0,-14.0,0.0,-0.0,-0.0,0.0,0.0
855757.021,-3050.0,2168.0,2168.0,-173.44000244140625,-0.0,0.0,-173.0,0.0,-14.0,0.0,-0.0,-0.0,0.0,0.0
855759.099,-3050.0,2168.0,2168.0,-173.44000244140625,-0.0,0.0,-173.0,0.0,-14.0,0.0,-0.0,-0.0,0.0,0.0
855761.129,-3050.0,2168.0,2168.0,-173.44000244140625,-0.0,0.0,-173.0,0.0,-14.0,0.0,-0.0,-0.0,0.0,0.0
855763.18,-3050.0,2168.0,2168.0,-173.44000244140625,-0.0,0.0,-173.0,0.0,-14.0,0.0,-0.0,-0.0,0.0,0.0
855765.021,-3050.0,2168.0,2168.0,-173.44000244140625,-0.0,0.0,-173.0,0.0,-14.0,0.0,-0.0,-0.0,0.0,0.0
855767.021,-3050.0,2168.0,2168.0,-173.44000244140625,-0.0,0.0,-173.0,0.0,-14.0,0.0,-0.0,-0.0,0.0,0.0
855769.021,-3050.0,2168.0,2168.0,-173.44000244140625,-0.0,0.0,-173.0,0.0,-14.0,0.0,-0.0,-0.0,0.0,0.0
855771.021,-3050.0,2168.0,2168.0,-173.44000244140625,-0.0,0.0,-173.0,0.0,-14.0,0.0,-0.0,-0.0,0.0,0.0
855772.034,-3050.0,2168.0,2168.0,-173.44000244140625,-0.0,0.0,-173.0,0.0,-14.0,0.0,-0.0,-0.0,0.0,0.0
855773.183,-3050.0,2168.0,2168.0,-173.44000244140625,-0.0,0.0,-173.0,0.0,-14.0,0.0,-0.0,-0.0,0.0,0.0
855774.997,-3050.0,2168.0,2168.0,-173.44000244140625,-0.0,0.0,-173.0,0.0,-14.0,0.0,-0.0,-0.0,0.0,0.0
855776.025,-3050.0,2168.0,2168.0,-173.44000244140625,-0.0,0.0,-173.0,0.0,-14.0,0.0,-0.0,-0.0,0.0,0.0
855778.021,-3050.0,2168.0,2168.0,-173.44000244140625,-0.0,0.0,-173.0,0.0,-14.0,0.0,-0.0,-0.0,0.0,0.0
855780.021,-3050.0,2168.0,2168.0,-173.44000244140625,-0.0,0.0,-173.0,0.0,-14.0,0.0,-0.0,-0.0,0.0,0.0
855782.021,-3050.0,2168.0,2168.0,-173.44000244140625,-0.0,0.0,-173.0,0.0,-14.0,0.0,-0.0,-0.0,0.0,0.0
855784.021,-3050.0,2168.0,2168.0,-173.44000244140625,-0.0,0.0,-173.0,0.0,-14.0,0.0,-0.0,-0.0,0.0,0.0
855785.823,-3050.0,2168.0,2168.0,-173.44000244140625,-0.0,0.0,-173.0,0.0,-14.0,0.0,-0.0,-0.0,0.0,0.0
855786.885,-3050.0,2168.0,2168.0,-173.44000244140625,-0.0,0.0,-173.0,0.0,-14.0,0.0,-0.0,-0.0,0.0,0.0
855788.155,-3050.0,2168.0,2168.0,-173.44000244140625,-0.0,0.0,-173.0,0.0,-14.0,0.0,-0.0,-0.0,0.0,0.0
855790.021,-3050.0,2168.0,2168.0,-173.44000244140625,-0.0,0.0,-173.0,0.0,-14.0,0.0,-0.0,-0.0,0.0,0.0
855792.021,-3050.0,2168.0,2168.0,-173.44000244140625,-0.0,0.0,-173.0,0.0,-14.0,0.0,-0.0,-0.0,0.0,0.0
855794.021,-3050.0,2168.0,2168.0,-173.44000244140625,-0.0,0.0,-173.0,0.0,-14.0,0.0,-0.0,-0.0,0.0,0.0
855796.022,-3050.0,2168.0,2168.0,-173.44000244140625,-0.0,0.0,-173.0,0.0,-14.0,0.0,-0.0,-0.0,0.0,0.0
855798.021,-3050.0,2168.0,2168.0,-173.44000244140625,-0.0,0.0,-173.0,0.0,-14.0,0.0,-0.0,-0.0,0.0,0.0
855799.033,-3050.0,2168.0,2168.0,-173.44000244140625,-0.0,0.0,-173.0,0.0,-14.0,0.0,-0.0,-0.0,0.0,0.0
855800.037,-3050.0,2168.0,2168.0,-173.44000244140625,-0.0,0.0,-173.0,0.0,-14.0,0.0,-0.0,-0.0,0.0,0.0
855801.041,-3050.0,2168.0,2168.0,-173.44000244140625,-0.0,0.0,-173.0,0.0,-14.0,0.0,-0.0,-0.0,0.0,0.0
855802.046,-3050.0,2168.0,2168.0,-173.44000244140625,-0.0,0.0,-173.0,0.0,-14.0,0.0,-0.0,-0.0,0.0,0.0
855804.021,-3050.0,2168.0,2168.0,-173.44000244140625,-0.0,0.0,-173.0,0.0,-14.0,0.0,-0.0,-0.0,0.0,0.0
855806.021,-3050.0,2168.0,2168.0,-173.44000244140625,-0.0,0.0,-173.0,0.0,-14.0,0.0,-0.0,-0.0,0.0,0.0
855808.021,-3050.0,2168.0,2168.0,-173.44000244140625,-0.0,0.0,-173.0,0.0,-14.0,0.0,-0.0,-0.0,0.0,0.0
855810.021,-3050.0,2168.0,2168.0,-173.44000244140625,-0.0,0.0,-173.0,0.0,-14.0,0.0,-0.0,-0.0,0.0,0.0
855812.021,-3050.0,2168.0,2168.0,-173.44000244140625,-0.0,0.0,-173.0,0.0,-14.0,0.0,-0.0,-0.0,0.0,0.0
855813.182,-3050.0,2168.0,2168.0,-173.44000244140625,-0.0,0.0,-173.0,0.0,-14.0,0.0,-0.0,-0.0,0.0,0.0
855814.186,-3050.0,2168.0,2168.0,-173.44000244140625,-0.0,0.0,-173.0,0.0,-14.0,0.0,-0.0,-0.0,0.0,0.0
855815.19,-3050.0,2168.0,2168.0,-173.44000244140625,-0.0,0.0,-173.0,0.0,-14.0,0.0,-0.0,-0.0,0.0,0.0
855817.021,-3050.0,2168.0,2168.0,-173.44000244140625,-0.0,0.0,-173.0,0.0,-14.0,0.0,-0.0,-0.0,0.0,0.0
855819.021,-3050.0,2168.0,2168.0,-173.44000244140625,-0.0,0.0,-173.0,0.0,-14.0,0.0,-0.0,-0.0,0.0,0.0
855821.021,-3050.0,2168.0,2168.0,-173.44000244140625,-0.0,0.0,-173.0,0.0,-14.0,0.0,-0.0,-0.0,0.0,0.0
855823.179,-3050.0,2168.0,2168.0,-173.44000244140625,-0.0,0.0,-173.0,0.0,-14.0,0.0,-0.0,-0.0,0.0,0.0
855825.021,-3050.0,2168.0,2168.0,-173.44000244140625,-0.0,0.0,-173.0,0.0,-14.0,0.0,-0.0,-0.0,0.0,0.0
855826.033,-3050.0,2168.0,2168.0,-173.44000244140625,-0.0,0.0,-173.0,0.0,-14.0,0.0,-0.0,-0.0,0.0,0.0
855827.037,-3050.0,2168.0,2168.0,-173.44000244140625,-0.0,0.0,-173.0,0.0,-14.0,0.0,-0.0,-0.0,0.0,0.0
855828.042,-3050.0,2168.0,2168.0,-173.44000244140625,-0.0,0.0,-173.0,0.0,-14.0,0.0,-0.0,-0.0,0.0,0.0
855830.021,-3050.0,2168.0,2168.0,-173.44000244140625,-0.0,0.0,-173.0,0.0,-14.0,0.0,-0.0,-0.0,0.0,0.0
855832.021,-3050.0,2168.0,2168.0,-173.44000244140625,-0.0,0.0,-173.0,0.0,-14.0,0.0,-0.0,-0.0,0.0,0.0
855834.021,-3050.0,2168.0,2168.0,-173.44000244140625,-0.0,0.0,-173.0,0.0,-14.0,0.0,-0.0,-0.0,0.0,0.0
855836.021,-3050.0,2168.0,2168.0,-173.44000244140625,-0.0,0.0,-173.0,0.0,-14.0,0.0,-0.0,-0.0,0.0,0.0
855838.22,-3050.0,2168.0,2168.0,-173.44000244140625,-0.0,0.0,-173.0,0.0,-14.0,0.0,-0.0,-0.0,0.0,0.0
855840.029,-3050.0,2168.0,2168.0,-173.44000244140625,-0.0,0.0,-173.0,0.0,-14.0,0.0,-0.0,-0.0,0.0,0.0
855842.198,-3050.0,2168.0,2168.0,-173.44000244140625,-0.0,0.0,-173.0,0.0,-14.0,0.0,-0.0,-0.0,0.0,0.0
855844.022,-3050.0,2168.0,2168.0,-173.44000244140625,-0.0,0.0,-173.0,0.0,-14.0,0.0,-0.0,-0.0,0.0,0.0
855846.021,-3050.0,2168.0,2168.0,-173.44000244140625,-0.0,0.0,-173.0,0.0,-14.0,0.0,-0.0,-0.0,0.0,0.0
855848.021,-3050.0,2168.0,2168.0,-173.44000244140625,-0.0,0.0,-173.0,0.0,-14.0,0.0,-0.0,-0.0,0.0,0.0
855850.021,-3050.0,2168.0,2168.0,-173.44000244140625,-0.0,0.0,-173.0,0.0,-14.0,0.0,-0.0,-0.0,0.0,0.0
855852.021,-3050.0,2168.0,2168.0,-173.44000244140625,-0.0,0.0,-173.0,0.0,-14.0,0.0,-0.0,-0.0,0.0,0.0
855854.021,-3050.0,2168.0,2168.0,-173.44000244140625,-0.0,0.0,-173.0,0.0,-14.0,0.0,-0.0,-0.0,0.0,0.0
855856.021,-3050.0,2168.0,2168.0,-173.44000244140625,-0.0,0.0,-173.0,0.0,-14.0,0.0,-0.0,-0.0,0.0,0.0
855857.742,-3050.0,2168.0,2168.0,-173.44000244140625,-0.0,0.0,-173.0,0.0,-14.0,0.0,-0.0,-0.0,0.0,0.0
855858.746,-3050.0,2168.0,2168.0,-173.44000244140625,-0.0,0.0,-173.0,0.0,-14.0,0.0,-0.0,-0.0,0.0,0.0
855859.805,-3050.0,2168.0,2168.0,-173.44000244140625,-0.0,0.0,-173.0,0.0,-14.0,0.0,-0.0,-0.0,0.0,0.0
855860.866,-3050.0,2168.0,2168.0,-173.44000244140625,-0.0,0.0,-173.0,0.0,-14.0,0.0,-0.0,-0.0,0.0,0.0
855861.964,-3050.0,2168.0,2168.0,-173.44000244140625,-0.0,0.0,-173.0,0.0,-14.0,0.0,-0.0,-0.0,0.0,0.0
855863.179,-3050.0,2168.0,2168.0,-173.44000244140625,-0.0,0.0,-173.0,0.0,-14.0,0.0,-0.0,-0.0,0.0,0.0
855865.021,-3050.0,2168.0,2168.0,-173.44000244140625,-0.0,0.0,-173.0,0.0,-14.0,0.0,-0.0,-0.0,0.0,0.0
855867.021,-3050.0,2168.0,2168.0,-173.44000244140625,-0.0,0.0,-173.0,0.0,-14.0,0.0,-0.0,-0.0,0.0,0.0
855869.021,-3050.0,2168.0,2168.0,-173.44000244140625,-0.0,0.0,-173.0,0.0,-14.0,0.0,-0.0,-0.0,0.0,0.0
855871.021,-3050.0,2168.0,2168.0,-173.44000244140625,-0.0,0.0,-173.0,0.0,-14.0,0.0,-0.0,-0.0,0.0,0.0
855872.749,-3050.0,2168.0,2168.0,-173.44000244140625,-0.0,0.0,-173.0,0.0,-14.0,0.0,-0.0,-0.0,0.0,0.0
855874.993,-3050.0,2168.0,2168.0,-173.44000244140625,-0.0,0.0,-173.0,0.0,-14.0,0.0,-0.0,-0.0,0.0,0.0
855876.021,-3050.0,2168.0,2168.0,-173.44000244140625,-0.0,0.0,-173.0,0.0,-14.0,0.0,-0.0,-0.0,0.0,0.0
855877.033,-3050.0,2168.0,2168.0,-173.44000244140625,-0.0,0.0,-173.0,0.0,-14.0,0.0,-0.0,-0.0,0.0,0.0
855879.021,-3050.0,2168.0,2168.0,-173.44000244140625,-0.0,0.0,-173.0,0.0,-14.0,0.0,-0.0,-0.0,0.0,0.0
855881.021,-3050.0,2168.0,2168.0,-173.44000244140625,-0.0,0.0,-173.0,0.0,-14.0,0.0,-0.0,-0.0,0.0,0.0
855883.179,-3050.0,2168.0,2168.0,-173.44000244140625,-0.0,0.0,-173.0,0.0,-14.0,0.0,-0.0,-0.0,0.0,0.0
855885.021,-3050.0,2168.0,2168.0,-173.44000244140625,-0.0,0.0,-173.0,0.0,-14.0,0.0,-0.0,-0.0,0.0,0.0
855887.021,-3050.0,2168.0,2168.0,-173.44000244140625,-0.0,0.0,-173.0,0.0,-14.0,0.0,-0.0,-0.0,0.0,0.0
855888.378,-3050.0,2168.0,2168.0,-173.44000244140625,-0.0,0.0,-173.0,0.0,-14.0,0.0,-0.0,-0.0,0.0,0.0
855889.382,-3050.0,2168.0,2168.0,-173.44000244140625,-0.0,0.0,-173.0,0.0,-14.0,0.0,-0.0,-0.0,0.0,0.0
855890.43,-3050.0,2168.0,2168.0,-173.44000244140625,-0.0,0.0,-173.0,0.0,-14.0,0.0,-0.0,-0.0,0.0,0.0
855892.021,-3050.0,2168.0,2168.0,-173.44000244140625,-0.0,0.0,-173.0,0.0,-14.0,0.0,-0.0,-0.0,0.0,0.0
855894.021,-3050.0,2168.0,2168.0,-173.44000244140625,-0.0,0.0,-173.0,0.0,-14.0,0.0,-0.0,-0.0,0.0,0.0
855896.021,-3050.0,2168.0,2168.0,-173.44000244140625,-0.0,0.0,-173.0,0.0,-14.0,0.0,-0.0,-0.0,0.0,0.0
855898.021,-3050.0,2168.0,2168.0,-173.44000244140625,-0.0,0.0,-173.0,0.0,-14.0,0.0,-0.0,-0.0,0.0,0.0
855900.021,-3050.0,2168.0,2168.0,-173.44000244140625,-0.0,0.0,-173.0,0.0,-14.0,0.0,-0.0,-0.0,0.0,0.0
855902.164,-3050.0,2168.0,2168.0,-173.44000244140625,-0.0,0.0,-173.0,0.0,-14.0,0.0,-0.0,-0.0,0.0,0.0
855904.03,-3050.0,2168.0,2168.0,-173.44000244140625,-0.0,0.0,-173.0,0.0,-14.0,0.0,-0.0,-0.0,0.0,0.0
855905.034,-3050.0,2168.0,2168.0,-173.44000244140625,-0.0,0.0,-173.0,0.0,-14.0,0.0,-0.0,-0.0,0.0,0.0
855907.021,-3050.0,2168.0,2168.0,-173.44000244140625,-0.0,0.0,-173.0,0.0,-14.0,0.0,-0.0,-0.0,0.0,0.0
855909.021,-3050.0,2168.0,2168.0,-173.44000244140625,-0.0,0.0,-173.0,0.0,-14.0,0.0,-0.0,-0.0,0.0,0.0
855911.021,-3050.0,2168.0,2168.0,-173.44000244140625,-0.0,0.0,-173.0,0.0,-14.0,0.0,-0.0,-0.0,0.0,0.0
855913.175,-3050.0,2168.0,2168.0,-173.44000244140625,-0.0,0.0,-173.0,0.0,-14.0,0.0,-0.0,-0.0,0.0,0.0
855915.144,-3050.0,2168.0,2168.0,-173.44000244140625,-0.0,0.0,-173.0,0.0,-14.0,0.0,-0.0,-0.0,0.0,0.0
855916.684,-3050.0,2168.0,2168.0,-173.44000244140625,-0.0,0.0,-173.0,0.0,-14.0,0.0,-0.0,-0.0,0.0,0.0
855917.906,-3050.0,2168.0,2168.0,-173.44000244140625,-0.0,0.0,-173.0,0.0,-14.0,0.0,-0.0,-0.0,0.0,0.0
855919.021,-3050.0,2168.0,2168.0,-173.44000244140625,-0.0,0.0,-173.0,0.0,-14.0,0.0,-0.0,-0.0,0.0,0.0
855921.021,-3050.0,2168.0,2168.0,-173.44000244140625,-0.0,0.0,-173.0,0.0,-14.0,0.0,-0.0,-0.0,0.0,0.0
855923.179,-3050.0,2168.0,2168.0,-173.44000244140625,-0.0,0.0,-173.0,0.0,-14.0,0.0,-0.0,-0.0,0.0,0.0
855925.021,-3050.0,2168.0,2168.0,-173.44000244140625,-0.0,0.0,-173.0,0.0,-14.0,0.0,-0.0,-0.0,0.0,0.0
855927.021,-3050.0,2168.0,2168.0,-173.44000244140625,-0.0,0.0,-173.0,0.0,-14.0,0.0,-0.0,-0.0,0.0,0.0
855928.642,-3050.0,2168.0,2168.0,-173.44000244140625,-0.0,0.0,-173.0,0.0,-14.0,0.0,-0.0,-0.0,0.0,0.0
855929.668,-3050.0,2168.0,2168.0,-173.44000244140625,-0.0,0.0,-173.0,0.0,-14.0,0.0,-0.0,-0.0,0.0,0.0
855930.773,-3050.0,2168.0,2168.0,-173.44000244140625,-0.0,0.0,-173.0,0.0,-14.0,0.0,-0.0,-0.0,0.0,0.0
855931.847,-3050.0,2168.0,2168.0,-173.44000244140625,-0.0,0.0,-173.0,0.0,-14.0,0.0,-0.0,-0.0,0.0,0.0
855933.178,-3050.0,2168.0,2168.0,-173.44000244140625,-0.0,0.0,-173.0,0.0,-14.0,0.0,-0.0,-0.0,0.0,0.0
855935.021,-3050.0,2168.0,2168.0,-173.44000244140625,-0.0,0.0,-173.0,0.0,-14.0,0.0,-0.0,-0.0,0.0,0.0
855937.021,-3050.0,2168.0,2168.0,-173.44000244140625,-0.0,0.0,-173.0,0.0,-14.0,0.0,-0.0,-0.0,0.0,0.0
855939.021,-3050.0,2168.0,2168.0,-173.44000244140625,-0.0,0.0,-173.0,0.0,-14.0,0.0,-0.0,-0.0,0.0,0.0
855941.021,-3050.0,2168.0,2168.0,-173.44000244140625,-0.0,0.0,-173.0,0.0,-14.0,0.0,-0.0,-0.0,0.0,0.0
855943.128,-3050.0,2168.0,2168.0,-173.44000244140625,-0.0,0.0,-173.0,0.0,-14.0,0.0,-0.0,-0.0,0.0,0.0
855944.132,-3050.0,2168.0,2168.0,-173.44000244140625,-0.0,0.0,-173.0,0.0,-14.0,0.0,-0.0,-0.0,0.0,0.0
855945.137,-3050.0,2168.0,2168.0,-173.44000244140625,-0.0,0.0,-173.0,0.0,-14.0,0.0,-0.0,-0.0,0.0,0.0
855946.141,-3050.0,2168.0,2168.0,-173.44000244140625,-0.0,0.0,-173.0,0.0,-14.0,0.0,-0.0,-0.0,0.0,0.0
855947.146,-3050.0,2168.0,2168.0,-173.44000244140625,-0.0,0.0,-173.0,0.0,-14.0,0.0,-0.0,-0.0,0.0,0.0
855949.021,-3050.0,2168.0,2168.0,-173.44000244140625,-0.0,0.0,-173.0,0.0,-14.0,0.0,-0.0,-0.0,0.0,0.0
855951.021,-3050.0,2168.0,2168.0,-173.44000244140625,-0.0,0.0,-173.0,0.0,-14.0,0.0,-0.0,-0.0,0.0,0.0
855953.18,-3050.0,2168.0,2168.0,-173.44000244140625,-0.0,0.0,-173.0,0.0,-14.0,0.0,-0.0,-0.0,0.0,0.0
855955.021,-3050.0,2168.0,2168.0,-173.44000244140625,-0.0,0.0,-173.0,0.0,-14.0,0.0,-0.0,-0.0,0.0,0.0
855957.021,-3050.0,2168.0,2168.0,-173.44000244140625,-0.0,0.0,-173.0,0.0,-14.0,0.0,-0.0,-0.0,0.0,0.0
855958.033,-3050.0,2168.0,2168.0,-173.44000244140625,-0.0,0.0,-173.0,0.0,-14.0,0.0,-0.0,-0.0,0.0,0.0
855959.037,-3050.0,2168.0,2168.0,-173.44000244140625,-0.0,0.0,-173.0,0.0,-14.0,0.0,-0.0,-0.0,0.0,0.0
855960.041,-3050.0,2168.0,2168.0,-173.44000244140625,-0.0,0.0,-173.0,0.0,-14.0,0.0,-0.0,-0.0,0.0,0.0
855962.021,-3050.0,2168.0,2168.0,-173.44000244140625,-0.0,0.0,-173.0,0.0,-14.0,0.0,-0.0,-0.0,0.0,0.0
855964.021,-3050.0,2168.0,2168.0,-173.44000244140625,-0.0,0.0,-173.0,0.0,-14.0,0.0,-0.0,-0.0,0.0,0.0
855966.021,-3050.0,2168.0,2168.0,-173.44000244140625,-0.0,0.0,-173.0,0.0,-14.0,0.0,-0.0,-0.0,0.0,0.0
855968.021,-3050.0,2168.0,2168.0,-173.44000244140625,-0.0,0.0,-173.0,0.0,-14.0,0.0,-0.0,-0.0,0.0,0.0
855970.021,-3050.0,2168.0,2168.0,-173.44000244140625,-0.0,0.0,-173.0,0.0,-14.0,0.0,-0.0,-0.0,0.0,0.0
855971.034,-3050.0,2168.0,2168.0,-173.44000244140625,-0.0,0.0,-173.0,0.0,-14.0,0.0,-0.0,-0.0,0.0,0.0
855972.039,-3050.0,2168.0,2168.0,-173.44000244140625,-0.0,0.0,-173.0,0.0,-14.0,0.0,-0.0,-0.0,0.0,0.0
855973.187,-3050.0,2168.0,2168.0,-173.44000244140625,-0.0,0.0,-173.0,0.0,-14.0,0.0,-0.0,-0.0,0.0,0.0
855975.022,-3050.0,2168.0,2168.0,-173.44000244140625,-0.0,0.0,-173.0,0.0,-14.0,0.0,-0.0,-0.0,0.0,0.0
855977.021,-3050.0,2168.0,2168.0,-173.44000244140625,-0.0,0.0,-173.0,0.0,-14.0,0.0,-0.0,-0.0,0.0,0.0
855979.021,-3050.0,2168.0,2168.0,-173.44000244140625,-0.0,0.0,-173.0,0.0,-14.0,0.0,-0.0,-0.0,0.0,0.0
855981.021,-3050.0,2168.0,2168.0,-173.44000244140625,-0.0,0.0,-173.0,0.0,-14.0,0.0,-0.0,-0.0,0.0,0.0
855983.127,-3050.0,2168.0,2168.0,-173.44000244140625,-0.0,0.0,-173.0,0.0,-14.0,0.0,-0.0,-0.0,0.0,0.0
855984.132,-3050.0,2168.0,2168.0,-173.44000244140625,-0.0,0.0,-173.0,0.0,-14.0,0.0,-0.0,-0.0,0.0,0.0
855985.137,-3050.0,2168.0,2168.0,-173.44000244140625,-0.0,0.0,-173.0,0.0,-14.0,0.0,-0.0,-0.0,0.0,0.0
855986.141,-3050.0,2168.0,2168.0,-173.44000244140625,-0.0,0.0,-173.0,0.0,-14.0,0.0,-0.0,-0.0,0.0,0.0
855987.145,-3050.0,2168.0,2168.0,-173.44000244140625,-0.0,0.0,-173.0,0.0,-14.0,0.0,-0.0,-0.0,0.0,0.0
855989.021,-3050.0,2168.0,2168.0,-173.44000244140625,-0.0,0.0,-173.0,0.0,-14.0,0.0,-0.0,-0.0,0.0,0.0
855991.021,-3050.0,2168.0,2168.0,-173.44000244140625,-0.0,0.0,-173.0,0.0,-14.0,0.0,-0.0,-0.0,0.0,0.0
855993.179,-3050.0,2168.0,2168.0,-173.44000244140625,-0.0,0.0,-173.0,0.0,-14.0,0.0,-0.0,-0.0,0.0,0.0
855995.021,-3050.0,2168.0,2168.0,-173.44000244140625,-0.0,0.0,-173.0,0.0,-14.0,0.0,-0.0,-0.0,0.0,0.0
855997.021,-3050.0,2168.0,2168.0,-173.44000244140625,-0.0,0.0,-173.0,0.0,-14.0,0.0,-0.0,-0.0,0.0,0.0
856003.179,-3050.0,2168.0,2168.0,-173.44000244140625,-0.0,0.0,-173.0,0.0,-14.0,0.0,-0.0,-0.0,0.0,0.0
856013.719,-3050.0,2168.0,2168.0,-173.44000244140625,-0.0,0.0,-173.0,0.0,-14.0,0.0,-0.0,-0.0,0.0,0.0
856023.175,-3050.0,2168.0,2168.0,-173.44000244140625,-0.0,0.0,-173.0,0.0,-14.0,0.0,-0.0,-0.0,0.0,0.0
856034.021,-3050.0,2168.0,2168.0,-173.44000244140625,-0.0,0.0,-173.0,0.0,-14.0,0.0,-0.0,-0.0,0.0,0.0
856044.021,-3050.0,2168.0,2168.0,-173.44000244140625,-0.0,0.0,-173.0,0.0,-14.0,0.0,-0.0,-0.0,0.0,0.0
856053.186,-3050.0,2168.0,2168.0,-173.44000244140625,-0.0,0.0,-173.0,0.0,-14.0,0.0,-0.0,-0.0,0.0,0.0
856064.021,-3050.0,2168.0,2168.0,-173.44000244140625,-0.0,0.0,-173.0,0.0,-14.0,0.0,-0.0,-0.0,0.0,0.0
856073.179,-3050.0,2168.0,2168.0,-173.44000244140625,-0.0,0.0,-173.0,0.0,-14.0,0.0,-0.0,-0.0,0.0,0.0
856084.021,-3050.0,2168.0,2168.0,-173.44000244140625,-0.0,0.0,-173.0,0.0,-14.0,0.0,-0.0,-0.0,0.0,0.0
856093.194,-3050.0,2168.0,2168.0,-173.44000244140625,-0.0,0.0,-173.0,0.0,-14.0,0.0,-0.0,-0.0,0.0,0.0
856104.021,-3050.0,2168.0,2168.0,-173.44000244140625,-0.0,0.0,-173.0,0.0,-14.0,0.0,-0.0,-0.0,0.0,0.0
856113.193,-3050.0,2168.0,2168.0,-173.44000244140625,-0.0,0.0,-173.0,0.0,-14.0,0.0,-0.0,-0.0,0.0,0.0
856123.19,-3050.0,2168.0,2168.0,-173.44000244140625,-0.0,0.0,-173.0,0.0,-14.0,0.0,-0.0,-0.0,0.0,0.0
856133.127,-3050.0,2168.0,2168.0,-173.44000244140625,-0.0,0.0,-173.0,0.0,-14.0,0.0,-0.0,-0.0,0.0,0.0
856144.021,-3050.0,2168.0,2168.0,-173.44000244140625,-0.0,0.0,-173.0,0.0,-14.0,0.0,-0.0,-0.0,0.0,0.0
856153.179,-3050.0,2168.0,2168.0,-173.44000244140625,-0.0,0.0,-173.0,0.0,-14.0,0.0,-0.0,-0.0,0.0,0.0
856163.186,-3050.0,2168.0,2168.0,-173.44000244140625,-0.0,0.0,-173.0,0.0,-14.0,0.0,-0.0,-0.0,0.0,0.0
856173.856,-3050.0,2168.0,2168.0,-173.44000244140625,-0.0,0.0,-173.0,0.0,-14.0,0.0,-0.0,-0.0,0.0,0.0
856184.021,-3050.0,2168.0,2168.0,-173.44000244140625,-0.0,0.0,-173.0,0.0,-14.0,0.0,-0.0,-0.0,0.0,0.0
856193.178,-3050.0,2168.0,2168.0,-173.44000244140625,-0.0,0.0,-173.0,0.0,-14.0,0.0,-0.0,-0.0,0.0,0.0
856203.229,-3050.0,2168.0,2168.0,-173.44000244140625,-0.0,0.0,-173.0,0.0,-14.0,0.0,-0.0,-0.0,0.0,0.0
856214.021,-3050.0,2168.0,2168.0,-173.44000244140625,-0.0,0.0,-173.0,0.0,-14.0,0.0,-0.0,-0.0,0.0,0.0
856224.021,-3050.0,2168.0,2168.0,-173.44000244140625,-0.0,0.0,-173.0,0.0,-14.0,0.0,-0.0,-0.0,0.0,0.0
856233.702,-3050.0,2168.0,2168.0,-173.44000244140625,-0.0,0.0,-173.0,0.0,-14.0,0.0,-0.0,-0.0,0.0,0.0
856244.021,-3050.0,2168.0,2168.0,-173.44000244140625,-0.0,0.0,-173.0,0.0,-14.0,0.0,-0.0,-0.0,0.0,0.0
856253.179,-3050.0,2168.0,2168.0,-173.44000244140625,-0.0,0.0,-173.0,0.0,-14.0,0.0,-0.0,-0.0,0.0,0.0
856263.186,-3050.0,2168.0,2168.0,-173.44000244140625,-0.0,0.0,-173.0,0.0,-14.0,0.0,-0.0,-0.0,0.0,0.0
856273.127,-3050.0,2168.0,2168.0,-173.44000244140625,-0.0,0.0,-173.0,0.0,-14.0,0.0,-0.0,-0.0,0.0,0.0
856284.021,-3050.0,2168.0,2168.0,-173.44000244140625,-0.0,0.0,-173.0,0.0,-14.0,0.0,-0.0,-0.0,0.0,0.0
856293.178,-3050.0,2168.0,2168.0,-173.44000244140625,-0.0,0.0,-173.0,0.0,-14.0,0.0,-0.0,-0.0,0.0,0.0
856303.191,-3050.0,2168.0,2168.0,-173.44000244140625,-0.0,0.0,-173.0,0.0,-14.0,0.0,-0.0,-0.0,0.0,0.0
856313.204,-3050.0,2168.0,2168.0,-173.44000244140625,-0.0,0.0,-173.0,0.0,-14.0,0.0,-0.0,-0.0,0.0,0.0
856323.179,-3050.0,2168.0,2168.0,-173.44000244140625,-0.0,0.0,-173.0,0.0,-14.0,0.0,-0.0,-0.0,0.0,0.0
856333.179,-3050.0,2168.0,2168.0,-173.44000244140625,-0.0,0.0,-173.0,0.0,-14.0,0.0,-0.0,-0.0,0.0,0.0
856343.198,-3050.0,2168.0,2168.0,-173.44000244140625,-0.0,0.0,-173.0,0.0,-14.0,0.0,-0.0,-0.0,0.0,0.0
856353.179,-3050.0,2168.0,2168.0,-173.44000244140625,-0.0,0.0,-173.0,0.0,-14.0,0.0,-0.0,-0.0,0.0,0.0
856364.021,-3050.0,2168.0,2168.0,-173.44000244140625,-0.0,0.0,-173.0,0.0,-14.0,0.0,-0.0,-0.0,0.0,0.0
856374.021,-3050.0,2168.0,2168.0,-173.44000244140625,-0.0,0.0,-173.0,0.0,-14.0,0.0,-0.0,-0.0,0.0,0.0
856383.588,-3050.0,2168.0,2168.0,-173.44000244140625,-0.0,0.0,-173.0,0.0,-14.0,0.0,-0.0,-0.0,0.0,0.0
856393.179,-3050.0,2168.0,2168.0,-173.44000244140625,-0.0,0.0,-173.0,0.0,-14.0,0.0,-0.0,-0.0,0.0,0.0
856403.182,-3050.0,2168.0,2168.0,-173.44000244140625,-0.0,0.0,-173.0,0.0,-14.0,0.0,-0.0,-0.0,0.0,0.0
856414.021,-3050.0,2168.0,2168.0,-173.44000244140625,-0.0,0.0,-173.0,0.0,-14.0,0.0,-0.0,-0.0,0.0,0.0
856424.033,-3050.0,2168.0,2168.0,-173.44000244140625,-0.0,0.0,-173.0,0.0,-14.0,0.0,-0.0,-0.0,0.0,0.0
856433.178,-3050.0,2168.0,2168.0,-173.44000244140625,-0.0,0.0,-173.0,0.0,-14.0,0.0,-0.0,-0.0,0.0,0.0
856444.021,-3050.0,2168.0,2168.0,-173.44000244140625,-0.0,0.0,-173.0,0.0,-14.0,0.0,-0.0,-0.0,0.0,0.0
856454.021,-3050.0,2168.0,2168.0,-173.44000244140625,-0.0,0.0,-173.0,0.0,-14.0,0.0,-0.0,-0.0,0.0,0.0
856463.193,-3050.0,2168.0,2168.0,-173.44000244140625,-0.0,0.0,-173.0,0.0,-14.0,0.0,-0.0,-0.0,0.0,0.0
856473.179,-3050.0,2168.0,2168.0,-173.44000244140625,-0.0,0.0,-173.0,0.0,-14.0,0.0,-0.0,-0.0,0.0,0.0
856483.934,-3050.0,2168.0,2168.0,-173.44000244140625,-0.0,0.0,-173.0,0.0,-14.0,0.0,-0.0,-0.0,0.0,0.0
856494.021,-3050.0,2168.0,2168.0,-173.44000244140625,-0.0,0.0,-173.0,0.0,-14.0,0.0,-0.0,-0.0,0.0,0.0
856504.029,-3050.0,2168.0,2168.0,-173.44000244140625,-0.0,0.0,-173.0,0.0,-14.0,0.0,-0.0,-0.0,0.0,0.0
856513.178,-3050.0,2168.0,2168.0,-173.44000244140625,-0.0,0.0,-173.0,0.0,-14.0,0.0,-0.0,-0.0,0.0,0.0
856524.021,-3050.0,2168.0,2168.0,-173.44000244140625,-0.0,0.0,-173.0,0.0,-14.0,0.0,-0.0,-0.0,0.0,0.0
856533.182,-3050.0,2168.0,2168.0,-173.44000244140625,-0.0,0.0,-173.0,0.0,-14.0,0.0,-0.0,-0.0,0.0,0.0
856543.178,-3050.0,2168.0,2168.0,-173.44000244140625,-0.0,0.0,-173.0,0.0,-14.0,0.0,-0.0,-0.0,0.0,0.0
856553.185,-3050.0,2168.0,2168.0,-173.44000244140625,-0.0,0.0,-173.0,0.0,-14.0,0.0,-0.0,-0.0,0.0,0.0
856564.021,-3050.0,2168.0,2168.0,-173.44000244140625,-0.0,0.0,-173.0,0.0,-14.0,0.0,-0.0,-0.0,0.0,0.0
856574.033,-3050.0,2168.0,2168.0,-173.44000244140625,-0.0,0.0,-173.0,0.0,-14.0,0.0,-0.0,-0.0,0.0,0.0
856584.021,-3050.0,2168.0,2168.0,-173.44000244140625,-0.0,0.0,-173.0,0.0,-14.0,0.0,-0.0,-0.0,0.0,0.0
856593.179,-3050.0,2168.0,2168.0,-173.44000244140625,-0.0,0.0,-173.0,0.0,-14.0,0.0,-0.0,-0.0,0.0,0.0
856604.021,-3050.0,2168.0,2168.0,-173.44000244140625,-0.0,0.0,-173.0,0.0,-14.0,0.0,-0.0,-0.0,0.0,0.0
856614.271,-3050.0,2168.0,2168.0,-173.44000244140625,-0.0,0.0,-173.0,0.0,-14.0,0.0,-0.0,-0.0,0.0,0.0
856623.178,-3050.0,2168.0,2168.0,-173.44000244140625,-0.0,0.0,-173.0,0.0,-14.0,0.0,-0.0,-0.0,0.0,0.0
856634.021,-3050.0,2168.0,2168.0,-173.44000244140625,-0.0,0.0,-173.0,0.0,-14.0,0.0,-0.0,-0.0,0.0,0.0
856644.021,-3050.0,2168.0,2168.0,-173.44000244140625,-0.0,0.0,-173.0,0.0,-14.0,0.0,-0.0,-0.0,0.0,0.0
856653.183,-3050.0,2168.0,2168.0,-173.44000244140625,-0.0,0.0,-173.0,0.0,-14.0,0.0,-0.0,-0.0,0.0,0.0
856664.021,-3050.0,2168.0,2168.0,-173.44000244140625,-0.0,0.0,-173.0,0.0,-14.0,0.0,-0.0,-0.0,0.0,0.0
856673.181,-3050.0,2168.0,2168.0,-173.44000244140625,-0.0,0.0,-173.0,0.0,-14.0,0.0,-0.0,-0.0,0.0,0.0
856683.179,-3050.0,2168.0,2168.0,-173.44000244140625,-0.0,0.0,-173.0,0.0,-14.0,0.0,-0.0,-0.0,0.0,0.0
856694.029,-3050.0,2168.0,2168.0,-173.44000244140625,-0.0,0.0,-173.0,0.0,-14.0,0.0,-0.0,-0.0,0.0,0.0
856703.192,-3050.0,2168.0,2168.0,-173.44000244140625,-0.0,0.0,-173.0,0.0,-14.0,0.0,-0.0,-0.0,0.0,0.0
856713.179,-3050.0,2168.0,2168.0,-173.44000244140625,-0.0,0.0,-173.0,0.0,-14.0,0.0,-0.0,-0.0,0.0,0.0
856723.179,-3050.0,2168.0,2168.0,-173.44000244140625,-0.0,0.0,-173.0,0.0,-14.0,0.0,-0.0,-0.0,0.0,0.0
856733.187,-3050.0,2168.0,2168.0,-173.44000244140625,-0.0,0.0,-173.0,0.0,-14.0,0.0,-0.0,-0.0,0.0,0.0
856743.175,-3050.0,2168.0,2168.0,-173.44000244140625,-0.0,0.0,-173.0,0.0,-14.0,0.0,-0.0,-0.0,0.0,0.0
856753.178,-3050.0,2168.0,2168.0,-173.44000244140625,-0.0,0.0,-173.0,0.0,-14.0,0.0,-0.0,-0.0,0.0,0.0
856764.051,-3050.0,2168.0,2168.0,-173.44000244140625,-0.0,0.0,-173.0,0.0,-14.0,0.0,-0.0,-0.0,0.0,0.0
856774.021,-3050.0,2168.0,2168.0,-173.44000244140625,-0.0,0.0,-173.0,0.0,-14.0,0.0,-0.0,-0.0,0.0,0.0
856783.178,-3050.0,2168.0,2168.0,-173.44000244140625,-0.0,0.0,-173.0,0.0,-14.0,0.0,-0.0,-0.0,0.0,0.0
856793.179,-3050.0,2168.0,2168.0,-173.44000244140625,-0.0,0.0,-173.0,0.0,-14.0,0.0,-0.0,-0.0,0.0,0.0
856803.36,-3050.0,2168.0,2168.0,-173.44000244140625,-0.0,0.0,-173.0,0.0,-14.0,0.0,-0.0,-0.0,0.0,0.0
856814.021,-3050.0,2168.0,2168.0,-173.44000244140625,-0.0,0.0,-173.0,0.0,-14.0,0.0,-0.0,-0.0,0.0,0.0
856824.021,-3050.0,2168.0,2168.0,-173.44000244140625,-0.0,0.0,-173.0,0.0,-14.0,0.0,-0.0,-0.0,0.0,0.0
856834.021,-3050.0,2168.0,2168.0,-173.44000244140625,-0.0,0.0,-173.0,0.0,-14.0,0.0,-0.0,-0.0,0.0,0.0
856844.021,-3050.0,2168.0,2168.0,-173.44000244140625,-0.0,0.0,-173.0,0.0,-14.0,0.0,-0.0,-0.0,0.0,0.0
856854.022,-3050.0,2168.0,2168.0,-173.44000244140625,-0.0,0.0,-173.0,0.0,-14.0,0.0,-0.0,-0.0,0.0,0.0
856864.021,-3050.0,2168.0,2168.0,-173.44000244140625,-0.0,0.0,-173.0,0.0,-14.0,0.0,-0.0,-0.0,0.0,0.0
856874.029,-3050.0,2168.0,2168.0,-173.44000244140625,-0.0,0.0,-173.0,0.0,-14.0,0.0,-0.0,-0.0,0.0,0.0
856883.179,-3050.0,2168.0,2168.0,-173.44000244140625,-0.0,0.0,-173.0,0.0,-14.0,0.0,-0.0,-0.0,0.0,0.0
856893.179,-3050.0,2168.0,2168.0,-173.44000244140625,-0.0,0.0,-173.0,0.0,-14.0,0.0,-0.0,-0.0,0.0,0.0
856903.204,-3050.0,2168.0,2168.0,-173.44000244140625,-0.0,0.0,-173.0,0.0,-14.0,0.0,-0.0,-0.0,0.0,0.0
856913.995,-3050.0,2168.0,2168.0,-173.44000244140625,-0.0,0.0,-173.0,0.0,-14.0,0.0,-0.0,-0.0,0.0,0.0
856924.021,-3050.0,2168.0,2168.0,-173.44000244140625,-0.0,0.0,-173.0,0.0,-14.0,0.0,-0.0,-0.0,0.0,0.0
856933.184,-3050.0,2168.0,2168.0,-173.44000244140625,-0.0,0.0,-173.0,0.0,-14.0,0.0,-0.0,-0.0,0.0,0.0
856943.127,-3050.0,2168.0,2168.0,-173.44000244140625,-0.0,0.0,-173.0,0.0,-14.0,0.0,-0.0,-0.0,0.0,0.0
856954.213,-3050.0,2168.0,2168.0,-173.44000244140625,-0.0,0.0,-173.0,0.0,-14.0,0.0,-0.0,-0.0,0.0,0.0
856964.021,-3050.0,2168.0,2168.0,-173.44000244140625,-0.0,0.0,-173.0,0.0,-14.0,0.0,-0.0,-0.0,0.0,0.0
856973.179,-3050.0,2168.0,2168.0,-173.44000244140625,-0.0,0.0,-173.0,0.0,-14.0,0.0,-0.0,-0.0,0.0,0.0
856983.485,-3050.0,2168.0,2168.0,-173.44000244140625,-0.0,0.0,-173.0,0.0,-14.0,0.0,-0.0,-0.0,0.0,0.0
856994.286,-3050.0,2168.0,2168.0,-173.44000244140625,-0.0,0.0,-173.0,0.0,-14.0,0.0,-0.0,-0.0,0.0,0.0
857003.178,-3050.0,2168.0,2168.0,-173.44000244140625,-0.0,0.0,-173.0,0.0,-14.0,0.0,-0.0,-0.0,0.0,0.0
857014.021,-3050.0,2168.0,2168.0,-173.44000244140625,-0.0,0.0,-173.0,0.0,-14.0,0.0,-0.0,-0.0,0.0,0.0
857023.767,-3050.0,2168.0,2168.0,-173.44000244140625,-0.0,0.0,-173.0,0.0,-14.0,0.0,-0.0,-0.0,0.0,0.0
857033.179,-3050.0,2168.0,2168.0,-173.44000244140625,-0.0,0.0,-173.0,0.0,-14.0,0.0,-0.0,-0.0,0.0,0.0
857044.021,-3050.0,2168.0,2168.0,-173.44000244140625,-0.0,0.0,-173.0,0.0,-14.0,0.0,-0.0,-0.0,0.0,0.0
857053.178,-3050.0,2168.0,2168.0,-173.44000244140625,-0.0,0.0,-173.0,0.0,-14.0,0.0,-0.0,-0.0,0.0,0.0
857063.187,-3050.0,2168.0,2168.0,-173.44000244140625,-0.0,0.0,-173.0,0.0,-14.0,0.0,-0.0,-0.0,0.0,0.0
857074.021,-3050.0,2168.0,2168.0,-173.44000244140625,-0.0,0.0,-173.0,0.0,-14.0,0.0,-0.0,-0.0,0.0,0.0
857083.178,-3050.0,2168.0,2168.0,-173.44000244140625,-0.0,0.0,-173.0,0.0,-14.0,0.0,-0.0,-0.0,0.0,0.0
857094.021,-3050.0,2168.0,2168.0,-173.44000244140625,-0.0,0.0,-173.0,0.0,-14.0,0.0,-0.0,-0.0,0.0,0.0
857104.029,-3050.0,2168.0,2168.0,-173.44000244140625,-0.0,0.0,-173.0,0.0,-14.0,0.0,-0.0,-0.0,0.0,0.0
857114.021,-3050.0,2168.0,2168.0,-173.44000244140625,-0.0,0.0,-173.0,0.0,-14.0,0.0,-0.0,-0.0,0.0,0.0
857123.186,-3050.0,2168.0,2168.0,-173.44000244140625,-0.0,0.0,-173.0,0.0,-14.0,0.0,-0.0,-0.0,0.0,0.0
857133.171,-3050.0,2168.0,2168.0,-173.44000244140625,-0.0,0.0,-173.0,0.0,-14.0,0.0,-0.0,-0.0,0.0,0.0
857144.021,-3050.0,2168.0,2168.0,-173.44000244140625,-0.0,0.0,-173.0,0.0,-14.0,0.0,-0.0,-0.0,0.0,0.0
857153.178,-3050.0,2168.0,2168.0,-173.44000244140625,-0.0,0.0,-173.0,0.0,-14.0,0.0,-0.0,-0.0,0.0,0.0
857163.476,-3050.0,2168.0,2168.0,-173.44000244140625,-0.0,0.0,-173.0,0.0,-14.0,0.0,-0.0,-0.0,0.0,0.0
857173.171,-3050.0,2168.0,2168.0,-173.44000244140625,-0.0,0.0,-173.0,0.0,-14.0,0.0,-0.0,-0.0,0.0,0.0
857184.021,-3050.0,2168.0,2168.0,-173.44000244140625,-0.0,0.0,-173.0,0.0,-14.0,0.0,-0.0,-0.0,0.0,0.0
857193.487,-3050.0,2168.0,2168.0,-173.44000244140625,-0.0,0.0,-173.0,0.0,-14.0,0.0,-0.0,-0.0,0.0,0.0
857204.021,-3050.0,2168.0,2168.0,-173.44000244140625,-0.0,0.0,-173.0,0.0,-14.0,0.0,-0.0,-0.0,0.0,0.0
857213.178,-3050.0,2168.0,2168.0,-173.44000244140625,-0.0,0.0,-173.0,0.0,-14.0,0.0,-0.0,-0.0,0.0,0.0
857224.021,-3050.0,2168.0,2168.0,-173.44000244140625,-0.0,0.0,-173.0,0.0,-14.0,0.0,-0.0,-0.0,0.0,0.0
857233.509,-3050.0,2168.0,2168.0,-173.44000244140625,-0.0,0.0,-173.0,0.0,-14.0,0.0,-0.0,-0.0,0.0,0.0
857244.021,-3050.0,2168.0,2168.0,-173.44000244140625,-0.0,0.0,-173.0,0.0,-14.0,0.0,-0.0,-0.0,0.0,0.0
857253.181,-3050.0,2168.0,2168.0,-173.44000244140625,-0.0,0.0,-173.0,0.0,-14.0,0.0,-0.0,-0.0,0.0,0.0
857263.59,-3050.0,2168.0,2168.0,-173.44000244140625,-0.0,0.0,-173.0,0.0,-14.0,0.0,-0.0,-0.0,0.0,0.0
857273.175,-3050.0,2168.0,2168.0,-173.44000244140625,-0.0,0.0,-173.0,0.0,-14.0,0.0,-0.0,-0.0,0.0,0.0
857283.178,0.0,-1.0,-1.0,0.09000000357627869,0.0,0.0,0.0,0.0,0.0,0.0,0.0,0.0,0.0,0.0
857293.178,0.0,0.0,0.0,0.0,0.0,0.0,0.0,0.0,-3.0,0.0,0.0,0.0,0.0,0.0
857303.314,0.0,-1.0,-1.0,0.09000000357627869,0.0,0.0,0.0,0.0,-2.0,0.0,0.0,0.0,0.0,0.0
857313.127,0.0,2.0,2.0,-0.18000000715255737,-0.0,0.0,0.0,0.0,-1.0,0.0,0.0,0.0,0.0,0.0
857324.021,0.0,0.0,0.0,0.0,0.0,0.0,0.0,0.0,-1.0,0.0,0.0,0.0,0.0,0.0
857334.021,0.0,3.0,3.0,-0.27000001072883606,-0.0,0.0,0.0,0.0,-1.0,0.0,0.0,0.0,0.0,0.0
857344.318,0.0,1.0,1.0,-0.09000000357627869,-0.0,0.0,0.0,0.0,-5.0,0.0,0.0,0.0,0.0,0.0
857353.178,0.0,0.0,0.0,0.0,0.0,0.0,0.0,0.0,0.0,0.0,0.0,0.0,0.0,0.0
857363.178,0.0,-1.0,-1.0,0.09000000357627869,0.0,0.0,0.0,0.0,-1.0,0.0,0.0,0.0,0.0,0.0
857373.196,0.0,0.0,0.0,0.0,0.0,0.0,0.0,0.0,-1.0,0.0,0.0,0.0,0.0,0.0
857384.021,0.0,2.0,2.0,-0.18000000715255737,-0.0,0.0,0.0,0.0,0.0,0.0,0.0,0.0,0.0,0.0
857394.021,0.0,0.0,0.0,0.0,0.0,0.0,0.0,0.0,-2.0,0.0,0.0,0.0,0.0,0.0
857403.451,0.0,-1.0,-1.0,0.09000000357627869,0.0,0.0,0.0,0.0,-4.0,0.0,0.0,0.0,0.0,0.0
857414.025,0.0,-1.0,-1.0,0.09000000357627869,0.0,0.0,0.0,0.0,-1.0,0.0,0.0,0.0,0.0,0.0
857424.021,0.0,2.0,2.0,-0.18000000715255737,-0.0,0.0,0.0,0.0,-3.0,0.0,0.0,0.0,0.0,0.0
857433.187,0.0,3.0,3.0,-0.27000001072883606,-0.0,0.0,0.0,0.0,-4.0,0.0,0.0,0.0,0.0,0.0
857443.665,0.0,2.0,1.0,-0.09000000357627869,-0.0,0.0,0.0,0.0,-1.0,0.0,0.0,0.0,0.0,0.0
857454.021,0.0,1.0,1.0,-0.09000000357627869,-0.0,0.0,0.0,0.0,0.0,0.0,0.0,0.0,0.0,0.0
857462.021,0.0,4.0,4.0,-0.36000001430511475,-0.0,0.0,0.0,0.0,-1.0,0.0,0.0,0.0,0.0,0.0
857473.179,0.0,1.0,1.0,-0.09000000357627869,-0.0,0.0,0.0,0.0,-2.0,0.0,0.0,0.0,0.0,0.0
857483.444,0.0,1.0,1.0,-0.09000000357627869,-0.0,0.0,0.0,0.0,-1.0,0.0,0.0,0.0,0.0,0.0
857494.021,0.0,3.0,3.0,-0.27000001072883606,-0.0,0.0,0.0,0.0,-4.0,0.0,0.0,0.0,0.0,0.0
857503.179,0.0,2.0,2.0,-0.18000000715255737,-0.0,0.0,0.0,0.0,-3.0,0.0,0.0,0.0,0.0,0.0
857513.179,0.0,2.0,2.0,-0.18000000715255737,-0.0,0.0,0.0,0.0,-3.0,0.0,0.0,0.0,0.0,0.0
857523.127,0.0,2.0,2.0,-0.18000000715255737,-0.0,0.0,0.0,0.0,-3.0,0.0,0.0,0.0,0.0,0.0
857533.179,0.0,-1.0,-1.0,0.09000000357627869,0.0,0.0,0.0,0.0,0.0,0.0,0.0,0.0,0.0,0.0
857543.127,0.0,-1.0,-1.0,0.09000000357627869,0.0,0.0,0.0,0.0,0.0,0.0,0.0,0.0,0.0,0.0
857553.802,0.0,2.0,1.0,-0.09000000357627869,-0.0,0.0,0.0,0.0,-3.0,0.0,0.0,0.0,0.0,0.0
857564.193,0.0,0.0,0.0,0.0,0.0,0.0,0.0,0.0,-3.0,0.0,0.0,0.0,0.0,0.0
857571.022,0.0,2.0,2.0,-0.18000000715255737,-0.0,0.0,0.0,0.0,-2.0,0.0,0.0,0.0,0.0,0.0
857584.021,0.0,-1.0,-1.0,0.09000000357627869,0.0,0.0,0.0,0.0,-5.0,0.0,0.0,0.0,0.0,0.0
857593.186,0.0,0.0,0.0,0.0,0.0,0.0,0.0,0.0,-2.0,0.0,0.0,0.0,0.0,0.0
857603.422,0.0,0.0,0.0,0.0,0.0,0.0,0.0,0.0,-2.0,0.0,0.0,0.0,0.0,0.0
857614.021,0.0,1.0,1.0,-0.09000000357627869,-0.0,0.0,0.0,0.0,-3.0,0.0,0.0,0.0,0.0,0.0
857621.178,0.0,0.0,0.0,0.0,0.0,0.0,0.0,0.0,-4.0,0.0,0.0,0.0,0.0,0.0
857634.029,0.0,1.0,0.0,0.0,0.0,0.0,0.0,0.0,-4.0,0.0,0.0,0.0,0.0,0.0
857643.174,0.0,1.0,1.0,-0.09000000357627869,-0.0,0.0,0.0,0.0,-4.0,0.0,0.0,0.0,0.0,0.0
857653.178,0.0,0.0,0.0,0.0,0.0,0.0,0.0,0.0,-2.0,0.0,0.0,0.0,0.0,0.0
857663.195,0.0,2.0,2.0,-0.18000000715255737,-0.0,0.0,0.0,0.0,-1.0,0.0,0.0,0.0,0.0,0.0
857672.009,0.0,3.0,3.0,-0.27000001072883606,-0.0,0.0,0.0,0.0,-1.0,0.0,0.0,0.0,0.0,0.0
857683.285,0.0,2.0,2.0,-0.18000000715255737,-0.0,0.0,0.0,0.0,1.0,0.0,0.0,0.0,0.0,0.0
857692.021,0.0,1.0,1.0,-0.09000000357627869,-0.0,0.0,0.0,0.0,-1.0,0.0,0.0,0.0,0.0,0.0
857704.021,0.0,1.0,1.0,-0.09000000357627869,-0.0,0.0,0.0,0.0,1.0,0.0,0.0,0.0,0.0,0.0
857713.797,0.0,2.0,2.0,-0.18000000715255737,-0.0,0.0,0.0,0.0,-3.0,0.0,0.0,0.0,0.0,0.0
857723.192,0.0,-1.0,-1.0,0.09000000357627869,0.0,0.0,0.0,0.0,-1.0,0.0,0.0,0.0,0.0,0.0
857733.179,0.0,3.0,3.0,-0.27000001072883606,-0.0,0.0,0.0,0.0,-3.0,0.0,0.0,0.0,0.0,0.0
857744.021,0.0,-1.0,-1.0,0.09000000357627869,0.0,0.0,0.0,0.0,-1.0,0.0,0.0,0.0,0.0,0.0
857753.182,0.0,-1.0,-1.0,0.09000000357627869,0.0,0.0,0.0,0.0,0.0,0.0,0.0,0.0,0.0,0.0
857763.178,0.0,2.0,2.0,-0.18000000715255737,-0.0,0.0,0.0,0.0,-1.0,0.0,0.0,0.0,0.0,0.0
857773.178,0.0,2.0,2.0,-0.18000000715255737,-0.0,0.0,0.0,0.0,-3.0,0.0,0.0,0.0,0.0,0.0
857783.186,0.0,0.0,0.0,0.0,0.0,0.0,0.0,0.0,-3.0,0.0,0.0,0.0,0.0,0.0
857793.171,0.0,2.0,2.0,-0.18000000715255737,-0.0,0.0,0.0,0.0,-2.0,0.0,0.0,0.0,0.0,0.0
857803.179,0.0,2.0,2.0,-0.18000000715255737,-0.0,0.0,0.0,0.0,-3.0,0.0,0.0,0.0,0.0,0.0
857812.0,0.0,1.0,1.0,-0.09000000357627869,-0.0,0.0,0.0,0.0,-3.0,0.0,0.0,0.0,0.0,0.0
857823.186,0.0,2.0,2.0,-0.18000000715255737,-0.0,0.0,0.0,0.0,-2.0,0.0,0.0,0.0,0.0,0.0
857834.021,0.0,3.0,3.0,-0.27000001072883606,-0.0,0.0,0.0,0.0,-1.0,0.0,0.0,0.0,0.0,0.0
857844.021,0.0,2.0,2.0,-0.18000000715255737,-0.0,0.0,0.0,0.0,-2.0,0.0,0.0,0.0,0.0,0.0
857853.178,0.0,1.0,1.0,-0.09000000357627869,-0.0,0.0,0.0,0.0,-4.0,0.0,0.0,0.0,0.0,0.0
857863.482,0.0,-1.0,-1.0,0.09000000357627869,0.0,0.0,0.0,0.0,-1.0,0.0,0.0,0.0,0.0,0.0
857873.147,0.0,-3.0,-3.0,0.27000001072883606,0.0,0.0,0.0,0.0,0.0,0.0,0.0,0.0,0.0,0.0
857884.021,0.0,0.0,0.0,0.0,0.0,0.0,0.0,0.0,-2.0,0.0,0.0,0.0,0.0,0.0
857894.021,0.0,0.0,0.0,0.0,0.0,0.0,0.0,0.0,-1.0,0.0,0.0,0.0,0.0,0.0
857903.182,0.0,0.0,0.0,0.0,0.0,0.0,0.0,0.0,0.0,0.0,0.0,0.0,0.0,0.0
857913.179,0.0,2.0,2.0,-0.18000000715255737,-0.0,0.0,0.0,0.0,-1.0,0.0,0.0,0.0,0.0,0.0
857924.021,0.0,0.0,0.0,0.0,0.0,0.0,0.0,0.0,-3.0,0.0,0.0,0.0,0.0,0.0
857933.191,0.0,-2.0,-2.0,0.18000000715255737,0.0,0.0,0.0,0.0,-1.0,0.0,0.0,0.0,0.0,0.0
857943.426,0.0,-2.0,-2.0,0.18000000715255737,0.0,0.0,0.0,0.0,-1.0,0.0,0.0,0.0,0.0,0.0
857953.178,0.0,0.0,0.0,0.0,0.0,0.0,0.0,0.0,1.0,0.0,0.0,0.0,0.0,0.0
857963.182,0.0,1.0,1.0,-0.09000000357627869,-0.0,0.0,0.0,0.0,-2.0,0.0,0.0,0.0,0.0,0.0
857974.069,0.0,2.0,2.0,-0.18000000715255737,-0.0,0.0,0.0,0.0,1.0,0.0,0.0,0.0,0.0,0.0
857983.542,0.0,0.0,0.0,0.0,0.0,0.0,0.0,0.0,-1.0,0.0,0.0,0.0,0.0,0.0
857993.182,0.0,3.0,3.0,-0.27000001072883606,-0.0,0.0,0.0,0.0,-3.0,0.0,0.0,0.0,0.0,0.0
858003.505,0.0,1.0,1.0,-0.09000000357627869,-0.0,0.0,0.0,0.0,-2.0,0.0,0.0,0.0,0.0,0.0
858013.174,0.0,1.0,1.0,-0.09000000357627869,-0.0,0.0,0.0,0.0,0.0,0.0,0.0,0.0,0.0,0.0
858023.187,0.0,3.0,3.0,-0.27000001072883606,-0.0,0.0,0.0,0.0,-1.0,0.0,0.0,0.0,0.0,0.0
858033.222,0.0,1.0,1.0,-0.09000000357627869,-0.0,0.0,0.0,0.0,-1.0,0.0,0.0,0.0,0.0,0.0
858043.127,0.0,2.0,2.0,-0.18000000715255737,-0.0,0.0,0.0,0.0,-1.0,0.0,0.0,0.0,0.0,0.0
858052.022,0.0,1.0,1.0,-0.09000000357627869,-0.0,0.0,0.0,0.0,-1.0,0.0,0.0,0.0,0.0,0.0
858064.021,0.0,2.0,2.0,-0.18000000715255737,-0.0,0.0,0.0,0.0,-6.0,0.0,0.0,0.0,0.0,0.0
858074.029,0.0,1.0,1.0,-0.09000000357627869,-0.0,0.0,0.0,0.0,-1.0,0.0,0.0,0.0,0.0,0.0
858082.022,0.0,1.0,1.0,-0.09000000357627869,-0.0,0.0,0.0,0.0,-1.0,0.0,0.0,0.0,0.0,0.0
858093.187,0.0,3.0,3.0,-0.27000001072883606,-0.0,0.0,0.0,0.0,-4.0,0.0,0.0,0.0,0.0,0.0
858103.183,0.0,1.0,1.0,-0.09000000357627869,-0.0,0.0,0.0,0.0,0.0,0.0,0.0,0.0,0.0,0.0
858113.264,0.0,1.0,1.0,-0.09000000357627869,-0.0,0.0,0.0,0.0,0.0,0.0,0.0,0.0,0.0,0.0
858123.127,0.0,1.0,1.0,-0.09000000357627869,-0.0,0.0,0.0,0.0,-1.0,0.0,0.0,0.0,0.0,0.0
858134.021,0.0,2.0,2.0,-0.18000000715255737,-0.0,0.0,0.0,0.0,-1.0,0.0,0.0,0.0,0.0,0.0
858143.184,0.0,0.0,0.0,0.0,0.0,0.0,0.0,0.0,-3.0,0.0,0.0,0.0,0.0,0.0
858153.255,0.0,0.0,0.0,0.0,0.0,0.0,0.0,0.0,-3.0,0.0,0.0,0.0,0.0,0.0
858163.179,0.0,2.0,2.0,-0.18000000715255737,-0.0,0.0,0.0,0.0,-3.0,0.0,0.0,0.0,0.0,0.0
858173.179,0.0,2.0,2.0,-0.18000000715255737,-0.0,0.0,0.0,0.0,0.0,0.0,0.0,0.0,0.0,0.0
858183.19,0.0,2.0,2.0,-0.18000000715255737,-0.0,0.0,0.0,0.0,-2.0,0.0,0.0,0.0,0.0,0.0
858193.127,0.0,2.0,2.0,-0.18000000715255737,-0.0,0.0,0.0,0.0,-2.0,0.0,0.0,0.0,0.0,0.0
858203.439,0.0,1.0,1.0,-0.09000000357627869,-0.0,0.0,0.0,0.0,-3.0,0.0,0.0,0.0,0.0,0.0
858213.186,0.0,3.0,3.0,-0.27000001072883606,-0.0,0.0,0.0,0.0,1.0,0.0,0.0,0.0,0.0,0.0
858223.171,0.0,0.0,0.0,0.0,0.0,0.0,0.0,0.0,0.0,0.0,0.0,0.0,0.0,0.0
858233.178,0.0,2.0,2.0,-0.18000000715255737,-0.0,0.0,0.0,0.0,-2.0,0.0,0.0,0.0,0.0,0.0
858244.021,0.0,2.0,2.0,-0.18000000715255737,-0.0,0.0,0.0,0.0,0.0,0.0,0.0,0.0,0.0,0.0
858252.617,0.0,4.0,4.0,-0.36000001430511475,-0.0,0.0,0.0,0.0,-4.0,0.0,0.0,0.0,0.0,0.0
858263.174,0.0,4.0,4.0,-0.36000001430511475,-0.0,0.0,0.0,0.0,-4.0,0.0,0.0,0.0,0.0,0.0
858273.178,0.0,1.0,1.0,-0.09000000357627869,-0.0,0.0,0.0,0.0,0.0,0.0,0.0,0.0,0.0,0.0
858283.179,0.0,2.0,2.0,-0.18000000715255737,-0.0,0.0,0.0,0.0,-1.0,0.0,0.0,0.0,0.0,0.0
858293.315,0.0,0.0,0.0,0.0,0.0,0.0,0.0,0.0,-1.0,0.0,0.0,0.0,0.0,0.0
858304.021,0.0,-1.0,0.0,0.0,0.0,0.0,0.0,0.0,-2.0,0.0,0.0,0.0,0.0,0.0
858314.021,0.0,1.0,1.0,-0.09000000357627869,-0.0,0.0,0.0,0.0,-3.0,0.0,0.0,0.0,0.0,0.0
858324.021,0.0,0.0,0.0,0.0,0.0,0.0,0.0,0.0,-2.0,0.0,0.0,0.0,0.0,0.0
858333.187,0.0,3.0,3.0,-0.27000001072883606,-0.0,0.0,0.0,0.0,-1.0,0.0,0.0,0.0,0.0,0.0
858343.171,0.0,3.0,3.0,-0.27000001072883606,-0.0,0.0,0.0,0.0,-4.0,0.0,0.0,0.0,0.0,0.0
858354.021,0.0,0.0,0.0,0.0,0.0,0.0,0.0,0.0,1.0,0.0,0.0,0.0,0.0,0.0
858363.179,0.0,-2.0,-2.0,0.18000000715255737,0.0,0.0,0.0,0.0,-2.0,0.0,0.0,0.0,0.0,0.0
858373.186,0.0,3.0,3.0,-0.27000001072883606,-0.0,0.0,0.0,0.0,-2.0,0.0,0.0,0.0,0.0,0.0
858383.178,0.0,2.0,2.0,-0.18000000715255737,-0.0,0.0,0.0,0.0,-3.0,0.0,0.0,0.0,0.0,0.0
858393.186,0.0,2.0,2.0,-0.18000000715255737,-0.0,0.0,0.0,0.0,-1.0,0.0,0.0,0.0,0.0,0.0
858405.024,0.0,0.0,0.0,0.0,0.0,0.0,0.0,0.0,-4.0,0.0,0.0,0.0,0.0,0.0
858413.175,0.0,0.0,0.0,0.0,0.0,0.0,0.0,0.0,-4.0,0.0,0.0,0.0,0.0,0.0
858422.021,0.0,-1.0,-1.0,0.09000000357627869,0.0,0.0,0.0,0.0,0.0,0.0,0.0,0.0,0.0,0.0
858434.021,0.0,1.0,1.0,-0.09000000357627869,-0.0,0.0,0.0,0.0,-1.0,0.0,0.0,0.0,0.0,0.0
858443.19,0.0,0.0,0.0,0.0,0.0,0.0,0.0,0.0,-5.0,0.0,0.0,0.0,0.0,0.0
858454.021,0.0,-1.0,-1.0,0.09000000357627869,0.0,0.0,0.0,0.0,-1.0,0.0,0.0,0.0,0.0,0.0
858463.179,0.0,0.0,0.0,0.0,0.0,0.0,0.0,0.0,2.0,0.0,0.0,0.0,0.0,0.0
858474.021,0.0,0.0,0.0,0.0,0.0,0.0,0.0,0.0,-4.0,0.0,0.0,0.0,0.0,0.0
858484.299,0.0,0.0,0.0,0.0,0.0,0.0,0.0,0.0,-4.0,0.0,0.0,0.0,0.0,0.0
858494.021,0.0,0.0,0.0,0.0,0.0,0.0,0.0,0.0,-1.0,0.0,0.0,0.0,0.0,0.0
858503.187,0.0,-1.0,1.0,-0.09000000357627869,-0.0,0.0,0.0,0.0,-2.0,0.0,0.0,0.0,0.0,0.0
858513.181,0.0,-1.0,-1.0,0.09000000357627869,0.0,0.0,0.0,0.0,-2.0,0.0,0.0,0.0,0.0,0.0
858524.021,0.0,3.0,3.0,-0.27000001072883606,-0.0,0.0,0.0,0.0,-1.0,0.0,0.0,0.0,0.0,0.0
858533.179,0.0,2.0,2.0,-0.18000000715255737,-0.0,0.0,0.0,0.0,1.0,0.0,0.0,0.0,0.0,0.0
858543.186,0.0,-3.0,-3.0,0.27000001072883606,0.0,0.0,0.0,0.0,-1.0,0.0,0.0,0.0,0.0,0.0
858553.179,0.0,2.0,2.0,-0.18000000715255737,-0.0,0.0,0.0,0.0,-4.0,0.0,0.0,0.0,0.0,0.0
858564.021,0.0,3.0,3.0,-0.27000001072883606,-0.0,0.0,0.0,0.0,-2.0,0.0,0.0,0.0,0.0,0.0
858574.022,0.0,0.0,0.0,0.0,0.0,0.0,0.0,0.0,-3.0,0.0,0.0,0.0,0.0,0.0
858584.021,0.0,0.0,0.0,0.0,0.0,0.0,0.0,0.0,-3.0,0.0,0.0,0.0,0.0,0.0
858593.179,0.0,2.0,2.0,-0.18000000715255737,-0.0,0.0,0.0,0.0,-3.0,0.0,0.0,0.0,0.0,0.0
858603.209,0.0,2.0,2.0,-0.18000000715255737,-0.0,0.0,0.0,0.0,-5.0,0.0,0.0,0.0,0.0,0.0
858613.171,0.0,-2.0,-2.0,0.18000000715255737,0.0,0.0,0.0,0.0,-1.0,0.0,0.0,0.0,0.0,0.0
858624.021,0.0,0.0,0.0,0.0,0.0,0.0,0.0,0.0,-4.0,0.0,0.0,0.0,0.0,0.0
858633.186,0.0,-1.0,-1.0,0.09000000357627869,0.0,0.0,0.0,0.0,-4.0,0.0,0.0,0.0,0.0,0.0
858644.064,0.0,3.0,3.0,-0.27000001072883606,-0.0,0.0,0.0,0.0,-2.0,0.0,0.0,0.0,0.0,0.0
858654.021,0.0,2.0,2.0,-0.18000000715255737,-0.0,0.0,0.0,0.0,-3.0,0.0,0.0,0.0,0.0,0.0
858664.022,0.0,-1.0,-1.0,0.09000000357627869,0.0,0.0,0.0,0.0,-2.0,0.0,0.0,0.0,0.0,0.0
858673.471,0.0,2.0,2.0,-0.18000000715255737,-0.0,0.0,0.0,0.0,-2.0,0.0,0.0,0.0,0.0,0.0
858684.021,0.0,1.0,1.0,-0.09000000357627869,-0.0,0.0,0.0,0.0,-6.0,0.0,0.0,0.0,0.0,0.0
858694.021,0.0,0.0,0.0,0.0,0.0,0.0,0.0,0.0,-2.0,0.0,0.0,0.0,0.0,0.0
858703.178,0.0,4.0,4.0,-0.36000001430511475,-0.0,0.0,0.0,0.0,-2.0,0.0,0.0,0.0,0.0,0.0
858713.843,0.0,2.0,2.0,-0.18000000715255737,-0.0,0.0,0.0,0.0,-2.0,0.0,0.0,0.0,0.0,0.0
858724.021,0.0,2.0,2.0,-0.18000000715255737,-0.0,0.0,0.0,0.0,-3.0,0.0,0.0,0.0,0.0,0.0
858733.604,0.0,2.0,2.0,-0.18000000715255737,-0.0,0.0,0.0,0.0,-3.0,0.0,0.0,0.0,0.0,0.0
858743.179,0.0,0.0,0.0,0.0,0.0,0.0,0.0,0.0,-3.0,0.0,0.0,0.0,0.0,0.0
858754.02,0.0,1.0,1.0,-0.09000000357627869,-0.0,0.0,0.0,0.0,-3.0,0.0,0.0,0.0,0.0,0.0
858764.029,0.0,2.0,2.0,-0.18000000715255737,-0.0,0.0,0.0,0.0,-2.0,0.0,0.0,0.0,0.0,0.0
858774.021,0.0,1.0,1.0,-0.09000000357627869,-0.0,0.0,0.0,0.0,1.0,0.0,0.0,0.0,0.0,0.0
858783.186,0.0,2.0,2.0,-0.18000000715255737,-0.0,0.0,0.0,0.0,-3.0,0.0,0.0,0.0,0.0,0.0
858793.182,0.0,0.0,0.0,0.0,0.0,0.0,0.0,0.0,-3.0,0.0,0.0,0.0,0.0,0.0
858804.054,0.0,1.0,1.0,-0.09000000357627869,-0.0,0.0,0.0,0.0,-3.0,0.0,0.0,0.0,0.0,0.0
858814.021,0.0,1.0,1.0,-0.09000000357627869,-0.0,0.0,0.0,0.0,-2.0,0.0,0.0,0.0,0.0,0.0
858823.186,0.0,2.0,2.0,-0.18000000715255737,-0.0,0.0,0.0,0.0,3.0,0.0,0.0,0.0,0.0,0.0
858834.021,0.0,2.0,2.0,-0.18000000715255737,-0.0,0.0,0.0,0.0,-1.0,0.0,0.0,0.0,0.0,0.0
858843.182,0.0,-1.0,-1.0,0.09000000357627869,0.0,0.0,0.0,0.0,-6.0,0.0,0.0,0.0,0.0,0.0
858853.127,0.0,-1.0,-1.0,0.09000000357627869,0.0,0.0,0.0,0.0,-6.0,0.0,0.0,0.0,0.0,0.0
858863.135,0.0,-1.0,-1.0,0.09000000357627869,0.0,0.0,0.0,0.0,-6.0,0.0,0.0,0.0,0.0,0.0
858874.021,0.0,3.0,3.0,-0.27000001072883606,-0.0,0.0,0.0,0.0,-1.0,0.0,0.0,0.0,0.0,0.0
858883.749,0.0,0.0,3.0,-0.27000001072883606,-0.0,0.0,0.0,0.0,-3.0,0.0,0.0,0.0,0.0,0.0
858893.178,0.0,-1.0,-1.0,0.09000000357627869,0.0,0.0,0.0,0.0,-3.0,0.0,0.0,0.0,0.0,0.0
858903.937,0.0,2.0,2.0,-0.18000000715255737,-0.0,0.0,0.0,0.0,0.0,0.0,0.0,0.0,0.0,0.0
858913.614,0.0,2.0,2.0,-0.18000000715255737,-0.0,0.0,0.0,0.0,1.0,0.0,0.0,0.0,0.0,0.0
858923.179,0.0,1.0,1.0,-0.09000000357627869,-0.0,0.0,0.0,0.0,-2.0,0.0,0.0,0.0,0.0,0.0
858932.022,0.0,1.0,1.0,-0.09000000357627869,-0.0,0.0,0.0,0.0,-3.0,0.0,0.0,0.0,0.0,0.0
858943.191,0.0,3.0,3.0,-0.27000001072883606,-0.0,0.0,0.0,0.0,-1.0,0.0,0.0,0.0,0.0,0.0
858954.03,0.0,2.0,2.0,-0.18000000715255737,-0.0,0.0,0.0,0.0,-2.0,0.0,0.0,0.0,0.0,0.0
858961.021,0.0,2.0,2.0,-0.18000000715255737,-0.0,0.0,0.0,0.0,-3.0,0.0,0.0,0.0,0.0,0.0
858974.022,0.0,1.0,1.0,-0.09000000357627869,-0.0,0.0,0.0,0.0,-3.0,0.0,0.0,0.0,0.0,0.0
858984.133,0.0,3.0,3.0,-0.27000001072883606,-0.0,0.0,0.0,0.0,-4.0,0.0,0.0,0.0,0.0,0.0
858993.175,0.0,1.0,1.0,-0.09000000357627869,-0.0,0.0,0.0,0.0,-6.0,0.0,0.0,0.0,0.0,0.0
859003.179,0.0,-1.0,-1.0,0.09000000357627869,0.0,0.0,0.0,0.0,0.0,0.0,0.0,0.0,0.0,0.0
859014.021,0.0,3.0,3.0,-0.27000001072883606,-0.0,0.0,0.0,0.0,0.0,0.0,0.0,0.0,0.0,0.0
859022.258,0.0,0.0,0.0,0.0,0.0,0.0,0.0,0.0,-1.0,0.0,0.0,0.0,0.0,0.0
859034.022,0.0,0.0,0.0,0.0,0.0,0.0,0.0,0.0,-1.0,0.0,0.0,0.0,0.0,0.0
859043.179,0.0,1.0,1.0,-0.09000000357627869,-0.0,0.0,0.0,0.0,-1.0,0.0,0.0,0.0,0.0,0.0
859054.021,0.0,0.0,0.0,0.0,0.0,0.0,0.0,0.0,-2.0,0.0,0.0,0.0,0.0,0.0
859064.068,0.0,0.0,0.0,0.0,0.0,0.0,0.0,0.0,-3.0,0.0,0.0,0.0,0.0,0.0
859073.178,0.0,0.0,0.0,0.0,0.0,0.0,0.0,0.0,-3.0,0.0,0.0,0.0,0.0,0.0
859083.179,0.0,-1.0,-1.0,0.09000000357627869,0.0,0.0,0.0,0.0,-1.0,0.0,0.0,0.0,0.0,0.0
859093.403,0.0,-2.0,-2.0,0.18000000715255737,0.0,0.0,0.0,0.0,-4.0,0.0,0.0,0.0,0.0,0.0
859103.127,0.0,1.0,1.0,-0.09000000357627869,-0.0,0.0,0.0,0.0,-5.0,0.0,0.0,0.0,0.0,0.0
859114.021,0.0,2.0,2.0,-0.18000000715255737,-0.0,0.0,0.0,0.0,-2.0,0.0,0.0,0.0,0.0,0.0
859123.179,0.0,-1.0,-1.0,0.09000000357627869,0.0,0.0,0.0,0.0,-1.0,0.0,0.0,0.0,0.0,0.0
859133.309,0.0,1.0,1.0,-0.09000000357627869,-0.0,0.0,0.0,0.0,-1.0,0.0,0.0,0.0,0.0,0.0
859143.128,0.0,2.0,2.0,-0.18000000715255737,-0.0,0.0,0.0,0.0,-1.0,0.0,0.0,0.0,0.0,0.0
859154.021,0.0,0.0,0.0,0.0,0.0,0.0,0.0,0.0,0.0,0.0,0.0,0.0,0.0,0.0
859164.021,0.0,2.0,2.0,-0.18000000715255737,-0.0,0.0,0.0,0.0,1.0,0.0,0.0,0.0,0.0,0.0
859174.029,0.0,0.0,0.0,0.0,0.0,0.0,0.0,0.0,-4.0,0.0,0.0,0.0,0.0,0.0
859184.021,0.0,1.0,1.0,-0.09000000357627869,-0.0,0.0,0.0,0.0,-2.0,0.0,0.0,0.0,0.0,0.0
859194.021,0.0,3.0,3.0,-0.27000001072883606,-0.0,0.0,0.0,0.0,-2.0,0.0,0.0,0.0,0.0,0.0
859203.6,0.0,3.0,3.0,-0.27000001072883606,-0.0,0.0,0.0,0.0,-2.0,0.0,0.0,0.0,0.0,0.0
859212.022,0.0,0.0,0.0,0.0,0.0,0.0,0.0,0.0,-2.0,0.0,0.0,0.0,0.0,0.0
859224.021,0.0,-1.0,-1.0,0.09000000357627869,0.0,0.0,0.0,0.0,-2.0,0.0,0.0,0.0,0.0,0.0
859233.961,0.0,2.0,2.0,-0.18000000715255737,-0.0,0.0,0.0,0.0,0.0,0.0,0.0,0.0,0.0,0.0
859243.19,0.0,1.0,1.0,-0.09000000357627869,-0.0,0.0,0.0,0.0,1.0,0.0,0.0,0.0,0.0,0.0
859254.021,0.0,2.0,2.0,-0.18000000715255737,-0.0,0.0,0.0,0.0,-1.0,0.0,0.0,0.0,0.0,0.0
859262.285,0.0,1.0,1.0,-0.09000000357627869,-0.0,0.0,0.0,0.0,-2.0,0.0,0.0,0.0,0.0,0.0
859274.161,0.0,0.0,0.0,0.0,0.0,0.0,0.0,0.0,-5.0,0.0,0.0,0.0,0.0,0.0
859284.021,0.0,-1.0,-1.0,0.09000000357627869,0.0,0.0,0.0,0.0,-5.0,0.0,0.0,0.0,0.0,0.0
859294.021,0.0,0.0,0.0,0.0,0.0,0.0,0.0,0.0,-3.0,0.0,0.0,0.0,0.0,0.0
859303.186,0.0,0.0,0.0,0.0,0.0,0.0,0.0,0.0,-3.0,0.0,0.0,0.0,0.0,0.0
859313.127,0.0,1.0,1.0,-0.09000000357627869,-0.0,0.0,0.0,0.0,-2.0,0.0,0.0,0.0,0.0,0.0
859323.178,0.0,1.0,1.0,-0.09000000357627869,-0.0,0.0,0.0,0.0,-3.0,0.0,0.0,0.0,0.0,0.0
859334.021,0.0,2.0,2.0,-0.18000000715255737,-0.0,0.0,0.0,0.0,-4.0,0.0,0.0,0.0,0.0,0.0
859343.232,0.0,1.0,1.0,-0.09000000357627869,-0.0,0.0,0.0,0.0,-4.0,0.0,0.0,0.0,0.0,0.0
859354.021,0.0,3.0,3.0,-0.27000001072883606,-0.0,0.0,0.0,0.0,-6.0,0.0,0.0,0.0,0.0,0.0
859364.021,0.0,1.0,1.0,-0.09000000357627869,-0.0,0.0,0.0,0.0,0.0,0.0,0.0,0.0,0.0,0.0
859374.021,0.0,2.0,2.0,-0.18000000715255737,-0.0,0.0,0.0,0.0,-2.0,0.0,0.0,0.0,0.0,0.0
859383.466,0.0,2.0,2.0,-0.18000000715255737,-0.0,0.0,0.0,0.0,-1.0,0.0,0.0,0.0,0.0,0.0
859394.021,0.0,0.0,0.0,0.0,0.0,0.0,0.0,0.0,-1.0,0.0,0.0,0.0,0.0,0.0
859404.021,0.0,0.0,0.0,0.0,0.0,0.0,0.0,0.0,-2.0,0.0,0.0,0.0,0.0,0.0
859414.021,0.0,3.0,3.0,-0.27000001072883606,-0.0,0.0,0.0,0.0,-2.0,0.0,0.0,0.0,0.0,0.0
859422.021,0.0,0.0,0.0,0.0,0.0,0.0,0.0,0.0,0.0,0.0,0.0,0.0,0.0,0.0
859433.179,0.0,0.0,0.0,0.0,0.0,0.0,0.0,0.0,-1.0,0.0,0.0,0.0,0.0,0.0
859443.179,0.0,3.0,3.0,-0.27000001072883606,-0.0,0.0,0.0,0.0,0.0,0.0,0.0,0.0,0.0,0.0
859453.62,0.0,-1.0,-1.0,0.09000000357627869,0.0,0.0,0.0,0.0,-4.0,0.0,0.0,0.0,0.0,0.0
859463.175,0.0,1.0,1.0,-0.09000000357627869,-0.0,0.0,0.0,0.0,-1.0,0.0,0.0,0.0,0.0,0.0
859474.021,0.0,0.0,0.0,0.0,0.0,0.0,0.0,0.0,-1.0,0.0,0.0,0.0,0.0,0.0
859483.178,0.0,1.0,1.0,-0.09000000357627869,-0.0,0.0,0.0,0.0,-3.0,0.0,0.0,0.0,0.0,0.0
859493.183,0.0,0.0,0.0,0.0,0.0,0.0,0.0,0.0,-2.0,0.0,0.0,0.0,0.0,0.0
859503.175,0.0,1.0,1.0,-0.09000000357627869,-0.0,0.0,0.0,0.0,-4.0,0.0,0.0,0.0,0.0,0.0
859513.194,0.0,2.0,2.0,-0.18000000715255737,-0.0,0.0,0.0,0.0,-2.0,0.0,0.0,0.0,0.0,0.0
859524.021,0.0,2.0,2.0,-0.18000000715255737,-0.0,0.0,0.0,0.0,-2.0,0.0,0.0,0.0,0.0,0.0
859533.939,0.0,1.0,1.0,-0.09000000357627869,-0.0,0.0,0.0,0.0,-2.0,0.0,0.0,0.0,0.0,0.0
859544.021,0.0,1.0,1.0,-0.09000000357627869,-0.0,0.0,0.0,0.0,-3.0,0.0,0.0,0.0,0.0,0.0
859553.178,0.0,4.0,4.0,-0.36000001430511475,-0.0,0.0,0.0,0.0,-4.0,0.0,0.0,0.0,0.0,0.0
859564.021,0.0,1.0,1.0,-0.09000000357627869,-0.0,0.0,0.0,0.0,-8.0,0.0,0.0,0.0,0.0,0.0
859573.183,0.0,2.0,2.0,-0.18000000715255737,-0.0,0.0,0.0,0.0,-3.0,0.0,0.0,0.0,0.0,0.0
859583.179,0.0,-1.0,-1.0,0.09000000357627869,0.0,0.0,0.0,0.0,-3.0,0.0,0.0,0.0,0.0,0.0
859594.021,0.0,2.0,2.0,-0.18000000715255737,-0.0,0.0,0.0,0.0,-4.0,0.0,0.0,0.0,0.0,0.0
859603.19,0.0,0.0,0.0,0.0,0.0,0.0,0.0,0.0,-6.0,0.0,0.0,0.0,0.0,0.0
859614.111,0.0,2.0,2.0,-0.18000000715255737,-0.0,0.0,0.0,0.0,-4.0,0.0,0.0,0.0,0.0,0.0
859623.179,0.0,0.0,0.0,0.0,0.0,0.0,0.0,0.0,-3.0,0.0,0.0,0.0,0.0,0.0
859633.185,0.0,5.0,5.0,-0.45000001788139343,-0.0,0.0,0.0,0.0,-4.0,0.0,0.0,0.0,0.0,0.0
859643.498,0.0,1.0,1.0,-0.09000000357627869,-0.0,0.0,0.0,0.0,-4.0,0.0,0.0,0.0,0.0,0.0
859654.021,0.0,1.0,1.0,-0.09000000357627869,-0.0,0.0,0.0,0.0,-6.0,0.0,0.0,0.0,0.0,0.0
859662.022,0.0,2.0,2.0,-0.18000000715255737,-0.0,0.0,0.0,0.0,-3.0,0.0,0.0,0.0,0.0,0.0
859674.021,0.0,1.0,1.0,-0.09000000357627869,-0.0,0.0,0.0,0.0,-3.0,0.0,0.0,0.0,0.0,0.0
859684.289,0.0,2.0,2.0,-0.18000000715255737,-0.0,0.0,0.0,0.0,-2.0,0.0,0.0,0.0,0.0,0.0
859693.178,0.0,3.0,3.0,-0.27000001072883606,-0.0,0.0,0.0,0.0,-2.0,0.0,0.0,0.0,0.0,0.0
859704.021,0.0,3.0,3.0,-0.27000001072883606,-0.0,0.0,0.0,0.0,0.0,0.0,0.0,0.0,0.0,0.0
859713.191,0.0,-3.0,-3.0,0.27000001072883606,0.0,0.0,0.0,0.0,-5.0,0.0,0.0,0.0,0.0,0.0
859723.315,0.0,0.0,0.0,0.0,0.0,0.0,0.0,0.0,-2.0,0.0,0.0,0.0,0.0,0.0
859733.178,0.0,3.0,3.0,-0.27000001072883606,-0.0,0.0,0.0,0.0,-2.0,0.0,0.0,0.0,0.0,0.0
859743.186,0.0,1.0,1.0,-0.09000000357627869,-0.0,0.0,0.0,0.0,-2.0,0.0,0.0,0.0,0.0,0.0
859753.127,0.0,0.0,0.0,0.0,0.0,0.0,0.0,0.0,-3.0,0.0,0.0,0.0,0.0,0.0
859764.021,0.0,3.0,3.0,-0.27000001072883606,-0.0,0.0,0.0,0.0,-1.0,0.0,0.0,0.0,0.0,0.0
859774.021,0.0,-1.0,-1.0,0.09000000357627869,0.0,0.0,0.0,0.0,-2.0,0.0,0.0,0.0,0.0,0.0
859783.186,0.0,-2.0,-2.0,0.18000000715255737,0.0,0.0,0.0,0.0,-4.0,0.0,0.0,0.0,0.0,0.0
859793.48,0.0,0.0,0.0,0.0,0.0,0.0,0.0,0.0,-1.0,0.0,0.0,0.0,0.0,0.0
859804.021,0.0,0.0,0.0,0.0,0.0,0.0,0.0,0.0,-2.0,0.0,0.0,0.0,0.0,0.0
859814.021,0.0,3.0,3.0,-0.27000001072883606,-0.0,0.0,0.0,0.0,0.0,0.0,0.0,0.0,0.0,0.0
859823.201,0.0,2.0,2.0,-0.18000000715255737,-0.0,0.0,0.0,0.0,-4.0,0.0,0.0,0.0,0.0,0.0
859833.178,0.0,1.0,1.0,-0.09000000357627869,-0.0,0.0,0.0,0.0,-1.0,0.0,0.0,0.0,0.0,0.0
859843.178,0.0,0.0,0.0,0.0,0.0,0.0,0.0,0.0,-3.0,0.0,0.0,0.0,0.0,0.0
859854.022,0.0,-1.0,-1.0,0.09000000357627869,0.0,0.0,0.0,0.0,-1.0,0.0,0.0,0.0,0.0,0.0
859863.478,0.0,-1.0,-1.0,0.09000000357627869,0.0,0.0,0.0,0.0,-1.0,0.0,0.0,0.0,0.0,0.0
859873.178,0.0,2.0,2.0,-0.18000000715255737,-0.0,0.0,0.0,0.0,-2.0,0.0,0.0,0.0,0.0,0.0
859883.188,0.0,0.0,0.0,0.0,0.0,0.0,0.0,0.0,-1.0,0.0,0.0,0.0,0.0,0.0
859893.187,0.0,2.0,2.0,-0.18000000715255737,-0.0,0.0,0.0,0.0,-2.0,0.0,0.0,0.0,0.0,0.0
859903.989,0.0,2.0,2.0,-0.18000000715255737,-0.0,0.0,0.0,0.0,-5.0,0.0,0.0,0.0,0.0,0.0
859913.188,0.0,0.0,0.0,0.0,0.0,0.0,0.0,0.0,-1.0,0.0,0.0,0.0,0.0,0.0
859923.179,0.0,1.0,1.0,-0.09000000357627869,-0.0,0.0,0.0,0.0,-3.0,0.0,0.0,0.0,0.0,0.0
859933.232,0.0,2.0,2.0,-0.18000000715255737,-0.0,0.0,0.0,0.0,0.0,0.0,0.0,0.0,0.0,0.0
859943.129,0.0,2.0,2.0,-0.18000000715255737,-0.0,0.0,0.0,0.0,-3.0,0.0,0.0,0.0,0.0,0.0
859954.021,0.0,3.0,3.0,-0.27000001072883606,-0.0,0.0,0.0,0.0,-2.0,0.0,0.0,0.0,0.0,0.0
859963.179,0.0,-3.0,-3.0,0.27000001072883606,0.0,0.0,0.0,0.0,-2.0,0.0,0.0,0.0,0.0,0.0
859973.186,0.0,2.0,2.0,-0.18000000715255737,-0.0,0.0,0.0,0.0,-1.0,0.0,0.0,0.0,0.0,0.0
859983.128,0.0,2.0,2.0,-0.18000000715255737,-0.0,0.0,0.0,0.0,-1.0,0.0,0.0,0.0,0.0,0.0
859994.021,0.0,0.0,0.0,0.0,0.0,0.0,0.0,0.0,0.0,0.0,0.0,0.0,0.0,0.0
860003.178,0.0,-2.0,-2.0,0.18000000715255737,0.0,0.0,0.0,0.0,-3.0,0.0,0.0,0.0,0.0,0.0
860014.021,0.0,0.0,0.0,0.0,0.0,0.0,0.0,0.0,2.0,0.0,0.0,0.0,0.0,0.0
860023.189,0.0,0.0,0.0,0.0,0.0,0.0,0.0,0.0,2.0,0.0,0.0,0.0,0.0,0.0
860033.19,0.0,-1.0,-1.0,0.09000000357627869,0.0,0.0,0.0,0.0,-2.0,0.0,0.0,0.0,0.0,0.0
860043.179,0.0,1.0,1.0,-0.09000000357627869,-0.0,0.0,0.0,0.0,-1.0,0.0,0.0,0.0,0.0,0.0
860053.387,0.0,4.0,0.0,0.0,0.0,0.0,0.0,0.0,-3.0,0.0,0.0,0.0,0.0,0.0
860064.021,0.0,4.0,4.0,-0.36000001430511475,-0.0,0.0,0.0,0.0,-2.0,0.0,0.0,0.0,0.0,0.0
860074.025,0.0,2.0,2.0,-0.18000000715255737,-0.0,0.0,0.0,0.0,1.0,0.0,0.0,0.0,0.0,0.0
860083.457,0.0,1.0,1.0,-0.09000000357627869,-0.0,0.0,0.0,0.0,-4.0,0.0,0.0,0.0,0.0,0.0
860094.316,0.0,0.0,0.0,0.0,0.0,0.0,0.0,0.0,-2.0,0.0,0.0,0.0,0.0,0.0
860103.183,0.0,1.0,1.0,-0.09000000357627869,-0.0,0.0,0.0,0.0,-4.0,0.0,0.0,0.0,0.0,0.0
860114.021,0.0,2.0,2.0,-0.18000000715255737,-0.0,0.0,0.0,0.0,-2.0,0.0,0.0,0.0,0.0,0.0
860123.913,0.0,0.0,0.0,0.0,0.0,0.0,0.0,0.0,-4.0,0.0,0.0,0.0,0.0,0.0
860134.021,0.0,2.0,2.0,-0.18000000715255737,-0.0,0.0,0.0,0.0,-6.0,0.0,0.0,0.0,0.0,0.0
860143.178,0.0,-1.0,-1.0,0.09000000357627869,0.0,0.0,0.0,0.0,-4.0,0.0,0.0,0.0,0.0,0.0
860153.272,0.0,4.0,4.0,-0.36000001430511475,-0.0,0.0,0.0,0.0,-3.0,0.0,0.0,0.0,0.0,0.0
860163.127,0.0,3.0,3.0,-0.27000001072883606,-0.0,0.0,0.0,0.0,0.0,0.0,0.0,0.0,0.0,0.0
860173.179,0.0,2.0,2.0,-0.18000000715255737,-0.0,0.0,0.0,0.0,-2.0,0.0,0.0,0.0,0.0,0.0
860183.414,0.0,0.0,0.0,0.0,0.0,0.0,0.0,0.0,-2.0,0.0,0.0,0.0,0.0,0.0
860193.175,0.0,-2.0,-2.0,0.18000000715255737,0.0,0.0,0.0,0.0,-1.0,0.0,0.0,0.0,0.0,0.0
860203.178,0.0,0.0,0.0,0.0,0.0,0.0,0.0,0.0,-3.0,0.0,0.0,0.0,0.0,0.0
860214.021,0.0,3.0,3.0,-0.27000001072883606,-0.0,0.0,0.0,0.0,1.0,0.0,0.0,0.0,0.0,0.0
860225.029,0.0,3.0,3.0,-0.27000001072883606,-0.0,0.0,0.0,0.0,-2.0,0.0,0.0,0.0,0.0,0.0
860233.175,0.0,3.0,3.0,-0.27000001072883606,-0.0,0.0,0.0,0.0,-2.0,0.0,0.0,0.0,0.0,0.0
860243.184,0.0,3.0,3.0,-0.27000001072883606,-0.0,0.0,0.0,0.0,-4.0,0.0,0.0,0.0,0.0,0.0
860253.186,0.0,0.0,0.0,0.0,0.0,0.0,0.0,0.0,-4.0,0.0,0.0,0.0,0.0,0.0
860263.89,0.0,2.0,2.0,-0.18000000715255737,-0.0,0.0,0.0,0.0,-2.0,0.0,0.0,0.0,0.0,0.0
860273.178,0.0,1.0,1.0,-0.09000000357627869,-0.0,0.0,0.0,0.0,-1.0,0.0,0.0,0.0,0.0,0.0
860284.021,0.0,2.0,2.0,-0.18000000715255737,-0.0,0.0,0.0,0.0,-1.0,0.0,0.0,0.0,0.0,0.0
860294.021,0.0,0.0,0.0,0.0,0.0,0.0,0.0,0.0,-3.0,0.0,0.0,0.0,0.0,0.0
860303.542,0.0,0.0,0.0,0.0,0.0,0.0,0.0,0.0,-3.0,0.0,0.0,0.0,0.0,0.0
860313.179,0.0,3.0,3.0,-0.27000001072883606,-0.0,0.0,0.0,0.0,-4.0,0.0,0.0,0.0,0.0,0.0
860323.178,0.0,-1.0,-1.0,0.09000000357627869,0.0,0.0,0.0,0.0,-3.0,0.0,0.0,0.0,0.0,0.0
860333.187,0.0,2.0,2.0,-0.18000000715255737,-0.0,0.0,0.0,0.0,-4.0,0.0,0.0,0.0,0.0,0.0
860344.021,0.0,-1.0,1.0,-0.09000000357627869,-0.0,0.0,0.0,0.0,-3.0,0.0,0.0,0.0,0.0,0.0
860353.179,0.0,3.0,3.0,-0.27000001072883606,-0.0,0.0,0.0,0.0,-4.0,0.0,0.0,0.0,0.0,0.0
860359.103,0.0,3.0,3.0,-0.27000001072883606,-0.0,0.0,0.0,0.0,0.0,0.0,0.0,0.0,0.0,0.0
860373.195,0.0,2.0,2.0,-0.18000000715255737,-0.0,0.0,0.0,0.0,-2.0,0.0,0.0,0.0,0.0,0.0
860383.179,0.0,0.0,0.0,0.0,0.0,0.0,0.0,0.0,-3.0,0.0,0.0,0.0,0.0,0.0
860393.179,0.0,1.0,1.0,-0.09000000357627869,-0.0,0.0,0.0,0.0,3.0,0.0,0.0,0.0,0.0,0.0
860403.226,0.0,0.0,0.0,0.0,0.0,0.0,0.0,0.0,-3.0,0.0,0.0,0.0,0.0,0.0
860413.128,0.0,3.0,3.0,-0.27000001072883606,-0.0,0.0,0.0,0.0,-4.0,0.0,0.0,0.0,0.0,0.0
860424.021,0.0,2.0,2.0,-0.18000000715255737,-0.0,0.0,0.0,0.0,-3.0,0.0,0.0,0.0,0.0,0.0
860432.022,0.0,0.0,0.0,0.0,0.0,0.0,0.0,0.0,-3.0,0.0,0.0,0.0,0.0,0.0
860444.029,0.0,1.0,1.0,-0.09000000357627869,-0.0,0.0,0.0,0.0,-5.0,0.0,0.0,0.0,0.0,0.0
860453.952,0.0,1.0,1.0,-0.09000000357627869,-0.0,0.0,0.0,0.0,-5.0,0.0,0.0,0.0,0.0,0.0
860461.021,0.0,-2.0,-2.0,0.18000000715255737,0.0,0.0,0.0,0.0,-3.0,0.0,0.0,0.0,0.0,0.0
860474.021,0.0,-1.0,-1.0,0.09000000357627869,0.0,0.0,0.0,0.0,-3.0,0.0,0.0,0.0,0.0,0.0
860483.19,0.0,0.0,0.0,0.0,0.0,0.0,0.0,0.0,-5.0,0.0,0.0,0.0,0.0,0.0
860493.178,0.0,-1.0,-1.0,0.09000000357627869,0.0,0.0,0.0,0.0,-4.0,0.0,0.0,0.0,0.0,0.0
860504.021,0.0,3.0,3.0,-0.27000001072883606,-0.0,0.0,0.0,0.0,-6.0,0.0,0.0,0.0,0.0,0.0
860513.179,0.0,3.0,3.0,-0.27000001072883606,-0.0,0.0,0.0,0.0,-2.0,0.0,0.0,0.0,0.0,0.0
860523.3,0.0,2.0,2.0,-0.18000000715255737,-0.0,0.0,0.0,0.0,-2.0,0.0,0.0,0.0,0.0,0.0
860533.178,0.0,1.0,1.0,-0.09000000357627869,-0.0,0.0,0.0,0.0,0.0,0.0,0.0,0.0,0.0,0.0
860543.178,0.0,-3.0,-3.0,0.27000001072883606,0.0,0.0,0.0,0.0,-1.0,0.0,0.0,0.0,0.0,0.0
860554.021,0.0,4.0,4.0,-0.36000001430511475,-0.0,0.0,0.0,0.0,-4.0,0.0,0.0,0.0,0.0,0.0
860564.167,0.0,2.0,2.0,-0.18000000715255737,-0.0,0.0,0.0,0.0,-1.0,0.0,0.0,0.0,0.0,0.0
860574.021,0.0,1.0,1.0,-0.09000000357627869,-0.0,0.0,0.0,0.0,-1.0,0.0,0.0,0.0,0.0,0.0
860583.179,0.0,0.0,0.0,0.0,0.0,0.0,0.0,0.0,0.0,0.0,0.0,0.0,0.0,0.0
860592.915,0.0,-1.0,-1.0,0.09000000357627869,0.0,0.0,0.0,0.0,0.0,0.0,0.0,0.0,0.0,0.0
860604.021,0.0,2.0,2.0,-0.18000000715255737,-0.0,0.0,0.0,0.0,-3.0,0.0,0.0,0.0,0.0,0.0
860613.178,0.0,1.0,1.0,-0.09000000357627869,-0.0,0.0,0.0,0.0,0.0,0.0,0.0,0.0,0.0,0.0
860623.354,0.0,3.0,3.0,-0.27000001072883606,-0.0,0.0,0.0,0.0,-6.0,0.0,0.0,0.0,0.0,0.0
860633.479,0.0,3.0,3.0,-0.27000001072883606,-0.0,0.0,0.0,0.0,-2.0,0.0,0.0,0.0,0.0,0.0
860644.021,0.0,3.0,3.0,-0.27000001072883606,-0.0,0.0,0.0,0.0,-5.0,0.0,0.0,0.0,0.0,0.0
860654.021,0.0,0.0,0.0,0.0,0.0,0.0,0.0,0.0,-1.0,0.0,0.0,0.0,0.0,0.0
860664.029,0.0,2.0,2.0,-0.18000000715255737,-0.0,0.0,0.0,0.0,-4.0,0.0,0.0,0.0,0.0,0.0
860673.175,0.0,2.0,2.0,-0.18000000715255737,-0.0,0.0,0.0,0.0,-2.0,0.0,0.0,0.0,0.0,0.0
860683.181,0.0,1.0,1.0,-0.09000000357627869,-0.0,0.0,0.0,0.0,-2.0,0.0,0.0,0.0,0.0,0.0
860693.179,0.0,-1.0,-1.0,0.09000000357627869,0.0,0.0,0.0,0.0,-2.0,0.0,0.0,0.0,0.0,0.0
860703.214,0.0,2.0,2.0,-0.18000000715255737,-0.0,0.0,0.0,0.0,4.0,0.0,0.0,0.0,0.0,0.0
860713.178,0.0,3.0,3.0,-0.27000001072883606,-0.0,0.0,0.0,0.0,-1.0,0.0,0.0,0.0,0.0,0.0
860724.021,0.0,1.0,1.0,-0.09000000357627869,-0.0,0.0,0.0,0.0,-3.0,0.0,0.0,0.0,0.0,0.0
860733.179,0.0,-1.0,-1.0,0.09000000357627869,0.0,0.0,0.0,0.0,-2.0,0.0,0.0,0.0,0.0,0.0
860743.779,0.0,0.0,0.0,0.0,0.0,0.0,0.0,0.0,-2.0,0.0,0.0,0.0,0.0,0.0
860753.179,0.0,1.0,1.0,-0.09000000357627869,-0.0,0.0,0.0,0.0,-2.0,0.0,0.0,0.0,0.0,0.0
860763.178,0.0,1.0,1.0,-0.09000000357627869,-0.0,0.0,0.0,0.0,-2.0,0.0,0.0,0.0,0.0,0.0
860774.022,0.0,1.0,1.0,-0.09000000357627869,-0.0,0.0,0.0,0.0,-4.0,0.0,0.0,0.0,0.0,0.0
860783.183,0.0,-1.0,-1.0,0.09000000357627869,0.0,0.0,0.0,0.0,-3.0,0.0,0.0,0.0,0.0,0.0
860794.021,0.0,0.0,0.0,0.0,0.0,0.0,0.0,0.0,-3.0,0.0,0.0,0.0,0.0,0.0
860803.195,0.0,3.0,3.0,-0.27000001072883606,-0.0,0.0,0.0,0.0,-4.0,0.0,0.0,0.0,0.0,0.0
860812.73,0.0,2.0,2.0,-0.18000000715255737,-0.0,0.0,0.0,0.0,-3.0,0.0,0.0,0.0,0.0,0.0
860823.175,0.0,2.0,2.0,-0.18000000715255737,-0.0,0.0,0.0,0.0,-3.0,0.0,0.0,0.0,0.0,0.0
860831.021,0.0,2.0,2.0,-0.18000000715255737,-0.0,0.0,0.0,0.0,1.0,0.0,0.0,0.0,0.0,0.0
860844.022,0.0,0.0,0.0,0.0,0.0,0.0,0.0,0.0,-5.0,0.0,0.0,0.0,0.0,0.0
860852.574,0.0,1.0,1.0,-0.09000000357627869,-0.0,0.0,0.0,0.0,-1.0,0.0,0.0,0.0,0.0,0.0
860864.344,0.0,2.0,0.0,0.0,0.0,0.0,0.0,0.0,-1.0,0.0,0.0,0.0,0.0,0.0
860873.178,0.0,2.0,2.0,-0.18000000715255737,-0.0,0.0,0.0,0.0,-2.0,0.0,0.0,0.0,0.0,0.0
860883.179,0.0,2.0,2.0,-0.18000000715255737,-0.0,0.0,0.0,0.0,-2.0,0.0,0.0,0.0,0.0,0.0
860893.249,0.0,-2.0,2.0,-0.18000000715255737,-0.0,0.0,0.0,0.0,-3.0,0.0,0.0,0.0,0.0,0.0
860903.171,0.0,3.0,3.0,-0.27000001072883606,-0.0,0.0,0.0,0.0,0.0,0.0,0.0,0.0,0.0,0.0
860913.179,0.0,-1.0,-1.0,0.09000000357627869,0.0,0.0,0.0,0.0,0.0,0.0,0.0,0.0,0.0,0.0
860924.021,0.0,0.0,0.0,0.0,0.0,0.0,0.0,0.0,-2.0,0.0,0.0,0.0,0.0,0.0
860933.546,0.0,1.0,1.0,-0.09000000357627869,-0.0,0.0,0.0,0.0,-1.0,0.0,0.0,0.0,0.0,0.0
860944.021,0.0,-1.0,-1.0,0.09000000357627869,0.0,0.0,0.0,0.0,-2.0,0.0,0.0,0.0,0.0,0.0
860954.021,0.0,4.0,4.0,-0.36000001430511475,-0.0,0.0,0.0,0.0,-1.0,0.0,0.0,0.0,0.0,0.0
860964.021,0.0,1.0,1.0,-0.09000000357627869,-0.0,0.0,0.0,0.0,0.0,0.0,0.0,0.0,0.0,0.0
860974.188,0.0,1.0,1.0,-0.09000000357627869,-0.0,0.0,0.0,0.0,-3.0,0.0,0.0,0.0,0.0,0.0
860983.179,0.0,1.0,1.0,-0.09000000357627869,-0.0,0.0,0.0,0.0,-2.0,0.0,0.0,0.0,0.0,0.0
860994.029,0.0,1.0,-1.0,0.09000000357627869,0.0,0.0,0.0,0.0,1.0,0.0,0.0,0.0,0.0,0.0
861004.107,0.0,1.0,1.0,-0.09000000357627869,-0.0,0.0,0.0,0.0,1.0,0.0,0.0,0.0,0.0,0.0
861014.021,0.0,0.0,0.0,0.0,0.0,0.0,0.0,0.0,-2.0,0.0,0.0,0.0,0.0,0.0
861024.021,0.0,2.0,2.0,-0.18000000715255737,-0.0,0.0,0.0,0.0,-2.0,0.0,0.0,0.0,0.0,0.0
861034.2,0.0,1.0,1.0,-0.09000000357627869,-0.0,0.0,0.0,0.0,-2.0,0.0,0.0,0.0,0.0,0.0
861044.021,0.0,0.0,0.0,0.0,0.0,0.0,0.0,0.0,-1.0,0.0,0.0,0.0,0.0,0.0
861054.022,0.0,1.0,1.0,-0.09000000357627869,-0.0,0.0,0.0,0.0,0.0,0.0,0.0,0.0,0.0,0.0
861063.197,0.0,2.0,2.0,-0.18000000715255737,-0.0,0.0,0.0,0.0,-3.0,0.0,0.0,0.0,0.0,0.0
861074.021,0.0,2.0,2.0,-0.18000000715255737,-0.0,0.0,0.0,0.0,-1.0,0.0,0.0,0.0,0.0,0.0
861083.178,0.0,2.0,2.0,-0.18000000715255737,-0.0,0.0,0.0,0.0,-1.0,0.0,0.0,0.0,0.0,0.0
861093.939,0.0,0.0,0.0,0.0,0.0,0.0,0.0,0.0,0.0,0.0,0.0,0.0,0.0,0.0
861103.175,0.0,0.0,0.0,0.0,0.0,0.0,0.0,0.0,-3.0,0.0,0.0,0.0,0.0,0.0
861114.021,0.0,2.0,2.0,-0.18000000715255737,-0.0,0.0,0.0,0.0,-4.0,0.0,0.0,0.0,0.0,0.0
861124.021,0.0,2.0,2.0,-0.18000000715255737,-0.0,0.0,0.0,0.0,1.0,0.0,0.0,0.0,0.0,0.0
861133.797,0.0,-2.0,-2.0,0.18000000715255737,0.0,0.0,0.0,0.0,0.0,0.0,0.0,0.0,0.0,0.0
861142.028,0.0,3.0,3.0,-0.27000001072883606,-0.0,0.0,0.0,0.0,-4.0,0.0,0.0,0.0,0.0,0.0
861153.179,0.0,0.0,0.0,0.0,0.0,0.0,0.0,0.0,-4.0,0.0,0.0,0.0,0.0,0.0
861164.021,0.0,2.0,2.0,-0.18000000715255737,-0.0,0.0,0.0,0.0,-5.0,0.0,0.0,0.0,0.0,0.0
861172.127,0.0,1.0,1.0,-0.09000000357627869,-0.0,0.0,0.0,0.0,-4.0,0.0,0.0,0.0,0.0,0.0
861183.136,0.0,-1.0,-1.0,0.09000000357627869,0.0,0.0,0.0,0.0,0.0,0.0,0.0,0.0,0.0,0.0
861194.021,0.0,3.0,3.0,-0.27000001072883606,-0.0,0.0,0.0,0.0,-4.0,0.0,0.0,0.0,0.0,0.0
861203.178,0.0,1.0,1.0,-0.09000000357627869,-0.0,0.0,0.0,0.0,-1.0,0.0,0.0,0.0,0.0,0.0
861213.186,0.0,1.0,1.0,-0.09000000357627869,-0.0,0.0,0.0,0.0,-1.0,0.0,0.0,0.0,0.0,0.0
861223.178,0.0,0.0,0.0,0.0,0.0,0.0,0.0,0.0,-3.0,0.0,0.0,0.0,0.0,0.0
861233.179,0.0,0.0,0.0,0.0,0.0,0.0,0.0,0.0,-4.0,0.0,0.0,0.0,0.0,0.0
861244.029,0.0,0.0,0.0,0.0,0.0,0.0,0.0,0.0,-2.0,0.0,0.0,0.0,0.0,0.0
861254.021,0.0,3.0,3.0,-0.27000001072883606,-0.0,0.0,0.0,0.0,-2.0,0.0,0.0,0.0,0.0,0.0
861264.021,0.0,1.0,1.0,-0.09000000357627869,-0.0,0.0,0.0,0.0,-2.0,0.0,0.0,0.0,0.0,0.0
861274.022,0.0,-1.0,-1.0,0.09000000357627869,0.0,0.0,0.0,0.0,0.0,0.0,0.0,0.0,0.0,0.0
861283.182,0.0,3.0,3.0,-0.27000001072883606,-0.0,0.0,0.0,0.0,-2.0,0.0,0.0,0.0,0.0,0.0
861293.179,0.0,0.0,0.0,0.0,0.0,0.0,0.0,0.0,-7.0,0.0,0.0,0.0,0.0,0.0
861304.021,0.0,1.0,1.0,-0.09000000357627869,-0.0,0.0,0.0,0.0,-1.0,0.0,0.0,0.0,0.0,0.0
861314.021,0.0,0.0,0.0,0.0,0.0,0.0,0.0,0.0,-3.0,0.0,0.0,0.0,0.0,0.0
861323.183,0.0,0.0,0.0,0.0,0.0,0.0,0.0,0.0,-3.0,0.0,0.0,0.0,0.0,0.0
861333.195,0.0,2.0,2.0,-0.18000000715255737,-0.0,0.0,0.0,0.0,-4.0,0.0,0.0,0.0,0.0,0.0
861344.021,0.0,4.0,4.0,-0.36000001430511475,-0.0,0.0,0.0,0.0,-3.0,0.0,0.0,0.0,0.0,0.0
861354.021,0.0,3.0,3.0,-0.27000001072883606,-0.0,0.0,0.0,0.0,0.0,0.0,0.0,0.0,0.0,0.0
861362.021,0.0,-2.0,-2.0,0.18000000715255737,0.0,0.0,0.0,0.0,0.0,0.0,0.0,0.0,0.0,0.0
861374.021,0.0,2.0,2.0,-0.18000000715255737,-0.0,0.0,0.0,0.0,-5.0,0.0,0.0,0.0,0.0,0.0
861384.021,0.0,0.0,0.0,0.0,0.0,0.0,0.0,0.0,-1.0,0.0,0.0,0.0,0.0,0.0
861393.183,0.0,2.0,2.0,-0.18000000715255737,-0.0,0.0,0.0,0.0,-2.0,0.0,0.0,0.0,0.0,0.0
861403.343,0.0,1.0,1.0,-0.09000000357627869,-0.0,0.0,0.0,0.0,-1.0,0.0,0.0,0.0,0.0,0.0
861413.174,0.0,2.0,2.0,-0.18000000715255737,-0.0,0.0,0.0,0.0,0.0,0.0,0.0,0.0,0.0,0.0
861423.182,0.0,2.0,2.0,-0.18000000715255737,-0.0,0.0,0.0,0.0,-3.0,0.0,0.0,0.0,0.0,0.0
861433.179,0.0,-1.0,-1.0,0.09000000357627869,0.0,0.0,0.0,0.0,-5.0,0.0,0.0,0.0,0.0,0.0
861443.785,0.0,1.0,1.0,-0.09000000357627869,-0.0,0.0,0.0,0.0,-3.0,0.0,0.0,0.0,0.0,0.0
861454.021,0.0,0.0,0.0,0.0,0.0,0.0,0.0,0.0,-2.0,0.0,0.0,0.0,0.0,0.0
861463.179,0.0,0.0,0.0,0.0,0.0,0.0,0.0,0.0,-1.0,0.0,0.0,0.0,0.0,0.0
861473.817,0.0,4.0,4.0,-0.36000001430511475,-0.0,0.0,0.0,0.0,-3.0,0.0,0.0,0.0,0.0,0.0
861483.175,0.0,2.0,2.0,-0.18000000715255737,-0.0,0.0,0.0,0.0,-3.0,0.0,0.0,0.0,0.0,0.0
861493.178,0.0,-1.0,-1.0,0.09000000357627869,0.0,0.0,0.0,0.0,-2.0,0.0,0.0,0.0,0.0,0.0
861503.179,0.0,1.0,1.0,-0.09000000357627869,-0.0,0.0,0.0,0.0,-5.0,0.0,0.0,0.0,0.0,0.0
861514.036,0.0,3.0,4.0,-0.36000001430511475,-0.0,0.0,0.0,0.0,0.0,0.0,0.0,0.0,0.0,0.0
861524.021,0.0,1.0,1.0,-0.09000000357627869,-0.0,0.0,0.0,0.0,-4.0,0.0,0.0,0.0,0.0,0.0
861534.021,0.0,2.0,2.0,-0.18000000715255737,-0.0,0.0,0.0,0.0,-1.0,0.0,0.0,0.0,0.0,0.0
861543.19,0.0,4.0,4.0,-0.36000001430511475,-0.0,0.0,0.0,0.0,-1.0,0.0,0.0,0.0,0.0,0.0
861553.186,0.0,2.0,2.0,-0.18000000715255737,-0.0,0.0,0.0,0.0,-1.0,0.0,0.0,0.0,0.0,0.0
861564.021,0.0,1.0,1.0,-0.09000000357627869,-0.0,0.0,0.0,0.0,0.0,0.0,0.0,0.0,0.0,0.0
861574.021,0.0,1.0,1.0,-0.09000000357627869,-0.0,0.0,0.0,0.0,-3.0,0.0,0.0,0.0,0.0,0.0
861584.021,0.0,0.0,0.0,0.0,0.0,0.0,0.0,0.0,-1.0,0.0,0.0,0.0,0.0,0.0
861593.183,0.0,0.0,0.0,0.0,0.0,0.0,0.0,0.0,-1.0,0.0,0.0,0.0,0.0,0.0
861604.021,0.0,1.0,1.0,-0.09000000357627869,-0.0,0.0,0.0,0.0,-2.0,0.0,0.0,0.0,0.0,0.0
861614.022,0.0,1.0,1.0,-0.09000000357627869,-0.0,0.0,0.0,0.0,0.0,0.0,0.0,0.0,0.0,0.0
861624.021,0.0,3.0,3.0,-0.27000001072883606,-0.0,0.0,0.0,0.0,-3.0,0.0,0.0,0.0,0.0,0.0
861633.186,0.0,3.0,3.0,-0.27000001072883606,-0.0,0.0,0.0,0.0,-3.0,0.0,0.0,0.0,0.0,0.0
861643.179,0.0,0.0,0.0,0.0,0.0,0.0,0.0,0.0,-5.0,0.0,0.0,0.0,0.0,0.0
861653.178,0.0,2.0,2.0,-0.18000000715255737,-0.0,0.0,0.0,0.0,-3.0,0.0,0.0,0.0,0.0,0.0
861663.585,0.0,2.0,2.0,-0.18000000715255737,-0.0,0.0,0.0,0.0,-4.0,0.0,0.0,0.0,0.0,0.0
861673.175,0.0,2.0,2.0,-0.18000000715255737,-0.0,0.0,0.0,0.0,-4.0,0.0,0.0,0.0,0.0,0.0
861684.021,0.0,0.0,0.0,0.0,0.0,0.0,0.0,0.0,-3.0,0.0,0.0,0.0,0.0,0.0
861693.19,0.0,2.0,2.0,-0.18000000715255737,-0.0,0.0,0.0,0.0,-2.0,0.0,0.0,0.0,0.0,0.0
861703.127,0.0,2.0,2.0,-0.18000000715255737,-0.0,0.0,0.0,0.0,-2.0,0.0,0.0,0.0,0.0,0.0
861714.021,0.0,2.0,2.0,-0.18000000715255737,-0.0,0.0,0.0,0.0,-5.0,0.0,0.0,0.0,0.0,0.0
861723.179,0.0,3.0,3.0,-0.27000001072883606,-0.0,0.0,0.0,0.0,-3.0,0.0,0.0,0.0,0.0,0.0
861733.454,0.0,1.0,1.0,-0.09000000357627869,-0.0,0.0,0.0,0.0,-4.0,0.0,0.0,0.0,0.0,0.0
861744.021,0.0,3.0,3.0,-0.27000001072883606,-0.0,0.0,0.0,0.0,-3.0,0.0,0.0,0.0,0.0,0.0
861754.021,0.0,0.0,0.0,0.0,0.0,0.0,0.0,0.0,-5.0,0.0,0.0,0.0,0.0,0.0
861763.179,0.0,3.0,3.0,-0.27000001072883606,-0.0,0.0,0.0,0.0,-4.0,0.0,0.0,0.0,0.0,0.0
861773.443,0.0,2.0,2.0,-0.18000000715255737,-0.0,0.0,0.0,0.0,-2.0,0.0,0.0,0.0,0.0,0.0
861783.179,0.0,0.0,0.0,0.0,0.0,0.0,0.0,0.0,-2.0,0.0,0.0,0.0,0.0,0.0
861794.021,0.0,-1.0,-1.0,0.09000000357627869,0.0,0.0,0.0,0.0,-4.0,0.0,0.0,0.0,0.0,0.0
861803.451,0.0,3.0,3.0,-0.27000001072883606,-0.0,0.0,0.0,0.0,-6.0,0.0,0.0,0.0,0.0,0.0
861813.175,0.0,1.0,1.0,-0.09000000357627869,-0.0,0.0,0.0,0.0,-3.0,0.0,0.0,0.0,0.0,0.0
861823.182,0.0,0.0,0.0,0.0,0.0,0.0,0.0,0.0,-3.0,0.0,0.0,0.0,0.0,0.0
861833.462,0.0,1.0,1.0,-0.09000000357627869,-0.0,0.0,0.0,0.0,-5.0,0.0,0.0,0.0,0.0,0.0
861843.178,0.0,0.0,0.0,0.0,0.0,0.0,0.0,0.0,-4.0,0.0,0.0,0.0,0.0,0.0
861852.022,0.0,4.0,4.0,-0.36000001430511475,-0.0,0.0,0.0,0.0,0.0,0.0,0.0,0.0,0.0,0.0
861863.956,0.0,3.0,3.0,-0.27000001072883606,-0.0,0.0,0.0,0.0,-2.0,0.0,0.0,0.0,0.0,0.0
861873.174,0.0,-1.0,-1.0,0.09000000357627869,0.0,0.0,0.0,0.0,-1.0,0.0,0.0,0.0,0.0,0.0
861882.022,0.0,2.0,2.0,-0.18000000715255737,-0.0,0.0,0.0,0.0,-1.0,0.0,0.0,0.0,0.0,0.0
861894.022,0.0,0.0,0.0,0.0,0.0,0.0,0.0,0.0,0.0,0.0,0.0,0.0,0.0,0.0
861903.805,0.0,1.0,1.0,-0.09000000357627869,-0.0,0.0,0.0,0.0,-4.0,0.0,0.0,0.0,0.0,0.0
861913.182,0.0,2.0,2.0,-0.18000000715255737,-0.0,0.0,0.0,0.0,-1.0,0.0,0.0,0.0,0.0,0.0
861923.178,0.0,3.0,3.0,-0.27000001072883606,-0.0,0.0,0.0,0.0,-4.0,0.0,0.0,0.0,0.0,0.0
861934.021,0.0,1.0,1.0,-0.09000000357627869,-0.0,0.0,0.0,0.0,-2.0,0.0,0.0,0.0,0.0,0.0
861944.166,0.0,1.0,1.0,-0.09000000357627869,-0.0,0.0,0.0,0.0,-1.0,0.0,0.0,0.0,0.0,0.0
861953.178,0.0,1.0,1.0,-0.09000000357627869,-0.0,0.0,0.0,0.0,-1.0,0.0,0.0,0.0,0.0,0.0
861963.179,0.0,2.0,2.0,-0.18000000715255737,-0.0,0.0,0.0,0.0,-1.0,0.0,0.0,0.0,0.0,0.0
861973.186,0.0,0.0,0.0,0.0,0.0,0.0,0.0,0.0,-2.0,0.0,0.0,0.0,0.0,0.0
861983.422,0.0,0.0,0.0,0.0,0.0,0.0,0.0,0.0,-2.0,0.0,0.0,0.0,0.0,0.0
861994.021,0.0,1.0,1.0,-0.09000000357627869,-0.0,0.0,0.0,0.0,-2.0,0.0,0.0,0.0,0.0,0.0
862003.183,0.0,4.0,4.0,-0.36000001430511475,-0.0,0.0,0.0,0.0,-2.0,0.0,0.0,0.0,0.0,0.0
862013.404,0.0,1.0,1.0,-0.09000000357627869,-0.0,0.0,0.0,0.0,0.0,0.0,0.0,0.0,0.0,0.0
862023.135,0.0,3.0,3.0,-0.27000001072883606,-0.0,0.0,0.0,0.0,-3.0,0.0,0.0,0.0,0.0,0.0
862034.021,0.0,0.0,0.0,0.0,0.0,0.0,0.0,0.0,0.0,0.0,0.0,0.0,0.0,0.0
862043.178,0.0,1.0,1.0,-0.09000000357627869,-0.0,0.0,0.0,0.0,-4.0,0.0,0.0,0.0,0.0,0.0
862053.887,0.0,1.0,1.0,-0.09000000357627869,-0.0,0.0,0.0,0.0,-2.0,0.0,0.0,0.0,0.0,0.0
862064.021,0.0,1.0,1.0,-0.09000000357627869,-0.0,0.0,0.0,0.0,-3.0,0.0,0.0,0.0,0.0,0.0
862073.178,0.0,2.0,2.0,-0.18000000715255737,-0.0,0.0,0.0,0.0,-1.0,0.0,0.0,0.0,0.0,0.0
862084.021,0.0,-1.0,-1.0,0.09000000357627869,0.0,0.0,0.0,0.0,-2.0,0.0,0.0,0.0,0.0,0.0
862093.198,0.0,1.0,1.0,-0.09000000357627869,-0.0,0.0,0.0,0.0,-1.0,0.0,0.0,0.0,0.0,0.0
862103.179,0.0,0.0,0.0,0.0,0.0,0.0,0.0,0.0,0.0,0.0,0.0,0.0,0.0,0.0
862113.178,0.0,-2.0,-2.0,0.18000000715255737,0.0,0.0,0.0,0.0,-4.0,0.0,0.0,0.0,0.0,0.0
862124.021,0.0,1.0,1.0,-0.09000000357627869,-0.0,0.0,0.0,0.0,0.0,0.0,0.0,0.0,0.0,0.0
862133.182,0.0,1.0,1.0,-0.09000000357627869,-0.0,0.0,0.0,0.0,1.0,0.0,0.0,0.0,0.0,0.0
862143.178,0.0,3.0,3.0,-0.27000001072883606,-0.0,0.0,0.0,0.0,-4.0,0.0,0.0,0.0,0.0,0.0
862151.021,0.0,0.0,0.0,0.0,0.0,0.0,0.0,0.0,-6.0,0.0,0.0,0.0,0.0,0.0
862164.029,0.0,2.0,2.0,-0.18000000715255737,-0.0,0.0,0.0,0.0,-4.0,0.0,0.0,0.0,0.0,0.0
862173.868,0.0,2.0,2.0,-0.18000000715255737,-0.0,0.0,0.0,0.0,-4.0,0.0,0.0,0.0,0.0,0.0
862183.179,0.0,2.0,2.0,-0.18000000715255737,-0.0,0.0,0.0,0.0,-2.0,0.0,0.0,0.0,0.0,0.0
862194.021,0.0,2.0,2.0,-0.18000000715255737,-0.0,0.0,0.0,0.0,3.0,0.0,0.0,0.0,0.0,0.0
862204.021,0.0,3.0,3.0,-0.27000001072883606,-0.0,0.0,0.0,0.0,-3.0,0.0,0.0,0.0,0.0,0.0
862214.029,0.0,3.0,3.0,-0.27000001072883606,-0.0,0.0,0.0,0.0,-3.0,0.0,0.0,0.0,0.0,0.0
862224.021,0.0,-1.0,-1.0,0.09000000357627869,0.0,0.0,0.0,0.0,-2.0,0.0,0.0,0.0,0.0,0.0
862233.285,0.0,0.0,0.0,0.0,0.0,0.0,0.0,0.0,-2.0,0.0,0.0,0.0,0.0,0.0
862243.409,0.0,0.0,0.0,0.0,0.0,0.0,0.0,0.0,0.0,0.0,0.0,0.0,0.0,0.0
862253.179,0.0,-2.0,-2.0,0.18000000715255737,0.0,0.0,0.0,0.0,-2.0,0.0,0.0,0.0,0.0,0.0
862263.179,0.0,1.0,1.0,-0.09000000357627869,-0.0,0.0,0.0,0.0,-1.0,0.0,0.0,0.0,0.0,0.0
862274.021,0.0,-2.0,-2.0,0.18000000715255737,0.0,0.0,0.0,0.0,0.0,0.0,0.0,0.0,0.0,0.0
862281.762,0.0,0.0,0.0,0.0,0.0,0.0,0.0,0.0,0.0,0.0,0.0,0.0,0.0,0.0
862294.021,0.0,2.0,2.0,-0.18000000715255737,-0.0,0.0,0.0,0.0,0.0,0.0,0.0,0.0,0.0,0.0
862304.021,0.0,0.0,0.0,0.0,0.0,0.0,0.0,0.0,-1.0,0.0,0.0,0.0,0.0,0.0
862314.021,0.0,1.0,1.0,-0.09000000357627869,-0.0,0.0,0.0,0.0,-4.0,0.0,0.0,0.0,0.0,0.0
862323.182,0.0,1.0,1.0,-0.09000000357627869,-0.0,0.0,0.0,0.0,-4.0,0.0,0.0,0.0,0.0,0.0
862331.021,0.0,0.0,0.0,0.0,0.0,0.0,0.0,0.0,0.0,0.0,0.0,0.0,0.0,0.0
862344.021,0.0,1.0,1.0,-0.09000000357627869,-0.0,0.0,0.0,0.0,0.0,0.0,0.0,0.0,0.0,0.0
862354.021,0.0,-1.0,-1.0,0.09000000357627869,0.0,0.0,0.0,0.0,-2.0,0.0,0.0,0.0,0.0,0.0
862364.029,0.0,1.0,1.0,-0.09000000357627869,-0.0,0.0,0.0,0.0,-1.0,0.0,0.0,0.0,0.0,0.0
862373.179,0.0,1.0,1.0,-0.09000000357627869,-0.0,0.0,0.0,0.0,-1.0,0.0,0.0,0.0,0.0,0.0
862383.179,0.0,1.0,1.0,-0.09000000357627869,-0.0,0.0,0.0,0.0,-1.0,0.0,0.0,0.0,0.0,0.0
862393.184,0.0,1.0,1.0,-0.09000000357627869,-0.0,0.0,0.0,0.0,-2.0,0.0,0.0,0.0,0.0,0.0
862404.033,0.0,1.0,1.0,-0.09000000357627869,-0.0,0.0,0.0,0.0,-3.0,0.0,0.0,0.0,0.0,0.0
862414.021,0.0,-1.0,-1.0,0.09000000357627869,0.0,0.0,0.0,0.0,0.0,0.0,0.0,0.0,0.0,0.0
862422.021,0.0,1.0,1.0,-0.09000000357627869,-0.0,0.0,0.0,0.0,-3.0,0.0,0.0,0.0,0.0,0.0
862433.179,0.0,1.0,1.0,-0.09000000357627869,-0.0,0.0,0.0,0.0,-2.0,0.0,0.0,0.0,0.0,0.0
862443.182,0.0,0.0,0.0,0.0,0.0,0.0,0.0,0.0,-3.0,0.0,0.0,0.0,0.0,0.0
862454.021,0.0,-3.0,-3.0,0.27000001072883606,0.0,0.0,0.0,0.0,0.0,0.0,0.0,0.0,0.0,0.0
862463.178,0.0,-1.0,-1.0,0.09000000357627869,0.0,0.0,0.0,0.0,-3.0,0.0,0.0,0.0,0.0,0.0
862474.021,0.0,1.0,1.0,-0.09000000357627869,-0.0,0.0,0.0,0.0,-1.0,0.0,0.0,0.0,0.0,0.0
862484.021,0.0,0.0,0.0,0.0,0.0,0.0,0.0,0.0,-1.0,0.0,0.0,0.0,0.0,0.0
862494.021,0.0,0.0,0.0,0.0,0.0,0.0,0.0,0.0,1.0,0.0,0.0,0.0,0.0,0.0
862504.021,0.0,2.0,2.0,-0.18000000715255737,-0.0,0.0,0.0,0.0,-2.0,0.0,0.0,0.0,0.0,0.0
862513.186,0.0,1.0,1.0,-0.09000000357627869,-0.0,0.0,0.0,0.0,-2.0,0.0,0.0,0.0,0.0,0.0
862523.474,0.0,1.0,1.0,-0.09000000357627869,-0.0,0.0,0.0,0.0,-2.0,0.0,0.0,0.0,0.0,0.0
862534.021,0.0,0.0,0.0,0.0,0.0,0.0,0.0,0.0,-1.0,0.0,0.0,0.0,0.0,0.0
862543.178,0.0,3.0,3.0,-0.27000001072883606,-0.0,0.0,0.0,0.0,-3.0,0.0,0.0,0.0,0.0,0.0
862553.186,0.0,1.0,1.0,-0.09000000357627869,-0.0,0.0,0.0,0.0,-4.0,0.0,0.0,0.0,0.0,0.0
862563.497,0.0,1.0,1.0,-0.09000000357627869,-0.0,0.0,0.0,0.0,-4.0,0.0,0.0,0.0,0.0,0.0
862574.021,0.0,0.0,0.0,0.0,0.0,0.0,0.0,0.0,-2.0,0.0,0.0,0.0,0.0,0.0
862583.282,0.0,3.0,3.0,-0.27000001072883606,-0.0,0.0,0.0,0.0,-4.0,0.0,0.0,0.0,0.0,0.0
862593.131,0.0,2.0,2.0,-0.18000000715255737,-0.0,0.0,0.0,0.0,-1.0,0.0,0.0,0.0,0.0,0.0
862604.021,0.0,3.0,3.0,-0.27000001072883606,-0.0,0.0,0.0,0.0,-2.0,0.0,0.0,0.0,0.0,0.0
862613.179,0.0,0.0,0.0,0.0,0.0,0.0,0.0,0.0,-2.0,0.0,0.0,0.0,0.0,0.0
862624.021,0.0,2.0,2.0,-0.18000000715255737,-0.0,0.0,0.0,0.0,-2.0,0.0,0.0,0.0,0.0,0.0
862634.033,0.0,1.0,1.0,-0.09000000357627869,-0.0,0.0,0.0,0.0,2.0,0.0,0.0,0.0,0.0,0.0
862643.178,0.0,1.0,1.0,-0.09000000357627869,-0.0,0.0,0.0,0.0,-1.0,0.0,0.0,0.0,0.0,0.0
862653.179,0.0,2.0,2.0,-0.18000000715255737,-0.0,0.0,0.0,0.0,-2.0,0.0,0.0,0.0,0.0,0.0
862663.404,0.0,2.0,2.0,-0.18000000715255737,-0.0,0.0,0.0,0.0,1.0,0.0,0.0,0.0,0.0,0.0
862673.135,0.0,1.0,1.0,-0.09000000357627869,-0.0,0.0,0.0,0.0,0.0,0.0,0.0,0.0,0.0,0.0
862684.021,0.0,0.0,0.0,0.0,0.0,0.0,0.0,0.0,-1.0,0.0,0.0,0.0,0.0,0.0
862694.021,0.0,-1.0,-1.0,0.09000000357627869,0.0,0.0,0.0,0.0,-3.0,0.0,0.0,0.0,0.0,0.0
862704.02,0.0,-1.0,-1.0,0.09000000357627869,0.0,0.0,0.0,0.0,-2.0,0.0,0.0,0.0,0.0,0.0
862713.801,0.0,-1.0,-1.0,0.09000000357627869,0.0,0.0,0.0,0.0,-2.0,0.0,0.0,0.0,0.0,0.0
862723.182,0.0,0.0,0.0,0.0,0.0,0.0,0.0,0.0,-3.0,0.0,0.0,0.0,0.0,0.0
862733.179,0.0,1.0,1.0,-0.09000000357627869,-0.0,0.0,0.0,0.0,-1.0,0.0,0.0,0.0,0.0,0.0
862745.185,0.0,1.0,1.0,-0.09000000357627869,-0.0,0.0,0.0,0.0,-1.0,0.0,0.0,0.0,0.0,0.0
862754.021,0.0,3.0,3.0,-0.27000001072883606,-0.0,0.0,0.0,0.0,4.0,0.0,0.0,0.0,0.0,0.0
862764.021,0.0,5.0,5.0,-0.45000001788139343,-0.0,0.0,0.0,0.0,2.0,0.0,0.0,0.0,0.0,0.0
862774.029,0.0,3.0,3.0,-0.27000001072883606,-0.0,0.0,0.0,0.0,0.0,0.0,0.0,0.0,0.0,0.0
862783.135,0.0,3.0,3.0,-0.27000001072883606,-0.0,0.0,0.0,0.0,0.0,0.0,0.0,0.0,0.0,0.0
862794.021,0.0,3.0,3.0,-0.27000001072883606,-0.0,0.0,0.0,0.0,-1.0,0.0,0.0,0.0,0.0,0.0
862804.021,0.0,5.0,5.0,-0.45000001788139343,-0.0,0.0,0.0,0.0,0.0,0.0,0.0,0.0,0.0,0.0
862813.202,0.0,3.0,3.0,-0.27000001072883606,-0.0,0.0,0.0,0.0,3.0,0.0,0.0,0.0,0.0,0.0
862823.128,0.0,3.0,3.0,-0.27000001072883606,-0.0,0.0,0.0,0.0,3.0,0.0,0.0,0.0,0.0,0.0
862834.021,0.0,4.0,4.0,-0.36000001430511475,-0.0,0.0,0.0,0.0,-2.0,0.0,0.0,0.0,0.0,0.0
862844.021,0.0,4.0,4.0,-0.36000001430511475,-0.0,0.0,0.0,0.0,-3.0,0.0,0.0,0.0,0.0,0.0
862853.186,0.0,5.0,5.0,-0.45000001788139343,-0.0,0.0,0.0,0.0,-2.0,0.0,0.0,0.0,0.0,0.0
862863.184,0.0,8.0,8.0,-0.7200000286102295,-0.0,0.0,0.0,0.0,-2.0,0.0,0.0,0.0,0.0,0.0
862873.184,0.0,7.0,7.0,-0.6299999952316284,-0.0,0.0,0.0,0.0,-3.0,0.0,0.0,0.0,0.0,0.0
862883.186,0.0,9.0,9.0,-0.8100000619888306,-0.0,0.0,0.0,0.0,-3.0,0.0,0.0,0.0,0.0,0.0
862893.463,0.0,6.0,9.0,-0.8100000619888306,-0.0,0.0,0.0,0.0,-3.0,0.0,0.0,0.0,0.0,0.0
862901.021,0.0,9.0,9.0,-0.8100000619888306,-0.0,0.0,0.0,0.0,-3.0,0.0,0.0,0.0,0.0,0.0
862914.021,0.0,11.0,11.0,-0.9900000095367432,-0.0,0.0,0.0,0.0,-3.0,0.0,0.0,0.0,0.0,0.0
862923.19,0.0,9.0,9.0,-0.8100000619888306,-0.0,0.0,0.0,0.0,-1.0,0.0,0.0,0.0,0.0,0.0
862933.935,0.0,12.0,12.0,-1.0800000429153442,-0.0,0.0,-1.0,-1.0,-3.0,0.0,0.0,0.0,0.0,0.0
862943.179,0.0,11.0,11.0,-0.9900000095367432,-0.0,0.0,0.0,0.0,-2.0,0.0,0.0,0.0,0.0,0.0
862953.179,0.0,13.0,13.0,-1.1700000762939453,-0.0,0.0,-1.0,-1.0,-1.0,0.0,0.0,0.0,0.0,0.0
862964.115,0.0,15.0,15.0,-1.350000023841858,-0.0,0.0,-1.0,-1.0,-3.0,0.0,0.0,0.0,0.0,0.0
862974.021,0.0,15.0,15.0,-1.350000023841858,-0.0,0.0,-1.0,-1.0,-1.0,0.0,0.0,0.0,0.0,0.0
862983.179,0.0,15.0,15.0,-1.350000023841858,-0.0,0.0,-1.0,-1.0,-1.0,0.0,0.0,0.0,0.0,0.0
862994.021,0.0,19.0,19.0,-1.7100000381469727,-0.0,0.0,-1.0,-1.0,-4.0,0.0,0.0,0.0,0.0,0.0
863003.545,0.0,17.0,17.0,-1.53000009059906,-0.0,0.0,-1.0,-1.0,1.0,0.0,0.0,0.0,0.0,0.0
863014.021,0.0,19.0,19.0,-1.7100000381469727,-0.0,0.0,-1.0,-1.0,0.0,0.0,0.0,0.0,0.0,0.0
863023.179,0.0,21.0,21.0,-1.8900001049041748,-0.0,0.0,-1.0,-1.0,-1.0,0.0,0.0,0.0,0.0,0.0
863034.021,0.0,23.0,23.0,-2.070000171661377,-0.0,0.0,-2.0,-2.0,-3.0,0.0,0.0,0.0,0.0,0.0
863043.005,0.0,26.0,26.0,-2.3400001525878906,-0.0,0.0,-2.0,-2.0,-4.0,0.0,0.0,0.0,0.0,0.0
863054.021,-1.0,26.0,26.0,-2.3400001525878906,-0.0,0.0,-2.0,-2.0,-4.0,-1.0,-0.0,-0.0,0.0,0.0
863064.022,-1.0,29.0,29.0,-2.6100001335144043,-0.0,0.0,-2.0,-2.0,-4.0,-1.0,-0.0,-0.0,0.0,0.0
863073.178,-2.0,29.0,29.0,-2.6100001335144043,-0.0,0.0,-2.0,-2.0,-2.0,-2.0,-0.0,-0.0,0.0,0.0
863080.028,-2.0,35.0,31.0,-2.7900002002716064,-0.0,0.0,-2.0,-2.0,-3.0,-2.0,-0.0,-0.0,0.0,0.0
863093.186,-3.0,34.0,34.0,-3.06000018119812,-0.0,0.0,-3.0,-3.0,-1.0,-3.0,-0.0,-0.0,0.0,0.0
863104.021,-5.0,35.0,35.0,-3.1500000953674316,-0.0,0.0,-3.0,-3.0,-1.0,-4.0,-0.0,-0.0,0.0,0.0
863113.191,-6.0,38.0,38.0,-3.4200000762939453,-0.0,0.0,-3.0,-3.0,-2.0,-6.0,-0.0,-0.0,0.0,0.0
863123.133,-8.0,43.0,43.0,-3.870000123977661,-0.0,0.0,-3.0,-3.0,-2.0,-8.0,-0.0,-0.0,0.0,0.0
863134.021,-10.0,42.0,42.0,-3.7800002098083496,-0.0,0.0,-3.0,-3.0,-3.0,-10.0,-0.0,-0.0,0.0,0.0
863144.021,-12.0,49.0,49.0,-4.410000324249268,-0.0,0.0,-4.0,-4.0,0.0,-10.0,-0.0,-0.0,0.0,0.0
863153.568,-15.0,52.0,52.0,-4.680000305175781,-0.0,0.0,-4.0,-4.0,-2.0,-13.0,-0.0,-0.0,0.0,0.0
863163.178,-19.0,52.0,52.0,-4.680000305175781,-0.0,0.0,-4.0,-4.0,-4.0,-16.0,-0.0,-0.0,0.0,0.0
863173.178,-25.0,55.0,55.0,-4.950000286102295,-0.0,0.0,-4.0,-4.0,-2.0,-21.0,-0.0,-0.0,0.0,0.0
863183.178,-32.0,60.0,60.0,-5.400000095367432,-0.0,0.0,-5.0,-5.0,2.0,-27.0,-0.0,-0.0,0.0,0.0
863193.444,-39.0,61.0,61.0,-5.490000247955322,-0.0,0.0,-5.0,-5.0,0.0,-35.0,-0.0,-0.0,0.0,0.0
863203.135,-45.0,59.0,59.0,-5.310000419616699,-0.0,0.0,-5.0,-5.0,-4.0,-42.0,-0.0,-0.0,0.0,0.0
863211.021,-53.0,68.0,68.0,-6.12000036239624,-0.0,0.0,-6.0,-6.0,-2.0,-49.0,-0.0,-0.0,0.0,0.0
863224.021,-62.0,73.0,73.0,-6.570000171661377,-0.0,0.0,-6.0,-6.0,-2.0,-58.0,-0.0,-0.0,0.0,0.0
863232.029,-72.0,76.0,75.0,-6.750000476837158,-0.0,0.0,-6.0,-6.0,-1.0,-70.0,-0.0,-0.0,0.0,0.0
863244.175,-86.0,76.0,76.0,-6.840000152587891,-0.0,0.0,-6.0,-6.0,-3.0,-83.0,-0.0,-0.0,0.0,0.0
863253.021,-101.0,79.0,79.0,-7.110000133514404,-0.0,0.0,-7.0,-7.0,-4.0,-98.0,-0.0,-0.0,0.0,0.0
863264.179,-117.0,88.0,88.0,-7.920000076293945,-0.0,0.0,-7.0,-7.0,2.0,-115.0,-0.0,-0.0,0.0,0.0
863274.349,-135.0,85.0,87.0,-7.830000400543213,-0.0,0.0,-7.0,-7.0,-2.0,-133.0,-0.0,-0.0,0.0,0.0
863284.13,-152.0,85.0,85.0,-7.650000095367432,-0.0,0.0,-7.0,-7.0,-2.0,-152.0,-0.0,-0.0,0.0,0.0
863295.021,-174.0,97.0,97.0,-8.730000495910645,-0.0,0.0,-8.0,-8.0,-2.0,-174.0,-0.0,-0.0,0.0,0.0
863304.179,-192.0,96.0,96.0,-8.640000343322754,-0.0,0.0,-8.0,-8.0,-5.0,-174.0,-0.0,-0.0,0.0,0.0
863314.186,-214.0,100.0,100.0,-9.0,-0.0,0.0,-9.0,-9.0,-2.0,-196.0,-0.0,-0.0,0.0,0.0
863324.179,-236.0,102.0,102.0,-9.180000305175781,-0.0,0.0,-9.0,-9.0,-2.0,-219.0,-0.0,-0.0,0.0,0.0
863335.021,-262.0,104.0,104.0,-9.360000610351562,-0.0,0.0,-9.0,-9.0,0.0,-243.0,-0.0,-0.0,0.0,0.0
863345.029,-291.0,107.0,107.0,-9.630000114440918,-0.0,0.0,-9.0,-9.0,0.0,-270.0,-0.0,-0.0,0.0,0.0
863355.124,-313.0,107.0,107.0,-9.630000114440918,-0.0,0.0,-9.0,-9.0,0.0,-296.0,-0.0,-0.0,0.0,0.0
863364.178,-335.0,108.0,108.0,-9.720000267028809,-0.0,0.0,-9.0,-9.0,-4.0,-324.0,-0.0,-0.0,0.0,0.0
863375.127,-366.0,110.0,110.0,-9.90000057220459,-0.0,0.0,-9.0,-9.0,1.0,-352.0,-0.0,-0.0,0.0,0.0
863385.021,-392.0,109.0,109.0,-9.8100004196167,-0.0,0.0,-9.0,-9.0,2.0,-381.0,-0.0,-0.0,0.0,0.0
863394.178,-415.0,104.0,104.0,-9.360000610351562,-0.0,0.0,-9.0,-9.0,-3.0,-409.0,-0.0,-0.0,0.0,0.0
863404.179,-444.0,102.0,102.0,-9.180000305175781,-0.0,0.0,-9.0,-9.0,-3.0,-438.0,-0.0,-0.0,0.0,0.0
863414.19,-471.0,103.0,103.0,-9.270000457763672,-0.0,0.0,-9.0,-9.0,0.0,-468.0,-0.0,-0.0,0.0,0.0
863425.021,-500.0,99.0,99.0,-8.910000801086426,-0.0,0.0,-8.0,-8.0,-1.0,-497.0,-0.0,-0.0,0.0,0.0
863434.178,-525.0,94.0,94.0,-8.460000038146973,-0.0,0.0,-8.0,-8.0,-1.0,-525.0,-0.0,-0.0,0.0,0.0
863445.021,-553.0,90.0,90.0,-8.100000381469727,-0.0,0.0,-8.0,-8.0,0.0,-553.0,-0.0,-0.0,0.0,0.0
863455.029,-577.0,89.0,89.0,-8.010000228881836,-0.0,0.0,-8.0,-8.0,-1.0,-553.0,-0.0,-0.0,0.0,0.0
863465.055,-602.0,83.0,83.0,-7.470000267028809,-0.0,0.0,-7.0,-7.0,-2.0,-580.0,-0.0,-0.0,0.0,0.0
863475.021,-622.0,74.0,74.0,-6.660000324249268,-0.0,0.0,-6.0,-6.0,-2.0,-604.0,-0.0,-0.0,0.0,0.0
863484.178,-639.0,65.0,65.0,-5.850000381469727,-0.0,0.0,-5.0,-5.0,-3.0,-627.0,-0.0,-0.0,0.0,0.0
863492.81,-659.0,66.0,66.0,-5.940000057220459,-0.0,0.0,-5.0,-5.0,-4.0,-647.0,-0.0,-0.0,0.0,0.0
863504.567,-673.0,59.0,66.0,-5.940000057220459,-0.0,0.0,-5.0,-5.0,3.0,-664.0,-0.0,-0.0,0.0,0.0
863515.021,-684.0,55.0,55.0,-4.950000286102295,-0.0,0.0,-4.0,-4.0,1.0,-678.0,-0.0,-0.0,0.0,0.0
863524.191,-693.0,47.0,47.0,-4.230000019073486,-0.0,0.0,-4.0,-4.0,2.0,-689.0,-0.0,-0.0,0.0,0.0
863535.021,-699.0,39.0,39.0,-3.510000228881836,-0.0,0.0,-3.0,-3.0,1.0,-697.0,-0.0,-0.0,0.0,0.0
863545.021,-702.0,34.0,34.0,-3.06000018119812,-0.0,0.0,-3.0,-3.0,1.0,-701.0,-0.0,-0.0,0.0,0.0
863554.18,-705.0,25.0,25.0,-2.25,-0.0,0.0,-2.0,-2.0,-5.0,-704.0,-0.0,-0.0,0.0,0.0
863564.19,-706.0,23.0,23.0,-2.070000171661377,-0.0,0.0,-2.0,-2.0,-2.0,-705.0,-0.0,-0.0,0.0,0.0
863575.09,-705.0,18.0,18.0,-1.6200001239776611,-0.0,0.0,-1.0,-1.0,-1.0,-705.0,-0.0,-0.0,0.0,0.0
863585.021,-705.0,13.0,13.0,-1.1700000762939453,-0.0,0.0,-1.0,-1.0,1.0,-705.0,-0.0,-0.0,0.0,0.0
863595.021,-705.0,8.0,8.0,-0.7200000286102295,-0.0,0.0,0.0,0.0,-5.0,-705.0,-0.0,-0.0,0.0,0.0
863604.581,-705.0,7.0,7.0,-0.6299999952316284,-0.0,0.0,0.0,0.0,-2.0,-705.0,-0.0,-0.0,0.0,0.0
863615.021,-705.0,6.0,6.0,-0.5400000214576721,-0.0,0.0,0.0,0.0,-2.0,-705.0,-0.0,-0.0,0.0,0.0
863624.178,-705.0,5.0,5.0,-0.45000001788139343,-0.0,0.0,0.0,0.0,0.0,-705.0,-0.0,-0.0,0.0,0.0
863634.204,-705.0,9.0,9.0,-0.8100000619888306,-0.0,0.0,0.0,0.0,-1.0,-705.0,-0.0,-0.0,0.0,0.0
863644.127,-704.0,11.0,11.0,-0.9900000095367432,-0.0,0.0,0.0,0.0,-5.0,-704.0,-0.0,-0.0,0.0,0.0
863654.178,-705.0,15.0,15.0,-1.350000023841858,-0.0,0.0,-1.0,-1.0,-3.0,-704.0,-0.0,-0.0,0.0,0.0
863662.029,-705.0,30.0,30.0,-2.700000047683716,-0.0,0.0,-2.0,-2.0,1.0,-704.0,-0.0,-0.0,0.0,0.0
863675.103,-705.0,31.0,31.0,-2.7900002002716064,-0.0,0.0,-2.0,-2.0,-2.0,-705.0,-0.0,-0.0,0.0,0.0
863685.021,-705.0,46.0,46.0,-4.140000343322754,-0.0,0.0,-4.0,-4.0,-2.0,-705.0,-0.0,-0.0,0.0,0.0
863694.178,-707.0,61.0,61.0,-5.490000247955322,-0.0,0.0,-5.0,-5.0,-1.0,-706.0,-0.0,-0.0,0.0,0.0
863705.021,-710.0,77.0,77.0,-6.930000305175781,-0.0,0.0,-6.0,-6.0,-1.0,-709.0,-0.0,-0.0,0.0,0.0
863715.033,-716.0,82.0,82.0,-7.380000114440918,-0.0,0.0,-7.0,-7.0,0.0,-714.0,-0.0,-0.0,0.0,0.0
863724.175,-723.0,97.0,97.0,-8.730000495910645,-0.0,0.0,-8.0,-8.0,-2.0,-723.0,-0.0,-0.0,0.0,0.0
863735.021,-740.0,114.0,114.0,-10.260000228881836,-0.0,0.0,-10.0,-10.0,-6.0,-736.0,-0.0,-0.0,0.0,0.0
863745.021,-756.0,132.0,132.0,-11.880000114440918,-0.0,0.0,-11.0,-11.0,-2.0,-756.0,-0.0,-0.0,0.0,0.0
863754.998,-779.0,137.0,137.0,-12.330000877380371,-0.0,0.0,-12.0,-12.0,-1.0,-756.0,-0.0,-0.0,0.0,0.0
863764.178,-804.0,138.0,138.0,-12.420000076293945,-0.0,0.0,-12.0,-12.0,-2.0,-781.0,-0.0,-0.0,0.0,0.0
863773.537,-836.0,176.0,176.0,-15.84000015258789,-0.0,0.0,-15.0,-15.0,-3.0,-810.0,-0.0,-0.0,0.0,0.0
863784.662,-869.0,176.0,176.0,-15.84000015258789,-0.0,0.0,-15.0,-15.0,-3.0,-843.0,-0.0,-0.0,0.0,0.0
863794.179,-905.0,196.0,196.0,-17.64000129699707,-0.0,0.0,-17.0,-17.0,-3.0,-881.0,-0.0,-0.0,0.0,0.0
863804.179,-945.0,221.0,221.0,-19.89000129699707,-0.0,0.0,-19.0,-19.0,2.0,-922.0,-0.0,-0.0,0.0,0.0
863814.526,-994.0,227.0,227.0,-20.43000030517578,-0.0,0.0,-20.0,-20.0,-2.0,-969.0,-0.0,-0.0,0.0,0.0
863824.588,-1042.0,246.0,246.0,-22.14000129699707,-0.0,0.0,-22.0,-22.0,0.0,-1020.0,-0.0,-0.0,0.0,0.0
863835.021,-1102.0,268.0,268.0,-24.1200008392334,-0.0,0.0,-24.0,-24.0,0.0,-1077.0,-0.0,-0.0,0.0,0.0
863842.021,-1166.0,292.0,292.0,-26.280000686645508,-0.0,0.0,-26.0,-26.0,-1.0,-1140.0,-0.0,-0.0,0.0,0.0
863855.021,-1228.0,292.0,292.0,-26.280000686645508,-0.0,0.0,-26.0,-26.0,-1.0,-1208.0,-0.0,-0.0,0.0,0.0
863865.021,-1294.0,328.0,328.0,-29.520000457763672,-0.0,0.0,-29.0,-29.0,-2.0,-1279.0,-0.0,-0.0,0.0,0.0
863874.186,-1369.0,328.0,328.0,-29.520000457763672,-0.0,0.0,-29.0,-29.0,-1.0,-1354.0,-0.0,-0.0,0.0,0.0
863884.179,-1432.0,339.0,339.0,-30.51000213623047,-0.0,0.0,-30.0,-30.0,-1.0,-1432.0,-0.0,-0.0,0.0,0.0
863895.021,-1513.0,348.0,348.0,-31.32000160217285,-0.0,0.0,-31.0,-31.0,-1.0,-1513.0,-0.0,-0.0,0.0,0.0
863904.382,-1588.0,347.0,347.0,-31.23000144958496,-0.0,0.0,-31.0,-31.0,-3.0,-1513.0,-0.0,-0.0,0.0,0.0
863915.021,-1675.0,351.0,351.0,-31.590002059936523,-0.0,0.0,-31.0,-31.0,1.0,-1596.0,-0.0,-0.0,0.0,0.0
863925.021,-1758.0,356.0,356.0,-32.040000915527344,-0.0,0.0,-32.0,-32.0,-1.0,-1684.0,-0.0,-0.0,0.0,0.0
863934.186,-1841.0,357.0,357.0,-32.130001068115234,-0.0,0.0,-32.0,-32.0,-1.0,-1776.0,-0.0,-0.0,0.0,0.0
863944.27,-1926.0,357.0,357.0,-32.130001068115234,-0.0,0.0,-32.0,-32.0,-1.0,-1870.0,-0.0,-0.0,0.0,0.0
863954.179,-2014.0,356.0,356.0,-32.040000915527344,-0.0,0.0,-32.0,-32.0,2.0,-1965.0,-0.0,-0.0,0.0,0.0
863962.043,-2122.0,348.0,348.0,-31.32000160217285,-0.0,0.0,-31.0,-31.0,1.0,-2063.0,-0.0,-0.0,0.0,0.0
863974.939,-2210.0,341.0,341.0,-30.690000534057617,-0.0,0.0,-30.0,-30.0,-3.0,-2161.0,-0.0,-0.0,0.0,0.0
863984.179,-2289.0,339.0,339.0,-30.51000213623047,-0.0,0.0,-30.0,-30.0,-1.0,-2260.0,-0.0,-0.0,0.0,0.0
863994.179,-2394.0,321.0,321.0,-28.89000129699707,-0.0,0.0,-28.0,-28.0,-2.0,-2356.0,-0.0,-0.0,0.0,0.0
864005.021,-2479.0,306.0,306.0,-27.540000915527344,-0.0,0.0,-27.0,-27.0,-2.0,-2450.0,-0.0,-0.0,0.0,0.0
864014.466,-2553.0,301.0,301.0,-27.09000015258789,-0.0,0.0,-27.0,-27.0,-3.0,-2543.0,-0.0,-0.0,0.0,0.0
864025.021,-2646.0,280.0,280.0,-25.200000762939453,-0.0,0.0,-25.0,-25.0,-1.0,-2636.0,-0.0,-0.0,0.0,0.0
864034.178,-2726.0,264.0,264.0,-23.760000228881836,-0.0,0.0,-23.0,-23.0,-3.0,-2726.0,-0.0,-0.0,0.0,0.0
864044.186,-2801.0,235.0,235.0,-21.150001525878906,-0.0,0.0,-21.0,0.0,-1.0,-2726.0,-0.0,-0.0,0.0,0.0
864052.021,-2863.0,235.0,235.0,-21.150001525878906,-0.0,0.0,-21.0,0.0,-1.0,-2808.0,-0.0,-0.0,0.0,0.0
864065.021,-2902.0,211.0,211.0,-18.990001678466797,-0.0,0.0,-18.0,0.0,0.0,-2868.0,-0.0,-0.0,0.0,0.0
864074.186,-2921.0,207.0,207.0,-18.630001068115234,-0.0,0.0,-18.0,0.0,0.0,-2905.0,-0.0,-0.0,0.0,0.0
864082.021,-2931.0,180.0,180.0,-16.200000762939453,-0.0,0.0,-16.0,0.0,-3.0,-2925.0,-0.0,-0.0,0.0,0.0
864095.021,-2931.0,150.0,150.0,-13.500000953674316,-0.0,0.0,-13.0,0.0,2.0,-2931.0,-0.0,-0.0,0.0,0.0
864105.021,-2930.0,122.0,122.0,-10.980000495910645,-0.0,0.0,-10.0,0.0,-4.0,-2931.0,-0.0,-0.0,0.0,0.0
864113.103,-2929.0,97.0,97.0,-8.730000495910645,-0.0,0.0,-8.0,0.0,-1.0,-2930.0,-0.0,-0.0,0.0,0.0
864125.021,-2929.0,94.0,94.0,-8.460000038146973,-0.0,0.0,-8.0,0.0,4.0,-2929.0,-0.0,-0.0,0.0,0.0
864135.021,-2928.0,68.0,68.0,-6.12000036239624,-0.0,0.0,-6.0,0.0,2.0,-2928.0,-0.0,-0.0,0.0,0.0
864144.197,-2928.0,42.0,42.0,-3.7800002098083496,-0.0,0.0,-3.0,0.0,1.0,-2928.0,-0.0,-0.0,0.0,0.0
864154.127,-2928.0,42.0,42.0,-3.7800002098083496,-0.0,0.0,-3.0,0.0,1.0,-2928.0,-0.0,-0.0,0.0,0.0
864164.179,-2928.0,23.0,23.0,-2.070000171661377,-0.0,0.0,-2.0,0.0,-3.0,-2928.0,-0.0,-0.0,0.0,0.0
864174.196,-2928.0,6.0,6.0,-0.5400000214576721,-0.0,0.0,0.0,0.0,0.0,-2928.0,-0.0,-0.0,0.0,0.0
864185.029,-2928.0,2.0,2.0,-0.18000000715255737,-0.0,0.0,0.0,0.0,0.0,-2928.0,-0.0,-0.0,0.0,0.0
864194.179,-2928.0,2.0,2.0,-0.18000000715255737,-0.0,0.0,0.0,0.0,-5.0,-2928.0,-0.0,-0.0,0.0,0.0
864205.021,-2928.0,37.0,37.0,-3.330000162124634,-0.0,0.0,-3.0,0.0,-3.0,-2928.0,-0.0,-0.0,0.0,0.0
864214.179,-2928.0,83.0,83.0,-7.470000267028809,-0.0,0.0,-7.0,0.0,3.0,-2928.0,-0.0,-0.0,0.0,0.0
864224.183,-2928.0,87.0,87.0,-7.830000400543213,-0.0,0.0,-7.0,0.0,0.0,-2928.0,-0.0,-0.0,0.0,0.0
864235.021,-2928.0,98.0,98.0,-8.820000648498535,-0.0,0.0,-8.0,0.0,0.0,-2928.0,-0.0,-0.0,0.0,0.0
864245.021,-2928.0,200.0,200.0,-18.0,-0.0,0.0,-18.0,0.0,0.0,-2928.0,-0.0,-0.0,0.0,0.0
864255.021,-2928.0,259.0,259.0,-23.310001373291016,-0.0,0.0,-23.0,0.0,-5.0,-2928.0,-0.0,-0.0,0.0,0.0
864265.029,-2928.0,259.0,259.0,-23.310001373291016,-0.0,0.0,-23.0,0.0,-5.0,-2928.0,-0.0,-0.0,0.0,0.0
864275.021,-2928.0,313.0,313.0,-28.170001983642578,-0.0,0.0,-28.0,0.0,-3.0,-2928.0,-0.0,-0.0,0.0,0.0
864284.179,-2928.0,377.0,377.0,-33.93000030517578,-0.0,0.0,-33.0,0.0,0.0,-2928.0,-0.0,-0.0,0.0,0.0
864293.008,-2928.0,389.0,387.0,-34.83000183105469,-0.0,0.0,-34.0,0.0,0.0,-2928.0,-0.0,-0.0,0.0,0.0
864304.128,-2928.0,440.0,440.0,-39.60000228881836,-0.0,0.0,-39.0,0.0,1.0,-2928.0,-0.0,-0.0,0.0,0.0
864315.021,-2928.0,508.0,508.0,-45.720001220703125,-0.0,0.0,-45.0,0.0,1.0,-2928.0,-0.0,-0.0,0.0,0.0
864324.498,-2928.0,582.0,575.0,-51.750003814697266,-0.0,0.0,-51.0,0.0,-1.0,-2928.0,-0.0,-0.0,0.0,0.0
864334.662,-2928.0,582.0,582.0,-52.380001068115234,-0.0,0.0,-52.0,0.0,-1.0,-2928.0,-0.0,-0.0,0.0,0.0
864344.179,-2928.0,642.0,642.0,-57.78000259399414,-0.0,0.0,-57.0,0.0,3.0,-2928.0,-0.0,-0.0,0.0,0.0
864355.021,-2928.0,711.0,711.0,-63.9900016784668,-0.0,0.0,-63.0,0.0,1.0,-2928.0,-0.0,-0.0,0.0,0.0
864364.195,-2928.0,787.0,787.0,-70.83000183105469,-0.0,0.0,-70.0,0.0,-2.0,-2928.0,-0.0,-0.0,0.0,0.0
864374.135,-2928.0,787.0,787.0,-70.83000183105469,-0.0,0.0,-70.0,0.0,-2.0,-2928.0,-0.0,-0.0,0.0,0.0
864385.021,-2928.0,868.0,868.0,-78.12000274658203,-0.0,0.0,-78.0,0.0,-3.0,-2928.0,-0.0,-0.0,0.0,0.0
864393.022,-2928.0,952.0,952.0,-85.68000030517578,-0.0,0.0,-85.0,0.0,0.0,-2928.0,-0.0,-0.0,0.0,0.0
864405.029,-2929.0,1036.0,1036.0,-93.24000549316406,-0.0,0.0,-93.0,0.0,1.0,-2928.0,-0.0,-0.0,0.0,0.0
864415.035,-2931.0,1036.0,1036.0,-93.24000549316406,-0.0,0.0,-93.0,0.0,1.0,-2930.0,-0.0,-0.0,0.0,0.0
864425.021,-2933.0,1139.0,1139.0,-102.51000213623047,-0.0,0.0,-102.0,0.0,2.0,-2932.0,-0.0,-0.0,0.0,0.0
864435.021,-2935.0,1223.0,1223.0,-110.07000732421875,-0.0,0.0,-110.0,0.0,-1.0,-2934.0,-0.0,-0.0,0.0,0.0
864445.033,-2936.0,1246.0,1246.0,-112.14000701904297,-0.0,0.0,-112.0,0.0,-1.0,-2936.0,-0.0,-0.0,0.0,0.0
864454.181,-2936.0,1330.0,1330.0,-119.70000457763672,-0.0,0.0,-119.0,0.0,-1.0,-2936.0,-0.0,-0.0,0.0,0.0
864464.183,-2935.0,1366.0,1366.0,-122.94000244140625,-0.0,0.0,-122.0,0.0,-1.0,-2935.0,-0.0,-0.0,0.0,0.0
864474.179,-2935.0,1567.0,1567.0,-141.02999877929688,-0.0,0.0,-141.0,0.0,1.0,-2935.0,-0.0,-0.0,0.0,0.0
864484.59,-2935.0,1575.0,1575.0,-141.75,-0.0,0.0,-141.0,0.0,0.0,-2935.0,-0.0,-0.0,0.0,0.0
864495.022,-2934.0,1680.0,1680.0,-151.20001220703125,-0.0,0.0,-151.0,0.0,-1.0,-2934.0,-0.0,-0.0,0.0,0.0
864504.179,-2934.0,1814.0,1814.0,-163.260009765625,-0.0,0.0,-163.0,0.0,0.0,-2934.0,-0.0,-0.0,0.0,0.0
864514.182,-2934.0,1934.0,1934.0,-174.0600128173828,-0.0,0.0,-174.0,0.0,1.0,-2934.0,-0.0,-0.0,0.0,0.0
864524.347,-2934.0,1938.0,1938.0,-174.42001342773438,-0.0,0.0,-174.0,0.0,-2.0,-2934.0,-0.0,-0.0,0.0,0.0
864535.021,-2934.0,1950.0,1950.0,-175.5,-0.0,0.0,-175.0,0.0,-5.0,-2934.0,-0.0,-0.0,0.0,0.0
864545.021,-2934.0,2052.0,2052.0,-184.6800079345703,-0.0,0.0,-184.0,0.0,0.0,-2934.0,-0.0,-0.0,0.0,0.0
864554.554,-2934.0,2053.0,2053.0,-184.77000427246094,-0.0,0.0,-184.0,0.0,-7.0,-2934.0,-0.0,-0.0,0.0,0.0
864564.175,-2934.0,2054.0,2054.0,-184.86000061035156,-0.0,0.0,-184.0,0.0,-5.0,-2934.0,-0.0,-0.0,0.0,0.0
864574.185,-2934.0,2064.0,2064.0,-185.760009765625,-0.0,0.0,-185.0,0.0,-8.0,-2934.0,-0.0,-0.0,0.0,0.0
864584.179,-2934.0,2053.0,2053.0,-184.77000427246094,-0.0,0.0,-184.0,0.0,-10.0,-2934.0,-0.0,-0.0,0.0,0.0
864595.033,-2934.0,1899.0,1899.0,-170.91000366210938,-0.0,0.0,-170.0,0.0,-5.0,-2934.0,-0.0,-0.0,0.0,0.0
864605.021,-2934.0,1899.0,1899.0,-170.91000366210938,-0.0,0.0,-170.0,0.0,-5.0,-2934.0,-0.0,-0.0,0.0,0.0
864615.021,-2934.0,1798.0,1798.0,-161.82000732421875,-0.0,0.0,-161.0,0.0,-5.0,-2934.0,-0.0,-0.0,0.0,0.0
864625.021,-2934.0,1713.0,1713.0,-154.17001342773438,-0.0,0.0,-154.0,0.0,-3.0,-2934.0,-0.0,-0.0,0.0,0.0
864634.189,-2934.0,1707.0,1707.0,-153.6300048828125,-0.0,0.0,-153.0,0.0,2.0,-2934.0,-0.0,-0.0,0.0,0.0
864644.179,-2934.0,1625.0,1625.0,-146.25,-0.0,0.0,-146.0,0.0,-1.0,-2934.0,-0.0,-0.0,0.0,0.0
864654.179,-2934.0,1555.0,1555.0,-139.95001220703125,-0.0,0.0,-139.0,0.0,-1.0,-2934.0,-0.0,-0.0,0.0,0.0
864665.036,-2934.0,1482.0,1482.0,-133.3800048828125,-0.0,0.0,-133.0,0.0,-6.0,-2934.0,-0.0,-0.0,0.0,0.0
864674.923,-2933.0,1482.0,1482.0,-133.3800048828125,-0.0,0.0,-133.0,0.0,-6.0,-2934.0,-0.0,-0.0,0.0,0.0
864684.178,-2934.0,1423.0,1423.0,-128.07000732421875,-0.0,0.0,-128.0,0.0,-1.0,-2934.0,-0.0,-0.0,0.0,0.0
864694.243,-2934.0,1358.0,1358.0,-122.22000122070312,-0.0,0.0,-122.0,0.0,-2.0,-2933.0,-0.0,-0.0,0.0,0.0
864704.183,-2934.0,1358.0,1358.0,-122.22000122070312,-0.0,0.0,-122.0,0.0,-2.0,-2933.0,-0.0,-0.0,0.0,0.0
864715.021,-2934.0,1305.0,1305.0,-117.45000457763672,-0.0,0.0,-117.0,0.0,0.0,-2934.0,-0.0,-0.0,0.0,0.0
864724.187,-2933.0,1264.0,1264.0,-113.76000213623047,-0.0,0.0,-113.0,0.0,2.0,-2934.0,-0.0,-0.0,0.0,0.0
864735.28,-2934.0,1224.0,1224.0,-110.16000366210938,-0.0,0.0,-110.0,0.0,-1.0,-2934.0,-0.0,-0.0,0.0,0.0
864744.175,-2933.0,1221.0,1221.0,-109.89000701904297,-0.0,0.0,-109.0,0.0,0.0,-2934.0,-0.0,-0.0,0.0,0.0
864755.021,-2933.0,1181.0,1181.0,-106.29000091552734,-0.0,0.0,-106.0,0.0,0.0,-2933.0,-0.0,-0.0,0.0,0.0
864764.347,-2933.0,1181.0,1181.0,-106.29000091552734,-0.0,0.0,-106.0,0.0,0.0,-2934.0,-0.0,-0.0,0.0,0.0
864775.021,-2934.0,1151.0,1151.0,-103.59000396728516,-0.0,0.0,-103.0,0.0,0.0,-2934.0,-0.0,-0.0,0.0,0.0
864784.191,-2934.0,1129.0,1129.0,-101.61000061035156,-0.0,0.0,-101.0,0.0,0.0,-2934.0,-0.0,-0.0,0.0,0.0
864794.283,-2934.0,1113.0,1113.0,-100.17000579833984,-0.0,0.0,-100.0,0.0,-3.0,-2934.0,-0.0,-0.0,0.0,0.0
864804.171,-2934.0,1112.0,1112.0,-100.08000183105469,-0.0,0.0,-100.0,0.0,-5.0,-2934.0,-0.0,-0.0,0.0,0.0
864814.186,-2934.0,1099.0,1099.0,-98.91000366210938,-0.0,0.0,-98.0,0.0,-6.0,-2934.0,-0.0,-0.0,0.0,0.0
864824.178,-2933.0,1083.0,1083.0,-97.47000122070312,-0.0,0.0,-97.0,0.0,-1.0,-2934.0,-0.0,-0.0,0.0,0.0
864834.186,-2934.0,1088.0,1088.0,-97.92000579833984,-0.0,0.0,-97.0,0.0,1.0,-2934.0,-0.0,-0.0,0.0,0.0
864845.022,-2934.0,1085.0,1084.0,-97.56000518798828,-0.0,0.0,-97.0,0.0,-1.0,-2934.0,-0.0,-0.0,0.0,0.0
864855.021,-2933.0,1085.0,1085.0,-97.6500015258789,-0.0,0.0,-97.0,0.0,-2.0,-2934.0,-0.0,-0.0,0.0,0.0
864865.021,-2933.0,1092.0,1092.0,-98.2800064086914,-0.0,0.0,-98.0,0.0,1.0,-2934.0,-0.0,-0.0,0.0,0.0
864875.021,-2934.0,1092.0,1092.0,-98.2800064086914,-0.0,0.0,-98.0,0.0,-2.0,-2933.0,-0.0,-0.0,0.0,0.0
864884.178,-2934.0,1106.0,1106.0,-99.54000091552734,-0.0,0.0,-99.0,0.0,-2.0,-2934.0,-0.0,-0.0,0.0,0.0
864895.205,-2933.0,1107.0,1107.0,-99.6300048828125,-0.0,0.0,-99.0,0.0,-2.0,-2934.0,-0.0,-0.0,0.0,0.0
864905.021,-2934.0,1131.0,1131.0,-101.79000091552734,-0.0,0.0,-101.0,0.0,-2.0,-2934.0,-0.0,-0.0,0.0,0.0
864915.021,-2934.0,1154.0,1154.0,-103.86000061035156,-0.0,0.0,-103.0,0.0,-5.0,-2934.0,-0.0,-0.0,0.0,0.0
864925.033,-2934.0,1183.0,1183.0,-106.47000122070312,-0.0,0.0,-106.0,0.0,1.0,-2934.0,-0.0,-0.0,0.0,0.0
864935.269,-2934.0,1183.0,1183.0,-106.47000122070312,-0.0,0.0,-106.0,0.0,1.0,-2934.0,-0.0,-0.0,0.0,0.0
864945.021,-2933.0,1218.0,1218.0,-109.62000274658203,-0.0,0.0,-109.0,0.0,-2.0,-2933.0,-0.0,-0.0,0.0,0.0
864954.179,-2934.0,1251.0,1251.0,-112.59000396728516,-0.0,0.0,-112.0,0.0,0.0,-2933.0,-0.0,-0.0,0.0,0.0
864964.339,-2934.0,1291.0,1291.0,-116.19000244140625,-0.0,0.0,-116.0,0.0,-1.0,-2934.0,-0.0,-0.0,0.0,0.0
864974.127,-2934.0,1291.0,1291.0,-116.19000244140625,-0.0,0.0,-116.0,0.0,1.0,-2934.0,-0.0,-0.0,0.0,0.0
864985.021,-2934.0,1341.0,1341.0,-120.69000244140625,-0.0,0.0,-120.0,0.0,-1.0,-2934.0,-0.0,-0.0,0.0,0.0
864995.021,-2935.0,1395.0,1395.0,-125.55000305175781,-0.0,0.0,-125.0,0.0,-2.0,-2934.0,-0.0,-0.0,0.0,0.0
865005.021,-2935.0,1463.0,1463.0,-131.6699981689453,-0.0,0.0,-131.0,0.0,-3.0,-2935.0,-0.0,-0.0,0.0,0.0
865014.694,-2935.0,1477.0,1477.0,-132.9300079345703,-0.0,0.0,-132.0,0.0,-2.0,-2935.0,-0.0,-0.0,0.0,0.0
865025.021,-2935.0,1491.0,1491.0,-134.19000244140625,-0.0,0.0,-134.0,0.0,1.0,-2935.0,-0.0,-0.0,0.0,0.0
865034.179,-2935.0,1574.0,1574.0,-141.66000366210938,-0.0,0.0,-141.0,0.0,-2.0,-2935.0,-0.0,-0.0,0.0,0.0
865045.021,-2935.0,1656.0,1656.0,-149.04000854492188,-0.0,0.0,-149.0,0.0,1.0,-2935.0,-0.0,-0.0,0.0,0.0
865054.664,-2934.0,1656.0,1656.0,-149.04000854492188,-0.0,0.0,-149.0,0.0,1.0,-2934.0,-0.0,-0.0,0.0,0.0
865065.021,-2934.0,1743.0,1743.0,-156.87001037597656,-0.0,0.0,-156.0,0.0,0.0,-2934.0,-0.0,-0.0,0.0,0.0
865072.043,-2934.0,1915.0,1915.0,-172.35000610351562,-0.0,0.0,-172.0,0.0,-2.0,-2934.0,-0.0,-0.0,0.0,0.0
865084.866,-2934.0,1928.0,1928.0,-173.52000427246094,-0.0,0.0,-173.0,0.0,0.0,-2934.0,-0.0,-0.0,0.0,0.0
865094.187,-2934.0,1933.0,1933.0,-173.97000122070312,-0.0,0.0,-173.0,0.0,0.0,-2934.0,-0.0,-0.0,0.0,0.0
865104.183,-2934.0,2034.0,2034.0,-183.0600128173828,-0.0,0.0,-183.0,0.0,-7.0,-2934.0,-0.0,-0.0,0.0,0.0
865115.029,-2934.0,2051.0,2051.0,-184.5900115966797,-0.0,0.0,-184.0,0.0,-6.0,-2934.0,-0.0,-0.0,0.0,0.0
865125.021,-2934.0,2051.0,2051.0,-184.5900115966797,-0.0,0.0,-184.0,0.0,-6.0,-2934.0,-0.0,-0.0,0.0,0.0
865135.021,-2934.0,2054.0,2054.0,-184.86000061035156,-0.0,0.0,-184.0,0.0,-6.0,-2934.0,-0.0,-0.0,0.0,0.0
865141.764,-2934.0,2059.0,2059.0,-185.3100128173828,-0.0,0.0,-185.0,0.0,-9.0,-2934.0,-0.0,-0.0,0.0,0.0
865154.128,-2934.0,2059.0,2059.0,-185.3100128173828,-0.0,0.0,-185.0,0.0,-9.0,-2934.0,-0.0,-0.0,0.0,0.0
865165.021,-2934.0,2008.0,2008.0,-180.72000122070312,-0.0,0.0,-180.0,0.0,-4.0,-2934.0,-0.0,-0.0,0.0,0.0
865175.021,-2934.0,1926.0,1926.0,-173.3400115966797,-0.0,0.0,-173.0,0.0,2.0,-2934.0,-0.0,-0.0,0.0,0.0
865184.187,-2934.0,1862.0,1862.0,-167.5800018310547,-0.0,0.0,-167.0,0.0,-4.0,-2934.0,-0.0,-0.0,0.0,0.0
865194.475,-2934.0,1857.0,1857.0,-167.1300048828125,-0.0,0.0,-167.0,0.0,-3.0,-2934.0,-0.0,-0.0,0.0,0.0
865204.178,-2934.0,1796.0,1796.0,-161.63999938964844,-0.0,0.0,-161.0,0.0,-3.0,-2934.0,-0.0,-0.0,0.0,0.0
865214.179,-2934.0,1740.0,1740.0,-156.60000610351562,-0.0,0.0,-156.0,0.0,-2.0,-2934.0,-0.0,-0.0,0.0,0.0
865224.195,-2934.0,1695.0,1730.0,-155.70001220703125,-0.0,0.0,-155.0,0.0,-3.0,-2934.0,-0.0,-0.0,0.0,0.0
865234.132,-2934.0,1695.0,1695.0,-152.5500030517578,-0.0,0.0,-152.0,0.0,-3.0,-2934.0,-0.0,-0.0,0.0,0.0
865244.179,-2934.0,1651.0,1651.0,-148.5900115966797,-0.0,0.0,-148.0,0.0,-4.0,-2934.0,-0.0,-0.0,0.0,0.0
865254.566,-2934.0,1620.0,1620.0,-145.8000030517578,-0.0,0.0,-145.0,0.0,-4.0,-2934.0,-0.0,-0.0,0.0,0.0
865264.175,-2934.0,1619.0,1619.0,-145.7100067138672,-0.0,0.0,-145.0,0.0,-2.0,-2934.0,-0.0,-0.0,0.0,0.0
865275.021,-2934.0,1589.0,1589.0,-143.010009765625,-0.0,0.0,-143.0,0.0,-3.0,-2934.0,-0.0,-0.0,0.0,0.0
865284.179,-2934.0,1574.0,1574.0,-141.66000366210938,-0.0,0.0,-141.0,0.0,-2.0,-2934.0,-0.0,-0.0,0.0,0.0
865294.92,-2934.0,1569.0,1569.0,-141.2100067138672,-0.0,0.0,-141.0,0.0,-3.0,-2934.0,-0.0,-0.0,0.0,0.0
865305.021,-2934.0,1564.0,1564.0,-140.760009765625,-0.0,0.0,-140.0,0.0,-1.0,-2934.0,-0.0,-0.0,0.0,0.0
865314.178,-2934.0,1559.0,1559.0,-140.3100128173828,-0.0,0.0,-140.0,0.0,-6.0,-2934.0,-0.0,-0.0,0.0,0.0
865325.021,-2934.0,1560.0,1560.0,-140.40000915527344,-0.0,0.0,-140.0,0.0,-3.0,-2934.0,-0.0,-0.0,0.0,0.0
865335.166,-2934.0,1562.0,1562.0,-140.5800018310547,-0.0,0.0,-140.0,0.0,-3.0,-2934.0,-0.0,-0.0,0.0,0.0
865345.021,-2934.0,1574.0,1574.0,-141.66000366210938,-0.0,0.0,-141.0,0.0,0.0,-2934.0,-0.0,-0.0,0.0,0.0
865354.188,-2934.0,1589.0,1589.0,-143.010009765625,-0.0,0.0,-143.0,0.0,-4.0,-2934.0,-0.0,-0.0,0.0,0.0
865364.186,-2934.0,1608.0,1608.0,-144.72000122070312,-0.0,0.0,-144.0,0.0,-2.0,-2934.0,-0.0,-0.0,0.0,0.0
865374.679,-2934.0,1614.0,1614.0,-145.260009765625,-0.0,0.0,-145.0,0.0,-2.0,-2934.0,-0.0,-0.0,0.0,0.0
865385.021,-2934.0,1642.0,1642.0,-147.77999877929688,-0.0,0.0,-147.0,0.0,-2.0,-2934.0,-0.0,-0.0,0.0,0.0
865395.021,-2934.0,1683.0,1683.0,-151.47000122070312,-0.0,0.0,-151.0,0.0,-3.0,-2934.0,-0.0,-0.0,0.0,0.0
865405.021,-2934.0,1694.0,1694.0,-152.4600067138672,-0.0,0.0,-152.0,0.0,-1.0,-2934.0,-0.0,-0.0,0.0,0.0
865415.021,-2934.0,1732.0,1732.0,-155.8800048828125,-0.0,0.0,-155.0,0.0,-2.0,-2934.0,-0.0,-0.0,0.0,0.0
865425.021,-2934.0,1780.0,1780.0,-160.20001220703125,-0.0,0.0,-160.0,0.0,0.0,-2934.0,-0.0,-0.0,0.0,0.0
865435.022,-2934.0,1841.0,1841.0,-165.69000244140625,-0.0,0.0,-165.0,0.0,-3.0,-2934.0,-0.0,-0.0,0.0,0.0
865445.021,-2934.0,1841.0,1841.0,-165.69000244140625,-0.0,0.0,-165.0,0.0,-3.0,-2934.0,-0.0,-0.0,0.0,0.0
865455.021,-2934.0,1913.0,1913.0,-172.17001342773438,-0.0,0.0,-172.0,0.0,-3.0,-2934.0,-0.0,-0.0,0.0,0.0
865464.183,-2934.0,1976.0,1976.0,-177.8400115966797,-0.0,0.0,-177.0,0.0,-2.0,-2934.0,-0.0,-0.0,0.0,0.0
865474.191,-2934.0,1976.0,1976.0,-177.8400115966797,-0.0,0.0,-177.0,0.0,-3.0,-2934.0,-0.0,-0.0,0.0,0.0
865484.179,-2933.0,2011.0,2011.0,-180.99000549316406,-0.0,0.0,-180.0,0.0,-3.0,-2934.0,-0.0,-0.0,0.0,0.0
865495.021,-2934.0,2044.0,2044.0,-183.9600067138672,-0.0,0.0,-183.0,0.0,-4.0,-2934.0,-0.0,-0.0,0.0,0.0
865504.19,-2934.0,2054.0,2054.0,-184.86000061035156,-0.0,0.0,-184.0,0.0,-6.0,-2934.0,-0.0,-0.0,0.0,0.0
865514.127,-2934.0,2054.0,2054.0,-184.86000061035156,-0.0,0.0,-184.0,0.0,-6.0,-2934.0,-0.0,-0.0,0.0,0.0
865524.184,-2934.0,2054.0,2054.0,-184.86000061035156,-0.0,0.0,-184.0,0.0,-6.0,-2933.0,-0.0,-0.0,0.0,0.0
865534.179,-2934.0,2038.0,2038.0,-183.42001342773438,-0.0,0.0,-183.0,0.0,-3.0,-2934.0,-0.0,-0.0,0.0,0.0
865544.192,-2934.0,2032.0,2032.0,-182.8800048828125,-0.0,0.0,-182.0,0.0,-5.0,-2934.0,-0.0,-0.0,0.0,0.0
865554.459,-2934.0,1987.0,1987.0,-178.8300018310547,-0.0,0.0,-178.0,0.0,-1.0,-2934.0,-0.0,-0.0,0.0,0.0
865565.021,-2933.0,1935.0,1935.0,-174.15000915527344,-0.0,0.0,-174.0,0.0,-4.0,-2934.0,-0.0,-0.0,0.0,0.0
865574.179,-2934.0,1899.0,1899.0,-170.91000366210938,-0.0,0.0,-170.0,0.0,-2.0,-2934.0,-0.0,-0.0,0.0,0.0
865585.021,-2934.0,1887.0,1887.0,-169.8300018310547,-0.0,0.0,-169.0,0.0,-2.0,-2934.0,-0.0,-0.0,0.0,0.0
865595.029,-2934.0,1860.0,1860.0,-167.40000915527344,-0.0,0.0,-167.0,0.0,-6.0,-2934.0,-0.0,-0.0,0.0,0.0
865604.179,-2934.0,1838.0,1838.0,-165.42001342773438,-0.0,0.0,-165.0,0.0,-9.0,-2934.0,-0.0,-0.0,0.0,0.0
865615.021,-2933.0,1819.0,1819.0,-163.7100067138672,-0.0,0.0,-163.0,0.0,0.0,-2934.0,-0.0,-0.0,0.0,0.0
865625.27,-2934.0,1820.0,1820.0,-163.8000030517578,-0.0,0.0,-163.0,0.0,-3.0,-2933.0,-0.0,-0.0,0.0,0.0
865634.179,-2934.0,1810.0,1810.0,-162.90000915527344,-0.0,0.0,-162.0,0.0,-6.0,-2934.0,-0.0,-0.0,0.0,0.0
865644.187,-2934.0,1805.0,1805.0,-162.45001220703125,-0.0,0.0,-162.0,0.0,-3.0,-2934.0,-0.0,-0.0,0.0,0.0
865655.103,-2934.0,1814.0,1814.0,-163.260009765625,-0.0,0.0,-163.0,0.0,-3.0,-2934.0,-0.0,-0.0,0.0,0.0
865665.021,-2934.0,1812.0,1812.0,-163.0800018310547,-0.0,0.0,-163.0,0.0,-2.0,-2934.0,-0.0,-0.0,0.0,0.0
865672.021,-2933.0,1824.0,1824.0,-164.16000366210938,-0.0,0.0,-164.0,0.0,-2.0,-2934.0,-0.0,-0.0,0.0,0.0
865685.132,-2934.0,1847.0,1847.0,-166.23001098632812,-0.0,0.0,-166.0,0.0,-8.0,-2933.0,-0.0,-0.0,0.0,0.0
865695.021,-2933.0,1847.0,1847.0,-166.23001098632812,-0.0,0.0,-166.0,0.0,-1.0,-2933.0,-0.0,-0.0,0.0,0.0
865705.021,-2934.0,1876.0,1876.0,-168.8400115966797,-0.0,0.0,-168.0,0.0,-3.0,-2933.0,-0.0,-0.0,0.0,0.0
865714.474,-2934.0,1876.0,1876.0,-168.8400115966797,-0.0,0.0,-168.0,0.0,-3.0,-2934.0,-0.0,-0.0,0.0,0.0
865725.021,-2934.0,1950.0,1950.0,-175.5,-0.0,0.0,-175.0,0.0,-1.0,-2933.0,-0.0,-0.0,0.0,0.0
865732.037,-2933.0,1959.0,1959.0,-176.3100128173828,-0.0,0.0,-176.0,0.0,-4.0,-2933.0,-0.0,-0.0,0.0,0.0
865744.186,-2933.0,1997.0,1997.0,-179.73001098632812,-0.0,0.0,-179.0,0.0,-1.0,-2934.0,-0.0,-0.0,0.0,0.0
865754.008,-2933.0,2002.0,1997.0,-179.73001098632812,-0.0,0.0,-179.0,0.0,-1.0,-2933.0,-0.0,-0.0,0.0,0.0
865765.021,-2933.0,2022.0,2022.0,-181.98001098632812,-0.0,0.0,-181.0,0.0,-5.0,-2933.0,-0.0,-0.0,0.0,0.0
865775.021,-2933.0,2045.0,2045.0,-184.0500030517578,-0.0,0.0,-184.0,0.0,-3.0,-2933.0,-0.0,-0.0,0.0,0.0
865785.029,-2933.0,2051.0,2051.0,-184.5900115966797,-0.0,0.0,-184.0,0.0,-5.0,-2933.0,-0.0,-0.0,0.0,0.0
865794.914,-2933.0,2051.0,2051.0,-184.5900115966797,-0.0,0.0,-184.0,0.0,-5.0,-2933.0,-0.0,-0.0,0.0,0.0
865804.178,-2933.0,2051.0,2051.0,-184.5900115966797,-0.0,0.0,-184.0,0.0,-7.0,-2933.0,-0.0,-0.0,0.0,0.0
865814.179,-2933.0,2033.0,2033.0,-182.97000122070312,-0.0,0.0,-182.0,0.0,-3.0,-2933.0,-0.0,-0.0,0.0,0.0
865822.103,-2934.0,2002.0,2004.0,-180.36000061035156,-0.0,0.0,-180.0,0.0,-2.0,-2933.0,-0.0,-0.0,0.0,0.0
865834.127,-2933.0,2002.0,2002.0,-180.1800079345703,-0.0,0.0,-180.0,0.0,-2.0,-2933.0,-0.0,-0.0,0.0,0.0
865844.179,-2933.0,1992.0,1992.0,-179.28001403808594,-0.0,0.0,-179.0,0.0,-2.0,-2933.0,-0.0,-0.0,0.0,0.0
865855.021,-2934.0,1965.0,1965.0,-176.85000610351562,-0.0,0.0,-176.0,0.0,1.0,-2933.0,-0.0,-0.0,0.0,0.0
865864.19,-2933.0,1952.0,1952.0,-175.6800079345703,-0.0,0.0,-175.0,0.0,1.0,-2933.0,-0.0,-0.0,0.0,0.0
865874.127,-2933.0,1952.0,1952.0,-175.6800079345703,-0.0,0.0,-175.0,0.0,1.0,-2934.0,-0.0,-0.0,0.0,0.0
865884.179,-2933.0,1943.0,1943.0,-174.87001037597656,-0.0,0.0,-174.0,0.0,-1.0,-2933.0,-0.0,-0.0,0.0,0.0
865895.021,-2933.0,1944.0,1944.0,-174.9600067138672,-0.0,0.0,-174.0,0.0,-1.0,-2933.0,-0.0,-0.0,0.0,0.0
865905.021,-2933.0,1944.0,1944.0,-174.9600067138672,-0.0,0.0,-174.0,0.0,-1.0,-2933.0,-0.0,-0.0,0.0,0.0
865914.179,-2933.0,1965.0,1965.0,-176.85000610351562,-0.0,0.0,-176.0,0.0,-2.0,-2933.0,-0.0,-0.0,0.0,0.0
865924.364,-2933.0,1964.0,1964.0,-176.760009765625,-0.0,0.0,-176.0,0.0,-4.0,-2933.0,-0.0,-0.0,0.0,0.0
865934.178,-2933.0,1983.0,1983.0,-178.47000122070312,-0.0,0.0,-178.0,0.0,-6.0,-2933.0,-0.0,-0.0,0.0,0.0
865944.179,-2933.0,2004.0,2004.0,-180.36000061035156,-0.0,0.0,-180.0,0.0,0.0,-2933.0,-0.0,-0.0,0.0,0.0
865954.178,-2933.0,2019.0,2019.0,-181.7100067138672,-0.0,0.0,-181.0,0.0,-5.0,-2933.0,-0.0,-0.0,0.0,0.0
865965.273,-2933.0,2018.0,2018.0,-181.62001037597656,-0.0,0.0,-181.0,0.0,0.0,-2933.0,-0.0,-0.0,0.0,0.0
865974.179,-2933.0,2029.0,2029.0,-182.61000061035156,-0.0,0.0,-182.0,0.0,-4.0,-2933.0,-0.0,-0.0,0.0,0.0
865983.938,-2933.0,2035.0,2036.0,-183.24000549316406,-0.0,0.0,-183.0,0.0,-2.0,-2933.0,-0.0,-0.0,0.0,0.0
865994.179,-2933.0,2036.0,2036.0,-183.24000549316406,-0.0,0.0,-183.0,0.0,-3.0,-2933.0,-0.0,-0.0,0.0,0.0

PID Parameters
Axis,P,I,D,LPF,Windup
"['Set Angle X', 0.0, 0.0, 0.0, 0.0, 0.0]"
"['Set Angle Y', 0.0, 0.0, 0.0, 0.0, 0.0]"
"['Set PWM X', 90.0, 0.0, 0.0, 0.0, 0.0]"
"['Set PWM Y', 0.0, 0.0, 0.0, 0.0, 0.0]"
