Timestamp (ms),carriageXPosition,pendulumXAngle,xAngleError,xPWMp,xPWMi,xPWMd,xPWMout,xPWM,pendulumYAngle,xPositionError,angleXp,angleXi,angleXd,setAngleXOut
2537848.041,3033.0,1935.0,1935.0,-367.6499938964844,-0.0,0.4286455810070038,-367.0,0.0,-1.0,3033.0,0.0,0.0,0.0,0.0
2537858.042,3033.0,1936.0,1936.0,-367.8399963378906,-0.0,0.06434880197048187,-367.0,0.0,0.0,3033.0,0.0,0.0,0.0,0.0
2537868.043,3033.0,1938.0,1938.0,-368.2200012207031,-0.0,-0.5453034043312073,-368.0,0.0,0.0,3033.0,0.0,0.0,0.0,0.0
2537878.271,3033.0,1936.0,1936.0,-367.8399963378906,-0.0,0.13649199903011322,-367.0,0.0,-2.0,3033.0,0.0,0.0,0.0,0.0
2537889.04,3033.0,1935.0,1935.0,-367.6499938964844,-0.0,0.41601815819740295,-367.0,0.0,0.0,3033.0,0.0,0.0,0.0,0.0
2537899.041,3033.0,1939.0,1939.0,-368.4100036621094,-0.0,-0.8463843464851379,-369.0,0.0,-1.0,3033.0,0.0,0.0,0.0,0.0
2537910.041,3033.0,1936.0,1936.0,-367.8399963378906,-0.0,0.18057313561439514,-367.0,0.0,-4.0,3033.0,0.0,0.0,0.0,0.0
2537921.041,3033.0,1936.0,1936.0,-367.8399963378906,-0.0,0.1534871757030487,-367.0,0.0,-1.0,3033.0,0.0,0.0,0.0,0.0
2537932.041,3033.0,1938.0,1938.0,-368.2200012207031,-0.0,-0.46953579783439636,-368.0,0.0,-2.0,3033.0,0.0,0.0,0.0,0.0
2537942.043,3033.0,1936.0,1936.0,-367.8399963378906,-0.0,0.20089446008205414,-367.0,0.0,-1.0,3033.0,0.0,0.0,0.0,0.0
2537953.041,3033.0,1939.0,1939.0,-368.4100036621094,-0.0,-0.7292395830154419,-369.0,0.0,0.0,3033.0,0.0,0.0,0.0,0.0
2537963.107,3033.0,1935.0,1935.0,-367.6499938964844,-0.0,0.5801461338996887,-367.0,0.0,-2.0,3033.0,0.0,0.0,0.0,0.0
2537973.108,3033.0,1939.0,1939.0,-368.4100036621094,-0.0,-0.7068755626678467,-369.0,0.0,-1.0,3033.0,0.0,0.0,0.0,0.0
2537983.108,3033.0,1939.0,1939.0,-368.4100036621094,-0.0,-0.6008442640304565,-369.0,0.0,-2.0,3033.0,0.0,0.0,0.0,0.0
2537994.04,3033.0,1934.0,1934.0,-367.4599914550781,-0.0,0.9892821311950684,-366.0,0.0,-2.0,3033.0,0.0,0.0,0.0,0.0
2538004.042,3033.0,1934.0,1934.0,-367.4599914550781,-0.0,0.8408898115158081,-366.0,0.0,-2.0,3033.0,0.0,0.0,0.0,0.0
2538014.111,3033.0,1936.0,1936.0,-367.8399963378906,-0.0,0.11475645750761032,-367.0,0.0,-1.0,3033.0,0.0,0.0,0.0,0.0
2538024.112,3033.0,1938.0,1938.0,-368.2200012207031,-0.0,-0.5024569034576416,-368.0,0.0,0.0,3033.0,0.0,0.0,0.0,0.0
2538034.112,3033.0,1937.0,1937.0,-368.0299987792969,-0.0,-0.12708842754364014,-368.0,0.0,0.0,3033.0,0.0,0.0,0.0,0.0
2538045.041,3033.0,1940.0,1940.0,-368.6000061035156,-0.0,-1.008025050163269,-369.0,0.0,-1.0,3033.0,0.0,0.0,0.0,0.0
2538055.559,3033.0,1937.0,1937.0,-368.0299987792969,-0.0,0.04317853972315788,-367.0,0.0,-2.0,3033.0,0.0,0.0,0.0,0.0
2538066.041,3033.0,1938.0,1938.0,-368.2200012207031,-0.0,-0.0888034775853157,-368.0,0.0,-1.0,3033.0,0.0,0.0,0.0,0.0
2538076.843,3033.0,1935.0,1935.0,-367.6499938964844,-0.0,0.8245168924331665,-366.0,0.0,0.0,3033.0,0.0,0.0,0.0,0.0
2538086.843,3033.0,1935.0,1935.0,-367.6499938964844,-0.0,0.7008394002914429,-366.0,0.0,-1.0,3033.0,0.0,0.0,0.0,0.0
2538097.141,3033.0,1939.0,1939.0,-368.4100036621094,-0.0,-0.6042863130569458,-369.0,0.0,3.0,3033.0,0.0,0.0,0.0,0.0
2538108.125,3033.0,1938.0,1938.0,-368.2200012207031,-0.0,-0.21364343166351318,-368.0,0.0,0.0,3033.0,0.0,0.0,0.0,0.0
2538118.126,3033.0,1935.0,1935.0,-367.6499938964844,-0.0,0.7184029221534729,-366.0,0.0,-2.0,3033.0,0.0,0.0,0.0,0.0
2538128.127,3033.0,1938.0,1938.0,-368.2200012207031,-0.0,-0.28935736417770386,-368.0,0.0,1.0,3033.0,0.0,0.0,0.0,0.0
2538139.125,3033.0,1937.0,1937.0,-368.0299987792969,-0.0,0.05404618754982948,-367.0,0.0,-2.0,3033.0,0.0,0.0,0.0,0.0
2538149.126,3033.0,1937.0,1937.0,-368.0299987792969,-0.0,0.045939259231090546,-367.0,0.0,0.0,3033.0,0.0,0.0,0.0,0.0
2538159.127,3033.0,1937.0,1937.0,-368.0299987792969,-0.0,0.039048369973897934,-367.0,0.0,1.0,3033.0,0.0,0.0,0.0,0.0
2538169.127,3033.0,1936.0,1936.0,-367.8399963378906,-0.0,0.33319106698036194,-367.0,0.0,1.0,3033.0,0.0,0.0,0.0,0.0
2538179.127,3033.0,1938.0,1938.0,-368.2200012207031,-0.0,-0.3167874813079834,-368.0,0.0,0.0,3033.0,0.0,0.0,0.0,0.0
2538190.125,3033.0,1934.0,1934.0,-367.4599914550781,-0.0,0.9307304620742798,-366.0,0.0,-1.0,3033.0,0.0,0.0,0.0,0.0
2538200.126,3033.0,1935.0,1935.0,-367.6499938964844,-0.0,0.49112096428871155,-367.0,0.0,-1.0,3033.0,0.0,0.0,0.0,0.0
2538210.126,3033.0,1937.0,1937.0,-368.0299987792969,-0.0,-0.18254707753658295,-368.0,0.0,0.0,3033.0,0.0,0.0,0.0,0.0
2538221.125,3033.0,1936.0,1936.0,-367.8399963378906,-0.0,0.14483493566513062,-367.0,0.0,-1.0,3033.0,0.0,0.0,0.0,0.0
2538231.126,3033.0,1938.0,1938.0,-368.2200012207031,-0.0,-0.4768902063369751,-368.0,0.0,3.0,3033.0,0.0,0.0,0.0,0.0
2538241.814,3033.0,1936.0,1936.0,-367.8399963378906,-0.0,0.19464321434497833,-367.0,0.0,-1.0,3033.0,0.0,0.0,0.0,0.0
2538252.125,3033.0,1938.0,1938.0,-368.2200012207031,-0.0,-0.4345531761646271,-368.0,0.0,0.0,3033.0,0.0,0.0,0.0,0.0
2538263.125,3033.0,1935.0,1935.0,-367.6499938964844,-0.0,0.5306296348571777,-367.0,0.0,2.0,3033.0,0.0,0.0,0.0,0.0
2538273.125,3033.0,1936.0,1936.0,-367.8399963378906,-0.0,0.15103524923324585,-367.0,0.0,0.0,3033.0,0.0,0.0,0.0,0.0
2538283.126,3033.0,1938.0,1938.0,-368.2200012207031,-0.0,-0.47161993384361267,-368.0,0.0,1.0,3033.0,0.0,0.0,0.0,0.0
2538293.792,3033.0,1938.0,1938.0,-368.2200012207031,-0.0,-0.4008769690990448,-368.0,0.0,1.0,3033.0,0.0,0.0,0.0,0.0
2538304.125,3033.0,1936.0,1936.0,-367.8399963378906,-0.0,0.25925448536872864,-367.0,0.0,-1.0,3033.0,0.0,0.0,0.0,0.0
2538315.125,3033.0,1936.0,1936.0,-367.8399963378906,-0.0,0.22036631405353546,-367.0,0.0,-1.0,3033.0,0.0,0.0,0.0,0.0
2538325.589,3033.0,1937.0,1937.0,-368.0299987792969,-0.0,-0.1126885786652565,-368.0,0.0,-2.0,3033.0,0.0,0.0,0.0,0.0
2538336.125,3033.0,1935.0,1935.0,-367.6499938964844,-0.0,0.5042145848274231,-367.0,0.0,-3.0,3033.0,0.0,0.0,0.0,0.0
2538346.125,3033.0,1941.0,1941.0,-368.7900085449219,-0.0,-1.3714172840118408,-370.0,0.0,-2.0,3033.0,0.0,0.0,0.0,0.0
2538357.354,3033.0,1940.0,1940.0,-368.6000061035156,-0.0,-0.8657047748565674,-369.0,0.0,-6.0,3033.0,0.0,0.0,0.0,0.0
2538368.125,3033.0,1936.0,1936.0,-367.8399963378906,-0.0,0.3945281207561493,-367.0,0.0,1.0,3033.0,0.0,0.0,0.0,0.0
2538379.125,3033.0,1936.0,1936.0,-367.8399963378906,-0.0,0.335348904132843,-367.0,0.0,-1.0,3033.0,0.0,0.0,0.0,0.0
2538389.126,3033.0,1939.0,1939.0,-368.4100036621094,-0.0,-0.6149532794952393,-369.0,0.0,1.0,3033.0,0.0,0.0,0.0,0.0
2538399.127,3033.0,1935.0,1935.0,-367.6499938964844,-0.0,0.6772894859313965,-366.0,0.0,-2.0,3033.0,0.0,0.0,0.0,0.0
2538409.127,3033.0,1935.0,1935.0,-367.6499938964844,-0.0,0.5756960511207581,-367.0,0.0,0.0,3033.0,0.0,0.0,0.0,0.0
2538419.128,3033.0,1938.0,1938.0,-368.2200012207031,-0.0,-0.41065821051597595,-368.0,0.0,2.0,3033.0,0.0,0.0,0.0,0.0
2538429.129,3033.0,1936.0,1936.0,-367.8399963378906,-0.0,0.2509404122829437,-367.0,0.0,-2.0,3033.0,0.0,0.0,0.0,0.0
2538439.13,3033.0,1938.0,1938.0,-368.2200012207031,-0.0,-0.3867005407810211,-368.0,0.0,0.0,3033.0,0.0,0.0,0.0,0.0
2538450.125,3033.0,1936.0,1936.0,-367.8399963378906,-0.0,0.2713044285774231,-367.0,0.0,-1.0,3033.0,0.0,0.0,0.0,0.0
2538460.125,3033.0,1936.0,1936.0,-367.8399963378906,-0.0,0.2306087762117386,-367.0,0.0,-3.0,3033.0,0.0,0.0,0.0,0.0
2538470.126,3033.0,1935.0,1935.0,-367.6499938964844,-0.0,0.4960174262523651,-367.0,0.0,-2.0,3033.0,0.0,0.0,0.0,0.0
2538480.126,3033.0,1938.0,1938.0,-368.2200012207031,-0.0,-0.4783850312232971,-368.0,0.0,-4.0,3033.0,0.0,0.0,0.0,0.0
2538490.127,3033.0,1935.0,1935.0,-367.6499938964844,-0.0,0.4933725595474243,-367.0,0.0,2.0,3033.0,0.0,0.0,0.0,0.0
2538500.129,3033.0,1935.0,1935.0,-367.6499938964844,-0.0,0.4193666875362396,-367.0,0.0,-2.0,3033.0,0.0,0.0,0.0,0.0
2538510.129,3033.0,1935.0,1935.0,-367.6499938964844,-0.0,0.35646170377731323,-367.0,0.0,-2.0,3033.0,0.0,0.0,0.0,0.0
2538521.125,3033.0,1936.0,1936.0,-367.8399963378906,-0.0,0.002992504509165883,-367.0,0.0,-2.0,3033.0,0.0,0.0,0.0,0.0
2538532.125,3033.0,1936.0,1936.0,-367.8399963378906,-0.0,0.002543628914281726,-367.0,0.0,-2.0,3033.0,0.0,0.0,0.0,0.0
2538542.126,3033.0,1939.0,1939.0,-368.4100036621094,-0.0,-0.89783775806427,-369.0,0.0,-3.0,3033.0,0.0,0.0,0.0,0.0
2538552.127,3033.0,1939.0,1939.0,-368.4100036621094,-0.0,-0.7631621360778809,-369.0,0.0,0.0,3033.0,0.0,0.0,0.0,0.0
2538563.125,3033.0,1936.0,1936.0,-367.8399963378906,-0.0,0.2513120174407959,-367.0,0.0,-2.0,3033.0,0.0,0.0,0.0,0.0
2538574.125,3033.0,1938.0,1938.0,-368.2200012207031,-0.0,-0.3863846957683563,-368.0,0.0,-2.0,3033.0,0.0,0.0,0.0,0.0
2538584.126,3033.0,1935.0,1935.0,-367.6499938964844,-0.0,0.5715728402137756,-367.0,0.0,2.0,3033.0,0.0,0.0,0.0,0.0
2538595.125,3033.0,1937.0,1937.0,-368.0299987792969,-0.0,-0.11416297405958176,-368.0,0.0,-1.0,3033.0,0.0,0.0,0.0,0.0
2538605.125,3033.0,1941.0,1941.0,-368.7900085449219,-0.0,-1.2970383167266846,-370.0,0.0,-1.0,3033.0,0.0,0.0,0.0,0.0
2538615.126,3033.0,1936.0,1936.0,-367.8399963378906,-0.0,0.3975171744823456,-367.0,0.0,-3.0,3033.0,0.0,0.0,0.0,0.0
2538626.125,3033.0,1939.0,1939.0,-368.4100036621094,-0.0,-0.5621102452278137,-368.0,0.0,-2.0,3033.0,0.0,0.0,0.0,0.0
2538636.125,3033.0,1939.0,1939.0,-368.4100036621094,-0.0,-0.47779372334480286,-368.0,0.0,-2.0,3033.0,0.0,0.0,0.0,0.0
2538646.126,3033.0,1936.0,1936.0,-367.8399963378906,-0.0,0.4938751757144928,-367.0,0.0,-1.0,3033.0,0.0,0.0,0.0,0.0
2538657.125,3033.0,1937.0,1937.0,-368.0299987792969,-0.0,0.11979395896196365,-367.0,0.0,1.0,3033.0,0.0,0.0,0.0,0.0
2538667.126,3033.0,1940.0,1940.0,-368.6000061035156,-0.0,-0.7981749773025513,-369.0,0.0,0.0,3033.0,0.0,0.0,0.0,0.0
2538677.127,3033.0,1936.0,1936.0,-367.8399963378906,-0.0,0.5215510725975037,-367.0,0.0,-4.0,3033.0,0.0,0.0,0.0,0.0
2538687.128,3033.0,1940.0,1940.0,-368.6000061035156,-0.0,-0.7566813826560974,-369.0,0.0,-2.0,3033.0,0.0,0.0,0.0,0.0
2538698.125,3033.0,1936.0,1936.0,-367.8399963378906,-0.0,0.5568206310272217,-367.0,0.0,-1.0,3033.0,0.0,0.0,0.0,0.0
2538708.126,3033.0,1936.0,1936.0,-367.8399963378906,-0.0,0.4732975363731384,-367.0,0.0,-1.0,3033.0,0.0,0.0,0.0,0.0
2538719.125,3033.0,1936.0,1936.0,-367.8399963378906,-0.0,0.40230292081832886,-367.0,0.0,2.0,3033.0,0.0,0.0,0.0,0.0
2538729.126,3033.0,1937.0,1937.0,-368.0299987792969,-0.0,0.041957538574934006,-367.0,0.0,-2.0,3033.0,0.0,0.0,0.0,0.0
2538740.125,3033.0,1937.0,1937.0,-368.0299987792969,-0.0,0.0356639102101326,-367.0,0.0,0.0,3033.0,0.0,0.0,0.0,0.0
2538750.729,3033.0,1939.0,1939.0,-368.4100036621094,-0.0,-0.619232714176178,-369.0,0.0,-1.0,3033.0,0.0,0.0,0.0,0.0
2538761.125,3033.0,1938.0,1938.0,-368.2200012207031,-0.0,-0.22634786367416382,-368.0,0.0,0.0,3033.0,0.0,0.0,0.0,0.0
2538771.125,3033.0,1935.0,1935.0,-367.6499938964844,-0.0,0.707604169845581,-366.0,0.0,-1.0,3033.0,0.0,0.0,0.0,0.0
2538781.126,3033.0,1938.0,1938.0,-368.2200012207031,-0.0,-0.2985363006591797,-368.0,0.0,1.0,3033.0,0.0,0.0,0.0,0.0
2538791.126,3033.0,1936.0,1936.0,-367.8399963378906,-0.0,0.34624403715133667,-367.0,0.0,-1.0,3033.0,0.0,0.0,0.0,0.0
2538802.125,3033.0,1935.0,1935.0,-367.6499938964844,-0.0,0.5943073630332947,-367.0,0.0,0.0,3033.0,0.0,0.0,0.0,0.0
2538812.125,3033.0,1938.0,1938.0,-368.2200012207031,-0.0,-0.3948385715484619,-368.0,0.0,2.0,3033.0,0.0,0.0,0.0,0.0
2538823.098,3033.0,1937.0,1937.0,-368.0299987792969,-0.0,-0.03561284393072128,-368.0,0.0,0.0,3033.0,0.0,0.0,0.0,0.0
2538833.099,3033.0,1936.0,1936.0,-367.8399963378906,-0.0,0.26972904801368713,-367.0,0.0,-1.0,3033.0,0.0,0.0,0.0,0.0
2538843.1,3033.0,1936.0,1936.0,-367.8399963378906,-0.0,0.22926969826221466,-367.0,0.0,1.0,3033.0,0.0,0.0,0.0,0.0
2538853.541,3033.0,1936.0,1936.0,-367.8399963378906,-0.0,0.19487924873828888,-367.0,0.0,-2.0,3033.0,0.0,0.0,0.0,0.0
2538864.125,3033.0,1937.0,1937.0,-368.0299987792969,-0.0,-0.13435257971286774,-368.0,0.0,-1.0,3033.0,0.0,0.0,0.0,0.0
2538874.125,3033.0,1935.0,1935.0,-367.6499938964844,-0.0,0.48580020666122437,-367.0,0.0,0.0,3033.0,0.0,0.0,0.0,0.0
2538884.126,3033.0,1935.0,1935.0,-367.6499938964844,-0.0,0.4129301905632019,-367.0,0.0,1.0,3033.0,0.0,0.0,0.0,0.0
2538894.126,3033.0,1936.0,1936.0,-367.8399963378906,-0.0,0.050990719348192215,-367.0,0.0,-2.0,3033.0,0.0,0.0,0.0,0.0
2538905.125,3033.0,1936.0,1936.0,-367.8399963378906,-0.0,0.04334211349487305,-367.0,0.0,-2.0,3033.0,0.0,0.0,0.0,0.0
2538915.125,3033.0,1938.0,1938.0,-368.2200012207031,-0.0,-0.5631591081619263,-368.0,0.0,1.0,3033.0,0.0,0.0,0.0,0.0
2538925.125,3033.0,1937.0,1937.0,-368.0299987792969,-0.0,-0.17868530750274658,-368.0,0.0,2.0,3033.0,0.0,0.0,0.0,0.0
2538936.125,3033.0,1933.0,1933.0,-367.2699890136719,-0.0,1.0481172800064087,-366.0,0.0,-3.0,3033.0,0.0,0.0,0.0,0.0
2538946.68,3033.0,1936.0,1936.0,-367.8399963378906,-0.0,-0.009100143797695637,-367.0,0.0,0.0,3033.0,0.0,0.0,0.0,0.0
2538957.125,3033.0,1936.0,1936.0,-367.8399963378906,-0.0,-0.007735122460871935,-367.0,0.0,0.0,3033.0,0.0,0.0,0.0,0.0
2538967.126,3033.0,1938.0,1938.0,-368.2200012207031,-0.0,-0.6065747737884521,-368.0,0.0,-1.0,3033.0,0.0,0.0,0.0,0.0
2538977.819,3033.0,1938.0,1938.0,-368.2200012207031,-0.0,-0.5155885815620422,-368.0,0.0,-1.0,3033.0,0.0,0.0,0.0,0.0
2538988.125,3033.0,1939.0,1939.0,-368.4100036621094,-0.0,-0.7382502555847168,-369.0,0.0,-4.0,3033.0,0.0,0.0,0.0,0.0
2538998.125,3033.0,1937.0,1937.0,-368.0299987792969,-0.0,-0.02751282975077629,-368.0,0.0,-4.0,3033.0,0.0,0.0,0.0,0.0
2539008.126,3033.0,1937.0,1937.0,-368.0299987792969,-0.0,-0.02338590659201145,-368.0,0.0,0.0,3033.0,0.0,0.0,0.0,0.0
2539018.126,3033.0,1936.0,1936.0,-367.8399963378906,-0.0,0.28012192249298096,-367.0,0.0,0.0,3033.0,0.0,0.0,0.0,0.0
2539029.125,3033.0,1936.0,1936.0,-367.8399963378906,-0.0,0.23810364305973053,-367.0,0.0,-1.0,3033.0,0.0,0.0,0.0,0.0
2539040.125,3033.0,1937.0,1937.0,-368.0299987792969,-0.0,-0.09761185199022293,-368.0,0.0,-1.0,3033.0,0.0,0.0,0.0,0.0
2539050.171,3033.0,1936.0,1936.0,-367.8399963378906,-0.0,0.217029869556427,-367.0,0.0,-1.0,3033.0,0.0,0.0,0.0,0.0
2539060.171,3033.0,1935.0,1935.0,-367.6499938964844,-0.0,0.48447534441947937,-367.0,0.0,-4.0,3033.0,0.0,0.0,0.0,0.0
2539070.172,3033.0,1936.0,1936.0,-367.8399963378906,-0.0,0.11180410534143448,-367.0,0.0,1.0,3033.0,0.0,0.0,0.0,0.0
2539080.173,3033.0,1935.0,1935.0,-367.6499938964844,-0.0,0.39503344893455505,-367.0,0.0,-3.0,3033.0,0.0,0.0,0.0,0.0
2539090.173,3033.0,1936.0,1936.0,-367.8399963378906,-0.0,0.03577848896384239,-367.0,0.0,-4.0,3033.0,0.0,0.0,0.0,0.0
2539100.174,3033.0,1935.0,1935.0,-367.6499938964844,-0.0,0.3304116725921631,-367.0,0.0,-1.0,3033.0,0.0,0.0,0.0,0.0
2539111.125,3033.0,1937.0,1937.0,-368.0299987792969,-0.0,-0.3191499710083008,-368.0,0.0,0.0,3033.0,0.0,0.0,0.0,0.0
2539123.097,3033.0,1938.0,1934.0,-367.4599914550781,-0.0,0.6287223696708679,-366.0,0.0,2.0,3033.0,0.0,0.0,0.0,0.0
2539134.021,3033.0,1938.0,1938.0,-368.2200012207031,-0.0,-0.5657479166984558,-368.0,0.0,-2.0,3033.0,0.0,0.0,0.0,0.0
2539144.125,3033.0,1940.0,1940.0,-368.6000061035156,-0.0,-1.080885648727417,-369.0,0.0,0.0,3033.0,0.0,0.0,0.0,0.0
2539154.125,3033.0,1937.0,1937.0,-368.0299987792969,-0.0,-0.018752969801425934,-368.0,0.0,-3.0,3033.0,0.0,0.0,0.0,0.0
2539164.126,3033.0,1937.0,1937.0,-368.0299987792969,-0.0,-0.015940025448799133,-368.0,0.0,1.0,3033.0,0.0,0.0,0.0,0.0
2539174.814,3033.0,1936.0,1936.0,-367.8399963378906,-0.0,0.28645092248916626,-367.0,0.0,0.0,3033.0,0.0,0.0,0.0,0.0
2539184.814,3033.0,1936.0,1936.0,-367.8399963378906,-0.0,0.2434832900762558,-367.0,0.0,0.0,3033.0,0.0,0.0,0.0,0.0
2539195.125,3033.0,1938.0,1938.0,-368.2200012207031,-0.0,-0.39303910732269287,-368.0,0.0,-1.0,3033.0,0.0,0.0,0.0,0.0
2539205.125,3033.0,1935.0,1935.0,-367.6499938964844,-0.0,0.5659165978431702,-367.0,0.0,3.0,3033.0,0.0,0.0,0.0,0.0
2539215.125,3033.0,1937.0,1937.0,-368.0299987792969,-0.0,-0.11897078156471252,-368.0,0.0,0.0,3033.0,0.0,0.0,0.0,0.0
2539225.454,3033.0,1937.0,1937.0,-368.0299987792969,-0.0,-0.10112516582012177,-368.0,0.0,0.0,3033.0,0.0,0.0,0.0,0.0
2539236.225,3033.0,1936.0,1936.0,-367.8399963378906,-0.0,0.21404355764389038,-367.0,0.0,1.0,3033.0,0.0,0.0,0.0,0.0
2539247.098,3033.0,1938.0,1938.0,-368.2200012207031,-0.0,-0.41806286573410034,-368.0,0.0,-2.0,3033.0,0.0,0.0,0.0,0.0
2539257.099,3033.0,1935.0,1935.0,-367.6499938964844,-0.0,0.5446463823318481,-367.0,0.0,-1.0,3033.0,0.0,0.0,0.0,0.0
2539268.013,3033.0,1936.0,1936.0,-367.8399963378906,-0.0,0.16294948756694794,-367.0,0.0,-1.0,3033.0,0.0,0.0,0.0,0.0
2539278.014,3033.0,1937.0,1937.0,-368.0299987792969,-0.0,-0.16149288415908813,-368.0,0.0,-1.0,3033.0,0.0,0.0,0.0,0.0
2539288.125,3033.0,1937.0,1937.0,-368.0299987792969,-0.0,-0.13726896047592163,-368.0,0.0,0.0,3033.0,0.0,0.0,0.0,0.0
2539299.098,3033.0,1936.0,1936.0,-367.8399963378906,-0.0,0.18332132697105408,-367.0,0.0,-3.0,3033.0,0.0,0.0,0.0,0.0
2539309.099,3033.0,1939.0,1939.0,-368.4100036621094,-0.0,-0.7441767454147339,-369.0,0.0,-3.0,3033.0,0.0,0.0,0.0,0.0
2539320.125,3033.0,1935.0,1935.0,-367.6499938964844,-0.0,0.5674495697021484,-367.0,0.0,1.0,3033.0,0.0,0.0,0.0,0.0
2539330.125,3033.0,1936.0,1936.0,-367.8399963378906,-0.0,0.18233220279216766,-367.0,0.0,0.0,3033.0,0.0,0.0,0.0,0.0
2539340.953,3033.0,1936.0,1936.0,-367.8399963378906,-0.0,0.15498237311840057,-367.0,0.0,1.0,3033.0,0.0,0.0,0.0,0.0
2539350.954,3033.0,1937.0,1937.0,-368.0299987792969,-0.0,-0.16826492547988892,-368.0,0.0,0.0,3033.0,0.0,0.0,0.0,0.0
2539360.954,3033.0,1937.0,1937.0,-368.0299987792969,-0.0,-0.14302518963813782,-368.0,0.0,0.0,3033.0,0.0,0.0,0.0,0.0
2539372.098,3033.0,1936.0,1936.0,-367.8399963378906,-0.0,0.1784285306930542,-367.0,0.0,-1.0,3033.0,0.0,0.0,0.0,0.0
2539382.099,3033.0,1936.0,1936.0,-367.8399963378906,-0.0,0.15166425704956055,-367.0,0.0,-2.0,3033.0,0.0,0.0,0.0,0.0
2539392.1,3033.0,1937.0,1937.0,-368.0299987792969,-0.0,-0.17108532786369324,-368.0,0.0,0.0,3033.0,0.0,0.0,0.0,0.0
2539403.125,3033.0,1937.0,1937.0,-368.0299987792969,-0.0,-0.1454225331544876,-368.0,0.0,-2.0,3033.0,0.0,0.0,0.0,0.0
2539413.125,3033.0,1936.0,1936.0,-367.8399963378906,-0.0,0.17639079689979553,-367.0,0.0,-2.0,3033.0,0.0,0.0,0.0,0.0
2539424.125,3033.0,1940.0,1940.0,-368.6000061035156,-0.0,-1.050067663192749,-369.0,0.0,-1.0,3033.0,0.0,0.0,0.0,0.0
2539434.125,3033.0,1937.0,1937.0,-368.0299987792969,-0.0,0.007442318368703127,-368.0,0.0,-2.0,3033.0,0.0,0.0,0.0,0.0
2539445.125,3033.0,1937.0,1937.0,-368.0299987792969,-0.0,0.006325970869511366,-368.0,0.0,1.0,3033.0,0.0,0.0,0.0,0.0
2539455.125,3033.0,1936.0,1936.0,-367.8399963378906,-0.0,0.3053770363330841,-367.0,0.0,4.0,3033.0,0.0,0.0,0.0,0.0
2539466.125,3033.0,1935.0,1935.0,-367.6499938964844,-0.0,0.5206348896026611,-367.0,0.0,-1.0,3033.0,0.0,0.0,0.0,0.0
2539477.125,3033.0,1937.0,1937.0,-368.0299987792969,-0.0,-0.15746024250984192,-368.0,0.0,-1.0,3033.0,0.0,0.0,0.0,0.0
2539487.689,3033.0,1936.0,1936.0,-367.8399963378906,-0.0,0.1661587357521057,-367.0,0.0,1.0,3033.0,0.0,0.0,0.0,0.0
2539498.189,3033.0,1938.0,1938.0,-368.2200012207031,-0.0,-0.4587649703025818,-368.0,0.0,-1.0,3033.0,0.0,0.0,0.0,0.0
2539509.125,3033.0,1939.0,1939.0,-368.4100036621094,-0.0,-0.689950168132782,-369.0,0.0,-2.0,3033.0,0.0,0.0,0.0,0.0
2539519.384,3033.0,1937.0,1937.0,-368.0299987792969,-0.0,0.013542245142161846,-368.0,0.0,0.0,3033.0,0.0,0.0,0.0,0.0
2539530.125,3033.0,1939.0,1939.0,-368.4100036621094,-0.0,-0.5884889960289001,-368.0,0.0,-1.0,3033.0,0.0,0.0,0.0,0.0
2539540.215,3033.0,1939.0,1939.0,-368.4100036621094,-0.0,-0.5002156496047974,-368.0,0.0,-1.0,3033.0,0.0,0.0,0.0,0.0
2539550.216,3033.0,1934.0,1934.0,-367.4599914550781,-0.0,1.0748164653778076,-366.0,0.0,-1.0,3033.0,0.0,0.0,0.0,0.0
2539560.217,3033.0,1937.0,1937.0,-368.0299987792969,-0.0,0.01359416451305151,-368.0,0.0,-1.0,3033.0,0.0,0.0,0.0,0.0
2539570.217,3033.0,1937.0,1937.0,-368.0299987792969,-0.0,0.011555040255188942,-368.0,0.0,-2.0,3033.0,0.0,0.0,0.0,0.0
2539580.218,3033.0,1935.0,1935.0,-367.6499938964844,-0.0,0.6098216772079468,-367.0,0.0,-1.0,3033.0,0.0,0.0,0.0,0.0
2539591.126,3033.0,1935.0,1935.0,-367.6499938964844,-0.0,0.5183484554290771,-367.0,0.0,3.0,3033.0,0.0,0.0,0.0,0.0
2539601.126,3033.0,1936.0,1936.0,-367.8399963378906,-0.0,0.14059624075889587,-367.0,0.0,-1.0,3033.0,0.0,0.0,0.0,0.0
2539611.304,3033.0,1938.0,1938.0,-368.2200012207031,-0.0,-0.48049309849739075,-368.0,0.0,0.0,3033.0,0.0,0.0,0.0,0.0
2539622.125,3033.0,1937.0,1937.0,-368.0299987792969,-0.0,-0.10841919481754303,-368.0,0.0,-1.0,3033.0,0.0,0.0,0.0,0.0
2539632.125,3033.0,1936.0,1936.0,-367.8399963378906,-0.0,0.2078436315059662,-367.0,0.0,0.0,3033.0,0.0,0.0,0.0,0.0
2539643.125,3033.0,1938.0,1938.0,-368.2200012207031,-0.0,-0.4233328104019165,-368.0,0.0,-2.0,3033.0,0.0,0.0,0.0,0.0
2539654.125,3033.0,1937.0,1937.0,-368.0299987792969,-0.0,-0.059832945466041565,-368.0,0.0,-3.0,3033.0,0.0,0.0,0.0,0.0
2539664.125,3033.0,1936.0,1936.0,-367.8399963378906,-0.0,0.24914194643497467,-367.0,0.0,-3.0,3033.0,0.0,0.0,0.0,0.0
2539675.125,3033.0,1936.0,1936.0,-367.8399963378906,-0.0,0.2117706537246704,-367.0,0.0,0.0,3033.0,0.0,0.0,0.0,0.0
2539686.098,3033.0,1936.0,1936.0,-367.8399963378906,-0.0,0.1800050586462021,-367.0,0.0,-2.0,3033.0,0.0,0.0,0.0,0.0
2539697.125,3033.0,1938.0,1938.0,-368.2200012207031,-0.0,-0.4699462354183197,-368.0,0.0,0.0,3033.0,0.0,0.0,0.0,0.0
2539707.421,3033.0,1938.0,1938.0,-368.2200012207031,-0.0,-0.3994543254375458,-368.0,0.0,0.0,3033.0,0.0,0.0,0.0,0.0
2539718.125,3033.0,1936.0,1936.0,-367.8399963378906,-0.0,0.2604637145996094,-367.0,0.0,-3.0,3033.0,0.0,0.0,0.0,0.0
2539728.126,3033.0,1938.0,1938.0,-368.2200012207031,-0.0,-0.37860575318336487,-368.0,0.0,2.0,3033.0,0.0,0.0,0.0,0.0
2539738.127,3033.0,1938.0,1938.0,-368.2200012207031,-0.0,-0.3218148946762085,-368.0,0.0,2.0,3033.0,0.0,0.0,0.0,0.0
2539749.125,3033.0,1937.0,1937.0,-368.0299987792969,-0.0,0.0264572836458683,-368.0,0.0,-1.0,3033.0,0.0,0.0,0.0,0.0
2539759.125,3033.0,1937.0,1937.0,-368.0299987792969,-0.0,0.02248869091272354,-368.0,0.0,0.0,3033.0,0.0,0.0,0.0,0.0
2539769.167,3033.0,1938.0,1938.0,-368.2200012207031,-0.0,-0.2808845639228821,-368.0,0.0,-3.0,3033.0,0.0,0.0,0.0,0.0
2539780.125,3033.0,1938.0,1938.0,-368.2200012207031,-0.0,-0.23875188827514648,-368.0,0.0,1.0,3033.0,0.0,0.0,0.0,0.0
2539791.125,3033.0,1937.0,1937.0,-368.0299987792969,-0.0,0.09706084430217743,-367.0,0.0,0.0,3033.0,0.0,0.0,0.0,0.0
2539801.26,3033.0,1937.0,1937.0,-368.0299987792969,-0.0,0.08250171691179276,-367.0,0.0,0.0,3033.0,0.0,0.0,0.0,0.0
2539812.102,3033.0,1938.0,1938.0,-368.2200012207031,-0.0,-0.22987349331378937,-368.0,0.0,-2.0,3033.0,0.0,0.0,0.0,0.0
2539822.103,3033.0,1939.0,1939.0,-368.4100036621094,-0.0,-0.49539244174957275,-368.0,0.0,-1.0,3033.0,0.0,0.0,0.0,0.0
2539833.125,3033.0,1939.0,1939.0,-368.4100036621094,-0.0,-0.42108359932899475,-368.0,0.0,-1.0,3033.0,0.0,0.0,0.0,0.0
2539844.125,3033.0,1937.0,1937.0,-368.0299987792969,-0.0,0.24207884073257446,-367.0,0.0,-1.0,3033.0,0.0,0.0,0.0,0.0
2539854.126,3033.0,1939.0,1939.0,-368.4100036621094,-0.0,-0.3942328989505768,-368.0,0.0,1.0,3033.0,0.0,0.0,0.0,0.0
2539865.125,3033.0,1935.0,1935.0,-367.6499938964844,-0.0,0.8649018406867981,-366.0,0.0,-4.0,3033.0,0.0,0.0,0.0,0.0
2539875.126,3033.0,1937.0,1937.0,-368.0299987792969,-0.0,0.13516667485237122,-367.0,0.0,-3.0,3033.0,0.0,0.0,0.0,0.0
2539886.125,3033.0,1935.0,1935.0,-367.6499938964844,-0.0,0.7148915529251099,-366.0,0.0,0.0,3033.0,0.0,0.0,0.0,0.0
2539896.8,3033.0,1937.0,1937.0,-368.0299987792969,-0.0,0.007657932583242655,-368.0,0.0,-2.0,3033.0,0.0,0.0,0.0,0.0
2539906.8,3033.0,1938.0,1938.0,-368.2200012207031,-0.0,-0.2934907078742981,-368.0,0.0,0.0,3033.0,0.0,0.0,0.0,0.0
2539917.125,3033.0,1936.0,1936.0,-367.8399963378906,-0.0,0.35053279995918274,-367.0,0.0,-3.0,3033.0,0.0,0.0,0.0,0.0
2539927.155,3033.0,1936.0,1936.0,-367.8399963378906,-0.0,0.29795289039611816,-367.0,0.0,4.0,3033.0,0.0,0.0,0.0,0.0
2539938.125,3033.0,1939.0,1939.0,-368.4100036621094,-0.0,-0.6467399001121521,-369.0,0.0,-1.0,3033.0,0.0,0.0,0.0,0.0
2539949.125,3033.0,1935.0,1935.0,-367.6499938964844,-0.0,0.5977302193641663,-367.0,0.0,-1.0,3033.0,0.0,0.0,0.0,0.0
2539959.125,3033.0,1935.0,1935.0,-367.6499938964844,-0.0,0.508070707321167,-367.0,0.0,-1.0,3033.0,0.0,0.0,0.0,0.0
2539970.125,3033.0,1936.0,1936.0,-367.8399963378906,-0.0,0.1318601667881012,-367.0,0.0,0.0,3033.0,0.0,0.0,0.0,0.0
2539980.126,3033.0,1936.0,1936.0,-367.8399963378906,-0.0,0.1120811477303505,-367.0,0.0,0.0,3033.0,0.0,0.0,0.0,0.0
2539991.125,3033.0,1937.0,1937.0,-368.0299987792969,-0.0,-0.20473097264766693,-368.0,0.0,-3.0,3033.0,0.0,0.0,0.0,0.0
2540001.602,3033.0,1937.0,1937.0,-368.0299987792969,-0.0,-0.17402133345603943,-368.0,0.0,-3.0,3033.0,0.0,0.0,0.0,0.0
2540011.602,3033.0,1938.0,1938.0,-368.2200012207031,-0.0,-0.4479180872440338,-368.0,0.0,-4.0,3033.0,0.0,0.0,0.0,0.0
2540022.353,3033.0,1938.0,1938.0,-368.2200012207031,-0.0,-0.38073039054870605,-368.0,0.0,-4.0,3033.0,0.0,0.0,0.0,0.0
2540032.354,3033.0,1937.0,1937.0,-368.0299987792969,-0.0,-0.023620888590812683,-368.0,0.0,-2.0,3033.0,0.0,0.0,0.0,0.0
2540043.125,3033.0,1937.0,1937.0,-368.0299987792969,-0.0,-0.02007775567471981,-368.0,0.0,-1.0,3033.0,0.0,0.0,0.0,0.0
2540053.125,3033.0,1939.0,1939.0,-368.4100036621094,-0.0,-0.6170660257339478,-369.0,0.0,1.0,3033.0,0.0,0.0,0.0,0.0
2540063.125,3033.0,1938.0,1938.0,-368.2200012207031,-0.0,-0.2245061844587326,-368.0,0.0,-1.0,3033.0,0.0,0.0,0.0,0.0
2540073.906,3033.0,1941.0,1941.0,-368.7900085449219,-0.0,-1.0908300876617432,-369.0,0.0,1.0,3033.0,0.0,0.0,0.0,0.0
2540085.195,3033.0,1937.0,1937.0,-368.0299987792969,-0.0,0.2727942168712616,-367.0,0.0,1.0,3033.0,0.0,0.0,0.0,0.0
2540095.195,3033.0,1937.0,1937.0,-368.0299987792969,-0.0,0.23187509179115295,-367.0,0.0,-4.0,3033.0,0.0,0.0,0.0,0.0
2540105.351,3033.0,1937.0,1937.0,-368.0299987792969,-0.0,0.19709382951259613,-367.0,0.0,-4.0,3033.0,0.0,0.0,0.0,0.0
2540115.352,3033.0,1938.0,1938.0,-368.2200012207031,-0.0,-0.13247019052505493,-368.0,0.0,-1.0,3033.0,0.0,0.0,0.0,0.0
2540126.125,3033.0,1935.0,1935.0,-367.6499938964844,-0.0,0.7874001860618591,-366.0,0.0,-2.0,3033.0,0.0,0.0,0.0,0.0
2540137.125,3033.0,1934.0,1934.0,-367.4599914550781,-0.0,0.9692901372909546,-366.0,0.0,0.0,3033.0,0.0,0.0,0.0,0.0
2540147.836,3033.0,1933.0,1933.0,-367.2699890136719,-0.0,1.123896598815918,-366.0,0.0,0.0,3033.0,0.0,0.0,0.0,0.0
2540157.837,3033.0,1938.0,1938.0,-368.2200012207031,-0.0,-0.5446876287460327,-368.0,0.0,-4.0,3033.0,0.0,0.0,0.0,0.0
2540168.125,3033.0,1938.0,1938.0,-368.2200012207031,-0.0,-0.46298450231552124,-368.0,0.0,-1.0,3033.0,0.0,0.0,0.0,0.0
2540179.125,3033.0,1938.0,1938.0,-368.2200012207031,-0.0,-0.39353683590888977,-368.0,0.0,-1.0,3033.0,0.0,0.0,0.0,0.0
2540189.648,3033.0,1938.0,1938.0,-368.2200012207031,-0.0,-0.3345063328742981,-368.0,0.0,-1.0,3033.0,0.0,0.0,0.0,0.0
2540200.125,3033.0,1937.0,1937.0,-368.0299987792969,-0.0,0.0156695619225502,-368.0,0.0,1.0,3033.0,0.0,0.0,0.0,0.0
2540210.126,3033.0,1937.0,1937.0,-368.0299987792969,-0.0,0.013319128192961216,-368.0,0.0,3.0,3033.0,0.0,0.0,0.0,0.0
2540221.125,3033.0,1935.0,1935.0,-367.6499938964844,-0.0,0.6996229290962219,-366.0,0.0,-4.0,3033.0,0.0,0.0,0.0,0.0
2540232.125,3033.0,1938.0,1938.0,-368.2200012207031,-0.0,-0.3053203523159027,-368.0,0.0,-2.0,3033.0,0.0,0.0,0.0,0.0
2540242.126,3033.0,1936.0,1936.0,-367.8399963378906,-0.0,0.3404775857925415,-367.0,0.0,0.0,3033.0,0.0,0.0,0.0,0.0
2540252.465,3033.0,1936.0,1936.0,-367.8399963378906,-0.0,0.2894059419631958,-367.0,0.0,0.0,3033.0,0.0,0.0,0.0,0.0
2540262.465,3033.0,1933.0,1933.0,-367.2699890136719,-0.0,1.1459949016571045,-366.0,0.0,-1.0,3033.0,0.0,0.0,0.0,0.0
2540272.466,3033.0,1937.0,1937.0,-368.0299987792969,-0.0,-0.22590412199497223,-368.0,0.0,1.0,3033.0,0.0,0.0,0.0,0.0
2540282.466,3033.0,1937.0,1937.0,-368.0299987792969,-0.0,-0.1920185089111328,-368.0,0.0,1.0,3033.0,0.0,0.0,0.0,0.0
2540292.466,3033.0,1936.0,1936.0,-367.8399963378906,-0.0,0.13678421080112457,-367.0,0.0,0.0,3033.0,0.0,0.0,0.0,0.0
2540302.467,3033.0,1939.0,1939.0,-368.4100036621094,-0.0,-0.7837332487106323,-369.0,0.0,1.0,3033.0,0.0,0.0,0.0,0.0
2540312.467,3033.0,1937.0,1937.0,-368.0299987792969,-0.0,-0.06617337465286255,-368.0,0.0,-1.0,3033.0,0.0,0.0,0.0,0.0
2540322.467,3033.0,1935.0,1935.0,-367.6499938964844,-0.0,0.5437525510787964,-367.0,0.0,-3.0,3033.0,0.0,0.0,0.0,0.0
2540332.926,3033.0,1938.0,1938.0,-368.2200012207031,-0.0,-0.43781018257141113,-368.0,0.0,-3.0,3033.0,0.0,0.0,0.0,0.0
2540342.926,3033.0,1936.0,1936.0,-367.8399963378906,-0.0,0.22786124050617218,-367.0,0.0,0.0,3033.0,0.0,0.0,0.0,0.0
2540353.121,3033.0,1937.0,1937.0,-368.0299987792969,-0.0,-0.10631789267063141,-368.0,0.0,-2.0,3033.0,0.0,0.0,0.0,0.0
2540363.122,3033.0,1939.0,1939.0,-368.4100036621094,-0.0,-0.6903701424598694,-369.0,0.0,5.0,3033.0,0.0,0.0,0.0,0.0
2540374.125,3033.0,1937.0,1937.0,-368.0299987792969,-0.0,0.013185267336666584,-368.0,0.0,-3.0,3033.0,0.0,0.0,0.0,0.0
2540385.125,3033.0,1937.0,1937.0,-368.0299987792969,-0.0,0.011207477189600468,-368.0,0.0,-3.0,3033.0,0.0,0.0,0.0,0.0
2540395.129,3033.0,1936.0,1936.0,-367.8399963378906,-0.0,0.3095262944698334,-367.0,0.0,1.0,3033.0,0.0,0.0,0.0,0.0
2540406.125,3033.0,1935.0,1935.0,-367.6499938964844,-0.0,0.5630972981452942,-367.0,0.0,1.0,3033.0,0.0,0.0,0.0,0.0
2540416.711,3033.0,1939.0,1939.0,-368.4100036621094,-0.0,-0.7213671207427979,-369.0,0.0,-6.0,3033.0,0.0,0.0,0.0,0.0
2540426.712,3033.0,1936.0,1936.0,-367.8399963378906,-0.0,0.28683778643608093,-367.0,0.0,0.0,3033.0,0.0,0.0,0.0,0.0
2540436.713,3033.0,1937.0,1937.0,-368.0299987792969,-0.0,-0.05618782714009285,-368.0,0.0,0.0,3033.0,0.0,0.0,0.0,0.0
2540447.125,3033.0,1938.0,1938.0,-368.2200012207031,-0.0,-0.3477596044540405,-368.0,0.0,0.0,3033.0,0.0,0.0,0.0,0.0
2540457.207,3033.0,1939.0,1939.0,-368.4100036621094,-0.0,-0.5955955982208252,-369.0,0.0,1.0,3033.0,0.0,0.0,0.0,0.0
2540467.949,3033.0,1936.0,1936.0,-367.8399963378906,-0.0,0.3937435746192932,-367.0,0.0,-1.0,3033.0,0.0,0.0,0.0,0.0
2540477.949,3033.0,1939.0,1939.0,-368.4100036621094,-0.0,-0.5653178095817566,-368.0,0.0,-1.0,3033.0,0.0,0.0,0.0,0.0
2540488.125,3033.0,1936.0,1936.0,-367.8399963378906,-0.0,0.41947969794273376,-367.0,0.0,-2.0,3033.0,0.0,0.0,0.0,0.0
2540498.126,3033.0,1936.0,1936.0,-367.8399963378906,-0.0,0.3565577566623688,-367.0,0.0,-2.0,3033.0,0.0,0.0,0.0,0.0
2540508.901,3033.0,1937.0,1937.0,-368.0299987792969,-0.0,0.0030741493683308363,-368.0,0.0,1.0,3033.0,0.0,0.0,0.0,0.0
2540518.901,3033.0,1935.0,1935.0,-367.6499938964844,-0.0,0.6026129126548767,-367.0,0.0,0.0,3033.0,0.0,0.0,0.0,0.0
2540529.125,3033.0,1938.0,1938.0,-368.2200012207031,-0.0,-0.3877788782119751,-368.0,0.0,-1.0,3033.0,0.0,0.0,0.0,0.0
2540539.126,3033.0,1937.0,1937.0,-368.0299987792969,-0.0,-0.0296121034771204,-368.0,0.0,-2.0,3033.0,0.0,0.0,0.0,0.0
2540550.125,3033.0,1937.0,1937.0,-368.0299987792969,-0.0,-0.02517028898000717,-368.0,0.0,-3.0,3033.0,0.0,0.0,0.0,0.0
2540560.125,3033.0,1937.0,1937.0,-368.0299987792969,-0.0,-0.021394746378064156,-368.0,0.0,-4.0,3033.0,0.0,0.0,0.0,0.0
2540571.252,3033.0,1939.0,1939.0,-368.4100036621094,-0.0,-0.6181854605674744,-369.0,0.0,3.0,3033.0,0.0,0.0,0.0,0.0
2540581.252,3033.0,1937.0,1937.0,-368.0299987792969,-0.0,0.07454224675893784,-367.0,0.0,-5.0,3033.0,0.0,0.0,0.0,0.0
2540591.253,3033.0,1934.0,1934.0,-367.4599914550781,-0.0,0.9633607864379883,-366.0,0.0,-2.0,3033.0,0.0,0.0,0.0,0.0
2540601.254,3033.0,1939.0,1939.0,-368.4100036621094,-0.0,-0.681143045425415,-369.0,0.0,0.0,3033.0,0.0,0.0,0.0,0.0
2540611.255,3033.0,1939.0,1939.0,-368.4100036621094,-0.0,-0.5789716243743896,-368.0,0.0,0.0,3033.0,0.0,0.0,0.0,0.0
2540622.293,3033.0,1938.0,1938.0,-368.2200012207031,-0.0,-0.19212594628334045,-368.0,0.0,-1.0,3033.0,0.0,0.0,0.0,0.0
2540632.293,3033.0,1938.0,1938.0,-368.2200012207031,-0.0,-0.1633070558309555,-368.0,0.0,-4.0,3033.0,0.0,0.0,0.0,0.0
2540642.294,3033.0,1937.0,1937.0,-368.0299987792969,-0.0,0.16118894517421722,-367.0,0.0,-3.0,3033.0,0.0,0.0,0.0,0.0
2540652.294,3033.0,1935.0,1935.0,-367.6499938964844,-0.0,0.7370105385780334,-366.0,0.0,0.0,3033.0,0.0,0.0,0.0,0.0
2540662.623,3033.0,1938.0,1938.0,-368.2200012207031,-0.0,-0.2735408842563629,-368.0,0.0,-1.0,3033.0,0.0,0.0,0.0,0.0
2540673.125,3033.0,1939.0,1939.0,-368.4100036621094,-0.0,-0.5325096845626831,-368.0,0.0,-2.0,3033.0,0.0,0.0,0.0,0.0
2540684.125,3033.0,1936.0,1936.0,-367.8399963378906,-0.0,0.38026162981987,-367.0,0.0,4.0,3033.0,0.0,0.0,0.0,0.0
2540694.126,3033.0,1936.0,1936.0,-367.8399963378906,-0.0,0.32322239875793457,-367.0,0.0,4.0,3033.0,0.0,0.0,0.0,0.0
2540705.125,3033.0,1939.0,1939.0,-368.4100036621094,-0.0,-0.6252608299255371,-369.0,0.0,-1.0,3033.0,0.0,0.0,0.0,0.0
2540715.515,3033.0,1938.0,1938.0,-368.2200012207031,-0.0,-0.23147176206111908,-368.0,0.0,0.0,3033.0,0.0,0.0,0.0,0.0
2540725.516,3033.0,1934.0,1934.0,-367.4599914550781,-0.0,1.0032488107681274,-366.0,0.0,-3.0,3033.0,0.0,0.0,0.0,0.0
2540735.517,3033.0,1936.0,1936.0,-367.8399963378906,-0.0,0.2527616024017334,-367.0,0.0,-2.0,3033.0,0.0,0.0,0.0,0.0
2540745.518,3033.0,1936.0,1936.0,-367.8399963378906,-0.0,0.2148473709821701,-367.0,0.0,0.0,3033.0,0.0,0.0,0.0,0.0
2540755.52,3033.0,1938.0,1938.0,-368.2200012207031,-0.0,-0.4173796474933624,-368.0,0.0,0.0,3033.0,0.0,0.0,0.0,0.0
2540765.521,3033.0,1937.0,1937.0,-368.0299987792969,-0.0,-0.0547727569937706,-368.0,0.0,-2.0,3033.0,0.0,0.0,0.0,0.0
2540776.126,3033.0,1936.0,1936.0,-367.8399963378906,-0.0,0.2534431219100952,-367.0,0.0,-1.0,3033.0,0.0,0.0,0.0,0.0
2540786.127,3033.0,1940.0,1940.0,-368.6000061035156,-0.0,-0.9845731258392334,-369.0,0.0,2.0,3033.0,0.0,0.0,0.0,0.0
2540796.128,3033.0,1937.0,1937.0,-368.0299987792969,-0.0,0.06311267614364624,-367.0,0.0,-2.0,3033.0,0.0,0.0,0.0,0.0
2540807.125,3033.0,1937.0,1937.0,-368.0299987792969,-0.0,0.053645774722099304,-367.0,0.0,1.0,3033.0,0.0,0.0,0.0,0.0
2540817.125,3033.0,1937.0,1937.0,-368.0299987792969,-0.0,0.04559890925884247,-367.0,0.0,1.0,3033.0,0.0,0.0,0.0,0.0
2540827.126,3033.0,1936.0,1936.0,-367.8399963378906,-0.0,0.33875903487205505,-367.0,0.0,-1.0,3033.0,0.0,0.0,0.0,0.0
2540838.125,3033.0,1935.0,1935.0,-367.6499938964844,-0.0,0.5879451632499695,-367.0,0.0,-1.0,3033.0,0.0,0.0,0.0,0.0
2540849.125,3033.0,1935.0,1935.0,-367.6499938964844,-0.0,0.4997534155845642,-367.0,0.0,0.0,3033.0,0.0,0.0,0.0,0.0
2540859.126,3033.0,1936.0,1936.0,-367.8399963378906,-0.0,0.12479045987129211,-367.0,0.0,0.0,3033.0,0.0,0.0,0.0,0.0
2540870.125,3033.0,1937.0,1937.0,-368.0299987792969,-0.0,-0.193928062915802,-368.0,0.0,-3.0,3033.0,0.0,0.0,0.0,0.0
2540880.125,3033.0,1935.0,1935.0,-367.6499938964844,-0.0,0.4351610541343689,-367.0,0.0,0.0,3033.0,0.0,0.0,0.0,0.0
2540890.126,3033.0,1936.0,1936.0,-367.8399963378906,-0.0,0.0698869526386261,-367.0,0.0,-2.0,3033.0,0.0,0.0,0.0,0.0
2540900.231,3033.0,1938.0,1938.0,-368.2200012207031,-0.0,-0.5405960083007812,-368.0,0.0,0.0,3033.0,0.0,0.0,0.0,0.0
2540911.125,3033.0,1939.0,1939.0,-368.4100036621094,-0.0,-0.7595065832138062,-369.0,0.0,-3.0,3033.0,0.0,0.0,0.0,0.0
2540922.125,3033.0,1939.0,1939.0,-368.4100036621094,-0.0,-0.6455805897712708,-369.0,0.0,-3.0,3033.0,0.0,0.0,0.0,0.0
2540933.125,3033.0,1935.0,1935.0,-367.6499938964844,-0.0,0.651256263256073,-366.0,0.0,1.0,3033.0,0.0,0.0,0.0,0.0
2540944.125,3033.0,1938.0,1938.0,-368.2200012207031,-0.0,-0.34643203020095825,-368.0,0.0,1.0,3033.0,0.0,0.0,0.0,0.0
2540954.126,3033.0,1936.0,1936.0,-367.8399963378906,-0.0,0.30553266406059265,-367.0,0.0,1.0,3033.0,0.0,0.0,0.0,0.0
2540964.396,3033.0,1938.0,1938.0,-368.2200012207031,-0.0,-0.340297132730484,-368.0,0.0,1.0,3033.0,0.0,0.0,0.0,0.0
2540974.397,3033.0,1937.0,1937.0,-368.0299987792969,-0.0,0.01074738148599863,-368.0,0.0,-1.0,3033.0,0.0,0.0,0.0,0.0
2540984.397,3033.0,1938.0,1938.0,-368.2200012207031,-0.0,-0.2908646762371063,-368.0,0.0,-3.0,3033.0,0.0,0.0,0.0,0.0
2540995.125,3033.0,1937.0,1937.0,-368.0299987792969,-0.0,0.05276497080922127,-367.0,0.0,2.0,3033.0,0.0,0.0,0.0,0.0
2541006.125,3033.0,1934.0,1934.0,-367.4599914550781,-0.0,0.8931225538253784,-366.0,0.0,-1.0,3033.0,0.0,0.0,0.0,0.0
2541017.125,3033.0,1934.0,1934.0,-367.4599914550781,-0.0,0.759154200553894,-366.0,0.0,-1.0,3033.0,0.0,0.0,0.0,0.0
2541028.125,3033.0,1939.0,1939.0,-368.4100036621094,-0.0,-0.8547186851501465,-369.0,0.0,2.0,3033.0,0.0,0.0,0.0,0.0
2541038.126,3033.0,1936.0,1936.0,-367.8399963378906,-0.0,0.17348895967006683,-367.0,0.0,-2.0,3033.0,0.0,0.0,0.0,0.0
2541048.208,3033.0,1936.0,1936.0,-367.8399963378906,-0.0,0.14746561646461487,-367.0,0.0,-1.0,3033.0,0.0,0.0,0.0,0.0
2541058.209,3033.0,1938.0,1938.0,-368.2200012207031,-0.0,-0.4746541380882263,-368.0,0.0,-2.0,3033.0,0.0,0.0,0.0,0.0
2541068.21,3033.0,1939.0,1939.0,-368.4100036621094,-0.0,-0.7034559845924377,-369.0,0.0,-2.0,3033.0,0.0,0.0,0.0,0.0
2541079.125,3033.0,1937.0,1937.0,-368.0299987792969,-0.0,0.002062300918623805,-368.0,0.0,1.0,3033.0,0.0,0.0,0.0,0.0
2541089.392,3033.0,1937.0,1937.0,-368.0299987792969,-0.0,0.0017529558390378952,-368.0,0.0,-1.0,3033.0,0.0,0.0,0.0,0.0
2541099.393,3033.0,1936.0,1936.0,-367.8399963378906,-0.0,0.3014899790287018,-367.0,0.0,-2.0,3033.0,0.0,0.0,0.0,0.0
2541109.393,3033.0,1937.0,1937.0,-368.0299987792969,-0.0,-0.04373346269130707,-368.0,0.0,-3.0,3033.0,0.0,0.0,0.0,0.0
2541120.293,3033.0,1935.0,1935.0,-367.6499938964844,-0.0,0.5628264546394348,-367.0,0.0,0.0,3033.0,0.0,0.0,0.0,0.0
2541130.293,3033.0,1936.0,1936.0,-367.8399963378906,-0.0,0.17840254306793213,-367.0,0.0,-2.0,3033.0,0.0,0.0,0.0,0.0
2541141.125,3033.0,1938.0,1938.0,-368.2200012207031,-0.0,-0.4483577311038971,-368.0,0.0,-5.0,3033.0,0.0,0.0,0.0,0.0
2541152.125,3033.0,1935.0,1935.0,-367.6499938964844,-0.0,0.5188957452774048,-367.0,0.0,0.0,3033.0,0.0,0.0,0.0,0.0
2541162.125,3033.0,1938.0,1938.0,-368.2200012207031,-0.0,-0.45893844962120056,-368.0,0.0,0.0,3033.0,0.0,0.0,0.0,0.0
2541173.125,3033.0,1938.0,1938.0,-368.2200012207031,-0.0,-0.3900977075099945,-368.0,0.0,1.0,3033.0,0.0,0.0,0.0,0.0
2541183.125,3033.0,1936.0,1936.0,-367.8399963378906,-0.0,0.2684168517589569,-367.0,0.0,-1.0,3033.0,0.0,0.0,0.0,0.0
2541193.731,3033.0,1937.0,1937.0,-368.0299987792969,-0.0,-0.07184562087059021,-368.0,0.0,0.0,3033.0,0.0,0.0,0.0,0.0
2541204.125,3033.0,1935.0,1935.0,-367.6499938964844,-0.0,0.538931131362915,-367.0,0.0,-3.0,3033.0,0.0,0.0,0.0,0.0
2541215.125,3033.0,1935.0,1935.0,-367.6499938964844,-0.0,0.45809146761894226,-367.0,0.0,-3.0,3033.0,0.0,0.0,0.0,0.0
2541226.125,3033.0,1934.0,1934.0,-367.4599914550781,-0.0,0.6893777251243591,-366.0,0.0,-6.0,3033.0,0.0,0.0,0.0,0.0
2541236.125,3033.0,1936.0,1936.0,-367.8399963378906,-0.0,-0.0140288220718503,-367.0,0.0,2.0,3033.0,0.0,0.0,0.0,0.0
2541246.126,3033.0,1940.0,1940.0,-368.6000061035156,-0.0,-1.2119243144989014,-369.0,0.0,-1.0,3033.0,0.0,0.0,0.0,0.0
2541257.125,3033.0,1937.0,1937.0,-368.0299987792969,-0.0,-0.13013583421707153,-368.0,0.0,1.0,3033.0,0.0,0.0,0.0,0.0
2541267.13,3033.0,1936.0,1936.0,-367.8399963378906,-0.0,0.18938449025154114,-367.0,0.0,-4.0,3033.0,0.0,0.0,0.0,0.0
2541277.131,3033.0,1937.0,1937.0,-368.0299987792969,-0.0,-0.13902312517166138,-368.0,0.0,1.0,3033.0,0.0,0.0,0.0,0.0
2541287.132,3033.0,1935.0,1935.0,-367.6499938964844,-0.0,0.4818302392959595,-367.0,0.0,-2.0,3033.0,0.0,0.0,0.0,0.0
2541297.133,3033.0,1937.0,1937.0,-368.0299987792969,-0.0,-0.1904441863298416,-368.0,0.0,0.0,3033.0,0.0,0.0,0.0,0.0
2541307.133,3033.0,1938.0,1938.0,-368.2200012207031,-0.0,-0.4618775248527527,-368.0,0.0,-3.0,3033.0,0.0,0.0,0.0,0.0
2541318.125,3033.0,1937.0,1935.0,-367.6499938964844,-0.0,0.5074039697647095,-367.0,0.0,-3.0,3033.0,0.0,0.0,0.0,0.0
2541329.126,3033.0,1937.0,1937.0,-368.0299987792969,-0.0,-0.14340054988861084,-368.0,0.0,0.0,3033.0,0.0,0.0,0.0,0.0
2541340.125,3033.0,1935.0,1935.0,-367.6499938964844,-0.0,0.4781094193458557,-367.0,0.0,-3.0,3033.0,0.0,0.0,0.0,0.0
2541351.126,3033.0,1938.0,1938.0,-368.2200012207031,-0.0,-0.493606835603714,-368.0,0.0,1.0,3033.0,0.0,0.0,0.0,0.0
2541361.126,3033.0,1938.0,1938.0,-368.2200012207031,-0.0,-0.4195658266544342,-368.0,0.0,1.0,3033.0,0.0,0.0,0.0,0.0
2541371.126,3033.0,1937.0,1937.0,-368.0299987792969,-0.0,-0.05663101002573967,-368.0,0.0,-1.0,3033.0,0.0,0.0,0.0,0.0
2541382.125,3033.0,1936.0,1936.0,-367.8399963378906,-0.0,0.25186359882354736,-367.0,0.0,0.0,3033.0,0.0,0.0,0.0,0.0
2541392.125,3033.0,1935.0,1935.0,-367.6499938964844,-0.0,0.5140840411186218,-367.0,0.0,-3.0,3033.0,0.0,0.0,0.0,0.0
2541402.385,3033.0,1938.0,1938.0,-368.2200012207031,-0.0,-0.4630284011363983,-368.0,0.0,1.0,3033.0,0.0,0.0,0.0,0.0
2541412.385,3033.0,1938.0,1938.0,-368.2200012207031,-0.0,-0.39357414841651917,-368.0,0.0,-2.0,3033.0,0.0,0.0,0.0,0.0
2541423.125,3033.0,1936.0,1936.0,-367.8399963378906,-0.0,0.26546186208724976,-367.0,0.0,-1.0,3033.0,0.0,0.0,0.0,0.0
2541433.468,3033.0,1936.0,1936.0,-367.8399963378906,-0.0,0.225642591714859,-367.0,0.0,-1.0,3033.0,0.0,0.0,0.0,0.0
2541444.125,3033.0,1937.0,1937.0,-368.0299987792969,-0.0,-0.10820374637842178,-368.0,0.0,-4.0,3033.0,0.0,0.0,0.0,0.0
2541455.125,3033.0,1938.0,1938.0,-368.2200012207031,-0.0,-0.3919731378555298,-368.0,0.0,-2.0,3033.0,0.0,0.0,0.0,0.0
2541465.126,3033.0,1938.0,1938.0,-368.2200012207031,-0.0,-0.3331771790981293,-368.0,0.0,-2.0,3033.0,0.0,0.0,0.0,0.0
2541475.218,3033.0,1936.0,1936.0,-367.8399963378906,-0.0,0.3167992830276489,-367.0,0.0,0.0,3033.0,0.0,0.0,0.0,0.0
2541486.125,3033.0,1938.0,1938.0,-368.2200012207031,-0.0,-0.3307205140590668,-368.0,0.0,-2.0,3033.0,0.0,0.0,0.0,0.0
2541497.125,3033.0,1938.0,1938.0,-368.2200012207031,-0.0,-0.2811124324798584,-368.0,0.0,1.0,3033.0,0.0,0.0,0.0,0.0
2541507.126,3033.0,1934.0,1934.0,-367.4599914550781,-0.0,0.9610542058944702,-366.0,0.0,1.0,3033.0,0.0,0.0,0.0,0.0
2541517.126,3033.0,1937.0,1937.0,-368.0299987792969,-0.0,-0.08310376107692719,-368.0,0.0,2.0,3033.0,0.0,0.0,0.0,0.0
2541527.127,3033.0,1937.0,1937.0,-368.0299987792969,-0.0,-0.07063820213079453,-368.0,0.0,2.0,3033.0,0.0,0.0,0.0,0.0
2541537.128,3033.0,1935.0,1935.0,-367.6499938964844,-0.0,0.5399574041366577,-367.0,0.0,-1.0,3033.0,0.0,0.0,0.0,0.0
2541548.098,3033.0,1936.0,1936.0,-367.8399963378906,-0.0,0.1589638590812683,-367.0,0.0,-3.0,3033.0,0.0,0.0,0.0,0.0
2541559.125,3033.0,1936.0,1936.0,-367.8399963378906,-0.0,0.13511928915977478,-367.0,0.0,-3.0,3033.0,0.0,0.0,0.0,0.0
2541569.532,3033.0,1937.0,1937.0,-368.0299987792969,-0.0,-0.18514855206012726,-368.0,0.0,1.0,3033.0,0.0,0.0,0.0,0.0
2541580.125,3033.0,1938.0,1938.0,-368.2200012207031,-0.0,-0.3437698185443878,-368.0,0.0,2.0,3033.0,0.0,0.0,0.0,0.0
2541591.125,3033.0,1937.0,1937.0,-368.0299987792969,-0.0,0.007795598357915878,-368.0,0.0,-1.0,3033.0,0.0,0.0,0.0,0.0
2541601.126,3033.0,1937.0,1937.0,-368.0299987792969,-0.0,0.0066262586042284966,-368.0,0.0,-1.0,3033.0,0.0,0.0,0.0,0.0
2541611.126,3033.0,1934.0,1934.0,-367.4599914550781,-0.0,0.9056321978569031,-366.0,0.0,1.0,3033.0,0.0,0.0,0.0,0.0
2541621.126,3033.0,1936.0,1936.0,-367.8399963378906,-0.0,0.1697874814271927,-367.0,0.0,1.0,3033.0,0.0,0.0,0.0,0.0
2541632.125,3033.0,1939.0,1939.0,-368.4100036621094,-0.0,-0.755680501461029,-369.0,0.0,-1.0,3033.0,0.0,0.0,0.0,0.0
2541643.125,3033.0,1936.0,1936.0,-367.8399963378906,-0.0,0.25767141580581665,-367.0,0.0,-3.0,3033.0,0.0,0.0,0.0,0.0
2541654.125,3033.0,1935.0,1935.0,-367.6499938964844,-0.0,0.519020676612854,-367.0,0.0,1.0,3033.0,0.0,0.0,0.0,0.0
2541664.126,3033.0,1935.0,1935.0,-367.6499938964844,-0.0,0.44116759300231934,-367.0,0.0,1.0,3033.0,0.0,0.0,0.0,0.0
2541675.125,3033.0,1937.0,1937.0,-368.0299987792969,-0.0,-0.22500744462013245,-368.0,0.0,-2.0,3033.0,0.0,0.0,0.0,0.0
2541686.126,3033.0,1935.0,1935.0,-367.6499938964844,-0.0,0.40874356031417847,-367.0,0.0,-1.0,3033.0,0.0,0.0,0.0,0.0
2541697.125,3033.0,1935.0,1935.0,-367.6499938964844,-0.0,0.34743204712867737,-367.0,0.0,-1.0,3033.0,0.0,0.0,0.0,0.0
2541708.125,3033.0,1937.0,1937.0,-368.0299987792969,-0.0,-0.3046826422214508,-368.0,0.0,0.0,3033.0,0.0,0.0,0.0,0.0
2541719.098,3033.0,1939.0,1939.0,-368.4100036621094,-0.0,-0.8589801788330078,-369.0,0.0,-2.0,3033.0,0.0,0.0,0.0,0.0
2541730.125,3033.0,1939.0,1939.0,-368.4100036621094,-0.0,-0.7301331758499146,-369.0,0.0,-2.0,3033.0,0.0,0.0,0.0,0.0
2541740.353,3033.0,1935.0,1935.0,-367.6499938964844,-0.0,0.5793865919113159,-367.0,0.0,-4.0,3033.0,0.0,0.0,0.0,0.0
2541750.354,3033.0,1938.0,1938.0,-368.2200012207031,-0.0,-0.40752124786376953,-368.0,0.0,0.0,3033.0,0.0,0.0,0.0,0.0
2541761.125,3033.0,1936.0,1939.0,-368.4100036621094,-0.0,-0.6463930010795593,-369.0,0.0,-3.0,3033.0,0.0,0.0,0.0,0.0
2541772.125,3033.0,1936.0,1936.0,-367.8399963378906,-0.0,0.297980934381485,-367.0,0.0,-5.0,3033.0,0.0,0.0,0.0,0.0
2541782.126,3033.0,1939.0,1939.0,-368.4100036621094,-0.0,-0.6467160582542419,-369.0,0.0,0.0,3033.0,0.0,0.0,0.0,0.0
2541792.127,3033.0,1939.0,1939.0,-368.4100036621094,-0.0,-0.5497086644172668,-368.0,0.0,0.0,3033.0,0.0,0.0,0.0,0.0
2541803.125,3033.0,1934.0,1934.0,-367.4599914550781,-0.0,1.0327473878860474,-366.0,0.0,2.0,3033.0,0.0,0.0,0.0,0.0
2541814.125,3033.0,1935.0,1935.0,-367.6499938964844,-0.0,0.5778353810310364,-367.0,0.0,-1.0,3033.0,0.0,0.0,0.0,0.0
2541824.848,3033.0,1937.0,1937.0,-368.0299987792969,-0.0,-0.10883981734514236,-368.0,0.0,2.0,3033.0,0.0,0.0,0.0,0.0
2541835.098,3033.0,1935.0,1935.0,-367.6499938964844,-0.0,0.5074860453605652,-367.0,0.0,-1.0,3033.0,0.0,0.0,0.0,0.0
2541845.098,3033.0,1936.0,1936.0,-367.8399963378906,-0.0,0.13136319816112518,-367.0,0.0,1.0,3033.0,0.0,0.0,0.0,0.0
2541856.125,3033.0,1938.0,1938.0,-368.2200012207031,-0.0,-0.48834118247032166,-368.0,0.0,3.0,3033.0,0.0,0.0,0.0,0.0
2541866.371,3033.0,1937.0,1937.0,-368.0299987792969,-0.0,-0.11509006470441818,-368.0,0.0,-2.0,3033.0,0.0,0.0,0.0,0.0
2541877.125,3033.0,1938.0,1938.0,-368.2200012207031,-0.0,-0.39782652258872986,-368.0,0.0,-2.0,3033.0,0.0,0.0,0.0,0.0
2541887.125,3033.0,1937.0,1937.0,-368.0299987792969,-0.0,-0.038152601569890976,-368.0,0.0,-1.0,3033.0,0.0,0.0,0.0,0.0
2541897.126,3033.0,1940.0,1940.0,-368.6000061035156,-0.0,-0.9324295520782471,-369.0,0.0,0.0,3033.0,0.0,0.0,0.0,0.0
2541907.127,3033.0,1939.0,1939.0,-368.4100036621094,-0.0,-0.49256518483161926,-368.0,0.0,0.0,3033.0,0.0,0.0,0.0,0.0
2541918.125,3033.0,1939.0,1939.0,-368.4100036621094,-0.0,-0.41868042945861816,-368.0,0.0,-2.0,3033.0,0.0,0.0,0.0,0.0
2541928.126,3033.0,1938.0,1938.0,-368.2200012207031,-0.0,-0.055878423154354095,-368.0,0.0,1.0,3033.0,0.0,0.0,0.0,0.0
2541938.127,3033.0,1935.0,1935.0,-367.6499938964844,-0.0,0.8525031805038452,-366.0,0.0,0.0,3033.0,0.0,0.0,0.0,0.0
2541948.128,3033.0,1939.0,1939.0,-368.4100036621094,-0.0,-0.4753720760345459,-368.0,0.0,-1.0,3033.0,0.0,0.0,0.0,0.0
2541959.125,3033.0,1938.0,1938.0,-368.2200012207031,-0.0,-0.10406632721424103,-368.0,0.0,-2.0,3033.0,0.0,0.0,0.0,0.0
2541969.125,3033.0,1936.0,1936.0,-367.8399963378906,-0.0,0.5115435123443604,-367.0,0.0,3.0,3033.0,0.0,0.0,0.0,0.0
2541980.121,3033.0,1937.0,1937.0,-368.0299987792969,-0.0,0.13481204211711884,-367.0,0.0,-2.0,3033.0,0.0,0.0,0.0,0.0
2541990.488,3033.0,1937.0,1937.0,-368.0299987792969,-0.0,0.11459024250507355,-367.0,0.0,-2.0,3033.0,0.0,0.0,0.0,0.0
2542000.489,3033.0,1936.0,1936.0,-367.8399963378906,-0.0,0.3974016606807709,-367.0,0.0,0.0,3033.0,0.0,0.0,0.0,0.0
2542011.125,3033.0,1937.0,1937.0,-368.0299987792969,-0.0,0.03779146820306778,-367.0,0.0,-3.0,3033.0,0.0,0.0,0.0,0.0
2542022.125,3033.0,1936.0,1936.0,-367.8399963378906,-0.0,0.33212271332740784,-367.0,0.0,0.0,3033.0,0.0,0.0,0.0,0.0
2542032.28,3033.0,1935.0,1935.0,-367.6499938964844,-0.0,0.5823042392730713,-367.0,0.0,0.0,3033.0,0.0,0.0,0.0,0.0
2542043.125,3033.0,1939.0,1935.0,-367.6499938964844,-0.0,0.4949586093425751,-367.0,0.0,1.0,3033.0,0.0,0.0,0.0,0.0
2542054.125,3033.0,1936.0,1936.0,-367.8399963378906,-0.0,0.23760762810707092,-367.0,0.0,-1.0,3033.0,0.0,0.0,0.0,0.0
2542064.402,3033.0,1935.0,1935.0,-367.6499938964844,-0.0,0.5019664168357849,-367.0,0.0,-2.0,3033.0,0.0,0.0,0.0,0.0
2542074.402,3033.0,1935.0,1935.0,-367.6499938964844,-0.0,0.42667147517204285,-367.0,0.0,-1.0,3033.0,0.0,0.0,0.0,0.0
2542085.125,3033.0,1936.0,1936.0,-367.8399963378906,-0.0,0.06267081201076508,-367.0,0.0,0.0,3033.0,0.0,0.0,0.0,0.0
2542095.491,3033.0,1937.0,1937.0,-368.0299987792969,-0.0,-0.2467297613620758,-368.0,0.0,-1.0,3033.0,0.0,0.0,0.0,0.0
2542105.491,3033.0,1939.0,1939.0,-368.4100036621094,-0.0,-0.8097202181816101,-369.0,0.0,-2.0,3033.0,0.0,0.0,0.0,0.0
2542116.125,3033.0,1935.0,1935.0,-367.6499938964844,-0.0,0.511737585067749,-367.0,0.0,0.0,3033.0,0.0,0.0,0.0,0.0
2542126.724,3033.0,1938.0,1938.0,-368.2200012207031,-0.0,-0.46502289175987244,-368.0,0.0,-1.0,3033.0,0.0,0.0,0.0,0.0
2542137.125,3033.0,1939.0,1939.0,-368.4100036621094,-0.0,-0.6952694058418274,-369.0,0.0,0.0,3033.0,0.0,0.0,0.0,0.0
2542148.256,3033.0,1939.0,1939.0,-368.4100036621094,-0.0,-0.5909790396690369,-369.0,0.0,0.0,3033.0,0.0,0.0,0.0,0.0
2542158.257,3033.0,1937.0,1937.0,-368.0299987792969,-0.0,0.09766770899295807,-367.0,0.0,-2.0,3033.0,0.0,0.0,0.0,0.0
2542169.125,3033.0,1937.0,1937.0,-368.0299987792969,-0.0,0.08301755785942078,-367.0,0.0,0.0,3033.0,0.0,0.0,0.0,0.0
2542179.126,3033.0,1938.0,1938.0,-368.2200012207031,-0.0,-0.2294350266456604,-368.0,0.0,-3.0,3033.0,0.0,0.0,0.0,0.0
2542189.126,3033.0,1936.0,1936.0,-367.8399963378906,-0.0,0.4049801230430603,-367.0,0.0,-2.0,3033.0,0.0,0.0,0.0,0.0
2542200.125,3033.0,1937.0,1937.0,-368.0299987792969,-0.0,0.044233161956071854,-367.0,0.0,-1.0,3033.0,0.0,0.0,0.0,0.0
2542210.126,3033.0,1936.0,1936.0,-367.8399963378906,-0.0,0.33759814500808716,-367.0,0.0,1.0,3033.0,0.0,0.0,0.0,0.0
2542220.127,3033.0,1934.0,1934.0,-367.4599914550781,-0.0,0.8869583606719971,-366.0,0.0,2.0,3033.0,0.0,0.0,0.0,0.0
2542230.128,3033.0,1934.0,1934.0,-367.4599914550781,-0.0,0.7539146542549133,-366.0,0.0,2.0,3033.0,0.0,0.0,0.0,0.0
2542241.005,3033.0,1938.0,1938.0,-368.2200012207031,-0.0,-0.5591723322868347,-368.0,0.0,1.0,3033.0,0.0,0.0,0.0,0.0
2542251.005,3033.0,1935.0,1935.0,-367.6499938964844,-0.0,0.42470335960388184,-367.0,0.0,0.0,3033.0,0.0,0.0,0.0,0.0
2542261.125,3033.0,1935.0,1935.0,-367.6499938964844,-0.0,0.36099785566329956,-367.0,0.0,0.0,3033.0,0.0,0.0,0.0,0.0
2542271.126,3033.0,1939.0,1939.0,-368.4100036621094,-0.0,-0.8931516408920288,-369.0,0.0,2.0,3033.0,0.0,0.0,0.0,0.0
2542282.125,3033.0,1935.0,1935.0,-367.6499938964844,-0.0,0.4408209025859833,-367.0,0.0,-1.0,3033.0,0.0,0.0,0.0,0.0
2542292.125,3033.0,1937.0,1937.0,-368.0299987792969,-0.0,-0.22530212998390198,-368.0,0.0,-2.0,3033.0,0.0,0.0,0.0,0.0
2542303.243,3033.0,1936.0,1936.0,-367.8399963378906,-0.0,0.1084931343793869,-367.0,0.0,0.0,3033.0,0.0,0.0,0.0,0.0
2542313.244,3033.0,1938.0,1938.0,-368.2200012207031,-0.0,-0.5077807307243347,-368.0,0.0,-1.0,3033.0,0.0,0.0,0.0,0.0
2542323.245,3033.0,1938.0,1938.0,-368.2200012207031,-0.0,-0.43161362409591675,-368.0,0.0,-1.0,3033.0,0.0,0.0,0.0,0.0
2542334.125,3033.0,1936.0,1936.0,-367.8399963378906,-0.0,0.23312830924987793,-367.0,0.0,-2.0,3033.0,0.0,0.0,0.0,0.0
2542344.281,3033.0,1935.0,1935.0,-367.6499938964844,-0.0,0.4981590211391449,-367.0,0.0,0.0,3033.0,0.0,0.0,0.0,0.0
2542355.125,3033.0,1935.0,1934.0,-367.4599914550781,-0.0,0.72343510389328,-366.0,0.0,1.0,3033.0,0.0,0.0,0.0,0.0
2542365.126,3033.0,1935.0,1935.0,-367.6499938964844,-0.0,0.3149198889732361,-367.0,0.0,1.0,3033.0,0.0,0.0,0.0,0.0
2542376.098,3033.0,1937.0,1937.0,-368.0299987792969,-0.0,-0.2824702858924866,-368.0,0.0,0.0,3033.0,0.0,0.0,0.0,0.0
2542387.126,3033.0,1933.0,1933.0,-367.2699890136719,-0.0,0.9599000811576843,-366.0,0.0,1.0,3033.0,0.0,0.0,0.0,0.0
2542398.125,3033.0,1933.0,1933.0,-367.2699890136719,-0.0,0.8159151077270508,-366.0,0.0,1.0,3033.0,0.0,0.0,0.0,0.0
2542409.098,3033.0,1937.0,1937.0,-368.0299987792969,-0.0,-0.5064719319343567,-368.0,0.0,-3.0,3033.0,0.0,0.0,0.0,0.0
2542419.099,3033.0,1938.0,1938.0,-368.2200012207031,-0.0,-0.730501115322113,-368.0,0.0,-4.0,3033.0,0.0,0.0,0.0,0.0
2542429.1,3033.0,1938.0,1938.0,-368.2200012207031,-0.0,-0.6209259629249573,-368.0,0.0,-4.0,3033.0,0.0,0.0,0.0,0.0
2542439.101,3033.0,1936.0,1936.0,-367.8399963378906,-0.0,0.0722128227353096,-367.0,0.0,2.0,3033.0,0.0,0.0,0.0,0.0
2542449.978,3033.0,1936.0,1936.0,-367.8399963378906,-0.0,0.06138090044260025,-367.0,0.0,2.0,3033.0,0.0,0.0,0.0,0.0
2542459.979,3033.0,1937.0,1937.0,-368.0299987792969,-0.0,-0.24782618880271912,-368.0,0.0,0.0,3033.0,0.0,0.0,0.0,0.0
2542470.125,3033.0,1941.0,1941.0,-368.7900085449219,-0.0,-1.4106520414352417,-370.0,0.0,0.0,3033.0,0.0,0.0,0.0,0.0
2542480.125,3033.0,1941.0,1941.0,-368.7900085449219,-0.0,-1.19905424118042,-369.0,0.0,0.0,3033.0,0.0,0.0,0.0,0.0
2542490.126,3033.0,1939.0,1939.0,-368.4100036621094,-0.0,-0.419196218252182,-368.0,0.0,3.0,3033.0,0.0,0.0,0.0,0.0
2542500.127,3033.0,1935.0,1935.0,-367.6499938964844,-0.0,0.8436830043792725,-366.0,0.0,1.0,3033.0,0.0,0.0,0.0,0.0
2542510.128,3033.0,1934.0,1934.0,-367.4599914550781,-0.0,1.0171304941177368,-366.0,0.0,-3.0,3033.0,0.0,0.0,0.0,0.0
2542520.593,3033.0,1938.0,1938.0,-368.2200012207031,-0.0,-0.33543887734413147,-368.0,0.0,-3.0,3033.0,0.0,0.0,0.0,0.0
2542531.125,3033.0,1937.0,1937.0,-368.0299987792969,-0.0,0.014876898378133774,-368.0,0.0,-2.0,3033.0,0.0,0.0,0.0,0.0
2542541.126,3033.0,1938.0,1938.0,-368.2200012207031,-0.0,-0.28735458850860596,-368.0,0.0,-1.0,3033.0,0.0,0.0,0.0,0.0
2542553.122,3033.0,1938.0,1938.0,-368.2200012207031,-0.0,-0.24425140023231506,-368.0,0.0,-1.0,3033.0,0.0,0.0,0.0,0.0
2542564.098,3033.0,1937.0,1937.0,-368.0299987792969,-0.0,0.09238625317811966,-367.0,0.0,-2.0,3033.0,0.0,0.0,0.0,0.0
2542574.098,3033.0,1936.0,1936.0,-367.8399963378906,-0.0,0.37852826714515686,-367.0,0.0,-1.0,3033.0,0.0,0.0,0.0,0.0
2542585.125,3033.0,1937.0,1937.0,-368.0299987792969,-0.0,0.021749082952737808,-368.0,0.0,-2.0,3033.0,0.0,0.0,0.0,0.0
2542595.126,3033.0,1936.0,1936.0,-367.8399963378906,-0.0,0.31848666071891785,-367.0,0.0,2.0,3033.0,0.0,0.0,0.0,0.0
2542606.097,3033.0,1936.0,1936.0,-367.8399963378906,-0.0,0.2707136571407318,-367.0,0.0,0.0,3033.0,0.0,0.0,0.0,0.0
2542617.125,3033.0,1938.0,1938.0,-368.2200012207031,-0.0,-0.35940930247306824,-368.0,0.0,-2.0,3033.0,0.0,0.0,0.0,0.0
2542627.126,3033.0,1935.0,1935.0,-367.6499938964844,-0.0,0.5945019125938416,-367.0,0.0,-3.0,3033.0,0.0,0.0,0.0,0.0
2542637.126,3033.0,1941.0,1941.0,-368.7900085449219,-0.0,-1.2946730852127075,-370.0,0.0,0.0,3033.0,0.0,0.0,0.0,0.0
2542648.041,3033.0,1936.0,1936.0,-367.8399963378906,-0.0,0.3995276093482971,-367.0,0.0,-2.0,3033.0,0.0,0.0,0.0,0.0
2542659.041,3033.0,1935.0,1935.0,-367.6499938964844,-0.0,0.6395984292030334,-367.0,0.0,1.0,3033.0,0.0,0.0,0.0,0.0
2542669.466,3033.0,1936.0,1936.0,-367.8399963378906,-0.0,0.24365872144699097,-367.0,0.0,-1.0,3033.0,0.0,0.0,0.0,0.0
2542679.467,3033.0,1938.0,1938.0,-368.2200012207031,-0.0,-0.39288997650146484,-368.0,0.0,-1.0,3033.0,0.0,0.0,0.0,0.0
2542689.467,3033.0,1940.0,1940.0,-368.6000061035156,-0.0,-0.9339563846588135,-369.0,0.0,-1.0,3033.0,0.0,0.0,0.0,0.0
2542700.125,3033.0,1939.0,1939.0,-368.4100036621094,-0.0,-0.49386298656463623,-368.0,0.0,0.0,3033.0,0.0,0.0,0.0,0.0
2542711.098,3033.0,1937.0,1937.0,-368.0299987792969,-0.0,0.18021635711193085,-367.0,0.0,-2.0,3033.0,0.0,0.0,0.0,0.0
2542721.099,3033.0,1938.0,1938.0,-368.2200012207031,-0.0,-0.14681604504585266,-368.0,0.0,1.0,3033.0,0.0,0.0,0.0,0.0
2542732.125,3033.0,1937.0,1937.0,-368.0299987792969,-0.0,0.17520630359649658,-367.0,0.0,-1.0,3033.0,0.0,0.0,0.0,0.0
2542742.126,3033.0,1938.0,1938.0,-368.2200012207031,-0.0,-0.1510745882987976,-368.0,0.0,1.0,3033.0,0.0,0.0,0.0,0.0
2542753.125,3033.0,1937.0,1937.0,-368.0299987792969,-0.0,0.1715865433216095,-367.0,0.0,-4.0,3033.0,0.0,0.0,0.0,0.0
2542764.125,3033.0,1936.0,1936.0,-367.8399963378906,-0.0,0.4458485245704651,-367.0,0.0,0.0,3033.0,0.0,0.0,0.0,0.0
2542775.125,3033.0,1936.0,1936.0,-367.8399963378906,-0.0,0.37897124886512756,-367.0,0.0,-3.0,3033.0,0.0,0.0,0.0,0.0
2542785.978,3033.0,1938.0,1938.0,-368.2200012207031,-0.0,-0.27787432074546814,-368.0,0.0,0.0,3033.0,0.0,0.0,0.0,0.0
2542795.978,3033.0,1937.0,1937.0,-368.0299987792969,-0.0,0.06380677223205566,-367.0,0.0,-2.0,3033.0,0.0,0.0,0.0,0.0
2542805.978,3033.0,1937.0,1937.0,-368.0299987792969,-0.0,0.054235756397247314,-367.0,0.0,-2.0,3033.0,0.0,0.0,0.0,0.0
2542815.979,3033.0,1937.0,1937.0,-368.0299987792969,-0.0,0.04610039293766022,-367.0,0.0,3.0,3033.0,0.0,0.0,0.0,0.0
2542826.125,3033.0,1933.0,1933.0,-367.2699890136719,-0.0,1.239185094833374,-366.0,0.0,1.0,3033.0,0.0,0.0,0.0,0.0
2542836.126,3033.0,1933.0,1933.0,-367.2699890136719,-0.0,1.0533074140548706,-366.0,0.0,4.0,3033.0,0.0,0.0,0.0,0.0
2542847.125,3033.0,1933.0,1933.0,-367.2699890136719,-0.0,0.8953113555908203,-366.0,0.0,-5.0,3033.0,0.0,0.0,0.0,0.0
2542858.125,3033.0,1928.0,1928.0,-366.32000732421875,-0.0,2.261014461517334,-364.0,0.0,1.0,3033.0,0.0,0.0,0.0,0.0
2542868.906,3033.0,1926.0,1926.0,-365.94000244140625,-0.0,2.4135828018188477,-363.0,0.0,1.0,3033.0,0.0,0.0,0.0,0.0
2542879.125,3033.0,1927.0,1927.0,-366.1300048828125,-0.0,1.7515454292297363,-364.0,0.0,3.0,3033.0,0.0,0.0,0.0,0.0
2542889.125,3033.0,1930.0,1930.0,-366.6999816894531,-0.0,0.5888137817382812,-366.0,0.0,4.0,3033.0,0.0,0.0,0.0,0.0
2542899.126,3033.0,1927.0,1927.0,-366.1300048828125,-0.0,1.4004915952682495,-364.0,0.0,2.0,3033.0,0.0,0.0,0.0,0.0
2542909.127,3033.0,1927.0,1927.0,-366.1300048828125,-0.0,1.1904178857803345,-364.0,0.0,0.0,3033.0,0.0,0.0,0.0,0.0
2542919.128,3033.0,1927.0,1927.0,-366.1300048828125,-0.0,1.0118552446365356,-365.0,0.0,0.0,3033.0,0.0,0.0,0.0,0.0
2542929.128,3033.0,1928.0,1927.0,-366.1300048828125,-0.0,1.0118552446365356,-365.0,0.0,-1.0,3033.0,0.0,0.0,0.0,0.0
2542939.128,3033.0,1928.0,1928.0,-366.32000732421875,-0.0,0.5600770115852356,-365.0,0.0,-1.0,3033.0,0.0,0.0,0.0,0.0
2542950.022,3033.0,1932.0,1932.0,-367.0799865722656,-0.0,-0.7503441572189331,-367.0,0.0,2.0,3033.0,0.0,0.0,0.0,0.0
2542960.04,3033.0,1930.0,1930.0,-366.6999816894531,-0.0,-0.037792645394802094,-366.0,0.0,1.0,3033.0,0.0,0.0,0.0,0.0
2542970.926,3033.0,1930.0,1930.0,-366.6999816894531,-0.0,-0.03212374821305275,-366.0,0.0,1.0,3033.0,0.0,0.0,0.0,0.0
2542980.927,3033.0,1929.0,1929.0,-366.510009765625,-0.0,0.27269476652145386,-366.0,0.0,1.0,3033.0,0.0,0.0,0.0,0.0
2542990.928,3033.0,1929.0,1929.0,-366.510009765625,-0.0,0.23179055750370026,-366.0,0.0,-3.0,3033.0,0.0,0.0,0.0,0.0
2543001.126,3033.0,1931.0,1931.0,-366.8899841308594,-0.0,-0.40297791361808777,-367.0,0.0,1.0,3033.0,0.0,0.0,0.0,0.0
2543011.126,3033.0,1934.0,1934.0,-367.4599914550781,-0.0,-1.2425310611724854,-368.0,0.0,2.0,3033.0,0.0,0.0,0.0,0.0
2543021.126,3033.0,1932.0,1932.0,-367.0799865722656,-0.0,-0.4561515152454376,-367.0,0.0,0.0,3033.0,0.0,0.0,0.0,0.0
2543031.127,3033.0,1931.0,1931.0,-366.8899841308594,-0.0,-0.0877288430929184,-366.0,0.0,0.0,3033.0,0.0,0.0,0.0,0.0
2543041.128,3033.0,1931.0,1931.0,-366.8899841308594,-0.0,-0.07456951588392258,-366.0,0.0,-2.0,3033.0,0.0,0.0,0.0,0.0
2543051.129,3033.0,1929.0,1929.0,-366.510009765625,-0.0,0.536615788936615,-365.0,0.0,-2.0,3033.0,0.0,0.0,0.0,0.0
2543061.971,3033.0,1929.0,1929.0,-366.510009765625,-0.0,0.4561234414577484,-366.0,0.0,-1.0,3033.0,0.0,0.0,0.0,0.0
2543072.125,3033.0,1925.0,1925.0,-365.75,-0.0,1.5877047777175903,-364.0,0.0,3.0,3033.0,0.0,0.0,0.0,0.0
2543082.125,3033.0,1927.0,1927.0,-366.1300048828125,-0.0,0.7495492100715637,-365.0,0.0,-1.0,3033.0,0.0,0.0,0.0,0.0
2543092.126,3033.0,1927.0,1927.0,-366.1300048828125,-0.0,0.6371168494224548,-365.0,0.0,3.0,3033.0,0.0,0.0,0.0,0.0
2543102.126,3033.0,1924.0,1924.0,-365.55999755859375,-0.0,1.4415491819381714,-364.0,0.0,1.0,3033.0,0.0,0.0,0.0,0.0
2543113.137,3033.0,1924.0,1924.0,-365.55999755859375,-0.0,1.2253168821334839,-364.0,0.0,4.0,3033.0,0.0,0.0,0.0,0.0
2543124.125,3033.0,1926.0,1926.0,-365.94000244140625,-0.0,0.44151946902275085,-365.0,0.0,-3.0,3033.0,0.0,0.0,0.0,0.0
2543134.125,3033.0,1922.0,1922.0,-365.17999267578125,-0.0,1.575291395187378,-363.0,0.0,4.0,3033.0,0.0,0.0,0.0,0.0
2543145.125,3033.0,1926.0,1926.0,-365.94000244140625,-0.0,0.1389979124069214,-365.0,0.0,1.0,3033.0,0.0,0.0,0.0,0.0
2543155.125,3033.0,1930.0,1930.0,-366.6999816894531,-0.0,-1.081851601600647,-367.0,0.0,2.0,3033.0,0.0,0.0,0.0,0.0
2543165.841,3033.0,1925.0,1925.0,-365.75,-0.0,0.5804258584976196,-365.0,0.0,-2.0,3033.0,0.0,0.0,0.0,0.0
2543176.098,3033.0,1927.0,1927.0,-366.1300048828125,-0.0,-0.10663791000843048,-366.0,0.0,2.0,3033.0,0.0,0.0,0.0,0.0
2543187.125,3033.0,1929.0,1929.0,-366.510009765625,-0.0,-0.6906421184539795,-367.0,0.0,4.0,3033.0,0.0,0.0,0.0,0.0
2543197.126,3033.0,1930.0,1930.0,-366.6999816894531,-0.0,-0.8870457410812378,-367.0,0.0,0.0,3033.0,0.0,0.0,0.0,0.0
2543207.656,3033.0,1929.0,1929.0,-366.510009765625,-0.0,-0.4539889395236969,-366.0,0.0,1.0,3033.0,0.0,0.0,0.0,0.0
2543217.657,3033.0,1931.0,1931.0,-366.8899841308594,-0.0,-0.9858905076980591,-367.0,0.0,1.0,3033.0,0.0,0.0,0.0,0.0
2543228.125,3033.0,1927.0,1927.0,-366.1300048828125,-0.0,0.36199286580085754,-365.0,0.0,2.0,3033.0,0.0,0.0,0.0,0.0
2543239.125,3033.0,1927.0,1927.0,-366.1300048828125,-0.0,0.3076939582824707,-365.0,0.0,2.0,3033.0,0.0,0.0,0.0,0.0
2543250.125,3033.0,1928.0,1928.0,-366.32000732421875,-0.0,-0.038460079580545425,-366.0,0.0,3.0,3033.0,0.0,0.0,0.0,0.0
2543260.125,3033.0,1927.0,1927.0,-366.1300048828125,-0.0,0.26730889081954956,-365.0,0.0,1.0,3033.0,0.0,0.0,0.0,0.0
2543270.126,3033.0,1927.0,1927.0,-366.1300048828125,-0.0,0.2272125631570816,-365.0,0.0,0.0,3033.0,0.0,0.0,0.0,0.0
2543280.126,3033.0,1930.0,1930.0,-366.6999816894531,-0.0,-0.7068691849708557,-367.0,0.0,-1.0,3033.0,0.0,0.0,0.0,0.0
2543291.125,3033.0,1929.0,1929.0,-366.510009765625,-0.0,-0.3008388578891754,-366.0,0.0,-3.0,3033.0,0.0,0.0,0.0,0.0
2543302.027,3033.0,1928.0,1928.0,-366.32000732421875,-0.0,0.08264385908842087,-366.0,0.0,-3.0,3033.0,0.0,0.0,0.0,0.0
2543312.028,3033.0,1930.0,1930.0,-366.6999816894531,-0.0,-0.5297526121139526,-367.0,0.0,-2.0,3033.0,0.0,0.0,0.0,0.0
2543322.041,3033.0,1926.0,1926.0,-365.94000244140625,-0.0,0.7497100830078125,-365.0,0.0,0.0,3033.0,0.0,0.0,0.0,0.0
2543332.393,3033.0,1926.0,1926.0,-365.94000244140625,-0.0,0.6372535824775696,-365.0,0.0,0.0,3033.0,0.0,0.0,0.0,0.0
2543342.394,3033.0,1929.0,1929.0,-366.510009765625,-0.0,-0.3583343029022217,-366.0,0.0,-3.0,3033.0,0.0,0.0,0.0,0.0
2543352.395,3033.0,1930.0,1930.0,-366.6999816894531,-0.0,-0.6045840978622437,-367.0,0.0,-3.0,3033.0,0.0,0.0,0.0,0.0
2543362.397,3033.0,1927.0,1927.0,-366.1300048828125,-0.0,0.3861033618450165,-365.0,0.0,0.0,3033.0,0.0,0.0,0.0,0.0
2543372.398,3033.0,1927.0,1927.0,-366.1300048828125,-0.0,0.32818785309791565,-365.0,0.0,0.0,3033.0,0.0,0.0,0.0,0.0
2543383.041,3033.0,1929.0,1929.0,-366.510009765625,-0.0,-0.32104021310806274,-366.0,0.0,-1.0,3033.0,0.0,0.0,0.0,0.0
2543393.042,3033.0,1933.0,1933.0,-367.2699890136719,-0.0,-1.472883939743042,-368.0,0.0,1.0,3033.0,0.0,0.0,0.0,0.0
2543404.098,3033.0,1929.0,1929.0,-366.510009765625,-0.0,-0.0519515760242939,-366.0,0.0,3.0,3033.0,0.0,0.0,0.0,0.0
2543414.099,3033.0,1929.0,1929.0,-366.510009765625,-0.0,-0.04415884241461754,-366.0,0.0,0.0,3033.0,0.0,0.0,0.0,0.0
2543424.1,3033.0,1931.0,1931.0,-366.8899841308594,-0.0,-0.6375349164009094,-367.0,0.0,1.0,3033.0,0.0,0.0,0.0,0.0
2543435.125,3033.0,1929.0,1929.0,-366.510009765625,-0.0,0.058095209300518036,-366.0,0.0,1.0,3033.0,0.0,0.0,0.0,0.0
2543446.125,3033.0,1928.0,1928.0,-366.32000732421875,-0.0,0.34938088059425354,-365.0,0.0,-1.0,3033.0,0.0,0.0,0.0,0.0
2543457.125,3033.0,1931.0,1931.0,-366.8899841308594,-0.0,-0.6030260920524597,-367.0,0.0,2.0,3033.0,0.0,0.0,0.0,0.0
2543467.125,3033.0,1929.0,1929.0,-366.510009765625,-0.0,0.08742771297693253,-366.0,0.0,3.0,3033.0,0.0,0.0,0.0,0.0
2543477.125,3033.0,1928.0,1928.0,-366.32000732421875,-0.0,0.37431350350379944,-365.0,0.0,-1.0,3033.0,0.0,0.0,0.0,0.0
2543488.125,3033.0,1929.0,1929.0,-366.510009765625,-0.0,0.01816653460264206,-366.0,0.0,1.0,3033.0,0.0,0.0,0.0,0.0
2543498.126,3033.0,1929.0,1929.0,-366.510009765625,-0.0,0.015441554598510265,-366.0,0.0,1.0,3033.0,0.0,0.0,0.0,0.0
2543509.301,3033.0,1931.0,1931.0,-366.8899841308594,-0.0,-0.5868746042251587,-367.0,0.0,1.0,3033.0,0.0,0.0,0.0,0.0
2543519.301,3033.0,1928.0,1928.0,-366.32000732421875,-0.0,0.4011564254760742,-365.0,0.0,-2.0,3033.0,0.0,0.0,0.0,0.0
2543529.302,3033.0,1931.0,1931.0,-366.8899841308594,-0.0,-0.5590168833732605,-367.0,0.0,-2.0,3033.0,0.0,0.0,0.0,0.0
2543540.125,3033.0,1928.0,1928.0,-366.32000732421875,-0.0,0.4248355031013489,-365.0,0.0,-1.0,3033.0,0.0,0.0,0.0,0.0
2543551.301,3032.0,1928.0,1928.0,-366.32000732421875,-0.0,0.3611101806163788,-365.0,0.0,3.0,3033.0,0.0,0.0,0.0,0.0
2543562.125,3032.0,1929.0,1929.0,-366.510009765625,-0.0,0.006943709682673216,-366.0,0.0,1.0,3033.0,0.0,0.0,0.0,0.0
2543573.125,3032.0,1928.0,1928.0,-366.32000732421875,-0.0,0.3059020936489105,-366.0,0.0,1.0,3033.0,0.0,0.0,0.0,0.0
2543584.125,3030.0,1931.0,1931.0,-366.8899841308594,-0.0,-0.7239855527877808,-367.0,0.0,0.0,3033.0,0.0,0.0,0.0,0.0
2543594.126,3029.0,1931.0,1931.0,-366.8899841308594,-0.0,-0.6153877377510071,-367.0,0.0,0.0,3033.0,0.0,0.0,0.0,0.0
2543604.126,3028.0,1924.0,1924.0,-365.55999755859375,-0.0,1.5769200325012207,-363.0,0.0,0.0,3033.0,0.0,0.0,0.0,0.0
2543615.161,3026.0,1928.0,1928.0,-366.32000732421875,-0.0,0.14038226008415222,-366.0,0.0,2.0,3026.0,0.0,0.0,0.0,0.0
2543625.208,3024.0,1927.0,1927.0,-366.1300048828125,-0.0,0.4193248748779297,-365.0,0.0,-2.0,3026.0,0.0,0.0,0.0,0.0
2543636.125,3021.0,1925.0,1925.0,-365.75,-0.0,0.9564260840415955,-364.0,0.0,1.0,3026.0,0.0,0.0,0.0,0.0
2543647.125,3017.0,1926.0,1926.0,-365.94000244140625,-0.0,0.5129622220993042,-365.0,0.0,2.0,3026.0,0.0,0.0,0.0,0.0
2543657.126,3012.0,1926.0,1926.0,-365.94000244140625,-0.0,0.4360179007053375,-365.0,0.0,-1.0,3026.0,0.0,0.0,0.0,0.0
2543668.098,3007.0,1925.0,1925.0,-365.75,-0.0,0.6706151962280273,-365.0,0.0,2.0,3026.0,0.0,0.0,0.0,0.0
2543679.125,3002.0,1925.0,1925.0,-365.75,-0.0,0.5700229406356812,-365.0,0.0,2.0,3026.0,0.0,0.0,0.0,0.0
2543690.125,2996.0,1925.0,1925.0,-365.75,-0.0,0.48451951146125793,-365.0,0.0,2.0,3026.0,0.0,0.0,0.0,0.0
2543700.127,2990.0,1922.0,1922.0,-365.17999267578125,-0.0,1.3118414878845215,-363.0,0.0,4.0,3026.0,0.0,0.0,0.0,0.0
2543711.125,2983.0,1921.0,1921.0,-364.989990234375,-0.0,1.4150652885437012,-363.0,0.0,4.0,3026.0,0.0,0.0,0.0,0.0
2543722.125,2976.0,1917.0,1917.0,-364.22998046875,-0.0,2.4028053283691406,-361.0,0.0,3.0,2976.0,0.0,0.0,0.0,0.0
2543732.126,2969.0,1917.0,1917.0,-364.22998046875,-0.0,2.042384624481201,-362.0,0.0,3.0,2976.0,0.0,0.0,0.0,0.0
2543743.126,2963.0,1915.0,1915.0,-363.8500061035156,-0.0,2.336026906967163,-361.0,0.0,3.0,2976.0,0.0,0.0,0.0,0.0
2543753.226,2956.0,1909.0,1909.0,-362.7099914550781,-0.0,3.7856225967407227,-358.0,0.0,7.0,2976.0,0.0,0.0,0.0,0.0
2543764.125,2949.0,1907.0,1907.0,-362.3299865722656,-0.0,3.817779302597046,-358.0,0.0,8.0,2976.0,0.0,0.0,0.0,0.0
2543774.946,2936.0,1898.0,1898.0,-360.6199951171875,-0.0,5.278345108032227,-355.0,0.0,7.0,2976.0,0.0,0.0,0.0,0.0
2543785.125,2929.0,1898.0,1898.0,-360.6199951171875,-0.0,4.486593246459961,-356.0,0.0,7.0,2976.0,0.0,0.0,0.0,0.0
2543795.126,2923.0,1890.0,1890.0,-359.1000061035156,-0.0,6.213603973388672,-352.0,0.0,10.0,2976.0,0.0,0.0,0.0,0.0
2543805.127,2916.0,1878.0,1878.0,-356.82000732421875,-0.0,8.881563186645508,-347.0,0.0,7.0,2976.0,0.0,0.0,0.0,0.0
2543816.098,2908.0,1881.0,1881.0,-357.3899841308594,-0.0,6.64932918548584,-350.0,0.0,5.0,2908.0,0.0,0.0,0.0,0.0
2543826.099,2901.0,1871.0,1871.0,-355.489990234375,-0.0,8.65192985534668,-346.0,0.0,8.0,2908.0,0.0,0.0,0.0,0.0
2543837.125,2895.0,1871.0,1871.0,-355.489990234375,-0.0,7.354140758514404,-348.0,0.0,8.0,2908.0,0.0,0.0,0.0,0.0
2543847.125,2888.0,1856.0,1856.0,-352.6399841308594,-0.0,10.751018524169922,-341.0,0.0,9.0,2908.0,0.0,0.0,0.0,0.0
2543857.328,2881.0,1849.0,1849.0,-351.30999755859375,-0.0,11.23836612701416,-340.0,0.0,8.0,2908.0,0.0,0.0,0.0,0.0
2543867.328,2874.0,1837.0,1837.0,-349.0299987792969,-0.0,13.152610778808594,-335.0,0.0,11.0,2908.0,0.0,0.0,0.0,0.0
2543878.125,2867.0,1837.0,1837.0,-349.0299987792969,-0.0,11.179719924926758,-337.0,0.0,10.0,2908.0,0.0,0.0,0.0,0.0
2543889.125,2861.0,1824.0,1824.0,-346.55999755859375,-0.0,13.402761459350586,-333.0,0.0,7.0,2908.0,0.0,0.0,0.0,0.0
2543900.125,2855.0,1814.0,1814.0,-344.6600036621094,-0.0,14.39234733581543,-330.0,0.0,12.0,2908.0,0.0,0.0,0.0,0.0
2543910.456,2849.0,1810.0,1810.0,-343.8999938964844,-0.0,13.43349552154541,-330.0,0.0,7.0,2908.0,0.0,0.0,0.0,0.0
2543920.456,2842.0,1798.0,1798.0,-341.6199951171875,-0.0,15.018470764160156,-326.0,0.0,6.0,2842.0,0.0,0.0,0.0,0.0
2543930.456,2836.0,1788.0,1788.0,-339.7200012207031,-0.0,15.765700340270996,-323.0,0.0,5.0,2842.0,0.0,0.0,0.0,0.0
2543940.456,2829.0,1785.0,1785.0,-339.1499938964844,-0.0,14.3008451461792,-324.0,0.0,8.0,2842.0,0.0,0.0,0.0,0.0
2543951.098,2822.0,1777.0,1777.0,-337.6300048828125,-0.0,14.555718421936035,-323.0,0.0,8.0,2842.0,0.0,0.0,0.0,0.0
2543961.099,2816.0,1775.0,1775.0,-337.25,-0.0,12.972360610961914,-324.0,0.0,7.0,2842.0,0.0,0.0,0.0,0.0
2543971.1,2809.0,1764.0,1764.0,-335.1600036621094,-0.0,14.326506614685059,-320.0,0.0,8.0,2842.0,0.0,0.0,0.0,0.0
2543982.338,2801.0,1746.0,1746.0,-331.739990234375,-0.0,17.577529907226562,-314.0,0.0,7.0,2842.0,0.0,0.0,0.0,0.0
2543993.126,2793.0,1737.0,1737.0,-330.0299987792969,-0.0,17.640899658203125,-312.0,0.0,7.0,2842.0,0.0,0.0,0.0,0.0
2544003.126,2786.0,1736.0,1736.0,-329.8399963378906,-0.0,15.29476547241211,-314.0,0.0,8.0,2842.0,0.0,0.0,0.0,0.0
2544013.127,2777.0,1724.0,1724.0,-327.55999755859375,-0.0,16.600549697875977,-310.0,0.0,6.0,2842.0,0.0,0.0,0.0,0.0
2544024.047,2768.0,1721.0,1721.0,-326.989990234375,-0.0,15.010467529296875,-311.0,0.0,10.0,2768.0,0.0,0.0,0.0,0.0
2544035.125,2759.0,1711.0,1711.0,-325.0899963378906,-0.0,15.758896827697754,-309.0,0.0,7.0,2768.0,0.0,0.0,0.0,0.0
2544045.127,2748.0,1707.0,1707.0,-324.3299865722656,-0.0,14.595062255859375,-309.0,0.0,10.0,2768.0,0.0,0.0,0.0,0.0
2544055.127,2737.0,1697.0,1697.0,-322.42999267578125,-0.0,15.405802726745605,-307.0,0.0,11.0,2768.0,0.0,0.0,0.0,0.0
2544065.127,2726.0,1685.0,1685.0,-320.1499938964844,-0.0,16.69493293762207,-303.0,0.0,9.0,2768.0,0.0,0.0,0.0,0.0
2544075.127,2715.0,1681.0,1681.0,-319.3899841308594,-0.0,15.390693664550781,-303.0,0.0,7.0,2768.0,0.0,0.0,0.0,0.0
2544086.002,2704.0,1668.0,1668.0,-316.91998291015625,-0.0,16.98208999633789,-299.0,0.0,13.0,2768.0,0.0,0.0,0.0,0.0
2544096.129,2692.0,1651.0,1651.0,-313.69000244140625,-0.0,19.53477668762207,-294.0,0.0,12.0,2768.0,0.0,0.0,0.0,0.0
2544107.139,2666.0,1634.0,1634.0,-310.4599914550781,-0.0,19.078876495361328,-291.0,0.0,7.0,2768.0,0.0,0.0,0.0,0.0
2544118.126,2654.0,1616.0,1616.0,-307.0400085449219,-0.0,21.61704444885254,-285.0,0.0,6.0,2654.0,0.0,0.0,0.0,0.0
2544129.125,2642.0,1600.0,1600.0,-304.0,-0.0,23.174488067626953,-280.0,0.0,5.0,2654.0,0.0,0.0,0.0,0.0
2544139.125,2630.0,1599.0,1599.0,-303.80999755859375,-0.0,19.998315811157227,-283.0,0.0,6.0,2654.0,0.0,0.0,0.0,0.0
2544149.125,2618.0,1578.0,1578.0,-299.82000732421875,-0.0,23.298568725585938,-276.0,0.0,8.0,2654.0,0.0,0.0,0.0,0.0
2544159.125,2605.0,1557.0,1557.0,-295.8299865722656,-0.0,26.103782653808594,-269.0,0.0,8.0,2654.0,0.0,0.0,0.0,0.0
2544169.682,2592.0,1552.0,1552.0,-294.8800048828125,-0.0,23.688215255737305,-271.0,0.0,7.0,2654.0,0.0,0.0,0.0,0.0
2544180.125,2580.0,1527.0,1527.0,-290.1300048828125,-0.0,27.63498306274414,-262.0,0.0,12.0,2654.0,0.0,0.0,0.0,0.0
2544191.125,2568.0,1496.0,1496.0,-284.239990234375,-0.0,32.78973388671875,-251.0,0.0,6.0,2654.0,0.0,0.0,0.0,0.0
2544201.125,2556.0,1490.0,1490.0,-283.1000061035156,-0.0,29.671274185180664,-253.0,0.0,5.0,2654.0,0.0,0.0,0.0,0.0
2544211.126,2544.0,1468.0,1468.0,-278.91998291015625,-0.0,31.82058334350586,-247.0,0.0,7.0,2654.0,0.0,0.0,0.0,0.0
2544221.127,2532.0,1433.0,1433.0,-272.2699890136719,-0.0,37.54749298095703,-234.0,0.0,9.0,2532.0,0.0,0.0,0.0,0.0
2544232.125,2519.0,1399.0,1399.0,-265.80999755859375,-0.0,42.1153678894043,-223.0,-223.0,9.0,2532.0,0.0,0.0,0.0,0.0
2544242.126,2508.0,1393.0,1393.0,-264.66998291015625,-0.0,37.59806442260742,-227.0,-227.0,7.0,2532.0,0.0,0.0,0.0,0.0
2544252.657,2496.0,1367.0,1367.0,-259.7300109863281,-0.0,39.75835418701172,-219.0,-219.0,11.0,2532.0,0.0,0.0,0.0,0.0
2544263.125,2484.0,1327.0,1327.0,-252.12998962402344,-0.0,45.79460144042969,-206.0,-206.0,11.0,2532.0,0.0,0.0,0.0,0.0
2544274.125,2473.0,1291.0,1291.0,-245.2899932861328,-0.0,49.72541046142578,-195.0,-195.0,10.0,2532.0,0.0,0.0,0.0,0.0
2544285.125,2461.0,1291.0,1291.0,-245.2899932861328,-0.0,42.2666015625,-203.0,-203.0,10.0,2532.0,0.0,0.0,0.0,0.0
2544295.126,2448.0,1253.0,1253.0,-238.0699920654297,-0.0,47.32661056518555,-190.0,-190.0,10.0,2532.0,0.0,0.0,0.0,0.0
2544305.127,2436.0,1241.0,1241.0,-235.7899932861328,-0.0,43.82761764526367,-191.0,-191.0,8.0,2532.0,0.0,0.0,0.0,0.0
2544316.121,2425.0,1178.0,1178.0,-223.8199920654297,-0.0,56.153472900390625,-167.0,-167.0,7.0,2532.0,0.0,0.0,0.0,0.0
2544326.122,2414.0,1175.0,1175.0,-223.25,-0.0,48.630455017089844,-174.0,-174.0,11.0,2414.0,0.0,0.0,0.0,0.0
2544336.938,2402.0,1142.0,1142.0,-216.97999572753906,-0.0,51.23588562011719,-165.0,-165.0,8.0,2414.0,0.0,0.0,0.0,0.0
2544346.938,2392.0,1104.0,1104.0,-209.75999450683594,-0.0,54.95050048828125,-154.0,-154.0,11.0,2414.0,0.0,0.0,0.0,0.0
2544357.125,2380.0,1104.0,1104.0,-209.75999450683594,-0.0,46.70792770385742,-163.0,-163.0,11.0,2414.0,0.0,0.0,0.0,0.0
2544368.098,2368.0,1064.0,1064.0,-202.16000366210938,-0.0,51.70173645019531,-150.0,-150.0,8.0,2414.0,0.0,0.0,0.0,0.0
2544378.099,2357.0,1064.0,1064.0,-202.16000366210938,-0.0,43.946475982666016,-158.0,-158.0,8.0,2414.0,0.0,0.0,0.0,0.0
2544388.1,2345.0,1028.0,1028.0,-195.3199920654297,-0.0,48.154502868652344,-147.0,-147.0,8.0,2414.0,0.0,0.0,0.0,0.0
2544399.098,2321.0,995.0,995.0,-189.0500030517578,-0.0,43.206626892089844,-145.0,-145.0,10.0,2414.0,0.0,0.0,0.0,0.0
2544409.922,2309.0,936.0,936.0,-177.83999633789062,-0.0,54.42563247680664,-123.0,-123.0,8.0,2414.0,0.0,0.0,0.0,0.0
2544420.125,2296.0,926.0,926.0,-175.94000244140625,-0.0,49.26178741455078,-126.0,-126.0,10.0,2296.0,0.0,0.0,0.0,0.0
2544431.125,2283.0,905.0,905.0,-171.9499969482422,-0.0,48.17251968383789,-123.0,-123.0,10.0,2296.0,0.0,0.0,0.0,0.0
2544441.126,2270.0,879.0,879.0,-167.00999450683594,-0.0,48.74664306640625,-118.0,-118.0,12.0,2296.0,0.0,0.0,0.0,0.0
2544451.126,2257.0,843.0,843.0,-160.1699981689453,-0.0,52.23464584350586,-107.0,-107.0,13.0,2296.0,0.0,0.0,0.0,0.0
2544462.125,2243.0,840.0,840.0,-159.59999084472656,-0.0,45.2994499206543,-114.0,-114.0,11.0,2296.0,0.0,0.0,0.0,0.0
2544472.603,2230.0,810.0,810.0,-153.89999389648438,-0.0,47.50453186035156,-106.0,-106.0,13.0,2296.0,0.0,0.0,0.0,0.0
2544482.603,2216.0,778.0,778.0,-147.8199920654297,-0.0,49.978851318359375,-97.0,-97.0,12.0,2296.0,0.0,0.0,0.0,0.0
2544493.221,2202.0,778.0,778.0,-147.8199920654297,-0.0,42.482025146484375,-105.0,-105.0,11.0,2296.0,0.0,0.0,0.0,0.0
2544503.221,2189.0,734.0,734.0,-139.45999145507812,-0.0,49.30971908569336,-90.0,-90.0,9.0,2296.0,0.0,0.0,0.0,0.0
2544513.222,2175.0,727.0,727.0,-138.1300048828125,-0.0,44.01326370239258,-94.0,-94.0,11.0,2296.0,0.0,0.0,0.0,0.0
2544524.125,2161.0,703.0,703.0,-133.5699920654297,-0.0,44.61127471923828,-88.0,-88.0,11.0,2161.0,0.0,0.0,0.0,0.0
2544534.593,2147.0,695.0,695.0,-132.0500030517578,-0.0,40.319583892822266,-91.0,-91.0,10.0,2161.0,0.0,0.0,0.0,0.0
2544544.594,2133.0,651.0,651.0,-123.68999481201172,-0.0,47.47164535522461,-76.0,-76.0,10.0,2161.0,0.0,0.0,0.0,0.0
2544555.125,2119.0,616.0,616.0,-117.04000091552734,-0.0,50.85089874267578,-66.0,-66.0,11.0,2161.0,0.0,0.0,0.0,0.0
2544566.125,2106.0,616.0,616.0,-117.04000091552734,-0.0,43.2232666015625,-73.0,-73.0,11.0,2161.0,0.0,0.0,0.0,0.0
2544576.983,2092.0,598.0,598.0,-113.6199951171875,-0.0,42.13977813720703,-71.0,-71.0,11.0,2161.0,0.0,0.0,0.0,0.0
2544586.983,2080.0,559.0,559.0,-106.20999908447266,-0.0,47.5188102722168,-58.0,-58.0,12.0,2161.0,0.0,0.0,0.0,0.0
2544596.983,2069.0,559.0,559.0,-106.20999908447266,-0.0,40.3909912109375,-65.0,-65.0,12.0,2161.0,0.0,0.0,0.0,0.0
2544607.125,2058.0,529.0,529.0,-100.51000213623047,-0.0,43.332340240478516,-57.0,-57.0,7.0,2161.0,0.0,0.0,0.0,0.0
2544618.098,2048.0,491.0,491.0,-93.29000091552734,-0.0,48.232486724853516,-45.0,-45.0,9.0,2161.0,0.0,0.0,0.0,0.0
2544629.125,2039.0,491.0,491.0,-93.29000091552734,-0.0,40.997615814208984,-52.0,-52.0,9.0,2039.0,0.0,0.0,0.0,0.0
2544639.912,2032.0,453.0,453.0,-86.06999969482422,-0.0,46.24797058105469,-39.0,-39.0,11.0,2039.0,0.0,0.0,0.0,0.0
2544650.125,2027.0,422.0,422.0,-80.18000030517578,-0.0,48.610774993896484,-31.0,-31.0,10.0,2039.0,0.0,0.0,0.0,0.0
2544661.125,2020.0,390.0,390.0,-74.0999984741211,-0.0,44.76628494262695,-29.0,-29.0,11.0,2039.0,0.0,0.0,0.0,0.0
2544671.126,2018.0,358.0,358.0,-68.0199966430664,-0.0,47.65134048461914,-20.0,-20.0,12.0,2039.0,0.0,0.0,0.0,0.0
2544681.127,2016.0,357.0,357.0,-67.83000183105469,-0.0,40.80364227294922,-27.0,-27.0,11.0,2039.0,0.0,0.0,0.0,0.0
2544691.128,2016.0,303.0,303.0,-57.56999969482422,-0.0,50.883094787597656,-6.0,-11.0,13.0,2039.0,0.0,0.0,0.0,0.0
2544702.041,2016.0,275.0,275.0,-52.25,-0.0,51.650630950927734,0.0,0.0,10.0,2039.0,0.0,0.0,0.0,0.0
2544712.041,2015.0,275.0,275.0,-52.25,-0.0,43.903038024902344,-8.0,-11.0,10.0,2039.0,0.0,0.0,0.0,0.0
2544723.125,2016.0,247.0,247.0,-46.93000030517578,-0.0,45.71758270263672,-1.0,-9.0,11.0,2016.0,0.0,0.0,0.0,0.0
2544733.606,2016.0,239.0,239.0,-45.40999984741211,-0.0,41.259944915771484,-4.0,-11.0,10.0,2016.0,0.0,0.0,0.0,0.0
2544743.607,2015.0,217.0,217.0,-41.22999954223633,-0.0,41.67095184326172,0.0,0.0,9.0,2016.0,0.0,0.0,0.0,0.0
2544754.125,2016.0,189.0,189.0,-35.90999984741211,-0.0,43.820308685302734,7.0,11.0,11.0,2016.0,0.0,0.0,0.0,0.0
2544764.126,2015.0,189.0,189.0,-35.90999984741211,-0.0,37.24726486206055,1.0,9.0,11.0,2016.0,0.0,0.0,0.0,0.0
2544774.129,2015.0,174.0,174.0,-33.060001373291016,-0.0,36.16017532348633,3.0,11.0,9.0,2016.0,0.0,0.0,0.0,0.0
2544784.13,2015.0,153.0,153.0,-29.06999969482422,-0.0,37.03614807128906,7.0,11.0,10.0,2016.0,0.0,0.0,0.0,0.0
2544795.126,2016.0,138.0,138.0,-26.219999313354492,-0.0,35.9807243347168,9.0,11.0,9.0,2016.0,0.0,0.0,0.0,0.0
2544805.127,2016.0,124.0,124.0,-23.559999465942383,-0.0,34.78361511230469,11.0,11.0,4.0,2016.0,0.0,0.0,0.0,0.0
2544816.125,2016.0,121.0,121.0,-22.989999771118164,-0.0,30.466073989868164,7.0,11.0,7.0,2016.0,0.0,0.0,0.0,0.0
2544827.125,2016.0,107.0,107.0,-20.329999923706055,-0.0,30.096162796020508,9.0,11.0,7.0,2016.0,0.0,0.0,0.0,0.0
2544837.125,2015.0,99.0,99.0,-18.809999465942383,-0.0,27.981739044189453,9.0,11.0,6.0,2016.0,0.0,0.0,0.0,0.0
2544847.319,2016.0,95.0,95.0,-18.049999237060547,-0.0,24.984477996826172,6.0,11.0,3.0,2016.0,0.0,0.0,0.0,0.0
2544857.32,2015.0,85.0,85.0,-16.149999618530273,-0.0,24.236806869506836,8.0,11.0,4.0,2016.0,0.0,0.0,0.0,0.0
2544867.321,2015.0,74.0,74.0,-14.059999465942383,-0.0,23.90128517150879,9.0,11.0,5.0,2016.0,0.0,0.0,0.0,0.0
2544878.125,2015.0,75.0,75.0,-14.25,-0.0,20.01609230041504,5.0,11.0,5.0,2016.0,0.0,0.0,0.0,0.0
2544888.817,2016.0,59.0,59.0,-11.210000038146973,-0.0,21.813678741455078,10.0,11.0,4.0,2016.0,0.0,0.0,0.0,0.0
2544899.125,2016.0,48.0,48.0,-9.119999885559082,-0.0,21.84162712097168,12.0,12.0,5.0,2016.0,0.0,0.0,0.0,0.0
2544909.126,2016.0,42.0,42.0,-7.980000019073486,-0.0,20.36538314819336,12.0,12.0,4.0,2016.0,0.0,0.0,0.0,0.0
2544920.125,2016.0,46.0,46.0,-8.739999771118164,-0.0,16.110576629638672,7.0,11.0,0.0,2016.0,0.0,0.0,0.0,0.0
2544930.126,2016.0,32.0,32.0,-6.079999923706055,-0.0,17.89398956298828,11.0,11.0,2.0,2016.0,0.0,0.0,0.0,0.0
2544940.127,2015.0,23.0,23.0,-4.369999885559082,-0.0,17.90989112854004,13.0,13.0,5.0,2016.0,0.0,0.0,0.0,0.0
2544951.125,2016.0,23.0,23.0,-4.369999885559082,-0.0,15.223407745361328,10.0,11.0,3.0,2016.0,0.0,0.0,0.0,0.0
2544961.126,2016.0,15.0,15.0,-2.8499999046325684,-0.0,15.339896202087402,12.0,12.0,2.0,2016.0,0.0,0.0,0.0,0.0
2544971.127,2016.0,14.0,14.0,-2.6599998474121094,-0.0,13.338912010192871,10.0,11.0,5.0,2016.0,0.0,0.0,0.0,0.0
2544982.293,2016.0,1.0,1.0,-0.1899999976158142,-0.0,15.238075256347656,15.0,15.0,3.0,2016.0,0.0,0.0,0.0,0.0
2544993.125,2016.0,-3.0,-3.0,0.5699999928474426,0.0,14.152363777160645,14.0,14.0,4.0,2016.0,0.0,0.0,0.0,0.0
2545003.125,2016.0,-1.0,-1.0,0.1899999976158142,0.0,11.429510116577148,11.0,11.0,2.0,2016.0,0.0,0.0,0.0,0.0
2545014.125,2016.0,-9.0,-9.0,1.7100000381469727,0.0,10.522821426391602,12.0,12.0,6.0,2016.0,0.0,0.0,0.0,0.0
2545024.125,2016.0,-7.0,-7.0,1.3299999237060547,0.0,8.344398498535156,9.0,11.0,3.0,2016.0,0.0,0.0,0.0,0.0
2545035.125,2016.0,-8.0,-8.0,1.5199999809265137,0.0,7.3927388191223145,8.0,11.0,4.0,2016.0,0.0,0.0,0.0,0.0
2545045.125,2016.0,-8.0,-8.0,1.5199999809265137,0.0,6.283828258514404,7.0,11.0,4.0,2016.0,0.0,0.0,0.0,0.0
2545056.125,2016.0,-10.0,-10.0,1.899999976158142,0.0,5.941254138946533,7.0,11.0,4.0,2016.0,0.0,0.0,0.0,0.0
2545066.125,2016.0,-12.0,-12.0,2.2799999713897705,0.0,5.650065898895264,7.0,11.0,4.0,2016.0,0.0,0.0,0.0,0.0
2545076.126,2015.0,-13.0,-13.0,2.4700000286102295,0.0,5.102556228637695,7.0,11.0,4.0,2016.0,0.0,0.0,0.0,0.0
2545086.127,2016.0,-9.0,-9.0,1.7100000381469727,0.0,3.1371731758117676,4.0,11.0,3.0,2016.0,0.0,0.0,0.0,0.0
2545096.128,2016.0,-6.0,-6.0,1.1399999856948853,0.0,1.7665973901748657,2.0,11.0,6.0,2016.0,0.0,0.0,0.0,0.0
2545107.098,2016.0,-8.0,-8.0,1.5199999809265137,0.0,2.1016077995300293,3.0,11.0,-1.0,2016.0,0.0,0.0,0.0,0.0
2545118.125,2016.0,-6.0,-6.0,1.1399999856948853,0.0,1.1863667964935303,2.0,11.0,-2.0,2016.0,0.0,0.0,0.0,0.0
2545129.125,2015.0,0.0,0.0,0.0,0.0,-0.7915878891944885,0.0,0.0,5.0,2015.0,0.0,0.0,0.0,0.0
2545140.264,2016.0,-1.0,-1.0,0.1899999976158142,0.0,-0.3728497624397278,0.0,0.0,5.0,2015.0,0.0,0.0,0.0,0.0
2545150.264,2016.0,0.0,0.0,0.0,0.0,-0.6169222593307495,0.0,0.0,1.0,2015.0,0.0,0.0,0.0,0.0
2545161.125,2015.0,0.0,0.0,0.0,0.0,-0.5243839621543884,0.0,0.0,1.0,2015.0,0.0,0.0,0.0,0.0
2545171.126,2016.0,0.0,0.0,0.0,0.0,-0.4457263946533203,0.0,0.0,1.0,2015.0,0.0,0.0,0.0,0.0
2545181.297,2016.0,5.0,5.0,-0.949999988079071,-0.0,-1.8788671493530273,-2.0,-11.0,3.0,2015.0,0.0,0.0,0.0,0.0
2545191.297,2016.0,5.0,5.0,-0.949999988079071,-0.0,-1.5970370769500732,-2.0,-11.0,4.0,2015.0,0.0,0.0,0.0,0.0
2545202.125,2016.0,9.0,9.0,-1.7100000381469727,-0.0,-2.557481288909912,-4.0,-11.0,1.0,2015.0,0.0,0.0,0.0,0.0
2545213.125,2016.0,8.0,8.0,-1.5199999809265137,-0.0,-1.873859167098999,-3.0,-11.0,3.0,2015.0,0.0,0.0,0.0,0.0
2545223.37,2016.0,9.0,9.0,-1.7100000381469727,-0.0,-1.8927803039550781,-3.0,-11.0,-1.0,2015.0,0.0,0.0,0.0,0.0
2545233.371,2015.0,9.0,9.0,-1.7100000381469727,-0.0,-1.608863353729248,-3.0,-11.0,1.0,2015.0,0.0,0.0,0.0,0.0
2545244.125,2016.0,12.0,12.0,-2.2799999713897705,-0.0,-2.267533779144287,-4.0,-11.0,3.0,2015.0,0.0,0.0,0.0,0.0
2545254.125,2016.0,9.0,9.0,-1.7100000381469727,-0.0,-1.0274039506912231,-2.0,-11.0,3.0,2015.0,0.0,0.0,0.0,0.0
2545264.125,2016.0,13.0,13.0,-2.4700000286102295,-0.0,-2.0732932090759277,-4.0,-11.0,3.0,2015.0,0.0,0.0,0.0,0.0
2545274.126,2016.0,14.0,14.0,-2.6599998474121094,-0.0,-2.0622992515563965,-4.0,-11.0,1.0,2015.0,0.0,0.0,0.0,0.0
2545284.127,2016.0,15.0,15.0,-2.8499999046325684,-0.0,-2.0529544353485107,-4.0,-11.0,3.0,2015.0,0.0,0.0,0.0,0.0
2545294.128,2016.0,13.0,13.0,-2.4700000286102295,-0.0,-1.1450114250183105,-3.0,-11.0,1.0,2015.0,0.0,0.0,0.0,0.0
2545305.125,2016.0,14.0,14.0,-2.6599998474121094,-0.0,-1.2732596397399902,-3.0,-11.0,0.0,2015.0,0.0,0.0,0.0,0.0
2545316.125,2016.0,19.0,19.0,-3.609999895095825,-0.0,-2.5549299716949463,-6.0,-11.0,1.0,2015.0,0.0,0.0,0.0,0.0
2545326.125,2016.0,18.0,18.0,-3.4200000762939453,-0.0,-1.8716906309127808,-5.0,-11.0,2.0,2016.0,0.0,0.0,0.0,0.0
2545336.125,2016.0,19.0,19.0,-3.609999895095825,-0.0,-1.890937089920044,-5.0,-11.0,0.0,2016.0,0.0,0.0,0.0,0.0
2545347.098,2016.0,19.0,19.0,-3.609999895095825,-0.0,-1.6072965860366821,-5.0,-11.0,1.0,2016.0,0.0,0.0,0.0,0.0
2545357.569,2016.0,22.0,22.0,-4.179999828338623,-0.0,-2.266201972961426,-6.0,-11.0,1.0,2016.0,0.0,0.0,0.0,0.0
2545368.125,2016.0,20.0,20.0,-3.799999952316284,-0.0,-1.3262717723846436,-5.0,-11.0,4.0,2016.0,0.0,0.0,0.0,0.0
2545379.125,2016.0,22.0,22.0,-4.179999828338623,-0.0,-1.7273309230804443,-5.0,-11.0,2.0,2016.0,0.0,0.0,0.0,0.0
2545389.126,2016.0,20.0,20.0,-3.799999952316284,-0.0,-0.8682314157485962,-4.0,-11.0,0.0,2016.0,0.0,0.0,0.0,0.0
2545399.979,2016.0,23.0,23.0,-4.369999885559082,-0.0,-1.6379965543746948,-6.0,-11.0,3.0,2016.0,0.0,0.0,0.0,0.0
2545409.98,2016.0,21.0,21.0,-3.990000009536743,-0.0,-0.7922971844673157,-4.0,-11.0,-1.0,2016.0,0.0,0.0,0.0,0.0
2545420.125,2016.0,20.0,20.0,-3.799999952316284,-0.0,-0.37345266342163086,-4.0,-11.0,0.0,2016.0,0.0,0.0,0.0,0.0
2545431.125,2016.0,23.0,23.0,-4.369999885559082,-0.0,-1.2174346446990967,-5.0,-11.0,-1.0,2016.0,0.0,0.0,0.0,0.0
2545441.125,2016.0,25.0,25.0,-4.75,-0.0,-1.6348193883895874,-6.0,-11.0,3.0,2016.0,0.0,0.0,0.0,0.0
2545451.125,2015.0,24.0,24.0,-4.559999942779541,-0.0,-1.0895965099334717,-5.0,-11.0,4.0,2016.0,0.0,0.0,0.0,0.0
2545461.631,2016.0,24.0,24.0,-4.559999942779541,-0.0,-0.9261570572853088,-5.0,-11.0,-1.0,2016.0,0.0,0.0,0.0,0.0
2545472.125,2016.0,22.0,22.0,-4.179999828338623,-0.0,-0.18723361194133759,-4.0,-11.0,-1.0,2016.0,0.0,0.0,0.0,0.0
2545483.125,2016.0,23.0,23.0,-4.369999885559082,-0.0,-0.4591485261917114,-4.0,-11.0,2.0,2016.0,0.0,0.0,0.0,0.0
2545493.125,2016.0,22.0,22.0,-4.179999828338623,-0.0,-0.0902763083577156,-4.0,-11.0,-1.0,2016.0,0.0,0.0,0.0,0.0
2545503.125,2015.0,20.0,20.0,-3.799999952316284,-0.0,0.5232650637626648,-3.0,-11.0,2.0,2016.0,0.0,0.0,0.0,0.0
2545513.125,2016.0,19.0,19.0,-3.609999895095825,-0.0,0.7447752952575684,-2.0,-11.0,2.0,2016.0,0.0,0.0,0.0,0.0
2545524.125,2016.0,13.0,13.0,-2.4700000286102295,-0.0,2.433058738708496,0.0,0.0,1.0,2016.0,0.0,0.0,0.0,0.0
2545535.125,2015.0,13.0,13.0,-2.4700000286102295,-0.0,2.0680999755859375,0.0,0.0,0.0,2015.0,0.0,0.0,0.0,0.0
2545546.125,2016.0,12.0,12.0,-2.2799999713897705,-0.0,2.057884931564331,0.0,0.0,2.0,2015.0,0.0,0.0,0.0,0.0
2545557.125,2016.0,10.0,10.0,-1.899999976158142,-0.0,2.3492021560668945,0.0,0.0,-1.0,2015.0,0.0,0.0,0.0,0.0
2545568.125,2016.0,5.0,5.0,-0.949999988079071,-0.0,3.017298460006714,2.0,11.0,0.0,2015.0,0.0,0.0,0.0,0.0
2545579.342,2016.0,5.0,5.0,-0.949999988079071,-0.0,2.5647037029266357,1.0,9.0,0.0,2015.0,0.0,0.0,0.0,0.0
2545589.342,2016.0,1.0,1.0,-0.1899999976158142,-0.0,3.379997968673706,3.0,11.0,1.0,2015.0,0.0,0.0,0.0,0.0
2545599.342,2016.0,-2.0,-2.0,0.3799999952316284,0.0,3.772998094558716,4.0,11.0,1.0,2015.0,0.0,0.0,0.0,0.0
2545610.126,2016.0,-5.0,-5.0,0.949999988079071,0.0,4.107048511505127,5.0,11.0,-1.0,2015.0,0.0,0.0,0.0,0.0
2545620.127,2016.0,-8.0,-8.0,1.5199999809265137,0.0,4.3909912109375,5.0,11.0,1.0,2015.0,0.0,0.0,0.0,0.0
2545630.127,2016.0,-4.0,-4.0,0.7599999904632568,0.0,2.5323429107666016,3.0,11.0,2.0,2016.0,0.0,0.0,0.0,0.0
2545640.128,2016.0,-9.0,-9.0,1.7100000381469727,0.0,3.652491331100464,5.0,11.0,-1.0,2016.0,0.0,0.0,0.0,0.0
2545650.129,2016.0,-11.0,-11.0,2.0899999141693115,0.0,3.704617738723755,5.0,11.0,2.0,2016.0,0.0,0.0,0.0,0.0
2545661.125,2016.0,-9.0,-9.0,1.7100000381469727,0.0,2.5489251613616943,4.0,11.0,1.0,2016.0,0.0,0.0,0.0,0.0
2545671.126,2016.0,-9.0,-9.0,1.7100000381469727,0.0,2.166586399078369,3.0,11.0,-1.0,2016.0,0.0,0.0,0.0,0.0
2545681.126,2016.0,-9.0,-9.0,1.7100000381469727,0.0,1.8415985107421875,3.0,11.0,-1.0,2016.0,0.0,0.0,0.0,0.0
2545691.127,2016.0,-7.0,-7.0,1.3299999237060547,0.0,0.9653588533401489,2.0,11.0,0.0,2016.0,0.0,0.0,0.0,0.0
2545701.612,2016.0,-7.0,-7.0,1.3299999237060547,0.0,0.8205550312995911,2.0,11.0,-1.0,2016.0,0.0,0.0,0.0,0.0
2545711.708,2016.0,-9.0,-9.0,1.7100000381469727,0.0,1.2974716424942017,3.0,11.0,1.0,2016.0,0.0,0.0,0.0,0.0
2545721.708,2015.0,-12.0,-12.0,2.2799999713897705,0.0,2.0028507709503174,4.0,11.0,3.0,2016.0,0.0,0.0,0.0,0.0
2545731.709,2016.0,-12.0,-12.0,2.2799999713897705,0.0,1.7024232149124146,3.0,11.0,1.0,2016.0,0.0,0.0,0.0,0.0
2545741.71,2016.0,-11.0,-11.0,2.0899999141693115,0.0,1.1470597982406616,3.0,11.0,3.0,2016.0,0.0,0.0,0.0,0.0
2545751.711,2016.0,-8.0,-8.0,1.5199999809265137,0.0,0.07500100135803223,1.0,9.0,0.0,2016.0,0.0,0.0,0.0,0.0
2545761.711,2016.0,-6.0,-6.0,1.1399999856948853,0.0,-0.536249041557312,0.0,0.0,1.0,2016.0,0.0,0.0,0.0,0.0
2545772.125,2016.0,-6.0,-6.0,1.1399999856948853,0.0,-0.4558117091655731,0.0,0.0,1.0,2016.0,0.0,0.0,0.0,0.0
2545782.397,2016.0,-6.0,-6.0,1.1399999856948853,0.0,-0.3874399662017822,0.0,0.0,1.0,2016.0,0.0,0.0,0.0,0.0
2545792.398,2015.0,-4.0,-4.0,0.7599999904632568,0.0,-0.9293239116668701,0.0,0.0,2.0,2016.0,0.0,0.0,0.0,0.0
2545803.125,2015.0,-4.0,-4.0,0.7599999904632568,0.0,-0.7899253368377686,0.0,0.0,1.0,2016.0,0.0,0.0,0.0,0.0
2545814.125,2016.0,-4.0,-4.0,0.7599999904632568,0.0,-0.6714365482330322,0.0,0.0,1.0,2016.0,0.0,0.0,0.0,0.0
2545824.126,2016.0,-2.0,-2.0,0.3799999952316284,0.0,-1.1707209348678589,0.0,0.0,0.0,2016.0,0.0,0.0,0.0,0.0
2545835.125,2016.0,-6.0,-6.0,1.1399999856948853,0.0,0.20488698780536652,1.0,9.0,-1.0,2016.0,0.0,0.0,0.0,0.0
2545846.125,2016.0,-2.0,-2.0,0.3799999952316284,0.0,-1.0258458852767944,0.0,0.0,-1.0,2016.0,0.0,0.0,0.0,0.0
2545856.126,2016.0,-3.0,-3.0,0.5699999928474426,0.0,-0.5719690918922424,0.0,0.0,4.0,2016.0,0.0,0.0,0.0,0.0
2545866.127,2016.0,-1.0,-1.0,0.1899999976158142,0.0,-1.0861736536026,0.0,0.0,-1.0,2016.0,0.0,0.0,0.0,0.0
2545876.128,2016.0,-1.0,-1.0,0.1899999976158142,0.0,-0.9232476353645325,0.0,0.0,-1.0,2016.0,0.0,0.0,0.0,0.0
2545887.125,2016.0,-3.0,-3.0,0.5699999928474426,0.0,-0.18476060032844543,0.0,0.0,3.0,2016.0,0.0,0.0,0.0,0.0
2545897.125,2016.0,-2.0,-2.0,0.3799999952316284,0.0,-0.4570464789867401,0.0,0.0,1.0,2016.0,0.0,0.0,0.0,0.0
2545907.125,2015.0,-7.0,-7.0,1.3299999237060547,0.0,1.1115102767944336,2.0,11.0,3.0,2016.0,0.0,0.0,0.0,0.0
2545918.126,2016.0,-12.0,-12.0,2.2799999713897705,0.0,2.4447834491729736,4.0,11.0,-1.0,2016.0,0.0,0.0,0.0,0.0
2545929.125,2016.0,-7.0,-7.0,1.3299999237060547,0.0,0.5780662298202515,1.0,9.0,1.0,2016.0,0.0,0.0,0.0,0.0
2545940.125,2016.0,-14.0,-14.0,2.6599998474121094,0.0,2.591356039047241,5.0,11.0,3.0,2016.0,0.0,0.0,0.0,0.0
2545950.125,2016.0,-15.0,-15.0,2.8499999046325684,0.0,2.502652645111084,5.0,11.0,3.0,2016.0,0.0,0.0,0.0,0.0
2545960.799,2016.0,-17.0,-17.0,3.2300000190734863,0.0,2.4081664085388184,5.0,11.0,0.0,2016.0,0.0,0.0,0.0,0.0
2545971.125,2016.0,-14.0,-14.0,2.6599998474121094,0.0,1.1469416618347168,3.0,11.0,-2.0,2016.0,0.0,0.0,0.0,0.0
2545982.125,2016.0,-17.0,-17.0,3.2300000190734863,0.0,1.8749003410339355,5.0,11.0,-1.0,2016.0,0.0,0.0,0.0,0.0
2545992.125,2016.0,-20.0,-20.0,3.799999952316284,0.0,2.4936652183532715,6.0,11.0,-2.0,2016.0,0.0,0.0,0.0,0.0
2546002.865,2016.0,-19.0,-19.0,3.609999895095825,0.0,1.8196154832839966,5.0,11.0,-1.0,2016.0,0.0,0.0,0.0,0.0
2546013.125,2016.0,-18.0,-18.0,3.4200000762939453,0.0,1.2466732263565063,4.0,11.0,0.0,2016.0,0.0,0.0,0.0,0.0
2546023.126,2016.0,-23.0,-23.0,4.369999885559082,0.0,2.5596721172332764,6.0,11.0,-4.0,2016.0,0.0,0.0,0.0,0.0
2546033.716,2016.0,-23.0,-23.0,4.369999885559082,0.0,2.1757214069366455,6.0,11.0,-4.0,2016.0,0.0,0.0,0.0,0.0
2546044.125,2016.0,-25.0,-25.0,4.75,0.0,2.4493632316589355,7.0,11.0,-1.0,2016.0,0.0,0.0,0.0,0.0
2546054.126,2015.0,-25.0,-25.0,4.75,0.0,2.081958770751953,6.0,11.0,-5.0,2016.0,0.0,0.0,0.0,0.0
2546065.098,2016.0,-28.0,-28.0,5.319999694824219,0.0,2.6696648597717285,7.0,11.0,-4.0,2016.0,0.0,0.0,0.0,0.0
2546076.125,2016.0,-28.0,-28.0,5.319999694824219,0.0,2.2692151069641113,7.0,11.0,-2.0,2016.0,0.0,0.0,0.0,0.0
2546086.126,2016.0,-26.0,-26.0,4.940000057220459,0.0,1.328832983970642,6.0,11.0,-3.0,2016.0,0.0,0.0,0.0,0.0
2546096.127,2016.0,-26.0,-26.0,4.940000057220459,0.0,1.1295080184936523,6.0,11.0,0.0,2016.0,0.0,0.0,0.0,0.0
2546106.128,2016.0,-27.0,-27.0,5.130000114440918,0.0,1.2600817680358887,6.0,11.0,-1.0,2016.0,0.0,0.0,0.0,0.0
2546116.129,2015.0,-27.0,-27.0,5.130000114440918,0.0,1.0710694789886475,6.0,11.0,2.0,2016.0,0.0,0.0,0.0,0.0
2546127.125,2016.0,-27.0,-27.0,5.130000114440918,0.0,0.9104090929031372,6.0,11.0,1.0,2016.0,0.0,0.0,0.0,0.0
2546137.126,2016.0,-29.0,-29.0,5.509999752044678,0.0,1.3738476037979126,6.0,11.0,2.0,2016.0,0.0,0.0,0.0,0.0
2546148.125,2016.0,-29.0,-29.0,5.509999752044678,0.0,1.167770504951477,6.0,11.0,1.0,2016.0,0.0,0.0,0.0,0.0
2546158.126,2016.0,-25.0,-25.0,4.75,0.0,-0.20739485323429108,4.0,11.0,1.0,2016.0,0.0,0.0,0.0,0.0
2546169.125,2016.0,-28.0,-28.0,5.319999694824219,0.0,0.7237142324447632,6.0,11.0,2.0,2016.0,0.0,0.0,0.0,0.0
2546179.126,2016.0,-25.0,-25.0,4.75,0.0,-0.28484272956848145,4.0,11.0,0.0,2016.0,0.0,0.0,0.0,0.0
2546189.126,2016.0,-24.0,-24.0,4.559999942779541,0.0,-0.5421162843704224,4.0,11.0,1.0,2016.0,0.0,0.0,0.0,0.0
2546199.127,2016.0,-24.0,-24.0,4.559999942779541,0.0,-0.46079885959625244,4.0,11.0,1.0,2016.0,0.0,0.0,0.0,0.0
2546209.927,2015.0,-28.0,-28.0,5.319999694824219,0.0,0.8083207607269287,6.0,11.0,0.0,2016.0,0.0,0.0,0.0,0.0
2546219.927,2016.0,-26.0,-26.0,4.940000057220459,0.0,0.08707275986671448,5.0,11.0,-1.0,2016.0,0.0,0.0,0.0,0.0
2546230.125,2016.0,-28.0,-28.0,5.319999694824219,0.0,0.674011766910553,5.0,11.0,0.0,2016.0,0.0,0.0,0.0,0.0
2546240.126,2016.0,-29.0,-29.0,5.509999752044678,0.0,0.8729099631309509,6.0,11.0,-2.0,2016.0,0.0,0.0,0.0,0.0
2546250.127,2016.0,-32.0,-32.0,6.079999923706055,0.0,1.6419733762741089,7.0,11.0,1.0,2016.0,0.0,0.0,0.0,0.0
2546260.127,2016.0,-28.0,-28.0,5.319999694824219,0.0,0.19567759335041046,5.0,11.0,0.0,2016.0,0.0,0.0,0.0,0.0
2546270.127,2016.0,-29.0,-29.0,5.509999752044678,0.0,0.46632590889930725,5.0,11.0,-3.0,2016.0,0.0,0.0,0.0,0.0
2546280.128,2016.0,-30.0,-30.0,5.699999809265137,0.0,0.6963769793510437,6.0,11.0,-7.0,2016.0,0.0,0.0,0.0,0.0
2546290.129,2016.0,-29.0,-29.0,5.509999752044678,0.0,0.2919204831123352,5.0,11.0,-2.0,2016.0,0.0,0.0,0.0,0.0
2546301.125,2015.0,-29.0,-29.0,5.509999752044678,0.0,0.24813242256641388,5.0,11.0,-5.0,2016.0,0.0,0.0,0.0,0.0
2546311.126,2016.0,-27.0,-27.0,5.130000114440918,0.0,-0.38908734917640686,4.0,11.0,-2.0,2016.0,0.0,0.0,0.0,0.0
2546322.125,2016.0,-27.0,-27.0,5.130000114440918,0.0,-0.3307242691516876,4.0,11.0,-2.0,2016.0,0.0,0.0,0.0,0.0
2546332.126,2016.0,-26.0,-26.0,4.940000057220459,0.0,-0.5811156034469604,4.0,11.0,2.0,2016.0,0.0,0.0,0.0,0.0
2546342.127,2016.0,-27.0,-27.0,5.130000114440918,0.0,-0.19394832849502563,4.0,11.0,-1.0,2016.0,0.0,0.0,0.0,0.0
2546353.125,2016.0,-26.0,-26.0,4.940000057220459,0.0,-0.46485602855682373,4.0,11.0,-2.0,2016.0,0.0,0.0,0.0,0.0
2546363.125,2016.0,-27.0,-27.0,5.130000114440918,0.0,-0.09512767940759659,5.0,11.0,1.0,2016.0,0.0,0.0,0.0,0.0
2546373.125,2016.0,-27.0,-27.0,5.130000114440918,0.0,-0.08085852861404419,5.0,11.0,0.0,2016.0,0.0,0.0,0.0,0.0
2546384.125,2016.0,-27.0,-27.0,5.130000114440918,0.0,-0.05842028930783272,5.0,11.0,0.0,2016.0,0.0,0.0,0.0,0.0
2546394.126,2016.0,-26.0,-26.0,4.940000057220459,0.0,-0.34965720772743225,4.0,11.0,0.0,2016.0,0.0,0.0,0.0,0.0
2546404.942,2016.0,-24.0,-24.0,4.559999942779541,0.0,-0.8972085118293762,3.0,11.0,2.0,2016.0,0.0,0.0,0.0,0.0
2546414.942,2016.0,-24.0,-24.0,4.559999942779541,0.0,-0.7626272439956665,3.0,11.0,-2.0,2016.0,0.0,0.0,0.0,0.0
2546425.126,2016.0,-24.0,-24.0,4.559999942779541,0.0,-0.64823317527771,3.0,11.0,2.0,2016.0,0.0,0.0,0.0,0.0
2546435.127,2016.0,-23.0,-23.0,4.369999885559082,0.0,-0.8509981632232666,3.0,11.0,0.0,2016.0,0.0,0.0,0.0,0.0
2546446.125,2016.0,-24.0,-24.0,4.559999942779541,0.0,-0.4233485162258148,4.0,11.0,1.0,2016.0,0.0,0.0,0.0,0.0
2546457.125,2016.0,-25.0,-25.0,4.75,0.0,-0.05984629690647125,4.0,11.0,-3.0,2016.0,0.0,0.0,0.0,0.0
2546467.126,2016.0,-24.0,-24.0,4.559999942779541,0.0,-0.3508692979812622,4.0,11.0,0.0,2016.0,0.0,0.0,0.0,0.0
2546477.126,2016.0,-26.0,-26.0,4.940000057220459,0.0,0.3017610013484955,5.0,11.0,-5.0,2016.0,0.0,0.0,0.0,0.0
2546487.127,2016.0,-23.0,-23.0,4.369999885559082,0.0,-0.6435030102729797,3.0,11.0,0.0,2016.0,0.0,0.0,0.0,0.0
2546497.127,2016.0,-22.0,-22.0,4.179999828338623,0.0,-0.8469775319099426,3.0,11.0,1.0,2016.0,0.0,0.0,0.0,0.0
2546508.125,2016.0,-19.0,-19.0,3.609999895095825,0.0,-1.6199307441711426,1.0,9.0,-2.0,2016.0,0.0,0.0,0.0,0.0
2546518.126,2016.0,-17.0,-17.0,3.2300000190734863,0.0,-1.9769411087036133,1.0,9.0,-1.0,2016.0,0.0,0.0,0.0,0.0
2546529.121,2016.0,-11.0,-11.0,2.0899999141693115,0.0,-3.4803996086120605,-1.0,-9.0,-1.0,2016.0,0.0,0.0,0.0,0.0
2546540.125,2016.0,-17.0,-17.0,3.2300000190734863,0.0,-1.1583399772644043,2.0,11.0,-2.0,2016.0,0.0,0.0,0.0,0.0
2546550.569,2016.0,-12.0,-12.0,2.2799999713897705,0.0,-2.484588861465454,0.0,0.0,-2.0,2016.0,0.0,0.0,0.0,0.0
2546561.125,2016.0,-10.0,-10.0,1.899999976158142,0.0,-2.711900472640991,0.0,0.0,-6.0,2016.0,0.0,0.0,0.0,0.0
2546572.005,2015.0,-10.0,-10.0,1.899999976158142,0.0,-2.3051154613494873,0.0,0.0,-6.0,2016.0,0.0,0.0,0.0,0.0
2546582.006,2015.0,-7.0,-7.0,1.3299999237060547,0.0,-2.8593480587005615,-1.0,-9.0,-1.0,2016.0,0.0,0.0,0.0,0.0
2546592.007,2016.0,-6.0,-6.0,1.1399999856948853,0.0,-2.7304458618164062,-1.0,-9.0,-1.0,2016.0,0.0,0.0,0.0,0.0
2546602.008,2016.0,-5.0,-5.0,0.949999988079071,0.0,-2.6208789348602295,-1.0,-9.0,-4.0,2016.0,0.0,0.0,0.0,0.0
2546612.125,2016.0,-6.0,-6.0,1.1399999856948853,0.0,-1.9277472496032715,0.0,0.0,1.0,2016.0,0.0,0.0,0.0,0.0
2546622.125,2016.0,-3.0,-3.0,0.5699999928474426,0.0,-2.5385849475860596,-1.0,-9.0,-1.0,2016.0,0.0,0.0,0.0,0.0
2546634.098,2016.0,-1.0,-1.0,0.1899999976158142,0.0,-2.7577972412109375,-2.0,-11.0,1.0,2016.0,0.0,0.0,0.0,0.0
2546644.098,2016.0,0.0,0.0,0.0,0.0,-2.644127607345581,-2.0,-11.0,-2.0,2016.0,0.0,0.0,0.0,0.0
2546655.122,2016.0,1.0,1.0,-0.1899999976158142,-0.0,-2.547508478164673,-2.0,-11.0,-6.0,2016.0,0.0,0.0,0.0,0.0
2546665.123,2016.0,0.0,0.0,0.0,0.0,-1.8653823137283325,-1.0,-9.0,0.0,2016.0,0.0,0.0,0.0,0.0
2546676.126,2016.0,1.0,1.0,-0.1899999976158142,-0.0,-1.6027387380599976,-1.0,-9.0,1.0,2016.0,0.0,0.0,0.0,0.0
2546687.126,2016.0,-3.0,-3.0,0.5699999928474426,0.0,-0.16232815384864807,0.0,0.0,-2.0,2016.0,0.0,0.0,0.0,0.0
2546697.127,2016.0,-2.0,-2.0,0.3799999952316284,0.0,-0.4379788935184479,0.0,0.0,0.0,2016.0,0.0,0.0,0.0,0.0
2546707.128,2016.0,-2.0,-2.0,0.3799999952316284,0.0,-0.3722820580005646,0.0,0.0,0.0,2016.0,0.0,0.0,0.0,0.0
2546717.128,2015.0,1.0,1.0,-0.1899999976158142,-0.0,-1.2164396047592163,-1.0,-9.0,-1.0,2016.0,0.0,0.0,0.0,0.0
2546727.129,2015.0,4.0,4.0,-0.7599999904632568,-0.0,-1.9339735507965088,-2.0,-11.0,-2.0,2016.0,0.0,0.0,0.0,0.0
2546738.098,2016.0,5.0,5.0,-0.949999988079071,-0.0,-1.9438774585723877,-2.0,-11.0,-1.0,2016.0,0.0,0.0,0.0,0.0
2546748.099,2016.0,4.0,4.0,-0.7599999904632568,-0.0,-1.3522958755493164,-2.0,-11.0,-2.0,2016.0,0.0,0.0,0.0,0.0
2546759.125,2016.0,8.0,8.0,-1.5199999809265137,-0.0,-2.3494513034820557,-3.0,-11.0,-2.0,2016.0,0.0,0.0,0.0,0.0
2546769.125,2016.0,8.0,8.0,-1.5199999809265137,-0.0,-1.997033715248108,-3.0,-11.0,-2.0,2016.0,0.0,0.0,0.0,0.0
2546780.121,2016.0,11.0,11.0,-2.0899999141693115,-0.0,-2.5974786281585693,-4.0,-11.0,1.0,2016.0,0.0,0.0,0.0,0.0
2546790.121,2016.0,13.0,13.0,-2.4700000286102295,-0.0,-2.807856798171997,-5.0,-11.0,-3.0,2016.0,0.0,0.0,0.0,0.0
2546801.125,2016.0,14.0,14.0,-2.6599998474121094,-0.0,-2.686678409576416,-5.0,-11.0,-4.0,2016.0,0.0,0.0,0.0,0.0
2546811.125,2016.0,15.0,15.0,-2.8499999046325684,-0.0,-2.58367657661438,-5.0,-11.0,-3.0,2016.0,0.0,0.0,0.0,0.0
2546821.126,2016.0,17.0,17.0,-3.2300000190734863,-0.0,-2.7961251735687256,-6.0,-11.0,2.0,2016.0,0.0,0.0,0.0,0.0
2546832.125,2016.0,20.0,20.0,-3.799999952316284,-0.0,-3.2767062187194824,-7.0,-11.0,-1.0,2016.0,0.0,0.0,0.0,0.0
2546842.126,2016.0,20.0,20.0,-3.799999952316284,-0.0,-2.785200357437134,-6.0,-11.0,-1.0,2016.0,0.0,0.0,0.0,0.0
2546852.126,2016.0,19.0,19.0,-3.609999895095825,-0.0,-2.067420482635498,-5.0,-11.0,5.0,2016.0,0.0,0.0,0.0,0.0
2546862.126,2016.0,22.0,22.0,-4.179999828338623,-0.0,-2.6573073863983154,-6.0,-11.0,2.0,2016.0,0.0,0.0,0.0,0.0
2546872.127,2016.0,26.0,26.0,-4.940000057220459,-0.0,-3.4587111473083496,-8.0,-11.0,1.0,2016.0,0.0,0.0,0.0,0.0
2546883.125,2016.0,24.0,24.0,-4.559999942779541,-0.0,-2.339904546737671,-6.0,-11.0,3.0,2016.0,0.0,0.0,0.0,0.0
2546894.126,2016.0,28.0,28.0,-5.319999694824219,-0.0,-3.1889188289642334,-8.0,-11.0,2.0,2016.0,0.0,0.0,0.0,0.0
2546905.125,2016.0,29.0,29.0,-5.509999752044678,-0.0,-3.0105810165405273,-8.0,-11.0,-1.0,2016.0,0.0,0.0,0.0,0.0
2546915.125,2016.0,32.0,32.0,-6.079999923706055,-0.0,-3.458993911743164,-9.0,-11.0,-1.0,2016.0,0.0,0.0,0.0,0.0
2546925.126,2016.0,37.0,37.0,-7.029999732971191,-0.0,-4.4401445388793945,-11.0,-11.0,-1.0,2016.0,0.0,0.0,0.0,0.0
2546935.126,2016.0,37.0,37.0,-7.029999732971191,-0.0,-3.774122953414917,-10.0,-11.0,-1.0,2016.0,0.0,0.0,0.0,0.0
2546945.127,2016.0,46.0,46.0,-8.739999771118164,-0.0,-5.908004283905029,-14.0,-14.0,-2.0,2016.0,0.0,0.0,0.0,0.0
2546955.128,2016.0,50.0,50.0,-9.5,-0.0,-6.221803665161133,-15.0,-15.0,-3.0,2016.0,0.0,0.0,0.0,0.0
2546965.128,2015.0,63.0,63.0,-11.970000267028809,-0.0,-9.188532829284668,-21.0,-21.0,2.0,2016.0,0.0,0.0,0.0,0.0
2546976.125,2016.0,63.0,63.0,-11.970000267028809,-0.0,-7.810253143310547,-19.0,-19.0,1.0,2016.0,0.0,0.0,0.0,0.0
2546986.125,2016.0,67.0,67.0,-12.729999542236328,-0.0,-7.838715076446533,-20.0,-20.0,-1.0,2016.0,0.0,0.0,0.0,0.0
2546997.098,2016.0,78.0,78.0,-14.819999694824219,-0.0,-9.962907791137695,-24.0,-24.0,-1.0,2016.0,0.0,0.0,0.0,0.0
2547007.098,2016.0,79.0,79.0,-15.010000228881836,-0.0,-8.768471717834473,-23.0,-23.0,0.0,2016.0,0.0,0.0,0.0,0.0
2547017.255,2016.0,77.0,77.0,-14.630000114440918,-0.0,-6.853201389312744,-21.0,-21.0,2.0,2016.0,0.0,0.0,0.0,0.0
2547027.304,2016.0,87.0,87.0,-16.530000686645508,-0.0,-8.825221061706543,-25.0,-25.0,0.0,2016.0,0.0,0.0,0.0,0.0
2547038.125,2016.0,95.0,95.0,-18.049999237060547,-0.0,-9.901437759399414,-27.0,-27.0,0.0,2016.0,0.0,0.0,0.0,0.0
2547048.126,2016.0,92.0,92.0,-17.479999542236328,-0.0,-7.5162224769592285,-24.0,-24.0,0.0,2016.0,0.0,0.0,0.0,0.0
2547059.125,2016.0,103.0,103.0,-19.56999969482422,-0.0,-8.640470504760742,-28.0,-28.0,1.0,2016.0,0.0,0.0,0.0,0.0
2547069.125,2016.0,103.0,103.0,-19.56999969482422,-0.0,-7.344399929046631,-26.0,-26.0,3.0,2016.0,0.0,0.0,0.0,0.0
2547079.126,2016.0,103.0,103.0,-19.56999969482422,-0.0,-6.242740154266357,-25.0,-25.0,2.0,2016.0,0.0,0.0,0.0,0.0
2547090.125,2016.0,104.0,104.0,-19.760000228881836,-0.0,-5.606329441070557,-25.0,-25.0,2.0,2016.0,0.0,0.0,0.0,0.0
2547101.137,2016.0,100.0,100.0,-19.0,-0.0,-3.565380334854126,-22.0,-22.0,-2.0,2016.0,0.0,0.0,0.0,0.0
2547111.137,2016.0,101.0,101.0,-19.190000534057617,-0.0,-3.330573320388794,-22.0,-22.0,-1.0,2016.0,0.0,0.0,0.0,0.0
2547121.138,2016.0,96.0,96.0,-18.239999771118164,-0.0,-1.3309876918792725,-19.0,-19.0,2.0,2016.0,0.0,0.0,0.0,0.0
2547131.139,2016.0,96.0,96.0,-18.239999771118164,-0.0,-1.1313395500183105,-19.0,-19.0,2.0,2016.0,0.0,0.0,0.0,0.0
2547141.14,2016.0,97.0,97.0,-18.43000030517578,-0.0,-1.2616386413574219,-19.0,-19.0,2.0,2016.0,0.0,0.0,0.0,0.0
2547152.125,2015.0,93.0,93.0,-17.670000076293945,-0.0,0.12760692834854126,-17.0,-17.0,4.0,2016.0,0.0,0.0,0.0,0.0
2547162.126,2016.0,93.0,93.0,-17.670000076293945,-0.0,0.10846589505672455,-17.0,-17.0,4.0,2016.0,0.0,0.0,0.0,0.0
2547173.125,2016.0,93.0,93.0,-17.670000076293945,-0.0,0.0921960100531578,-17.0,-17.0,-1.0,2016.0,0.0,0.0,0.0,0.0
2547184.319,2016.0,91.0,91.0,-17.28999900817871,-0.0,0.6783665418624878,-16.0,-16.0,2.0,2016.0,0.0,0.0,0.0,0.0
2547195.125,2016.0,92.0,92.0,-17.479999542236328,-0.0,0.2766116261482239,-17.0,-17.0,2.0,2016.0,0.0,0.0,0.0,0.0
2547205.125,2016.0,96.0,96.0,-18.239999771118164,-0.0,-0.9648799300193787,-19.0,-19.0,0.0,2016.0,0.0,0.0,0.0,0.0
2547216.125,2016.0,93.0,93.0,-17.670000076293945,-0.0,0.079851895570755,-17.0,-17.0,1.0,2016.0,0.0,0.0,0.0,0.0
2547226.126,2016.0,94.0,94.0,-17.860000610351562,-0.0,-0.23212583363056183,-18.0,-18.0,2.0,2016.0,0.0,0.0,0.0,0.0
2547236.127,2016.0,98.0,98.0,-18.619998931884766,-0.0,-1.3973067998886108,-20.0,-20.0,2.0,2016.0,0.0,0.0,0.0,0.0
2547246.127,2016.0,95.0,95.0,-18.049999237060547,-0.0,-0.287710964679718,-18.0,-18.0,1.0,2016.0,0.0,0.0,0.0,0.0
2547256.127,2016.0,98.0,98.0,-18.619998931884766,-0.0,-1.1445541381835938,-19.0,-19.0,1.0,2016.0,0.0,0.0,0.0,0.0
2547266.128,2016.0,101.0,101.0,-19.190000534057617,-0.0,-1.872870922088623,-21.0,-21.0,-1.0,2016.0,0.0,0.0,0.0,0.0
2547276.128,2016.0,102.0,102.0,-19.3799991607666,-0.0,-1.8919402360916138,-21.0,-21.0,0.0,2016.0,0.0,0.0,0.0,0.0
2547287.121,2016.0,101.0,101.0,-19.190000534057617,-0.0,-1.3081493377685547,-20.0,-20.0,3.0,2016.0,0.0,0.0,0.0,0.0
2547297.121,2016.0,103.0,103.0,-19.56999969482422,-0.0,-1.711926817893982,-21.0,-21.0,4.0,2016.0,0.0,0.0,0.0,0.0
2547308.342,2016.0,103.0,103.0,-19.56999969482422,-0.0,-1.455137848854065,-21.0,-21.0,1.0,2016.0,0.0,0.0,0.0,0.0
2547319.125,2016.0,99.0,99.0,-18.809999465942383,-0.0,-0.036867398768663406,-18.0,-18.0,4.0,2016.0,0.0,0.0,0.0,0.0
2547330.126,2016.0,99.0,95.0,-18.049999237060547,-0.0,1.1686625480651855,-16.0,-16.0,2.0,2016.0,0.0,0.0,0.0,0.0
2547340.127,2016.0,99.0,99.0,-18.809999465942383,-0.0,-0.20663662254810333,-19.0,-19.0,2.0,2016.0,0.0,0.0,0.0,0.0
2547350.127,2016.0,99.0,99.0,-18.809999465942383,-0.0,-0.17564113438129425,-18.0,-18.0,2.0,2016.0,0.0,0.0,0.0,0.0
2547360.127,2015.0,99.0,99.0,-18.809999465942383,-0.0,-0.14929497241973877,-18.0,-18.0,2.0,2016.0,0.0,0.0,0.0,0.0
2547371.125,2016.0,99.0,99.0,-18.809999465942383,-0.0,-0.017865654081106186,-18.0,-18.0,1.0,2016.0,0.0,0.0,0.0,0.0
2547381.126,2016.0,96.0,96.0,-18.239999771118164,-0.0,0.8848140239715576,-17.0,-17.0,3.0,2016.0,0.0,0.0,0.0,0.0
2547391.221,2016.0,99.0,99.0,-18.809999465942383,-0.0,-0.14790791273117065,-18.0,-18.0,3.0,2016.0,0.0,0.0,0.0,0.0
2547401.221,2016.0,102.0,102.0,-19.3799991607666,-0.0,-1.025721549987793,-20.0,-20.0,0.0,2016.0,0.0,0.0,0.0,0.0
2547411.222,2016.0,101.0,101.0,-19.190000534057617,-0.0,-0.5718634128570557,-19.0,-19.0,1.0,2016.0,0.0,0.0,0.0,0.0
2547422.355,2016.0,99.0,99.0,-18.809999465942383,-0.0,0.11391598731279373,-18.0,-18.0,4.0,2016.0,0.0,0.0,0.0,0.0
2547432.355,2016.0,102.0,102.0,-19.3799991607666,-0.0,-0.8031712770462036,-20.0,-20.0,3.0,2016.0,0.0,0.0,0.0,0.0
2547443.125,2016.0,96.0,96.0,-18.239999771118164,-0.0,1.1173040866851807,-17.0,-17.0,3.0,2016.0,0.0,0.0,0.0,0.0
2547453.125,2016.0,96.0,96.0,-18.239999771118164,-0.0,0.9497085213661194,-17.0,-17.0,3.0,2016.0,0.0,0.0,0.0,0.0
2547464.125,2016.0,93.0,93.0,-17.670000076293945,-0.0,1.7072521448135376,-15.0,-15.0,1.0,2016.0,0.0,0.0,0.0,0.0
2547475.125,2016.0,92.0,92.0,-17.479999542236328,-0.0,1.7511643171310425,-15.0,-15.0,1.0,2016.0,0.0,0.0,0.0,0.0
2547486.125,2016.0,86.0,86.0,-16.34000015258789,-0.0,3.28848934173584,-13.0,-13.0,2.0,2016.0,0.0,0.0,0.0,0.0
2547496.126,2016.0,87.0,87.0,-16.530000686645508,-0.0,2.495216131210327,-14.0,-14.0,-1.0,2016.0,0.0,0.0,0.0,0.0
2547506.126,2016.0,84.0,84.0,-15.960000038146973,-0.0,3.0209336280822754,-12.0,-12.0,1.0,2016.0,0.0,0.0,0.0,0.0
2547517.125,2016.0,82.0,82.0,-15.579999923706055,-0.0,3.1677935123443604,-12.0,-12.0,1.0,2016.0,0.0,0.0,0.0,0.0
2547528.097,2016.0,80.0,80.0,-15.199999809265137,-0.0,3.2926244735717773,-11.0,-11.0,-1.0,2016.0,0.0,0.0,0.0,0.0
2547539.125,2016.0,80.0,80.0,-15.199999809265137,-0.0,2.7987308502197266,-12.0,-12.0,-1.0,2016.0,0.0,0.0,0.0,0.0
2547550.125,2016.0,75.0,75.0,-14.25,-0.0,3.8789210319519043,-10.0,-11.0,2.0,2016.0,0.0,0.0,0.0,0.0
2547561.125,2016.0,75.0,75.0,-14.25,-0.0,3.2970829010009766,-10.0,-11.0,2.0,2016.0,0.0,0.0,0.0,0.0
2547572.126,2016.0,63.0,63.0,-11.970000267028809,-0.0,5.532142162322998,-6.0,-11.0,1.0,2016.0,0.0,0.0,0.0,0.0
2547583.27,2016.0,60.0,60.0,-11.399999618530273,-0.0,5.602320671081543,-5.0,-11.0,2.0,2016.0,0.0,0.0,0.0,0.0
2547593.677,2016.0,54.0,54.0,-10.260000228881836,-0.0,6.561972618103027,-3.0,-11.0,2.0,2016.0,0.0,0.0,0.0,0.0
2547604.125,2016.0,52.0,52.0,-9.880000114440918,-0.0,6.177676677703857,-3.0,-11.0,-1.0,2016.0,0.0,0.0,0.0,0.0
2547614.125,2016.0,45.0,45.0,-8.550000190734863,-0.0,7.351025104522705,-1.0,-9.0,-2.0,2016.0,0.0,0.0,0.0,0.0
2547624.125,2016.0,44.0,44.0,-8.359999656677246,-0.0,6.548371315002441,-1.0,-9.0,0.0,2016.0,0.0,0.0,0.0,0.0
2547634.77,2015.0,43.0,43.0,-8.170000076293945,-0.0,5.866115570068359,-2.0,-11.0,3.0,2016.0,0.0,0.0,0.0,0.0
2547645.126,2016.0,36.0,36.0,-6.840000152587891,-0.0,7.086197853088379,0.0,0.0,-1.0,2016.0,0.0,0.0,0.0,0.0
2547656.125,2016.0,35.0,35.0,-6.650000095367432,-0.0,6.323268413543701,0.0,0.0,3.0,2016.0,0.0,0.0,0.0,0.0
2547666.125,2016.0,32.0,32.0,-6.079999923706055,-0.0,6.274778366088867,0.0,0.0,0.0,2016.0,0.0,0.0,0.0,0.0
2547676.126,2016.0,26.0,26.0,-4.940000057220459,-0.0,7.133561611175537,2.0,11.0,1.0,2016.0,0.0,0.0,0.0,0.0
2547687.125,2016.0,23.0,23.0,-4.369999885559082,-0.0,6.963527202606201,2.0,11.0,1.0,2016.0,0.0,0.0,0.0,0.0
2547698.125,2016.0,19.0,19.0,-3.609999895095825,-0.0,7.118998050689697,3.0,11.0,0.0,2016.0,0.0,0.0,0.0,0.0
2547708.444,2016.0,19.0,19.0,-3.609999895095825,-0.0,6.051148414611816,2.0,11.0,0.0,2016.0,0.0,0.0,0.0,0.0
2547718.445,2016.0,15.0,15.0,-2.8499999046325684,-0.0,6.343476295471191,3.0,11.0,-3.0,2016.0,0.0,0.0,0.0,0.0
2547728.446,2016.0,13.0,13.0,-2.4700000286102295,-0.0,5.991954803466797,3.0,11.0,4.0,2016.0,0.0,0.0,0.0,0.0
2547738.867,2016.0,11.0,11.0,-2.0899999141693115,-0.0,5.693161487579346,3.0,11.0,2.0,2016.0,0.0,0.0,0.0,0.0
2547749.126,2016.0,9.0,9.0,-1.7100000381469727,-0.0,5.439187526702881,3.0,11.0,0.0,2016.0,0.0,0.0,0.0,0.0
2547759.126,2016.0,11.0,11.0,-2.0899999141693115,-0.0,4.023309707641602,1.0,9.0,3.0,2016.0,0.0,0.0,0.0,0.0
2547769.737,2016.0,8.0,8.0,-1.5199999809265137,-0.0,4.319813251495361,2.0,11.0,1.0,2016.0,0.0,0.0,0.0,0.0
2547779.737,2016.0,5.0,5.0,-0.949999988079071,-0.0,4.571841239929199,3.0,11.0,1.0,2016.0,0.0,0.0,0.0,0.0
2547789.737,2016.0,3.0,3.0,-0.5699999928474426,-0.0,4.486064910888672,3.0,11.0,1.0,2016.0,0.0,0.0,0.0,0.0
2547800.125,2016.0,0.0,0.0,0.0,0.0,4.713155269622803,4.0,11.0,4.0,2016.0,0.0,0.0,0.0,0.0
2547811.243,2016.0,0.0,0.0,0.0,0.0,4.0061821937561035,4.0,11.0,0.0,2016.0,0.0,0.0,0.0,0.0
2547821.243,2016.0,-3.0,-3.0,0.5699999928474426,0.0,4.305254936218262,4.0,11.0,1.0,2016.0,0.0,0.0,0.0,0.0
2547831.243,2016.0,-3.0,-3.0,0.5699999928474426,0.0,3.6594667434692383,4.0,11.0,2.0,2016.0,0.0,0.0,0.0,0.0
2547841.243,2016.0,-9.0,-9.0,1.7100000381469727,0.0,4.91054630279541,6.0,11.0,1.0,2016.0,0.0,0.0,0.0,0.0
2547852.098,2016.0,-9.0,-9.0,1.7100000381469727,0.0,4.173964500427246,5.0,11.0,1.0,2016.0,0.0,0.0,0.0,0.0
2547862.099,2016.0,-13.0,-13.0,2.4700000286102295,0.0,4.747869968414307,7.0,11.0,2.0,2016.0,0.0,0.0,0.0,0.0
2547873.125,2016.0,-15.0,-15.0,2.8499999046325684,0.0,4.6356892585754395,7.0,11.0,2.0,2016.0,0.0,0.0,0.0,0.0
2547883.554,2016.0,-14.0,-14.0,2.6599998474121094,0.0,3.640336036682129,6.0,11.0,4.0,2016.0,0.0,0.0,0.0,0.0
2547894.125,2016.0,-17.0,-17.0,3.2300000190734863,0.0,3.9942855834960938,7.0,11.0,4.0,2016.0,0.0,0.0,0.0,0.0
2547905.134,2016.0,-22.0,-22.0,4.179999828338623,0.0,4.250871181488037,8.0,11.0,3.0,2016.0,0.0,0.0,0.0,0.0
2547916.125,2016.0,-22.0,-22.0,4.179999828338623,0.0,3.6132407188415527,7.0,11.0,4.0,2016.0,0.0,0.0,0.0,0.0
2547927.125,2016.0,-27.0,-27.0,5.130000114440918,0.0,4.571254253387451,9.0,11.0,1.0,2016.0,0.0,0.0,0.0,0.0
2547937.99,2016.0,-29.0,-29.0,5.509999752044678,0.0,4.485566139221191,9.0,11.0,2.0,2016.0,0.0,0.0,0.0,0.0
2547947.991,2016.0,-32.0,-32.0,6.079999923706055,0.0,4.71273136138916,10.0,11.0,4.0,2016.0,0.0,0.0,0.0,0.0
2547958.125,2016.0,-31.0,-31.0,5.889999866485596,0.0,3.7058217525482178,9.0,11.0,0.0,2016.0,0.0,0.0,0.0,0.0
2547968.125,2016.0,-36.0,-36.0,6.840000152587891,0.0,4.6499481201171875,11.0,11.0,1.0,2016.0,0.0,0.0,0.0,0.0
2547979.125,2016.0,-35.0,-35.0,6.650000095367432,0.0,3.652456045150757,10.0,11.0,-1.0,2016.0,0.0,0.0,0.0,0.0
2547989.946,2016.0,-40.0,-40.0,7.599999904632568,0.0,4.604587554931641,12.0,12.0,-1.0,2016.0,0.0,0.0,0.0,0.0
2548000.125,2016.0,-45.0,-45.0,8.550000190734863,0.0,5.4138994216918945,13.0,13.0,0.0,2016.0,0.0,0.0,0.0,0.0
2548011.125,2016.0,-44.0,-44.0,8.359999656677246,0.0,4.301814556121826,12.0,12.0,1.0,2016.0,0.0,0.0,0.0,0.0
2548022.125,2016.0,-44.0,-44.0,8.359999656677246,0.0,3.6565425395965576,12.0,12.0,1.0,2016.0,0.0,0.0,0.0,0.0
2548032.125,2016.0,-48.0,-48.0,9.119999885559082,0.0,4.308061122894287,13.0,13.0,3.0,2016.0,0.0,0.0,0.0,0.0
2548042.126,2016.0,-52.0,-52.0,9.880000114440918,0.0,4.861851692199707,14.0,14.0,3.0,2016.0,0.0,0.0,0.0,0.0
2548053.125,2016.0,-55.0,-55.0,10.449999809265137,0.0,5.032573699951172,15.0,15.0,5.0,2016.0,0.0,0.0,0.0,0.0
2548064.125,2016.0,-56.0,-56.0,10.639999389648438,0.0,4.577687740325928,15.0,15.0,3.0,2016.0,0.0,0.0,0.0,0.0
2548074.126,2016.0,-59.0,-59.0,11.210000038146973,0.0,4.791034698486328,16.0,16.0,1.0,2016.0,0.0,0.0,0.0,0.0
2548085.098,2016.0,-60.0,-60.0,11.399999618530273,0.0,4.372379779815674,15.0,15.0,3.0,2016.0,0.0,0.0,0.0,0.0
2548096.13,2016.0,-66.0,-66.0,12.539999961853027,0.0,4.779044151306152,17.0,17.0,3.0,2016.0,0.0,0.0,0.0,0.0
2548107.138,2016.0,-69.0,-69.0,13.109999656677246,0.0,4.96218729019165,18.0,18.0,3.0,2016.0,0.0,0.0,0.0,0.0
2548118.139,2016.0,-70.0,-70.0,13.300000190734863,0.0,4.51785945892334,17.0,17.0,-1.0,2016.0,0.0,0.0,0.0,0.0
2548128.139,2016.0,-77.0,-77.0,14.630000114440918,0.0,5.94018030166626,20.0,20.0,1.0,2016.0,0.0,0.0,0.0,0.0
2548138.139,2016.0,-82.0,-82.0,15.579999923706055,0.0,6.5491533279418945,22.0,22.0,4.0,2016.0,0.0,0.0,0.0,0.0
2548148.139,2016.0,-82.0,-82.0,15.579999923706055,0.0,5.5667805671691895,21.0,21.0,0.0,2016.0,0.0,0.0,0.0,0.0
2548159.125,2016.0,-84.0,-84.0,15.960000038146973,0.0,5.331763744354248,21.0,21.0,0.0,2016.0,0.0,0.0,0.0,0.0
2548169.126,2016.0,-90.0,-90.0,17.100000381469727,0.0,6.331998825073242,23.0,23.0,-2.0,2016.0,0.0,0.0,0.0,0.0
2548179.126,2016.0,-94.0,-94.0,17.860000610351562,0.0,6.5821990966796875,24.0,24.0,0.0,2016.0,0.0,0.0,0.0,0.0
2548190.098,2016.0,-94.0,-94.0,17.860000610351562,0.0,5.594869613647461,23.0,23.0,2.0,2016.0,0.0,0.0,0.0,0.0
2548200.099,2016.0,-98.0,-98.0,18.619998931884766,0.0,5.955638885498047,24.0,24.0,1.0,2016.0,0.0,0.0,0.0,0.0
2548211.125,2016.0,-96.0,-96.0,18.239999771118164,0.0,4.4622931480407715,22.0,22.0,0.0,2016.0,0.0,0.0,0.0,0.0
2548221.126,2016.0,-95.0,-95.0,18.049999237060547,0.0,3.4929492473602295,21.0,21.0,2.0,2016.0,0.0,0.0,0.0,0.0
2548231.126,2016.0,-97.0,-97.0,18.43000030517578,0.0,3.56900691986084,21.0,21.0,-2.0,2016.0,0.0,0.0,0.0,0.0
2548241.126,2016.0,-98.0,-98.0,18.619998931884766,0.0,3.333655834197998,21.0,21.0,-1.0,2016.0,0.0,0.0,0.0,0.0
2548251.432,2016.0,-93.0,-93.0,17.670000076293945,0.0,1.333607792854309,19.0,19.0,4.0,2016.0,0.0,0.0,0.0,0.0
2548261.433,2016.0,-90.0,-90.0,17.100000381469727,0.0,0.23356680572032928,17.0,17.0,1.0,2016.0,0.0,0.0,0.0,0.0
2548272.35,2016.0,-90.0,-90.0,17.100000381469727,0.0,0.19853179156780243,17.0,17.0,3.0,2016.0,0.0,0.0,0.0,0.0
2548283.125,2016.0,-84.0,-84.0,15.960000038146973,0.0,-1.631247639656067,14.0,14.0,0.0,2016.0,0.0,0.0,0.0,0.0
2548294.125,2015.0,-82.0,-82.0,15.579999923706055,0.0,-1.9865604639053345,13.0,13.0,3.0,2016.0,0.0,0.0,0.0,0.0
2548304.126,2016.0,-76.0,-76.0,14.4399995803833,0.0,-3.4885761737823486,10.0,11.0,0.0,2016.0,0.0,0.0,0.0,0.0
2548315.125,2016.0,-63.0,-63.0,11.970000267028809,0.0,-6.865289211273193,5.0,11.0,-1.0,2016.0,0.0,0.0,0.0,0.0
2548326.125,2016.0,-64.0,-64.0,12.15999984741211,0.0,-5.535496234893799,6.0,11.0,3.0,2016.0,0.0,0.0,0.0,0.0
2548337.125,2016.0,-51.0,-51.0,9.6899995803833,0.0,-8.605171203613281,1.0,9.0,-1.0,2016.0,0.0,0.0,0.0,0.0
2548348.125,2016.0,-28.0,-28.0,5.319999694824219,0.0,-12.622235298156738,-7.0,-11.0,3.0,2016.0,0.0,0.0,0.0,0.0
2548358.125,2016.0,-27.0,-27.0,5.130000114440918,0.0,-11.028900146484375,-5.0,-11.0,-1.0,2016.0,0.0,0.0,0.0,0.0
2548369.126,2016.0,-13.0,-13.0,2.4700000286102295,0.0,-13.574564933776855,-11.0,-11.0,0.0,2016.0,0.0,0.0,0.0,0.0
2548379.385,2016.0,-3.0,-3.0,0.5699999928474426,0.0,-14.538379669189453,-13.0,-13.0,1.0,2016.0,0.0,0.0,0.0,0.0
2548389.631,2016.0,-6.0,-6.0,1.1399999856948853,0.0,-11.457623481750488,-10.0,-11.0,5.0,2016.0,0.0,0.0,0.0,0.0
2548399.631,2016.0,28.0,28.0,-5.319999694824219,-0.0,-19.93897819519043,-25.0,-25.0,3.0,2016.0,0.0,0.0,0.0,0.0
2548410.126,2016.0,33.0,33.0,-6.269999980926514,-0.0,-18.448131561279297,-24.0,-24.0,0.0,2016.0,0.0,0.0,0.0,0.0
2548421.125,2016.0,44.0,44.0,-8.359999656677246,-0.0,-18.980911254882812,-27.0,-27.0,2.0,2016.0,0.0,0.0,0.0,0.0
2548431.126,2016.0,43.0,43.0,-8.170000076293945,-0.0,-15.833775520324707,-24.0,-24.0,1.0,2016.0,0.0,0.0,0.0,0.0
2548441.127,2016.0,43.0,43.0,-8.170000076293945,-0.0,-13.458709716796875,-21.0,-21.0,4.0,2016.0,0.0,0.0,0.0,0.0
2548451.127,2016.0,40.0,40.0,-7.599999904632568,-0.0,-10.53990364074707,-18.0,-18.0,0.0,2016.0,0.0,0.0,0.0,0.0
2548461.128,2016.0,35.0,35.0,-6.650000095367432,-0.0,-7.458918571472168,-14.0,-14.0,0.0,2016.0,0.0,0.0,0.0,0.0
2548472.121,2016.0,35.0,35.0,-6.650000095367432,-0.0,-6.340080738067627,-12.0,-12.0,1.0,2016.0,0.0,0.0,0.0,0.0
2548483.125,2016.0,38.0,38.0,-7.21999979019165,-0.0,-6.289068698883057,-13.0,-13.0,-4.0,2016.0,0.0,0.0,0.0,0.0
2548494.126,2016.0,35.0,35.0,-6.650000095367432,-0.0,-4.445708751678467,-11.0,-11.0,0.0,2016.0,0.0,0.0,0.0,0.0
2548504.576,2016.0,36.0,36.0,-6.840000152587891,-0.0,-4.078852653503418,-10.0,-11.0,-1.0,2016.0,0.0,0.0,0.0,0.0
2548515.125,2016.0,35.0,35.0,-6.650000095367432,-0.0,-3.167024850845337,-9.0,-11.0,3.0,2016.0,0.0,0.0,0.0,0.0
2548526.125,2016.0,32.0,32.0,-6.079999923706055,-0.0,-1.7919713258743286,-7.0,-11.0,0.0,2016.0,0.0,0.0,0.0,0.0
2548537.125,2016.0,34.0,34.0,-6.460000038146973,-0.0,-2.123175621032715,-8.0,-11.0,-3.0,2016.0,0.0,0.0,0.0,0.0
2548547.125,2016.0,33.0,33.0,-6.269999980926514,-0.0,-1.5046993494033813,-7.0,-11.0,1.0,2016.0,0.0,0.0,0.0,0.0
2548557.125,2016.0,31.0,31.0,-5.889999866485596,-0.0,-0.6789945960044861,-6.0,-11.0,2.0,2016.0,0.0,0.0,0.0,0.0
2548568.212,2016.0,35.0,35.0,-6.650000095367432,-0.0,-1.777145266532898,-8.0,-11.0,2.0,2016.0,0.0,0.0,0.0,0.0
2548578.213,2016.0,31.0,31.0,-5.889999866485596,-0.0,-0.3105736970901489,-6.0,-11.0,2.0,2016.0,0.0,0.0,0.0,0.0
2548588.213,2016.0,36.0,36.0,-6.840000152587891,-0.0,-1.763987421989441,-8.0,-11.0,1.0,2016.0,0.0,0.0,0.0,0.0
2548599.125,2016.0,36.0,36.0,-6.840000152587891,-0.0,-1.499389410018921,-8.0,-11.0,0.0,2016.0,0.0,0.0,0.0,0.0
2548609.125,2016.0,36.0,36.0,-6.840000152587891,-0.0,-1.2744810581207275,-8.0,-11.0,-1.0,2016.0,0.0,0.0,0.0,0.0
2548620.125,2016.0,39.0,39.0,-7.409999847412109,-0.0,-1.6408125162124634,-9.0,-11.0,2.0,2016.0,0.0,0.0,0.0,0.0
2548630.125,2016.0,38.0,38.0,-7.21999979019165,-0.0,-1.0946906805038452,-8.0,-11.0,3.0,2016.0,0.0,0.0,0.0,0.0
2548641.125,2016.0,38.0,38.0,-7.21999979019165,-0.0,-0.9304870963096619,-8.0,-11.0,1.0,2016.0,0.0,0.0,0.0,0.0
2548651.125,2016.0,38.0,38.0,-7.21999979019165,-0.0,-0.7909140586853027,-8.0,-11.0,1.0,2016.0,0.0,0.0,0.0,0.0
2548662.125,2016.0,36.0,36.0,-6.840000152587891,-0.0,-0.07227706164121628,-6.0,-11.0,2.0,2016.0,0.0,0.0,0.0,0.0
2548673.125,2015.0,38.0,38.0,-7.21999979019165,-0.0,-0.6614354252815247,-7.0,-11.0,-2.0,2016.0,0.0,0.0,0.0,0.0
2548683.127,2016.0,41.0,41.0,-7.789999961853027,-0.0,-1.4622199535369873,-9.0,-11.0,0.0,2016.0,0.0,0.0,0.0,0.0
2548694.125,2016.0,35.0,35.0,-6.650000095367432,-0.0,0.5571126937866211,-6.0,-11.0,1.0,2016.0,0.0,0.0,0.0,0.0
2548704.126,2016.0,37.0,37.0,-7.029999732971191,-0.0,-0.12645410001277924,-7.0,-11.0,-1.0,2016.0,0.0,0.0,0.0,0.0
2548714.127,2016.0,36.0,36.0,-6.840000152587891,-0.0,0.19251395761966705,-6.0,-11.0,1.0,2016.0,0.0,0.0,0.0,0.0
2548725.125,2016.0,35.0,35.0,-6.650000095367432,-0.0,0.4636368155479431,-6.0,-11.0,-1.0,2016.0,0.0,0.0,0.0,0.0
2548735.439,2016.0,35.0,35.0,-6.650000095367432,-0.0,0.39409130811691284,-6.0,-11.0,1.0,2016.0,0.0,0.0,0.0,0.0
2548745.44,2016.0,34.0,34.0,-6.460000038146973,-0.0,0.6349775791168213,-5.0,-11.0,-1.0,2016.0,0.0,0.0,0.0,0.0
2548756.125,2016.0,35.0,35.0,-6.650000095367432,-0.0,0.23973099887371063,-6.0,-11.0,2.0,2016.0,0.0,0.0,0.0,0.0
2548766.241,2016.0,37.0,37.0,-7.029999732971191,-0.0,-0.396228551864624,-7.0,-11.0,2.0,2016.0,0.0,0.0,0.0,0.0
2548777.125,2016.0,36.0,36.0,-6.840000152587891,-0.0,-0.036794327199459076,-6.0,-11.0,-2.0,2016.0,0.0,0.0,0.0,0.0
2548787.126,2016.0,36.0,36.0,-6.840000152587891,-0.0,-0.031275179237127304,-6.0,-11.0,-2.0,2016.0,0.0,0.0,0.0,0.0
2548797.126,2016.0,37.0,37.0,-7.029999732971191,-0.0,-0.3265838623046875,-7.0,-11.0,-5.0,2016.0,0.0,0.0,0.0,0.0
2548807.127,2016.0,37.0,37.0,-7.029999732971191,-0.0,-0.27759629487991333,-7.0,-11.0,1.0,2016.0,0.0,0.0,0.0,0.0
2548817.128,2016.0,37.0,37.0,-7.029999732971191,-0.0,-0.23595686256885529,-7.0,-11.0,1.0,2016.0,0.0,0.0,0.0,0.0
2548827.129,2016.0,37.0,37.0,-7.029999732971191,-0.0,-0.20056334137916565,-7.0,-11.0,3.0,2016.0,0.0,0.0,0.0,0.0
2548838.125,2016.0,39.0,39.0,-7.409999847412109,-0.0,-0.7704787254333496,-8.0,-11.0,1.0,2016.0,0.0,0.0,0.0,0.0
2548848.141,2016.0,37.0,37.0,-7.029999732971191,-0.0,-0.05490703135728836,-7.0,-11.0,2.0,2016.0,0.0,0.0,0.0,0.0
2548858.141,2016.0,34.0,34.0,-6.460000038146973,-0.0,0.8533288836479187,-5.0,-11.0,0.0,2016.0,0.0,0.0,0.0,0.0
2548868.142,2016.0,39.0,39.0,-7.409999847412109,-0.0,-0.7746701836585999,-8.0,-11.0,1.0,2016.0,0.0,0.0,0.0,0.0
2548878.143,2016.0,36.0,36.0,-6.840000152587891,-0.0,0.241530179977417,-6.0,-11.0,1.0,2016.0,0.0,0.0,0.0,0.0
2548888.143,2016.0,34.0,34.0,-6.460000038146973,-0.0,0.8053005337715149,-5.0,-11.0,-1.0,2016.0,0.0,0.0,0.0,0.0
2548898.146,2016.0,35.0,35.0,-6.650000095367432,-0.0,0.3845055103302002,-6.0,-11.0,3.0,2016.0,0.0,0.0,0.0,0.0
2548908.147,2016.0,36.0,36.0,-6.840000152587891,-0.0,0.026829740032553673,-6.0,-11.0,4.0,2016.0,0.0,0.0,0.0,0.0
2548918.148,2015.0,32.0,32.0,-6.079999923706055,-0.0,1.222805142402649,-4.0,-11.0,1.0,2016.0,0.0,0.0,0.0,0.0
2548929.125,2016.0,32.0,32.0,-6.079999923706055,-0.0,1.039384365081787,-5.0,-11.0,3.0,2016.0,0.0,0.0,0.0,0.0
2548940.125,2016.0,30.0,30.0,-5.699999809265137,-0.0,1.4834766387939453,-4.0,-11.0,-2.0,2016.0,0.0,0.0,0.0,0.0
2548950.125,2016.0,33.0,33.0,-6.269999980926514,-0.0,0.3609553277492523,-5.0,-11.0,3.0,2016.0,0.0,0.0,0.0,0.0
2548961.125,2016.0,35.0,35.0,-6.650000095367432,-0.0,-0.29318785667419434,-6.0,-11.0,3.0,2016.0,0.0,0.0,0.0,0.0
2548972.125,2016.0,36.0,36.0,-6.840000152587891,-0.0,-0.5492096543312073,-7.0,-11.0,2.0,2016.0,0.0,0.0,0.0,0.0
2548982.126,2016.0,33.0,33.0,-6.269999980926514,-0.0,0.4331716299057007,-5.0,-11.0,1.0,2016.0,0.0,0.0,0.0,0.0
2548993.125,2016.0,35.0,35.0,-6.650000095367432,-0.0,-0.24203339219093323,-6.0,-11.0,2.0,2016.0,0.0,0.0,0.0,0.0
2549003.126,2016.0,34.0,34.0,-6.460000038146973,-0.0,0.09427156299352646,-6.0,-11.0,4.0,2016.0,0.0,0.0,0.0,0.0
2549013.983,2016.0,37.0,37.0,-7.029999732971191,-0.0,-0.8198690414428711,-7.0,-11.0,2.0,2016.0,0.0,0.0,0.0,0.0
2549023.984,2016.0,37.0,37.0,-7.029999732971191,-0.0,-0.6968886852264404,-7.0,-11.0,-2.0,2016.0,0.0,0.0,0.0,0.0
2549033.984,2016.0,41.0,41.0,-7.789999961853027,-0.0,-1.7923551797866821,-9.0,-11.0,0.0,2016.0,0.0,0.0,0.0,0.0
2549044.133,2016.0,40.0,40.0,-7.599999904632568,-0.0,-1.2235020399093628,-8.0,-11.0,0.0,2016.0,0.0,0.0,0.0,0.0
2549054.134,2016.0,40.0,40.0,-7.599999904632568,-0.0,-1.039976716041565,-8.0,-11.0,2.0,2016.0,0.0,0.0,0.0,0.0
2549065.125,2016.0,37.0,37.0,-7.029999732971191,-0.0,0.01601962372660637,-7.0,-11.0,-2.0,2016.0,0.0,0.0,0.0,0.0
2549076.125,2016.0,36.0,36.0,-6.840000152587891,-0.0,0.31361663341522217,-6.0,-11.0,-1.0,2016.0,0.0,0.0,0.0,0.0
2549086.126,2016.0,35.0,35.0,-6.650000095367432,-0.0,0.5665740966796875,-6.0,-11.0,-1.0,2016.0,0.0,0.0,0.0,0.0
2549096.127,2016.0,36.0,36.0,-6.840000152587891,-0.0,0.1815880388021469,-6.0,-11.0,-1.0,2016.0,0.0,0.0,0.0,0.0
2549107.137,2016.0,34.0,34.0,-6.460000038146973,-0.0,0.7543497681617737,-5.0,-11.0,2.0,2016.0,0.0,0.0,0.0,0.0
2549118.125,2016.0,37.0,37.0,-7.029999732971191,-0.0,-0.25880253314971924,-7.0,-11.0,2.0,2016.0,0.0,0.0,0.0,0.0
2549128.126,2015.0,36.0,36.0,-6.840000152587891,-0.0,0.08001779019832611,-6.0,-11.0,2.0,2016.0,0.0,0.0,0.0,0.0
2549139.125,2016.0,35.0,35.0,-6.650000095367432,-0.0,0.3680150806903839,-6.0,-11.0,0.0,2016.0,0.0,0.0,0.0,0.0
2549149.456,2016.0,35.0,35.0,-6.650000095367432,-0.0,0.31281283497810364,-6.0,-11.0,0.0,2016.0,0.0,0.0,0.0,0.0
2549160.125,2016.0,37.0,37.0,-7.029999732971191,-0.0,-0.33410897850990295,-7.0,-11.0,0.0,2016.0,0.0,0.0,0.0,0.0
2549170.126,2016.0,36.0,36.0,-6.840000152587891,-0.0,0.0160073135048151,-6.0,-11.0,0.0,2016.0,0.0,0.0,0.0,0.0
2549180.126,2016.0,37.0,37.0,-7.029999732971191,-0.0,-0.2863937318325043,-7.0,-11.0,1.0,2016.0,0.0,0.0,0.0,0.0
2549190.8,2016.0,35.0,35.0,-6.650000095367432,-0.0,0.3565652370452881,-6.0,-11.0,-1.0,2016.0,0.0,0.0,0.0,0.0
2549200.801,2016.0,39.0,39.0,-7.409999847412109,-0.0,-0.8969193696975708,-8.0,-11.0,4.0,2016.0,0.0,0.0,0.0,0.0
2549211.125,2016.0,39.0,39.0,-7.409999847412109,-0.0,-0.7623814940452576,-8.0,-11.0,4.0,2016.0,0.0,0.0,0.0,0.0
2549222.125,2016.0,34.0,34.0,-6.460000038146973,-0.0,0.8519755005836487,-5.0,-11.0,2.0,2016.0,0.0,0.0,0.0,0.0
2549232.126,2016.0,38.0,38.0,-7.21999979019165,-0.0,-0.4758206009864807,-7.0,-11.0,1.0,2016.0,0.0,0.0,0.0,0.0
2549243.121,2016.0,41.0,41.0,-7.789999961853027,-0.0,-1.3044474124908447,-9.0,-11.0,2.0,2016.0,0.0,0.0,0.0,0.0
2549253.121,2016.0,41.0,41.0,-7.789999961853027,-0.0,-1.1087803840637207,-8.0,-11.0,2.0,2016.0,0.0,0.0,0.0,0.0
2549263.123,2016.0,39.0,39.0,-7.409999847412109,-0.0,-0.3424634337425232,-7.0,-11.0,0.0,2016.0,0.0,0.0,0.0,0.0
2549273.124,2016.0,39.0,39.0,-7.409999847412109,-0.0,-0.2910939157009125,-7.0,-11.0,3.0,2016.0,0.0,0.0,0.0,0.0
2549284.125,2016.0,39.0,39.0,-7.409999847412109,-0.0,-0.24742983281612396,-7.0,-11.0,3.0,2016.0,0.0,0.0,0.0,0.0
2549295.127,2016.0,37.0,37.0,-7.029999732971191,-0.0,0.376231849193573,-6.0,-11.0,2.0,2016.0,0.0,0.0,0.0,0.0
2549305.128,2016.0,41.0,41.0,-7.789999961853027,-0.0,-0.8802027106285095,-8.0,-11.0,2.0,2016.0,0.0,0.0,0.0,0.0
2549316.098,2016.0,37.0,37.0,-7.029999732971191,-0.0,0.4518274962902069,-6.0,-11.0,0.0,2016.0,0.0,0.0,0.0,0.0
2549326.442,2016.0,34.0,34.0,-6.460000038146973,-0.0,1.2840532064437866,-5.0,-11.0,1.0,2016.0,0.0,0.0,0.0,0.0
2549336.442,2016.0,36.0,36.0,-6.840000152587891,-0.0,0.4914453625679016,-6.0,-11.0,0.0,2016.0,0.0,0.0,0.0,0.0
2549346.443,2015.0,35.0,35.0,-6.650000095367432,-0.0,0.7177284955978394,-5.0,-11.0,4.0,2016.0,0.0,0.0,0.0,0.0
2549357.125,2016.0,39.0,39.0,-7.409999847412109,-0.0,-0.5899305939674377,-7.0,-11.0,3.0,2016.0,0.0,0.0,0.0,0.0
2549367.126,2016.0,39.0,39.0,-7.409999847412109,-0.0,-0.5014410018920898,-7.0,-11.0,-1.0,2016.0,0.0,0.0,0.0,0.0
2549377.127,2016.0,37.0,37.0,-7.029999732971191,-0.0,0.17377504706382751,-6.0,-11.0,2.0,2016.0,0.0,0.0,0.0,0.0
2549388.125,2015.0,35.0,35.0,-6.650000095367432,-0.0,0.7477086782455444,-5.0,-11.0,0.0,2016.0,0.0,0.0,0.0,0.0
2549398.366,2016.0,38.0,38.0,-7.21999979019165,-0.0,-0.2644474506378174,-7.0,-11.0,2.0,2016.0,0.0,0.0,0.0,0.0
2549408.366,2016.0,37.0,37.0,-7.029999732971191,-0.0,0.07521961629390717,-6.0,-11.0,0.0,2016.0,0.0,0.0,0.0,0.0
2549418.366,2016.0,39.0,39.0,-7.409999847412109,-0.0,-0.5360632538795471,-7.0,-11.0,3.0,2016.0,0.0,0.0,0.0,0.0
2549429.125,2016.0,32.0,32.0,-6.079999923706055,-0.0,1.6443458795547485,-4.0,-11.0,4.0,2016.0,0.0,0.0,0.0,0.0
2549439.125,2016.0,32.0,32.0,-6.079999923706055,-0.0,1.3976939916610718,-4.0,-11.0,4.0,2016.0,0.0,0.0,0.0,0.0
2549449.125,2016.0,37.0,37.0,-7.029999732971191,-0.0,-0.311959832906723,-7.0,-11.0,-2.0,2016.0,0.0,0.0,0.0,0.0
2549460.126,2016.0,38.0,38.0,-7.21999979019165,-0.0,-0.5651658177375793,-7.0,-11.0,0.0,2016.0,0.0,0.0,0.0,0.0
2549471.125,2016.0,37.0,37.0,-7.029999732971191,-0.0,-0.18039101362228394,-7.0,-11.0,-2.0,2016.0,0.0,0.0,0.0,0.0
2549481.126,2016.0,36.0,36.0,-6.840000152587891,-0.0,0.14666758477687836,-6.0,-11.0,2.0,2016.0,0.0,0.0,0.0,0.0
2549491.126,2016.0,36.0,36.0,-6.840000152587891,-0.0,0.1246674507856369,-6.0,-11.0,2.0,2016.0,0.0,0.0,0.0,0.0
2549502.125,2016.0,37.0,37.0,-7.029999732971191,-0.0,-0.19403260946273804,-7.0,-11.0,2.0,2016.0,0.0,0.0,0.0,0.0
2549512.407,2016.0,37.0,37.0,-7.029999732971191,-0.0,-0.16492772102355957,-7.0,-11.0,0.0,2016.0,0.0,0.0,0.0,0.0
2549523.125,2016.0,34.0,34.0,-6.460000038146973,-0.0,0.759811282157898,-5.0,-11.0,5.0,2016.0,0.0,0.0,0.0,0.0
2549533.126,2016.0,37.0,37.0,-7.029999732971191,-0.0,-0.2541602551937103,-7.0,-11.0,1.0,2016.0,0.0,0.0,0.0,0.0
2549544.125,2016.0,37.0,37.0,-7.029999732971191,-0.0,-0.21603623032569885,-7.0,-11.0,0.0,2016.0,0.0,0.0,0.0,0.0
2549555.0,2016.0,36.0,36.0,-6.840000152587891,-0.0,0.11636915057897568,-6.0,-11.0,0.0,2016.0,0.0,0.0,0.0,0.0
2549565.098,2016.0,40.0,40.0,-7.599999904632568,-0.0,-1.1010860204696655,-8.0,-11.0,2.0,2016.0,0.0,0.0,0.0,0.0
2549575.098,2016.0,40.0,40.0,-7.599999904632568,-0.0,-0.935923159122467,-8.0,-11.0,2.0,2016.0,0.0,0.0,0.0,0.0
2549585.099,2016.0,36.0,36.0,-6.840000152587891,-0.0,0.40446510910987854,-6.0,-11.0,0.0,2016.0,0.0,0.0,0.0,0.0
2549595.1,2016.0,35.0,35.0,-6.650000095367432,-0.0,0.6437953114509583,-6.0,-11.0,0.0,2016.0,0.0,0.0,0.0,0.0
2549606.098,2016.0,36.0,36.0,-6.840000152587891,-0.0,0.2472260743379593,-6.0,-11.0,0.0,2016.0,0.0,0.0,0.0,0.0
2549617.125,2016.0,37.0,37.0,-7.029999732971191,-0.0,-0.0898577868938446,-7.0,-11.0,2.0,2016.0,0.0,0.0,0.0,0.0
2549628.335,2016.0,37.0,37.0,-7.029999732971191,-0.0,0.025077717378735542,-7.0,-11.0,2.0,2016.0,0.0,0.0,0.0,0.0
2549639.125,2016.0,36.0,36.0,-6.840000152587891,-0.0,0.3213160037994385,-6.0,-11.0,2.0,2016.0,0.0,0.0,0.0,0.0
2549649.126,2016.0,37.0,37.0,-7.029999732971191,-0.0,-0.026881340891122818,-7.0,-11.0,3.0,2016.0,0.0,0.0,0.0,0.0
2549659.449,2016.0,37.0,37.0,-7.029999732971191,-0.0,-0.02284914068877697,-7.0,-11.0,2.0,2016.0,0.0,0.0,0.0,0.0
2549670.125,2016.0,35.0,35.0,-6.650000095367432,-0.0,0.5805781483650208,-6.0,-11.0,4.0,2016.0,0.0,0.0,0.0,0.0
2549680.126,2016.0,34.0,34.0,-6.460000038146973,-0.0,0.7934913635253906,-5.0,-11.0,4.0,2016.0,0.0,0.0,0.0,0.0
2549691.125,2016.0,41.0,41.0,-7.789999961853027,-0.0,-1.4255319833755493,-9.0,-11.0,1.0,2016.0,0.0,0.0,0.0,0.0
2549702.125,2016.0,37.0,37.0,-7.029999732971191,-0.0,-0.011702410876750946,-7.0,-11.0,-1.0,2016.0,0.0,0.0,0.0,0.0
2549712.126,2016.0,36.0,36.0,-6.840000152587891,-0.0,0.2900528907775879,-6.0,-11.0,-4.0,2016.0,0.0,0.0,0.0,0.0
2549723.097,2016.0,36.0,36.0,-6.840000152587891,-0.0,0.2465449571609497,-6.0,-11.0,3.0,2016.0,0.0,0.0,0.0,0.0
2549733.42,2016.0,39.0,39.0,-7.409999847412109,-0.0,-0.6904366612434387,-8.0,-11.0,-2.0,2016.0,0.0,0.0,0.0,0.0
2549744.125,2016.0,38.0,38.0,-7.21999979019165,-0.0,-0.2868712246417999,-7.0,-11.0,1.0,2016.0,0.0,0.0,0.0,0.0
2549755.125,2016.0,38.0,38.0,-7.21999979019165,-0.0,-0.2438405454158783,-7.0,-11.0,2.0,2016.0,0.0,0.0,0.0,0.0
2549766.125,2016.0,38.0,38.0,-7.21999979019165,-0.0,-0.2072644680738449,-7.0,-11.0,2.0,2016.0,0.0,0.0,0.0,0.0
2549777.175,2016.0,41.0,41.0,-7.789999961853027,-0.0,-1.0761746168136597,-8.0,-11.0,0.0,2016.0,0.0,0.0,0.0,0.0
2549787.178,2016.0,40.0,40.0,-7.599999904632568,-0.0,-0.614748477935791,-8.0,-11.0,1.0,2016.0,0.0,0.0,0.0,0.0
2549798.125,2016.0,35.0,35.0,-6.650000095367432,-0.0,0.9774635434150696,-5.0,-11.0,-2.0,2016.0,0.0,0.0,0.0,0.0
2549808.126,2016.0,38.0,38.0,-7.21999979019165,-0.0,-0.06915581971406937,-7.0,-11.0,0.0,2016.0,0.0,0.0,0.0,0.0
2549819.134,2016.0,35.0,35.0,-6.650000095367432,-0.0,0.8050348162651062,-5.0,-11.0,3.0,2016.0,0.0,0.0,0.0,0.0
2549829.134,2016.0,35.0,35.0,-6.650000095367432,-0.0,0.6842796206474304,-5.0,-11.0,3.0,2016.0,0.0,0.0,0.0,0.0
2549839.135,2016.0,33.0,35.0,-6.650000095367432,-0.0,0.6842796206474304,-5.0,-11.0,1.0,2016.0,0.0,0.0,0.0,0.0
2549849.136,2016.0,33.0,33.0,-6.269999980926514,-0.0,1.1816376447677612,-5.0,-11.0,1.0,2016.0,0.0,0.0,0.0,0.0
2549860.041,2016.0,36.0,36.0,-6.840000152587891,-0.0,-0.04626660794019699,-6.0,-11.0,1.0,2016.0,0.0,0.0,0.0,0.0
2549870.748,2016.0,40.0,40.0,-7.599999904632568,-0.0,-1.2393264770507812,-8.0,-11.0,5.0,2016.0,0.0,0.0,0.0,0.0
2549880.749,2016.0,38.0,38.0,-7.21999979019165,-0.0,-0.45342764258384705,-7.0,-11.0,0.0,2016.0,0.0,0.0,0.0,0.0
2549891.041,2016.0,36.0,36.0,-6.840000152587891,-0.0,0.21458639204502106,-6.0,-11.0,-1.0,2016.0,0.0,0.0,0.0,0.0
2549901.983,2016.0,37.0,37.0,-7.029999732971191,-0.0,-0.11760151386260986,-7.0,-11.0,5.0,2016.0,0.0,0.0,0.0,0.0
2549911.983,2016.0,40.0,40.0,-7.599999904632568,-0.0,-0.9999611377716064,-8.0,-11.0,-1.0,2016.0,0.0,0.0,0.0,0.0
2549922.125,2016.0,35.0,35.0,-6.650000095367432,-0.0,0.6500327587127686,-5.0,-11.0,4.0,2016.0,0.0,0.0,0.0,0.0
2549933.125,2015.0,39.0,39.0,-7.409999847412109,-0.0,-0.6474719643592834,-8.0,-11.0,-1.0,2016.0,0.0,0.0,0.0,0.0
2549943.184,2016.0,40.0,40.0,-7.599999904632568,-0.0,-0.8503511548042297,-8.0,-11.0,2.0,2016.0,0.0,0.0,0.0,0.0
2549954.125,2016.0,38.0,38.0,-7.21999979019165,-0.0,-0.12279859930276871,-7.0,-11.0,-2.0,2016.0,0.0,0.0,0.0,0.0
2549964.125,2016.0,35.0,35.0,-6.650000095367432,-0.0,0.7956210374832153,-5.0,-11.0,1.0,2016.0,0.0,0.0,0.0,0.0
2549974.899,2016.0,36.0,36.0,-6.840000152587891,-0.0,0.37627795338630676,-6.0,-11.0,2.0,2016.0,0.0,0.0,0.0,0.0
2549984.9,2016.0,36.0,36.0,-6.840000152587891,-0.0,0.31983625888824463,-6.0,-11.0,2.0,2016.0,0.0,0.0,0.0,0.0
2549994.901,2016.0,37.0,37.0,-7.029999732971191,-0.0,-0.028139125555753708,-7.0,-11.0,6.0,2016.0,0.0,0.0,0.0,0.0
2550005.125,2016.0,36.0,36.0,-6.840000152587891,-0.0,0.2760816812515259,-6.0,-11.0,2.0,2016.0,0.0,0.0,0.0,0.0
2550015.126,2016.0,37.0,37.0,-7.029999732971191,-0.0,-0.06533052027225494,-7.0,-11.0,0.0,2016.0,0.0,0.0,0.0,0.0
2550025.127,2016.0,38.0,38.0,-7.21999979019165,-0.0,-0.35553088784217834,-7.0,-11.0,3.0,2016.0,0.0,0.0,0.0,0.0
2550035.127,2016.0,40.0,40.0,-7.599999904632568,-0.0,-0.9022011756896973,-8.0,-11.0,3.0,2016.0,0.0,0.0,0.0,0.0
2550046.23,2016.0,36.0,36.0,-6.840000152587891,-0.0,0.4331287741661072,-6.0,-11.0,2.0,2016.0,0.0,0.0,0.0,0.0
2550057.125,2016.0,38.0,38.0,-7.21999979019165,-0.0,-0.23184043169021606,-7.0,-11.0,-2.0,2016.0,0.0,0.0,0.0,0.0
2550067.858,2016.0,35.0,35.0,-6.650000095367432,-0.0,0.7029354572296143,-5.0,-11.0,2.0,2016.0,0.0,0.0,0.0,0.0
2550078.125,2016.0,40.0,40.0,-7.599999904632568,-0.0,-0.9025046229362488,-8.0,-11.0,0.0,2016.0,0.0,0.0,0.0,0.0
2550088.126,2016.0,35.0,35.0,-6.650000095367432,-0.0,0.7328708171844482,-5.0,-11.0,1.0,2016.0,0.0,0.0,0.0,0.0
2550099.142,2016.0,37.0,37.0,-7.029999732971191,-0.0,0.02294030785560608,-7.0,-11.0,3.0,2016.0,0.0,0.0,0.0,0.0
2550109.142,2016.0,40.0,40.0,-7.599999904632568,-0.0,-0.8805006146430969,-8.0,-11.0,3.0,2016.0,0.0,0.0,0.0,0.0
2550119.37,2016.0,38.0,38.0,-7.21999979019165,-0.0,-0.1484256386756897,-7.0,-11.0,0.0,2016.0,0.0,0.0,0.0,0.0
2550130.125,2016.0,38.0,38.0,-7.21999979019165,-0.0,-0.12616179883480072,-7.0,-11.0,1.0,2016.0,0.0,0.0,0.0,0.0
2550140.125,2016.0,39.0,39.0,-7.409999847412109,-0.0,-0.4072374701499939,-7.0,-11.0,2.0,2016.0,0.0,0.0,0.0,0.0
2550150.73,2016.0,37.0,37.0,-7.029999732971191,-0.0,0.25384804606437683,-6.0,-11.0,5.0,2016.0,0.0,0.0,0.0,0.0
2550160.73,2016.0,35.0,35.0,-6.650000095367432,-0.0,0.8157707452774048,-5.0,-11.0,4.0,2016.0,0.0,0.0,0.0,0.0
2550171.125,2016.0,36.0,36.0,-6.840000152587891,-0.0,0.3934051990509033,-6.0,-11.0,2.0,2016.0,0.0,0.0,0.0,0.0
2550181.126,2016.0,37.0,37.0,-7.029999732971191,-0.0,0.03439447656273842,-6.0,-11.0,0.0,2016.0,0.0,0.0,0.0,0.0
2550191.126,2016.0,38.0,38.0,-7.21999979019165,-0.0,-0.27076464891433716,-7.0,-11.0,3.0,2016.0,0.0,0.0,0.0,0.0
2550201.127,2016.0,38.0,38.0,-7.21999979019165,-0.0,-0.23014995455741882,-7.0,-11.0,3.0,2016.0,0.0,0.0,0.0,0.0
2550212.131,2016.0,37.0,37.0,-7.029999732971191,-0.0,0.08871661871671677,-6.0,-11.0,3.0,2016.0,0.0,0.0,0.0,0.0
2550223.184,2016.0,38.0,38.0,-7.21999979019165,-0.0,-0.22459082305431366,-7.0,-11.0,2.0,2016.0,0.0,0.0,0.0,0.0
2550233.185,2016.0,37.0,37.0,-7.029999732971191,-0.0,0.10909774899482727,-6.0,-11.0,3.0,2016.0,0.0,0.0,0.0,0.0
2550244.04,2016.0,32.0,32.0,-6.079999923706055,-0.0,1.5927329063415527,-4.0,-11.0,4.0,2016.0,0.0,0.0,0.0,0.0
2550254.041,2016.0,38.0,38.0,-7.21999979019165,-0.0,-0.4461767077445984,-7.0,-11.0,1.0,2016.0,0.0,0.0,0.0,0.0
2550264.041,2016.0,37.0,37.0,-7.029999732971191,-0.0,-0.0792502611875534,-7.0,-11.0,6.0,2016.0,0.0,0.0,0.0,0.0
2550274.042,2016.0,36.0,36.0,-6.840000152587891,-0.0,0.2326372265815735,-6.0,-11.0,3.0,2016.0,0.0,0.0,0.0,0.0
2550285.172,2016.0,37.0,37.0,-7.029999732971191,-0.0,-0.10225830227136612,-7.0,-11.0,0.0,2016.0,0.0,0.0,0.0,0.0
2550296.126,2016.0,40.0,40.0,-7.599999904632568,-0.0,-0.9869194030761719,-8.0,-11.0,3.0,2016.0,0.0,0.0,0.0,0.0
2550306.127,2016.0,36.0,36.0,-6.840000152587891,-0.0,0.36111828684806824,-6.0,-11.0,2.0,2016.0,0.0,0.0,0.0,0.0
2550316.128,2016.0,38.0,38.0,-7.21999979019165,-0.0,-0.2930493652820587,-7.0,-11.0,-2.0,2016.0,0.0,0.0,0.0,0.0
2550326.405,2016.0,36.0,36.0,-6.840000152587891,-0.0,0.35090795159339905,-6.0,-11.0,-1.0,2016.0,0.0,0.0,0.0,0.0
2550337.29,2016.0,38.0,38.0,-7.21999979019165,-0.0,-0.30172812938690186,-7.0,-11.0,2.0,2016.0,0.0,0.0,0.0,0.0
2550347.29,2016.0,36.0,36.0,-6.840000152587891,-0.0,0.3435309827327728,-6.0,-11.0,3.0,2016.0,0.0,0.0,0.0,0.0
2550357.291,2016.0,36.0,36.0,-6.840000152587891,-0.0,0.292001336812973,-6.0,-11.0,0.0,2016.0,0.0,0.0,0.0,0.0
2550367.292,2016.0,36.0,36.0,-6.840000152587891,-0.0,0.2482011467218399,-6.0,-11.0,2.0,2016.0,0.0,0.0,0.0,0.0
2550378.125,2016.0,39.0,39.0,-7.409999847412109,-0.0,-0.6890288591384888,-8.0,-11.0,2.0,2016.0,0.0,0.0,0.0,0.0
2550389.125,2016.0,36.0,36.0,-6.840000152587891,-0.0,0.3143253028392792,-6.0,-11.0,3.0,2016.0,0.0,0.0,0.0,0.0
2550399.493,2016.0,38.0,38.0,-7.21999979019165,-0.0,-0.33282339572906494,-7.0,-11.0,1.0,2016.0,0.0,0.0,0.0,0.0
2550409.493,2016.0,37.0,37.0,-7.029999732971191,-0.0,0.017100058495998383,-7.0,-11.0,2.0,2016.0,0.0,0.0,0.0,0.0
2550420.125,2016.0,40.0,40.0,-7.599999904632568,-0.0,-0.8854647874832153,-8.0,-11.0,-1.0,2016.0,0.0,0.0,0.0,0.0
2550430.453,2016.0,40.0,40.0,-7.599999904632568,-0.0,-0.7526450753211975,-8.0,-11.0,-1.0,2016.0,0.0,0.0,0.0,0.0
2550441.125,2016.0,37.0,37.0,-7.029999732971191,-0.0,0.260251522064209,-6.0,-11.0,2.0,2016.0,0.0,0.0,0.0,0.0
2550452.125,2016.0,38.0,38.0,-7.21999979019165,-0.0,-0.07878614962100983,-7.0,-11.0,-2.0,2016.0,0.0,0.0,0.0,0.0
2550462.126,2016.0,38.0,38.0,-7.21999979019165,-0.0,-0.06696823239326477,-7.0,-11.0,-1.0,2016.0,0.0,0.0,0.0,0.0
2550472.126,2016.0,38.0,38.0,-7.21999979019165,-0.0,-0.056922998279333115,-7.0,-11.0,2.0,2016.0,0.0,0.0,0.0,0.0
2550482.126,2016.0,36.0,36.0,-6.840000152587891,-0.0,0.5516153573989868,-6.0,-11.0,-1.0,2016.0,0.0,0.0,0.0,0.0
2550493.125,2016.0,40.0,40.0,-7.599999904632568,-0.0,-0.7311267256736755,-8.0,-11.0,1.0,2016.0,0.0,0.0,0.0,0.0
2550503.381,2016.0,36.0,36.0,-6.840000152587891,-0.0,0.5785420536994934,-6.0,-11.0,0.0,2016.0,0.0,0.0,0.0,0.0
2550514.125,2016.0,36.0,36.0,-6.840000152587891,-0.0,0.4917607605457306,-6.0,-11.0,1.0,2016.0,0.0,0.0,0.0,0.0
2550525.126,2016.0,39.0,39.0,-7.409999847412109,-0.0,-0.6347026824951172,-8.0,-11.0,4.0,2016.0,0.0,0.0,0.0,0.0
2550536.125,2016.0,37.0,37.0,-7.029999732971191,-0.0,0.060502611100673676,-6.0,-11.0,-1.0,2016.0,0.0,0.0,0.0,0.0
2550547.02,2016.0,33.0,33.0,-6.269999980926514,-0.0,1.2514270544052124,-5.0,-11.0,3.0,2016.0,0.0,0.0,0.0,0.0
2550557.021,2016.0,37.0,37.0,-7.029999732971191,-0.0,-0.13628678023815155,-7.0,-11.0,2.0,2016.0,0.0,0.0,0.0,0.0
2550567.021,2016.0,37.0,37.0,-7.029999732971191,-0.0,-0.115843765437603,-7.0,-11.0,2.0,2016.0,0.0,0.0,0.0,0.0
2550577.126,2016.0,40.0,40.0,-7.599999904632568,-0.0,-0.9984670877456665,-8.0,-11.0,0.0,2016.0,0.0,0.0,0.0,0.0
2550587.495,2016.0,40.0,40.0,-7.599999904632568,-0.0,-0.8486970663070679,-8.0,-11.0,0.0,2016.0,0.0,0.0,0.0,0.0
2550597.496,2016.0,36.0,36.0,-6.840000152587891,-0.0,0.47860729694366455,-6.0,-11.0,1.0,2016.0,0.0,0.0,0.0,0.0
2550608.125,2016.0,38.0,38.0,-7.21999979019165,-0.0,-0.19318369030952454,-7.0,-11.0,4.0,2016.0,0.0,0.0,0.0,0.0
2550618.126,2016.0,37.0,37.0,-7.029999732971191,-0.0,0.1357938051223755,-6.0,-11.0,1.0,2016.0,0.0,0.0,0.0,0.0
2550628.126,2016.0,39.0,39.0,-7.409999847412109,-0.0,-0.48457515239715576,-7.0,-11.0,2.0,2016.0,0.0,0.0,0.0,0.0
2550639.301,2016.0,39.0,39.0,-7.409999847412109,-0.0,-0.41188889741897583,-7.0,-11.0,2.0,2016.0,0.0,0.0,0.0,0.0
2550650.125,2016.0,35.0,35.0,-6.650000095367432,-0.0,0.8498942255973816,-5.0,-11.0,0.0,2016.0,0.0,0.0,0.0,0.0
2550661.126,2016.0,39.0,39.0,-7.409999847412109,-0.0,-0.4775896966457367,-7.0,-11.0,0.0,2016.0,0.0,0.0,0.0,0.0
2550671.126,2016.0,39.0,39.0,-7.409999847412109,-0.0,-0.40595126152038574,-7.0,-11.0,3.0,2016.0,0.0,0.0,0.0,0.0
2550681.127,2016.0,38.0,38.0,-7.21999979019165,-0.0,-0.04505863040685654,-7.0,-11.0,-1.0,2016.0,0.0,0.0,0.0,0.0
2550692.125,2016.0,37.0,37.0,-7.029999732971191,-0.0,0.2617001235485077,-6.0,-11.0,-1.0,2016.0,0.0,0.0,0.0,0.0
2550702.125,2016.0,36.0,36.0,-6.840000152587891,-0.0,0.5224450826644897,-6.0,-11.0,1.0,2016.0,0.0,0.0,0.0,0.0
2550713.125,2016.0,39.0,39.0,-7.409999847412109,-0.0,-0.4559215307235718,-7.0,-11.0,2.0,2016.0,0.0,0.0,0.0,0.0
2550724.125,2016.0,39.0,39.0,-7.409999847412109,-0.0,-0.3875333070755005,-7.0,-11.0,2.0,2016.0,0.0,0.0,0.0,0.0
2550735.125,2016.0,36.0,36.0,-6.840000152587891,-0.0,0.5705965161323547,-6.0,-11.0,4.0,2016.0,0.0,0.0,0.0,0.0
2550746.126,2016.0,36.0,36.0,-6.840000152587891,-0.0,0.5472559332847595,-6.0,-11.0,1.0,2016.0,0.0,0.0,0.0,0.0
2550757.041,2016.0,38.0,38.0,-7.21999979019165,-0.0,-0.13483235239982605,-7.0,-11.0,2.0,2016.0,0.0,0.0,0.0,0.0
2550768.041,2016.0,38.0,38.0,-7.21999979019165,-0.0,-0.11460750550031662,-7.0,-11.0,1.0,2016.0,0.0,0.0,0.0,0.0
2550778.042,2016.0,37.0,37.0,-7.029999732971191,-0.0,0.20258356630802155,-6.0,-11.0,1.0,2016.0,0.0,0.0,0.0,0.0
2550789.192,2016.0,36.0,36.0,-6.840000152587891,-0.0,0.47219598293304443,-6.0,-11.0,3.0,2016.0,0.0,0.0,0.0,0.0
2550799.193,2016.0,35.0,35.0,-6.650000095367432,-0.0,0.7013665437698364,-5.0,-11.0,2.0,2016.0,0.0,0.0,0.0,0.0
2550809.194,2016.0,38.0,38.0,-7.21999979019165,-0.0,-0.3038382828235626,-7.0,-11.0,0.0,2016.0,0.0,0.0,0.0,0.0
2550820.121,2016.0,36.0,36.0,-6.840000152587891,-0.0,0.3417373597621918,-6.0,-11.0,3.0,2016.0,0.0,0.0,0.0,0.0
2550830.121,2016.0,41.0,41.0,-7.789999961853027,-0.0,-1.2095229625701904,-8.0,-11.0,1.0,2016.0,0.0,0.0,0.0,0.0
2550841.125,2016.0,39.0,39.0,-7.409999847412109,-0.0,-0.42809465527534485,-7.0,-11.0,-1.0,2016.0,0.0,0.0,0.0,0.0
2550852.243,2016.0,34.0,34.0,-6.460000038146973,-0.0,1.1361192464828491,-5.0,-11.0,2.0,2016.0,0.0,0.0,0.0,0.0
2550862.244,2016.0,40.0,40.0,-7.599999904632568,-0.0,-0.834298312664032,-8.0,-11.0,2.0,2016.0,0.0,0.0,0.0,0.0
2550873.125,2016.0,37.0,37.0,-7.029999732971191,-0.0,0.1908462643623352,-6.0,-11.0,1.0,2016.0,0.0,0.0,0.0,0.0
2550883.125,2016.0,36.0,36.0,-6.840000152587891,-0.0,0.4622192680835724,-6.0,-11.0,2.0,2016.0,0.0,0.0,0.0,0.0
2550893.125,2016.0,37.0,37.0,-7.029999732971191,-0.0,0.09288643300533295,-6.0,-11.0,1.0,2016.0,0.0,0.0,0.0,0.0
2550904.125,2016.0,38.0,38.0,-7.21999979019165,-0.0,-0.22104647755622864,-7.0,-11.0,3.0,2016.0,0.0,0.0,0.0,0.0
2550914.126,2016.0,38.0,38.0,-7.21999979019165,-0.0,-0.18788951635360718,-7.0,-11.0,3.0,2016.0,0.0,0.0,0.0,0.0
2550925.098,2016.0,37.0,37.0,-7.029999732971191,-0.0,0.14029385149478912,-6.0,-11.0,-1.0,2016.0,0.0,0.0,0.0,0.0
2550935.098,2016.0,36.0,36.0,-6.840000152587891,-0.0,0.4192497432231903,-6.0,-11.0,-1.0,2016.0,0.0,0.0,0.0,0.0
2550946.125,2016.0,36.0,36.0,-6.840000152587891,-0.0,0.3563622832298279,-6.0,-11.0,0.0,2016.0,0.0,0.0,0.0,0.0
2550956.125,2016.0,37.0,37.0,-7.029999732971191,-0.0,0.0029079969972372055,-7.0,-11.0,-3.0,2016.0,0.0,0.0,0.0,0.0
2550967.332,2016.0,36.0,36.0,-6.840000152587891,-0.0,0.30247175693511963,-6.0,-11.0,0.0,2016.0,0.0,0.0,0.0,0.0
2550977.333,2016.0,38.0,38.0,-7.21999979019165,-0.0,-0.3428989052772522,-7.0,-11.0,0.0,2016.0,0.0,0.0,0.0,0.0
2550987.334,2016.0,37.0,37.0,-7.029999732971191,-0.0,0.008535875007510185,-7.0,-11.0,2.0,2016.0,0.0,0.0,0.0,0.0
2550997.338,2016.0,38.0,38.0,-7.21999979019165,-0.0,-0.2927444577217102,-7.0,-11.0,2.0,2016.0,0.0,0.0,0.0,0.0
2551008.125,2016.0,38.0,38.0,-7.21999979019165,-0.0,-0.2488327920436859,-7.0,-11.0,2.0,2016.0,0.0,0.0,0.0,0.0
2551018.125,2016.0,37.0,37.0,-7.029999732971191,-0.0,0.08849207311868668,-6.0,-11.0,1.0,2016.0,0.0,0.0,0.0,0.0
2551028.126,2016.0,36.0,36.0,-6.840000152587891,-0.0,0.3752182126045227,-6.0,-11.0,1.0,2016.0,0.0,0.0,0.0,0.0
2551039.125,2016.0,39.0,39.0,-7.409999847412109,-0.0,-0.6289047002792358,-8.0,-11.0,-1.0,2016.0,0.0,0.0,0.0,0.0
2551049.125,2016.0,41.0,41.0,-7.789999961853027,-0.0,-1.1345689296722412,-8.0,-11.0,2.0,2016.0,0.0,0.0,0.0,0.0
2551060.125,2016.0,37.0,37.0,-7.029999732971191,-0.0,0.23561619222164154,-6.0,-11.0,0.0,2016.0,0.0,0.0,0.0,0.0
2551071.125,2016.0,39.0,39.0,-7.409999847412109,-0.0,-0.39972612261772156,-7.0,-11.0,1.0,2016.0,0.0,0.0,0.0,0.0
2551081.126,2016.0,38.0,38.0,-7.21999979019165,-0.0,-0.03976726159453392,-7.0,-11.0,0.0,2016.0,0.0,0.0,0.0,0.0
2551091.199,2016.0,35.0,35.0,-6.650000095367432,-0.0,0.8661977052688599,-5.0,-11.0,4.0,2016.0,0.0,0.0,0.0,0.0
2551101.199,2016.0,38.0,38.0,-7.21999979019165,-0.0,-0.16373178362846375,-7.0,-11.0,1.0,2016.0,0.0,0.0,0.0,0.0
2551111.199,2016.0,36.0,36.0,-6.840000152587891,-0.0,0.46082788705825806,-6.0,-11.0,-1.0,2016.0,0.0,0.0,0.0,0.0
2551121.199,2016.0,36.0,36.0,-6.840000152587891,-0.0,0.391703724861145,-6.0,-11.0,-1.0,2016.0,0.0,0.0,0.0,0.0
2551132.125,2016.0,38.0,38.0,-7.21999979019165,-0.0,-0.26705172657966614,-7.0,-11.0,-2.0,2016.0,0.0,0.0,0.0,0.0
2551142.126,2016.0,38.0,38.0,-7.21999979019165,-0.0,-0.22699397802352905,-7.0,-11.0,3.0,2016.0,0.0,0.0,0.0,0.0
2551152.399,2016.0,38.0,38.0,-7.21999979019165,-0.0,-0.19294488430023193,-7.0,-11.0,3.0,2016.0,0.0,0.0,0.0,0.0
2551162.4,2016.0,38.0,38.0,-7.21999979019165,-0.0,-0.1640031635761261,-7.0,-11.0,3.0,2016.0,0.0,0.0,0.0,0.0
2551173.125,2016.0,37.0,37.0,-7.029999732971191,-0.0,0.16059726476669312,-6.0,-11.0,2.0,2016.0,0.0,0.0,0.0,0.0
2551184.125,2016.0,34.0,34.0,-6.460000038146973,-0.0,1.036507487297058,-5.0,-11.0,2.0,2016.0,0.0,0.0,0.0,0.0
2551194.125,2016.0,38.0,38.0,-7.21999979019165,-0.0,-0.31896841526031494,-7.0,-11.0,1.0,2016.0,0.0,0.0,0.0,0.0
2551205.125,2016.0,36.0,36.0,-6.840000152587891,-0.0,0.3288767337799072,-6.0,-11.0,3.0,2016.0,0.0,0.0,0.0,0.0
2551215.125,2016.0,36.0,36.0,-6.840000152587891,-0.0,0.27954521775245667,-6.0,-11.0,3.0,2016.0,0.0,0.0,0.0,0.0
2551226.125,2016.0,39.0,39.0,-7.409999847412109,-0.0,-0.662386417388916,-8.0,-11.0,3.0,2016.0,0.0,0.0,0.0,0.0
2551236.126,2016.0,36.0,36.0,-6.840000152587891,-0.0,0.33697137236595154,-6.0,-11.0,2.0,2016.0,0.0,0.0,0.0,0.0
2551246.455,2016.0,36.0,36.0,-6.840000152587891,-0.0,0.2864256799221039,-6.0,-11.0,2.0,2016.0,0.0,0.0,0.0,0.0
2551256.456,2016.0,35.0,35.0,-6.650000095367432,-0.0,0.543461799621582,-6.0,-11.0,0.0,2016.0,0.0,0.0,0.0,0.0
2551266.457,2016.0,36.0,36.0,-6.840000152587891,-0.0,0.16194258630275726,-6.0,-11.0,0.0,2016.0,0.0,0.0,0.0,0.0
2551277.125,2016.0,41.0,41.0,-7.789999961853027,-0.0,-1.3623485565185547,-9.0,-11.0,2.0,2016.0,0.0,0.0,0.0,0.0
2551287.542,2016.0,38.0,38.0,-7.21999979019165,-0.0,-0.25799643993377686,-7.0,-11.0,0.0,2016.0,0.0,0.0,0.0,0.0
2551297.543,2016.0,36.0,36.0,-6.840000152587891,-0.0,0.3807029128074646,-6.0,-11.0,2.0,2016.0,0.0,0.0,0.0,0.0
2551308.125,2016.0,35.0,35.0,-6.650000095367432,-0.0,0.6235974431037903,-6.0,-11.0,3.0,2016.0,0.0,0.0,0.0,0.0
2551318.126,2016.0,36.0,36.0,-6.840000152587891,-0.0,0.23005789518356323,-6.0,-11.0,0.0,2016.0,0.0,0.0,0.0,0.0
2551328.403,2016.0,36.0,36.0,-6.840000152587891,-0.0,0.19554921984672546,-6.0,-11.0,2.0,2016.0,0.0,0.0,0.0,0.0
2551338.404,2016.0,38.0,38.0,-7.21999979019165,-0.0,-0.43378305435180664,-7.0,-11.0,3.0,2016.0,0.0,0.0,0.0,0.0
2551348.404,2016.0,38.0,38.0,-7.21999979019165,-0.0,-0.3687156140804291,-7.0,-11.0,0.0,2016.0,0.0,0.0,0.0,0.0
2551358.405,2016.0,37.0,37.0,-7.029999732971191,-0.0,-0.013408328406512737,-7.0,-11.0,2.0,2016.0,0.0,0.0,0.0,0.0
2551368.406,2016.0,33.0,33.0,-6.269999980926514,-0.0,1.1886026859283447,-5.0,-11.0,0.0,2016.0,0.0,0.0,0.0,0.0
2551379.125,2016.0,37.0,37.0,-7.029999732971191,-0.0,-0.18968749046325684,-7.0,-11.0,4.0,2016.0,0.0,0.0,0.0,0.0
2551390.125,2016.0,34.0,34.0,-6.460000038146973,-0.0,0.7387654781341553,-5.0,-11.0,3.0,2016.0,0.0,0.0,0.0,0.0
2551400.125,2016.0,37.0,37.0,-7.029999732971191,-0.0,-0.2720491886138916,-7.0,-11.0,0.0,2016.0,0.0,0.0,0.0,0.0
2551411.125,2016.0,37.0,37.0,-7.029999732971191,-0.0,-0.23124182224273682,-7.0,-11.0,0.0,2016.0,0.0,0.0,0.0,0.0
2551421.126,2016.0,38.0,38.0,-7.21999979019165,-0.0,-0.49655550718307495,-7.0,-11.0,3.0,2016.0,0.0,0.0,0.0,0.0
2551431.126,2016.0,39.0,39.0,-7.409999847412109,-0.0,-0.7220721244812012,-8.0,-11.0,4.0,2016.0,0.0,0.0,0.0,0.0
2551442.129,2016.0,36.0,36.0,-6.840000152587891,-0.0,0.3783027231693268,-6.0,-11.0,0.0,2016.0,0.0,0.0,0.0,0.0
2551453.125,2016.0,37.0,37.0,-7.029999732971191,-0.0,0.02155737206339836,-7.0,-11.0,3.0,2016.0,0.0,0.0,0.0,0.0
2551463.126,2016.0,36.0,36.0,-6.840000152587891,-0.0,0.3183237314224243,-6.0,-11.0,-1.0,2016.0,0.0,0.0,0.0,0.0
2551473.126,2016.0,36.0,36.0,-6.840000152587891,-0.0,0.2705751657485962,-6.0,-11.0,-1.0,2016.0,0.0,0.0,0.0,0.0
2551484.126,2015.0,37.0,37.0,-7.029999732971191,-0.0,-0.07001105695962906,-7.0,-11.0,3.0,2016.0,0.0,0.0,0.0,0.0
2551494.127,2016.0,37.0,37.0,-7.029999732971191,-0.0,-0.05950940027832985,-7.0,-11.0,3.0,2016.0,0.0,0.0,0.0,0.0
2551504.128,2016.0,38.0,38.0,-7.21999979019165,-0.0,-0.35058295726776123,-7.0,-11.0,5.0,2016.0,0.0,0.0,0.0,0.0
2551515.126,2016.0,40.0,40.0,-7.599999904632568,-0.0,-0.8979954123497009,-8.0,-11.0,0.0,2016.0,0.0,0.0,0.0,0.0
2551525.127,2016.0,35.0,35.0,-6.650000095367432,-0.0,0.736703634262085,-5.0,-11.0,2.0,2016.0,0.0,0.0,0.0,0.0
2551536.125,2016.0,36.0,36.0,-6.840000152587891,-0.0,0.32619816064834595,-6.0,-11.0,0.0,2016.0,0.0,0.0,0.0,0.0
2551546.584,2016.0,36.0,36.0,-6.840000152587891,-0.0,0.2772684395313263,-6.0,-11.0,4.0,2016.0,0.0,0.0,0.0,0.0
2551556.585,2016.0,40.0,40.0,-7.599999904632568,-0.0,-0.9643216133117676,-8.0,-11.0,3.0,2016.0,0.0,0.0,0.0,0.0
2551566.585,2016.0,37.0,37.0,-7.029999732971191,-0.0,0.08032646030187607,-6.0,-11.0,2.0,2016.0,0.0,0.0,0.0,0.0
2551576.585,2016.0,39.0,39.0,-7.409999847412109,-0.0,-0.5317224264144897,-7.0,-11.0,0.0,2016.0,0.0,0.0,0.0,0.0
2551587.125,2016.0,40.0,40.0,-7.599999904632568,-0.0,-0.7519640326499939,-8.0,-11.0,1.0,2016.0,0.0,0.0,0.0,0.0
2551597.126,2016.0,39.0,39.0,-7.409999847412109,-0.0,-0.3391695022583008,-7.0,-11.0,4.0,2016.0,0.0,0.0,0.0,0.0
2551607.127,2016.0,39.0,39.0,-7.409999847412109,-0.0,-0.28829407691955566,-7.0,-11.0,1.0,2016.0,0.0,0.0,0.0,0.0
2551617.649,2016.0,41.0,41.0,-7.789999961853027,-0.0,-0.8450498580932617,-8.0,-11.0,2.0,2016.0,0.0,0.0,0.0,0.0
2551628.125,2016.0,37.0,37.0,-7.029999732971191,-0.0,0.4817074239253998,-6.0,-11.0,3.0,2016.0,0.0,0.0,0.0,0.0
2551639.125,2016.0,38.0,38.0,-7.21999979019165,-0.0,0.10945136845111847,-7.0,-11.0,2.0,2016.0,0.0,0.0,0.0,0.0
2551650.125,2016.0,37.0,37.0,-7.029999732971191,-0.0,0.39303362369537354,-6.0,-11.0,-1.0,2016.0,0.0,0.0,0.0,0.0
2551660.363,2016.0,38.0,38.0,-7.21999979019165,-0.0,0.03407863900065422,-7.0,-11.0,1.0,2016.0,0.0,0.0,0.0,0.0
2551670.363,2016.0,37.0,37.0,-7.029999732971191,-0.0,0.32896679639816284,-6.0,-11.0,2.0,2016.0,0.0,0.0,0.0,0.0
2551681.125,2016.0,38.0,38.0,-7.21999979019165,-0.0,-0.020378166809678078,-7.0,-11.0,3.0,2016.0,0.0,0.0,0.0,0.0
2551691.622,2016.0,36.0,36.0,-6.840000152587891,-0.0,0.5826784372329712,-6.0,-11.0,2.0,2016.0,0.0,0.0,0.0,0.0
2551702.306,2016.0,34.0,34.0,-6.460000038146973,-0.0,1.0952765941619873,-5.0,-11.0,2.0,2016.0,0.0,0.0,0.0,0.0
2551713.125,2016.0,41.0,41.0,-7.789999961853027,-0.0,-1.169014573097229,-8.0,-11.0,0.0,2016.0,0.0,0.0,0.0,0.0
2551723.126,2016.0,36.0,36.0,-6.840000152587891,-0.0,0.5063373446464539,-6.0,-11.0,2.0,2016.0,0.0,0.0,0.0,0.0
2551733.127,2016.0,35.0,35.0,-6.650000095367432,-0.0,0.7303867340087891,-5.0,-11.0,5.0,2016.0,0.0,0.0,0.0,0.0
2551743.128,2016.0,36.0,36.0,-6.840000152587891,-0.0,0.32082879543304443,-6.0,-11.0,0.0,2016.0,0.0,0.0,0.0,0.0
2551754.125,2016.0,38.0,38.0,-7.21999979019165,-0.0,-0.3272954225540161,-7.0,-11.0,0.0,2016.0,0.0,0.0,0.0,0.0
2551764.649,2016.0,39.0,39.0,-7.409999847412109,-0.0,-0.536470890045166,-7.0,-11.0,7.0,2016.0,0.0,0.0,0.0,0.0
2551774.649,2016.0,36.0,39.0,-7.409999847412109,-0.0,-0.536470890045166,-7.0,-11.0,3.0,2016.0,0.0,0.0,0.0,0.0
2551785.041,2016.0,35.0,35.0,-6.650000095367432,-0.0,0.6773996353149414,-5.0,-11.0,3.0,2016.0,0.0,0.0,0.0,0.0
2551795.042,2016.0,37.0,37.0,-7.029999732971191,-0.0,-0.02421019785106182,-7.0,-11.0,2.0,2016.0,0.0,0.0,0.0,0.0
2551806.125,2016.0,37.0,37.0,-7.029999732971191,-0.0,-0.020578669384121895,-7.0,-11.0,1.0,2016.0,0.0,0.0,0.0,0.0
2551817.125,2016.0,37.0,37.0,-7.029999732971191,-0.0,-0.017491869628429413,-7.0,-11.0,1.0,2016.0,0.0,0.0,0.0,0.0
2551828.125,2016.0,39.0,39.0,-7.409999847412109,-0.0,-0.6148679852485657,-8.0,-11.0,1.0,2016.0,0.0,0.0,0.0,0.0
2551838.126,2016.0,36.0,36.0,-6.840000152587891,-0.0,0.37736204266548157,-6.0,-11.0,0.0,2016.0,0.0,0.0,0.0,0.0
2551849.098,2016.0,37.0,37.0,-7.029999732971191,-0.0,0.02075779251754284,-7.0,-11.0,2.0,2016.0,0.0,0.0,0.0,0.0
2551859.099,2016.0,37.0,37.0,-7.029999732971191,-0.0,0.0176441241055727,-7.0,-11.0,0.0,2016.0,0.0,0.0,0.0,0.0
2551870.04,2016.0,41.0,41.0,-7.789999961853027,-0.0,-1.185002326965332,-8.0,-11.0,0.0,2016.0,0.0,0.0,0.0,0.0
2551881.125,2016.0,38.0,38.0,-7.21999979019165,-0.0,-0.10725215077400208,-7.0,-11.0,1.0,2016.0,0.0,0.0,0.0,0.0
2551892.126,2016.0,36.0,36.0,-6.840000152587891,-0.0,0.5088355541229248,-6.0,-11.0,1.0,2016.0,0.0,0.0,0.0,0.0
2551902.725,2016.0,36.0,36.0,-6.840000152587891,-0.0,0.43251022696495056,-6.0,-11.0,3.0,2016.0,0.0,0.0,0.0,0.0
2551913.125,2016.0,39.0,39.0,-7.409999847412109,-0.0,-0.532366156578064,-7.0,-11.0,0.0,2016.0,0.0,0.0,0.0,0.0
2551923.125,2016.0,39.0,39.0,-7.409999847412109,-0.0,-0.4525112509727478,-7.0,-11.0,0.0,2016.0,0.0,0.0,0.0,0.0
2551934.125,2016.0,38.0,38.0,-7.21999979019165,-0.0,-0.08463462442159653,-7.0,-11.0,1.0,2016.0,0.0,0.0,0.0,0.0
2551944.126,2016.0,37.0,37.0,-7.029999732971191,-0.0,0.2280605137348175,-6.0,-11.0,1.0,2016.0,0.0,0.0,0.0,0.0
2551954.537,2016.0,36.0,36.0,-6.840000152587891,-0.0,0.4938513934612274,-6.0,-11.0,-2.0,2016.0,0.0,0.0,0.0,0.0
2551965.125,2016.0,36.0,36.0,-6.840000152587891,-0.0,0.4197736978530884,-6.0,-11.0,0.0,2016.0,0.0,0.0,0.0,0.0
2551975.126,2016.0,36.0,36.0,-6.840000152587891,-0.0,0.3568076491355896,-6.0,-11.0,0.0,2016.0,0.0,0.0,0.0,0.0
2551985.127,2016.0,37.0,37.0,-7.029999732971191,-0.0,0.0032865579705685377,-7.0,-11.0,2.0,2016.0,0.0,0.0,0.0,0.0
2551996.125,2016.0,40.0,40.0,-7.599999904632568,-0.0,-0.8972063064575195,-8.0,-11.0,7.0,2016.0,0.0,0.0,0.0,0.0
2552006.711,2016.0,36.0,36.0,-6.840000152587891,-0.0,0.41676825284957886,-6.0,-11.0,4.0,2016.0,0.0,0.0,0.0,0.0
2552016.711,2016.0,37.0,37.0,-7.029999732971191,-0.0,0.054253071546554565,-6.0,-11.0,2.0,2016.0,0.0,0.0,0.0,0.0
2552026.712,2016.0,37.0,37.0,-7.029999732971191,-0.0,0.04611511155962944,-6.0,-11.0,0.0,2016.0,0.0,0.0,0.0,0.0
2552036.713,2016.0,35.0,37.0,-7.029999732971191,-0.0,0.04611511155962944,-6.0,-11.0,0.0,2016.0,0.0,0.0,0.0,0.0
2552047.041,2015.0,35.0,35.0,-6.650000095367432,-0.0,0.5433180928230286,-6.0,-11.0,0.0,2016.0,0.0,0.0,0.0,0.0
2552058.041,2016.0,37.0,37.0,-7.029999732971191,-0.0,-0.13817951083183289,-7.0,-11.0,2.0,2016.0,0.0,0.0,0.0,0.0
2552068.042,2016.0,38.0,38.0,-7.21999979019165,-0.0,-0.41745254397392273,-7.0,-11.0,1.0,2016.0,0.0,0.0,0.0,0.0
2552078.043,2016.0,39.0,39.0,-7.409999847412109,-0.0,-0.6548346281051636,-8.0,-11.0,1.0,2016.0,0.0,0.0,0.0,0.0
2552088.044,2016.0,37.0,37.0,-7.029999732971191,-0.0,0.04339045658707619,-6.0,-11.0,-3.0,2016.0,0.0,0.0,0.0,0.0
2552098.045,2016.0,35.0,35.0,-6.650000095367432,-0.0,0.6368817687034607,-6.0,-11.0,0.0,2016.0,0.0,0.0,0.0,0.0
2552108.901,2016.0,37.0,37.0,-7.029999732971191,-0.0,-0.058650385588407516,-7.0,-11.0,1.0,2016.0,0.0,0.0,0.0,0.0
2552119.125,2016.0,37.0,37.0,-7.029999732971191,-0.0,-0.04985282942652702,-7.0,-11.0,5.0,2016.0,0.0,0.0,0.0,0.0
2552130.125,2016.0,35.0,35.0,-6.650000095367432,-0.0,0.5576249957084656,-6.0,-11.0,6.0,2016.0,0.0,0.0,0.0,0.0
2552140.125,2016.0,37.0,37.0,-7.029999732971191,-0.0,-0.12601864337921143,-7.0,-11.0,2.0,2016.0,0.0,0.0,0.0,0.0
2552150.126,2016.0,38.0,38.0,-7.21999979019165,-0.0,-0.4071158170700073,-7.0,-11.0,-1.0,2016.0,0.0,0.0,0.0,0.0
2552161.125,2016.0,39.0,39.0,-7.409999847412109,-0.0,-0.6460484266281128,-8.0,-11.0,1.0,2016.0,0.0,0.0,0.0,0.0
2552172.125,2016.0,36.0,36.0,-6.840000152587891,-0.0,0.3508586883544922,-6.0,-11.0,2.0,2016.0,0.0,0.0,0.0,0.0
2552182.126,2016.0,40.0,40.0,-7.599999904632568,-0.0,-0.9017699360847473,-8.0,-11.0,1.0,2016.0,0.0,0.0,0.0,0.0
2552192.656,2016.0,41.0,41.0,-7.789999961853027,-0.0,-1.0665044784545898,-8.0,-11.0,0.0,2016.0,0.0,0.0,0.0,0.0
2552203.125,2016.0,38.0,38.0,-7.21999979019165,-0.0,-0.0065289749763906,-7.0,-11.0,2.0,2016.0,0.0,0.0,0.0,0.0
2552214.125,2016.0,39.0,39.0,-7.409999847412109,-0.0,-0.30554959177970886,-7.0,-11.0,-2.0,2016.0,0.0,0.0,0.0,0.0
2552225.125,2016.0,39.0,39.0,-7.409999847412109,-0.0,-0.2597171664237976,-7.0,-11.0,-1.0,2016.0,0.0,0.0,0.0,0.0
2552236.125,2016.0,38.0,38.0,-7.21999979019165,-0.0,0.0792403519153595,-7.0,-11.0,-1.0,2016.0,0.0,0.0,0.0,0.0
2552246.125,2016.0,37.0,37.0,-7.029999732971191,-0.0,0.36735424399375916,-6.0,-11.0,-1.0,2016.0,0.0,0.0,0.0,0.0
2552256.126,2016.0,37.0,37.0,-7.029999732971191,-0.0,0.31225112080574036,-6.0,-11.0,2.0,2016.0,0.0,0.0,0.0,0.0
2552266.127,2016.0,36.0,36.0,-6.840000152587891,-0.0,0.5654134154319763,-6.0,-11.0,-3.0,2016.0,0.0,0.0,0.0,0.0
2552277.125,2016.0,36.0,36.0,-6.840000152587891,-0.0,0.48060142993927,-6.0,-11.0,-3.0,2016.0,0.0,0.0,0.0,0.0
2552287.773,2016.0,36.0,36.0,-6.840000152587891,-0.0,0.408511221408844,-6.0,-11.0,-2.0,2016.0,0.0,0.0,0.0,0.0
2552297.774,2016.0,37.0,37.0,-7.029999732971191,-0.0,0.04723459482192993,-6.0,-11.0,0.0,2016.0,0.0,0.0,0.0,0.0
2552308.125,2016.0,36.0,36.0,-6.840000152587891,-0.0,0.3401493728160858,-6.0,-11.0,0.0,2016.0,0.0,0.0,0.0,0.0
2552318.126,2016.0,34.0,34.0,-6.460000038146973,-0.0,0.8891268968582153,-5.0,-11.0,2.0,2016.0,0.0,0.0,0.0,0.0
2552328.127,2016.0,37.0,37.0,-7.029999732971191,-0.0,-0.14424197375774384,-7.0,-11.0,3.0,2016.0,0.0,0.0,0.0,0.0
2552339.098,2016.0,37.0,37.0,-7.029999732971191,-0.0,-0.12260568141937256,-7.0,-11.0,2.0,2016.0,0.0,0.0,0.0,0.0
2552350.125,2016.0,39.0,39.0,-7.409999847412109,-0.0,-0.6885825395584106,-8.0,-11.0,2.0,2016.0,0.0,0.0,0.0,0.0
2552360.125,2016.0,36.0,36.0,-6.840000152587891,-0.0,0.31470468640327454,-6.0,-11.0,3.0,2016.0,0.0,0.0,0.0,0.0
2552370.126,2016.0,38.0,38.0,-7.21999979019165,-0.0,-0.3325009047985077,-7.0,-11.0,1.0,2016.0,0.0,0.0,0.0,0.0
2552380.212,2016.0,37.0,37.0,-7.029999732971191,-0.0,0.017374174669384956,-7.0,-11.0,-1.0,2016.0,0.0,0.0,0.0,0.0
2552390.213,2016.0,37.0,37.0,-7.029999732971191,-0.0,0.014768049120903015,-7.0,-11.0,3.0,2016.0,0.0,0.0,0.0,0.0
2552401.125,2016.0,38.0,38.0,-7.21999979019165,-0.0,-0.28744712471961975,-7.0,-11.0,2.0,2016.0,0.0,0.0,0.0,0.0
2552412.305,2016.0,39.0,39.0,-7.409999847412109,-0.0,-0.5443300008773804,-7.0,-11.0,2.0,2016.0,0.0,0.0,0.0,0.0
2552422.306,2016.0,35.0,35.0,-6.650000095367432,-0.0,0.73731929063797,-5.0,-11.0,-1.0,2016.0,0.0,0.0,0.0,0.0
2552432.306,2016.0,36.0,36.0,-6.840000152587891,-0.0,0.3267214596271515,-6.0,-11.0,4.0,2016.0,0.0,0.0,0.0,0.0
2552443.125,2016.0,38.0,38.0,-7.21999979019165,-0.0,-0.3222866654396057,-7.0,-11.0,2.0,2016.0,0.0,0.0,0.0,0.0
2552454.125,2016.0,36.0,36.0,-6.840000152587891,-0.0,0.32605624198913574,-6.0,-11.0,-1.0,2016.0,0.0,0.0,0.0,0.0
2552464.125,2016.0,37.0,37.0,-7.029999732971191,-0.0,-0.022852139547467232,-7.0,-11.0,2.0,2016.0,0.0,0.0,0.0,0.0
2552475.125,2016.0,35.0,35.0,-6.650000095367432,-0.0,0.5805755853652954,-6.0,-11.0,0.0,2016.0,0.0,0.0,0.0,0.0
2552486.326,2016.0,38.0,38.0,-7.21999979019165,-0.0,-0.406510591506958,-7.0,-11.0,4.0,2016.0,0.0,0.0,0.0,0.0
2552496.326,2016.0,36.0,36.0,-6.840000152587891,-0.0,0.25446587800979614,-6.0,-11.0,2.0,2016.0,0.0,0.0,0.0,0.0
2552506.328,2016.0,37.0,37.0,-7.029999732971191,-0.0,-0.08370395004749298,-7.0,-11.0,-1.0,2016.0,0.0,0.0,0.0,0.0
2552516.328,2016.0,33.0,33.0,-6.269999980926514,-0.0,1.1288514137268066,-5.0,-11.0,5.0,2016.0,0.0,0.0,0.0,0.0
2552526.329,2016.0,36.0,36.0,-6.840000152587891,-0.0,0.059523873031139374,-6.0,-11.0,3.0,2016.0,0.0,0.0,0.0,0.0
2552536.331,2016.0,35.0,35.0,-6.650000095367432,-0.0,0.35059523582458496,-6.0,-11.0,4.0,2016.0,0.0,0.0,0.0,0.0
2552546.332,2016.0,37.0,37.0,-7.029999732971191,-0.0,-0.3019939363002777,-7.0,-11.0,-2.0,2016.0,0.0,0.0,0.0,0.0
2552557.125,2016.0,40.0,40.0,-7.599999904632568,-0.0,-1.1566946506500244,-8.0,-11.0,1.0,2016.0,0.0,0.0,0.0,0.0
2552569.098,2016.0,37.0,37.0,-7.029999732971191,-0.0,-0.08319062739610672,-7.0,-11.0,3.0,2016.0,0.0,0.0,0.0,0.0
2552580.125,2016.0,34.0,34.0,-6.460000038146973,-0.0,0.8292878270149231,-5.0,-11.0,3.0,2016.0,0.0,0.0,0.0,0.0
2552590.126,2016.0,37.0,37.0,-7.029999732971191,-0.0,-0.19510518014431,-7.0,-11.0,0.0,2016.0,0.0,0.0,0.0,0.0
2552600.398,2016.0,36.0,36.0,-6.840000152587891,-0.0,0.13416054844856262,-6.0,-11.0,2.0,2016.0,0.0,0.0,0.0,0.0
2552611.125,2016.0,38.0,38.0,-7.21999979019165,-0.0,-0.4859634339809418,-7.0,-11.0,2.0,2016.0,0.0,0.0,0.0,0.0
2552621.126,2016.0,38.0,38.0,-7.21999979019165,-0.0,-0.4130689203739166,-7.0,-11.0,0.0,2016.0,0.0,0.0,0.0,0.0
2552632.125,2016.0,38.0,38.0,-7.21999979019165,-0.0,-0.25344234704971313,-7.0,-11.0,2.0,2016.0,0.0,0.0,0.0,0.0
2552642.167,2016.0,38.0,38.0,-7.21999979019165,-0.0,-0.2154259979724884,-7.0,-11.0,-1.0,2016.0,0.0,0.0,0.0,0.0
2552653.125,2016.0,37.0,37.0,-7.029999732971191,-0.0,0.11688785254955292,-6.0,-11.0,2.0,2016.0,0.0,0.0,0.0,0.0
2552663.125,2016.0,40.0,40.0,-7.599999904632568,-0.0,-0.8006451725959778,-8.0,-11.0,1.0,2016.0,0.0,0.0,0.0,0.0
2552673.546,2016.0,36.0,36.0,-6.840000152587891,-0.0,0.519451379776001,-6.0,-11.0,2.0,2016.0,0.0,0.0,0.0,0.0
2552683.547,2016.0,35.0,35.0,-6.650000095367432,-0.0,0.741533637046814,-5.0,-11.0,0.0,2016.0,0.0,0.0,0.0,0.0
2552693.547,2016.0,39.0,39.0,-7.409999847412109,-0.0,-0.5696961879730225,-7.0,-11.0,-2.0,2016.0,0.0,0.0,0.0,0.0
2552704.125,2016.0,37.0,37.0,-7.029999732971191,-0.0,0.11575812846422195,-6.0,-11.0,2.0,2016.0,0.0,0.0,0.0,0.0
2552715.125,2016.0,38.0,38.0,-7.21999979019165,-0.0,-0.20160554349422455,-7.0,-11.0,1.0,2016.0,0.0,0.0,0.0,0.0
2552726.125,2016.0,35.0,35.0,-6.650000095367432,-0.0,0.7286351323127747,-5.0,-11.0,4.0,2016.0,0.0,0.0,0.0,0.0
2552737.125,2015.0,35.0,35.0,-6.650000095367432,-0.0,0.6193398833274841,-6.0,-11.0,2.0,2016.0,0.0,0.0,0.0,0.0
2552748.125,2016.0,36.0,36.0,-6.840000152587891,-0.0,0.226438969373703,-6.0,-11.0,0.0,2016.0,0.0,0.0,0.0,0.0
2552758.126,2016.0,39.0,39.0,-7.409999847412109,-0.0,-0.7075267434120178,-8.0,-11.0,1.0,2016.0,0.0,0.0,0.0,0.0
2552768.127,2016.0,37.0,37.0,-7.029999732971191,-0.0,-0.0013978441711515188,-7.0,-11.0,1.0,2016.0,0.0,0.0,0.0,0.0
2552779.125,2016.0,37.0,37.0,-7.029999732971191,-0.0,-0.001188167603686452,-7.0,-11.0,0.0,2016.0,0.0,0.0,0.0,0.0
2552790.125,2016.0,36.0,36.0,-6.840000152587891,-0.0,0.29899001121520996,-6.0,-11.0,1.0,2016.0,0.0,0.0,0.0,0.0
2552801.125,2016.0,39.0,39.0,-7.409999847412109,-0.0,-0.6458583474159241,-8.0,-11.0,2.0,2016.0,0.0,0.0,0.0,0.0
2552811.126,2016.0,37.0,37.0,-7.029999732971191,-0.0,0.051020294427871704,-6.0,-11.0,1.0,2016.0,0.0,0.0,0.0,0.0
2552822.125,2016.0,37.0,37.0,-7.029999732971191,-0.0,0.04336725175380707,-6.0,-11.0,1.0,2016.0,0.0,0.0,0.0,0.0
2552832.13,2016.0,35.0,36.0,-6.840000152587891,-0.0,0.33686211705207825,-6.0,-11.0,0.0,2016.0,0.0,0.0,0.0,0.0
2552842.131,2016.0,35.0,35.0,-6.650000095367432,-0.0,0.5863327383995056,-6.0,-11.0,0.0,2016.0,0.0,0.0,0.0,0.0
2552852.132,2016.0,37.0,37.0,-7.029999732971191,-0.0,-0.10161706060171127,-7.0,-11.0,5.0,2016.0,0.0,0.0,0.0,0.0
2552863.041,2016.0,40.0,40.0,-7.599999904632568,-0.0,-0.9863743782043457,-8.0,-11.0,-1.0,2016.0,0.0,0.0,0.0,0.0
2552873.041,2016.0,37.0,37.0,-7.029999732971191,-0.0,0.06158161163330078,-6.0,-11.0,2.0,2016.0,0.0,0.0,0.0,0.0
2552883.505,2016.0,37.0,37.0,-7.029999732971191,-0.0,0.04449271783232689,-6.0,-11.0,5.0,2016.0,0.0,0.0,0.0,0.0
2552893.508,2016.0,36.0,36.0,-6.840000152587891,-0.0,0.33781877160072327,-6.0,-11.0,-1.0,2016.0,0.0,0.0,0.0,0.0
2552904.041,2016.0,37.0,37.0,-7.029999732971191,-0.0,-0.012853988446295261,-7.0,-11.0,-3.0,2016.0,0.0,0.0,0.0,0.0
2552914.162,2016.0,37.0,37.0,-7.029999732971191,-0.0,-0.010925890877842903,-7.0,-11.0,-3.0,2016.0,0.0,0.0,0.0,0.0
2552924.163,2016.0,39.0,39.0,-7.409999847412109,-0.0,-0.609286904335022,-8.0,-11.0,-1.0,2016.0,0.0,0.0,0.0,0.0
2552935.041,2016.0,37.0,37.0,-7.029999732971191,-0.0,0.08210602402687073,-6.0,-11.0,1.0,2016.0,0.0,0.0,0.0,0.0
2552945.094,2016.0,38.0,38.0,-7.21999979019165,-0.0,-0.2302098274230957,-7.0,-11.0,1.0,2016.0,0.0,0.0,0.0,0.0
2552955.095,2016.0,34.0,34.0,-6.460000038146973,-0.0,1.0043214559555054,-5.0,-11.0,2.0,2016.0,0.0,0.0,0.0,0.0
2552965.095,2016.0,40.0,40.0,-7.599999904632568,-0.0,-0.9463264346122742,-8.0,-11.0,-1.0,2016.0,0.0,0.0,0.0,0.0
2552976.125,2016.0,40.0,40.0,-7.599999904632568,-0.0,-0.8043774962425232,-8.0,-11.0,0.0,2016.0,0.0,0.0,0.0,0.0
2552986.615,2016.0,38.0,38.0,-7.21999979019165,-0.0,-0.08372098952531815,-7.0,-11.0,0.0,2016.0,0.0,0.0,0.0,0.0
2552997.125,2016.0,38.0,38.0,-7.21999979019165,-0.0,-0.07116284221410751,-7.0,-11.0,1.0,2016.0,0.0,0.0,0.0,0.0
2553007.126,2016.0,38.0,38.0,-7.21999979019165,-0.0,-0.060488417744636536,-7.0,-11.0,1.0,2016.0,0.0,0.0,0.0,0.0
2553017.332,2016.0,36.0,36.0,-6.840000152587891,-0.0,0.5485847592353821,-6.0,-11.0,2.0,2016.0,0.0,0.0,0.0,0.0
2553028.125,2016.0,37.0,37.0,-7.029999732971191,-0.0,0.16629710793495178,-6.0,-11.0,3.0,2016.0,0.0,0.0,0.0,0.0
2553038.125,2016.0,36.0,36.0,-6.840000152587891,-0.0,0.4413524866104126,-6.0,-11.0,2.0,2016.0,0.0,0.0,0.0,0.0
2553049.125,2016.0,38.0,38.0,-7.21999979019165,-0.0,-0.22485028207302094,-7.0,-11.0,-2.0,2016.0,0.0,0.0,0.0,0.0
2553059.125,2015.0,36.0,36.0,-6.840000152587891,-0.0,0.4088771641254425,-6.0,-11.0,2.0,2016.0,0.0,0.0,0.0,0.0
2553070.125,2016.0,37.0,37.0,-7.029999732971191,-0.0,0.047545645385980606,-6.0,-11.0,4.0,2016.0,0.0,0.0,0.0,0.0
2553080.126,2016.0,39.0,39.0,-7.409999847412109,-0.0,-0.5595861077308655,-7.0,-11.0,-2.0,2016.0,0.0,0.0,0.0,0.0
2553090.591,2016.0,36.0,36.0,-6.840000152587891,-0.0,0.42435166239738464,-6.0,-11.0,1.0,2016.0,0.0,0.0,0.0,0.0
2553100.592,2016.0,37.0,37.0,-7.029999732971191,-0.0,0.0606989711523056,-6.0,-11.0,1.0,2016.0,0.0,0.0,0.0,0.0
2553110.592,2016.0,36.0,36.0,-6.840000152587891,-0.0,0.35159409046173096,-6.0,-11.0,0.0,2016.0,0.0,0.0,0.0,0.0
2553121.125,2016.0,39.0,39.0,-7.409999847412109,-0.0,-0.6011448502540588,-8.0,-11.0,1.0,2016.0,0.0,0.0,0.0,0.0
2553132.125,2016.0,36.0,36.0,-6.840000152587891,-0.0,0.3890267312526703,-6.0,-11.0,3.0,2016.0,0.0,0.0,0.0,0.0
2553142.126,2016.0,37.0,37.0,-7.029999732971191,-0.0,0.03067277930676937,-6.0,-11.0,4.0,2016.0,0.0,0.0,0.0,0.0
2553153.125,2016.0,36.0,36.0,-6.840000152587891,-0.0,0.3260718286037445,-6.0,-11.0,3.0,2016.0,0.0,0.0,0.0,0.0
2553164.242,2016.0,36.0,36.0,-6.840000152587891,-0.0,0.2771610617637634,-6.0,-11.0,2.0,2016.0,0.0,0.0,0.0,0.0
2553174.244,2016.0,37.0,37.0,-7.029999732971191,-0.0,-0.06441304087638855,-7.0,-11.0,2.0,2016.0,0.0,0.0,0.0,0.0
2553185.125,2016.0,36.0,36.0,-6.840000152587891,-0.0,0.24524886906147003,-6.0,-11.0,-2.0,2016.0,0.0,0.0,0.0,0.0
2553195.125,2016.0,38.0,38.0,-7.21999979019165,-0.0,-0.3915383517742157,-7.0,-11.0,0.0,2016.0,0.0,0.0,0.0,0.0
2553206.126,2016.0,37.0,37.0,-7.029999732971191,-0.0,-0.2078865021467209,-7.0,-11.0,-1.0,2016.0,0.0,0.0,0.0,0.0
2553217.125,2016.0,36.0,36.0,-6.840000152587891,-0.0,0.12329641729593277,-6.0,-11.0,-2.0,2016.0,0.0,0.0,0.0,0.0
2553227.125,2016.0,37.0,37.0,-7.029999732971191,-0.0,-0.19519799947738647,-7.0,-11.0,3.0,2016.0,0.0,0.0,0.0,0.0
2553237.125,2016.0,34.0,34.0,-6.460000038146973,-0.0,0.7340815663337708,-5.0,-11.0,1.0,2016.0,0.0,0.0,0.0,0.0
2553248.125,2016.0,39.0,39.0,-7.409999847412109,-0.0,-0.8760303854942322,-8.0,-11.0,-3.0,2016.0,0.0,0.0,0.0,0.0
2553258.796,2016.0,39.0,39.0,-7.409999847412109,-0.0,-0.7446258664131165,-8.0,-11.0,-3.0,2016.0,0.0,0.0,0.0,0.0
2553268.796,2016.0,37.0,37.0,-7.029999732971191,-0.0,-0.032932098954916,-7.0,-11.0,1.0,2016.0,0.0,0.0,0.0,0.0
2553278.796,2016.0,37.0,37.0,-7.029999732971191,-0.0,-0.027992285788059235,-7.0,-11.0,-1.0,2016.0,0.0,0.0,0.0,0.0
2553289.041,2015.0,32.0,32.0,-6.079999923706055,-0.0,1.4762063026428223,-4.0,-11.0,-1.0,2015.0,0.0,0.0,0.0,0.0
2553300.125,2016.0,35.0,35.0,-6.650000095367432,-0.0,0.3547755479812622,-6.0,-11.0,1.0,2015.0,0.0,0.0,0.0,0.0
2553310.929,2016.0,38.0,38.0,-7.21999979019165,-0.0,-0.5984406471252441,-7.0,-11.0,2.0,2015.0,0.0,0.0,0.0,0.0
2553321.125,2016.0,37.0,37.0,-7.029999732971191,-0.0,-0.2086746096611023,-7.0,-11.0,3.0,2015.0,0.0,0.0,0.0,0.0
2553331.126,2016.0,37.0,37.0,-7.029999732971191,-0.0,-0.17737342417240143,-7.0,-11.0,2.0,2015.0,0.0,0.0,0.0,0.0
2553341.126,2016.0,37.0,37.0,-7.029999732971191,-0.0,-0.15076741576194763,-7.0,-11.0,0.0,2015.0,0.0,0.0,0.0,0.0
2553351.126,2016.0,33.0,33.0,-6.269999980926514,-0.0,1.0718475580215454,-5.0,-11.0,3.0,2015.0,0.0,0.0,0.0,0.0
2553362.098,2016.0,36.0,36.0,-6.840000152587891,-0.0,0.011070593260228634,-6.0,-11.0,3.0,2015.0,0.0,0.0,0.0,0.0
2553372.098,2016.0,37.0,37.0,-7.029999732971191,-0.0,-0.29058995842933655,-7.0,-11.0,2.0,2015.0,0.0,0.0,0.0,0.0
2553383.125,2016.0,35.0,35.0,-6.650000095367432,-0.0,0.35299843549728394,-6.0,-11.0,2.0,2015.0,0.0,0.0,0.0,0.0
2553393.125,2016.0,34.0,34.0,-6.460000038146973,-0.0,0.6000486016273499,-5.0,-11.0,-1.0,2016.0,0.0,0.0,0.0,0.0
2553403.212,2016.0,40.0,40.0,-7.599999904632568,-0.0,-1.2899583578109741,-8.0,-11.0,-1.0,2016.0,0.0,0.0,0.0,0.0
2553414.125,2016.0,39.0,39.0,-7.409999847412109,-0.0,-0.7964646816253662,-8.0,-11.0,2.0,2016.0,0.0,0.0,0.0,0.0
2553424.126,2015.0,35.0,35.0,-6.650000095367432,-0.0,0.5230048298835754,-6.0,-11.0,1.0,2016.0,0.0,0.0,0.0,0.0
2553434.127,2016.0,38.0,38.0,-7.21999979019165,-0.0,-0.4554457366466522,-7.0,-11.0,2.0,2016.0,0.0,0.0,0.0,0.0
2553445.125,2016.0,39.0,39.0,-7.409999847412109,-0.0,-0.6871288418769836,-8.0,-11.0,1.0,2016.0,0.0,0.0,0.0,0.0
2553455.126,2016.0,35.0,35.0,-6.650000095367432,-0.0,0.615940272808075,-6.0,-11.0,0.0,2016.0,0.0,0.0,0.0,0.0
2553466.125,2016.0,37.0,37.0,-7.029999732971191,-0.0,-0.0764506608247757,-7.0,-11.0,-1.0,2016.0,0.0,0.0,0.0,0.0
2553476.126,2016.0,37.0,37.0,-7.029999732971191,-0.0,-0.0649830624461174,-7.0,-11.0,0.0,2016.0,0.0,0.0,0.0,0.0
2553486.126,2016.0,37.0,37.0,-7.029999732971191,-0.0,-0.055235605686903,-7.0,-11.0,0.0,2016.0,0.0,0.0,0.0,0.0
2553497.125,2016.0,37.0,37.0,-7.029999732971191,-0.0,-0.046950265765190125,-7.0,-11.0,2.0,2016.0,0.0,0.0,0.0,0.0
2553508.016,2016.0,36.0,36.0,-6.840000152587891,-0.0,0.26009222865104675,-6.0,-11.0,3.0,2016.0,0.0,0.0,0.0,0.0
2553518.125,2016.0,35.0,35.0,-6.650000095367432,-0.0,0.52107834815979,-6.0,-11.0,2.0,2016.0,0.0,0.0,0.0,0.0
2553528.126,2015.0,38.0,38.0,-7.21999979019165,-0.0,-0.45708325505256653,-7.0,-11.0,3.0,2016.0,0.0,0.0,0.0,0.0
2553538.202,2016.0,41.0,41.0,-7.789999961853027,-0.0,-1.2885206937789917,-9.0,-11.0,1.0,2016.0,0.0,0.0,0.0,0.0
2553549.125,2016.0,35.0,35.0,-6.650000095367432,-0.0,0.644043505191803,-6.0,-11.0,-1.0,2016.0,0.0,0.0,0.0,0.0
2553560.125,2016.0,36.0,36.0,-6.840000152587891,-0.0,0.24743704497814178,-6.0,-11.0,0.0,2016.0,0.0,0.0,0.0,0.0
2553570.126,2016.0,37.0,37.0,-7.029999732971191,-0.0,-0.08967845886945724,-7.0,-11.0,1.0,2016.0,0.0,0.0,0.0,0.0
2553581.126,2016.0,39.0,39.0,-7.409999847412109,-0.0,-0.6762266159057617,-8.0,-11.0,0.0,2016.0,0.0,0.0,0.0,0.0
2553592.125,2016.0,36.0,36.0,-6.840000152587891,-0.0,0.3252072036266327,-6.0,-11.0,2.0,2016.0,0.0,0.0,0.0,0.0
2553602.125,2016.0,38.0,38.0,-7.21999979019165,-0.0,-0.3235737681388855,-7.0,-11.0,0.0,2016.0,0.0,0.0,0.0,0.0
2553612.126,2016.0,37.0,37.0,-7.029999732971191,-0.0,0.02496224083006382,-7.0,-11.0,5.0,2016.0,0.0,0.0,0.0,0.0
2553623.125,2016.0,37.0,37.0,-7.029999732971191,-0.0,0.02121790498495102,-7.0,-11.0,3.0,2016.0,0.0,0.0,0.0,0.0
2553633.125,2016.0,40.0,40.0,-7.599999904632568,-0.0,-0.8819646239280701,-8.0,-11.0,2.0,2016.0,0.0,0.0,0.0,0.0
2553643.126,2016.0,36.0,36.0,-6.840000152587891,-0.0,0.45032986998558044,-6.0,-11.0,3.0,2016.0,0.0,0.0,0.0,0.0
2553654.125,2016.0,36.0,36.0,-6.840000152587891,-0.0,0.38278040289878845,-6.0,-11.0,3.0,2016.0,0.0,0.0,0.0,0.0
2553664.126,2016.0,37.0,37.0,-7.029999732971191,-0.0,0.02536339871585369,-7.0,-11.0,1.0,2016.0,0.0,0.0,0.0,0.0
2553675.125,2016.0,37.0,37.0,-7.029999732971191,-0.0,0.021558890119194984,-7.0,-11.0,1.0,2016.0,0.0,0.0,0.0,0.0
2553685.748,2016.0,37.0,37.0,-7.029999732971191,-0.0,0.01832505688071251,-7.0,-11.0,0.0,2016.0,0.0,0.0,0.0,0.0
2553695.748,2016.0,35.0,35.0,-6.650000095367432,-0.0,0.6155762076377869,-6.0,-11.0,2.0,2016.0,0.0,0.0,0.0,0.0
2553705.772,2016.0,35.0,35.0,-6.650000095367432,-0.0,0.52323979139328,-6.0,-11.0,2.0,2016.0,0.0,0.0,0.0,0.0
2553715.772,2016.0,36.0,36.0,-6.840000152587891,-0.0,0.14475388824939728,-6.0,-11.0,-2.0,2016.0,0.0,0.0,0.0,0.0
2553726.125,2016.0,35.0,35.0,-6.650000095367432,-0.0,0.4230407476425171,-6.0,-11.0,-1.0,2016.0,0.0,0.0,0.0,0.0
2553736.68,2016.0,37.0,37.0,-7.029999732971191,-0.0,-0.24041526019573212,-7.0,-11.0,0.0,2016.0,0.0,0.0,0.0,0.0
2553746.68,2016.0,41.0,41.0,-7.789999961853027,-0.0,-1.4043527841567993,-9.0,-11.0,1.0,2016.0,0.0,0.0,0.0,0.0
2553757.125,2016.0,41.0,41.0,-7.789999961853027,-0.0,-1.1936999559402466,-8.0,-11.0,1.0,2016.0,0.0,0.0,0.0,0.0
2553767.125,2016.0,37.0,37.0,-7.029999732971191,-0.0,0.1853548139333725,-6.0,-11.0,0.0,2016.0,0.0,0.0,0.0,0.0
2553777.505,2016.0,37.0,37.0,-7.029999732971191,-0.0,0.1575516015291214,-6.0,-11.0,0.0,2016.0,0.0,0.0,0.0,0.0
2553788.125,2016.0,37.0,37.0,-7.029999732971191,-0.0,0.1339188665151596,-6.0,-11.0,1.0,2016.0,0.0,0.0,0.0,0.0
2553798.126,2016.0,39.0,39.0,-7.409999847412109,-0.0,-0.48616886138916016,-7.0,-11.0,-1.0,2016.0,0.0,0.0,0.0,0.0
2553808.721,2016.0,38.0,38.0,-7.21999979019165,-0.0,-0.11324359476566315,-7.0,-11.0,1.0,2016.0,0.0,0.0,0.0,0.0
2553818.722,2016.0,36.0,36.0,-6.840000152587891,-0.0,0.5037428736686707,-6.0,-11.0,2.0,2016.0,0.0,0.0,0.0,0.0
2553828.722,2016.0,36.0,36.0,-6.840000152587891,-0.0,0.4281814694404602,-6.0,-11.0,2.0,2016.0,0.0,0.0,0.0,0.0
2553838.722,2016.0,40.0,40.0,-7.599999904632568,-0.0,-0.8360455632209778,-8.0,-11.0,5.0,2016.0,0.0,0.0,0.0,0.0
2553848.722,2016.0,37.0,37.0,-7.029999732971191,-0.0,0.189361110329628,-6.0,-11.0,2.0,2016.0,0.0,0.0,0.0,0.0
2553859.125,2016.0,37.0,37.0,-7.029999732971191,-0.0,0.1609569489955902,-6.0,-11.0,2.0,2016.0,0.0,0.0,0.0,0.0
2553869.126,2016.0,35.0,35.0,-6.650000095367432,-0.0,0.7368133068084717,-5.0,-11.0,0.0,2016.0,0.0,0.0,0.0,0.0
2553879.126,2016.0,36.0,36.0,-6.840000152587891,-0.0,0.32629138231277466,-6.0,-11.0,2.0,2016.0,0.0,0.0,0.0,0.0
2553889.126,2016.0,37.0,37.0,-7.029999732971191,-0.0,-0.022652270272374153,-7.0,-11.0,1.0,2016.0,0.0,0.0,0.0,0.0
2553899.126,2016.0,38.0,38.0,-7.21999979019165,-0.0,-0.3192543685436249,-7.0,-11.0,-1.0,2016.0,0.0,0.0,0.0,0.0
2553909.359,2016.0,38.0,38.0,-7.21999979019165,-0.0,-0.2713662087917328,-7.0,-11.0,-1.0,2016.0,0.0,0.0,0.0,0.0
2553919.359,2016.0,39.0,39.0,-7.409999847412109,-0.0,-0.5306612253189087,-7.0,-11.0,2.0,2016.0,0.0,0.0,0.0,0.0
2553930.125,2016.0,38.0,38.0,-7.21999979019165,-0.0,-0.15106210112571716,-7.0,-11.0,1.0,2016.0,0.0,0.0,0.0,0.0
2553940.126,2016.0,37.0,37.0,-7.029999732971191,-0.0,0.1715971678495407,-6.0,-11.0,4.0,2016.0,0.0,0.0,0.0,0.0
2553950.127,2016.0,38.0,38.0,-7.21999979019165,-0.0,-0.1541423499584198,-7.0,-11.0,-2.0,2016.0,0.0,0.0,0.0,0.0
2553961.098,2016.0,37.0,37.0,-7.029999732971191,-0.0,0.16897894442081451,-6.0,-11.0,2.0,2016.0,0.0,0.0,0.0,0.0
2553972.32,2016.0,35.0,35.0,-6.650000095367432,-0.0,0.7220872044563293,-5.0,-11.0,2.0,2016.0,0.0,0.0,0.0,0.0
2553983.125,2016.0,40.0,40.0,-7.599999904632568,-0.0,-0.8862256407737732,-8.0,-11.0,1.0,2016.0,0.0,0.0,0.0,0.0
2553993.381,2016.0,35.0,35.0,-6.650000095367432,-0.0,0.7467079162597656,-5.0,-11.0,1.0,2016.0,0.0,0.0,0.0,0.0
2554004.125,2016.0,35.0,35.0,-6.650000095367432,-0.0,0.6347017288208008,-6.0,-11.0,3.0,2016.0,0.0,0.0,0.0,0.0
2554015.125,2016.0,39.0,39.0,-7.409999847412109,-0.0,-0.6605033278465271,-8.0,-11.0,-1.0,2016.0,0.0,0.0,0.0,0.0
2554026.125,2016.0,39.0,39.0,-7.409999847412109,-0.0,-0.5614278316497803,-7.0,-11.0,0.0,2016.0,0.0,0.0,0.0,0.0
2554036.901,2016.0,37.0,37.0,-7.029999732971191,-0.0,0.12278623133897781,-6.0,-11.0,1.0,2016.0,0.0,0.0,0.0,0.0
2554046.902,2016.0,37.0,37.0,-7.029999732971191,-0.0,0.10436829924583435,-6.0,-11.0,1.0,2016.0,0.0,0.0,0.0,0.0
2554057.126,2016.0,37.0,37.0,-7.029999732971191,-0.0,0.08871305733919144,-6.0,-11.0,3.0,2016.0,0.0,0.0,0.0,0.0
2554067.964,2016.0,40.0,40.0,-7.599999904632568,-0.0,-0.8245937824249268,-8.0,-11.0,0.0,2016.0,0.0,0.0,0.0,0.0
2554078.125,2016.0,38.0,38.0,-7.21999979019165,-0.0,-0.10090482980012894,-7.0,-11.0,3.0,2016.0,0.0,0.0,0.0,0.0
2554088.125,2016.0,38.0,38.0,-7.21999979019165,-0.0,-0.08576910942792892,-7.0,-11.0,4.0,2016.0,0.0,0.0,0.0,0.0
2554098.125,2016.0,37.0,37.0,-7.029999732971191,-0.0,0.22709619998931885,-6.0,-11.0,3.0,2016.0,0.0,0.0,0.0,0.0
2554108.126,2016.0,37.0,37.0,-7.029999732971191,-0.0,0.19303177297115326,-6.0,-11.0,0.0,2016.0,0.0,0.0,0.0,0.0
2554119.125,2016.0,35.0,35.0,-6.650000095367432,-0.0,0.7640768885612488,-5.0,-11.0,3.0,2016.0,0.0,0.0,0.0,0.0
2554129.125,2016.0,35.0,35.0,-6.650000095367432,-0.0,0.6494653820991516,-6.0,-11.0,3.0,2016.0,0.0,0.0,0.0,0.0
2554139.125,2016.0,33.0,33.0,-6.269999980926514,-0.0,1.152045488357544,-5.0,-11.0,-2.0,2016.0,0.0,0.0,0.0,0.0
2554149.126,2015.0,36.0,36.0,-6.840000152587891,-0.0,0.07923883199691772,-6.0,-11.0,0.0,2016.0,0.0,0.0,0.0,0.0
2554159.127,2016.0,37.0,37.0,-7.029999732971191,-0.0,-0.23264694213867188,-7.0,-11.0,1.0,2016.0,0.0,0.0,0.0,0.0
2554169.853,2016.0,37.0,37.0,-7.029999732971191,-0.0,-0.19774991273880005,-7.0,-11.0,6.0,2016.0,0.0,0.0,0.0,0.0
2554180.125,2016.0,36.0,36.0,-6.840000152587891,-0.0,0.13191251456737518,-6.0,-11.0,4.0,2016.0,0.0,0.0,0.0,0.0
2554190.125,2016.0,35.0,35.0,-6.650000095367432,-0.0,0.4121255874633789,-6.0,-11.0,3.0,2016.0,0.0,0.0,0.0,0.0
2554200.126,2016.0,33.0,33.0,-6.269999980926514,-0.0,0.9503066539764404,-5.0,-11.0,3.0,2016.0,0.0,0.0,0.0,0.0
2554210.127,2016.0,38.0,38.0,-7.21999979019165,-0.0,-0.6922391057014465,-7.0,-11.0,1.0,2016.0,0.0,0.0,0.0,0.0
2554221.125,2016.0,38.0,38.0,-7.21999979019165,-0.0,-0.5884032845497131,-7.0,-11.0,1.0,2016.0,0.0,0.0,0.0,0.0
2554231.125,2016.0,37.0,37.0,-7.029999732971191,-0.0,-0.20014286041259766,-7.0,-11.0,2.0,2016.0,0.0,0.0,0.0,0.0
2554242.157,2016.0,38.0,38.0,-7.21999979019165,-0.0,-0.4701213836669922,-7.0,-11.0,3.0,2016.0,0.0,0.0,0.0,0.0
2554252.157,2016.0,38.0,38.0,-7.21999979019165,-0.0,-0.3996031880378723,-7.0,-11.0,-2.0,2016.0,0.0,0.0,0.0,0.0
2554262.778,2016.0,38.0,38.0,-7.21999979019165,-0.0,-0.33966273069381714,-7.0,-11.0,-2.0,2016.0,0.0,0.0,0.0,0.0
2554273.125,2016.0,38.0,38.0,-7.21999979019165,-0.0,-0.28871333599090576,-7.0,-11.0,2.0,2016.0,0.0,0.0,0.0,0.0
2554283.125,2016.0,35.0,35.0,-6.650000095367432,-0.0,0.6545935273170471,-5.0,-11.0,2.0,2016.0,0.0,0.0,0.0,0.0
2554293.126,2016.0,35.0,35.0,-6.650000095367432,-0.0,0.5564045310020447,-6.0,-11.0,0.0,2016.0,0.0,0.0,0.0,0.0
2554303.127,2016.0,37.0,37.0,-7.029999732971191,-0.0,-0.1270560473203659,-7.0,-11.0,2.0,2016.0,0.0,0.0,0.0,0.0
2554314.125,2016.0,38.0,38.0,-7.21999979019165,-0.0,-0.40799760818481445,-7.0,-11.0,0.0,2016.0,0.0,0.0,0.0,0.0
2554325.126,2016.0,35.0,35.0,-6.650000095367432,-0.0,0.6502215266227722,-5.0,-11.0,3.0,2016.0,0.0,0.0,0.0,0.0
2554336.235,2016.0,41.0,41.0,-7.789999961853027,-0.0,-1.2473113536834717,-9.0,-11.0,1.0,2016.0,0.0,0.0,0.0,0.0
2554346.236,2016.0,37.0,37.0,-7.029999732971191,-0.0,0.13978512585163116,-6.0,-11.0,1.0,2016.0,0.0,0.0,0.0,0.0
2554356.237,2016.0,36.0,36.0,-6.840000152587891,-0.0,0.41881731152534485,-6.0,-11.0,2.0,2016.0,0.0,0.0,0.0,0.0
2554367.121,2016.0,35.0,35.0,-6.650000095367432,-0.0,0.6559946537017822,-5.0,-11.0,1.0,2016.0,0.0,0.0,0.0,0.0
2554377.121,2016.0,38.0,38.0,-7.21999979019165,-0.0,-0.34240439534187317,-7.0,-11.0,3.0,2016.0,0.0,0.0,0.0,0.0
2554387.122,2015.0,39.0,39.0,-7.409999847412109,-0.0,-0.5910437107086182,-8.0,-11.0,2.0,2016.0,0.0,0.0,0.0,0.0
2554398.098,2016.0,38.0,38.0,-7.21999979019165,-0.0,-0.20238721370697021,-7.0,-11.0,1.0,2016.0,0.0,0.0,0.0,0.0
2554408.098,2016.0,36.0,36.0,-6.840000152587891,-0.0,0.4279707670211792,-6.0,-11.0,-1.0,2016.0,0.0,0.0,0.0,0.0
2554418.098,2016.0,37.0,37.0,-7.029999732971191,-0.0,0.0637752115726471,-6.0,-11.0,-3.0,2016.0,0.0,0.0,0.0,0.0
2554428.417,2016.0,37.0,37.0,-7.029999732971191,-0.0,0.05420893058180809,-6.0,-11.0,-3.0,2016.0,0.0,0.0,0.0,0.0
2554438.418,2015.0,36.0,36.0,-6.840000152587891,-0.0,0.3460775315761566,-6.0,-11.0,2.0,2016.0,0.0,0.0,0.0,0.0
2554448.419,2016.0,36.0,36.0,-6.840000152587891,-0.0,0.2941659092903137,-6.0,-11.0,3.0,2016.0,0.0,0.0,0.0,0.0
2554459.135,2016.0,33.0,33.0,-6.269999980926514,-0.0,1.150040864944458,-5.0,-11.0,1.0,2016.0,0.0,0.0,0.0,0.0
2554469.135,2016.0,39.0,39.0,-7.409999847412109,-0.0,-0.8224649429321289,-8.0,-11.0,0.0,2016.0,0.0,0.0,0.0,0.0
2554480.125,2016.0,36.0,36.0,-6.840000152587891,-0.0,0.20090463757514954,-6.0,-11.0,1.0,2016.0,0.0,0.0,0.0,0.0
2554491.125,2015.0,37.0,37.0,-7.029999732971191,-0.0,-0.12923100590705872,-7.0,-11.0,1.0,2016.0,0.0,0.0,0.0,0.0
2554502.292,2016.0,37.0,37.0,-7.029999732971191,-0.0,-0.10984636098146439,-7.0,-11.0,0.0,2016.0,0.0,0.0,0.0,0.0
2554512.292,2016.0,36.0,36.0,-6.840000152587891,-0.0,0.20663054287433624,-6.0,-11.0,1.0,2016.0,0.0,0.0,0.0,0.0
2554523.126,2016.0,37.0,37.0,-7.029999732971191,-0.0,-0.1243639886379242,-7.0,-11.0,-1.0,2016.0,0.0,0.0,0.0,0.0
2554533.127,2016.0,38.0,38.0,-7.21999979019165,-0.0,-0.4057093560695648,-7.0,-11.0,2.0,2016.0,0.0,0.0,0.0,0.0
2554543.128,2016.0,38.0,38.0,-7.21999979019165,-0.0,-0.3448529541492462,-7.0,-11.0,1.0,2016.0,0.0,0.0,0.0,0.0
2554553.128,2016.0,36.0,36.0,-6.840000152587891,-0.0,0.3068748712539673,-6.0,-11.0,3.0,2016.0,0.0,0.0,0.0,0.0
2554563.129,2016.0,38.0,38.0,-7.21999979019165,-0.0,-0.33915627002716064,-7.0,-11.0,3.0,2016.0,0.0,0.0,0.0,0.0
2554574.121,2016.0,37.0,37.0,-7.029999732971191,-0.0,0.011717114597558975,-7.0,-11.0,1.0,2016.0,0.0,0.0,0.0,0.0
2554585.125,2016.0,37.0,37.0,-7.029999732971191,-0.0,0.009959547780454159,-7.0,-11.0,1.0,2016.0,0.0,0.0,0.0,0.0
2554596.125,2016.0,38.0,38.0,-7.21999979019165,-0.0,-0.29153433442115784,-7.0,-11.0,3.0,2016.0,0.0,0.0,0.0,0.0
2554606.126,2016.0,36.0,36.0,-6.840000152587891,-0.0,0.35219570994377136,-6.0,-11.0,3.0,2016.0,0.0,0.0,0.0,0.0
2554616.127,2016.0,36.0,36.0,-6.840000152587891,-0.0,0.2993663549423218,-6.0,-11.0,4.0,2016.0,0.0,0.0,0.0,0.0
2554627.125,2016.0,35.0,35.0,-6.650000095367432,-0.0,0.516292154788971,-6.0,-11.0,2.0,2016.0,0.0,0.0,0.0,0.0
2554638.125,2016.0,40.0,40.0,-7.599999904632568,-0.0,-1.061151385307312,-8.0,-11.0,2.0,2016.0,0.0,0.0,0.0,0.0
2554649.125,2016.0,38.0,38.0,-7.21999979019165,-0.0,-0.30197879672050476,-7.0,-11.0,0.0,2016.0,0.0,0.0,0.0,0.0
2554659.126,2016.0,38.0,38.0,-7.21999979019165,-0.0,-0.25668197870254517,-7.0,-11.0,3.0,2016.0,0.0,0.0,0.0,0.0
2554670.098,2016.0,38.0,38.0,-7.21999979019165,-0.0,-0.21817968785762787,-7.0,-11.0,0.0,2016.0,0.0,0.0,0.0,0.0
2554681.125,2016.0,36.0,36.0,-6.840000152587891,-0.0,0.4145471751689911,-6.0,-11.0,1.0,2016.0,0.0,0.0,0.0,0.0
2554691.125,2016.0,39.0,39.0,-7.409999847412109,-0.0,-0.5476347208023071,-7.0,-11.0,2.0,2016.0,0.0,0.0,0.0,0.0
2554701.63,2016.0,35.0,35.0,-6.650000095367432,-0.0,0.7345103025436401,-5.0,-11.0,3.0,2016.0,0.0,0.0,0.0,0.0
2554711.63,2016.0,38.0,38.0,-7.21999979019165,-0.0,-0.27566608786582947,-7.0,-11.0,0.0,2016.0,0.0,0.0,0.0,0.0
2554722.125,2016.0,36.0,36.0,-6.840000152587891,-0.0,0.36568373441696167,-6.0,-11.0,2.0,2016.0,0.0,0.0,0.0,0.0
2554732.126,2016.0,37.0,37.0,-7.029999732971191,-0.0,0.010831230320036411,-7.0,-11.0,-2.0,2016.0,0.0,0.0,0.0,0.0
2554743.183,2016.0,37.0,37.0,-7.029999732971191,-0.0,0.00920654647052288,-7.0,-11.0,2.0,2016.0,0.0,0.0,0.0,0.0
2554753.184,2016.0,38.0,38.0,-7.21999979019165,-0.0,-0.29217439889907837,-7.0,-11.0,-2.0,2016.0,0.0,0.0,0.0,0.0
2554764.125,2016.0,35.0,35.0,-6.650000095367432,-0.0,0.6516516208648682,-5.0,-11.0,0.0,2016.0,0.0,0.0,0.0,0.0
2554774.126,2016.0,38.0,38.0,-7.21999979019165,-0.0,-0.3460959494113922,-7.0,-11.0,1.0,2016.0,0.0,0.0,0.0,0.0
2554785.125,2016.0,35.0,35.0,-6.650000095367432,-0.0,0.6058182716369629,-6.0,-11.0,2.0,2016.0,0.0,0.0,0.0,0.0
2554796.125,2016.0,38.0,38.0,-7.21999979019165,-0.0,-0.3850543200969696,-7.0,-11.0,0.0,2016.0,0.0,0.0,0.0,0.0
2554806.126,2016.0,37.0,37.0,-7.029999732971191,-0.0,-0.02729622833430767,-7.0,-11.0,2.0,2016.0,0.0,0.0,0.0,0.0
2554817.125,2016.0,36.0,36.0,-6.840000152587891,-0.0,0.27679815888404846,-6.0,-11.0,1.0,2016.0,0.0,0.0,0.0,0.0
2554827.125,2016.0,42.0,42.0,-7.980000019073486,-0.0,-1.5647212266921997,-9.0,-11.0,0.0,2016.0,0.0,0.0,0.0,0.0
2554838.175,2016.0,37.0,37.0,-7.029999732971191,-0.0,0.16998668015003204,-6.0,-11.0,0.0,2016.0,0.0,0.0,0.0,0.0
2554848.176,2016.0,38.0,38.0,-7.21999979019165,-0.0,-0.155511274933815,-7.0,-11.0,1.0,2016.0,0.0,0.0,0.0,0.0
2554858.176,2016.0,38.0,38.0,-7.21999979019165,-0.0,-0.13218457996845245,-7.0,-11.0,2.0,2016.0,0.0,0.0,0.0,0.0
2554868.798,2015.0,38.0,38.0,-7.21999979019165,-0.0,-0.18550333380699158,-7.0,-11.0,3.0,2016.0,0.0,0.0,0.0,0.0
2554879.041,2016.0,36.0,36.0,-6.840000152587891,-0.0,0.4423220753669739,-6.0,-11.0,2.0,2016.0,0.0,0.0,0.0,0.0
2554890.125,2016.0,37.0,37.0,-7.029999732971191,-0.0,0.07597382366657257,-6.0,-11.0,4.0,2016.0,0.0,0.0,0.0,0.0
2554900.13,2016.0,36.0,36.0,-6.840000152587891,-0.0,0.3645777106285095,-6.0,-11.0,5.0,2016.0,0.0,0.0,0.0,0.0
2554911.098,2016.0,38.0,38.0,-7.21999979019165,-0.0,-0.2901088297367096,-7.0,-11.0,5.0,2016.0,0.0,0.0,0.0,0.0
2554922.125,2016.0,37.0,37.0,-7.029999732971191,-0.0,0.053407441824674606,-6.0,-11.0,0.0,2016.0,0.0,0.0,0.0,0.0
2554933.125,2016.0,38.0,38.0,-7.21999979019165,-0.0,-0.25460362434387207,-7.0,-11.0,0.0,2016.0,0.0,0.0,0.0,0.0
2554944.125,2016.0,37.0,37.0,-7.029999732971191,-0.0,0.08358686417341232,-6.0,-11.0,2.0,2016.0,0.0,0.0,0.0,0.0
2554954.125,2016.0,38.0,38.0,-7.21999979019165,-0.0,-0.2289511114358902,-7.0,-11.0,0.0,2016.0,0.0,0.0,0.0,0.0
2554964.126,2016.0,38.0,38.0,-7.21999979019165,-0.0,-0.19460844993591309,-7.0,-11.0,0.0,2016.0,0.0,0.0,0.0,0.0
2554975.125,2016.0,39.0,39.0,-7.409999847412109,-0.0,-0.46541714668273926,-7.0,-11.0,0.0,2016.0,0.0,0.0,0.0,0.0
2554986.125,2016.0,37.0,37.0,-7.029999732971191,-0.0,0.2043953239917755,-6.0,-11.0,2.0,2016.0,0.0,0.0,0.0,0.0
2554996.126,2016.0,37.0,37.0,-7.029999732971191,-0.0,0.17373603582382202,-6.0,-11.0,-3.0,2016.0,0.0,0.0,0.0,0.0
2555007.125,2016.0,38.0,38.0,-7.21999979019165,-0.0,-0.15232431888580322,-7.0,-11.0,0.0,2016.0,0.0,0.0,0.0,0.0
2555017.126,2016.0,39.0,39.0,-7.409999847412109,-0.0,-0.4294756352901459,-7.0,-11.0,1.0,2016.0,0.0,0.0,0.0,0.0
2555027.127,2016.0,39.0,39.0,-7.409999847412109,-0.0,-0.36505430936813354,-7.0,-11.0,1.0,2016.0,0.0,0.0,0.0,0.0
2555037.128,2016.0,35.0,35.0,-6.650000095367432,-0.0,0.889703631401062,-5.0,-11.0,0.0,2016.0,0.0,0.0,0.0,0.0
2555047.129,2016.0,36.0,36.0,-6.840000152587891,-0.0,0.4562481641769409,-6.0,-11.0,2.0,2016.0,0.0,0.0,0.0,0.0
2555057.129,2016.0,37.0,37.0,-7.029999732971191,-0.0,0.08781100064516068,-6.0,-11.0,1.0,2016.0,0.0,0.0,0.0,0.0
2555067.13,2016.0,39.0,39.0,-7.409999847412109,-0.0,-0.5253605246543884,-7.0,-11.0,-2.0,2016.0,0.0,0.0,0.0,0.0
2555077.13,2016.0,37.0,37.0,-7.029999732971191,-0.0,0.15344344079494476,-6.0,-11.0,2.0,2016.0,0.0,0.0,0.0,0.0
2555088.125,2016.0,36.0,36.0,-6.840000152587891,-0.0,0.43042686581611633,-6.0,-11.0,3.0,2016.0,0.0,0.0,0.0,0.0
2555098.125,2016.0,36.0,36.0,-6.840000152587891,-0.0,0.3658628463745117,-6.0,-11.0,3.0,2016.0,0.0,0.0,0.0,0.0
2555109.125,2016.0,40.0,40.0,-7.599999904632568,-0.0,-0.8890163898468018,-8.0,-11.0,3.0,2016.0,0.0,0.0,0.0,0.0
2555119.126,2016.0,42.0,42.0,-7.980000019073486,-0.0,-1.3556638956069946,-9.0,-11.0,2.0,2016.0,0.0,0.0,0.0,0.0
2555129.126,2016.0,41.0,41.0,-7.789999961853027,-0.0,-0.8523144125938416,-8.0,-11.0,2.0,2016.0,0.0,0.0,0.0,0.0
2555140.125,2016.0,40.0,40.0,-7.599999904632568,-0.0,-0.4244673252105713,-8.0,-11.0,5.0,2016.0,0.0,0.0,0.0,0.0
2555151.13,2016.0,35.0,35.0,-6.650000095367432,-0.0,1.0583221912384033,-5.0,-11.0,-2.0,2016.0,0.0,0.0,0.0,0.0
2555161.131,2016.0,37.0,37.0,-7.029999732971191,-0.0,0.29957398772239685,-6.0,-11.0,2.0,2016.0,0.0,0.0,0.0,0.0
2555171.132,2016.0,36.0,37.0,-7.029999732971191,-0.0,0.29957398772239685,-6.0,-11.0,0.0,2016.0,0.0,0.0,0.0,0.0
2555181.133,2016.0,36.0,36.0,-6.840000152587891,-0.0,0.5546378493309021,-6.0,-11.0,0.0,2016.0,0.0,0.0,0.0,0.0
2555191.133,2016.0,36.0,36.0,-6.840000152587891,-0.0,0.47144219279289246,-6.0,-11.0,0.0,2016.0,0.0,0.0,0.0,0.0
2555201.134,2016.0,40.0,40.0,-7.599999904632568,-0.0,-0.7992739081382751,-8.0,-11.0,0.0,2016.0,0.0,0.0,0.0,0.0
2555212.041,2016.0,35.0,35.0,-6.650000095367432,-0.0,0.8325243592262268,-5.0,-11.0,-2.0,2016.0,0.0,0.0,0.0,0.0
2555222.042,2016.0,35.0,35.0,-6.650000095367432,-0.0,0.7076457142829895,-5.0,-11.0,2.0,2016.0,0.0,0.0,0.0,0.0
2555233.126,2016.0,42.0,42.0,-7.980000019073486,-0.0,-1.4985008239746094,-9.0,-11.0,0.0,2016.0,0.0,0.0,0.0,0.0
2555243.127,2016.0,42.0,42.0,-7.980000019073486,-0.0,-1.2737257480621338,-9.0,-11.0,0.0,2016.0,0.0,0.0,0.0,0.0
2555254.125,2016.0,38.0,38.0,-7.21999979019165,-0.0,0.11733289062976837,-7.0,-11.0,0.0,2016.0,0.0,0.0,0.0,0.0
2555264.126,2016.0,38.0,38.0,-7.21999979019165,-0.0,0.09973295778036118,-7.0,-11.0,3.0,2016.0,0.0,0.0,0.0,0.0
2555274.127,2016.0,41.0,41.0,-7.789999961853027,-0.0,-0.8152268528938293,-8.0,-11.0,0.0,2016.0,0.0,0.0,0.0,0.0
2555285.098,2016.0,39.0,39.0,-7.409999847412109,-0.0,-0.09294293820858002,-7.0,-11.0,3.0,2016.0,0.0,0.0,0.0,0.0
2555296.125,2016.0,35.0,35.0,-6.650000095367432,-0.0,1.1209982633590698,-5.0,-11.0,4.0,2016.0,0.0,0.0,0.0,0.0
2555306.471,2016.0,37.0,37.0,-7.029999732971191,-0.0,0.3528486490249634,-6.0,-11.0,1.0,2016.0,0.0,0.0,0.0,0.0
2555316.472,2016.0,37.0,37.0,-7.029999732971191,-0.0,0.2999213635921478,-6.0,-11.0,2.0,2016.0,0.0,0.0,0.0,0.0
2555327.125,2016.0,38.0,38.0,-7.21999979019165,-0.0,-0.04506678506731987,-7.0,-11.0,2.0,2016.0,0.0,0.0,0.0,0.0
2555337.126,2016.0,36.0,36.0,-6.840000152587891,-0.0,0.5616931319236755,-6.0,-11.0,-2.0,2016.0,0.0,0.0,0.0,0.0
2555348.121,2016.0,40.0,40.0,-7.599999904632568,-0.0,-0.7225606441497803,-8.0,-11.0,-1.0,2016.0,0.0,0.0,0.0,0.0
2555359.125,2016.0,36.0,36.0,-6.840000152587891,-0.0,0.5858232378959656,-6.0,-11.0,-1.0,2016.0,0.0,0.0,0.0,0.0
2555370.125,2016.0,35.0,35.0,-6.650000095367432,-0.0,0.7979497313499451,-5.0,-11.0,2.0,2016.0,0.0,0.0,0.0,0.0
2555380.439,2016.0,33.0,33.0,-6.269999980926514,-0.0,1.2782572507858276,-4.0,-11.0,-1.0,2016.0,0.0,0.0,0.0,0.0
2555390.44,2016.0,38.0,38.0,-7.21999979019165,-0.0,-0.41348105669021606,-7.0,-11.0,-1.0,2016.0,0.0,0.0,0.0,0.0
2555400.44,2016.0,36.0,36.0,-6.840000152587891,-0.0,0.248540997505188,-6.0,-11.0,2.0,2016.0,0.0,0.0,0.0,0.0
2555410.441,2016.0,35.0,35.0,-6.650000095367432,-0.0,0.5112597942352295,-6.0,-11.0,2.0,2016.0,0.0,0.0,0.0,0.0
2555420.442,2016.0,35.0,35.0,-6.650000095367432,-0.0,0.434570848941803,-6.0,-11.0,2.0,2016.0,0.0,0.0,0.0,0.0
2555430.443,2016.0,39.0,39.0,-7.409999847412109,-0.0,-0.8306145668029785,-8.0,-11.0,1.0,2016.0,0.0,0.0,0.0,0.0
2555441.125,2016.0,37.0,37.0,-7.029999732971191,-0.0,-0.10602249950170517,-7.0,-11.0,0.0,2016.0,0.0,0.0,0.0,0.0
2555451.125,2016.0,38.0,38.0,-7.21999979019165,-0.0,-0.3901190757751465,-7.0,-11.0,-2.0,2016.0,0.0,0.0,0.0,0.0
2555461.125,2016.0,38.0,38.0,-7.21999979019165,-0.0,-0.33160123229026794,-7.0,-11.0,-2.0,2016.0,0.0,0.0,0.0,0.0
2555471.315,2016.0,38.0,38.0,-7.21999979019165,-0.0,-0.2818610668182373,-7.0,-11.0,1.0,2016.0,0.0,0.0,0.0,0.0
2555481.315,2016.0,39.0,39.0,-7.409999847412109,-0.0,-0.5395818948745728,-7.0,-11.0,0.0,2016.0,0.0,0.0,0.0,0.0
2555491.316,2016.0,39.0,39.0,-7.409999847412109,-0.0,-0.4586446285247803,-7.0,-11.0,0.0,2016.0,0.0,0.0,0.0,0.0
2555502.125,2016.0,36.0,36.0,-6.840000152587891,-0.0,0.5101519227027893,-6.0,-11.0,4.0,2016.0,0.0,0.0,0.0,0.0
2555512.126,2015.0,39.0,39.0,-7.409999847412109,-0.0,-0.46637070178985596,-7.0,-11.0,-1.0,2015.0,0.0,0.0,0.0,0.0
2555523.125,2016.0,39.0,39.0,-7.409999847412109,-0.0,-0.396415114402771,-7.0,-11.0,-1.0,2015.0,0.0,0.0,0.0,0.0
2555534.125,2016.0,37.0,37.0,-7.029999732971191,-0.0,0.3135899603366852,-6.0,-11.0,1.0,2015.0,0.0,0.0,0.0,0.0
2555545.125,2016.0,35.0,35.0,-6.650000095367432,-0.0,0.866551399230957,-5.0,-11.0,0.0,2015.0,0.0,0.0,0.0,0.0
2555555.126,2016.0,35.0,35.0,-6.650000095367432,-0.0,0.7365686893463135,-5.0,-11.0,1.0,2015.0,0.0,0.0,0.0,0.0
2555566.125,2016.0,38.0,38.0,-7.21999979019165,-0.0,-0.27391645312309265,-7.0,-11.0,2.0,2015.0,0.0,0.0,0.0,0.0
2555576.126,2016.0,39.0,39.0,-7.409999847412109,-0.0,-0.5328289270401001,-7.0,-11.0,0.0,2015.0,0.0,0.0,0.0,0.0
2555586.127,2016.0,38.0,38.0,-7.21999979019165,-0.0,-0.15290464460849762,-7.0,-11.0,0.0,2015.0,0.0,0.0,0.0,0.0
2555596.951,2016.0,40.0,40.0,-7.599999904632568,-0.0,-0.7299688458442688,-8.0,-11.0,3.0,2015.0,0.0,0.0,0.0,0.0
2555606.951,2016.0,39.0,39.0,-7.409999847412109,-0.0,-0.3204735815525055,-7.0,-11.0,-3.0,2016.0,0.0,0.0,0.0,0.0
2555616.952,2016.0,37.0,37.0,-7.029999732971191,-0.0,0.32759734988212585,-6.0,-11.0,0.0,2016.0,0.0,0.0,0.0,0.0
2555626.953,2016.0,35.0,35.0,-6.650000095367432,-0.0,0.8784576654434204,-5.0,-11.0,2.0,2016.0,0.0,0.0,0.0,0.0
2555637.129,2016.0,39.0,39.0,-7.409999847412109,-0.0,-0.4533107578754425,-7.0,-11.0,-1.0,2016.0,0.0,0.0,0.0,0.0
2555647.13,2016.0,38.0,38.0,-7.21999979019165,-0.0,-0.08531419932842255,-7.0,-11.0,1.0,2016.0,0.0,0.0,0.0,0.0
2555658.125,2016.0,35.0,35.0,-6.650000095367432,-0.0,0.8274827599525452,-5.0,-11.0,0.0,2016.0,0.0,0.0,0.0,0.0
2555668.125,2015.0,37.0,37.0,-7.029999732971191,-0.0,0.10336045920848846,-6.0,-11.0,1.0,2016.0,0.0,0.0,0.0,0.0
2555678.126,2016.0,35.0,35.0,-6.650000095367432,-0.0,0.6878563165664673,-5.0,-11.0,6.0,2016.0,0.0,0.0,0.0,0.0
2555688.127,2016.0,36.0,36.0,-6.840000152587891,-0.0,0.2846779227256775,-6.0,-11.0,3.0,2016.0,0.0,0.0,0.0,0.0
2555698.128,2016.0,36.0,36.0,-6.840000152587891,-0.0,0.24197624623775482,-6.0,-11.0,2.0,2016.0,0.0,0.0,0.0,0.0
2555709.125,2016.0,38.0,38.0,-7.21999979019165,-0.0,-0.3943201005458832,-7.0,-11.0,0.0,2016.0,0.0,0.0,0.0,0.0
2555719.126,2016.0,40.0,40.0,-7.599999904632568,-0.0,-0.9351720213890076,-8.0,-11.0,2.0,2016.0,0.0,0.0,0.0,0.0
2555729.126,2016.0,37.0,37.0,-7.029999732971191,-0.0,0.10510361939668655,-6.0,-11.0,2.0,2016.0,0.0,0.0,0.0,0.0
2555740.125,2016.0,39.0,39.0,-7.409999847412109,-0.0,-0.5106618404388428,-7.0,-11.0,2.0,2016.0,0.0,0.0,0.0,0.0
2555750.219,2016.0,39.0,39.0,-7.409999847412109,-0.0,-0.43406257033348083,-7.0,-11.0,0.0,2016.0,0.0,0.0,0.0,0.0
2555760.22,2016.0,37.0,37.0,-7.029999732971191,-0.0,0.23104670643806458,-6.0,-11.0,3.0,2016.0,0.0,0.0,0.0,0.0
2555771.125,2016.0,36.0,36.0,-6.840000152587891,-0.0,0.4963896572589874,-6.0,-11.0,3.0,2016.0,0.0,0.0,0.0,0.0
2555781.126,2016.0,37.0,37.0,-7.029999732971191,-0.0,0.12193126976490021,-6.0,-11.0,4.0,2016.0,0.0,0.0,0.0,0.0
2555791.73,2016.0,39.0,39.0,-7.409999847412109,-0.0,-0.49635833501815796,-7.0,-11.0,0.0,2016.0,0.0,0.0,0.0,0.0
2555802.125,2016.0,38.0,38.0,-7.21999979019165,-0.0,-0.1219046413898468,-7.0,-11.0,-1.0,2016.0,0.0,0.0,0.0,0.0
2555813.125,2016.0,38.0,38.0,-7.21999979019165,-0.0,-0.10361894965171814,-7.0,-11.0,-1.0,2016.0,0.0,0.0,0.0,0.0
2555823.605,2016.0,35.0,35.0,-6.650000095367432,-0.0,0.8119237422943115,-5.0,-11.0,2.0,2016.0,0.0,0.0,0.0,0.0
2555834.125,2016.0,38.0,38.0,-7.21999979019165,-0.0,-0.20986466109752655,-7.0,-11.0,3.0,2016.0,0.0,0.0,0.0,0.0
2555844.126,2016.0,38.0,38.0,-7.21999979019165,-0.0,-0.1783849596977234,-7.0,-11.0,3.0,2016.0,0.0,0.0,0.0,0.0
2555855.125,2016.0,41.0,41.0,-7.789999961853027,-0.0,-1.0516270399093628,-8.0,-11.0,4.0,2016.0,0.0,0.0,0.0,0.0
2555865.125,2016.0,34.0,34.0,-6.460000038146973,-0.0,1.2061166763305664,-5.0,-11.0,-1.0,2016.0,0.0,0.0,0.0,0.0
2555876.121,2016.0,38.0,38.0,-7.21999979019165,-0.0,-0.17480060458183289,-7.0,-11.0,1.0,2016.0,0.0,0.0,0.0,0.0
2555887.125,2015.0,36.0,36.0,-6.840000152587891,-0.0,0.5637064576148987,-6.0,-11.0,0.0,2016.0,0.0,0.0,0.0,0.0
2555898.125,2016.0,38.0,38.0,-7.21999979019165,-0.0,-0.12084940075874329,-7.0,-11.0,0.0,2016.0,0.0,0.0,0.0,0.0
2555909.125,2016.0,37.0,37.0,-7.029999732971191,-0.0,0.1972779631614685,-6.0,-11.0,6.0,2016.0,0.0,0.0,0.0,0.0
2555919.126,2016.0,40.0,40.0,-7.599999904632568,-0.0,-0.7323135733604431,-8.0,-11.0,1.0,2016.0,0.0,0.0,0.0,0.0
2555929.14,2016.0,38.0,38.0,-7.21999979019165,-0.0,-0.02246665023267269,-7.0,-11.0,-2.0,2016.0,0.0,0.0,0.0,0.0
2555939.496,2016.0,42.0,42.0,-7.980000019073486,-0.0,-1.2190964221954346,-9.0,-11.0,3.0,2016.0,0.0,0.0,0.0,0.0
2555950.125,2016.0,34.0,34.0,-6.460000038146973,-0.0,1.3637676239013672,-5.0,-11.0,1.0,2016.0,0.0,0.0,0.0,0.0
2555960.129,2016.0,37.0,37.0,-7.029999732971191,-0.0,0.25920265913009644,-6.0,-11.0,1.0,2016.0,0.0,0.0,0.0,0.0
2555970.13,2016.0,37.0,37.0,-7.029999732971191,-0.0,0.22032226622104645,-6.0,-11.0,1.0,2016.0,0.0,0.0,0.0,0.0
2555980.13,2016.0,39.0,39.0,-7.409999847412109,-0.0,-0.4127259850502014,-7.0,-11.0,3.0,2016.0,0.0,0.0,0.0,0.0
2555991.125,2016.0,37.0,37.0,-7.029999732971191,-0.0,0.2491828054189682,-6.0,-11.0,0.0,2016.0,0.0,0.0,0.0,0.0
2556001.688,2016.0,37.0,37.0,-7.029999732971191,-0.0,0.21180538833141327,-6.0,-11.0,0.0,2016.0,0.0,0.0,0.0,0.0
2556012.125,2016.0,36.0,36.0,-6.840000152587891,-0.0,0.4800345301628113,-6.0,-11.0,4.0,2016.0,0.0,0.0,0.0,0.0
2556023.125,2016.0,37.0,37.0,-7.029999732971191,-0.0,0.10802941024303436,-6.0,-11.0,3.0,2016.0,0.0,0.0,0.0,0.0
2556033.196,2016.0,37.0,37.0,-7.029999732971191,-0.0,0.09182500094175339,-6.0,-11.0,1.0,2016.0,0.0,0.0,0.0,0.0
2556044.125,2016.0,37.0,37.0,-7.029999732971191,-0.0,0.07805125415325165,-6.0,-11.0,2.0,2016.0,0.0,0.0,0.0,0.0
2556054.126,2016.0,37.0,37.0,-7.029999732971191,-0.0,0.06634356826543808,-6.0,-11.0,0.0,2016.0,0.0,0.0,0.0,0.0
2556064.127,2016.0,37.0,37.0,-7.029999732971191,-0.0,0.056392036378383636,-6.0,-11.0,0.0,2016.0,0.0,0.0,0.0,0.0
2556075.125,2016.0,36.0,36.0,-6.840000152587891,-0.0,0.34793317317962646,-6.0,-11.0,1.0,2016.0,0.0,0.0,0.0,0.0
2556085.747,2016.0,36.0,36.0,-6.840000152587891,-0.0,0.2957431972026825,-6.0,-11.0,1.0,2016.0,0.0,0.0,0.0,0.0
2556096.141,2016.0,38.0,38.0,-7.21999979019165,-0.0,-0.34861817955970764,-7.0,-11.0,0.0,2016.0,0.0,0.0,0.0,0.0
2556106.141,2016.0,41.0,41.0,-7.789999961853027,-0.0,-1.1963253021240234,-8.0,-11.0,-1.0,2016.0,0.0,0.0,0.0,0.0
2556116.141,2016.0,41.0,41.0,-7.789999961853027,-0.0,-1.0168765783309937,-8.0,-11.0,-1.0,2016.0,0.0,0.0,0.0,0.0
2556126.144,2016.0,38.0,38.0,-7.21999979019165,-0.0,0.035654742270708084,-7.0,-11.0,3.0,2016.0,0.0,0.0,0.0,0.0
2556136.489,2016.0,40.0,40.0,-7.599999904632568,-0.0,-0.569693386554718,-8.0,-11.0,0.0,2016.0,0.0,0.0,0.0,0.0
2556147.125,2016.0,36.0,36.0,-6.840000152587891,-0.0,0.7157604098320007,-6.0,-11.0,0.0,2016.0,0.0,0.0,0.0,0.0
2556158.125,2016.0,39.0,39.0,-7.409999847412109,-0.0,-0.2916035056114197,-7.0,-11.0,0.0,2016.0,0.0,0.0,0.0,0.0
2556168.126,2016.0,34.0,34.0,-6.460000038146973,-0.0,1.2521368265151978,-5.0,-11.0,4.0,2016.0,0.0,0.0,0.0,0.0
2556178.722,2016.0,36.0,36.0,-6.840000152587891,-0.0,0.4643164277076721,-6.0,-11.0,1.0,2016.0,0.0,0.0,0.0,0.0
2556189.125,2016.0,38.0,38.0,-7.21999979019165,-0.0,-0.26453128457069397,-7.0,-11.0,0.0,2016.0,0.0,0.0,0.0,0.0
2556199.126,2016.0,37.0,38.0,-7.21999979019165,-0.0,-0.26453128457069397,-7.0,-11.0,1.0,2016.0,0.0,0.0,0.0,0.0
2556210.041,2016.0,35.0,35.0,-6.650000095367432,-0.0,0.6638759970664978,-5.0,-11.0,2.0,2016.0,0.0,0.0,0.0,0.0
2556220.102,2016.0,34.0,34.0,-6.460000038146973,-0.0,0.8642945885658264,-5.0,-11.0,-1.0,2016.0,0.0,0.0,0.0,0.0
2556230.103,2016.0,37.0,37.0,-7.029999732971191,-0.0,-0.16534943878650665,-7.0,-11.0,0.0,2016.0,0.0,0.0,0.0,0.0
2556240.103,2016.0,38.0,38.0,-7.21999979019165,-0.0,-0.44054698944091797,-7.0,-11.0,1.0,2016.0,0.0,0.0,0.0,0.0
2556251.125,2016.0,37.0,37.0,-7.029999732971191,-0.0,-0.07446499913930893,-7.0,-11.0,2.0,2016.0,0.0,0.0,0.0,0.0
2556261.125,2016.0,38.0,38.0,-7.21999979019165,-0.0,-0.36329519748687744,-7.0,-11.0,1.0,2016.0,0.0,0.0,0.0,0.0
2556271.517,2016.0,38.0,38.0,-7.21999979019165,-0.0,-0.30880093574523926,-7.0,-11.0,0.0,2016.0,0.0,0.0,0.0,0.0
2556281.518,2016.0,42.0,42.0,-7.980000019073486,-0.0,-1.4624806642532349,-9.0,-11.0,1.0,2016.0,0.0,0.0,0.0,0.0
2556292.125,2016.0,38.0,38.0,-7.21999979019165,-0.0,-0.04310879111289978,-7.0,-11.0,-1.0,2016.0,0.0,0.0,0.0,0.0
2556302.29,2015.0,39.0,39.0,-7.409999847412109,-0.0,-0.33664241433143616,-7.0,-11.0,3.0,2016.0,0.0,0.0,0.0,0.0
2556312.291,2016.0,37.0,37.0,-7.029999732971191,-0.0,0.31385383009910583,-6.0,-11.0,1.0,2016.0,0.0,0.0,0.0,0.0
2556323.125,2016.0,37.0,37.0,-7.029999732971191,-0.0,0.2667757570743561,-6.0,-11.0,2.0,2016.0,0.0,0.0,0.0,0.0
2556333.126,2016.0,38.0,38.0,-7.21999979019165,-0.0,-0.07324055582284927,-7.0,-11.0,-1.0,2016.0,0.0,0.0,0.0,0.0
2556344.126,2016.0,35.0,35.0,-6.650000095367432,-0.0,0.8377453684806824,-5.0,-11.0,0.0,2016.0,0.0,0.0,0.0,0.0
2556355.125,2015.0,36.0,36.0,-6.840000152587891,-0.0,0.41208362579345703,-6.0,-11.0,0.0,2016.0,0.0,0.0,0.0,0.0
2556366.125,2016.0,36.0,36.0,-6.840000152587891,-0.0,0.3502711057662964,-6.0,-11.0,2.0,2016.0,0.0,0.0,0.0,0.0
2556377.246,2016.0,36.0,36.0,-6.840000152587891,-0.0,0.2977304458618164,-6.0,-11.0,2.0,2016.0,0.0,0.0,0.0,0.0
2556387.247,2016.0,39.0,39.0,-7.409999847412109,-0.0,-0.6469289660453796,-8.0,-11.0,3.0,2016.0,0.0,0.0,0.0,0.0
2556397.247,2016.0,34.0,34.0,-6.460000038146973,-0.0,0.950110137462616,-5.0,-11.0,0.0,2016.0,0.0,0.0,0.0,0.0
2556407.428,2016.0,36.0,36.0,-6.840000152587891,-0.0,0.20759373903274536,-6.0,-11.0,-3.0,2016.0,0.0,0.0,0.0,0.0
2556418.125,2015.0,36.0,36.0,-6.840000152587891,-0.0,0.17645467817783356,-6.0,-11.0,2.0,2015.0,0.0,0.0,0.0,0.0
2556428.126,2016.0,37.0,37.0,-7.029999732971191,-0.0,-0.15001347661018372,-7.0,-11.0,5.0,2015.0,0.0,0.0,0.0,0.0
2556438.127,2016.0,39.0,39.0,-7.409999847412109,-0.0,-0.7275113463401794,-8.0,-11.0,2.0,2015.0,0.0,0.0,0.0,0.0
2556448.128,2016.0,36.0,36.0,-6.840000152587891,-0.0,0.2816151976585388,-6.0,-11.0,-1.0,2015.0,0.0,0.0,0.0,0.0
2556459.098,2016.0,34.0,34.0,-6.460000038146973,-0.0,0.8393728137016296,-5.0,-11.0,1.0,2015.0,0.0,0.0,0.0,0.0
2556469.098,2016.0,36.0,36.0,-6.840000152587891,-0.0,0.1134670078754425,-6.0,-11.0,-1.0,2015.0,0.0,0.0,0.0,0.0
2556479.443,2016.0,35.0,35.0,-6.650000095367432,-0.0,0.39644691348075867,-6.0,-11.0,0.0,2015.0,0.0,0.0,0.0,0.0
2556490.125,2016.0,37.0,37.0,-7.029999732971191,-0.0,-0.26302000880241394,-7.0,-11.0,-1.0,2015.0,0.0,0.0,0.0,0.0
2556500.125,2016.0,38.0,38.0,-7.21999979019165,-0.0,-0.5235669612884521,-7.0,-11.0,1.0,2015.0,0.0,0.0,0.0,0.0
2556510.125,2016.0,40.0,40.0,-7.599999904632568,-0.0,-1.0450317859649658,-8.0,-11.0,5.0,2015.0,0.0,0.0,0.0,0.0
2556520.225,2016.0,35.0,35.0,-6.650000095367432,-0.0,0.6117227077484131,-6.0,-11.0,2.0,2016.0,0.0,0.0,0.0,0.0
2556530.225,2016.0,37.0,37.0,-7.029999732971191,-0.0,-0.08003558963537216,-7.0,-11.0,1.0,2016.0,0.0,0.0,0.0,0.0
2556541.125,2015.0,37.0,37.0,-7.029999732971191,-0.0,-0.06803025305271149,-7.0,-11.0,1.0,2016.0,0.0,0.0,0.0,0.0
2556551.548,2016.0,39.0,39.0,-7.409999847412109,-0.0,-0.6578256487846375,-8.0,-11.0,2.0,2016.0,0.0,0.0,0.0,0.0
2556562.13,2016.0,39.0,39.0,-7.409999847412109,-0.0,-0.5652790069580078,-7.0,-11.0,0.0,2016.0,0.0,0.0,0.0,0.0
2556573.041,2016.0,36.0,36.0,-6.840000152587891,-0.0,0.41951268911361694,-6.0,-11.0,3.0,2016.0,0.0,0.0,0.0,0.0
2556584.041,2016.0,38.0,38.0,-7.21999979019165,-0.0,-0.24341410398483276,-7.0,-11.0,3.0,2016.0,0.0,0.0,0.0,0.0
2556594.041,2016.0,37.0,37.0,-7.029999732971191,-0.0,0.09309795498847961,-6.0,-11.0,0.0,2016.0,0.0,0.0,0.0,0.0
2556605.121,2016.0,37.0,37.0,-7.029999732971191,-0.0,0.07913326472043991,-6.0,-11.0,-1.0,2016.0,0.0,0.0,0.0,0.0
2556616.125,2016.0,40.0,40.0,-7.599999904632568,-0.0,-0.8327365517616272,-8.0,-11.0,1.0,2016.0,0.0,0.0,0.0,0.0
2556626.126,2016.0,34.0,34.0,-6.460000038146973,-0.0,1.0921735763549805,-5.0,-11.0,1.0,2016.0,0.0,0.0,0.0,0.0
2556637.125,2016.0,37.0,37.0,-7.029999732971191,-0.0,0.02834770828485489,-7.0,-11.0,-1.0,2016.0,0.0,0.0,0.0,0.0
2556647.126,2015.0,40.0,40.0,-7.599999904632568,-0.0,-0.8759043216705322,-8.0,-11.0,2.0,2016.0,0.0,0.0,0.0,0.0
2556658.125,2016.0,38.0,38.0,-7.21999979019165,-0.0,-0.14451879262924194,-7.0,-11.0,2.0,2016.0,0.0,0.0,0.0,0.0
2556668.647,2016.0,36.0,36.0,-6.840000152587891,-0.0,0.47715893387794495,-6.0,-11.0,0.0,2016.0,0.0,0.0,0.0,0.0
2556679.161,2016.0,38.0,38.0,-7.21999979019165,-0.0,-0.19441479444503784,-7.0,-11.0,2.0,2016.0,0.0,0.0,0.0,0.0
2556690.125,2016.0,37.0,37.0,-7.029999732971191,-0.0,0.13474737107753754,-6.0,-11.0,2.0,2016.0,0.0,0.0,0.0,0.0
2556700.126,2016.0,38.0,38.0,-7.21999979019165,-0.0,-0.18546468019485474,-7.0,-11.0,1.0,2016.0,0.0,0.0,0.0,0.0
2556710.127,2016.0,36.0,36.0,-6.840000152587891,-0.0,0.4423549175262451,-6.0,-11.0,-2.0,2016.0,0.0,0.0,0.0,0.0
2556721.269,2016.0,36.0,36.0,-6.840000152587891,-0.0,0.3760016858577728,-6.0,-11.0,-1.0,2016.0,0.0,0.0,0.0,0.0
2556731.27,2015.0,36.0,36.0,-6.840000152587891,-0.0,0.319601446390152,-6.0,-11.0,0.0,2016.0,0.0,0.0,0.0,0.0
2556741.27,2016.0,37.0,37.0,-7.029999732971191,-0.0,-0.028338715434074402,-7.0,-11.0,0.0,2016.0,0.0,0.0,0.0,0.0
2556751.271,2016.0,35.0,35.0,-6.650000095367432,-0.0,0.5759119987487793,-6.0,-11.0,1.0,2016.0,0.0,0.0,0.0,0.0
2556761.271,2016.0,39.0,39.0,-7.409999847412109,-0.0,-0.7104746103286743,-8.0,-11.0,4.0,2016.0,0.0,0.0,0.0,0.0
2556771.272,2016.0,37.0,37.0,-7.029999732971191,-0.0,-0.00390353100374341,-7.0,-11.0,2.0,2016.0,0.0,0.0,0.0,0.0
2556782.125,2016.0,37.0,37.0,-7.029999732971191,-0.0,-0.003318001516163349,-7.0,-11.0,1.0,2016.0,0.0,0.0,0.0,0.0
2556792.126,2016.0,36.0,36.0,-6.840000152587891,-0.0,0.297179639339447,-6.0,-11.0,1.0,2016.0,0.0,0.0,0.0,0.0
2556803.01,2016.0,38.0,38.0,-7.21999979019165,-0.0,-0.34739720821380615,-7.0,-11.0,0.0,2016.0,0.0,0.0,0.0,0.0
2556813.011,2016.0,35.0,35.0,-6.650000095367432,-0.0,0.6047122478485107,-6.0,-11.0,3.0,2016.0,0.0,0.0,0.0,0.0
2556823.012,2016.0,40.0,40.0,-7.599999904632568,-0.0,-0.9859943389892578,-8.0,-11.0,4.0,2016.0,0.0,0.0,0.0,0.0
2556834.098,2016.0,34.0,38.0,-7.21999979019165,-0.0,-0.23809531331062317,-7.0,-11.0,3.0,2016.0,0.0,0.0,0.0,0.0
2556845.125,2016.0,38.0,38.0,-7.21999979019165,-0.0,-0.35202381014823914,-7.0,-11.0,1.0,2016.0,0.0,0.0,0.0,0.0
2556855.125,2016.0,35.0,35.0,-6.650000095367432,-0.0,0.6007795929908752,-6.0,-11.0,1.0,2016.0,0.0,0.0,0.0,0.0
2556865.126,2016.0,38.0,38.0,-7.21999979019165,-0.0,-0.3893371820449829,-7.0,-11.0,2.0,2016.0,0.0,0.0,0.0,0.0
2556876.098,2016.0,39.0,39.0,-7.409999847412109,-0.0,-0.6309365630149841,-8.0,-11.0,3.0,2016.0,0.0,0.0,0.0,0.0
2556886.099,2016.0,35.0,35.0,-6.650000095367432,-0.0,0.6637037396430969,-5.0,-11.0,3.0,2016.0,0.0,0.0,0.0,0.0
2556896.099,2016.0,39.0,39.0,-7.409999847412109,-0.0,-0.6358516216278076,-8.0,-11.0,-3.0,2016.0,0.0,0.0,0.0,0.0
2556906.1,2016.0,37.0,37.0,-7.029999732971191,-0.0,0.05952601134777069,-6.0,-11.0,1.0,2016.0,0.0,0.0,0.0,0.0
2556917.126,2016.0,34.0,34.0,-6.460000038146973,-0.0,0.9505969882011414,-5.0,-11.0,5.0,2016.0,0.0,0.0,0.0,0.0
2556927.127,2016.0,39.0,39.0,-7.409999847412109,-0.0,-0.6919922828674316,-8.0,-11.0,2.0,2016.0,0.0,0.0,0.0,0.0
2556938.126,2015.0,36.0,36.0,-6.840000152587891,-0.0,0.31180641055107117,-6.0,-11.0,1.0,2016.0,0.0,0.0,0.0,0.0
2556948.126,2016.0,36.0,36.0,-6.840000152587891,-0.0,0.2650354504585266,-6.0,-11.0,1.0,2016.0,0.0,0.0,0.0,0.0
2556959.125,2016.0,34.0,34.0,-6.460000038146973,-0.0,0.8252800703048706,-5.0,-11.0,0.0,2016.0,0.0,0.0,0.0,0.0
2556969.126,2016.0,40.0,40.0,-7.599999904632568,-0.0,-1.0985115766525269,-8.0,-11.0,0.0,2016.0,0.0,0.0,0.0,0.0
2556979.358,2016.0,38.0,38.0,-7.21999979019165,-0.0,-0.3337349593639374,-7.0,-11.0,1.0,2016.0,0.0,0.0,0.0,0.0
2556990.125,2016.0,38.0,38.0,-7.21999979019165,-0.0,-0.2836747169494629,-7.0,-11.0,2.0,2016.0,0.0,0.0,0.0,0.0
2557001.229,2016.0,32.0,32.0,-6.079999923706055,-0.0,1.5588761568069458,-4.0,-11.0,0.0,2016.0,0.0,0.0,0.0,0.0
2557012.125,2016.0,34.0,34.0,-6.460000038146973,-0.0,0.725044846534729,-5.0,-11.0,1.0,2016.0,0.0,0.0,0.0,0.0
2557022.627,2016.0,38.0,38.0,-7.21999979019165,-0.0,-0.5837116837501526,-7.0,-11.0,3.0,2016.0,0.0,0.0,0.0,0.0
2557032.628,2016.0,38.0,38.0,-7.21999979019165,-0.0,-0.49615493416786194,-7.0,-11.0,2.0,2016.0,0.0,0.0,0.0,0.0
2557043.125,2016.0,36.0,36.0,-6.840000152587891,-0.0,0.1782681941986084,-6.0,-11.0,0.0,2016.0,0.0,0.0,0.0,0.0
2557053.933,2016.0,37.0,37.0,-7.029999732971191,-0.0,-0.14847198128700256,-7.0,-11.0,-2.0,2016.0,0.0,0.0,0.0,0.0
2557063.934,2016.0,35.0,35.0,-6.650000095367432,-0.0,0.4737987220287323,-6.0,-11.0,2.0,2016.0,0.0,0.0,0.0,0.0
2557073.935,2016.0,36.0,36.0,-6.840000152587891,-0.0,0.10272897034883499,-6.0,-11.0,0.0,2016.0,0.0,0.0,0.0,0.0
2557083.936,2016.0,40.0,40.0,-7.599999904632568,-0.0,-1.112680196762085,-8.0,-11.0,-2.0,2016.0,0.0,0.0,0.0,0.0
2557094.141,2016.0,40.0,40.0,-7.599999904632568,-0.0,-0.9457781910896301,-8.0,-11.0,-2.0,2016.0,0.0,0.0,0.0,0.0
2557104.407,2016.0,39.0,39.0,-7.409999847412109,-0.0,-0.503911554813385,-7.0,-11.0,0.0,2016.0,0.0,0.0,0.0,0.0
2557114.408,2016.0,36.0,36.0,-6.840000152587891,-0.0,0.47167500853538513,-6.0,-11.0,-2.0,2016.0,0.0,0.0,0.0,0.0
2557125.333,2016.0,38.0,38.0,-7.21999979019165,-0.0,-0.19907613098621368,-7.0,-11.0,-1.0,2016.0,0.0,0.0,0.0,0.0
2557135.333,2016.0,37.0,37.0,-7.029999732971191,-0.0,0.1307852417230606,-6.0,-11.0,2.0,2016.0,0.0,0.0,0.0,0.0
2557146.125,2016.0,38.0,38.0,-7.21999979019165,-0.0,-0.18883249163627625,-7.0,-11.0,0.0,2016.0,0.0,0.0,0.0,0.0
2557156.128,2016.0,37.0,37.0,-7.029999732971191,-0.0,0.13949233293533325,-6.0,-11.0,4.0,2016.0,0.0,0.0,0.0,0.0
2557166.129,2016.0,34.0,34.0,-6.460000038146973,-0.0,1.0185683965682983,-5.0,-11.0,1.0,2016.0,0.0,0.0,0.0,0.0
2557176.454,2016.0,34.0,34.0,-6.460000038146973,-0.0,0.865783154964447,-5.0,-11.0,1.0,2016.0,0.0,0.0,0.0,0.0
2557186.458,2016.0,35.0,35.0,-6.650000095367432,-0.0,0.4359157383441925,-6.0,-11.0,0.0,2016.0,0.0,0.0,0.0,0.0
2557196.458,2016.0,36.0,36.0,-6.840000152587891,-0.0,0.07052843272686005,-6.0,-11.0,0.0,2016.0,0.0,0.0,0.0,0.0
2557207.133,2016.0,35.0,35.0,-6.650000095367432,-0.0,0.3509567379951477,-6.0,-11.0,3.0,2016.0,0.0,0.0,0.0,0.0
2557217.134,2016.0,36.0,36.0,-6.840000152587891,-0.0,-0.0016867166850715876,-6.0,-11.0,2.0,2016.0,0.0,0.0,0.0,0.0
2557228.041,2016.0,38.0,38.0,-7.21999979019165,-0.0,-0.6014336347579956,-7.0,-11.0,-1.0,2016.0,0.0,0.0,0.0,0.0
2557238.042,2016.0,38.0,38.0,-7.21999979019165,-0.0,-0.5112186074256897,-7.0,-11.0,3.0,2016.0,0.0,0.0,0.0,0.0
2557249.041,2016.0,35.0,35.0,-6.650000095367432,-0.0,0.4654640257358551,-6.0,-11.0,0.0,2016.0,0.0,0.0,0.0,0.0
2557260.125,2016.0,37.0,37.0,-7.029999732971191,-0.0,-0.20435547828674316,-7.0,-11.0,2.0,2016.0,0.0,0.0,0.0,0.0
2557271.125,2016.0,37.0,37.0,-7.029999732971191,-0.0,-0.1737021654844284,-7.0,-11.0,2.0,2016.0,0.0,0.0,0.0,0.0
2557281.126,2016.0,35.0,35.0,-6.650000095367432,-0.0,0.4523530602455139,-6.0,-11.0,-1.0,2016.0,0.0,0.0,0.0,0.0
2557291.126,2016.0,38.0,38.0,-7.21999979019165,-0.0,-0.5154997706413269,-7.0,-11.0,0.0,2016.0,0.0,0.0,0.0,0.0
2557301.638,2016.0,38.0,38.0,-7.21999979019165,-0.0,-0.4381748139858246,-7.0,-11.0,0.0,2016.0,0.0,0.0,0.0,0.0
2557312.125,2016.0,40.0,40.0,-7.599999904632568,-0.0,-0.9724485278129578,-8.0,-11.0,4.0,2016.0,0.0,0.0,0.0,0.0
2557322.22,2016.0,40.0,40.0,-7.599999904632568,-0.0,-0.8265812993049622,-8.0,-11.0,4.0,2016.0,0.0,0.0,0.0,0.0
2557333.125,2016.0,37.0,37.0,-7.029999732971191,-0.0,0.19740572571754456,-6.0,-11.0,5.0,2016.0,0.0,0.0,0.0,0.0
2557343.126,2016.0,36.0,36.0,-6.840000152587891,-0.0,0.46779483556747437,-6.0,-11.0,0.0,2016.0,0.0,0.0,0.0,0.0
2557354.252,2016.0,39.0,39.0,-7.409999847412109,-0.0,-0.5023742318153381,-7.0,-11.0,5.0,2016.0,0.0,0.0,0.0,0.0
2557364.253,2016.0,37.0,37.0,-7.029999732971191,-0.0,0.17298179864883423,-6.0,-11.0,4.0,2016.0,0.0,0.0,0.0,0.0
2557375.125,2016.0,38.0,38.0,-7.21999979019165,-0.0,-0.15296542644500732,-7.0,-11.0,1.0,2016.0,0.0,0.0,0.0,0.0
2557385.125,2016.0,38.0,38.0,-7.21999979019165,-0.0,-0.1300206184387207,-7.0,-11.0,-3.0,2016.0,0.0,0.0,0.0,0.0
2557396.126,2016.0,35.0,35.0,-6.650000095367432,-0.0,0.7894823551177979,-5.0,-11.0,4.0,2016.0,0.0,0.0,0.0,0.0
2557406.126,2016.0,38.0,38.0,-7.21999979019165,-0.0,-0.22893983125686646,-7.0,-11.0,4.0,2016.0,0.0,0.0,0.0,0.0
2557416.126,2016.0,38.0,38.0,-7.21999979019165,-0.0,-0.19459886848926544,-7.0,-11.0,4.0,2016.0,0.0,0.0,0.0,0.0
2557426.858,2016.0,35.0,35.0,-6.650000095367432,-0.0,0.7345908284187317,-5.0,-11.0,0.0,2016.0,0.0,0.0,0.0,0.0
2557437.125,2016.0,35.0,35.0,-6.650000095367432,-0.0,0.6244022250175476,-6.0,-11.0,1.0,2016.0,0.0,0.0,0.0,0.0
2557447.129,2016.0,38.0,38.0,-7.21999979019165,-0.0,-0.36925795674324036,-7.0,-11.0,3.0,2016.0,0.0,0.0,0.0,0.0
2557457.13,2016.0,37.0,37.0,-7.029999732971191,-0.0,-0.013869320042431355,-7.0,-11.0,3.0,2016.0,0.0,0.0,0.0,0.0
2557468.125,2016.0,37.0,37.0,-7.029999732971191,-0.0,-0.011788922362029552,-7.0,-11.0,3.0,2016.0,0.0,0.0,0.0,0.0
2557478.125,2016.0,35.0,35.0,-6.650000095367432,-0.0,0.5899792909622192,-6.0,-11.0,2.0,2016.0,0.0,0.0,0.0,0.0
2557488.126,2016.0,40.0,40.0,-7.599999904632568,-0.0,-0.9985173344612122,-8.0,-11.0,1.0,2016.0,0.0,0.0,0.0,0.0
2557499.325,2016.0,36.0,35.0,-6.650000095367432,-0.0,0.6512600183486938,-5.0,-11.0,-2.0,2016.0,0.0,0.0,0.0,0.0
2557510.125,2016.0,38.0,38.0,-7.21999979019165,-0.0,-0.38446447253227234,-7.0,-11.0,1.0,2016.0,0.0,0.0,0.0,0.0
2557520.126,2016.0,39.0,39.0,-7.409999847412109,-0.0,-0.6267947554588318,-8.0,-11.0,3.0,2016.0,0.0,0.0,0.0,0.0
2557530.126,2016.0,41.0,41.0,-7.789999961853027,-0.0,-1.1327754259109497,-8.0,-11.0,-2.0,2016.0,0.0,0.0,0.0,0.0
2557541.097,2016.0,39.0,39.0,-7.409999847412109,-0.0,-0.36285924911499023,-7.0,-11.0,3.0,2016.0,0.0,0.0,0.0,0.0
2557552.125,2016.0,37.0,37.0,-7.029999732971191,-0.0,0.2915695309638977,-6.0,-11.0,2.0,2016.0,0.0,0.0,0.0,0.0
2557562.772,2016.0,40.0,40.0,-7.599999904632568,-0.0,-0.6521657705307007,-8.0,-11.0,1.0,2016.0,0.0,0.0,0.0,0.0
2557573.125,2016.0,38.0,38.0,-7.21999979019165,-0.0,0.045658983290195465,-7.0,-11.0,3.0,2016.0,0.0,0.0,0.0,0.0
2557583.125,2016.0,44.0,44.0,-8.359999656677246,-0.0,-1.761189579963684,-10.0,-11.0,1.0,2016.0,0.0,0.0,0.0,0.0
2557593.125,2016.0,43.0,43.0,-8.170000076293945,-0.0,-1.1970112323760986,-9.0,-11.0,-1.0,2016.0,0.0,0.0,0.0,0.0
2557603.126,2015.0,46.0,46.0,-8.739999771118164,-0.0,-1.917459487915039,-10.0,-11.0,3.0,2016.0,0.0,0.0,0.0,0.0
2557613.126,2015.0,49.0,49.0,-9.309999465942383,-0.0,-2.5298404693603516,-11.0,-11.0,0.0,2016.0,0.0,0.0,0.0,0.0
2557623.959,2015.0,49.0,49.0,-9.309999465942383,-0.0,-2.150364398956299,-11.0,-11.0,0.0,2015.0,0.0,0.0,0.0,0.0
2557633.96,2014.0,53.0,53.0,-10.069999694824219,-0.0,-3.0278096199035645,-13.0,-13.0,2.0,2015.0,0.0,0.0,0.0,0.0
2557644.125,2014.0,53.0,53.0,-10.069999694824219,-0.0,-2.5736382007598877,-12.0,-12.0,-1.0,2015.0,0.0,0.0,0.0,0.0
2557654.126,2014.0,55.0,55.0,-10.449999809265137,-0.0,-2.7875924110412598,-13.0,-13.0,2.0,2015.0,0.0,0.0,0.0,0.0
2557664.127,2014.0,58.0,58.0,-11.019999504089355,-0.0,-3.269453525543213,-14.0,-14.0,1.0,2015.0,0.0,0.0,0.0,0.0
2557675.125,2014.0,54.0,54.0,-10.260000228881836,-0.0,-1.579035758972168,-11.0,-11.0,4.0,2015.0,0.0,0.0,0.0,0.0
2557685.126,2014.0,66.0,66.0,-12.539999961853027,-0.0,-4.9421796798706055,-17.0,-17.0,0.0,2015.0,0.0,0.0,0.0,0.0
2557696.125,2014.0,69.0,69.0,-13.109999656677246,-0.0,-5.1008524894714355,-18.0,-18.0,0.0,2015.0,0.0,0.0,0.0,0.0
2557707.125,2014.0,65.0,65.0,-12.34999942779541,-0.0,-3.1357250213623047,-15.0,-15.0,2.0,2015.0,0.0,0.0,0.0,0.0
2557717.126,2014.0,69.0,69.0,-13.109999656677246,-0.0,-3.865366220474243,-16.0,-16.0,1.0,2015.0,0.0,0.0,0.0,0.0
2557728.098,2014.0,73.0,73.0,-13.869999885559082,-0.0,-4.485561370849609,-18.0,-18.0,1.0,2014.0,0.0,0.0,0.0,0.0
2557739.125,2014.0,77.0,77.0,-14.630000114440918,-0.0,-5.0127272605896,-19.0,-19.0,2.0,2014.0,0.0,0.0,0.0,0.0
2557750.125,2014.0,83.0,83.0,-15.769999504089355,-0.0,-6.060818195343018,-21.0,-21.0,2.0,2014.0,0.0,0.0,0.0,0.0
2557760.665,2014.0,87.0,87.0,-16.530000686645508,-0.0,-6.351695537567139,-22.0,-22.0,1.0,2014.0,0.0,0.0,0.0,0.0
2557770.665,2014.0,89.0,89.0,-16.90999984741211,-0.0,-5.998941421508789,-22.0,-22.0,1.0,2014.0,0.0,0.0,0.0,0.0
2557780.666,2014.0,94.0,94.0,-17.860000610351562,-0.0,-6.599100112915039,-24.0,-24.0,-1.0,2014.0,0.0,0.0,0.0,0.0
2557791.125,2014.0,103.0,103.0,-19.56999969482422,-0.0,-8.309234619140625,-27.0,-27.0,-1.0,2014.0,0.0,0.0,0.0,0.0
2557801.126,2014.0,100.0,100.0,-19.0,-0.0,-6.1628499031066895,-25.0,-25.0,2.0,2014.0,0.0,0.0,0.0,0.0
2557811.802,2014.0,119.0,119.0,-22.610000610351562,-0.0,-9.702658653259277,-32.0,-32.0,4.0,2014.0,0.0,0.0,0.0,0.0
2557821.803,2014.0,122.0,122.0,-23.18000030517578,-0.0,-9.147259712219238,-32.0,-32.0,3.0,2014.0,0.0,0.0,0.0,0.0
2557831.804,2014.0,126.0,126.0,-23.940000534057617,-0.0,-8.975171089172363,-32.0,-32.0,1.0,2014.0,0.0,0.0,0.0,0.0
2557841.804,2014.0,131.0,131.0,-24.889999389648438,-0.0,-9.12889575958252,-34.0,-34.0,0.0,2014.0,0.0,0.0,0.0,0.0
2557852.041,2014.0,139.0,139.0,-26.40999984741211,-0.0,-10.159561157226562,-36.0,-36.0,1.0,2014.0,0.0,0.0,0.0,0.0
2557862.042,2014.0,149.0,149.0,-28.309999465942383,-0.0,-11.635626792907715,-39.0,-39.0,0.0,2014.0,0.0,0.0,0.0,0.0
2557873.34,2014.0,150.0,150.0,-28.5,-0.0,-10.190282821655273,-38.0,-38.0,3.0,2014.0,0.0,0.0,0.0,0.0
2557883.34,2014.0,159.0,159.0,-30.209999084472656,-0.0,-11.361740112304688,-41.0,-41.0,-2.0,2014.0,0.0,0.0,0.0,0.0
2557894.125,2014.0,173.0,173.0,-32.869998931884766,-0.0,-13.857479095458984,-46.0,-46.0,0.0,2014.0,0.0,0.0,0.0,0.0
2557904.126,2014.0,189.0,189.0,-35.90999984741211,-0.0,-16.578857421875,-52.0,-52.0,2.0,2014.0,0.0,0.0,0.0,0.0
2557914.523,2014.0,189.0,189.0,-35.90999984741211,-0.0,-14.092029571533203,-50.0,-50.0,2.0,2014.0,0.0,0.0,0.0,0.0
2557924.526,2014.0,195.0,195.0,-37.04999923706055,-0.0,-13.77822494506836,-50.0,-50.0,-1.0,2014.0,0.0,0.0,0.0,0.0
2557934.526,2014.0,221.0,221.0,-41.98999786376953,-0.0,-19.511489868164062,-61.0,-61.0,0.0,2014.0,0.0,0.0,0.0,0.0
2557945.125,2013.0,225.0,225.0,-42.75,-0.0,-17.784767150878906,-60.0,-60.0,1.0,2014.0,0.0,0.0,0.0,0.0
2557956.363,2013.0,226.0,226.0,-42.939998626708984,-0.0,-15.417052268981934,-58.0,-58.0,3.0,2014.0,0.0,0.0,0.0,0.0
2557966.364,2013.0,241.0,241.0,-45.790000915527344,-0.0,-17.604494094848633,-63.0,-63.0,4.0,2014.0,0.0,0.0,0.0,0.0
2557977.125,2012.0,257.0,257.0,-48.82999801635742,-0.0,-19.763818740844727,-68.0,-68.0,0.0,2014.0,0.0,0.0,0.0,0.0
2557987.125,2011.0,263.0,263.0,-49.970001220703125,-0.0,-18.599246978759766,-68.0,-68.0,4.0,2014.0,0.0,0.0,0.0,0.0
2557997.125,2011.0,282.0,282.0,-53.57999801635742,-0.0,-21.50935935974121,-75.0,-75.0,3.0,2014.0,0.0,0.0,0.0,0.0
2558008.121,2011.0,300.0,300.0,-57.0,-0.0,-23.682954788208008,-80.0,-80.0,1.0,2014.0,0.0,0.0,0.0,0.0
2558019.125,2011.0,307.0,307.0,-58.32999801635742,-0.0,-22.230512619018555,-80.0,-80.0,1.0,2014.0,0.0,0.0,0.0,0.0
2558030.125,2011.0,328.0,328.0,-62.31999969482422,-0.0,-25.19593620300293,-87.0,-87.0,5.0,2011.0,0.0,0.0,0.0,0.0
2558040.536,2011.0,350.0,350.0,-66.5,-0.0,-28.01654624938965,-94.0,-94.0,4.0,2011.0,0.0,0.0,0.0,0.0
2558051.125,2011.0,378.0,378.0,-71.81999969482422,-0.0,-32.21406555175781,-104.0,-104.0,0.0,2011.0,0.0,0.0,0.0,0.0
2558061.241,2011.0,385.0,385.0,-73.1500015258789,-0.0,-29.481956481933594,-102.0,-102.0,1.0,2011.0,0.0,0.0,0.0,0.0
2558072.125,2011.0,410.0,410.0,-77.9000015258789,-0.0,-32.559661865234375,-110.0,-110.0,2.0,2011.0,0.0,0.0,0.0,0.0
2558082.126,2010.0,436.0,436.0,-82.83999633789062,-0.0,-35.475711822509766,-118.0,-118.0,2.0,2011.0,0.0,0.0,0.0,0.0
2558092.127,2009.0,437.0,437.0,-83.02999877929688,-0.0,-30.454355239868164,-113.0,-113.0,-3.0,2011.0,0.0,0.0,0.0,0.0
2558102.661,2007.0,471.0,471.0,-89.48999786376953,-0.0,-36.08620071411133,-125.0,-125.0,3.0,2011.0,0.0,0.0,0.0,0.0
2558112.662,2006.0,497.0,497.0,-94.43000030517578,-0.0,-38.473270416259766,-132.0,-132.0,3.0,2011.0,0.0,0.0,0.0,0.0
2558122.663,2004.0,504.0,504.0,-95.76000213623047,-0.0,-34.80228042602539,-130.0,-130.0,2.0,2011.0,0.0,0.0,0.0,0.0
2558132.668,2002.0,544.0,544.0,-103.36000061035156,-0.0,-41.58193588256836,-144.0,-144.0,4.0,2002.0,0.0,0.0,0.0,0.0
2558142.668,1999.0,570.0,570.0,-108.29999542236328,-0.0,-43.14464569091797,-151.0,-151.0,1.0,2002.0,0.0,0.0,0.0,0.0
2558153.125,1996.0,569.0,569.0,-108.11000061035156,-0.0,-36.37295150756836,-144.0,-144.0,3.0,2002.0,0.0,0.0,0.0,0.0
2558165.212,1989.0,583.0,583.0,-110.7699966430664,-0.0,-29.894458770751953,-140.0,-140.0,4.0,2002.0,0.0,0.0,0.0,0.0
2558175.213,1986.0,593.0,593.0,-112.66999816894531,-0.0,-28.410289764404297,-141.0,-141.0,2.0,2002.0,0.0,0.0,0.0,0.0
2558186.125,1983.0,599.0,599.0,-113.80999755859375,-0.0,-25.948747634887695,-139.0,-139.0,3.0,2002.0,0.0,0.0,0.0,0.0
2558196.126,1980.0,600.0,600.0,-114.0,-0.0,-22.356435775756836,-136.0,-136.0,1.0,2002.0,0.0,0.0,0.0,0.0
2558206.127,1977.0,610.0,610.0,-115.9000015258789,-0.0,-22.00296974182129,-137.0,-137.0,-1.0,2002.0,0.0,0.0,0.0,0.0
2558216.602,1974.0,619.0,619.0,-117.61000061035156,-0.0,-21.402524948120117,-139.0,-139.0,6.0,2002.0,0.0,0.0,0.0,0.0
2558226.602,1970.0,624.0,624.0,-118.55999755859375,-0.0,-19.69214630126953,-138.0,-138.0,0.0,1970.0,0.0,0.0,0.0,0.0
2558237.125,1965.0,634.0,634.0,-120.45999908447266,-0.0,-19.738325119018555,-140.0,-140.0,1.0,1970.0,0.0,0.0,0.0,0.0
2558247.126,1961.0,647.0,647.0,-122.93000030517578,-0.0,-20.677576065063477,-143.0,-143.0,2.0,1970.0,0.0,0.0,0.0,0.0
2558257.126,1957.0,647.0,647.0,-122.93000030517578,-0.0,-17.57594108581543,-140.0,-140.0,2.0,1970.0,0.0,0.0,0.0,0.0
2558267.127,1952.0,658.0,658.0,-125.0199966430664,-0.0,-18.23954963684082,-143.0,-143.0,1.0,1970.0,0.0,0.0,0.0,0.0
2558277.127,1946.0,663.0,663.0,-125.97000122070312,-0.0,-17.003618240356445,-142.0,-142.0,1.0,1970.0,0.0,0.0,0.0,0.0
2558288.125,1940.0,662.0,662.0,-125.77999877929688,-0.0,-14.153076171875,-139.0,-139.0,2.0,1970.0,0.0,0.0,0.0,0.0
2558298.851,1934.0,664.0,664.0,-126.15999603271484,-0.0,-12.630114555358887,-138.0,-138.0,1.0,1970.0,0.0,0.0,0.0,0.0
2558308.977,1929.0,668.0,668.0,-126.91999816894531,-0.0,-11.93559741973877,-138.0,-138.0,-1.0,1970.0,0.0,0.0,0.0,0.0
2558318.978,1924.0,672.0,672.0,-127.68000030517578,-0.0,-11.345257759094238,-139.0,-139.0,3.0,1970.0,0.0,0.0,0.0,0.0
2558329.125,1919.0,672.0,672.0,-127.68000030517578,-0.0,-9.64346981048584,-137.0,-137.0,3.0,1919.0,0.0,0.0,0.0,0.0
2558340.126,1914.0,673.0,673.0,-127.8699951171875,-0.0,-8.496949195861816,-136.0,-136.0,3.0,1919.0,0.0,0.0,0.0,0.0
2558351.126,1909.0,679.0,679.0,-129.00999450683594,-0.0,-9.022406578063965,-138.0,-138.0,1.0,1919.0,0.0,0.0,0.0,0.0
2558361.127,1904.0,679.0,679.0,-129.00999450683594,-0.0,-7.669045925140381,-136.0,-136.0,1.0,1919.0,0.0,0.0,0.0,0.0
2558371.127,1899.0,678.0,678.0,-128.8199920654297,-0.0,-6.218689441680908,-135.0,-135.0,1.0,1919.0,0.0,0.0,0.0,0.0
2558381.128,1893.0,684.0,684.0,-129.95999145507812,-0.0,-7.085886001586914,-137.0,-137.0,4.0,1919.0,0.0,0.0,0.0,0.0
2558392.125,1888.0,681.0,681.0,-129.38999938964844,-0.0,-5.1230034828186035,-134.0,-134.0,2.0,1919.0,0.0,0.0,0.0,0.0
2558402.125,1881.0,680.0,680.0,-129.1999969482422,-0.0,-4.054553031921387,-133.0,-133.0,1.0,1919.0,0.0,0.0,0.0,0.0
2558412.126,1874.0,681.0,681.0,-129.38999938964844,-0.0,-3.7463700771331787,-133.0,-133.0,3.0,1919.0,0.0,0.0,0.0,0.0
2558423.126,1866.0,676.0,676.0,-128.44000244140625,-0.0,-1.6844148635864258,-130.0,-130.0,0.0,1919.0,0.0,0.0,0.0,0.0
2558433.126,1859.0,676.0,676.0,-128.44000244140625,-0.0,-1.4317526817321777,-129.0,-129.0,2.0,1859.0,0.0,0.0,0.0,0.0
2558443.441,1851.0,674.0,674.0,-128.05999755859375,-0.0,-0.6169899106025696,-128.0,-128.0,3.0,1859.0,0.0,0.0,0.0,0.0
2558454.126,1844.0,671.0,671.0,-127.48999786376953,-0.0,0.37555840611457825,-127.0,-127.0,0.0,1859.0,0.0,0.0,0.0,0.0
2558465.125,1836.0,674.0,674.0,-128.05999755859375,-0.0,-0.5807752013206482,-128.0,-128.0,2.0,1859.0,0.0,0.0,0.0,0.0
2558476.125,1828.0,671.0,671.0,-127.48999786376953,-0.0,0.40634092688560486,-127.0,-127.0,3.0,1859.0,0.0,0.0,0.0,0.0
2558486.126,1819.0,674.0,674.0,-128.05999755859375,-0.0,-0.5546100735664368,-128.0,-128.0,4.0,1859.0,0.0,0.0,0.0,0.0
2558496.127,1810.0,674.0,674.0,-128.05999755859375,-0.0,-0.4714185893535614,-128.0,-128.0,4.0,1859.0,0.0,0.0,0.0,0.0
2558506.161,1800.0,676.0,676.0,-128.44000244140625,-0.0,-1.0007057189941406,-129.0,-129.0,3.0,1859.0,0.0,0.0,0.0,0.0
2558516.161,1789.0,680.0,680.0,-129.1999969482422,-0.0,-2.0505998134613037,-131.0,-131.0,6.0,1859.0,0.0,0.0,0.0,0.0
2558527.126,1769.0,688.0,688.0,-130.72000122070312,-0.0,-3.5665581226348877,-134.0,-134.0,2.0,1769.0,0.0,0.0,0.0,0.0
2558537.127,1758.0,685.0,685.0,-130.14999389648438,-0.0,-2.1315746307373047,-132.0,-132.0,2.0,1769.0,0.0,0.0,0.0,0.0
2558548.125,1747.0,681.0,681.0,-129.38999938964844,-0.0,-0.611838698387146,-130.0,-130.0,0.0,1769.0,0.0,0.0,0.0,0.0
2558559.125,1736.0,686.0,686.0,-130.33999633789062,-0.0,-2.0200626850128174,-132.0,-132.0,0.0,1769.0,0.0,0.0,0.0,0.0
2558569.564,1725.0,686.0,686.0,-130.33999633789062,-0.0,-1.7170532941818237,-132.0,-132.0,0.0,1769.0,0.0,0.0,0.0,0.0
2558579.564,1712.0,689.0,689.0,-130.91000366210938,-0.0,-2.359495162963867,-133.0,-133.0,3.0,1769.0,0.0,0.0,0.0,0.0
2558589.565,1701.0,694.0,694.0,-131.86000061035156,-0.0,-3.505570650100708,-135.0,-135.0,-1.0,1769.0,0.0,0.0,0.0,0.0
2558599.565,1690.0,694.0,694.0,-131.86000061035156,-0.0,-2.9797351360321045,-134.0,-134.0,-1.0,1769.0,0.0,0.0,0.0,0.0
2558609.566,1678.0,699.0,699.0,-132.80999755859375,-0.0,-4.032774925231934,-136.0,-136.0,-1.0,1769.0,0.0,0.0,0.0,0.0
2558620.125,1666.0,698.0,698.0,-132.6199951171875,-0.0,-3.127858877182007,-135.0,-135.0,0.0,1769.0,0.0,0.0,0.0,0.0
2558630.126,1654.0,706.0,706.0,-134.13999938964844,-0.0,-5.058679580688477,-139.0,-139.0,3.0,1654.0,0.0,0.0,0.0,0.0
2558640.126,1642.0,712.0,712.0,-135.27999877929688,-0.0,-6.09987735748291,-141.0,-141.0,1.0,1654.0,0.0,0.0,0.0,0.0
2558651.15,1630.0,715.0,715.0,-135.84999084472656,-0.0,-6.084895610809326,-141.0,-141.0,1.0,1654.0,0.0,0.0,0.0,0.0
2558661.15,1618.0,720.0,720.0,-136.8000030517578,-0.0,-6.672161102294922,-143.0,-143.0,-1.0,1654.0,0.0,0.0,0.0,0.0
2558672.125,1606.0,720.0,720.0,-136.8000030517578,-0.0,-5.671337127685547,-142.0,-142.0,2.0,1654.0,0.0,0.0,0.0,0.0
2558682.125,1593.0,724.0,724.0,-137.55999755859375,-0.0,-6.020636558532715,-143.0,-143.0,-2.0,1654.0,0.0,0.0,0.0,0.0
2558692.396,1581.0,724.0,724.0,-137.55999755859375,-0.0,-5.117541313171387,-142.0,-142.0,2.0,1654.0,0.0,0.0,0.0,0.0
2558702.396,1568.0,729.0,729.0,-138.50999450683594,-0.0,-5.849909782409668,-144.0,-144.0,0.0,1654.0,0.0,0.0,0.0,0.0
2558712.396,1554.0,729.0,729.0,-138.50999450683594,-0.0,-4.972423553466797,-143.0,-143.0,0.0,1654.0,0.0,0.0,0.0,0.0
2558723.125,1541.0,734.0,734.0,-139.45999145507812,-0.0,-5.726560115814209,-145.0,-145.0,1.0,1654.0,0.0,0.0,0.0,0.0
2558734.125,1527.0,737.0,737.0,-140.02999877929688,-0.0,-5.767576217651367,-145.0,-145.0,1.0,1527.0,0.0,0.0,0.0,0.0
2558744.126,1513.0,743.0,743.0,-141.1699981689453,-0.0,-6.702439785003662,-147.0,-147.0,1.0,1527.0,0.0,0.0,0.0,0.0
2558754.127,1499.0,745.0,745.0,-141.5500030517578,-0.0,-6.297073841094971,-147.0,-147.0,2.0,1527.0,0.0,0.0,0.0,0.0
2558764.905,1484.0,757.0,757.0,-143.8300018310547,-0.0,-8.952512741088867,-152.0,-152.0,0.0,1527.0,0.0,0.0,0.0,0.0
2558774.905,1470.0,760.0,760.0,-144.39999389648438,-0.0,-8.509635925292969,-152.0,-152.0,2.0,1527.0,0.0,0.0,0.0,0.0
2558784.906,1455.0,763.0,763.0,-144.97000122070312,-0.0,-8.133190155029297,-153.0,-153.0,1.0,1527.0,0.0,0.0,0.0,0.0
2558794.907,1440.0,767.0,767.0,-145.72999572753906,-0.0,-8.113211631774902,-153.0,-153.0,5.0,1527.0,0.0,0.0,0.0,0.0
2558804.908,1425.0,774.0,774.0,-147.05999755859375,-0.0,-8.996230125427246,-156.0,-156.0,3.0,1527.0,0.0,0.0,0.0,0.0
2558815.125,1409.0,781.0,781.0,-148.38999938964844,-0.0,-9.746795654296875,-158.0,-158.0,2.0,1527.0,0.0,0.0,0.0,0.0
2558825.126,1395.0,781.0,781.0,-148.38999938964844,-0.0,-8.28477668762207,-156.0,-156.0,2.0,1527.0,0.0,0.0,0.0,0.0
2558835.127,1379.0,783.0,783.0,-148.77000427246094,-0.0,-7.642060279846191,-156.0,-156.0,-2.0,1379.0,0.0,0.0,0.0,0.0
2558845.127,1363.0,785.0,785.0,-149.14999389648438,-0.0,-7.0957512855529785,-156.0,-156.0,-1.0,1379.0,0.0,0.0,0.0,0.0
2558856.125,1346.0,785.0,785.0,-149.14999389648438,-0.0,-6.031388759613037,-155.0,-155.0,-1.0,1379.0,0.0,0.0,0.0,0.0
2558866.221,1330.0,790.0,790.0,-150.09999084472656,-0.0,-6.626680374145508,-156.0,-156.0,6.0,1379.0,0.0,0.0,0.0,0.0
2558877.125,1315.0,788.0,788.0,-149.72000122070312,-0.0,-5.032678604125977,-154.0,-154.0,0.0,1379.0,0.0,0.0,0.0,0.0
2558887.159,1298.0,788.0,788.0,-149.72000122070312,-0.0,-4.277776718139648,-153.0,-153.0,0.0,1379.0,0.0,0.0,0.0,0.0
2558897.16,1282.0,790.0,790.0,-150.09999084472656,-0.0,-4.236110210418701,-154.0,-154.0,3.0,1379.0,0.0,0.0,0.0,0.0
2558908.125,1265.0,794.0,794.0,-150.86000061035156,-0.0,-4.800693511962891,-155.0,-155.0,2.0,1379.0,0.0,0.0,0.0,0.0
2558919.125,1250.0,791.0,791.0,-150.2899932861328,-0.0,-3.1805896759033203,-153.0,-153.0,4.0,1379.0,0.0,0.0,0.0,0.0
2558929.126,1234.0,790.0,790.0,-150.09999084472656,-0.0,-2.403501272201538,-152.0,-152.0,2.0,1379.0,0.0,0.0,0.0,0.0
2558940.125,1201.0,791.0,791.0,-150.2899932861328,-0.0,-1.8115297555923462,-152.0,-152.0,4.0,1217.0,0.0,0.0,0.0,0.0
2558950.126,1185.0,790.0,790.0,-150.09999084472656,-0.0,-1.2398003339767456,-151.0,-151.0,3.0,1217.0,0.0,0.0,0.0,0.0
2558960.126,1169.0,790.0,790.0,-150.09999084472656,-0.0,-1.0538302659988403,-151.0,-151.0,2.0,1217.0,0.0,0.0,0.0,0.0
2558971.125,1153.0,789.0,789.0,-149.91000366210938,-0.0,-0.5957558155059814,-150.0,-150.0,1.0,1217.0,0.0,0.0,0.0,0.0
2558981.144,1136.0,788.0,788.0,-149.72000122070312,-0.0,-0.20639251172542572,-149.0,-149.0,1.0,1217.0,0.0,0.0,0.0,0.0
2558991.145,1120.0,788.0,788.0,-149.72000122070312,-0.0,-0.17543363571166992,-149.0,-149.0,5.0,1217.0,0.0,0.0,0.0,0.0
2559001.146,1104.0,783.0,783.0,-148.77000427246094,-0.0,1.3508812189102173,-147.0,-147.0,3.0,1217.0,0.0,0.0,0.0,0.0
2559011.666,1087.0,787.0,787.0,-149.52999877929688,-0.0,-0.05175074189901352,-149.0,-149.0,5.0,1217.0,0.0,0.0,0.0,0.0
2559022.098,1071.0,787.0,787.0,-149.52999877929688,-0.0,-0.04398813098669052,-149.0,-149.0,5.0,1217.0,0.0,0.0,0.0,0.0
2559032.098,1054.0,785.0,785.0,-149.14999389648438,-0.0,0.5626099705696106,-148.0,-148.0,7.0,1054.0,0.0,0.0,0.0,0.0
2559043.125,1038.0,787.0,787.0,-149.52999877929688,-0.0,-0.12178141623735428,-149.0,-149.0,2.0,1054.0,0.0,0.0,0.0,0.0
2559053.125,1022.0,785.0,785.0,-149.14999389648438,-0.0,0.49648571014404297,-148.0,-148.0,0.0,1054.0,0.0,0.0,0.0,0.0
2559063.125,1006.0,782.0,782.0,-148.5800018310547,-0.0,1.3220126628875732,-147.0,-147.0,5.0,1054.0,0.0,0.0,0.0,0.0
2559074.125,992.0,784.0,784.0,-148.95999145507812,-0.0,0.5237109065055847,-148.0,-148.0,4.0,1054.0,0.0,0.0,0.0,0.0
2559085.125,977.0,775.0,775.0,-147.25,-0.0,3.145153760910034,-144.0,-144.0,6.0,1054.0,0.0,0.0,0.0,0.0
2559095.126,962.0,783.0,783.0,-148.77000427246094,-0.0,0.27338114380836487,-148.0,-148.0,5.0,1054.0,0.0,0.0,0.0,0.0
2559106.125,948.0,779.0,779.0,-148.00999450683594,-0.0,1.4323737621307373,-146.0,-146.0,4.0,1054.0,0.0,0.0,0.0,0.0
2559116.125,935.0,778.0,778.0,-147.8199920654297,-0.0,1.5175176858901978,-146.0,-146.0,4.0,1054.0,0.0,0.0,0.0,0.0
2559126.126,922.0,779.0,779.0,-148.00999450683594,-0.0,0.9898900985717773,-147.0,-147.0,5.0,1054.0,0.0,0.0,0.0,0.0
2559136.127,909.0,779.0,779.0,-148.00999450683594,-0.0,0.8414065837860107,-147.0,-147.0,6.0,909.0,0.0,0.0,0.0,0.0
2559147.126,896.0,781.0,781.0,-148.38999938964844,-0.0,0.11519571393728256,-148.0,-148.0,5.0,909.0,0.0,0.0,0.0,0.0
2559158.125,884.0,781.0,781.0,-148.38999938964844,-0.0,0.09791635721921921,-148.0,-148.0,4.0,909.0,0.0,0.0,0.0,0.0
2559169.125,872.0,778.0,778.0,-147.8199920654297,-0.0,0.9832287430763245,-146.0,-146.0,4.0,909.0,0.0,0.0,0.0,0.0
2559180.125,860.0,779.0,779.0,-148.00999450683594,-0.0,0.5357444882392883,-147.0,-147.0,6.0,909.0,0.0,0.0,0.0,0.0
2559190.126,849.0,786.0,786.0,-149.33999633789062,-0.0,-1.6446168422698975,-150.0,-150.0,7.0,909.0,0.0,0.0,0.0,0.0
2559200.126,837.0,786.0,786.0,-149.33999633789062,-0.0,-1.3979243040084839,-150.0,-150.0,7.0,909.0,0.0,0.0,0.0,0.0
2559210.127,825.0,790.0,790.0,-150.09999084472656,-0.0,-2.388235569000244,-152.0,-152.0,7.0,909.0,0.0,0.0,0.0,0.0
2559221.098,814.0,789.0,789.0,-149.91000366210938,-0.0,-1.730000376701355,-151.0,-151.0,7.0,909.0,0.0,0.0,0.0,0.0
2559232.126,792.0,799.0,799.0,-151.80999755859375,-0.0,-4.249924659729004,-156.0,-156.0,8.0,792.0,0.0,0.0,0.0,0.0
2559243.125,780.0,808.0,808.0,-153.52000427246094,-0.0,-6.312435626983643,-159.0,-159.0,5.0,792.0,0.0,0.0,0.0,0.0
2559254.125,768.0,818.0,818.0,-155.4199981689453,-0.0,-8.365570068359375,-163.0,-163.0,7.0,792.0,0.0,0.0,0.0,0.0
2559265.125,755.0,821.0,821.0,-155.99000549316406,-0.0,-8.010734558105469,-164.0,-164.0,5.0,792.0,0.0,0.0,0.0,0.0
2559276.125,743.0,841.0,841.0,-159.7899932861328,-0.0,-12.809123992919922,-172.0,-172.0,4.0,792.0,0.0,0.0,0.0,0.0
2559287.126,731.0,856.0,856.0,-162.63999938964844,-0.0,-15.387754440307617,-178.0,-178.0,1.0,792.0,0.0,0.0,0.0,0.0
2559297.126,719.0,857.0,857.0,-162.8300018310547,-0.0,-13.379591941833496,-176.0,-176.0,7.0,792.0,0.0,0.0,0.0,0.0
2559308.285,706.0,878.0,878.0,-166.8199920654297,-0.0,-17.672653198242188,-184.0,-184.0,4.0,792.0,0.0,0.0,0.0,0.0
2559318.285,693.0,903.0,903.0,-171.5699920654297,-0.0,-22.52175521850586,-194.0,-194.0,2.0,792.0,0.0,0.0,0.0,0.0
2559329.125,681.0,929.0,929.0,-176.50999450683594,-0.0,-26.943490982055664,-203.0,-203.0,5.0,792.0,0.0,0.0,0.0,0.0
2559339.184,668.0,947.0,947.0,-179.92999267578125,-0.0,-28.30196762084961,-208.0,-208.0,2.0,668.0,0.0,0.0,0.0,0.0
2559350.125,653.0,984.0,984.0,-186.95999145507812,-0.0,-35.156673431396484,-222.0,-222.0,3.0,668.0,0.0,0.0,0.0,0.0
2559360.125,641.0,1019.0,1019.0,-193.61000061035156,-0.0,-40.38317108154297,-233.0,-233.0,1.0,668.0,0.0,0.0,0.0,0.0
2559370.126,628.0,1034.0,1034.0,-196.45999145507812,-0.0,-38.8256950378418,-235.0,-235.0,2.0,668.0,0.0,0.0,0.0,0.0
2559381.125,614.0,1082.0,1082.0,-205.5800018310547,-0.0,-47.40184020996094,-252.0,-252.0,1.0,668.0,0.0,0.0,0.0,0.0
2559392.125,601.0,1083.0,1083.0,-205.77000427246094,-0.0,-40.5915641784668,-246.0,-246.0,3.0,668.0,0.0,0.0,0.0,0.0
2559402.268,586.0,1175.0,1175.0,-223.25,-0.0,-62.10282516479492,-285.0,-255.0,2.0,668.0,0.0,0.0,0.0,0.0
2559413.125,551.0,1247.0,1247.0,-236.92999267578125,-0.0,-65.61428833007812,-302.0,-255.0,-3.0,668.0,0.0,0.0,0.0,0.0
2559423.126,531.0,1260.0,1260.0,-239.39999389648438,-0.0,-59.67214584350586,-299.0,-255.0,1.0,668.0,0.0,0.0,0.0,0.0
2559433.126,510.0,1383.0,1383.0,-262.7699890136719,-0.0,-87.62132263183594,-350.0,-255.0,2.0,510.0,0.0,0.0,0.0,0.0
2559444.125,490.0,1383.0,1383.0,-262.7699890136719,-0.0,-74.4781265258789,-337.0,-255.0,2.0,510.0,0.0,0.0,0.0,0.0
2559454.126,472.0,1469.0,1469.0,-279.1099853515625,-0.0,-89.10640716552734,-368.0,0.0,1.0,510.0,0.0,0.0,0.0,0.0
2559465.126,454.0,1474.0,1474.0,-280.05999755859375,-0.0,-77.24044799804688,-357.0,0.0,0.0,510.0,0.0,0.0,0.0,0.0
2559475.126,436.0,1575.0,1575.0,-299.25,-0.0,-95.95437622070312,-395.0,0.0,0.0,510.0,0.0,0.0,0.0,0.0
2559486.16,419.0,1575.0,1575.0,-299.25,-0.0,-81.56121826171875,-380.0,0.0,0.0,510.0,0.0,0.0,0.0,0.0
2559496.16,403.0,1748.0,1748.0,-332.1199951171875,-0.0,-121.2270278930664,-453.0,0.0,3.0,510.0,0.0,0.0,0.0,0.0
2559507.126,390.0,1748.0,1748.0,-332.1199951171875,-0.0,-103.04297637939453,-435.0,0.0,3.0,510.0,0.0,0.0,0.0,0.0
2559517.976,378.0,1820.0,1820.0,-345.79998779296875,-0.0,-109.18653106689453,-454.0,0.0,3.0,510.0,0.0,0.0,0.0,0.0
2559528.126,366.0,1918.0,1918.0,-364.41998291015625,-0.0,-122.20854949951172,-486.0,0.0,-2.0,510.0,0.0,0.0,0.0,0.0
2559538.126,355.0,1918.0,1918.0,-364.41998291015625,-0.0,-103.87727355957031,-468.0,0.0,-2.0,355.0,0.0,0.0,0.0,0.0
2559549.125,345.0,1972.0,1972.0,-374.67999267578125,-0.0,-104.49568176269531,-479.0,0.0,-2.0,355.0,0.0,0.0,0.0,0.0
2559559.126,334.0,1988.0,1988.0,-377.7200012207031,-0.0,-93.62133026123047,-471.0,0.0,10.0,355.0,0.0,0.0,0.0,0.0
2559569.126,324.0,1990.0,1990.0,-378.1000061035156,-0.0,-80.17813110351562,-458.0,0.0,2.0,355.0,0.0,0.0,0.0,0.0
2559580.125,317.0,1994.0,1994.0,-378.8599853515625,-0.0,-69.35140991210938,-448.0,0.0,-4.0,355.0,0.0,0.0,0.0,0.0
2559590.126,310.0,1990.0,1990.0,-378.1000061035156,-0.0,-57.74869918823242,-435.0,0.0,-2.0,355.0,0.0,0.0,0.0,0.0
2559600.127,303.0,1971.0,1971.0,-374.489990234375,-0.0,-43.38639831542969,-417.0,0.0,-3.0,355.0,0.0,0.0,0.0,0.0
2559610.562,297.0,1916.0,1916.0,-364.0400085449219,-0.0,-20.378440856933594,-384.0,0.0,0.0,355.0,0.0,0.0,0.0,0.0
2559620.563,292.0,1809.0,1809.0,-343.7099914550781,-0.0,14.778319358825684,-328.0,0.0,2.0,355.0,0.0,0.0,0.0,0.0
2559631.122,288.0,1783.0,1783.0,-338.7699890136719,-0.0,20.361570358276367,-318.0,0.0,-3.0,355.0,0.0,0.0,0.0,0.0
2559642.125,284.0,1721.0,1721.0,-326.989990234375,-0.0,35.90733337402344,-291.0,0.0,1.0,284.0,0.0,0.0,0.0,0.0
2559653.098,282.0,1715.0,1715.0,-325.8500061035156,-0.0,32.32123565673828,-293.0,0.0,0.0,284.0,0.0,0.0,0.0,0.0
2559663.6,280.0,1715.0,1715.0,-325.8500061035156,-0.0,27.473051071166992,-298.0,0.0,0.0,284.0,0.0,0.0,0.0,0.0
2559674.125,276.0,1648.0,1648.0,-313.1199951171875,-0.0,43.452091217041016,-269.0,0.0,-2.0,284.0,0.0,0.0,0.0,0.0
2559685.125,267.0,1591.0,1591.0,-302.2900085449219,-0.0,47.144134521484375,-255.0,0.0,1.0,284.0,0.0,0.0,0.0,0.0
2559695.126,261.0,1557.0,1557.0,-295.8299865722656,-0.0,50.27251434326172,-245.0,0.0,0.0,284.0,0.0,0.0,0.0,0.0
2559705.127,256.0,1557.0,1557.0,-295.8299865722656,-0.0,42.73163986206055,-253.0,0.0,-1.0,284.0,0.0,0.0,0.0,0.0
2559715.128,250.0,1537.0,1537.0,-292.0299987792969,-0.0,42.321895599365234,-249.0,0.0,-1.0,284.0,0.0,0.0,0.0,0.0
2559725.128,244.0,1526.0,1526.0,-289.94000244140625,-0.0,39.27361297607422,-250.0,0.0,0.0,284.0,0.0,0.0,0.0,0.0
2559736.125,238.0,1523.0,1523.0,-289.3699951171875,-0.0,34.28257369995117,-255.0,0.0,3.0,238.0,0.0,0.0,0.0,0.0
2559746.282,231.0,1521.0,1521.0,-288.989990234375,-0.0,29.740188598632812,-259.0,0.0,0.0,238.0,0.0,0.0,0.0,0.0
2559757.125,224.0,1522.0,1522.0,-289.17999267578125,-0.0,24.97916030883789,-264.0,0.0,-1.0,238.0,0.0,0.0,0.0,0.0
2559767.126,215.0,1536.0,1536.0,-291.8399963378906,-0.0,17.03228759765625,-274.0,0.0,-2.0,238.0,0.0,0.0,0.0,0.0
2559777.129,205.0,1536.0,1536.0,-291.8399963378906,-0.0,14.477444648742676,-277.0,0.0,-2.0,238.0,0.0,0.0,0.0,0.0
2559787.129,194.0,1555.0,1555.0,-295.4499816894531,-0.0,6.605829238891602,-288.0,0.0,-2.0,238.0,0.0,0.0,0.0,0.0
2559797.459,182.0,1579.0,1579.0,-300.010009765625,-0.0,-1.5850437879562378,-301.0,0.0,0.0,238.0,0.0,0.0,0.0,0.0
2559807.459,170.0,1621.0,1621.0,-307.989990234375,-0.0,-13.947285652160645,-321.0,0.0,-2.0,238.0,0.0,0.0,0.0,0.0
2559818.185,160.0,1631.0,1631.0,-309.8899841308594,-0.0,-14.855192184448242,-324.0,0.0,1.0,238.0,0.0,0.0,0.0,0.0
2559828.186,153.0,1668.0,1668.0,-316.91998291015625,-0.0,-23.726911544799805,-340.0,0.0,1.0,238.0,0.0,0.0,0.0,0.0
2559838.813,147.0,1672.0,1672.0,-317.67999267578125,-0.0,-21.367876052856445,-339.0,0.0,-2.0,147.0,0.0,0.0,0.0,0.0
2559848.813,143.0,1762.0,1762.0,-334.7799987792969,-0.0,-45.16269302368164,-379.0,0.0,1.0,147.0,0.0,0.0,0.0,0.0
2559858.813,140.0,1770.0,1770.0,-336.29998779296875,-0.0,-40.78828811645508,-377.0,0.0,0.0,147.0,0.0,0.0,0.0,0.0
2559868.813,138.0,1828.0,1828.0,-347.32000732421875,-0.0,-52.070045471191406,-399.0,0.0,0.0,147.0,0.0,0.0,0.0,0.0
2559879.125,137.0,1900.0,1900.0,-361.0,-0.0,-65.85953521728516,-426.0,0.0,1.0,147.0,0.0,0.0,0.0,0.0
2559889.126,137.0,1907.0,1907.0,-362.3299865722656,-0.0,-58.080604553222656,-420.0,0.0,1.0,147.0,0.0,0.0,0.0,0.0
2559899.127,137.0,1960.0,1960.0,-372.3999938964844,-0.0,-65.26851654052734,-437.0,0.0,1.0,147.0,0.0,0.0,0.0,0.0
2559910.098,137.0,1960.0,1960.0,-372.3999938964844,-0.0,-55.478240966796875,-427.0,0.0,1.0,147.0,0.0,0.0,0.0,0.0
2559921.126,137.0,1986.0,1986.0,-377.3399963378906,-0.0,-54.956504821777344,-432.0,0.0,3.0,147.0,0.0,0.0,0.0,0.0
2559931.772,137.0,1988.0,1988.0,-377.7200012207031,-0.0,-47.31303024291992,-425.0,0.0,5.0,147.0,0.0,0.0,0.0,0.0
2559941.773,138.0,1986.0,1986.0,-377.3399963378906,-0.0,-39.6160774230957,-416.0,0.0,5.0,138.0,0.0,0.0,0.0,0.0
2559951.774,138.0,1984.0,1984.0,-376.9599914550781,-0.0,-33.073665618896484,-410.0,0.0,0.0,138.0,0.0,0.0,0.0,0.0
2559961.774,138.0,1957.0,1957.0,-371.8299865722656,-0.0,-20.012619018554688,-391.0,0.0,-2.0,138.0,0.0,0.0,0.0,0.0
2559972.126,138.0,1957.0,1957.0,-371.8299865722656,-0.0,-17.010726928710938,-388.0,0.0,-2.0,138.0,0.0,0.0,0.0,0.0
2559983.208,138.0,1919.0,1919.0,-364.6099853515625,-0.0,-3.0591206550598145,-367.0,0.0,-1.0,138.0,0.0,0.0,0.0,0.0
2559993.209,138.0,1869.0,1869.0,-355.1099853515625,-0.0,12.399744987487793,-342.0,0.0,1.0,138.0,0.0,0.0,0.0,0.0
2560004.126,139.0,1863.0,1863.0,-353.9700012207031,-0.0,12.339783668518066,-341.0,0.0,-4.0,138.0,0.0,0.0,0.0,0.0
2560014.799,139.0,1832.0,1832.0,-348.0799865722656,-0.0,19.788814544677734,-328.0,0.0,0.0,138.0,0.0,0.0,0.0,0.0
2560025.126,138.0,1820.0,1820.0,-345.79998779296875,-0.0,20.42049217224121,-325.0,0.0,-1.0,138.0,0.0,0.0,0.0,0.0
2560035.126,138.0,1807.0,1807.0,-343.3299865722656,-0.0,21.257417678833008,-322.0,0.0,-2.0,138.0,0.0,0.0,0.0,0.0
2560045.127,138.0,1798.0,1798.0,-341.6199951171875,-0.0,20.7688045501709,-320.0,0.0,3.0,138.0,0.0,0.0,0.0,0.0
2560055.127,138.0,1798.0,1798.0,-341.6199951171875,-0.0,17.653484344482422,-323.0,0.0,4.0,138.0,0.0,0.0,0.0,0.0
2560065.748,138.0,1798.0,1798.0,-341.6199951171875,-0.0,15.005461692810059,-326.0,0.0,-2.0,138.0,0.0,0.0,0.0,0.0
2560075.748,138.0,1806.0,1806.0,-343.1399841308594,-0.0,10.354642868041992,-332.0,0.0,1.0,138.0,0.0,0.0,0.0,0.0
2560086.041,138.0,1813.0,1813.0,-344.4700012207031,-0.0,6.701447010040283,-337.0,0.0,2.0,138.0,0.0,0.0,0.0,0.0
2560097.142,138.0,1827.0,1827.0,-347.1300048828125,-0.0,1.4962308406829834,-345.0,0.0,-3.0,138.0,0.0,0.0,0.0,0.0
2560108.277,139.0,1862.0,1862.0,-353.7799987792969,-0.0,-8.113971710205078,-361.0,0.0,-4.0,138.0,0.0,0.0,0.0,0.0
2560118.278,138.0,1896.0,1896.0,-360.239990234375,-0.0,-17.096874237060547,-377.0,0.0,-1.0,138.0,0.0,0.0,0.0,0.0
2560128.278,139.0,1933.0,1933.0,-367.2699890136719,-0.0,-25.632341384887695,-392.0,0.0,-2.0,138.0,0.0,0.0,0.0,0.0
2560138.279,139.0,1944.0,1944.0,-369.3599853515625,-0.0,-25.08749008178711,-394.0,0.0,-3.0,139.0,0.0,0.0,0.0,0.0
2560148.28,139.0,1958.0,1958.0,-372.0199890136719,-0.0,-25.52436637878418,-397.0,0.0,0.0,139.0,0.0,0.0,0.0,0.0
2560159.125,139.0,1967.0,1967.0,-373.72998046875,-0.0,-24.39571189880371,-398.0,0.0,-2.0,139.0,0.0,0.0,0.0,0.0
2560170.125,139.0,1976.0,1976.0,-375.44000244140625,-0.0,-23.436355590820312,-398.0,0.0,-4.0,139.0,0.0,0.0,0.0,0.0
2560180.125,138.0,1977.0,1977.0,-375.6300048828125,-0.0,-20.220903396606445,-395.0,0.0,-1.0,139.0,0.0,0.0,0.0,0.0
2560190.398,138.0,1977.0,1977.0,-375.6300048828125,-0.0,-17.187768936157227,-392.0,0.0,-6.0,139.0,0.0,0.0,0.0,0.0
2560201.126,139.0,1973.0,1973.0,-374.8699951171875,-0.0,-13.4096040725708,-388.0,0.0,-8.0,139.0,0.0,0.0,0.0,0.0
2560211.127,139.0,1973.0,1973.0,-374.8699951171875,-0.0,-11.398163795471191,-386.0,0.0,-8.0,139.0,0.0,0.0,0.0,0.0
2560221.128,139.0,1947.0,1947.0,-369.92999267578125,-0.0,-1.888440728187561,-371.0,0.0,-7.0,139.0,0.0,0.0,0.0,0.0
2560232.125,139.0,1917.0,1917.0,-364.22998046875,-0.0,7.3948235511779785,-356.0,0.0,-1.0,139.0,0.0,0.0,0.0,0.0
2560243.15,138.0,1899.0,1899.0,-360.80999755859375,-0.0,11.685599327087402,-349.0,0.0,-3.0,138.0,0.0,0.0,0.0,0.0
2560253.15,138.0,1895.0,1895.0,-360.04998779296875,-0.0,11.132759094238281,-348.0,0.0,-3.0,138.0,0.0,0.0,0.0,0.0
2560263.842,138.0,1895.0,1895.0,-360.04998779296875,-0.0,9.462845802307129,-350.0,0.0,-3.0,138.0,0.0,0.0,0.0,0.0
2560274.126,139.0,1885.0,1885.0,-358.1499938964844,-0.0,11.043418884277344,-347.0,0.0,-2.0,138.0,0.0,0.0,0.0,0.0
2560284.77,138.0,1882.0,1882.0,-357.5799865722656,-0.0,10.286906242370605,-347.0,0.0,-4.0,138.0,0.0,0.0,0.0,0.0
2560294.771,138.0,1886.0,1886.0,-358.3399963378906,-0.0,7.54387092590332,-350.0,0.0,-3.0,138.0,0.0,0.0,0.0,0.0
2560304.771,139.0,1897.0,1897.0,-360.42999267578125,-0.0,3.112291097640991,-357.0,0.0,-2.0,138.0,0.0,0.0,0.0,0.0
2560315.125,138.0,1906.0,1906.0,-362.1399841308594,-0.0,-0.05455206334590912,-362.0,0.0,-4.0,138.0,0.0,0.0,0.0,0.0
2560325.126,138.0,1925.0,1925.0,-365.75,-0.0,-5.746367931365967,-371.0,0.0,0.0,138.0,0.0,0.0,0.0,0.0
2560335.126,138.0,1945.0,1945.0,-369.54998779296875,-0.0,-10.884411811828613,-380.0,0.0,-2.0,138.0,0.0,0.0,0.0,0.0
2560346.126,138.0,1945.0,1945.0,-369.54998779296875,-0.0,-9.251749992370605,-378.0,0.0,1.0,138.0,0.0,0.0,0.0,0.0
2560356.127,139.0,1960.0,1960.0,-372.3999938964844,-0.0,-12.36398696899414,-384.0,0.0,-1.0,138.0,0.0,0.0,0.0,0.0
2560367.345,138.0,1969.0,1969.0,-374.1099853515625,-0.0,-13.209388732910156,-387.0,0.0,2.0,138.0,0.0,0.0,0.0,0.0
2560378.126,138.0,1969.0,1969.0,-374.1099853515625,-0.0,-11.227980613708496,-385.0,0.0,-4.0,138.0,0.0,0.0,0.0,0.0
2560388.126,138.0,1966.0,1966.0,-373.5400085449219,-0.0,-8.643783569335938,-382.0,0.0,-3.0,138.0,0.0,0.0,0.0,0.0
2560398.127,138.0,1970.0,1970.0,-374.29998779296875,-0.0,-8.547216415405273,-382.0,0.0,1.0,138.0,0.0,0.0,0.0,0.0
2560409.125,138.0,1960.0,1960.0,-372.3999938964844,-0.0,-4.265134811401367,-376.0,0.0,-6.0,138.0,0.0,0.0,0.0,0.0
2560419.125,138.0,1957.0,1957.0,-371.8299865722656,-0.0,-2.725364923477173,-374.0,0.0,-5.0,138.0,0.0,0.0,0.0,0.0
2560430.158,139.0,1935.0,1935.0,-367.6499938964844,-0.0,4.135922908782959,-363.0,0.0,-1.0,138.0,0.0,0.0,0.0,0.0
2560440.158,138.0,1934.0,1934.0,-367.4599914550781,-0.0,3.8155345916748047,-363.0,0.0,-1.0,138.0,0.0,0.0,0.0,0.0
2560450.158,139.0,1933.0,1933.0,-367.2699890136719,-0.0,3.5432045459747314,-363.0,0.0,-3.0,138.0,0.0,0.0,0.0,0.0
2560460.158,139.0,1933.0,1933.0,-367.2699890136719,-0.0,3.0117239952087402,-364.0,0.0,1.0,138.0,0.0,0.0,0.0,0.0
2560470.158,138.0,1933.0,1933.0,-367.2699890136719,-0.0,2.5599653720855713,-364.0,0.0,1.0,138.0,0.0,0.0,0.0,0.0
2560481.125,138.0,1946.0,1946.0,-369.739990234375,-0.0,-1.7240287065505981,-371.0,0.0,0.0,138.0,0.0,0.0,0.0,0.0
2560492.125,138.0,1947.0,1947.0,-369.92999267578125,-0.0,-1.765424370765686,-371.0,0.0,0.0,138.0,0.0,0.0,0.0,0.0
2560503.099,139.0,1953.0,1953.0,-371.07000732421875,-0.0,-3.3006105422973633,-374.0,0.0,2.0,138.0,0.0,0.0,0.0,0.0
2560513.1,139.0,1956.0,1956.0,-371.6399841308594,-0.0,-3.705518960952759,-375.0,0.0,1.0,138.0,0.0,0.0,0.0,0.0
2560523.333,138.0,1956.0,1956.0,-371.6399841308594,-0.0,-3.149691104888916,-374.0,0.0,-2.0,138.0,0.0,0.0,0.0,0.0
2560533.333,139.0,1956.0,1956.0,-371.6399841308594,-0.0,-2.6772375106811523,-374.0,0.0,1.0,138.0,0.0,0.0,0.0,0.0
2560543.334,139.0,1954.0,1954.0,-371.260009765625,-0.0,-1.675652027130127,-372.0,0.0,1.0,139.0,0.0,0.0,0.0,0.0
2560553.335,138.0,1955.0,1955.0,-371.4499816894531,-0.0,-1.72430419921875,-373.0,0.0,2.0,139.0,0.0,0.0,0.0,0.0
2560563.335,138.0,1950.0,1950.0,-370.5,-0.0,0.034341152757406235,-370.0,0.0,2.0,139.0,0.0,0.0,0.0,0.0
2560573.689,138.0,1950.0,1950.0,-370.5,-0.0,0.029189981520175934,-370.0,0.0,2.0,139.0,0.0,0.0,0.0,0.0
2560584.125,138.0,1945.0,1945.0,-369.54998779296875,-0.0,1.5248112678527832,-368.0,0.0,0.0,139.0,0.0,0.0,0.0,0.0
2560594.125,138.0,1945.0,1945.0,-369.54998779296875,-0.0,1.2960896492004395,-368.0,0.0,-3.0,139.0,0.0,0.0,0.0,0.0
2560605.126,138.0,1949.0,1949.0,-370.30999755859375,-0.0,-0.09832357615232468,-370.0,0.0,0.0,139.0,0.0,0.0,0.0,0.0
2560615.127,138.0,1948.0,1948.0,-370.1199951171875,-0.0,0.21642491221427917,-369.0,0.0,-2.0,139.0,0.0,0.0,0.0,0.0
2560625.487,139.0,1950.0,1950.0,-370.5,-0.0,-0.41603872179985046,-370.0,0.0,-1.0,139.0,0.0,0.0,0.0,0.0
2560635.487,139.0,1955.0,1955.0,-371.4499816894531,-0.0,-1.8536326885223389,-373.0,0.0,1.0,139.0,0.0,0.0,0.0,0.0
2560646.126,140.0,1953.0,1953.0,-371.07000732421875,-0.0,-0.9755879044532776,-372.0,0.0,-3.0,140.0,0.0,0.0,0.0,0.0
2560656.208,141.0,1955.0,1955.0,-371.4499816894531,-0.0,-1.42924964427948,-372.0,0.0,0.0,140.0,0.0,0.0,0.0,0.0
2560667.11,143.0,1953.0,1953.0,-371.07000732421875,-0.0,-0.614862322807312,-371.0,0.0,3.0,140.0,0.0,0.0,0.0,0.0
2560678.35,144.0,1953.0,1953.0,-371.07000732421875,-0.0,-0.5226330161094666,-371.0,0.0,0.0,140.0,0.0,0.0,0.0,0.0
2560689.126,146.0,1954.0,1954.0,-371.260009765625,-0.0,-0.744238018989563,-372.0,0.0,0.0,140.0,0.0,0.0,0.0,0.0
2560700.126,148.0,1952.0,1952.0,-370.8800048828125,-0.0,-0.03260242938995361,-370.0,0.0,-1.0,140.0,0.0,0.0,0.0,0.0
2560710.127,149.0,1953.0,1953.0,-371.07000732421875,-0.0,-0.3277120292186737,-371.0,0.0,3.0,140.0,0.0,0.0,0.0,0.0
2560721.125,151.0,1953.0,1953.0,-371.07000732421875,-0.0,-0.2785552442073822,-371.0,0.0,-1.0,140.0,0.0,0.0,0.0,0.0
2560732.125,154.0,1954.0,1954.0,-371.260009765625,-0.0,-0.6812560558319092,-371.0,0.0,-2.0,140.0,0.0,0.0,0.0,0.0
2560742.274,155.0,1950.0,1950.0,-370.5,-0.0,0.6209321618080139,-369.0,0.0,-3.0,155.0,0.0,0.0,0.0,0.0
2560753.125,157.0,1952.0,1952.0,-370.8800048828125,-0.0,-0.07220755517482758,-370.0,0.0,-3.0,155.0,0.0,0.0,0.0,0.0
2560764.125,158.0,1946.0,1946.0,-369.739990234375,-0.0,1.7386232614517212,-368.0,0.0,-3.0,155.0,0.0,0.0,0.0,0.0
2560775.126,159.0,1940.0,1940.0,-368.6000061035156,-0.0,3.27782940864563,-365.0,0.0,-2.0,155.0,0.0,0.0,0.0,0.0
2560785.126,160.0,1938.0,1938.0,-368.2200012207031,-0.0,3.386154890060425,-364.0,0.0,-2.0,155.0,0.0,0.0,0.0,0.0
2560796.098,160.0,1918.0,1918.0,-364.41998291015625,-0.0,8.878231048583984,-355.0,0.0,2.0,155.0,0.0,0.0,0.0,0.0
2560807.125,160.0,1888.0,1888.0,-358.7200012207031,-0.0,16.54649543762207,-342.0,0.0,1.0,155.0,0.0,0.0,0.0,0.0
2560818.125,160.0,1869.0,1869.0,-355.1099853515625,-0.0,19.7645206451416,-335.0,0.0,0.0,155.0,0.0,0.0,0.0,0.0
2560828.126,159.0,1862.0,1862.0,-353.7799987792969,-0.0,18.899843215942383,-334.0,0.0,7.0,155.0,0.0,0.0,0.0,0.0
2560838.126,159.0,1824.0,1824.0,-346.55999755859375,-0.0,27.46486473083496,-319.0,0.0,7.0,155.0,0.0,0.0,0.0,0.0
2560848.127,159.0,1778.0,1778.0,-337.82000732421875,-0.0,37.14513397216797,-300.0,0.0,9.0,159.0,0.0,0.0,0.0,0.0
2560859.126,159.0,1755.0,1755.0,-333.4499816894531,-0.0,38.47336196899414,-294.0,0.0,8.0,159.0,0.0,0.0,0.0,0.0
2560869.505,159.0,1711.0,1711.0,-325.0899963378906,-0.0,45.9023551940918,-279.0,0.0,10.0,159.0,0.0,0.0,0.0,0.0
2560879.506,159.0,1654.0,1654.0,-314.260009765625,-0.0,56.117000579833984,-258.0,0.0,11.0,159.0,0.0,0.0,0.0,0.0
2560889.507,159.0,1644.0,1644.0,-312.3599853515625,-0.0,50.6994514465332,-261.0,0.0,4.0,159.0,0.0,0.0,0.0,0.0
2560899.507,159.0,1585.0,1585.0,-301.1499938964844,-0.0,60.794532775878906,-240.0,0.0,11.0,159.0,0.0,0.0,0.0,0.0
2560909.508,159.0,1516.0,1516.0,-288.0400085449219,-0.0,72.37535095214844,-215.0,0.0,6.0,159.0,0.0,0.0,0.0,0.0
2560920.121,159.0,1444.0,1444.0,-274.3599853515625,-0.0,83.11904907226562,-191.0,0.0,6.0,159.0,0.0,0.0,0.0,0.0
2560931.125,159.0,1436.0,1436.0,-272.8399963378906,-0.0,73.05119323730469,-199.0,0.0,5.0,159.0,0.0,0.0,0.0,0.0
2560941.125,159.0,1377.0,1377.0,-261.6300048828125,-0.0,79.79351043701172,-181.0,-181.0,3.0,159.0,0.0,0.0,0.0,0.0
2560951.126,159.0,1303.0,1303.0,-247.5699920654297,-0.0,90.02448272705078,-157.0,-157.0,4.0,159.0,0.0,0.0,0.0,0.0
2560962.122,159.0,1235.0,1235.0,-234.64999389648438,-0.0,96.92080688476562,-137.0,-137.0,4.0,159.0,0.0,0.0,0.0,0.0
2560972.122,159.0,1235.0,1235.0,-234.64999389648438,-0.0,82.3826904296875,-152.0,-152.0,4.0,159.0,0.0,0.0,0.0,0.0
2560983.126,159.0,1175.0,1175.0,-223.25,-0.0,88.02528381347656,-135.0,-135.0,-3.0,159.0,0.0,0.0,0.0,0.0
2560993.869,159.0,1109.0,1109.0,-210.70999145507812,-0.0,80.6982650756836,-130.0,-130.0,-3.0,159.0,0.0,0.0,0.0,0.0
2561004.126,159.0,1049.0,1049.0,-199.30999755859375,-0.0,86.59352111816406,-112.0,-112.0,-1.0,159.0,0.0,0.0,0.0,0.0
2561015.125,159.0,989.0,989.0,-187.91000366210938,-0.0,91.6044921875,-96.0,-96.0,-4.0,159.0,0.0,0.0,0.0,0.0
2561026.126,159.0,928.0,928.0,-176.3199920654297,-0.0,96.163818359375,-80.0,-80.0,0.0,159.0,0.0,0.0,0.0,0.0
2561037.125,159.0,922.0,922.0,-175.17999267578125,-0.0,83.53924560546875,-91.0,-91.0,-3.0,159.0,0.0,0.0,0.0,0.0
2561047.125,159.0,880.0,880.0,-167.1999969482422,-0.0,83.60836029052734,-83.0,-83.0,-2.0,159.0,0.0,0.0,0.0,0.0
2561057.125,159.0,828.0,828.0,-157.3199920654297,-0.0,86.66710662841797,-70.0,-70.0,-1.0,159.0,0.0,0.0,0.0,0.0
2561067.126,159.0,775.0,775.0,-147.25,-0.0,89.5670394897461,-57.0,-57.0,1.0,159.0,0.0,0.0,0.0,0.0
2561077.127,159.0,775.0,775.0,-147.25,-0.0,76.13198852539062,-71.0,-71.0,1.0,159.0,0.0,0.0,0.0,0.0
2561088.126,159.0,724.0,724.0,-137.55999755859375,-0.0,80.01219177246094,-57.0,-57.0,3.0,159.0,0.0,0.0,0.0,0.0
2561098.127,159.0,724.0,724.0,-137.55999755859375,-0.0,68.01036834716797,-69.0,-69.0,3.0,159.0,0.0,0.0,0.0,0.0
2561108.979,159.0,676.0,676.0,-128.44000244140625,-0.0,72.20880889892578,-56.0,-56.0,7.0,159.0,0.0,0.0,0.0,0.0
2561118.98,159.0,631.0,631.0,-119.88999938964844,-0.0,74.87748718261719,-45.0,-45.0,8.0,159.0,0.0,0.0,0.0,0.0
2561128.981,159.0,595.0,595.0,-113.04999542236328,-0.0,74.44586181640625,-38.0,-38.0,10.0,159.0,0.0,0.0,0.0,0.0
2561138.982,159.0,591.0,591.0,-112.29000091552734,-0.0,64.4789810180664,-47.0,-47.0,7.0,159.0,0.0,0.0,0.0,0.0
2561149.126,159.0,548.0,548.0,-104.1199951171875,-0.0,67.7071304321289,-36.0,-36.0,9.0,159.0,0.0,0.0,0.0,0.0
2561159.126,159.0,515.0,515.0,-97.8499984741211,-0.0,67.45105743408203,-30.0,-30.0,8.0,159.0,0.0,0.0,0.0,0.0
2561169.127,159.0,485.0,485.0,-92.1500015258789,-0.0,66.3333969116211,-25.0,-25.0,5.0,159.0,0.0,0.0,0.0,0.0
2561179.128,158.0,446.0,446.0,-84.73999786376953,-0.0,68.08338928222656,-16.0,-16.0,6.0,159.0,0.0,0.0,0.0,0.0
2561189.712,159.0,446.0,446.0,-84.73999786376953,-0.0,57.87088394165039,-26.0,-26.0,6.0,159.0,0.0,0.0,0.0,0.0
2561199.712,159.0,413.0,413.0,-78.47000122070312,-0.0,59.09025192260742,-19.0,-19.0,1.0,159.0,0.0,0.0,0.0,0.0
2561209.713,159.0,379.0,379.0,-72.01000213623047,-0.0,60.42671585083008,-11.0,-11.0,-1.0,159.0,0.0,0.0,0.0,0.0
2561219.714,159.0,379.0,379.0,-72.01000213623047,-0.0,51.362709045410156,-20.0,-20.0,-1.0,159.0,0.0,0.0,0.0,0.0
2561230.125,159.0,344.0,344.0,-65.36000061035156,-0.0,54.158302307128906,-11.0,-11.0,-3.0,159.0,0.0,0.0,0.0,0.0
2561240.125,159.0,341.0,341.0,-64.79000091552734,-0.0,46.9345588684082,-17.0,-17.0,-4.0,159.0,0.0,0.0,0.0,0.0
2561251.126,159.0,323.0,323.0,-61.369998931884766,-0.0,45.294376373291016,-16.0,-16.0,-4.0,159.0,0.0,0.0,0.0,0.0
2561261.796,159.0,323.0,323.0,-61.369998931884766,-0.0,38.500221252441406,-22.0,-22.0,-4.0,159.0,0.0,0.0,0.0,0.0
2561272.125,159.0,304.0,304.0,-57.7599983215332,-0.0,38.42518615722656,-19.0,-19.0,-4.0,159.0,0.0,0.0,0.0,0.0
2561283.125,159.0,297.0,297.0,-56.43000030517578,-0.0,34.761409759521484,-21.0,-21.0,-7.0,159.0,0.0,0.0,0.0,0.0
2561293.126,159.0,298.0,298.0,-56.619998931884766,-0.0,29.24720001220703,-27.0,-27.0,-5.0,159.0,0.0,0.0,0.0,0.0
2561303.126,159.0,292.0,292.0,-55.47999954223633,-0.0,26.660120010375977,-28.0,-28.0,-6.0,159.0,0.0,0.0,0.0,0.0
2561314.126,159.0,292.0,292.0,-55.47999954223633,-0.0,22.661102294921875,-32.0,-32.0,-5.0,159.0,0.0,0.0,0.0,0.0
2561325.126,159.0,292.0,292.0,-55.47999954223633,-0.0,19.261938095092773,-36.0,-36.0,-5.0,159.0,0.0,0.0,0.0,0.0
2561336.146,159.0,297.0,297.0,-56.43000030517578,-0.0,12.416751861572266,-44.0,-44.0,-2.0,159.0,0.0,0.0,0.0,0.0
2561347.125,159.0,299.0,299.0,-56.80999755859375,-0.0,9.954239845275879,-46.0,-46.0,-3.0,159.0,0.0,0.0,0.0,0.0
2561357.125,159.0,299.0,299.0,-56.80999755859375,-0.0,8.461104393005371,-48.0,-48.0,2.0,159.0,0.0,0.0,0.0,0.0
2561368.125,159.0,304.0,304.0,-57.7599983215332,-0.0,5.691939353942871,-52.0,-52.0,3.0,159.0,0.0,0.0,0.0,0.0
2561378.126,159.0,312.0,312.0,-59.279998779296875,-0.0,2.4381489753723145,-56.0,-56.0,1.0,159.0,0.0,0.0,0.0,0.0
2561388.126,159.0,313.0,313.0,-59.46999740600586,-0.0,1.772426724433899,-57.0,-57.0,5.0,159.0,0.0,0.0,0.0,0.0
2561398.126,159.0,318.0,318.0,-60.41999816894531,-0.0,0.006562996655702591,-60.0,-60.0,6.0,159.0,0.0,0.0,0.0,0.0
2561408.127,159.0,324.0,324.0,-61.55999755859375,-0.0,-1.7944211959838867,-63.0,-63.0,7.0,159.0,0.0,0.0,0.0,0.0
2561418.228,159.0,324.0,324.0,-61.55999755859375,-0.0,-1.5252580642700195,-63.0,-63.0,3.0,159.0,0.0,0.0,0.0,0.0
2561429.125,159.0,325.0,325.0,-61.75,-0.0,-1.5964694023132324,-63.0,-63.0,5.0,159.0,0.0,0.0,0.0,0.0
2561440.125,159.0,332.0,332.0,-63.07999801635742,-0.0,-3.456998586654663,-66.0,-66.0,3.0,159.0,0.0,0.0,0.0,0.0
2561450.126,159.0,337.0,337.0,-64.02999877929688,-0.0,-4.438448429107666,-68.0,-68.0,6.0,159.0,0.0,0.0,0.0,0.0
2561461.126,159.0,336.0,336.0,-63.84000015258789,-0.0,-3.4726812839508057,-67.0,-67.0,5.0,159.0,0.0,0.0,0.0,0.0
2561471.195,159.0,338.0,338.0,-64.22000122070312,-0.0,-3.55177903175354,-67.0,-67.0,2.0,159.0,0.0,0.0,0.0,0.0
2561482.125,159.0,331.0,331.0,-62.88999938964844,-0.0,-0.9190126061439514,-63.0,-63.0,-1.0,159.0,0.0,0.0,0.0,0.0
2561493.126,159.0,325.0,325.0,-61.75,-0.0,1.0188390016555786,-60.0,-60.0,4.0,159.0,0.0,0.0,0.0,0.0
2561503.126,159.0,313.0,313.0,-59.46999740600586,-0.0,4.466012477874756,-55.0,-55.0,-1.0,159.0,0.0,0.0,0.0,0.0
2561513.127,159.0,302.0,302.0,-57.380001068115234,-0.0,7.0961103439331055,-50.0,-50.0,0.0,159.0,0.0,0.0,0.0,0.0
2561523.127,159.0,298.0,298.0,-56.619998931884766,-0.0,7.231693744659424,-49.0,-49.0,2.0,159.0,0.0,0.0,0.0,0.0
2561533.128,159.0,285.0,285.0,-54.14999771118164,-0.0,10.0469388961792,-44.0,-44.0,4.0,159.0,0.0,0.0,0.0,0.0
2561544.125,158.0,271.0,271.0,-51.48999786376953,-0.0,12.739897727966309,-38.0,-38.0,1.0,159.0,0.0,0.0,0.0,0.0
2561554.125,159.0,271.0,271.0,-51.48999786376953,-0.0,10.828913688659668,-40.0,-40.0,1.0,159.0,0.0,0.0,0.0,0.0
2561564.126,159.0,259.0,259.0,-49.209999084472656,-0.0,12.80457592010498,-36.0,-36.0,-4.0,159.0,0.0,0.0,0.0,0.0
2561575.098,159.0,251.0,251.0,-47.689998626708984,-0.0,13.283889770507812,-34.0,-34.0,-1.0,159.0,0.0,0.0,0.0,0.0
2561586.126,159.0,243.0,243.0,-46.16999816894531,-0.0,13.691306114196777,-32.0,-32.0,0.0,159.0,0.0,0.0,0.0,0.0
2561596.127,159.0,241.0,241.0,-45.790000915527344,-0.0,12.237610816955566,-33.0,-33.0,-1.0,159.0,0.0,0.0,0.0,0.0
2561607.125,159.0,235.0,235.0,-44.64999771118164,-0.0,12.201969146728516,-32.0,-32.0,1.0,159.0,0.0,0.0,0.0,0.0
2561617.125,159.0,225.0,225.0,-42.75,-0.0,13.371673583984375,-29.0,-29.0,0.0,159.0,0.0,0.0,0.0,0.0
2561627.125,159.0,220.0,220.0,-41.79999923706055,-0.0,12.865922927856445,-28.0,-28.0,-1.0,159.0,0.0,0.0,0.0,0.0
2561638.127,159.0,213.0,213.0,-40.470001220703125,-0.0,11.350628852844238,-29.0,-29.0,0.0,159.0,0.0,0.0,0.0,0.0
2561648.128,159.0,208.0,213.0,-40.470001220703125,-0.0,11.350628852844238,-29.0,-29.0,-2.0,159.0,0.0,0.0,0.0,0.0
2561658.128,159.0,208.0,208.0,-39.52000045776367,-0.0,11.14803409576416,-28.0,-28.0,-2.0,159.0,0.0,0.0,0.0,0.0
2561669.041,159.0,196.0,196.0,-37.23999786376953,-0.0,11.429454803466797,-25.0,-25.0,1.0,159.0,0.0,0.0,0.0,0.0
2561679.633,159.0,196.0,196.0,-37.23999786376953,-0.0,9.715036392211914,-27.0,-27.0,1.0,159.0,0.0,0.0,0.0,0.0
2561690.04,159.0,190.0,190.0,-36.099998474121094,-0.0,10.057781219482422,-26.0,-26.0,3.0,159.0,0.0,0.0,0.0,0.0
2561700.041,159.0,184.0,184.0,-34.959999084472656,-0.0,10.349114418029785,-24.0,-24.0,1.0,159.0,0.0,0.0,0.0,0.0
2561710.041,159.0,181.0,181.0,-34.38999938964844,-0.0,9.696747779846191,-24.0,-24.0,5.0,159.0,0.0,0.0,0.0,0.0
2561720.248,159.0,180.0,180.0,-34.20000076293945,-0.0,8.542235374450684,-25.0,-25.0,1.0,159.0,0.0,0.0,0.0,0.0
2561730.248,159.0,174.0,174.0,-33.060001373291016,-0.0,9.06089973449707,-23.0,-23.0,3.0,159.0,0.0,0.0,0.0,0.0
2561740.248,159.0,171.0,171.0,-32.48999786376953,-0.0,8.601764678955078,-23.0,-23.0,4.0,159.0,0.0,0.0,0.0,0.0
2561750.249,159.0,166.0,166.0,-31.53999900817871,-0.0,8.81149959564209,-22.0,-22.0,1.0,159.0,0.0,0.0,0.0,0.0
2561760.25,159.0,165.0,165.0,-31.350000381469727,-0.0,7.7897748947143555,-23.0,-23.0,-1.0,159.0,0.0,0.0,0.0,0.0
2561770.251,159.0,161.0,161.0,-30.59000015258789,-0.0,7.821308612823486,-22.0,-22.0,0.0,159.0,0.0,0.0,0.0,0.0
2561780.932,159.0,161.0,161.0,-30.59000015258789,-0.0,6.6481122970581055,-23.0,-23.0,0.0,159.0,0.0,0.0,0.0,0.0
2561790.932,159.0,152.0,152.0,-28.8799991607666,-0.0,8.350894927978516,-20.0,-20.0,0.0,159.0,0.0,0.0,0.0,0.0
2561801.353,159.0,152.0,152.0,-28.8799991607666,-0.0,7.098260879516602,-21.0,-21.0,-2.0,159.0,0.0,0.0,0.0,0.0
2561812.125,159.0,148.0,148.0,-28.119998931884766,-0.0,7.233521938323975,-20.0,-20.0,-1.0,159.0,0.0,0.0,0.0,0.0
2561823.125,159.0,144.0,144.0,-27.360000610351562,-0.0,7.348493576049805,-20.0,-20.0,-1.0,159.0,0.0,0.0,0.0,0.0
2561834.126,159.0,144.0,144.0,-27.360000610351562,-0.0,6.246219635009766,-21.0,-21.0,-2.0,159.0,0.0,0.0,0.0,0.0
2561844.126,159.0,144.0,144.0,-27.360000610351562,-0.0,5.309287071228027,-22.0,-22.0,2.0,159.0,0.0,0.0,0.0,0.0
2561855.121,159.0,145.0,145.0,-27.549999237060547,-0.0,4.212893962860107,-23.0,-23.0,1.0,159.0,0.0,0.0,0.0,0.0
2561866.125,158.0,145.0,145.0,-27.549999237060547,-0.0,3.5809600353240967,-23.0,-23.0,0.0,159.0,0.0,0.0,0.0,0.0
2561877.125,159.0,143.0,143.0,-27.170000076293945,-0.0,3.6438159942626953,-23.0,-23.0,0.0,159.0,0.0,0.0,0.0,0.0
2561888.125,159.0,144.0,144.0,-27.360000610351562,-0.0,2.79724383354187,-24.0,-24.0,0.0,159.0,0.0,0.0,0.0,0.0
2561898.85,159.0,142.0,142.0,-26.979999542236328,-0.0,2.9776573181152344,-24.0,-24.0,1.0,159.0,0.0,0.0,0.0,0.0
2561909.125,159.0,146.0,146.0,-27.739999771118164,-0.0,1.331009030342102,-26.0,-26.0,-1.0,159.0,0.0,0.0,0.0,0.0
2561920.127,159.0,146.0,146.0,-27.739999771118164,-0.0,1.0066540241241455,-26.0,-26.0,0.0,159.0,0.0,0.0,0.0,0.0
2561931.041,159.0,150.0,150.0,-28.5,-0.0,-0.3443438708782196,-28.0,-28.0,2.0,159.0,0.0,0.0,0.0,0.0
2561941.076,159.0,152.0,152.0,-28.8799991607666,-0.0,-0.8926922082901001,-29.0,-29.0,0.0,159.0,0.0,0.0,0.0,0.0
2561951.077,159.0,152.0,152.0,-28.8799991607666,-0.0,-0.7587884068489075,-29.0,-29.0,1.0,159.0,0.0,0.0,0.0,0.0
2561962.041,159.0,157.0,157.0,-29.829999923706055,-0.0,-2.144969940185547,-31.0,-31.0,5.0,159.0,0.0,0.0,0.0,0.0
2561973.125,159.0,163.0,163.0,-30.969999313354492,-0.0,-3.6232242584228516,-34.0,-34.0,-1.0,159.0,0.0,0.0,0.0,0.0
2561983.126,159.0,161.0,161.0,-30.59000015258789,-0.0,-2.479740858078003,-33.0,-33.0,1.0,159.0,0.0,0.0,0.0,0.0
2561994.125,159.0,166.0,166.0,-31.53999900817871,-0.0,-3.6077795028686523,-35.0,-35.0,2.0,159.0,0.0,0.0,0.0,0.0
2562004.126,159.0,167.0,167.0,-31.729999542236328,-0.0,-3.366612672805786,-35.0,-35.0,1.0,159.0,0.0,0.0,0.0,0.0
2562015.125,159.0,174.0,174.0,-33.060001373291016,-0.0,-4.961620330810547,-38.0,-38.0,1.0,159.0,0.0,0.0,0.0,0.0
2562026.126,159.0,179.0,179.0,-34.0099983215332,-0.0,-5.717377185821533,-39.0,-39.0,2.0,159.0,0.0,0.0,0.0,0.0
2562036.127,159.0,179.0,179.0,-34.0099983215332,-0.0,-4.859770774841309,-38.0,-38.0,2.0,159.0,0.0,0.0,0.0,0.0
2562046.128,159.0,182.0,182.0,-34.57999801635742,-0.0,-5.0308051109313965,-39.0,-39.0,3.0,159.0,0.0,0.0,0.0,0.0
2562056.128,159.0,181.0,181.0,-34.38999938964844,-0.0,-3.976184606552124,-38.0,-38.0,-1.0,159.0,0.0,0.0,0.0,0.0
2562067.125,159.0,181.0,181.0,-34.38999938964844,-0.0,-3.3797569274902344,-37.0,-37.0,-1.0,159.0,0.0,0.0,0.0,0.0
2562077.125,159.0,181.0,181.0,-34.38999938964844,-0.0,-2.872793436050415,-37.0,-37.0,0.0,159.0,0.0,0.0,0.0,0.0
2562087.125,159.0,180.0,180.0,-34.20000076293945,-0.0,-2.1418745517730713,-36.0,-36.0,1.0,159.0,0.0,0.0,0.0,0.0
2562097.125,159.0,176.0,176.0,-33.439998626708984,-0.0,-0.6205936074256897,-34.0,-34.0,0.0,159.0,0.0,0.0,0.0,0.0
2562107.126,159.0,173.0,173.0,-32.869998931884766,-0.0,0.37249526381492615,-32.0,-32.0,1.0,159.0,0.0,0.0,0.0,0.0
2562118.125,159.0,168.0,168.0,-31.920000076293945,-0.0,1.8166207075119019,-30.0,-30.0,2.0,159.0,0.0,0.0,0.0,0.0
2562129.125,159.0,168.0,168.0,-31.920000076293945,-0.0,1.5441277027130127,-30.0,-30.0,2.0,159.0,0.0,0.0,0.0,0.0
2562139.674,158.0,167.0,167.0,-31.729999542236328,-0.0,1.6125085353851318,-30.0,-30.0,-2.0,159.0,0.0,0.0,0.0,0.0
2562150.098,159.0,169.0,169.0,-32.11000061035156,-0.0,0.7706323862075806,-31.0,-31.0,1.0,159.0,0.0,0.0,0.0,0.0
2562160.099,159.0,164.0,164.0,-31.15999984741211,-0.0,2.1550374031066895,-29.0,-29.0,0.0,159.0,0.0,0.0,0.0,0.0
2562171.125,159.0,167.0,167.0,-31.729999542236328,-0.0,0.9317820072174072,-30.0,-30.0,-1.0,159.0,0.0,0.0,0.0,0.0
2562182.185,159.0,168.0,168.0,-31.920000076293945,-0.0,0.5082125663757324,-31.0,-31.0,-1.0,159.0,0.0,0.0,0.0,0.0
2562192.185,159.0,166.0,166.0,-31.53999900817871,-0.0,1.0319806337356567,-30.0,-30.0,2.0,159.0,0.0,0.0,0.0,0.0
2562202.186,159.0,171.0,171.0,-32.48999786376953,-0.0,-0.6228162050247192,-33.0,-33.0,2.0,159.0,0.0,0.0,0.0,0.0
2562213.041,159.0,168.0,168.0,-31.920000076293945,-0.0,0.37060606479644775,-31.0,-31.0,0.0,159.0,0.0,0.0,0.0,0.0
2562223.657,159.0,168.0,168.0,-31.920000076293945,-0.0,0.31501516699790955,-31.0,-31.0,-1.0,159.0,0.0,0.0,0.0,0.0
2562234.041,159.0,166.0,166.0,-31.53999900817871,-0.0,0.8677628040313721,-30.0,-30.0,-1.0,159.0,0.0,0.0,0.0,0.0
2562244.041,159.0,163.0,163.0,-30.969999313354492,-0.0,1.6375982761383057,-29.0,-29.0,-1.0,159.0,0.0,0.0,0.0,0.0
2562254.042,159.0,158.0,158.0,-30.020000457763672,-0.0,2.891958236694336,-27.0,-27.0,0.0,159.0,0.0,0.0,0.0,0.0
2562264.042,159.0,159.0,159.0,-30.209999084472656,-0.0,2.1581645011901855,-28.0,-28.0,4.0,159.0,0.0,0.0,0.0,0.0
2562274.042,159.0,153.0,153.0,-29.06999969482422,-0.0,3.634439706802368,-25.0,-25.0,2.0,159.0,0.0,0.0,0.0,0.0
2562284.043,159.0,147.0,147.0,-27.93000030517578,-0.0,4.889273643493652,-23.0,-23.0,-2.0,159.0,0.0,0.0,0.0,0.0
2562295.125,159.0,147.0,147.0,-27.93000030517578,-0.0,4.155882835388184,-23.0,-23.0,1.0,159.0,0.0,0.0,0.0,0.0
2562305.125,159.0,145.0,145.0,-27.549999237060547,-0.0,4.132500648498535,-23.0,-23.0,-1.0,159.0,0.0,0.0,0.0,0.0
2562315.125,159.0,142.0,142.0,-26.979999542236328,-0.0,4.412625312805176,-22.0,-22.0,1.0,159.0,0.0,0.0,0.0,0.0
2562325.126,159.0,139.0,139.0,-26.40999984741211,-0.0,4.650731563568115,-21.0,-21.0,-1.0,159.0,0.0,0.0,0.0,0.0
2562335.126,159.0,136.0,136.0,-25.84000015258789,-0.0,4.853121757507324,-20.0,-20.0,0.0,159.0,0.0,0.0,0.0,0.0
2562345.126,159.0,137.0,137.0,-26.029998779296875,-0.0,3.8251535892486572,-22.0,-22.0,1.0,159.0,0.0,0.0,0.0,0.0
2562355.127,159.0,129.0,129.0,-24.510000228881836,-0.0,5.6513800621032715,-18.0,-18.0,3.0,159.0,0.0,0.0,0.0,0.0
2562366.125,159.0,124.0,124.0,-23.559999465942383,-0.0,6.303672790527344,-17.0,-17.0,1.0,159.0,0.0,0.0,0.0,0.0
2562377.19,159.0,121.0,121.0,-22.989999771118164,-0.0,6.258121967315674,-16.0,-16.0,2.0,159.0,0.0,0.0,0.0,0.0
2562387.191,159.0,117.0,117.0,-22.229999542236328,-0.0,6.519403457641602,-15.0,-15.0,4.0,159.0,0.0,0.0,0.0,0.0
2562397.192,159.0,112.0,112.0,-21.279998779296875,-0.0,7.041492938995361,-14.0,-14.0,3.0,159.0,0.0,0.0,0.0,0.0
2562407.192,159.0,104.0,104.0,-19.760000228881836,-0.0,8.385269165039062,-11.0,-11.0,1.0,159.0,0.0,0.0,0.0,0.0
2562418.125,159.0,104.0,104.0,-19.760000228881836,-0.0,7.127479076385498,-12.0,-12.0,1.0,159.0,0.0,0.0,0.0,0.0
2562428.296,159.0,99.0,99.0,-18.809999465942383,-0.0,7.558357238769531,-11.0,-11.0,-1.0,159.0,0.0,0.0,0.0,0.0
2562438.296,159.0,95.0,95.0,-18.049999237060547,-0.0,7.624603748321533,-10.0,-11.0,2.0,159.0,0.0,0.0,0.0,0.0
2562448.296,159.0,94.0,94.0,-17.860000610351562,-0.0,6.780913352966309,-11.0,-11.0,4.0,159.0,0.0,0.0,0.0,0.0
2562458.586,159.0,88.0,88.0,-16.719999313354492,-0.0,7.563776016235352,-9.0,-11.0,3.0,159.0,0.0,0.0,0.0,0.0
2562468.586,159.0,83.0,83.0,-15.769999504089355,-0.0,7.9292097091674805,-7.0,-11.0,-2.0,159.0,0.0,0.0,0.0,0.0
2562478.586,159.0,83.0,83.0,-15.769999504089355,-0.0,6.739828586578369,-9.0,-11.0,-2.0,159.0,0.0,0.0,0.0,0.0
2562489.126,159.0,73.0,73.0,-13.869999885559082,-0.0,8.728854179382324,-5.0,-11.0,0.0,159.0,0.0,0.0,0.0,0.0
2562500.126,159.0,69.0,69.0,-13.109999656677246,-0.0,8.619525909423828,-4.0,-11.0,1.0,159.0,0.0,0.0,0.0,0.0
2562510.126,159.0,64.0,64.0,-12.15999984741211,-0.0,8.826597213745117,-3.0,-11.0,1.0,159.0,0.0,0.0,0.0,0.0
2562520.126,159.0,63.0,63.0,-11.970000267028809,-0.0,7.802608013153076,-4.0,-11.0,3.0,159.0,0.0,0.0,0.0,0.0
2562530.127,159.0,61.0,61.0,-11.59000015258789,-0.0,7.232216835021973,-4.0,-11.0,2.0,159.0,0.0,0.0,0.0,0.0
2562540.128,159.0,55.0,55.0,-10.449999809265137,-0.0,7.947384357452393,-2.0,-11.0,0.0,159.0,0.0,0.0,0.0,0.0
2562550.128,159.0,51.0,51.0,-9.6899995803833,-0.0,7.9552764892578125,-1.0,-9.0,-1.0,159.0,0.0,0.0,0.0,0.0
2562560.128,159.0,46.0,46.0,-8.739999771118164,-0.0,8.261984825134277,0.0,0.0,-2.0,159.0,0.0,0.0,0.0,0.0
2562571.126,159.0,46.0,46.0,-8.739999771118164,-0.0,7.0226874351501465,-1.0,-9.0,0.0,159.0,0.0,0.0,0.0,0.0
2562582.125,159.0,42.0,42.0,-7.980000019073486,-0.0,7.169284343719482,0.0,0.0,0.0,159.0,0.0,0.0,0.0,0.0
2562593.027,159.0,36.0,36.0,-6.840000152587891,-0.0,7.89389181137085,1.0,9.0,-1.0,159.0,0.0,0.0,0.0,0.0
2562603.027,159.0,37.0,37.0,-7.029999732971191,-0.0,6.409808158874512,0.0,0.0,0.0,159.0,0.0,0.0,0.0,0.0
2562613.028,159.0,39.0,39.0,-7.409999847412109,-0.0,4.848337173461914,-2.0,-11.0,-1.0,159.0,0.0,0.0,0.0,0.0
2562623.028,159.0,31.0,31.0,-5.889999866485596,-0.0,6.5210862159729,0.0,0.0,2.0,159.0,0.0,0.0,0.0,0.0
2562633.028,159.0,26.0,26.0,-4.940000057220459,-0.0,7.0429229736328125,2.0,11.0,1.0,159.0,0.0,0.0,0.0,0.0
2562643.041,159.0,23.0,23.0,-4.369999885559082,-0.0,6.886484622955322,2.0,11.0,3.0,159.0,0.0,0.0,0.0,0.0
2562654.041,159.0,18.0,18.0,-3.4200000762939453,-0.0,7.353511810302734,3.0,11.0,2.0,159.0,0.0,0.0,0.0,0.0
2562664.041,159.0,19.0,19.0,-3.609999895095825,-0.0,5.9504852294921875,2.0,11.0,1.0,159.0,0.0,0.0,0.0,0.0
2562674.041,159.0,10.0,10.0,-1.899999976158142,-0.0,7.7579121589660645,5.0,11.0,1.0,159.0,0.0,0.0,0.0,0.0
2562684.352,159.0,9.0,9.0,-1.7100000381469727,-0.0,6.894225597381592,5.0,11.0,0.0,159.0,0.0,0.0,0.0,0.0
2562695.125,159.0,9.0,9.0,-1.7100000381469727,-0.0,5.860091686248779,4.0,11.0,0.0,159.0,0.0,0.0,0.0,0.0
2562705.126,159.0,3.0,3.0,-0.5699999928474426,-0.0,6.781077861785889,6.0,11.0,4.0,159.0,0.0,0.0,0.0,0.0
2562716.099,159.0,-3.0,-3.0,0.5699999928474426,0.0,6.564328670501709,7.0,11.0,3.0,159.0,0.0,0.0,0.0,0.0
2562726.1,159.0,-7.0,-7.0,1.3299999237060547,0.0,6.779679298400879,8.0,11.0,0.0,159.0,0.0,0.0,0.0,0.0
2562736.369,159.0,-8.0,-8.0,1.5199999809265137,0.0,6.062727451324463,7.0,11.0,0.0,159.0,0.0,0.0,0.0,0.0
2562747.041,159.0,-11.0,-11.0,2.0899999141693115,0.0,6.053318500518799,8.0,11.0,-1.0,159.0,0.0,0.0,0.0,0.0
2562758.126,159.0,-16.0,-16.0,3.0399999618530273,0.0,6.645320415496826,9.0,11.0,-2.0,159.0,0.0,0.0,0.0,0.0
2562769.125,159.0,-19.0,-19.0,3.609999895095825,0.0,6.548522472381592,10.0,11.0,-1.0,159.0,0.0,0.0,0.0,0.0
2562779.125,159.0,-20.0,-20.0,3.799999952316284,0.0,5.866244316101074,9.0,11.0,2.0,159.0,0.0,0.0,0.0,0.0
2562789.125,159.0,-33.0,-33.0,6.269999980926514,0.0,8.886306762695312,15.0,15.0,1.0,159.0,0.0,0.0,0.0,0.0
2562800.125,159.0,-33.0,-33.0,6.269999980926514,0.0,7.553360939025879,13.0,13.0,1.0,159.0,0.0,0.0,0.0,0.0
2562810.564,159.0,-33.0,-33.0,6.269999980926514,0.0,6.420356750488281,12.0,12.0,-2.0,159.0,0.0,0.0,0.0,0.0
2562821.126,159.0,-40.0,-40.0,7.599999904632568,0.0,7.557302951812744,15.0,15.0,0.0,159.0,0.0,0.0,0.0,0.0
2562831.127,159.0,-37.0,-37.0,7.029999732971191,0.0,5.523707866668701,12.0,12.0,0.0,159.0,0.0,0.0,0.0,0.0
2562842.125,159.0,-50.0,-50.0,9.5,0.0,8.5951509475708,18.0,18.0,0.0,159.0,0.0,0.0,0.0,0.0
2562853.126,159.0,-50.0,-50.0,9.5,0.0,7.305878639221191,16.0,16.0,0.0,159.0,0.0,0.0,0.0,0.0
2562864.125,159.0,-59.0,-59.0,11.210000038146973,0.0,8.90999698638916,20.0,20.0,3.0,159.0,0.0,0.0,0.0,0.0
2562875.125,159.0,-62.0,-62.0,11.779999732971191,0.0,8.47349739074707,20.0,20.0,-1.0,159.0,0.0,0.0,0.0,0.0
2562885.126,159.0,-74.0,-74.0,14.059999465942383,0.0,10.802472114562988,24.0,24.0,2.0,159.0,0.0,0.0,0.0,0.0
2562896.125,159.0,-74.0,-74.0,14.059999465942383,0.0,9.182101249694824,23.0,23.0,2.0,159.0,0.0,0.0,0.0,0.0
2562907.126,159.0,-80.0,-80.0,15.199999809265137,0.0,9.604785919189453,24.0,24.0,-2.0,159.0,0.0,0.0,0.0,0.0
2562917.515,159.0,-92.0,-92.0,17.479999542236328,0.0,10.04445743560791,27.0,27.0,1.0,159.0,0.0,0.0,0.0,0.0
2562927.516,159.0,-98.0,-98.0,18.619998931884766,0.0,10.337788581848145,28.0,28.0,5.0,159.0,0.0,0.0,0.0,0.0
2562937.517,159.0,-110.0,-98.0,18.619998931884766,0.0,10.337788581848145,28.0,28.0,0.0,159.0,0.0,0.0,0.0,0.0
2562947.517,159.0,-112.0,-110.0,20.899999618530273,0.0,12.387120246887207,33.0,33.0,3.0,159.0,0.0,0.0,0.0,0.0
2562958.125,159.0,-122.0,-122.0,23.18000030517578,0.0,12.459693908691406,35.0,35.0,3.0,159.0,0.0,0.0,0.0,0.0
2562969.125,159.0,-126.0,-126.0,23.940000534057617,0.0,11.790740013122559,35.0,35.0,3.0,159.0,0.0,0.0,0.0,0.0
2562980.144,159.0,-137.0,-137.0,26.029998779296875,0.0,13.322128295898438,39.0,39.0,-1.0,159.0,0.0,0.0,0.0,0.0
2562990.145,159.0,-137.0,-137.0,26.029998779296875,0.0,11.323809623718262,37.0,37.0,-1.0,159.0,0.0,0.0,0.0,0.0
2563000.146,159.0,-154.0,-154.0,29.260000228881836,0.0,14.725237846374512,43.0,43.0,3.0,159.0,0.0,0.0,0.0,0.0
2563011.125,159.0,-165.0,-165.0,31.350000381469727,0.0,15.816452026367188,47.0,47.0,2.0,159.0,0.0,0.0,0.0,0.0
2563022.017,159.0,-168.0,-168.0,31.920000076293945,0.0,14.343984603881836,46.0,46.0,1.0,159.0,0.0,0.0,0.0,0.0
2563032.017,158.0,-191.0,-191.0,36.290000915527344,0.0,19.09238624572754,55.0,55.0,0.0,159.0,0.0,0.0,0.0,0.0
2563042.126,158.0,-198.0,-198.0,37.619998931884766,0.0,18.328529357910156,55.0,55.0,3.0,159.0,0.0,0.0,0.0,0.0
2563052.126,157.0,-198.0,-198.0,37.619998931884766,0.0,15.57925033569336,53.0,53.0,3.0,159.0,0.0,0.0,0.0,0.0
2563063.099,156.0,-209.0,-209.0,39.709999084472656,0.0,16.542362213134766,56.0,56.0,3.0,156.0,0.0,0.0,0.0,0.0
2563074.125,156.0,-229.0,-229.0,43.5099983215332,0.0,20.061006546020508,63.0,63.0,0.0,156.0,0.0,0.0,0.0,0.0
2563085.125,156.0,-232.0,-232.0,44.07999801635742,0.0,17.95185661315918,62.0,62.0,-2.0,156.0,0.0,0.0,0.0,0.0
2563095.987,156.0,-250.0,-250.0,47.5,0.0,20.65907859802246,68.0,68.0,0.0,156.0,0.0,0.0,0.0,0.0
2563106.126,156.0,-275.0,-275.0,52.25,0.0,25.060216903686523,77.0,77.0,1.0,156.0,0.0,0.0,0.0,0.0
2563117.125,156.0,-279.0,-279.0,53.0099983215332,0.0,22.501184463500977,75.0,75.0,3.0,156.0,0.0,0.0,0.0,0.0
2563128.126,156.0,-288.0,-288.0,54.720001220703125,0.0,21.826007843017578,76.0,76.0,1.0,156.0,0.0,0.0,0.0,0.0
2563139.128,156.0,-338.0,-338.0,64.22000122070312,0.0,29.914289474487305,94.0,94.0,-2.0,156.0,0.0,0.0,0.0,0.0
2563149.827,156.0,-339.0,-339.0,64.40999603271484,0.0,25.72714614868164,90.0,90.0,1.0,156.0,0.0,0.0,0.0,0.0
2563160.125,156.0,-356.0,-356.0,67.63999938964844,0.0,26.968074798583984,94.0,94.0,-3.0,156.0,0.0,0.0,0.0,0.0
2563170.126,156.0,-359.0,-359.0,68.20999908447266,0.0,23.822864532470703,92.0,92.0,-5.0,156.0,0.0,0.0,0.0,0.0
2563180.22,156.0,-362.0,-362.0,68.77999877929688,0.0,21.14943504333496,89.0,89.0,-3.0,156.0,0.0,0.0,0.0,0.0
2563191.125,156.0,-361.0,-361.0,68.58999633789062,0.0,17.677021026611328,86.0,86.0,-4.0,156.0,0.0,0.0,0.0,0.0
2563201.126,156.0,-342.0,-342.0,64.97999572753906,0.0,9.325469017028809,74.0,74.0,-1.0,156.0,0.0,0.0,0.0,0.0
2563212.126,156.0,-327.0,-327.0,62.130001068115234,0.0,3.426649808883667,65.0,65.0,-2.0,156.0,0.0,0.0,0.0,0.0
2563222.267,156.0,-327.0,-327.0,62.130001068115234,0.0,2.9126524925231934,65.0,65.0,-2.0,156.0,0.0,0.0,0.0,0.0
2563233.125,156.0,-301.0,-301.0,57.189998626708984,0.0,-5.324244022369385,51.0,51.0,-3.0,156.0,0.0,0.0,0.0,0.0
2563243.126,156.0,-285.0,-285.0,54.14999771118164,0.0,-9.325606346130371,44.0,44.0,-1.0,156.0,0.0,0.0,0.0,0.0
2563254.126,156.0,-282.0,-282.0,53.57999801635742,0.0,-8.826765060424805,44.0,44.0,-3.0,156.0,0.0,0.0,0.0,0.0
2563265.161,156.0,-267.0,-267.0,50.72999954223633,0.0,-12.0027494430542,38.0,38.0,-2.0,156.0,0.0,0.0,0.0,0.0
2563275.161,156.0,-241.0,-241.0,45.790000915527344,0.0,-18.002336502075195,27.0,27.0,-1.0,156.0,0.0,0.0,0.0,0.0
2563286.125,156.0,-220.0,-220.0,41.79999923706055,0.0,-21.601985931396484,20.0,20.0,0.0,156.0,0.0,0.0,0.0,0.0
2563297.126,156.0,-220.0,-220.0,41.79999923706055,0.0,-18.3616886138916,23.0,23.0,0.0,156.0,0.0,0.0,0.0,0.0
2563307.127,156.0,-199.0,-199.0,37.810001373291016,0.0,-21.907434463500977,15.0,15.0,2.0,156.0,0.0,0.0,0.0,0.0
2563317.19,156.0,-173.0,-173.0,32.869998931884766,0.0,-26.42131805419922,6.0,11.0,3.0,156.0,0.0,0.0,0.0,0.0
2563328.125,156.0,-151.0,-151.0,28.690000534057617,0.0,-29.058120727539062,0.0,0.0,6.0,156.0,0.0,0.0,0.0,0.0
2563339.125,156.0,-151.0,-151.0,28.690000534057617,0.0,-24.699403762817383,3.0,11.0,6.0,156.0,0.0,0.0,0.0,0.0
2563349.126,156.0,-132.0,-132.0,25.079999923706055,0.0,-26.69449234008789,-1.0,-9.0,5.0,156.0,0.0,0.0,0.0,0.0
2563360.126,156.0,-132.0,-132.0,25.079999923706055,0.0,-22.690319061279297,2.0,11.0,5.0,156.0,0.0,0.0,0.0,0.0
2563371.126,156.0,-94.0,-94.0,17.860000610351562,0.0,-26.758752822875977,-8.0,-11.0,5.0,156.0,0.0,0.0,0.0,0.0
2563381.952,156.0,-80.0,-80.0,15.199999809265137,0.0,-26.9449405670166,-11.0,-11.0,2.0,156.0,0.0,0.0,0.0,0.0
2563391.953,156.0,-77.0,-77.0,14.630000114440918,0.0,-23.803199768066406,-9.0,-11.0,5.0,156.0,0.0,0.0,0.0,0.0
2563402.126,156.0,-63.0,-63.0,11.970000267028809,0.0,-24.432720184326172,-12.0,-12.0,5.0,156.0,0.0,0.0,0.0,0.0
2563412.127,156.0,-63.0,-63.0,11.970000267028809,0.0,-20.767812728881836,-8.0,-11.0,5.0,156.0,0.0,0.0,0.0,0.0
2563422.128,156.0,-42.0,-42.0,7.980000019073486,0.0,-23.952640533447266,-15.0,-15.0,0.0,156.0,0.0,0.0,0.0,0.0
2563432.128,156.0,-32.0,-32.0,6.079999923706055,0.0,-23.359745025634766,-17.0,-17.0,-1.0,156.0,0.0,0.0,0.0,0.0
2563443.125,156.0,-29.0,-29.0,5.509999752044678,0.0,-20.755783081054688,-15.0,-15.0,1.0,156.0,0.0,0.0,0.0,0.0
2563453.126,156.0,-19.0,-19.0,3.609999895095825,0.0,-20.64241600036621,-17.0,-17.0,0.0,156.0,0.0,0.0,0.0,0.0
2563464.125,156.0,-8.0,-8.0,1.5199999809265137,0.0,-20.846054077148438,-19.0,-19.0,0.0,156.0,0.0,0.0,0.0,0.0
2563474.126,156.0,-6.0,-6.0,1.1399999856948853,0.0,-18.31914710998535,-17.0,-17.0,-1.0,156.0,0.0,0.0,0.0,0.0
2563485.126,156.0,13.0,13.0,-2.4700000286102295,-0.0,-21.27127456665039,-23.0,-23.0,-1.0,156.0,0.0,0.0,0.0,0.0
2563495.126,156.0,14.0,14.0,-2.6599998474121094,-0.0,-18.380584716796875,-21.0,-21.0,-1.0,156.0,0.0,0.0,0.0,0.0
2563505.127,156.0,23.0,23.0,-4.369999885559082,-0.0,-18.323497772216797,-22.0,-22.0,-2.0,156.0,0.0,0.0,0.0,0.0
2563515.128,156.0,34.0,34.0,-6.460000038146973,-0.0,-18.87497329711914,-25.0,-25.0,2.0,156.0,0.0,0.0,0.0,0.0
2563526.126,156.0,46.0,46.0,-8.739999771118164,-0.0,-19.643726348876953,-28.0,-28.0,1.0,156.0,0.0,0.0,0.0,0.0
2563537.125,156.0,46.0,46.0,-8.739999771118164,-0.0,-16.697168350219727,-25.0,-25.0,1.0,156.0,0.0,0.0,0.0,0.0
2563547.391,156.0,54.0,54.0,-10.260000228881836,-0.0,-16.592592239379883,-26.0,-26.0,0.0,156.0,0.0,0.0,0.0,0.0
2563557.391,156.0,60.0,60.0,-11.399999618530273,-0.0,-15.903703689575195,-27.0,-27.0,1.0,156.0,0.0,0.0,0.0,0.0
2563567.392,156.0,65.0,65.0,-12.34999942779541,-0.0,-15.018148422241211,-27.0,-27.0,-1.0,156.0,0.0,0.0,0.0,0.0
2563577.878,156.0,70.0,70.0,-13.300000190734863,-0.0,-14.265426635742188,-27.0,-27.0,0.0,156.0,0.0,0.0,0.0,0.0
2563588.126,156.0,68.0,68.0,-12.920000076293945,-0.0,-11.525612831115723,-24.0,-24.0,2.0,156.0,0.0,0.0,0.0,0.0
2563598.127,156.0,67.0,67.0,-12.729999542236328,-0.0,-9.496770858764648,-22.0,-22.0,0.0,156.0,0.0,0.0,0.0,0.0
2563609.125,156.0,68.0,68.0,-12.920000076293945,-0.0,-8.372255325317383,-21.0,-21.0,0.0,156.0,0.0,0.0,0.0,0.0
2563619.126,156.0,66.0,66.0,-12.539999961853027,-0.0,-6.516417503356934,-19.0,-19.0,1.0,156.0,0.0,0.0,0.0,0.0
2563630.125,156.0,64.0,64.0,-12.15999984741211,-0.0,-4.938955307006836,-17.0,-17.0,1.0,156.0,0.0,0.0,0.0,0.0
2563641.126,156.0,65.0,65.0,-12.34999942779541,-0.0,-4.498112201690674,-16.0,-16.0,3.0,156.0,0.0,0.0,0.0,0.0
2563651.127,156.0,60.0,60.0,-11.399999618530273,-0.0,-2.3233957290649414,-13.0,-13.0,4.0,156.0,0.0,0.0,0.0,0.0
2563662.187,156.0,58.0,58.0,-11.019999504089355,-0.0,-1.3748865127563477,-12.0,-12.0,0.0,156.0,0.0,0.0,0.0,0.0
2563673.125,156.0,54.0,54.0,-10.260000228881836,-0.0,0.2066442221403122,-10.0,-11.0,0.0,156.0,0.0,0.0,0.0,0.0
2563684.125,156.0,54.0,54.0,-10.260000228881836,-0.0,0.1756475865840912,-10.0,-11.0,-2.0,156.0,0.0,0.0,0.0,0.0
2563695.125,156.0,53.0,53.0,-10.069999694824219,-0.0,0.4493004083633423,-9.0,-11.0,2.0,156.0,0.0,0.0,0.0,0.0
2563705.318,156.0,54.0,54.0,-10.260000228881836,-0.0,0.08190540224313736,-10.0,-11.0,0.0,156.0,0.0,0.0,0.0,0.0
2563715.318,156.0,48.0,48.0,-9.119999885559082,-0.0,1.8696192502975464,-7.0,-11.0,0.0,156.0,0.0,0.0,0.0,0.0
2563726.319,156.0,53.0,53.0,-10.069999694824219,-0.0,0.08917664736509323,-9.0,-11.0,-2.0,156.0,0.0,0.0,0.0,0.0
2563736.32,156.0,48.0,48.0,-9.119999885559082,-0.0,1.5757999420166016,-7.0,-11.0,1.0,156.0,0.0,0.0,0.0,0.0
2563746.32,156.0,47.0,47.0,-8.930000305175781,-0.0,1.6394299268722534,-7.0,-11.0,3.0,156.0,0.0,0.0,0.0,0.0
2563756.321,156.0,49.0,49.0,-9.309999465942383,-0.0,0.7935155630111694,-8.0,-11.0,1.0,156.0,0.0,0.0,0.0,0.0
2563766.747,156.0,47.0,47.0,-8.930000305175781,-0.0,1.2744882106781006,-7.0,-11.0,-1.0,156.0,0.0,0.0,0.0,0.0
2563777.126,156.0,44.0,44.0,-8.359999656677246,-0.0,1.983314871788025,-6.0,-11.0,0.0,156.0,0.0,0.0,0.0,0.0
2563787.126,156.0,46.0,46.0,-8.739999771118164,-0.0,1.085817813873291,-7.0,-11.0,2.0,156.0,0.0,0.0,0.0,0.0
2563798.125,156.0,42.0,42.0,-7.980000019073486,-0.0,2.1229450702667236,-5.0,-11.0,4.0,156.0,0.0,0.0,0.0,0.0
2563808.889,156.0,43.0,43.0,-8.170000076293945,-0.0,1.5045033693313599,-6.0,-11.0,2.0,156.0,0.0,0.0,0.0,0.0
2563818.89,156.0,40.0,40.0,-7.599999904632568,-0.0,2.1788277626037598,-5.0,-11.0,2.0,156.0,0.0,0.0,0.0,0.0
2563828.89,156.0,42.0,42.0,-7.980000019073486,-0.0,1.252003788948059,-6.0,-11.0,1.0,156.0,0.0,0.0,0.0,0.0
2563838.89,156.0,40.0,40.0,-7.599999904632568,-0.0,1.66420316696167,-5.0,-11.0,2.0,156.0,0.0,0.0,0.0,0.0
2563848.89,156.0,41.0,41.0,-7.789999961853027,-0.0,1.1145727634429932,-6.0,-11.0,1.0,156.0,0.0,0.0,0.0,0.0
2563858.891,156.0,40.0,40.0,-7.599999904632568,-0.0,1.2473868131637573,-6.0,-11.0,5.0,156.0,0.0,0.0,0.0,0.0
2563868.891,156.0,38.0,38.0,-7.21999979019165,-0.0,1.6602786779403687,-5.0,-11.0,-1.0,156.0,0.0,0.0,0.0,0.0
2563879.126,156.0,37.0,37.0,-7.029999732971191,-0.0,1.711236834526062,-5.0,-11.0,-1.0,156.0,0.0,0.0,0.0,0.0
2563890.098,156.0,33.0,33.0,-6.269999980926514,-0.0,2.6545512676239014,-3.0,-11.0,1.0,156.0,0.0,0.0,0.0,0.0
2563900.098,156.0,38.0,38.0,-7.21999979019165,-0.0,0.75636887550354,-6.0,-11.0,-4.0,156.0,0.0,0.0,0.0,0.0
2563910.099,156.0,38.0,38.0,-7.21999979019165,-0.0,0.6429135799407959,-6.0,-11.0,-4.0,156.0,0.0,0.0,0.0,0.0
2563920.1,156.0,35.0,35.0,-6.650000095367432,-0.0,1.4464764595031738,-5.0,-11.0,-1.0,156.0,0.0,0.0,0.0,0.0
2563931.126,156.0,38.0,38.0,-7.21999979019165,-0.0,0.32950517535209656,-6.0,-11.0,1.0,156.0,0.0,0.0,0.0,0.0
2563942.125,156.0,38.0,38.0,-7.21999979019165,-0.0,0.2800793945789337,-6.0,-11.0,-1.0,156.0,0.0,0.0,0.0,0.0
2563953.126,156.0,34.0,34.0,-6.460000038146973,-0.0,1.4380673170089722,-5.0,-11.0,-2.0,156.0,0.0,0.0,0.0,0.0
2563963.127,156.0,35.0,35.0,-6.650000095367432,-0.0,0.9223573207855225,-5.0,-11.0,-1.0,156.0,0.0,0.0,0.0,0.0
2563974.125,156.0,35.0,35.0,-6.650000095367432,-0.0,0.784003734588623,-5.0,-11.0,0.0,156.0,0.0,0.0,0.0,0.0
2563985.126,156.0,36.0,36.0,-6.840000152587891,-0.0,0.3664032518863678,-6.0,-11.0,1.0,156.0,0.0,0.0,0.0,0.0
2563996.125,156.0,38.0,38.0,-7.21999979019165,-0.0,-0.24527357518672943,-7.0,-11.0,-1.0,156.0,0.0,0.0,0.0,0.0
2564006.675,156.0,38.0,38.0,-7.21999979019165,-0.0,-0.2084825485944748,-7.0,-11.0,-1.0,156.0,0.0,0.0,0.0,0.0
2564016.676,156.0,36.0,36.0,-6.840000152587891,-0.0,0.42278972268104553,-6.0,-11.0,-1.0,156.0,0.0,0.0,0.0,0.0
2564026.676,156.0,35.0,35.0,-6.650000095367432,-0.0,0.6593711972236633,-5.0,-11.0,1.0,156.0,0.0,0.0,0.0,0.0
2564036.822,156.0,35.0,35.0,-6.650000095367432,-0.0,0.5604655146598816,-6.0,-11.0,0.0,156.0,0.0,0.0,0.0,0.0
2564046.823,156.0,40.0,40.0,-7.599999904632568,-0.0,-1.0236040353775024,-8.0,-11.0,1.0,156.0,0.0,0.0,0.0,0.0
2564057.125,156.0,38.0,38.0,-7.21999979019165,-0.0,-0.2700635492801666,-7.0,-11.0,0.0,156.0,0.0,0.0,0.0,0.0
2564067.125,156.0,38.0,38.0,-7.21999979019165,-0.0,-0.22955402731895447,-7.0,-11.0,0.0,156.0,0.0,0.0,0.0,0.0
2564077.24,156.0,39.0,39.0,-7.409999847412109,-0.0,-0.4951208829879761,-7.0,-11.0,-1.0,156.0,0.0,0.0,0.0,0.0
2564088.125,156.0,37.0,37.0,-7.029999732971191,-0.0,0.1791471391916275,-6.0,-11.0,-1.0,156.0,0.0,0.0,0.0,0.0
2564098.993,156.0,40.0,40.0,-7.599999904632568,-0.0,-0.7477247714996338,-8.0,-11.0,1.0,156.0,0.0,0.0,0.0,0.0
2564108.994,156.0,38.0,38.0,-7.21999979019165,-0.0,-0.035566169768571854,-7.0,-11.0,-1.0,156.0,0.0,0.0,0.0,0.0
2564118.995,156.0,42.0,42.0,-7.980000019073486,-0.0,-1.2302310466766357,-9.0,-11.0,2.0,156.0,0.0,0.0,0.0,0.0
2564129.126,156.0,43.0,43.0,-8.170000076293945,-0.0,-1.3456963300704956,-9.0,-11.0,-1.0,156.0,0.0,0.0,0.0,0.0
2564139.127,156.0,44.0,44.0,-8.359999656677246,-0.0,-1.443841814994812,-9.0,-11.0,1.0,156.0,0.0,0.0,0.0,0.0
2564150.126,156.0,46.0,46.0,-8.739999771118164,-0.0,-1.8272655010223389,-10.0,-11.0,-1.0,156.0,0.0,0.0,0.0,0.0
2564160.643,156.0,46.0,46.0,-8.739999771118164,-0.0,-1.553175687789917,-10.0,-11.0,-1.0,156.0,0.0,0.0,0.0,0.0
2564171.125,156.0,44.0,44.0,-8.359999656677246,-0.0,-0.720199465751648,-9.0,-11.0,2.0,156.0,0.0,0.0,0.0,0.0
2564181.645,156.0,46.0,46.0,-8.739999771118164,-0.0,-1.2121694087982178,-9.0,-11.0,-4.0,156.0,0.0,0.0,0.0,0.0
2564192.126,156.0,47.0,47.0,-8.930000305175781,-0.0,-1.3303439617156982,-10.0,-11.0,3.0,156.0,0.0,0.0,0.0,0.0
2564203.126,156.0,51.0,51.0,-9.6899995803833,-0.0,-2.330792188644409,-12.0,-12.0,0.0,156.0,0.0,0.0,0.0,0.0
2564213.127,156.0,47.0,47.0,-8.930000305175781,-0.0,-0.781173586845398,-9.0,-11.0,0.0,156.0,0.0,0.0,0.0,0.0
2564224.125,156.0,51.0,51.0,-9.6899995803833,-0.0,-1.8639973402023315,-11.0,-11.0,1.0,156.0,0.0,0.0,0.0,0.0
2564234.125,156.0,52.0,52.0,-9.880000114440918,-0.0,-1.8843977451324463,-11.0,-11.0,-2.0,156.0,0.0,0.0,0.0,0.0
2564245.125,156.0,53.0,53.0,-10.069999694824219,-0.0,-1.9017380475997925,-11.0,-11.0,3.0,156.0,0.0,0.0,0.0,0.0
2564256.333,156.0,57.0,57.0,-10.829999923706055,-0.0,-2.8164772987365723,-13.0,-13.0,0.0,156.0,0.0,0.0,0.0,0.0
2564267.126,156.0,56.0,56.0,-10.639999389648438,-0.0,-2.094005823135376,-12.0,-12.0,2.0,156.0,0.0,0.0,0.0,0.0
2564278.125,156.0,61.0,61.0,-11.59000015258789,-0.0,-2.967919111251831,-14.0,-14.0,1.0,156.0,0.0,0.0,0.0,0.0
2564289.126,156.0,67.0,67.0,-12.729999542236328,-0.0,-4.322731018066406,-17.0,-17.0,-1.0,156.0,0.0,0.0,0.0,0.0
2564300.126,156.0,65.0,65.0,-12.34999942779541,-0.0,-3.0743215084075928,-15.0,-15.0,2.0,156.0,0.0,0.0,0.0,0.0
2564310.126,156.0,65.0,65.0,-12.34999942779541,-0.0,-2.613173246383667,-14.0,-14.0,1.0,156.0,0.0,0.0,0.0,0.0
2564320.127,156.0,65.0,65.0,-12.34999942779541,-0.0,-2.2211973667144775,-14.0,-14.0,1.0,156.0,0.0,0.0,0.0,0.0
2564331.125,156.0,64.0,64.0,-12.15999984741211,-0.0,-1.5880178213119507,-13.0,-13.0,-1.0,156.0,0.0,0.0,0.0,0.0
2564341.125,156.0,62.0,62.0,-11.779999732971191,-0.0,-0.7498152852058411,-12.0,-12.0,3.0,156.0,0.0,0.0,0.0,0.0
2564352.268,156.0,62.0,62.0,-11.779999732971191,-0.0,-0.6373429894447327,-12.0,-12.0,1.0,156.0,0.0,0.0,0.0,0.0
2564363.125,156.0,61.0,61.0,-11.59000015258789,-0.0,-0.2417415976524353,-11.0,-11.0,-1.0,156.0,0.0,0.0,0.0,0.0
2564374.125,156.0,57.0,57.0,-10.829999923706055,-0.0,0.9945194721221924,-9.0,-11.0,1.0,156.0,0.0,0.0,0.0,0.0
2564385.126,156.0,57.0,57.0,-10.829999923706055,-0.0,0.8453415632247925,-9.0,-11.0,3.0,156.0,0.0,0.0,0.0,0.0
2564395.127,156.0,58.0,58.0,-11.019999504089355,-0.0,0.4185403883457184,-10.0,-11.0,-1.0,156.0,0.0,0.0,0.0,0.0
2564405.127,156.0,56.0,56.0,-10.639999389648438,-0.0,0.9557592272758484,-9.0,-11.0,1.0,156.0,0.0,0.0,0.0,0.0
2564415.128,156.0,54.0,54.0,-10.260000228881836,-0.0,1.4123952388763428,-8.0,-11.0,3.0,156.0,0.0,0.0,0.0,0.0
2564425.129,156.0,53.0,53.0,-10.069999694824219,-0.0,1.5005359649658203,-8.0,-11.0,0.0,156.0,0.0,0.0,0.0,0.0
2564435.129,156.0,56.0,56.0,-10.639999389648438,-0.0,0.37545573711395264,-10.0,-11.0,-1.0,156.0,0.0,0.0,0.0,0.0
2564445.129,156.0,54.0,54.0,-10.260000228881836,-0.0,0.9191372990608215,-9.0,-11.0,0.0,156.0,0.0,0.0,0.0,0.0
2564456.125,156.0,52.0,52.0,-9.880000114440918,-0.0,1.3812665939331055,-8.0,-11.0,2.0,156.0,0.0,0.0,0.0,0.0
2564466.126,156.0,53.0,53.0,-10.069999694824219,-0.0,0.8740766644477844,-9.0,-11.0,1.0,156.0,0.0,0.0,0.0,0.0
2564476.126,156.0,52.0,52.0,-9.880000114440918,-0.0,1.0429651737213135,-8.0,-11.0,1.0,156.0,0.0,0.0,0.0,0.0
2564486.126,156.0,54.0,54.0,-10.260000228881836,-0.0,0.28652051091194153,-9.0,-11.0,0.0,156.0,0.0,0.0,0.0,0.0
2564497.126,156.0,52.0,52.0,-9.880000114440918,-0.0,0.8435423374176025,-9.0,-11.0,-1.0,156.0,0.0,0.0,0.0,0.0
2564507.351,156.0,54.0,54.0,-10.260000228881836,-0.0,0.11701110005378723,-10.0,-11.0,-1.0,156.0,0.0,0.0,0.0,0.0
2564518.125,156.0,53.0,53.0,-10.069999694824219,-0.0,0.3994593918323517,-9.0,-11.0,3.0,156.0,0.0,0.0,0.0,0.0
2564529.126,156.0,55.0,55.0,-10.449999809265137,-0.0,-0.26045942306518555,-10.0,-11.0,0.0,156.0,0.0,0.0,0.0,0.0
2564539.127,156.0,55.0,55.0,-10.449999809265137,-0.0,-0.2213905155658722,-10.0,-11.0,0.0,156.0,0.0,0.0,0.0,0.0
2564549.128,156.0,55.0,55.0,-10.449999809265137,-0.0,-0.18818193674087524,-10.0,-11.0,5.0,156.0,0.0,0.0,0.0,0.0
2564559.129,156.0,51.0,51.0,-9.6899995803833,-0.0,1.040045142173767,-8.0,-11.0,-1.0,156.0,0.0,0.0,0.0,0.0
2564569.129,156.0,53.0,53.0,-10.069999694824219,-0.0,0.2840384840965271,-9.0,-11.0,-1.0,156.0,0.0,0.0,0.0,0.0
2564580.126,156.0,54.0,54.0,-10.260000228881836,-0.0,-0.004782157950103283,-10.0,-11.0,-2.0,156.0,0.0,0.0,0.0,0.0
2564591.125,156.0,57.0,57.0,-10.829999923706055,-0.0,-0.9040647149085999,-11.0,-11.0,1.0,156.0,0.0,0.0,0.0,0.0
2564601.126,156.0,55.0,55.0,-10.449999809265137,-0.0,-0.1684551239013672,-10.0,-11.0,1.0,156.0,0.0,0.0,0.0,0.0
2564611.126,156.0,59.0,59.0,-11.210000038146973,-0.0,-1.343186616897583,-12.0,-12.0,1.0,156.0,0.0,0.0,0.0,0.0
2564621.268,156.0,59.0,59.0,-11.210000038146973,-0.0,-1.1417086124420166,-12.0,-12.0,-2.0,156.0,0.0,0.0,0.0,0.0
2564631.79,156.0,62.0,62.0,-11.779999732971191,-0.0,-1.8704521656036377,-13.0,-13.0,-3.0,156.0,0.0,0.0,0.0,0.0
2564642.125,156.0,64.0,64.0,-12.15999984741211,-0.0,-2.1898841857910156,-14.0,-14.0,-1.0,156.0,0.0,0.0,0.0,0.0
2564652.126,156.0,61.0,61.0,-11.59000015258789,-0.0,-0.9614017605781555,-12.0,-12.0,0.0,156.0,0.0,0.0,0.0,0.0
2564662.126,156.0,61.0,61.0,-11.59000015258789,-0.0,-0.8171915411949158,-12.0,-12.0,0.0,156.0,0.0,0.0,0.0,0.0
2564673.125,156.0,65.0,65.0,-12.34999942779541,-0.0,-1.8946126699447632,-14.0,-14.0,-1.0,156.0,0.0,0.0,0.0,0.0
2564683.126,156.0,62.0,62.0,-11.779999732971191,-0.0,-0.7104209661483765,-12.0,-12.0,0.0,156.0,0.0,0.0,0.0,0.0
2564694.125,156.0,67.0,67.0,-12.729999542236328,-0.0,-2.1038575172424316,-14.0,-14.0,1.0,156.0,0.0,0.0,0.0,0.0
2564704.125,156.0,66.0,66.0,-12.539999961853027,-0.0,-1.4882789850234985,-14.0,-14.0,-1.0,156.0,0.0,0.0,0.0,0.0
2564714.125,156.0,60.0,60.0,-11.399999618530273,-0.0,0.53496253490448,-10.0,-11.0,3.0,156.0,0.0,0.0,0.0,0.0
2564725.125,156.0,59.0,59.0,-11.210000038146973,-0.0,0.7547181248664856,-10.0,-11.0,-2.0,156.0,0.0,0.0,0.0,0.0
2564735.125,156.0,63.0,63.0,-11.970000267028809,-0.0,-0.5584893822669983,-12.0,-12.0,0.0,156.0,0.0,0.0,0.0,0.0
2564746.125,156.0,59.0,59.0,-11.210000038146973,-0.0,0.7252838015556335,-10.0,-11.0,1.0,156.0,0.0,0.0,0.0,0.0
2564757.125,156.0,62.0,62.0,-11.779999732971191,-0.0,-0.2835085988044739,-12.0,-12.0,0.0,156.0,0.0,0.0,0.0,0.0
2564767.126,156.0,60.0,60.0,-11.399999618530273,-0.0,0.35901758074760437,-11.0,-11.0,1.0,156.0,0.0,0.0,0.0,0.0
2564777.127,156.0,60.0,60.0,-11.399999618530273,-0.0,0.30516496300697327,-11.0,-11.0,1.0,156.0,0.0,0.0,0.0,0.0
2564787.128,156.0,60.0,60.0,-11.399999618530273,-0.0,0.2593902349472046,-11.0,-11.0,-3.0,156.0,0.0,0.0,0.0,0.0
2564798.125,156.0,57.0,57.0,-10.829999923706055,-0.0,1.1204816102981567,-9.0,-11.0,0.0,156.0,0.0,0.0,0.0,0.0
2564808.125,156.0,61.0,61.0,-11.59000015258789,-0.0,-0.24759040772914886,-11.0,-11.0,-1.0,156.0,0.0,0.0,0.0,0.0
2564819.125,156.0,60.0,60.0,-11.399999618530273,-0.0,0.08954810351133347,-11.0,-11.0,2.0,156.0,0.0,0.0,0.0,0.0
2564829.126,156.0,58.0,58.0,-11.019999504089355,-0.0,0.6761158108711243,-10.0,-11.0,0.0,156.0,0.0,0.0,0.0,0.0
2564839.126,156.0,61.0,61.0,-11.59000015258789,-0.0,-0.3253014087677002,-11.0,-11.0,2.0,156.0,0.0,0.0,0.0,0.0
2564850.149,156.0,60.0,60.0,-11.399999618530273,-0.0,0.023493746295571327,-11.0,-11.0,0.0,156.0,0.0,0.0,0.0,0.0
2564861.126,156.0,63.0,63.0,-11.970000267028809,-0.0,-0.8800301551818848,-12.0,-12.0,0.0,156.0,0.0,0.0,0.0,0.0
2564871.127,156.0,63.0,63.0,-11.970000267028809,-0.0,-0.74802565574646,-12.0,-12.0,-1.0,156.0,0.0,0.0,0.0,0.0
2564882.126,156.0,62.0,62.0,-11.779999732971191,-0.0,-0.15044863522052765,-11.0,-11.0,3.0,156.0,0.0,0.0,0.0,0.0
2564892.939,156.0,61.0,61.0,-11.59000015258789,-0.0,0.17211860418319702,-11.0,-11.0,0.0,156.0,0.0,0.0,0.0,0.0
2564902.939,156.0,64.0,64.0,-12.15999984741211,-0.0,-0.7536990642547607,-12.0,-12.0,-1.0,156.0,0.0,0.0,0.0,0.0
2564913.041,156.0,62.0,62.0,-11.779999732971191,-0.0,-0.040644317865371704,-11.0,-11.0,-1.0,156.0,0.0,0.0,0.0,0.0
2564924.04,156.0,65.0,65.0,-12.34999942779541,-0.0,-0.9345475435256958,-13.0,-13.0,1.0,156.0,0.0,0.0,0.0,0.0
2564934.041,156.0,65.0,65.0,-12.34999942779541,-0.0,-0.794365406036377,-13.0,-13.0,1.0,156.0,0.0,0.0,0.0,0.0
2564944.041,156.0,61.0,61.0,-11.59000015258789,-0.0,0.5247892141342163,-11.0,-11.0,-1.0,156.0,0.0,0.0,0.0,0.0
2564955.125,156.0,61.0,61.0,-11.59000015258789,-0.0,0.4460708498954773,-11.0,-11.0,2.0,156.0,0.0,0.0,0.0,0.0
2564965.125,156.0,64.0,64.0,-12.15999984741211,-0.0,-0.5208396315574646,-12.0,-12.0,-1.0,156.0,0.0,0.0,0.0,0.0
2564975.884,156.0,63.0,63.0,-11.970000267028809,-0.0,-0.1427137404680252,-12.0,-12.0,-1.0,156.0,0.0,0.0,0.0,0.0
2564986.125,156.0,61.0,61.0,-11.59000015258789,-0.0,0.4786932170391083,-11.0,-11.0,2.0,156.0,0.0,0.0,0.0,0.0
2564996.125,156.0,62.0,62.0,-11.779999732971191,-0.0,0.10688929259777069,-11.0,-11.0,5.0,156.0,0.0,0.0,0.0,0.0
2565006.175,156.0,62.0,62.0,-11.779999732971191,-0.0,0.0908559039235115,-11.0,-11.0,5.0,156.0,0.0,0.0,0.0,0.0
2565017.126,156.0,64.0,64.0,-12.15999984741211,-0.0,-0.5227723717689514,-12.0,-12.0,3.0,156.0,0.0,0.0,0.0,0.0
2565028.125,156.0,61.0,61.0,-11.59000015258789,-0.0,0.45564332604408264,-11.0,-11.0,-2.0,156.0,0.0,0.0,0.0,0.0
2565038.125,156.0,61.0,61.0,-11.59000015258789,-0.0,0.3872968256473541,-11.0,-11.0,-3.0,156.0,0.0,0.0,0.0,0.0
2565048.126,156.0,63.0,63.0,-11.970000267028809,-0.0,-0.27079758048057556,-12.0,-12.0,0.0,156.0,0.0,0.0,0.0,0.0
2565058.127,156.0,63.0,63.0,-11.970000267028809,-0.0,-0.23017795383930206,-12.0,-12.0,-1.0,156.0,0.0,0.0,0.0,0.0
2565068.127,156.0,63.0,63.0,-11.970000267028809,-0.0,-0.19565126299858093,-12.0,-12.0,-2.0,156.0,0.0,0.0,0.0,0.0
2565078.128,156.0,63.0,63.0,-11.970000267028809,-0.0,-0.1663035750389099,-12.0,-12.0,-2.0,156.0,0.0,0.0,0.0,0.0
2565089.125,156.0,60.0,60.0,-11.399999618530273,-0.0,0.7586418390274048,-10.0,-11.0,1.0,156.0,0.0,0.0,0.0,0.0
2565100.102,156.0,64.0,64.0,-12.15999984741211,-0.0,-0.5551542043685913,-12.0,-12.0,1.0,156.0,0.0,0.0,0.0,0.0
2565110.103,156.0,63.0,63.0,-11.970000267028809,-0.0,-0.17188113927841187,-12.0,-12.0,0.0,156.0,0.0,0.0,0.0,0.0
2565121.125,156.0,63.0,63.0,-11.970000267028809,-0.0,-0.14609897136688232,-12.0,-12.0,1.0,156.0,0.0,0.0,0.0,0.0
2565131.363,156.0,66.0,66.0,-12.539999961853027,-0.0,-1.024183988571167,-13.0,-13.0,0.0,156.0,0.0,0.0,0.0,0.0
2565142.126,156.0,63.0,63.0,-11.970000267028809,-0.0,0.029443442821502686,-11.0,-11.0,-1.0,156.0,0.0,0.0,0.0,0.0
2565153.126,156.0,64.0,64.0,-12.15999984741211,-0.0,-0.2749730348587036,-12.0,-12.0,1.0,156.0,0.0,0.0,0.0,0.0
2565163.127,156.0,63.0,63.0,-11.970000267028809,-0.0,0.06627286970615387,-11.0,-11.0,-1.0,156.0,0.0,0.0,0.0,0.0
2565173.128,156.0,64.0,64.0,-12.15999984741211,-0.0,-0.24366800487041473,-12.0,-12.0,2.0,156.0,0.0,0.0,0.0,0.0
2565184.346,156.0,64.0,65.0,-12.34999942779541,-0.0,-0.507117748260498,-12.0,-12.0,0.0,156.0,0.0,0.0,0.0,0.0
2565195.125,156.0,62.0,62.0,-11.779999732971191,-0.0,0.4886072874069214,-11.0,-11.0,1.0,156.0,0.0,0.0,0.0,0.0
2565206.125,156.0,62.0,62.0,-11.779999732971191,-0.0,0.4153161942958832,-11.0,-11.0,-1.0,156.0,0.0,0.0,0.0,0.0
2565216.126,156.0,61.0,61.0,-11.59000015258789,-0.0,0.6530187129974365,-10.0,-11.0,-4.0,156.0,0.0,0.0,0.0,0.0
2565226.126,156.0,62.0,62.0,-11.779999732971191,-0.0,0.2550659775733948,-11.0,-11.0,1.0,156.0,0.0,0.0,0.0,0.0
2565236.127,156.0,62.0,62.0,-11.779999732971191,-0.0,0.2168060839176178,-11.0,-11.0,3.0,156.0,0.0,0.0,0.0,0.0
2565246.128,156.0,64.0,64.0,-12.15999984741211,-0.0,-0.41571474075317383,-12.0,-12.0,0.0,156.0,0.0,0.0,0.0,0.0
2565257.098,156.0,64.0,64.0,-12.15999984741211,-0.0,-0.35335755348205566,-12.0,-12.0,-1.0,156.0,0.0,0.0,0.0,0.0
2565268.125,156.0,64.0,64.0,-12.15999984741211,-0.0,-0.30035391449928284,-12.0,-12.0,3.0,156.0,0.0,0.0,0.0,0.0
2565278.125,156.0,63.0,63.0,-11.970000267028809,-0.0,0.04469911754131317,-11.0,-11.0,1.0,156.0,0.0,0.0,0.0,0.0
2565288.902,156.0,63.0,63.0,-11.970000267028809,-0.0,0.037994250655174255,-11.0,-11.0,1.0,156.0,0.0,0.0,0.0,0.0
2565298.903,156.0,63.0,63.0,-11.970000267028809,-0.0,0.032295115292072296,-11.0,-11.0,0.0,156.0,0.0,0.0,0.0,0.0
2565309.125,156.0,66.0,66.0,-12.539999961853027,-0.0,-0.8725489974021912,-13.0,-13.0,0.0,156.0,0.0,0.0,0.0,0.0
2565319.125,156.0,63.0,63.0,-11.970000267028809,-0.0,0.1583331823348999,-11.0,-11.0,1.0,156.0,0.0,0.0,0.0,0.0
2565329.326,156.0,62.0,62.0,-11.779999732971191,-0.0,0.4345831573009491,-11.0,-11.0,1.0,156.0,0.0,0.0,0.0,0.0
2565339.327,156.0,62.0,62.0,-11.779999732971191,-0.0,0.3693957030773163,-11.0,-11.0,0.0,156.0,0.0,0.0,0.0,0.0
2565349.327,156.0,62.0,62.0,-11.779999732971191,-0.0,0.3139863610267639,-11.0,-11.0,2.0,156.0,0.0,0.0,0.0,0.0
2565359.328,156.0,65.0,65.0,-12.34999942779541,-0.0,-0.6331114172935486,-12.0,-12.0,1.0,156.0,0.0,0.0,0.0,0.0
2565369.328,156.0,63.0,63.0,-11.970000267028809,-0.0,0.06185518577694893,-11.0,-11.0,-2.0,156.0,0.0,0.0,0.0,0.0
2565380.136,156.0,63.0,63.0,-11.970000267028809,-0.0,0.05257691070437431,-11.0,-11.0,2.0,156.0,0.0,0.0,0.0,0.0
2565390.136,156.0,66.0,66.0,-12.539999961853027,-0.0,-0.8553094863891602,-13.0,-13.0,-1.0,156.0,0.0,0.0,0.0,0.0
2565401.125,156.0,63.0,63.0,-11.970000267028809,-0.0,0.17298677563667297,-11.0,-11.0,-4.0,156.0,0.0,0.0,0.0,0.0
2565411.125,156.0,63.0,63.0,-11.970000267028809,-0.0,0.1470387578010559,-11.0,-11.0,2.0,156.0,0.0,0.0,0.0,0.0
2565422.126,156.0,61.0,61.0,-11.59000015258789,-0.0,0.7249828577041626,-10.0,-11.0,2.0,156.0,0.0,0.0,0.0,0.0
2565432.126,156.0,64.0,64.0,-12.15999984741211,-0.0,-0.28376442193984985,-12.0,-12.0,-2.0,156.0,0.0,0.0,0.0,0.0
2565442.126,156.0,65.0,65.0,-12.34999942779541,-0.0,-0.5411997437477112,-12.0,-12.0,-1.0,156.0,0.0,0.0,0.0,0.0
2565453.126,156.0,63.0,63.0,-11.970000267028809,-0.0,0.13998010754585266,-11.0,-11.0,-1.0,156.0,0.0,0.0,0.0,0.0
2565464.125,156.0,64.0,64.0,-12.15999984741211,-0.0,-0.18101686239242554,-12.0,-12.0,-3.0,156.0,0.0,0.0,0.0,0.0
2565474.126,156.0,65.0,65.0,-12.34999942779541,-0.0,-0.45386427640914917,-12.0,-12.0,0.0,156.0,0.0,0.0,0.0,0.0
2565484.127,156.0,62.0,62.0,-11.779999732971191,-0.0,0.5142152309417725,-11.0,-11.0,-1.0,156.0,0.0,0.0,0.0,0.0
2565495.125,156.0,62.0,62.0,-11.779999732971191,-0.0,0.4370829463005066,-11.0,-11.0,0.0,156.0,0.0,0.0,0.0,0.0
2565506.126,156.0,62.0,62.0,-11.779999732971191,-0.0,0.3715205192565918,-11.0,-11.0,1.0,156.0,0.0,0.0,0.0,0.0
2565517.126,156.0,64.0,64.0,-12.15999984741211,-0.0,-0.2865763306617737,-12.0,-12.0,2.0,156.0,0.0,0.0,0.0,0.0
2565528.125,156.0,66.0,66.0,-12.539999961853027,-0.0,-0.8435897827148438,-13.0,-13.0,2.0,156.0,0.0,0.0,0.0,0.0
2565539.292,156.0,63.0,63.0,-11.970000267028809,-0.0,0.1829485148191452,-11.0,-11.0,0.0,156.0,0.0,0.0,0.0,0.0
2565549.292,156.0,66.0,66.0,-12.539999961853027,-0.0,-0.7444936037063599,-13.0,-13.0,0.0,156.0,0.0,0.0,0.0,0.0
2565559.294,156.0,63.0,63.0,-11.970000267028809,-0.0,0.26718026399612427,-11.0,-11.0,-1.0,156.0,0.0,0.0,0.0,0.0
2565569.661,156.0,63.0,63.0,-11.970000267028809,-0.0,0.22710323333740234,-11.0,-11.0,-1.0,156.0,0.0,0.0,0.0,0.0
2565579.661,156.0,63.0,63.0,-11.970000267028809,-0.0,0.193037748336792,-11.0,-11.0,1.0,156.0,0.0,0.0,0.0,0.0
2565589.661,156.0,65.0,65.0,-12.34999942779541,-0.0,-0.43591782450675964,-12.0,-12.0,3.0,156.0,0.0,0.0,0.0,0.0
2565600.125,156.0,63.0,63.0,-11.970000267028809,-0.0,0.22946974635124207,-11.0,-11.0,0.0,156.0,0.0,0.0,0.0,0.0
2565610.445,156.0,63.0,63.0,-11.970000267028809,-0.0,0.19504928588867188,-11.0,-11.0,-1.0,156.0,0.0,0.0,0.0,0.0
2565621.126,156.0,62.0,62.0,-11.779999732971191,-0.0,0.46579185128211975,-11.0,-11.0,-1.0,156.0,0.0,0.0,0.0,0.0
2565632.126,156.0,63.0,63.0,-11.970000267028809,-0.0,0.09592313319444656,-11.0,-11.0,-1.0,156.0,0.0,0.0,0.0,0.0
2565642.127,156.0,63.0,63.0,-11.970000267028809,-0.0,0.08153466880321503,-11.0,-11.0,3.0,156.0,0.0,0.0,0.0,0.0
2565652.577,156.0,66.0,66.0,-12.539999961853027,-0.0,-0.830695390701294,-13.0,-13.0,-2.0,156.0,0.0,0.0,0.0,0.0
2565662.578,156.0,63.0,63.0,-11.970000267028809,-0.0,0.19390875101089478,-11.0,-11.0,1.0,156.0,0.0,0.0,0.0,0.0
2565672.579,156.0,66.0,66.0,-12.539999961853027,-0.0,-0.7351773977279663,-13.0,-13.0,2.0,156.0,0.0,0.0,0.0,0.0
2565683.126,156.0,64.0,64.0,-12.15999984741211,-0.0,-0.024900900200009346,-12.0,-12.0,-2.0,156.0,0.0,0.0,0.0,0.0
2565693.127,156.0,64.0,64.0,-12.15999984741211,-0.0,-0.021165765821933746,-12.0,-12.0,3.0,156.0,0.0,0.0,0.0,0.0
2565703.128,156.0,64.0,64.0,-12.15999984741211,-0.0,-0.017990902066230774,-12.0,-12.0,-1.0,156.0,0.0,0.0,0.0,0.0
2565714.125,156.0,61.0,61.0,-11.59000015258789,-0.0,0.8847075700759888,-10.0,-11.0,-1.0,156.0,0.0,0.0,0.0,0.0
2565724.126,156.0,64.0,64.0,-12.15999984741211,-0.0,-0.1479984074831009,-12.0,-12.0,2.0,156.0,0.0,0.0,0.0,0.0
2565735.125,156.0,62.0,62.0,-11.779999732971191,-0.0,0.4742012619972229,-11.0,-11.0,-6.0,156.0,0.0,0.0,0.0,0.0
2565745.125,156.0,63.0,63.0,-11.970000267028809,-0.0,0.10307113081216812,-11.0,-11.0,-1.0,156.0,0.0,0.0,0.0,0.0
2565755.126,156.0,63.0,63.0,-11.970000267028809,-0.0,0.08761046081781387,-11.0,-11.0,-4.0,156.0,0.0,0.0,0.0,0.0
2565765.126,156.0,64.0,64.0,-12.15999984741211,-0.0,-0.22553105652332306,-12.0,-12.0,-1.0,156.0,0.0,0.0,0.0,0.0
2565775.127,156.0,64.0,64.0,-12.15999984741211,-0.0,-0.19170139729976654,-12.0,-12.0,-2.0,156.0,0.0,0.0,0.0,0.0
2565786.125,156.0,65.0,65.0,-12.34999942779541,-0.0,-0.4629461467266083,-12.0,-12.0,-3.0,156.0,0.0,0.0,0.0,0.0
2565796.126,156.0,63.0,63.0,-11.970000267028809,-0.0,0.20649567246437073,-11.0,-11.0,-1.0,156.0,0.0,0.0,0.0,0.0
2565806.126,156.0,65.0,65.0,-12.34999942779541,-0.0,-0.42447859048843384,-12.0,-12.0,1.0,156.0,0.0,0.0,0.0,0.0
2565816.279,156.0,61.0,61.0,-11.59000015258789,-0.0,0.8391929864883423,-10.0,-11.0,0.0,156.0,0.0,0.0,0.0,0.0
2565826.279,156.0,1.0,1.0,-0.1899999976158142,-0.0,18.71331024169922,18.0,18.0,-5.0,156.0,0.0,0.0,0.0,0.0
2565836.28,156.0,2.0,2.0,-0.3799999952316284,-0.0,15.606314659118652,15.0,15.0,-2.0,156.0,0.0,0.0,0.0,0.0
2565846.407,156.0,1.0,1.0,-0.1899999976158142,-0.0,13.565367698669434,13.0,13.0,-4.0,156.0,0.0,0.0,0.0,0.0
2565856.408,156.0,3.0,3.0,-0.5699999928474426,-0.0,10.930562973022461,10.0,11.0,-6.0,156.0,0.0,0.0,0.0,0.0
2565867.126,156.0,3.0,3.0,-0.5699999928474426,-0.0,9.29097843170166,8.0,11.0,-6.0,156.0,0.0,0.0,0.0,0.0
2565878.125,156.0,3.0,3.0,-0.5699999928474426,-0.0,7.897331714630127,7.0,11.0,-8.0,156.0,0.0,0.0,0.0,0.0
2565888.125,156.0,3.0,3.0,-0.5699999928474426,-0.0,6.712732315063477,6.0,11.0,-3.0,156.0,0.0,0.0,0.0,0.0
2565899.126,156.0,3.0,3.0,-0.5699999928474426,-0.0,5.705822467803955,5.0,11.0,-3.0,156.0,0.0,0.0,0.0,0.0
2565909.802,156.0,6.0,6.0,-1.1399999856948853,-0.0,3.177457094192505,2.0,11.0,-4.0,156.0,0.0,0.0,0.0,0.0
2565920.041,156.0,1.0,1.0,-0.1899999976158142,-0.0,4.200838565826416,4.0,11.0,-9.0,156.0,0.0,0.0,0.0,0.0
2565931.125,156.0,3.0,3.0,-0.5699999928474426,-0.0,2.970712900161743,2.0,11.0,-7.0,156.0,0.0,0.0,0.0,0.0
2565941.126,156.0,2.0,2.0,-0.3799999952316284,-0.0,2.825105905532837,2.0,11.0,-7.0,156.0,0.0,0.0,0.0,0.0
2565952.125,156.0,1.0,1.0,-0.1899999976158142,-0.0,2.7013399600982666,2.0,11.0,-4.0,156.0,0.0,0.0,0.0,0.0
2565962.126,156.0,0.0,0.0,0.0,0.0,2.5961389541625977,2.0,11.0,-2.0,156.0,0.0,0.0,0.0,0.0
2565972.127,156.0,4.0,4.0,-0.7599999904632568,-0.0,1.006718397140503,0.0,0.0,-6.0,156.0,0.0,0.0,0.0,0.0
2565982.128,156.0,4.0,4.0,-0.7599999904632568,-0.0,0.8557106852531433,0.0,0.0,-6.0,156.0,0.0,0.0,0.0,0.0
2565993.126,156.0,3.0,3.0,-0.5699999928474426,-0.0,1.0273540019989014,0.0,0.0,-7.0,156.0,0.0,0.0,0.0,0.0
2566003.77,156.0,1.0,1.0,-0.1899999976158142,-0.0,1.4732508659362793,1.0,9.0,-6.0,156.0,0.0,0.0,0.0,0.0
2566014.179,156.0,4.0,4.0,-0.7599999904632568,-0.0,0.3522634208202362,0.0,0.0,-3.0,156.0,0.0,0.0,0.0,0.0
2566025.126,156.0,4.0,4.0,-0.7599999904632568,-0.0,0.2994239032268524,0.0,0.0,-5.0,156.0,0.0,0.0,0.0,0.0
2566035.126,156.0,-1.0,-1.0,0.1899999976158142,0.0,1.7545100450515747,1.0,9.0,-7.0,156.0,0.0,0.0,0.0,0.0
2566045.126,156.0,-1.0,-1.0,0.1899999976158142,0.0,1.4913336038589478,1.0,9.0,-7.0,156.0,0.0,0.0,0.0,0.0
2566055.127,156.0,3.0,3.0,-0.5699999928474426,-0.0,0.06763379275798798,0.0,0.0,-5.0,156.0,0.0,0.0,0.0,0.0
2566066.125,156.0,2.0,2.0,-0.3799999952316284,-0.0,0.3574886918067932,0.0,0.0,-6.0,156.0,0.0,0.0,0.0,0.0
2566077.126,156.0,0.0,0.0,0.0,0.0,0.9038652777671814,0.0,0.0,-6.0,156.0,0.0,0.0,0.0,0.0
2566087.65,156.0,0.0,0.0,0.0,0.0,0.7682855129241943,0.0,0.0,-3.0,156.0,0.0,0.0,0.0,0.0
2566097.651,156.0,3.0,3.0,-0.5699999928474426,-0.0,-0.24695715308189392,0.0,0.0,-5.0,156.0,0.0,0.0,0.0,0.0
2566107.652,156.0,3.0,3.0,-0.5699999928474426,-0.0,-0.20991358160972595,0.0,0.0,-4.0,156.0,0.0,0.0,0.0,0.0
2566117.652,156.0,3.0,3.0,-0.5699999928474426,-0.0,-0.17842654883861542,0.0,0.0,-4.0,156.0,0.0,0.0,0.0,0.0
2566127.653,156.0,0.0,0.0,0.0,0.0,0.7483372688293457,0.0,0.0,-6.0,156.0,0.0,0.0,0.0,0.0
2566137.653,156.0,4.0,4.0,-0.7599999904632568,-0.0,-0.563913106918335,-1.0,-9.0,-3.0,156.0,0.0,0.0,0.0,0.0
2566148.098,156.0,5.0,5.0,-0.949999988079071,-0.0,-0.7793260812759399,-1.0,-9.0,-3.0,156.0,0.0,0.0,0.0,0.0
2566158.099,156.0,5.0,5.0,-0.949999988079071,-0.0,-0.6624271869659424,-1.0,-9.0,-4.0,156.0,0.0,0.0,0.0,0.0
2566168.774,156.0,1.0,1.0,-0.1899999976158142,-0.0,0.6369366645812988,0.0,0.0,-4.0,156.0,0.0,0.0,0.0,0.0
2566178.775,156.0,3.0,3.0,-0.5699999928474426,-0.0,-0.05860372632741928,0.0,0.0,-3.0,156.0,0.0,0.0,0.0,0.0
2566189.125,156.0,3.0,3.0,-0.5699999928474426,-0.0,-0.0498131699860096,0.0,0.0,-4.0,156.0,0.0,0.0,0.0,0.0
2566199.125,156.0,-1.0,-1.0,0.1899999976158142,0.0,1.157658576965332,1.0,9.0,-4.0,156.0,0.0,0.0,0.0,0.0
2566209.125,156.0,-1.0,-1.0,0.1899999976158142,0.0,0.9840098023414612,1.0,9.0,-4.0,156.0,0.0,0.0,0.0,0.0
2566220.126,156.0,2.0,2.0,-0.3799999952316284,-0.0,-0.06359150260686874,0.0,0.0,-7.0,156.0,0.0,0.0,0.0,0.0
2566231.126,156.0,2.0,2.0,-0.3799999952316284,-0.0,-0.05405277758836746,0.0,0.0,-6.0,156.0,0.0,0.0,0.0,0.0
2566242.127,156.0,3.0,3.0,-0.5699999928474426,-0.0,-0.3840530812740326,0.0,0.0,-4.0,156.0,0.0,0.0,0.0,0.0
2566253.04,156.0,4.0,4.0,-0.7599999904632568,-0.0,-0.6264450550079346,-1.0,-9.0,-4.0,156.0,0.0,0.0,0.0,0.0
2566264.04,156.0,5.0,5.0,-0.949999988079071,-0.0,-0.8324782848358154,-1.0,-9.0,-3.0,156.0,0.0,0.0,0.0,0.0
2566274.041,156.0,-1.0,-1.0,0.1899999976158142,0.0,1.092393159866333,1.0,9.0,-3.0,156.0,0.0,0.0,0.0,0.0
2566284.041,156.0,4.0,4.0,-0.7599999904632568,-0.0,-0.5714655518531799,-1.0,-9.0,-5.0,156.0,0.0,0.0,0.0,0.0
2566294.042,156.0,6.0,6.0,-1.1399999856948853,-0.0,-1.0857456922531128,-2.0,-11.0,-6.0,156.0,0.0,0.0,0.0,0.0
2566304.043,156.0,2.0,2.0,-0.3799999952316284,-0.0,0.27711594104766846,0.0,0.0,-2.0,156.0,0.0,0.0,0.0,0.0
2566315.126,156.0,4.0,4.0,-0.7599999904632568,-0.0,-0.3644513487815857,-1.0,-9.0,-7.0,156.0,0.0,0.0,0.0,0.0
2566326.125,156.0,2.0,2.0,-0.3799999952316284,-0.0,0.29021623730659485,0.0,0.0,-5.0,156.0,0.0,0.0,0.0,0.0
2566336.125,156.0,1.0,1.0,-0.1899999976158142,-0.0,0.5466837882995605,0.0,0.0,-10.0,156.0,0.0,0.0,0.0,0.0
2566346.126,156.0,2.0,2.0,-0.3799999952316284,-0.0,0.16468128561973572,0.0,0.0,-4.0,156.0,0.0,0.0,0.0,0.0
2566356.8,156.0,1.0,1.0,-0.1899999976158142,-0.0,0.43997904658317566,0.0,0.0,-5.0,156.0,0.0,0.0,0.0,0.0
2566367.125,156.0,-2.0,-2.0,0.3799999952316284,0.0,1.273982048034668,1.0,9.0,-4.0,156.0,0.0,0.0,0.0,0.0
2566377.126,156.0,-1.0,-1.0,0.1899999976158142,0.0,0.7828848361968994,0.0,0.0,-4.0,156.0,0.0,0.0,0.0,0.0
2566387.127,156.0,0.0,0.0,0.0,0.0,0.3654521703720093,0.0,0.0,-6.0,156.0,0.0,0.0,0.0,0.0
2566398.125,156.0,2.0,2.0,-0.3799999952316284,-0.0,-0.2893655598163605,0.0,0.0,-4.0,156.0,0.0,0.0,0.0,0.0
2566409.217,156.0,3.0,3.0,-0.5699999928474426,-0.0,-0.5459606647491455,-1.0,-9.0,-4.0,156.0,0.0,0.0,0.0,0.0
2566420.126,156.0,0.0,0.0,0.0,0.0,0.43593329191207886,0.0,0.0,-4.0,156.0,0.0,0.0,0.0,0.0
2566431.125,156.0,0.0,0.0,0.0,0.0,0.37054330110549927,0.0,0.0,-4.0,156.0,0.0,0.0,0.0,0.0
2566441.126,156.0,2.0,2.0,-0.3799999952316284,-0.0,-0.2850380837917328,0.0,0.0,-6.0,156.0,0.0,0.0,0.0,0.0
2566451.126,156.0,-1.0,-1.0,0.1899999976158142,0.0,0.6577174663543701,0.0,0.0,-2.0,156.0,0.0,0.0,0.0,0.0
2566462.125,156.0,6.0,6.0,-1.1399999856948853,-0.0,-1.5409398078918457,-2.0,-11.0,-5.0,156.0,0.0,0.0,0.0,0.0
2566472.126,156.0,3.0,3.0,-0.5699999928474426,-0.0,-0.4097990095615387,0.0,0.0,-4.0,156.0,0.0,0.0,0.0,0.0
2566483.267,156.0,2.0,2.0,-0.3799999952316284,-0.0,-0.04832921549677849,0.0,0.0,-6.0,156.0,0.0,0.0,0.0,0.0
2566494.125,156.0,3.0,3.0,-0.5699999928474426,-0.0,-0.334917813539505,0.0,0.0,-4.0,156.0,0.0,0.0,0.0,0.0
2566504.126,156.0,1.0,1.0,-0.1899999976158142,-0.0,0.3153197467327118,0.0,0.0,-3.0,156.0,0.0,0.0,0.0,0.0
2566514.126,156.0,3.0,3.0,-0.5699999928474426,-0.0,-0.33197811245918274,0.0,0.0,-6.0,156.0,0.0,0.0,0.0,0.0
2566524.127,156.0,5.0,5.0,-0.949999988079071,-0.0,-0.8821812868118286,-1.0,-9.0,-4.0,156.0,0.0,0.0,0.0,0.0
2566534.127,156.0,4.0,4.0,-0.7599999904632568,-0.0,-0.44985416531562805,-1.0,-9.0,-4.0,156.0,0.0,0.0,0.0,0.0
2566544.128,156.0,4.0,4.0,-0.7599999904632568,-0.0,-0.44985416531562805,-1.0,-9.0,-7.0,156.0,0.0,0.0,0.0,0.0
2566554.128,156.0,4.0,4.0,-0.7599999904632568,-0.0,-0.3823760449886322,-1.0,-9.0,-7.0,156.0,0.0,0.0,0.0,0.0
2566564.129,156.0,0.0,0.0,0.0,0.0,0.8749801516532898,0.0,0.0,-7.0,156.0,0.0,0.0,0.0,0.0
2566574.13,156.0,3.0,3.0,-0.5699999928474426,-0.0,-0.1562667042016983,0.0,0.0,-5.0,156.0,0.0,0.0,0.0,0.0
2566585.041,156.0,0.0,0.0,0.0,0.0,0.6970971822738647,0.0,0.0,-3.0,156.0,0.0,0.0,0.0,0.0
2566596.041,156.0,3.0,3.0,-0.5699999928474426,-0.0,-0.3074672222137451,0.0,0.0,-6.0,156.0,0.0,0.0,0.0,0.0
2566606.566,156.0,2.0,2.0,-0.3799999952316284,-0.0,0.03865280747413635,0.0,0.0,-5.0,156.0,0.0,0.0,0.0,0.0
2566616.566,156.0,3.0,3.0,-0.5699999928474426,-0.0,-0.2671450674533844,0.0,0.0,-5.0,156.0,0.0,0.0,0.0,0.0
2566627.126,156.0,1.0,1.0,-0.1899999976158142,-0.0,0.37292659282684326,0.0,0.0,-3.0,156.0,0.0,0.0,0.0,0.0
2566637.126,156.0,2.0,2.0,-0.3799999952316284,-0.0,0.01698766089975834,0.0,0.0,-5.0,156.0,0.0,0.0,0.0,0.0
2566647.127,156.0,3.0,3.0,-0.5699999928474426,-0.0,-0.2855604290962219,0.0,0.0,-5.0,156.0,0.0,0.0,0.0,0.0
2566657.127,156.0,5.0,5.0,-0.949999988079071,-0.0,-0.8427262902259827,-1.0,-9.0,-6.0,156.0,0.0,0.0,0.0,0.0
2566667.128,156.0,5.0,5.0,-0.949999988079071,-0.0,-0.716317355632782,-1.0,-9.0,-6.0,156.0,0.0,0.0,0.0,0.0
2566678.126,156.0,-1.0,-1.0,0.1899999976158142,0.0,1.1911299228668213,1.0,9.0,-6.0,156.0,0.0,0.0,0.0,0.0
2566688.127,156.0,3.0,3.0,-0.5699999928474426,-0.0,-0.18753933906555176,0.0,0.0,-4.0,156.0,0.0,0.0,0.0,0.0
2566699.125,156.0,-1.0,-1.0,0.1899999976158142,0.0,1.0405913591384888,1.0,9.0,-2.0,156.0,0.0,0.0,0.0,0.0
2566709.125,156.0,-1.0,-1.0,0.1899999976158142,0.0,0.8845027089118958,1.0,9.0,-5.0,156.0,0.0,0.0,0.0,0.0
2566719.126,156.0,1.0,1.0,-0.1899999976158142,-0.0,0.15182742476463318,0.0,0.0,-5.0,156.0,0.0,0.0,0.0,0.0
2566729.127,156.0,1.0,1.0,-0.1899999976158142,-0.0,0.12905330955982208,0.0,0.0,-3.0,156.0,0.0,0.0,0.0,0.0
2566739.127,156.0,2.0,2.0,-0.3799999952316284,-0.0,-0.19030463695526123,0.0,0.0,-5.0,156.0,0.0,0.0,0.0,0.0
2566749.128,156.0,1.0,1.0,-0.1899999976158142,-0.0,0.1382410079240799,0.0,0.0,-5.0,156.0,0.0,0.0,0.0,0.0
2566760.126,156.0,0.0,0.0,0.0,0.0,0.41750481724739075,0.0,0.0,-7.0,156.0,0.0,0.0,0.0,0.0
2566771.125,156.0,0.0,0.0,0.0,0.0,0.35487911105155945,0.0,0.0,-3.0,156.0,0.0,0.0,0.0,0.0
2566781.535,156.0,4.0,4.0,-0.7599999904632568,-0.0,-0.8983525633811951,-1.0,-9.0,-7.0,156.0,0.0,0.0,0.0,0.0
2566792.126,156.0,4.0,4.0,-0.7599999904632568,-0.0,-0.763599693775177,-1.0,-9.0,-6.0,156.0,0.0,0.0,0.0,0.0
2566803.126,156.0,1.0,1.0,-0.1899999976158142,-0.0,0.25094008445739746,0.0,0.0,-4.0,156.0,0.0,0.0,0.0,0.0
2566813.127,156.0,2.0,2.0,-0.3799999952316284,-0.0,-0.08670087158679962,0.0,0.0,-6.0,156.0,0.0,0.0,0.0,0.0
2566823.127,156.0,5.0,5.0,-0.949999988079071,-0.0,-0.9736955761909485,-1.0,-9.0,-8.0,156.0,0.0,0.0,0.0,0.0
2566834.125,156.0,2.0,2.0,-0.3799999952316284,-0.0,0.07235859334468842,0.0,0.0,-6.0,156.0,0.0,0.0,0.0,0.0
2566844.18,156.0,5.0,5.0,-0.949999988079071,-0.0,-0.8384950757026672,-1.0,-9.0,-7.0,156.0,0.0,0.0,0.0,0.0
2566855.126,156.0,5.0,5.0,-0.949999988079071,-0.0,-0.7127208113670349,-1.0,-9.0,-4.0,156.0,0.0,0.0,0.0,0.0
2566865.126,156.0,1.0,1.0,-0.1899999976158142,-0.0,0.5941870808601379,0.0,0.0,-3.0,156.0,0.0,0.0,0.0,0.0
2566875.505,156.0,5.0,5.0,-0.949999988079071,-0.0,-0.6949408054351807,-1.0,-9.0,-4.0,156.0,0.0,0.0,0.0,0.0
2566886.125,156.0,6.0,6.0,-1.1399999856948853,-0.0,-0.8906996250152588,-2.0,-11.0,-5.0,156.0,0.0,0.0,0.0,0.0
2566896.125,156.0,3.0,3.0,-0.5699999928474426,-0.0,0.14290516078472137,0.0,0.0,-5.0,156.0,0.0,0.0,0.0,0.0
2566907.125,156.0,1.0,1.0,-0.1899999976158142,-0.0,0.5682489275932312,0.0,0.0,-6.0,156.0,0.0,0.0,0.0,0.0
2566917.125,156.0,2.0,2.0,-0.3799999952316284,-0.0,0.18301165103912354,0.0,0.0,-6.0,156.0,0.0,0.0,0.0,0.0
2566927.126,156.0,0.0,0.0,0.0,0.0,0.7555598020553589,0.0,0.0,-3.0,156.0,0.0,0.0,0.0,0.0
2566938.125,156.0,3.0,3.0,-0.5699999928474426,-0.0,-0.2577739953994751,0.0,0.0,-3.0,156.0,0.0,0.0,0.0,0.0
2566948.749,156.0,1.0,1.0,-0.1899999976158142,-0.0,0.3808920085430145,0.0,0.0,-6.0,156.0,0.0,0.0,0.0,0.0
2566958.75,156.0,4.0,4.0,-0.7599999904632568,-0.0,-0.5762416124343872,-1.0,-9.0,-4.0,156.0,0.0,0.0,0.0,0.0
2566969.125,156.0,4.0,4.0,-0.7599999904632568,-0.0,-0.4898053705692291,-1.0,-9.0,-6.0,156.0,0.0,0.0,0.0,0.0
2566979.126,156.0,3.0,3.0,-0.5699999928474426,-0.0,-0.11633462458848953,0.0,0.0,-6.0,156.0,0.0,0.0,0.0,0.0
2566989.126,156.0,3.0,3.0,-0.5699999928474426,-0.0,-0.09888443350791931,0.0,0.0,-6.0,156.0,0.0,0.0,0.0,0.0
2567000.125,156.0,4.0,4.0,-0.7599999904632568,-0.0,-0.38405171036720276,-1.0,-9.0,-2.0,156.0,0.0,0.0,0.0,0.0
2567010.125,156.0,1.0,1.0,-0.1899999976158142,-0.0,0.5735558867454529,0.0,0.0,-6.0,156.0,0.0,0.0,0.0,0.0
2567021.125,156.0,3.0,3.0,-0.5699999928474426,-0.0,-0.1124773845076561,0.0,0.0,-9.0,156.0,0.0,0.0,0.0,0.0
2567031.125,156.0,2.0,2.0,-0.3799999952316284,-0.0,0.2043941766023636,0.0,0.0,-6.0,156.0,0.0,0.0,0.0,0.0
2567042.125,156.0,1.0,1.0,-0.1899999976158142,-0.0,0.4737350046634674,0.0,0.0,-6.0,156.0,0.0,0.0,0.0,0.0
2567052.126,156.0,5.0,5.0,-0.949999988079071,-0.0,-0.7973250150680542,-1.0,-9.0,-5.0,156.0,0.0,0.0,0.0,0.0
2567063.293,156.0,-1.0,-1.0,0.1899999976158142,0.0,1.1222734451293945,1.0,9.0,-7.0,156.0,0.0,0.0,0.0,0.0
2567074.126,156.0,0.0,0.0,0.0,0.0,0.653932511806488,0.0,0.0,-2.0,156.0,0.0,0.0,0.0,0.0
2567085.125,156.0,4.0,4.0,-0.7599999904632568,-0.0,-0.6441571712493896,-1.0,-9.0,-7.0,156.0,0.0,0.0,0.0,0.0
2567095.126,156.0,4.0,4.0,-0.7599999904632568,-0.0,-0.5475336313247681,-1.0,-9.0,-4.0,156.0,0.0,0.0,0.0,0.0
2567105.565,156.0,2.0,2.0,-0.3799999952316284,-0.0,0.1345963031053543,0.0,0.0,-2.0,156.0,0.0,0.0,0.0,0.0
2567116.125,156.0,2.0,2.0,-0.3799999952316284,-0.0,0.11440686136484146,0.0,0.0,-3.0,156.0,0.0,0.0,0.0,0.0
2567127.126,156.0,4.0,4.0,-0.7599999904632568,-0.0,-0.5027540922164917,-1.0,-9.0,-4.0,156.0,0.0,0.0,0.0,0.0
2567138.126,156.0,2.0,2.0,-0.3799999952316284,-0.0,0.17265892028808594,0.0,0.0,-4.0,156.0,0.0,0.0,0.0,0.0
2567148.126,156.0,1.0,1.0,-0.1899999976158142,-0.0,0.44676002860069275,0.0,0.0,-5.0,156.0,0.0,0.0,0.0,0.0
2567158.127,156.0,1.0,1.0,-0.1899999976158142,-0.0,0.37974604964256287,0.0,0.0,-7.0,156.0,0.0,0.0,0.0,0.0
2567168.128,156.0,2.0,2.0,-0.3799999952316284,-0.0,0.022784199565649033,0.0,0.0,-5.0,156.0,0.0,0.0,0.0,0.0
2567179.125,156.0,4.0,4.0,-0.7599999904632568,-0.0,-0.49353834986686707,-1.0,-9.0,-4.0,156.0,0.0,0.0,0.0,0.0
2567189.125,156.0,0.0,0.0,0.0,0.0,0.7804921865463257,0.0,0.0,-3.0,156.0,0.0,0.0,0.0,0.0
2567199.349,156.0,3.0,3.0,-0.5699999928474426,-0.0,-0.2365814745426178,0.0,0.0,-4.0,156.0,0.0,0.0,0.0,0.0
2567209.349,156.0,2.0,2.0,-0.3799999952316284,-0.0,0.09890569001436234,0.0,0.0,-4.0,156.0,0.0,0.0,0.0,0.0
2567220.125,156.0,0.0,0.0,0.0,0.0,0.6840697526931763,0.0,0.0,-6.0,156.0,0.0,0.0,0.0,0.0
2567231.126,156.0,-1.0,-1.0,0.1899999976158142,0.0,0.8814592361450195,1.0,9.0,-7.0,156.0,0.0,0.0,0.0,0.0
2567241.127,156.0,-1.0,-1.0,0.1899999976158142,0.0,0.7492403984069824,0.0,0.0,-7.0,156.0,0.0,0.0,0.0,0.0
2567251.127,156.0,-2.0,-2.0,0.3799999952316284,0.0,0.9368543028831482,1.0,9.0,-5.0,156.0,0.0,0.0,0.0,0.0
2567262.126,156.0,1.0,1.0,-0.1899999976158142,-0.0,-0.10367367416620255,0.0,0.0,-6.0,156.0,0.0,0.0,0.0,0.0
2567272.127,156.0,2.0,2.0,-0.3799999952316284,-0.0,-0.3881225883960724,0.0,0.0,-4.0,156.0,0.0,0.0,0.0,0.0
2567282.127,156.0,2.0,2.0,-0.3799999952316284,-0.0,-0.3299041986465454,0.0,0.0,-3.0,156.0,0.0,0.0,0.0,0.0
2567292.128,156.0,2.0,2.0,-0.3799999952316284,-0.0,-0.2804185748100281,0.0,0.0,-5.0,156.0,0.0,0.0,0.0,0.0
2567303.126,156.0,1.0,1.0,-0.1899999976158142,-0.0,0.06164415553212166,0.0,0.0,-8.0,156.0,0.0,0.0,0.0,0.0
2567314.125,156.0,1.0,1.0,-0.1899999976158142,-0.0,0.052397534251213074,0.0,0.0,-4.0,156.0,0.0,0.0,0.0,0.0
2567324.125,156.0,4.0,4.0,-0.7599999904632568,-0.0,-0.8554619550704956,-1.0,-9.0,-3.0,156.0,0.0,0.0,0.0,0.0
2567334.126,156.0,-1.0,-1.0,0.1899999976158142,0.0,0.7728570699691772,0.0,0.0,-6.0,156.0,0.0,0.0,0.0,0.0
2567344.127,156.0,1.0,1.0,-0.1899999976158142,-0.0,0.05692862346768379,0.0,0.0,-4.0,156.0,0.0,0.0,0.0,0.0
2567354.128,156.0,1.0,1.0,-0.1899999976158142,-0.0,0.04838933050632477,0.0,0.0,-4.0,156.0,0.0,0.0,0.0,0.0
2567364.128,156.0,5.0,5.0,-0.949999988079071,-0.0,-1.1588689088821411,-2.0,-11.0,-6.0,156.0,0.0,0.0,0.0,0.0
2567375.125,156.0,2.0,2.0,-0.3799999952316284,-0.0,-0.08503874391317368,0.0,0.0,-3.0,156.0,0.0,0.0,0.0,0.0
2567385.125,156.0,2.0,2.0,-0.3799999952316284,-0.0,-0.07228293269872665,0.0,0.0,-5.0,156.0,0.0,0.0,0.0,0.0
2567395.373,156.0,7.0,7.0,-1.3299999237060547,-0.0,-1.5614402294158936,-2.0,-11.0,-2.0,156.0,0.0,0.0,0.0,0.0
2567405.373,156.0,4.0,4.0,-0.7599999904632568,-0.0,-0.42722436785697937,-1.0,-9.0,-4.0,156.0,0.0,0.0,0.0,0.0
2567416.126,156.0,3.0,3.0,-0.5699999928474426,-0.0,-0.06314077228307724,0.0,0.0,-6.0,156.0,0.0,0.0,0.0,0.0
2567426.126,156.0,3.0,3.0,-0.5699999928474426,-0.0,-0.053669657558202744,0.0,0.0,-3.0,156.0,0.0,0.0,0.0,0.0
2567436.126,156.0,3.0,3.0,-0.5699999928474426,-0.0,-0.04561920836567879,0.0,0.0,-5.0,156.0,0.0,0.0,0.0,0.0
2567446.127,156.0,-2.0,-2.0,0.3799999952316284,0.0,1.4612234830856323,1.0,9.0,-4.0,156.0,0.0,0.0,0.0,0.0
2567456.127,156.0,1.0,1.0,-0.1899999976158142,-0.0,0.34204015135765076,0.0,0.0,-3.0,156.0,0.0,0.0,0.0,0.0
2567467.183,156.0,1.0,1.0,-0.1899999976158142,-0.0,0.2907341420650482,0.0,0.0,-8.0,156.0,0.0,0.0,0.0,0.0
2567478.126,156.0,-2.0,-2.0,0.3799999952316284,0.0,1.14712393283844,1.0,9.0,-6.0,156.0,0.0,0.0,0.0,0.0
2567488.127,156.0,1.0,1.0,-0.1899999976158142,-0.0,0.07505550980567932,0.0,0.0,-5.0,156.0,0.0,0.0,0.0,0.0
2567499.125,156.0,1.0,1.0,-0.1899999976158142,-0.0,0.06379718333482742,0.0,0.0,-5.0,156.0,0.0,0.0,0.0,0.0
2567509.965,156.0,7.0,7.0,-1.3299999237060547,-0.0,-1.745772123336792,-3.0,-11.0,-3.0,156.0,0.0,0.0,0.0,0.0
2567519.966,156.0,0.0,0.0,0.0,0.0,0.6160933375358582,0.0,0.0,-5.0,156.0,0.0,0.0,0.0,0.0
2567530.126,156.0,4.0,4.0,-0.7599999904632568,-0.0,-0.6763204336166382,-1.0,-9.0,-5.0,156.0,0.0,0.0,0.0,0.0
2567541.125,156.0,2.0,2.0,-0.3799999952316284,-0.0,0.02512752078473568,0.0,0.0,-8.0,156.0,0.0,0.0,0.0,0.0
2567551.126,156.0,1.0,1.0,-0.1899999976158142,-0.0,0.3213583528995514,0.0,0.0,-2.0,156.0,0.0,0.0,0.0,0.0
2567561.126,156.0,4.0,4.0,-0.7599999904632568,-0.0,-0.6268452405929565,-1.0,-9.0,-9.0,156.0,0.0,0.0,0.0,0.0
2567571.233,156.0,6.0,6.0,-1.1399999856948853,-0.0,-1.132818341255188,-2.0,-11.0,-7.0,156.0,0.0,0.0,0.0,0.0
2567581.233,156.0,3.0,3.0,-0.5699999928474426,-0.0,-0.0628957599401474,0.0,0.0,-3.0,156.0,0.0,0.0,0.0,0.0
2567592.126,156.0,1.0,1.0,-0.1899999976158142,-0.0,0.554557740688324,0.0,0.0,-4.0,156.0,0.0,0.0,0.0,0.0
2567602.127,156.0,3.0,3.0,-0.5699999928474426,-0.0,-0.1286258101463318,0.0,0.0,-4.0,156.0,0.0,0.0,0.0,0.0
2567613.125,156.0,1.0,1.0,-0.1899999976158142,-0.0,0.4906679689884186,0.0,0.0,-2.0,156.0,0.0,0.0,0.0,0.0
2567623.126,156.0,3.0,3.0,-0.5699999928474426,-0.0,-0.18293212354183197,0.0,0.0,-8.0,156.0,0.0,0.0,0.0,0.0
2567633.127,156.0,2.0,2.0,-0.3799999952316284,-0.0,0.14450764656066895,0.0,0.0,-4.0,156.0,0.0,0.0,0.0,0.0
2567643.643,156.0,1.0,1.0,-0.1899999976158142,-0.0,0.4228314459323883,0.0,0.0,-3.0,156.0,0.0,0.0,0.0,0.0
2567654.126,156.0,2.0,2.0,-0.3799999952316284,-0.0,0.059406787157058716,0.0,0.0,-6.0,156.0,0.0,0.0,0.0,0.0
2567664.127,156.0,3.0,3.0,-0.5699999928474426,-0.0,-0.2495041787624359,0.0,0.0,-5.0,156.0,0.0,0.0,0.0,0.0
2567674.127,156.0,0.0,0.0,0.0,0.0,0.6879212856292725,0.0,0.0,-2.0,156.0,0.0,0.0,0.0,0.0
2567684.127,156.0,1.0,1.0,-0.1899999976158142,-0.0,0.2847331464290619,0.0,0.0,-3.0,156.0,0.0,0.0,0.0,0.0
2567695.125,156.0,1.0,1.0,-0.1899999976158142,-0.0,0.24202318489551544,0.0,0.0,-6.0,156.0,0.0,0.0,0.0,0.0
2567705.126,156.0,1.0,1.0,-0.1899999976158142,-0.0,0.2057197093963623,0.0,0.0,-6.0,156.0,0.0,0.0,0.0,0.0
2567716.098,156.0,0.0,0.0,0.0,0.0,0.4748617112636566,0.0,0.0,-7.0,156.0,0.0,0.0,0.0,0.0
2567726.381,156.0,4.0,4.0,-0.7599999904632568,-0.0,-0.796367347240448,-1.0,-9.0,-4.0,156.0,0.0,0.0,0.0,0.0
2567737.126,156.0,-1.0,-1.0,0.1899999976158142,0.0,0.8230875134468079,1.0,9.0,-5.0,156.0,0.0,0.0,0.0,0.0
2567748.126,156.0,0.0,0.0,0.0,0.0,0.39962446689605713,0.0,0.0,-4.0,156.0,0.0,0.0,0.0,0.0
2567758.126,156.0,2.0,2.0,-0.3799999952316284,-0.0,-0.2603190839290619,0.0,0.0,-6.0,156.0,0.0,0.0,0.0,0.0
2567768.126,156.0,1.0,1.0,-0.1899999976158142,-0.0,0.07872872799634933,0.0,0.0,-6.0,156.0,0.0,0.0,0.0,0.0
2567779.121,156.0,1.0,1.0,-0.1899999976158142,-0.0,0.06691942363977432,0.0,0.0,-5.0,156.0,0.0,0.0,0.0,0.0
2567790.125,156.0,0.0,0.0,0.0,0.0,0.3568814694881439,0.0,0.0,-8.0,156.0,0.0,0.0,0.0,0.0
2567800.126,156.0,0.0,0.0,0.0,0.0,0.30334925651550293,0.0,0.0,-8.0,156.0,0.0,0.0,0.0,0.0
2567810.127,156.0,3.0,3.0,-0.5699999928474426,-0.0,-0.6421529650688171,-1.0,-9.0,-4.0,156.0,0.0,0.0,0.0,0.0
2567821.126,156.0,1.0,1.0,-0.1899999976158142,-0.0,0.05416986718773842,0.0,0.0,-5.0,156.0,0.0,0.0,0.0,0.0
2567831.126,156.0,1.0,1.0,-0.1899999976158142,-0.0,0.04604438692331314,0.0,0.0,-5.0,156.0,0.0,0.0,0.0,0.0
2567841.729,156.0,2.0,2.0,-0.3799999952316284,-0.0,-0.26086223125457764,0.0,0.0,-3.0,156.0,0.0,0.0,0.0,0.0
2567852.341,156.0,1.0,1.0,-0.1899999976158142,-0.0,0.07826705276966095,0.0,0.0,-6.0,156.0,0.0,0.0,0.0,0.0
2567863.126,156.0,3.0,3.0,-0.5699999928474426,-0.0,-0.5334728956222534,-1.0,-9.0,-5.0,156.0,0.0,0.0,0.0,0.0
2567873.729,156.0,4.0,4.0,-0.7599999904632568,-0.0,-0.753451943397522,-1.0,-9.0,-6.0,156.0,0.0,0.0,0.0,0.0
2567883.73,156.0,5.0,5.0,-0.949999988079071,-0.0,-0.9404340982437134,-1.0,-9.0,-2.0,156.0,0.0,0.0,0.0,0.0
2567893.73,156.0,5.0,5.0,-0.949999988079071,-0.0,-0.7993689775466919,-1.0,-9.0,-2.0,156.0,0.0,0.0,0.0,0.0
2567904.126,156.0,0.0,0.0,0.0,0.0,1.0574556589126587,1.0,9.0,-4.0,156.0,0.0,0.0,0.0,0.0
2567914.902,156.0,1.0,1.0,-0.1899999976158142,-0.0,0.5988373756408691,0.0,0.0,-6.0,156.0,0.0,0.0,0.0,0.0
2567925.041,156.0,2.0,2.0,-0.3799999952316284,-0.0,0.20901183784008026,0.0,0.0,-9.0,156.0,0.0,0.0,0.0,0.0
2567936.041,156.0,-1.0,-1.0,0.1899999976158142,0.0,1.0776599645614624,1.0,9.0,-8.0,156.0,0.0,0.0,0.0,0.0
2567947.125,156.0,2.0,2.0,-0.3799999952316284,-0.0,0.016011139377951622,0.0,0.0,-3.0,156.0,0.0,0.0,0.0,0.0
2567957.126,156.0,2.0,2.0,-0.3799999952316284,-0.0,0.013609468936920166,0.0,0.0,-4.0,156.0,0.0,0.0,0.0,0.0
2567967.127,156.0,1.0,1.0,-0.1899999976158142,-0.0,0.3115679919719696,0.0,0.0,-3.0,156.0,0.0,0.0,0.0,0.0
2567977.127,156.0,3.0,3.0,-0.5699999928474426,-0.0,-0.3351671099662781,0.0,0.0,-7.0,156.0,0.0,0.0,0.0,0.0
2567988.019,156.0,3.0,3.0,-0.5699999928474426,-0.0,-0.2848920524120331,0.0,0.0,-4.0,156.0,0.0,0.0,0.0,0.0
2567998.126,156.0,2.0,2.0,-0.3799999952316284,-0.0,0.057841699570417404,0.0,0.0,-6.0,156.0,0.0,0.0,0.0,0.0
2568008.735,156.0,0.0,0.0,0.0,0.0,0.6491653323173523,0.0,0.0,-4.0,156.0,0.0,0.0,0.0,0.0
2568018.803,156.0,-2.0,-2.0,0.3799999952316284,0.0,1.1517904996871948,1.0,9.0,-2.0,156.0,0.0,0.0,0.0,0.0
2568028.803,156.0,1.0,1.0,-0.1899999976158142,-0.0,0.07902209460735321,0.0,0.0,-7.0,156.0,0.0,0.0,0.0,0.0
2568039.126,156.0,2.0,2.0,-0.3799999952316284,-0.0,-0.2328311651945114,0.0,0.0,-5.0,156.0,0.0,0.0,0.0,0.0
2568049.126,156.0,-1.0,-1.0,0.1899999976158142,0.0,0.7020933628082275,0.0,0.0,-6.0,156.0,0.0,0.0,0.0,0.0
2568059.127,156.0,0.0,0.0,0.0,0.0,0.29677942395210266,0.0,0.0,-7.0,156.0,0.0,0.0,0.0,0.0
2568070.125,156.0,3.0,3.0,-0.5699999928474426,-0.0,-0.6477373242378235,-1.0,-9.0,-6.0,156.0,0.0,0.0,0.0,0.0
2568081.125,156.0,0.0,0.0,0.0,0.0,0.3494231104850769,0.0,0.0,-6.0,156.0,0.0,0.0,0.0,0.0
2568092.129,156.0,5.0,5.0,-0.949999988079071,-0.0,-1.2029900550842285,-2.0,-11.0,-3.0,156.0,0.0,0.0,0.0,0.0
2568102.13,156.0,3.0,3.0,-0.5699999928474426,-0.0,-0.42254167795181274,0.0,0.0,-4.0,156.0,0.0,0.0,0.0,0.0
2568112.338,156.0,1.0,1.0,-0.1899999976158142,-0.0,0.24083946645259857,0.0,0.0,-6.0,156.0,0.0,0.0,0.0,0.0
2568123.126,156.0,0.0,0.0,0.0,0.0,0.5047134757041931,0.0,0.0,-4.0,156.0,0.0,0.0,0.0,0.0
2568134.125,156.0,2.0,2.0,-0.3799999952316284,-0.0,-0.17099343240261078,0.0,0.0,-6.0,156.0,0.0,0.0,0.0,0.0
2568145.125,156.0,3.0,3.0,-0.5699999928474426,-0.0,-0.44534438848495483,-1.0,-9.0,-7.0,156.0,0.0,0.0,0.0,0.0
2568155.125,156.0,4.0,4.0,-0.7599999904632568,-0.0,-0.7117612361907959,-1.0,-9.0,-3.0,156.0,0.0,0.0,0.0,0.0
2568165.125,156.0,4.0,4.0,-0.7599999904632568,-0.0,-0.7117612361907959,-1.0,-9.0,-3.0,156.0,0.0,0.0,0.0,0.0
2568175.126,156.0,0.0,0.0,0.0,0.0,0.5950027704238892,0.0,0.0,-6.0,156.0,0.0,0.0,0.0,0.0
2568185.404,156.0,2.0,2.0,-0.3799999952316284,-0.0,-0.09424753487110138,0.0,0.0,-1.0,156.0,0.0,0.0,0.0,0.0
2568195.405,156.0,2.0,2.0,-0.3799999952316284,-0.0,-0.08011040836572647,0.0,0.0,-1.0,156.0,0.0,0.0,0.0,0.0
2568206.041,156.0,2.0,-1.0,0.1899999976158142,0.0,0.8319060206413269,1.0,9.0,-3.0,156.0,0.0,0.0,0.0,0.0
2568216.77,156.0,2.0,2.0,-0.3799999952316284,-0.0,-0.16394776105880737,0.0,0.0,-3.0,156.0,0.0,0.0,0.0,0.0
2568227.125,156.0,-1.0,-1.0,0.1899999976158142,0.0,0.760644257068634,0.0,0.0,-7.0,156.0,0.0,0.0,0.0,0.0
2568238.125,156.0,3.0,3.0,-0.5699999928474426,-0.0,-0.55345219373703,-1.0,-9.0,-4.0,156.0,0.0,0.0,0.0,0.0
2568248.819,156.0,4.0,4.0,-0.7599999904632568,-0.0,-0.7704343199729919,-1.0,-9.0,-4.0,156.0,0.0,0.0,0.0,0.0
2568259.126,156.0,3.0,3.0,-0.5699999928474426,-0.0,-0.3548692464828491,0.0,0.0,-6.0,156.0,0.0,0.0,0.0,0.0
2568270.273,156.0,2.0,2.0,-0.3799999952316284,-0.0,-0.0016389156226068735,0.0,0.0,-3.0,156.0,0.0,0.0,0.0,0.0
2568281.125,156.0,3.0,3.0,-0.5699999928474426,-0.0,-0.3013930320739746,0.0,0.0,-5.0,156.0,0.0,0.0,0.0,0.0
2568291.126,156.0,3.0,3.0,-0.5699999928474426,-0.0,-0.25618407130241394,0.0,0.0,-5.0,156.0,0.0,0.0,0.0,0.0
2568302.125,156.0,-3.0,-3.0,0.5699999928474426,0.0,1.5822432041168213,2.0,11.0,-3.0,156.0,0.0,0.0,0.0,0.0
2568312.126,156.0,2.0,2.0,-0.3799999952316284,-0.0,-0.1550929993391037,0.0,0.0,-5.0,156.0,0.0,0.0,0.0,0.0
2568322.922,156.0,2.0,2.0,-0.3799999952316284,-0.0,-0.13182905316352844,0.0,0.0,-5.0,156.0,0.0,0.0,0.0,0.0
2568332.923,156.0,2.0,2.0,-0.3799999952316284,-0.0,-0.11205469816923141,0.0,0.0,-4.0,156.0,0.0,0.0,0.0,0.0
2568343.125,156.0,6.0,6.0,-1.1399999856948853,-0.0,-1.2952463626861572,-2.0,-11.0,-2.0,156.0,0.0,0.0,0.0,0.0
2568353.125,156.0,3.0,3.0,-0.5699999928474426,-0.0,-0.20095957815647125,0.0,0.0,-3.0,156.0,0.0,0.0,0.0,0.0
2568364.041,156.0,1.0,1.0,-0.1899999976158142,-0.0,0.4291842579841614,0.0,0.0,-5.0,156.0,0.0,0.0,0.0,0.0
2568374.041,156.0,5.0,5.0,-0.949999988079071,-0.0,-0.8351931571960449,-1.0,-9.0,-4.0,156.0,0.0,0.0,0.0,0.0
2568384.638,156.0,0.0,0.0,0.0,0.0,0.7900855541229248,0.0,0.0,-6.0,156.0,0.0,0.0,0.0,0.0
2568394.638,156.0,5.0,5.0,-0.949999988079071,-0.0,-0.8284270167350769,-1.0,-9.0,-9.0,156.0,0.0,0.0,0.0,0.0
2568404.639,156.0,0.0,0.0,0.0,0.0,0.7958368062973022,0.0,0.0,-3.0,156.0,0.0,0.0,0.0,0.0
2568415.125,156.0,2.0,2.0,-0.3799999952316284,-0.0,0.07646139711141586,0.0,0.0,-6.0,156.0,0.0,0.0,0.0,0.0
2568426.126,156.0,1.0,1.0,-0.1899999976158142,-0.0,0.3649921417236328,0.0,0.0,-5.0,156.0,0.0,0.0,0.0,0.0
2568436.127,156.0,3.0,3.0,-0.5699999928474426,-0.0,-0.28975656628608704,0.0,0.0,-4.0,156.0,0.0,0.0,0.0,0.0
2568447.126,156.0,1.0,1.0,-0.1899999976158142,-0.0,0.35370680689811707,0.0,0.0,-4.0,156.0,0.0,0.0,0.0,0.0
2568458.125,156.0,3.0,3.0,-0.5699999928474426,-0.0,-0.25444674491882324,0.0,0.0,-6.0,156.0,0.0,0.0,0.0,0.0
2568469.125,156.0,2.0,2.0,-0.3799999952316284,-0.0,0.08372021466493607,0.0,0.0,-2.0,156.0,0.0,0.0,0.0,0.0
2568479.125,156.0,5.0,5.0,-0.949999988079071,-0.0,-0.8288376927375793,-1.0,-9.0,-7.0,156.0,0.0,0.0,0.0,0.0
2568490.098,156.0,3.0,3.0,-0.5699999928474426,-0.0,-0.10451215505599976,0.0,0.0,-5.0,156.0,0.0,0.0,0.0,0.0
2568500.098,156.0,2.0,2.0,-0.3799999952316284,-0.0,0.21116462349891663,0.0,0.0,-6.0,156.0,0.0,0.0,0.0,0.0
2568510.099,156.0,0.0,0.0,0.0,0.0,0.7794898152351379,0.0,0.0,-2.0,156.0,0.0,0.0,0.0,0.0
2568521.126,156.0,1.0,1.0,-0.1899999976158142,-0.0,0.36256641149520874,0.0,0.0,-3.0,156.0,0.0,0.0,0.0,0.0
2568531.582,156.0,1.0,1.0,-0.1899999976158142,-0.0,0.3081814646720886,0.0,0.0,-3.0,156.0,0.0,0.0,0.0,0.0
2568541.583,156.0,4.0,4.0,-0.7599999904632568,-0.0,-0.638045608997345,-1.0,-9.0,-4.0,156.0,0.0,0.0,0.0,0.0
2568552.125,156.0,1.0,1.0,-0.1899999976158142,-0.0,0.35766106843948364,0.0,0.0,-6.0,156.0,0.0,0.0,0.0,0.0
2568563.125,156.0,1.0,1.0,-0.1899999976158142,-0.0,0.30401191115379333,0.0,0.0,-3.0,156.0,0.0,0.0,0.0,0.0
2568573.126,156.0,3.0,3.0,-0.5699999928474426,-0.0,-0.3415897786617279,0.0,0.0,-6.0,156.0,0.0,0.0,0.0,0.0
2568583.418,156.0,-1.0,-1.0,0.1899999976158142,0.0,0.9096484780311584,1.0,9.0,-5.0,156.0,0.0,0.0,0.0,0.0
2568594.126,156.0,4.0,4.0,-0.7599999904632568,-0.0,-0.7267985343933105,-1.0,-9.0,-6.0,156.0,0.0,0.0,0.0,0.0
2568605.125,156.0,0.0,0.0,0.0,0.0,0.5822210311889648,0.0,0.0,-7.0,156.0,0.0,0.0,0.0,0.0
2568615.125,156.0,0.0,0.0,0.0,0.0,0.4948878884315491,0.0,0.0,-5.0,156.0,0.0,0.0,0.0,0.0
2568625.126,156.0,0.0,0.0,0.0,0.0,0.4206547141075134,0.0,0.0,-4.0,156.0,0.0,0.0,0.0,0.0
2568636.125,156.0,-1.0,-1.0,0.1899999976158142,0.0,0.6575564742088318,0.0,0.0,-3.0,156.0,0.0,0.0,0.0,0.0
2568647.286,156.0,4.0,4.0,-0.7599999904632568,-0.0,-0.9410767555236816,-1.0,-9.0,-3.0,156.0,0.0,0.0,0.0,0.0
2568657.322,156.0,3.0,3.0,-0.5699999928474426,-0.0,-0.49991530179977417,-1.0,-9.0,-5.0,156.0,0.0,0.0,0.0,0.0
2568668.125,156.0,3.0,3.0,-0.5699999928474426,-0.0,-0.4249280095100403,0.0,0.0,-5.0,156.0,0.0,0.0,0.0,0.0
2568678.125,156.0,-1.0,-1.0,0.1899999976158142,0.0,0.8388109803199768,1.0,9.0,-4.0,156.0,0.0,0.0,0.0,0.0
2568688.125,156.0,1.0,1.0,-0.1899999976158142,-0.0,0.11298944801092148,0.0,0.0,-2.0,156.0,0.0,0.0,0.0,0.0
2568698.125,156.0,2.0,2.0,-0.3799999952316284,-0.0,-0.2039589136838913,0.0,0.0,-4.0,156.0,0.0,0.0,0.0,0.0
2568708.125,156.0,-1.0,-1.0,0.1899999976158142,0.0,0.7266348004341125,0.0,0.0,-9.0,156.0,0.0,0.0,0.0,0.0
2568719.126,156.0,-2.0,-2.0,0.3799999952316284,0.0,0.9176395535469055,1.0,9.0,-6.0,156.0,0.0,0.0,0.0,0.0
2568730.125,156.0,1.0,1.0,-0.1899999976158142,-0.0,-0.14700527489185333,0.0,0.0,-5.0,156.0,0.0,0.0,0.0,0.0
2568740.384,156.0,2.0,2.0,-0.3799999952316284,-0.0,-0.42495444416999817,0.0,0.0,-5.0,156.0,0.0,0.0,0.0,0.0
2568750.384,156.0,0.0,0.0,0.0,0.0,0.23878861963748932,0.0,0.0,-6.0,156.0,0.0,0.0,0.0,0.0
2568760.384,156.0,2.0,2.0,-0.3799999952316284,-0.0,-0.3970295786857605,0.0,0.0,-4.0,156.0,0.0,0.0,0.0,0.0
2568771.179,156.0,2.0,2.0,-0.3799999952316284,-0.0,-0.33747515082359314,0.0,0.0,-4.0,156.0,0.0,0.0,0.0,0.0
2568781.179,156.0,4.0,4.0,-0.7599999904632568,-0.0,-0.886853814125061,-1.0,-9.0,-5.0,156.0,0.0,0.0,0.0,0.0
2568792.125,156.0,3.0,3.0,-0.5699999928474426,-0.0,-0.45382580161094666,-1.0,-9.0,-2.0,156.0,0.0,0.0,0.0,0.0
2568802.126,156.0,2.0,2.0,-0.3799999952316284,-0.0,-0.0857519879937172,0.0,0.0,-5.0,156.0,0.0,0.0,0.0,0.0
2568812.127,156.0,1.0,1.0,-0.1899999976158142,-0.0,0.22711075842380524,0.0,0.0,-3.0,156.0,0.0,0.0,0.0,0.0
2568822.128,156.0,1.0,1.0,-0.1899999976158142,-0.0,0.19304415583610535,0.0,0.0,-5.0,156.0,0.0,0.0,0.0,0.0
2568832.129,156.0,0.0,0.0,0.0,0.0,0.46408748626708984,0.0,0.0,-5.0,156.0,0.0,0.0,0.0,0.0
2568842.234,156.0,0.0,0.0,0.0,0.0,0.3944743871688843,0.0,0.0,-5.0,156.0,0.0,0.0,0.0,0.0
2568852.235,156.0,0.0,0.0,0.0,0.0,0.33530324697494507,0.0,0.0,-6.0,156.0,0.0,0.0,0.0,0.0
2568862.235,156.0,4.0,4.0,-0.7599999904632568,-0.0,-0.9149920344352722,-1.0,-9.0,-6.0,156.0,0.0,0.0,0.0,0.0
2568873.125,156.0,2.0,2.0,-0.3799999952316284,-0.0,-0.1777433454990387,0.0,0.0,-3.0,156.0,0.0,0.0,0.0,0.0
2568883.125,156.0,4.0,4.0,-0.7599999904632568,-0.0,-0.7510817646980286,-1.0,-9.0,-3.0,156.0,0.0,0.0,0.0,0.0
2568894.126,156.0,0.0,0.0,0.0,0.0,0.5615803003311157,0.0,0.0,-3.0,156.0,0.0,0.0,0.0,0.0
2568904.514,156.0,0.0,0.0,0.0,0.0,0.47734326124191284,0.0,0.0,-3.0,156.0,0.0,0.0,0.0,0.0
2568914.515,156.0,2.0,2.0,-0.3799999952316284,-0.0,-0.19425812363624573,0.0,0.0,-9.0,156.0,0.0,0.0,0.0,0.0
2568924.516,156.0,1.0,1.0,-0.1899999976158142,-0.0,0.13488054275512695,0.0,0.0,-5.0,156.0,0.0,0.0,0.0,0.0
2568934.516,156.0,1.0,1.0,-0.1899999976158142,-0.0,0.11464846134185791,0.0,0.0,-6.0,156.0,0.0,0.0,0.0,0.0
2568944.516,156.0,2.0,2.0,-0.3799999952316284,-0.0,-0.20254875719547272,0.0,0.0,-3.0,156.0,0.0,0.0,0.0,0.0
2568954.517,156.0,2.0,2.0,-0.3799999952316284,-0.0,-0.17216645181179047,0.0,0.0,-5.0,156.0,0.0,0.0,0.0,0.0
2568965.126,156.0,2.0,2.0,-0.3799999952316284,-0.0,-0.1463414877653122,0.0,0.0,-6.0,156.0,0.0,0.0,0.0,0.0
2568975.127,156.0,2.0,2.0,-0.3799999952316284,-0.0,-0.12439026683568954,0.0,0.0,-6.0,156.0,0.0,0.0,0.0,0.0
2568985.128,156.0,2.0,2.0,-0.3799999952316284,-0.0,-0.10573173314332962,0.0,0.0,-6.0,156.0,0.0,0.0,0.0,0.0
2568995.128,156.0,1.0,1.0,-0.1899999976158142,-0.0,0.21012797951698303,0.0,0.0,-7.0,156.0,0.0,0.0,0.0,0.0
2569006.125,156.0,1.0,1.0,-0.1899999976158142,-0.0,0.17860879004001617,0.0,0.0,-7.0,156.0,0.0,0.0,0.0,0.0
2569016.125,156.0,1.0,1.0,-0.1899999976158142,-0.0,0.1518174707889557,0.0,0.0,-4.0,156.0,0.0,0.0,0.0,0.0
2569027.126,156.0,0.0,0.0,0.0,0.0,0.42904481291770935,0.0,0.0,-2.0,156.0,0.0,0.0,0.0,0.0
2569038.125,156.0,2.0,2.0,-0.3799999952316284,-0.0,-0.23531180620193481,0.0,0.0,-7.0,156.0,0.0,0.0,0.0,0.0
2569049.126,156.0,2.0,2.0,-0.3799999952316284,-0.0,-0.20001503825187683,0.0,0.0,-7.0,156.0,0.0,0.0,0.0,0.0
2569059.127,156.0,1.0,1.0,-0.1899999976158142,-0.0,0.12998716533184052,0.0,0.0,-3.0,156.0,0.0,0.0,0.0,0.0
2569069.127,156.0,2.0,2.0,-0.3799999952316284,-0.0,-0.18951085209846497,0.0,0.0,-6.0,156.0,0.0,0.0,0.0,0.0
2569079.128,156.0,0.0,0.0,0.0,0.0,0.4389156699180603,0.0,0.0,-5.0,156.0,0.0,0.0,0.0,0.0
2569090.126,156.0,3.0,3.0,-0.5699999928474426,-0.0,-0.5269215106964111,-1.0,-9.0,-3.0,156.0,0.0,0.0,0.0,0.0
2569100.126,156.0,3.0,3.0,-0.5699999928474426,-0.0,-0.4478833079338074,-1.0,-9.0,-5.0,156.0,0.0,0.0,0.0,0.0
2569110.938,156.0,5.0,5.0,-0.949999988079071,-0.0,-0.9807007312774658,-1.0,-9.0,-5.0,156.0,0.0,0.0,0.0,0.0
2569120.939,156.0,-2.0,-2.0,0.3799999952316284,0.0,1.2664040327072144,1.0,9.0,-4.0,156.0,0.0,0.0,0.0,0.0
2569131.126,156.0,-2.0,-2.0,0.3799999952316284,0.0,1.0764434337615967,1.0,9.0,-4.0,156.0,0.0,0.0,0.0,0.0
2569142.126,156.0,1.0,1.0,-0.1899999976158142,-0.0,0.014977087266743183,0.0,0.0,-2.0,156.0,0.0,0.0,0.0,0.0
2569152.126,156.0,0.0,0.0,0.0,0.0,0.31273049116134644,0.0,0.0,-6.0,156.0,0.0,0.0,0.0,0.0
2569163.126,156.0,0.0,0.0,0.0,0.0,0.36094775795936584,0.0,0.0,-9.0,156.0,0.0,0.0,0.0,0.0
2569173.127,156.0,4.0,4.0,-0.7599999904632568,-0.0,-0.8931941986083984,-1.0,-9.0,-5.0,156.0,0.0,0.0,0.0,0.0
2569183.688,156.0,3.0,3.0,-0.5699999928474426,-0.0,-0.4592151343822479,-1.0,-9.0,-5.0,156.0,0.0,0.0,0.0,0.0
2569193.688,156.0,-2.0,-2.0,0.3799999952316284,0.0,1.1096669435501099,1.0,9.0,-4.0,156.0,0.0,0.0,0.0,0.0
2569204.041,156.0,2.0,2.0,-0.3799999952316284,-0.0,-0.2567828893661499,0.0,0.0,-4.0,156.0,0.0,0.0,0.0,0.0
2569215.125,156.0,-1.0,-1.0,0.1899999976158142,0.0,0.6817343831062317,0.0,0.0,-4.0,156.0,0.0,0.0,0.0,0.0
2569225.126,156.0,2.0,2.0,-0.3799999952316284,-0.0,-0.3205256164073944,0.0,0.0,-6.0,156.0,0.0,0.0,0.0,0.0
2569236.122,156.0,0.0,0.0,0.0,0.0,0.3275531232357025,0.0,0.0,-6.0,156.0,0.0,0.0,0.0,0.0
2569247.125,156.0,1.0,1.0,-0.1899999976158142,-0.0,-0.021579788997769356,0.0,0.0,-5.0,156.0,0.0,0.0,0.0,0.0
2569257.125,156.0,1.0,1.0,-0.1899999976158142,-0.0,-0.018342820927500725,0.0,0.0,-6.0,156.0,0.0,0.0,0.0,0.0
2569267.998,156.0,3.0,3.0,-0.5699999928474426,-0.0,-0.615591287612915,-1.0,-9.0,-5.0,156.0,0.0,0.0,0.0,0.0
2569277.999,156.0,1.0,1.0,-0.1899999976158142,-0.0,0.07674729824066162,0.0,0.0,-5.0,156.0,0.0,0.0,0.0,0.0
2569287.999,156.0,2.0,2.0,-0.3799999952316284,-0.0,-0.23476473987102509,0.0,0.0,-5.0,156.0,0.0,0.0,0.0,0.0
2569298.126,156.0,1.0,1.0,-0.1899999976158142,-0.0,0.10044991970062256,0.0,0.0,-5.0,156.0,0.0,0.0,0.0,0.0
2569309.125,156.0,1.0,1.0,-0.1899999976158142,-0.0,0.08538243174552917,0.0,0.0,-5.0,156.0,0.0,0.0,0.0,0.0
2569319.507,156.0,2.0,2.0,-0.3799999952316284,-0.0,-0.22742488980293274,0.0,0.0,-4.0,156.0,0.0,0.0,0.0,0.0
2569330.126,156.0,1.0,1.0,-0.1899999976158142,-0.0,0.10668879002332687,0.0,0.0,-4.0,156.0,0.0,0.0,0.0,0.0
2569340.456,156.0,0.0,0.0,0.0,0.0,0.39068543910980225,0.0,0.0,-6.0,156.0,0.0,0.0,0.0,0.0
2569350.457,156.0,0.0,0.0,0.0,0.0,0.3320826292037964,0.0,0.0,-6.0,156.0,0.0,0.0,0.0,0.0
2569361.126,156.0,1.0,1.0,-0.1899999976158142,-0.0,-0.017729708924889565,0.0,0.0,-6.0,156.0,0.0,0.0,0.0,0.0
2569371.127,156.0,-1.0,-1.0,0.1899999976158142,0.0,0.5849296450614929,0.0,0.0,-2.0,156.0,0.0,0.0,0.0,0.0
2569382.099,156.0,3.0,3.0,-0.5699999928474426,-0.0,-0.7028095722198486,-1.0,-9.0,-4.0,156.0,0.0,0.0,0.0,0.0
2569392.099,156.0,3.0,3.0,-0.5699999928474426,-0.0,-0.5973881483078003,-1.0,-9.0,-4.0,156.0,0.0,0.0,0.0,0.0
2569402.635,156.0,1.0,1.0,-0.1899999976158142,-0.0,0.09221996366977692,0.0,0.0,-5.0,156.0,0.0,0.0,0.0,0.0
2569412.636,156.0,5.0,5.0,-0.949999988079071,-0.0,-1.121612787246704,-2.0,-11.0,-8.0,156.0,0.0,0.0,0.0,0.0
2569423.125,156.0,4.0,4.0,-0.7599999904632568,-0.0,-0.6533709168434143,-1.0,-9.0,0.0,156.0,0.0,0.0,0.0,0.0
2569433.126,156.0,3.0,3.0,-0.5699999928474426,-0.0,-0.2553653419017792,0.0,0.0,-5.0,156.0,0.0,0.0,0.0,0.0
2569443.951,156.0,3.0,3.0,-0.5699999928474426,-0.0,-0.21706055104732513,0.0,0.0,-5.0,156.0,0.0,0.0,0.0,0.0
2569454.125,156.0,2.0,2.0,-0.3799999952316284,-0.0,0.11549847573041916,0.0,0.0,-8.0,156.0,0.0,0.0,0.0,0.0
2569464.125,156.0,2.0,2.0,-0.3799999952316284,-0.0,0.09817370772361755,0.0,0.0,-2.0,156.0,0.0,0.0,0.0,0.0
2569474.125,156.0,2.0,2.0,-0.3799999952316284,-0.0,0.0834476575255394,0.0,0.0,-6.0,156.0,0.0,0.0,0.0,0.0
2569484.595,156.0,0.0,0.0,0.0,0.0,0.6709304451942444,0.0,0.0,-5.0,156.0,0.0,0.0,0.0,0.0
2569494.595,156.0,3.0,3.0,-0.5699999928474426,-0.0,-0.3297089636325836,0.0,0.0,-2.0,156.0,0.0,0.0,0.0,0.0
2569505.125,156.0,1.0,1.0,-0.1899999976158142,-0.0,0.31974726915359497,0.0,0.0,-6.0,156.0,0.0,0.0,0.0,0.0
2569515.125,156.0,1.0,1.0,-0.1899999976158142,-0.0,0.2717851996421814,0.0,0.0,-3.0,156.0,0.0,0.0,0.0,0.0
2569526.125,156.0,1.0,1.0,-0.1899999976158142,-0.0,0.2863647937774658,0.0,0.0,-2.0,156.0,0.0,0.0,0.0,0.0
2569537.225,156.0,1.0,1.0,-0.1899999976158142,-0.0,0.24341008067131042,0.0,0.0,-2.0,156.0,0.0,0.0,0.0,0.0
2569548.122,156.0,0.0,0.0,0.0,0.0,0.5068985223770142,0.0,0.0,-6.0,156.0,0.0,0.0,0.0,0.0
2569558.122,156.0,1.0,1.0,-0.1899999976158142,-0.0,0.13086380064487457,0.0,0.0,-7.0,156.0,0.0,0.0,0.0,0.0
2569569.126,156.0,2.0,2.0,-0.3799999952316284,-0.0,-0.1887657195329666,0.0,0.0,-7.0,156.0,0.0,0.0,0.0,0.0
2569580.126,156.0,2.0,2.0,-0.3799999952316284,-0.0,-0.16045086085796356,0.0,0.0,-7.0,156.0,0.0,0.0,0.0,0.0
2569590.159,156.0,2.0,2.0,-0.3799999952316284,-0.0,-0.13638323545455933,0.0,0.0,-8.0,156.0,0.0,0.0,0.0,0.0
2569600.159,156.0,3.0,3.0,-0.5699999928474426,-0.0,-0.4159257113933563,0.0,0.0,-3.0,156.0,0.0,0.0,0.0,0.0
2569610.159,156.0,5.0,5.0,-0.949999988079071,-0.0,-0.9535367488861084,-1.0,-9.0,-4.0,156.0,0.0,0.0,0.0,0.0
2569620.16,156.0,3.0,3.0,-0.5699999928474426,-0.0,-0.2105063498020172,0.0,0.0,-7.0,156.0,0.0,0.0,0.0,0.0
2569631.098,156.0,1.0,1.0,-0.1899999976158142,-0.0,0.42106950283050537,0.0,0.0,-2.0,156.0,0.0,0.0,0.0,0.0
2569641.099,156.0,0.0,0.0,0.0,0.0,0.6579090356826782,0.0,0.0,-6.0,156.0,0.0,0.0,0.0,0.0
2569652.125,156.0,2.0,2.0,-0.3799999952316284,-0.0,-0.040777210146188736,0.0,0.0,-7.0,156.0,0.0,0.0,0.0,0.0
2569662.932,156.0,2.0,2.0,-0.3799999952316284,-0.0,-0.03466062992811203,0.0,0.0,-6.0,156.0,0.0,0.0,0.0,0.0
2569672.933,156.0,2.0,2.0,-0.3799999952316284,-0.0,-0.029461536556482315,0.0,0.0,-5.0,156.0,0.0,0.0,0.0,0.0
2569684.098,156.0,2.0,2.0,-0.3799999952316284,-0.0,-0.025042306631803513,0.0,0.0,-5.0,156.0,0.0,0.0,0.0,0.0
2569694.868,156.0,0.0,0.0,0.0,0.0,0.5787139534950256,0.0,0.0,-5.0,156.0,0.0,0.0,0.0,0.0
2569704.869,156.0,1.0,1.0,-0.1899999976158142,-0.0,0.19190692901611328,0.0,0.0,-2.0,156.0,0.0,0.0,0.0,0.0
2569715.125,156.0,4.0,4.0,-0.7599999904632568,-0.0,-0.7368789911270142,-1.0,-9.0,-5.0,156.0,0.0,0.0,0.0,0.0
2569725.125,156.0,4.0,4.0,-0.7599999904632568,-0.0,-0.6263471841812134,-1.0,-9.0,-3.0,156.0,0.0,0.0,0.0,0.0
2569735.87,156.0,1.0,1.0,-0.1899999976158142,-0.0,0.36760473251342773,0.0,0.0,-3.0,156.0,0.0,0.0,0.0,0.0
2569746.126,156.0,2.0,2.0,-0.3799999952316284,-0.0,0.012464079074561596,0.0,0.0,-5.0,156.0,0.0,0.0,0.0,0.0
2569757.313,156.0,5.0,5.0,-0.949999988079071,-0.0,-0.9809945225715637,-1.0,-9.0,-4.0,156.0,0.0,0.0,0.0,0.0
2569768.041,156.0,3.0,3.0,-0.5699999928474426,-0.0,-0.23384545743465424,0.0,0.0,-6.0,156.0,0.0,0.0,0.0,0.0
2569778.041,156.0,2.0,2.0,-0.3799999952316284,-0.0,0.10123130679130554,0.0,0.0,-8.0,156.0,0.0,0.0,0.0,0.0
2569788.042,156.0,1.0,1.0,-0.1899999976158142,-0.0,0.38604655861854553,0.0,0.0,-5.0,156.0,0.0,0.0,0.0,0.0
2569798.042,156.0,-1.0,-1.0,0.1899999976158142,0.0,0.9281395077705383,1.0,9.0,-5.0,156.0,0.0,0.0,0.0,0.0
2569809.041,156.0,-1.0,-1.0,0.1899999976158142,0.0,0.7889186143875122,0.0,0.0,-5.0,156.0,0.0,0.0,0.0,0.0
2569819.041,156.0,3.0,3.0,-0.5699999928474426,-0.0,-0.5294189453125,-1.0,-9.0,0.0,156.0,0.0,0.0,0.0,0.0
2569829.041,156.0,1.0,1.0,-0.1899999976158142,-0.0,0.14999379217624664,0.0,0.0,-5.0,156.0,0.0,0.0,0.0,0.0
2569840.125,156.0,2.0,2.0,-0.3799999952316284,-0.0,-0.1725052297115326,0.0,0.0,-5.0,156.0,0.0,0.0,0.0,0.0
2569851.126,156.0,3.0,3.0,-0.5699999928474426,-0.0,-0.4466294050216675,-1.0,-9.0,-6.0,156.0,0.0,0.0,0.0,0.0
2569861.126,156.0,3.0,3.0,-0.5699999928474426,-0.0,-0.3796350061893463,0.0,0.0,-6.0,156.0,0.0,0.0,0.0,0.0
2569871.621,156.0,7.0,7.0,-1.3299999237060547,-0.0,-1.5226895809173584,-2.0,-11.0,-5.0,156.0,0.0,0.0,0.0,0.0
2569882.126,156.0,1.0,1.0,-0.1899999976158142,-0.0,0.5057135224342346,0.0,0.0,-2.0,156.0,0.0,0.0,0.0,0.0
2569893.126,156.0,1.0,1.0,-0.1899999976158142,-0.0,0.4298565089702606,0.0,0.0,-3.0,156.0,0.0,0.0,0.0,0.0
2569904.125,156.0,4.0,4.0,-0.7599999904632568,-0.0,-0.5346218347549438,-1.0,-9.0,-5.0,156.0,0.0,0.0,0.0,0.0
2569915.125,156.0,1.0,1.0,-0.1899999976158142,-0.0,0.44557127356529236,0.0,0.0,-5.0,156.0,0.0,0.0,0.0,0.0
2569926.125,156.0,2.0,2.0,-0.3799999952316284,-0.0,0.07873564213514328,0.0,0.0,-7.0,156.0,0.0,0.0,0.0,0.0
2569937.126,156.0,2.0,2.0,-0.3799999952316284,-0.0,0.0669252946972847,0.0,0.0,-7.0,156.0,0.0,0.0,0.0,0.0
2569948.346,156.0,2.0,2.0,-0.3799999952316284,-0.0,0.05688650161027908,0.0,0.0,-8.0,156.0,0.0,0.0,0.0,0.0
2569959.122,156.0,3.0,3.0,-0.5699999928474426,-0.0,-0.258899450302124,0.0,0.0,-5.0,156.0,0.0,0.0,0.0,0.0
2569969.122,156.0,4.0,4.0,-0.7599999904632568,-0.0,-0.5200644731521606,-1.0,-9.0,-5.0,156.0,0.0,0.0,0.0,0.0
2569979.123,156.0,3.0,3.0,-0.5699999928474426,-0.0,-0.14205485582351685,0.0,0.0,-6.0,156.0,0.0,0.0,0.0,0.0
2569990.195,156.0,4.0,4.0,-0.7599999904632568,-0.0,-0.4207465946674347,-1.0,-9.0,-4.0,156.0,0.0,0.0,0.0,0.0
2570000.196,156.0,2.0,2.0,-0.3799999952316284,-0.0,0.2423652857542038,0.0,0.0,-4.0,156.0,0.0,0.0,0.0,0.0
2570010.196,156.0,2.0,2.0,-0.3799999952316284,-0.0,0.20601050555706024,0.0,0.0,-2.0,156.0,0.0,0.0,0.0,0.0
2570021.125,156.0,0.0,0.0,0.0,0.0,0.775108814239502,0.0,0.0,-8.0,156.0,0.0,0.0,0.0,0.0
2570032.125,156.0,2.0,2.0,-0.3799999952316284,-0.0,0.05884260684251785,0.0,0.0,-3.0,156.0,0.0,0.0,0.0,0.0
2570043.125,156.0,7.0,7.0,-1.3299999237060547,-0.0,-1.4499835968017578,-2.0,-11.0,-4.0,156.0,0.0,0.0,0.0,0.0
2570053.126,156.0,4.0,4.0,-0.7599999904632568,-0.0,-0.33248624205589294,-1.0,-9.0,-6.0,156.0,0.0,0.0,0.0,0.0
2570064.125,156.0,5.0,5.0,-0.949999988079071,-0.0,-0.5826132893562317,-1.0,-9.0,-5.0,156.0,0.0,0.0,0.0,0.0
2570074.126,156.0,3.0,3.0,-0.5699999928474426,-0.0,0.10477859526872635,0.0,0.0,-3.0,156.0,0.0,0.0,0.0,0.0
2570084.126,156.0,5.0,5.0,-0.949999988079071,-0.0,-0.5109381079673767,-1.0,-9.0,-5.0,156.0,0.0,0.0,0.0,0.0
2570094.127,156.0,2.0,2.0,-0.3799999952316284,-0.0,0.46570244431495667,0.0,0.0,-2.0,156.0,0.0,0.0,0.0,0.0
2570105.137,156.0,3.0,3.0,-0.5699999928474426,-0.0,0.09584713727235794,0.0,0.0,-8.0,156.0,0.0,0.0,0.0,0.0
2570116.125,156.0,2.0,2.0,-0.3799999952316284,-0.0,0.3814700245857239,0.0,0.0,-3.0,156.0,0.0,0.0,0.0,0.0
2570126.126,156.0,1.0,1.0,-0.1899999976158142,-0.0,0.6242494583129883,0.0,0.0,-3.0,156.0,0.0,0.0,0.0,0.0
2570137.098,156.0,1.0,1.0,-0.1899999976158142,-0.0,0.530612051486969,0.0,0.0,-3.0,156.0,0.0,0.0,0.0,0.0
2570148.126,156.0,0.0,0.0,0.0,0.0,0.7510201930999756,0.0,0.0,-4.0,156.0,0.0,0.0,0.0,0.0
2570159.126,156.0,2.0,2.0,-0.3799999952316284,-0.0,0.03836727887392044,0.0,0.0,-4.0,156.0,0.0,0.0,0.0,0.0
2570169.127,156.0,4.0,4.0,-0.7599999904632568,-0.0,-0.5673877000808716,-1.0,-9.0,-5.0,156.0,0.0,0.0,0.0,0.0
2570180.098,156.0,1.0,1.0,-0.1899999976158142,-0.0,0.4177202880382538,0.0,0.0,-7.0,156.0,0.0,0.0,0.0,0.0
2570191.125,156.0,3.0,3.0,-0.5699999928474426,-0.0,-0.2981970012187958,0.0,0.0,-6.0,156.0,0.0,0.0,0.0,0.0
2570202.126,156.0,1.0,1.0,-0.1899999976158142,-0.0,0.3465324342250824,0.0,0.0,-3.0,156.0,0.0,0.0,0.0,0.0
2570212.126,156.0,2.0,2.0,-0.3799999952316284,-0.0,-0.005447375122457743,0.0,0.0,-5.0,156.0,0.0,0.0,0.0,0.0
2570223.354,156.0,0.0,0.0,0.0,0.0,0.5953696370124817,0.0,0.0,-7.0,156.0,0.0,0.0,0.0,0.0
2570233.355,156.0,1.0,1.0,-0.1899999976158142,-0.0,0.20606425404548645,0.0,0.0,-10.0,156.0,0.0,0.0,0.0,0.0
2570243.355,156.0,1.0,1.0,-0.1899999976158142,-0.0,0.17515462636947632,0.0,0.0,-3.0,156.0,0.0,0.0,0.0,0.0
2570254.179,156.0,2.0,2.0,-0.3799999952316284,-0.0,-0.15111851692199707,0.0,0.0,-6.0,156.0,0.0,0.0,0.0,0.0
2570264.577,156.0,0.0,0.0,0.0,0.0,0.4715491533279419,0.0,0.0,-2.0,156.0,0.0,0.0,0.0,0.0
2570274.577,156.0,3.0,3.0,-0.5699999928474426,-0.0,-0.4991830587387085,-1.0,-9.0,-3.0,156.0,0.0,0.0,0.0,0.0
2570285.125,156.0,3.0,3.0,-0.5699999928474426,-0.0,-0.42430561780929565,0.0,0.0,-4.0,156.0,0.0,0.0,0.0,0.0
2570295.125,156.0,2.0,2.0,-0.3799999952316284,-0.0,-0.06065983325242996,0.0,0.0,-7.0,156.0,0.0,0.0,0.0,0.0
2570306.126,156.0,0.0,0.0,0.0,0.0,0.5484390258789062,0.0,0.0,-3.0,156.0,0.0,0.0,0.0,0.0
2570317.125,156.0,2.0,2.0,-0.3799999952316284,-0.0,-0.13382671773433685,0.0,0.0,-5.0,156.0,0.0,0.0,0.0,0.0
2570328.126,156.0,3.0,3.0,-0.5699999928474426,-0.0,-0.4137526750564575,0.0,0.0,-4.0,156.0,0.0,0.0,0.0,0.0
2570338.127,156.0,1.0,1.0,-0.1899999976158142,-0.0,0.2483101189136505,0.0,0.0,-4.0,156.0,0.0,0.0,0.0,0.0
2570349.125,156.0,3.0,3.0,-0.5699999928474426,-0.0,-0.388936311006546,0.0,0.0,-3.0,156.0,0.0,0.0,0.0,0.0
2570360.125,156.0,3.0,3.0,-0.5699999928474426,-0.0,-0.33059588074684143,0.0,0.0,-7.0,156.0,0.0,0.0,0.0,0.0
2570370.126,156.0,-1.0,-1.0,0.1899999976158142,0.0,0.9189932942390442,1.0,9.0,-2.0,156.0,0.0,0.0,0.0,0.0
2570381.125,156.0,0.0,0.0,0.0,0.0,0.48114436864852905,0.0,0.0,-5.0,156.0,0.0,0.0,0.0,0.0
2570392.125,156.0,-1.0,-1.0,0.1899999976158142,0.0,0.782626748085022,0.0,0.0,-4.0,156.0,0.0,0.0,0.0,0.0
2570402.126,156.0,1.0,1.0,-0.1899999976158142,-0.0,0.06523285061120987,0.0,0.0,-3.0,156.0,0.0,0.0,0.0,0.0
2570413.125,156.0,2.0,2.0,-0.3799999952316284,-0.0,-0.24455203115940094,0.0,0.0,-6.0,156.0,0.0,0.0,0.0,0.0
2570423.431,156.0,0.0,0.0,0.0,0.0,0.39213067293167114,0.0,0.0,-6.0,156.0,0.0,0.0,0.0,0.0
2570434.125,156.0,1.0,1.0,-0.1899999976158142,-0.0,0.03331112861633301,0.0,0.0,-4.0,156.0,0.0,0.0,0.0,0.0
2570444.126,156.0,1.0,1.0,-0.1899999976158142,-0.0,0.028314460068941116,0.0,0.0,-4.0,156.0,0.0,0.0,0.0,0.0
2570455.125,156.0,2.0,2.0,-0.3799999952316284,-0.0,-0.2759326696395874,0.0,0.0,-8.0,156.0,0.0,0.0,0.0,0.0
2570465.125,156.0,2.0,2.0,-0.3799999952316284,-0.0,-0.23454277217388153,0.0,0.0,-6.0,156.0,0.0,0.0,0.0,0.0
2570476.125,156.0,3.0,3.0,-0.5699999928474426,-0.0,-0.4993613064289093,-1.0,-9.0,-3.0,156.0,0.0,0.0,0.0,0.0
2570486.125,156.0,2.0,2.0,-0.3799999952316284,-0.0,-0.12445717304944992,0.0,0.0,-6.0,156.0,0.0,0.0,0.0,0.0
2570497.125,156.0,1.0,1.0,-0.1899999976158142,-0.0,0.19421134889125824,0.0,0.0,-4.0,156.0,0.0,0.0,0.0,0.0
2570508.146,156.0,2.0,2.0,-0.3799999952316284,-0.0,-0.13492029905319214,0.0,0.0,-6.0,156.0,0.0,0.0,0.0,0.0
2570518.147,156.0,2.0,2.0,-0.3799999952316284,-0.0,-0.11468225717544556,0.0,0.0,-6.0,156.0,0.0,0.0,0.0,0.0
2570529.126,156.0,3.0,3.0,-0.5699999928474426,-0.0,-0.3974798619747162,0.0,0.0,-4.0,156.0,0.0,0.0,0.0,0.0
2570539.126,156.0,4.0,4.0,-0.7599999904632568,-0.0,-0.6378578543663025,-1.0,-9.0,-7.0,156.0,0.0,0.0,0.0,0.0
2570549.126,156.0,3.0,3.0,-0.5699999928474426,-0.0,-0.2421792447566986,0.0,0.0,-7.0,156.0,0.0,0.0,0.0,0.0
2570560.125,156.0,0.0,0.0,0.0,0.0,0.6941474676132202,0.0,0.0,-5.0,156.0,0.0,0.0,0.0,0.0
2570570.125,156.0,0.0,0.0,0.0,0.0,0.5900253653526306,0.0,0.0,-5.0,156.0,0.0,0.0,0.0,0.0
2570580.125,156.0,1.0,1.0,-0.1899999976158142,-0.0,0.2015216201543808,0.0,0.0,-5.0,156.0,0.0,0.0,0.0,0.0
2570591.126,156.0,2.0,2.0,-0.3799999952316284,-0.0,-0.12870657444000244,0.0,0.0,-6.0,156.0,0.0,0.0,0.0,0.0
2570602.128,156.0,0.0,0.0,0.0,0.0,0.49059930443763733,0.0,0.0,-6.0,156.0,0.0,0.0,0.0,0.0
2570612.128,156.0,0.0,0.0,0.0,0.0,0.4170094132423401,0.0,0.0,-2.0,156.0,0.0,0.0,0.0,0.0
2570623.125,156.0,2.0,2.0,-0.3799999952316284,-0.0,-0.24554190039634705,0.0,0.0,-5.0,156.0,0.0,0.0,0.0,0.0
2570634.125,156.0,0.0,0.0,0.0,0.0,0.3775959014892578,0.0,0.0,-5.0,156.0,0.0,0.0,0.0,0.0
2570644.126,156.0,4.0,4.0,-0.7599999904632568,-0.0,-0.8790432810783386,-1.0,-9.0,-5.0,156.0,0.0,0.0,0.0,0.0
2570654.126,156.0,2.0,2.0,-0.3799999952316284,-0.0,-0.14718690514564514,0.0,0.0,-6.0,156.0,0.0,0.0,0.0,0.0
2570665.126,156.0,2.0,2.0,-0.3799999952316284,-0.0,-0.12510886788368225,0.0,0.0,-1.0,156.0,0.0,0.0,0.0,0.0
2570675.127,156.0,1.0,1.0,-0.1899999976158142,-0.0,0.19365741312503815,0.0,0.0,-7.0,156.0,0.0,0.0,0.0,0.0
2570685.128,156.0,1.0,1.0,-0.1899999976158142,-0.0,0.16460880637168884,0.0,0.0,-7.0,156.0,0.0,0.0,0.0,0.0
2570696.098,156.0,2.0,2.0,-0.3799999952316284,-0.0,-0.16008245944976807,0.0,0.0,-5.0,156.0,0.0,0.0,0.0,0.0
2570707.126,156.0,1.0,1.0,-0.1899999976158142,-0.0,0.16392986476421356,0.0,0.0,-5.0,156.0,0.0,0.0,0.0,0.0
2570717.127,156.0,1.0,1.0,-0.1899999976158142,-0.0,0.1393403857946396,0.0,0.0,-5.0,156.0,0.0,0.0,0.0,0.0
2570728.125,156.0,0.0,0.0,0.0,0.0,0.41843926906585693,0.0,0.0,-2.0,156.0,0.0,0.0,0.0,0.0
2570738.963,156.0,4.0,4.0,-0.7599999904632568,-0.0,-0.8443264365196228,-1.0,-9.0,-8.0,156.0,0.0,0.0,0.0,0.0
2570748.963,156.0,0.0,0.0,0.0,0.0,0.4823223054409027,0.0,0.0,-4.0,156.0,0.0,0.0,0.0,0.0
2570759.125,156.0,0.0,0.0,0.0,0.0,0.40997397899627686,0.0,0.0,-4.0,156.0,0.0,0.0,0.0,0.0
2570769.126,156.0,-2.0,-2.0,0.3799999952316284,0.0,0.9484778046607971,1.0,9.0,-7.0,156.0,0.0,0.0,0.0,0.0
2570780.126,156.0,2.0,2.0,-0.3799999952316284,-0.0,-0.39379364252090454,0.0,0.0,-3.0,156.0,0.0,0.0,0.0,0.0
2570790.126,156.0,0.0,0.0,0.0,0.0,0.2652752995491028,0.0,0.0,-8.0,156.0,0.0,0.0,0.0,0.0
2570800.127,156.0,0.0,0.0,0.0,0.0,0.22548401355743408,0.0,0.0,-6.0,156.0,0.0,0.0,0.0,0.0
2570810.128,156.0,0.0,0.0,0.0,0.0,0.19166141748428345,0.0,0.0,-2.0,156.0,0.0,0.0,0.0,0.0
2570820.129,156.0,0.0,0.0,0.0,0.0,0.16291220486164093,0.0,0.0,-7.0,156.0,0.0,0.0,0.0,0.0
2570831.122,156.0,3.0,3.0,-0.5699999928474426,-0.0,-0.761524498462677,-1.0,-9.0,-4.0,156.0,0.0,0.0,0.0,0.0
2570842.125,156.0,3.0,3.0,-0.5699999928474426,-0.0,-0.6472958326339722,-1.0,-9.0,-6.0,156.0,0.0,0.0,0.0,0.0
2570852.125,156.0,2.0,2.0,-0.3799999952316284,-0.0,-0.2502015233039856,0.0,0.0,-4.0,156.0,0.0,0.0,0.0,0.0
2570863.125,156.0,4.0,4.0,-0.7599999904632568,-0.0,-0.8126711845397949,-1.0,-9.0,-6.0,156.0,0.0,0.0,0.0,0.0
2570874.097,156.0,2.0,2.0,-0.3799999952316284,-0.0,-0.09077062457799911,0.0,0.0,-3.0,156.0,0.0,0.0,0.0,0.0
2570885.126,156.0,2.0,2.0,-0.3799999952316284,-0.0,-0.07715503126382828,0.0,0.0,-3.0,156.0,0.0,0.0,0.0,0.0
2570895.126,156.0,2.0,2.0,-0.3799999952316284,-0.0,-0.065581776201725,0.0,0.0,-4.0,156.0,0.0,0.0,0.0,0.0
2570905.127,156.0,2.0,2.0,-0.3799999952316284,-0.0,-0.055744510143995285,0.0,0.0,-4.0,156.0,0.0,0.0,0.0,0.0
2570915.128,156.0,2.0,2.0,-0.3799999952316284,-0.0,-0.04738283529877663,0.0,0.0,-6.0,156.0,0.0,0.0,0.0,0.0
2570926.126,156.0,-1.0,-1.0,0.1899999976158142,0.0,0.8657657504081726,1.0,9.0,-3.0,156.0,0.0,0.0,0.0,0.0
2570936.127,156.0,2.0,2.0,-0.3799999952316284,-0.0,-0.16409894824028015,0.0,0.0,-5.0,156.0,0.0,0.0,0.0,0.0
2570946.127,156.0,2.0,2.0,-0.3799999952316284,-0.0,-0.13948410749435425,0.0,0.0,-5.0,156.0,0.0,0.0,0.0,0.0
2570957.126,156.0,2.0,2.0,-0.3799999952316284,-0.0,-0.11856149137020111,0.0,0.0,-5.0,156.0,0.0,0.0,0.0,0.0
2570967.128,156.0,3.0,3.0,-0.5699999928474426,-0.0,-0.4007772207260132,0.0,0.0,-4.0,156.0,0.0,0.0,0.0,0.0
2570978.125,156.0,2.0,2.0,-0.3799999952316284,-0.0,-0.04066069424152374,0.0,0.0,-6.0,156.0,0.0,0.0,0.0,0.0
2570988.126,156.0,2.0,2.0,-0.3799999952316284,-0.0,-0.03456158936023712,0.0,0.0,-6.0,156.0,0.0,0.0,0.0,0.0
2570999.126,156.0,1.0,1.0,-0.1899999976158142,-0.0,0.2706226110458374,0.0,0.0,-5.0,156.0,0.0,0.0,0.0,0.0
2571009.126,156.0,0.0,0.0,0.0,0.0,0.5300291776657104,0.0,0.0,-5.0,156.0,0.0,0.0,0.0,0.0
2571019.469,156.0,1.0,1.0,-0.1899999976158142,-0.0,0.15052485466003418,0.0,0.0,-6.0,156.0,0.0,0.0,0.0,0.0
2571029.469,156.0,1.0,1.0,-0.1899999976158142,-0.0,0.12794612348079681,0.0,0.0,-4.0,156.0,0.0,0.0,0.0,0.0
2571039.469,156.0,4.0,4.0,-0.7599999904632568,-0.0,-0.7912456393241882,-1.0,-9.0,-4.0,156.0,0.0,0.0,0.0,0.0
2571050.126,156.0,1.0,1.0,-0.1899999976158142,-0.0,0.22744104266166687,0.0,0.0,-4.0,156.0,0.0,0.0,0.0,0.0
2571060.127,156.0,1.0,1.0,-0.1899999976158142,-0.0,0.19332489371299744,0.0,0.0,-5.0,156.0,0.0,0.0,0.0,0.0
2571070.945,156.0,2.0,2.0,-0.3799999952316284,-0.0,-0.13567379117012024,0.0,0.0,-7.0,156.0,0.0,0.0,0.0,0.0
2571081.125,156.0,3.0,3.0,-0.5699999928474426,-0.0,-0.4153226912021637,0.0,0.0,-3.0,156.0,0.0,0.0,0.0,0.0
2571092.13,156.0,2.0,2.0,-0.3799999952316284,-0.0,-0.05302434414625168,0.0,0.0,-6.0,156.0,0.0,0.0,0.0,0.0
2571102.873,156.0,1.0,1.0,-0.1899999976158142,-0.0,0.25492924451828003,0.0,0.0,-5.0,156.0,0.0,0.0,0.0,0.0
2571112.874,156.0,1.0,1.0,-0.1899999976158142,-0.0,0.21668986976146698,0.0,0.0,-2.0,156.0,0.0,0.0,0.0,0.0
2571123.125,156.0,2.0,2.0,-0.3799999952316284,-0.0,-0.11581356078386307,0.0,0.0,-8.0,156.0,0.0,0.0,0.0,0.0
2571134.125,156.0,1.0,1.0,-0.1899999976158142,-0.0,0.2015584260225296,0.0,0.0,-3.0,156.0,0.0,0.0,0.0,0.0
2571144.125,156.0,0.0,0.0,0.0,0.0,0.471324622631073,0.0,0.0,-3.0,156.0,0.0,0.0,0.0,0.0
2571154.935,156.0,3.0,3.0,-0.5699999928474426,-0.0,-0.4993739128112793,-1.0,-9.0,-6.0,156.0,0.0,0.0,0.0,0.0
2571164.935,156.0,2.0,2.0,-0.3799999952316284,-0.0,-0.1244678869843483,0.0,0.0,-4.0,156.0,0.0,0.0,0.0,0.0
2571175.125,156.0,2.0,2.0,-0.3799999952316284,-0.0,-0.10579770803451538,0.0,0.0,-4.0,156.0,0.0,0.0,0.0,0.0
2571185.746,156.0,3.0,3.0,-0.5699999928474426,-0.0,-0.38992801308631897,0.0,0.0,-4.0,156.0,0.0,0.0,0.0,0.0
2571196.125,156.0,2.0,2.0,-0.3799999952316284,-0.0,-0.03143886849284172,0.0,0.0,0.0,156.0,0.0,0.0,0.0,0.0
2571206.126,156.0,2.0,2.0,-0.3799999952316284,-0.0,-0.026723038405179977,0.0,0.0,0.0,156.0,0.0,0.0,0.0,0.0
2571217.126,156.0,0.0,0.0,0.0,0.0,0.5772853493690491,0.0,0.0,-4.0,156.0,0.0,0.0,0.0,0.0
2571227.997,156.0,1.0,1.0,-0.1899999976158142,-0.0,0.16208872199058533,0.0,0.0,-8.0,156.0,0.0,0.0,0.0,0.0
2571238.125,156.0,5.0,5.0,-0.949999988079071,-0.0,-1.0622243881225586,-2.0,-11.0,-4.0,156.0,0.0,0.0,0.0,0.0
2571249.125,156.0,-1.0,-1.0,0.1899999976158142,0.0,0.8971089720726013,1.0,9.0,-5.0,156.0,0.0,0.0,0.0,0.0
2571259.46,156.0,4.0,4.0,-0.7599999904632568,-0.0,-0.7374570965766907,-1.0,-9.0,-6.0,156.0,0.0,0.0,0.0,0.0
2571269.46,156.0,3.0,3.0,-0.5699999928474426,-0.0,-0.32683858275413513,0.0,0.0,-6.0,156.0,0.0,0.0,0.0,0.0
2571280.125,156.0,4.0,4.0,-0.7599999904632568,-0.0,-0.5778127312660217,-1.0,-9.0,-4.0,156.0,0.0,0.0,0.0,0.0
2571290.126,156.0,3.0,3.0,-0.5699999928474426,-0.0,-0.19114089012145996,0.0,0.0,-4.0,156.0,0.0,0.0,0.0,0.0
2571300.953,156.0,3.0,3.0,-0.5699999928474426,-0.0,-0.1624697595834732,0.0,0.0,-4.0,156.0,0.0,0.0,0.0,0.0
2571310.989,156.0,2.0,2.0,-0.3799999952316284,-0.0,0.16190065443515778,0.0,0.0,-5.0,156.0,0.0,0.0,0.0,0.0
2571321.125,156.0,0.0,0.0,0.0,0.0,0.7376154661178589,0.0,0.0,-1.0,156.0,0.0,0.0,0.0,0.0
2571331.784,156.0,0.0,0.0,0.0,0.0,0.6269731521606445,0.0,0.0,-1.0,156.0,0.0,0.0,0.0,0.0
2571341.784,156.0,2.0,2.0,-0.3799999952316284,-0.0,-0.06707271188497543,0.0,0.0,-3.0,156.0,0.0,0.0,0.0,0.0
2571351.785,156.0,1.0,1.0,-0.1899999976158142,-0.0,0.24298813939094543,0.0,0.0,-5.0,156.0,0.0,0.0,0.0,0.0
2571361.786,156.0,1.0,1.0,-0.1899999976158142,-0.0,0.20653992891311646,0.0,0.0,-6.0,156.0,0.0,0.0,0.0,0.0
2571371.787,156.0,3.0,3.0,-0.5699999928474426,-0.0,-0.4244409501552582,0.0,0.0,-6.0,156.0,0.0,0.0,0.0,0.0
2571382.125,156.0,2.0,2.0,-0.3799999952316284,-0.0,-0.06077486649155617,0.0,0.0,-4.0,156.0,0.0,0.0,0.0,0.0
2571392.784,156.0,1.0,1.0,-0.1899999976158142,-0.0,0.24834130704402924,0.0,0.0,-5.0,156.0,0.0,0.0,0.0,0.0
2571402.785,156.0,5.0,5.0,-0.949999988079071,-0.0,-0.9889097213745117,-1.0,-9.0,-5.0,156.0,0.0,0.0,0.0,0.0
2571413.126,156.0,2.0,2.0,-0.3799999952316284,-0.0,0.05942656844854355,0.0,0.0,-3.0,156.0,0.0,0.0,0.0,0.0
2571424.126,156.0,2.0,2.0,-0.3799999952316284,-0.0,0.050512585788965225,0.0,0.0,-3.0,156.0,0.0,0.0,0.0,0.0
2571434.127,156.0,1.0,1.0,-0.1899999976158142,-0.0,0.3429356515407562,0.0,0.0,-5.0,156.0,0.0,0.0,0.0,0.0
2571445.125,156.0,2.0,2.0,-0.3799999952316284,-0.0,-0.008504640311002731,0.0,0.0,-8.0,156.0,0.0,0.0,0.0,0.0
2571456.125,156.0,-1.0,-1.0,0.1899999976158142,0.0,0.8927708864212036,1.0,9.0,-3.0,156.0,0.0,0.0,0.0,0.0
2571466.126,156.0,-1.0,-1.0,0.1899999976158142,0.0,0.7588552832603455,0.0,0.0,-3.0,156.0,0.0,0.0,0.0,0.0
2571477.098,156.0,5.0,5.0,-0.949999988079071,-0.0,-1.1549726724624634,-2.0,-11.0,-3.0,156.0,0.0,0.0,0.0,0.0
2571488.135,156.0,1.0,1.0,-0.1899999976158142,-0.0,0.21827301383018494,0.0,0.0,-2.0,156.0,0.0,0.0,0.0,0.0
2571498.135,156.0,4.0,4.0,-0.7599999904632568,-0.0,-0.7144677639007568,-1.0,-9.0,-4.0,156.0,0.0,0.0,0.0,0.0
2571508.593,156.0,1.0,1.0,-0.1899999976158142,-0.0,0.29270222783088684,0.0,0.0,-2.0,156.0,0.0,0.0,0.0,0.0
2571519.126,156.0,3.0,3.0,-0.5699999928474426,-0.0,-0.35120299458503723,0.0,0.0,-6.0,156.0,0.0,0.0,0.0,0.0
2571529.984,156.0,4.0,4.0,-0.7599999904632568,-0.0,-0.688744068145752,-1.0,-9.0,-6.0,156.0,0.0,0.0,0.0,0.0
2571540.125,156.0,-3.0,-3.0,0.5699999928474426,0.0,1.5145671367645264,2.0,11.0,-3.0,156.0,0.0,0.0,0.0,0.0
2571550.125,156.0,3.0,3.0,-0.5699999928474426,-0.0,-0.5126175880432129,-1.0,-9.0,1.0,156.0,0.0,0.0,0.0,0.0
2571560.295,156.0,2.0,2.0,-0.3799999952316284,-0.0,-0.1357250064611435,0.0,0.0,-6.0,156.0,0.0,0.0,0.0,0.0
2571571.11,156.0,4.0,4.0,-0.7599999904632568,-0.0,-0.7153661847114563,-1.0,-9.0,-1.0,156.0,0.0,0.0,0.0,0.0
2571581.629,156.0,0.0,0.0,0.0,0.0,0.5919385552406311,0.0,0.0,-3.0,156.0,0.0,0.0,0.0,0.0
2571592.125,156.0,0.0,0.0,0.0,0.0,0.5031477808952332,0.0,0.0,-6.0,156.0,0.0,0.0,0.0,0.0
2571603.125,156.0,-2.0,-2.0,0.3799999952316284,0.0,1.0276755094528198,1.0,9.0,-7.0,156.0,0.0,0.0,0.0,0.0
2571614.125,156.0,5.0,5.0,-0.949999988079071,-0.0,-1.226475477218628,-2.0,-11.0,-6.0,156.0,0.0,0.0,0.0,0.0
2571625.125,156.0,3.0,3.0,-0.5699999928474426,-0.0,-0.44250428676605225,-1.0,-9.0,-5.0,156.0,0.0,0.0,0.0,0.0
2571636.126,156.0,5.0,5.0,-0.949999988079071,-0.0,-0.9761285781860352,-1.0,-9.0,-5.0,156.0,0.0,0.0,0.0,0.0
2571646.127,156.0,4.0,4.0,-0.7599999904632568,-0.0,-0.5297093391418457,-1.0,-9.0,-4.0,156.0,0.0,0.0,0.0,0.0
2571657.126,156.0,2.0,2.0,-0.3799999952316284,-0.0,0.14974695444107056,0.0,0.0,-4.0,156.0,0.0,0.0,0.0,0.0
2571667.126,156.0,4.0,4.0,-0.7599999904632568,-0.0,-0.47271499037742615,-1.0,-9.0,-6.0,156.0,0.0,0.0,0.0,0.0
2571677.127,156.0,1.0,1.0,-0.1899999976158142,-0.0,0.49819210171699524,0.0,0.0,-3.0,156.0,0.0,0.0,0.0,0.0
2571688.125,156.0,-1.0,-1.0,0.1899999976158142,0.0,1.023463249206543,1.0,9.0,-4.0,156.0,0.0,0.0,0.0,0.0
2571698.126,156.0,6.0,6.0,-1.1399999856948853,-0.0,-1.2300559282302856,-2.0,-11.0,-5.0,156.0,0.0,0.0,0.0,0.0
2571708.127,156.0,4.0,4.0,-0.7599999904632568,-0.0,-0.4455476701259613,-1.0,-9.0,-5.0,156.0,0.0,0.0,0.0,0.0
2571718.128,156.0,4.0,4.0,-0.7599999904632568,-0.0,-0.37871554493904114,-1.0,-9.0,-6.0,156.0,0.0,0.0,0.0,0.0
2571728.129,156.0,0.0,0.0,0.0,0.0,0.87809157371521,0.0,0.0,-6.0,156.0,0.0,0.0,0.0,0.0
2571738.129,156.0,-1.0,-1.0,0.1899999976158142,0.0,1.0463777780532837,1.0,9.0,-3.0,156.0,0.0,0.0,0.0,0.0
2571749.126,156.0,2.0,2.0,-0.3799999952316284,-0.0,-0.010578720830380917,0.0,0.0,-2.0,156.0,0.0,0.0,0.0,0.0
2571760.126,156.0,0.0,0.0,0.0,0.0,0.5910080075263977,0.0,0.0,-4.0,156.0,0.0,0.0,0.0,0.0
2571770.126,156.0,1.0,1.0,-0.1899999976158142,-0.0,0.20235687494277954,0.0,0.0,-4.0,156.0,0.0,0.0,0.0,0.0
2571781.125,156.0,1.0,1.0,-0.1899999976158142,-0.0,0.1720033437013626,0.0,0.0,-4.0,156.0,0.0,0.0,0.0,0.0
2571791.767,156.0,2.0,2.0,-0.3799999952316284,-0.0,-0.22072753310203552,0.0,0.0,-3.0,156.0,0.0,0.0,0.0,0.0
2571801.767,156.0,2.0,2.0,-0.3799999952316284,-0.0,-0.22072753310203552,0.0,0.0,-5.0,156.0,0.0,0.0,0.0,0.0
2571812.041,156.0,3.0,3.0,-0.5699999928474426,-0.0,-0.4594756066799164,-1.0,-9.0,-5.0,156.0,0.0,0.0,0.0,0.0
2571822.042,156.0,3.0,3.0,-0.5699999928474426,-0.0,-0.390554279088974,0.0,0.0,-5.0,156.0,0.0,0.0,0.0,0.0
2571832.043,156.0,2.0,3.0,-0.5699999928474426,-0.0,-0.390554279088974,0.0,0.0,-2.0,156.0,0.0,0.0,0.0,0.0
2571842.044,156.0,2.0,2.0,-0.3799999952316284,-0.0,-0.031971193850040436,0.0,0.0,-2.0,156.0,0.0,0.0,0.0,0.0
2571852.225,156.0,-1.0,-1.0,0.1899999976158142,0.0,0.8319006562232971,1.0,9.0,-5.0,156.0,0.0,0.0,0.0,0.0
2571862.226,156.0,1.0,-1.0,0.1899999976158142,0.0,0.8319006562232971,1.0,9.0,-3.0,156.0,0.0,0.0,0.0,0.0
2571872.822,156.0,4.0,4.0,-0.7599999904632568,-0.0,-0.8089515566825867,-1.0,-9.0,-4.0,156.0,0.0,0.0,0.0,0.0
2571882.823,156.0,5.0,5.0,-0.949999988079071,-0.0,-0.987608790397644,-1.0,-9.0,-6.0,156.0,0.0,0.0,0.0,0.0
2571893.041,156.0,4.0,4.0,-0.7599999904632568,-0.0,-0.5394675135612488,-1.0,-9.0,-3.0,156.0,0.0,0.0,0.0,0.0
2571903.041,156.0,1.0,1.0,-0.1899999976158142,-0.0,0.4414524435997009,0.0,0.0,-4.0,156.0,0.0,0.0,0.0,0.0
2571914.125,156.0,4.0,4.0,-0.7599999904632568,-0.0,-0.5247652530670166,-1.0,-9.0,-4.0,156.0,0.0,0.0,0.0,0.0
2571924.615,156.0,4.0,4.0,-0.7599999904632568,-0.0,-0.4460504651069641,-1.0,-9.0,-4.0,156.0,0.0,0.0,0.0,0.0
2571934.615,156.0,2.0,2.0,-0.3799999952316284,-0.0,0.22085699439048767,0.0,0.0,-3.0,156.0,0.0,0.0,0.0,0.0
2571944.615,156.0,3.0,3.0,-0.5699999928474426,-0.0,-0.1122715026140213,0.0,0.0,-6.0,156.0,0.0,0.0,0.0,0.0
2571954.615,156.0,3.0,3.0,-0.5699999928474426,-0.0,-0.09543077647686005,0.0,0.0,-4.0,156.0,0.0,0.0,0.0,0.0
2571964.616,156.0,0.0,0.0,0.0,0.0,0.8188837170600891,0.0,0.0,-3.0,156.0,0.0,0.0,0.0,0.0
2571974.616,156.0,3.0,3.0,-0.5699999928474426,-0.0,-0.20394867658615112,0.0,0.0,-6.0,156.0,0.0,0.0,0.0,0.0
2571985.125,156.0,2.0,2.0,-0.3799999952316284,-0.0,0.126643568277359,0.0,0.0,-5.0,156.0,0.0,0.0,0.0,0.0
2571996.125,156.0,0.0,0.0,0.0,0.0,0.7076469659805298,0.0,0.0,-4.0,156.0,0.0,0.0,0.0,0.0
2572006.155,156.0,4.0,4.0,-0.7599999904632568,-0.0,-0.5984998941421509,-1.0,-9.0,-5.0,156.0,0.0,0.0,0.0,0.0
2572017.125,156.0,4.0,4.0,-0.7599999904632568,-0.0,-0.5087249279022217,-1.0,-9.0,-2.0,156.0,0.0,0.0,0.0,0.0
2572027.125,156.0,4.0,4.0,-0.7599999904632568,-0.0,-0.4324162006378174,-1.0,-9.0,-5.0,156.0,0.0,0.0,0.0,0.0
2572038.125,156.0,2.0,2.0,-0.3799999952316284,-0.0,0.2324461191892624,0.0,0.0,-1.0,156.0,0.0,0.0,0.0,0.0
2572048.948,156.0,2.0,2.0,-0.3799999952316284,-0.0,0.19757920503616333,0.0,0.0,-3.0,156.0,0.0,0.0,0.0,0.0
2572058.949,156.0,2.0,2.0,-0.3799999952316284,-0.0,0.1679423302412033,0.0,0.0,-7.0,156.0,0.0,0.0,0.0,0.0
2572068.95,156.0,4.0,4.0,-0.7599999904632568,-0.0,-0.4572489261627197,-1.0,-9.0,-7.0,156.0,0.0,0.0,0.0,0.0
2572078.95,156.0,3.0,3.0,-0.5699999928474426,-0.0,-0.08866164833307266,0.0,0.0,-4.0,156.0,0.0,0.0,0.0,0.0
2572089.126,156.0,4.0,4.0,-0.7599999904632568,-0.0,-0.375362366437912,-1.0,-9.0,-3.0,156.0,0.0,0.0,0.0,0.0
2572100.141,156.0,4.0,4.0,-0.7599999904632568,-0.0,-0.31905803084373474,-1.0,-9.0,-3.0,156.0,0.0,0.0,0.0,0.0
2572110.141,156.0,1.0,1.0,-0.1899999976158142,-0.0,0.6288005113601685,0.0,0.0,-6.0,156.0,0.0,0.0,0.0,0.0
2572120.142,156.0,2.0,2.0,-0.3799999952316284,-0.0,0.23448050022125244,0.0,0.0,-6.0,156.0,0.0,0.0,0.0,0.0
2572131.125,156.0,0.0,0.0,0.0,0.0,0.7993083596229553,0.0,0.0,-3.0,156.0,0.0,0.0,0.0,0.0
2572142.098,156.0,1.0,1.0,-0.1899999976158142,-0.0,0.3794121742248535,0.0,0.0,-4.0,156.0,0.0,0.0,0.0,0.0
2572152.099,156.0,1.0,1.0,-0.1899999976158142,-0.0,0.3225003480911255,0.0,0.0,-6.0,156.0,0.0,0.0,0.0,0.0
2572162.1,156.0,1.0,1.0,-0.1899999976158142,-0.0,0.2741253077983856,0.0,0.0,-7.0,156.0,0.0,0.0,0.0,0.0
2572172.101,156.0,0.0,0.0,0.0,0.0,0.533006489276886,0.0,0.0,-3.0,156.0,0.0,0.0,0.0,0.0
2572183.122,156.0,3.0,3.0,-0.5699999928474426,-0.0,-0.44694432616233826,-1.0,-9.0,-4.0,156.0,0.0,0.0,0.0,0.0
2572193.123,156.0,3.0,3.0,-0.5699999928474426,-0.0,-0.3799026906490326,0.0,0.0,-4.0,156.0,0.0,0.0,0.0,0.0
2572203.123,156.0,1.0,1.0,-0.1899999976158142,-0.0,0.277082622051239,0.0,0.0,-4.0,156.0,0.0,0.0,0.0,0.0
2572213.123,156.0,3.0,3.0,-0.5699999928474426,-0.0,-0.364479660987854,0.0,0.0,-6.0,156.0,0.0,0.0,0.0,0.0
2572224.125,156.0,-1.0,-1.0,0.1899999976158142,0.0,0.8901920914649963,1.0,9.0,-6.0,156.0,0.0,0.0,0.0,0.0
2572235.127,156.0,3.0,3.0,-0.5699999928474426,-0.0,-0.556835949420929,-1.0,-9.0,-6.0,156.0,0.0,0.0,0.0,0.0
2572245.127,156.0,3.0,3.0,-0.5699999928474426,-0.0,-0.47331055998802185,-1.0,-9.0,-4.0,156.0,0.0,0.0,0.0,0.0
2572256.041,156.0,3.0,3.0,-0.5699999928474426,-0.0,-0.4023139774799347,0.0,0.0,-3.0,156.0,0.0,0.0,0.0,0.0
2572266.209,156.0,3.0,3.0,-0.5699999928474426,-0.0,-0.3419668972492218,0.0,0.0,-3.0,156.0,0.0,0.0,0.0,0.0
2572276.209,156.0,2.0,2.0,-0.3799999952316284,-0.0,0.009328081272542477,0.0,0.0,-4.0,156.0,0.0,0.0,0.0,0.0
2572286.387,156.0,1.0,1.0,-0.1899999976158142,-0.0,0.30792883038520813,0.0,0.0,-6.0,156.0,0.0,0.0,0.0,0.0
2572297.125,156.0,3.0,3.0,-0.5699999928474426,-0.0,-0.33826038241386414,0.0,0.0,-6.0,156.0,0.0,0.0,0.0,0.0
2572308.125,156.0,4.0,4.0,-0.7599999904632568,-0.0,-0.5875213146209717,-1.0,-9.0,-6.0,156.0,0.0,0.0,0.0,0.0
2572318.126,156.0,4.0,4.0,-0.7599999904632568,-0.0,-0.49939313530921936,-1.0,-9.0,-4.0,156.0,0.0,0.0,0.0,0.0
2572328.245,156.0,3.0,3.0,-0.5699999928474426,-0.0,-0.12448422610759735,0.0,0.0,-4.0,156.0,0.0,0.0,0.0,0.0
2572339.126,156.0,4.0,4.0,-0.7599999904632568,-0.0,-0.4058115482330322,-1.0,-9.0,-6.0,156.0,0.0,0.0,0.0,0.0
2572350.125,156.0,2.0,2.0,-0.3799999952316284,-0.0,0.255060076713562,0.0,0.0,-5.0,156.0,0.0,0.0,0.0,0.0
2572360.326,156.0,2.0,2.0,-0.3799999952316284,-0.0,0.21680107712745667,0.0,0.0,-5.0,156.0,0.0,0.0,0.0,0.0
2572370.327,156.0,-1.0,-1.0,0.1899999976158142,0.0,1.0842807292938232,1.0,9.0,-5.0,156.0,0.0,0.0,0.0,0.0
2572381.126,156.0,1.0,1.0,-0.1899999976158142,-0.0,0.32163873314857483,0.0,0.0,-5.0,156.0,0.0,0.0,0.0,0.0
2572392.125,156.0,1.0,1.0,-0.1899999976158142,-0.0,0.2733929455280304,0.0,0.0,-5.0,156.0,0.0,0.0,0.0,0.0
2572402.126,156.0,2.0,2.0,-0.3799999952316284,-0.0,-0.06761594116687775,0.0,0.0,-6.0,156.0,0.0,0.0,0.0,0.0
2572413.125,156.0,-1.0,-1.0,0.1899999976158142,0.0,0.8425263166427612,1.0,9.0,-5.0,156.0,0.0,0.0,0.0,0.0
2572423.126,156.0,1.0,1.0,-0.1899999976158142,-0.0,0.116147480905056,0.0,0.0,-5.0,156.0,0.0,0.0,0.0,0.0
2572433.126,156.0,1.0,1.0,-0.1899999976158142,-0.0,0.09872536361217499,0.0,0.0,-5.0,156.0,0.0,0.0,0.0,0.0
2572444.125,156.0,1.0,1.0,-0.1899999976158142,-0.0,0.0839165598154068,0.0,0.0,-5.0,156.0,0.0,0.0,0.0,0.0
2572455.31,156.0,4.0,4.0,-0.7599999904632568,-0.0,-0.8286707997322083,-1.0,-9.0,-5.0,156.0,0.0,0.0,0.0,0.0
2572465.31,156.0,1.0,1.0,-0.1899999976158142,-0.0,0.19562965631484985,0.0,0.0,-8.0,156.0,0.0,0.0,0.0,0.0
2572475.31,156.0,1.0,1.0,-0.1899999976158142,-0.0,0.1662852168083191,0.0,0.0,-8.0,156.0,0.0,0.0,0.0,0.0
2572485.31,156.0,4.0,4.0,-0.7599999904632568,-0.0,-0.7586573958396912,-1.0,-9.0,-3.0,156.0,0.0,0.0,0.0,0.0
2572495.311,156.0,1.0,1.0,-0.1899999976158142,-0.0,0.2551410496234894,0.0,0.0,-8.0,156.0,0.0,0.0,0.0,0.0
2572506.125,156.0,2.0,2.0,-0.3799999952316284,-0.0,-0.08313005417585373,0.0,0.0,-7.0,156.0,0.0,0.0,0.0,0.0
2572516.125,156.0,3.0,3.0,-0.5699999928474426,-0.0,-0.3706605136394501,0.0,0.0,-4.0,156.0,0.0,0.0,0.0,0.0
2572526.126,156.0,-2.0,-2.0,0.3799999952316284,0.0,1.1849383115768433,1.0,9.0,-6.0,156.0,0.0,0.0,0.0,0.0
2572537.125,156.0,1.0,1.0,-0.1899999976158142,-0.0,0.10719773918390274,0.0,0.0,-3.0,156.0,0.0,0.0,0.0,0.0
2572547.444,156.0,4.0,4.0,-0.7599999904632568,-0.0,-0.8225494623184204,-1.0,-9.0,-5.0,156.0,0.0,0.0,0.0,0.0
2572557.445,156.0,3.0,3.0,-0.5699999928474426,-0.0,-0.39916712045669556,0.0,0.0,-6.0,156.0,0.0,0.0,0.0,0.0
2572567.445,156.0,4.0,4.0,-0.7599999904632568,-0.0,-0.6392920017242432,-1.0,-9.0,-4.0,156.0,0.0,0.0,0.0,0.0
2572577.713,156.0,3.0,3.0,-0.5699999928474426,-0.0,-0.2433982640504837,0.0,0.0,-5.0,156.0,0.0,0.0,0.0,0.0
2572587.713,156.0,4.0,4.0,-0.7599999904632568,-0.0,-0.5068885087966919,-1.0,-9.0,-3.0,156.0,0.0,0.0,0.0,0.0
2572597.713,156.0,3.0,3.0,-0.5699999928474426,-0.0,-0.13085529208183289,0.0,0.0,-6.0,156.0,0.0,0.0,0.0,0.0
2572608.119,156.0,3.0,3.0,-0.5699999928474426,-0.0,-0.11122699826955795,0.0,0.0,-5.0,156.0,0.0,0.0,0.0,0.0
2572618.12,156.0,0.0,0.0,0.0,0.0,0.8054568767547607,0.0,0.0,-2.0,156.0,0.0,0.0,0.0,0.0
2572629.041,156.0,3.0,3.0,-0.5699999928474426,-0.0,-0.21536149084568024,0.0,0.0,-5.0,156.0,0.0,0.0,0.0,0.0
2572639.042,156.0,5.0,5.0,-0.949999988079071,-0.0,-0.7830571532249451,-1.0,-9.0,-3.0,156.0,0.0,0.0,0.0,0.0
2572649.042,156.0,5.0,5.0,-0.949999988079071,-0.0,-0.6655985713005066,-1.0,-9.0,-3.0,156.0,0.0,0.0,0.0,0.0
2572660.125,156.0,3.0,3.0,-0.5699999928474426,-0.0,0.03424110263586044,0.0,0.0,-3.0,156.0,0.0,0.0,0.0,0.0
2572671.126,156.0,3.0,3.0,-0.5699999928474426,-0.0,0.029104938730597496,0.0,0.0,-7.0,156.0,0.0,0.0,0.0,0.0
2572681.127,156.0,3.0,3.0,-0.5699999928474426,-0.0,0.02473919838666916,0.0,0.0,-7.0,156.0,0.0,0.0,0.0,0.0
2572691.127,156.0,3.0,3.0,-0.5699999928474426,-0.0,0.021028319373726845,0.0,0.0,-3.0,156.0,0.0,0.0,0.0,0.0
2572701.128,156.0,3.0,3.0,-0.5699999928474426,-0.0,0.01787407137453556,0.0,0.0,-6.0,156.0,0.0,0.0,0.0,0.0
2572711.129,156.0,4.0,4.0,-0.7599999904632568,-0.0,-0.2848069965839386,-1.0,-9.0,-4.0,156.0,0.0,0.0,0.0,0.0
2572721.13,156.0,0.0,0.0,0.0,0.0,0.957913875579834,0.0,0.0,-6.0,156.0,0.0,0.0,0.0,0.0
2572731.426,156.0,0.0,0.0,0.0,0.0,0.8142268061637878,0.0,0.0,-6.0,156.0,0.0,0.0,0.0,0.0
2572741.426,156.0,4.0,4.0,-0.7599999904632568,-0.0,-0.5079070329666138,-1.0,-9.0,-3.0,156.0,0.0,0.0,0.0,0.0
2572751.427,156.0,4.0,4.0,-0.7599999904632568,-0.0,-0.4317210018634796,-1.0,-9.0,-6.0,156.0,0.0,0.0,0.0,0.0
2572761.428,156.0,1.0,1.0,-0.1899999976158142,-0.0,0.533037006855011,0.0,0.0,-3.0,156.0,0.0,0.0,0.0,0.0
2572771.429,156.0,2.0,2.0,-0.3799999952316284,-0.0,0.1530815213918686,0.0,0.0,-5.0,156.0,0.0,0.0,0.0,0.0
2572782.004,156.0,4.0,4.0,-0.7599999904632568,-0.0,-0.469880610704422,-1.0,-9.0,-7.0,156.0,0.0,0.0,0.0,0.0
2572792.125,156.0,1.0,1.0,-0.1899999976158142,-0.0,0.5006013512611389,0.0,0.0,0.0,156.0,0.0,0.0,0.0,0.0
2572802.125,156.0,1.0,1.0,-0.1899999976158142,-0.0,0.4255111515522003,0.0,0.0,-3.0,156.0,0.0,0.0,0.0,0.0
2572812.125,156.0,4.0,4.0,-0.7599999904632568,-0.0,-0.5383153557777405,-1.0,-9.0,-7.0,156.0,0.0,0.0,0.0,0.0
2572822.125,156.0,4.0,4.0,-0.7599999904632568,-0.0,-0.45756807923316956,-1.0,-9.0,-7.0,156.0,0.0,0.0,0.0,0.0
2572833.125,156.0,3.0,3.0,-0.5699999928474426,-0.0,-0.08893292397260666,0.0,0.0,-6.0,156.0,0.0,0.0,0.0,0.0
2572844.125,156.0,-2.0,-2.0,0.3799999952316284,0.0,1.4244067668914795,1.0,9.0,-5.0,156.0,0.0,0.0,0.0,0.0
2572855.125,156.0,3.0,3.0,-0.5699999928474426,-0.0,-0.28925397992134094,0.0,0.0,-6.0,156.0,0.0,0.0,0.0,0.0
2572866.316,156.0,4.0,4.0,-0.7599999904632568,-0.0,-0.5458658337593079,-1.0,-9.0,-5.0,156.0,0.0,0.0,0.0,0.0
2572876.317,156.0,3.0,3.0,-0.5699999928474426,-0.0,-0.16398601233959198,0.0,0.0,-3.0,156.0,0.0,0.0,0.0,0.0
2572886.318,156.0,5.0,5.0,-0.949999988079071,-0.0,-0.7393880486488342,-1.0,-9.0,-4.0,156.0,0.0,0.0,0.0,0.0
2572897.125,156.0,1.0,1.0,-0.1899999976158142,-0.0,0.5715199708938599,0.0,0.0,-3.0,156.0,0.0,0.0,0.0,0.0
2572907.125,156.0,3.0,3.0,-0.5699999928474426,-0.0,-0.1142079159617424,0.0,0.0,-3.0,156.0,0.0,0.0,0.0,0.0
2572918.125,156.0,0.0,0.0,0.0,0.0,0.8029231429100037,0.0,0.0,-7.0,156.0,0.0,0.0,0.0,0.0
2572928.126,156.0,1.0,1.0,-0.1899999976158142,-0.0,0.3824847340583801,0.0,0.0,-4.0,156.0,0.0,0.0,0.0,0.0
2572939.125,156.0,1.0,1.0,-0.1899999976158142,-0.0,0.3251120448112488,0.0,0.0,-4.0,156.0,0.0,0.0,0.0,0.0
2572949.125,156.0,4.0,4.0,-0.7599999904632568,-0.0,-0.6236546039581299,-1.0,-9.0,-6.0,156.0,0.0,0.0,0.0,0.0
2572959.656,156.0,3.0,3.0,-0.5699999928474426,-0.0,-0.23010647296905518,0.0,0.0,-2.0,156.0,0.0,0.0,0.0,0.0
2572969.656,156.0,1.0,1.0,-0.1899999976158142,-0.0,0.40440940856933594,0.0,0.0,-6.0,156.0,0.0,0.0,0.0,0.0
2572979.657,156.0,2.0,2.0,-0.3799999952316284,-0.0,0.04374805465340614,0.0,0.0,-4.0,156.0,0.0,0.0,0.0,0.0
2572989.658,156.0,1.0,1.0,-0.1899999976158142,-0.0,0.337185800075531,0.0,0.0,-6.0,156.0,0.0,0.0,0.0,0.0
2572999.658,156.0,1.0,1.0,-0.1899999976158142,-0.0,0.286607950925827,0.0,0.0,-5.0,156.0,0.0,0.0,0.0,0.0
2573009.659,156.0,1.0,1.0,-0.1899999976158142,-0.0,0.2436167597770691,0.0,0.0,-8.0,156.0,0.0,0.0,0.0,0.0
2573020.125,156.0,2.0,2.0,-0.3799999952316284,-0.0,-0.09292569756507874,0.0,0.0,-5.0,156.0,0.0,0.0,0.0,0.0
2573031.301,156.0,3.0,3.0,-0.5699999928474426,-0.0,-0.32213878631591797,0.0,0.0,-5.0,156.0,0.0,0.0,0.0,0.0
2573041.302,156.0,4.0,4.0,-0.7599999904632568,-0.0,-0.5738179087638855,-1.0,-9.0,-3.0,156.0,0.0,0.0,0.0,0.0
2573052.125,156.0,-1.0,-1.0,0.1899999976158142,0.0,1.0122544765472412,1.0,9.0,-8.0,156.0,0.0,0.0,0.0,0.0
2573062.126,156.0,-1.0,-1.0,0.1899999976158142,0.0,0.8604163527488708,1.0,9.0,-8.0,156.0,0.0,0.0,0.0,0.0
2573072.126,156.0,4.0,4.0,-0.7599999904632568,-0.0,-0.7686458230018616,-1.0,-9.0,-5.0,156.0,0.0,0.0,0.0,0.0
2573083.125,156.0,1.0,1.0,-0.1899999976158142,-0.0,0.24665088951587677,0.0,0.0,-5.0,156.0,0.0,0.0,0.0,0.0
2573094.02,156.0,1.0,1.0,-0.1899999976158142,-0.0,0.20965325832366943,0.0,0.0,-4.0,156.0,0.0,0.0,0.0,0.0
2573104.021,156.0,2.0,2.0,-0.3799999952316284,-0.0,-0.1217946782708168,0.0,0.0,-4.0,156.0,0.0,0.0,0.0,0.0
2573114.126,156.0,1.0,1.0,-0.1899999976158142,-0.0,0.19647447764873505,0.0,0.0,-5.0,156.0,0.0,0.0,0.0,0.0
2573125.126,156.0,2.0,2.0,-0.3799999952316284,-0.0,-0.13299664855003357,0.0,0.0,-5.0,156.0,0.0,0.0,0.0,0.0
2573136.126,156.0,3.0,3.0,-0.5699999928474426,-0.0,-0.41304710507392883,0.0,0.0,-4.0,156.0,0.0,0.0,0.0,0.0
2573147.125,156.0,3.0,3.0,-0.5699999928474426,-0.0,-0.35109004378318787,0.0,0.0,-2.0,156.0,0.0,0.0,0.0,0.0
2573157.125,156.0,3.0,3.0,-0.5699999928474426,-0.0,-0.2984265387058258,0.0,0.0,-5.0,156.0,0.0,0.0,0.0,0.0
2573167.126,156.0,4.0,4.0,-0.7599999904632568,-0.0,-0.5536625385284424,-1.0,-9.0,-3.0,156.0,0.0,0.0,0.0,0.0
2573177.126,156.0,-1.0,-1.0,0.1899999976158142,0.0,1.0293866395950317,1.0,9.0,-6.0,156.0,0.0,0.0,0.0,0.0
2573188.126,156.0,3.0,3.0,-0.5699999928474426,-0.0,-0.3250211477279663,0.0,0.0,-5.0,156.0,0.0,0.0,0.0,0.0
2573198.155,156.0,2.0,2.0,-0.3799999952316284,-0.0,0.02373196929693222,0.0,0.0,-4.0,156.0,0.0,0.0,0.0,0.0
2573208.155,156.0,3.0,3.0,-0.5699999928474426,-0.0,-0.2798277735710144,0.0,0.0,-5.0,156.0,0.0,0.0,0.0,0.0
2573218.155,156.0,3.0,3.0,-0.5699999928474426,-0.0,-0.23785361647605896,0.0,0.0,-5.0,156.0,0.0,0.0,0.0,0.0
2573228.156,156.0,1.0,1.0,-0.1899999976158142,-0.0,0.39782431721687317,0.0,0.0,-4.0,156.0,0.0,0.0,0.0,0.0
2573239.125,156.0,4.0,4.0,-0.7599999904632568,-0.0,-0.5618491768836975,-1.0,-9.0,-4.0,156.0,0.0,0.0,0.0,0.0
2573250.125,156.0,-1.0,-1.0,0.1899999976158142,0.0,1.0224279165267944,1.0,9.0,-3.0,156.0,0.0,0.0,0.0,0.0
2573261.126,156.0,0.0,0.0,0.0,0.0,0.5690637826919556,0.0,0.0,-4.0,156.0,0.0,0.0,0.0,0.0
2573271.631,156.0,2.0,2.0,-0.3799999952316284,-0.0,-0.11629567295312881,0.0,0.0,-4.0,156.0,0.0,0.0,0.0,0.0
2573281.631,156.0,1.0,1.0,-0.1899999976158142,-0.0,0.2011486291885376,0.0,0.0,-3.0,156.0,0.0,0.0,0.0,0.0
2573292.125,156.0,2.0,2.0,-0.3799999952316284,-0.0,-0.12902361154556274,0.0,0.0,-3.0,156.0,0.0,0.0,0.0,0.0
2573302.125,156.0,2.0,2.0,-0.3799999952316284,-0.0,-0.10967007279396057,0.0,0.0,-6.0,156.0,0.0,0.0,0.0,0.0
2573313.125,156.0,-2.0,-2.0,0.3799999952316284,0.0,1.2107630968093872,1.0,9.0,-4.0,156.0,0.0,0.0,0.0,0.0
2573323.126,156.0,1.0,1.0,-0.1899999976158142,-0.0,0.12914881110191345,0.0,0.0,-3.0,156.0,0.0,0.0,0.0,0.0
2573334.125,156.0,0.0,0.0,0.0,0.0,0.4097764492034912,0.0,0.0,-3.0,156.0,0.0,0.0,0.0,0.0
2573345.125,156.0,5.0,5.0,-0.949999988079071,-0.0,-1.1516897678375244,-2.0,-11.0,-3.0,156.0,0.0,0.0,0.0,0.0
2573356.125,156.0,2.0,2.0,-0.3799999952316284,-0.0,-0.07893647253513336,0.0,0.0,-5.0,156.0,0.0,0.0,0.0,0.0
2573367.126,156.0,0.0,0.0,0.0,0.0,0.5329039096832275,0.0,0.0,-5.0,156.0,0.0,0.0,0.0,0.0
2573378.125,156.0,-1.0,-1.0,0.1899999976158142,0.0,0.7529683113098145,0.0,0.0,-6.0,156.0,0.0,0.0,0.0,0.0
2573388.126,156.0,6.0,6.0,-1.1399999856948853,-0.0,-1.4599765539169312,-2.0,-11.0,-6.0,156.0,0.0,0.0,0.0,0.0
2573398.127,156.0,3.0,3.0,-0.5699999928474426,-0.0,-0.34098026156425476,0.0,0.0,-4.0,0.0,0.0,0.0,0.0,0.0
2573408.127,156.0,3.0,3.0,-0.5699999928474426,-0.0,-0.34098026156425476,0.0,0.0,-4.0,0.0,0.0,0.0,0.0,0.0
2573418.127,156.0,3.0,3.0,-0.5699999928474426,-0.0,-0.34098026156425476,0.0,0.0,-4.0,0.0,0.0,0.0,0.0,0.0
2573428.128,156.0,3.0,3.0,-0.5699999928474426,-0.0,-0.34098026156425476,0.0,0.0,-4.0,0.0,0.0,0.0,0.0,0.0
2573438.129,156.0,3.0,3.0,-0.5699999928474426,-0.0,-0.34098026156425476,0.0,0.0,-4.0,0.0,0.0,0.0,0.0,0.0
2573449.126,156.0,3.0,3.0,-0.5699999928474426,-0.0,-0.34098026156425476,0.0,0.0,-4.0,0.0,0.0,0.0,0.0,0.0
2573459.126,156.0,3.0,3.0,-0.5699999928474426,-0.0,-0.34098026156425476,0.0,0.0,-4.0,0.0,0.0,0.0,0.0,0.0
2573469.126,156.0,3.0,3.0,-0.5699999928474426,-0.0,-0.34098026156425476,0.0,0.0,-4.0,0.0,0.0,0.0,0.0,0.0
2573480.126,156.0,3.0,3.0,-0.5699999928474426,-0.0,-0.34098026156425476,0.0,0.0,-4.0,0.0,0.0,0.0,0.0,0.0
2573491.126,156.0,3.0,3.0,-0.5699999928474426,-0.0,-0.34098026156425476,0.0,0.0,-4.0,0.0,0.0,0.0,0.0,0.0
2573501.729,156.0,3.0,3.0,-0.5699999928474426,-0.0,-0.34098026156425476,0.0,0.0,-4.0,0.0,0.0,0.0,0.0,0.0
2573511.73,156.0,3.0,3.0,-0.5699999928474426,-0.0,-0.34098026156425476,0.0,0.0,-4.0,0.0,0.0,0.0,0.0,0.0
2573521.73,156.0,3.0,3.0,-0.5699999928474426,-0.0,-0.34098026156425476,0.0,0.0,-4.0,0.0,0.0,0.0,0.0,0.0
2573532.125,156.0,3.0,3.0,-0.5699999928474426,-0.0,-0.34098026156425476,0.0,0.0,-4.0,0.0,0.0,0.0,0.0,0.0
2573542.715,156.0,3.0,3.0,-0.5699999928474426,-0.0,-0.34098026156425476,0.0,0.0,-4.0,0.0,0.0,0.0,0.0,0.0
2573552.715,156.0,3.0,3.0,-0.5699999928474426,-0.0,-0.34098026156425476,0.0,0.0,-4.0,0.0,0.0,0.0,0.0,0.0
2573562.715,156.0,3.0,3.0,-0.5699999928474426,-0.0,-0.34098026156425476,0.0,0.0,-4.0,0.0,0.0,0.0,0.0,0.0
2573572.715,156.0,3.0,3.0,-0.5699999928474426,-0.0,-0.34098026156425476,0.0,0.0,-4.0,0.0,0.0,0.0,0.0,0.0
2573583.25,156.0,3.0,3.0,-0.5699999928474426,-0.0,-0.34098026156425476,0.0,0.0,-4.0,0.0,0.0,0.0,0.0,0.0
2573593.25,156.0,3.0,3.0,-0.5699999928474426,-0.0,-0.34098026156425476,0.0,0.0,-4.0,0.0,0.0,0.0,0.0,0.0
2573603.25,156.0,3.0,3.0,-0.5699999928474426,-0.0,-0.34098026156425476,0.0,0.0,-4.0,0.0,0.0,0.0,0.0,0.0
2573613.251,156.0,3.0,3.0,-0.5699999928474426,-0.0,-0.34098026156425476,0.0,0.0,-4.0,0.0,0.0,0.0,0.0,0.0
2573624.125,156.0,3.0,3.0,-0.5699999928474426,-0.0,-0.34098026156425476,0.0,0.0,-4.0,0.0,0.0,0.0,0.0,0.0
2573634.125,156.0,3.0,3.0,-0.5699999928474426,-0.0,-0.34098026156425476,0.0,0.0,-4.0,0.0,0.0,0.0,0.0,0.0
2573644.125,156.0,3.0,3.0,-0.5699999928474426,-0.0,-0.34098026156425476,0.0,0.0,-4.0,0.0,0.0,0.0,0.0,0.0
2573654.125,156.0,3.0,3.0,-0.5699999928474426,-0.0,-0.34098026156425476,0.0,0.0,-4.0,0.0,0.0,0.0,0.0,0.0
2573664.126,156.0,3.0,3.0,-0.5699999928474426,-0.0,-0.34098026156425476,0.0,0.0,-4.0,0.0,0.0,0.0,0.0,0.0
2573674.127,156.0,3.0,3.0,-0.5699999928474426,-0.0,-0.34098026156425476,0.0,0.0,-4.0,0.0,0.0,0.0,0.0,0.0
2573684.128,156.0,3.0,3.0,-0.5699999928474426,-0.0,-0.34098026156425476,0.0,0.0,-4.0,0.0,0.0,0.0,0.0,0.0
2573695.314,156.0,3.0,3.0,-0.5699999928474426,-0.0,-0.34098026156425476,0.0,0.0,-4.0,0.0,0.0,0.0,0.0,0.0
2573706.125,156.0,3.0,3.0,-0.5699999928474426,-0.0,-0.34098026156425476,0.0,0.0,-4.0,0.0,0.0,0.0,0.0,0.0
2573716.126,156.0,3.0,3.0,-0.5699999928474426,-0.0,-0.34098026156425476,0.0,0.0,-4.0,0.0,0.0,0.0,0.0,0.0
2573726.126,156.0,3.0,3.0,-0.5699999928474426,-0.0,-0.34098026156425476,0.0,0.0,-4.0,0.0,0.0,0.0,0.0,0.0
2573736.126,156.0,3.0,3.0,-0.5699999928474426,-0.0,-0.34098026156425476,0.0,0.0,-4.0,0.0,0.0,0.0,0.0,0.0
2573746.126,156.0,3.0,3.0,-0.5699999928474426,-0.0,-0.34098026156425476,0.0,0.0,-4.0,0.0,0.0,0.0,0.0,0.0
2573756.126,156.0,3.0,3.0,-0.5699999928474426,-0.0,-0.34098026156425476,0.0,0.0,-4.0,0.0,0.0,0.0,0.0,0.0
2573766.127,156.0,3.0,3.0,-0.5699999928474426,-0.0,-0.34098026156425476,0.0,0.0,-4.0,0.0,0.0,0.0,0.0,0.0
2573776.127,156.0,3.0,3.0,-0.5699999928474426,-0.0,-0.34098026156425476,0.0,0.0,-4.0,0.0,0.0,0.0,0.0,0.0
2573786.128,0.0,2.0,2.0,-0.3799999952316284,-0.0,-0.5999999046325684,0.0,0.0,-7.0,0.0,0.0,0.0,0.0,0.0
2573797.041,0.0,3.0,3.0,-0.5699999928474426,-0.0,-0.8099998831748962,-1.0,-9.0,-6.0,0.0,0.0,0.0,0.0,0.0
2573807.042,0.0,3.0,3.0,-0.5699999928474426,-0.0,-0.688499927520752,-1.0,-9.0,-6.0,0.0,0.0,0.0,0.0,0.0
2573817.043,0.0,6.0,6.0,-1.1399999856948853,-0.0,-1.4852248430252075,-2.0,-11.0,-1.0,0.0,0.0,0.0,0.0,0.0
2573827.044,0.0,3.0,3.0,-0.5699999928474426,-0.0,-0.3624413013458252,0.0,0.0,-4.0,0.0,0.0,0.0,0.0,0.0
2573837.045,0.0,-1.0,-1.0,0.1899999976158142,0.0,0.8919246792793274,1.0,9.0,-7.0,0.0,0.0,0.0,0.0,0.0
2573847.923,0.0,2.0,2.0,-0.3799999952316284,-0.0,-0.1418638527393341,0.0,0.0,-8.0,0.0,0.0,0.0,0.0,0.0
2573857.923,0.0,0.0,0.0,0.0,0.0,0.479415625333786,0.0,0.0,-5.0,0.0,0.0,0.0,0.0,0.0
2573868.125,0.0,4.0,4.0,-0.7599999904632568,-0.0,-0.7924965023994446,-1.0,-9.0,-5.0,0.0,0.0,0.0,0.0,0.0
2573879.125,0.0,6.0,6.0,-1.1399999856948853,-0.0,-1.273621916770935,-2.0,-11.0,-4.0,0.0,0.0,0.0,0.0,0.0
2573890.125,0.0,0.0,0.0,0.0,0.0,0.7174210548400879,0.0,0.0,-4.0,0.0,0.0,0.0,0.0,0.0
2573901.125,0.0,1.0,1.0,-0.1899999976158142,-0.0,0.3098079562187195,0.0,0.0,-2.0,0.0,0.0,0.0,0.0,0.0
2573911.125,0.0,1.0,1.0,-0.1899999976158142,-0.0,0.26333677768707275,0.0,0.0,-3.0,0.0,0.0,0.0,0.0,0.0
2573921.125,0.0,-1.0,-1.0,0.1899999976158142,0.0,0.8238361477851868,1.0,9.0,-7.0,0.0,0.0,0.0,0.0,0.0
2573932.125,0.0,-1.0,-1.0,0.1899999976158142,0.0,0.7002607583999634,0.0,0.0,-7.0,0.0,0.0,0.0,0.0,0.0
2573942.125,0.0,2.0,2.0,-0.3799999952316284,-0.0,-0.30477818846702576,0.0,0.0,-6.0,0.0,0.0,0.0,0.0,0.0
2573952.126,0.0,-1.0,-1.0,0.1899999976158142,0.0,0.640938401222229,0.0,0.0,-4.0,0.0,0.0,0.0,0.0,0.0
2573962.126,0.0,0.0,0.0,0.0,0.0,0.2447977066040039,0.0,0.0,-7.0,0.0,0.0,0.0,0.0,0.0
2573973.126,0.0,-4.0,-4.0,0.7599999904632568,0.0,1.4080778360366821,2.0,11.0,-4.0,0.0,0.0,0.0,0.0,0.0
2573983.126,0.0,2.0,2.0,-0.3799999952316284,-0.0,-0.603133499622345,0.0,0.0,-4.0,0.0,0.0,0.0,0.0,0.0
2573994.125,0.0,1.0,1.0,-0.1899999976158142,-0.0,-0.21266353130340576,0.0,0.0,-3.0,0.0,0.0,0.0,0.0,0.0
2574004.125,0.0,4.0,4.0,-0.7599999904632568,-0.0,-1.080763816833496,-1.0,-9.0,-3.0,0.0,0.0,0.0,0.0,0.0
2574014.125,0.0,2.0,2.0,-0.3799999952316284,-0.0,-0.3186493515968323,0.0,0.0,-6.0,0.0,0.0,0.0,0.0,0.0
2574024.126,0.0,2.0,2.0,-0.3799999952316284,-0.0,-0.2708519697189331,0.0,0.0,-3.0,0.0,0.0,0.0,0.0,0.0
2574034.127,0.0,3.0,3.0,-0.5699999928474426,-0.0,-0.5302241444587708,-1.0,-9.0,-5.0,0.0,0.0,0.0,0.0,0.0
2574045.125,0.0,4.0,4.0,-0.7599999904632568,-0.0,-0.7506904602050781,-1.0,-9.0,-5.0,0.0,0.0,0.0,0.0,0.0
2574055.126,0.0,2.0,2.0,-0.3799999952316284,-0.0,-0.03808700293302536,0.0,0.0,-7.0,0.0,0.0,0.0,0.0,0.0
2574066.126,0.0,6.0,6.0,-1.1399999856948853,-0.0,-1.2323737144470215,-2.0,-11.0,-5.0,0.0,0.0,0.0,0.0,0.0
2574076.126,0.0,0.0,0.0,0.0,0.0,0.7524820566177368,0.0,0.0,-7.0,0.0,0.0,0.0,0.0,0.0
2574086.126,0.0,3.0,3.0,-0.5699999928474426,-0.0,-0.26039010286331177,0.0,0.0,-6.0,0.0,0.0,0.0,0.0,0.0
2574096.388,0.0,3.0,3.0,-0.5699999928474426,-0.0,-0.22133159637451172,0.0,0.0,-5.0,0.0,0.0,0.0,0.0,0.0
2574106.388,0.0,3.0,3.0,-0.5699999928474426,-0.0,-0.18813186883926392,0.0,0.0,-4.0,0.0,0.0,0.0,0.0,0.0
2574116.389,0.0,1.0,1.0,-0.1899999976158142,-0.0,0.44008782505989075,0.0,0.0,-4.0,0.0,0.0,0.0,0.0,0.0
2574127.125,0.0,2.0,2.0,-0.3799999952316284,-0.0,0.07407470792531967,0.0,0.0,-4.0,0.0,0.0,0.0,0.0,0.0
2574137.126,0.0,0.0,0.0,0.0,0.0,0.6629633903503418,0.0,0.0,-7.0,0.0,0.0,0.0,0.0,0.0
2574147.127,0.0,1.0,1.0,-0.1899999976158142,-0.0,0.26351895928382874,0.0,0.0,-7.0,0.0,0.0,0.0,0.0,0.0
2574157.13,0.0,1.0,1.0,-0.1899999976158142,-0.0,0.22399112582206726,0.0,0.0,-7.0,0.0,0.0,0.0,0.0,0.0
2574167.451,0.0,1.0,1.0,-0.1899999976158142,-0.0,0.19039246439933777,0.0,0.0,-4.0,0.0,0.0,0.0,0.0,0.0
2574177.451,0.0,2.0,2.0,-0.3799999952316284,-0.0,-0.13816635310649872,0.0,0.0,-5.0,0.0,0.0,0.0,0.0,0.0
2574187.452,0.0,0.0,0.0,0.0,0.0,0.4825584888458252,0.0,0.0,-4.0,0.0,0.0,0.0,0.0,0.0
2574198.126,0.0,2.0,2.0,-0.3799999952316284,-0.0,-0.189825177192688,0.0,0.0,-7.0,0.0,0.0,0.0,0.0,0.0
2574209.129,0.0,3.0,3.0,-0.5699999928474426,-0.0,-0.3921486735343933,0.0,0.0,-5.0,0.0,0.0,0.0,0.0,0.0
2574219.328,0.0,1.0,1.0,-0.1899999976158142,-0.0,0.2666735351085663,0.0,0.0,-10.0,0.0,0.0,0.0,0.0,0.0
2574229.329,0.0,1.0,1.0,-0.1899999976158142,-0.0,0.22667251527309418,0.0,0.0,-8.0,0.0,0.0,0.0,0.0,0.0
2574240.126,0.0,3.0,3.0,-0.5699999928474426,-0.0,-0.4073282480239868,0.0,0.0,-3.0,0.0,0.0,0.0,0.0,0.0
2574250.127,0.0,1.0,1.0,-0.1899999976158142,-0.0,0.2537708878517151,0.0,0.0,-3.0,0.0,0.0,0.0,0.0,0.0
2574261.125,0.0,2.0,2.0,-0.3799999952316284,-0.0,-0.08429469168186188,0.0,0.0,-4.0,0.0,0.0,0.0,0.0,0.0
2574271.126,0.0,1.0,1.0,-0.1899999976158142,-0.0,0.2283494621515274,0.0,0.0,-3.0,0.0,0.0,0.0,0.0,0.0
2574281.126,0.0,1.0,1.0,-0.1899999976158142,-0.0,0.19409704208374023,0.0,0.0,-3.0,0.0,0.0,0.0,0.0,0.0
2574291.126,0.0,2.0,2.0,-0.3799999952316284,-0.0,-0.13501745462417603,0.0,0.0,-5.0,0.0,0.0,0.0,0.0,0.0
2574302.098,0.0,1.0,1.0,-0.1899999976158142,-0.0,0.18523511290550232,0.0,0.0,-5.0,0.0,0.0,0.0,0.0,0.0
2574312.099,0.0,3.0,3.0,-0.5699999928474426,-0.0,-0.44255006313323975,-1.0,-9.0,-6.0,0.0,0.0,0.0,0.0,0.0
2574322.1,0.0,3.0,3.0,-0.5699999928474426,-0.0,-0.37616756558418274,0.0,0.0,-5.0,0.0,0.0,0.0,0.0,0.0
2574332.1,0.0,3.0,3.0,-0.5699999928474426,-0.0,-0.31974244117736816,0.0,0.0,-5.0,0.0,0.0,0.0,0.0,0.0
2574342.101,0.0,1.0,1.0,-0.1899999976158142,-0.0,0.32821881771087646,0.0,0.0,-3.0,0.0,0.0,0.0,0.0,0.0
2574352.102,0.0,1.0,1.0,-0.1899999976158142,-0.0,0.27898600697517395,0.0,0.0,-4.0,0.0,0.0,0.0,0.0,0.0
2574362.102,0.0,1.0,1.0,-0.1899999976158142,-0.0,0.23713810741901398,0.0,0.0,-4.0,0.0,0.0,0.0,0.0,0.0
2574372.103,0.0,0.0,0.0,0.0,0.0,0.5015673637390137,0.0,0.0,-3.0,0.0,0.0,0.0,0.0,0.0
2574383.125,0.0,2.0,2.0,-0.3799999952316284,-0.0,-0.17366763949394226,0.0,0.0,-3.0,0.0,0.0,0.0,0.0,0.0
2574393.125,0.0,1.0,1.0,-0.1899999976158142,-0.0,0.15238244831562042,0.0,0.0,-6.0,0.0,0.0,0.0,0.0,0.0
2574403.597,0.0,3.0,3.0,-0.5699999928474426,-0.0,-0.47047480940818787,-1.0,-9.0,-6.0,0.0,0.0,0.0,0.0,0.0
2574413.597,0.0,-1.0,-1.0,0.1899999976158142,0.0,0.8000962138175964,0.0,0.0,-5.0,0.0,0.0,0.0,0.0,0.0
2574424.125,0.0,4.0,4.0,-0.7599999904632568,-0.0,-0.8199179768562317,-1.0,-9.0,-4.0,0.0,0.0,0.0,0.0,0.0
2574434.126,0.0,2.0,2.0,-0.3799999952316284,-0.0,-0.09693039208650589,0.0,0.0,-5.0,0.0,0.0,0.0,0.0,0.0
2574444.127,0.0,3.0,3.0,-0.5699999928474426,-0.0,-0.3823907971382141,0.0,0.0,-7.0,0.0,0.0,0.0,0.0,0.0
2574455.357,0.0,1.0,1.0,-0.1899999976158142,-0.0,0.2749677300453186,0.0,0.0,-4.0,0.0,0.0,0.0,0.0,0.0
2574466.125,0.0,3.0,3.0,-0.5699999928474426,-0.0,-0.3662773370742798,0.0,0.0,0.0,0.0,0.0,0.0,0.0,0.0
2574477.125,0.0,2.0,2.0,-0.3799999952316284,-0.0,-0.011335792951285839,0.0,0.0,-4.0,0.0,0.0,0.0,0.0,0.0
2574487.125,0.0,-1.0,-1.0,0.1899999976158142,0.0,0.890364408493042,1.0,9.0,-4.0,0.0,0.0,0.0,0.0,0.0
2574497.126,0.0,-1.0,-1.0,0.1899999976158142,0.0,0.7568097710609436,0.0,0.0,-4.0,0.0,0.0,0.0,0.0,0.0
2574508.125,0.0,5.0,5.0,-0.949999988079071,-0.0,-1.1567113399505615,-2.0,-11.0,-4.0,0.0,0.0,0.0,0.0,0.0
2574518.126,0.0,1.0,1.0,-0.1899999976158142,-0.0,0.2167951464653015,0.0,0.0,-4.0,0.0,0.0,0.0,0.0,0.0
2574528.126,0.0,0.0,0.0,0.0,0.0,0.48427581787109375,0.0,0.0,-4.0,0.0,0.0,0.0,0.0,0.0
2574538.25,0.0,3.0,3.0,-0.5699999928474426,-0.0,-0.48836541175842285,-1.0,-9.0,-4.0,0.0,0.0,0.0,0.0,0.0
2574548.25,0.0,2.0,2.0,-0.3799999952316284,-0.0,-0.11511065810918808,0.0,0.0,-6.0,0.0,0.0,0.0,0.0,0.0
2574559.125,0.0,2.0,2.0,-0.3799999952316284,-0.0,-0.09784406423568726,0.0,0.0,-3.0,0.0,0.0,0.0,0.0,0.0
2574569.126,0.0,1.0,1.0,-0.1899999976158142,-0.0,0.2168324887752533,0.0,0.0,-3.0,0.0,0.0,0.0,0.0,0.0
2574579.126,0.0,2.0,2.0,-0.3799999952316284,-0.0,-0.11569233238697052,0.0,0.0,-7.0,0.0,0.0,0.0,0.0,0.0
2574589.126,0.0,4.0,4.0,-0.7599999904632568,-0.0,-0.6983383893966675,-1.0,-9.0,-4.0,0.0,0.0,0.0,0.0,0.0
2574600.353,0.0,5.0,5.0,-0.949999988079071,-0.0,-0.893587589263916,-1.0,-9.0,-6.0,0.0,0.0,0.0,0.0,0.0
2574611.125,0.0,0.0,0.0,0.0,0.0,0.7404502630233765,0.0,0.0,-4.0,0.0,0.0,0.0,0.0,0.0
2574622.126,0.0,2.0,2.0,-0.3799999952316284,-0.0,-0.06502456963062286,0.0,0.0,-3.0,0.0,0.0,0.0,0.0,0.0
2574632.126,0.0,4.0,2.0,-0.3799999952316284,-0.0,-0.06502456963062286,0.0,0.0,-6.0,0.0,0.0,0.0,0.0,0.0
2574642.126,0.0,4.0,4.0,-0.7599999904632568,-0.0,-0.6552708148956299,-1.0,-9.0,-6.0,0.0,0.0,0.0,0.0,0.0
2574652.803,0.0,2.0,2.0,-0.3799999952316284,-0.0,-0.008433254435658455,0.0,0.0,-7.0,0.0,0.0,0.0,0.0,0.0
2574663.04,0.0,0.0,0.0,0.0,0.0,0.5928316116333008,0.0,0.0,-6.0,0.0,0.0,0.0,0.0,0.0
2574673.041,0.0,4.0,4.0,-0.7599999904632568,-0.0,-0.6960929036140442,-1.0,-9.0,-4.0,0.0,0.0,0.0,0.0,0.0
2574683.041,0.0,1.0,1.0,-0.1899999976158142,-0.0,0.30832087993621826,0.0,0.0,-6.0,0.0,0.0,0.0,0.0,0.0
2574694.04,0.0,-1.0,-1.0,0.1899999976158142,0.0,0.8620726466178894,1.0,9.0,-6.0,0.0,0.0,0.0,0.0,0.0
2574705.125,0.0,2.0,2.0,-0.3799999952316284,-0.0,-0.16723808646202087,0.0,0.0,-3.0,0.0,0.0,0.0,0.0,0.0
2574715.125,0.0,4.0,4.0,-0.7599999904632568,-0.0,-0.7421522736549377,-1.0,-9.0,-4.0,0.0,0.0,0.0,0.0,0.0
2574725.618,0.0,1.0,1.0,-0.1899999976158142,-0.0,0.2691704034805298,0.0,0.0,-4.0,0.0,0.0,0.0,0.0,0.0
2574736.125,0.0,1.0,1.0,-0.1899999976158142,-0.0,0.22879484295845032,0.0,0.0,-6.0,0.0,0.0,0.0,0.0,0.0
2574746.126,0.0,2.0,2.0,-0.3799999952316284,-0.0,-0.10552433133125305,0.0,0.0,-5.0,0.0,0.0,0.0,0.0,0.0
2574756.126,0.0,2.0,2.0,-0.3799999952316284,-0.0,-0.08969568461179733,0.0,0.0,-5.0,0.0,0.0,0.0,0.0,0.0
2574766.127,0.0,1.0,1.0,-0.1899999976158142,-0.0,0.22375862300395966,0.0,0.0,-3.0,0.0,0.0,0.0,0.0,0.0
2574777.125,0.0,3.0,3.0,-0.5699999928474426,-0.0,-0.4098050594329834,0.0,0.0,-4.0,0.0,0.0,0.0,0.0,0.0
2574787.126,0.0,1.0,1.0,-0.1899999976158142,-0.0,0.2516655921936035,0.0,0.0,-6.0,0.0,0.0,0.0,0.0,0.0
2574797.126,0.0,4.0,4.0,-0.7599999904632568,-0.0,-0.6860840916633606,-1.0,-9.0,-3.0,0.0,0.0,0.0,0.0,0.0
2574808.125,0.0,2.0,2.0,-0.3799999952316284,-0.0,0.01682841032743454,0.0,0.0,-3.0,0.0,0.0,0.0,0.0,0.0
2574818.367,0.0,4.0,4.0,-0.7599999904632568,-0.0,-0.585695743560791,-1.0,-9.0,-4.0,0.0,0.0,0.0,0.0,0.0
2574828.367,0.0,3.0,3.0,-0.5699999928474426,-0.0,-0.19784145057201385,0.0,0.0,-2.0,0.0,0.0,0.0,0.0,0.0
2574839.125,0.0,4.0,4.0,-0.7599999904632568,-0.0,-0.46816518902778625,-1.0,-9.0,-9.0,0.0,0.0,0.0,0.0,0.0
2574849.125,0.0,0.0,0.0,0.0,0.0,0.8020594120025635,0.0,0.0,-5.0,0.0,0.0,0.0,0.0,0.0
2574859.125,0.0,2.0,2.0,-0.3799999952316284,-0.0,0.08175061643123627,0.0,0.0,-2.0,0.0,0.0,0.0,0.0,0.0
2574869.125,0.0,4.0,4.0,-0.7599999904632568,-0.0,-0.5305118560791016,-1.0,-9.0,-7.0,0.0,0.0,0.0,0.0,0.0
2574880.125,0.0,4.0,4.0,-0.7599999904632568,-0.0,-0.45093509554862976,-1.0,-9.0,-7.0,0.0,0.0,0.0,0.0,0.0
2574890.125,0.0,3.0,3.0,-0.5699999928474426,-0.0,-0.08329489082098007,0.0,0.0,-5.0,0.0,0.0,0.0,0.0,0.0
2574901.098,0.0,0.0,0.0,0.0,0.0,0.8291991949081421,0.0,0.0,-6.0,0.0,0.0,0.0,0.0,0.0
2574911.099,0.0,0.0,0.0,0.0,0.0,0.7048193216323853,0.0,0.0,-6.0,0.0,0.0,0.0,0.0,0.0
2574921.1,0.0,4.0,4.0,-0.7599999904632568,-0.0,-0.6009033918380737,-1.0,-9.0,-5.0,0.0,0.0,0.0,0.0,0.0
2574932.299,0.0,3.0,3.0,-0.5699999928474426,-0.0,-0.2107679396867752,0.0,0.0,-6.0,0.0,0.0,0.0,0.0,0.0
2574943.125,0.0,3.0,3.0,-0.5699999928474426,-0.0,-0.17915275692939758,0.0,0.0,-2.0,0.0,0.0,0.0,0.0,0.0
2574953.125,0.0,0.0,0.0,0.0,0.0,0.7477200031280518,0.0,0.0,-5.0,0.0,0.0,0.0,0.0,0.0
2574964.126,0.0,4.0,4.0,-0.7599999904632568,-0.0,-0.5644378066062927,-1.0,-9.0,-2.0,0.0,0.0,0.0,0.0,0.0
2574975.126,0.0,5.0,5.0,-0.949999988079071,-0.0,-0.887806236743927,-1.0,-9.0,-6.0,0.0,0.0,0.0,0.0,0.0
2574986.098,0.0,3.0,3.0,-0.5699999928474426,-0.0,-0.15463541448116302,0.0,0.0,-4.0,0.0,0.0,0.0,0.0,0.0
2574997.126,0.0,1.0,1.0,-0.1899999976158142,-0.0,0.46855980157852173,0.0,0.0,-5.0,0.0,0.0,0.0,0.0,0.0
2575007.126,0.0,4.0,4.0,-0.7599999904632568,-0.0,-0.5017240047454834,-1.0,-9.0,-4.0,0.0,0.0,0.0,0.0,0.0
2575018.098,0.0,5.0,5.0,-0.949999988079071,-0.0,-0.7264653444290161,-1.0,-9.0,-7.0,0.0,0.0,0.0,0.0,0.0
2575028.099,0.0,1.0,1.0,-0.1899999976158142,-0.0,0.5825042724609375,0.0,0.0,-6.0,0.0,0.0,0.0,0.0,0.0
2575038.253,0.0,4.0,4.0,-0.7599999904632568,-0.0,-0.40487122535705566,-1.0,-9.0,-3.0,0.0,0.0,0.0,0.0,0.0
2575048.253,0.0,0.0,0.0,0.0,0.0,0.8558592796325684,0.0,0.0,-6.0,0.0,0.0,0.0,0.0,0.0
2575058.78,0.0,0.0,0.0,0.0,0.0,0.727480411529541,0.0,0.0,-6.0,0.0,0.0,0.0,0.0,0.0
2575068.782,0.0,2.0,2.0,-0.3799999952316284,-0.0,0.018358463421463966,0.0,0.0,-5.0,0.0,0.0,0.0,0.0,0.0
2575079.126,0.0,4.0,4.0,-0.7599999904632568,-0.0,-0.5843952298164368,-1.0,-9.0,-2.0,0.0,0.0,0.0,0.0,0.0
2575089.126,0.0,4.0,4.0,-0.7599999904632568,-0.0,-0.49673596024513245,-1.0,-9.0,-4.0,0.0,0.0,0.0,0.0,0.0
2575099.126,0.0,5.0,5.0,-0.949999988079071,-0.0,-0.722225546836853,-1.0,-9.0,-4.0,0.0,0.0,0.0,0.0,0.0
2575109.126,0.0,-2.0,-2.0,0.3799999952316284,0.0,1.4861079454421997,1.0,9.0,-6.0,0.0,0.0,0.0,0.0,0.0
2575119.126,0.0,0.0,0.0,0.0,0.0,0.6631918549537659,0.0,0.0,-5.0,0.0,0.0,0.0,0.0,0.0
2575130.125,0.0,3.0,3.0,-0.5699999928474426,-0.0,-0.3362867534160614,0.0,0.0,-2.0,0.0,0.0,0.0,0.0,0.0
2575140.196,0.0,3.0,3.0,-0.5699999928474426,-0.0,-0.28584375977516174,0.0,0.0,-2.0,0.0,0.0,0.0,0.0,0.0
2575151.135,0.0,3.0,3.0,-0.5699999928474426,-0.0,-0.24296720325946808,0.0,0.0,-7.0,0.0,0.0,0.0,0.0,0.0
2575161.135,0.0,2.0,2.0,-0.3799999952316284,-0.0,0.09347782284021378,0.0,0.0,-4.0,0.0,0.0,0.0,0.0,0.0
2575172.125,0.0,2.0,2.0,-0.3799999952316284,-0.0,0.0794561505317688,0.0,0.0,-4.0,0.0,0.0,0.0,0.0,0.0
2575182.918,0.0,1.0,1.0,-0.1899999976158142,-0.0,0.3675376772880554,0.0,0.0,-9.0,0.0,0.0,0.0,0.0,0.0
2575193.125,0.0,-1.0,-1.0,0.1899999976158142,0.0,0.9124069213867188,1.0,9.0,-5.0,0.0,0.0,0.0,0.0,0.0
2575203.126,0.0,4.0,4.0,-0.7599999904632568,-0.0,-0.724453866481781,-1.0,-9.0,-4.0,0.0,0.0,0.0,0.0,0.0
2575213.127,0.0,2.0,2.0,-0.3799999952316284,-0.0,-0.01578589901328087,0.0,0.0,-5.0,0.0,0.0,0.0,0.0,0.0
2575224.121,0.0,1.0,1.0,-0.1899999976158142,-0.0,0.28658193349838257,0.0,0.0,-3.0,0.0,0.0,0.0,0.0,0.0
2575234.272,0.0,1.0,1.0,-0.1899999976158142,-0.0,0.24359464645385742,0.0,0.0,-3.0,0.0,0.0,0.0,0.0,0.0
2575244.272,0.0,3.0,3.0,-0.5699999928474426,-0.0,-0.39294445514678955,0.0,0.0,-5.0,0.0,0.0,0.0,0.0,0.0
2575255.125,0.0,4.0,4.0,-0.7599999904632568,-0.0,-0.6340027451515198,-1.0,-9.0,-6.0,0.0,0.0,0.0,0.0,0.0
2575265.353,0.0,3.0,3.0,-0.5699999928474426,-0.0,-0.23890239000320435,0.0,0.0,-5.0,0.0,0.0,0.0,0.0,0.0
2575275.354,0.0,4.0,4.0,-0.7599999904632568,-0.0,-0.5030670166015625,-1.0,-9.0,-4.0,0.0,0.0,0.0,0.0,0.0
2575285.831,0.0,0.0,0.0,0.0,0.0,0.7723928093910217,0.0,0.0,-7.0,0.0,0.0,0.0,0.0,0.0
2575295.832,0.0,1.0,1.0,-0.1899999976158142,-0.0,0.356533944606781,0.0,0.0,-7.0,0.0,0.0,0.0,0.0,0.0
2575306.126,0.0,1.0,1.0,-0.1899999976158142,-0.0,0.3030538558959961,0.0,0.0,-5.0,0.0,0.0,0.0,0.0,0.0
2575317.125,0.0,3.0,3.0,-0.5699999928474426,-0.0,-0.2910435199737549,0.0,0.0,-7.0,0.0,0.0,0.0,0.0,0.0
2575327.126,0.0,2.0,2.0,-0.3799999952316284,-0.0,0.05261295288801193,0.0,0.0,-5.0,0.0,0.0,0.0,0.0,0.0
2575337.127,0.0,5.0,5.0,-0.949999988079071,-0.0,-0.8552788496017456,-1.0,-9.0,-7.0,0.0,0.0,0.0,0.0,0.0
2575347.128,0.0,0.0,0.0,0.0,0.0,0.7730126976966858,0.0,0.0,-6.0,0.0,0.0,0.0,0.0,0.0
2575357.128,0.0,-1.0,-1.0,0.1899999976158142,0.0,0.9570607542991638,1.0,9.0,-5.0,0.0,0.0,0.0,0.0,0.0
2575368.041,0.0,3.0,3.0,-0.5699999928474426,-0.0,-0.3864981532096863,0.0,0.0,-5.0,0.0,0.0,0.0,0.0,0.0
2575378.041,0.0,0.0,0.0,0.0,0.0,0.571476399898529,0.0,0.0,-4.0,0.0,0.0,0.0,0.0,0.0
2575388.041,0.0,1.0,1.0,-0.1899999976158142,-0.0,0.18575499951839447,0.0,0.0,-3.0,0.0,0.0,0.0,0.0,0.0
2575398.041,0.0,2.0,2.0,-0.3799999952316284,-0.0,-0.14210820198059082,0.0,0.0,-6.0,0.0,0.0,0.0,0.0,0.0
2575408.041,0.0,6.0,6.0,-1.1399999856948853,-0.0,-1.3207918405532837,-2.0,-11.0,-7.0,0.0,0.0,0.0,0.0,0.0
2575419.04,0.0,1.0,1.0,-0.1899999976158142,-0.0,0.3773266673088074,0.0,0.0,-6.0,0.0,0.0,0.0,0.0,0.0
2575429.041,0.0,1.0,1.0,-0.1899999976158142,-0.0,0.320727676153183,0.0,0.0,-5.0,0.0,0.0,0.0,0.0,0.0
2575440.126,0.0,2.0,2.0,-0.3799999952316284,-0.0,-0.027381420135498047,0.0,0.0,-4.0,0.0,0.0,0.0,0.0,0.0
2575450.595,0.0,3.0,3.0,-0.5699999928474426,-0.0,-0.323274165391922,0.0,0.0,-7.0,0.0,0.0,0.0,0.0,0.0
2575460.596,0.0,6.0,6.0,-1.1399999856948853,-0.0,-1.1747828722000122,-2.0,-11.0,-4.0,0.0,0.0,0.0,0.0,0.0
2575470.597,0.0,1.0,1.0,-0.1899999976158142,-0.0,0.5014342665672302,0.0,0.0,-3.0,0.0,0.0,0.0,0.0,0.0
2575480.597,0.0,2.0,2.0,-0.3799999952316284,-0.0,0.12621918320655823,0.0,0.0,-6.0,0.0,0.0,0.0,0.0,0.0
2575490.597,0.0,1.0,1.0,-0.1899999976158142,-0.0,0.40728625655174255,0.0,0.0,-6.0,0.0,0.0,0.0,0.0,0.0
2575501.126,0.0,4.0,4.0,-0.7599999904632568,-0.0,-0.5538065433502197,-1.0,-9.0,-3.0,0.0,0.0,0.0,0.0,0.0
2575511.127,0.0,3.0,3.0,-0.5699999928474426,-0.0,-0.17073562741279602,0.0,0.0,-6.0,0.0,0.0,0.0,0.0,0.0
2575522.125,0.0,2.0,2.0,-0.3799999952316284,-0.0,0.15487466752529144,0.0,0.0,-7.0,0.0,0.0,0.0,0.0,0.0
2575532.125,0.0,2.0,2.0,-0.3799999952316284,-0.0,0.13164347410202026,0.0,0.0,-7.0,0.0,0.0,0.0,0.0,0.0
2575543.126,0.0,0.0,0.0,0.0,0.0,0.7118968367576599,0.0,0.0,-2.0,0.0,0.0,0.0,0.0,0.0
2575553.127,0.0,2.0,2.0,-0.3799999952316284,-0.0,0.005112423561513424,0.0,0.0,-7.0,0.0,0.0,0.0,0.0,0.0
2575563.195,0.0,0.0,0.0,0.0,0.0,0.604345440864563,0.0,0.0,-7.0,0.0,0.0,0.0,0.0,0.0
2575573.655,0.0,0.0,0.0,0.0,0.0,0.513693630695343,0.0,0.0,-3.0,0.0,0.0,0.0,0.0,0.0
2575584.125,0.0,2.0,2.0,-0.3799999952316284,-0.0,-0.16336031258106232,0.0,0.0,-8.0,0.0,0.0,0.0,0.0,0.0
2575595.126,0.0,1.0,1.0,-0.1899999976158142,-0.0,0.16114367544651031,0.0,0.0,-6.0,0.0,0.0,0.0,0.0,0.0
2575605.127,0.0,2.0,2.0,-0.3799999952316284,-0.0,-0.163027822971344,0.0,0.0,-6.0,0.0,0.0,0.0,0.0,0.0
2575615.128,0.0,2.0,2.0,-0.3799999952316284,-0.0,-0.13857364654541016,0.0,0.0,-7.0,0.0,0.0,0.0,0.0,0.0
2575625.128,0.0,3.0,3.0,-0.5699999928474426,-0.0,-0.4177875518798828,0.0,0.0,-7.0,0.0,0.0,0.0,0.0,0.0
2575635.646,0.0,3.0,3.0,-0.5699999928474426,-0.0,-0.3551194369792938,0.0,0.0,-6.0,0.0,0.0,0.0,0.0,0.0
2575646.126,0.0,1.0,1.0,-0.1899999976158142,-0.0,0.29814836382865906,0.0,0.0,-2.0,0.0,0.0,0.0,0.0,0.0
2575656.127,0.0,2.0,2.0,-0.3799999952316284,-0.0,-0.046573836356401443,0.0,0.0,-4.0,0.0,0.0,0.0,0.0,0.0
2575666.925,0.0,1.0,1.0,-0.1899999976158142,-0.0,0.26041218638420105,0.0,0.0,-7.0,0.0,0.0,0.0,0.0,0.0
2575678.199,0.0,3.0,3.0,-0.5699999928474426,-0.0,-0.3786495327949524,0.0,0.0,-4.0,0.0,0.0,0.0,0.0,0.0
2575689.098,0.0,1.0,1.0,-0.1899999976158142,-0.0,0.27814778685569763,0.0,0.0,-5.0,0.0,0.0,0.0,0.0,0.0
2575700.125,0.0,1.0,1.0,-0.1899999976158142,-0.0,0.20096178352832794,0.0,0.0,-4.0,0.0,0.0,0.0,0.0,0.0
2575711.126,0.0,2.0,2.0,-0.3799999952316284,-0.0,-0.12918242812156677,0.0,0.0,-5.0,0.0,0.0,0.0,0.0,0.0
2575722.005,0.0,2.0,2.0,-0.3799999952316284,-0.0,-0.10980506986379623,0.0,0.0,-5.0,0.0,0.0,0.0,0.0,0.0
2575732.006,0.0,3.0,3.0,-0.5699999928474426,-0.0,-0.3933342695236206,0.0,0.0,-6.0,0.0,0.0,0.0,0.0,0.0
2575742.007,0.0,1.0,1.0,-0.1899999976158142,-0.0,0.26566576957702637,0.0,0.0,-6.0,0.0,0.0,0.0,0.0,0.0
2575752.007,0.0,1.0,1.0,-0.1899999976158142,-0.0,0.22581590712070465,0.0,0.0,-6.0,0.0,0.0,0.0,0.0,0.0
2575762.125,0.0,4.0,4.0,-0.7599999904632568,-0.0,-0.7080563306808472,-1.0,-9.0,-7.0,0.0,0.0,0.0,0.0,0.0
2575772.126,0.0,2.0,2.0,-0.3799999952316284,-0.0,-0.0018479933496564627,0.0,0.0,-5.0,0.0,0.0,0.0,0.0,0.0
2575782.126,0.0,3.0,3.0,-0.5699999928474426,-0.0,-0.30157074332237244,0.0,0.0,-7.0,0.0,0.0,0.0,0.0,0.0
2575792.126,0.0,2.0,2.0,-0.3799999952316284,-0.0,0.04366481304168701,0.0,0.0,-6.0,0.0,0.0,0.0,0.0,0.0
2575802.559,0.0,2.0,2.0,-0.3799999952316284,-0.0,0.03711509332060814,0.0,0.0,-6.0,0.0,0.0,0.0,0.0,0.0
2575813.125,0.0,2.0,2.0,-0.3799999952316284,-0.0,0.03154782950878143,0.0,0.0,-3.0,0.0,0.0,0.0,0.0,0.0
2575823.125,0.0,2.0,2.0,-0.3799999952316284,-0.0,0.026815656572580338,0.0,0.0,-5.0,0.0,0.0,0.0,0.0,0.0
2575833.145,0.0,3.0,3.0,-0.5699999928474426,-0.0,-0.2772066295146942,0.0,0.0,-3.0,0.0,0.0,0.0,0.0,0.0
2575844.125,0.0,2.0,2.0,-0.3799999952316284,-0.0,0.06437431275844574,0.0,0.0,-6.0,0.0,0.0,0.0,0.0,0.0
2575855.125,0.0,1.0,1.0,-0.1899999976158142,-0.0,0.3547181189060211,0.0,0.0,-1.0,0.0,0.0,0.0,0.0,0.0
2575866.126,0.0,1.0,1.0,-0.1899999976158142,-0.0,0.30151042342185974,0.0,0.0,-1.0,0.0,0.0,0.0,0.0,0.0
2575876.812,0.0,3.0,3.0,-0.5699999928474426,-0.0,-0.343716025352478,0.0,0.0,-5.0,0.0,0.0,0.0,0.0,0.0
2575887.125,0.0,-1.0,-1.0,0.1899999976158142,0.0,0.9078412055969238,1.0,9.0,-4.0,0.0,0.0,0.0,0.0,0.0
2575897.126,0.0,2.0,2.0,-0.3799999952316284,-0.0,-0.12833480536937714,0.0,0.0,-2.0,0.0,0.0,0.0,0.0,0.0
2575908.354,0.0,2.0,2.0,-0.3799999952316284,-0.0,-0.1090845912694931,0.0,0.0,-5.0,0.0,0.0,0.0,0.0,0.0
2575918.354,0.0,0.0,0.0,0.0,0.0,0.5072780251502991,0.0,0.0,-6.0,0.0,0.0,0.0,0.0,0.0
2575928.354,0.0,3.0,3.0,-0.5699999928474426,-0.0,-0.4688135087490082,-1.0,-9.0,-8.0,0.0,0.0,0.0,0.0,0.0
2575938.354,0.0,2.0,2.0,-0.3799999952316284,-0.0,-0.09849154204130173,0.0,0.0,-6.0,0.0,0.0,0.0,0.0,0.0
2575948.355,0.0,1.0,1.0,-0.1899999976158142,-0.0,0.21628214418888092,0.0,0.0,-8.0,0.0,0.0,0.0,0.0,0.0
2575958.355,0.0,-1.0,-1.0,0.1899999976158142,0.0,0.7838397026062012,0.0,0.0,-3.0,0.0,0.0,0.0,0.0,0.0
2575969.126,0.0,-1.0,-1.0,0.1899999976158142,0.0,0.6662637591362,0.0,0.0,-3.0,0.0,0.0,0.0,0.0,0.0
2575980.125,0.0,1.0,1.0,-0.1899999976158142,-0.0,-0.03367569297552109,0.0,0.0,-7.0,0.0,0.0,0.0,0.0,0.0
2575991.125,0.0,4.0,4.0,-0.7599999904632568,-0.0,-0.9286242127418518,-1.0,-9.0,-6.0,0.0,0.0,0.0,0.0,0.0
2576001.126,0.0,2.0,2.0,-0.3799999952316284,-0.0,-0.18933069705963135,0.0,0.0,-5.0,0.0,0.0,0.0,0.0,0.0
2576011.126,0.0,-1.0,-1.0,0.1899999976158142,0.0,0.7390687465667725,0.0,0.0,-5.0,0.0,0.0,0.0,0.0,0.0
2576022.125,0.0,2.0,2.0,-0.3799999952316284,-0.0,-0.36602264642715454,0.0,0.0,-9.0,0.0,0.0,0.0,0.0,0.0
2576032.125,0.0,1.0,1.0,-0.1899999976158142,-0.0,-0.011119306087493896,0.0,0.0,-5.0,0.0,0.0,0.0,0.0,0.0
2576042.977,0.0,3.0,3.0,-0.5699999928474426,-0.0,-0.6094512939453125,-1.0,-9.0,-8.0,0.0,0.0,0.0,0.0,0.0
2576053.125,0.0,0.0,0.0,0.0,0.0,0.381966233253479,0.0,0.0,-4.0,0.0,0.0,0.0,0.0,0.0
2576064.125,0.0,1.0,1.0,-0.1899999976158142,-0.0,0.02467135526239872,0.0,0.0,-4.0,0.0,0.0,0.0,0.0,0.0
2576075.126,0.0,1.0,1.0,-0.1899999976158142,-0.0,0.020970651879906654,0.0,0.0,-4.0,0.0,0.0,0.0,0.0,0.0
2576086.126,0.0,2.0,2.0,-0.3799999952316284,-0.0,-0.28217488527297974,0.0,0.0,-3.0,0.0,0.0,0.0,0.0,0.0
2576097.141,0.0,1.0,1.0,-0.1899999976158142,-0.0,0.060151293873786926,0.0,0.0,-3.0,0.0,0.0,0.0,0.0,0.0
2576107.141,0.0,2.0,2.0,-0.3799999952316284,-0.0,-0.2488713562488556,0.0,0.0,-5.0,0.0,0.0,0.0,0.0,0.0
2576118.098,0.0,3.0,3.0,-0.5699999928474426,-0.0,-0.5115405917167664,-1.0,-9.0,-6.0,0.0,0.0,0.0,0.0,0.0
2576128.099,0.0,0.0,0.0,0.0,0.0,0.4651903510093689,0.0,0.0,-5.0,0.0,0.0,0.0,0.0,0.0
2576139.126,0.0,0.0,0.0,0.0,0.0,0.39541181921958923,0.0,0.0,-6.0,0.0,0.0,0.0,0.0,0.0
2576150.126,0.0,2.0,2.0,-0.3799999952316284,-0.0,-0.26389986276626587,0.0,0.0,-8.0,0.0,0.0,0.0,0.0,0.0
2576160.126,0.0,2.0,2.0,-0.3799999952316284,-0.0,-0.224314883351326,0.0,0.0,-4.0,0.0,0.0,0.0,0.0,0.0
2576171.217,0.0,4.0,4.0,-0.7599999904632568,-0.0,-0.7906675338745117,-1.0,-9.0,-5.0,0.0,0.0,0.0,0.0,0.0
2576182.126,0.0,4.0,4.0,-0.7599999904632568,-0.0,-0.672067403793335,-1.0,-9.0,-6.0,0.0,0.0,0.0,0.0,0.0
2576193.126,0.0,2.0,2.0,-0.3799999952316284,-0.0,-0.11056873947381973,0.0,0.0,-2.0,0.0,0.0,0.0,0.0,0.0
2576203.127,0.0,6.0,6.0,-1.1399999856948853,-0.0,-1.2939832210540771,-2.0,-11.0,-4.0,0.0,0.0,0.0,0.0,0.0
2576213.128,0.0,6.0,6.0,-1.1399999856948853,-0.0,-1.0998858213424683,-2.0,-11.0,-4.0,0.0,0.0,0.0,0.0,0.0
2576223.129,0.0,3.0,6.0,-1.1399999856948853,-0.0,-1.0998858213424683,-2.0,-11.0,-6.0,0.0,0.0,0.0,0.0,0.0
2576233.425,0.0,2.0,2.0,-0.3799999952316284,-0.0,0.27033230662345886,0.0,0.0,-3.0,0.0,0.0,0.0,0.0,0.0
2576244.04,0.0,2.0,2.0,-0.3799999952316284,-0.0,0.22978246212005615,0.0,0.0,-6.0,0.0,0.0,0.0,0.0,0.0
2576255.041,0.0,-1.0,-1.0,0.1899999976158142,0.0,1.0953149795532227,1.0,9.0,-2.0,0.0,0.0,0.0,0.0,0.0
2576265.041,0.0,3.0,3.0,-0.5699999928474426,-0.0,-0.26898205280303955,0.0,0.0,-5.0,0.0,0.0,0.0,0.0,0.0
2576276.098,0.0,0.0,0.0,0.0,0.0,0.6713650822639465,0.0,0.0,-2.0,0.0,0.0,0.0,0.0,0.0
2576287.126,0.0,0.0,0.0,0.0,0.0,0.5706603527069092,0.0,0.0,-2.0,0.0,0.0,0.0,0.0,0.0
2576298.125,0.0,3.0,3.0,-0.5699999928474426,-0.0,-0.4149385392665863,0.0,0.0,-6.0,0.0,0.0,0.0,0.0,0.0
2576308.126,0.0,3.0,3.0,-0.5699999928474426,-0.0,-0.3526977598667145,0.0,0.0,-6.0,0.0,0.0,0.0,0.0,0.0
2576318.127,0.0,2.0,2.0,-0.3799999952316284,-0.0,0.00020684802439063787,0.0,0.0,-6.0,0.0,0.0,0.0,0.0,0.0
2576328.794,0.0,3.0,3.0,-0.5699999928474426,-0.0,-0.2998241186141968,0.0,0.0,-6.0,0.0,0.0,0.0,0.0,0.0
2576338.794,0.0,1.0,1.0,-0.1899999976158142,-0.0,0.3451493978500366,0.0,0.0,-5.0,0.0,0.0,0.0,0.0,0.0
2576349.126,0.0,0.0,0.0,0.0,0.0,0.5933769345283508,0.0,0.0,-3.0,0.0,0.0,0.0,0.0,0.0
2576359.126,0.0,4.0,4.0,-0.7599999904632568,-0.0,-0.6956294178962708,-1.0,-9.0,-4.0,0.0,0.0,0.0,0.0,0.0
2576369.126,0.0,1.0,1.0,-0.1899999976158142,-0.0,0.3087148368358612,0.0,0.0,-2.0,0.0,0.0,0.0,0.0,0.0
2576380.126,0.0,0.0,0.0,0.0,0.0,0.5624075531959534,0.0,0.0,-3.0,0.0,0.0,0.0,0.0,0.0
2576390.127,0.0,4.0,4.0,-0.7599999904632568,-0.0,-0.7219533920288086,-1.0,-9.0,-3.0,0.0,0.0,0.0,0.0,0.0
2576400.128,0.0,0.0,0.0,0.0,0.0,0.5863394141197205,0.0,0.0,-2.0,0.0,0.0,0.0,0.0,0.0
2576410.129,0.0,0.0,0.0,0.0,0.0,0.49838852882385254,0.0,0.0,-6.0,0.0,0.0,0.0,0.0,0.0
2576420.13,0.0,1.0,1.0,-0.1899999976158142,-0.0,0.12363030761480331,0.0,0.0,-7.0,0.0,0.0,0.0,0.0,0.0
2576430.434,0.0,2.0,2.0,-0.3799999952316284,-0.0,-0.19491419196128845,0.0,0.0,-5.0,0.0,0.0,0.0,0.0,0.0
2576440.434,0.0,7.0,7.0,-1.3299999237060547,-0.0,-1.6656768321990967,-2.0,-11.0,-3.0,0.0,0.0,0.0,0.0,0.0
2576450.434,0.0,1.0,1.0,-0.1899999976158142,-0.0,0.3841743767261505,0.0,0.0,-5.0,0.0,0.0,0.0,0.0,0.0
2576460.434,0.0,0.0,0.0,0.0,0.0,0.626548171043396,0.0,0.0,-1.0,0.0,0.0,0.0,0.0,0.0
2576470.435,0.0,3.0,3.0,-0.5699999928474426,-0.0,-0.36743390560150146,0.0,0.0,-4.0,0.0,0.0,0.0,0.0,0.0
2576480.436,0.0,3.0,3.0,-0.5699999928474426,-0.0,-0.3123188316822052,0.0,0.0,-7.0,0.0,0.0,0.0,0.0,0.0
2576490.436,0.0,0.0,0.0,0.0,0.0,0.6345288157463074,0.0,0.0,-8.0,0.0,0.0,0.0,0.0,0.0
2576501.125,0.0,0.0,0.0,0.0,0.0,0.5393494963645935,0.0,0.0,-6.0,0.0,0.0,0.0,0.0,0.0
2576511.125,0.0,1.0,1.0,-0.1899999976158142,-0.0,0.15844713151454926,0.0,0.0,-4.0,0.0,0.0,0.0,0.0,0.0
2576521.125,0.0,1.0,1.0,-0.1899999976158142,-0.0,0.13468006253242493,0.0,0.0,-4.0,0.0,0.0,0.0,0.0,0.0
2576532.125,0.0,3.0,3.0,-0.5699999928474426,-0.0,-0.4855218529701233,-1.0,-9.0,-4.0,0.0,0.0,0.0,0.0,0.0
2576543.126,0.0,1.0,1.0,-0.1899999976158142,-0.0,0.18730631470680237,0.0,0.0,-4.0,0.0,0.0,0.0,0.0,0.0
2576553.127,0.0,0.0,0.0,0.0,0.0,0.4592103362083435,0.0,0.0,-4.0,0.0,0.0,0.0,0.0,0.0
2576563.128,0.0,1.0,1.0,-0.1899999976158142,-0.0,0.09032884240150452,0.0,0.0,-7.0,0.0,0.0,0.0,0.0,0.0
2576574.125,0.0,0.0,0.0,0.0,0.0,0.3767794668674469,0.0,0.0,-3.0,0.0,0.0,0.0,0.0,0.0
2576585.304,0.0,2.0,2.0,-0.3799999952316284,-0.0,-0.27973735332489014,0.0,0.0,-4.0,0.0,0.0,0.0,0.0,0.0
2576596.125,0.0,0.0,0.0,0.0,0.0,0.4878896176815033,0.0,0.0,-5.0,0.0,0.0,0.0,0.0,0.0
2576606.375,0.0,2.0,2.0,-0.3799999952316284,-0.0,-0.18529371917247772,0.0,0.0,-5.0,0.0,0.0,0.0,0.0,0.0
2576617.125,0.0,0.0,0.0,0.0,0.0,0.4425002336502075,0.0,0.0,-5.0,0.0,0.0,0.0,0.0,0.0
2576628.125,0.0,5.0,5.0,-0.949999988079071,-0.0,-1.123874545097351,-2.0,-11.0,-6.0,0.0,0.0,0.0,0.0,0.0
2576639.126,0.0,2.0,2.0,-0.3799999952316284,-0.0,-0.05529353395104408,0.0,0.0,-3.0,0.0,0.0,0.0,0.0,0.0
2576649.126,0.0,2.0,2.0,-0.3799999952316284,-0.0,-0.046999506652355194,0.0,0.0,-3.0,0.0,0.0,0.0,0.0,0.0
2576659.126,0.0,3.0,3.0,-0.5699999928474426,-0.0,-0.3399495482444763,0.0,0.0,-3.0,0.0,0.0,0.0,0.0,0.0
2576670.126,0.0,1.0,1.0,-0.1899999976158142,-0.0,0.31104278564453125,0.0,0.0,-2.0,0.0,0.0,0.0,0.0,0.0
2576680.126,0.0,4.0,4.0,-0.7599999904632568,-0.0,-0.6356135010719299,-1.0,-9.0,-4.0,0.0,0.0,0.0,0.0,0.0
2576690.126,0.0,-1.0,-1.0,0.1899999976158142,0.0,0.9597282409667969,1.0,9.0,-5.0,0.0,0.0,0.0,0.0,0.0
2576701.126,0.0,2.0,2.0,-0.3799999952316284,-0.0,-0.08423083275556564,0.0,0.0,-1.0,0.0,0.0,0.0,0.0,0.0
2576712.126,0.0,2.0,2.0,-0.3799999952316284,-0.0,-0.07159621268510818,0.0,0.0,-1.0,0.0,0.0,0.0,0.0,0.0
2576722.127,0.0,1.0,1.0,-0.1899999976158142,-0.0,0.23914316296577454,0.0,0.0,-7.0,0.0,0.0,0.0,0.0,0.0
2576732.128,0.0,2.0,2.0,-0.3799999952316284,-0.0,-0.09672825783491135,0.0,0.0,-7.0,0.0,0.0,0.0,0.0,0.0
2576742.129,0.0,0.0,0.0,0.0,0.0,0.5177809000015259,0.0,0.0,-4.0,0.0,0.0,0.0,0.0,0.0
2576752.129,0.0,2.0,2.0,-0.3799999952316284,-0.0,-0.15988612174987793,0.0,0.0,-6.0,0.0,0.0,0.0,0.0,0.0
2576762.493,0.0,3.0,3.0,-0.5699999928474426,-0.0,-0.4359031617641449,-1.0,-9.0,-4.0,0.0,0.0,0.0,0.0,0.0
2576772.494,0.0,2.0,2.0,-0.3799999952316284,-0.0,-0.07051774859428406,0.0,0.0,-6.0,0.0,0.0,0.0,0.0,0.0
2576783.125,0.0,3.0,3.0,-0.5699999928474426,-0.0,-0.3599400520324707,0.0,0.0,-4.0,0.0,0.0,0.0,0.0,0.0
2576793.125,0.0,2.0,2.0,-0.3799999952316284,-0.0,-0.005949100479483604,0.0,0.0,-6.0,0.0,0.0,0.0,0.0,0.0
2576803.125,0.0,-1.0,-1.0,0.1899999976158142,0.0,0.894943118095398,1.0,9.0,-4.0,0.0,0.0,0.0,0.0,0.0
2576814.121,0.0,2.0,2.0,-0.3799999952316284,-0.0,-0.1392981857061386,0.0,0.0,-4.0,0.0,0.0,0.0,0.0,0.0
2576824.122,0.0,4.0,4.0,-0.7599999904632568,-0.0,-0.7184033393859863,-1.0,-9.0,-6.0,0.0,0.0,0.0,0.0,0.0
2576834.123,0.0,3.0,3.0,-0.5699999928474426,-0.0,-0.31064289808273315,0.0,0.0,-4.0,0.0,0.0,0.0,0.0,0.0
2576844.123,0.0,2.0,2.0,-0.3799999952316284,-0.0,0.03595348075032234,0.0,0.0,-3.0,0.0,0.0,0.0,0.0,0.0
2576855.003,0.0,2.0,2.0,-0.3799999952316284,-0.0,0.030560459941625595,0.0,0.0,-3.0,0.0,0.0,0.0,0.0,0.0
2576865.004,0.0,1.0,1.0,-0.1899999976158142,-0.0,0.32597634196281433,0.0,0.0,-5.0,0.0,0.0,0.0,0.0,0.0
2576875.005,0.0,3.0,3.0,-0.5699999928474426,-0.0,-0.3229199945926666,0.0,0.0,-5.0,0.0,0.0,0.0,0.0,0.0
2576885.005,0.0,3.0,3.0,-0.5699999928474426,-0.0,-0.27448201179504395,0.0,0.0,-6.0,0.0,0.0,0.0,0.0,0.0
2576895.005,0.0,3.0,3.0,-0.5699999928474426,-0.0,-0.23330971598625183,0.0,0.0,-6.0,0.0,0.0,0.0,0.0,0.0
2576905.005,0.0,3.0,3.0,-0.5699999928474426,-0.0,-0.19831326603889465,0.0,0.0,-8.0,0.0,0.0,0.0,0.0,0.0
2576915.125,0.0,5.0,5.0,-0.949999988079071,-0.0,-0.7685661911964417,-1.0,-9.0,-4.0,0.0,0.0,0.0,0.0,0.0
2576926.125,0.0,4.0,4.0,-0.7599999904632568,-0.0,-0.35328131914138794,-1.0,-9.0,-2.0,0.0,0.0,0.0,0.0,0.0
2576936.126,0.0,4.0,4.0,-0.7599999904632568,-0.0,-0.300289124250412,-1.0,-9.0,-2.0,0.0,0.0,0.0,0.0,0.0
2576947.125,0.0,2.0,2.0,-0.3799999952316284,-0.0,0.3447541296482086,0.0,0.0,-5.0,0.0,0.0,0.0,0.0,0.0
2576957.126,0.0,-1.0,-1.0,0.1899999976158142,0.0,1.1930408477783203,1.0,9.0,-5.0,0.0,0.0,0.0,0.0,0.0
2576967.126,0.0,2.0,2.0,-0.3799999952316284,-0.0,0.114084891974926,0.0,0.0,-3.0,0.0,0.0,0.0,0.0,0.0
2576977.127,0.0,2.0,2.0,-0.3799999952316284,-0.0,0.09697216004133224,0.0,0.0,-5.0,0.0,0.0,0.0,0.0,0.0
2576987.128,0.0,1.0,1.0,-0.1899999976158142,-0.0,0.38242629170417786,0.0,0.0,-7.0,0.0,0.0,0.0,0.0,0.0
2576998.125,0.0,3.0,3.0,-0.5699999928474426,-0.0,-0.27493754029273987,0.0,0.0,-4.0,0.0,0.0,0.0,0.0,0.0
2577008.325,0.0,1.0,1.0,-0.1899999976158142,-0.0,0.3663029968738556,0.0,0.0,-5.0,0.0,0.0,0.0,0.0,0.0
2577019.195,0.0,0.0,0.0,0.0,0.0,0.609653890132904,0.0,0.0,-6.0,0.0,0.0,0.0,0.0,0.0
2577030.125,0.0,2.0,2.0,-0.3799999952316284,-0.0,-0.08179408311843872,0.0,0.0,-6.0,0.0,0.0,0.0,0.0,0.0
2577040.126,0.0,2.0,2.0,-0.3799999952316284,-0.0,-0.06952497363090515,0.0,0.0,-3.0,0.0,0.0,0.0,0.0,0.0
2577050.988,0.0,2.0,2.0,-0.3799999952316284,-0.0,-0.05909622833132744,0.0,0.0,-4.0,0.0,0.0,0.0,0.0,0.0
2577060.988,0.0,4.0,4.0,-0.7599999904632568,-0.0,-0.6502317190170288,-1.0,-9.0,-4.0,0.0,0.0,0.0,0.0,0.0
2577070.989,0.0,2.0,2.0,-0.3799999952316284,-0.0,0.04730292782187462,0.0,0.0,-5.0,0.0,0.0,0.0,0.0,0.0
2577080.991,0.0,3.0,3.0,-0.5699999928474426,-0.0,-0.2597924768924713,0.0,0.0,-3.0,0.0,0.0,0.0,0.0,0.0
2577091.296,0.0,0.0,0.0,0.0,0.0,0.6791762709617615,0.0,0.0,-3.0,0.0,0.0,0.0,0.0,0.0
2577102.126,0.0,2.0,2.0,-0.3799999952316284,-0.0,-0.022700058296322823,0.0,0.0,-7.0,0.0,0.0,0.0,0.0,0.0
2577113.126,0.0,3.0,3.0,-0.5699999928474426,-0.0,-0.3192949891090393,0.0,0.0,-2.0,0.0,0.0,0.0,0.0,0.0
2577123.126,0.0,5.0,5.0,-0.949999988079071,-0.0,-0.8714006543159485,-1.0,-9.0,-6.0,0.0,0.0,0.0,0.0,0.0
2577133.126,0.0,1.0,1.0,-0.1899999976158142,-0.0,0.4593092203140259,0.0,0.0,-2.0,0.0,0.0,0.0,0.0,0.0
2577144.125,0.0,3.0,3.0,-0.5699999928474426,-0.0,-0.20958705246448517,0.0,0.0,-5.0,0.0,0.0,0.0,0.0,0.0
2577154.125,0.0,-2.0,-2.0,0.3799999952316284,0.0,1.3218507766723633,1.0,9.0,-7.0,0.0,0.0,0.0,0.0,0.0
2577164.125,0.0,4.0,4.0,-0.7599999904632568,-0.0,-0.6764265298843384,-1.0,-9.0,-5.0,0.0,0.0,0.0,0.0,0.0
2577174.716,0.0,4.0,4.0,-0.7599999904632568,-0.0,-0.5749625563621521,-1.0,-9.0,-5.0,0.0,0.0,0.0,0.0,0.0
2577184.716,0.0,0.0,0.0,0.0,0.0,0.7112815976142883,0.0,0.0,-4.0,0.0,0.0,0.0,0.0,0.0
2577195.125,0.0,0.0,0.0,0.0,0.0,0.6045894026756287,0.0,0.0,-4.0,0.0,0.0,0.0,0.0,0.0
2577206.098,0.0,1.0,1.0,-0.1899999976158142,-0.0,0.21390105783939362,0.0,0.0,-2.0,0.0,0.0,0.0,0.0,0.0
2577217.125,0.0,3.0,3.0,-0.5699999928474426,-0.0,-0.4181840121746063,0.0,0.0,-3.0,0.0,0.0,0.0,0.0,0.0
2577228.126,0.0,2.0,2.0,-0.3799999952316284,-0.0,-0.05545646697282791,0.0,0.0,-4.0,0.0,0.0,0.0,0.0,0.0
2577238.126,0.0,0.0,0.0,0.0,0.0,0.5528619289398193,0.0,0.0,-6.0,0.0,0.0,0.0,0.0,0.0
2577248.126,0.0,3.0,3.0,-0.5699999928474426,-0.0,-0.4300672113895416,-1.0,-9.0,-7.0,0.0,0.0,0.0,0.0,0.0
2577258.126,0.0,2.0,2.0,-0.3799999952316284,-0.0,-0.06555718928575516,0.0,0.0,-4.0,0.0,0.0,0.0,0.0,0.0
2577268.671,0.0,3.0,3.0,-0.5699999928474426,-0.0,-0.3557235598564148,0.0,0.0,-6.0,0.0,0.0,0.0,0.0,0.0
2577278.672,0.0,1.0,1.0,-0.1899999976158142,-0.0,0.29763486981391907,0.0,0.0,-4.0,0.0,0.0,0.0,0.0,0.0
2577289.126,0.0,1.0,1.0,-0.1899999976158142,-0.0,0.25298964977264404,0.0,0.0,-5.0,0.0,0.0,0.0,0.0,0.0
2577299.182,0.0,2.0,2.0,-0.3799999952316284,-0.0,-0.0849587470293045,0.0,0.0,-5.0,0.0,0.0,0.0,0.0,0.0
2577310.122,0.0,3.0,3.0,-0.5699999928474426,-0.0,-0.3722148835659027,0.0,0.0,-7.0,0.0,0.0,0.0,0.0,0.0
2577320.122,0.0,0.0,0.0,0.0,0.0,0.5836172103881836,0.0,0.0,-6.0,0.0,0.0,0.0,0.0,0.0
2577331.156,0.0,2.0,2.0,-0.3799999952316284,-0.0,-0.13333645462989807,0.0,0.0,-8.0,0.0,0.0,0.0,0.0,0.0
2577341.156,0.0,1.0,1.0,-0.1899999976158142,-0.0,0.18666395545005798,0.0,0.0,-6.0,0.0,0.0,0.0,0.0,0.0
2577352.125,0.0,2.0,2.0,-0.3799999952316284,-0.0,-0.141335591673851,0.0,0.0,-6.0,0.0,0.0,0.0,0.0,0.0
2577362.598,0.0,0.0,0.0,0.0,0.0,0.4798646569252014,0.0,0.0,-5.0,0.0,0.0,0.0,0.0,0.0
2577372.599,0.0,-1.0,-1.0,0.1899999976158142,0.0,0.7078849077224731,0.0,0.0,-4.0,0.0,0.0,0.0,0.0,0.0
2577382.6,0.0,2.0,2.0,-0.3799999952316284,-0.0,-0.2982976734638214,0.0,0.0,-5.0,0.0,0.0,0.0,0.0,0.0
2577392.667,0.0,4.0,4.0,-0.7599999904632568,-0.0,-0.8535529375076294,-1.0,-9.0,-5.0,0.0,0.0,0.0,0.0,0.0
2577402.668,0.0,4.0,4.0,-0.7599999904632568,-0.0,-0.7255200147628784,-1.0,-9.0,-5.0,0.0,0.0,0.0,0.0,0.0
2577413.125,0.0,1.0,1.0,-0.1899999976158142,-0.0,0.283307820558548,0.0,0.0,-4.0,0.0,0.0,0.0,0.0,0.0
2577423.125,0.0,3.0,3.0,-0.5699999928474426,-0.0,-0.3591882586479187,0.0,0.0,-8.0,0.0,0.0,0.0,0.0,0.0
2577433.126,0.0,0.0,0.0,0.0,0.0,0.5946898460388184,0.0,0.0,-8.0,0.0,0.0,0.0,0.0,0.0
2577443.638,0.0,1.0,1.0,-0.1899999976158142,-0.0,0.20548643171787262,0.0,0.0,-4.0,0.0,0.0,0.0,0.0,0.0
2577453.639,0.0,2.0,2.0,-0.3799999952316284,-0.0,-0.12533648312091827,0.0,0.0,-8.0,0.0,0.0,0.0,0.0,0.0
2577463.639,0.0,3.0,3.0,-0.5699999928474426,-0.0,-0.40653595328330994,0.0,0.0,-5.0,0.0,0.0,0.0,0.0,0.0
2577474.041,0.0,5.0,5.0,-0.949999988079071,-0.0,-0.9455554485321045,-1.0,-9.0,-5.0,0.0,0.0,0.0,0.0,0.0
2577484.041,0.0,2.0,2.0,-0.3799999952316284,-0.0,0.09627770632505417,0.0,0.0,-3.0,0.0,0.0,0.0,0.0,0.0
2577495.098,0.0,-1.0,-1.0,0.1899999976158142,0.0,0.9818359017372131,1.0,9.0,-6.0,0.0,0.0,0.0,0.0,0.0
2577505.099,0.0,0.0,0.0,0.0,0.0,0.5345605611801147,0.0,0.0,-5.0,0.0,0.0,0.0,0.0,0.0
2577515.136,0.0,2.0,2.0,-0.3799999952316284,-0.0,-0.14562341570854187,0.0,0.0,-4.0,0.0,0.0,0.0,0.0,0.0
2577525.137,0.0,-1.0,-1.0,0.1899999976158142,0.0,0.7762199640274048,0.0,0.0,-3.0,0.0,0.0,0.0,0.0,0.0
2577536.125,0.0,1.0,1.0,-0.1899999976158142,-0.0,0.0597870834171772,0.0,0.0,-7.0,0.0,0.0,0.0,0.0,0.0
2577547.125,0.0,-1.0,-1.0,0.1899999976158142,0.0,0.650818943977356,0.0,0.0,-6.0,0.0,0.0,0.0,0.0,0.0
2577557.196,0.0,1.0,1.0,-0.1899999976158142,-0.0,-0.0468037873506546,0.0,0.0,-4.0,0.0,0.0,0.0,0.0,0.0
2577567.197,0.0,4.0,4.0,-0.7599999904632568,-0.0,-0.9397830963134766,-1.0,-9.0,-6.0,0.0,0.0,0.0,0.0,0.0
2577578.126,0.0,0.0,0.0,0.0,0.0,0.4011841416358948,0.0,0.0,-4.0,0.0,0.0,0.0,0.0,0.0
2577588.127,0.0,2.0,2.0,-0.3799999952316284,-0.0,-0.25899338722229004,0.0,0.0,-7.0,0.0,0.0,0.0,0.0,0.0
2577599.126,0.0,0.0,0.0,0.0,0.0,0.37985551357269287,0.0,0.0,-6.0,0.0,0.0,0.0,0.0,0.0
2577609.126,0.0,1.0,1.0,-0.1899999976158142,-0.0,0.022877242416143417,0.0,0.0,-4.0,0.0,0.0,0.0,0.0,0.0
2577619.126,0.0,1.0,1.0,-0.1899999976158142,-0.0,0.01944565586745739,0.0,0.0,-4.0,0.0,0.0,0.0,0.0,0.0
2577629.126,0.0,1.0,1.0,-0.1899999976158142,-0.0,0.01652880758047104,0.0,0.0,-4.0,0.0,0.0,0.0,0.0,0.0
2577639.126,0.0,3.0,3.0,-0.5699999928474426,-0.0,-0.5859504342079163,-1.0,-9.0,-6.0,0.0,0.0,0.0,0.0,0.0
2577649.126,0.0,2.0,2.0,-0.3799999952316284,-0.0,-0.19805793464183807,0.0,0.0,-7.0,0.0,0.0,0.0,0.0,0.0
2577660.126,0.0,2.0,2.0,-0.3799999952316284,-0.0,-0.1683492511510849,0.0,0.0,-3.0,0.0,0.0,0.0,0.0,0.0
2577670.127,0.0,5.0,5.0,-0.949999988079071,-0.0,-1.0430967807769775,-1.0,-9.0,-3.0,0.0,0.0,0.0,0.0,0.0
2577680.606,0.0,1.0,1.0,-0.1899999976158142,-0.0,0.3133675158023834,0.0,0.0,-7.0,0.0,0.0,0.0,0.0,0.0
2577691.125,0.0,3.0,3.0,-0.5699999928474426,-0.0,-0.3336375057697296,0.0,0.0,-7.0,0.0,0.0,0.0,0.0,0.0
2577702.126,0.0,1.0,1.0,-0.1899999976158142,-0.0,0.3164080083370209,0.0,0.0,-6.0,0.0,0.0,0.0,0.0,0.0
2577712.127,0.0,1.0,1.0,-0.1899999976158142,-0.0,0.2689468264579773,0.0,0.0,-6.0,0.0,0.0,0.0,0.0,0.0
2577722.128,0.0,1.0,1.0,-0.1899999976158142,-0.0,0.22860480844974518,0.0,0.0,-4.0,0.0,0.0,0.0,0.0,0.0
2577733.126,0.0,-1.0,-1.0,0.1899999976158142,0.0,0.7943140268325806,0.0,0.0,-4.0,0.0,0.0,0.0,0.0,0.0
2577744.126,0.0,3.0,3.0,-0.5699999928474426,-0.0,-0.40110793709754944,0.0,0.0,-4.0,0.0,0.0,0.0,0.0,0.0
2577754.126,0.0,3.0,3.0,-0.5699999928474426,-0.0,-0.34094175696372986,0.0,0.0,-3.0,0.0,0.0,0.0,0.0,0.0
2577764.914,0.0,1.0,1.0,-0.1899999976158142,-0.0,0.31019940972328186,0.0,0.0,-4.0,0.0,0.0,0.0,0.0,0.0
2577775.125,0.0,0.0,0.0,0.0,0.0,0.5636694431304932,0.0,0.0,-5.0,0.0,0.0,0.0,0.0,0.0
2577785.126,0.0,1.0,1.0,-0.1899999976158142,-0.0,0.17911909520626068,0.0,0.0,-6.0,0.0,0.0,0.0,0.0,0.0
2577795.127,0.0,1.0,1.0,-0.1899999976158142,-0.0,0.1522512286901474,0.0,0.0,-6.0,0.0,0.0,0.0,0.0,0.0
2577805.127,0.0,-1.0,-1.0,0.1899999976158142,0.0,0.7294134497642517,0.0,0.0,-3.0,0.0,0.0,0.0,0.0,0.0
2577815.127,0.0,2.0,2.0,-0.3799999952316284,-0.0,-0.27999842166900635,0.0,0.0,-2.0,0.0,0.0,0.0,0.0,0.0
2577825.128,0.0,0.0,0.0,0.0,0.0,0.3620012402534485,0.0,0.0,-6.0,0.0,0.0,0.0,0.0,0.0
2577836.125,0.0,1.0,1.0,-0.1899999976158142,-0.0,0.007701110560446978,0.0,0.0,-4.0,0.0,0.0,0.0,0.0,0.0
2577847.15,0.0,1.0,1.0,-0.1899999976158142,-0.0,0.0065459441393613815,0.0,0.0,-4.0,0.0,0.0,0.0,0.0,0.0
2577858.126,0.0,2.0,2.0,-0.3799999952316284,-0.0,-0.29443588852882385,0.0,0.0,-7.0,0.0,0.0,0.0,0.0,0.0
2577868.126,0.0,0.0,0.0,0.0,0.0,0.34972938895225525,0.0,0.0,-5.0,0.0,0.0,0.0,0.0,0.0
2577878.127,0.0,3.0,3.0,-0.5699999928474426,-0.0,-0.602729856967926,-1.0,-9.0,-5.0,0.0,0.0,0.0,0.0,0.0
2577888.127,0.0,1.0,1.0,-0.1899999976158142,-0.0,0.08767951279878616,0.0,0.0,-6.0,0.0,0.0,0.0,0.0,0.0
2577899.125,0.0,3.0,3.0,-0.5699999928474426,-0.0,-0.5254723429679871,-1.0,-9.0,-4.0,0.0,0.0,0.0,0.0,0.0
2577910.312,0.0,2.0,2.0,-0.3799999952316284,-0.0,-0.14665155112743378,0.0,0.0,-5.0,0.0,0.0,0.0,0.0,0.0
2577920.312,0.0,2.0,2.0,-0.3799999952316284,-0.0,-0.12465382367372513,0.0,0.0,-3.0,0.0,0.0,0.0,0.0,0.0
2577931.125,0.0,0.0,0.0,0.0,0.0,0.49404415488243103,0.0,0.0,-4.0,0.0,0.0,0.0,0.0,0.0
2577941.126,0.0,0.0,0.0,0.0,0.0,0.4199375510215759,0.0,0.0,-4.0,0.0,0.0,0.0,0.0,0.0
2577951.127,0.0,3.0,3.0,-0.5699999928474426,-0.0,-0.5430529117584229,-1.0,-9.0,-6.0,0.0,0.0,0.0,0.0,0.0
2577961.127,0.0,3.0,3.0,-0.5699999928474426,-0.0,-0.46159499883651733,-1.0,-9.0,-5.0,0.0,0.0,0.0,0.0,0.0
2577972.126,0.0,1.0,1.0,-0.1899999976158142,-0.0,0.20764414966106415,0.0,0.0,-5.0,0.0,0.0,0.0,0.0,0.0
2577982.127,0.0,1.0,1.0,-0.1899999976158142,-0.0,0.17649753391742706,0.0,0.0,-3.0,0.0,0.0,0.0,0.0,0.0
2577993.125,0.0,2.0,2.0,-0.3799999952316284,-0.0,-0.14997704327106476,0.0,0.0,-3.0,0.0,0.0,0.0,0.0,0.0
2578004.126,0.0,1.0,1.0,-0.1899999976158142,-0.0,0.17251946032047272,0.0,0.0,-5.0,0.0,0.0,0.0,0.0,0.0
2578015.125,0.0,2.0,2.0,-0.3799999952316284,-0.0,-0.15335839986801147,0.0,0.0,-4.0,0.0,0.0,0.0,0.0,0.0
2578026.125,0.0,2.0,2.0,-0.3799999952316284,-0.0,-0.1558014303445816,0.0,0.0,-6.0,0.0,0.0,0.0,0.0,0.0
2578036.125,0.0,-2.0,-2.0,0.3799999952316284,0.0,1.0675685405731201,1.0,9.0,-9.0,0.0,0.0,0.0,0.0,0.0
2578046.126,0.0,0.0,0.0,0.0,0.0,0.3074333667755127,0.0,0.0,-3.0,0.0,0.0,0.0,0.0,0.0
2578057.126,0.0,1.0,1.0,-0.1899999976158142,-0.0,-0.03868158161640167,0.0,0.0,-6.0,0.0,0.0,0.0,0.0,0.0
2578067.126,0.0,2.0,2.0,-0.3799999952316284,-0.0,-0.33287930488586426,0.0,0.0,-11.0,0.0,0.0,0.0,0.0,0.0
2578078.125,0.0,0.0,0.0,0.0,0.0,0.3170524835586548,0.0,0.0,-7.0,0.0,0.0,0.0,0.0,0.0
2578089.126,0.0,3.0,3.0,-0.5699999928474426,-0.0,-0.6305052638053894,-1.0,-9.0,-7.0,0.0,0.0,0.0,0.0,0.0
2578100.141,0.0,4.0,4.0,-0.7599999904632568,-0.0,-0.8359294533729553,-1.0,-9.0,-6.0,0.0,0.0,0.0,0.0,0.0
2578110.38,0.0,4.0,4.0,-0.7599999904632568,-0.0,-0.7105400562286377,-1.0,-9.0,-6.0,0.0,0.0,0.0,0.0,0.0
2578121.126,0.0,2.0,2.0,-0.3799999952316284,-0.0,-0.0039591602981090546,0.0,0.0,-6.0,0.0,0.0,0.0,0.0,0.0
2578131.126,0.0,0.0,0.0,0.0,0.0,0.5966346263885498,0.0,0.0,-5.0,0.0,0.0,0.0,0.0,0.0
2578141.127,0.0,3.0,3.0,-0.5699999928474426,-0.0,-0.39286041259765625,0.0,0.0,-5.0,0.0,0.0,0.0,0.0,0.0
2578151.127,0.0,2.0,2.0,-0.3799999952316284,-0.0,-0.03393140807747841,0.0,0.0,-4.0,0.0,0.0,0.0,0.0,0.0
2578161.128,0.0,2.0,2.0,-0.3799999952316284,-0.0,-0.028841698542237282,0.0,0.0,-6.0,0.0,0.0,0.0,0.0,0.0
2578171.133,0.0,1.0,1.0,-0.1899999976158142,-0.0,0.27548450231552124,0.0,0.0,-4.0,0.0,0.0,0.0,0.0,0.0
2578181.134,0.0,4.0,4.0,-0.7599999904632568,-0.0,-0.6658380031585693,-1.0,-9.0,-4.0,0.0,0.0,0.0,0.0,0.0
2578191.134,0.0,3.0,3.0,-0.5699999928474426,-0.0,-0.2659623622894287,0.0,0.0,-4.0,0.0,0.0,0.0,0.0,0.0
2578202.126,0.0,3.0,3.0,-0.5699999928474426,-0.0,-0.22606801986694336,0.0,0.0,-5.0,0.0,0.0,0.0,0.0,0.0
2578212.127,0.0,2.0,2.0,-0.3799999952316284,-0.0,0.10784213244915009,0.0,0.0,-4.0,0.0,0.0,0.0,0.0,0.0
2578223.098,0.0,3.0,3.0,-0.5699999928474426,-0.0,-0.20833413302898407,0.0,0.0,-5.0,0.0,0.0,0.0,0.0,0.0
2578233.099,0.0,-1.0,-1.0,0.1899999976158142,0.0,1.0229158401489258,1.0,9.0,-5.0,0.0,0.0,0.0,0.0,0.0
2578243.1,0.0,1.0,1.0,-0.1899999976158142,-0.0,0.26947858929634094,0.0,0.0,-3.0,0.0,0.0,0.0,0.0,0.0
2578253.435,0.0,1.0,1.0,-0.1899999976158142,-0.0,0.22905680537223816,0.0,0.0,-2.0,0.0,0.0,0.0,0.0,0.0
2578264.126,0.0,0.0,0.0,0.0,0.0,0.49469825625419617,0.0,0.0,-3.0,0.0,0.0,0.0,0.0,0.0
2578274.126,0.0,0.0,0.0,0.0,0.0,0.42049354314804077,0.0,0.0,-4.0,0.0,0.0,0.0,0.0,0.0
2578285.125,0.0,2.0,2.0,-0.3799999952316284,-0.0,-0.242580384016037,0.0,0.0,-8.0,0.0,0.0,0.0,0.0,0.0
2578296.126,0.0,-1.0,-1.0,0.1899999976158142,0.0,0.693806529045105,0.0,0.0,-3.0,0.0,0.0,0.0,0.0,0.0
2578306.127,0.0,0.0,0.0,0.0,0.0,0.2897356152534485,0.0,0.0,-5.0,0.0,0.0,0.0,0.0,0.0
2578316.76,0.0,0.0,0.0,0.0,0.0,0.24627527594566345,0.0,0.0,-6.0,0.0,0.0,0.0,0.0,0.0
2578326.761,0.0,1.0,1.0,-0.1899999976158142,-0.0,-0.09066595882177353,0.0,0.0,-4.0,0.0,0.0,0.0,0.0,0.0
2578336.763,0.0,4.0,4.0,-0.7599999904632568,-0.0,-0.977065920829773,-1.0,-9.0,-2.0,0.0,0.0,0.0,0.0,0.0
2578347.126,0.0,0.0,0.0,0.0,0.0,0.3694937527179718,0.0,0.0,-4.0,0.0,0.0,0.0,0.0,0.0
2578358.128,0.0,1.0,1.0,-0.1899999976158142,-0.0,0.14695923030376434,0.0,0.0,-4.0,0.0,0.0,0.0,0.0,0.0
2578368.128,0.0,3.0,3.0,-0.5699999928474426,-0.0,-0.4750845432281494,-1.0,-9.0,-9.0,0.0,0.0,0.0,0.0,0.0
2578379.041,0.0,1.0,1.0,-0.1899999976158142,-0.0,0.19617803394794464,0.0,0.0,-6.0,0.0,0.0,0.0,0.0,0.0
2578389.041,0.0,0.0,0.0,0.0,0.0,0.4667512774467468,0.0,0.0,-7.0,0.0,0.0,0.0,0.0,0.0
2578400.125,0.0,2.0,2.0,-0.3799999952316284,-0.0,-0.20326130092144012,0.0,0.0,-3.0,0.0,0.0,0.0,0.0,0.0
2578411.125,0.0,2.0,2.0,-0.3799999952316284,-0.0,-0.1727721095085144,0.0,0.0,-3.0,0.0,0.0,0.0,0.0,0.0
2578422.125,0.0,1.0,1.0,-0.1899999976158142,-0.0,0.15314365923404694,0.0,0.0,-3.0,0.0,0.0,0.0,0.0,0.0
2578432.692,0.0,4.0,4.0,-0.7599999904632568,-0.0,-0.7698277235031128,-1.0,-9.0,-4.0,0.0,0.0,0.0,0.0,0.0
2578442.693,0.0,-1.0,-1.0,0.1899999976158142,0.0,0.8456462025642395,1.0,9.0,-6.0,0.0,0.0,0.0,0.0,0.0
2578452.842,0.0,0.0,0.0,0.0,0.0,0.41879934072494507,0.0,0.0,-3.0,0.0,0.0,0.0,0.0,0.0
2578462.843,0.0,0.0,0.0,0.0,0.0,0.35597944259643555,0.0,0.0,-1.0,0.0,0.0,0.0,0.0,0.0
2578472.843,0.0,2.0,2.0,-0.3799999952316284,-0.0,-0.29741737246513367,0.0,0.0,-3.0,0.0,0.0,0.0,0.0,0.0
2578482.843,0.0,0.0,0.0,0.0,0.0,0.3471951186656952,0.0,0.0,-4.0,0.0,0.0,0.0,0.0,0.0
2578492.843,0.0,1.0,1.0,-0.1899999976158142,-0.0,-0.004884093068540096,0.0,0.0,-6.0,0.0,0.0,0.0,0.0,0.0
2578503.125,0.0,3.0,3.0,-0.5699999928474426,-0.0,-0.6041513681411743,-1.0,-9.0,-3.0,0.0,0.0,0.0,0.0,0.0
2578513.125,0.0,6.0,6.0,-1.1399999856948853,-0.0,-1.413528561592102,-2.0,-11.0,-5.0,0.0,0.0,0.0,0.0,0.0
2578523.8,0.0,1.0,1.0,-0.1899999976158142,-0.0,0.2985004484653473,0.0,0.0,-3.0,0.0,0.0,0.0,0.0,0.0
2578533.8,0.0,1.0,1.0,-0.1899999976158142,-0.0,0.2537253797054291,0.0,0.0,-2.0,0.0,0.0,0.0,0.0,0.0
2578543.8,0.0,1.0,1.0,-0.1899999976158142,-0.0,0.21566657721996307,0.0,0.0,-4.0,0.0,0.0,0.0,0.0,0.0
2578553.801,0.0,3.0,3.0,-0.5699999928474426,-0.0,-0.4166833162307739,0.0,0.0,-5.0,0.0,0.0,0.0,0.0,0.0
2578564.126,0.0,2.0,2.0,-0.3799999952316284,-0.0,-0.054180875420570374,0.0,0.0,-5.0,0.0,0.0,0.0,0.0,0.0
2578574.675,0.0,2.0,2.0,-0.3799999952316284,-0.0,-0.04605374485254288,0.0,0.0,-4.0,0.0,0.0,0.0,0.0,0.0
2578584.675,0.0,2.0,2.0,-0.3799999952316284,-0.0,-0.039145685732364655,0.0,0.0,-4.0,0.0,0.0,0.0,0.0,0.0
2578594.675,0.0,1.0,1.0,-0.1899999976158142,-0.0,0.2667261064052582,0.0,0.0,-4.0,0.0,0.0,0.0,0.0,0.0
2578604.675,0.0,2.0,2.0,-0.3799999952316284,-0.0,-0.07328275591135025,0.0,0.0,-3.0,0.0,0.0,0.0,0.0,0.0
2578615.126,0.0,0.0,0.0,0.0,0.0,0.5377095341682434,0.0,0.0,-4.0,0.0,0.0,0.0,0.0,0.0
2578626.125,0.0,0.0,0.0,0.0,0.0,0.45705312490463257,0.0,0.0,-4.0,0.0,0.0,0.0,0.0,0.0
2578637.259,0.0,0.0,0.0,0.0,0.0,0.38849517703056335,0.0,0.0,-4.0,0.0,0.0,0.0,0.0,0.0
2578648.126,0.0,3.0,3.0,-0.5699999928474426,-0.0,-0.5697789192199707,-1.0,-9.0,-3.0,0.0,0.0,0.0,0.0,0.0
2578659.125,0.0,5.0,5.0,-0.949999988079071,-0.0,-1.0843119621276855,-2.0,-11.0,-4.0,0.0,0.0,0.0,0.0,0.0
2578669.823,0.0,3.0,3.0,-0.5699999928474426,-0.0,-0.32166528701782227,0.0,0.0,-5.0,0.0,0.0,0.0,0.0,0.0
2578679.823,0.0,1.0,1.0,-0.1899999976158142,-0.0,0.3265843987464905,0.0,0.0,-5.0,0.0,0.0,0.0,0.0,0.0
2578690.125,0.0,1.0,1.0,-0.1899999976158142,-0.0,0.27759674191474915,0.0,0.0,-5.0,0.0,0.0,0.0,0.0,0.0
2578700.575,0.0,3.0,3.0,-0.5699999928474426,-0.0,-0.3544362783432007,0.0,0.0,-4.0,0.0,0.0,0.0,0.0,0.0
2578710.575,0.0,0.0,0.0,0.0,0.0,0.5987290143966675,0.0,0.0,-4.0,0.0,0.0,0.0,0.0,0.0
2578720.576,0.0,3.0,3.0,-0.5699999928474426,-0.0,-0.39108017086982727,0.0,0.0,-2.0,0.0,0.0,0.0,0.0,0.0
2578730.577,0.0,1.0,3.0,-0.5699999928474426,-0.0,-0.39108017086982727,0.0,0.0,-3.0,0.0,0.0,0.0,0.0,0.0
2578741.041,0.0,1.0,1.0,-0.1899999976158142,-0.0,0.22744449973106384,0.0,0.0,-2.0,0.0,0.0,0.0,0.0,0.0
2578751.041,0.0,1.0,1.0,-0.1899999976158142,-0.0,0.19332782924175262,0.0,0.0,-8.0,0.0,0.0,0.0,0.0,0.0
2578761.195,0.0,1.0,1.0,-0.1899999976158142,-0.0,0.1643286645412445,0.0,0.0,-8.0,0.0,0.0,0.0,0.0,0.0
2578772.041,0.0,2.0,2.0,-0.3799999952316284,-0.0,-0.16032058000564575,0.0,0.0,1.0,0.0,0.0,0.0,0.0,0.0
2578783.125,0.0,2.0,2.0,-0.3799999952316284,-0.0,-0.13627249002456665,0.0,0.0,-4.0,0.0,0.0,0.0,0.0,0.0
2578793.125,0.0,2.0,2.0,-0.3799999952316284,-0.0,-0.11583162099123001,0.0,0.0,-4.0,0.0,0.0,0.0,0.0,0.0
2578804.098,0.0,3.0,3.0,-0.5699999928474426,-0.0,-0.3984568417072296,0.0,0.0,-5.0,0.0,0.0,0.0,0.0,0.0
2578814.098,0.0,1.0,1.0,-0.1899999976158142,-0.0,0.2613115906715393,0.0,0.0,-2.0,0.0,0.0,0.0,0.0,0.0
2578825.126,0.0,3.0,3.0,-0.5699999928474426,-0.0,-0.37788504362106323,0.0,0.0,-7.0,0.0,0.0,0.0,0.0,0.0
2578835.127,0.0,3.0,3.0,-0.5699999928474426,-0.0,-0.3212023079395294,0.0,0.0,-7.0,0.0,0.0,0.0,0.0,0.0
2578845.128,0.0,2.0,2.0,-0.3799999952316284,-0.0,0.026977982372045517,0.0,0.0,-5.0,0.0,0.0,0.0,0.0,0.0
2578855.128,0.0,2.0,2.0,-0.3799999952316284,-0.0,0.022931285202503204,0.0,0.0,-7.0,0.0,0.0,0.0,0.0,0.0
2578865.128,0.0,0.0,0.0,0.0,0.0,0.6194915175437927,0.0,0.0,-4.0,0.0,0.0,0.0,0.0,0.0
2578875.129,0.0,1.0,1.0,-0.1899999976158142,-0.0,0.2265678495168686,0.0,0.0,-4.0,0.0,0.0,0.0,0.0,0.0
2578885.13,0.0,2.0,2.0,-0.3799999952316284,-0.0,-0.1074172779917717,0.0,0.0,-4.0,0.0,0.0,0.0,0.0,0.0
2578896.125,0.0,1.0,1.0,-0.1899999976158142,-0.0,0.20869526267051697,0.0,0.0,-5.0,0.0,0.0,0.0,0.0,0.0
2578906.673,0.0,2.0,2.0,-0.3799999952316284,-0.0,-0.1226089745759964,0.0,0.0,-5.0,0.0,0.0,0.0,0.0,0.0
2578916.673,0.0,1.0,1.0,-0.1899999976158142,-0.0,0.19578231871128082,0.0,0.0,-5.0,0.0,0.0,0.0,0.0,0.0
2578927.125,0.0,2.0,2.0,-0.3799999952316284,-0.0,-0.13358497619628906,0.0,0.0,-6.0,0.0,0.0,0.0,0.0,0.0
2578938.126,0.0,2.0,2.0,-0.3799999952316284,-0.0,-0.11354723572731018,0.0,0.0,-6.0,0.0,0.0,0.0,0.0,0.0
2578948.127,0.0,-1.0,-1.0,0.1899999976158142,0.0,0.8034846782684326,0.0,0.0,-4.0,0.0,0.0,0.0,0.0,0.0
2578958.128,0.0,0.0,0.0,0.0,0.0,0.38296204805374146,0.0,0.0,-3.0,0.0,0.0,0.0,0.0,0.0
2578969.126,0.0,0.0,0.0,0.0,0.0,0.3255177438259125,0.0,0.0,-5.0,0.0,0.0,0.0,0.0,0.0
2578979.127,0.0,2.0,2.0,-0.3799999952316284,-0.0,-0.3233098089694977,0.0,0.0,-4.0,0.0,0.0,0.0,0.0,0.0
2578989.902,0.0,1.0,1.0,-0.1899999976158142,-0.0,0.025186607614159584,0.0,0.0,-4.0,0.0,0.0,0.0,0.0,0.0
2578999.903,0.0,2.0,2.0,-0.3799999952316284,-0.0,-0.2785913348197937,0.0,0.0,-3.0,0.0,0.0,0.0,0.0,0.0
2579009.904,0.0,2.0,2.0,-0.3799999952316284,-0.0,-0.23680263757705688,0.0,0.0,-3.0,0.0,0.0,0.0,0.0,0.0
2579019.905,0.0,2.0,2.0,-0.3799999952316284,-0.0,-0.20128224790096283,0.0,0.0,-4.0,0.0,0.0,0.0,0.0,0.0
2579029.906,0.0,2.0,2.0,-0.3799999952316284,-0.0,-0.17108991742134094,0.0,0.0,-4.0,0.0,0.0,0.0,0.0,0.0
2579040.125,0.0,0.0,0.0,0.0,0.0,0.45457348227500916,0.0,0.0,-6.0,0.0,0.0,0.0,0.0,0.0
2579051.125,0.0,1.0,1.0,-0.1899999976158142,-0.0,0.0863875150680542,0.0,0.0,-7.0,0.0,0.0,0.0,0.0,0.0
2579061.125,0.0,2.0,2.0,-0.3799999952316284,-0.0,-0.22657056152820587,0.0,0.0,-3.0,0.0,0.0,0.0,0.0,0.0
2579072.125,0.0,2.0,2.0,-0.3799999952316284,-0.0,-0.19258497655391693,0.0,0.0,-3.0,0.0,0.0,0.0,0.0,0.0
2579082.86,0.0,3.0,3.0,-0.5699999928474426,-0.0,-0.4636971950531006,-1.0,-9.0,-7.0,0.0,0.0,0.0,0.0,0.0
2579093.132,0.0,1.0,1.0,-0.1899999976158142,-0.0,0.26497864723205566,0.0,0.0,-5.0,0.0,0.0,0.0,0.0,0.0
2579104.041,0.0,1.0,1.0,-0.1899999976158142,-0.0,0.2252318561077118,0.0,0.0,-5.0,0.0,0.0,0.0,0.0,0.0
2579114.041,0.0,0.0,0.0,0.0,0.0,0.4914470314979553,0.0,0.0,-3.0,0.0,0.0,0.0,0.0,0.0
2579125.098,0.0,1.0,1.0,-0.1899999976158142,-0.0,0.1177300363779068,0.0,0.0,-3.0,0.0,0.0,0.0,0.0,0.0
2579136.125,0.0,5.0,5.0,-0.949999988079071,-0.0,-1.0999293327331543,-2.0,-11.0,-4.0,0.0,0.0,0.0,0.0,0.0
2579146.125,0.0,1.0,1.0,-0.1899999976158142,-0.0,0.26505985856056213,0.0,0.0,-3.0,0.0,0.0,0.0,0.0,0.0
2579156.125,0.0,1.0,1.0,-0.1899999976158142,-0.0,0.2253008931875229,0.0,0.0,-3.0,0.0,0.0,0.0,0.0,0.0
2579166.126,0.0,2.0,2.0,-0.3799999952316284,-0.0,-0.10849418491125107,0.0,0.0,-6.0,0.0,0.0,0.0,0.0,0.0
2579177.125,0.0,1.0,1.0,-0.1899999976158142,-0.0,0.2077798992395401,0.0,0.0,-3.0,0.0,0.0,0.0,0.0,0.0
2579187.125,0.0,3.0,3.0,-0.5699999928474426,-0.0,-0.42338699102401733,0.0,0.0,-4.0,0.0,0.0,0.0,0.0,0.0
2579197.125,0.0,3.0,3.0,-0.5699999928474426,-0.0,-0.3598789572715759,0.0,0.0,-3.0,0.0,0.0,0.0,0.0,0.0
2579208.126,0.0,4.0,4.0,-0.7599999904632568,-0.0,-0.605897068977356,-1.0,-9.0,-7.0,0.0,0.0,0.0,0.0,0.0
2579219.125,0.0,5.0,5.0,-0.949999988079071,-0.0,-0.8150124549865723,-1.0,-9.0,-5.0,0.0,0.0,0.0,0.0,0.0
2579229.29,0.0,2.0,2.0,-0.3799999952316284,-0.0,0.20723925530910492,0.0,0.0,-7.0,0.0,0.0,0.0,0.0,0.0
2579240.125,0.0,1.0,1.0,-0.1899999976158142,-0.0,0.47615331411361694,0.0,0.0,-5.0,0.0,0.0,0.0,0.0,0.0
2579251.126,0.0,1.0,1.0,-0.1899999976158142,-0.0,0.40473031997680664,0.0,0.0,-4.0,0.0,0.0,0.0,0.0,0.0
2579262.126,0.0,2.0,2.0,-0.3799999952316284,-0.0,0.04402082785964012,0.0,0.0,-4.0,0.0,0.0,0.0,0.0,0.0
2579272.77,0.0,2.0,2.0,-0.3799999952316284,-0.0,0.0374177061021328,0.0,0.0,-4.0,0.0,0.0,0.0,0.0,0.0
2579282.77,0.0,3.0,3.0,-0.5699999928474426,-0.0,-0.26819491386413574,0.0,0.0,-2.0,0.0,0.0,0.0,0.0,0.0
2579293.125,0.0,3.0,3.0,-0.5699999928474426,-0.0,-0.22796568274497986,0.0,0.0,-6.0,0.0,0.0,0.0,0.0,0.0
2579303.159,0.0,5.0,5.0,-0.949999988079071,-0.0,-0.7937707304954529,-1.0,-9.0,-4.0,0.0,0.0,0.0,0.0,0.0
2579314.126,0.0,2.0,2.0,-0.3799999952316284,-0.0,0.22529472410678864,0.0,0.0,-6.0,0.0,0.0,0.0,0.0,0.0
2579325.125,0.0,0.0,0.0,0.0,0.0,0.8977753520011902,0.0,0.0,-3.0,0.0,0.0,0.0,0.0,0.0
2579336.125,0.0,1.0,1.0,-0.1899999976158142,-0.0,0.4631091058254242,0.0,0.0,-5.0,0.0,0.0,0.0,0.0,0.0
2579347.145,0.0,0.0,0.0,0.0,0.0,0.6936426758766174,0.0,0.0,-3.0,0.0,0.0,0.0,0.0,0.0
2579357.145,0.0,2.0,2.0,-0.3799999952316284,-0.0,-0.010403613559901714,0.0,0.0,-5.0,0.0,0.0,0.0,0.0,0.0
2579367.145,0.0,0.0,0.0,0.0,0.0,0.5911568403244019,0.0,0.0,-6.0,0.0,0.0,0.0,0.0,0.0
2579377.146,0.0,0.0,0.0,0.0,0.0,0.5024833083152771,0.0,0.0,-6.0,0.0,0.0,0.0,0.0,0.0
2579388.125,0.0,3.0,3.0,-0.5699999928474426,-0.0,-0.4728890359401703,-1.0,-9.0,-5.0,0.0,0.0,0.0,0.0,0.0
2579399.126,0.0,4.0,4.0,-0.7599999904632568,-0.0,-0.7019556164741516,-1.0,-9.0,-2.0,0.0,0.0,0.0,0.0,0.0
2579410.137,0.0,4.0,4.0,-0.7599999904632568,-0.0,-0.5966622829437256,-1.0,-9.0,-2.0,0.0,0.0,0.0,0.0,0.0
2579420.138,0.0,3.0,3.0,-0.5699999928474426,-0.0,-0.207163006067276,0.0,0.0,-7.0,0.0,0.0,0.0,0.0,0.0
2579430.139,0.0,3.0,3.0,-0.5699999928474426,-0.0,-0.17608855664730072,0.0,0.0,-4.0,0.0,0.0,0.0,0.0,0.0
2579440.206,0.0,3.0,3.0,-0.5699999928474426,-0.0,-0.14967527985572815,0.0,0.0,-4.0,0.0,0.0,0.0,0.0,0.0
2579451.098,0.0,4.0,4.0,-0.7599999904632568,-0.0,-0.42722395062446594,-1.0,-9.0,-6.0,0.0,0.0,0.0,0.0,0.0
2579461.098,0.0,5.0,5.0,-0.949999988079071,-0.0,-0.6631402969360352,-1.0,-9.0,-6.0,0.0,0.0,0.0,0.0,0.0
2579472.125,0.0,5.0,5.0,-0.949999988079071,-0.0,-0.5636692643165588,-1.0,-9.0,-6.0,0.0,0.0,0.0,0.0,0.0
2579482.354,0.0,3.0,3.0,-0.5699999928474426,-0.0,0.12088101357221603,0.0,0.0,-4.0,0.0,0.0,0.0,0.0,0.0
2579493.126,0.0,1.0,1.0,-0.1899999976158142,-0.0,0.7027487754821777,0.0,0.0,-6.0,0.0,0.0,0.0,0.0,0.0
2579503.127,0.0,1.0,1.0,-0.1899999976158142,-0.0,0.59733647108078,0.0,0.0,-6.0,0.0,0.0,0.0,0.0,0.0
2579513.127,0.0,4.0,4.0,-0.7599999904632568,-0.0,-0.39226382970809937,-1.0,-9.0,-6.0,0.0,0.0,0.0,0.0,0.0
2579524.126,0.0,4.0,4.0,-0.7599999904632568,-0.0,-0.33342427015304565,-1.0,-9.0,-6.0,0.0,0.0,0.0,0.0,0.0
2579534.126,0.0,0.0,0.0,0.0,0.0,0.9165892004966736,0.0,0.0,-3.0,0.0,0.0,0.0,0.0,0.0
2579544.126,0.0,2.0,2.0,-0.3799999952316284,-0.0,0.17910093069076538,0.0,0.0,-3.0,0.0,0.0,0.0,0.0,0.0
2579555.0,0.0,0.0,0.0,0.0,0.0,0.7522357106208801,0.0,0.0,-4.0,0.0,0.0,0.0,0.0,0.0
2579565.002,0.0,1.0,1.0,-0.1899999976158142,-0.0,0.33940041065216064,0.0,0.0,-5.0,0.0,0.0,0.0,0.0,0.0
2579575.002,0.0,2.0,2.0,-0.3799999952316284,-0.0,-0.011509595438838005,0.0,0.0,-6.0,0.0,0.0,0.0,0.0,0.0
2579585.003,0.0,1.0,1.0,-0.1899999976158142,-0.0,0.2902168035507202,0.0,0.0,-5.0,0.0,0.0,0.0,0.0,0.0
2579595.003,0.0,2.0,2.0,-0.3799999952316284,-0.0,-0.0533156618475914,0.0,0.0,-6.0,0.0,0.0,0.0,0.0,0.0
2579605.125,0.0,-1.0,-1.0,0.1899999976158142,0.0,0.8546815514564514,1.0,9.0,-5.0,0.0,0.0,0.0,0.0,0.0
2579615.125,0.0,2.0,2.0,-0.3799999952316284,-0.0,-0.1735205203294754,0.0,0.0,-5.0,0.0,0.0,0.0,0.0,0.0
2579625.126,0.0,3.0,3.0,-0.5699999928474426,-0.0,-0.447492390871048,-1.0,-9.0,-2.0,0.0,0.0,0.0,0.0,0.0
2579635.126,0.0,1.0,1.0,-0.1899999976158142,-0.0,0.2196313589811325,0.0,0.0,-10.0,0.0,0.0,0.0,0.0,0.0
2579645.126,0.0,-1.0,-1.0,0.1899999976158142,0.0,0.7866865396499634,0.0,0.0,-3.0,0.0,0.0,0.0,0.0,0.0
2579656.126,0.0,-1.0,-1.0,0.1899999976158142,0.0,0.6686835885047913,0.0,0.0,-3.0,0.0,0.0,0.0,0.0,0.0
2579666.127,0.0,3.0,3.0,-0.5699999928474426,-0.0,-0.6316187381744385,-1.0,-9.0,-3.0,0.0,0.0,0.0,0.0,0.0
2579676.419,0.0,0.0,0.0,0.0,0.0,0.36312392354011536,0.0,0.0,-7.0,0.0,0.0,0.0,0.0,0.0
2579686.42,0.0,1.0,1.0,-0.1899999976158142,-0.0,0.00865539163351059,0.0,0.0,-3.0,0.0,0.0,0.0,0.0,0.0
2579697.126,0.0,0.0,0.0,0.0,0.0,0.3073570430278778,0.0,0.0,-6.0,0.0,0.0,0.0,0.0,0.0
2579708.125,0.0,3.0,3.0,-0.5699999928474426,-0.0,-0.5879343748092651,-1.0,-9.0,-3.0,0.0,0.0,0.0,0.0,0.0
2579718.126,0.0,3.0,3.0,-0.5699999928474426,-0.0,-0.4997442364692688,-1.0,-9.0,-3.0,0.0,0.0,0.0,0.0,0.0
2579728.126,0.0,3.0,3.0,-0.5699999928474426,-0.0,-0.4247826039791107,0.0,0.0,-7.0,0.0,0.0,0.0,0.0,0.0
2579738.127,0.0,1.0,1.0,-0.1899999976158142,-0.0,0.2389346808195114,0.0,0.0,-7.0,0.0,0.0,0.0,0.0,0.0
2579748.128,0.0,3.0,3.0,-0.5699999928474426,-0.0,-0.39690542221069336,0.0,0.0,-3.0,0.0,0.0,0.0,0.0,0.0
2579759.125,0.0,1.0,1.0,-0.1899999976158142,-0.0,0.26263028383255005,0.0,0.0,-5.0,0.0,0.0,0.0,0.0,0.0
2579769.126,0.0,0.0,0.0,0.0,0.0,0.5232356786727905,0.0,0.0,-3.0,0.0,0.0,0.0,0.0,0.0
2579780.126,0.0,5.0,5.0,-0.949999988079071,-0.0,-1.0552494525909424,-2.0,-11.0,-8.0,0.0,0.0,0.0,0.0,0.0
2579791.126,0.0,1.0,1.0,-0.1899999976158142,-0.0,0.30303776264190674,0.0,0.0,-5.0,0.0,0.0,0.0,0.0,0.0
2579802.125,0.0,2.0,2.0,-0.3799999952316284,-0.0,-0.042417846620082855,0.0,0.0,-7.0,0.0,0.0,0.0,0.0,0.0
2579813.125,0.0,3.0,3.0,-0.5699999928474426,-0.0,-0.33605512976646423,0.0,0.0,-4.0,0.0,0.0,0.0,0.0,0.0
2579823.965,0.0,1.0,1.0,-0.1899999976158142,-0.0,0.3143530488014221,0.0,0.0,-5.0,0.0,0.0,0.0,0.0,0.0
2579834.125,0.0,1.0,1.0,-0.1899999976158142,-0.0,0.2672001123428345,0.0,0.0,-5.0,0.0,0.0,0.0,0.0,0.0
2579844.511,0.0,1.0,1.0,-0.1899999976158142,-0.0,0.22712010145187378,0.0,0.0,-5.0,0.0,0.0,0.0,0.0,0.0
2579854.511,0.0,0.0,0.0,0.0,0.0,0.49305203557014465,0.0,0.0,-3.0,0.0,0.0,0.0,0.0,0.0
2579865.125,0.0,3.0,3.0,-0.5699999928474426,-0.0,-0.4809056222438812,-1.0,-9.0,-5.0,0.0,0.0,0.0,0.0,0.0
2579875.126,0.0,3.0,3.0,-0.5699999928474426,-0.0,-0.40876978635787964,0.0,0.0,-4.0,0.0,0.0,0.0,0.0,0.0
2579886.346,0.0,-3.0,-3.0,0.5699999928474426,0.0,1.452545404434204,2.0,11.0,-7.0,0.0,0.0,0.0,0.0,0.0
2579896.84,0.0,1.0,1.0,-0.1899999976158142,-0.0,0.03466381877660751,0.0,0.0,-4.0,0.0,0.0,0.0,0.0,0.0
2579906.841,0.0,0.0,0.0,0.0,0.0,0.3294641971588135,0.0,0.0,-6.0,0.0,0.0,0.0,0.0,0.0
2579916.842,0.0,2.0,2.0,-0.3799999952316284,-0.0,-0.31995531916618347,0.0,0.0,-6.0,0.0,0.0,0.0,0.0,0.0
2579926.842,0.0,1.0,1.0,-0.1899999976158142,-0.0,0.02803792431950569,0.0,0.0,-4.0,0.0,0.0,0.0,0.0,0.0
2579936.842,0.0,2.0,2.0,-0.3799999952316284,-0.0,-0.27616772055625916,0.0,0.0,-3.0,0.0,0.0,0.0,0.0,0.0
2579946.842,0.0,2.0,2.0,-0.3799999952316284,-0.0,-0.23474256694316864,0.0,0.0,-3.0,0.0,0.0,0.0,0.0,0.0
2579957.125,0.0,7.0,7.0,-1.3299999237060547,-0.0,-1.6995309591293335,-3.0,-11.0,2.0,0.0,0.0,0.0,0.0,0.0
2579967.126,0.0,5.0,5.0,-0.949999988079071,-0.0,-0.8446014523506165,-1.0,-9.0,-2.0,0.0,0.0,0.0,0.0,0.0
2579977.127,0.0,1.0,1.0,-0.1899999976158142,-0.0,0.482088565826416,0.0,0.0,-6.0,0.0,0.0,0.0,0.0,0.0
2579987.127,0.0,4.0,4.0,-0.7599999904632568,-0.0,-0.49022457003593445,-1.0,-9.0,-3.0,0.0,0.0,0.0,0.0,0.0
2579997.127,0.0,1.0,1.0,-0.1899999976158142,-0.0,0.48330897092819214,0.0,0.0,-6.0,0.0,0.0,0.0,0.0,0.0
2580008.126,0.0,3.0,3.0,-0.5699999928474426,-0.0,-0.18918727338314056,0.0,0.0,-6.0,0.0,0.0,0.0,0.0,0.0
2580019.125,0.0,1.0,1.0,-0.1899999976158142,-0.0,0.43919071555137634,0.0,0.0,-4.0,0.0,0.0,0.0,0.0,0.0
2580029.125,0.0,4.0,4.0,-0.7599999904632568,-0.0,-0.526687741279602,-1.0,-9.0,-4.0,0.0,0.0,0.0,0.0,0.0
2580039.126,0.0,2.0,2.0,-0.3799999952316284,-0.0,0.15231531858444214,0.0,0.0,-6.0,0.0,0.0,0.0,0.0,0.0
2580049.127,0.0,0.0,0.0,0.0,0.0,0.7294679284095764,0.0,0.0,-3.0,0.0,0.0,0.0,0.0,0.0
2580060.125,0.0,0.0,0.0,0.0,0.0,0.5270406007766724,0.0,0.0,-5.0,0.0,0.0,0.0,0.0,0.0
2580071.126,0.0,5.0,5.0,-0.949999988079071,-0.0,-1.0520151853561401,-2.0,-11.0,-5.0,0.0,0.0,0.0,0.0,0.0
2580081.127,0.0,2.0,2.0,-0.3799999952316284,-0.0,0.005786924157291651,0.0,0.0,-1.0,0.0,0.0,0.0,0.0,0.0
2580091.199,0.0,0.0,0.0,0.0,0.0,0.6049187779426575,0.0,0.0,-7.0,0.0,0.0,0.0,0.0,0.0
2580102.137,0.0,4.0,4.0,-0.7599999904632568,-0.0,-0.6858188509941101,-1.0,-9.0,-7.0,0.0,0.0,0.0,0.0,0.0
2580112.137,0.0,1.0,1.0,-0.1899999976158142,-0.0,0.31705382466316223,0.0,0.0,-3.0,0.0,0.0,0.0,0.0,0.0
2580123.098,0.0,2.0,2.0,-0.3799999952316284,-0.0,-0.030504193156957626,0.0,0.0,-3.0,0.0,0.0,0.0,0.0,0.0
2580134.126,0.0,1.0,1.0,-0.1899999976158142,-0.0,0.2740713953971863,0.0,0.0,-5.0,0.0,0.0,0.0,0.0,0.0
2580144.301,0.0,1.0,1.0,-0.1899999976158142,-0.0,0.23296068608760834,0.0,0.0,-5.0,0.0,0.0,0.0,0.0,0.0
2580154.302,0.0,4.0,4.0,-0.7599999904632568,-0.0,-0.7019832730293274,-1.0,-9.0,-2.0,0.0,0.0,0.0,0.0,0.0
2580164.303,0.0,2.0,2.0,-0.3799999952316284,-0.0,0.0033141057938337326,0.0,0.0,-6.0,0.0,0.0,0.0,0.0,0.0
2580174.304,0.0,3.0,3.0,-0.5699999928474426,-0.0,-0.29718297719955444,0.0,0.0,-7.0,0.0,0.0,0.0,0.0,0.0
2580184.304,0.0,1.0,1.0,-0.1899999976158142,-0.0,0.3473943769931793,0.0,0.0,-6.0,0.0,0.0,0.0,0.0,0.0
2580195.225,0.0,1.0,1.0,-0.1899999976158142,-0.0,0.2952852249145508,0.0,0.0,-4.0,0.0,0.0,0.0,0.0,0.0
2580206.125,0.0,1.0,1.0,-0.1899999976158142,-0.0,0.25099244713783264,0.0,0.0,-5.0,0.0,0.0,0.0,0.0,0.0
2580216.126,0.0,1.0,1.0,-0.1899999976158142,-0.0,0.21334359049797058,0.0,0.0,-5.0,0.0,0.0,0.0,0.0,0.0
2580227.126,0.0,4.0,4.0,-0.7599999904632568,-0.0,-0.7186577916145325,-1.0,-9.0,-6.0,0.0,0.0,0.0,0.0,0.0
2580237.127,0.0,4.0,4.0,-0.7599999904632568,-0.0,-0.6108591556549072,-1.0,-9.0,-6.0,0.0,0.0,0.0,0.0,0.0
2580248.125,0.0,1.0,1.0,-0.1899999976158142,-0.0,0.3807695508003235,0.0,0.0,-6.0,0.0,0.0,0.0,0.0,0.0
2580259.126,0.0,3.0,3.0,-0.5699999928474426,-0.0,-0.27634578943252563,0.0,0.0,-2.0,0.0,0.0,0.0,0.0,0.0
2580270.126,0.0,3.0,3.0,-0.5699999928474426,-0.0,-0.23489393293857574,0.0,0.0,-2.0,0.0,0.0,0.0,0.0,0.0
2580281.126,0.0,1.0,1.0,-0.1899999976158142,-0.0,0.4003400504589081,0.0,0.0,-3.0,0.0,0.0,0.0,0.0,0.0
2580291.126,0.0,2.0,2.0,-0.3799999952316284,-0.0,0.040289100259542465,0.0,0.0,-6.0,0.0,0.0,0.0,0.0,0.0
2580301.127,0.0,3.0,3.0,-0.5699999928474426,-0.0,-0.26575422286987305,0.0,0.0,-1.0,0.0,0.0,0.0,0.0,0.0
2580312.126,0.0,-1.0,-1.0,0.1899999976158142,0.0,1.0079923868179321,1.0,9.0,-6.0,0.0,0.0,0.0,0.0,0.0
2580323.125,0.0,3.0,3.0,-0.5699999928474426,-0.0,-0.3432062566280365,0.0,0.0,-7.0,0.0,0.0,0.0,0.0,0.0
2580333.126,0.0,2.0,2.0,-0.3799999952316284,-0.0,0.008274625986814499,0.0,0.0,-4.0,0.0,0.0,0.0,0.0,0.0
2580343.127,0.0,-1.0,-1.0,0.1899999976158142,0.0,0.9070332646369934,1.0,9.0,-5.0,0.0,0.0,0.0,0.0,0.0
2580354.125,0.0,1.0,1.0,-0.1899999976158142,-0.0,0.1709783971309662,0.0,0.0,-6.0,0.0,0.0,0.0,0.0,0.0
2580364.361,0.0,2.0,2.0,-0.3799999952316284,-0.0,-0.15466831624507904,0.0,0.0,-4.0,0.0,0.0,0.0,0.0,0.0
2580374.362,0.0,0.0,0.0,0.0,0.0,0.46853184700012207,0.0,0.0,-3.0,0.0,0.0,0.0,0.0,0.0
2580385.126,0.0,0.0,0.0,0.0,0.0,0.39825206995010376,0.0,0.0,-4.0,0.0,0.0,0.0,0.0,0.0
2580395.127,0.0,3.0,3.0,-0.5699999928474426,-0.0,-0.5614855885505676,-1.0,-9.0,-3.0,0.0,0.0,0.0,0.0,0.0
2580405.128,0.0,1.0,1.0,-0.1899999976158142,-0.0,0.12273713946342468,0.0,0.0,-2.0,0.0,0.0,0.0,0.0,0.0
2580415.128,0.0,3.0,3.0,-0.5699999928474426,-0.0,-0.4956733286380768,-1.0,-9.0,-3.0,0.0,0.0,0.0,0.0,0.0
2580425.129,0.0,3.0,3.0,-0.5699999928474426,-0.0,-0.4213223457336426,0.0,0.0,-3.0,0.0,0.0,0.0,0.0,0.0
2580435.13,0.0,0.0,0.0,0.0,0.0,0.5418758392333984,0.0,0.0,-9.0,0.0,0.0,0.0,0.0,0.0
2580446.126,0.0,0.0,0.0,0.0,0.0,0.4605944752693176,0.0,0.0,-3.0,0.0,0.0,0.0,0.0,0.0
2580456.127,0.0,5.0,5.0,-0.949999988079071,-0.0,-1.1084944009780884,-2.0,-11.0,-4.0,0.0,0.0,0.0,0.0,0.0
2580466.127,0.0,1.0,1.0,-0.1899999976158142,-0.0,0.2577795386314392,0.0,0.0,-7.0,0.0,0.0,0.0,0.0,0.0
2580477.125,0.0,0.0,0.0,0.0,0.0,0.5191125869750977,0.0,0.0,-6.0,0.0,0.0,0.0,0.0,0.0
2580487.126,0.0,1.0,1.0,-0.1899999976158142,-0.0,0.1412457525730133,0.0,0.0,-2.0,0.0,0.0,0.0,0.0,0.0
2580498.126,0.0,2.0,2.0,-0.3799999952316284,-0.0,-0.1799410581588745,0.0,0.0,-6.0,0.0,0.0,0.0,0.0,0.0
2580508.126,0.0,2.0,2.0,-0.3799999952316284,-0.0,-0.15294989943504333,0.0,0.0,-8.0,0.0,0.0,0.0,0.0,0.0
2580519.126,0.0,3.0,3.0,-0.5699999928474426,-0.0,-0.43000736832618713,-1.0,-9.0,-3.0,0.0,0.0,0.0,0.0,0.0
2580530.125,0.0,3.0,3.0,-0.5699999928474426,-0.0,-0.36550626158714294,0.0,0.0,-5.0,0.0,0.0,0.0,0.0,0.0
2580541.126,0.0,4.0,4.0,-0.7599999904632568,-0.0,-0.6106802821159363,-1.0,-9.0,-6.0,0.0,0.0,0.0,0.0,0.0
2580551.126,0.0,0.0,0.0,0.0,0.0,0.6809215545654297,0.0,0.0,-6.0,0.0,0.0,0.0,0.0,0.0
2580561.159,0.0,2.0,2.0,-0.3799999952316284,-0.0,-0.02121656760573387,0.0,0.0,-4.0,0.0,0.0,0.0,0.0,0.0
2580571.16,0.0,1.0,1.0,-0.1899999976158142,-0.0,0.28196588158607483,0.0,0.0,-7.0,0.0,0.0,0.0,0.0,0.0
2580581.16,0.0,1.0,1.0,-0.1899999976158142,-0.0,0.2396710067987442,0.0,0.0,-7.0,0.0,0.0,0.0,0.0,0.0
2580592.126,0.0,0.0,0.0,0.0,0.0,0.5037203431129456,0.0,0.0,-5.0,0.0,0.0,0.0,0.0,0.0
2580602.127,0.0,2.0,2.0,-0.3799999952316284,-0.0,-0.17183759808540344,0.0,0.0,-7.0,0.0,0.0,0.0,0.0,0.0
2580612.484,0.0,3.0,3.0,-0.5699999928474426,-0.0,-0.446061909198761,-1.0,-9.0,-4.0,0.0,0.0,0.0,0.0,0.0
2580623.098,0.0,0.0,0.0,0.0,0.0,0.5208472013473511,0.0,0.0,-3.0,0.0,0.0,0.0,0.0,0.0
2580633.099,0.0,4.0,4.0,-0.7599999904632568,-0.0,-0.7572796940803528,-1.0,-9.0,-6.0,0.0,0.0,0.0,0.0,0.0
2580643.124,0.0,-1.0,-1.0,0.1899999976158142,0.0,0.8563119769096375,1.0,9.0,-3.0,0.0,0.0,0.0,0.0,0.0
2580653.125,0.0,2.0,2.0,-0.3799999952316284,-0.0,-0.1721346527338028,0.0,0.0,-4.0,0.0,0.0,0.0,0.0,0.0
2580663.126,0.0,4.0,4.0,-0.7599999904632568,-0.0,-0.7463143467903137,-1.0,-9.0,-3.0,0.0,0.0,0.0,0.0,0.0
2580673.127,0.0,0.0,0.0,0.0,0.0,0.5656325817108154,0.0,0.0,-6.0,0.0,0.0,0.0,0.0,0.0
2580683.127,0.0,2.0,2.0,-0.3799999952316284,-0.0,-0.11921219527721405,0.0,0.0,-4.0,0.0,0.0,0.0,0.0,0.0
2580694.125,0.0,5.0,5.0,-0.949999988079071,-0.0,-1.0013302564620972,-1.0,-9.0,-4.0,0.0,0.0,0.0,0.0,0.0
2580705.125,0.0,2.0,2.0,-0.3799999952316284,-0.0,0.08653872460126877,0.0,0.0,-3.0,0.0,0.0,0.0,0.0,0.0
2580715.125,0.0,3.0,3.0,-0.5699999928474426,-0.0,-0.22644203901290894,0.0,0.0,-5.0,0.0,0.0,0.0,0.0,0.0
2580725.384,0.0,6.0,6.0,-1.1399999856948853,-0.0,-1.0924756526947021,-2.0,-11.0,-4.0,0.0,0.0,0.0,0.0,0.0
2580735.384,0.0,6.0,6.0,-1.1399999856948853,-0.0,-0.9286043047904968,-2.0,-11.0,-2.0,0.0,0.0,0.0,0.0,0.0
2580746.125,0.0,0.0,0.0,0.0,0.0,1.0106860399246216,1.0,9.0,-5.0,0.0,0.0,0.0,0.0,0.0
2580756.165,0.0,4.0,4.0,-0.7599999904632568,-0.0,-0.3409166634082794,-1.0,-9.0,-6.0,0.0,0.0,0.0,0.0,0.0
2580766.166,0.0,-2.0,-2.0,0.3799999952316284,0.0,1.5102205276489258,1.0,9.0,-8.0,0.0,0.0,0.0,0.0,0.0
2580777.126,0.0,3.0,3.0,-0.5699999928474426,-0.0,-0.21631227433681488,0.0,0.0,-5.0,0.0,0.0,0.0,0.0,0.0
2580787.127,0.0,3.0,3.0,-0.5699999928474426,-0.0,-0.18386544287204742,0.0,0.0,-5.0,0.0,0.0,0.0,0.0,0.0
2580798.125,0.0,2.0,2.0,-0.3799999952316284,-0.0,0.1437143236398697,0.0,0.0,-4.0,0.0,0.0,0.0,0.0,0.0
2580808.126,0.0,2.0,2.0,-0.3799999952316284,-0.0,0.12215717881917953,0.0,0.0,-4.0,0.0,0.0,0.0,0.0,0.0
2580819.125,0.0,2.0,2.0,-0.3799999952316284,-0.0,0.10383360832929611,0.0,0.0,-3.0,0.0,0.0,0.0,0.0,0.0
2580829.126,0.0,0.0,0.0,0.0,0.0,0.6882584691047668,0.0,0.0,-4.0,0.0,0.0,0.0,0.0,0.0
2580839.726,0.0,4.0,4.0,-0.7599999904632568,-0.0,-0.6149801015853882,-1.0,-9.0,-7.0,0.0,0.0,0.0,0.0,0.0
2580849.726,0.0,6.0,6.0,-1.1399999856948853,-0.0,-1.1227329969406128,-2.0,-11.0,-7.0,0.0,0.0,0.0,0.0,0.0
2580859.727,0.0,4.0,4.0,-0.7599999904632568,-0.0,-0.3543231785297394,-1.0,-9.0,-7.0,0.0,0.0,0.0,0.0,0.0
2580869.727,0.0,1.0,1.0,-0.1899999976158142,-0.0,0.5988251566886902,0.0,0.0,-7.0,0.0,0.0,0.0,0.0,0.0
2580880.125,0.0,1.0,1.0,-0.1899999976158142,-0.0,0.5090013742446899,0.0,0.0,-6.0,0.0,0.0,0.0,0.0,0.0
2580890.126,0.0,1.0,1.0,-0.1899999976158142,-0.0,0.43265119194984436,0.0,0.0,2.0,0.0,0.0,0.0,0.0,0.0
2580900.833,0.0,0.0,0.0,0.0,0.0,0.6677534580230713,0.0,0.0,-3.0,0.0,0.0,0.0,0.0,0.0
2580910.834,0.0,0.0,0.0,0.0,0.0,0.5675904750823975,0.0,0.0,-3.0,0.0,0.0,0.0,0.0,0.0
2580921.125,0.0,4.0,4.0,-0.7599999904632568,-0.0,-0.7175478935241699,-1.0,-9.0,-10.0,0.0,0.0,0.0,0.0,0.0
2580931.125,0.0,2.0,2.0,-0.3799999952316284,-0.0,-0.009915822185575962,0.0,0.0,-6.0,0.0,0.0,0.0,0.0,0.0
2580942.125,0.0,4.0,4.0,-0.7599999904632568,-0.0,-0.6084283590316772,-1.0,-9.0,-5.0,0.0,0.0,0.0,0.0,0.0
2580952.125,0.0,0.0,0.0,0.0,0.0,0.6828356981277466,0.0,0.0,-4.0,0.0,0.0,0.0,0.0,0.0
2580962.125,0.0,3.0,3.0,-0.5699999928474426,-0.0,-0.3195894956588745,0.0,0.0,-7.0,0.0,0.0,0.0,0.0,0.0
2580972.126,0.0,2.0,2.0,-0.3799999952316284,-0.0,0.028348874300718307,0.0,0.0,-3.0,0.0,0.0,0.0,0.0,0.0
2580982.127,0.0,2.0,2.0,-0.3799999952316284,-0.0,0.024096542969346046,0.0,0.0,-5.0,0.0,0.0,0.0,0.0,0.0
2580992.127,0.0,3.0,3.0,-0.5699999928474426,-0.0,-0.27951788902282715,0.0,0.0,-2.0,0.0,0.0,0.0,0.0,0.0
2581003.179,0.0,2.0,2.0,-0.3799999952316284,-0.0,0.062409739941358566,0.0,0.0,-4.0,0.0,0.0,0.0,0.0,0.0
2581013.179,0.0,3.0,3.0,-0.5699999928474426,-0.0,-0.24695166945457458,0.0,0.0,-9.0,0.0,0.0,0.0,0.0,0.0
2581023.18,0.0,-1.0,-1.0,0.1899999976158142,0.0,0.9900909066200256,1.0,9.0,-5.0,0.0,0.0,0.0,0.0,0.0
2581033.313,0.0,0.0,0.0,0.0,0.0,0.5415773391723633,0.0,0.0,-5.0,0.0,0.0,0.0,0.0,0.0
2581043.314,0.0,0.0,0.0,0.0,0.0,0.4603407382965088,0.0,0.0,-6.0,0.0,0.0,0.0,0.0,0.0
2581054.125,0.0,3.0,3.0,-0.5699999928474426,-0.0,-0.5087102055549622,-1.0,-9.0,-6.0,0.0,0.0,0.0,0.0,0.0
2581064.125,0.0,7.0,7.0,-1.3299999237060547,-0.0,-1.6324034929275513,-2.0,-11.0,-5.0,0.0,0.0,0.0,0.0,0.0
2581075.126,0.0,3.0,3.0,-0.5699999928474426,-0.0,-0.18754319846630096,0.0,0.0,-5.0,0.0,0.0,0.0,0.0,0.0
2581086.125,0.0,3.0,3.0,-0.5699999928474426,-0.0,-0.1594117283821106,0.0,0.0,-2.0,0.0,0.0,0.0,0.0,0.0
2581096.192,0.0,2.0,2.0,-0.3799999952316284,-0.0,0.16449998319149017,0.0,0.0,-3.0,0.0,0.0,0.0,0.0,0.0
2581106.193,0.0,4.0,4.0,-0.7599999904632568,-0.0,-0.46017491817474365,-1.0,-9.0,-4.0,0.0,0.0,0.0,0.0,0.0
2581117.126,0.0,3.0,3.0,-0.5699999928474426,-0.0,-0.091148741543293,0.0,0.0,-5.0,0.0,0.0,0.0,0.0,0.0
2581127.126,0.0,1.0,1.0,-0.1899999976158142,-0.0,0.5225234627723694,0.0,0.0,-4.0,0.0,0.0,0.0,0.0,0.0
2581137.126,0.0,3.0,3.0,-0.5699999928474426,-0.0,-0.1558549553155899,0.0,0.0,-8.0,0.0,0.0,0.0,0.0,0.0
2581148.126,0.0,3.0,3.0,-0.5699999928474426,-0.0,-0.11260521411895752,0.0,0.0,-7.0,0.0,0.0,0.0,0.0,0.0
2581158.126,0.0,3.0,3.0,-0.5699999928474426,-0.0,-0.09571443498134613,0.0,0.0,-3.0,0.0,0.0,0.0,0.0,0.0
2581168.127,0.0,3.0,3.0,-0.5699999928474426,-0.0,-0.08135727047920227,0.0,0.0,-6.0,0.0,0.0,0.0,0.0,0.0
2581178.128,0.0,3.0,3.0,-0.5699999928474426,-0.0,-0.06915368139743805,0.0,0.0,-6.0,0.0,0.0,0.0,0.0,0.0
2581188.256,0.0,4.0,4.0,-0.7599999904632568,-0.0,-0.3587805926799774,-1.0,-9.0,1.0,0.0,0.0,0.0,0.0,0.0
2581198.256,0.0,1.0,1.0,-0.1899999976158142,-0.0,0.5950363278388977,0.0,0.0,-5.0,0.0,0.0,0.0,0.0,0.0
2581209.125,0.0,2.0,2.0,-0.3799999952316284,-0.0,0.20578093826770782,0.0,0.0,-3.0,0.0,0.0,0.0,0.0,0.0
2581219.822,0.0,2.0,2.0,-0.3799999952316284,-0.0,0.17491380870342255,0.0,0.0,-3.0,0.0,0.0,0.0,0.0,0.0
2581229.822,0.0,1.0,1.0,-0.1899999976158142,-0.0,0.4486767053604126,0.0,0.0,-5.0,0.0,0.0,0.0,0.0,0.0
2581240.125,0.0,0.0,0.0,0.0,0.0,0.6813751459121704,0.0,0.0,-6.0,0.0,0.0,0.0,0.0,0.0
2581250.125,0.0,7.0,7.0,-1.3299999237060547,-0.0,-1.520830750465393,-2.0,-11.0,-7.0,0.0,0.0,0.0,0.0,0.0
2581261.126,0.0,1.0,1.0,-0.1899999976158142,-0.0,0.5072935223579407,0.0,0.0,-3.0,0.0,0.0,0.0,0.0,0.0
2581272.125,0.0,2.0,2.0,-0.3799999952316284,-0.0,0.13119955360889435,0.0,0.0,-4.0,0.0,0.0,0.0,0.0,0.0
2581282.125,0.0,0.0,0.0,0.0,0.0,0.7115195393562317,0.0,0.0,-4.0,0.0,0.0,0.0,0.0,0.0
2581292.125,0.0,0.0,0.0,0.0,0.0,0.6047916412353516,0.0,0.0,-4.0,0.0,0.0,0.0,0.0,0.0
2581302.964,0.0,-1.0,-1.0,0.1899999976158142,0.0,0.814072847366333,1.0,9.0,-5.0,0.0,0.0,0.0,0.0,0.0
2581312.965,0.0,0.0,0.0,0.0,0.0,0.3919619917869568,0.0,0.0,-5.0,0.0,0.0,0.0,0.0,0.0
2581323.126,0.0,2.0,2.0,-0.3799999952316284,-0.0,-0.2668322026729584,0.0,0.0,-5.0,0.0,0.0,0.0,0.0,0.0
2581333.18,0.0,2.0,2.0,-0.3799999952316284,-0.0,-0.2268073856830597,0.0,0.0,-5.0,0.0,0.0,0.0,0.0,0.0
2581344.126,0.0,1.0,1.0,-0.1899999976158142,-0.0,0.10721366852521896,0.0,0.0,-6.0,0.0,0.0,0.0,0.0,0.0
2581355.125,0.0,4.0,4.0,-0.7599999904632568,-0.0,-0.8088682293891907,-1.0,-9.0,-4.0,0.0,0.0,0.0,0.0,0.0
2581366.158,0.0,1.0,1.0,-0.1899999976158142,-0.0,0.21246184408664703,0.0,0.0,-2.0,0.0,0.0,0.0,0.0,0.0
2581376.158,0.0,3.0,3.0,-0.5699999928474426,-0.0,-0.41940733790397644,0.0,0.0,-1.0,0.0,0.0,0.0,0.0,0.0
2581387.125,0.0,4.0,4.0,-0.7599999904632568,-0.0,-0.6564962267875671,-1.0,-9.0,-4.0,0.0,0.0,0.0,0.0,0.0
2581397.815,0.0,3.0,3.0,-0.5699999928474426,-0.0,-0.25802186131477356,0.0,0.0,-5.0,0.0,0.0,0.0,0.0,0.0
2581407.815,0.0,2.0,2.0,-0.3799999952316284,-0.0,0.08068136125802994,0.0,0.0,-8.0,0.0,0.0,0.0,0.0,0.0
2581417.816,0.0,2.0,2.0,-0.3799999952316284,-0.0,0.06857915967702866,0.0,0.0,-8.0,0.0,0.0,0.0,0.0,0.0
2581427.817,0.0,1.0,1.0,-0.1899999976158142,-0.0,0.35829225182533264,0.0,0.0,-5.0,0.0,0.0,0.0,0.0,0.0
2581438.332,0.0,1.0,1.0,-0.1899999976158142,-0.0,0.3045484125614166,0.0,0.0,-6.0,0.0,0.0,0.0,0.0,0.0
2581449.125,0.0,1.0,1.0,-0.1899999976158142,-0.0,0.25886616110801697,0.0,0.0,-6.0,0.0,0.0,0.0,0.0,0.0
2581460.098,0.0,1.0,1.0,-0.1899999976158142,-0.0,0.18703080713748932,0.0,0.0,-5.0,0.0,0.0,0.0,0.0,0.0
2581470.098,0.0,2.0,2.0,-0.3799999952316284,-0.0,-0.14102375507354736,0.0,0.0,-7.0,0.0,0.0,0.0,0.0,0.0
2581480.098,0.0,2.0,2.0,-0.3799999952316284,-0.0,-0.11987019330263138,0.0,0.0,-4.0,0.0,0.0,0.0,0.0,0.0
2581491.041,0.0,2.0,2.0,-0.3799999952316284,-0.0,-0.10188966989517212,0.0,0.0,-5.0,0.0,0.0,0.0,0.0,0.0
2581501.042,0.0,2.0,2.0,-0.3799999952316284,-0.0,-0.0866062194108963,0.0,0.0,-3.0,0.0,0.0,0.0,0.0,0.0
2581511.155,0.0,1.0,1.0,-0.1899999976158142,-0.0,0.22638466954231262,0.0,0.0,-5.0,0.0,0.0,0.0,0.0,0.0
2581522.125,0.0,1.0,1.0,-0.1899999976158142,-0.0,0.19242697954177856,0.0,0.0,-5.0,0.0,0.0,0.0,0.0,0.0
2581532.126,0.0,4.0,4.0,-0.7599999904632568,-0.0,-0.7364369034767151,-1.0,-9.0,-4.0,0.0,0.0,0.0,0.0,0.0
2581542.127,0.0,4.0,4.0,-0.7599999904632568,-0.0,-0.6259713768959045,-1.0,-9.0,-5.0,0.0,0.0,0.0,0.0,0.0
2581552.127,0.0,3.0,3.0,-0.5699999928474426,-0.0,-0.2320757359266281,0.0,0.0,-3.0,0.0,0.0,0.0,0.0,0.0
2581563.125,0.0,1.0,1.0,-0.1899999976158142,-0.0,0.40273553133010864,0.0,0.0,-4.0,0.0,0.0,0.0,0.0,0.0
2581573.126,0.0,1.0,1.0,-0.1899999976158142,-0.0,0.34232521057128906,0.0,0.0,-4.0,0.0,0.0,0.0,0.0,0.0
2581584.125,0.0,2.0,2.0,-0.3799999952316284,-0.0,-0.00902351550757885,0.0,0.0,-3.0,0.0,0.0,0.0,0.0,0.0
2581595.125,0.0,4.0,4.0,-0.7599999904632568,-0.0,-0.6076698899269104,-1.0,-9.0,-6.0,0.0,0.0,0.0,0.0,0.0
2581605.125,0.0,5.0,5.0,-0.949999988079071,-0.0,-0.8165193796157837,-1.0,-9.0,-3.0,0.0,0.0,0.0,0.0,0.0
2581615.126,0.0,5.0,5.0,-0.949999988079071,-0.0,-0.6940414905548096,-1.0,-9.0,-3.0,0.0,0.0,0.0,0.0,0.0
2581626.126,0.0,3.0,3.0,-0.5699999928474426,-0.0,0.010064621455967426,0.0,0.0,-10.0,0.0,0.0,0.0,0.0,0.0
2581636.127,0.0,0.0,0.0,0.0,0.0,0.9085547924041748,0.0,0.0,-4.0,0.0,0.0,0.0,0.0,0.0
2581647.125,0.0,5.0,5.0,-0.949999988079071,-0.0,-0.7277281880378723,-1.0,-9.0,-4.0,0.0,0.0,0.0,0.0,0.0
2581658.125,0.0,5.0,5.0,-0.949999988079071,-0.0,-0.6185689568519592,-1.0,-9.0,-4.0,0.0,0.0,0.0,0.0,0.0
2581668.125,0.0,1.0,1.0,-0.1899999976158142,-0.0,0.6742162108421326,0.0,0.0,-4.0,0.0,0.0,0.0,0.0,0.0
2581679.099,0.0,2.0,2.0,-0.3799999952316284,-0.0,0.2730838358402252,0.0,0.0,-5.0,0.0,0.0,0.0,0.0,0.0
2581689.1,0.0,3.0,3.0,-0.5699999928474426,-0.0,-0.06787868589162827,0.0,0.0,-5.0,0.0,0.0,0.0,0.0,0.0
2581699.1,0.0,4.0,4.0,-0.7599999904632568,-0.0,-0.3576968312263489,-1.0,-9.0,-8.0,0.0,0.0,0.0,0.0,0.0
2581709.101,0.0,0.0,0.0,0.0,0.0,0.8959574699401855,0.0,0.0,-6.0,0.0,0.0,0.0,0.0,0.0
2581719.102,0.0,5.0,5.0,-0.949999988079071,-0.0,-0.7384358644485474,-1.0,-9.0,-7.0,0.0,0.0,0.0,0.0,0.0
2581730.126,0.0,5.0,5.0,-0.949999988079071,-0.0,-0.6276705265045166,-1.0,-9.0,-6.0,0.0,0.0,0.0,0.0,0.0
2581741.125,0.0,1.0,1.0,-0.1899999976158142,-0.0,0.6664798259735107,0.0,0.0,-6.0,0.0,0.0,0.0,0.0,0.0
2581751.73,0.0,1.0,1.0,-0.1899999976158142,-0.0,0.566507875919342,0.0,0.0,-4.0,0.0,0.0,0.0,0.0,0.0
2581761.731,0.0,3.0,3.0,-0.5699999928474426,-0.0,-0.11846819519996643,0.0,0.0,-3.0,0.0,0.0,0.0,0.0,0.0
2581772.125,0.0,1.0,1.0,-0.1899999976158142,-0.0,0.499301940202713,0.0,0.0,-6.0,0.0,0.0,0.0,0.0,0.0
2581782.769,0.0,2.0,2.0,-0.3799999952316284,-0.0,0.060745708644390106,0.0,0.0,-5.0,0.0,0.0,0.0,0.0,0.0
2581792.77,0.0,4.0,4.0,-0.7599999904632568,-0.0,-0.5483660697937012,-1.0,-9.0,-6.0,0.0,0.0,0.0,0.0,0.0
2581802.771,0.0,6.0,6.0,-1.1399999856948853,-0.0,-1.0661110877990723,-2.0,-11.0,-4.0,0.0,0.0,0.0,0.0,0.0
2581813.125,0.0,4.0,4.0,-0.7599999904632568,-0.0,-0.306194543838501,-1.0,-9.0,-4.0,0.0,0.0,0.0,0.0,0.0
2581824.125,0.0,1.0,1.0,-0.1899999976158142,-0.0,0.6397345066070557,0.0,0.0,-4.0,0.0,0.0,0.0,0.0,0.0
2581834.125,0.0,2.0,2.0,-0.3799999952316284,-0.0,0.2437743991613388,0.0,0.0,-4.0,0.0,0.0,0.0,0.0,0.0
2581844.125,0.0,-1.0,-1.0,0.1899999976158142,0.0,1.1072081327438354,1.0,9.0,-5.0,0.0,0.0,0.0,0.0,0.0
2581854.125,0.0,1.0,1.0,-0.1899999976158142,-0.0,0.34112703800201416,0.0,0.0,-5.0,0.0,0.0,0.0,0.0,0.0
2581864.126,0.0,0.0,0.0,0.0,0.0,0.5899579524993896,0.0,0.0,-5.0,0.0,0.0,0.0,0.0,0.0
2581875.125,0.0,4.0,4.0,-0.7599999904632568,-0.0,-0.6985355615615845,-1.0,-9.0,-5.0,0.0,0.0,0.0,0.0,0.0
2581885.125,0.0,2.0,2.0,-0.3799999952316284,-0.0,0.006244660820811987,0.0,0.0,-4.0,0.0,0.0,0.0,0.0,0.0
2581895.125,0.0,1.0,1.0,-0.1899999976158142,-0.0,0.30530792474746704,0.0,0.0,-7.0,0.0,0.0,0.0,0.0,0.0
2581906.125,0.0,3.0,3.0,-0.5699999928474426,-0.0,-0.34048816561698914,0.0,0.0,-5.0,0.0,0.0,0.0,0.0,0.0
2581916.126,0.0,3.0,3.0,-0.5699999928474426,-0.0,-0.2894149422645569,0.0,0.0,-5.0,0.0,0.0,0.0,0.0,0.0
2581927.126,0.0,3.0,3.0,-0.5699999928474426,-0.0,-0.2460027039051056,0.0,0.0,-4.0,0.0,0.0,0.0,0.0,0.0
2581938.125,0.0,0.0,0.0,0.0,0.0,0.690897524356842,0.0,0.0,-3.0,0.0,0.0,0.0,0.0,0.0
2581949.125,0.0,-1.0,-1.0,0.1899999976158142,0.0,0.8872628808021545,1.0,9.0,-4.0,0.0,0.0,0.0,0.0,0.0
2581959.439,0.0,1.0,1.0,-0.1899999976158142,-0.0,0.1541735678911209,0.0,0.0,-6.0,0.0,0.0,0.0,0.0,0.0
2581970.125,0.0,4.0,4.0,-0.7599999904632568,-0.0,-0.7689523100852966,-1.0,-9.0,-5.0,0.0,0.0,0.0,0.0,0.0
2581981.126,0.0,-1.0,-1.0,0.1899999976158142,0.0,0.8463903069496155,1.0,9.0,-6.0,0.0,0.0,0.0,0.0,0.0
2581991.127,0.0,1.0,1.0,-0.1899999976158142,-0.0,0.11943187564611435,0.0,0.0,-3.0,0.0,0.0,0.0,0.0,0.0
2582002.126,0.0,3.0,3.0,-0.5699999928474426,-0.0,-0.4984827935695648,-1.0,-9.0,-7.0,0.0,0.0,0.0,0.0,0.0
2582012.127,0.0,3.0,3.0,-0.5699999928474426,-0.0,-0.4237103760242462,0.0,0.0,-7.0,0.0,0.0,0.0,0.0,0.0
2582022.128,0.0,2.0,2.0,-0.3799999952316284,-0.0,-0.06015387922525406,0.0,0.0,-7.0,0.0,0.0,0.0,0.0,0.0
2582033.126,0.0,3.0,3.0,-0.5699999928474426,-0.0,-0.35113075375556946,0.0,0.0,-6.0,0.0,0.0,0.0,0.0,0.0
2582043.469,0.0,3.0,3.0,-0.5699999928474426,-0.0,-0.2984611392021179,0.0,0.0,-6.0,0.0,0.0,0.0,0.0,0.0
2582053.469,0.0,3.0,3.0,-0.5699999928474426,-0.0,-0.25369197130203247,0.0,0.0,-4.0,0.0,0.0,0.0,0.0,0.0
2582063.469,0.0,3.0,3.0,-0.5699999928474426,-0.0,-0.2156381756067276,0.0,0.0,-4.0,0.0,0.0,0.0,0.0,0.0
2582073.469,0.0,0.0,0.0,0.0,0.0,0.7167074084281921,0.0,0.0,-5.0,0.0,0.0,0.0,0.0,0.0
2582083.469,0.0,2.0,2.0,-0.3799999952316284,-0.0,0.009201409295201302,0.0,0.0,-5.0,0.0,0.0,0.0,0.0,0.0
2582094.129,0.0,2.0,2.0,-0.3799999952316284,-0.0,0.007821198552846909,0.0,0.0,-7.0,0.0,0.0,0.0,0.0,0.0
2582104.129,0.0,3.0,3.0,-0.5699999928474426,-0.0,-0.2933519184589386,0.0,0.0,-3.0,0.0,0.0,0.0,0.0,0.0
2582114.13,0.0,0.0,0.0,0.0,0.0,0.6506507396697998,0.0,0.0,-5.0,0.0,0.0,0.0,0.0,0.0
2582124.131,0.0,0.0,0.0,0.0,0.0,0.5530531406402588,0.0,0.0,-3.0,0.0,0.0,0.0,0.0,0.0
2582135.125,0.0,1.0,1.0,-0.1899999976158142,-0.0,0.09958096593618393,0.0,0.0,-5.0,0.0,0.0,0.0,0.0,0.0
2582146.125,0.0,4.0,4.0,-0.7599999904632568,-0.0,-0.8153560161590576,-1.0,-9.0,-3.0,0.0,0.0,0.0,0.0,0.0
2582157.125,0.0,2.0,2.0,-0.3799999952316284,-0.0,-0.09305272996425629,0.0,0.0,-3.0,0.0,0.0,0.0,0.0,0.0
2582167.126,0.0,5.0,5.0,-0.949999988079071,-0.0,-0.9790946841239929,-1.0,-9.0,-3.0,0.0,0.0,0.0,0.0,0.0
2582179.098,0.0,3.0,3.0,-0.5699999928474426,-0.0,-0.23223060369491577,0.0,0.0,-4.0,0.0,0.0,0.0,0.0,0.0
2582190.126,0.0,3.0,3.0,-0.5699999928474426,-0.0,-0.19739602506160736,0.0,0.0,-4.0,0.0,0.0,0.0,0.0,0.0
2582201.125,0.0,2.0,2.0,-0.3799999952316284,-0.0,0.13221332430839539,0.0,0.0,-6.0,0.0,0.0,0.0,0.0,0.0
2582211.129,0.0,3.0,3.0,-0.5699999928474426,-0.0,-0.18761862814426422,0.0,0.0,-3.0,0.0,0.0,0.0,0.0,0.0
2582221.13,0.0,2.0,2.0,-0.3799999952316284,-0.0,0.14052411913871765,0.0,0.0,-7.0,0.0,0.0,0.0,0.0,0.0
2582231.13,0.0,2.0,2.0,-0.3799999952316284,-0.0,0.11944550275802612,0.0,0.0,-7.0,0.0,0.0,0.0,0.0,0.0
2582242.098,0.0,2.0,2.0,-0.3799999952316284,-0.0,0.10152868181467056,0.0,0.0,-5.0,0.0,0.0,0.0,0.0,0.0
2582253.125,0.0,1.0,1.0,-0.1899999976158142,-0.0,0.38629934191703796,0.0,0.0,-7.0,0.0,0.0,0.0,0.0,0.0
2582263.125,0.0,4.0,4.0,-0.7599999904632568,-0.0,-0.5716453790664673,-1.0,-9.0,-3.0,0.0,0.0,0.0,0.0,0.0
2582273.164,0.0,2.0,2.0,-0.3799999952316284,-0.0,0.11410132050514221,0.0,0.0,-6.0,0.0,0.0,0.0,0.0,0.0
2582283.165,0.0,4.0,4.0,-0.7599999904632568,-0.0,-0.5030137896537781,-1.0,-9.0,-6.0,0.0,0.0,0.0,0.0,0.0
2582294.126,0.0,4.0,4.0,-0.7599999904632568,-0.0,-0.4275617301464081,-1.0,-9.0,-8.0,0.0,0.0,0.0,0.0,0.0
2582304.126,0.0,2.0,2.0,-0.3799999952316284,-0.0,0.23657242953777313,0.0,0.0,-5.0,0.0,0.0,0.0,0.0,0.0
2582315.126,0.0,2.0,2.0,-0.3799999952316284,-0.0,0.20108656585216522,0.0,0.0,-5.0,0.0,0.0,0.0,0.0,0.0
2582325.293,0.0,2.0,2.0,-0.3799999952316284,-0.0,0.17092359066009521,0.0,0.0,-5.0,0.0,0.0,0.0,0.0,0.0
2582335.294,0.0,3.0,3.0,-0.5699999928474426,-0.0,-0.154714897274971,0.0,0.0,-2.0,0.0,0.0,0.0,0.0,0.0
2582345.294,0.0,1.0,1.0,-0.1899999976158142,-0.0,0.4684922397136688,0.0,0.0,-4.0,0.0,0.0,0.0,0.0,0.0
2582356.14,0.0,0.0,0.0,0.0,0.0,0.6982183456420898,0.0,0.0,-8.0,0.0,0.0,0.0,0.0,0.0
2582366.14,0.0,1.0,1.0,-0.1899999976158142,-0.0,0.2934856712818146,0.0,0.0,-6.0,0.0,0.0,0.0,0.0,0.0
2582377.125,0.0,0.0,0.0,0.0,0.0,0.5570433735847473,0.0,0.0,-7.0,0.0,0.0,0.0,0.0,0.0
2582387.299,0.0,4.0,4.0,-0.7599999904632568,-0.0,-0.7265129089355469,-1.0,-9.0,-3.0,0.0,0.0,0.0,0.0,0.0
2582397.3,0.0,2.0,2.0,-0.3799999952316284,-0.0,-0.017536085098981857,0.0,0.0,-8.0,0.0,0.0,0.0,0.0,0.0
2582407.301,0.0,3.0,3.0,-0.5699999928474426,-0.0,-0.3149056136608124,0.0,0.0,-4.0,0.0,0.0,0.0,0.0,0.0
2582417.301,0.0,1.0,1.0,-0.1899999976158142,-0.0,0.3323301374912262,0.0,0.0,-5.0,0.0,0.0,0.0,0.0,0.0
2582427.302,0.0,3.0,3.0,-0.5699999928474426,-0.0,-0.31751927733421326,0.0,0.0,-6.0,0.0,0.0,0.0,0.0,0.0
2582438.125,0.0,3.0,3.0,-0.5699999928474426,-0.0,-0.2698913812637329,0.0,0.0,-7.0,0.0,0.0,0.0,0.0,0.0
2582448.126,0.0,4.0,4.0,-0.7599999904632568,-0.0,-0.5294076204299927,-1.0,-9.0,-3.0,0.0,0.0,0.0,0.0,0.0
2582458.126,0.0,0.0,0.0,0.0,0.0,0.7500033378601074,0.0,0.0,-4.0,0.0,0.0,0.0,0.0,0.0
2582469.125,0.0,3.0,3.0,-0.5699999928474426,-0.0,-0.2624970078468323,0.0,0.0,-2.0,0.0,0.0,0.0,0.0,0.0
2582479.125,0.0,0.0,0.0,0.0,0.0,0.6768773794174194,0.0,0.0,-3.0,0.0,0.0,0.0,0.0,0.0
2582490.125,0.0,2.0,2.0,-0.3799999952316284,-0.0,-0.024654116481542587,0.0,0.0,-4.0,0.0,0.0,0.0,0.0,0.0
2582500.898,0.0,3.0,3.0,-0.5699999928474426,-0.0,-0.32095596194267273,0.0,0.0,-2.0,0.0,0.0,0.0,0.0,0.0
2582511.126,0.0,5.0,5.0,-0.949999988079071,-0.0,-0.8728125095367432,-1.0,-9.0,-3.0,0.0,0.0,0.0,0.0,0.0
2582522.126,0.0,3.0,3.0,-0.5699999928474426,-0.0,-0.141890749335289,0.0,0.0,-4.0,0.0,0.0,0.0,0.0,0.0
2582532.633,0.0,-2.0,-2.0,0.3799999952316284,0.0,1.3793926239013672,1.0,9.0,-6.0,0.0,0.0,0.0,0.0,0.0
2582542.633,0.0,2.0,2.0,-0.3799999952316284,-0.0,-0.027516046538949013,0.0,0.0,-6.0,0.0,0.0,0.0,0.0,0.0
2582553.126,0.0,1.0,1.0,-0.1899999976158142,-0.0,0.2766112983226776,0.0,0.0,-4.0,0.0,0.0,0.0,0.0,0.0
2582564.126,0.0,1.0,1.0,-0.1899999976158142,-0.0,0.23511961102485657,0.0,0.0,-5.0,0.0,0.0,0.0,0.0,0.0
2582574.131,0.0,1.0,1.0,-0.1899999976158142,-0.0,0.19985167682170868,0.0,0.0,-6.0,0.0,0.0,0.0,0.0,0.0
2582584.131,0.0,1.0,1.0,-0.1899999976158142,-0.0,0.1698739230632782,0.0,0.0,-6.0,0.0,0.0,0.0,0.0,0.0
2582594.132,0.0,2.0,2.0,-0.3799999952316284,-0.0,-0.15560711920261383,0.0,0.0,-7.0,0.0,0.0,0.0,0.0,0.0
2582604.132,0.0,1.0,1.0,-0.1899999976158142,-0.0,0.16773389279842377,0.0,0.0,-5.0,0.0,0.0,0.0,0.0,0.0
2582615.041,0.0,2.0,2.0,-0.3799999952316284,-0.0,-0.1574261337518692,0.0,0.0,-4.0,0.0,0.0,0.0,0.0,0.0
2582626.126,0.0,0.0,0.0,0.0,0.0,0.4661876857280731,0.0,0.0,-1.0,0.0,0.0,0.0,0.0,0.0
2582637.126,0.0,2.0,2.0,-0.3799999952316284,-0.0,-0.20374035835266113,0.0,0.0,-6.0,0.0,0.0,0.0,0.0,0.0
2582647.126,0.0,-1.0,-1.0,0.1899999976158142,0.0,0.7268205285072327,0.0,0.0,-3.0,0.0,0.0,0.0,0.0,0.0
2582657.127,0.0,3.0,3.0,-0.5699999928474426,-0.0,-0.5822023153305054,-1.0,-9.0,-4.0,0.0,0.0,0.0,0.0,0.0
2582667.127,0.0,1.0,1.0,-0.1899999976158142,-0.0,0.10512792319059372,0.0,0.0,-6.0,0.0,0.0,0.0,0.0,0.0
2582677.208,0.0,3.0,3.0,-0.5699999928474426,-0.0,-0.5106411576271057,-1.0,-9.0,-7.0,0.0,0.0,0.0,0.0,0.0
2582687.208,0.0,0.0,0.0,0.0,0.0,0.46595486998558044,0.0,0.0,-5.0,0.0,0.0,0.0,0.0,0.0
2582697.208,0.0,0.0,0.0,0.0,0.0,0.39606165885925293,0.0,0.0,-5.0,0.0,0.0,0.0,0.0,0.0
2582707.398,0.0,1.0,1.0,-0.1899999976158142,-0.0,0.036652468144893646,0.0,0.0,-5.0,0.0,0.0,0.0,0.0,0.0
2582718.126,0.0,2.0,2.0,-0.3799999952316284,-0.0,-0.2688453495502472,0.0,0.0,-6.0,0.0,0.0,0.0,0.0,0.0
2582728.126,0.0,3.0,3.0,-0.5699999928474426,-0.0,-0.5285184979438782,-1.0,-9.0,-4.0,0.0,0.0,0.0,0.0,0.0
2582738.127,0.0,0.0,0.0,0.0,0.0,0.4507591128349304,0.0,0.0,-4.0,0.0,0.0,0.0,0.0,0.0
2582749.126,0.0,1.0,1.0,-0.1899999976158142,-0.0,0.02567351423203945,0.0,0.0,-6.0,0.0,0.0,0.0,0.0,0.0
2582760.04,0.0,3.0,3.0,-0.5699999928474426,-0.0,-0.5781773924827576,-1.0,-9.0,-5.0,0.0,0.0,0.0,0.0,0.0
2582770.041,0.0,1.0,1.0,-0.1899999976158142,-0.0,0.10854911059141159,0.0,0.0,-5.0,0.0,0.0,0.0,0.0,0.0
2582781.04,0.0,1.0,1.0,-0.1899999976158142,-0.0,0.092266745865345,0.0,0.0,-1.0,0.0,0.0,0.0,0.0,0.0
2582792.125,0.0,1.0,1.0,-0.1899999976158142,-0.0,0.07842673361301422,0.0,0.0,-3.0,0.0,0.0,0.0,0.0,0.0
2582802.125,0.0,2.0,2.0,-0.3799999952316284,-0.0,-0.23333722352981567,0.0,0.0,-8.0,0.0,0.0,0.0,0.0,0.0
2582812.126,0.0,-2.0,-2.0,0.3799999952316284,0.0,1.0016632080078125,1.0,9.0,-4.0,0.0,0.0,0.0,0.0,0.0
2582823.125,0.0,1.0,1.0,-0.1899999976158142,-0.0,-0.04858610779047012,0.0,0.0,-6.0,0.0,0.0,0.0,0.0,0.0
2582833.92,0.0,2.0,2.0,-0.3799999952316284,-0.0,-0.3412981331348419,0.0,0.0,-5.0,0.0,0.0,0.0,0.0,0.0
2582844.125,0.0,2.0,2.0,-0.3799999952316284,-0.0,-0.2901034355163574,0.0,0.0,-9.0,0.0,0.0,0.0,0.0,0.0
2582855.126,0.0,3.0,3.0,-0.5699999928474426,-0.0,-0.5465878844261169,-1.0,-9.0,-6.0,0.0,0.0,0.0,0.0,0.0
2582865.414,0.0,3.0,3.0,-0.5699999928474426,-0.0,-0.46459972858428955,-1.0,-9.0,-6.0,0.0,0.0,0.0,0.0,0.0
2582876.126,0.0,1.0,1.0,-0.1899999976158142,-0.0,0.20509012043476105,0.0,0.0,-6.0,0.0,0.0,0.0,0.0,0.0
2582886.127,0.0,4.0,4.0,-0.7599999904632568,-0.0,-0.725673258304596,-1.0,-9.0,-3.0,0.0,0.0,0.0,0.0,0.0
2582896.127,0.0,2.0,2.0,-0.3799999952316284,-0.0,-0.01682238280773163,0.0,0.0,-3.0,0.0,0.0,0.0,0.0,0.0
2582906.911,0.0,4.0,4.0,-0.7599999904632568,-0.0,-0.614298939704895,-1.0,-9.0,-6.0,0.0,0.0,0.0,0.0,0.0
2582916.912,0.0,2.0,2.0,-0.3799999952316284,-0.0,0.07784578949213028,0.0,0.0,-6.0,0.0,0.0,0.0,0.0,0.0
2582926.913,0.0,-3.0,-3.0,0.5699999928474426,0.0,1.5661686658859253,2.0,11.0,-5.0,0.0,0.0,0.0,0.0,0.0
2582936.913,0.0,2.0,2.0,-0.3799999952316284,-0.0,-0.16875635087490082,0.0,0.0,-6.0,0.0,0.0,0.0,0.0,0.0
2582947.125,0.0,2.0,2.0,-0.3799999952316284,-0.0,-0.14344289898872375,0.0,0.0,-4.0,0.0,0.0,0.0,0.0,0.0
2582957.127,0.0,1.0,1.0,-0.1899999976158142,-0.0,0.1780734807252884,0.0,0.0,-6.0,0.0,0.0,0.0,0.0,0.0
2582967.128,0.0,3.0,3.0,-0.5699999928474426,-0.0,-0.448637455701828,-1.0,-9.0,-7.0,0.0,0.0,0.0,0.0,0.0
2582977.129,0.0,1.0,1.0,-0.1899999976158142,-0.0,0.21865805983543396,0.0,0.0,-2.0,0.0,0.0,0.0,0.0,0.0
2582988.125,0.0,3.0,3.0,-0.5699999928474426,-0.0,-0.4141405522823334,0.0,0.0,-4.0,0.0,0.0,0.0,0.0,0.0
2582998.189,0.0,2.0,2.0,-0.3799999952316284,-0.0,-0.052019525319337845,0.0,0.0,-4.0,0.0,0.0,0.0,0.0,0.0
2583008.189,0.0,1.0,1.0,-0.1899999976158142,-0.0,0.255783349275589,0.0,0.0,-3.0,0.0,0.0,0.0,0.0,0.0
2583018.19,0.0,3.0,3.0,-0.5699999928474426,-0.0,-0.3825840651988983,0.0,0.0,-6.0,0.0,0.0,0.0,0.0,0.0
2583028.19,0.0,1.0,1.0,-0.1899999976158142,-0.0,0.27480342984199524,0.0,0.0,-6.0,0.0,0.0,0.0,0.0,0.0
2583039.126,0.0,-1.0,-1.0,0.1899999976158142,0.0,0.8335828185081482,1.0,9.0,-4.0,0.0,0.0,0.0,0.0,0.0
2583049.126,0.0,1.0,1.0,-0.1899999976158142,-0.0,0.10854551196098328,0.0,0.0,0.0,0.0,0.0,0.0,0.0,0.0
2583060.125,0.0,0.0,0.0,0.0,0.0,0.39226365089416504,0.0,0.0,-5.0,0.0,0.0,0.0,0.0,0.0
2583071.126,0.0,3.0,3.0,-0.5699999928474426,-0.0,-0.5665757656097412,-1.0,-9.0,-5.0,0.0,0.0,0.0,0.0,0.0
2583081.126,0.0,0.0,0.0,0.0,0.0,0.41841045022010803,0.0,0.0,-7.0,0.0,0.0,0.0,0.0,0.0
2583091.449,0.0,1.0,1.0,-0.1899999976158142,-0.0,0.05564894154667854,0.0,0.0,-6.0,0.0,0.0,0.0,0.0,0.0
2583101.449,0.0,0.0,0.0,0.0,0.0,0.34730154275894165,0.0,0.0,-6.0,0.0,0.0,0.0,0.0,0.0
2583112.125,0.0,-2.0,-2.0,0.3799999952316284,0.0,0.9409252405166626,1.0,9.0,-4.0,0.0,0.0,0.0,0.0,0.0
2583122.126,0.0,-1.0,-1.0,0.1899999976158142,0.0,0.49978652596473694,0.0,0.0,-3.0,0.0,0.0,0.0,0.0,0.0
2583132.127,0.0,2.0,2.0,-0.3799999952316284,-0.0,-0.47518131136894226,0.0,0.0,-4.0,0.0,0.0,0.0,0.0,0.0
2583142.128,0.0,0.0,0.0,0.0,0.0,0.1960957795381546,0.0,0.0,-2.0,0.0,0.0,0.0,0.0,0.0
2583153.125,0.0,3.0,3.0,-0.5699999928474426,-0.0,-0.7333184480667114,-1.0,-9.0,-4.0,0.0,0.0,0.0,0.0,0.0
2583163.125,0.0,3.0,3.0,-0.5699999928474426,-0.0,-0.6233206987380981,-1.0,-9.0,-2.0,0.0,0.0,0.0,0.0,0.0
2583173.125,0.0,0.0,0.0,0.0,0.0,0.3701772391796112,0.0,0.0,-4.0,0.0,0.0,0.0,0.0,0.0
2583184.098,0.0,1.0,1.0,-0.1899999976158142,-0.0,0.014650709927082062,0.0,0.0,-4.0,0.0,0.0,0.0,0.0,0.0
2583194.099,0.0,3.0,3.0,-0.5699999928474426,-0.0,-0.5875468254089355,-1.0,-9.0,-8.0,0.0,0.0,0.0,0.0,0.0
2583204.099,0.0,2.0,2.0,-0.3799999952316284,-0.0,-0.19941486418247223,0.0,0.0,-4.0,0.0,0.0,0.0,0.0,0.0
2583214.1,0.0,2.0,2.0,-0.3799999952316284,-0.0,-0.1695026457309723,0.0,0.0,-3.0,0.0,0.0,0.0,0.0,0.0
2583225.126,0.0,4.0,4.0,-0.7599999904632568,-0.0,-0.7440771460533142,-1.0,-9.0,-6.0,0.0,0.0,0.0,0.0,0.0
2583236.125,0.0,3.0,3.0,-0.5699999928474426,-0.0,-0.33246564865112305,0.0,0.0,-6.0,0.0,0.0,0.0,0.0,0.0
2583246.126,0.0,3.0,3.0,-0.5699999928474426,-0.0,-0.28259581327438354,0.0,0.0,-6.0,0.0,0.0,0.0,0.0,0.0
2583256.127,0.0,1.0,1.0,-0.1899999976158142,-0.0,0.35979345440864563,0.0,0.0,-6.0,0.0,0.0,0.0,0.0,0.0
2583266.777,0.0,1.0,1.0,-0.1899999976158142,-0.0,0.3058244585990906,0.0,0.0,-5.0,0.0,0.0,0.0,0.0,0.0
2583277.125,0.0,3.0,3.0,-0.5699999928474426,-0.0,-0.3400491178035736,0.0,0.0,-4.0,0.0,0.0,0.0,0.0,0.0
2583288.125,0.0,-1.0,-1.0,0.1899999976158142,0.0,0.9109580516815186,1.0,9.0,-4.0,0.0,0.0,0.0,0.0,0.0
2583298.387,0.0,-1.0,-1.0,0.1899999976158142,0.0,0.7743143439292908,0.0,0.0,-1.0,0.0,0.0,0.0,0.0,0.0
2583309.125,0.0,2.0,2.0,-0.3799999952316284,-0.0,-0.2418326437473297,0.0,0.0,-7.0,0.0,0.0,0.0,0.0,0.0
2583320.125,0.0,2.0,2.0,-0.3799999952316284,-0.0,-0.20555774867534637,0.0,0.0,-7.0,0.0,0.0,0.0,0.0,0.0
2583330.126,0.0,0.0,0.0,0.0,0.0,0.4252758026123047,0.0,0.0,-6.0,0.0,0.0,0.0,0.0,0.0
2583340.126,0.0,3.0,3.0,-0.5699999928474426,-0.0,-0.5385153889656067,-1.0,-9.0,2.0,0.0,0.0,0.0,0.0,0.0
2583351.341,0.0,6.0,6.0,-1.1399999856948853,-0.0,-1.3577378988265991,-2.0,-11.0,-4.0,0.0,0.0,0.0,0.0,0.0
2583362.125,0.0,3.0,3.0,-0.5699999928474426,-0.0,-0.25407737493515015,0.0,0.0,-1.0,0.0,0.0,0.0,0.0,0.0
2583373.028,0.0,2.0,3.0,-0.5699999928474426,-0.0,-0.21596577763557434,0.0,0.0,-4.0,0.0,0.0,0.0,0.0,0.0
2583383.029,0.0,1.0,1.0,-0.1899999976158142,-0.0,0.39896464347839355,0.0,0.0,-5.0,0.0,0.0,0.0,0.0,0.0
2583393.041,0.0,1.0,1.0,-0.1899999976158142,-0.0,0.39896464347839355,0.0,0.0,-5.0,0.0,0.0,0.0,0.0,0.0
2583403.042,0.0,1.0,1.0,-0.1899999976158142,-0.0,0.33911997079849243,0.0,0.0,-4.0,0.0,0.0,0.0,0.0,0.0
2583413.042,0.0,5.0,5.0,-0.949999988079071,-0.0,-0.9117478132247925,-1.0,-9.0,-2.0,0.0,0.0,0.0,0.0,0.0
2583424.04,0.0,2.0,0.0,0.0,0.0,0.7250140905380249,0.0,0.0,-3.0,0.0,0.0,0.0,0.0,0.0
2583434.041,0.0,2.0,2.0,-0.3799999952316284,-0.0,0.01626208983361721,0.0,0.0,-3.0,0.0,0.0,0.0,0.0,0.0
2583444.041,0.0,0.0,0.0,0.0,0.0,0.6138226985931396,0.0,0.0,-4.0,0.0,0.0,0.0,0.0,0.0
2583455.098,0.0,2.0,2.0,-0.3799999952316284,-0.0,0.06848695874214172,0.0,0.0,-6.0,0.0,0.0,0.0,0.0,0.0
2583465.099,0.0,4.0,4.0,-0.7599999904632568,-0.0,-0.5417860150337219,-1.0,-9.0,-6.0,0.0,0.0,0.0,0.0,0.0
2583475.099,0.0,4.0,4.0,-0.7599999904632568,-0.0,-0.46051812171936035,-1.0,-9.0,-3.0,0.0,0.0,0.0,0.0,0.0
2583485.377,0.0,0.0,0.0,0.0,0.0,0.8085594177246094,0.0,0.0,-4.0,0.0,0.0,0.0,0.0,0.0
2583496.125,0.0,0.0,0.0,0.0,0.0,0.6872755289077759,0.0,0.0,-4.0,0.0,0.0,0.0,0.0,0.0
2583507.125,0.0,8.0,8.0,-1.5199999809265137,-0.0,-1.8158154487609863,-3.0,-11.0,-6.0,0.0,0.0,0.0,0.0,0.0
2583518.125,0.0,3.0,3.0,-0.5699999928474426,-0.0,-0.04344341158866882,0.0,0.0,-4.0,0.0,0.0,0.0,0.0,0.0
2583529.354,0.0,2.0,2.0,-0.3799999952316284,-0.0,0.26307305693626404,0.0,0.0,-4.0,0.0,0.0,0.0,0.0,0.0
2583539.354,0.0,4.0,4.0,-0.7599999904632568,-0.0,-0.3763878047466278,-1.0,-9.0,-10.0,0.0,0.0,0.0,0.0,0.0
2583549.354,0.0,2.0,2.0,-0.3799999952316284,-0.0,0.2800702750682831,0.0,0.0,-2.0,0.0,0.0,0.0,0.0,0.0
2583560.125,0.0,1.0,1.0,-0.1899999976158142,-0.0,0.5380597114562988,0.0,0.0,-5.0,0.0,0.0,0.0,0.0,0.0
2583570.125,0.0,3.0,3.0,-0.5699999928474426,-0.0,-0.14264914393424988,0.0,0.0,-7.0,0.0,0.0,0.0,0.0,0.0
2583581.354,0.0,0.0,0.0,0.0,0.0,0.778748095035553,0.0,0.0,-6.0,0.0,0.0,0.0,0.0,0.0
2583591.355,0.0,1.0,1.0,-0.1899999976158142,-0.0,0.36193594336509705,0.0,0.0,-5.0,0.0,0.0,0.0,0.0,0.0
2583602.125,0.0,4.0,4.0,-0.7599999904632568,-0.0,-0.5923542976379395,-1.0,-9.0,-4.0,0.0,0.0,0.0,0.0,0.0
2583612.126,0.0,2.0,2.0,-0.3799999952316284,-0.0,0.09649873524904251,0.0,0.0,-5.0,0.0,0.0,0.0,0.0,0.0
2583623.125,0.0,2.0,2.0,-0.3799999952316284,-0.0,0.08202392607927322,0.0,0.0,-7.0,0.0,0.0,0.0,0.0,0.0
2583633.126,0.0,2.0,2.0,-0.3799999952316284,-0.0,0.06972034275531769,0.0,0.0,-6.0,0.0,0.0,0.0,0.0,0.0
2583643.658,0.0,2.0,2.0,-0.3799999952316284,-0.0,0.059262294322252274,0.0,0.0,-8.0,0.0,0.0,0.0,0.0,0.0
2583654.126,0.0,4.0,4.0,-0.7599999904632568,-0.0,-0.5496269464492798,-1.0,-9.0,-6.0,0.0,0.0,0.0,0.0,0.0
2583664.126,0.0,5.0,5.0,-0.949999988079071,-0.0,-0.7671828866004944,-1.0,-9.0,-3.0,0.0,0.0,0.0,0.0,0.0
2583674.127,0.0,3.0,3.0,-0.5699999928474426,-0.0,-0.05210556834936142,0.0,0.0,-4.0,0.0,0.0,0.0,0.0,0.0
2583684.128,0.0,1.0,1.0,-0.1899999976158142,-0.0,0.5557101964950562,0.0,0.0,-4.0,0.0,0.0,0.0,0.0,0.0
2583695.125,0.0,0.0,0.0,0.0,0.0,0.7723536491394043,0.0,0.0,-4.0,0.0,0.0,0.0,0.0,0.0
2583706.128,0.0,6.0,6.0,-1.1399999856948853,-0.0,-1.1969741582870483,-2.0,-11.0,-6.0,0.0,0.0,0.0,0.0,0.0
2583717.041,0.0,2.0,2.0,-0.3799999952316284,-0.0,0.18257173895835876,0.0,0.0,-5.0,0.0,0.0,0.0,0.0,0.0
2583727.639,0.0,1.0,1.0,-0.1899999976158142,-0.0,0.4551859200000763,0.0,0.0,-7.0,0.0,0.0,0.0,0.0,0.0
2583737.64,0.0,0.0,0.0,0.0,0.0,0.6869080066680908,0.0,0.0,-6.0,0.0,0.0,0.0,0.0,0.0
2583747.64,0.0,0.0,0.0,0.0,0.0,0.5838718414306641,0.0,0.0,-3.0,0.0,0.0,0.0,0.0,0.0
2583758.041,0.0,2.0,2.0,-0.3799999952316284,-0.0,-0.10370882600545883,0.0,0.0,-4.0,0.0,0.0,0.0,0.0,0.0
2583769.126,0.0,1.0,1.0,-0.1899999976158142,-0.0,0.2118474543094635,0.0,0.0,-2.0,0.0,0.0,0.0,0.0,0.0
2583779.127,0.0,2.0,2.0,-0.3799999952316284,-0.0,-0.11992961168289185,0.0,0.0,-6.0,0.0,0.0,0.0,0.0,0.0
2583789.127,0.0,-1.0,-1.0,0.1899999976158142,0.0,0.7980597019195557,0.0,0.0,-4.0,0.0,0.0,0.0,0.0,0.0
2583799.128,0.0,0.0,0.0,0.0,0.0,0.3783508241176605,0.0,0.0,-7.0,0.0,0.0,0.0,0.0,0.0
2583810.122,0.0,4.0,4.0,-0.7599999904632568,-0.0,-0.8784015774726868,-1.0,-9.0,-2.0,0.0,0.0,0.0,0.0,0.0
2583821.126,0.0,-1.0,-1.0,0.1899999976158142,0.0,0.7533584237098694,0.0,0.0,-5.0,0.0,0.0,0.0,0.0,0.0
2583831.126,0.0,4.0,4.0,-0.7599999904632568,-0.0,-0.8596450686454773,-1.0,-9.0,-7.0,0.0,0.0,0.0,0.0,0.0
2583841.126,0.0,2.0,2.0,-0.3799999952316284,-0.0,-0.13069842755794525,0.0,0.0,-8.0,0.0,0.0,0.0,0.0,0.0
2583852.126,0.0,0.0,0.0,0.0,0.0,0.48890623450279236,0.0,0.0,-6.0,0.0,0.0,0.0,0.0,0.0
2583862.127,0.0,0.0,0.0,0.0,0.0,0.41557031869888306,0.0,0.0,-6.0,0.0,0.0,0.0,0.0,0.0
2583872.127,0.0,1.0,1.0,-0.1899999976158142,-0.0,0.053234826773405075,0.0,0.0,-5.0,0.0,0.0,0.0,0.0,0.0
2583882.127,0.0,0.0,0.0,0.0,0.0,0.34524956345558167,0.0,0.0,-6.0,0.0,0.0,0.0,0.0,0.0
2583892.128,0.0,3.0,3.0,-0.5699999928474426,-0.0,-0.6065376996994019,-1.0,-9.0,-4.0,0.0,0.0,0.0,0.0,0.0
2583903.125,0.0,4.0,4.0,-0.7599999904632568,-0.0,-0.8155570030212402,-1.0,-9.0,-2.0,0.0,0.0,0.0,0.0,0.0
2583913.125,0.0,4.0,4.0,-0.7599999904632568,-0.0,-0.6932234764099121,-1.0,-9.0,-2.0,0.0,0.0,0.0,0.0,0.0
2583923.249,0.0,3.0,3.0,-0.5699999928474426,-0.0,-0.2892400324344635,0.0,0.0,-4.0,0.0,0.0,0.0,0.0,0.0
2583933.249,0.0,5.0,5.0,-0.949999988079071,-0.0,-0.8458539247512817,-1.0,-9.0,-2.0,0.0,0.0,0.0,0.0,0.0
2583943.249,0.0,1.0,1.0,-0.1899999976158142,-0.0,0.48102396726608276,0.0,0.0,-3.0,0.0,0.0,0.0,0.0,0.0
2583953.625,0.0,1.0,1.0,-0.1899999976158142,-0.0,0.4088703691959381,0.0,0.0,-4.0,0.0,0.0,0.0,0.0,0.0
2583963.626,0.0,2.0,2.0,-0.3799999952316284,-0.0,0.04753987118601799,0.0,0.0,-6.0,0.0,0.0,0.0,0.0,0.0
2583974.126,0.0,2.0,2.0,-0.3799999952316284,-0.0,0.040408890694379807,0.0,0.0,-8.0,0.0,0.0,0.0,0.0,0.0
2583985.126,0.0,2.0,2.0,-0.3799999952316284,-0.0,0.03434755653142929,0.0,0.0,-6.0,0.0,0.0,0.0,0.0,0.0
2583995.127,0.0,1.0,1.0,-0.1899999976158142,-0.0,0.32919538021087646,0.0,0.0,-3.0,0.0,0.0,0.0,0.0,0.0
2584005.776,0.0,2.0,2.0,-0.3799999952316284,-0.0,-0.020183870568871498,0.0,0.0,-8.0,0.0,0.0,0.0,0.0,0.0
2584015.777,0.0,1.0,1.0,-0.1899999976158142,-0.0,0.2828436493873596,0.0,0.0,-5.0,0.0,0.0,0.0,0.0,0.0
2584025.777,0.0,1.0,1.0,-0.1899999976158142,-0.0,0.24041710793972015,0.0,0.0,-7.0,0.0,0.0,0.0,0.0,0.0
2584036.126,0.0,2.0,2.0,-0.3799999952316284,-0.0,-0.09564540535211563,0.0,0.0,-5.0,0.0,0.0,0.0,0.0,0.0
2584048.109,0.0,3.0,3.0,-0.5699999928474426,-0.0,-0.3812985420227051,0.0,0.0,-5.0,0.0,0.0,0.0,0.0,0.0
2584059.125,0.0,0.0,0.0,0.0,0.0,0.5795116424560547,0.0,0.0,-8.0,0.0,0.0,0.0,0.0,0.0
2584070.981,0.0,3.0,3.0,-0.5699999928474426,-0.0,-0.4074149429798126,0.0,0.0,-8.0,0.0,0.0,0.0,0.0,0.0
2584081.125,0.0,0.0,0.0,0.0,0.0,0.5536971688270569,0.0,0.0,-7.0,0.0,0.0,0.0,0.0,0.0
2584091.438,0.0,-1.0,-1.0,0.1899999976158142,0.0,0.7706425786018372,0.0,0.0,-5.0,0.0,0.0,0.0,0.0,0.0
2584102.121,0.0,4.0,4.0,-0.7599999904632568,-0.0,-0.8449535369873047,-1.0,-9.0,-6.0,0.0,0.0,0.0,0.0,0.0
2584112.122,0.0,3.0,3.0,-0.5699999928474426,-0.0,-0.41821056604385376,0.0,0.0,-5.0,0.0,0.0,0.0,0.0,0.0
2584122.122,0.0,0.0,0.0,0.0,0.0,0.5445208549499512,0.0,0.0,-5.0,0.0,0.0,0.0,0.0,0.0
2584133.256,0.0,0.0,0.0,0.0,0.0,0.462842732667923,0.0,0.0,-5.0,0.0,0.0,0.0,0.0,0.0
2584143.256,0.0,0.0,0.0,0.0,0.0,0.3934163451194763,0.0,0.0,-3.0,0.0,0.0,0.0,0.0,0.0
2584153.257,0.0,1.0,1.0,-0.1899999976158142,-0.0,0.03440394997596741,0.0,0.0,-3.0,0.0,0.0,0.0,0.0,0.0
2584163.257,0.0,2.0,2.0,-0.3799999952316284,-0.0,-0.2707566022872925,0.0,0.0,-5.0,0.0,0.0,0.0,0.0,0.0
2584173.257,0.0,3.0,3.0,-0.5699999928474426,-0.0,-0.5301430821418762,-1.0,-9.0,-5.0,0.0,0.0,0.0,0.0,0.0
2584184.126,0.0,3.0,3.0,-0.5699999928474426,-0.0,-0.450621634721756,-1.0,-9.0,-3.0,0.0,0.0,0.0,0.0,0.0
2584194.126,0.0,4.0,4.0,-0.7599999904632568,-0.0,-0.6830283403396606,-1.0,-9.0,-6.0,0.0,0.0,0.0,0.0,0.0
2584204.285,0.0,1.0,1.0,-0.1899999976158142,-0.0,0.3194257616996765,0.0,0.0,-7.0,0.0,0.0,0.0,0.0,0.0
2584215.126,0.0,3.0,3.0,-0.5699999928474426,-0.0,-0.32848799228668213,0.0,0.0,-5.0,0.0,0.0,0.0,0.0,0.0
2584226.125,0.0,1.0,1.0,-0.1899999976158142,-0.0,0.3207851052284241,0.0,0.0,-7.0,0.0,0.0,0.0,0.0,0.0
2584236.125,0.0,1.0,1.0,-0.1899999976158142,-0.0,0.2726673483848572,0.0,0.0,-7.0,0.0,0.0,0.0,0.0,0.0
2584246.126,0.0,0.0,0.0,0.0,0.0,0.5317671895027161,0.0,0.0,-7.0,0.0,0.0,0.0,0.0,0.0
2584256.127,0.0,2.0,2.0,-0.3799999952316284,-0.0,-0.14799778163433075,0.0,0.0,-8.0,0.0,0.0,0.0,0.0,0.0
2584266.127,0.0,0.0,0.0,0.0,0.0,0.4742017984390259,0.0,0.0,-9.0,0.0,0.0,0.0,0.0,0.0
2584276.212,0.0,1.0,1.0,-0.1899999976158142,-0.0,0.10307158529758453,0.0,0.0,-5.0,0.0,0.0,0.0,0.0,0.0
2584286.212,0.0,-1.0,-1.0,0.1899999976158142,0.0,0.6876107454299927,0.0,0.0,-2.0,0.0,0.0,0.0,0.0,0.0
2584296.212,0.0,1.0,1.0,-0.1899999976158142,-0.0,-0.015530754812061787,0.0,0.0,-5.0,0.0,0.0,0.0,0.0,0.0
2584306.213,0.0,2.0,2.0,-0.3799999952316284,-0.0,-0.31320109963417053,0.0,0.0,-4.0,0.0,0.0,0.0,0.0,0.0
2584316.213,0.0,0.0,0.0,0.0,0.0,0.3337789475917816,0.0,0.0,-7.0,0.0,0.0,0.0,0.0,0.0
2584327.126,0.0,0.0,0.0,0.0,0.0,0.28371211886405945,0.0,0.0,-5.0,0.0,0.0,0.0,0.0,0.0
2584337.126,0.0,1.0,1.0,-0.1899999976158142,-0.0,-0.05884464457631111,0.0,0.0,-5.0,0.0,0.0,0.0,0.0,0.0
2584347.127,0.0,3.0,3.0,-0.5699999928474426,-0.0,-0.6500178575515747,-1.0,-9.0,-6.0,0.0,0.0,0.0,0.0,0.0
2584358.126,0.0,2.0,2.0,-0.3799999952316284,-0.0,-0.2525152564048767,0.0,0.0,-5.0,0.0,0.0,0.0,0.0,0.0
2584369.125,0.0,3.0,3.0,-0.5699999928474426,-0.0,-0.5146379470825195,-1.0,-9.0,-4.0,0.0,0.0,0.0,0.0,0.0
2584380.33,0.0,0.0,0.0,0.0,0.0,0.4625575840473175,0.0,0.0,-6.0,0.0,0.0,0.0,0.0,0.0
2584391.125,0.0,3.0,3.0,-0.5699999928474426,-0.0,-0.34080207347869873,0.0,0.0,-5.0,0.0,0.0,0.0,0.0,0.0
2584402.125,0.0,3.0,3.0,-0.5699999928474426,-0.0,-0.2896817624568939,0.0,0.0,-6.0,0.0,0.0,0.0,0.0,0.0
2584412.126,0.0,3.0,3.0,-0.5699999928474426,-0.0,-0.24622949957847595,0.0,0.0,-6.0,0.0,0.0,0.0,0.0,0.0
2584422.126,0.0,3.0,3.0,-0.5699999928474426,-0.0,-0.20929507911205292,0.0,0.0,-5.0,0.0,0.0,0.0,0.0,0.0
2584433.125,0.0,2.0,2.0,-0.3799999952316284,-0.0,0.1220991313457489,0.0,0.0,-6.0,0.0,0.0,0.0,0.0,0.0
2584443.125,0.0,2.0,2.0,-0.3799999952316284,-0.0,0.10378426313400269,0.0,0.0,-6.0,0.0,0.0,0.0,0.0,0.0
2584454.122,0.0,0.0,0.0,0.0,0.0,0.688216507434845,0.0,0.0,-4.0,0.0,0.0,0.0,0.0,0.0
2584464.122,0.0,1.0,1.0,-0.1899999976158142,-0.0,0.2849840819835663,0.0,0.0,-4.0,0.0,0.0,0.0,0.0,0.0
2584474.122,0.0,-1.0,-1.0,0.1899999976158142,0.0,0.8422363996505737,1.0,9.0,-4.0,0.0,0.0,0.0,0.0,0.0
2584485.125,0.0,2.0,2.0,-0.3799999952316284,-0.0,-0.18409889936447144,0.0,0.0,-6.0,0.0,0.0,0.0,0.0,0.0
2584496.126,0.0,1.0,1.0,-0.1899999976158142,-0.0,0.14351588487625122,0.0,0.0,-5.0,0.0,0.0,0.0,0.0,0.0
2584506.644,0.0,1.0,1.0,-0.1899999976158142,-0.0,0.12198850512504578,0.0,0.0,-5.0,0.0,0.0,0.0,0.0,0.0
2584516.644,0.0,3.0,3.0,-0.5699999928474426,-0.0,-0.49630966782569885,-1.0,-9.0,-4.0,0.0,0.0,0.0,0.0,0.0
2584526.645,0.0,1.0,1.0,-0.1899999976158142,-0.0,0.1781366765499115,0.0,0.0,-4.0,0.0,0.0,0.0,0.0,0.0
2584537.125,0.0,2.0,2.0,-0.3799999952316284,-0.0,-0.1485837697982788,0.0,0.0,-6.0,0.0,0.0,0.0,0.0,0.0
2584548.097,0.0,5.0,5.0,-0.949999988079071,-0.0,-1.0262960195541382,-1.0,-9.0,-4.0,0.0,0.0,0.0,0.0,0.0
2584558.098,0.0,0.0,0.0,0.0,0.0,0.627648115158081,0.0,0.0,-3.0,0.0,0.0,0.0,0.0,0.0
2584569.208,0.0,6.0,6.0,-1.1399999856948853,-0.0,-1.2664988040924072,-2.0,-11.0,-3.0,0.0,0.0,0.0,0.0,0.0
2584579.209,0.0,2.0,2.0,-0.3799999952316284,-0.0,0.12347579747438431,0.0,0.0,-5.0,0.0,0.0,0.0,0.0,0.0
2584589.21,0.0,2.0,2.0,-0.3799999952316284,-0.0,0.10495442897081375,0.0,0.0,-3.0,0.0,0.0,0.0,0.0,0.0
2584599.211,0.0,2.0,2.0,-0.3799999952316284,-0.0,0.08921127021312714,0.0,0.0,-3.0,0.0,0.0,0.0,0.0,0.0
2584610.14,0.0,-1.0,-1.0,0.1899999976158142,0.0,0.9758294224739075,1.0,9.0,-3.0,0.0,0.0,0.0,0.0,0.0
2584621.126,0.0,4.0,4.0,-0.7599999904632568,-0.0,-0.6705447435379028,-1.0,-9.0,-6.0,0.0,0.0,0.0,0.0,0.0
2584631.127,0.0,2.0,2.0,-0.3799999952316284,-0.0,0.03003685735166073,0.0,0.0,-3.0,0.0,0.0,0.0,0.0,0.0
2584641.127,0.0,2.0,2.0,-0.3799999952316284,-0.0,0.025531329214572906,0.0,0.0,-7.0,0.0,0.0,0.0,0.0,0.0
2584652.098,0.0,5.0,5.0,-0.949999988079071,-0.0,-0.8782982230186462,-1.0,-9.0,-1.0,0.0,0.0,0.0,0.0,0.0
2584663.126,0.0,0.0,0.0,0.0,0.0,0.8654292225837708,0.0,0.0,-5.0,0.0,0.0,0.0,0.0,0.0
2584673.127,0.0,3.0,3.0,-0.5699999928474426,-0.0,-0.16438499093055725,0.0,0.0,-1.0,0.0,0.0,0.0,0.0,0.0
2584684.126,0.0,2.0,2.0,-0.3799999952316284,-0.0,0.16027270257472992,0.0,0.0,-5.0,0.0,0.0,0.0,0.0,0.0
2584694.127,0.0,1.0,1.0,-0.1899999976158142,-0.0,0.4362317621707916,0.0,0.0,-6.0,0.0,0.0,0.0,0.0,0.0
2584704.127,0.0,2.0,2.0,-0.3799999952316284,-0.0,0.07079705595970154,0.0,0.0,-4.0,0.0,0.0,0.0,0.0,0.0
2584714.128,0.0,1.0,1.0,-0.1899999976158142,-0.0,0.3601774573326111,0.0,0.0,-2.0,0.0,0.0,0.0,0.0,0.0
2584724.129,0.0,5.0,5.0,-0.949999988079071,-0.0,-0.8938489556312561,-1.0,-9.0,-5.0,0.0,0.0,0.0,0.0,0.0
2584735.126,0.0,2.0,2.0,-0.3799999952316284,-0.0,0.14022822678089142,0.0,0.0,-2.0,0.0,0.0,0.0,0.0,0.0
2584745.127,0.0,3.0,3.0,-0.5699999928474426,-0.0,-0.18080595135688782,0.0,0.0,-5.0,0.0,0.0,0.0,0.0,0.0
2584755.128,0.0,0.0,0.0,0.0,0.0,0.7463148236274719,0.0,0.0,-5.0,0.0,0.0,0.0,0.0,0.0
2584765.38,0.0,0.0,0.0,0.0,0.0,0.6343676447868347,0.0,0.0,-5.0,0.0,0.0,0.0,0.0,0.0
2584775.38,0.0,1.0,1.0,-0.1899999976158142,-0.0,0.23921255767345428,0.0,0.0,-4.0,0.0,0.0,0.0,0.0,0.0
2584785.381,0.0,-1.0,-1.0,0.1899999976158142,0.0,0.8033306002616882,0.0,0.0,-3.0,0.0,0.0,0.0,0.0,0.0
2584796.126,0.0,3.0,3.0,-0.5699999928474426,-0.0,-0.5171687602996826,-1.0,-9.0,-4.0,0.0,0.0,0.0,0.0,0.0
2584807.125,0.0,3.0,3.0,-0.5699999928474426,-0.0,-0.43959346413612366,-1.0,-9.0,-4.0,0.0,0.0,0.0,0.0,0.0
2584818.248,0.0,2.0,2.0,-0.3799999952316284,-0.0,-0.07365450263023376,0.0,0.0,-3.0,0.0,0.0,0.0,0.0,0.0
2584828.249,0.0,2.0,2.0,-0.3799999952316284,-0.0,-0.0626063272356987,0.0,0.0,-4.0,0.0,0.0,0.0,0.0,0.0
2584838.249,0.0,2.0,2.0,-0.3799999952316284,-0.0,-0.053215380758047104,0.0,0.0,-4.0,0.0,0.0,0.0,0.0,0.0
2584848.25,0.0,3.0,3.0,-0.5699999928474426,-0.0,-0.3452330231666565,0.0,0.0,-7.0,0.0,0.0,0.0,0.0,0.0
2584859.125,0.0,2.0,2.0,-0.3799999952316284,-0.0,0.006551874335855246,0.0,0.0,-5.0,0.0,0.0,0.0,0.0,0.0
2584869.125,0.0,4.0,4.0,-0.7599999904632568,-0.0,-0.5944308042526245,-1.0,-9.0,-5.0,0.0,0.0,0.0,0.0,0.0
2584880.125,0.0,4.0,4.0,-0.7599999904632568,-0.0,-0.5052661895751953,-1.0,-9.0,-5.0,0.0,0.0,0.0,0.0,0.0
2584891.126,0.0,2.0,2.0,-0.3799999952316284,-0.0,0.17052362859249115,0.0,0.0,-5.0,0.0,0.0,0.0,0.0,0.0
2584901.127,0.0,1.0,1.0,-0.1899999976158142,-0.0,0.4449450373649597,0.0,0.0,-7.0,0.0,0.0,0.0,0.0,0.0
2584911.128,0.0,4.0,4.0,-0.7599999904632568,-0.0,-0.5217965841293335,-1.0,-9.0,-6.0,0.0,0.0,0.0,0.0,0.0
2584921.794,0.0,2.0,2.0,-0.3799999952316284,-0.0,0.1564728021621704,0.0,0.0,-6.0,0.0,0.0,0.0,0.0,0.0
2584931.795,0.0,3.0,3.0,-0.5699999928474426,-0.0,-0.16699807345867157,0.0,0.0,-9.0,0.0,0.0,0.0,0.0,0.0
2584941.796,0.0,3.0,3.0,-0.5699999928474426,-0.0,-0.1419483721256256,0.0,0.0,-9.0,0.0,0.0,0.0,0.0,0.0
2584951.796,0.0,1.0,1.0,-0.1899999976158142,-0.0,0.4793437719345093,0.0,0.0,-6.0,0.0,0.0,0.0,0.0,0.0
2584962.126,0.0,2.0,2.0,-0.3799999952316284,-0.0,0.10744226723909378,0.0,0.0,-5.0,0.0,0.0,0.0,0.0,0.0
2584972.126,0.0,0.0,0.0,0.0,0.0,0.691325843334198,0.0,0.0,-7.0,0.0,0.0,0.0,0.0,0.0
2584983.126,0.0,0.0,0.0,0.0,0.0,0.5876269936561584,0.0,0.0,-7.0,0.0,0.0,0.0,0.0,0.0
2584993.337,0.0,3.0,3.0,-0.5699999928474426,-0.0,-0.40051689743995667,0.0,0.0,-4.0,0.0,0.0,0.0,0.0,0.0
2585004.126,0.0,1.0,1.0,-0.1899999976158142,-0.0,0.2595605254173279,0.0,0.0,-8.0,0.0,0.0,0.0,0.0,0.0
2585015.125,0.0,2.0,2.0,-0.3799999952316284,-0.0,-0.07937350124120712,0.0,0.0,-5.0,0.0,0.0,0.0,0.0,0.0
2585026.125,0.0,1.0,1.0,-0.1899999976158142,-0.0,0.24265259504318237,0.0,0.0,-5.0,0.0,0.0,0.0,0.0,0.0
2585036.126,0.0,4.0,4.0,-0.7599999904632568,-0.0,-0.6937451362609863,-1.0,-9.0,-6.0,0.0,0.0,0.0,0.0,0.0
2585046.166,0.0,4.0,4.0,-0.7599999904632568,-0.0,-0.5896833539009094,-1.0,-9.0,-6.0,0.0,0.0,0.0,0.0,0.0
2585056.167,0.0,3.0,3.0,-0.5699999928474426,-0.0,-0.20123091340065002,0.0,0.0,-5.0,0.0,0.0,0.0,0.0,0.0
2585066.168,0.0,2.0,2.0,-0.3799999952316284,-0.0,0.12895366549491882,0.0,0.0,-6.0,0.0,0.0,0.0,0.0,0.0
2585076.168,0.0,0.0,0.0,0.0,0.0,0.7096105217933655,0.0,0.0,-5.0,0.0,0.0,0.0,0.0,0.0
2585087.125,0.0,2.0,2.0,-0.3799999952316284,-0.0,0.0031690557952970266,0.0,0.0,-4.0,0.0,0.0,0.0,0.0,0.0
2585097.241,0.0,0.0,0.0,0.0,0.0,0.6026936173439026,0.0,0.0,-4.0,0.0,0.0,0.0,0.0,0.0
2585107.242,0.0,3.0,3.0,-0.5699999928474426,-0.0,-0.3877102732658386,0.0,0.0,-9.0,0.0,0.0,0.0,0.0,0.0
2585118.126,0.0,3.0,3.0,-0.5699999928474426,-0.0,-0.3295537531375885,0.0,0.0,-8.0,0.0,0.0,0.0,0.0,0.0
2585128.396,0.0,3.0,3.0,-0.5699999928474426,-0.0,-0.28012070059776306,0.0,0.0,-4.0,0.0,0.0,0.0,0.0,0.0
2585138.396,0.0,1.0,1.0,-0.1899999976158142,-0.0,0.3618972897529602,0.0,0.0,-4.0,0.0,0.0,0.0,0.0,0.0
2585149.125,0.0,1.0,1.0,-0.1899999976158142,-0.0,0.30761271715164185,0.0,0.0,-3.0,0.0,0.0,0.0,0.0,0.0
2585159.748,0.0,1.0,1.0,-0.1899999976158142,-0.0,0.26147082448005676,0.0,0.0,-3.0,0.0,0.0,0.0,0.0,0.0
2585170.098,0.0,-1.0,-1.0,0.1899999976158142,0.0,0.8222501277923584,1.0,9.0,-6.0,0.0,0.0,0.0,0.0,0.0
2585180.099,0.0,3.0,3.0,-0.5699999928474426,-0.0,-0.5010871887207031,-1.0,-9.0,-6.0,0.0,0.0,0.0,0.0,0.0
2585190.479,0.0,3.0,3.0,-0.5699999928474426,-0.0,-0.4259241223335266,0.0,0.0,-6.0,0.0,0.0,0.0,0.0,0.0
2585200.479,0.0,3.0,3.0,-0.5699999928474426,-0.0,-0.36203551292419434,0.0,0.0,-4.0,0.0,0.0,0.0,0.0,0.0
2585210.479,0.0,5.0,5.0,-0.949999988079071,-0.0,-0.9077301025390625,-1.0,-9.0,-7.0,0.0,0.0,0.0,0.0,0.0
2585220.48,0.0,3.0,3.0,-0.5699999928474426,-0.0,-0.17157070338726044,0.0,0.0,-5.0,0.0,0.0,0.0,0.0,0.0
2585230.608,0.0,1.0,1.0,-0.1899999976158142,-0.0,0.4541648030281067,0.0,0.0,-1.0,0.0,0.0,0.0,0.0,0.0
2585240.608,0.0,3.0,3.0,-0.5699999928474426,-0.0,-0.21395981311798096,0.0,0.0,-2.0,0.0,0.0,0.0,0.0,0.0
2585251.125,0.0,3.0,3.0,-0.5699999928474426,-0.0,-0.1818658411502838,0.0,0.0,-1.0,0.0,0.0,0.0,0.0,0.0
2585261.126,0.0,2.0,2.0,-0.3799999952316284,-0.0,0.14541397988796234,0.0,0.0,-2.0,0.0,0.0,0.0,0.0,0.0
2585271.132,0.0,1.0,1.0,-0.1899999976158142,-0.0,0.42360183596611023,0.0,0.0,-2.0,0.0,0.0,0.0,0.0,0.0
2585282.125,0.0,3.0,3.0,-0.5699999928474426,-0.0,-0.23993833363056183,0.0,0.0,-4.0,0.0,0.0,0.0,0.0,0.0
2585292.126,0.0,1.0,1.0,-0.1899999976158142,-0.0,0.3960523009300232,0.0,0.0,-7.0,0.0,0.0,0.0,0.0,0.0
2585302.126,0.0,0.0,0.0,0.0,0.0,0.6366444230079651,0.0,0.0,-4.0,0.0,0.0,0.0,0.0,0.0
2585312.127,0.0,5.0,5.0,-0.949999988079071,-0.0,-0.9588519930839539,-1.0,-9.0,-3.0,0.0,0.0,0.0,0.0,0.0
2585323.126,0.0,-3.0,-3.0,0.5699999928474426,0.0,1.5849753618240356,2.0,11.0,-5.0,0.0,0.0,0.0,0.0,0.0
2585334.258,0.0,1.0,1.0,-0.1899999976158142,-0.0,0.14722928404808044,0.0,0.0,-5.0,0.0,0.0,0.0,0.0,0.0
2585344.259,0.0,3.0,3.0,-0.5699999928474426,-0.0,-0.4748550057411194,-1.0,-9.0,-6.0,0.0,0.0,0.0,0.0,0.0
2585355.126,0.0,1.0,1.0,-0.1899999976158142,-0.0,0.1963731348514557,0.0,0.0,-6.0,0.0,0.0,0.0,0.0,0.0
2585366.125,0.0,1.0,1.0,-0.1899999976158142,-0.0,0.16691717505455017,0.0,0.0,-3.0,0.0,0.0,0.0,0.0,0.0
2585376.126,0.0,1.0,1.0,-0.1899999976158142,-0.0,0.141879603266716,0.0,0.0,-4.0,0.0,0.0,0.0,0.0,0.0
2585387.098,0.0,2.0,2.0,-0.3799999952316284,-0.0,-0.17940229177474976,0.0,0.0,-6.0,0.0,0.0,0.0,0.0,0.0
2585397.099,0.0,5.0,5.0,-0.949999988079071,-0.0,-1.0524917840957642,-2.0,-11.0,-2.0,0.0,0.0,0.0,0.0,0.0
2585407.834,0.0,4.0,4.0,-0.7599999904632568,-0.0,-0.5946180820465088,-1.0,-9.0,-1.0,0.0,0.0,0.0,0.0,0.0
2585418.098,0.0,0.0,0.0,0.0,0.0,0.6945744156837463,0.0,0.0,-3.0,0.0,0.0,0.0,0.0,0.0
2585429.125,0.0,4.0,4.0,-0.7599999904632568,-0.0,-0.6981697678565979,-1.0,-9.0,-3.0,0.0,0.0,0.0,0.0,0.0
2585439.125,0.0,0.0,0.0,0.0,0.0,0.6065554618835449,0.0,0.0,-3.0,0.0,0.0,0.0,0.0,0.0
2585449.277,0.0,2.0,2.0,-0.3799999952316284,-0.0,-0.08442774415016174,0.0,0.0,-5.0,0.0,0.0,0.0,0.0,0.0
2585460.125,0.0,0.0,0.0,0.0,0.0,0.5282363295555115,0.0,0.0,-4.0,0.0,0.0,0.0,0.0,0.0
2585471.125,0.0,2.0,2.0,-0.3799999952316284,-0.0,-0.1509990096092224,0.0,0.0,-5.0,0.0,0.0,0.0,0.0,0.0
2585481.125,0.0,2.0,2.0,-0.3799999952316284,-0.0,-0.1283491551876068,0.0,0.0,-5.0,0.0,0.0,0.0,0.0,0.0
2585492.125,0.0,2.0,2.0,-0.3799999952316284,-0.0,-0.10909678786993027,0.0,0.0,-3.0,0.0,0.0,0.0,0.0,0.0
2585503.125,0.0,4.0,4.0,-0.7599999904632568,-0.0,-0.6927321553230286,-1.0,-9.0,-5.0,0.0,0.0,0.0,0.0,0.0
2585514.125,0.0,1.0,1.0,-0.1899999976158142,-0.0,0.311177521944046,0.0,0.0,-4.0,0.0,0.0,0.0,0.0,0.0
2585524.125,0.0,3.0,3.0,-0.5699999928474426,-0.0,-0.33549901843070984,0.0,0.0,-3.0,0.0,0.0,0.0,0.0,0.0
2585534.126,0.0,2.0,2.0,-0.3799999952316284,-0.0,0.014825779013335705,0.0,0.0,-5.0,0.0,0.0,0.0,0.0,0.0
2585545.125,0.0,0.0,0.0,0.0,0.0,0.6126018166542053,0.0,0.0,-10.0,0.0,0.0,0.0,0.0,0.0
2585555.445,0.0,2.0,2.0,-0.3799999952316284,-0.0,-0.07928834855556488,0.0,0.0,-5.0,0.0,0.0,0.0,0.0,0.0
2585566.235,0.0,0.0,0.0,0.0,0.0,0.5326048135757446,0.0,0.0,-2.0,0.0,0.0,0.0,0.0,0.0
2585576.236,0.0,0.0,0.0,0.0,0.0,0.45271411538124084,0.0,0.0,-1.0,0.0,0.0,0.0,0.0,0.0
2585587.126,0.0,0.0,0.0,0.0,0.0,0.3848070204257965,0.0,0.0,-1.0,0.0,0.0,0.0,0.0,0.0
2585598.125,0.0,2.0,2.0,-0.3799999952316284,-0.0,-0.27291393280029297,0.0,0.0,-5.0,0.0,0.0,0.0,0.0,0.0
2585608.125,0.0,0.0,0.0,0.0,0.0,0.3680230677127838,0.0,0.0,-2.0,0.0,0.0,0.0,0.0,0.0
2585618.126,0.0,1.0,1.0,-0.1899999976158142,-0.0,0.012819663621485233,0.0,0.0,-4.0,0.0,0.0,0.0,0.0,0.0
2585628.127,0.0,1.0,1.0,-0.1899999976158142,-0.0,0.01089671440422535,0.0,0.0,-4.0,0.0,0.0,0.0,0.0,0.0
2585640.121,0.0,2.0,2.0,-0.3799999952316284,-0.0,-0.15712712705135345,0.0,0.0,-4.0,0.0,0.0,0.0,0.0,0.0
2585651.098,0.0,0.0,0.0,0.0,0.0,0.4664418399333954,0.0,0.0,-4.0,0.0,0.0,0.0,0.0,0.0
2585662.125,0.0,0.0,0.0,0.0,0.0,0.39647558331489563,0.0,0.0,-4.0,0.0,0.0,0.0,0.0,0.0
2585672.126,0.0,0.0,0.0,0.0,0.0,0.33700424432754517,0.0,0.0,-1.0,0.0,0.0,0.0,0.0,0.0
2585682.126,0.0,5.0,5.0,-0.949999988079071,-0.0,-1.2135461568832397,-2.0,-11.0,-5.0,0.0,0.0,0.0,0.0,0.0
2585692.126,0.0,2.0,2.0,-0.3799999952316284,-0.0,-0.13151440024375916,0.0,0.0,-4.0,0.0,0.0,0.0,0.0,0.0
2585702.126,0.0,4.0,4.0,-0.7599999904632568,-0.0,-0.7117871642112732,-1.0,-9.0,-6.0,0.0,0.0,0.0,0.0,0.0
2585712.126,0.0,3.0,3.0,-0.5699999928474426,-0.0,-0.3050191402435303,0.0,0.0,-5.0,0.0,0.0,0.0,0.0,0.0
2585722.882,0.0,5.0,5.0,-0.949999988079071,-0.0,-0.8592661619186401,-1.0,-9.0,-4.0,0.0,0.0,0.0,0.0,0.0
2585732.882,0.0,1.0,1.0,-0.1899999976158142,-0.0,0.4696235656738281,0.0,0.0,-6.0,0.0,0.0,0.0,0.0,0.0
2585742.882,0.0,2.0,2.0,-0.3799999952316284,-0.0,0.09918008744716644,0.0,0.0,-6.0,0.0,0.0,0.0,0.0,0.0
2585753.125,0.0,0.0,0.0,0.0,0.0,0.6843029856681824,0.0,0.0,-2.0,0.0,0.0,0.0,0.0,0.0
2585763.126,0.0,1.0,1.0,-0.1899999976158142,-0.0,0.2816576063632965,0.0,0.0,-4.0,0.0,0.0,0.0,0.0,0.0
2585773.127,0.0,2.0,2.0,-0.3799999952316284,-0.0,-0.06059097871184349,0.0,0.0,-5.0,0.0,0.0,0.0,0.0,0.0
2585784.125,0.0,-1.0,-1.0,0.1899999976158142,0.0,0.8484975099563599,1.0,9.0,-4.0,0.0,0.0,0.0,0.0,0.0
2585794.339,0.0,5.0,5.0,-0.949999988079071,-0.0,-1.0787768363952637,-2.0,-11.0,-7.0,0.0,0.0,0.0,0.0,0.0
2585805.126,0.0,2.0,2.0,-0.3799999952316284,-0.0,-0.01696047931909561,0.0,0.0,-2.0,0.0,0.0,0.0,0.0,0.0
2585815.127,0.0,0.0,0.0,0.0,0.0,0.585583508014679,0.0,0.0,-6.0,0.0,0.0,0.0,0.0,0.0
2585825.128,0.0,4.0,4.0,-0.7599999904632568,-0.0,-0.7022538185119629,-1.0,-9.0,-5.0,0.0,0.0,0.0,0.0,0.0
2585837.098,0.0,2.0,2.0,-0.3799999952316284,-0.0,0.0030841422267258167,0.0,0.0,-5.0,0.0,0.0,0.0,0.0,0.0
2585847.646,0.0,2.0,2.0,-0.3799999952316284,-0.0,0.002621521009132266,0.0,0.0,-5.0,0.0,0.0,0.0,0.0,0.0
2585857.646,0.0,4.0,4.0,-0.7599999904632568,-0.0,-0.5977715849876404,-1.0,-9.0,-4.0,0.0,0.0,0.0,0.0,0.0
2585867.646,0.0,3.0,3.0,-0.5699999928474426,-0.0,-0.2081059068441391,0.0,0.0,-5.0,0.0,0.0,0.0,0.0,0.0
2585877.647,0.0,3.0,3.0,-0.5699999928474426,-0.0,-0.176890030503273,0.0,0.0,-7.0,0.0,0.0,0.0,0.0,0.0
2585888.125,0.0,1.0,1.0,-0.1899999976158142,-0.0,0.4496433734893799,0.0,0.0,-5.0,0.0,0.0,0.0,0.0,0.0
2585898.125,0.0,3.0,3.0,-0.5699999928474426,-0.0,-0.21780303120613098,0.0,0.0,-3.0,0.0,0.0,0.0,0.0,0.0
2585908.125,0.0,4.0,4.0,-0.7599999904632568,-0.0,-0.4851325452327728,-1.0,-9.0,-4.0,0.0,0.0,0.0,0.0,0.0
2585919.342,0.0,4.0,4.0,-0.7599999904632568,-0.0,-0.412362664937973,-1.0,-9.0,-6.0,0.0,0.0,0.0,0.0,0.0
2585929.343,0.0,0.0,0.0,0.0,0.0,0.849491536617279,0.0,0.0,-7.0,0.0,0.0,0.0,0.0,0.0
2585939.343,0.0,1.0,1.0,-0.1899999976158142,-0.0,0.42206788063049316,0.0,0.0,-7.0,0.0,0.0,0.0,0.0,0.0
2585949.343,0.0,2.0,2.0,-0.3799999952316284,-0.0,0.058757755905389786,0.0,0.0,-3.0,0.0,0.0,0.0,0.0,0.0
2585959.347,0.0,4.0,4.0,-0.7599999904632568,-0.0,-0.5500558018684387,-1.0,-9.0,-8.0,0.0,0.0,0.0,0.0,0.0
2585969.347,0.0,2.0,2.0,-0.3799999952316284,-0.0,0.13245245814323425,0.0,0.0,-6.0,0.0,0.0,0.0,0.0,0.0
2585979.348,0.0,2.0,2.0,-0.3799999952316284,-0.0,0.11258459091186523,0.0,0.0,-6.0,0.0,0.0,0.0,0.0,0.0
2585990.125,0.0,1.0,1.0,-0.1899999976158142,-0.0,0.39569684863090515,0.0,0.0,-4.0,0.0,0.0,0.0,0.0,0.0
2586000.126,0.0,2.0,2.0,-0.3799999952316284,-0.0,0.036342378705739975,0.0,0.0,-6.0,0.0,0.0,0.0,0.0,0.0
2586011.126,0.0,5.0,5.0,-0.949999988079071,-0.0,-0.8691088557243347,-1.0,-9.0,-2.0,0.0,0.0,0.0,0.0,0.0
2586022.125,0.0,3.0,3.0,-0.5699999928474426,-0.0,-0.13874264061450958,0.0,0.0,-3.0,0.0,0.0,0.0,0.0,0.0
2586032.125,0.0,4.0,4.0,-0.7599999904632568,-0.0,-0.4179311990737915,-1.0,-9.0,-6.0,0.0,0.0,0.0,0.0,0.0
2586043.125,0.0,1.0,1.0,-0.1899999976158142,-0.0,0.5980445146560669,0.0,0.0,-4.0,0.0,0.0,0.0,0.0,0.0
2586054.126,0.0,1.0,1.0,-0.1899999976158142,-0.0,0.5083378553390503,0.0,0.0,-5.0,0.0,0.0,0.0,0.0,0.0
2586064.126,0.0,0.0,0.0,0.0,0.0,0.7320871353149414,0.0,0.0,-2.0,0.0,0.0,0.0,0.0,0.0
2586074.126,0.0,0.0,0.0,0.0,0.0,0.6222741007804871,0.0,0.0,-2.0,0.0,0.0,0.0,0.0,0.0
2586085.125,0.0,3.0,3.0,-0.5699999928474426,-0.0,-0.3710668683052063,0.0,0.0,-4.0,0.0,0.0,0.0,0.0,0.0
2586095.371,0.0,3.0,3.0,-0.5699999928474426,-0.0,-0.315406858921051,0.0,0.0,-4.0,0.0,0.0,0.0,0.0,0.0
2586106.125,0.0,0.0,0.0,0.0,0.0,0.6319040060043335,0.0,0.0,-6.0,0.0,0.0,0.0,0.0,0.0
2586116.126,0.0,3.0,3.0,-0.5699999928474426,-0.0,-0.3628814220428467,0.0,0.0,-2.0,0.0,0.0,0.0,0.0,0.0
2586126.127,0.0,-1.0,-1.0,0.1899999976158142,0.0,0.891550600528717,1.0,9.0,-7.0,0.0,0.0,0.0,0.0,0.0
2586137.126,0.0,4.0,4.0,-0.7599999904632568,-0.0,-0.7421817183494568,-1.0,-9.0,-1.0,0.0,0.0,0.0,0.0,0.0
2586147.126,0.0,2.0,2.0,-0.3799999952316284,-0.0,-0.030854573473334312,0.0,0.0,-4.0,0.0,0.0,0.0,0.0,0.0
2586157.127,0.0,4.0,4.0,-0.7599999904632568,-0.0,-0.6262263059616089,-1.0,-9.0,-2.0,0.0,0.0,0.0,0.0,0.0
2586167.127,0.0,4.0,4.0,-0.7599999904632568,-0.0,-0.532292366027832,-1.0,-9.0,-3.0,0.0,0.0,0.0,0.0,0.0
2586177.128,0.0,3.0,3.0,-0.5699999928474426,-0.0,-0.15244856476783752,0.0,0.0,-1.0,0.0,0.0,0.0,0.0,0.0
2586188.125,0.0,3.0,3.0,-0.5699999928474426,-0.0,-0.1295812875032425,0.0,0.0,-6.0,0.0,0.0,0.0,0.0,0.0
2586199.125,0.0,3.0,3.0,-0.5699999928474426,-0.0,-0.11014410108327866,0.0,0.0,-7.0,0.0,0.0,0.0,0.0,0.0
2586209.126,0.0,2.0,2.0,-0.3799999952316284,-0.0,0.20637746155261993,0.0,0.0,-5.0,0.0,0.0,0.0,0.0,0.0
2586219.127,0.0,0.0,0.0,0.0,0.0,0.7754207253456116,0.0,0.0,-8.0,0.0,0.0,0.0,0.0,0.0
2586230.125,0.0,2.0,2.0,-0.3799999952316284,-0.0,0.05910773202776909,0.0,0.0,-4.0,0.0,0.0,0.0,0.0,0.0
2586241.125,0.0,4.0,4.0,-0.7599999904632568,-0.0,-0.5497583150863647,-1.0,-9.0,-3.0,0.0,0.0,0.0,0.0,0.0
2586252.256,0.0,-1.0,-1.0,0.1899999976158142,0.0,1.0327051877975464,1.0,9.0,-4.0,0.0,0.0,0.0,0.0,0.0
2586262.257,0.0,2.0,2.0,-0.3799999952316284,-0.0,-0.02220042236149311,0.0,0.0,-1.0,0.0,0.0,0.0,0.0,0.0
2586272.257,0.0,2.0,2.0,-0.3799999952316284,-0.0,-0.018870359286665916,0.0,0.0,-6.0,0.0,0.0,0.0,0.0,0.0
2586282.66,0.0,4.0,4.0,-0.7599999904632568,-0.0,-0.6160396933555603,-1.0,-9.0,-5.0,0.0,0.0,0.0,0.0,0.0
2586292.661,0.0,3.0,3.0,-0.5699999928474426,-0.0,-0.2236337959766388,0.0,0.0,-6.0,0.0,0.0,0.0,0.0,0.0
2586303.125,0.0,5.0,5.0,-0.949999988079071,-0.0,-0.7900886535644531,-1.0,-9.0,-7.0,0.0,0.0,0.0,0.0,0.0
2586313.785,0.0,1.0,1.0,-0.1899999976158142,-0.0,0.5284244418144226,0.0,0.0,-5.0,0.0,0.0,0.0,0.0,0.0
2586324.125,0.0,-1.0,-1.0,0.1899999976158142,0.0,1.0491607189178467,1.0,9.0,-6.0,0.0,0.0,0.0,0.0,0.0
2586334.125,0.0,3.0,3.0,-0.5699999928474426,-0.0,-0.30821317434310913,0.0,0.0,-3.0,0.0,0.0,0.0,0.0,0.0
2586345.126,0.0,2.0,2.0,-0.3799999952316284,-0.0,0.0323159359395504,0.0,0.0,-6.0,0.0,0.0,0.0,0.0,0.0
2586356.125,0.0,0.0,0.0,0.0,0.0,0.627468466758728,0.0,0.0,-6.0,0.0,0.0,0.0,0.0,0.0
2586367.125,0.0,4.0,4.0,-0.7599999904632568,-0.0,-0.6666516065597534,-1.0,-9.0,-7.0,0.0,0.0,0.0,0.0,0.0
2586378.125,0.0,3.0,3.0,-0.5699999928474426,-0.0,-0.2666539251804352,0.0,0.0,-5.0,0.0,0.0,0.0,0.0,0.0
2586389.125,0.0,1.0,1.0,-0.1899999976158142,-0.0,0.3733440637588501,0.0,0.0,-5.0,0.0,0.0,0.0,0.0,0.0
2586400.125,0.0,5.0,5.0,-0.949999988079071,-0.0,-0.8826573491096497,-1.0,-9.0,-6.0,0.0,0.0,0.0,0.0,0.0
2586410.125,0.0,2.0,2.0,-0.3799999952316284,-0.0,0.14974108338356018,0.0,0.0,-3.0,0.0,0.0,0.0,0.0,0.0
2586421.126,0.0,3.0,3.0,-0.5699999928474426,-0.0,-0.1727200299501419,0.0,0.0,-5.0,0.0,0.0,0.0,0.0,0.0
2586432.125,0.0,1.0,1.0,-0.1899999976158142,-0.0,0.45318788290023804,0.0,0.0,-1.0,0.0,0.0,0.0,0.0,0.0
2586442.125,0.0,1.0,1.0,-0.1899999976158142,-0.0,0.38520970940589905,0.0,0.0,-5.0,0.0,0.0,0.0,0.0,0.0
2586452.126,0.0,1.0,1.0,-0.1899999976158142,-0.0,0.32742825150489807,0.0,0.0,-3.0,0.0,0.0,0.0,0.0,0.0
2586463.125,0.0,0.0,0.0,0.0,0.0,0.578313946723938,0.0,0.0,-7.0,0.0,0.0,0.0,0.0,0.0
2586473.126,0.0,0.0,0.0,0.0,0.0,0.49156686663627625,0.0,0.0,-3.0,0.0,0.0,0.0,0.0,0.0
2586484.098,0.0,3.0,3.0,-0.5699999928474426,-0.0,-0.4821680188179016,-1.0,-9.0,-5.0,0.0,0.0,0.0,0.0,0.0
2586495.126,0.0,1.0,1.0,-0.1899999976158142,-0.0,0.19015707075595856,0.0,0.0,-5.0,0.0,0.0,0.0,0.0,0.0
2586506.125,0.0,6.0,6.0,-1.1399999856948853,-0.0,-1.4076112508773804,-2.0,-11.0,-4.0,0.0,0.0,0.0,0.0,0.0
2586516.126,0.0,5.0,6.0,-1.1399999856948853,-0.0,-1.4076112508773804,-2.0,-11.0,-6.0,0.0,0.0,0.0,0.0,0.0
2586526.127,0.0,5.0,5.0,-0.949999988079071,-0.0,-0.8964696526527405,-1.0,-9.0,-6.0,0.0,0.0,0.0,0.0,0.0
2586536.127,0.0,2.0,2.0,-0.3799999952316284,-0.0,0.13800063729286194,0.0,0.0,-5.0,0.0,0.0,0.0,0.0,0.0
2586546.128,0.0,0.0,0.0,0.0,0.0,0.7173004746437073,0.0,0.0,-6.0,0.0,0.0,0.0,0.0,0.0
2586557.04,0.0,1.0,1.0,-0.1899999976158142,-0.0,0.21824969351291656,0.0,0.0,-3.0,0.0,0.0,0.0,0.0,0.0
2586568.041,0.0,3.0,3.0,-0.5699999928474426,-0.0,-0.41448765993118286,0.0,0.0,-4.0,0.0,0.0,0.0,0.0,0.0
2586579.126,0.0,1.0,1.0,-0.1899999976158142,-0.0,0.24768538773059845,0.0,0.0,-6.0,0.0,0.0,0.0,0.0,0.0
2586590.126,0.0,2.0,2.0,-0.3799999952316284,-0.0,-0.0894673690199852,0.0,0.0,-6.0,0.0,0.0,0.0,0.0,0.0
2586600.126,0.0,2.0,2.0,-0.3799999952316284,-0.0,-0.07604726403951645,0.0,0.0,-4.0,0.0,0.0,0.0,0.0,0.0
2586610.126,0.0,2.0,2.0,-0.3799999952316284,-0.0,-0.06464017927646637,0.0,0.0,-5.0,0.0,0.0,0.0,0.0,0.0
2586621.126,0.0,1.0,1.0,-0.1899999976158142,-0.0,0.24505579471588135,0.0,0.0,-4.0,0.0,0.0,0.0,0.0,0.0
2586631.457,0.0,1.0,1.0,-0.1899999976158142,-0.0,0.20829743146896362,0.0,0.0,-4.0,0.0,0.0,0.0,0.0,0.0
2586641.458,0.0,1.0,1.0,-0.1899999976158142,-0.0,0.1770528256893158,0.0,0.0,-6.0,0.0,0.0,0.0,0.0,0.0
2586652.125,0.0,1.0,1.0,-0.1899999976158142,-0.0,0.15049490332603455,0.0,0.0,-6.0,0.0,0.0,0.0,0.0,0.0
2586662.126,0.0,-2.0,-2.0,0.3799999952316284,0.0,1.0279204845428467,1.0,9.0,-4.0,0.0,0.0,0.0,0.0,0.0
2586673.125,0.0,0.0,0.0,0.0,0.0,0.2737325429916382,0.0,0.0,-2.0,0.0,0.0,0.0,0.0,0.0
2586684.125,0.0,3.0,3.0,-0.5699999928474426,-0.0,-0.6673271656036377,-1.0,-9.0,-5.0,0.0,0.0,0.0,0.0,0.0
2586694.125,0.0,4.0,4.0,-0.7599999904632568,-0.0,-0.8672280311584473,-1.0,-9.0,-6.0,0.0,0.0,0.0,0.0,0.0
2586705.126,0.0,0.0,0.0,0.0,0.0,0.4628559648990631,0.0,0.0,-6.0,0.0,0.0,0.0,0.0,0.0
2586716.125,0.0,0.0,0.0,0.0,0.0,0.3934275805950165,0.0,0.0,-5.0,0.0,0.0,0.0,0.0,0.0
2586727.126,0.0,0.0,0.0,0.0,0.0,0.33441343903541565,0.0,0.0,-7.0,0.0,0.0,0.0,0.0,0.0
2586738.125,0.0,0.0,0.0,0.0,0.0,0.331613689661026,0.0,0.0,-4.0,0.0,0.0,0.0,0.0,0.0
2586749.125,0.0,-1.0,-1.0,0.1899999976158142,0.0,0.5818715691566467,0.0,0.0,-6.0,0.0,0.0,0.0,0.0,0.0
2586760.125,0.0,4.0,4.0,-0.7599999904632568,-0.0,-1.0054088830947876,-1.0,-9.0,-6.0,0.0,0.0,0.0,0.0,0.0
2586771.126,0.0,1.0,1.0,-0.1899999976158142,-0.0,0.04540228098630905,0.0,0.0,-4.0,0.0,0.0,0.0,0.0,0.0
2586782.126,0.0,-2.0,-2.0,0.3799999952316284,0.0,0.9385917782783508,1.0,9.0,-7.0,0.0,0.0,0.0,0.0,0.0
2586793.14,0.0,0.0,0.0,0.0,0.0,0.19780312478542328,0.0,0.0,-6.0,0.0,0.0,0.0,0.0,0.0
2586803.141,0.0,1.0,1.0,-0.1899999976158142,-0.0,-0.13186728954315186,0.0,0.0,-3.0,0.0,0.0,0.0,0.0,0.0
2586813.142,0.0,1.0,1.0,-0.1899999976158142,-0.0,-0.1120871976017952,0.0,0.0,-5.0,0.0,0.0,0.0,0.0,0.0
2586823.267,0.0,2.0,2.0,-0.3799999952316284,-0.0,-0.3952740728855133,0.0,0.0,-4.0,0.0,0.0,0.0,0.0,0.0
2586834.126,0.0,1.0,1.0,-0.1899999976158142,-0.0,-0.035983018577098846,0.0,0.0,-3.0,0.0,0.0,0.0,0.0,0.0
2586845.125,0.0,3.0,3.0,-0.5699999928474426,-0.0,-0.6305854916572571,-1.0,-9.0,-3.0,0.0,0.0,0.0,0.0,0.0
2586855.125,0.0,4.0,4.0,-0.7599999904632568,-0.0,-0.8359976410865784,-1.0,-9.0,-5.0,0.0,0.0,0.0,0.0,0.0
2586865.126,0.0,3.0,3.0,-0.5699999928474426,-0.0,-0.4105980694293976,0.0,0.0,-1.0,0.0,0.0,0.0,0.0,0.0
2586875.126,0.0,0.0,0.0,0.0,0.0,0.5509914755821228,0.0,0.0,-6.0,0.0,0.0,0.0,0.0,0.0
2586886.126,0.0,0.0,0.0,0.0,0.0,0.46834278106689453,0.0,0.0,-6.0,0.0,0.0,0.0,0.0,0.0
2586897.125,0.0,4.0,4.0,-0.7599999904632568,-0.0,-0.8019084334373474,-1.0,-9.0,-7.0,0.0,0.0,0.0,0.0,0.0
2586907.605,0.0,3.0,3.0,-0.5699999928474426,-0.0,-0.38162222504615784,0.0,0.0,-5.0,0.0,0.0,0.0,0.0,0.0
2586917.605,0.0,3.0,3.0,-0.5699999928474426,-0.0,-0.3243789076805115,0.0,0.0,-6.0,0.0,0.0,0.0,0.0,0.0
2586928.125,0.0,3.0,3.0,-0.5699999928474426,-0.0,-0.27572208642959595,0.0,0.0,-4.0,0.0,0.0,0.0,0.0,0.0
2586938.125,0.0,2.0,2.0,-0.3799999952316284,-0.0,0.06563617289066315,0.0,0.0,-6.0,0.0,0.0,0.0,0.0,0.0
2586948.126,0.0,0.0,0.0,0.0,0.0,0.6557906270027161,0.0,0.0,-5.0,0.0,0.0,0.0,0.0,0.0
2586959.126,0.0,2.0,2.0,-0.3799999952316284,-0.0,-0.04257785528898239,0.0,0.0,-5.0,0.0,0.0,0.0,0.0,0.0
2586970.125,0.0,4.0,4.0,-0.7599999904632568,-0.0,-0.5857623815536499,-1.0,-9.0,-4.0,0.0,0.0,0.0,0.0,0.0
2586981.129,0.0,2.0,2.0,-0.3799999952316284,-0.0,0.1021018698811531,0.0,0.0,-3.0,0.0,0.0,0.0,0.0,0.0
2586991.13,0.0,1.0,1.0,-0.1899999976158142,-0.0,0.386786550283432,0.0,0.0,-4.0,0.0,0.0,0.0,0.0,0.0
2587002.125,0.0,1.0,1.0,-0.1899999976158142,-0.0,0.3287685811519623,0.0,0.0,-5.0,0.0,0.0,0.0,0.0,0.0
2587012.254,0.0,3.0,3.0,-0.5699999928474426,-0.0,-0.32054659724235535,0.0,0.0,-4.0,0.0,0.0,0.0,0.0,0.0
2587022.255,0.0,3.0,3.0,-0.5699999928474426,-0.0,-0.2724646031856537,0.0,0.0,-6.0,0.0,0.0,0.0,0.0,0.0
2587032.256,0.0,3.0,3.0,-0.5699999928474426,-0.0,-0.23159492015838623,0.0,0.0,-6.0,0.0,0.0,0.0,0.0,0.0
2587043.125,0.0,5.0,5.0,-0.949999988079071,-0.0,-0.7968555688858032,-1.0,-9.0,-6.0,0.0,0.0,0.0,0.0,0.0
2587054.125,0.0,3.0,3.0,-0.5699999928474426,-0.0,-0.07732734829187393,0.0,0.0,-6.0,0.0,0.0,0.0,0.0,0.0
2587065.125,0.0,3.0,3.0,-0.5699999928474426,-0.0,-0.06572824716567993,0.0,0.0,-6.0,0.0,0.0,0.0,0.0,0.0
2587075.125,0.0,4.0,4.0,-0.7599999904632568,-0.0,-0.35586896538734436,-1.0,-9.0,-4.0,0.0,0.0,0.0,0.0,0.0
2587085.126,0.0,2.0,2.0,-0.3799999952316284,-0.0,0.2975112795829773,0.0,0.0,-4.0,0.0,0.0,0.0,0.0,0.0
2587095.127,0.0,0.0,0.0,0.0,0.0,0.8528844714164734,0.0,0.0,-6.0,0.0,0.0,0.0,0.0,0.0
2587105.128,0.0,1.0,1.0,-0.1899999976158142,-0.0,0.4249518811702728,0.0,0.0,-3.0,0.0,0.0,0.0,0.0,0.0
2587115.789,0.0,-2.0,-2.0,0.3799999952316284,0.0,1.2612090110778809,1.0,9.0,-5.0,0.0,0.0,0.0,0.0,0.0
2587125.789,0.0,2.0,2.0,-0.3799999952316284,-0.0,-0.12797212600708008,0.0,0.0,-5.0,0.0,0.0,0.0,0.0,0.0
2587136.126,0.0,-1.0,-1.0,0.1899999976158142,0.0,0.7912235260009766,0.0,0.0,-3.0,0.0,0.0,0.0,0.0,0.0
2587146.127,0.0,4.0,4.0,-0.7599999904632568,-0.0,-0.8274597525596619,-1.0,-9.0,-5.0,0.0,0.0,0.0,0.0,0.0
2587156.127,0.0,4.0,4.0,-0.7599999904632568,-0.0,-0.7033408284187317,-1.0,-9.0,-1.0,0.0,0.0,0.0,0.0,0.0
2587166.128,0.0,4.0,4.0,-0.7599999904632568,-0.0,-0.5978397130966187,-1.0,-9.0,-1.0,0.0,0.0,0.0,0.0,0.0
2587176.438,0.0,1.0,1.0,-0.1899999976158142,-0.0,0.3918360769748688,0.0,0.0,-3.0,0.0,0.0,0.0,0.0,0.0
2587187.125,0.0,2.0,2.0,-0.3799999952316284,-0.0,0.033060722053050995,0.0,0.0,-6.0,0.0,0.0,0.0,0.0,0.0
2587198.125,0.0,2.0,2.0,-0.3799999952316284,-0.0,0.028101613745093346,0.0,0.0,-6.0,0.0,0.0,0.0,0.0,0.0
2587209.259,0.0,0.0,0.0,0.0,0.0,0.6238862872123718,0.0,0.0,-5.0,0.0,0.0,0.0,0.0,0.0
2587220.125,0.0,2.0,2.0,-0.3799999952316284,-0.0,-0.06969654560089111,0.0,0.0,-4.0,0.0,0.0,0.0,0.0,0.0
2587230.125,0.0,3.0,3.0,-0.5699999928474426,-0.0,-0.3592420220375061,0.0,0.0,-6.0,0.0,0.0,0.0,0.0,0.0
2587240.125,0.0,3.0,3.0,-0.5699999928474426,-0.0,-0.3053557276725769,0.0,0.0,-5.0,0.0,0.0,0.0,0.0,0.0
2587250.126,0.0,3.0,3.0,-0.5699999928474426,-0.0,-0.25955238938331604,0.0,0.0,-5.0,0.0,0.0,0.0,0.0,0.0
2587261.125,0.0,3.0,3.0,-0.5699999928474426,-0.0,-0.2206195443868637,0.0,0.0,-5.0,0.0,0.0,0.0,0.0,0.0
2587271.126,0.0,2.0,2.0,-0.3799999952316284,-0.0,0.11247333139181137,0.0,0.0,-5.0,0.0,0.0,0.0,0.0,0.0
2587282.125,0.0,4.0,4.0,-0.7599999904632568,-0.0,-0.5187379121780396,-1.0,-9.0,-4.0,0.0,0.0,0.0,0.0,0.0
2587292.125,0.0,4.0,4.0,-0.7599999904632568,-0.0,-0.4409272372722626,-1.0,-9.0,-4.0,0.0,0.0,0.0,0.0,0.0
2587302.126,0.0,4.0,4.0,-0.7599999904632568,-0.0,-0.37478816509246826,-1.0,-9.0,-4.0,0.0,0.0,0.0,0.0,0.0
2587312.126,0.0,4.0,4.0,-0.7599999904632568,-0.0,-0.31856995820999146,-1.0,-9.0,-8.0,0.0,0.0,0.0,0.0,0.0
2587322.127,0.0,-1.0,-1.0,0.1899999976158142,0.0,1.2292152643203735,1.0,9.0,-3.0,0.0,0.0,0.0,0.0,0.0
2587332.127,0.0,2.0,2.0,-0.3799999952316284,-0.0,0.14483314752578735,0.0,0.0,-7.0,0.0,0.0,0.0,0.0,0.0
2587343.125,0.0,2.0,2.0,-0.3799999952316284,-0.0,0.12310817837715149,0.0,0.0,-4.0,0.0,0.0,0.0,0.0,0.0
2587354.125,0.0,0.0,0.0,0.0,0.0,0.7046418786048889,0.0,0.0,-7.0,0.0,0.0,0.0,0.0,0.0
2587364.126,0.0,4.0,4.0,-0.7599999904632568,-0.0,-0.6010541915893555,-1.0,-9.0,-7.0,0.0,0.0,0.0,0.0,0.0
2587374.488,0.0,4.0,4.0,-0.7599999904632568,-0.0,-0.5108960866928101,-1.0,-9.0,-4.0,0.0,0.0,0.0,0.0,0.0
2587384.488,0.0,2.0,2.0,-0.3799999952316284,-0.0,0.16573822498321533,0.0,0.0,-5.0,0.0,0.0,0.0,0.0,0.0
2587394.489,0.0,0.0,0.0,0.0,0.0,0.7408773899078369,0.0,0.0,-7.0,0.0,0.0,0.0,0.0,0.0
2587405.125,0.0,-3.0,-3.0,0.5699999928474426,0.0,1.5297456979751587,2.0,11.0,-7.0,0.0,0.0,0.0,0.0,0.0
2587415.125,0.0,0.0,0.0,0.0,0.0,0.4002840220928192,0.0,0.0,-5.0,0.0,0.0,0.0,0.0,0.0
2587425.125,0.0,2.0,2.0,-0.3799999952316284,-0.0,-0.25975847244262695,0.0,0.0,-5.0,0.0,0.0,0.0,0.0,0.0
2587435.125,0.0,1.0,1.0,-0.1899999976158142,-0.0,0.07920524477958679,0.0,0.0,-3.0,0.0,0.0,0.0,0.0,0.0
2587446.125,0.0,1.0,1.0,-0.1899999976158142,-0.0,0.06732445955276489,0.0,0.0,-6.0,0.0,0.0,0.0,0.0,0.0
2587457.126,0.0,-2.0,-2.0,0.3799999952316284,0.0,0.9572256207466125,1.0,9.0,-8.0,0.0,0.0,0.0,0.0,0.0
2587467.127,0.0,-2.0,-2.0,0.3799999952316284,0.0,0.8136417865753174,1.0,9.0,-8.0,0.0,0.0,0.0,0.0,0.0
2587477.203,0.0,4.0,4.0,-0.7599999904632568,-0.0,-1.1084041595458984,-1.0,-9.0,-5.0,0.0,0.0,0.0,0.0,0.0
2587488.125,0.0,2.0,2.0,-0.3799999952316284,-0.0,-0.3421436548233032,0.0,0.0,-6.0,0.0,0.0,0.0,0.0,0.0
2587499.126,0.0,3.0,3.0,-0.5699999928474426,-0.0,-0.5908220410346985,-1.0,-9.0,-6.0,0.0,0.0,0.0,0.0,0.0
2587509.127,0.0,3.0,3.0,-0.5699999928474426,-0.0,-0.5021987557411194,-1.0,-9.0,-6.0,0.0,0.0,0.0,0.0,0.0
2587519.415,0.0,3.0,3.0,-0.5699999928474426,-0.0,-0.4268689453601837,0.0,0.0,-5.0,0.0,0.0,0.0,0.0,0.0
2587529.416,0.0,0.0,0.0,0.0,0.0,0.5371612310409546,0.0,0.0,-6.0,0.0,0.0,0.0,0.0,0.0
2587540.125,0.0,3.0,3.0,-0.5699999928474426,-0.0,-0.44341281056404114,-1.0,-9.0,-6.0,0.0,0.0,0.0,0.0,0.0
2587550.125,0.0,2.0,2.0,-0.3799999952316284,-0.0,-0.07690094411373138,0.0,0.0,0.0,0.0,0.0,0.0,0.0,0.0
2587560.125,0.0,2.0,2.0,-0.3799999952316284,-0.0,-0.06536580622196198,0.0,0.0,-4.0,0.0,0.0,0.0,0.0,0.0
2587570.126,0.0,3.0,3.0,-0.5699999928474426,-0.0,-0.35556089878082275,0.0,0.0,-5.0,0.0,0.0,0.0,0.0,0.0
2587581.126,0.0,2.0,2.0,-0.3799999952316284,-0.0,-0.0022268202155828476,0.0,0.0,-8.0,0.0,0.0,0.0,0.0,0.0
2587592.126,0.0,0.0,0.0,0.0,0.0,0.598107099533081,0.0,0.0,-5.0,0.0,0.0,0.0,0.0,0.0
2587603.125,0.0,2.0,2.0,-0.3799999952316284,-0.0,-0.09160885214805603,0.0,0.0,-6.0,0.0,0.0,0.0,0.0,0.0
2587613.126,0.0,5.0,5.0,-0.949999988079071,-0.0,-0.9778673648834229,-1.0,-9.0,-7.0,0.0,0.0,0.0,0.0,0.0
2587624.204,0.0,3.0,3.0,-0.5699999928474426,-0.0,-0.19650927186012268,0.0,0.0,-4.0,0.0,0.0,0.0,0.0,0.0
2587634.204,0.0,4.0,4.0,-0.7599999904632568,-0.0,-0.46703284978866577,-1.0,-9.0,-9.0,0.0,0.0,0.0,0.0,0.0
2587645.125,0.0,2.0,2.0,-0.3799999952316284,-0.0,0.20302197337150574,0.0,0.0,-1.0,0.0,0.0,0.0,0.0,0.0
2587655.156,0.0,5.0,5.0,-0.949999988079071,-0.0,-0.7274311780929565,-1.0,-9.0,-5.0,0.0,0.0,0.0,0.0,0.0
2587665.157,0.0,1.0,1.0,-0.1899999976158142,-0.0,0.5816832780838013,0.0,0.0,-3.0,0.0,0.0,0.0,0.0,0.0
2587675.158,0.0,3.0,3.0,-0.5699999928474426,-0.0,-0.10556910187005997,0.0,0.0,-9.0,0.0,0.0,0.0,0.0,0.0
2587685.159,0.0,0.0,0.0,0.0,0.0,0.8102661371231079,0.0,0.0,-7.0,0.0,0.0,0.0,0.0,0.0
2587696.126,0.0,5.0,5.0,-0.949999988079071,-0.0,-0.8112735152244568,-1.0,-9.0,-8.0,0.0,0.0,0.0,0.0,0.0
2587706.145,0.0,1.0,1.0,-0.1899999976158142,-0.0,0.5104172825813293,0.0,0.0,-5.0,0.0,0.0,0.0,0.0,0.0
2587717.126,0.0,3.0,3.0,-0.5699999928474426,-0.0,-0.1661452054977417,0.0,0.0,-3.0,0.0,0.0,0.0,0.0,0.0
2587727.126,0.0,2.0,2.0,-0.3799999952316284,-0.0,0.15877652168273926,0.0,0.0,-6.0,0.0,0.0,0.0,0.0,0.0
2587737.127,0.0,-1.0,-1.0,0.1899999976158142,0.0,1.0349599123001099,1.0,9.0,-6.0,0.0,0.0,0.0,0.0,0.0
2587747.128,0.0,1.0,1.0,-0.1899999976158142,-0.0,0.27971604466438293,0.0,0.0,-6.0,0.0,0.0,0.0,0.0,0.0
2587757.129,0.0,1.0,1.0,-0.1899999976158142,-0.0,0.23775865137577057,0.0,0.0,-6.0,0.0,0.0,0.0,0.0,0.0
2587767.129,0.0,1.0,1.0,-0.1899999976158142,-0.0,0.20209485292434692,0.0,0.0,-4.0,0.0,0.0,0.0,0.0,0.0
2587777.477,0.0,4.0,4.0,-0.7599999904632568,-0.0,-0.728219211101532,-1.0,-9.0,-4.0,0.0,0.0,0.0,0.0,0.0
2587788.125,0.0,4.0,4.0,-0.7599999904632568,-0.0,-0.6189863681793213,-1.0,-9.0,-5.0,0.0,0.0,0.0,0.0,0.0
2587799.125,0.0,1.0,1.0,-0.1899999976158142,-0.0,0.3738614320755005,0.0,0.0,-4.0,0.0,0.0,0.0,0.0,0.0
2587810.126,0.0,3.0,3.0,-0.5699999928474426,-0.0,-0.28221768140792847,0.0,0.0,-4.0,0.0,0.0,0.0,0.0,0.0
2587820.127,0.0,0.0,0.0,0.0,0.0,0.6601148247718811,0.0,0.0,-3.0,0.0,0.0,0.0,0.0,0.0
2587830.128,0.0,-2.0,-2.0,0.3799999952316284,0.0,1.161097526550293,1.0,9.0,-5.0,0.0,0.0,0.0,0.0,0.0
2587840.128,0.0,2.0,2.0,-0.3799999952316284,-0.0,-0.21306689083576202,0.0,0.0,-5.0,0.0,0.0,0.0,0.0,0.0
2587850.129,0.0,2.0,2.0,-0.3799999952316284,-0.0,-0.18110686540603638,0.0,0.0,-5.0,0.0,0.0,0.0,0.0,0.0
2587861.098,0.0,1.0,1.0,-0.1899999976158142,-0.0,0.14605911076068878,0.0,0.0,-8.0,0.0,0.0,0.0,0.0,0.0
2587872.125,0.0,1.0,1.0,-0.1899999976158142,-0.0,0.12415024638175964,0.0,0.0,-3.0,0.0,0.0,0.0,0.0,0.0
2587882.127,0.0,3.0,3.0,-0.5699999928474426,-0.0,-0.4944722056388855,-1.0,-9.0,-5.0,0.0,0.0,0.0,0.0,0.0
2587892.128,0.0,1.0,1.0,-0.1899999976158142,-0.0,0.17969851195812225,0.0,0.0,-5.0,0.0,0.0,0.0,0.0,0.0
2587902.129,0.0,4.0,4.0,-0.7599999904632568,-0.0,-0.7472561001777649,-1.0,-9.0,-6.0,0.0,0.0,0.0,0.0,0.0
2587913.125,0.0,1.0,1.0,-0.1899999976158142,-0.0,0.26483216881752014,0.0,0.0,-4.0,0.0,0.0,0.0,0.0,0.0
2587923.125,0.0,-1.0,-1.0,0.1899999976158142,0.0,0.8251072764396667,1.0,9.0,-5.0,0.0,0.0,0.0,0.0,0.0
2587933.126,0.0,1.0,1.0,-0.1899999976158142,-0.0,0.10134129971265793,0.0,0.0,-7.0,0.0,0.0,0.0,0.0,0.0
2587943.126,0.0,4.0,4.0,-0.7599999904632568,-0.0,-0.813859760761261,-1.0,-9.0,-6.0,0.0,0.0,0.0,0.0,0.0
2587953.126,0.0,3.0,3.0,-0.5699999928474426,-0.0,-0.3917808532714844,0.0,0.0,-4.0,0.0,0.0,0.0,0.0,0.0
2587964.125,0.0,4.0,4.0,-0.7599999904632568,-0.0,-0.6330136656761169,-1.0,-9.0,-8.0,0.0,0.0,0.0,0.0,0.0
2587974.125,0.0,2.0,2.0,-0.3799999952316284,-0.0,0.06193827465176582,0.0,0.0,-4.0,0.0,0.0,0.0,0.0,0.0
2587985.125,0.0,2.0,2.0,-0.3799999952316284,-0.0,0.052647534757852554,0.0,0.0,-4.0,0.0,0.0,0.0,0.0,0.0
2587995.126,0.0,-1.0,-1.0,0.1899999976158142,0.0,0.9447502493858337,1.0,9.0,-6.0,0.0,0.0,0.0,0.0,0.0
2588005.126,0.0,2.0,2.0,-0.3799999952316284,-0.0,-0.09696212410926819,0.0,0.0,-4.0,0.0,0.0,0.0,0.0,0.0
2588016.126,0.0,0.0,0.0,0.0,0.0,0.5175821185112,0.0,0.0,-5.0,0.0,0.0,0.0,0.0,0.0
2588026.127,0.0,0.0,0.0,0.0,0.0,0.4399448037147522,0.0,0.0,-6.0,0.0,0.0,0.0,0.0,0.0
2588037.126,0.0,3.0,3.0,-0.5699999928474426,-0.0,-0.5371397137641907,-1.0,-9.0,-3.0,0.0,0.0,0.0,0.0,0.0
2588048.125,0.0,1.0,1.0,-0.1899999976158142,-0.0,0.1434311419725418,0.0,0.0,-7.0,0.0,0.0,0.0,0.0,0.0
2588059.253,0.0,3.0,3.0,-0.5699999928474426,-0.0,-0.47808343172073364,-1.0,-9.0,-5.0,0.0,0.0,0.0,0.0,0.0
2588069.253,0.0,1.0,1.0,-0.1899999976158142,-0.0,0.19362898170948029,0.0,0.0,-4.0,0.0,0.0,0.0,0.0,0.0
2588079.254,0.0,2.0,2.0,-0.3799999952316284,-0.0,-0.13541531562805176,0.0,0.0,-5.0,0.0,0.0,0.0,0.0,0.0
2588090.126,0.0,4.0,4.0,-0.7599999904632568,-0.0,-0.7151029109954834,-1.0,-9.0,-5.0,0.0,0.0,0.0,0.0,0.0
2588100.126,0.0,4.0,4.0,-0.7599999904632568,-0.0,-0.6078374981880188,-1.0,-9.0,-5.0,0.0,0.0,0.0,0.0,0.0
2588110.127,0.0,1.0,1.0,-0.1899999976158142,-0.0,0.38333797454833984,0.0,0.0,-3.0,0.0,0.0,0.0,0.0,0.0
2588120.127,0.0,0.0,0.0,0.0,0.0,0.6258372664451599,0.0,0.0,-5.0,0.0,0.0,0.0,0.0,0.0
2588130.268,0.0,2.0,2.0,-0.3799999952316284,-0.0,-0.068038210272789,0.0,0.0,-1.0,0.0,0.0,0.0,0.0,0.0
2588140.268,0.0,2.0,2.0,-0.3799999952316284,-0.0,-0.05783247947692871,0.0,0.0,-1.0,0.0,0.0,0.0,0.0,0.0
2588150.268,0.0,-1.0,-1.0,0.1899999976158142,0.0,0.8508422374725342,1.0,9.0,-4.0,0.0,0.0,0.0,0.0,0.0
2588161.125,0.0,0.0,0.0,0.0,0.0,0.42321595549583435,0.0,0.0,-7.0,0.0,0.0,0.0,0.0,0.0
2588171.126,0.0,3.0,3.0,-0.5699999928474426,-0.0,-0.5402662754058838,-1.0,-9.0,-5.0,0.0,0.0,0.0,0.0,0.0
2588181.386,0.0,3.0,3.0,-0.5699999928474426,-0.0,-0.4592263400554657,-1.0,-9.0,-5.0,0.0,0.0,0.0,0.0,0.0
2588192.126,0.0,1.0,1.0,-0.1899999976158142,-0.0,0.20965750515460968,0.0,0.0,-4.0,0.0,0.0,0.0,0.0,0.0
2588202.126,0.0,-1.0,-1.0,0.1899999976158142,0.0,0.7782087922096252,0.0,0.0,-7.0,0.0,0.0,0.0,0.0,0.0
2588212.126,0.0,0.0,0.0,0.0,0.0,0.3614775538444519,0.0,0.0,-1.0,0.0,0.0,0.0,0.0,0.0
2588223.126,0.0,1.0,1.0,-0.1899999976158142,-0.0,0.007255977019667625,0.0,0.0,-7.0,0.0,0.0,0.0,0.0,0.0
2588234.126,0.0,4.0,4.0,-0.7599999904632568,-0.0,-0.893832266330719,-1.0,-9.0,-2.0,0.0,0.0,0.0,0.0,0.0
2588245.126,0.0,2.0,2.0,-0.3799999952316284,-0.0,-0.15975753962993622,0.0,0.0,-4.0,0.0,0.0,0.0,0.0,0.0
2588255.132,0.0,4.0,4.0,-0.7599999904632568,-0.0,-0.7357938289642334,-1.0,-9.0,-2.0,0.0,0.0,0.0,0.0,0.0
2588265.132,0.0,4.0,4.0,-0.7599999904632568,-0.0,-0.6254247426986694,-1.0,-9.0,-7.0,0.0,0.0,0.0,0.0,0.0
2588275.132,0.0,1.0,1.0,-0.1899999976158142,-0.0,0.3683888018131256,0.0,0.0,-3.0,0.0,0.0,0.0,0.0,0.0
2588286.269,0.0,4.0,4.0,-0.7599999904632568,-0.0,-0.5868693590164185,-1.0,-9.0,-3.0,0.0,0.0,0.0,0.0,0.0
2588296.269,0.0,6.0,6.0,-1.1399999856948853,-0.0,-1.0988389253616333,-2.0,-11.0,-8.0,0.0,0.0,0.0,0.0,0.0
2588307.125,0.0,3.0,3.0,-0.5699999928474426,-0.0,-0.034013256430625916,0.0,0.0,-5.0,0.0,0.0,0.0,0.0,0.0
2588317.125,0.0,2.0,2.0,-0.3799999952316284,-0.0,0.27108868956565857,0.0,0.0,-7.0,0.0,0.0,0.0,0.0,0.0
2588327.126,0.0,1.0,1.0,-0.1899999976158142,-0.0,0.5304253697395325,0.0,0.0,-4.0,0.0,0.0,0.0,0.0,0.0
2588337.126,0.0,3.0,3.0,-0.5699999928474426,-0.0,-0.14913833141326904,0.0,0.0,-5.0,0.0,0.0,0.0,0.0,0.0
2588347.127,0.0,4.0,4.0,-0.7599999904632568,-0.0,-0.4267675280570984,-1.0,-9.0,-3.0,0.0,0.0,0.0,0.0,0.0
2588358.126,0.0,-1.0,-1.0,0.1899999976158142,0.0,1.1372473239898682,1.0,9.0,-4.0,0.0,0.0,0.0,0.0,0.0
2588368.127,0.0,3.0,3.0,-0.5699999928474426,-0.0,-0.2333395630121231,0.0,0.0,-6.0,0.0,0.0,0.0,0.0,0.0
2588378.223,0.0,1.0,1.0,-0.1899999976158142,-0.0,0.4016612768173218,0.0,0.0,-6.0,0.0,0.0,0.0,0.0,0.0
2588389.126,0.0,1.0,2.0,-0.3799999952316284,-0.0,0.04141214117407799,0.0,0.0,-3.0,0.0,0.0,0.0,0.0,0.0
2588400.125,0.0,1.0,1.0,-0.1899999976158142,-0.0,0.28492024540901184,0.0,0.0,-6.0,0.0,0.0,0.0,0.0,0.0
2588411.323,0.0,3.0,3.0,-0.5699999928474426,-0.0,-0.357817679643631,0.0,0.0,-4.0,0.0,0.0,0.0,0.0,0.0
2588422.126,0.0,0.0,0.0,0.0,0.0,0.5958548188209534,0.0,0.0,-5.0,0.0,0.0,0.0,0.0,0.0
2588433.125,0.0,3.0,3.0,-0.5699999928474426,-0.0,-0.393523246049881,0.0,0.0,-7.0,0.0,0.0,0.0,0.0,0.0
2588443.31,0.0,2.0,2.0,-0.3799999952316284,-0.0,-0.03449481725692749,0.0,0.0,0.0,0.0,0.0,0.0,0.0,0.0
2588454.125,0.0,0.0,0.0,0.0,0.0,0.5706793069839478,0.0,0.0,-4.0,0.0,0.0,0.0,0.0,0.0
2588465.126,0.0,3.0,3.0,-0.5699999928474426,-0.0,-0.41492244601249695,0.0,0.0,-6.0,0.0,0.0,0.0,0.0,0.0
2588475.127,0.0,2.0,2.0,-0.3799999952316284,-0.0,-0.05268413573503494,0.0,0.0,-7.0,0.0,0.0,0.0,0.0,0.0
2588485.642,0.0,4.0,4.0,-0.7599999904632568,-0.0,-0.6447814106941223,-1.0,-9.0,-8.0,0.0,0.0,0.0,0.0,0.0
2588496.125,0.0,2.0,2.0,-0.3799999952316284,-0.0,0.05193569138646126,0.0,0.0,-8.0,0.0,0.0,0.0,0.0,0.0
2588507.126,0.0,2.0,2.0,-0.3799999952316284,-0.0,0.044145338237285614,0.0,0.0,-8.0,0.0,0.0,0.0,0.0,0.0
2588518.126,0.0,3.0,3.0,-0.5699999928474426,-0.0,-0.2624764144420624,0.0,0.0,-6.0,0.0,0.0,0.0,0.0,0.0
2588528.378,0.0,5.0,5.0,-0.949999988079071,-0.0,-0.8231048583984375,-1.0,-9.0,-6.0,0.0,0.0,0.0,0.0,0.0
2588539.125,0.0,1.0,1.0,-0.1899999976158142,-0.0,0.5003606677055359,0.0,0.0,-4.0,0.0,0.0,0.0,0.0,0.0
2588550.126,0.0,1.0,1.0,-0.1899999976158142,-0.0,0.4253065884113312,0.0,0.0,-4.0,0.0,0.0,0.0,0.0,0.0
2588560.126,0.0,0.0,0.0,0.0,0.0,0.6615105867385864,0.0,0.0,-8.0,0.0,0.0,0.0,0.0,0.0
2588570.126,0.0,3.0,3.0,-0.5699999928474426,-0.0,-0.33771583437919617,0.0,0.0,-5.0,0.0,0.0,0.0,0.0,0.0
2588580.126,0.0,5.0,5.0,-0.949999988079071,-0.0,-0.8870583772659302,-1.0,-9.0,-6.0,0.0,0.0,0.0,0.0,0.0
2588590.127,0.0,-1.0,-1.0,0.1899999976158142,0.0,1.0460001230239868,1.0,9.0,-7.0,0.0,0.0,0.0,0.0,0.0
2588600.31,0.0,0.0,0.0,0.0,0.0,0.589100182056427,0.0,0.0,-2.0,0.0,0.0,0.0,0.0,0.0
2588610.311,0.0,6.0,6.0,-1.1399999856948853,-0.0,-1.2992645502090454,-2.0,-11.0,-4.0,0.0,0.0,0.0,0.0,0.0
2588620.312,0.0,6.0,6.0,-1.1399999856948853,-0.0,-1.104374885559082,-2.0,-11.0,-4.0,0.0,0.0,0.0,0.0,0.0
2588631.125,0.0,2.0,2.0,-0.3799999952316284,-0.0,0.08708900958299637,0.0,0.0,-4.0,0.0,0.0,0.0,0.0,0.0
2588642.303,0.0,0.0,0.0,0.0,0.0,0.6740255355834961,0.0,0.0,-3.0,0.0,0.0,0.0,0.0,0.0
2588652.304,0.0,0.0,0.0,0.0,0.0,0.5729216933250427,0.0,0.0,-3.0,0.0,0.0,0.0,0.0,0.0
2588662.304,0.0,-1.0,-1.0,0.1899999976158142,0.0,0.7869834303855896,0.0,0.0,-4.0,0.0,0.0,0.0,0.0,0.0
2588673.125,0.0,-1.0,-1.0,0.1899999976158142,0.0,0.6689359545707703,0.0,0.0,-4.0,0.0,0.0,0.0,0.0,0.0
2588683.125,0.0,1.0,1.0,-0.1899999976158142,-0.0,-0.03140432760119438,0.0,0.0,-4.0,0.0,0.0,0.0,0.0,0.0
2588693.846,0.0,3.0,3.0,-0.5699999928474426,-0.0,-0.626693606376648,-1.0,-9.0,-4.0,0.0,0.0,0.0,0.0,0.0
2588703.846,0.0,4.0,4.0,-0.7599999904632568,-0.0,-0.8326895236968994,-1.0,-9.0,-6.0,0.0,0.0,0.0,0.0,0.0
2588713.846,0.0,0.0,0.0,0.0,0.0,0.4922136962413788,0.0,0.0,-4.0,0.0,0.0,0.0,0.0,0.0
2588724.126,0.0,0.0,0.0,0.0,0.0,0.4183816611766815,0.0,0.0,-4.0,0.0,0.0,0.0,0.0,0.0
2588734.127,0.0,1.0,1.0,-0.1899999976158142,-0.0,0.05562447011470795,0.0,0.0,-4.0,0.0,0.0,0.0,0.0,0.0
2588744.128,0.0,1.0,1.0,-0.1899999976158142,-0.0,0.047280799597501755,0.0,0.0,-2.0,0.0,0.0,0.0,0.0,0.0
2588754.129,0.0,3.0,3.0,-0.5699999928474426,-0.0,-0.5598112344741821,-1.0,-9.0,-7.0,0.0,0.0,0.0,0.0,0.0
2588764.13,0.0,5.0,5.0,-0.949999988079071,-0.0,-1.0758395195007324,-2.0,-11.0,-4.0,0.0,0.0,0.0,0.0,0.0
2588775.126,0.0,1.0,1.0,-0.1899999976158142,-0.0,0.2855361998081207,0.0,0.0,-5.0,0.0,0.0,0.0,0.0,0.0
2588786.125,0.0,4.0,4.0,-0.7599999904632568,-0.0,-0.6572940945625305,-1.0,-9.0,-6.0,0.0,0.0,0.0,0.0,0.0
2588796.126,0.0,4.0,4.0,-0.7599999904632568,-0.0,-0.5587000250816345,-1.0,-9.0,-6.0,0.0,0.0,0.0,0.0,0.0
2588806.126,0.0,1.0,1.0,-0.1899999976158142,-0.0,0.4251048266887665,0.0,0.0,-7.0,0.0,0.0,0.0,0.0,0.0
2588817.126,0.0,3.0,3.0,-0.5699999928474426,-0.0,-0.2386607974767685,0.0,0.0,-1.0,0.0,0.0,0.0,0.0,0.0
2588827.126,0.0,3.0,3.0,-0.5699999928474426,-0.0,-0.20286168158054352,0.0,0.0,-5.0,0.0,0.0,0.0,0.0,0.0
2588837.126,0.0,2.0,2.0,-0.3799999952316284,-0.0,0.12756751477718353,0.0,0.0,-7.0,0.0,0.0,0.0,0.0,0.0
2588848.293,0.0,2.0,2.0,-0.3799999952316284,-0.0,0.10843238979578018,0.0,0.0,-7.0,0.0,0.0,0.0,0.0,0.0
2588859.113,0.0,2.0,2.0,-0.3799999952316284,-0.0,0.09216753393411636,0.0,0.0,-5.0,0.0,0.0,0.0,0.0,0.0
2588869.113,0.0,3.0,3.0,-0.5699999928474426,-0.0,-0.22165754437446594,0.0,0.0,-3.0,0.0,0.0,0.0,0.0,0.0
2588880.126,0.0,2.0,2.0,-0.3799999952316284,-0.0,0.11159103363752365,0.0,0.0,-4.0,0.0,0.0,0.0,0.0,0.0
2588891.125,0.0,-1.0,-1.0,0.1899999976158142,0.0,0.9948522448539734,1.0,9.0,-7.0,0.0,0.0,0.0,0.0,0.0
2588902.125,0.0,0.0,0.0,0.0,0.0,0.5456244945526123,0.0,0.0,-5.0,0.0,0.0,0.0,0.0,0.0
2588912.125,0.0,2.0,2.0,-0.3799999952316284,-0.0,-0.1362190693616867,0.0,0.0,-5.0,0.0,0.0,0.0,0.0,0.0
2588922.885,0.0,5.0,5.0,-0.949999988079071,-0.0,-1.015786051750183,-1.0,-9.0,-8.0,0.0,0.0,0.0,0.0,0.0
2588932.886,0.0,2.0,2.0,-0.3799999952316284,-0.0,0.03658168762922287,0.0,0.0,-6.0,0.0,0.0,0.0,0.0,0.0
2588942.886,0.0,0.0,0.0,0.0,0.0,0.6310943365097046,0.0,0.0,-6.0,0.0,0.0,0.0,0.0,0.0
2588953.344,0.0,2.0,2.0,-0.3799999952316284,-0.0,0.035965703427791595,0.0,0.0,-5.0,0.0,0.0,0.0,0.0,0.0
2588963.345,0.0,3.0,3.0,-0.5699999928474426,-0.0,-0.26942911744117737,0.0,0.0,-2.0,0.0,0.0,0.0,0.0,0.0
2588974.04,0.0,-2.0,-2.0,0.3799999952316284,0.0,1.2709850072860718,1.0,9.0,-5.0,0.0,0.0,0.0,0.0,0.0
2588984.041,0.0,3.0,3.0,-0.5699999928474426,-0.0,-0.4196624755859375,0.0,0.0,-5.0,0.0,0.0,0.0,0.0,0.0
2588994.041,0.0,2.0,2.0,-0.3799999952316284,-0.0,-0.05671316012740135,0.0,0.0,-4.0,0.0,0.0,0.0,0.0,0.0
2589005.166,0.0,-1.0,-1.0,0.1899999976158142,0.0,0.851793646812439,1.0,9.0,-6.0,0.0,0.0,0.0,0.0,0.0
2589016.041,0.0,3.0,3.0,-0.5699999928474426,-0.0,-0.4759751856327057,-1.0,-9.0,-5.0,0.0,0.0,0.0,0.0,0.0
2589027.125,0.0,1.0,1.0,-0.1899999976158142,-0.0,0.1954209804534912,0.0,0.0,-2.0,0.0,0.0,0.0,0.0,0.0
2589037.126,0.0,0.0,0.0,0.0,0.0,0.4661077857017517,0.0,0.0,-10.0,0.0,0.0,0.0,0.0,0.0
2589047.377,0.0,4.0,4.0,-0.7599999904632568,-0.0,-0.8038081526756287,-1.0,-9.0,-1.0,0.0,0.0,0.0,0.0,0.0
2589058.126,0.0,1.0,1.0,-0.1899999976158142,-0.0,0.21676291525363922,0.0,0.0,-6.0,0.0,0.0,0.0,0.0,0.0
2589069.125,0.0,4.0,4.0,-0.7599999904632568,-0.0,-0.7157513499259949,-1.0,-9.0,-4.0,0.0,0.0,0.0,0.0,0.0
2589079.912,0.0,0.0,0.0,0.0,0.0,0.5916111469268799,0.0,0.0,-4.0,0.0,0.0,0.0,0.0,0.0
2589089.912,0.0,6.0,6.0,-1.1399999856948853,-0.0,-1.2971302270889282,-2.0,-11.0,-5.0,0.0,0.0,0.0,0.0,0.0
2589099.912,0.0,6.0,6.0,-1.1399999856948853,-0.0,-1.1025607585906982,-2.0,-11.0,-5.0,0.0,0.0,0.0,0.0,0.0
2589109.913,0.0,3.0,3.0,-0.5699999928474426,-0.0,-0.037176813930273056,0.0,0.0,-8.0,0.0,0.0,0.0,0.0,0.0
2589119.914,0.0,-1.0,-1.0,0.1899999976158142,0.0,1.1683995723724365,1.0,9.0,-2.0,0.0,0.0,0.0,0.0,0.0
2589130.125,0.0,1.0,1.0,-0.1899999976158142,-0.0,0.3931397497653961,0.0,0.0,-3.0,0.0,0.0,0.0,0.0,0.0
2589140.126,0.0,2.0,2.0,-0.3799999952316284,-0.0,0.03416884317994118,0.0,0.0,-6.0,0.0,0.0,0.0,0.0,0.0
2589150.144,0.0,1.0,1.0,-0.1899999976158142,-0.0,0.3290434777736664,0.0,0.0,-6.0,0.0,0.0,0.0,0.0,0.0
2589161.125,0.0,2.0,2.0,-0.3799999952316284,-0.0,-0.020312989130616188,0.0,0.0,-2.0,0.0,0.0,0.0,0.0,0.0
2589171.126,0.0,4.0,4.0,-0.7599999904632568,-0.0,-0.6172659397125244,-1.0,-9.0,-5.0,0.0,0.0,0.0,0.0,0.0
2589182.126,0.0,2.0,2.0,-0.3799999952316284,-0.0,0.07532384246587753,0.0,0.0,-5.0,0.0,0.0,0.0,0.0,0.0
2589192.126,0.0,5.0,5.0,-0.949999988079071,-0.0,-0.8359745740890503,-1.0,-9.0,-7.0,0.0,0.0,0.0,0.0,0.0
2589203.097,0.0,3.0,3.0,-0.5699999928474426,-0.0,-0.1105784997344017,0.0,0.0,-3.0,0.0,0.0,0.0,0.0,0.0
2589213.098,0.0,2.0,2.0,-0.3799999952316284,-0.0,0.20600822567939758,0.0,0.0,-5.0,0.0,0.0,0.0,0.0,0.0
2589224.165,0.0,4.0,4.0,-0.7599999904632568,-0.0,-0.4248929023742676,-1.0,-9.0,-4.0,0.0,0.0,0.0,0.0,0.0
2589234.166,0.0,5.0,5.0,-0.949999988079071,-0.0,-0.6611589193344116,-1.0,-9.0,-7.0,0.0,0.0,0.0,0.0,0.0
2589244.847,0.0,5.0,5.0,-0.949999988079071,-0.0,-0.5619850754737854,-1.0,-9.0,-7.0,0.0,0.0,0.0,0.0,0.0
2589255.126,0.0,3.0,3.0,-0.5699999928474426,-0.0,0.12231257557868958,0.0,0.0,-5.0,0.0,0.0,0.0,0.0,0.0
2589265.127,0.0,1.0,1.0,-0.1899999976158142,-0.0,0.7039656043052673,0.0,0.0,-5.0,0.0,0.0,0.0,0.0,0.0
2589276.125,0.0,0.0,0.0,0.0,0.0,0.7186151742935181,0.0,0.0,-5.0,0.0,0.0,0.0,0.0,0.0
2589286.125,0.0,5.0,5.0,-0.949999988079071,-0.0,-0.8891768455505371,-1.0,-9.0,-5.0,0.0,0.0,0.0,0.0,0.0
2589296.125,0.0,5.0,5.0,-0.949999988079071,-0.0,-0.7558003664016724,-1.0,-9.0,-5.0,0.0,0.0,0.0,0.0,0.0
2589307.126,0.0,5.0,5.0,-0.949999988079071,-0.0,-0.642430305480957,-1.0,-9.0,-6.0,0.0,0.0,0.0,0.0,0.0
2589318.125,0.0,1.0,1.0,-0.1899999976158142,-0.0,0.6539340615272522,0.0,0.0,-3.0,0.0,0.0,0.0,0.0,0.0
2589329.125,0.0,0.0,0.0,0.0,0.0,0.8558439016342163,0.0,0.0,-6.0,0.0,0.0,0.0,0.0,0.0
2589339.14,0.0,1.0,1.0,-0.1899999976158142,-0.0,0.42746737599372864,0.0,0.0,-5.0,0.0,0.0,0.0,0.0,0.0
2589350.125,0.0,1.0,1.0,-0.1899999976158142,-0.0,0.36334729194641113,0.0,0.0,-6.0,0.0,0.0,0.0,0.0,0.0
2589361.125,0.0,5.0,5.0,-0.949999988079071,-0.0,-0.8911545872688293,-1.0,-9.0,-4.0,0.0,0.0,0.0,0.0,0.0
2589371.125,0.0,1.0,1.0,-0.1899999976158142,-0.0,0.4425183832645416,0.0,0.0,-4.0,0.0,0.0,0.0,0.0,0.0
2589381.152,0.0,-1.0,-1.0,0.1899999976158142,0.0,0.976140558719635,1.0,9.0,-6.0,0.0,0.0,0.0,0.0,0.0
2589391.153,0.0,0.0,0.0,0.0,0.0,0.5297195315361023,0.0,0.0,-4.0,0.0,0.0,0.0,0.0,0.0
2589401.153,0.0,-2.0,-2.0,0.3799999952316284,0.0,1.0502614974975586,1.0,9.0,-5.0,0.0,0.0,0.0,0.0,0.0
2589411.955,0.0,-1.0,-1.0,0.1899999976158142,0.0,0.5927223563194275,0.0,0.0,-5.0,0.0,0.0,0.0,0.0,0.0
2589422.125,0.0,0.0,0.0,0.0,0.0,0.2038140594959259,0.0,0.0,-5.0,0.0,0.0,0.0,0.0,0.0
2589433.125,0.0,0.0,0.0,0.0,0.0,0.17324195802211761,0.0,0.0,-6.0,0.0,0.0,0.0,0.0,0.0
2589443.697,0.0,5.0,5.0,-0.949999988079071,-0.0,-1.3527441024780273,-2.0,-11.0,-1.0,0.0,0.0,0.0,0.0,0.0
2589453.698,0.0,1.0,1.0,-0.1899999976158142,-0.0,0.05016728863120079,0.0,0.0,-7.0,0.0,0.0,0.0,0.0,0.0
2589464.126,0.0,2.0,2.0,-0.3799999952316284,-0.0,-0.25735774636268616,0.0,0.0,-5.0,0.0,0.0,0.0,0.0,0.0
2589474.126,0.0,0.0,0.0,0.0,0.0,0.38124582171440125,0.0,0.0,-6.0,0.0,0.0,0.0,0.0,0.0
2589484.588,0.0,3.0,3.0,-0.5699999928474426,-0.0,-0.5759409070014954,-1.0,-9.0,-3.0,0.0,0.0,0.0,0.0,0.0
2589495.125,0.0,0.0,0.0,0.0,0.0,0.4104500710964203,0.0,0.0,-4.0,0.0,0.0,0.0,0.0,0.0
2589506.125,0.0,5.0,5.0,-0.949999988079071,-0.0,-1.151117205619812,-2.0,-11.0,-5.0,0.0,0.0,0.0,0.0,0.0
2589517.126,0.0,1.0,1.0,-0.1899999976158142,-0.0,0.22155015170574188,0.0,0.0,-4.0,0.0,0.0,0.0,0.0,0.0
2589527.127,0.0,1.0,1.0,-0.1899999976158142,-0.0,0.18831764161586761,0.0,0.0,-4.0,0.0,0.0,0.0,0.0,0.0
2589537.127,0.0,2.0,2.0,-0.3799999952316284,-0.0,-0.13992995023727417,0.0,0.0,-5.0,0.0,0.0,0.0,0.0,0.0
2589548.125,0.0,0.0,0.0,0.0,0.0,0.3639005422592163,0.0,0.0,-8.0,0.0,0.0,0.0,0.0,0.0
2589559.234,0.0,0.0,0.0,0.0,0.0,0.3093154728412628,0.0,0.0,-4.0,0.0,0.0,0.0,0.0,0.0
2589569.235,0.0,1.0,1.0,-0.1899999976158142,-0.0,-0.03708179295063019,0.0,0.0,-6.0,0.0,0.0,0.0,0.0,0.0
2589579.236,0.0,4.0,4.0,-0.7599999904632568,-0.0,-0.9315193891525269,-1.0,-9.0,-4.0,0.0,0.0,0.0,0.0,0.0
2589590.125,0.0,1.0,1.0,-0.1899999976158142,-0.0,0.10820835083723068,0.0,0.0,-4.0,0.0,0.0,0.0,0.0,0.0
2589600.126,0.0,0.0,0.0,0.0,0.0,0.3919770419597626,0.0,0.0,-3.0,0.0,0.0,0.0,0.0,0.0
2589610.126,0.0,4.0,4.0,-0.7599999904632568,-0.0,-0.8668193221092224,-1.0,-9.0,-3.0,0.0,0.0,0.0,0.0,0.0
2589620.127,-1.0,2.0,2.0,-0.3799999952316284,-0.0,-0.13679653406143188,0.0,0.0,-5.0,0.0,0.0,0.0,0.0,0.0
2589631.125,-1.0,2.0,2.0,-0.3799999952316284,-0.0,-0.1162770539522171,0.0,0.0,-5.0,-1.0,-0.0,-0.0,0.0,0.0
2589642.098,-1.0,0.0,0.0,0.0,0.0,0.5011643767356873,0.0,0.0,-4.0,-1.0,-0.0,-0.0,0.0,0.0
2589652.54,-1.0,3.0,3.0,-0.5699999928474426,-0.0,-0.4740101099014282,-1.0,-9.0,-3.0,-1.0,-0.0,-0.0,0.0,0.0
2589662.54,-2.0,2.0,2.0,-0.3799999952316284,-0.0,-0.102908656001091,0.0,0.0,-6.0,-1.0,-0.0,-0.0,0.0,0.0
2589673.126,-3.0,4.0,4.0,-0.7599999904632568,-0.0,-0.6874722838401794,-1.0,-9.0,-6.0,-1.0,-0.0,-0.0,0.0,0.0
2589683.126,-3.0,2.0,2.0,-0.3799999952316284,-0.0,0.01564844697713852,0.0,0.0,-5.0,-1.0,-0.0,-0.0,0.0,0.0
2589694.125,-4.0,3.0,3.0,-0.5699999928474426,-0.0,-0.28669875860214233,0.0,0.0,-5.0,-1.0,-0.0,-0.0,0.0,0.0
2589704.126,-3.0,1.0,1.0,-0.1899999976158142,-0.0,0.35630595684051514,0.0,0.0,-2.0,-1.0,-0.0,-0.0,0.0,0.0
2589714.127,-3.0,4.0,4.0,-0.7599999904632568,-0.0,-0.5971397757530212,-1.0,-9.0,-9.0,-1.0,-0.0,-0.0,0.0,0.0
2589724.128,-4.0,2.0,2.0,-0.3799999952316284,-0.0,0.09243108332157135,0.0,0.0,-6.0,-1.0,-0.0,-0.0,0.0,0.0
2589735.353,-5.0,5.0,5.0,-0.949999988079071,-0.0,-0.821433424949646,-1.0,-9.0,-6.0,-5.0,-0.0,-0.0,0.0,0.0
2589746.125,-6.0,2.0,2.0,-0.3799999952316284,-0.0,0.20178142189979553,0.0,0.0,-4.0,-5.0,-0.0,-0.0,0.0,0.0
2589757.126,-6.0,1.0,1.0,-0.1899999976158142,-0.0,0.47151416540145874,0.0,0.0,-3.0,-5.0,-0.0,-0.0,0.0,0.0
2589768.304,-6.0,-1.0,-1.0,0.1899999976158142,0.0,1.0007869005203247,1.0,9.0,-3.0,-5.0,-0.0,-0.0,0.0,0.0
2589778.304,-5.0,-2.0,-2.0,0.3799999952316284,0.0,1.1506688594818115,1.0,9.0,-6.0,-5.0,-0.0,-0.0,0.0,0.0
2589789.126,0.0,-5.0,-3.0,0.5699999928474426,0.0,1.2780685424804688,1.0,9.0,-5.0,-5.0,-0.0,-0.0,0.0,0.0
2589799.126,6.0,-5.0,-5.0,0.949999988079071,0.0,1.6863582134246826,2.0,11.0,-5.0,-5.0,-0.0,-0.0,0.0,0.0
2589809.126,13.0,-4.0,-4.0,0.7599999904632568,0.0,1.1334046125411987,1.0,9.0,-3.0,-5.0,-0.0,-0.0,0.0,0.0
2589819.126,21.0,-7.0,-7.0,1.3299999237060547,0.0,1.863393783569336,3.0,11.0,-3.0,-5.0,-0.0,-0.0,0.0,0.0
2589829.127,28.0,-9.0,-9.0,1.7100000381469727,0.0,2.183884620666504,3.0,11.0,-6.0,-5.0,-0.0,-0.0,0.0,0.0
2589839.127,37.0,-9.0,-9.0,1.7100000381469727,0.0,1.85630202293396,3.0,11.0,-6.0,37.0,0.0,0.0,0.0,0.0
2589849.128,47.0,-9.0,-9.0,1.7100000381469727,0.0,1.5778567790985107,3.0,11.0,-6.0,37.0,0.0,0.0,0.0,0.0
2589859.128,56.0,-12.0,-12.0,2.2799999713897705,0.0,2.241178274154663,4.0,11.0,-3.0,37.0,0.0,0.0,0.0,0.0
2589869.128,64.0,-12.0,-12.0,2.2799999713897705,0.0,1.9050016403198242,4.0,11.0,-8.0,37.0,0.0,0.0,0.0,0.0
2589879.129,72.0,-11.0,-11.0,2.0899999141693115,0.0,1.319251537322998,3.0,11.0,-4.0,37.0,0.0,0.0,0.0,0.0
2589889.129,80.0,-14.0,-14.0,2.6599998474121094,0.0,2.0213637351989746,4.0,11.0,-5.0,37.0,0.0,0.0,0.0,0.0
2589899.63,88.0,-12.0,-12.0,2.2799999713897705,0.0,1.118159294128418,3.0,11.0,-7.0,37.0,0.0,0.0,0.0,0.0
2589909.631,97.0,-9.0,-9.0,1.7100000381469727,0.0,0.050435569137334824,1.0,9.0,-2.0,37.0,0.0,0.0,0.0,0.0
2589920.126,106.0,-5.0,-5.0,0.949999988079071,0.0,-1.1571295261383057,0.0,0.0,-6.0,37.0,0.0,0.0,0.0,0.0
2589931.125,112.0,1.0,1.0,-0.1899999976158142,-0.0,-2.636025905609131,-2.0,-11.0,-6.0,112.0,0.0,0.0,0.0,0.0
2589942.126,110.0,6.0,6.0,-1.1399999856948853,-0.0,-3.74062180519104,-4.0,-11.0,-5.0,112.0,0.0,0.0,0.0,0.0
2589953.013,104.0,12.0,12.0,-2.2799999713897705,-0.0,-4.979528427124023,-7.0,-11.0,-1.0,112.0,0.0,0.0,0.0,0.0
2589963.014,94.0,13.0,13.0,-2.4700000286102295,-0.0,-4.532599449157715,-7.0,-11.0,-6.0,112.0,0.0,0.0,0.0,0.0
2589973.014,83.0,23.0,23.0,-4.369999885559082,-0.0,-6.8527092933654785,-11.0,-11.0,-4.0,112.0,0.0,0.0,0.0,0.0
2589983.126,70.0,30.0,30.0,-5.699999809265137,-0.0,-7.924802780151367,-13.0,-13.0,-3.0,112.0,0.0,0.0,0.0,0.0
2589993.492,57.0,37.0,37.0,-7.029999732971191,-0.0,-8.836082458496094,-15.0,-15.0,-4.0,112.0,0.0,0.0,0.0,0.0
2590004.125,42.0,47.0,47.0,-8.930000305175781,-0.0,-10.510669708251953,-19.0,-19.0,-4.0,112.0,0.0,0.0,0.0,0.0
2590014.125,24.0,48.0,48.0,-9.119999885559082,-0.0,-9.23406982421875,-18.0,-18.0,-7.0,112.0,0.0,0.0,0.0,0.0
2590025.125,3.0,48.0,48.0,-9.119999885559082,-0.0,-7.848959445953369,-16.0,-16.0,-7.0,112.0,0.0,0.0,0.0,0.0
2590035.125,-18.0,70.0,70.0,-13.300000190734863,-0.0,-13.271615028381348,-26.0,-26.0,-6.0,-18.0,-0.0,-0.0,0.0,0.0
2590046.126,-42.0,73.0,73.0,-13.869999885559082,-0.0,-12.180872917175293,-26.0,-26.0,-7.0,-18.0,-0.0,-0.0,0.0,0.0
2590057.171,-70.0,76.0,76.0,-14.4399995803833,-0.0,-11.253742218017578,-25.0,-25.0,-2.0,-18.0,-0.0,-0.0,0.0,0.0
2590067.171,-101.0,85.0,85.0,-16.149999618530273,-0.0,-12.265680313110352,-28.0,-28.0,-6.0,-18.0,-0.0,-0.0,0.0,0.0
2590077.172,-135.0,86.0,86.0,-16.34000015258789,-0.0,-10.725828170776367,-27.0,-27.0,-3.0,-18.0,-0.0,-0.0,0.0,0.0
2590087.173,-172.0,88.0,88.0,-16.719999313354492,-0.0,-9.716954231262207,-26.0,-26.0,-8.0,-18.0,-0.0,-0.0,0.0,0.0
2590098.257,-210.0,89.0,89.0,-16.90999984741211,-0.0,-8.55941104888916,-25.0,-25.0,-3.0,-18.0,-0.0,-0.0,0.0,0.0
2590109.125,-248.0,86.0,86.0,-16.34000015258789,-0.0,-6.375499725341797,-22.0,-22.0,-4.0,-18.0,-0.0,-0.0,0.0,0.0
2590119.125,-287.0,80.0,80.0,-15.199999809265137,-0.0,-3.6191751956939697,-18.0,-18.0,-4.0,-18.0,-0.0,-0.0,0.0,0.0
2590130.125,-323.0,81.0,81.0,-15.389999389648438,-0.0,-3.3762989044189453,-18.0,-18.0,-2.0,-18.0,-0.0,-0.0,0.0,0.0
2590141.126,-357.0,74.0,74.0,-14.059999465942383,-0.0,-0.7698544859886169,-14.0,-14.0,-4.0,-357.0,-0.0,-0.0,0.0,0.0
2590152.1,-412.0,66.0,66.0,-12.539999961853027,-0.0,1.483779788017273,-11.0,-11.0,-5.0,-357.0,-0.0,-0.0,0.0,0.0
2590163.125,-432.0,55.0,55.0,-10.449999809265137,-0.0,4.561212539672852,-5.0,-11.0,-6.0,-357.0,-0.0,-0.0,0.0,0.0
2590174.125,-450.0,37.0,37.0,-7.029999732971191,-0.0,9.277029991149902,2.0,11.0,-4.0,-357.0,-0.0,-0.0,0.0,0.0
2590185.125,-458.0,37.0,37.0,-7.029999732971191,-0.0,7.8854756355285645,0.0,0.0,-5.0,-357.0,-0.0,-0.0,0.0,0.0
2590196.125,-457.0,20.0,20.0,-3.799999952316284,-0.0,11.802654266357422,8.0,11.0,-3.0,-357.0,-0.0,-0.0,0.0,0.0
2590206.494,-454.0,20.0,20.0,-3.799999952316284,-0.0,10.032256126403809,6.0,11.0,-3.0,-357.0,-0.0,-0.0,0.0,0.0
2590217.191,-446.0,-24.0,-24.0,4.559999942779541,0.0,21.727415084838867,26.0,26.0,-7.0,-357.0,-0.0,-0.0,0.0,0.0
2590228.125,-432.0,-25.0,-25.0,4.75,0.0,18.76830291748047,23.0,23.0,-4.0,-357.0,-0.0,-0.0,0.0,0.0
2590238.608,-411.0,-50.0,-50.0,9.5,0.0,23.45305633544922,32.0,32.0,-5.0,-411.0,-0.0,-0.0,0.0,0.0
2590248.608,-382.0,-75.0,-75.0,14.25,0.0,27.435096740722656,41.0,41.0,-7.0,-411.0,-0.0,-0.0,0.0,0.0
2590259.125,-341.0,-75.0,-75.0,14.25,0.0,23.319833755493164,37.0,37.0,-7.0,-411.0,-0.0,-0.0,0.0,0.0
2590270.125,-286.0,-99.0,-99.0,18.809999465942383,0.0,27.02185821533203,45.0,45.0,-7.0,-411.0,-0.0,-0.0,0.0,0.0
2590280.126,-225.0,-121.0,-121.0,22.989999771118164,0.0,29.568578720092773,52.0,52.0,-4.0,-411.0,-0.0,-0.0,0.0,0.0
2590291.126,-154.0,-121.0,-121.0,22.989999771118164,0.0,25.13329315185547,48.0,48.0,-4.0,-411.0,-0.0,-0.0,0.0,0.0
2590302.126,-72.0,-135.0,-135.0,25.649999618530273,0.0,25.56329917907715,51.0,51.0,-7.0,-411.0,-0.0,-0.0,0.0,0.0
2590312.126,14.0,-143.0,-143.0,27.170000076293945,0.0,24.12880516052246,51.0,51.0,-9.0,-411.0,-0.0,-0.0,0.0,0.0
2590322.127,108.0,-145.0,-145.0,27.549999237060547,0.0,21.109485626220703,48.0,48.0,-5.0,-411.0,-0.0,-0.0,0.0,0.0
2590332.127,206.0,-145.0,-145.0,27.549999237060547,0.0,17.943063735961914,45.0,45.0,-5.0,-411.0,-0.0,-0.0,0.0,0.0
2590342.127,305.0,-146.0,-146.0,27.739999771118164,0.0,15.551604270935059,43.0,43.0,-6.0,305.0,0.0,0.0,0.0,0.0
2590352.151,403.0,-131.0,-131.0,24.889999389648438,0.0,8.718865394592285,33.0,33.0,-1.0,305.0,0.0,0.0,0.0,0.0
2590362.151,496.0,-115.0,-115.0,21.850000381469727,0.0,2.611036539077759,24.0,24.0,-5.0,305.0,0.0,0.0,0.0,0.0
2590373.125,583.0,-111.0,-111.0,21.09000015258789,0.0,1.0193812847137451,22.0,22.0,-5.0,305.0,0.0,0.0,0.0,0.0
2590384.125,722.0,-45.0,-45.0,8.550000190734863,0.0,-17.62349510192871,-9.0,-11.0,-4.0,305.0,0.0,0.0,0.0,0.0
2590395.125,766.0,-25.0,-25.0,4.75,0.0,-20.979970932006836,-16.0,-16.0,-7.0,305.0,0.0,0.0,0.0,0.0
2590405.126,785.0,31.0,31.0,-5.889999866485596,-0.0,-34.632972717285156,-40.0,-40.0,-7.0,305.0,0.0,0.0,0.0,0.0
2590415.441,779.0,31.0,31.0,-5.889999866485596,-0.0,-29.43802833557129,-35.0,-35.0,-7.0,305.0,0.0,0.0,0.0,0.0
2590426.125,753.0,115.0,115.0,-21.850000381469727,-0.0,-50.222320556640625,-72.0,-72.0,-6.0,305.0,0.0,0.0,0.0,0.0
2590437.125,707.0,195.0,195.0,-37.04999923706055,-0.0,-66.68897247314453,-103.0,-103.0,-9.0,707.0,0.0,0.0,0.0,0.0
2590448.125,626.0,267.0,267.0,-50.72999954223633,-0.0,-78.2856216430664,-129.0,-129.0,-6.0,707.0,0.0,0.0,0.0,0.0
2590458.125,502.0,367.0,367.0,-69.72999572753906,-0.0,-96.54277801513672,-166.0,-166.0,-4.0,707.0,0.0,0.0,0.0,0.0
2590469.244,329.0,373.0,373.0,-70.87000274658203,-0.0,-83.86136627197266,-154.0,-154.0,-7.0,707.0,0.0,0.0,0.0,0.0
2590479.245,105.0,453.0,453.0,-86.06999969482422,-0.0,-95.28215789794922,-181.0,-181.0,-5.0,707.0,0.0,0.0,0.0,0.0
2590490.125,-162.0,551.0,551.0,-104.69000244140625,-0.0,-110.38983154296875,-215.0,-215.0,-5.0,707.0,0.0,0.0,0.0,0.0
2590500.126,-473.0,572.0,572.0,-108.68000030517578,-0.0,-100.13135528564453,-208.0,-208.0,-5.0,707.0,0.0,0.0,0.0,0.0
2590511.125,-824.0,676.0,676.0,-128.44000244140625,-0.0,-116.31165313720703,-244.0,-244.0,-7.0,707.0,0.0,0.0,0.0,0.0
2590521.552,-1210.0,716.0,716.0,-136.0399932861328,-0.0,-110.86490631103516,-246.0,-246.0,-2.0,707.0,0.0,0.0,0.0,0.0
2590532.125,-1628.0,784.0,784.0,-148.95999145507812,-0.0,-114.63516998291016,-263.0,-255.0,-3.0,707.0,0.0,0.0,0.0,0.0
2590542.125,-2074.0,836.0,836.0,-158.83999633789062,-0.0,-113.0398941040039,-271.0,-255.0,-5.0,-2074.0,-0.0,-0.0,0.0,0.0
2590553.125,-2547.0,870.0,870.0,-165.3000030517578,-0.0,-106.2839126586914,-271.0,-255.0,-4.0,-2074.0,-0.0,-0.0,0.0,0.0
2590563.126,-3043.0,874.0,874.0,-166.05999755859375,-0.0,-91.54132843017578,-257.0,0.0,-5.0,-2074.0,-0.0,-0.0,0.0,0.0
2590574.125,-3513.0,874.0,874.0,-166.05999755859375,-0.0,-77.81013488769531,-243.0,0.0,-5.0,-2074.0,-0.0,-0.0,0.0,0.0
2590584.175,-3884.0,874.0,874.0,-166.05999755859375,-0.0,-66.13861846923828,-232.0,0.0,-7.0,-2074.0,-0.0,-0.0,0.0,0.0
2590594.175,-3817.0,833.0,833.0,-158.27000427246094,-0.0,-43.91782760620117,-202.0,0.0,-5.0,-2074.0,-0.0,-0.0,0.0,0.0
2590605.128,-3654.0,729.0,729.0,-138.50999450683594,-0.0,-0.5306370854377747,-139.0,0.0,-4.0,-2074.0,-0.0,-0.0,0.0,0.0
2590615.55,-3609.0,570.0,570.0,-108.29999542236328,-0.0,47.24895095825195,-61.0,0.0,-2.0,-2074.0,-0.0,-0.0,0.0,0.0
2590625.55,-3585.0,560.0,560.0,-106.4000015258789,-0.0,43.1616096496582,-63.0,0.0,-5.0,-2074.0,-0.0,-0.0,0.0,0.0
2590635.55,-3560.0,350.0,350.0,-66.5,-0.0,99.6873550415039,33.0,0.0,-6.0,-3560.0,-0.0,-0.0,0.0,0.0
2590646.04,-3544.0,111.0,111.0,-21.09000015258789,-0.0,156.4342498779297,135.0,0.0,-4.0,-3560.0,-0.0,-0.0,0.0,0.0
2590657.04,-3546.0,-142.0,-142.0,26.979999542236328,0.0,208.8690948486328,235.0,0.0,-6.0,-3560.0,-0.0,-0.0,0.0,0.0
2590667.843,-3553.0,-164.0,-164.0,31.15999984741211,0.0,184.13873291015625,215.0,0.0,-3.0,-3560.0,-0.0,-0.0,0.0,0.0
2590677.844,-3550.0,-785.0,-785.0,149.14999389648438,0.0,342.8179016113281,491.0,0.0,-8.0,-3560.0,-0.0,-0.0,0.0,0.0
2590687.845,-3545.0,-838.0,-838.0,159.22000122070312,0.0,307.29522705078125,466.0,0.0,-9.0,-3560.0,-0.0,-0.0,0.0,0.0
2590697.846,-3549.0,-1155.0,-1155.0,219.4499969482422,0.0,356.3009338378906,575.0,0.0,-7.0,-3560.0,-0.0,-0.0,0.0,0.0
2590708.125,-3553.0,-1357.0,-1357.0,257.8299865722656,0.0,363.4557800292969,621.0,0.0,-5.0,-3560.0,-0.0,-0.0,0.0,0.0
2590718.402,-3551.0,-1483.0,-1483.0,281.7699890136719,0.0,346.7374267578125,628.0,0.0,74.0,-3560.0,-0.0,-0.0,0.0,0.0
2590729.098,-3548.0,-1473.0,-1473.0,279.8699951171875,0.0,291.726806640625,571.0,0.0,-22.0,-3560.0,-0.0,-0.0,0.0,0.0
2590739.305,-3549.0,-1345.0,-1345.0,255.5500030517578,0.0,209.5677947998047,465.0,0.0,22.0,-3549.0,-0.0,-0.0,0.0,0.0
2590749.305,-3551.0,-1353.0,-1353.0,257.07000732421875,0.0,180.53262329101562,437.0,0.0,-12.0,-3549.0,-0.0,-0.0,0.0,0.0
2590760.137,-3550.0,-1315.0,-1315.0,249.84999084472656,0.0,142.052734375,391.0,0.0,-1.0,-3549.0,-0.0,-0.0,0.0,0.0
2590770.138,-3548.0,-1336.0,-1336.0,253.83999633789062,0.0,127.04483032226562,380.0,0.0,-3.0,-3549.0,-0.0,-0.0,0.0,0.0
2590780.773,-3548.0,-1362.0,-1362.0,258.7799987792969,0.0,115.7881088256836,374.0,0.0,-8.0,-3549.0,-0.0,-0.0,0.0,0.0
2590791.125,-3548.0,-1363.0,-1363.0,258.9700012207031,0.0,98.71989440917969,357.0,0.0,-9.0,-3549.0,-0.0,-0.0,0.0,0.0
2590801.125,-3546.0,-1384.0,-1384.0,262.9599914550781,0.0,90.2119140625,353.0,0.0,-5.0,-3549.0,-0.0,-0.0,0.0,0.0
2590811.126,-3544.0,-1424.0,-1424.0,270.55999755859375,0.0,88.68013000488281,359.0,0.0,-4.0,-3549.0,-0.0,-0.0,0.0,0.0
2590821.126,-3544.0,-1424.0,-1424.0,270.55999755859375,0.0,75.37811279296875,345.0,0.0,-4.0,-3549.0,-0.0,-0.0,0.0,0.0
2590831.126,-3544.0,-1492.0,-1492.0,283.4800109863281,0.0,84.47139739990234,367.0,0.0,-6.0,-3549.0,-0.0,-0.0,0.0,0.0
2590842.125,-3544.0,-1567.0,-1567.0,297.7300109863281,0.0,94.30068969726562,392.0,0.0,-2.0,-3544.0,-0.0,-0.0,0.0,0.0
2590853.126,-3544.0,-1612.0,-1612.0,306.2799987792969,0.0,93.65558624267578,399.0,0.0,-4.0,-3544.0,-0.0,-0.0,0.0,0.0
2590863.127,-3545.0,-1643.0,-1643.0,312.16998291015625,0.0,88.9072494506836,401.0,0.0,-4.0,-3544.0,-0.0,-0.0,0.0,0.0
2590873.127,-3545.0,-1725.0,-1725.0,327.75,0.0,100.17115783691406,427.0,0.0,0.0,-3544.0,-0.0,-0.0,0.0,0.0
2590884.125,-3545.0,-1807.0,-1807.0,343.3299865722656,0.0,109.7454833984375,453.0,0.0,-1.0,-3544.0,-0.0,-0.0,0.0,0.0
2590894.125,-3545.0,-1811.0,-1811.0,344.0899963378906,0.0,94.4836654663086,438.0,0.0,-6.0,-3544.0,-0.0,-0.0,0.0,0.0
2590904.125,-3546.0,-1885.0,-1885.0,358.1499938964844,0.0,102.51111602783203,460.0,0.0,0.0,-3544.0,-0.0,-0.0,0.0,0.0
2590915.122,-3545.0,-1958.0,-1958.0,372.0199890136719,0.0,109.0344467163086,481.0,0.0,1.0,-3544.0,-0.0,-0.0,0.0,0.0
2590926.125,-3545.0,-1962.0,-1962.0,372.7799987792969,0.0,93.87928009033203,466.0,0.0,6.0,-3544.0,-0.0,-0.0,0.0,0.0
2590937.126,-3545.0,-1978.0,-1978.0,375.82000732421875,0.0,84.5973892211914,460.0,0.0,9.0,-3544.0,-0.0,-0.0,0.0,0.0
2590948.125,-3546.0,-1969.0,-1969.0,374.1099853515625,0.0,58.4216194152832,432.0,0.0,7.0,-3546.0,-0.0,-0.0,0.0,0.0
2590959.098,-3546.0,-1969.0,-1969.0,374.1099853515625,0.0,49.65837860107422,423.0,0.0,7.0,-3546.0,-0.0,-0.0,0.0,0.0
2590970.125,-3546.0,-1931.0,-1931.0,366.8899841308594,0.0,30.80962562561035,397.0,0.0,3.0,-3546.0,-0.0,-0.0,0.0,0.0
2590980.125,-3545.0,-1907.0,-1907.0,362.3299865722656,0.0,18.988183975219727,381.0,0.0,1.0,-3546.0,-0.0,-0.0,0.0,0.0
2590990.126,-3546.0,-1902.0,-1902.0,361.3800048828125,0.0,14.639957427978516,376.0,0.0,0.0,-3546.0,-0.0,-0.0,0.0,0.0
2591000.354,-3546.0,-1837.0,-1837.0,349.0299987792969,0.0,-7.056032180786133,341.0,0.0,3.0,-3546.0,-0.0,-0.0,0.0,0.0
2591010.355,-3546.0,-1832.0,-1832.0,348.0799865722656,0.0,-7.497627258300781,340.0,0.0,2.0,-3546.0,-0.0,-0.0,0.0,0.0
2591021.098,-3546.0,-1780.0,-1780.0,338.1999816894531,0.0,-21.972980499267578,316.0,0.0,2.0,-3546.0,-0.0,-0.0,0.0,0.0
2591032.125,-3546.0,-1734.0,-1734.0,329.4599914550781,0.0,-32.47703170776367,296.0,0.0,3.0,-3546.0,-0.0,-0.0,0.0,0.0
2591043.125,-3546.0,-1727.0,-1727.0,328.1300048828125,0.0,-29.705476760864258,298.0,0.0,2.0,-3546.0,-0.0,-0.0,0.0,0.0
2591053.126,-3546.0,-1715.0,-1715.0,325.8500061035156,0.0,-28.849655151367188,297.0,0.0,3.0,-3546.0,-0.0,-0.0,0.0,0.0
2591063.126,-3546.0,-1685.0,-1685.0,320.1499938964844,0.0,-33.5222053527832,286.0,0.0,0.0,-3546.0,-0.0,-0.0,0.0,0.0
2591073.127,-3546.0,-1685.0,-1685.0,320.1499938964844,0.0,-28.49387550354004,291.0,0.0,0.0,-3546.0,-0.0,-0.0,0.0,0.0
2591084.125,-3546.0,-1666.0,-1666.0,316.5400085449219,0.0,-29.9197940826416,286.0,0.0,1.0,-3546.0,-0.0,-0.0,0.0,0.0
2591094.993,-3546.0,-1652.0,-1652.0,313.8800048828125,0.0,-29.631824493408203,284.0,0.0,1.0,-3546.0,-0.0,-0.0,0.0,0.0
2591104.994,-3545.0,-1659.0,-1659.0,315.2099914550781,0.0,-23.087051391601562,292.0,0.0,4.0,-3546.0,-0.0,-0.0,0.0,0.0
2591114.995,-3545.0,-1659.0,-1659.0,315.2099914550781,0.0,-19.623994827270508,295.0,0.0,4.0,-3546.0,-0.0,-0.0,0.0,0.0
2591126.212,-3545.0,-1665.0,-1665.0,316.3500061035156,0.0,-14.880395889282227,301.0,0.0,2.0,-3546.0,-0.0,-0.0,0.0,0.0
2591136.213,-3545.0,-1680.0,-1680.0,319.1999816894531,0.0,-8.148337364196777,311.0,0.0,3.0,-3546.0,-0.0,-0.0,0.0,0.0
2591147.126,-3545.0,-1680.0,-1680.0,319.1999816894531,0.0,-6.926086902618408,312.0,0.0,3.0,-3545.0,-0.0,-0.0,0.0,0.0
2591158.126,-3545.0,-1700.0,-1700.0,323.0,0.0,0.11282501369714737,323.0,0.0,1.0,-3545.0,-0.0,-0.0,0.0,0.0
2591168.127,-3545.0,-1735.0,-1735.0,329.6499938964844,0.0,10.59589958190918,340.0,0.0,3.0,-3545.0,-0.0,-0.0,0.0,0.0
2591179.101,-3545.0,-1775.0,-1775.0,337.25,0.0,17.85553741455078,355.0,0.0,3.0,-3545.0,-0.0,-0.0,0.0,0.0
2591189.667,-3545.0,-1814.0,-1814.0,344.6600036621094,0.0,26.87720489501953,371.0,0.0,-1.0,-3545.0,-0.0,-0.0,0.0,0.0
2591199.668,-3545.0,-1825.0,-1825.0,346.75,0.0,26.1456241607666,372.0,0.0,3.0,-3545.0,-0.0,-0.0,0.0,0.0
2591209.669,-3545.0,-1913.0,-1913.0,363.4700012207031,0.0,48.623775482177734,412.0,0.0,1.0,-3545.0,-0.0,-0.0,0.0,0.0
2591220.354,-3545.0,-1927.0,-1927.0,366.1300048828125,0.0,45.530208587646484,411.0,0.0,5.0,-3545.0,-0.0,-0.0,0.0,0.0
2591230.355,-3545.0,-1957.0,-1957.0,371.8299865722656,0.0,47.70067596435547,419.0,0.0,5.0,-3545.0,-0.0,-0.0,0.0,0.0
2591241.125,-3545.0,-1960.0,-1960.0,372.3999938964844,0.0,41.44557571411133,413.0,0.0,6.0,-3545.0,-0.0,-0.0,0.0,0.0
2591252.126,-3545.0,-1979.0,-1979.0,376.010009765625,0.0,40.92873764038086,416.0,0.0,7.0,-3545.0,-0.0,-0.0,0.0,0.0
2591263.125,-3545.0,-1981.0,-1981.0,376.3899841308594,0.0,35.389427185058594,411.0,0.0,6.0,-3545.0,-0.0,-0.0,0.0,0.0
2591274.191,-3545.0,-1980.0,-1980.0,376.1999816894531,0.0,29.78101348876953,405.0,0.0,4.0,-3545.0,-0.0,-0.0,0.0,0.0
2591285.126,-3545.0,-1960.0,-1960.0,372.3999938964844,0.0,19.31386375427246,391.0,0.0,4.0,-3545.0,-0.0,-0.0,0.0,0.0
2591295.127,-3545.0,-1942.0,-1942.0,368.97998046875,0.0,11.016785621643066,379.0,0.0,3.0,-3545.0,-0.0,-0.0,0.0,0.0
2591306.125,-3545.0,-1935.0,-1935.0,367.6499938964844,0.0,7.264268398284912,374.0,0.0,1.0,-3545.0,-0.0,-0.0,0.0,0.0
2591316.126,-3545.0,-1911.0,-1911.0,363.0899963378906,0.0,-1.0253705978393555,362.0,0.0,2.0,-3545.0,-0.0,-0.0,0.0,0.0
2591326.127,-3545.0,-1865.0,-1865.0,354.3500061035156,0.0,-14.671562194824219,339.0,0.0,3.0,-3545.0,-0.0,-0.0,0.0,0.0
2591336.128,-3545.0,-1865.0,-1865.0,354.3500061035156,0.0,-12.47082805633545,341.0,0.0,3.0,-3545.0,-0.0,-0.0,0.0,0.0
2591346.829,-3545.0,-1819.0,-1819.0,345.6099853515625,0.0,-24.40020179748535,321.0,0.0,0.0,-3545.0,-0.0,-0.0,0.0,0.0
2591356.83,-3545.0,-1803.0,-1803.0,342.57000732421875,0.0,-25.540170669555664,317.0,0.0,3.0,-3545.0,-0.0,-0.0,0.0,0.0
2591366.83,-3545.0,-1805.0,-1805.0,342.9499816894531,0.0,-21.109146118164062,321.0,0.0,4.0,-3545.0,-0.0,-0.0,0.0,0.0
2591377.125,-3545.0,-1795.0,-1795.0,341.04998779296875,0.0,-20.942773818969727,320.0,0.0,1.0,-3545.0,-0.0,-0.0,0.0,0.0
2591388.098,-3545.0,-1785.0,-1785.0,339.1499938964844,0.0,-20.80135726928711,318.0,0.0,1.0,-3545.0,-0.0,-0.0,0.0,0.0
2591399.126,-3545.0,-1785.0,-1785.0,339.1499938964844,0.0,-17.681154251098633,321.0,0.0,1.0,-3545.0,-0.0,-0.0,0.0,0.0
2591409.127,-3545.0,-1804.0,-1804.0,342.760009765625,0.0,-9.32898235321045,333.0,0.0,3.0,-3545.0,-0.0,-0.0,0.0,0.0
2591420.125,-3545.0,-1804.0,-1804.0,342.760009765625,0.0,-7.929635047912598,334.0,0.0,3.0,-3545.0,-0.0,-0.0,0.0,0.0
2591430.126,-3545.0,-1830.0,-1830.0,347.6999816894531,0.0,1.0598087310791016,348.0,0.0,0.0,-3545.0,-0.0,-0.0,0.0,0.0
2591440.127,-3545.0,-1835.0,-1835.0,348.6499938964844,0.0,2.4008371829986572,351.0,0.0,3.0,-3545.0,-0.0,-0.0,0.0,0.0
2591450.128,-3545.0,-1859.0,-1859.0,353.2099914550781,0.0,9.240710258483887,362.0,0.0,10.0,-3545.0,-0.0,-0.0,0.0,0.0
2591460.129,-3545.0,-1897.0,-1897.0,360.42999267578125,0.0,19.254602432250977,379.0,0.0,0.0,-3545.0,-0.0,-0.0,0.0,0.0
2591471.098,-3545.0,-1932.0,-1932.0,367.0799865722656,0.0,23.286449432373047,390.0,0.0,2.0,-3545.0,-0.0,-0.0,0.0,0.0
2591482.126,-3545.0,-1957.0,-1957.0,371.8299865722656,0.0,27.293481826782227,399.0,0.0,1.0,-3545.0,-0.0,-0.0,0.0,0.0
2591492.204,-3545.0,-1959.0,-1959.0,372.2099914550781,0.0,23.79945945739746,396.0,0.0,6.0,-3545.0,-0.0,-0.0,0.0,0.0
2591502.205,-3545.0,-1971.0,-1971.0,374.489990234375,0.0,23.829540252685547,398.0,0.0,4.0,-3545.0,-0.0,-0.0,0.0,0.0
2591512.206,-3545.0,-1971.0,-1971.0,374.489990234375,0.0,20.255109786987305,394.0,0.0,6.0,-3545.0,-0.0,-0.0,0.0,0.0
2591522.215,-3545.0,-1971.0,-1971.0,374.489990234375,0.0,17.21684455871582,391.0,0.0,6.0,-3545.0,-0.0,-0.0,0.0,0.0
2591533.125,-3545.0,-1955.0,-1955.0,371.4499816894531,0.0,9.834319114685059,381.0,0.0,2.0,-3545.0,-0.0,-0.0,0.0,0.0
2591543.452,-3545.0,-1955.0,-1955.0,371.4499816894531,0.0,8.359171867370605,379.0,0.0,3.0,-3545.0,-0.0,-0.0,0.0,0.0
2591554.125,-3545.0,-1934.0,-1934.0,367.4599914550781,0.0,0.8052970767021179,368.0,0.0,3.0,-3545.0,-0.0,-0.0,0.0,0.0
2591564.126,-3545.0,-1905.0,-1905.0,361.9499816894531,0.0,-8.015496253967285,353.0,0.0,2.0,-3545.0,-0.0,-0.0,0.0,0.0
2591575.125,-3545.0,-1905.0,-1905.0,361.9499816894531,0.0,-6.813171863555908,355.0,0.0,2.0,-3545.0,-0.0,-0.0,0.0,0.0
2591585.125,-3545.0,-1877.0,-1877.0,356.6300048828125,0.0,-14.191194534301758,342.0,0.0,3.0,-3545.0,-0.0,-0.0,0.0,0.0
2591596.125,-3545.0,-1868.0,-1868.0,354.91998291015625,0.0,-14.7625150680542,340.0,0.0,2.0,-3545.0,-0.0,-0.0,0.0,0.0
2591607.125,-3545.0,-1868.0,-1868.0,354.91998291015625,0.0,-12.548138618469238,342.0,0.0,2.0,-3545.0,-0.0,-0.0,0.0,0.0
2591618.126,-3545.0,-1865.0,-1865.0,354.3500061035156,0.0,-11.56591796875,342.0,0.0,2.0,-3545.0,-0.0,-0.0,0.0,0.0
2591628.126,-3545.0,-1868.0,-1868.0,354.91998291015625,0.0,-8.9310302734375,345.0,0.0,3.0,-3545.0,-0.0,-0.0,0.0,0.0
2591638.127,-3545.0,-1873.0,-1873.0,355.8699951171875,0.0,-6.091376304626465,349.0,0.0,0.0,-3545.0,-0.0,-0.0,0.0,0.0
2591648.127,-3545.0,-1887.0,-1887.0,358.5299987792969,0.0,-0.9776706695556641,357.0,0.0,2.0,-3545.0,-0.0,-0.0,0.0,0.0
2591659.126,-3545.0,-1889.0,-1889.0,358.9100036621094,0.0,-0.23102018237113953,358.0,0.0,3.0,-3545.0,-0.0,-0.0,0.0,0.0
2591669.494,-3545.0,-1926.0,-1926.0,365.94000244140625,0.0,10.903631210327148,376.0,0.0,3.0,-3545.0,-0.0,-0.0,0.0,0.0
2591679.494,-3545.0,-1939.0,-1939.0,368.4100036621094,0.0,13.168086051940918,381.0,0.0,5.0,-3545.0,-0.0,-0.0,0.0,0.0
2591689.494,-3545.0,-1939.0,-1939.0,368.4100036621094,0.0,11.192873001098633,379.0,0.0,5.0,-3545.0,-0.0,-0.0,0.0,0.0
2591699.555,-3545.0,-1957.0,-1957.0,371.8299865722656,0.0,14.913941383361816,386.0,0.0,5.0,-3545.0,-0.0,-0.0,0.0,0.0
2591710.126,-3545.0,-1963.0,-1963.0,372.9700012207031,0.0,14.476850509643555,387.0,0.0,5.0,-3545.0,-0.0,-0.0,0.0,0.0
2591720.126,-3545.0,-1963.0,-1963.0,372.9700012207031,0.0,12.305323600769043,385.0,0.0,5.0,-3545.0,-0.0,-0.0,0.0,0.0
2591730.126,-3545.0,-1957.0,-1957.0,371.8299865722656,0.0,8.659525871276855,380.0,0.0,2.0,-3545.0,-0.0,-0.0,0.0,0.0
2591740.127,-3545.0,-1951.0,-1951.0,370.69000244140625,0.0,5.5605974197387695,376.0,0.0,4.0,-3545.0,-0.0,-0.0,0.0,0.0
2591751.126,-3545.0,-1949.0,-1949.0,370.30999755859375,0.0,4.1265082359313965,374.0,0.0,7.0,-3545.0,-0.0,-0.0,0.0,0.0
2591762.277,-3545.0,-1939.0,-1939.0,368.4100036621094,0.0,0.5075325965881348,368.0,0.0,2.0,-3545.0,-0.0,-0.0,0.0,0.0
2591772.277,-3545.0,-1929.0,-1929.0,366.510009765625,0.0,-2.568596839904785,363.0,0.0,1.0,-3545.0,-0.0,-0.0,0.0,0.0
2591782.278,-3545.0,-1915.0,-1915.0,363.8500061035156,0.0,-6.383306503295898,357.0,0.0,3.0,-3545.0,-0.0,-0.0,0.0,0.0
2591793.125,-3545.0,-1909.0,-1909.0,362.7099914550781,0.0,-7.225810527801514,355.0,0.0,3.0,-3545.0,-0.0,-0.0,0.0,0.0
2591803.228,-3545.0,-1908.0,-1907.0,362.3299865722656,0.0,-6.741939067840576,355.0,0.0,7.0,-3545.0,-0.0,-0.0,0.0,0.0
2591814.126,-3545.0,-1916.0,-1916.0,364.0400085449219,0.0,-2.2160515785217285,361.0,0.0,3.0,-3545.0,-0.0,-0.0,0.0,0.0
2591825.125,-3545.0,-1928.0,-1928.0,366.32000732421875,0.0,1.716355562210083,368.0,0.0,4.0,-3545.0,-0.0,-0.0,0.0,0.0
2591835.126,-3545.0,-1928.0,-1928.0,366.32000732421875,0.0,1.4589022397994995,367.0,0.0,4.0,-3545.0,-0.0,-0.0,0.0,0.0
2591845.126,-3545.0,-1941.0,-1941.0,368.7900085449219,0.0,5.140066146850586,373.0,0.0,5.0,-3545.0,-0.0,-0.0,0.0,0.0
2591855.126,-3545.0,-1943.0,-1943.0,369.16998291015625,0.0,4.969056129455566,374.0,0.0,4.0,-3545.0,-0.0,-0.0,0.0,0.0
2591866.098,-3545.0,-1953.0,-1953.0,371.07000732421875,0.0,7.223697185516357,378.0,0.0,3.0,-3545.0,-0.0,-0.0,0.0,0.0
2591877.125,-3545.0,-1955.0,-1955.0,371.4499816894531,0.0,6.740142822265625,378.0,0.0,3.0,-3545.0,-0.0,-0.0,0.0,0.0
2591887.126,-3545.0,-1956.0,-1956.0,371.6399841308594,0.0,6.029121398925781,377.0,0.0,4.0,-3545.0,-0.0,-0.0,0.0,0.0
2591898.126,-3545.0,-1956.0,-1956.0,371.6399841308594,0.0,5.124753475189209,376.0,0.0,3.0,-3545.0,-0.0,-0.0,0.0,0.0
2591908.127,-3545.0,-1953.0,-1953.0,371.07000732421875,0.0,3.456040620803833,374.0,0.0,4.0,-3545.0,-0.0,-0.0,0.0,0.0
2591919.126,-3545.0,-1935.0,-1935.0,367.6499938964844,0.0,-2.462364435195923,365.0,0.0,2.0,-3545.0,-0.0,-0.0,0.0,0.0
2591929.126,-3545.0,-1940.0,-1940.0,368.6000061035156,0.0,-0.5930100679397583,368.0,0.0,2.0,-3545.0,-0.0,-0.0,0.0,0.0
2591940.338,-3545.0,-1929.0,-1929.0,366.510009765625,0.0,-3.804058074951172,362.0,0.0,3.0,-3545.0,-0.0,-0.0,0.0,0.0
2591950.339,-3545.0,-1927.0,-1927.0,366.1300048828125,0.0,-3.833449363708496,362.0,0.0,2.0,-3545.0,-0.0,-0.0,0.0,0.0
2591961.125,-3545.0,-1924.0,-1924.0,365.55999755859375,0.0,-4.1584320068359375,361.0,0.0,1.0,-3545.0,-0.0,-0.0,0.0,0.0
2591972.125,-3545.0,-1921.0,-1921.0,364.989990234375,0.0,-4.434667110443115,360.0,0.0,3.0,-3545.0,-0.0,-0.0,0.0,0.0
2591982.845,-3545.0,-1929.0,-1929.0,366.510009765625,0.0,-1.3694674968719482,365.0,0.0,4.0,-3545.0,-0.0,-0.0,0.0,0.0
2591992.845,-3545.0,-1934.0,-1934.0,367.4599914550781,0.0,0.33595237135887146,367.0,0.0,-3.0,-3545.0,-0.0,-0.0,0.0,0.0
2592003.125,-3545.0,-1942.0,-1942.0,368.97998046875,0.0,2.685559034347534,371.0,0.0,5.0,-3545.0,-0.0,-0.0,0.0,0.0
2592013.126,-3545.0,-1940.0,-1940.0,368.6000061035156,0.0,1.6827253103256226,370.0,0.0,3.0,-3545.0,-0.0,-0.0,0.0,0.0
2592023.127,-3545.0,-1947.0,-1947.0,369.92999267578125,0.0,3.530316114425659,373.0,0.0,5.0,-3545.0,-0.0,-0.0,0.0,0.0
2592034.125,-3545.0,-1948.0,-1948.0,370.1199951171875,0.0,3.3007688522338867,373.0,0.0,3.0,-3545.0,-0.0,-0.0,0.0,0.0
2592045.126,-3545.0,-1950.0,-1950.0,370.5,0.0,2.939805507659912,373.0,0.0,4.0,-3545.0,-0.0,-0.0,0.0,0.0
2592055.309,-3545.0,-1950.0,-1950.0,370.5,0.0,2.4988348484039307,372.0,0.0,5.0,-3545.0,-0.0,-0.0,0.0,0.0
2592065.309,-3545.0,-1949.0,-1949.0,370.30999755859375,0.0,1.8240097761154175,372.0,0.0,4.0,-3545.0,-0.0,-0.0,0.0,0.0
2592075.309,-3545.0,-1942.0,-1942.0,368.97998046875,0.0,-0.5495913028717041,368.0,0.0,2.0,-3545.0,-0.0,-0.0,0.0,0.0
2592086.194,-3545.0,-1931.0,-1931.0,366.8899841308594,0.0,-3.7671520709991455,363.0,0.0,1.0,-3545.0,-0.0,-0.0,0.0,0.0
2592096.411,-3545.0,-1934.0,-1934.0,367.4599914550781,0.0,-2.302079439163208,365.0,0.0,4.0,-3545.0,-0.0,-0.0,0.0,0.0
2592106.411,-3545.0,-1931.0,-1931.0,366.8899841308594,0.0,-2.856767416000366,364.0,0.0,-2.0,-3545.0,-0.0,-0.0,0.0,0.0
2592116.411,-3545.0,-1931.0,-1931.0,366.8899841308594,0.0,-2.4282524585723877,364.0,0.0,-2.0,-3545.0,-0.0,-0.0,0.0,0.0
2592127.126,-3545.0,-1932.0,-1932.0,367.0799865722656,0.0,-1.764014720916748,365.0,0.0,2.0,-3545.0,-0.0,-0.0,0.0,0.0
2592137.126,-3545.0,-1934.0,-1934.0,367.4599914550781,0.0,-0.8994126319885254,366.0,0.0,1.0,-3545.0,-0.0,-0.0,0.0,0.0
2592148.125,-3545.0,-1935.0,-1935.0,367.6499938964844,0.0,-0.4645008146762848,367.0,0.0,4.0,-3545.0,-0.0,-0.0,0.0,0.0
2592158.125,-3545.0,-1937.0,-1937.0,368.0299987792969,0.0,0.20517420768737793,368.0,0.0,-2.0,-3545.0,-0.0,-0.0,0.0,0.0
2592169.098,-3545.0,-1938.0,-1938.0,368.2200012207031,0.0,0.47439804673194885,368.0,0.0,2.0,-3545.0,-0.0,-0.0,0.0,0.0
2592180.126,-3545.0,-1945.0,-1945.0,369.54998779296875,0.0,2.5032379627227783,372.0,0.0,5.0,-3545.0,-0.0,-0.0,0.0,0.0
2592190.126,-3545.0,-1947.0,-1947.0,369.92999267578125,0.0,2.727752208709717,372.0,0.0,3.0,-3545.0,-0.0,-0.0,0.0,0.0
2592201.125,-3545.0,-1947.0,-1947.0,369.92999267578125,0.0,2.318589448928833,372.0,0.0,-1.0,-3545.0,-0.0,-0.0,0.0,0.0
2592211.125,-3545.0,-1950.0,-1950.0,370.5,0.0,2.8708009719848633,373.0,0.0,2.0,-3545.0,-0.0,-0.0,0.0,0.0
2592221.125,-3545.0,-1947.0,-1947.0,369.92999267578125,0.0,1.540181040763855,371.0,0.0,4.0,-3545.0,-0.0,-0.0,0.0,0.0
2592232.126,-3545.0,-1947.0,-1947.0,369.92999267578125,0.0,1.3091539144515991,371.0,0.0,5.0,-3545.0,-0.0,-0.0,0.0,0.0
2592242.128,-3545.0,-1942.0,-1942.0,368.97998046875,0.0,-0.3872188925743103,368.0,0.0,2.0,-3545.0,-0.0,-0.0,0.0,0.0
2592252.128,-3545.0,-1939.0,-1939.0,368.4100036621094,0.0,-1.2291358709335327,367.0,0.0,4.0,-3545.0,-0.0,-0.0,0.0,0.0
2592263.125,-3545.0,-1937.0,-1937.0,368.0299987792969,0.0,-1.6447653770446777,366.0,0.0,2.0,-3545.0,-0.0,-0.0,0.0,0.0
2592274.125,-3545.0,-1931.0,-1931.0,366.8899841308594,0.0,-3.1980502605438232,363.0,0.0,4.0,-3545.0,-0.0,-0.0,0.0,0.0
2592284.229,-3545.0,-1933.0,-1933.0,367.2699890136719,0.0,-2.118342876434326,365.0,0.0,3.0,-3545.0,-0.0,-0.0,0.0,0.0
2592294.229,-3545.0,-1938.0,-1938.0,368.2200012207031,0.0,-0.30059173703193665,367.0,0.0,2.0,-3545.0,-0.0,-0.0,0.0,0.0
2592304.23,-3545.0,-1938.0,-1938.0,368.2200012207031,0.0,-0.25550296902656555,367.0,0.0,2.0,-3545.0,-0.0,-0.0,0.0,0.0
2592314.23,-3545.0,-1946.0,-1946.0,369.739990234375,0.0,2.1828219890594482,371.0,0.0,3.0,-3545.0,-0.0,-0.0,0.0,0.0
2592325.126,-3545.0,-1946.0,-1946.0,369.739990234375,0.0,1.8553987741470337,371.0,0.0,3.0,-3545.0,-0.0,-0.0,0.0,0.0
2592336.125,-3545.0,-1942.0,-1942.0,368.97998046875,0.0,0.3770892024040222,369.0,0.0,4.0,-3545.0,-0.0,-0.0,0.0,0.0
2592346.623,-3545.0,-1944.0,-1944.0,369.3599853515625,0.0,0.9205257296562195,370.0,0.0,1.0,-3545.0,-0.0,-0.0,0.0,0.0
2592357.125,-3545.0,-1947.0,-1943.0,369.16998291015625,0.0,0.48244693875312805,369.0,0.0,3.0,-3545.0,-0.0,-0.0,0.0,0.0
2592368.126,-3545.0,-1945.0,-1945.0,369.54998779296875,0.0,0.7685679197311401,370.0,0.0,1.0,-3545.0,-0.0,-0.0,0.0,0.0
2592379.126,-3545.0,-1943.0,-1943.0,369.16998291015625,0.0,0.05328284576535225,369.0,0.0,3.0,-3545.0,-0.0,-0.0,0.0,0.0
2592390.126,-3545.0,-1944.0,-1944.0,369.3599853515625,0.0,0.3452903628349304,369.0,0.0,4.0,-3545.0,-0.0,-0.0,0.0,0.0
2592401.125,-3545.0,-1939.0,-1939.0,368.4100036621094,0.0,-1.206502914428711,367.0,0.0,0.0,-3545.0,-0.0,-0.0,0.0,0.0
2592412.125,-3545.0,-1938.0,-1938.0,368.2200012207031,0.0,-1.3255274295806885,366.0,0.0,1.0,-3545.0,-0.0,-0.0,0.0,0.0
2592422.125,-3545.0,-1934.0,-1934.0,367.4599914550781,0.0,-2.326698064804077,365.0,0.0,3.0,-3545.0,-0.0,-0.0,0.0,0.0
2592432.126,-3545.0,-1937.0,-1937.0,368.0299987792969,0.0,-1.0776935815811157,366.0,0.0,0.0,-3545.0,-0.0,-0.0,0.0,0.0
2592443.126,-3545.0,-1939.0,-1939.0,368.4100036621094,0.0,-0.31603965163230896,368.0,0.0,4.0,-3545.0,-0.0,-0.0,0.0,0.0
2592453.127,-3545.0,-1938.0,-1938.0,368.2200012207031,0.0,-0.5686336755752563,367.0,0.0,5.0,-3545.0,-0.0,-0.0,0.0,0.0
2592464.098,-3545.0,-1941.0,-1941.0,368.7900085449219,0.0,0.41666123270988464,369.0,0.0,1.0,-3545.0,-0.0,-0.0,0.0,0.0
2592475.125,-3545.0,-1943.0,-1943.0,369.16998291015625,0.0,0.9541619420051575,370.0,0.0,0.0,-3545.0,-0.0,-0.0,0.0,0.0
2592485.125,-3545.0,-1943.0,-1943.0,369.16998291015625,0.0,0.8110376596450806,369.0,0.0,0.0,-3545.0,-0.0,-0.0,0.0,0.0
2592495.126,-3545.0,-1944.0,-1944.0,369.3599853515625,0.0,0.9893819689750671,370.0,0.0,3.0,-3545.0,-0.0,-0.0,0.0,0.0
2592506.126,-3545.0,-1944.0,-1944.0,369.3599853515625,0.0,0.8409746885299683,370.0,0.0,-1.0,-3545.0,-0.0,-0.0,0.0,0.0
2592517.125,-3545.0,-1943.0,-1943.0,369.16998291015625,0.0,0.4148285388946533,369.0,0.0,2.0,-3545.0,-0.0,-0.0,0.0,0.0
2592528.126,-3545.0,-1943.0,-1943.0,369.16998291015625,0.0,0.3526042699813843,369.0,0.0,4.0,-3545.0,-0.0,-0.0,0.0,0.0
2592539.125,-3545.0,-1942.0,-1942.0,368.97998046875,0.0,0.04475662112236023,369.0,0.0,3.0,-3545.0,-0.0,-0.0,0.0,0.0
2592550.125,-3545.0,-1941.0,-1941.0,368.7900085449219,0.0,-0.2619568109512329,368.0,0.0,2.0,-3545.0,-0.0,-0.0,0.0,0.0
2592561.126,-3545.0,-1942.0,-1942.0,368.97998046875,0.0,0.07733665406703949,369.0,0.0,3.0,-3545.0,-0.0,-0.0,0.0,0.0
2592571.127,-3545.0,-1941.0,-1941.0,368.7900085449219,0.0,-0.23426379263401031,368.0,0.0,5.0,-3545.0,-0.0,-0.0,0.0,0.0
2592582.125,-3545.0,-1940.0,-1940.0,368.6000061035156,0.0,-0.4991241693496704,368.0,0.0,2.0,-3545.0,-0.0,-0.0,0.0,0.0
2592592.125,-3545.0,-1941.0,-1941.0,368.7900085449219,0.0,-0.12425560504198074,368.0,0.0,7.0,-3545.0,-0.0,-0.0,0.0,0.0
2592602.125,-3545.0,-1942.0,-1942.0,368.97998046875,0.0,0.1943826824426651,369.0,0.0,5.0,-3545.0,-0.0,-0.0,0.0,0.0
2592612.125,-3545.0,-1944.0,-1944.0,369.3599853515625,0.0,0.7652251720428467,370.0,0.0,4.0,-3545.0,-0.0,-0.0,0.0,0.0
2592623.126,-3545.0,-1941.0,-1941.0,368.7900085449219,0.0,-0.2495584487915039,368.0,0.0,5.0,-3545.0,-0.0,-0.0,0.0,0.0
2592634.125,-3545.0,-1944.0,-1944.0,369.3599853515625,0.0,0.6878751516342163,370.0,0.0,8.0,-3545.0,-0.0,-0.0,0.0,0.0
2592644.125,-3545.0,-1941.0,-1941.0,368.7900085449219,0.0,-0.3153059482574463,368.0,0.0,7.0,-3545.0,-0.0,-0.0,0.0,0.0
2592655.126,-3545.0,-1943.0,-1943.0,369.16998291015625,0.0,0.3319898545742035,369.0,0.0,3.0,-3545.0,-0.0,-0.0,0.0,0.0
2592666.126,-3545.0,-1943.0,-1943.0,369.16998291015625,0.0,0.2821913957595825,369.0,0.0,1.0,-3545.0,-0.0,-0.0,0.0,0.0
2592676.127,-3545.0,-1944.0,-1944.0,369.3599853515625,0.0,0.5398626327514648,369.0,0.0,2.0,-3545.0,-0.0,-0.0,0.0,0.0
2592686.128,-3545.0,-1943.0,-1943.0,369.16998291015625,0.0,0.15888330340385437,369.0,0.0,3.0,-3545.0,-0.0,-0.0,0.0,0.0
2592697.126,-3545.0,-1940.0,-1940.0,368.6000061035156,0.0,-0.7649490237236023,367.0,0.0,2.0,-3545.0,-0.0,-0.0,0.0,0.0
2592707.126,-3545.0,-1941.0,-1941.0,368.7900085449219,0.0,-0.35020673274993896,368.0,0.0,4.0,-3545.0,-0.0,-0.0,0.0,0.0
2592717.72,-3545.0,-1940.0,-1940.0,368.6000061035156,0.0,-0.5976756811141968,368.0,0.0,2.0,-3545.0,-0.0,-0.0,0.0,0.0
2592727.721,-3545.0,-1942.0,-1942.0,368.97998046875,0.0,0.09197556227445602,369.0,0.0,0.0,-3545.0,-0.0,-0.0,0.0,0.0
2592738.126,-3545.0,-1941.0,-1941.0,368.7900085449219,0.0,-0.22182072699069977,368.0,0.0,3.0,-3545.0,-0.0,-0.0,0.0,0.0
2592749.125,-3545.0,-1940.0,-1940.0,368.6000061035156,0.0,-0.48854756355285645,368.0,0.0,6.0,-3545.0,-0.0,-0.0,0.0,0.0
2592759.125,-3545.0,-1943.0,-1943.0,369.16998291015625,0.0,0.4847344160079956,369.0,0.0,4.0,-3545.0,-0.0,-0.0,0.0,0.0
2592770.098,-3545.0,-1939.0,-1939.0,368.4100036621094,0.0,-0.7147791981697083,367.0,0.0,2.0,-3545.0,-0.0,-0.0,0.0,0.0
2592781.125,-3545.0,-1942.0,-1942.0,368.97998046875,0.0,0.29243752360343933,369.0,0.0,4.0,-3545.0,-0.0,-0.0,0.0,0.0
2592791.126,-3545.0,-1940.0,-1940.0,368.6000061035156,0.0,-0.35142800211906433,368.0,0.0,3.0,-3545.0,-0.0,-0.0,0.0,0.0
2592801.971,-3545.0,-1942.0,-1942.0,368.97998046875,0.0,0.30128610134124756,369.0,0.0,1.0,-3545.0,-0.0,-0.0,0.0,0.0
2592811.971,-3545.0,-1941.0,-1941.0,368.7900085449219,0.0,-0.04390675947070122,368.0,0.0,1.0,-3545.0,-0.0,-0.0,0.0,0.0
2592822.125,-3545.0,-1943.0,-1943.0,369.16998291015625,0.0,0.5626791715621948,369.0,0.0,1.0,-3545.0,-0.0,-0.0,0.0,0.0
2592832.125,-3545.0,-1941.0,-1941.0,368.7900085449219,0.0,-0.12172259390354156,368.0,0.0,3.0,-3545.0,-0.0,-0.0,0.0,0.0
2592842.53,-3545.0,-1944.0,-1944.0,369.3599853515625,0.0,0.7965356707572937,370.0,0.0,2.0,-3545.0,-0.0,-0.0,0.0,0.0
2592852.531,-3545.0,-1943.0,-1943.0,369.16998291015625,0.0,0.3770553767681122,369.0,0.0,4.0,-3545.0,-0.0,-0.0,0.0,0.0
2592863.125,-3545.0,-1942.0,-1942.0,368.97998046875,0.0,0.020497126504778862,369.0,0.0,3.0,-3545.0,-0.0,-0.0,0.0,0.0
2592873.126,-3545.0,-1943.0,-1943.0,369.16998291015625,0.0,0.3174225091934204,369.0,0.0,3.0,-3545.0,-0.0,-0.0,0.0,0.0
2592883.127,-3545.0,-1942.0,-1942.0,368.97998046875,0.0,-0.030190812423825264,368.0,0.0,6.0,-3545.0,-0.0,-0.0,0.0,0.0
2592893.128,-3545.0,-1939.0,-1939.0,368.4100036621094,0.0,-0.9256620407104492,367.0,0.0,2.0,-3545.0,-0.0,-0.0,0.0,0.0
2592904.125,-3545.0,-1940.0,-1940.0,368.6000061035156,0.0,-0.4868128001689911,368.0,0.0,5.0,-3545.0,-0.0,-0.0,0.0,0.0
2592914.126,-3545.0,-1943.0,-1943.0,369.16998291015625,0.0,0.486208975315094,369.0,0.0,2.0,-3545.0,-0.0,-0.0,0.0,0.0
2592924.127,-3545.0,-1941.0,-1941.0,368.7900085449219,0.0,-0.1867222636938095,368.0,0.0,3.0,-3545.0,-0.0,-0.0,0.0,0.0
2592935.125,-3545.0,-1941.0,-1941.0,368.7900085449219,0.0,-0.1587139219045639,368.0,0.0,4.0,-3545.0,-0.0,-0.0,0.0,0.0
2592945.125,-3545.0,-1943.0,-1943.0,369.16998291015625,0.0,0.46509307622909546,369.0,0.0,4.0,-3545.0,-0.0,-0.0,0.0,0.0
2592955.705,-3545.0,-1943.0,-1943.0,369.16998291015625,0.0,0.3953291177749634,369.0,0.0,4.0,-3545.0,-0.0,-0.0,0.0,0.0
2592966.126,-3545.0,-1941.0,-1941.0,368.7900085449219,0.0,-0.26397013664245605,368.0,0.0,4.0,-3545.0,-0.0,-0.0,0.0,0.0
2592976.126,-3545.0,-1941.0,-1941.0,368.7900085449219,0.0,-0.22437462210655212,368.0,0.0,4.0,-3545.0,-0.0,-0.0,0.0,0.0
2592986.126,-3545.0,-1939.0,-1939.0,368.4100036621094,0.0,-0.7907183170318604,367.0,0.0,5.0,-3545.0,-0.0,-0.0,0.0,0.0
2592996.126,-3545.0,-1943.0,-1943.0,369.16998291015625,0.0,0.5278891921043396,369.0,0.0,0.0,-3545.0,-0.0,-0.0,0.0,0.0
2593006.126,-3545.0,-1943.0,-1943.0,369.16998291015625,0.0,0.4487058222293854,369.0,0.0,0.0,-3545.0,-0.0,-0.0,0.0,0.0
2593017.125,-3545.0,-1942.0,-1942.0,368.97998046875,0.0,0.08140000700950623,369.0,0.0,5.0,-3545.0,-0.0,-0.0,0.0,0.0
2593028.125,-3545.0,-1940.0,-1940.0,368.6000061035156,0.0,-0.5308098793029785,368.0,0.0,5.0,-3545.0,-0.0,-0.0,0.0,0.0
2593038.126,-3545.0,-1941.0,-1941.0,368.7900085449219,0.0,-0.151188462972641,368.0,0.0,5.0,-3545.0,-0.0,-0.0,0.0,0.0
2593049.001,-3545.0,-1940.0,-1940.0,368.6000061035156,0.0,-0.4285101592540741,368.0,0.0,6.0,-3545.0,-0.0,-0.0,0.0,0.0
2593059.002,-3545.0,-1941.0,-1941.0,368.7900085449219,0.0,-0.0642336905002594,368.0,0.0,1.0,-3545.0,-0.0,-0.0,0.0,0.0
2593069.126,-3545.0,-1944.0,-1944.0,369.3599853515625,0.0,0.8454012274742126,370.0,0.0,1.0,-3545.0,-0.0,-0.0,0.0,0.0
2593079.127,-3545.0,-1945.0,-1945.0,369.54998779296875,0.0,1.018591046333313,370.0,0.0,2.0,-3545.0,-0.0,-0.0,0.0,0.0
2593089.128,-3545.0,-1941.0,-1941.0,368.7900085449219,0.0,-0.33419740200042725,368.0,0.0,5.0,-3545.0,-0.0,-0.0,0.0,0.0
2593099.129,-3545.0,-1944.0,-1944.0,369.3599853515625,0.0,0.615932047367096,369.0,0.0,4.0,-3545.0,-0.0,-0.0,0.0,0.0
2593110.125,-3545.0,-1943.0,-1943.0,369.16998291015625,0.0,0.22354230284690857,369.0,0.0,3.0,-3545.0,-0.0,-0.0,0.0,0.0
2593121.125,-3545.0,-1941.0,-1941.0,368.7900085449219,0.0,-0.4099889397621155,368.0,0.0,1.0,-3545.0,-0.0,-0.0,0.0,0.0
2593132.125,-3545.0,-1939.0,-1939.0,368.4100036621094,0.0,-0.9484905004501343,367.0,0.0,2.0,-3545.0,-0.0,-0.0,0.0,0.0
2593142.126,-3545.0,-1940.0,-1940.0,368.6000061035156,0.0,-0.5062170028686523,368.0,0.0,3.0,-3545.0,-0.0,-0.0,0.0,0.0
2593153.125,-3545.0,-1941.0,-1941.0,368.7900085449219,0.0,-0.20074181258678436,368.0,0.0,2.0,-3545.0,-0.0,-0.0,0.0,0.0
2593163.125,-3545.0,-1941.0,-1941.0,368.7900085449219,0.0,-0.170630544424057,368.0,0.0,2.0,-3545.0,-0.0,-0.0,0.0,0.0
2593174.098,-3545.0,-1942.0,-1942.0,368.97998046875,0.0,0.15496398508548737,369.0,0.0,6.0,-3545.0,-0.0,-0.0,0.0,0.0
2593184.099,-3545.0,-1942.0,-1942.0,368.97998046875,0.0,0.13171939551830292,369.0,0.0,4.0,-3545.0,-0.0,-0.0,0.0,0.0
2593195.179,-3545.0,-1942.0,-1942.0,368.97998046875,0.0,0.1119614914059639,369.0,0.0,2.0,-3545.0,-0.0,-0.0,0.0,0.0
2593206.125,-3545.0,-1941.0,-1941.0,368.7900085449219,0.0,-0.20483268797397614,368.0,0.0,1.0,-3545.0,-0.0,-0.0,0.0,0.0
2593217.125,-3545.0,-1941.0,-1941.0,368.7900085449219,0.0,-0.17410778999328613,368.0,0.0,0.0,-3545.0,-0.0,-0.0,0.0,0.0
2593228.125,-3545.0,-1944.0,-1944.0,369.3599853515625,0.0,0.7520082592964172,370.0,0.0,5.0,-3545.0,-0.0,-0.0,0.0,0.0
2593238.516,-3545.0,-1942.0,-1942.0,368.97998046875,0.0,0.039207134395837784,369.0,0.0,2.0,-3545.0,-0.0,-0.0,0.0,0.0
2593249.126,-3545.0,-1943.0,-1943.0,369.16998291015625,0.0,0.3333260118961334,369.0,0.0,6.0,-3545.0,-0.0,-0.0,0.0,0.0
2593259.127,-3545.0,-1942.0,-1942.0,368.97998046875,0.0,-0.016672834753990173,368.0,0.0,3.0,-3545.0,-0.0,-0.0,0.0,0.0
2593270.125,-3545.0,-1943.0,-1943.0,369.16998291015625,0.0,0.2858280539512634,369.0,0.0,7.0,-3545.0,-0.0,-0.0,0.0,0.0
2593281.14,-3545.0,-1943.0,-1943.0,369.16998291015625,0.0,0.2429538518190384,369.0,0.0,7.0,-3545.0,-0.0,-0.0,0.0,0.0
2593291.14,-3545.0,-1941.0,-1941.0,368.7900085449219,0.0,-0.39348912239074707,368.0,0.0,3.0,-3545.0,-0.0,-0.0,0.0,0.0
2593302.125,-3545.0,-1941.0,-1941.0,368.7900085449219,0.0,-0.33446577191352844,368.0,0.0,3.0,-3545.0,-0.0,-0.0,0.0,0.0
2593312.126,-3545.0,-1938.0,-1938.0,368.2200012207031,0.0,-1.1842957735061646,367.0,0.0,0.0,-3545.0,-0.0,-0.0,0.0,0.0
2593323.098,-3545.0,-1942.0,-1942.0,368.97998046875,0.0,0.19334837794303894,369.0,0.0,5.0,-3545.0,-0.0,-0.0,0.0,0.0
2593333.099,-3545.0,-1942.0,-1942.0,368.97998046875,0.0,0.1643461287021637,369.0,0.0,5.0,-3545.0,-0.0,-0.0,0.0,0.0
2593344.126,-3545.0,-1944.0,-1944.0,369.3599853515625,0.0,0.7637400031089783,370.0,0.0,2.0,-3545.0,-0.0,-0.0,0.0,0.0
2593354.127,-3545.0,-1944.0,-1944.0,369.3599853515625,0.0,0.6491790413856506,370.0,0.0,2.0,-3545.0,-0.0,-0.0,0.0,0.0
2593364.127,-3545.0,-1944.0,-1944.0,369.3599853515625,0.0,0.5518022179603577,369.0,0.0,4.0,-3545.0,-0.0,-0.0,0.0,0.0
2593375.125,-3545.0,-1944.0,-1944.0,369.3599853515625,0.0,0.4690319001674652,369.0,0.0,7.0,-3545.0,-0.0,-0.0,0.0,0.0
2593386.126,-3545.0,-1942.0,-1942.0,368.97998046875,0.0,-0.2013227790594101,368.0,0.0,4.0,-3545.0,-0.0,-0.0,0.0,0.0
2593396.126,-3545.0,-1942.0,-1942.0,368.97998046875,0.0,-0.17112436890602112,368.0,0.0,4.0,-3545.0,-0.0,-0.0,0.0,0.0
2593406.127,-3545.0,-1940.0,-1940.0,368.6000061035156,0.0,-0.7454556226730347,367.0,0.0,2.0,-3545.0,-0.0,-0.0,0.0,0.0
2593417.125,-3545.0,-1942.0,-1942.0,368.97998046875,0.0,-0.0336373932659626,368.0,0.0,3.0,-3545.0,-0.0,-0.0,0.0,0.0
2593428.125,-3545.0,-1940.0,-1940.0,368.6000061035156,0.0,-0.6285917162895203,367.0,0.0,0.0,-3545.0,-0.0,-0.0,0.0,0.0
2593439.126,-3545.0,-1942.0,-1942.0,368.97998046875,0.0,0.06569693237543106,369.0,0.0,1.0,-3545.0,-0.0,-0.0,0.0,0.0
2593449.418,-3545.0,-1942.0,-1942.0,368.97998046875,0.0,0.05584239587187767,369.0,0.0,1.0,-3545.0,-0.0,-0.0,0.0,0.0
2593459.419,-3545.0,-1941.0,-1941.0,368.7900085449219,0.0,-0.2525339126586914,368.0,0.0,8.0,-3545.0,-0.0,-0.0,0.0,0.0
2593470.121,-3545.0,-1940.0,-1940.0,368.6000061035156,0.0,-0.5146538019180298,368.0,0.0,2.0,-3545.0,-0.0,-0.0,0.0,0.0
2593480.636,-3545.0,-1940.0,-1940.0,368.6000061035156,0.0,-0.4374557435512543,368.0,0.0,2.0,-3545.0,-0.0,-0.0,0.0,0.0
2593490.636,-3545.0,-1943.0,-1943.0,369.16998291015625,0.0,0.5281624794006348,369.0,0.0,2.0,-3545.0,-0.0,-0.0,0.0,0.0
2593500.636,-3545.0,-1940.0,-1940.0,368.6000061035156,0.0,-0.4510617256164551,368.0,0.0,5.0,-3545.0,-0.0,-0.0,0.0,0.0
2593510.636,-3545.0,-1942.0,-1942.0,368.97998046875,0.0,0.21659742295742035,369.0,0.0,1.0,-3545.0,-0.0,-0.0,0.0,0.0
2593520.637,-3545.0,-1943.0,-1943.0,369.16998291015625,0.0,0.48410776257514954,369.0,0.0,4.0,-3545.0,-0.0,-0.0,0.0,0.0
2593530.637,-3545.0,-1944.0,-1944.0,369.3599853515625,0.0,0.711491584777832,370.0,0.0,3.0,-3545.0,-0.0,-0.0,0.0,0.0
2593541.126,-3545.0,-1941.0,-1941.0,368.7900085449219,0.0,-0.29523199796676636,368.0,0.0,0.0,-3545.0,-0.0,-0.0,0.0,0.0
2593551.126,-3545.0,-1942.0,-1942.0,368.97998046875,0.0,0.04905274882912636,369.0,0.0,2.0,-3545.0,-0.0,-0.0,0.0,0.0
2593561.132,-3545.0,-1942.0,-1942.0,368.97998046875,0.0,0.04169483855366707,369.0,0.0,1.0,-3545.0,-0.0,-0.0,0.0,0.0
2593572.125,-3545.0,-1942.0,-1942.0,368.97998046875,0.0,0.03544061258435249,369.0,0.0,1.0,-3545.0,-0.0,-0.0,0.0,0.0
2593582.125,-3545.0,-1943.0,-1943.0,369.16998291015625,0.0,0.33012446761131287,369.0,0.0,2.0,-3545.0,-0.0,-0.0,0.0,0.0
2593593.125,-3545.0,-1941.0,-1941.0,368.7900085449219,0.0,-0.3193941116333008,368.0,0.0,5.0,-3545.0,-0.0,-0.0,0.0,0.0
2593603.394,-3545.0,-1941.0,-1941.0,368.7900085449219,0.0,-0.27148500084877014,368.0,0.0,1.0,-3545.0,-0.0,-0.0,0.0,0.0
2593613.395,-3545.0,-1938.0,-1938.0,368.2200012207031,0.0,-1.1307621002197266,367.0,0.0,2.0,-3545.0,-0.0,-0.0,0.0,0.0
2593623.395,-3545.0,-1942.0,-1942.0,368.97998046875,0.0,0.23885199427604675,369.0,0.0,5.0,-3545.0,-0.0,-0.0,0.0,0.0
2593633.395,-3545.0,-1942.0,-1942.0,368.97998046875,0.0,0.20302419364452362,369.0,0.0,4.0,-3545.0,-0.0,-0.0,0.0,0.0
2593644.125,-3545.0,-1942.0,-1942.0,368.97998046875,0.0,0.17257057130336761,369.0,0.0,5.0,-3545.0,-0.0,-0.0,0.0,0.0
2593655.125,-3545.0,-1942.0,-1942.0,368.97998046875,0.0,0.14668498933315277,369.0,0.0,4.0,-3545.0,-0.0,-0.0,0.0,0.0
2593666.125,-3545.0,-1942.0,-1942.0,368.97998046875,0.0,0.12468224763870239,369.0,0.0,1.0,-3545.0,-0.0,-0.0,0.0,0.0
2593676.126,-3545.0,-1943.0,-1943.0,369.16998291015625,0.0,0.40597987174987793,369.0,0.0,5.0,-3545.0,-0.0,-0.0,0.0,0.0
2593687.126,-3545.0,-1942.0,-1942.0,368.97998046875,0.0,-0.006679471582174301,368.0,0.0,3.0,-3545.0,-0.0,-0.0,0.0,0.0
2593697.127,-3545.0,-1940.0,-1940.0,368.6000061035156,0.0,-0.6056774258613586,367.0,0.0,1.0,-3545.0,-0.0,-0.0,0.0,0.0
2593707.128,-3545.0,-1940.0,-1940.0,368.6000061035156,0.0,-0.5148258209228516,368.0,0.0,1.0,-3545.0,-0.0,-0.0,0.0,0.0
2593718.125,-3545.0,-1942.0,-1942.0,368.97998046875,0.0,0.16239795088768005,369.0,0.0,3.0,-3545.0,-0.0,-0.0,0.0,0.0
2593728.125,-3545.0,-1942.0,-1942.0,368.97998046875,0.0,0.1380382627248764,369.0,0.0,3.0,-3545.0,-0.0,-0.0,0.0,0.0
2593738.126,-3545.0,-1939.0,-1939.0,368.4100036621094,0.0,-0.782667338848114,367.0,0.0,3.0,-3545.0,-0.0,-0.0,0.0,0.0
2593748.126,-3545.0,-1942.0,-1942.0,368.97998046875,0.0,0.23473259806632996,369.0,0.0,2.0,-3545.0,-0.0,-0.0,0.0,0.0
2593758.25,-3545.0,-1942.0,-1942.0,368.97998046875,0.0,0.1995227187871933,369.0,0.0,3.0,-3545.0,-0.0,-0.0,0.0,0.0
2593768.25,-3545.0,-1941.0,-1941.0,368.7900085449219,0.0,-0.13040563464164734,368.0,0.0,5.0,-3545.0,-0.0,-0.0,0.0,0.0
2593779.125,-3545.0,-1941.0,-1941.0,368.7900085449219,0.0,-0.11084479093551636,368.0,0.0,1.0,-3545.0,-0.0,-0.0,0.0,0.0
2593789.615,-3545.0,-1942.0,-1942.0,368.97998046875,0.0,0.20578187704086304,369.0,0.0,3.0,-3545.0,-0.0,-0.0,0.0,0.0
2593799.616,-3545.0,-1943.0,-1943.0,369.16998291015625,0.0,0.47491455078125,369.0,0.0,2.0,-3545.0,-0.0,-0.0,0.0,0.0
2593810.126,-3545.0,-1942.0,-1942.0,368.97998046875,0.0,0.1036774292588234,369.0,0.0,2.0,-3545.0,-0.0,-0.0,0.0,0.0
2593821.126,-3545.0,-1939.0,-1939.0,368.4100036621094,0.0,-0.8118740320205688,367.0,0.0,2.0,-3545.0,-0.0,-0.0,0.0,0.0
2593832.125,-3545.0,-1943.0,-1943.0,369.16998291015625,0.0,0.5099068880081177,369.0,0.0,5.0,-3545.0,-0.0,-0.0,0.0,0.0
2593843.254,-3545.0,-1944.0,-1944.0,369.3599853515625,0.0,0.7334208488464355,370.0,0.0,3.0,-3545.0,-0.0,-0.0,0.0,0.0
2593853.254,-3545.0,-1941.0,-1941.0,368.7900085449219,0.0,-0.27659210562705994,368.0,0.0,5.0,-3545.0,-0.0,-0.0,0.0,0.0
2593863.254,-3545.0,-1941.0,-1941.0,368.7900085449219,0.0,-0.2351032942533493,368.0,0.0,2.0,-3545.0,-0.0,-0.0,0.0,0.0
2593873.254,-3545.0,-1944.0,-1944.0,369.3599853515625,0.0,0.7001620531082153,370.0,0.0,5.0,-3545.0,-0.0,-0.0,0.0,0.0
2593883.254,-3545.0,-1941.0,-1941.0,368.7900085449219,0.0,-0.3048620820045471,368.0,0.0,2.0,-3545.0,-0.0,-0.0,0.0,0.0
2593893.255,-3545.0,-1942.0,-1942.0,368.97998046875,0.0,0.04086717590689659,369.0,0.0,2.0,-3545.0,-0.0,-0.0,0.0,0.0
2593904.097,-3545.0,-1941.0,-1941.0,368.7900085449219,0.0,-0.2652628421783447,368.0,0.0,2.0,-3545.0,-0.0,-0.0,0.0,0.0
2593915.126,-3545.0,-1944.0,-1944.0,369.3599853515625,0.0,0.6745264530181885,370.0,0.0,3.0,-3545.0,-0.0,-0.0,0.0,0.0
2593926.126,-3545.0,-1942.0,-1942.0,368.97998046875,0.0,-0.02665240317583084,368.0,0.0,0.0,-3545.0,-0.0,-0.0,0.0,0.0
2593936.127,-3545.0,-1942.0,-1942.0,368.97998046875,0.0,-0.022654542699456215,368.0,0.0,4.0,-3545.0,-0.0,-0.0,0.0,0.0
2593947.121,-3545.0,-1943.0,-1943.0,369.16998291015625,0.0,0.2807435989379883,369.0,0.0,4.0,-3545.0,-0.0,-0.0,0.0,0.0
2593957.121,-3545.0,-1942.0,-1942.0,368.97998046875,0.0,-0.06136788800358772,368.0,0.0,4.0,-3545.0,-0.0,-0.0,0.0,0.0
2593967.122,-3545.0,-1944.0,-1944.0,369.3599853515625,0.0,0.5478371977806091,369.0,0.0,6.0,-3545.0,-0.0,-0.0,0.0,0.0
2593977.122,-3545.0,-1943.0,-1943.0,369.16998291015625,0.0,0.16566167771816254,369.0,0.0,2.0,-3545.0,-0.0,-0.0,0.0,0.0
2593988.195,-3545.0,-1942.0,-1942.0,368.97998046875,0.0,-0.15918752551078796,368.0,0.0,2.0,-3545.0,-0.0,-0.0,0.0,0.0
2593998.196,-3545.0,-1943.0,-1943.0,369.16998291015625,0.0,0.1646905541419983,369.0,0.0,5.0,-3545.0,-0.0,-0.0,0.0,0.0
2594008.197,-3545.0,-1944.0,-1944.0,369.3599853515625,0.0,0.439986914396286,369.0,0.0,3.0,-3545.0,-0.0,-0.0,0.0,0.0
2594018.391,-3545.0,-1941.0,-1941.0,368.7900085449219,0.0,-0.5260109901428223,368.0,0.0,2.0,-3545.0,-0.0,-0.0,0.0,0.0
2594028.392,-3545.0,-1940.0,-1940.0,368.6000061035156,0.0,-0.7471092939376831,367.0,0.0,2.0,-3545.0,-0.0,-0.0,0.0,0.0
2594039.126,-3545.0,-1940.0,-1940.0,368.6000061035156,0.0,-0.5847864747047424,368.0,0.0,5.0,-3545.0,-0.0,-0.0,0.0,0.0
2594050.125,-3545.0,-1944.0,-1944.0,369.3599853515625,0.0,0.70293128490448,370.0,0.0,2.0,-3545.0,-0.0,-0.0,0.0,0.0
2594060.125,-3545.0,-1943.0,-1943.0,369.16998291015625,0.0,0.2974916696548462,369.0,0.0,0.0,-3545.0,-0.0,-0.0,0.0,0.0
2594070.126,-3545.0,-1943.0,-1943.0,369.16998291015625,0.0,0.2528679370880127,369.0,0.0,5.0,-3545.0,-0.0,-0.0,0.0,0.0
2594080.126,-3545.0,-1942.0,-1942.0,368.97998046875,0.0,-0.08506219834089279,368.0,0.0,1.0,-3545.0,-0.0,-0.0,0.0,0.0
2594090.868,-3545.0,-1941.0,-1941.0,368.7900085449219,0.0,-0.3723028302192688,368.0,0.0,3.0,-3545.0,-0.0,-0.0,0.0,0.0
2594100.869,-3545.0,-1943.0,-1943.0,369.16998291015625,0.0,0.2835424840450287,369.0,0.0,3.0,-3545.0,-0.0,-0.0,0.0,0.0
2594110.869,-3545.0,-1943.0,-1943.0,369.16998291015625,0.0,0.2410111129283905,369.0,0.0,1.0,-3545.0,-0.0,-0.0,0.0,0.0
2594121.126,-3545.0,-1944.0,-1944.0,369.3599853515625,0.0,0.5048593878746033,369.0,0.0,2.0,-3545.0,-0.0,-0.0,0.0,0.0
2594131.126,-3545.0,-1941.0,-1941.0,368.7900085449219,0.0,-0.47086936235427856,368.0,0.0,1.0,-3545.0,-0.0,-0.0,0.0,0.0
2594141.127,-3545.0,-1943.0,-1943.0,369.16998291015625,0.0,0.19976092875003815,369.0,0.0,2.0,-3545.0,-0.0,-0.0,0.0,0.0
2594152.125,-3545.0,-1942.0,-1942.0,368.97998046875,0.0,-0.13020315766334534,368.0,0.0,1.0,-3545.0,-0.0,-0.0,0.0,0.0
2594163.126,-3545.0,-1942.0,-1942.0,368.97998046875,0.0,-0.11067268997430801,368.0,0.0,3.0,-3545.0,-0.0,-0.0,0.0,0.0
2594173.127,-3545.0,-1942.0,-1942.0,368.97998046875,0.0,-0.09407179057598114,368.0,0.0,3.0,-3545.0,-0.0,-0.0,0.0,0.0
2594183.128,-3545.0,-1942.0,-1942.0,368.97998046875,0.0,-0.07996102422475815,368.0,0.0,5.0,-3545.0,-0.0,-0.0,0.0,0.0
2594193.129,-3545.0,-1943.0,-1943.0,369.16998291015625,0.0,0.23203307390213013,369.0,0.0,4.0,-3545.0,-0.0,-0.0,0.0,0.0
2594203.13,-3545.0,-1942.0,-1942.0,368.97998046875,0.0,-0.1027718335390091,368.0,0.0,2.0,-3545.0,-0.0,-0.0,0.0,0.0
2594213.131,-3545.0,-1941.0,-1941.0,368.7900085449219,0.0,-0.3873560130596161,368.0,0.0,5.0,-3545.0,-0.0,-0.0,0.0,0.0
2594223.132,-3545.0,-1940.0,-1940.0,368.6000061035156,0.0,-0.629252552986145,367.0,0.0,3.0,-3545.0,-0.0,-0.0,0.0,0.0
2594233.949,-3545.0,-1942.0,-1942.0,368.97998046875,0.0,0.06513521820306778,369.0,0.0,3.0,-3545.0,-0.0,-0.0,0.0,0.0
2594244.126,-3545.0,-1942.0,-1942.0,368.97998046875,0.0,0.0553649365901947,369.0,0.0,1.0,-3545.0,-0.0,-0.0,0.0,0.0
2594255.126,-3545.0,-1939.0,-1939.0,368.4100036621094,0.0,-0.8529396653175354,367.0,0.0,2.0,-3545.0,-0.0,-0.0,0.0,0.0
2594266.125,-3545.0,-1939.0,-1939.0,368.4100036621094,0.0,-0.7249987125396729,367.0,0.0,2.0,-3545.0,-0.0,-0.0,0.0,0.0
2594276.125,-3545.0,-1941.0,-1941.0,368.7900085449219,0.0,-0.016249017789959908,368.0,0.0,4.0,-3545.0,-0.0,-0.0,0.0,0.0
2594286.125,-3545.0,-1943.0,-1943.0,369.16998291015625,0.0,0.5861882567405701,369.0,0.0,4.0,-3545.0,-0.0,-0.0,0.0,0.0
2594297.121,-3545.0,-1940.0,-1940.0,368.6000061035156,0.0,-0.40173983573913574,368.0,0.0,4.0,-3545.0,-0.0,-0.0,0.0,0.0
2594307.122,-3545.0,-1943.0,-1943.0,369.16998291015625,0.0,0.5585209727287292,369.0,0.0,4.0,-3545.0,-0.0,-0.0,0.0,0.0
2594318.126,-3545.0,-1943.0,-1943.0,369.16998291015625,0.0,0.4747428297996521,369.0,0.0,1.0,-3545.0,-0.0,-0.0,0.0,0.0
2594329.125,-3545.0,-1944.0,-1944.0,369.3599853515625,0.0,0.7035313844680786,370.0,0.0,4.0,-3545.0,-0.0,-0.0,0.0,0.0
2594339.729,-3545.0,-1944.0,-1944.0,369.3599853515625,0.0,0.5980017185211182,369.0,0.0,3.0,-3545.0,-0.0,-0.0,0.0,0.0
2594349.73,-3545.0,-1942.0,-1942.0,368.97998046875,0.0,-0.09169843047857285,368.0,0.0,5.0,-3545.0,-0.0,-0.0,0.0,0.0
2594360.125,-3545.0,-1942.0,-1942.0,368.97998046875,0.0,-0.07794366776943207,368.0,0.0,4.0,-3545.0,-0.0,-0.0,0.0,0.0
7307481157742907.0,-3545.0,-1943.0,-1943.0,369.16998291015625,0.0,0.23374783992767334,369.0,0.0,6.0,-3545.0,-0.0,-0.0,0.0,3624952397824.0
1.0376308942660742e+16,0.0,3.944304526105059e-31,1.3693456363517433e-38,-1.7014118346046923e+38,3625019244544.0,3.175340077051938e+30,6.888405599930765e+22,7.738368722228252e-19,3625626894336.0,1.798431401641387e-19,6.71155329580359e+22,1.693134697539407e+22,2.0089105934317786e-09,6.799665439430754e-33

PID Parameters
Axis,P,I,D,LPF,Windup
"['Set Angle X', 0.0, 0.0, 0.0, 0.0, 0.0]"
"['Set Angle Y', 0.0, 0.0, 0.0, 0.0, 0.0]"
"['Set PWM X', 190.0, 0.0, 20.0, 850.0, 0.0]"
"['Set PWM Y', 0.0, 0.0, 0.0, 0.0, 0.0]"
