Timestamp (ms),carriageXPosition,pendulumXAngle,xAngleError,xPWMp,xPWMi,xPWMd,xPWMout,xPWM,pendulumYAngle,xPositionError,angleXp,angleXi,angleXd,setAngleXOut
41502.376,-112.0,3.0,0.0,0.0,0.0,0.0,0.0,0.0,4.0,0.0,0.0,0.0,0.0,0.0
41504.118,-112.0,0.0,0.0,0.0,0.0,0.0,0.0,0.0,0.0,0.0,0.0,0.0,0.0,0.0
41506.118,-112.0,1.0,0.0,0.0,0.0,0.0,0.0,0.0,2.0,0.0,0.0,0.0,0.0,0.0
41508.118,-112.0,2.0,0.0,0.0,0.0,0.0,0.0,0.0,4.0,0.0,0.0,0.0,0.0,0.0
41510.118,-112.0,-1.0,0.0,0.0,0.0,0.0,0.0,0.0,1.0,0.0,0.0,0.0,0.0,0.0
41512.118,-112.0,1.0,0.0,0.0,0.0,0.0,0.0,0.0,1.0,0.0,0.0,0.0,0.0,0.0
41514.119,-112.0,-1.0,0.0,0.0,0.0,0.0,0.0,0.0,3.0,0.0,0.0,0.0,0.0,0.0
41516.118,-112.0,2.0,0.0,0.0,0.0,0.0,0.0,0.0,1.0,0.0,0.0,0.0,0.0,0.0
41518.118,-112.0,1.0,0.0,0.0,0.0,0.0,0.0,0.0,4.0,0.0,0.0,0.0,0.0,0.0
41520.118,-112.0,0.0,0.0,0.0,0.0,0.0,0.0,0.0,2.0,0.0,0.0,0.0,0.0,0.0
41522.118,-112.0,3.0,0.0,0.0,0.0,0.0,0.0,0.0,1.0,0.0,0.0,0.0,0.0,0.0
41524.119,-112.0,0.0,0.0,0.0,0.0,0.0,0.0,0.0,3.0,0.0,0.0,0.0,0.0,0.0
41526.118,-112.0,0.0,0.0,0.0,0.0,0.0,0.0,0.0,2.0,0.0,0.0,0.0,0.0,0.0
41528.118,-112.0,2.0,0.0,0.0,0.0,0.0,0.0,0.0,1.0,0.0,0.0,0.0,0.0,0.0
41530.118,-112.0,0.0,0.0,0.0,0.0,0.0,0.0,0.0,2.0,0.0,0.0,0.0,0.0,0.0
41532.118,-112.0,1.0,0.0,0.0,0.0,0.0,0.0,0.0,-1.0,0.0,0.0,0.0,0.0,0.0
41534.119,-112.0,2.0,0.0,0.0,0.0,0.0,0.0,0.0,0.0,0.0,0.0,0.0,0.0,0.0
41536.118,-112.0,1.0,0.0,0.0,0.0,0.0,0.0,0.0,4.0,0.0,0.0,0.0,0.0,0.0
41538.118,-112.0,2.0,0.0,0.0,0.0,0.0,0.0,0.0,1.0,0.0,0.0,0.0,0.0,0.0
41540.118,-112.0,0.0,0.0,0.0,0.0,0.0,0.0,0.0,1.0,0.0,0.0,0.0,0.0,0.0
41542.118,-112.0,2.0,0.0,0.0,0.0,0.0,0.0,0.0,4.0,0.0,0.0,0.0,0.0,0.0
41544.119,-112.0,1.0,0.0,0.0,0.0,0.0,0.0,0.0,1.0,0.0,0.0,0.0,0.0,0.0
41546.118,-112.0,0.0,0.0,0.0,0.0,0.0,0.0,0.0,-1.0,0.0,0.0,0.0,0.0,0.0
41548.118,-112.0,1.0,0.0,0.0,0.0,0.0,0.0,0.0,0.0,0.0,0.0,0.0,0.0,0.0
41550.118,-112.0,-1.0,0.0,0.0,0.0,0.0,0.0,0.0,4.0,0.0,0.0,0.0,0.0,0.0
41552.118,-112.0,2.0,0.0,0.0,0.0,0.0,0.0,0.0,1.0,0.0,0.0,0.0,0.0,0.0
41554.119,-112.0,2.0,0.0,0.0,0.0,0.0,0.0,0.0,0.0,0.0,0.0,0.0,0.0,0.0
41556.118,-112.0,2.0,0.0,0.0,0.0,0.0,0.0,0.0,0.0,0.0,0.0,0.0,0.0,0.0
41558.118,-112.0,1.0,0.0,0.0,0.0,0.0,0.0,0.0,3.0,0.0,0.0,0.0,0.0,0.0
41560.118,-112.0,1.0,0.0,0.0,0.0,0.0,0.0,0.0,1.0,0.0,0.0,0.0,0.0,0.0
41562.118,-112.0,1.0,0.0,0.0,0.0,0.0,0.0,0.0,2.0,0.0,0.0,0.0,0.0,0.0
41564.119,-112.0,0.0,0.0,0.0,0.0,0.0,0.0,0.0,1.0,0.0,0.0,0.0,0.0,0.0
41566.118,-112.0,1.0,0.0,0.0,0.0,0.0,0.0,0.0,0.0,0.0,0.0,0.0,0.0,0.0
41568.118,-112.0,2.0,0.0,0.0,0.0,0.0,0.0,0.0,1.0,0.0,0.0,0.0,0.0,0.0
41570.119,-112.0,4.0,0.0,0.0,0.0,0.0,0.0,0.0,6.0,0.0,0.0,0.0,0.0,0.0
41572.119,-112.0,0.0,0.0,0.0,0.0,0.0,0.0,0.0,0.0,0.0,0.0,0.0,0.0,0.0
41574.118,-112.0,5.0,0.0,0.0,0.0,0.0,0.0,0.0,2.0,0.0,0.0,0.0,0.0,0.0
41576.118,-112.0,0.0,0.0,0.0,0.0,0.0,0.0,0.0,-4.0,0.0,0.0,0.0,0.0,0.0
41578.118,-112.0,1.0,0.0,0.0,0.0,0.0,0.0,0.0,2.0,0.0,0.0,0.0,0.0,0.0
41580.118,-112.0,3.0,0.0,0.0,0.0,0.0,0.0,0.0,0.0,0.0,0.0,0.0,0.0,0.0
41582.119,-112.0,1.0,0.0,0.0,0.0,0.0,0.0,0.0,2.0,0.0,0.0,0.0,0.0,0.0
41584.118,-112.0,0.0,0.0,0.0,0.0,0.0,0.0,0.0,1.0,0.0,0.0,0.0,0.0,0.0
41586.118,-112.0,0.0,0.0,0.0,0.0,0.0,0.0,0.0,1.0,0.0,0.0,0.0,0.0,0.0
41588.118,-112.0,4.0,0.0,0.0,0.0,0.0,0.0,0.0,0.0,0.0,0.0,0.0,0.0,0.0
41590.118,-112.0,1.0,0.0,0.0,0.0,0.0,0.0,0.0,1.0,0.0,0.0,0.0,0.0,0.0
41592.119,-112.0,2.0,0.0,0.0,0.0,0.0,0.0,0.0,1.0,0.0,0.0,0.0,0.0,0.0
41594.118,-112.0,3.0,0.0,0.0,0.0,0.0,0.0,0.0,1.0,0.0,0.0,0.0,0.0,0.0
41596.118,-112.0,1.0,0.0,0.0,0.0,0.0,0.0,0.0,0.0,0.0,0.0,0.0,0.0,0.0
41598.118,-112.0,0.0,0.0,0.0,0.0,0.0,0.0,0.0,3.0,0.0,0.0,0.0,0.0,0.0
41600.118,-112.0,-1.0,0.0,0.0,0.0,0.0,0.0,0.0,-1.0,0.0,0.0,0.0,0.0,0.0
41602.119,-112.0,4.0,0.0,0.0,0.0,0.0,0.0,0.0,0.0,0.0,0.0,0.0,0.0,0.0
41604.118,-112.0,2.0,0.0,0.0,0.0,0.0,0.0,0.0,1.0,0.0,0.0,0.0,0.0,0.0
41606.118,-112.0,3.0,0.0,0.0,0.0,0.0,0.0,0.0,1.0,0.0,0.0,0.0,0.0,0.0
41608.118,-112.0,3.0,0.0,0.0,0.0,0.0,0.0,0.0,2.0,0.0,0.0,0.0,0.0,0.0
41610.118,-112.0,0.0,0.0,0.0,0.0,0.0,0.0,0.0,2.0,0.0,0.0,0.0,0.0,0.0
41612.119,-112.0,-1.0,0.0,0.0,0.0,0.0,0.0,0.0,3.0,0.0,0.0,0.0,0.0,0.0
41614.118,-112.0,0.0,0.0,0.0,0.0,0.0,0.0,0.0,1.0,0.0,0.0,0.0,0.0,0.0
41616.118,-112.0,5.0,0.0,0.0,0.0,0.0,0.0,0.0,3.0,0.0,0.0,0.0,0.0,0.0
41618.118,-112.0,0.0,0.0,0.0,0.0,0.0,0.0,0.0,0.0,0.0,0.0,0.0,0.0,0.0
41620.118,-112.0,2.0,0.0,0.0,0.0,0.0,0.0,0.0,3.0,0.0,0.0,0.0,0.0,0.0
41622.119,-112.0,2.0,0.0,0.0,0.0,0.0,0.0,0.0,0.0,0.0,0.0,0.0,0.0,0.0
41624.118,-112.0,1.0,0.0,0.0,0.0,0.0,0.0,0.0,1.0,0.0,0.0,0.0,0.0,0.0
41626.118,-112.0,0.0,0.0,0.0,0.0,0.0,0.0,0.0,3.0,0.0,0.0,0.0,0.0,0.0
41628.118,-112.0,2.0,0.0,0.0,0.0,0.0,0.0,0.0,2.0,0.0,0.0,0.0,0.0,0.0
41630.118,-112.0,0.0,0.0,0.0,0.0,0.0,0.0,0.0,2.0,0.0,0.0,0.0,0.0,0.0
41632.119,-112.0,0.0,0.0,0.0,0.0,0.0,0.0,0.0,1.0,0.0,0.0,0.0,0.0,0.0
41634.118,-112.0,2.0,0.0,0.0,0.0,0.0,0.0,0.0,2.0,0.0,0.0,0.0,0.0,0.0
41636.118,-112.0,1.0,0.0,0.0,0.0,0.0,0.0,0.0,1.0,0.0,0.0,0.0,0.0,0.0
41638.118,-112.0,0.0,0.0,0.0,0.0,0.0,0.0,0.0,1.0,0.0,0.0,0.0,0.0,0.0
41640.119,-112.0,2.0,0.0,0.0,0.0,0.0,0.0,0.0,1.0,0.0,0.0,0.0,0.0,0.0
41642.118,-112.0,-1.0,0.0,0.0,0.0,0.0,0.0,0.0,2.0,0.0,0.0,0.0,0.0,0.0
41644.118,-112.0,0.0,0.0,0.0,0.0,0.0,0.0,0.0,1.0,0.0,0.0,0.0,0.0,0.0
41646.118,-112.0,1.0,0.0,0.0,0.0,0.0,0.0,0.0,1.0,0.0,0.0,0.0,0.0,0.0
41648.118,-112.0,3.0,0.0,0.0,0.0,0.0,0.0,0.0,1.0,0.0,0.0,0.0,0.0,0.0
41650.118,-112.0,4.0,0.0,0.0,0.0,0.0,0.0,0.0,1.0,0.0,0.0,0.0,0.0,0.0
41652.119,-112.0,1.0,0.0,0.0,0.0,0.0,0.0,0.0,1.0,0.0,0.0,0.0,0.0,0.0
41654.118,-112.0,0.0,0.0,0.0,0.0,0.0,0.0,0.0,3.0,0.0,0.0,0.0,0.0,0.0
41656.118,-112.0,1.0,0.0,0.0,0.0,0.0,0.0,0.0,1.0,0.0,0.0,0.0,0.0,0.0
41658.118,-112.0,1.0,0.0,0.0,0.0,0.0,0.0,0.0,4.0,0.0,0.0,0.0,0.0,0.0
41660.118,-112.0,1.0,0.0,0.0,0.0,0.0,0.0,0.0,-1.0,0.0,0.0,0.0,0.0,0.0
41662.119,-112.0,1.0,0.0,0.0,0.0,0.0,0.0,0.0,0.0,0.0,0.0,0.0,0.0,0.0
41664.118,-112.0,3.0,0.0,0.0,0.0,0.0,0.0,0.0,3.0,0.0,0.0,0.0,0.0,0.0
41666.118,-112.0,-1.0,0.0,0.0,0.0,0.0,0.0,0.0,3.0,0.0,0.0,0.0,0.0,0.0
41668.118,-112.0,0.0,0.0,0.0,0.0,0.0,0.0,0.0,2.0,0.0,0.0,0.0,0.0,0.0
41670.118,-112.0,2.0,0.0,0.0,0.0,0.0,0.0,0.0,0.0,0.0,0.0,0.0,0.0,0.0
41672.119,-112.0,1.0,0.0,0.0,0.0,0.0,0.0,0.0,2.0,0.0,0.0,0.0,0.0,0.0
41674.118,-112.0,0.0,0.0,0.0,0.0,0.0,0.0,0.0,3.0,0.0,0.0,0.0,0.0,0.0
41676.118,-112.0,3.0,0.0,0.0,0.0,0.0,0.0,0.0,4.0,0.0,0.0,0.0,0.0,0.0
41678.118,-112.0,3.0,0.0,0.0,0.0,0.0,0.0,0.0,2.0,0.0,0.0,0.0,0.0,0.0
41680.118,-112.0,0.0,0.0,0.0,0.0,0.0,0.0,0.0,3.0,0.0,0.0,0.0,0.0,0.0
41682.119,-112.0,-1.0,0.0,0.0,0.0,0.0,0.0,0.0,2.0,0.0,0.0,0.0,0.0,0.0
41684.118,-112.0,4.0,0.0,0.0,0.0,0.0,0.0,0.0,1.0,0.0,0.0,0.0,0.0,0.0
41686.118,-112.0,1.0,0.0,0.0,0.0,0.0,0.0,0.0,1.0,0.0,0.0,0.0,0.0,0.0
41688.118,-112.0,0.0,0.0,0.0,0.0,0.0,0.0,0.0,0.0,0.0,0.0,0.0,0.0,0.0
41690.118,-112.0,1.0,0.0,0.0,0.0,0.0,0.0,0.0,0.0,0.0,0.0,0.0,0.0,0.0
41692.119,-112.0,0.0,0.0,0.0,0.0,0.0,0.0,0.0,2.0,0.0,0.0,0.0,0.0,0.0
41694.118,-112.0,1.0,0.0,0.0,0.0,0.0,0.0,0.0,2.0,0.0,0.0,0.0,0.0,0.0
41696.118,-112.0,2.0,0.0,0.0,0.0,0.0,0.0,0.0,0.0,0.0,0.0,0.0,0.0,0.0
41698.119,-112.0,1.0,0.0,0.0,0.0,0.0,0.0,0.0,2.0,0.0,0.0,0.0,0.0,0.0
41700.119,-112.0,-1.0,0.0,0.0,0.0,0.0,0.0,0.0,0.0,0.0,0.0,0.0,0.0,0.0
41702.118,-112.0,1.0,0.0,0.0,0.0,0.0,0.0,0.0,1.0,0.0,0.0,0.0,0.0,0.0
41704.118,-112.0,1.0,0.0,0.0,0.0,0.0,0.0,0.0,1.0,0.0,0.0,0.0,0.0,0.0
41706.118,-112.0,-1.0,0.0,0.0,0.0,0.0,0.0,0.0,1.0,0.0,0.0,0.0,0.0,0.0
41708.118,-112.0,1.0,0.0,0.0,0.0,0.0,0.0,0.0,3.0,0.0,0.0,0.0,0.0,0.0
41710.119,-112.0,-2.0,0.0,0.0,0.0,0.0,0.0,0.0,2.0,0.0,0.0,0.0,0.0,0.0
41712.118,-112.0,0.0,0.0,0.0,0.0,0.0,0.0,0.0,2.0,0.0,0.0,0.0,0.0,0.0
41714.118,-112.0,0.0,0.0,0.0,0.0,0.0,0.0,0.0,0.0,0.0,0.0,0.0,0.0,0.0
41716.118,-112.0,2.0,0.0,0.0,0.0,0.0,0.0,0.0,0.0,0.0,0.0,0.0,0.0,0.0
41718.118,-112.0,2.0,0.0,0.0,0.0,0.0,0.0,0.0,4.0,0.0,0.0,0.0,0.0,0.0
41720.119,-112.0,2.0,0.0,0.0,0.0,0.0,0.0,0.0,3.0,0.0,0.0,0.0,0.0,0.0
41722.118,-112.0,6.0,0.0,0.0,0.0,0.0,0.0,0.0,2.0,0.0,0.0,0.0,0.0,0.0
41724.118,-112.0,0.0,0.0,0.0,0.0,0.0,0.0,0.0,3.0,0.0,0.0,0.0,0.0,0.0
41726.118,-112.0,2.0,0.0,0.0,0.0,0.0,0.0,0.0,1.0,0.0,0.0,0.0,0.0,0.0
41728.118,-112.0,1.0,0.0,0.0,0.0,0.0,0.0,0.0,1.0,0.0,0.0,0.0,0.0,0.0
41730.119,-112.0,0.0,0.0,0.0,0.0,0.0,0.0,0.0,2.0,0.0,0.0,0.0,0.0,0.0
41732.118,-112.0,2.0,0.0,0.0,0.0,0.0,0.0,0.0,4.0,0.0,0.0,0.0,0.0,0.0
41734.118,-112.0,2.0,0.0,0.0,0.0,0.0,0.0,0.0,1.0,0.0,0.0,0.0,0.0,0.0
41736.118,-112.0,1.0,0.0,0.0,0.0,0.0,0.0,0.0,2.0,0.0,0.0,0.0,0.0,0.0
41738.118,-112.0,2.0,0.0,0.0,0.0,0.0,0.0,0.0,5.0,0.0,0.0,0.0,0.0,0.0
41740.119,-112.0,2.0,0.0,0.0,0.0,0.0,0.0,0.0,2.0,0.0,0.0,0.0,0.0,0.0
41742.118,-112.0,3.0,0.0,0.0,0.0,0.0,0.0,0.0,4.0,0.0,0.0,0.0,0.0,0.0
41744.118,-112.0,1.0,0.0,0.0,0.0,0.0,0.0,0.0,-1.0,0.0,0.0,0.0,0.0,0.0
41746.118,-112.0,1.0,0.0,0.0,0.0,0.0,0.0,0.0,1.0,0.0,0.0,0.0,0.0,0.0
41748.118,-112.0,0.0,0.0,0.0,0.0,0.0,0.0,0.0,3.0,0.0,0.0,0.0,0.0,0.0
41750.119,-112.0,2.0,0.0,0.0,0.0,0.0,0.0,0.0,4.0,0.0,0.0,0.0,0.0,0.0
41752.118,-112.0,1.0,0.0,0.0,0.0,0.0,0.0,0.0,1.0,0.0,0.0,0.0,0.0,0.0
41754.118,-112.0,1.0,0.0,0.0,0.0,0.0,0.0,0.0,2.0,0.0,0.0,0.0,0.0,0.0
41756.118,-112.0,0.0,0.0,0.0,0.0,0.0,0.0,0.0,0.0,0.0,0.0,0.0,0.0,0.0
41758.118,-112.0,2.0,0.0,0.0,0.0,0.0,0.0,0.0,0.0,0.0,0.0,0.0,0.0,0.0
41760.119,-112.0,2.0,0.0,0.0,0.0,0.0,0.0,0.0,0.0,0.0,0.0,0.0,0.0,0.0
41762.118,-112.0,0.0,0.0,0.0,0.0,0.0,0.0,0.0,2.0,0.0,0.0,0.0,0.0,0.0
41764.118,-112.0,-1.0,0.0,0.0,0.0,0.0,0.0,0.0,-1.0,0.0,0.0,0.0,0.0,0.0
41766.118,-112.0,1.0,0.0,0.0,0.0,0.0,0.0,0.0,3.0,0.0,0.0,0.0,0.0,0.0
41768.119,-112.0,0.0,0.0,0.0,0.0,0.0,0.0,0.0,2.0,0.0,0.0,0.0,0.0,0.0
41770.118,-112.0,1.0,0.0,0.0,0.0,0.0,0.0,0.0,2.0,0.0,0.0,0.0,0.0,0.0
41772.118,-112.0,0.0,0.0,0.0,0.0,0.0,0.0,0.0,1.0,0.0,0.0,0.0,0.0,0.0
41774.118,-112.0,0.0,0.0,0.0,0.0,0.0,0.0,0.0,2.0,0.0,0.0,0.0,0.0,0.0
41776.118,-112.0,2.0,0.0,0.0,0.0,0.0,0.0,0.0,4.0,0.0,0.0,0.0,0.0,0.0
41778.119,-112.0,2.0,0.0,0.0,0.0,0.0,0.0,0.0,1.0,0.0,0.0,0.0,0.0,0.0
41780.118,-112.0,2.0,0.0,0.0,0.0,0.0,0.0,0.0,2.0,0.0,0.0,0.0,0.0,0.0
41782.118,-112.0,0.0,0.0,0.0,0.0,0.0,0.0,0.0,5.0,0.0,0.0,0.0,0.0,0.0
41784.118,-112.0,0.0,0.0,0.0,0.0,0.0,0.0,0.0,-2.0,0.0,0.0,0.0,0.0,0.0
41786.118,-112.0,0.0,0.0,0.0,0.0,0.0,0.0,0.0,3.0,0.0,0.0,0.0,0.0,0.0
41788.119,-112.0,1.0,0.0,0.0,0.0,0.0,0.0,0.0,2.0,0.0,0.0,0.0,0.0,0.0
41790.118,-112.0,2.0,0.0,0.0,0.0,0.0,0.0,0.0,-1.0,0.0,0.0,0.0,0.0,0.0
41792.118,-112.0,2.0,0.0,0.0,0.0,0.0,0.0,0.0,2.0,0.0,0.0,0.0,0.0,0.0
41794.118,-112.0,0.0,0.0,0.0,0.0,0.0,0.0,0.0,-1.0,0.0,0.0,0.0,0.0,0.0
41796.118,-112.0,2.0,0.0,0.0,0.0,0.0,0.0,0.0,4.0,0.0,0.0,0.0,0.0,0.0
41798.119,-112.0,3.0,0.0,0.0,0.0,0.0,0.0,0.0,2.0,0.0,0.0,0.0,0.0,0.0
41800.118,-112.0,1.0,0.0,0.0,0.0,0.0,0.0,0.0,-1.0,0.0,0.0,0.0,0.0,0.0
41802.118,-112.0,4.0,0.0,0.0,0.0,0.0,0.0,0.0,1.0,0.0,0.0,0.0,0.0,0.0
41804.118,-112.0,3.0,0.0,0.0,0.0,0.0,0.0,0.0,3.0,0.0,0.0,0.0,0.0,0.0
41806.118,-112.0,1.0,0.0,0.0,0.0,0.0,0.0,0.0,3.0,0.0,0.0,0.0,0.0,0.0
41808.119,-112.0,2.0,0.0,0.0,0.0,0.0,0.0,0.0,1.0,0.0,0.0,0.0,0.0,0.0
41810.118,-112.0,-1.0,0.0,0.0,0.0,0.0,0.0,0.0,1.0,0.0,0.0,0.0,0.0,0.0
41812.118,-112.0,0.0,0.0,0.0,0.0,0.0,0.0,0.0,1.0,0.0,0.0,0.0,0.0,0.0
41814.118,-112.0,0.0,0.0,0.0,0.0,0.0,0.0,0.0,4.0,0.0,0.0,0.0,0.0,0.0
41816.118,-112.0,3.0,0.0,0.0,0.0,0.0,0.0,0.0,2.0,0.0,0.0,0.0,0.0,0.0
41818.119,-112.0,3.0,0.0,0.0,0.0,0.0,0.0,0.0,1.0,0.0,0.0,0.0,0.0,0.0
41820.118,-112.0,1.0,0.0,0.0,0.0,0.0,0.0,0.0,2.0,0.0,0.0,0.0,0.0,0.0
41822.118,-112.0,0.0,0.0,0.0,0.0,0.0,0.0,0.0,0.0,0.0,0.0,0.0,0.0,0.0
41824.118,-112.0,2.0,0.0,0.0,0.0,0.0,0.0,0.0,1.0,0.0,0.0,0.0,0.0,0.0
41826.118,-112.0,-2.0,0.0,0.0,0.0,0.0,0.0,0.0,0.0,0.0,0.0,0.0,0.0,0.0
41828.118,-112.0,1.0,0.0,0.0,0.0,0.0,0.0,0.0,1.0,0.0,0.0,0.0,0.0,0.0
41830.118,-112.0,0.0,0.0,0.0,0.0,0.0,0.0,0.0,2.0,0.0,0.0,0.0,0.0,0.0
41832.118,-112.0,1.0,0.0,0.0,0.0,0.0,0.0,0.0,2.0,0.0,0.0,0.0,0.0,0.0
41834.118,-112.0,1.0,0.0,0.0,0.0,0.0,0.0,0.0,0.0,0.0,0.0,0.0,0.0,0.0
41836.119,-112.0,3.0,0.0,0.0,0.0,0.0,0.0,0.0,3.0,0.0,0.0,0.0,0.0,0.0
41838.118,-112.0,1.0,0.0,0.0,0.0,0.0,0.0,0.0,1.0,0.0,0.0,0.0,0.0,0.0
41840.118,-112.0,3.0,0.0,0.0,0.0,0.0,0.0,0.0,0.0,0.0,0.0,0.0,0.0,0.0
41842.118,-112.0,1.0,0.0,0.0,0.0,0.0,0.0,0.0,3.0,0.0,0.0,0.0,0.0,0.0
41844.118,-112.0,0.0,0.0,0.0,0.0,0.0,0.0,0.0,2.0,0.0,0.0,0.0,0.0,0.0
41846.118,-112.0,1.0,0.0,0.0,0.0,0.0,0.0,0.0,3.0,0.0,0.0,0.0,0.0,0.0
41848.119,-112.0,-1.0,0.0,0.0,0.0,0.0,0.0,0.0,1.0,0.0,0.0,0.0,0.0,0.0
41850.118,-112.0,2.0,0.0,0.0,0.0,0.0,0.0,0.0,3.0,0.0,0.0,0.0,0.0,0.0
41852.118,-112.0,5.0,0.0,0.0,0.0,0.0,0.0,0.0,-1.0,0.0,0.0,0.0,0.0,0.0
41854.118,-112.0,3.0,0.0,0.0,0.0,0.0,0.0,0.0,3.0,0.0,0.0,0.0,0.0,0.0
41856.118,-112.0,-1.0,0.0,0.0,0.0,0.0,0.0,0.0,2.0,0.0,0.0,0.0,0.0,0.0
41858.119,-112.0,4.0,0.0,0.0,0.0,0.0,0.0,0.0,2.0,0.0,0.0,0.0,0.0,0.0
41860.118,-112.0,0.0,0.0,0.0,0.0,0.0,0.0,0.0,-1.0,0.0,0.0,0.0,0.0,0.0
41862.118,-112.0,1.0,0.0,0.0,0.0,0.0,0.0,0.0,1.0,0.0,0.0,0.0,0.0,0.0
41864.118,-112.0,1.0,0.0,0.0,0.0,0.0,0.0,0.0,0.0,0.0,0.0,0.0,0.0,0.0
41866.118,-112.0,2.0,0.0,0.0,0.0,0.0,0.0,0.0,1.0,0.0,0.0,0.0,0.0,0.0
41868.119,-112.0,0.0,0.0,0.0,0.0,0.0,0.0,0.0,1.0,0.0,0.0,0.0,0.0,0.0
41870.118,-112.0,3.0,0.0,0.0,0.0,0.0,0.0,0.0,2.0,0.0,0.0,0.0,0.0,0.0
41872.118,-112.0,2.0,0.0,0.0,0.0,0.0,0.0,0.0,2.0,0.0,0.0,0.0,0.0,0.0
41874.118,-112.0,2.0,0.0,0.0,0.0,0.0,0.0,0.0,2.0,0.0,0.0,0.0,0.0,0.0
41876.118,-112.0,1.0,0.0,0.0,0.0,0.0,0.0,0.0,0.0,0.0,0.0,0.0,0.0,0.0
41878.118,-112.0,0.0,0.0,0.0,0.0,0.0,0.0,0.0,3.0,0.0,0.0,0.0,0.0,0.0
41880.119,-112.0,2.0,0.0,0.0,0.0,0.0,0.0,0.0,2.0,0.0,0.0,0.0,0.0,0.0
41882.118,-112.0,1.0,0.0,0.0,0.0,0.0,0.0,0.0,1.0,0.0,0.0,0.0,0.0,0.0
41884.118,-112.0,-1.0,0.0,0.0,0.0,0.0,0.0,0.0,1.0,0.0,0.0,0.0,0.0,0.0
41886.118,-112.0,2.0,0.0,0.0,0.0,0.0,0.0,0.0,4.0,0.0,0.0,0.0,0.0,0.0
41888.118,-112.0,2.0,0.0,0.0,0.0,0.0,0.0,0.0,0.0,0.0,0.0,0.0,0.0,0.0
41890.118,-112.0,0.0,0.0,0.0,0.0,0.0,0.0,0.0,2.0,0.0,0.0,0.0,0.0,0.0
41892.118,-112.0,0.0,0.0,0.0,0.0,0.0,0.0,0.0,2.0,0.0,0.0,0.0,0.0,0.0
41894.118,-112.0,0.0,0.0,0.0,0.0,0.0,0.0,0.0,2.0,0.0,0.0,0.0,0.0,0.0
41896.118,-112.0,0.0,0.0,0.0,0.0,0.0,0.0,0.0,1.0,0.0,0.0,0.0,0.0,0.0
41898.119,-112.0,5.0,0.0,0.0,0.0,0.0,0.0,0.0,-1.0,0.0,0.0,0.0,0.0,0.0
41900.118,-112.0,4.0,0.0,0.0,0.0,0.0,0.0,0.0,3.0,0.0,0.0,0.0,0.0,0.0
41902.118,-112.0,0.0,0.0,0.0,0.0,0.0,0.0,0.0,2.0,0.0,0.0,0.0,0.0,0.0
41904.118,-112.0,0.0,0.0,0.0,0.0,0.0,0.0,0.0,1.0,0.0,0.0,0.0,0.0,0.0
41906.118,-112.0,1.0,0.0,0.0,0.0,0.0,0.0,0.0,1.0,0.0,0.0,0.0,0.0,0.0
41908.119,-112.0,1.0,0.0,0.0,0.0,0.0,0.0,0.0,4.0,0.0,0.0,0.0,0.0,0.0
41910.118,-112.0,4.0,0.0,0.0,0.0,0.0,0.0,0.0,3.0,0.0,0.0,0.0,0.0,0.0
41912.118,-112.0,0.0,0.0,0.0,0.0,0.0,0.0,0.0,2.0,0.0,0.0,0.0,0.0,0.0
41914.118,-112.0,1.0,0.0,0.0,0.0,0.0,0.0,0.0,1.0,0.0,0.0,0.0,0.0,0.0
41916.118,-112.0,1.0,0.0,0.0,0.0,0.0,0.0,0.0,-1.0,0.0,0.0,0.0,0.0,0.0
41918.119,-112.0,0.0,0.0,0.0,0.0,0.0,0.0,0.0,-1.0,0.0,0.0,0.0,0.0,0.0
41920.118,-112.0,2.0,0.0,0.0,0.0,0.0,0.0,0.0,1.0,0.0,0.0,0.0,0.0,0.0
41922.118,-112.0,0.0,0.0,0.0,0.0,0.0,0.0,0.0,2.0,0.0,0.0,0.0,0.0,0.0
41924.118,-112.0,0.0,0.0,0.0,0.0,0.0,0.0,0.0,0.0,0.0,0.0,0.0,0.0,0.0
41926.118,-112.0,4.0,0.0,0.0,0.0,0.0,0.0,0.0,1.0,0.0,0.0,0.0,0.0,0.0
41928.118,-112.0,3.0,0.0,0.0,0.0,0.0,0.0,0.0,0.0,0.0,0.0,0.0,0.0,0.0
41930.119,-112.0,0.0,0.0,0.0,0.0,0.0,0.0,0.0,1.0,0.0,0.0,0.0,0.0,0.0
41932.118,-112.0,5.0,0.0,0.0,0.0,0.0,0.0,0.0,-1.0,0.0,0.0,0.0,0.0,0.0
41934.118,-112.0,1.0,0.0,0.0,0.0,0.0,0.0,0.0,3.0,0.0,0.0,0.0,0.0,0.0
41936.118,-112.0,1.0,0.0,0.0,0.0,0.0,0.0,0.0,2.0,0.0,0.0,0.0,0.0,0.0
41938.118,-112.0,0.0,0.0,0.0,0.0,0.0,0.0,0.0,1.0,0.0,0.0,0.0,0.0,0.0
41940.119,-112.0,1.0,0.0,0.0,0.0,0.0,0.0,0.0,1.0,0.0,0.0,0.0,0.0,0.0
41942.118,-112.0,1.0,0.0,0.0,0.0,0.0,0.0,0.0,1.0,0.0,0.0,0.0,0.0,0.0
41944.118,-112.0,3.0,0.0,0.0,0.0,0.0,0.0,0.0,2.0,0.0,0.0,0.0,0.0,0.0
41946.118,-112.0,1.0,0.0,0.0,0.0,0.0,0.0,0.0,0.0,0.0,0.0,0.0,0.0,0.0
41948.118,-112.0,3.0,0.0,0.0,0.0,0.0,0.0,0.0,1.0,0.0,0.0,0.0,0.0,0.0
41950.119,-112.0,2.0,0.0,0.0,0.0,0.0,0.0,0.0,2.0,0.0,0.0,0.0,0.0,0.0
41952.118,-112.0,1.0,0.0,0.0,0.0,0.0,0.0,0.0,0.0,0.0,0.0,0.0,0.0,0.0
41954.118,-112.0,0.0,0.0,0.0,0.0,0.0,0.0,0.0,0.0,0.0,0.0,0.0,0.0,0.0
41956.119,-112.0,0.0,0.0,0.0,0.0,0.0,0.0,0.0,2.0,0.0,0.0,0.0,0.0,0.0
41958.118,-112.0,4.0,0.0,0.0,0.0,0.0,0.0,0.0,4.0,0.0,0.0,0.0,0.0,0.0
41960.118,-112.0,2.0,0.0,0.0,0.0,0.0,0.0,0.0,3.0,0.0,0.0,0.0,0.0,0.0
41962.118,-112.0,1.0,0.0,0.0,0.0,0.0,0.0,0.0,2.0,0.0,0.0,0.0,0.0,0.0
41964.118,-112.0,1.0,0.0,0.0,0.0,0.0,0.0,0.0,3.0,0.0,0.0,0.0,0.0,0.0
41966.118,-112.0,1.0,0.0,0.0,0.0,0.0,0.0,0.0,1.0,0.0,0.0,0.0,0.0,0.0
41968.119,-112.0,2.0,0.0,0.0,0.0,0.0,0.0,0.0,1.0,0.0,0.0,0.0,0.0,0.0
41970.118,-112.0,0.0,0.0,0.0,0.0,0.0,0.0,0.0,3.0,0.0,0.0,0.0,0.0,0.0
41972.118,-112.0,1.0,0.0,0.0,0.0,0.0,0.0,0.0,0.0,0.0,0.0,0.0,0.0,0.0
41974.118,-112.0,3.0,0.0,0.0,0.0,0.0,0.0,0.0,1.0,0.0,0.0,0.0,0.0,0.0
41976.118,-112.0,2.0,0.0,0.0,0.0,0.0,0.0,0.0,1.0,0.0,0.0,0.0,0.0,0.0
41978.119,-112.0,1.0,0.0,0.0,0.0,0.0,0.0,0.0,-1.0,0.0,0.0,0.0,0.0,0.0
41980.118,-112.0,1.0,0.0,0.0,0.0,0.0,0.0,0.0,-1.0,0.0,0.0,0.0,0.0,0.0
41982.118,-112.0,2.0,0.0,0.0,0.0,0.0,0.0,0.0,2.0,0.0,0.0,0.0,0.0,0.0
41984.118,-112.0,0.0,0.0,0.0,0.0,0.0,0.0,0.0,3.0,0.0,0.0,0.0,0.0,0.0
41986.118,-112.0,-1.0,0.0,0.0,0.0,0.0,0.0,0.0,1.0,0.0,0.0,0.0,0.0,0.0
41988.119,-112.0,4.0,0.0,0.0,0.0,0.0,0.0,0.0,0.0,0.0,0.0,0.0,0.0,0.0
41990.118,-112.0,1.0,0.0,0.0,0.0,0.0,0.0,0.0,0.0,0.0,0.0,0.0,0.0,0.0
41992.118,-112.0,0.0,0.0,0.0,0.0,0.0,0.0,0.0,4.0,0.0,0.0,0.0,0.0,0.0
41994.118,-112.0,3.0,0.0,0.0,0.0,0.0,0.0,0.0,0.0,0.0,0.0,0.0,0.0,0.0
41996.118,-112.0,0.0,0.0,0.0,0.0,0.0,0.0,0.0,3.0,0.0,0.0,0.0,0.0,0.0
41998.119,-112.0,3.0,0.0,0.0,0.0,0.0,0.0,0.0,2.0,0.0,0.0,0.0,0.0,0.0
42000.118,-112.0,-1.0,0.0,0.0,0.0,0.0,0.0,0.0,2.0,0.0,0.0,0.0,0.0,0.0
42004.118,-112.0,1.0,0.0,0.0,0.0,0.0,0.0,0.0,0.0,0.0,0.0,0.0,0.0,0.0
42014.118,-112.0,-2.0,0.0,0.0,0.0,0.0,0.0,0.0,1.0,0.0,0.0,0.0,0.0,0.0
42024.118,-112.0,0.0,0.0,0.0,0.0,0.0,0.0,0.0,4.0,0.0,0.0,0.0,0.0,0.0
42034.118,-112.0,0.0,0.0,0.0,0.0,0.0,0.0,0.0,1.0,0.0,0.0,0.0,0.0,0.0
42044.118,-112.0,1.0,0.0,0.0,0.0,0.0,0.0,0.0,3.0,0.0,0.0,0.0,0.0,0.0
42054.118,-112.0,3.0,0.0,0.0,0.0,0.0,0.0,0.0,1.0,0.0,0.0,0.0,0.0,0.0
42064.119,-112.0,-2.0,0.0,0.0,0.0,0.0,0.0,0.0,2.0,0.0,0.0,0.0,0.0,0.0
42074.118,-112.0,3.0,0.0,0.0,0.0,0.0,0.0,0.0,-1.0,0.0,0.0,0.0,0.0,0.0
42084.119,-112.0,4.0,0.0,0.0,0.0,0.0,0.0,0.0,1.0,0.0,0.0,0.0,0.0,0.0
42094.118,-112.0,2.0,0.0,0.0,0.0,0.0,0.0,0.0,1.0,0.0,0.0,0.0,0.0,0.0
42104.118,-112.0,2.0,0.0,0.0,0.0,0.0,0.0,0.0,1.0,0.0,0.0,0.0,0.0,0.0
42114.118,-112.0,1.0,0.0,0.0,0.0,0.0,0.0,0.0,3.0,0.0,0.0,0.0,0.0,0.0
42124.118,-112.0,1.0,0.0,0.0,0.0,0.0,0.0,0.0,3.0,0.0,0.0,0.0,0.0,0.0
42134.118,-112.0,2.0,0.0,0.0,0.0,0.0,0.0,0.0,1.0,0.0,0.0,0.0,0.0,0.0
42144.119,-112.0,5.0,0.0,0.0,0.0,0.0,0.0,0.0,-1.0,0.0,0.0,0.0,0.0,0.0
42154.118,-112.0,1.0,0.0,0.0,0.0,0.0,0.0,0.0,-1.0,0.0,0.0,0.0,0.0,0.0
42164.119,-112.0,0.0,0.0,0.0,0.0,0.0,0.0,0.0,3.0,0.0,0.0,0.0,0.0,0.0
42174.118,-112.0,2.0,0.0,0.0,0.0,0.0,0.0,0.0,0.0,0.0,0.0,0.0,0.0,0.0
42184.118,-112.0,0.0,0.0,0.0,0.0,0.0,0.0,0.0,2.0,0.0,0.0,0.0,0.0,0.0
42194.118,-112.0,3.0,0.0,0.0,0.0,0.0,0.0,0.0,-3.0,0.0,0.0,0.0,0.0,0.0
42204.118,-112.0,1.0,0.0,0.0,0.0,0.0,0.0,0.0,3.0,0.0,0.0,0.0,0.0,0.0
42214.118,-112.0,3.0,0.0,0.0,0.0,0.0,0.0,0.0,-1.0,0.0,0.0,0.0,0.0,0.0
42224.118,-112.0,4.0,0.0,0.0,0.0,0.0,0.0,0.0,2.0,0.0,0.0,0.0,0.0,0.0
42234.118,-112.0,1.0,0.0,0.0,0.0,0.0,0.0,0.0,2.0,0.0,0.0,0.0,0.0,0.0
42244.119,-112.0,2.0,0.0,0.0,0.0,0.0,0.0,0.0,1.0,0.0,0.0,0.0,0.0,0.0
42254.118,-112.0,1.0,0.0,0.0,0.0,0.0,0.0,0.0,0.0,0.0,0.0,0.0,0.0,0.0
42264.118,-112.0,3.0,0.0,0.0,0.0,0.0,0.0,0.0,2.0,0.0,0.0,0.0,0.0,0.0
42274.118,-112.0,1.0,0.0,0.0,0.0,0.0,0.0,0.0,1.0,0.0,0.0,0.0,0.0,0.0
42284.119,-112.0,0.0,0.0,0.0,0.0,0.0,0.0,0.0,2.0,0.0,0.0,0.0,0.0,0.0
42294.118,-112.0,0.0,0.0,0.0,0.0,0.0,0.0,0.0,2.0,0.0,0.0,0.0,0.0,0.0
42304.118,-112.0,0.0,0.0,0.0,0.0,0.0,0.0,0.0,2.0,0.0,0.0,0.0,0.0,0.0
42314.118,-112.0,0.0,0.0,0.0,0.0,0.0,0.0,0.0,0.0,0.0,0.0,0.0,0.0,0.0
42324.119,-112.0,2.0,0.0,0.0,0.0,0.0,0.0,0.0,2.0,0.0,0.0,0.0,0.0,0.0
42334.118,-112.0,2.0,0.0,0.0,0.0,0.0,0.0,0.0,0.0,0.0,0.0,0.0,0.0,0.0
42344.119,-112.0,1.0,0.0,0.0,0.0,0.0,0.0,0.0,1.0,0.0,0.0,0.0,0.0,0.0
42354.118,-112.0,-1.0,0.0,0.0,0.0,0.0,0.0,0.0,1.0,0.0,0.0,0.0,0.0,0.0
42364.118,-112.0,1.0,0.0,0.0,0.0,0.0,0.0,0.0,0.0,0.0,0.0,0.0,0.0,0.0
42374.118,-112.0,3.0,0.0,0.0,0.0,0.0,0.0,0.0,2.0,0.0,0.0,0.0,0.0,0.0
42384.118,-112.0,2.0,0.0,0.0,0.0,0.0,0.0,0.0,2.0,0.0,0.0,0.0,0.0,0.0
42394.118,-112.0,1.0,0.0,0.0,0.0,0.0,0.0,0.0,0.0,0.0,0.0,0.0,0.0,0.0
42404.118,-112.0,3.0,0.0,0.0,0.0,0.0,0.0,0.0,4.0,0.0,0.0,0.0,0.0,0.0
42414.119,-112.0,1.0,0.0,0.0,0.0,0.0,0.0,0.0,3.0,0.0,0.0,0.0,0.0,0.0
42424.118,-112.0,-1.0,0.0,0.0,0.0,0.0,0.0,0.0,3.0,0.0,0.0,0.0,0.0,0.0
42434.118,-112.0,3.0,0.0,0.0,0.0,0.0,0.0,0.0,2.0,0.0,0.0,0.0,0.0,0.0
42444.118,-112.0,0.0,0.0,0.0,0.0,0.0,0.0,0.0,0.0,0.0,0.0,0.0,0.0,0.0
42454.118,-112.0,2.0,0.0,0.0,0.0,0.0,0.0,0.0,0.0,0.0,0.0,0.0,0.0,0.0
42464.118,-112.0,0.0,0.0,0.0,0.0,0.0,0.0,0.0,1.0,0.0,0.0,0.0,0.0,0.0
42474.118,-112.0,0.0,0.0,0.0,0.0,0.0,0.0,0.0,0.0,0.0,0.0,0.0,0.0,0.0
42484.118,-112.0,1.0,0.0,0.0,0.0,0.0,0.0,0.0,0.0,0.0,0.0,0.0,0.0,0.0
42494.119,-112.0,1.0,0.0,0.0,0.0,0.0,0.0,0.0,0.0,0.0,0.0,0.0,0.0,0.0
42504.118,-112.0,0.0,0.0,0.0,0.0,0.0,0.0,0.0,2.0,0.0,0.0,0.0,0.0,0.0
42514.118,-112.0,1.0,0.0,0.0,0.0,0.0,0.0,0.0,2.0,0.0,0.0,0.0,0.0,0.0
42524.118,-112.0,0.0,0.0,0.0,0.0,0.0,0.0,0.0,3.0,0.0,0.0,0.0,0.0,0.0
42534.118,-112.0,3.0,0.0,0.0,0.0,0.0,0.0,0.0,1.0,0.0,0.0,0.0,0.0,0.0
42544.118,-112.0,0.0,0.0,0.0,0.0,0.0,0.0,0.0,2.0,0.0,0.0,0.0,0.0,0.0
42554.118,-112.0,1.0,0.0,0.0,0.0,0.0,0.0,0.0,0.0,0.0,0.0,0.0,0.0,0.0
42564.118,-112.0,0.0,0.0,0.0,0.0,0.0,0.0,0.0,1.0,0.0,0.0,0.0,0.0,0.0
42574.119,-112.0,3.0,0.0,0.0,0.0,0.0,0.0,0.0,2.0,0.0,0.0,0.0,0.0,0.0
42584.118,-112.0,0.0,0.0,0.0,0.0,0.0,0.0,0.0,1.0,0.0,0.0,0.0,0.0,0.0
42594.119,-112.0,-1.0,0.0,0.0,0.0,0.0,0.0,0.0,3.0,0.0,0.0,0.0,0.0,0.0
42604.118,-112.0,2.0,0.0,0.0,0.0,0.0,0.0,0.0,1.0,0.0,0.0,0.0,0.0,0.0
42614.118,-112.0,2.0,0.0,0.0,0.0,0.0,0.0,0.0,3.0,0.0,0.0,0.0,0.0,0.0
42624.118,-112.0,3.0,0.0,0.0,0.0,0.0,0.0,0.0,4.0,0.0,0.0,0.0,0.0,0.0
42634.118,-112.0,3.0,0.0,0.0,0.0,0.0,0.0,0.0,0.0,0.0,0.0,0.0,0.0,0.0
42644.119,-112.0,2.0,0.0,0.0,0.0,0.0,0.0,0.0,1.0,0.0,0.0,0.0,0.0,0.0
42654.118,-112.0,3.0,0.0,0.0,0.0,0.0,0.0,0.0,1.0,0.0,0.0,0.0,0.0,0.0
42664.119,-112.0,3.0,0.0,0.0,0.0,0.0,0.0,0.0,2.0,0.0,0.0,0.0,0.0,0.0
42674.118,-112.0,2.0,0.0,0.0,0.0,0.0,0.0,0.0,3.0,0.0,0.0,0.0,0.0,0.0
42684.118,-112.0,6.0,0.0,0.0,0.0,0.0,0.0,0.0,2.0,0.0,0.0,0.0,0.0,0.0
42694.118,-112.0,2.0,0.0,0.0,0.0,0.0,0.0,0.0,2.0,0.0,0.0,0.0,0.0,0.0
42704.118,-112.0,0.0,0.0,0.0,0.0,0.0,0.0,0.0,1.0,0.0,0.0,0.0,0.0,0.0
42714.118,-112.0,-1.0,0.0,0.0,0.0,0.0,0.0,0.0,0.0,0.0,0.0,0.0,0.0,0.0
42724.118,-112.0,2.0,0.0,0.0,0.0,0.0,0.0,0.0,2.0,0.0,0.0,0.0,0.0,0.0
42734.119,-112.0,3.0,0.0,0.0,0.0,0.0,0.0,0.0,2.0,0.0,0.0,0.0,0.0,0.0
42744.118,-112.0,1.0,0.0,0.0,0.0,0.0,0.0,0.0,1.0,0.0,0.0,0.0,0.0,0.0
42754.118,-112.0,-1.0,0.0,0.0,0.0,0.0,0.0,0.0,1.0,0.0,0.0,0.0,0.0,0.0
42764.118,-112.0,2.0,0.0,0.0,0.0,0.0,0.0,0.0,-2.0,0.0,0.0,0.0,0.0,0.0
42774.118,-112.0,1.0,0.0,0.0,0.0,0.0,0.0,0.0,1.0,0.0,0.0,0.0,0.0,0.0
42784.118,-112.0,2.0,0.0,0.0,0.0,0.0,0.0,0.0,3.0,0.0,0.0,0.0,0.0,0.0
42794.118,-112.0,1.0,0.0,0.0,0.0,0.0,0.0,0.0,1.0,0.0,0.0,0.0,0.0,0.0
42804.118,-112.0,0.0,0.0,0.0,0.0,0.0,0.0,0.0,1.0,0.0,0.0,0.0,0.0,0.0
42814.119,-112.0,2.0,0.0,0.0,0.0,0.0,0.0,0.0,1.0,0.0,0.0,0.0,0.0,0.0
42824.118,-112.0,2.0,0.0,0.0,0.0,0.0,0.0,0.0,1.0,0.0,0.0,0.0,0.0,0.0
42834.118,-112.0,-2.0,0.0,0.0,0.0,0.0,0.0,0.0,0.0,0.0,0.0,0.0,0.0,0.0
42844.118,-112.0,1.0,0.0,0.0,0.0,0.0,0.0,0.0,2.0,0.0,0.0,0.0,0.0,0.0
42854.118,-112.0,1.0,0.0,0.0,0.0,0.0,0.0,0.0,2.0,0.0,0.0,0.0,0.0,0.0
42864.118,-112.0,1.0,0.0,0.0,0.0,0.0,0.0,0.0,0.0,0.0,0.0,0.0,0.0,0.0
42874.118,-112.0,0.0,0.0,0.0,0.0,0.0,0.0,0.0,2.0,0.0,0.0,0.0,0.0,0.0
42884.118,-112.0,-1.0,0.0,0.0,0.0,0.0,0.0,0.0,2.0,0.0,0.0,0.0,0.0,0.0
42894.119,-112.0,1.0,0.0,0.0,0.0,0.0,0.0,0.0,1.0,0.0,0.0,0.0,0.0,0.0
42904.118,-112.0,-1.0,0.0,0.0,0.0,0.0,0.0,0.0,2.0,0.0,0.0,0.0,0.0,0.0
42914.119,-112.0,2.0,0.0,0.0,0.0,0.0,0.0,0.0,5.0,0.0,0.0,0.0,0.0,0.0
42924.118,-112.0,4.0,0.0,0.0,0.0,0.0,0.0,0.0,2.0,0.0,0.0,0.0,0.0,0.0
42934.118,-112.0,2.0,0.0,0.0,0.0,0.0,0.0,0.0,3.0,0.0,0.0,0.0,0.0,0.0
42944.118,-112.0,2.0,0.0,0.0,0.0,0.0,0.0,0.0,1.0,0.0,0.0,0.0,0.0,0.0
42954.118,-112.0,2.0,0.0,0.0,0.0,0.0,0.0,0.0,1.0,0.0,0.0,0.0,0.0,0.0
42964.119,-112.0,1.0,0.0,0.0,0.0,0.0,0.0,0.0,1.0,0.0,0.0,0.0,0.0,0.0
42974.118,-112.0,2.0,0.0,0.0,0.0,0.0,0.0,0.0,0.0,0.0,0.0,0.0,0.0,0.0
42984.119,-112.0,2.0,0.0,0.0,0.0,0.0,0.0,0.0,1.0,0.0,0.0,0.0,0.0,0.0
42994.118,-112.0,1.0,0.0,0.0,0.0,0.0,0.0,0.0,1.0,0.0,0.0,0.0,0.0,0.0
43004.118,-112.0,2.0,0.0,0.0,0.0,0.0,0.0,0.0,0.0,0.0,0.0,0.0,0.0,0.0
43014.118,-112.0,0.0,0.0,0.0,0.0,0.0,0.0,0.0,1.0,0.0,0.0,0.0,0.0,0.0
43024.118,-112.0,1.0,0.0,0.0,0.0,0.0,0.0,0.0,1.0,0.0,0.0,0.0,0.0,0.0
43034.118,-112.0,3.0,0.0,0.0,0.0,0.0,0.0,0.0,1.0,0.0,0.0,0.0,0.0,0.0
43044.118,-112.0,2.0,0.0,0.0,0.0,0.0,0.0,0.0,1.0,0.0,0.0,0.0,0.0,0.0
43054.119,-112.0,2.0,0.0,0.0,0.0,0.0,0.0,0.0,3.0,0.0,0.0,0.0,0.0,0.0
43064.118,-112.0,-2.0,0.0,0.0,0.0,0.0,0.0,0.0,3.0,0.0,0.0,0.0,0.0,0.0
43074.118,-112.0,3.0,0.0,0.0,0.0,0.0,0.0,0.0,3.0,0.0,0.0,0.0,0.0,0.0
43084.118,-112.0,1.0,0.0,0.0,0.0,0.0,0.0,0.0,1.0,0.0,0.0,0.0,0.0,0.0
43094.118,-112.0,2.0,0.0,0.0,0.0,0.0,0.0,0.0,-2.0,0.0,0.0,0.0,0.0,0.0
43104.118,-112.0,3.0,0.0,0.0,0.0,0.0,0.0,0.0,2.0,0.0,0.0,0.0,0.0,0.0
43114.118,-112.0,2.0,0.0,0.0,0.0,0.0,0.0,0.0,3.0,0.0,0.0,0.0,0.0,0.0
43124.118,-112.0,-1.0,0.0,0.0,0.0,0.0,0.0,0.0,1.0,0.0,0.0,0.0,0.0,0.0
43134.119,-112.0,-1.0,0.0,0.0,0.0,0.0,0.0,0.0,1.0,0.0,0.0,0.0,0.0,0.0
43144.118,-112.0,2.0,0.0,0.0,0.0,0.0,0.0,0.0,3.0,0.0,0.0,0.0,0.0,0.0
43154.118,-112.0,1.0,0.0,0.0,0.0,0.0,0.0,0.0,1.0,0.0,0.0,0.0,0.0,0.0
43164.118,-112.0,1.0,0.0,0.0,0.0,0.0,0.0,0.0,2.0,0.0,0.0,0.0,0.0,0.0
43174.118,-112.0,2.0,0.0,0.0,0.0,0.0,0.0,0.0,1.0,0.0,0.0,0.0,0.0,0.0
43184.118,-112.0,1.0,0.0,0.0,0.0,0.0,0.0,0.0,3.0,0.0,0.0,0.0,0.0,0.0
43194.118,-112.0,2.0,0.0,0.0,0.0,0.0,0.0,0.0,-1.0,0.0,0.0,0.0,0.0,0.0
43204.118,-112.0,3.0,0.0,0.0,0.0,0.0,0.0,0.0,2.0,0.0,0.0,0.0,0.0,0.0
43214.119,-112.0,1.0,0.0,0.0,0.0,0.0,0.0,0.0,3.0,0.0,0.0,0.0,0.0,0.0
43224.118,-112.0,0.0,0.0,0.0,0.0,0.0,0.0,0.0,2.0,0.0,0.0,0.0,0.0,0.0
43234.119,-112.0,0.0,0.0,0.0,0.0,0.0,0.0,0.0,1.0,0.0,0.0,0.0,0.0,0.0
43244.118,-112.0,4.0,0.0,0.0,0.0,0.0,0.0,0.0,2.0,0.0,0.0,0.0,0.0,0.0
43254.118,-112.0,1.0,0.0,0.0,0.0,0.0,0.0,0.0,1.0,0.0,0.0,0.0,0.0,0.0
43264.118,-112.0,-1.0,0.0,0.0,0.0,0.0,0.0,0.0,1.0,0.0,0.0,0.0,0.0,0.0
43274.118,-112.0,2.0,0.0,0.0,0.0,0.0,0.0,0.0,0.0,0.0,0.0,0.0,0.0,0.0
43284.119,-112.0,2.0,0.0,0.0,0.0,0.0,0.0,0.0,1.0,0.0,0.0,0.0,0.0,0.0
43294.118,-112.0,3.0,0.0,0.0,0.0,0.0,0.0,0.0,2.0,0.0,0.0,0.0,0.0,0.0
43304.119,-112.0,1.0,0.0,0.0,0.0,0.0,0.0,0.0,0.0,0.0,0.0,0.0,0.0,0.0
43314.118,-112.0,2.0,0.0,0.0,0.0,0.0,0.0,0.0,-1.0,0.0,0.0,0.0,0.0,0.0
43324.118,-112.0,2.0,0.0,0.0,0.0,0.0,0.0,0.0,1.0,0.0,0.0,0.0,0.0,0.0
43334.118,-112.0,1.0,0.0,0.0,0.0,0.0,0.0,0.0,1.0,0.0,0.0,0.0,0.0,0.0
43344.118,-112.0,1.0,0.0,0.0,0.0,0.0,0.0,0.0,0.0,0.0,0.0,0.0,0.0,0.0
43354.118,-112.0,1.0,0.0,0.0,0.0,0.0,0.0,0.0,1.0,0.0,0.0,0.0,0.0,0.0
43364.118,-112.0,2.0,0.0,0.0,0.0,0.0,0.0,0.0,2.0,0.0,0.0,0.0,0.0,0.0
43374.119,-112.0,3.0,0.0,0.0,0.0,0.0,0.0,0.0,0.0,0.0,0.0,0.0,0.0,0.0
43384.118,-112.0,0.0,0.0,0.0,0.0,0.0,0.0,0.0,0.0,0.0,0.0,0.0,0.0,0.0
43394.118,-112.0,2.0,0.0,0.0,0.0,0.0,0.0,0.0,1.0,0.0,0.0,0.0,0.0,0.0
43404.118,-112.0,2.0,0.0,0.0,0.0,0.0,0.0,0.0,2.0,0.0,0.0,0.0,0.0,0.0
43414.118,-112.0,2.0,0.0,0.0,0.0,0.0,0.0,0.0,2.0,0.0,0.0,0.0,0.0,0.0
43424.118,-112.0,1.0,0.0,0.0,0.0,0.0,0.0,0.0,3.0,0.0,0.0,0.0,0.0,0.0
43434.118,-112.0,2.0,0.0,0.0,0.0,0.0,0.0,0.0,2.0,0.0,0.0,0.0,0.0,0.0
43444.118,-112.0,1.0,0.0,0.0,0.0,0.0,0.0,0.0,2.0,0.0,0.0,0.0,0.0,0.0
43454.119,-112.0,0.0,0.0,0.0,0.0,0.0,0.0,0.0,3.0,0.0,0.0,0.0,0.0,0.0
43464.118,-112.0,-1.0,0.0,0.0,0.0,0.0,0.0,0.0,1.0,0.0,0.0,0.0,0.0,0.0
43474.118,-112.0,2.0,0.0,0.0,0.0,0.0,0.0,0.0,3.0,0.0,0.0,0.0,0.0,0.0
43484.118,-112.0,0.0,0.0,0.0,0.0,0.0,0.0,0.0,3.0,0.0,0.0,0.0,0.0,0.0
43494.118,-112.0,1.0,0.0,0.0,0.0,0.0,0.0,0.0,0.0,0.0,0.0,0.0,0.0,0.0
43504.118,-112.0,2.0,0.0,0.0,0.0,0.0,0.0,0.0,-1.0,0.0,0.0,0.0,0.0,0.0
43514.118,-112.0,-1.0,0.0,0.0,0.0,0.0,0.0,0.0,2.0,0.0,0.0,0.0,0.0,0.0
43524.118,-112.0,-1.0,0.0,0.0,0.0,0.0,0.0,0.0,1.0,0.0,0.0,0.0,0.0,0.0
43534.119,-112.0,-3.0,0.0,0.0,0.0,0.0,0.0,0.0,3.0,0.0,0.0,0.0,0.0,0.0
43544.118,-112.0,2.0,0.0,0.0,0.0,0.0,0.0,0.0,2.0,0.0,0.0,0.0,0.0,0.0
43554.119,-112.0,0.0,0.0,0.0,0.0,0.0,0.0,0.0,-1.0,0.0,0.0,0.0,0.0,0.0
43564.118,-112.0,1.0,0.0,0.0,0.0,0.0,0.0,0.0,2.0,0.0,0.0,0.0,0.0,0.0
43574.118,-112.0,0.0,0.0,0.0,0.0,0.0,0.0,0.0,0.0,0.0,0.0,0.0,0.0,0.0
43584.118,-112.0,1.0,0.0,0.0,0.0,0.0,0.0,0.0,1.0,0.0,0.0,0.0,0.0,0.0
43594.118,-112.0,-1.0,0.0,0.0,0.0,0.0,0.0,0.0,1.0,0.0,0.0,0.0,0.0,0.0
43604.119,-112.0,3.0,0.0,0.0,0.0,0.0,0.0,0.0,3.0,0.0,0.0,0.0,0.0,0.0
43614.118,-112.0,1.0,0.0,0.0,0.0,0.0,0.0,0.0,-2.0,0.0,0.0,0.0,0.0,0.0
43624.119,-112.0,0.0,0.0,0.0,0.0,0.0,0.0,0.0,0.0,0.0,0.0,0.0,0.0,0.0
43634.118,-112.0,3.0,0.0,0.0,0.0,0.0,0.0,0.0,1.0,0.0,0.0,0.0,0.0,0.0
43644.118,-112.0,1.0,0.0,0.0,0.0,0.0,0.0,0.0,4.0,0.0,0.0,0.0,0.0,0.0
43654.118,-112.0,1.0,0.0,0.0,0.0,0.0,0.0,0.0,3.0,0.0,0.0,0.0,0.0,0.0
43664.118,-112.0,2.0,0.0,0.0,0.0,0.0,0.0,0.0,1.0,0.0,0.0,0.0,0.0,0.0
43674.118,-112.0,0.0,0.0,0.0,0.0,0.0,0.0,0.0,0.0,0.0,0.0,0.0,0.0,0.0
43684.118,-112.0,0.0,0.0,0.0,0.0,0.0,0.0,0.0,2.0,0.0,0.0,0.0,0.0,0.0
43694.119,-112.0,1.0,0.0,0.0,0.0,0.0,0.0,0.0,1.0,0.0,0.0,0.0,0.0,0.0
43704.118,-112.0,1.0,0.0,0.0,0.0,0.0,0.0,0.0,3.0,0.0,0.0,0.0,0.0,0.0
43714.118,-112.0,1.0,0.0,0.0,0.0,0.0,0.0,0.0,-1.0,0.0,0.0,0.0,0.0,0.0
43724.118,-112.0,2.0,0.0,0.0,0.0,0.0,0.0,0.0,2.0,0.0,0.0,0.0,0.0,0.0
43734.118,-112.0,0.0,0.0,0.0,0.0,0.0,0.0,0.0,2.0,0.0,0.0,0.0,0.0,0.0
43744.118,-112.0,3.0,0.0,0.0,0.0,0.0,0.0,0.0,1.0,0.0,0.0,0.0,0.0,0.0
43754.118,-112.0,5.0,0.0,0.0,0.0,0.0,0.0,0.0,1.0,0.0,0.0,0.0,0.0,0.0
43764.118,-112.0,0.0,0.0,0.0,0.0,0.0,0.0,0.0,-1.0,0.0,0.0,0.0,0.0,0.0
43774.119,-112.0,1.0,0.0,0.0,0.0,0.0,0.0,0.0,0.0,0.0,0.0,0.0,0.0,0.0
43784.118,-112.0,2.0,0.0,0.0,0.0,0.0,0.0,0.0,1.0,0.0,0.0,0.0,0.0,0.0
43794.118,-112.0,-1.0,0.0,0.0,0.0,0.0,0.0,0.0,2.0,0.0,0.0,0.0,0.0,0.0
43804.118,-112.0,-1.0,0.0,0.0,0.0,0.0,0.0,0.0,1.0,0.0,0.0,0.0,0.0,0.0
43814.118,-112.0,0.0,0.0,0.0,0.0,0.0,0.0,0.0,1.0,0.0,0.0,0.0,0.0,0.0
43824.118,-112.0,2.0,0.0,0.0,0.0,0.0,0.0,0.0,1.0,0.0,0.0,0.0,0.0,0.0
43834.118,-112.0,1.0,0.0,0.0,0.0,0.0,0.0,0.0,2.0,0.0,0.0,0.0,0.0,0.0
43844.118,-112.0,0.0,0.0,0.0,0.0,0.0,0.0,0.0,2.0,0.0,0.0,0.0,0.0,0.0
43854.119,-112.0,2.0,0.0,0.0,0.0,0.0,0.0,0.0,3.0,0.0,0.0,0.0,0.0,0.0
43864.118,-112.0,2.0,0.0,0.0,0.0,0.0,0.0,0.0,3.0,0.0,0.0,0.0,0.0,0.0
43874.119,-112.0,2.0,0.0,0.0,0.0,0.0,0.0,0.0,2.0,0.0,0.0,0.0,0.0,0.0
43884.118,-112.0,0.0,0.0,0.0,0.0,0.0,0.0,0.0,2.0,0.0,0.0,0.0,0.0,0.0
43894.118,-112.0,1.0,0.0,0.0,0.0,0.0,0.0,0.0,3.0,0.0,0.0,0.0,0.0,0.0
43904.118,-112.0,2.0,0.0,0.0,0.0,0.0,0.0,0.0,2.0,0.0,0.0,0.0,0.0,0.0
43914.118,-112.0,2.0,0.0,0.0,0.0,0.0,0.0,0.0,2.0,0.0,0.0,0.0,0.0,0.0
43924.119,-112.0,2.0,0.0,0.0,0.0,0.0,0.0,0.0,3.0,0.0,0.0,0.0,0.0,0.0
43934.118,-112.0,1.0,0.0,0.0,0.0,0.0,0.0,0.0,1.0,0.0,0.0,0.0,0.0,0.0
43944.119,-112.0,0.0,0.0,0.0,0.0,0.0,0.0,0.0,2.0,0.0,0.0,0.0,0.0,0.0
43954.118,-112.0,0.0,0.0,0.0,0.0,0.0,0.0,0.0,2.0,0.0,0.0,0.0,0.0,0.0
43964.118,-112.0,3.0,0.0,0.0,0.0,0.0,0.0,0.0,1.0,0.0,0.0,0.0,0.0,0.0
43974.118,-112.0,1.0,0.0,0.0,0.0,0.0,0.0,0.0,0.0,0.0,0.0,0.0,0.0,0.0
43984.118,-112.0,0.0,0.0,0.0,0.0,0.0,0.0,0.0,4.0,0.0,0.0,0.0,0.0,0.0
43994.118,-112.0,0.0,0.0,0.0,0.0,0.0,0.0,0.0,2.0,0.0,0.0,0.0,0.0,0.0
44004.118,-112.0,3.0,0.0,0.0,0.0,0.0,0.0,0.0,-1.0,0.0,0.0,0.0,0.0,0.0
44014.119,-112.0,4.0,0.0,0.0,0.0,0.0,0.0,0.0,2.0,0.0,0.0,0.0,0.0,0.0
44024.118,-112.0,0.0,0.0,0.0,0.0,0.0,0.0,0.0,1.0,0.0,0.0,0.0,0.0,0.0
44034.118,-112.0,1.0,0.0,0.0,0.0,0.0,0.0,0.0,0.0,0.0,0.0,0.0,0.0,0.0
44044.118,-112.0,2.0,0.0,0.0,0.0,0.0,0.0,0.0,1.0,0.0,0.0,0.0,0.0,0.0
44054.118,-112.0,1.0,0.0,0.0,0.0,0.0,0.0,0.0,2.0,0.0,0.0,0.0,0.0,0.0
44064.118,-112.0,0.0,0.0,0.0,0.0,0.0,0.0,0.0,4.0,0.0,0.0,0.0,0.0,0.0
44074.118,-112.0,1.0,0.0,0.0,0.0,0.0,0.0,0.0,0.0,0.0,0.0,0.0,0.0,0.0
44084.118,-112.0,1.0,0.0,0.0,0.0,0.0,0.0,0.0,2.0,0.0,0.0,0.0,0.0,0.0
44094.119,-112.0,0.0,0.0,0.0,0.0,0.0,0.0,0.0,1.0,0.0,0.0,0.0,0.0,0.0
44104.118,-112.0,2.0,0.0,0.0,0.0,0.0,0.0,0.0,-1.0,0.0,0.0,0.0,0.0,0.0
44114.118,-112.0,1.0,0.0,0.0,0.0,0.0,0.0,0.0,0.0,0.0,0.0,0.0,0.0,0.0
44124.118,-112.0,1.0,0.0,0.0,0.0,0.0,0.0,0.0,-1.0,0.0,0.0,0.0,0.0,0.0
44134.118,-112.0,2.0,0.0,0.0,0.0,0.0,0.0,0.0,0.0,0.0,0.0,0.0,0.0,0.0
44144.118,-112.0,1.0,0.0,0.0,0.0,0.0,0.0,0.0,1.0,0.0,0.0,0.0,0.0,0.0
44154.118,-112.0,0.0,0.0,0.0,0.0,0.0,0.0,0.0,0.0,0.0,0.0,0.0,0.0,0.0
44164.118,-112.0,1.0,0.0,0.0,0.0,0.0,0.0,0.0,0.0,0.0,0.0,0.0,0.0,0.0
44174.119,-112.0,0.0,0.0,0.0,0.0,0.0,0.0,0.0,3.0,0.0,0.0,0.0,0.0,0.0
44184.118,-112.0,-1.0,0.0,0.0,0.0,0.0,0.0,0.0,0.0,0.0,0.0,0.0,0.0,0.0
44194.119,-112.0,1.0,0.0,0.0,0.0,0.0,0.0,0.0,-1.0,0.0,0.0,0.0,0.0,0.0
44204.118,-112.0,3.0,0.0,0.0,0.0,0.0,0.0,0.0,5.0,0.0,0.0,0.0,0.0,0.0
44214.118,-112.0,3.0,0.0,0.0,0.0,0.0,0.0,0.0,4.0,0.0,0.0,0.0,0.0,0.0
44224.118,-112.0,-2.0,0.0,0.0,0.0,0.0,0.0,0.0,4.0,0.0,0.0,0.0,0.0,0.0
44234.118,-112.0,3.0,0.0,0.0,0.0,0.0,0.0,0.0,1.0,0.0,0.0,0.0,0.0,0.0
44244.119,-112.0,1.0,0.0,0.0,0.0,0.0,0.0,0.0,-1.0,0.0,0.0,0.0,0.0,0.0
44254.118,-112.0,5.0,0.0,0.0,0.0,0.0,0.0,0.0,1.0,0.0,0.0,0.0,0.0,0.0
44264.119,-112.0,1.0,0.0,0.0,0.0,0.0,0.0,0.0,1.0,0.0,0.0,0.0,0.0,0.0
44274.118,-112.0,1.0,0.0,0.0,0.0,0.0,0.0,0.0,1.0,0.0,0.0,0.0,0.0,0.0
44284.118,-112.0,2.0,0.0,0.0,0.0,0.0,0.0,0.0,2.0,0.0,0.0,0.0,0.0,0.0
44294.118,-112.0,3.0,0.0,0.0,0.0,0.0,0.0,0.0,0.0,0.0,0.0,0.0,0.0,0.0
44304.118,-112.0,2.0,0.0,0.0,0.0,0.0,0.0,0.0,2.0,0.0,0.0,0.0,0.0,0.0
44314.118,-112.0,2.0,0.0,0.0,0.0,0.0,0.0,0.0,3.0,0.0,0.0,0.0,0.0,0.0
44324.118,-112.0,1.0,0.0,0.0,0.0,0.0,0.0,0.0,1.0,0.0,0.0,0.0,0.0,0.0
44334.119,-112.0,3.0,0.0,0.0,0.0,0.0,0.0,0.0,2.0,0.0,0.0,0.0,0.0,0.0
44344.118,-112.0,0.0,0.0,0.0,0.0,0.0,0.0,0.0,0.0,0.0,0.0,0.0,0.0,0.0
44354.118,-112.0,3.0,0.0,0.0,0.0,0.0,0.0,0.0,-2.0,0.0,0.0,0.0,0.0,0.0
44364.118,-112.0,0.0,0.0,0.0,0.0,0.0,0.0,0.0,2.0,0.0,0.0,0.0,0.0,0.0
44374.118,-112.0,-1.0,0.0,0.0,0.0,0.0,0.0,0.0,2.0,0.0,0.0,0.0,0.0,0.0
44384.118,-112.0,1.0,0.0,0.0,0.0,0.0,0.0,0.0,1.0,0.0,0.0,0.0,0.0,0.0
44394.118,-112.0,1.0,0.0,0.0,0.0,0.0,0.0,0.0,2.0,0.0,0.0,0.0,0.0,0.0
44404.118,-112.0,0.0,0.0,0.0,0.0,0.0,0.0,0.0,6.0,0.0,0.0,0.0,0.0,0.0
44414.119,-112.0,2.0,0.0,0.0,0.0,0.0,0.0,0.0,1.0,0.0,0.0,0.0,0.0,0.0
44424.118,-112.0,1.0,0.0,0.0,0.0,0.0,0.0,0.0,2.0,0.0,0.0,0.0,0.0,0.0
44434.118,-112.0,0.0,0.0,0.0,0.0,0.0,0.0,0.0,7.0,0.0,0.0,0.0,0.0,0.0
44444.118,-112.0,2.0,0.0,0.0,0.0,0.0,0.0,0.0,3.0,0.0,0.0,0.0,0.0,0.0
44454.118,-112.0,1.0,0.0,0.0,0.0,0.0,0.0,0.0,-3.0,0.0,0.0,0.0,0.0,0.0
44464.118,-112.0,0.0,0.0,0.0,0.0,0.0,0.0,0.0,3.0,0.0,0.0,0.0,0.0,0.0
44474.118,-112.0,1.0,0.0,0.0,0.0,0.0,0.0,0.0,2.0,0.0,0.0,0.0,0.0,0.0
44484.118,-112.0,0.0,0.0,0.0,0.0,0.0,0.0,0.0,2.0,0.0,0.0,0.0,0.0,0.0
44494.119,-112.0,0.0,0.0,0.0,0.0,0.0,0.0,0.0,2.0,0.0,0.0,0.0,0.0,0.0
44504.118,-112.0,1.0,0.0,0.0,0.0,0.0,0.0,0.0,-1.0,0.0,0.0,0.0,0.0,0.0
44514.119,-112.0,2.0,0.0,0.0,0.0,0.0,0.0,0.0,2.0,0.0,0.0,0.0,0.0,0.0
44524.118,-112.0,2.0,0.0,0.0,0.0,0.0,0.0,0.0,1.0,0.0,0.0,0.0,0.0,0.0
44534.118,-112.0,0.0,0.0,0.0,0.0,0.0,0.0,0.0,0.0,0.0,0.0,0.0,0.0,0.0
44544.118,-112.0,3.0,0.0,0.0,0.0,0.0,0.0,0.0,1.0,0.0,0.0,0.0,0.0,0.0
44554.118,-112.0,3.0,0.0,0.0,0.0,0.0,0.0,0.0,0.0,0.0,0.0,0.0,0.0,0.0
44564.119,-112.0,3.0,0.0,0.0,0.0,0.0,0.0,0.0,0.0,0.0,0.0,0.0,0.0,0.0
44574.118,-112.0,2.0,0.0,0.0,0.0,0.0,0.0,0.0,2.0,0.0,0.0,0.0,0.0,0.0
44584.119,-112.0,-1.0,0.0,0.0,0.0,0.0,0.0,0.0,3.0,0.0,0.0,0.0,0.0,0.0
44594.118,-112.0,2.0,0.0,0.0,0.0,0.0,0.0,0.0,0.0,0.0,0.0,0.0,0.0,0.0
44604.118,-112.0,0.0,0.0,0.0,0.0,0.0,0.0,0.0,0.0,0.0,0.0,0.0,0.0,0.0
44614.118,-112.0,0.0,0.0,0.0,0.0,0.0,0.0,0.0,2.0,0.0,0.0,0.0,0.0,0.0
44624.118,-112.0,0.0,0.0,0.0,0.0,0.0,0.0,0.0,4.0,0.0,0.0,0.0,0.0,0.0
44634.118,-112.0,0.0,0.0,0.0,0.0,0.0,0.0,0.0,0.0,0.0,0.0,0.0,0.0,0.0
44644.118,-112.0,1.0,0.0,0.0,0.0,0.0,0.0,0.0,0.0,0.0,0.0,0.0,0.0,0.0
44654.119,-112.0,-1.0,0.0,0.0,0.0,0.0,0.0,0.0,2.0,0.0,0.0,0.0,0.0,0.0
44664.118,-112.0,0.0,0.0,0.0,0.0,0.0,0.0,0.0,1.0,0.0,0.0,0.0,0.0,0.0
44674.118,-112.0,2.0,0.0,0.0,0.0,0.0,0.0,0.0,2.0,0.0,0.0,0.0,0.0,0.0
44684.118,-112.0,2.0,0.0,0.0,0.0,0.0,0.0,0.0,2.0,0.0,0.0,0.0,0.0,0.0
44694.118,-112.0,1.0,0.0,0.0,0.0,0.0,0.0,0.0,0.0,0.0,0.0,0.0,0.0,0.0
44704.118,-112.0,2.0,0.0,0.0,0.0,0.0,0.0,0.0,4.0,0.0,0.0,0.0,0.0,0.0
44714.118,-112.0,0.0,0.0,0.0,0.0,0.0,0.0,0.0,2.0,0.0,0.0,0.0,0.0,0.0
44724.118,-112.0,0.0,0.0,0.0,0.0,0.0,0.0,0.0,0.0,0.0,0.0,0.0,0.0,0.0
44734.119,-112.0,2.0,0.0,0.0,0.0,0.0,0.0,0.0,4.0,0.0,0.0,0.0,0.0,0.0
44744.118,-112.0,3.0,0.0,0.0,0.0,0.0,0.0,0.0,0.0,0.0,0.0,0.0,0.0,0.0
44754.118,-112.0,3.0,0.0,0.0,0.0,0.0,0.0,0.0,0.0,0.0,0.0,0.0,0.0,0.0
44764.118,-112.0,0.0,0.0,0.0,0.0,0.0,0.0,0.0,3.0,0.0,0.0,0.0,0.0,0.0
44774.118,-112.0,2.0,0.0,0.0,0.0,0.0,0.0,0.0,5.0,0.0,0.0,0.0,0.0,0.0
44784.118,-112.0,2.0,0.0,0.0,0.0,0.0,0.0,0.0,2.0,0.0,0.0,0.0,0.0,0.0
44794.118,-112.0,1.0,0.0,0.0,0.0,0.0,0.0,0.0,1.0,0.0,0.0,0.0,0.0,0.0
44804.118,-112.0,5.0,0.0,0.0,0.0,0.0,0.0,0.0,-1.0,0.0,0.0,0.0,0.0,0.0
44814.119,-112.0,0.0,0.0,0.0,0.0,0.0,0.0,0.0,1.0,0.0,0.0,0.0,0.0,0.0
44824.118,-112.0,-1.0,0.0,0.0,0.0,0.0,0.0,0.0,0.0,0.0,0.0,0.0,0.0,0.0
44834.119,-112.0,1.0,0.0,0.0,0.0,0.0,0.0,0.0,3.0,0.0,0.0,0.0,0.0,0.0
44844.118,-112.0,4.0,0.0,0.0,0.0,0.0,0.0,0.0,1.0,0.0,0.0,0.0,0.0,0.0
44854.118,-112.0,1.0,0.0,0.0,0.0,0.0,0.0,0.0,1.0,0.0,0.0,0.0,0.0,0.0
44864.118,-112.0,2.0,0.0,0.0,0.0,0.0,0.0,0.0,2.0,0.0,0.0,0.0,0.0,0.0
44874.118,-112.0,2.0,0.0,0.0,0.0,0.0,0.0,0.0,0.0,0.0,0.0,0.0,0.0,0.0
44884.119,-112.0,3.0,0.0,0.0,0.0,0.0,0.0,0.0,1.0,0.0,0.0,0.0,0.0,0.0
44894.118,-112.0,3.0,0.0,0.0,0.0,0.0,0.0,0.0,3.0,0.0,0.0,0.0,0.0,0.0
44904.119,-112.0,1.0,0.0,0.0,0.0,0.0,0.0,0.0,0.0,0.0,0.0,0.0,0.0,0.0
44914.118,-112.0,0.0,0.0,0.0,0.0,0.0,0.0,0.0,2.0,0.0,0.0,0.0,0.0,0.0
44924.118,-112.0,0.0,0.0,0.0,0.0,0.0,0.0,0.0,4.0,0.0,0.0,0.0,0.0,0.0
44934.118,-112.0,1.0,0.0,0.0,0.0,0.0,0.0,0.0,1.0,0.0,0.0,0.0,0.0,0.0
44944.118,-112.0,1.0,0.0,0.0,0.0,0.0,0.0,0.0,4.0,0.0,0.0,0.0,0.0,0.0
44954.118,-112.0,2.0,0.0,0.0,0.0,0.0,0.0,0.0,2.0,0.0,0.0,0.0,0.0,0.0
44964.118,-112.0,3.0,0.0,0.0,0.0,0.0,0.0,0.0,0.0,0.0,0.0,0.0,0.0,0.0
44974.119,-112.0,0.0,0.0,0.0,0.0,0.0,0.0,0.0,1.0,0.0,0.0,0.0,0.0,0.0
44984.118,-112.0,3.0,0.0,0.0,0.0,0.0,0.0,0.0,-2.0,0.0,0.0,0.0,0.0,0.0
44994.118,-112.0,1.0,0.0,0.0,0.0,0.0,0.0,0.0,-1.0,0.0,0.0,0.0,0.0,0.0
45004.118,-112.0,2.0,0.0,0.0,0.0,0.0,0.0,0.0,0.0,0.0,0.0,0.0,0.0,0.0
45014.118,-112.0,1.0,0.0,0.0,0.0,0.0,0.0,0.0,1.0,0.0,0.0,0.0,0.0,0.0
45024.118,-112.0,1.0,0.0,0.0,0.0,0.0,0.0,0.0,2.0,0.0,0.0,0.0,0.0,0.0
45034.118,-112.0,1.0,0.0,0.0,0.0,0.0,0.0,0.0,2.0,0.0,0.0,0.0,0.0,0.0
45044.118,-112.0,5.0,0.0,0.0,0.0,0.0,0.0,0.0,1.0,0.0,0.0,0.0,0.0,0.0
45054.119,-112.0,1.0,0.0,0.0,0.0,0.0,0.0,0.0,0.0,0.0,0.0,0.0,0.0,0.0
45064.118,-112.0,2.0,0.0,0.0,0.0,0.0,0.0,0.0,5.0,0.0,0.0,0.0,0.0,0.0
45074.118,-112.0,2.0,0.0,0.0,0.0,0.0,0.0,0.0,5.0,0.0,0.0,0.0,0.0,0.0
45084.118,-112.0,4.0,0.0,0.0,0.0,0.0,0.0,0.0,2.0,0.0,0.0,0.0,0.0,0.0
45094.118,-112.0,0.0,0.0,0.0,0.0,0.0,0.0,0.0,0.0,0.0,0.0,0.0,0.0,0.0
45104.118,-112.0,2.0,0.0,0.0,0.0,0.0,0.0,0.0,-1.0,0.0,0.0,0.0,0.0,0.0
45114.118,-112.0,0.0,0.0,0.0,0.0,0.0,0.0,0.0,3.0,0.0,0.0,0.0,0.0,0.0
45124.118,-112.0,2.0,0.0,0.0,0.0,0.0,0.0,0.0,2.0,0.0,0.0,0.0,0.0,0.0
45134.119,-112.0,-1.0,0.0,0.0,0.0,0.0,0.0,0.0,2.0,0.0,0.0,0.0,0.0,0.0
45144.118,-112.0,2.0,0.0,0.0,0.0,0.0,0.0,0.0,1.0,0.0,0.0,0.0,0.0,0.0
45154.119,-112.0,1.0,0.0,0.0,0.0,0.0,0.0,0.0,0.0,0.0,0.0,0.0,0.0,0.0
45164.118,-112.0,3.0,0.0,0.0,0.0,0.0,0.0,0.0,2.0,0.0,0.0,0.0,0.0,0.0
45174.118,-112.0,-3.0,0.0,0.0,0.0,0.0,0.0,0.0,3.0,0.0,0.0,0.0,0.0,0.0
45184.118,-112.0,2.0,0.0,0.0,0.0,0.0,0.0,0.0,2.0,0.0,0.0,0.0,0.0,0.0
45194.118,-112.0,3.0,0.0,0.0,0.0,0.0,0.0,0.0,0.0,0.0,0.0,0.0,0.0,0.0
45204.119,-112.0,3.0,0.0,0.0,0.0,0.0,0.0,0.0,0.0,0.0,0.0,0.0,0.0,0.0
45214.118,-112.0,0.0,0.0,0.0,0.0,0.0,0.0,0.0,1.0,0.0,0.0,0.0,0.0,0.0
45224.119,-112.0,1.0,0.0,0.0,0.0,0.0,0.0,0.0,0.0,0.0,0.0,0.0,0.0,0.0
45234.118,-112.0,0.0,0.0,0.0,0.0,0.0,0.0,0.0,3.0,0.0,0.0,0.0,0.0,0.0
45244.118,-112.0,1.0,0.0,0.0,0.0,0.0,0.0,0.0,0.0,0.0,0.0,0.0,0.0,0.0
45254.118,-112.0,1.0,0.0,0.0,0.0,0.0,0.0,0.0,1.0,0.0,0.0,0.0,0.0,0.0
45264.118,-112.0,0.0,0.0,0.0,0.0,0.0,0.0,0.0,2.0,0.0,0.0,0.0,0.0,0.0
45274.118,-112.0,3.0,0.0,0.0,0.0,0.0,0.0,0.0,2.0,0.0,0.0,0.0,0.0,0.0
45284.118,-112.0,-1.0,0.0,0.0,0.0,0.0,0.0,0.0,4.0,0.0,0.0,0.0,0.0,0.0
45294.119,-112.0,0.0,0.0,0.0,0.0,0.0,0.0,0.0,2.0,0.0,0.0,0.0,0.0,0.0
45304.118,-112.0,2.0,0.0,0.0,0.0,0.0,0.0,0.0,3.0,0.0,0.0,0.0,0.0,0.0
45314.118,-112.0,3.0,0.0,0.0,0.0,0.0,0.0,0.0,2.0,0.0,0.0,0.0,0.0,0.0
45324.118,-112.0,1.0,0.0,0.0,0.0,0.0,0.0,0.0,3.0,0.0,0.0,0.0,0.0,0.0
45334.118,-112.0,2.0,0.0,0.0,0.0,0.0,0.0,0.0,0.0,0.0,0.0,0.0,0.0,0.0
45344.118,-112.0,4.0,0.0,0.0,0.0,0.0,0.0,0.0,2.0,0.0,0.0,0.0,0.0,0.0
45354.118,-112.0,0.0,0.0,0.0,0.0,0.0,0.0,0.0,3.0,0.0,0.0,0.0,0.0,0.0
45364.118,-112.0,0.0,0.0,0.0,0.0,0.0,0.0,0.0,0.0,0.0,0.0,0.0,0.0,0.0
45374.119,-112.0,1.0,0.0,0.0,0.0,0.0,0.0,0.0,5.0,0.0,0.0,0.0,0.0,0.0
45384.118,-112.0,1.0,0.0,0.0,0.0,0.0,0.0,0.0,0.0,0.0,0.0,0.0,0.0,0.0
45394.118,-112.0,1.0,0.0,0.0,0.0,0.0,0.0,0.0,3.0,0.0,0.0,0.0,0.0,0.0
45404.118,-112.0,1.0,0.0,0.0,0.0,0.0,0.0,0.0,3.0,0.0,0.0,0.0,0.0,0.0
45414.118,-112.0,0.0,0.0,0.0,0.0,0.0,0.0,0.0,3.0,0.0,0.0,0.0,0.0,0.0
45424.118,-112.0,5.0,0.0,0.0,0.0,0.0,0.0,0.0,-1.0,0.0,0.0,0.0,0.0,0.0
45434.118,-112.0,1.0,0.0,0.0,0.0,0.0,0.0,0.0,4.0,0.0,0.0,0.0,0.0,0.0
45444.118,-112.0,0.0,0.0,0.0,0.0,0.0,0.0,0.0,0.0,0.0,0.0,0.0,0.0,0.0
45454.119,-112.0,2.0,0.0,0.0,0.0,0.0,0.0,0.0,3.0,0.0,0.0,0.0,0.0,0.0
45464.118,-112.0,3.0,0.0,0.0,0.0,0.0,0.0,0.0,3.0,0.0,0.0,0.0,0.0,0.0
45474.119,-112.0,4.0,0.0,0.0,0.0,0.0,0.0,0.0,1.0,0.0,0.0,0.0,0.0,0.0
45484.118,-112.0,1.0,0.0,0.0,0.0,0.0,0.0,0.0,2.0,0.0,0.0,0.0,0.0,0.0
45494.118,-112.0,2.0,0.0,0.0,0.0,0.0,0.0,0.0,2.0,0.0,0.0,0.0,0.0,0.0
45504.118,-112.0,1.0,0.0,0.0,0.0,0.0,0.0,0.0,3.0,0.0,0.0,0.0,0.0,0.0
45514.118,-112.0,0.0,0.0,0.0,0.0,0.0,0.0,0.0,1.0,0.0,0.0,0.0,0.0,0.0
45524.119,-112.0,2.0,0.0,0.0,0.0,0.0,0.0,0.0,1.0,0.0,0.0,0.0,0.0,0.0
45534.118,-112.0,3.0,0.0,0.0,0.0,0.0,0.0,0.0,3.0,0.0,0.0,0.0,0.0,0.0
45544.119,-112.0,1.0,0.0,0.0,0.0,0.0,0.0,0.0,0.0,0.0,0.0,0.0,0.0,0.0
45554.118,-112.0,0.0,0.0,0.0,0.0,0.0,0.0,0.0,0.0,0.0,0.0,0.0,0.0,0.0
45564.118,-112.0,2.0,0.0,0.0,0.0,0.0,0.0,0.0,0.0,0.0,0.0,0.0,0.0,0.0
45574.118,-112.0,1.0,0.0,0.0,0.0,0.0,0.0,0.0,1.0,0.0,0.0,0.0,0.0,0.0
45584.118,-112.0,0.0,0.0,0.0,0.0,0.0,0.0,0.0,-1.0,0.0,0.0,0.0,0.0,0.0
45594.118,-112.0,1.0,0.0,0.0,0.0,0.0,0.0,0.0,2.0,0.0,0.0,0.0,0.0,0.0
45604.118,-112.0,1.0,0.0,0.0,0.0,0.0,0.0,0.0,1.0,0.0,0.0,0.0,0.0,0.0
45614.119,-112.0,2.0,0.0,0.0,0.0,0.0,0.0,0.0,-1.0,0.0,0.0,0.0,0.0,0.0
45624.118,-112.0,1.0,0.0,0.0,0.0,0.0,0.0,0.0,0.0,0.0,0.0,0.0,0.0,0.0
45634.118,-112.0,2.0,0.0,0.0,0.0,0.0,0.0,0.0,2.0,0.0,0.0,0.0,0.0,0.0
45644.118,-112.0,1.0,0.0,0.0,0.0,0.0,0.0,0.0,2.0,0.0,0.0,0.0,0.0,0.0
45654.118,-112.0,0.0,0.0,0.0,0.0,0.0,0.0,0.0,2.0,0.0,0.0,0.0,0.0,0.0
45664.118,-112.0,2.0,0.0,0.0,0.0,0.0,0.0,0.0,2.0,0.0,0.0,0.0,0.0,0.0
45674.118,-112.0,0.0,0.0,0.0,0.0,0.0,0.0,0.0,3.0,0.0,0.0,0.0,0.0,0.0
45684.118,-112.0,1.0,0.0,0.0,0.0,0.0,0.0,0.0,2.0,0.0,0.0,0.0,0.0,0.0
45694.119,-112.0,0.0,0.0,0.0,0.0,0.0,0.0,0.0,2.0,0.0,0.0,0.0,0.0,0.0
45704.118,-112.0,1.0,0.0,0.0,0.0,0.0,0.0,0.0,4.0,0.0,0.0,0.0,0.0,0.0
45714.118,-112.0,0.0,0.0,0.0,0.0,0.0,0.0,0.0,1.0,0.0,0.0,0.0,0.0,0.0
45724.118,-112.0,3.0,0.0,0.0,0.0,0.0,0.0,0.0,2.0,0.0,0.0,0.0,0.0,0.0
45734.118,-112.0,-1.0,0.0,0.0,0.0,0.0,0.0,0.0,5.0,0.0,0.0,0.0,0.0,0.0
45744.118,-112.0,1.0,0.0,0.0,0.0,0.0,0.0,0.0,2.0,0.0,0.0,0.0,0.0,0.0
45754.118,-112.0,1.0,0.0,0.0,0.0,0.0,0.0,0.0,2.0,0.0,0.0,0.0,0.0,0.0
45764.118,-112.0,0.0,0.0,0.0,0.0,0.0,0.0,0.0,3.0,0.0,0.0,0.0,0.0,0.0
45774.119,-112.0,1.0,0.0,0.0,0.0,0.0,0.0,0.0,0.0,0.0,0.0,0.0,0.0,0.0
45784.118,-112.0,-1.0,0.0,0.0,0.0,0.0,0.0,0.0,0.0,0.0,0.0,0.0,0.0,0.0
45794.119,-112.0,0.0,0.0,0.0,0.0,0.0,0.0,0.0,0.0,0.0,0.0,0.0,0.0,0.0
45804.118,-112.0,1.0,0.0,0.0,0.0,0.0,0.0,0.0,4.0,0.0,0.0,0.0,0.0,0.0
45814.118,-112.0,3.0,0.0,0.0,0.0,0.0,0.0,0.0,1.0,0.0,0.0,0.0,0.0,0.0
45824.118,-112.0,0.0,0.0,0.0,0.0,0.0,0.0,0.0,3.0,0.0,0.0,0.0,0.0,0.0
45834.118,-112.0,-2.0,0.0,0.0,0.0,0.0,0.0,0.0,2.0,0.0,0.0,0.0,0.0,0.0
45844.119,-112.0,3.0,0.0,0.0,0.0,0.0,0.0,0.0,-1.0,0.0,0.0,0.0,0.0,0.0
45854.118,-112.0,3.0,0.0,0.0,0.0,0.0,0.0,0.0,0.0,0.0,0.0,0.0,0.0,0.0
45864.119,-112.0,2.0,0.0,0.0,0.0,0.0,0.0,0.0,0.0,0.0,0.0,0.0,0.0,0.0
45874.118,-112.0,0.0,0.0,0.0,0.0,0.0,0.0,0.0,-1.0,0.0,0.0,0.0,0.0,0.0
45884.118,-112.0,-1.0,0.0,0.0,0.0,0.0,0.0,0.0,1.0,0.0,0.0,0.0,0.0,0.0
45894.118,-112.0,1.0,0.0,0.0,0.0,0.0,0.0,0.0,3.0,0.0,0.0,0.0,0.0,0.0
45904.118,-112.0,3.0,0.0,0.0,0.0,0.0,0.0,0.0,2.0,0.0,0.0,0.0,0.0,0.0
45914.118,-112.0,3.0,0.0,0.0,0.0,0.0,0.0,0.0,1.0,0.0,0.0,0.0,0.0,0.0
45924.118,-112.0,2.0,0.0,0.0,0.0,0.0,0.0,0.0,2.0,0.0,0.0,0.0,0.0,0.0
45934.119,-112.0,1.0,0.0,0.0,0.0,0.0,0.0,0.0,2.0,0.0,0.0,0.0,0.0,0.0
45944.118,-112.0,3.0,0.0,0.0,0.0,0.0,0.0,0.0,4.0,0.0,0.0,0.0,0.0,0.0
45954.118,-112.0,1.0,0.0,0.0,0.0,0.0,0.0,0.0,3.0,0.0,0.0,0.0,0.0,0.0
45964.118,-112.0,-1.0,0.0,0.0,0.0,0.0,0.0,0.0,3.0,0.0,0.0,0.0,0.0,0.0
45974.118,-112.0,0.0,0.0,0.0,0.0,0.0,0.0,0.0,5.0,0.0,0.0,0.0,0.0,0.0
45984.118,-112.0,0.0,0.0,0.0,0.0,0.0,0.0,0.0,-1.0,0.0,0.0,0.0,0.0,0.0
45994.118,-112.0,0.0,0.0,0.0,0.0,0.0,0.0,0.0,2.0,0.0,0.0,0.0,0.0,0.0
46004.118,-112.0,3.0,0.0,0.0,0.0,0.0,0.0,0.0,2.0,0.0,0.0,0.0,0.0,0.0
46014.119,-112.0,2.0,0.0,0.0,0.0,0.0,0.0,0.0,0.0,0.0,0.0,0.0,0.0,0.0
46024.118,-112.0,2.0,0.0,0.0,0.0,0.0,0.0,0.0,2.0,0.0,0.0,0.0,0.0,0.0
46034.118,-112.0,1.0,0.0,0.0,0.0,0.0,0.0,0.0,-1.0,0.0,0.0,0.0,0.0,0.0
46044.118,-112.0,0.0,0.0,0.0,0.0,0.0,0.0,0.0,2.0,0.0,0.0,0.0,0.0,0.0
46054.118,-112.0,2.0,0.0,0.0,0.0,0.0,0.0,0.0,5.0,0.0,0.0,0.0,0.0,0.0
46064.118,-112.0,1.0,0.0,0.0,0.0,0.0,0.0,0.0,3.0,0.0,0.0,0.0,0.0,0.0
46074.118,-112.0,2.0,0.0,0.0,0.0,0.0,0.0,0.0,-2.0,0.0,0.0,0.0,0.0,0.0
46084.118,-112.0,2.0,0.0,0.0,0.0,0.0,0.0,0.0,-1.0,0.0,0.0,0.0,0.0,0.0
46094.119,-112.0,0.0,0.0,0.0,0.0,0.0,0.0,0.0,3.0,0.0,0.0,0.0,0.0,0.0
46104.118,-112.0,-1.0,0.0,0.0,0.0,0.0,0.0,0.0,3.0,0.0,0.0,0.0,0.0,0.0
46114.119,-112.0,0.0,0.0,0.0,0.0,0.0,0.0,0.0,1.0,0.0,0.0,0.0,0.0,0.0
46124.118,-112.0,2.0,0.0,0.0,0.0,0.0,0.0,0.0,0.0,0.0,0.0,0.0,0.0,0.0
46134.118,-112.0,0.0,0.0,0.0,0.0,0.0,0.0,0.0,4.0,0.0,0.0,0.0,0.0,0.0
46144.118,-112.0,0.0,0.0,0.0,0.0,0.0,0.0,0.0,-1.0,0.0,0.0,0.0,0.0,0.0
46154.118,-112.0,0.0,0.0,0.0,0.0,0.0,0.0,0.0,4.0,0.0,0.0,0.0,0.0,0.0
46164.119,-112.0,1.0,0.0,0.0,0.0,0.0,0.0,0.0,1.0,0.0,0.0,0.0,0.0,0.0
46174.118,-112.0,1.0,0.0,0.0,0.0,0.0,0.0,0.0,3.0,0.0,0.0,0.0,0.0,0.0
46184.119,-112.0,3.0,0.0,0.0,0.0,0.0,0.0,0.0,3.0,0.0,0.0,0.0,0.0,0.0
46194.118,-112.0,0.0,0.0,0.0,0.0,0.0,0.0,0.0,4.0,0.0,0.0,0.0,0.0,0.0
46204.118,-112.0,2.0,0.0,0.0,0.0,0.0,0.0,0.0,2.0,0.0,0.0,0.0,0.0,0.0
46214.118,-112.0,0.0,0.0,0.0,0.0,0.0,0.0,0.0,2.0,0.0,0.0,0.0,0.0,0.0
46224.118,-112.0,2.0,0.0,0.0,0.0,0.0,0.0,0.0,1.0,0.0,0.0,0.0,0.0,0.0
46234.118,-112.0,0.0,0.0,0.0,0.0,0.0,0.0,0.0,1.0,0.0,0.0,0.0,0.0,0.0
46244.118,-112.0,0.0,0.0,0.0,0.0,0.0,0.0,0.0,1.0,0.0,0.0,0.0,0.0,0.0
46254.119,-112.0,0.0,0.0,0.0,0.0,0.0,0.0,0.0,3.0,0.0,0.0,0.0,0.0,0.0
46264.118,-112.0,2.0,0.0,0.0,0.0,0.0,0.0,0.0,0.0,0.0,0.0,0.0,0.0,0.0
46274.118,-112.0,3.0,0.0,0.0,0.0,0.0,0.0,0.0,0.0,0.0,0.0,0.0,0.0,0.0
46284.118,-112.0,2.0,0.0,0.0,0.0,0.0,0.0,0.0,-1.0,0.0,0.0,0.0,0.0,0.0
46294.118,-112.0,2.0,0.0,0.0,0.0,0.0,0.0,0.0,-1.0,0.0,0.0,0.0,0.0,0.0
46304.118,-112.0,2.0,0.0,0.0,0.0,0.0,0.0,0.0,0.0,0.0,0.0,0.0,0.0,0.0
46314.118,-112.0,1.0,0.0,0.0,0.0,0.0,0.0,0.0,3.0,0.0,0.0,0.0,0.0,0.0
46324.118,-112.0,3.0,0.0,0.0,0.0,0.0,0.0,0.0,2.0,0.0,0.0,0.0,0.0,0.0
46334.119,-112.0,1.0,0.0,0.0,0.0,0.0,0.0,0.0,3.0,0.0,0.0,0.0,0.0,0.0
46344.118,-112.0,1.0,0.0,0.0,0.0,0.0,0.0,0.0,0.0,0.0,0.0,0.0,0.0,0.0
46354.118,-112.0,0.0,0.0,0.0,0.0,0.0,0.0,0.0,2.0,0.0,0.0,0.0,0.0,0.0
46364.118,-112.0,0.0,0.0,0.0,0.0,0.0,0.0,0.0,-1.0,0.0,0.0,0.0,0.0,0.0
46374.118,-112.0,1.0,0.0,0.0,0.0,0.0,0.0,0.0,-1.0,0.0,0.0,0.0,0.0,0.0
46384.118,-112.0,3.0,0.0,0.0,0.0,0.0,0.0,0.0,0.0,0.0,0.0,0.0,0.0,0.0
46394.118,-112.0,2.0,0.0,0.0,0.0,0.0,0.0,0.0,2.0,0.0,0.0,0.0,0.0,0.0
46404.118,-112.0,1.0,0.0,0.0,0.0,0.0,0.0,0.0,1.0,0.0,0.0,0.0,0.0,0.0
46414.119,-112.0,2.0,0.0,0.0,0.0,0.0,0.0,0.0,0.0,0.0,0.0,0.0,0.0,0.0
46424.118,-112.0,4.0,0.0,0.0,0.0,0.0,0.0,0.0,-1.0,0.0,0.0,0.0,0.0,0.0
46434.119,-112.0,2.0,0.0,0.0,0.0,0.0,0.0,0.0,0.0,0.0,0.0,0.0,0.0,0.0
46444.118,-112.0,3.0,0.0,0.0,0.0,0.0,0.0,0.0,1.0,0.0,0.0,0.0,0.0,0.0
46454.118,-112.0,3.0,0.0,0.0,0.0,0.0,0.0,0.0,4.0,0.0,0.0,0.0,0.0,0.0
46464.118,-112.0,1.0,0.0,0.0,0.0,0.0,0.0,0.0,1.0,0.0,0.0,0.0,0.0,0.0
46474.118,-112.0,2.0,0.0,0.0,0.0,0.0,0.0,0.0,2.0,0.0,0.0,0.0,0.0,0.0
46484.119,-112.0,0.0,0.0,0.0,0.0,0.0,0.0,0.0,2.0,0.0,0.0,0.0,0.0,0.0
46494.118,-112.0,0.0,0.0,0.0,0.0,0.0,0.0,0.0,-1.0,0.0,0.0,0.0,0.0,0.0
46504.119,-112.0,4.0,0.0,0.0,0.0,0.0,0.0,0.0,2.0,0.0,0.0,0.0,0.0,0.0
46514.118,-112.0,3.0,0.0,0.0,0.0,0.0,0.0,0.0,1.0,0.0,0.0,0.0,0.0,0.0
46524.118,-112.0,3.0,0.0,0.0,0.0,0.0,0.0,0.0,-2.0,0.0,0.0,0.0,0.0,0.0
46534.118,-112.0,3.0,0.0,0.0,0.0,0.0,0.0,0.0,1.0,0.0,0.0,0.0,0.0,0.0
46544.118,-112.0,-1.0,0.0,0.0,0.0,0.0,0.0,0.0,4.0,0.0,0.0,0.0,0.0,0.0
46554.118,-112.0,0.0,0.0,0.0,0.0,0.0,0.0,0.0,3.0,0.0,0.0,0.0,0.0,0.0
46564.118,-112.0,3.0,0.0,0.0,0.0,0.0,0.0,0.0,-1.0,0.0,0.0,0.0,0.0,0.0
46574.119,-112.0,4.0,0.0,0.0,0.0,0.0,0.0,0.0,0.0,0.0,0.0,0.0,0.0,0.0
46584.118,-112.0,2.0,0.0,0.0,0.0,0.0,0.0,0.0,2.0,0.0,0.0,0.0,0.0,0.0
46594.118,-112.0,0.0,0.0,0.0,0.0,0.0,0.0,0.0,1.0,0.0,0.0,0.0,0.0,0.0
46604.118,-112.0,0.0,0.0,0.0,0.0,0.0,0.0,0.0,1.0,0.0,0.0,0.0,0.0,0.0
46614.118,-112.0,0.0,0.0,0.0,0.0,0.0,0.0,0.0,2.0,0.0,0.0,0.0,0.0,0.0
46624.118,-112.0,1.0,0.0,0.0,0.0,0.0,0.0,0.0,3.0,0.0,0.0,0.0,0.0,0.0
46634.118,-112.0,2.0,0.0,0.0,0.0,0.0,0.0,0.0,0.0,0.0,0.0,0.0,0.0,0.0
46644.118,-112.0,0.0,0.0,0.0,0.0,0.0,0.0,0.0,0.0,0.0,0.0,0.0,0.0,0.0
46654.119,-112.0,1.0,0.0,0.0,0.0,0.0,0.0,0.0,2.0,0.0,0.0,0.0,0.0,0.0
46664.118,-112.0,1.0,0.0,0.0,0.0,0.0,0.0,0.0,2.0,0.0,0.0,0.0,0.0,0.0
46674.118,-112.0,3.0,0.0,0.0,0.0,0.0,0.0,0.0,3.0,0.0,0.0,0.0,0.0,0.0
46684.118,-112.0,-1.0,0.0,0.0,0.0,0.0,0.0,0.0,2.0,0.0,0.0,0.0,0.0,0.0
46694.118,-112.0,1.0,0.0,0.0,0.0,0.0,0.0,0.0,1.0,0.0,0.0,0.0,0.0,0.0
46704.118,-112.0,0.0,0.0,0.0,0.0,0.0,0.0,0.0,1.0,0.0,0.0,0.0,0.0,0.0
46714.118,-112.0,-1.0,0.0,0.0,0.0,0.0,0.0,0.0,3.0,0.0,0.0,0.0,0.0,0.0
46724.118,-112.0,1.0,0.0,0.0,0.0,0.0,0.0,0.0,1.0,0.0,0.0,0.0,0.0,0.0
46734.119,-112.0,2.0,0.0,0.0,0.0,0.0,0.0,0.0,4.0,0.0,0.0,0.0,0.0,0.0
46744.118,-112.0,0.0,0.0,0.0,0.0,0.0,0.0,0.0,0.0,0.0,0.0,0.0,0.0,0.0
46754.119,-112.0,1.0,0.0,0.0,0.0,0.0,0.0,0.0,0.0,0.0,0.0,0.0,0.0,0.0
46764.118,-112.0,2.0,0.0,0.0,0.0,0.0,0.0,0.0,3.0,0.0,0.0,0.0,0.0,0.0
46774.118,-112.0,0.0,0.0,0.0,0.0,0.0,0.0,0.0,1.0,0.0,0.0,0.0,0.0,0.0
46784.118,-112.0,1.0,0.0,0.0,0.0,0.0,0.0,0.0,4.0,0.0,0.0,0.0,0.0,0.0
46794.118,-112.0,1.0,0.0,0.0,0.0,0.0,0.0,0.0,2.0,0.0,0.0,0.0,0.0,0.0
46804.119,-112.0,-2.0,0.0,0.0,0.0,0.0,0.0,0.0,0.0,0.0,0.0,0.0,0.0,0.0
46814.118,-112.0,0.0,0.0,0.0,0.0,0.0,0.0,0.0,1.0,0.0,0.0,0.0,0.0,0.0
46824.119,-112.0,1.0,0.0,0.0,0.0,0.0,0.0,0.0,2.0,0.0,0.0,0.0,0.0,0.0
46834.118,-112.0,2.0,0.0,0.0,0.0,0.0,0.0,0.0,-2.0,0.0,0.0,0.0,0.0,0.0
46844.118,-112.0,2.0,0.0,0.0,0.0,0.0,0.0,0.0,0.0,0.0,0.0,0.0,0.0,0.0
46854.118,-112.0,-1.0,0.0,0.0,0.0,0.0,0.0,0.0,2.0,0.0,0.0,0.0,0.0,0.0
46864.118,-112.0,3.0,0.0,0.0,0.0,0.0,0.0,0.0,5.0,0.0,0.0,0.0,0.0,0.0
46874.118,-112.0,3.0,0.0,0.0,0.0,0.0,0.0,0.0,4.0,0.0,0.0,0.0,0.0,0.0
46884.118,-112.0,4.0,0.0,0.0,0.0,0.0,0.0,0.0,2.0,0.0,0.0,0.0,0.0,0.0
46894.119,-112.0,0.0,0.0,0.0,0.0,0.0,0.0,0.0,1.0,0.0,0.0,0.0,0.0,0.0
46904.118,-112.0,4.0,0.0,0.0,0.0,0.0,0.0,0.0,3.0,0.0,0.0,0.0,0.0,0.0
46914.118,-112.0,-1.0,0.0,0.0,0.0,0.0,0.0,0.0,-1.0,0.0,0.0,0.0,0.0,0.0
46924.118,-112.0,2.0,0.0,0.0,0.0,0.0,0.0,0.0,2.0,0.0,0.0,0.0,0.0,0.0
46934.118,-112.0,2.0,0.0,0.0,0.0,0.0,0.0,0.0,-1.0,0.0,0.0,0.0,0.0,0.0
46944.118,-112.0,1.0,0.0,0.0,0.0,0.0,0.0,0.0,0.0,0.0,0.0,0.0,0.0,0.0
46954.118,-112.0,1.0,0.0,0.0,0.0,0.0,0.0,0.0,2.0,0.0,0.0,0.0,0.0,0.0
46964.118,-112.0,3.0,0.0,0.0,0.0,0.0,0.0,0.0,-1.0,0.0,0.0,0.0,0.0,0.0
46974.119,-112.0,3.0,0.0,0.0,0.0,0.0,0.0,0.0,4.0,0.0,0.0,0.0,0.0,0.0
46984.118,-112.0,2.0,0.0,0.0,0.0,0.0,0.0,0.0,2.0,0.0,0.0,0.0,0.0,0.0
46994.118,-112.0,1.0,0.0,0.0,0.0,0.0,0.0,0.0,0.0,0.0,0.0,0.0,0.0,0.0
47004.118,-112.0,1.0,0.0,0.0,0.0,0.0,0.0,0.0,1.0,0.0,0.0,0.0,0.0,0.0
47014.118,-112.0,-1.0,0.0,0.0,0.0,0.0,0.0,0.0,2.0,0.0,0.0,0.0,0.0,0.0
47024.118,-112.0,-1.0,0.0,0.0,0.0,0.0,0.0,0.0,0.0,0.0,0.0,0.0,0.0,0.0
47034.118,-112.0,0.0,0.0,0.0,0.0,0.0,0.0,0.0,1.0,0.0,0.0,0.0,0.0,0.0
47044.118,-112.0,2.0,0.0,0.0,0.0,0.0,0.0,0.0,0.0,0.0,0.0,0.0,0.0,0.0
47054.119,-112.0,2.0,0.0,0.0,0.0,0.0,0.0,0.0,-1.0,0.0,0.0,0.0,0.0,0.0
47064.118,-112.0,1.0,0.0,0.0,0.0,0.0,0.0,0.0,2.0,0.0,0.0,0.0,0.0,0.0
47074.119,-112.0,2.0,0.0,0.0,0.0,0.0,0.0,0.0,1.0,0.0,0.0,0.0,0.0,0.0
47084.118,-112.0,0.0,0.0,0.0,0.0,0.0,0.0,0.0,2.0,0.0,0.0,0.0,0.0,0.0
47094.118,-112.0,1.0,0.0,0.0,0.0,0.0,0.0,0.0,1.0,0.0,0.0,0.0,0.0,0.0
47104.118,-112.0,0.0,0.0,0.0,0.0,0.0,0.0,0.0,0.0,0.0,0.0,0.0,0.0,0.0
47114.118,-112.0,0.0,0.0,0.0,0.0,0.0,0.0,0.0,-1.0,0.0,0.0,0.0,0.0,0.0
47124.119,-112.0,0.0,0.0,0.0,0.0,0.0,0.0,0.0,5.0,0.0,0.0,0.0,0.0,0.0
47134.118,-112.0,0.0,0.0,0.0,0.0,0.0,0.0,0.0,2.0,0.0,0.0,0.0,0.0,0.0
47144.119,-112.0,3.0,0.0,0.0,0.0,0.0,0.0,0.0,1.0,0.0,0.0,0.0,0.0,0.0
47154.118,-112.0,3.0,0.0,0.0,0.0,0.0,0.0,0.0,1.0,0.0,0.0,0.0,0.0,0.0
47164.118,-112.0,1.0,0.0,0.0,0.0,0.0,0.0,0.0,0.0,0.0,0.0,0.0,0.0,0.0
47174.118,-112.0,0.0,0.0,0.0,0.0,0.0,0.0,0.0,-1.0,0.0,0.0,0.0,0.0,0.0
47184.118,-112.0,-1.0,0.0,0.0,0.0,0.0,0.0,0.0,2.0,0.0,0.0,0.0,0.0,0.0
47194.118,-112.0,3.0,0.0,0.0,0.0,0.0,0.0,0.0,1.0,0.0,0.0,0.0,0.0,0.0
47204.118,-112.0,3.0,0.0,0.0,0.0,0.0,0.0,0.0,1.0,0.0,0.0,0.0,0.0,0.0
47214.119,-112.0,1.0,0.0,0.0,0.0,0.0,0.0,0.0,3.0,0.0,0.0,0.0,0.0,0.0
47224.118,-112.0,4.0,0.0,0.0,0.0,0.0,0.0,0.0,1.0,0.0,0.0,0.0,0.0,0.0
47234.118,-112.0,3.0,0.0,0.0,0.0,0.0,0.0,0.0,-3.0,0.0,0.0,0.0,0.0,0.0
47244.118,-112.0,2.0,0.0,0.0,0.0,0.0,0.0,0.0,4.0,0.0,0.0,0.0,0.0,0.0
47254.118,-112.0,1.0,0.0,0.0,0.0,0.0,0.0,0.0,0.0,0.0,0.0,0.0,0.0,0.0
47264.118,-112.0,1.0,0.0,0.0,0.0,0.0,0.0,0.0,2.0,0.0,0.0,0.0,0.0,0.0
47274.118,-112.0,5.0,0.0,0.0,0.0,0.0,0.0,0.0,4.0,0.0,0.0,0.0,0.0,0.0
47284.118,-112.0,2.0,0.0,0.0,0.0,0.0,0.0,0.0,1.0,0.0,0.0,0.0,0.0,0.0
47294.119,-112.0,1.0,0.0,0.0,0.0,0.0,0.0,0.0,3.0,0.0,0.0,0.0,0.0,0.0
47304.118,-112.0,2.0,0.0,0.0,0.0,0.0,0.0,0.0,3.0,0.0,0.0,0.0,0.0,0.0
47314.118,-112.0,0.0,0.0,0.0,0.0,0.0,0.0,0.0,0.0,0.0,0.0,0.0,0.0,0.0
47324.118,-112.0,3.0,0.0,0.0,0.0,0.0,0.0,0.0,2.0,0.0,0.0,0.0,0.0,0.0
47334.118,-112.0,0.0,0.0,0.0,0.0,0.0,0.0,0.0,0.0,0.0,0.0,0.0,0.0,0.0
47344.118,-112.0,2.0,0.0,0.0,0.0,0.0,0.0,0.0,-1.0,0.0,0.0,0.0,0.0,0.0
47354.118,-112.0,1.0,0.0,0.0,0.0,0.0,0.0,0.0,1.0,0.0,0.0,0.0,0.0,0.0
47364.118,-112.0,1.0,0.0,0.0,0.0,0.0,0.0,0.0,1.0,0.0,0.0,0.0,0.0,0.0
47374.119,-112.0,-1.0,0.0,0.0,0.0,0.0,0.0,0.0,1.0,0.0,0.0,0.0,0.0,0.0
47384.118,-112.0,2.0,0.0,0.0,0.0,0.0,0.0,0.0,-1.0,0.0,0.0,0.0,0.0,0.0
47394.119,-112.0,1.0,0.0,0.0,0.0,0.0,0.0,0.0,3.0,0.0,0.0,0.0,0.0,0.0
47404.118,-112.0,0.0,0.0,0.0,0.0,0.0,0.0,0.0,1.0,0.0,0.0,0.0,0.0,0.0
47414.118,-112.0,0.0,0.0,0.0,0.0,0.0,0.0,0.0,3.0,0.0,0.0,0.0,0.0,0.0
47424.118,-112.0,3.0,0.0,0.0,0.0,0.0,0.0,0.0,1.0,0.0,0.0,0.0,0.0,0.0
47434.118,-112.0,1.0,0.0,0.0,0.0,0.0,0.0,0.0,0.0,0.0,0.0,0.0,0.0,0.0
47444.119,-112.0,2.0,0.0,0.0,0.0,0.0,0.0,0.0,3.0,0.0,0.0,0.0,0.0,0.0
47454.118,-112.0,2.0,0.0,0.0,0.0,0.0,0.0,0.0,2.0,0.0,0.0,0.0,0.0,0.0
47464.119,-112.0,0.0,0.0,0.0,0.0,0.0,0.0,0.0,3.0,0.0,0.0,0.0,0.0,0.0
47474.118,-112.0,3.0,0.0,0.0,0.0,0.0,0.0,0.0,4.0,0.0,0.0,0.0,0.0,0.0
47484.118,-112.0,-1.0,0.0,0.0,0.0,0.0,0.0,0.0,-1.0,0.0,0.0,0.0,0.0,0.0
47494.118,-112.0,3.0,0.0,0.0,0.0,0.0,0.0,0.0,3.0,0.0,0.0,0.0,0.0,0.0
47504.118,-112.0,-1.0,0.0,0.0,0.0,0.0,0.0,0.0,3.0,0.0,0.0,0.0,0.0,0.0
47514.118,-112.0,2.0,0.0,0.0,0.0,0.0,0.0,0.0,0.0,0.0,0.0,0.0,0.0,0.0
47524.118,-112.0,-1.0,0.0,0.0,0.0,0.0,0.0,0.0,3.0,0.0,0.0,0.0,0.0,0.0
47534.118,-112.0,2.0,0.0,0.0,0.0,0.0,0.0,0.0,-1.0,0.0,0.0,0.0,0.0,0.0
47544.119,-112.0,4.0,0.0,0.0,0.0,0.0,0.0,0.0,1.0,0.0,0.0,0.0,0.0,0.0
47554.118,-112.0,4.0,0.0,0.0,0.0,0.0,0.0,0.0,0.0,0.0,0.0,0.0,0.0,0.0
47564.118,-112.0,3.0,0.0,0.0,0.0,0.0,0.0,0.0,1.0,0.0,0.0,0.0,0.0,0.0
47574.118,-112.0,0.0,0.0,0.0,0.0,0.0,0.0,0.0,4.0,0.0,0.0,0.0,0.0,0.0
47584.118,-112.0,3.0,0.0,0.0,0.0,0.0,0.0,0.0,2.0,0.0,0.0,0.0,0.0,0.0
47594.118,-112.0,3.0,0.0,0.0,0.0,0.0,0.0,0.0,1.0,0.0,0.0,0.0,0.0,0.0
47604.118,-112.0,0.0,0.0,0.0,0.0,0.0,0.0,0.0,1.0,0.0,0.0,0.0,0.0,0.0
47614.118,-112.0,1.0,0.0,0.0,0.0,0.0,0.0,0.0,2.0,0.0,0.0,0.0,0.0,0.0
47624.119,-112.0,1.0,0.0,0.0,0.0,0.0,0.0,0.0,1.0,0.0,0.0,0.0,0.0,0.0
47634.118,-112.0,0.0,0.0,0.0,0.0,0.0,0.0,0.0,1.0,0.0,0.0,0.0,0.0,0.0
47644.118,-112.0,0.0,0.0,0.0,0.0,0.0,0.0,0.0,3.0,0.0,0.0,0.0,0.0,0.0
47654.118,-112.0,1.0,0.0,0.0,0.0,0.0,0.0,0.0,1.0,0.0,0.0,0.0,0.0,0.0
47664.118,-112.0,5.0,0.0,0.0,0.0,0.0,0.0,0.0,3.0,0.0,0.0,0.0,0.0,0.0
47674.118,-112.0,0.0,0.0,0.0,0.0,0.0,0.0,0.0,0.0,0.0,0.0,0.0,0.0,0.0
47684.118,-112.0,0.0,0.0,0.0,0.0,0.0,0.0,0.0,1.0,0.0,0.0,0.0,0.0,0.0
47694.118,-112.0,0.0,0.0,0.0,0.0,0.0,0.0,0.0,3.0,0.0,0.0,0.0,0.0,0.0
47704.119,-112.0,4.0,0.0,0.0,0.0,0.0,0.0,0.0,4.0,0.0,0.0,0.0,0.0,0.0
47714.118,-112.0,0.0,0.0,0.0,0.0,0.0,0.0,0.0,0.0,0.0,0.0,0.0,0.0,0.0
47724.118,-112.0,1.0,0.0,0.0,0.0,0.0,0.0,0.0,2.0,0.0,0.0,0.0,0.0,0.0
47734.118,-112.0,0.0,0.0,0.0,0.0,0.0,0.0,0.0,-2.0,0.0,0.0,0.0,0.0,0.0
47744.118,-112.0,0.0,0.0,0.0,0.0,0.0,0.0,0.0,-2.0,0.0,0.0,0.0,0.0,0.0
47754.118,-112.0,0.0,0.0,0.0,0.0,0.0,0.0,0.0,1.0,0.0,0.0,0.0,0.0,0.0
47764.118,-112.0,2.0,0.0,0.0,0.0,0.0,0.0,0.0,1.0,0.0,0.0,0.0,0.0,0.0
47774.119,-112.0,0.0,0.0,0.0,0.0,0.0,0.0,0.0,2.0,0.0,0.0,0.0,0.0,0.0
47784.119,-112.0,0.0,0.0,0.0,0.0,0.0,0.0,0.0,5.0,0.0,0.0,0.0,0.0,0.0
47794.118,-112.0,1.0,0.0,0.0,0.0,0.0,0.0,0.0,3.0,0.0,0.0,0.0,0.0,0.0
47804.118,-112.0,-1.0,0.0,0.0,0.0,0.0,0.0,0.0,2.0,0.0,0.0,0.0,0.0,0.0
47814.118,-112.0,0.0,0.0,0.0,0.0,0.0,0.0,0.0,1.0,0.0,0.0,0.0,0.0,0.0
47824.118,-112.0,1.0,0.0,0.0,0.0,0.0,0.0,0.0,3.0,0.0,0.0,0.0,0.0,0.0
47834.118,-112.0,0.0,0.0,0.0,0.0,0.0,0.0,0.0,1.0,0.0,0.0,0.0,0.0,0.0
47844.118,-112.0,0.0,0.0,0.0,0.0,0.0,0.0,0.0,2.0,0.0,0.0,0.0,0.0,0.0
47854.119,-112.0,3.0,0.0,0.0,0.0,0.0,0.0,0.0,2.0,0.0,0.0,0.0,0.0,0.0
47864.118,-112.0,1.0,0.0,0.0,0.0,0.0,0.0,0.0,3.0,0.0,0.0,0.0,0.0,0.0
47874.118,-112.0,3.0,0.0,0.0,0.0,0.0,0.0,0.0,1.0,0.0,0.0,0.0,0.0,0.0
47884.118,-112.0,2.0,0.0,0.0,0.0,0.0,0.0,0.0,2.0,0.0,0.0,0.0,0.0,0.0
47894.118,-112.0,0.0,0.0,0.0,0.0,0.0,0.0,0.0,4.0,0.0,0.0,0.0,0.0,0.0
47904.118,-112.0,0.0,0.0,0.0,0.0,0.0,0.0,0.0,1.0,0.0,0.0,0.0,0.0,0.0
47914.118,-112.0,1.0,0.0,0.0,0.0,0.0,0.0,0.0,2.0,0.0,0.0,0.0,0.0,0.0
47924.118,-112.0,1.0,0.0,0.0,0.0,0.0,0.0,0.0,6.0,0.0,0.0,0.0,0.0,0.0
47934.119,-112.0,3.0,0.0,0.0,0.0,0.0,0.0,0.0,3.0,0.0,0.0,0.0,0.0,0.0
47944.118,-112.0,0.0,0.0,0.0,0.0,0.0,0.0,0.0,4.0,0.0,0.0,0.0,0.0,0.0
47954.118,-112.0,2.0,0.0,0.0,0.0,0.0,0.0,0.0,0.0,0.0,0.0,0.0,0.0,0.0
47964.118,-112.0,2.0,0.0,0.0,0.0,0.0,0.0,0.0,3.0,0.0,0.0,0.0,0.0,0.0
47974.118,-112.0,1.0,0.0,0.0,0.0,0.0,0.0,0.0,-1.0,0.0,0.0,0.0,0.0,0.0
47984.118,-112.0,2.0,0.0,0.0,0.0,0.0,0.0,0.0,2.0,0.0,0.0,0.0,0.0,0.0
47994.118,-112.0,1.0,0.0,0.0,0.0,0.0,0.0,0.0,2.0,0.0,0.0,0.0,0.0,0.0
48004.118,-112.0,0.0,0.0,0.0,0.0,0.0,0.0,0.0,4.0,0.0,0.0,0.0,0.0,0.0
48014.119,-112.0,2.0,0.0,0.0,0.0,0.0,0.0,0.0,1.0,0.0,0.0,0.0,0.0,0.0
48024.118,-112.0,1.0,0.0,0.0,0.0,0.0,0.0,0.0,1.0,0.0,0.0,0.0,0.0,0.0
48034.119,-112.0,1.0,0.0,0.0,0.0,0.0,0.0,0.0,3.0,0.0,0.0,0.0,0.0,0.0
48044.118,-112.0,3.0,0.0,0.0,0.0,0.0,0.0,0.0,1.0,0.0,0.0,0.0,0.0,0.0
48054.118,-112.0,-1.0,0.0,0.0,0.0,0.0,0.0,0.0,3.0,0.0,0.0,0.0,0.0,0.0
48064.118,-112.0,1.0,0.0,0.0,0.0,0.0,0.0,0.0,0.0,0.0,0.0,0.0,0.0,0.0
48074.118,-112.0,3.0,0.0,0.0,0.0,0.0,0.0,0.0,4.0,0.0,0.0,0.0,0.0,0.0
48084.119,-112.0,2.0,0.0,0.0,0.0,0.0,0.0,0.0,-1.0,0.0,0.0,0.0,0.0,0.0
48094.118,-112.0,3.0,0.0,0.0,0.0,0.0,0.0,0.0,3.0,0.0,0.0,0.0,0.0,0.0
48104.119,-112.0,2.0,0.0,0.0,0.0,0.0,0.0,0.0,-1.0,0.0,0.0,0.0,0.0,0.0
48114.118,-112.0,1.0,0.0,0.0,0.0,0.0,0.0,0.0,1.0,0.0,0.0,0.0,0.0,0.0
48124.118,-112.0,1.0,0.0,0.0,0.0,0.0,0.0,0.0,0.0,0.0,0.0,0.0,0.0,0.0
48134.118,-112.0,3.0,0.0,0.0,0.0,0.0,0.0,0.0,0.0,0.0,0.0,0.0,0.0,0.0
48144.118,-112.0,1.0,0.0,0.0,0.0,0.0,0.0,0.0,0.0,0.0,0.0,0.0,0.0,0.0
48154.118,-112.0,-1.0,0.0,0.0,0.0,0.0,0.0,0.0,3.0,0.0,0.0,0.0,0.0,0.0
48164.118,-112.0,1.0,0.0,0.0,0.0,0.0,0.0,0.0,2.0,0.0,0.0,0.0,0.0,0.0
48174.119,-112.0,3.0,0.0,0.0,0.0,0.0,0.0,0.0,3.0,0.0,0.0,0.0,0.0,0.0
48184.118,-112.0,0.0,0.0,0.0,0.0,0.0,0.0,0.0,1.0,0.0,0.0,0.0,0.0,0.0
48194.118,-112.0,2.0,0.0,0.0,0.0,0.0,0.0,0.0,2.0,0.0,0.0,0.0,0.0,0.0
48204.118,-112.0,2.0,0.0,0.0,0.0,0.0,0.0,0.0,3.0,0.0,0.0,0.0,0.0,0.0
48214.118,-112.0,2.0,0.0,0.0,0.0,0.0,0.0,0.0,1.0,0.0,0.0,0.0,0.0,0.0
48224.118,-112.0,0.0,0.0,0.0,0.0,0.0,0.0,0.0,-1.0,0.0,0.0,0.0,0.0,0.0
48234.118,-112.0,2.0,0.0,0.0,0.0,0.0,0.0,0.0,3.0,0.0,0.0,0.0,0.0,0.0
48244.118,-112.0,0.0,0.0,0.0,0.0,0.0,0.0,0.0,0.0,0.0,0.0,0.0,0.0,0.0
48254.119,-112.0,-1.0,0.0,0.0,0.0,0.0,0.0,0.0,2.0,0.0,0.0,0.0,0.0,0.0
48264.118,-112.0,2.0,0.0,0.0,0.0,0.0,0.0,0.0,3.0,0.0,0.0,0.0,0.0,0.0
48274.118,-112.0,0.0,0.0,0.0,0.0,0.0,0.0,0.0,1.0,0.0,0.0,0.0,0.0,0.0
48284.118,-112.0,2.0,0.0,0.0,0.0,0.0,0.0,0.0,1.0,0.0,0.0,0.0,0.0,0.0
48294.118,-112.0,1.0,0.0,0.0,0.0,0.0,0.0,0.0,2.0,0.0,0.0,0.0,0.0,0.0
48304.118,-112.0,2.0,0.0,0.0,0.0,0.0,0.0,0.0,2.0,0.0,0.0,0.0,0.0,0.0
48314.118,-112.0,-2.0,0.0,0.0,0.0,0.0,0.0,0.0,3.0,0.0,0.0,0.0,0.0,0.0
48324.118,-112.0,3.0,0.0,0.0,0.0,0.0,0.0,0.0,2.0,0.0,0.0,0.0,0.0,0.0
48334.119,-112.0,1.0,0.0,0.0,0.0,0.0,0.0,0.0,1.0,0.0,0.0,0.0,0.0,0.0
48344.118,-112.0,3.0,0.0,0.0,0.0,0.0,0.0,0.0,1.0,0.0,0.0,0.0,0.0,0.0
48354.119,-112.0,0.0,0.0,0.0,0.0,0.0,0.0,0.0,1.0,0.0,0.0,0.0,0.0,0.0
48364.118,-112.0,0.0,0.0,0.0,0.0,0.0,0.0,0.0,1.0,0.0,0.0,0.0,0.0,0.0
48374.118,-112.0,1.0,0.0,0.0,0.0,0.0,0.0,0.0,3.0,0.0,0.0,0.0,0.0,0.0
48384.118,-112.0,0.0,0.0,0.0,0.0,0.0,0.0,0.0,-1.0,0.0,0.0,0.0,0.0,0.0
48394.118,-112.0,3.0,0.0,0.0,0.0,0.0,0.0,0.0,2.0,0.0,0.0,0.0,0.0,0.0
48404.119,-112.0,0.0,0.0,0.0,0.0,0.0,0.0,0.0,3.0,0.0,0.0,0.0,0.0,0.0
48414.118,-112.0,1.0,0.0,0.0,0.0,0.0,0.0,0.0,3.0,0.0,0.0,0.0,0.0,0.0
48424.119,-112.0,3.0,0.0,0.0,0.0,0.0,0.0,0.0,1.0,0.0,0.0,0.0,0.0,0.0
48434.118,-112.0,5.0,0.0,0.0,0.0,0.0,0.0,0.0,4.0,0.0,0.0,0.0,0.0,0.0
48444.118,-112.0,0.0,0.0,0.0,0.0,0.0,0.0,0.0,2.0,0.0,0.0,0.0,0.0,0.0
48454.118,-112.0,0.0,0.0,0.0,0.0,0.0,0.0,0.0,1.0,0.0,0.0,0.0,0.0,0.0
48464.118,-112.0,1.0,0.0,0.0,0.0,0.0,0.0,0.0,2.0,0.0,0.0,0.0,0.0,0.0
48474.118,-112.0,0.0,0.0,0.0,0.0,0.0,0.0,0.0,3.0,0.0,0.0,0.0,0.0,0.0
48484.118,-112.0,0.0,0.0,0.0,0.0,0.0,0.0,0.0,0.0,0.0,0.0,0.0,0.0,0.0
48494.119,-112.0,1.0,0.0,0.0,0.0,0.0,0.0,0.0,3.0,0.0,0.0,0.0,0.0,0.0
48504.118,-112.0,-1.0,0.0,0.0,0.0,0.0,0.0,0.0,1.0,0.0,0.0,0.0,0.0,0.0
48514.118,-112.0,1.0,0.0,0.0,0.0,0.0,0.0,0.0,2.0,0.0,0.0,0.0,0.0,0.0
48524.118,-112.0,3.0,0.0,0.0,0.0,0.0,0.0,0.0,0.0,0.0,0.0,0.0,0.0,0.0
48534.118,-112.0,4.0,0.0,0.0,0.0,0.0,0.0,0.0,2.0,0.0,0.0,0.0,0.0,0.0
48544.118,-112.0,0.0,0.0,0.0,0.0,0.0,0.0,0.0,0.0,0.0,0.0,0.0,0.0,0.0
48554.118,-112.0,0.0,0.0,0.0,0.0,0.0,0.0,0.0,4.0,0.0,0.0,0.0,0.0,0.0
48564.118,-112.0,1.0,0.0,0.0,0.0,0.0,0.0,0.0,0.0,0.0,0.0,0.0,0.0,0.0
48574.119,-112.0,3.0,0.0,0.0,0.0,0.0,0.0,0.0,3.0,0.0,0.0,0.0,0.0,0.0
48584.118,-112.0,2.0,0.0,0.0,0.0,0.0,0.0,0.0,1.0,0.0,0.0,0.0,0.0,0.0
48594.118,-112.0,1.0,0.0,0.0,0.0,0.0,0.0,0.0,2.0,0.0,0.0,0.0,0.0,0.0
48604.118,-112.0,0.0,0.0,0.0,0.0,0.0,0.0,0.0,1.0,0.0,0.0,0.0,0.0,0.0
48614.118,-112.0,0.0,0.0,0.0,0.0,0.0,0.0,0.0,1.0,0.0,0.0,0.0,0.0,0.0
48624.118,-112.0,1.0,0.0,0.0,0.0,0.0,0.0,0.0,0.0,0.0,0.0,0.0,0.0,0.0
48634.118,-112.0,2.0,0.0,0.0,0.0,0.0,0.0,0.0,3.0,0.0,0.0,0.0,0.0,0.0
48644.118,-112.0,3.0,0.0,0.0,0.0,0.0,0.0,0.0,2.0,0.0,0.0,0.0,0.0,0.0
48654.119,-112.0,4.0,0.0,0.0,0.0,0.0,0.0,0.0,2.0,0.0,0.0,0.0,0.0,0.0
48664.118,-112.0,0.0,0.0,0.0,0.0,0.0,0.0,0.0,1.0,0.0,0.0,0.0,0.0,0.0
48674.119,-112.0,1.0,0.0,0.0,0.0,0.0,0.0,0.0,1.0,0.0,0.0,0.0,0.0,0.0
48684.118,-112.0,2.0,0.0,0.0,0.0,0.0,0.0,0.0,5.0,0.0,0.0,0.0,0.0,0.0
48694.118,-112.0,0.0,0.0,0.0,0.0,0.0,0.0,0.0,-1.0,0.0,0.0,0.0,0.0,0.0
48704.118,-112.0,-2.0,0.0,0.0,0.0,0.0,0.0,0.0,4.0,0.0,0.0,0.0,0.0,0.0
48714.118,-112.0,3.0,0.0,0.0,0.0,0.0,0.0,0.0,5.0,0.0,0.0,0.0,0.0,0.0
48724.119,-112.0,3.0,0.0,0.0,0.0,0.0,0.0,0.0,5.0,0.0,0.0,0.0,0.0,0.0
48734.118,-112.0,1.0,0.0,0.0,0.0,0.0,0.0,0.0,4.0,0.0,0.0,0.0,0.0,0.0
48744.119,-112.0,0.0,0.0,0.0,0.0,0.0,0.0,0.0,2.0,0.0,0.0,0.0,0.0,0.0
48754.118,-112.0,3.0,0.0,0.0,0.0,0.0,0.0,0.0,2.0,0.0,0.0,0.0,0.0,0.0
48764.118,-112.0,2.0,0.0,0.0,0.0,0.0,0.0,0.0,7.0,0.0,0.0,0.0,0.0,0.0
48774.118,-112.0,3.0,0.0,0.0,0.0,0.0,0.0,0.0,2.0,0.0,0.0,0.0,0.0,0.0
48784.118,-112.0,2.0,0.0,0.0,0.0,0.0,0.0,0.0,1.0,0.0,0.0,0.0,0.0,0.0
48794.118,-112.0,3.0,0.0,0.0,0.0,0.0,0.0,0.0,5.0,0.0,0.0,0.0,0.0,0.0
48804.118,-112.0,1.0,0.0,0.0,0.0,0.0,0.0,0.0,0.0,0.0,0.0,0.0,0.0,0.0
48814.119,-112.0,1.0,0.0,0.0,0.0,0.0,0.0,0.0,2.0,0.0,0.0,0.0,0.0,0.0
48824.118,-112.0,1.0,0.0,0.0,0.0,0.0,0.0,0.0,2.0,0.0,0.0,0.0,0.0,0.0
48834.118,-112.0,3.0,0.0,0.0,0.0,0.0,0.0,0.0,3.0,0.0,0.0,0.0,0.0,0.0
48844.118,-112.0,4.0,0.0,0.0,0.0,0.0,0.0,0.0,0.0,0.0,0.0,0.0,0.0,0.0
48854.118,-112.0,2.0,0.0,0.0,0.0,0.0,0.0,0.0,2.0,0.0,0.0,0.0,0.0,0.0
48864.118,-112.0,0.0,0.0,0.0,0.0,0.0,0.0,0.0,0.0,0.0,0.0,0.0,0.0,0.0
48874.118,-112.0,0.0,0.0,0.0,0.0,0.0,0.0,0.0,-1.0,0.0,0.0,0.0,0.0,0.0
48884.118,-112.0,0.0,0.0,0.0,0.0,0.0,0.0,0.0,4.0,0.0,0.0,0.0,0.0,0.0
48894.119,-112.0,1.0,0.0,0.0,0.0,0.0,0.0,0.0,2.0,0.0,0.0,0.0,0.0,0.0
48904.118,-112.0,1.0,0.0,0.0,0.0,0.0,0.0,0.0,2.0,0.0,0.0,0.0,0.0,0.0
48914.118,-112.0,-1.0,0.0,0.0,0.0,0.0,0.0,0.0,3.0,0.0,0.0,0.0,0.0,0.0
48924.118,-112.0,2.0,0.0,0.0,0.0,0.0,0.0,0.0,1.0,0.0,0.0,0.0,0.0,0.0
48934.118,-112.0,0.0,0.0,0.0,0.0,0.0,0.0,0.0,-2.0,0.0,0.0,0.0,0.0,0.0
48944.118,-112.0,0.0,0.0,0.0,0.0,0.0,0.0,0.0,1.0,0.0,0.0,0.0,0.0,0.0
48954.118,-112.0,0.0,0.0,0.0,0.0,0.0,0.0,0.0,1.0,0.0,0.0,0.0,0.0,0.0
48964.118,-112.0,2.0,0.0,0.0,0.0,0.0,0.0,0.0,1.0,0.0,0.0,0.0,0.0,0.0
48974.119,-112.0,0.0,0.0,0.0,0.0,0.0,0.0,0.0,4.0,0.0,0.0,0.0,0.0,0.0
48984.118,-112.0,0.0,0.0,0.0,0.0,0.0,0.0,0.0,4.0,0.0,0.0,0.0,0.0,0.0
48994.119,-112.0,2.0,0.0,0.0,0.0,0.0,0.0,0.0,-1.0,0.0,0.0,0.0,0.0,0.0
49004.118,-112.0,2.0,0.0,0.0,0.0,0.0,0.0,0.0,4.0,0.0,0.0,0.0,0.0,0.0
49014.118,-112.0,0.0,0.0,0.0,0.0,0.0,0.0,0.0,1.0,0.0,0.0,0.0,0.0,0.0
49024.118,-112.0,2.0,0.0,0.0,0.0,0.0,0.0,0.0,2.0,0.0,0.0,0.0,0.0,0.0
49034.118,-112.0,2.0,0.0,0.0,0.0,0.0,0.0,0.0,1.0,0.0,0.0,0.0,0.0,0.0
49044.119,-112.0,2.0,0.0,0.0,0.0,0.0,0.0,0.0,1.0,0.0,0.0,0.0,0.0,0.0
49054.118,-112.0,3.0,0.0,0.0,0.0,0.0,0.0,0.0,2.0,0.0,0.0,0.0,0.0,0.0
49064.119,-112.0,0.0,0.0,0.0,0.0,0.0,0.0,0.0,0.0,0.0,0.0,0.0,0.0,0.0
49074.118,-112.0,1.0,0.0,0.0,0.0,0.0,0.0,0.0,0.0,0.0,0.0,0.0,0.0,0.0
49084.118,-112.0,2.0,0.0,0.0,0.0,0.0,0.0,0.0,0.0,0.0,0.0,0.0,0.0,0.0
49094.118,-112.0,-1.0,0.0,0.0,0.0,0.0,0.0,0.0,1.0,0.0,0.0,0.0,0.0,0.0
49104.118,-112.0,0.0,0.0,0.0,0.0,0.0,0.0,0.0,1.0,0.0,0.0,0.0,0.0,0.0
49114.118,-112.0,0.0,0.0,0.0,0.0,0.0,0.0,0.0,0.0,0.0,0.0,0.0,0.0,0.0
49124.118,-112.0,2.0,0.0,0.0,0.0,0.0,0.0,0.0,2.0,0.0,0.0,0.0,0.0,0.0
49134.119,-112.0,1.0,0.0,0.0,0.0,0.0,0.0,0.0,1.0,0.0,0.0,0.0,0.0,0.0
49144.118,-112.0,0.0,0.0,0.0,0.0,0.0,0.0,0.0,2.0,0.0,0.0,0.0,0.0,0.0
49154.118,-112.0,3.0,0.0,0.0,0.0,0.0,0.0,0.0,1.0,0.0,0.0,0.0,0.0,0.0
49164.118,-112.0,1.0,0.0,0.0,0.0,0.0,0.0,0.0,-1.0,0.0,0.0,0.0,0.0,0.0
49174.118,-112.0,2.0,0.0,0.0,0.0,0.0,0.0,0.0,1.0,0.0,0.0,0.0,0.0,0.0
49184.118,-112.0,2.0,0.0,0.0,0.0,0.0,0.0,0.0,2.0,0.0,0.0,0.0,0.0,0.0
49194.118,-112.0,-3.0,0.0,0.0,0.0,0.0,0.0,0.0,2.0,0.0,0.0,0.0,0.0,0.0
49204.118,-112.0,-1.0,0.0,0.0,0.0,0.0,0.0,0.0,-1.0,0.0,0.0,0.0,0.0,0.0
49214.119,-112.0,0.0,0.0,0.0,0.0,0.0,0.0,0.0,3.0,0.0,0.0,0.0,0.0,0.0
49224.118,-112.0,1.0,0.0,0.0,0.0,0.0,0.0,0.0,2.0,0.0,0.0,0.0,0.0,0.0
49234.118,-112.0,1.0,0.0,0.0,0.0,0.0,0.0,0.0,0.0,0.0,0.0,0.0,0.0,0.0
49244.118,-112.0,1.0,0.0,0.0,0.0,0.0,0.0,0.0,0.0,0.0,0.0,0.0,0.0,0.0
49254.118,-112.0,0.0,0.0,0.0,0.0,0.0,0.0,0.0,4.0,0.0,0.0,0.0,0.0,0.0
49264.118,-112.0,1.0,0.0,0.0,0.0,0.0,0.0,0.0,2.0,0.0,0.0,0.0,0.0,0.0
49274.118,-112.0,0.0,0.0,0.0,0.0,0.0,0.0,0.0,4.0,0.0,0.0,0.0,0.0,0.0
49284.118,-112.0,1.0,0.0,0.0,0.0,0.0,0.0,0.0,3.0,0.0,0.0,0.0,0.0,0.0
49294.119,-112.0,2.0,0.0,0.0,0.0,0.0,0.0,0.0,0.0,0.0,0.0,0.0,0.0,0.0
49304.118,-112.0,3.0,0.0,0.0,0.0,0.0,0.0,0.0,-1.0,0.0,0.0,0.0,0.0,0.0
49314.119,-112.0,0.0,0.0,0.0,0.0,0.0,0.0,0.0,2.0,0.0,0.0,0.0,0.0,0.0
49324.118,-112.0,3.0,0.0,0.0,0.0,0.0,0.0,0.0,2.0,0.0,0.0,0.0,0.0,0.0
49334.118,-112.0,2.0,0.0,0.0,0.0,0.0,0.0,0.0,0.0,0.0,0.0,0.0,0.0,0.0
49344.118,-112.0,0.0,0.0,0.0,0.0,0.0,0.0,0.0,3.0,0.0,0.0,0.0,0.0,0.0
49354.118,-112.0,1.0,0.0,0.0,0.0,0.0,0.0,0.0,2.0,0.0,0.0,0.0,0.0,0.0
49364.119,-112.0,2.0,0.0,0.0,0.0,0.0,0.0,0.0,0.0,0.0,0.0,0.0,0.0,0.0
49374.118,-112.0,2.0,0.0,0.0,0.0,0.0,0.0,0.0,2.0,0.0,0.0,0.0,0.0,0.0
49384.119,-112.0,2.0,0.0,0.0,0.0,0.0,0.0,0.0,0.0,0.0,0.0,0.0,0.0,0.0
49394.118,-112.0,-3.0,0.0,0.0,0.0,0.0,0.0,0.0,3.0,0.0,0.0,0.0,0.0,0.0
49404.118,-112.0,0.0,0.0,0.0,0.0,0.0,0.0,0.0,0.0,0.0,0.0,0.0,0.0,0.0
49414.118,-112.0,0.0,0.0,0.0,0.0,0.0,0.0,0.0,4.0,0.0,0.0,0.0,0.0,0.0
49424.118,-112.0,0.0,0.0,0.0,0.0,0.0,0.0,0.0,0.0,0.0,0.0,0.0,0.0,0.0
49434.118,-112.0,2.0,0.0,0.0,0.0,0.0,0.0,0.0,2.0,0.0,0.0,0.0,0.0,0.0
49444.118,-112.0,2.0,0.0,0.0,0.0,0.0,0.0,0.0,0.0,0.0,0.0,0.0,0.0,0.0
49454.119,-112.0,-1.0,0.0,0.0,0.0,0.0,0.0,0.0,3.0,0.0,0.0,0.0,0.0,0.0
49464.118,-112.0,-1.0,0.0,0.0,0.0,0.0,0.0,0.0,2.0,0.0,0.0,0.0,0.0,0.0
49474.118,-112.0,0.0,0.0,0.0,0.0,0.0,0.0,0.0,1.0,0.0,0.0,0.0,0.0,0.0
49484.118,-112.0,2.0,0.0,0.0,0.0,0.0,0.0,0.0,0.0,0.0,0.0,0.0,0.0,0.0
49494.118,-112.0,1.0,0.0,0.0,0.0,0.0,0.0,0.0,2.0,0.0,0.0,0.0,0.0,0.0
49504.118,-112.0,0.0,0.0,0.0,0.0,0.0,0.0,0.0,1.0,0.0,0.0,0.0,0.0,0.0
49514.118,-112.0,0.0,0.0,0.0,0.0,0.0,0.0,0.0,2.0,0.0,0.0,0.0,0.0,0.0
49524.118,-112.0,3.0,0.0,0.0,0.0,0.0,0.0,0.0,1.0,0.0,0.0,0.0,0.0,0.0
49534.119,-112.0,0.0,0.0,0.0,0.0,0.0,0.0,0.0,4.0,0.0,0.0,0.0,0.0,0.0
49544.118,-112.0,3.0,0.0,0.0,0.0,0.0,0.0,0.0,0.0,0.0,0.0,0.0,0.0,0.0
49554.118,-112.0,0.0,0.0,0.0,0.0,0.0,0.0,0.0,3.0,0.0,0.0,0.0,0.0,0.0
49564.118,-112.0,1.0,0.0,0.0,0.0,0.0,0.0,0.0,1.0,0.0,0.0,0.0,0.0,0.0
49574.118,-112.0,4.0,0.0,0.0,0.0,0.0,0.0,0.0,3.0,0.0,0.0,0.0,0.0,0.0
49584.118,-112.0,2.0,0.0,0.0,0.0,0.0,0.0,0.0,0.0,0.0,0.0,0.0,0.0,0.0
49594.118,-112.0,1.0,0.0,0.0,0.0,0.0,0.0,0.0,3.0,0.0,0.0,0.0,0.0,0.0
49604.118,-112.0,2.0,0.0,0.0,0.0,0.0,0.0,0.0,3.0,0.0,0.0,0.0,0.0,0.0
49614.119,-112.0,0.0,0.0,0.0,0.0,0.0,0.0,0.0,0.0,0.0,0.0,0.0,0.0,0.0
49624.118,-112.0,4.0,0.0,0.0,0.0,0.0,0.0,0.0,1.0,0.0,0.0,0.0,0.0,0.0
49634.119,-112.0,2.0,0.0,0.0,0.0,0.0,0.0,0.0,-1.0,0.0,0.0,0.0,0.0,0.0
49644.118,-112.0,1.0,0.0,0.0,0.0,0.0,0.0,0.0,3.0,0.0,0.0,0.0,0.0,0.0
49654.118,-112.0,3.0,0.0,0.0,0.0,0.0,0.0,0.0,4.0,0.0,0.0,0.0,0.0,0.0
49664.118,-112.0,3.0,0.0,0.0,0.0,0.0,0.0,0.0,0.0,0.0,0.0,0.0,0.0,0.0
49674.118,-112.0,1.0,0.0,0.0,0.0,0.0,0.0,0.0,3.0,0.0,0.0,0.0,0.0,0.0
49684.119,-112.0,1.0,0.0,0.0,0.0,0.0,0.0,0.0,3.0,0.0,0.0,0.0,0.0,0.0
49694.118,-112.0,0.0,0.0,0.0,0.0,0.0,0.0,0.0,1.0,0.0,0.0,0.0,0.0,0.0
49704.119,-112.0,2.0,0.0,0.0,0.0,0.0,0.0,0.0,3.0,0.0,0.0,0.0,0.0,0.0
49714.118,-112.0,0.0,0.0,0.0,0.0,0.0,0.0,0.0,2.0,0.0,0.0,0.0,0.0,0.0
49724.118,-112.0,-1.0,0.0,0.0,0.0,0.0,0.0,0.0,0.0,0.0,0.0,0.0,0.0,0.0
49734.118,-112.0,2.0,0.0,0.0,0.0,0.0,0.0,0.0,4.0,0.0,0.0,0.0,0.0,0.0
49744.118,-112.0,1.0,0.0,0.0,0.0,0.0,0.0,0.0,2.0,0.0,0.0,0.0,0.0,0.0
49754.118,-112.0,3.0,0.0,0.0,0.0,0.0,0.0,0.0,2.0,0.0,0.0,0.0,0.0,0.0
49764.118,-112.0,2.0,0.0,0.0,0.0,0.0,0.0,0.0,0.0,0.0,0.0,0.0,0.0,0.0
49774.119,-112.0,2.0,0.0,0.0,0.0,0.0,0.0,0.0,1.0,0.0,0.0,0.0,0.0,0.0
49784.118,-112.0,1.0,0.0,0.0,0.0,0.0,0.0,0.0,1.0,0.0,0.0,0.0,0.0,0.0
49794.118,-112.0,3.0,0.0,0.0,0.0,0.0,0.0,0.0,3.0,0.0,0.0,0.0,0.0,0.0
49804.118,-112.0,1.0,0.0,0.0,0.0,0.0,0.0,0.0,0.0,0.0,0.0,0.0,0.0,0.0
49814.118,-112.0,2.0,0.0,0.0,0.0,0.0,0.0,0.0,1.0,0.0,0.0,0.0,0.0,0.0
49824.118,-112.0,-1.0,0.0,0.0,0.0,0.0,0.0,0.0,1.0,0.0,0.0,0.0,0.0,0.0
49834.118,-112.0,3.0,0.0,0.0,0.0,0.0,0.0,0.0,1.0,0.0,0.0,0.0,0.0,0.0
49844.118,-112.0,1.0,0.0,0.0,0.0,0.0,0.0,0.0,1.0,0.0,0.0,0.0,0.0,0.0
49854.119,-112.0,3.0,0.0,0.0,0.0,0.0,0.0,0.0,2.0,0.0,0.0,0.0,0.0,0.0
49864.118,-112.0,2.0,0.0,0.0,0.0,0.0,0.0,0.0,1.0,0.0,0.0,0.0,0.0,0.0
49874.118,-112.0,2.0,0.0,0.0,0.0,0.0,0.0,0.0,0.0,0.0,0.0,0.0,0.0,0.0
49884.118,-112.0,3.0,0.0,0.0,0.0,0.0,0.0,0.0,0.0,0.0,0.0,0.0,0.0,0.0
49894.118,-112.0,0.0,0.0,0.0,0.0,0.0,0.0,0.0,0.0,0.0,0.0,0.0,0.0,0.0
49904.118,-112.0,2.0,0.0,0.0,0.0,0.0,0.0,0.0,2.0,0.0,0.0,0.0,0.0,0.0
49914.118,-112.0,1.0,0.0,0.0,0.0,0.0,0.0,0.0,2.0,0.0,0.0,0.0,0.0,0.0
49924.118,-112.0,3.0,0.0,0.0,0.0,0.0,0.0,0.0,0.0,0.0,0.0,0.0,0.0,0.0
49934.119,-112.0,1.0,0.0,0.0,0.0,0.0,0.0,0.0,3.0,0.0,0.0,0.0,0.0,0.0
49944.118,-112.0,1.0,0.0,0.0,0.0,0.0,0.0,0.0,2.0,0.0,0.0,0.0,0.0,0.0
49954.119,-112.0,1.0,0.0,0.0,0.0,0.0,0.0,0.0,2.0,0.0,0.0,0.0,0.0,0.0
49964.118,-112.0,3.0,0.0,0.0,0.0,0.0,0.0,0.0,2.0,0.0,0.0,0.0,0.0,0.0
49974.118,-112.0,2.0,0.0,0.0,0.0,0.0,0.0,0.0,3.0,0.0,0.0,0.0,0.0,0.0
49984.118,-112.0,0.0,0.0,0.0,0.0,0.0,0.0,0.0,3.0,0.0,0.0,0.0,0.0,0.0
49994.118,-112.0,1.0,0.0,0.0,0.0,0.0,0.0,0.0,0.0,0.0,0.0,0.0,0.0,0.0
50004.119,-112.0,3.0,0.0,0.0,0.0,0.0,0.0,0.0,4.0,0.0,0.0,0.0,0.0,0.0
50014.118,-112.0,2.0,0.0,0.0,0.0,0.0,0.0,0.0,-2.0,0.0,0.0,0.0,0.0,0.0
50024.119,-112.0,3.0,0.0,0.0,0.0,0.0,0.0,0.0,-1.0,0.0,0.0,0.0,0.0,0.0
50034.118,-112.0,2.0,0.0,0.0,0.0,0.0,0.0,0.0,2.0,0.0,0.0,0.0,0.0,0.0
50044.118,-112.0,0.0,0.0,0.0,0.0,0.0,0.0,0.0,2.0,0.0,0.0,0.0,0.0,0.0
50054.118,-112.0,2.0,0.0,0.0,0.0,0.0,0.0,0.0,2.0,0.0,0.0,0.0,0.0,0.0
50064.118,-112.0,2.0,0.0,0.0,0.0,0.0,0.0,0.0,2.0,0.0,0.0,0.0,0.0,0.0
50074.118,-112.0,1.0,0.0,0.0,0.0,0.0,0.0,0.0,1.0,0.0,0.0,0.0,0.0,0.0
50084.118,-112.0,-1.0,0.0,0.0,0.0,0.0,0.0,0.0,5.0,0.0,0.0,0.0,0.0,0.0
50094.119,-112.0,5.0,0.0,0.0,0.0,0.0,0.0,0.0,-1.0,0.0,0.0,0.0,0.0,0.0
50104.118,-112.0,0.0,0.0,0.0,0.0,0.0,0.0,0.0,0.0,0.0,0.0,0.0,0.0,0.0
50114.118,-112.0,2.0,0.0,0.0,0.0,0.0,0.0,0.0,2.0,0.0,0.0,0.0,0.0,0.0
50124.118,-112.0,1.0,0.0,0.0,0.0,0.0,0.0,0.0,3.0,0.0,0.0,0.0,0.0,0.0
50134.118,-112.0,0.0,0.0,0.0,0.0,0.0,0.0,0.0,0.0,0.0,0.0,0.0,0.0,0.0
50144.118,-112.0,1.0,0.0,0.0,0.0,0.0,0.0,0.0,3.0,0.0,0.0,0.0,0.0,0.0
50154.118,-112.0,0.0,0.0,0.0,0.0,0.0,0.0,0.0,0.0,0.0,0.0,0.0,0.0,0.0
50164.118,-112.0,-1.0,0.0,0.0,0.0,0.0,0.0,0.0,-1.0,0.0,0.0,0.0,0.0,0.0
50174.119,-112.0,-1.0,0.0,0.0,0.0,0.0,0.0,0.0,3.0,0.0,0.0,0.0,0.0,0.0
50184.118,-112.0,-1.0,0.0,0.0,0.0,0.0,0.0,0.0,1.0,0.0,0.0,0.0,0.0,0.0
50194.118,-112.0,1.0,0.0,0.0,0.0,0.0,0.0,0.0,4.0,0.0,0.0,0.0,0.0,0.0
50204.118,-112.0,2.0,0.0,0.0,0.0,0.0,0.0,0.0,2.0,0.0,0.0,0.0,0.0,0.0
50214.118,-112.0,0.0,0.0,0.0,0.0,0.0,0.0,0.0,-1.0,0.0,0.0,0.0,0.0,0.0
50224.118,-112.0,0.0,0.0,0.0,0.0,0.0,0.0,0.0,1.0,0.0,0.0,0.0,0.0,0.0
50234.118,-112.0,3.0,0.0,0.0,0.0,0.0,0.0,0.0,1.0,0.0,0.0,0.0,0.0,0.0
50244.118,-112.0,1.0,0.0,0.0,0.0,0.0,0.0,0.0,1.0,0.0,0.0,0.0,0.0,0.0
50254.119,-112.0,2.0,0.0,0.0,0.0,0.0,0.0,0.0,4.0,0.0,0.0,0.0,0.0,0.0
50264.118,-112.0,4.0,0.0,0.0,0.0,0.0,0.0,0.0,3.0,0.0,0.0,0.0,0.0,0.0
50274.119,-112.0,3.0,0.0,0.0,0.0,0.0,0.0,0.0,2.0,0.0,0.0,0.0,0.0,0.0
50284.118,-112.0,2.0,0.0,0.0,0.0,0.0,0.0,0.0,2.0,0.0,0.0,0.0,0.0,0.0
50294.118,-112.0,1.0,0.0,0.0,0.0,0.0,0.0,0.0,0.0,0.0,0.0,0.0,0.0,0.0
50304.118,-112.0,2.0,0.0,0.0,0.0,0.0,0.0,0.0,1.0,0.0,0.0,0.0,0.0,0.0
50314.118,-112.0,1.0,0.0,0.0,0.0,0.0,0.0,0.0,1.0,0.0,0.0,0.0,0.0,0.0
50324.119,-112.0,3.0,0.0,0.0,0.0,0.0,0.0,0.0,0.0,0.0,0.0,0.0,0.0,0.0
50334.118,-112.0,1.0,0.0,0.0,0.0,0.0,0.0,0.0,4.0,0.0,0.0,0.0,0.0,0.0
50344.119,-112.0,0.0,0.0,0.0,0.0,0.0,0.0,0.0,1.0,0.0,0.0,0.0,0.0,0.0
50354.118,-112.0,2.0,0.0,0.0,0.0,0.0,0.0,0.0,0.0,0.0,0.0,0.0,0.0,0.0
50364.118,-112.0,4.0,0.0,0.0,0.0,0.0,0.0,0.0,-2.0,0.0,0.0,0.0,0.0,0.0
50374.118,-112.0,2.0,0.0,0.0,0.0,0.0,0.0,0.0,0.0,0.0,0.0,0.0,0.0,0.0
50384.118,-112.0,3.0,0.0,0.0,0.0,0.0,0.0,0.0,1.0,0.0,0.0,0.0,0.0,0.0
50394.118,-112.0,1.0,0.0,0.0,0.0,0.0,0.0,0.0,1.0,0.0,0.0,0.0,0.0,0.0
50404.118,-112.0,-1.0,0.0,0.0,0.0,0.0,0.0,0.0,3.0,0.0,0.0,0.0,0.0,0.0
50414.119,-112.0,4.0,0.0,0.0,0.0,0.0,0.0,0.0,3.0,0.0,0.0,0.0,0.0,0.0
50424.118,-112.0,1.0,0.0,0.0,0.0,0.0,0.0,0.0,0.0,0.0,0.0,0.0,0.0,0.0
50434.118,-112.0,4.0,0.0,0.0,0.0,0.0,0.0,0.0,1.0,0.0,0.0,0.0,0.0,0.0
50444.118,-112.0,0.0,0.0,0.0,0.0,0.0,0.0,0.0,2.0,0.0,0.0,0.0,0.0,0.0
50454.118,-112.0,-1.0,0.0,0.0,0.0,0.0,0.0,0.0,2.0,0.0,0.0,0.0,0.0,0.0
50464.118,-112.0,2.0,0.0,0.0,0.0,0.0,0.0,0.0,0.0,0.0,0.0,0.0,0.0,0.0
50474.118,-112.0,3.0,0.0,0.0,0.0,0.0,0.0,0.0,4.0,0.0,0.0,0.0,0.0,0.0
50484.118,-112.0,0.0,0.0,0.0,0.0,0.0,0.0,0.0,0.0,0.0,0.0,0.0,0.0,0.0
50494.119,-112.0,0.0,0.0,0.0,0.0,0.0,0.0,0.0,2.0,0.0,0.0,0.0,0.0,0.0
50504.118,-112.0,0.0,0.0,0.0,0.0,0.0,0.0,0.0,1.0,0.0,0.0,0.0,0.0,0.0
50514.118,-112.0,2.0,0.0,0.0,0.0,0.0,0.0,0.0,3.0,0.0,0.0,0.0,0.0,0.0
50524.118,-112.0,-1.0,0.0,0.0,0.0,0.0,0.0,0.0,2.0,0.0,0.0,0.0,0.0,0.0
50534.118,-112.0,0.0,0.0,0.0,0.0,0.0,0.0,0.0,3.0,0.0,0.0,0.0,0.0,0.0
50544.118,-112.0,1.0,0.0,0.0,0.0,0.0,0.0,0.0,1.0,0.0,0.0,0.0,0.0,0.0
50554.118,-112.0,1.0,0.0,0.0,0.0,0.0,0.0,0.0,2.0,0.0,0.0,0.0,0.0,0.0
50564.118,-112.0,2.0,0.0,0.0,0.0,0.0,0.0,0.0,1.0,0.0,0.0,0.0,0.0,0.0
50574.119,-112.0,2.0,0.0,0.0,0.0,0.0,0.0,0.0,1.0,0.0,0.0,0.0,0.0,0.0
50584.118,-112.0,2.0,0.0,0.0,0.0,0.0,0.0,0.0,2.0,0.0,0.0,0.0,0.0,0.0
50594.119,-112.0,3.0,0.0,0.0,0.0,0.0,0.0,0.0,2.0,0.0,0.0,0.0,0.0,0.0
50604.118,-112.0,0.0,0.0,0.0,0.0,0.0,0.0,0.0,1.0,0.0,0.0,0.0,0.0,0.0
50614.118,-112.0,1.0,0.0,0.0,0.0,0.0,0.0,0.0,0.0,0.0,0.0,0.0,0.0,0.0
50624.118,-112.0,2.0,0.0,0.0,0.0,0.0,0.0,0.0,0.0,0.0,0.0,0.0,0.0,0.0
50634.118,-112.0,0.0,0.0,0.0,0.0,0.0,0.0,0.0,3.0,0.0,0.0,0.0,0.0,0.0
50644.119,-112.0,0.0,0.0,0.0,0.0,0.0,0.0,0.0,4.0,0.0,0.0,0.0,0.0,0.0
50654.118,-112.0,1.0,0.0,0.0,0.0,0.0,0.0,0.0,3.0,0.0,0.0,0.0,0.0,0.0
50664.119,-112.0,-1.0,0.0,0.0,0.0,0.0,0.0,0.0,4.0,0.0,0.0,0.0,0.0,0.0
50674.118,-112.0,2.0,0.0,0.0,0.0,0.0,0.0,0.0,4.0,0.0,0.0,0.0,0.0,0.0
50684.118,-112.0,0.0,0.0,0.0,0.0,0.0,0.0,0.0,3.0,0.0,0.0,0.0,0.0,0.0
50694.118,-112.0,2.0,0.0,0.0,0.0,0.0,0.0,0.0,6.0,0.0,0.0,0.0,0.0,0.0
50704.118,-112.0,2.0,0.0,0.0,0.0,0.0,0.0,0.0,3.0,0.0,0.0,0.0,0.0,0.0
50714.118,-112.0,2.0,0.0,0.0,0.0,0.0,0.0,0.0,1.0,0.0,0.0,0.0,0.0,0.0
50724.118,-112.0,-1.0,0.0,0.0,0.0,0.0,0.0,0.0,1.0,0.0,0.0,0.0,0.0,0.0
50734.119,-112.0,0.0,0.0,0.0,0.0,0.0,0.0,0.0,2.0,0.0,0.0,0.0,0.0,0.0
50744.118,-112.0,1.0,0.0,0.0,0.0,0.0,0.0,0.0,3.0,0.0,0.0,0.0,0.0,0.0
50754.118,-112.0,1.0,0.0,0.0,0.0,0.0,0.0,0.0,1.0,0.0,0.0,0.0,0.0,0.0
50764.118,-112.0,2.0,0.0,0.0,0.0,0.0,0.0,0.0,1.0,0.0,0.0,0.0,0.0,0.0
50774.118,-112.0,-1.0,0.0,0.0,0.0,0.0,0.0,0.0,2.0,0.0,0.0,0.0,0.0,0.0
50784.118,-112.0,1.0,0.0,0.0,0.0,0.0,0.0,0.0,1.0,0.0,0.0,0.0,0.0,0.0
50794.118,-112.0,0.0,0.0,0.0,0.0,0.0,0.0,0.0,3.0,0.0,0.0,0.0,0.0,0.0
50804.118,-112.0,-1.0,0.0,0.0,0.0,0.0,0.0,0.0,4.0,0.0,0.0,0.0,0.0,0.0
50814.119,-112.0,2.0,0.0,0.0,0.0,0.0,0.0,0.0,1.0,0.0,0.0,0.0,0.0,0.0
50824.118,-112.0,1.0,0.0,0.0,0.0,0.0,0.0,0.0,0.0,0.0,0.0,0.0,0.0,0.0
50834.118,-112.0,1.0,0.0,0.0,0.0,0.0,0.0,0.0,2.0,0.0,0.0,0.0,0.0,0.0
50844.118,-112.0,0.0,0.0,0.0,0.0,0.0,0.0,0.0,5.0,0.0,0.0,0.0,0.0,0.0
50854.118,-112.0,0.0,0.0,0.0,0.0,0.0,0.0,0.0,3.0,0.0,0.0,0.0,0.0,0.0
50864.118,-112.0,2.0,0.0,0.0,0.0,0.0,0.0,0.0,0.0,0.0,0.0,0.0,0.0,0.0
50874.118,-112.0,2.0,0.0,0.0,0.0,0.0,0.0,0.0,1.0,0.0,0.0,0.0,0.0,0.0
50884.118,-112.0,2.0,0.0,0.0,0.0,0.0,0.0,0.0,0.0,0.0,0.0,0.0,0.0,0.0
50894.119,-112.0,4.0,0.0,0.0,0.0,0.0,0.0,0.0,-3.0,0.0,0.0,0.0,0.0,0.0
50904.118,-112.0,0.0,0.0,0.0,0.0,0.0,0.0,0.0,0.0,0.0,0.0,0.0,0.0,0.0
50914.119,-112.0,2.0,0.0,0.0,0.0,0.0,0.0,0.0,1.0,0.0,0.0,0.0,0.0,0.0
50924.118,-112.0,1.0,0.0,0.0,0.0,0.0,0.0,0.0,-1.0,0.0,0.0,0.0,0.0,0.0
50934.118,-112.0,2.0,0.0,0.0,0.0,0.0,0.0,0.0,2.0,0.0,0.0,0.0,0.0,0.0
50944.118,-112.0,2.0,0.0,0.0,0.0,0.0,0.0,0.0,2.0,0.0,0.0,0.0,0.0,0.0
50954.118,-112.0,3.0,0.0,0.0,0.0,0.0,0.0,0.0,1.0,0.0,0.0,0.0,0.0,0.0
50964.119,-112.0,1.0,0.0,0.0,0.0,0.0,0.0,0.0,3.0,0.0,0.0,0.0,0.0,0.0
50974.118,-112.0,0.0,0.0,0.0,0.0,0.0,0.0,0.0,1.0,0.0,0.0,0.0,0.0,0.0
50984.119,-112.0,3.0,0.0,0.0,0.0,0.0,0.0,0.0,0.0,0.0,0.0,0.0,0.0,0.0
50994.118,-112.0,2.0,0.0,0.0,0.0,0.0,0.0,0.0,2.0,0.0,0.0,0.0,0.0,0.0
51004.118,-112.0,3.0,0.0,0.0,0.0,0.0,0.0,0.0,0.0,0.0,0.0,0.0,0.0,0.0
51014.118,-112.0,1.0,0.0,0.0,0.0,0.0,0.0,0.0,3.0,0.0,0.0,0.0,0.0,0.0
51024.118,-112.0,3.0,0.0,0.0,0.0,0.0,0.0,0.0,1.0,0.0,0.0,0.0,0.0,0.0
51034.118,-112.0,1.0,0.0,0.0,0.0,0.0,0.0,0.0,-1.0,0.0,0.0,0.0,0.0,0.0
51044.118,-112.0,2.0,0.0,0.0,0.0,0.0,0.0,0.0,1.0,0.0,0.0,0.0,0.0,0.0
51054.119,-112.0,1.0,0.0,0.0,0.0,0.0,0.0,0.0,1.0,0.0,0.0,0.0,0.0,0.0
51064.118,-112.0,1.0,0.0,0.0,0.0,0.0,0.0,0.0,-1.0,0.0,0.0,0.0,0.0,0.0
51074.118,-112.0,0.0,0.0,0.0,0.0,0.0,0.0,0.0,1.0,0.0,0.0,0.0,0.0,0.0
51084.118,-112.0,-1.0,0.0,0.0,0.0,0.0,0.0,0.0,2.0,0.0,0.0,0.0,0.0,0.0
51094.118,-112.0,3.0,0.0,0.0,0.0,0.0,0.0,0.0,-2.0,0.0,0.0,0.0,0.0,0.0
51104.118,-112.0,3.0,0.0,0.0,0.0,0.0,0.0,0.0,0.0,0.0,0.0,0.0,0.0,0.0
51114.118,-112.0,0.0,0.0,0.0,0.0,0.0,0.0,0.0,0.0,0.0,0.0,0.0,0.0,0.0
51124.118,-112.0,2.0,0.0,0.0,0.0,0.0,0.0,0.0,2.0,0.0,0.0,0.0,0.0,0.0
51134.119,-112.0,0.0,0.0,0.0,0.0,0.0,0.0,0.0,3.0,0.0,0.0,0.0,0.0,0.0
51144.118,-112.0,0.0,0.0,0.0,0.0,0.0,0.0,0.0,-1.0,0.0,0.0,0.0,0.0,0.0
51154.118,-112.0,0.0,0.0,0.0,0.0,0.0,0.0,0.0,3.0,0.0,0.0,0.0,0.0,0.0
51164.118,-112.0,3.0,0.0,0.0,0.0,0.0,0.0,0.0,3.0,0.0,0.0,0.0,0.0,0.0
51174.118,-112.0,1.0,0.0,0.0,0.0,0.0,0.0,0.0,-1.0,0.0,0.0,0.0,0.0,0.0
51184.118,-112.0,-3.0,0.0,0.0,0.0,0.0,0.0,0.0,1.0,0.0,0.0,0.0,0.0,0.0
51194.118,-112.0,4.0,0.0,0.0,0.0,0.0,0.0,0.0,2.0,0.0,0.0,0.0,0.0,0.0
51204.118,-112.0,3.0,0.0,0.0,0.0,0.0,0.0,0.0,1.0,0.0,0.0,0.0,0.0,0.0
51214.119,-112.0,3.0,0.0,0.0,0.0,0.0,0.0,0.0,1.0,0.0,0.0,0.0,0.0,0.0
51224.118,-112.0,1.0,0.0,0.0,0.0,0.0,0.0,0.0,2.0,0.0,0.0,0.0,0.0,0.0
51234.119,-112.0,2.0,0.0,0.0,0.0,0.0,0.0,0.0,0.0,0.0,0.0,0.0,0.0,0.0
51244.118,-112.0,0.0,0.0,0.0,0.0,0.0,0.0,0.0,-2.0,0.0,0.0,0.0,0.0,0.0
51254.118,-112.0,2.0,0.0,0.0,0.0,0.0,0.0,0.0,0.0,0.0,0.0,0.0,0.0,0.0
51264.118,-112.0,-1.0,0.0,0.0,0.0,0.0,0.0,0.0,1.0,0.0,0.0,0.0,0.0,0.0
51274.118,-112.0,1.0,0.0,0.0,0.0,0.0,0.0,0.0,-1.0,0.0,0.0,0.0,0.0,0.0
51284.119,-112.0,0.0,0.0,0.0,0.0,0.0,0.0,0.0,0.0,0.0,0.0,0.0,0.0,0.0
51294.118,-112.0,0.0,0.0,0.0,0.0,0.0,0.0,0.0,0.0,0.0,0.0,0.0,0.0,0.0
51304.119,-112.0,1.0,0.0,0.0,0.0,0.0,0.0,0.0,2.0,0.0,0.0,0.0,0.0,0.0
51314.118,-112.0,0.0,0.0,0.0,0.0,0.0,0.0,0.0,2.0,0.0,0.0,0.0,0.0,0.0
51324.118,-112.0,0.0,0.0,0.0,0.0,0.0,0.0,0.0,0.0,0.0,0.0,0.0,0.0,0.0
51334.118,-112.0,3.0,0.0,0.0,0.0,0.0,0.0,0.0,2.0,0.0,0.0,0.0,0.0,0.0
51344.118,-112.0,3.0,0.0,0.0,0.0,0.0,0.0,0.0,2.0,0.0,0.0,0.0,0.0,0.0
51354.118,-112.0,1.0,0.0,0.0,0.0,0.0,0.0,0.0,1.0,0.0,0.0,0.0,0.0,0.0
51364.118,-112.0,3.0,0.0,0.0,0.0,0.0,0.0,0.0,1.0,0.0,0.0,0.0,0.0,0.0
51374.119,-112.0,1.0,0.0,0.0,0.0,0.0,0.0,0.0,3.0,0.0,0.0,0.0,0.0,0.0
51384.118,-112.0,2.0,0.0,0.0,0.0,0.0,0.0,0.0,2.0,0.0,0.0,0.0,0.0,0.0
51394.118,-112.0,4.0,0.0,0.0,0.0,0.0,0.0,0.0,1.0,0.0,0.0,0.0,0.0,0.0
51404.118,-112.0,3.0,0.0,0.0,0.0,0.0,0.0,0.0,4.0,0.0,0.0,0.0,0.0,0.0
51414.118,-112.0,0.0,0.0,0.0,0.0,0.0,0.0,0.0,3.0,0.0,0.0,0.0,0.0,0.0
51424.118,-112.0,0.0,0.0,0.0,0.0,0.0,0.0,0.0,1.0,0.0,0.0,0.0,0.0,0.0
51434.118,-112.0,0.0,0.0,0.0,0.0,0.0,0.0,0.0,3.0,0.0,0.0,0.0,0.0,0.0
51444.118,-112.0,2.0,0.0,0.0,0.0,0.0,0.0,0.0,2.0,0.0,0.0,0.0,0.0,0.0
51454.119,-112.0,0.0,0.0,0.0,0.0,0.0,0.0,0.0,3.0,0.0,0.0,0.0,0.0,0.0
51464.118,-112.0,1.0,0.0,0.0,0.0,0.0,0.0,0.0,3.0,0.0,0.0,0.0,0.0,0.0
51474.118,-112.0,2.0,0.0,0.0,0.0,0.0,0.0,0.0,2.0,0.0,0.0,0.0,0.0,0.0
51484.118,-112.0,1.0,0.0,0.0,0.0,0.0,0.0,0.0,1.0,0.0,0.0,0.0,0.0,0.0
51494.118,-112.0,3.0,0.0,0.0,0.0,0.0,0.0,0.0,-2.0,0.0,0.0,0.0,0.0,0.0
51504.118,-112.0,2.0,0.0,0.0,0.0,0.0,0.0,0.0,1.0,0.0,0.0,0.0,0.0,0.0
51514.118,-112.0,1.0,0.0,0.0,0.0,0.0,0.0,0.0,0.0,0.0,0.0,0.0,0.0,0.0
51524.118,-112.0,-3.0,0.0,0.0,0.0,0.0,0.0,0.0,2.0,0.0,0.0,0.0,0.0,0.0
51534.119,-112.0,0.0,0.0,0.0,0.0,0.0,0.0,0.0,-1.0,0.0,0.0,0.0,0.0,0.0
51544.118,-112.0,-1.0,0.0,0.0,0.0,0.0,0.0,0.0,0.0,0.0,0.0,0.0,0.0,0.0
51554.119,-112.0,-1.0,0.0,0.0,0.0,0.0,0.0,0.0,0.0,0.0,0.0,0.0,0.0,0.0
51564.118,-112.0,1.0,0.0,0.0,0.0,0.0,0.0,0.0,1.0,0.0,0.0,0.0,0.0,0.0
51574.118,-112.0,2.0,0.0,0.0,0.0,0.0,0.0,0.0,1.0,0.0,0.0,0.0,0.0,0.0
51584.118,-112.0,1.0,0.0,0.0,0.0,0.0,0.0,0.0,4.0,0.0,0.0,0.0,0.0,0.0
51594.118,-112.0,0.0,0.0,0.0,0.0,0.0,0.0,0.0,0.0,0.0,0.0,0.0,0.0,0.0
51604.119,-112.0,1.0,0.0,0.0,0.0,0.0,0.0,0.0,2.0,0.0,0.0,0.0,0.0,0.0
51614.118,-112.0,1.0,0.0,0.0,0.0,0.0,0.0,0.0,1.0,0.0,0.0,0.0,0.0,0.0
51624.119,-112.0,2.0,0.0,0.0,0.0,0.0,0.0,0.0,3.0,0.0,0.0,0.0,0.0,0.0
51634.118,-112.0,1.0,0.0,0.0,0.0,0.0,0.0,0.0,0.0,0.0,0.0,0.0,0.0,0.0
51644.118,-112.0,0.0,0.0,0.0,0.0,0.0,0.0,0.0,1.0,0.0,0.0,0.0,0.0,0.0
51654.118,-112.0,2.0,0.0,0.0,0.0,0.0,0.0,0.0,2.0,0.0,0.0,0.0,0.0,0.0
51664.118,-112.0,2.0,0.0,0.0,0.0,0.0,0.0,0.0,3.0,0.0,0.0,0.0,0.0,0.0
51674.118,-112.0,1.0,0.0,0.0,0.0,0.0,0.0,0.0,1.0,0.0,0.0,0.0,0.0,0.0
51684.118,-112.0,0.0,0.0,0.0,0.0,0.0,0.0,0.0,4.0,0.0,0.0,0.0,0.0,0.0
51694.119,-112.0,2.0,0.0,0.0,0.0,0.0,0.0,0.0,1.0,0.0,0.0,0.0,0.0,0.0
51704.118,-112.0,-1.0,0.0,0.0,0.0,0.0,0.0,0.0,2.0,0.0,0.0,0.0,0.0,0.0
51714.118,-112.0,2.0,0.0,0.0,0.0,0.0,0.0,0.0,3.0,0.0,0.0,0.0,0.0,0.0
51724.118,-112.0,4.0,0.0,0.0,0.0,0.0,0.0,0.0,0.0,0.0,0.0,0.0,0.0,0.0
51734.118,-112.0,-1.0,0.0,0.0,0.0,0.0,0.0,0.0,4.0,0.0,0.0,0.0,0.0,0.0
51744.118,-112.0,2.0,0.0,0.0,0.0,0.0,0.0,0.0,0.0,0.0,0.0,0.0,0.0,0.0
51754.118,-112.0,2.0,0.0,0.0,0.0,0.0,0.0,0.0,2.0,0.0,0.0,0.0,0.0,0.0
51764.118,-112.0,3.0,0.0,0.0,0.0,0.0,0.0,0.0,3.0,0.0,0.0,0.0,0.0,0.0
51774.119,-112.0,3.0,0.0,0.0,0.0,0.0,0.0,0.0,0.0,0.0,0.0,0.0,0.0,0.0
51784.118,-112.0,0.0,0.0,0.0,0.0,0.0,0.0,0.0,2.0,0.0,0.0,0.0,0.0,0.0
51794.118,-112.0,2.0,0.0,0.0,0.0,0.0,0.0,0.0,1.0,0.0,0.0,0.0,0.0,0.0
51804.118,-112.0,2.0,0.0,0.0,0.0,0.0,0.0,0.0,2.0,0.0,0.0,0.0,0.0,0.0
51814.118,-112.0,0.0,0.0,0.0,0.0,0.0,0.0,0.0,1.0,0.0,0.0,0.0,0.0,0.0
51824.118,-112.0,3.0,0.0,0.0,0.0,0.0,0.0,0.0,0.0,0.0,0.0,0.0,0.0,0.0
51834.118,-112.0,-1.0,0.0,0.0,0.0,0.0,0.0,0.0,3.0,0.0,0.0,0.0,0.0,0.0
51844.118,-112.0,0.0,0.0,0.0,0.0,0.0,0.0,0.0,0.0,0.0,0.0,0.0,0.0,0.0
51854.119,-112.0,1.0,0.0,0.0,0.0,0.0,0.0,0.0,0.0,0.0,0.0,0.0,0.0,0.0
51864.118,-112.0,3.0,0.0,0.0,0.0,0.0,0.0,0.0,1.0,0.0,0.0,0.0,0.0,0.0
51874.119,-112.0,2.0,0.0,0.0,0.0,0.0,0.0,0.0,0.0,0.0,0.0,0.0,0.0,0.0
51884.118,-112.0,4.0,0.0,0.0,0.0,0.0,0.0,0.0,4.0,0.0,0.0,0.0,0.0,0.0
51894.118,-112.0,3.0,0.0,0.0,0.0,0.0,0.0,0.0,2.0,0.0,0.0,0.0,0.0,0.0
51904.118,-112.0,1.0,0.0,0.0,0.0,0.0,0.0,0.0,3.0,0.0,0.0,0.0,0.0,0.0
51914.118,-112.0,4.0,0.0,0.0,0.0,0.0,0.0,0.0,3.0,0.0,0.0,0.0,0.0,0.0
51924.119,-112.0,2.0,0.0,0.0,0.0,0.0,0.0,0.0,4.0,0.0,0.0,0.0,0.0,0.0
51934.118,-112.0,2.0,0.0,0.0,0.0,0.0,0.0,0.0,0.0,0.0,0.0,0.0,0.0,0.0
51944.119,-112.0,3.0,0.0,0.0,0.0,0.0,0.0,0.0,0.0,0.0,0.0,0.0,0.0,0.0
51954.118,-112.0,1.0,0.0,0.0,0.0,0.0,0.0,0.0,1.0,0.0,0.0,0.0,0.0,0.0
51964.118,-112.0,2.0,0.0,0.0,0.0,0.0,0.0,0.0,4.0,0.0,0.0,0.0,0.0,0.0
51974.118,-112.0,0.0,0.0,0.0,0.0,0.0,0.0,0.0,1.0,0.0,0.0,0.0,0.0,0.0
51984.118,-112.0,1.0,0.0,0.0,0.0,0.0,0.0,0.0,1.0,0.0,0.0,0.0,0.0,0.0
51994.118,-112.0,2.0,0.0,0.0,0.0,0.0,0.0,0.0,3.0,0.0,0.0,0.0,0.0,0.0
52004.118,-112.0,2.0,0.0,0.0,0.0,0.0,0.0,0.0,2.0,0.0,0.0,0.0,0.0,0.0
52014.119,-112.0,1.0,0.0,0.0,0.0,0.0,0.0,0.0,1.0,0.0,0.0,0.0,0.0,0.0
52024.118,-112.0,1.0,0.0,0.0,0.0,0.0,0.0,0.0,3.0,0.0,0.0,0.0,0.0,0.0
52034.118,-112.0,1.0,0.0,0.0,0.0,0.0,0.0,0.0,1.0,0.0,0.0,0.0,0.0,0.0
52044.118,-112.0,2.0,0.0,0.0,0.0,0.0,0.0,0.0,2.0,0.0,0.0,0.0,0.0,0.0
52054.118,-112.0,1.0,0.0,0.0,0.0,0.0,0.0,0.0,2.0,0.0,0.0,0.0,0.0,0.0
52064.118,-112.0,0.0,0.0,0.0,0.0,0.0,0.0,0.0,2.0,0.0,0.0,0.0,0.0,0.0
52074.118,-112.0,4.0,0.0,0.0,0.0,0.0,0.0,0.0,1.0,0.0,0.0,0.0,0.0,0.0
52084.118,-112.0,1.0,0.0,0.0,0.0,0.0,0.0,0.0,4.0,0.0,0.0,0.0,0.0,0.0
52094.119,-112.0,0.0,0.0,0.0,0.0,0.0,0.0,0.0,3.0,0.0,0.0,0.0,0.0,0.0
52104.118,-112.0,2.0,0.0,0.0,0.0,0.0,0.0,0.0,0.0,0.0,0.0,0.0,0.0,0.0
52114.118,-112.0,1.0,0.0,0.0,0.0,0.0,0.0,0.0,1.0,0.0,0.0,0.0,0.0,0.0
52124.118,-112.0,-1.0,0.0,0.0,0.0,0.0,0.0,0.0,1.0,0.0,0.0,0.0,0.0,0.0
52134.118,-112.0,4.0,0.0,0.0,0.0,0.0,0.0,0.0,1.0,0.0,0.0,0.0,0.0,0.0
52144.118,-112.0,2.0,0.0,0.0,0.0,0.0,0.0,0.0,3.0,0.0,0.0,0.0,0.0,0.0
52154.118,-112.0,2.0,0.0,0.0,0.0,0.0,0.0,0.0,1.0,0.0,0.0,0.0,0.0,0.0
52164.118,-112.0,-1.0,0.0,0.0,0.0,0.0,0.0,0.0,4.0,0.0,0.0,0.0,0.0,0.0
52174.119,-112.0,2.0,0.0,0.0,0.0,0.0,0.0,0.0,0.0,0.0,0.0,0.0,0.0,0.0
52184.118,-112.0,0.0,0.0,0.0,0.0,0.0,0.0,0.0,2.0,0.0,0.0,0.0,0.0,0.0
52194.119,-112.0,0.0,0.0,0.0,0.0,0.0,0.0,0.0,5.0,0.0,0.0,0.0,0.0,0.0
52204.118,-112.0,2.0,0.0,0.0,0.0,0.0,0.0,0.0,1.0,0.0,0.0,0.0,0.0,0.0
52214.118,-112.0,2.0,0.0,0.0,0.0,0.0,0.0,0.0,4.0,0.0,0.0,0.0,0.0,0.0
52224.118,-112.0,1.0,0.0,0.0,0.0,0.0,0.0,0.0,6.0,0.0,0.0,0.0,0.0,0.0
52234.118,-112.0,0.0,0.0,0.0,0.0,0.0,0.0,0.0,5.0,0.0,0.0,0.0,0.0,0.0
52244.119,-112.0,1.0,0.0,0.0,0.0,0.0,0.0,0.0,1.0,0.0,0.0,0.0,0.0,0.0
52254.118,-112.0,2.0,0.0,0.0,0.0,0.0,0.0,0.0,3.0,0.0,0.0,0.0,0.0,0.0
52264.119,-112.0,1.0,0.0,0.0,0.0,0.0,0.0,0.0,0.0,0.0,0.0,0.0,0.0,0.0
52274.118,-112.0,1.0,0.0,0.0,0.0,0.0,0.0,0.0,1.0,0.0,0.0,0.0,0.0,0.0
52284.118,-112.0,0.0,0.0,0.0,0.0,0.0,0.0,0.0,1.0,0.0,0.0,0.0,0.0,0.0
52294.118,-112.0,2.0,0.0,0.0,0.0,0.0,0.0,0.0,1.0,0.0,0.0,0.0,0.0,0.0
52304.118,-112.0,1.0,0.0,0.0,0.0,0.0,0.0,0.0,2.0,0.0,0.0,0.0,0.0,0.0
52314.118,-112.0,0.0,0.0,0.0,0.0,0.0,0.0,0.0,1.0,0.0,0.0,0.0,0.0,0.0
52324.118,-112.0,1.0,0.0,0.0,0.0,0.0,0.0,0.0,3.0,0.0,0.0,0.0,0.0,0.0
52334.119,-112.0,2.0,0.0,0.0,0.0,0.0,0.0,0.0,3.0,0.0,0.0,0.0,0.0,0.0
52344.118,-112.0,1.0,0.0,0.0,0.0,0.0,0.0,0.0,0.0,0.0,0.0,0.0,0.0,0.0
52354.118,-112.0,0.0,0.0,0.0,0.0,0.0,0.0,0.0,2.0,0.0,0.0,0.0,0.0,0.0
52364.118,-112.0,3.0,0.0,0.0,0.0,0.0,0.0,0.0,0.0,0.0,0.0,0.0,0.0,0.0
52374.118,-112.0,1.0,0.0,0.0,0.0,0.0,0.0,0.0,0.0,0.0,0.0,0.0,0.0,0.0
52384.118,-112.0,1.0,0.0,0.0,0.0,0.0,0.0,0.0,1.0,0.0,0.0,0.0,0.0,0.0
52394.118,-112.0,3.0,0.0,0.0,0.0,0.0,0.0,0.0,3.0,0.0,0.0,0.0,0.0,0.0
52404.118,-112.0,5.0,0.0,0.0,0.0,0.0,0.0,0.0,1.0,0.0,0.0,0.0,0.0,0.0
52414.119,-112.0,-1.0,0.0,0.0,0.0,0.0,0.0,0.0,3.0,0.0,0.0,0.0,0.0,0.0
52424.118,-112.0,0.0,0.0,0.0,0.0,0.0,0.0,0.0,2.0,0.0,0.0,0.0,0.0,0.0
52434.118,-112.0,1.0,0.0,0.0,0.0,0.0,0.0,0.0,1.0,0.0,0.0,0.0,0.0,0.0
52444.118,-112.0,1.0,0.0,0.0,0.0,0.0,0.0,0.0,-1.0,0.0,0.0,0.0,0.0,0.0
52454.118,-112.0,1.0,0.0,0.0,0.0,0.0,0.0,0.0,4.0,0.0,0.0,0.0,0.0,0.0
52464.118,-112.0,0.0,0.0,0.0,0.0,0.0,0.0,0.0,2.0,0.0,0.0,0.0,0.0,0.0
52474.118,-112.0,3.0,0.0,0.0,0.0,0.0,0.0,0.0,1.0,0.0,0.0,0.0,0.0,0.0
52484.118,-112.0,-1.0,0.0,0.0,0.0,0.0,0.0,0.0,1.0,0.0,0.0,0.0,0.0,0.0
52494.119,-112.0,1.0,0.0,0.0,0.0,0.0,0.0,0.0,1.0,0.0,0.0,0.0,0.0,0.0
52504.118,-112.0,0.0,0.0,0.0,0.0,0.0,0.0,0.0,-1.0,0.0,0.0,0.0,0.0,0.0
52514.119,-112.0,1.0,0.0,0.0,0.0,0.0,0.0,0.0,5.0,0.0,0.0,0.0,0.0,0.0
52524.118,-112.0,2.0,0.0,0.0,0.0,0.0,0.0,0.0,1.0,0.0,0.0,0.0,0.0,0.0
52534.118,-112.0,1.0,0.0,0.0,0.0,0.0,0.0,0.0,0.0,0.0,0.0,0.0,0.0,0.0
52544.118,-112.0,0.0,0.0,0.0,0.0,0.0,0.0,0.0,-1.0,0.0,0.0,0.0,0.0,0.0
52554.118,-112.0,1.0,0.0,0.0,0.0,0.0,0.0,0.0,1.0,0.0,0.0,0.0,0.0,0.0
52564.119,-112.0,-1.0,0.0,0.0,0.0,0.0,0.0,0.0,2.0,0.0,0.0,0.0,0.0,0.0
52574.118,-112.0,2.0,0.0,0.0,0.0,0.0,0.0,0.0,1.0,0.0,0.0,0.0,0.0,0.0
52584.119,-112.0,0.0,0.0,0.0,0.0,0.0,0.0,0.0,1.0,0.0,0.0,0.0,0.0,0.0
52594.118,-112.0,2.0,0.0,0.0,0.0,0.0,0.0,0.0,1.0,0.0,0.0,0.0,0.0,0.0
52604.118,-112.0,-1.0,0.0,0.0,0.0,0.0,0.0,0.0,-1.0,0.0,0.0,0.0,0.0,0.0
52614.118,-112.0,1.0,0.0,0.0,0.0,0.0,0.0,0.0,1.0,0.0,0.0,0.0,0.0,0.0
52624.118,-112.0,1.0,0.0,0.0,0.0,0.0,0.0,0.0,0.0,0.0,0.0,0.0,0.0,0.0
52634.118,-112.0,0.0,0.0,0.0,0.0,0.0,0.0,0.0,2.0,0.0,0.0,0.0,0.0,0.0
52644.118,-112.0,2.0,0.0,0.0,0.0,0.0,0.0,0.0,-2.0,0.0,0.0,0.0,0.0,0.0
52654.119,-112.0,2.0,0.0,0.0,0.0,0.0,0.0,0.0,3.0,0.0,0.0,0.0,0.0,0.0
52664.118,-112.0,1.0,0.0,0.0,0.0,0.0,0.0,0.0,1.0,0.0,0.0,0.0,0.0,0.0
52674.118,-112.0,0.0,0.0,0.0,0.0,0.0,0.0,0.0,3.0,0.0,0.0,0.0,0.0,0.0
52684.118,-112.0,1.0,0.0,0.0,0.0,0.0,0.0,0.0,3.0,0.0,0.0,0.0,0.0,0.0
52694.118,-112.0,3.0,0.0,0.0,0.0,0.0,0.0,0.0,2.0,0.0,0.0,0.0,0.0,0.0
52704.118,-112.0,2.0,0.0,0.0,0.0,0.0,0.0,0.0,3.0,0.0,0.0,0.0,0.0,0.0
52714.118,-112.0,1.0,0.0,0.0,0.0,0.0,0.0,0.0,2.0,0.0,0.0,0.0,0.0,0.0
52724.118,-112.0,3.0,0.0,0.0,0.0,0.0,0.0,0.0,1.0,0.0,0.0,0.0,0.0,0.0
52734.119,-112.0,0.0,0.0,0.0,0.0,0.0,0.0,0.0,3.0,0.0,0.0,0.0,0.0,0.0
52744.118,-112.0,1.0,0.0,0.0,0.0,0.0,0.0,0.0,2.0,0.0,0.0,0.0,0.0,0.0
52754.118,-112.0,3.0,0.0,0.0,0.0,0.0,0.0,0.0,3.0,0.0,0.0,0.0,0.0,0.0
52764.118,-112.0,-1.0,0.0,0.0,0.0,0.0,0.0,0.0,-2.0,0.0,0.0,0.0,0.0,0.0
52774.118,-112.0,2.0,0.0,0.0,0.0,0.0,0.0,0.0,0.0,0.0,0.0,0.0,0.0,0.0
52784.118,-112.0,4.0,0.0,0.0,0.0,0.0,0.0,0.0,3.0,0.0,0.0,0.0,0.0,0.0
52794.118,-112.0,3.0,0.0,0.0,0.0,0.0,0.0,0.0,2.0,0.0,0.0,0.0,0.0,0.0
52804.118,-112.0,0.0,0.0,0.0,0.0,0.0,0.0,0.0,2.0,0.0,0.0,0.0,0.0,0.0
52814.119,-112.0,1.0,0.0,0.0,0.0,0.0,0.0,0.0,2.0,0.0,0.0,0.0,0.0,0.0
52824.118,-112.0,3.0,0.0,0.0,0.0,0.0,0.0,0.0,1.0,0.0,0.0,0.0,0.0,0.0
52834.119,-112.0,1.0,0.0,0.0,0.0,0.0,0.0,0.0,3.0,0.0,0.0,0.0,0.0,0.0
52844.118,-112.0,2.0,0.0,0.0,0.0,0.0,0.0,0.0,0.0,0.0,0.0,0.0,0.0,0.0
52854.118,-112.0,0.0,0.0,0.0,0.0,0.0,0.0,0.0,2.0,0.0,0.0,0.0,0.0,0.0
52864.118,-112.0,3.0,0.0,0.0,0.0,0.0,0.0,0.0,2.0,0.0,0.0,0.0,0.0,0.0
52874.118,-112.0,2.0,0.0,0.0,0.0,0.0,0.0,0.0,1.0,0.0,0.0,0.0,0.0,0.0
52884.119,-112.0,2.0,0.0,0.0,0.0,0.0,0.0,0.0,5.0,0.0,0.0,0.0,0.0,0.0
52894.118,-112.0,0.0,0.0,0.0,0.0,0.0,0.0,0.0,0.0,0.0,0.0,0.0,0.0,0.0
52904.119,-112.0,1.0,0.0,0.0,0.0,0.0,0.0,0.0,1.0,0.0,0.0,0.0,0.0,0.0
52914.118,-112.0,1.0,0.0,0.0,0.0,0.0,0.0,0.0,-1.0,0.0,0.0,0.0,0.0,0.0
52924.118,-112.0,3.0,0.0,0.0,0.0,0.0,0.0,0.0,-1.0,0.0,0.0,0.0,0.0,0.0
52934.118,-112.0,1.0,0.0,0.0,0.0,0.0,0.0,0.0,-1.0,0.0,0.0,0.0,0.0,0.0
52944.118,-112.0,5.0,0.0,0.0,0.0,0.0,0.0,0.0,2.0,0.0,0.0,0.0,0.0,0.0
52954.118,-112.0,1.0,0.0,0.0,0.0,0.0,0.0,0.0,0.0,0.0,0.0,0.0,0.0,0.0
52964.118,-112.0,2.0,0.0,0.0,0.0,0.0,0.0,0.0,1.0,0.0,0.0,0.0,0.0,0.0
52974.119,-112.0,1.0,0.0,0.0,0.0,0.0,0.0,0.0,4.0,0.0,0.0,0.0,0.0,0.0
52984.118,-112.0,1.0,0.0,0.0,0.0,0.0,0.0,0.0,-1.0,0.0,0.0,0.0,0.0,0.0
52994.118,-112.0,3.0,0.0,0.0,0.0,0.0,0.0,0.0,1.0,0.0,0.0,0.0,0.0,0.0
53004.118,-112.0,2.0,0.0,0.0,0.0,0.0,0.0,0.0,4.0,0.0,0.0,0.0,0.0,0.0
53014.118,-112.0,-1.0,0.0,0.0,0.0,0.0,0.0,0.0,0.0,0.0,0.0,0.0,0.0,0.0
53024.118,-112.0,3.0,0.0,0.0,0.0,0.0,0.0,0.0,1.0,0.0,0.0,0.0,0.0,0.0
53034.118,-112.0,1.0,0.0,0.0,0.0,0.0,0.0,0.0,1.0,0.0,0.0,0.0,0.0,0.0
53044.118,-112.0,1.0,0.0,0.0,0.0,0.0,0.0,0.0,1.0,0.0,0.0,0.0,0.0,0.0
53054.119,-112.0,1.0,0.0,0.0,0.0,0.0,0.0,0.0,1.0,0.0,0.0,0.0,0.0,0.0
53064.118,-112.0,1.0,0.0,0.0,0.0,0.0,0.0,0.0,1.0,0.0,0.0,0.0,0.0,0.0
53074.118,-112.0,2.0,0.0,0.0,0.0,0.0,0.0,0.0,3.0,0.0,0.0,0.0,0.0,0.0
53084.118,-112.0,0.0,0.0,0.0,0.0,0.0,0.0,0.0,-1.0,0.0,0.0,0.0,0.0,0.0
53094.118,-112.0,1.0,0.0,0.0,0.0,0.0,0.0,0.0,1.0,0.0,0.0,0.0,0.0,0.0
53104.118,-112.0,1.0,0.0,0.0,0.0,0.0,0.0,0.0,2.0,0.0,0.0,0.0,0.0,0.0
53114.118,-112.0,1.0,0.0,0.0,0.0,0.0,0.0,0.0,2.0,0.0,0.0,0.0,0.0,0.0
53124.118,-112.0,-1.0,0.0,0.0,0.0,0.0,0.0,0.0,4.0,0.0,0.0,0.0,0.0,0.0
53134.119,-112.0,2.0,0.0,0.0,0.0,0.0,0.0,0.0,1.0,0.0,0.0,0.0,0.0,0.0
53144.118,-112.0,1.0,0.0,0.0,0.0,0.0,0.0,0.0,3.0,0.0,0.0,0.0,0.0,0.0
53154.119,-112.0,0.0,0.0,0.0,0.0,0.0,0.0,0.0,2.0,0.0,0.0,0.0,0.0,0.0
53164.118,-112.0,1.0,0.0,0.0,0.0,0.0,0.0,0.0,3.0,0.0,0.0,0.0,0.0,0.0
53174.118,-112.0,4.0,0.0,0.0,0.0,0.0,0.0,0.0,2.0,0.0,0.0,0.0,0.0,0.0
53184.118,-112.0,1.0,0.0,0.0,0.0,0.0,0.0,0.0,1.0,0.0,0.0,0.0,0.0,0.0
53194.118,-112.0,2.0,0.0,0.0,0.0,0.0,0.0,0.0,2.0,0.0,0.0,0.0,0.0,0.0
53204.119,-112.0,-1.0,0.0,0.0,0.0,0.0,0.0,0.0,4.0,0.0,0.0,0.0,0.0,0.0
53214.118,-112.0,-1.0,0.0,0.0,0.0,0.0,0.0,0.0,2.0,0.0,0.0,0.0,0.0,0.0
53224.119,-112.0,1.0,0.0,0.0,0.0,0.0,0.0,0.0,1.0,0.0,0.0,0.0,0.0,0.0
53234.118,-112.0,2.0,0.0,0.0,0.0,0.0,0.0,0.0,4.0,0.0,0.0,0.0,0.0,0.0
53244.118,-112.0,3.0,0.0,0.0,0.0,0.0,0.0,0.0,0.0,0.0,0.0,0.0,0.0,0.0
53254.118,-112.0,1.0,0.0,0.0,0.0,0.0,0.0,0.0,1.0,0.0,0.0,0.0,0.0,0.0
53264.118,-112.0,2.0,0.0,0.0,0.0,0.0,0.0,0.0,1.0,0.0,0.0,0.0,0.0,0.0
53274.118,-112.0,3.0,0.0,0.0,0.0,0.0,0.0,0.0,1.0,0.0,0.0,0.0,0.0,0.0
53284.118,-112.0,-2.0,0.0,0.0,0.0,0.0,0.0,0.0,3.0,0.0,0.0,0.0,0.0,0.0
53294.119,-112.0,-1.0,0.0,0.0,0.0,0.0,0.0,0.0,3.0,0.0,0.0,0.0,0.0,0.0
53304.118,-112.0,2.0,0.0,0.0,0.0,0.0,0.0,0.0,3.0,0.0,0.0,0.0,0.0,0.0
53314.118,-112.0,1.0,0.0,0.0,0.0,0.0,0.0,0.0,2.0,0.0,0.0,0.0,0.0,0.0
53324.118,-112.0,1.0,0.0,0.0,0.0,0.0,0.0,0.0,0.0,0.0,0.0,0.0,0.0,0.0
53334.118,-112.0,2.0,0.0,0.0,0.0,0.0,0.0,0.0,0.0,0.0,0.0,0.0,0.0,0.0
53344.118,-112.0,0.0,0.0,0.0,0.0,0.0,0.0,0.0,5.0,0.0,0.0,0.0,0.0,0.0
53354.118,-112.0,3.0,0.0,0.0,0.0,0.0,0.0,0.0,5.0,0.0,0.0,0.0,0.0,0.0
53364.118,-112.0,2.0,0.0,0.0,0.0,0.0,0.0,0.0,-1.0,0.0,0.0,0.0,0.0,0.0
53374.119,-112.0,1.0,0.0,0.0,0.0,0.0,0.0,0.0,-1.0,0.0,0.0,0.0,0.0,0.0
53384.118,-112.0,0.0,0.0,0.0,0.0,0.0,0.0,0.0,4.0,0.0,0.0,0.0,0.0,0.0
53394.118,-112.0,2.0,0.0,0.0,0.0,0.0,0.0,0.0,1.0,0.0,0.0,0.0,0.0,0.0
53404.118,-112.0,3.0,0.0,0.0,0.0,0.0,0.0,0.0,3.0,0.0,0.0,0.0,0.0,0.0
53414.118,-112.0,0.0,0.0,0.0,0.0,0.0,0.0,0.0,3.0,0.0,0.0,0.0,0.0,0.0
53424.118,-112.0,0.0,0.0,0.0,0.0,0.0,0.0,0.0,3.0,0.0,0.0,0.0,0.0,0.0
53434.118,-112.0,0.0,0.0,0.0,0.0,0.0,0.0,0.0,1.0,0.0,0.0,0.0,0.0,0.0
53444.118,-112.0,-2.0,0.0,0.0,0.0,0.0,0.0,0.0,2.0,0.0,0.0,0.0,0.0,0.0
53454.119,-112.0,1.0,0.0,0.0,0.0,0.0,0.0,0.0,-1.0,0.0,0.0,0.0,0.0,0.0
53464.118,-112.0,2.0,0.0,0.0,0.0,0.0,0.0,0.0,0.0,0.0,0.0,0.0,0.0,0.0
53474.119,-112.0,0.0,0.0,0.0,0.0,0.0,0.0,0.0,1.0,0.0,0.0,0.0,0.0,0.0
53484.118,-112.0,3.0,0.0,0.0,0.0,0.0,0.0,0.0,2.0,0.0,0.0,0.0,0.0,0.0
53494.118,-112.0,1.0,0.0,0.0,0.0,0.0,0.0,0.0,2.0,0.0,0.0,0.0,0.0,0.0
53504.118,-112.0,1.0,0.0,0.0,0.0,0.0,0.0,0.0,2.0,0.0,0.0,0.0,0.0,0.0
53514.118,-112.0,2.0,0.0,0.0,0.0,0.0,0.0,0.0,3.0,0.0,0.0,0.0,0.0,0.0
53524.119,-112.0,6.0,0.0,0.0,0.0,0.0,0.0,0.0,3.0,0.0,0.0,0.0,0.0,0.0
53534.118,-112.0,1.0,0.0,0.0,0.0,0.0,0.0,0.0,1.0,0.0,0.0,0.0,0.0,0.0
53544.119,-112.0,0.0,0.0,0.0,0.0,0.0,0.0,0.0,3.0,0.0,0.0,0.0,0.0,0.0
53554.118,-112.0,3.0,0.0,0.0,0.0,0.0,0.0,0.0,1.0,0.0,0.0,0.0,0.0,0.0
53564.118,-112.0,3.0,0.0,0.0,0.0,0.0,0.0,0.0,3.0,0.0,0.0,0.0,0.0,0.0
53574.118,-112.0,1.0,0.0,0.0,0.0,0.0,0.0,0.0,4.0,0.0,0.0,0.0,0.0,0.0
53584.118,-112.0,3.0,0.0,0.0,0.0,0.0,0.0,0.0,2.0,0.0,0.0,0.0,0.0,0.0
53594.118,-112.0,0.0,0.0,0.0,0.0,0.0,0.0,0.0,3.0,0.0,0.0,0.0,0.0,0.0
53604.118,-112.0,0.0,0.0,0.0,0.0,0.0,0.0,0.0,0.0,0.0,0.0,0.0,0.0,0.0
53614.119,-112.0,2.0,0.0,0.0,0.0,0.0,0.0,0.0,2.0,0.0,0.0,0.0,0.0,0.0
53624.118,-112.0,3.0,0.0,0.0,0.0,0.0,0.0,0.0,2.0,0.0,0.0,0.0,0.0,0.0
53634.118,-112.0,-1.0,0.0,0.0,0.0,0.0,0.0,0.0,3.0,0.0,0.0,0.0,0.0,0.0
53644.118,-112.0,6.0,0.0,0.0,0.0,0.0,0.0,0.0,1.0,0.0,0.0,0.0,0.0,0.0
53654.118,-112.0,0.0,0.0,0.0,0.0,0.0,0.0,0.0,2.0,0.0,0.0,0.0,0.0,0.0
53664.118,-112.0,1.0,0.0,0.0,0.0,0.0,0.0,0.0,3.0,0.0,0.0,0.0,0.0,0.0
53674.118,-112.0,1.0,0.0,0.0,0.0,0.0,0.0,0.0,4.0,0.0,0.0,0.0,0.0,0.0
53684.118,-112.0,1.0,0.0,0.0,0.0,0.0,0.0,0.0,1.0,0.0,0.0,0.0,0.0,0.0
53694.119,-112.0,2.0,0.0,0.0,0.0,0.0,0.0,0.0,3.0,0.0,0.0,0.0,0.0,0.0
53704.118,-112.0,3.0,0.0,0.0,0.0,0.0,0.0,0.0,1.0,0.0,0.0,0.0,0.0,0.0
53714.118,-112.0,1.0,0.0,0.0,0.0,0.0,0.0,0.0,1.0,0.0,0.0,0.0,0.0,0.0
53724.118,-112.0,1.0,0.0,0.0,0.0,0.0,0.0,0.0,4.0,0.0,0.0,0.0,0.0,0.0
53734.118,-112.0,2.0,0.0,0.0,0.0,0.0,0.0,0.0,4.0,0.0,0.0,0.0,0.0,0.0
53744.118,-112.0,-1.0,0.0,0.0,0.0,0.0,0.0,0.0,2.0,0.0,0.0,0.0,0.0,0.0
53754.118,-112.0,3.0,0.0,0.0,0.0,0.0,0.0,0.0,3.0,0.0,0.0,0.0,0.0,0.0
53764.118,-112.0,0.0,0.0,0.0,0.0,0.0,0.0,0.0,-1.0,0.0,0.0,0.0,0.0,0.0
53774.119,-112.0,3.0,0.0,0.0,0.0,0.0,0.0,0.0,4.0,0.0,0.0,0.0,0.0,0.0
53784.118,-112.0,-1.0,0.0,0.0,0.0,0.0,0.0,0.0,3.0,0.0,0.0,0.0,0.0,0.0
53794.119,-112.0,-1.0,0.0,0.0,0.0,0.0,0.0,0.0,2.0,0.0,0.0,0.0,0.0,0.0
53804.118,-112.0,0.0,0.0,0.0,0.0,0.0,0.0,0.0,1.0,0.0,0.0,0.0,0.0,0.0
53814.118,-112.0,2.0,0.0,0.0,0.0,0.0,0.0,0.0,0.0,0.0,0.0,0.0,0.0,0.0
53824.118,-112.0,3.0,0.0,0.0,0.0,0.0,0.0,0.0,2.0,0.0,0.0,0.0,0.0,0.0
53834.118,-112.0,2.0,0.0,0.0,0.0,0.0,0.0,0.0,0.0,0.0,0.0,0.0,0.0,0.0
53844.119,-112.0,2.0,0.0,0.0,0.0,0.0,0.0,0.0,3.0,0.0,0.0,0.0,0.0,0.0
53854.118,-112.0,2.0,0.0,0.0,0.0,0.0,0.0,0.0,3.0,0.0,0.0,0.0,0.0,0.0
53864.119,-112.0,1.0,0.0,0.0,0.0,0.0,0.0,0.0,2.0,0.0,0.0,0.0,0.0,0.0
53874.118,-112.0,3.0,0.0,0.0,0.0,0.0,0.0,0.0,1.0,0.0,0.0,0.0,0.0,0.0
53884.118,-112.0,1.0,0.0,0.0,0.0,0.0,0.0,0.0,1.0,0.0,0.0,0.0,0.0,0.0
53894.118,-112.0,2.0,0.0,0.0,0.0,0.0,0.0,0.0,3.0,0.0,0.0,0.0,0.0,0.0
53904.118,-112.0,1.0,0.0,0.0,0.0,0.0,0.0,0.0,3.0,0.0,0.0,0.0,0.0,0.0
53914.118,-112.0,0.0,0.0,0.0,0.0,0.0,0.0,0.0,1.0,0.0,0.0,0.0,0.0,0.0
53924.118,-112.0,2.0,0.0,0.0,0.0,0.0,0.0,0.0,3.0,0.0,0.0,0.0,0.0,0.0
53934.119,-112.0,-1.0,0.0,0.0,0.0,0.0,0.0,0.0,3.0,0.0,0.0,0.0,0.0,0.0
53944.118,-112.0,0.0,0.0,0.0,0.0,0.0,0.0,0.0,1.0,0.0,0.0,0.0,0.0,0.0
53954.118,-112.0,0.0,0.0,0.0,0.0,0.0,0.0,0.0,1.0,0.0,0.0,0.0,0.0,0.0
53964.118,-112.0,-3.0,0.0,0.0,0.0,0.0,0.0,0.0,1.0,0.0,0.0,0.0,0.0,0.0
53974.118,-112.0,4.0,0.0,0.0,0.0,0.0,0.0,0.0,1.0,0.0,0.0,0.0,0.0,0.0
53984.118,-112.0,3.0,0.0,0.0,0.0,0.0,0.0,0.0,1.0,0.0,0.0,0.0,0.0,0.0
53994.118,-112.0,2.0,0.0,0.0,0.0,0.0,0.0,0.0,0.0,0.0,0.0,0.0,0.0,0.0
54004.118,-112.0,1.0,0.0,0.0,0.0,0.0,0.0,0.0,7.0,0.0,0.0,0.0,0.0,0.0
54014.119,-112.0,2.0,0.0,0.0,0.0,0.0,0.0,0.0,1.0,0.0,0.0,0.0,0.0,0.0
54024.118,-112.0,2.0,0.0,0.0,0.0,0.0,0.0,0.0,1.0,0.0,0.0,0.0,0.0,0.0
54034.118,-112.0,2.0,0.0,0.0,0.0,0.0,0.0,0.0,1.0,0.0,0.0,0.0,0.0,0.0
54044.118,-112.0,0.0,0.0,0.0,0.0,0.0,0.0,0.0,1.0,0.0,0.0,0.0,0.0,0.0
54054.118,-112.0,1.0,0.0,0.0,0.0,0.0,0.0,0.0,4.0,0.0,0.0,0.0,0.0,0.0
54064.118,-112.0,2.0,0.0,0.0,0.0,0.0,0.0,0.0,1.0,0.0,0.0,0.0,0.0,0.0
54074.118,-112.0,1.0,0.0,0.0,0.0,0.0,0.0,0.0,2.0,0.0,0.0,0.0,0.0,0.0
54084.118,-112.0,1.0,0.0,0.0,0.0,0.0,0.0,0.0,0.0,0.0,0.0,0.0,0.0,0.0
54094.119,-112.0,1.0,0.0,0.0,0.0,0.0,0.0,0.0,1.0,0.0,0.0,0.0,0.0,0.0
54104.118,-112.0,3.0,0.0,0.0,0.0,0.0,0.0,0.0,2.0,0.0,0.0,0.0,0.0,0.0
54114.119,-112.0,0.0,0.0,0.0,0.0,0.0,0.0,0.0,1.0,0.0,0.0,0.0,0.0,0.0
54124.118,-112.0,3.0,0.0,0.0,0.0,0.0,0.0,0.0,1.0,0.0,0.0,0.0,0.0,0.0
54134.118,-112.0,0.0,0.0,0.0,0.0,0.0,0.0,0.0,1.0,0.0,0.0,0.0,0.0,0.0
54144.118,-112.0,0.0,0.0,0.0,0.0,0.0,0.0,0.0,1.0,0.0,0.0,0.0,0.0,0.0
54154.118,-112.0,0.0,0.0,0.0,0.0,0.0,0.0,0.0,2.0,0.0,0.0,0.0,0.0,0.0
54164.119,-112.0,1.0,0.0,0.0,0.0,0.0,0.0,0.0,2.0,0.0,0.0,0.0,0.0,0.0
54174.118,-112.0,0.0,0.0,0.0,0.0,0.0,0.0,0.0,0.0,0.0,0.0,0.0,0.0,0.0
54184.119,-112.0,0.0,0.0,0.0,0.0,0.0,0.0,0.0,3.0,0.0,0.0,0.0,0.0,0.0
54194.118,-112.0,-1.0,0.0,0.0,0.0,0.0,0.0,0.0,0.0,0.0,0.0,0.0,0.0,0.0
54204.118,-112.0,0.0,0.0,0.0,0.0,0.0,0.0,0.0,0.0,0.0,0.0,0.0,0.0,0.0
54214.118,-112.0,3.0,0.0,0.0,0.0,0.0,0.0,0.0,1.0,0.0,0.0,0.0,0.0,0.0
54224.118,-112.0,1.0,0.0,0.0,0.0,0.0,0.0,0.0,0.0,0.0,0.0,0.0,0.0,0.0
54234.118,-112.0,1.0,0.0,0.0,0.0,0.0,0.0,0.0,-2.0,0.0,0.0,0.0,0.0,0.0
54244.118,-112.0,0.0,0.0,0.0,0.0,0.0,0.0,0.0,3.0,0.0,0.0,0.0,0.0,0.0
54254.119,-112.0,0.0,0.0,0.0,0.0,0.0,0.0,0.0,3.0,0.0,0.0,0.0,0.0,0.0
54264.118,-112.0,4.0,0.0,0.0,0.0,0.0,0.0,0.0,3.0,0.0,0.0,0.0,0.0,0.0
54274.118,-112.0,-3.0,0.0,0.0,0.0,0.0,0.0,0.0,0.0,0.0,0.0,0.0,0.0,0.0
54284.118,-112.0,0.0,0.0,0.0,0.0,0.0,0.0,0.0,1.0,0.0,0.0,0.0,0.0,0.0
54294.118,-112.0,2.0,0.0,0.0,0.0,0.0,0.0,0.0,2.0,0.0,0.0,0.0,0.0,0.0
54304.118,-112.0,0.0,0.0,0.0,0.0,0.0,0.0,0.0,-1.0,0.0,0.0,0.0,0.0,0.0
54314.118,-112.0,0.0,0.0,0.0,0.0,0.0,0.0,0.0,1.0,0.0,0.0,0.0,0.0,0.0
54324.118,-112.0,1.0,0.0,0.0,0.0,0.0,0.0,0.0,0.0,0.0,0.0,0.0,0.0,0.0
54334.119,-112.0,1.0,0.0,0.0,0.0,0.0,0.0,0.0,2.0,0.0,0.0,0.0,0.0,0.0
54344.118,-112.0,3.0,0.0,0.0,0.0,0.0,0.0,0.0,2.0,0.0,0.0,0.0,0.0,0.0
54354.118,-112.0,0.0,0.0,0.0,0.0,0.0,0.0,0.0,3.0,0.0,0.0,0.0,0.0,0.0
54364.118,-112.0,3.0,0.0,0.0,0.0,0.0,0.0,0.0,4.0,0.0,0.0,0.0,0.0,0.0
54374.118,-112.0,0.0,0.0,0.0,0.0,0.0,0.0,0.0,2.0,0.0,0.0,0.0,0.0,0.0
54384.118,-112.0,2.0,0.0,0.0,0.0,0.0,0.0,0.0,1.0,0.0,0.0,0.0,0.0,0.0
54394.118,-112.0,0.0,0.0,0.0,0.0,0.0,0.0,0.0,1.0,0.0,0.0,0.0,0.0,0.0
54404.118,-112.0,1.0,0.0,0.0,0.0,0.0,0.0,0.0,2.0,0.0,0.0,0.0,0.0,0.0
54414.119,-112.0,0.0,0.0,0.0,0.0,0.0,0.0,0.0,3.0,0.0,0.0,0.0,0.0,0.0
54424.118,-112.0,3.0,0.0,0.0,0.0,0.0,0.0,0.0,1.0,0.0,0.0,0.0,0.0,0.0
54434.119,-112.0,1.0,0.0,0.0,0.0,0.0,0.0,0.0,2.0,0.0,0.0,0.0,0.0,0.0
54444.118,-112.0,1.0,0.0,0.0,0.0,0.0,0.0,0.0,-1.0,0.0,0.0,0.0,0.0,0.0
54454.118,-112.0,3.0,0.0,0.0,0.0,0.0,0.0,0.0,1.0,0.0,0.0,0.0,0.0,0.0
54464.118,-112.0,1.0,0.0,0.0,0.0,0.0,0.0,0.0,-1.0,0.0,0.0,0.0,0.0,0.0
54474.118,-112.0,0.0,0.0,0.0,0.0,0.0,0.0,0.0,0.0,0.0,0.0,0.0,0.0,0.0
54484.119,-112.0,0.0,0.0,0.0,0.0,0.0,0.0,0.0,1.0,0.0,0.0,0.0,0.0,0.0
54494.118,-112.0,-1.0,0.0,0.0,0.0,0.0,0.0,0.0,2.0,0.0,0.0,0.0,0.0,0.0
54504.119,-112.0,2.0,0.0,0.0,0.0,0.0,0.0,0.0,-1.0,0.0,0.0,0.0,0.0,0.0
54514.118,-112.0,0.0,0.0,0.0,0.0,0.0,0.0,0.0,3.0,0.0,0.0,0.0,0.0,0.0
54524.118,-112.0,1.0,0.0,0.0,0.0,0.0,0.0,0.0,3.0,0.0,0.0,0.0,0.0,0.0
54534.118,-112.0,3.0,0.0,0.0,0.0,0.0,0.0,0.0,2.0,0.0,0.0,0.0,0.0,0.0
54544.118,-112.0,3.0,0.0,0.0,0.0,0.0,0.0,0.0,0.0,0.0,0.0,0.0,0.0,0.0
54554.118,-112.0,0.0,0.0,0.0,0.0,0.0,0.0,0.0,1.0,0.0,0.0,0.0,0.0,0.0
54564.118,-112.0,2.0,0.0,0.0,0.0,0.0,0.0,0.0,1.0,0.0,0.0,0.0,0.0,0.0
54574.119,-112.0,1.0,0.0,0.0,0.0,0.0,0.0,0.0,0.0,0.0,0.0,0.0,0.0,0.0
54584.118,-112.0,1.0,0.0,0.0,0.0,0.0,0.0,0.0,2.0,0.0,0.0,0.0,0.0,0.0
54594.118,-112.0,2.0,0.0,0.0,0.0,0.0,0.0,0.0,2.0,0.0,0.0,0.0,0.0,0.0
54604.118,-112.0,-1.0,0.0,0.0,0.0,0.0,0.0,0.0,2.0,0.0,0.0,0.0,0.0,0.0
54614.118,-112.0,1.0,0.0,0.0,0.0,0.0,0.0,0.0,1.0,0.0,0.0,0.0,0.0,0.0
54624.118,-112.0,1.0,0.0,0.0,0.0,0.0,0.0,0.0,3.0,0.0,0.0,0.0,0.0,0.0
54634.118,-112.0,2.0,0.0,0.0,0.0,0.0,0.0,0.0,0.0,0.0,0.0,0.0,0.0,0.0
54644.118,-112.0,1.0,0.0,0.0,0.0,0.0,0.0,0.0,1.0,0.0,0.0,0.0,0.0,0.0
54654.119,-112.0,0.0,0.0,0.0,0.0,0.0,0.0,0.0,1.0,0.0,0.0,0.0,0.0,0.0
54664.118,-112.0,1.0,0.0,0.0,0.0,0.0,0.0,0.0,2.0,0.0,0.0,0.0,0.0,0.0
54674.118,-112.0,0.0,0.0,0.0,0.0,0.0,0.0,0.0,2.0,0.0,0.0,0.0,0.0,0.0
54684.118,-112.0,2.0,0.0,0.0,0.0,0.0,0.0,0.0,3.0,0.0,0.0,0.0,0.0,0.0
54694.118,-112.0,2.0,0.0,0.0,0.0,0.0,0.0,0.0,3.0,0.0,0.0,0.0,0.0,0.0
54704.118,-112.0,0.0,0.0,0.0,0.0,0.0,0.0,0.0,3.0,0.0,0.0,0.0,0.0,0.0
54714.118,-112.0,4.0,0.0,0.0,0.0,0.0,0.0,0.0,2.0,0.0,0.0,0.0,0.0,0.0
54724.118,-112.0,4.0,0.0,0.0,0.0,0.0,0.0,0.0,2.0,0.0,0.0,0.0,0.0,0.0
54734.119,-112.0,0.0,0.0,0.0,0.0,0.0,0.0,0.0,0.0,0.0,0.0,0.0,0.0,0.0
54744.118,-112.0,2.0,0.0,0.0,0.0,0.0,0.0,0.0,2.0,0.0,0.0,0.0,0.0,0.0
54754.119,-112.0,1.0,0.0,0.0,0.0,0.0,0.0,0.0,0.0,0.0,0.0,0.0,0.0,0.0
54764.118,-112.0,1.0,0.0,0.0,0.0,0.0,0.0,0.0,3.0,0.0,0.0,0.0,0.0,0.0
54774.118,-112.0,0.0,0.0,0.0,0.0,0.0,0.0,0.0,4.0,0.0,0.0,0.0,0.0,0.0
54784.118,-112.0,0.0,0.0,0.0,0.0,0.0,0.0,0.0,2.0,0.0,0.0,0.0,0.0,0.0
54794.118,-112.0,-1.0,0.0,0.0,0.0,0.0,0.0,0.0,5.0,0.0,0.0,0.0,0.0,0.0
54804.119,-112.0,1.0,0.0,0.0,0.0,0.0,0.0,0.0,3.0,0.0,0.0,0.0,0.0,0.0
54814.118,-112.0,0.0,0.0,0.0,0.0,0.0,0.0,0.0,0.0,0.0,0.0,0.0,0.0,0.0
54824.119,-112.0,0.0,0.0,0.0,0.0,0.0,0.0,0.0,2.0,0.0,0.0,0.0,0.0,0.0
54834.118,-112.0,1.0,0.0,0.0,0.0,0.0,0.0,0.0,2.0,0.0,0.0,0.0,0.0,0.0
54844.118,-112.0,4.0,0.0,0.0,0.0,0.0,0.0,0.0,0.0,0.0,0.0,0.0,0.0,0.0
54854.118,-112.0,-1.0,0.0,0.0,0.0,0.0,0.0,0.0,2.0,0.0,0.0,0.0,0.0,0.0
54864.118,-112.0,1.0,0.0,0.0,0.0,0.0,0.0,0.0,2.0,0.0,0.0,0.0,0.0,0.0
54874.118,-112.0,1.0,0.0,0.0,0.0,0.0,0.0,0.0,2.0,0.0,0.0,0.0,0.0,0.0
54884.118,-112.0,0.0,0.0,0.0,0.0,0.0,0.0,0.0,0.0,0.0,0.0,0.0,0.0,0.0
54894.119,-112.0,3.0,0.0,0.0,0.0,0.0,0.0,0.0,1.0,0.0,0.0,0.0,0.0,0.0
54904.118,-112.0,2.0,0.0,0.0,0.0,0.0,0.0,0.0,0.0,0.0,0.0,0.0,0.0,0.0
54914.118,-112.0,1.0,0.0,0.0,0.0,0.0,0.0,0.0,1.0,0.0,0.0,0.0,0.0,0.0
54924.118,-112.0,-1.0,0.0,0.0,0.0,0.0,0.0,0.0,1.0,0.0,0.0,0.0,0.0,0.0
54934.118,-112.0,3.0,0.0,0.0,0.0,0.0,0.0,0.0,3.0,0.0,0.0,0.0,0.0,0.0
54944.118,-112.0,2.0,0.0,0.0,0.0,0.0,0.0,0.0,2.0,0.0,0.0,0.0,0.0,0.0
54954.118,-112.0,0.0,0.0,0.0,0.0,0.0,0.0,0.0,3.0,0.0,0.0,0.0,0.0,0.0
54964.118,-112.0,-1.0,0.0,0.0,0.0,0.0,0.0,0.0,5.0,0.0,0.0,0.0,0.0,0.0
54974.119,-112.0,2.0,0.0,0.0,0.0,0.0,0.0,0.0,-3.0,0.0,0.0,0.0,0.0,0.0
54984.118,-112.0,2.0,0.0,0.0,0.0,0.0,0.0,0.0,0.0,0.0,0.0,0.0,0.0,0.0
54994.118,-112.0,2.0,0.0,0.0,0.0,0.0,0.0,0.0,2.0,0.0,0.0,0.0,0.0,0.0
55004.118,-112.0,4.0,0.0,0.0,0.0,0.0,0.0,0.0,2.0,0.0,0.0,0.0,0.0,0.0
55014.118,-112.0,1.0,0.0,0.0,0.0,0.0,0.0,0.0,2.0,0.0,0.0,0.0,0.0,0.0
55024.118,-112.0,1.0,0.0,0.0,0.0,0.0,0.0,0.0,-1.0,0.0,0.0,0.0,0.0,0.0
55034.118,-112.0,2.0,0.0,0.0,0.0,0.0,0.0,0.0,0.0,0.0,0.0,0.0,0.0,0.0
55044.118,-112.0,2.0,0.0,0.0,0.0,0.0,0.0,0.0,0.0,0.0,0.0,0.0,0.0,0.0
55054.119,-112.0,1.0,0.0,0.0,0.0,0.0,0.0,0.0,2.0,0.0,0.0,0.0,0.0,0.0
55064.118,-112.0,2.0,0.0,0.0,0.0,0.0,0.0,0.0,3.0,0.0,0.0,0.0,0.0,0.0
55074.119,-112.0,1.0,0.0,0.0,0.0,0.0,0.0,0.0,1.0,0.0,0.0,0.0,0.0,0.0
55084.118,-112.0,-2.0,0.0,0.0,0.0,0.0,0.0,0.0,2.0,0.0,0.0,0.0,0.0,0.0
55094.118,-112.0,1.0,0.0,0.0,0.0,0.0,0.0,0.0,1.0,0.0,0.0,0.0,0.0,0.0
55104.118,-112.0,3.0,0.0,0.0,0.0,0.0,0.0,0.0,2.0,0.0,0.0,0.0,0.0,0.0
55114.118,-112.0,1.0,0.0,0.0,0.0,0.0,0.0,0.0,1.0,0.0,0.0,0.0,0.0,0.0
55124.119,-112.0,1.0,0.0,0.0,0.0,0.0,0.0,0.0,2.0,0.0,0.0,0.0,0.0,0.0
55134.118,-112.0,4.0,0.0,0.0,0.0,0.0,0.0,0.0,3.0,0.0,0.0,0.0,0.0,0.0
55144.119,-112.0,3.0,0.0,0.0,0.0,0.0,0.0,0.0,3.0,0.0,0.0,0.0,0.0,0.0
55154.118,-112.0,4.0,0.0,0.0,0.0,0.0,0.0,0.0,3.0,0.0,0.0,0.0,0.0,0.0
55164.118,-112.0,0.0,0.0,0.0,0.0,0.0,0.0,0.0,1.0,0.0,0.0,0.0,0.0,0.0
55174.118,-112.0,1.0,0.0,0.0,0.0,0.0,0.0,0.0,3.0,0.0,0.0,0.0,0.0,0.0
55184.118,-112.0,1.0,0.0,0.0,0.0,0.0,0.0,0.0,0.0,0.0,0.0,0.0,0.0,0.0
55194.118,-112.0,1.0,0.0,0.0,0.0,0.0,0.0,0.0,1.0,0.0,0.0,0.0,0.0,0.0
55204.118,-112.0,-1.0,0.0,0.0,0.0,0.0,0.0,0.0,-1.0,0.0,0.0,0.0,0.0,0.0
55214.119,-112.0,0.0,0.0,0.0,0.0,0.0,0.0,0.0,1.0,0.0,0.0,0.0,0.0,0.0
55224.118,-112.0,1.0,0.0,0.0,0.0,0.0,0.0,0.0,0.0,0.0,0.0,0.0,0.0,0.0
55234.118,-112.0,2.0,0.0,0.0,0.0,0.0,0.0,0.0,0.0,0.0,0.0,0.0,0.0,0.0
55244.118,-112.0,1.0,0.0,0.0,0.0,0.0,0.0,0.0,0.0,0.0,0.0,0.0,0.0,0.0
55254.118,-112.0,0.0,0.0,0.0,0.0,0.0,0.0,0.0,3.0,0.0,0.0,0.0,0.0,0.0
55264.118,-112.0,1.0,0.0,0.0,0.0,0.0,0.0,0.0,0.0,0.0,0.0,0.0,0.0,0.0
55274.118,-112.0,0.0,0.0,0.0,0.0,0.0,0.0,0.0,4.0,0.0,0.0,0.0,0.0,0.0
55284.118,-112.0,0.0,0.0,0.0,0.0,0.0,0.0,0.0,2.0,0.0,0.0,0.0,0.0,0.0
55294.119,-112.0,2.0,0.0,0.0,0.0,0.0,0.0,0.0,2.0,0.0,0.0,0.0,0.0,0.0
55304.118,-112.0,3.0,0.0,0.0,0.0,0.0,0.0,0.0,1.0,0.0,0.0,0.0,0.0,0.0
55314.118,-112.0,1.0,0.0,0.0,0.0,0.0,0.0,0.0,3.0,0.0,0.0,0.0,0.0,0.0
55324.118,-112.0,2.0,0.0,0.0,0.0,0.0,0.0,0.0,1.0,0.0,0.0,0.0,0.0,0.0
55334.118,-112.0,2.0,0.0,0.0,0.0,0.0,0.0,0.0,1.0,0.0,0.0,0.0,0.0,0.0
55344.118,-112.0,0.0,0.0,0.0,0.0,0.0,0.0,0.0,1.0,0.0,0.0,0.0,0.0,0.0
55354.118,-112.0,1.0,0.0,0.0,0.0,0.0,0.0,0.0,-1.0,0.0,0.0,0.0,0.0,0.0
55364.118,-112.0,0.0,0.0,0.0,0.0,0.0,0.0,0.0,2.0,0.0,0.0,0.0,0.0,0.0
55374.119,-112.0,2.0,0.0,0.0,0.0,0.0,0.0,0.0,1.0,0.0,0.0,0.0,0.0,0.0
55384.118,-112.0,2.0,0.0,0.0,0.0,0.0,0.0,0.0,4.0,0.0,0.0,0.0,0.0,0.0
55394.119,-112.0,2.0,0.0,0.0,0.0,0.0,0.0,0.0,0.0,0.0,0.0,0.0,0.0,0.0
55404.118,-112.0,3.0,0.0,0.0,0.0,0.0,0.0,0.0,3.0,0.0,0.0,0.0,0.0,0.0
55414.118,-112.0,0.0,0.0,0.0,0.0,0.0,0.0,0.0,2.0,0.0,0.0,0.0,0.0,0.0
55424.118,-112.0,1.0,0.0,0.0,0.0,0.0,0.0,0.0,1.0,0.0,0.0,0.0,0.0,0.0
55434.118,-112.0,0.0,0.0,0.0,0.0,0.0,0.0,0.0,4.0,0.0,0.0,0.0,0.0,0.0
55444.119,-112.0,2.0,0.0,0.0,0.0,0.0,0.0,0.0,1.0,0.0,0.0,0.0,0.0,0.0
55454.118,-112.0,0.0,0.0,0.0,0.0,0.0,0.0,0.0,1.0,0.0,0.0,0.0,0.0,0.0
55464.119,-112.0,3.0,0.0,0.0,0.0,0.0,0.0,0.0,0.0,0.0,0.0,0.0,0.0,0.0
55474.118,-112.0,4.0,0.0,0.0,0.0,0.0,0.0,0.0,1.0,0.0,0.0,0.0,0.0,0.0
55484.118,-112.0,0.0,0.0,0.0,0.0,0.0,0.0,0.0,-1.0,0.0,0.0,0.0,0.0,0.0
55494.118,-112.0,0.0,0.0,0.0,0.0,0.0,0.0,0.0,2.0,0.0,0.0,0.0,0.0,0.0
55504.118,-112.0,4.0,0.0,0.0,0.0,0.0,0.0,0.0,2.0,0.0,0.0,0.0,0.0,0.0
55514.118,-112.0,1.0,0.0,0.0,0.0,0.0,0.0,0.0,1.0,0.0,0.0,0.0,0.0,0.0
55524.118,-112.0,2.0,0.0,0.0,0.0,0.0,0.0,0.0,3.0,0.0,0.0,0.0,0.0,0.0
55534.118,-112.0,0.0,0.0,0.0,0.0,0.0,0.0,0.0,2.0,0.0,0.0,0.0,0.0,0.0
55544.119,-112.0,2.0,0.0,0.0,0.0,0.0,0.0,0.0,0.0,0.0,0.0,0.0,0.0,0.0
55554.118,-112.0,2.0,0.0,0.0,0.0,0.0,0.0,0.0,1.0,0.0,0.0,0.0,0.0,0.0
55564.118,-112.0,1.0,0.0,0.0,0.0,0.0,0.0,0.0,3.0,0.0,0.0,0.0,0.0,0.0
55574.118,-112.0,2.0,0.0,0.0,0.0,0.0,0.0,0.0,0.0,0.0,0.0,0.0,0.0,0.0
55584.118,-112.0,1.0,0.0,0.0,0.0,0.0,0.0,0.0,1.0,0.0,0.0,0.0,0.0,0.0
55594.118,-112.0,4.0,0.0,0.0,0.0,0.0,0.0,0.0,2.0,0.0,0.0,0.0,0.0,0.0
55604.118,-112.0,3.0,0.0,0.0,0.0,0.0,0.0,0.0,1.0,0.0,0.0,0.0,0.0,0.0
55614.118,-112.0,2.0,0.0,0.0,0.0,0.0,0.0,0.0,3.0,0.0,0.0,0.0,0.0,0.0
55624.119,-112.0,1.0,0.0,0.0,0.0,0.0,0.0,0.0,0.0,0.0,0.0,0.0,0.0,0.0
55634.118,-112.0,3.0,0.0,0.0,0.0,0.0,0.0,0.0,2.0,0.0,0.0,0.0,0.0,0.0
55644.118,-112.0,3.0,0.0,0.0,0.0,0.0,0.0,0.0,1.0,0.0,0.0,0.0,0.0,0.0
55654.118,-112.0,0.0,0.0,0.0,0.0,0.0,0.0,0.0,4.0,0.0,0.0,0.0,0.0,0.0
55664.118,-112.0,3.0,0.0,0.0,0.0,0.0,0.0,0.0,0.0,0.0,0.0,0.0,0.0,0.0
55674.118,-112.0,2.0,0.0,0.0,0.0,0.0,0.0,0.0,1.0,0.0,0.0,0.0,0.0,0.0
55684.118,-112.0,0.0,0.0,0.0,0.0,0.0,0.0,0.0,3.0,0.0,0.0,0.0,0.0,0.0
55694.118,-112.0,0.0,0.0,0.0,0.0,0.0,0.0,0.0,-1.0,0.0,0.0,0.0,0.0,0.0
55704.119,-112.0,1.0,0.0,0.0,0.0,0.0,0.0,0.0,1.0,0.0,0.0,0.0,0.0,0.0
55714.118,-112.0,2.0,0.0,0.0,0.0,0.0,0.0,0.0,1.0,0.0,0.0,0.0,0.0,0.0
55724.118,-112.0,2.0,0.0,0.0,0.0,0.0,0.0,0.0,2.0,0.0,0.0,0.0,0.0,0.0
55734.118,-112.0,2.0,0.0,0.0,0.0,0.0,0.0,0.0,-1.0,0.0,0.0,0.0,0.0,0.0
55744.118,-112.0,1.0,0.0,0.0,0.0,0.0,0.0,0.0,0.0,0.0,0.0,0.0,0.0,0.0
55754.118,-112.0,3.0,0.0,0.0,0.0,0.0,0.0,0.0,1.0,0.0,0.0,0.0,0.0,0.0
55764.118,-112.0,-2.0,0.0,0.0,0.0,0.0,0.0,0.0,2.0,0.0,0.0,0.0,0.0,0.0
55774.119,-112.0,2.0,0.0,0.0,0.0,0.0,0.0,0.0,2.0,0.0,0.0,0.0,0.0,0.0
55784.119,-112.0,3.0,0.0,0.0,0.0,0.0,0.0,0.0,1.0,0.0,0.0,0.0,0.0,0.0
55794.118,-112.0,4.0,0.0,0.0,0.0,0.0,0.0,0.0,-1.0,0.0,0.0,0.0,0.0,0.0
55804.118,-112.0,2.0,0.0,0.0,0.0,0.0,0.0,0.0,1.0,0.0,0.0,0.0,0.0,0.0
55814.118,-112.0,-1.0,0.0,0.0,0.0,0.0,0.0,0.0,3.0,0.0,0.0,0.0,0.0,0.0
55824.118,-112.0,-1.0,0.0,0.0,0.0,0.0,0.0,0.0,1.0,0.0,0.0,0.0,0.0,0.0
55834.118,-112.0,0.0,0.0,0.0,0.0,0.0,0.0,0.0,4.0,0.0,0.0,0.0,0.0,0.0
55844.118,-112.0,1.0,0.0,0.0,0.0,0.0,0.0,0.0,2.0,0.0,0.0,0.0,0.0,0.0
55854.119,-112.0,4.0,0.0,0.0,0.0,0.0,0.0,0.0,1.0,0.0,0.0,0.0,0.0,0.0
55864.118,-112.0,3.0,0.0,0.0,0.0,0.0,0.0,0.0,2.0,0.0,0.0,0.0,0.0,0.0
55874.118,-112.0,2.0,0.0,0.0,0.0,0.0,0.0,0.0,0.0,0.0,0.0,0.0,0.0,0.0
55884.118,-112.0,2.0,0.0,0.0,0.0,0.0,0.0,0.0,2.0,0.0,0.0,0.0,0.0,0.0
55894.118,-112.0,0.0,0.0,0.0,0.0,0.0,0.0,0.0,-2.0,0.0,0.0,0.0,0.0,0.0
55904.118,-112.0,2.0,0.0,0.0,0.0,0.0,0.0,0.0,0.0,0.0,0.0,0.0,0.0,0.0
55914.118,-112.0,0.0,0.0,0.0,0.0,0.0,0.0,0.0,2.0,0.0,0.0,0.0,0.0,0.0
55924.118,-112.0,-1.0,0.0,0.0,0.0,0.0,0.0,0.0,2.0,0.0,0.0,0.0,0.0,0.0
55934.119,-112.0,2.0,0.0,0.0,0.0,0.0,0.0,0.0,3.0,0.0,0.0,0.0,0.0,0.0
55944.118,-112.0,1.0,0.0,0.0,0.0,0.0,0.0,0.0,2.0,0.0,0.0,0.0,0.0,0.0
55954.118,-112.0,0.0,0.0,0.0,0.0,0.0,0.0,0.0,2.0,0.0,0.0,0.0,0.0,0.0
55964.118,-112.0,0.0,0.0,0.0,0.0,0.0,0.0,0.0,3.0,0.0,0.0,0.0,0.0,0.0
55974.118,-112.0,-2.0,0.0,0.0,0.0,0.0,0.0,0.0,5.0,0.0,0.0,0.0,0.0,0.0
55984.118,-112.0,0.0,0.0,0.0,0.0,0.0,0.0,0.0,0.0,0.0,0.0,0.0,0.0,0.0
55994.118,-112.0,1.0,0.0,0.0,0.0,0.0,0.0,0.0,4.0,0.0,0.0,0.0,0.0,0.0
56004.118,-112.0,1.0,0.0,0.0,0.0,0.0,0.0,0.0,2.0,0.0,0.0,0.0,0.0,0.0
56014.119,-112.0,-1.0,0.0,0.0,0.0,0.0,0.0,0.0,2.0,0.0,0.0,0.0,0.0,0.0
56024.118,-112.0,1.0,0.0,0.0,0.0,0.0,0.0,0.0,0.0,0.0,0.0,0.0,0.0,0.0
56034.119,-112.0,3.0,0.0,0.0,0.0,0.0,0.0,0.0,1.0,0.0,0.0,0.0,0.0,0.0
56044.118,-112.0,1.0,0.0,0.0,0.0,0.0,0.0,0.0,0.0,0.0,0.0,0.0,0.0,0.0
56054.118,-112.0,2.0,0.0,0.0,0.0,0.0,0.0,0.0,2.0,0.0,0.0,0.0,0.0,0.0
56064.118,-112.0,1.0,0.0,0.0,0.0,0.0,0.0,0.0,2.0,0.0,0.0,0.0,0.0,0.0
56074.118,-112.0,1.0,0.0,0.0,0.0,0.0,0.0,0.0,3.0,0.0,0.0,0.0,0.0,0.0
56084.119,-112.0,1.0,0.0,0.0,0.0,0.0,0.0,0.0,0.0,0.0,0.0,0.0,0.0,0.0
56094.118,-112.0,4.0,0.0,0.0,0.0,0.0,0.0,0.0,4.0,0.0,0.0,0.0,0.0,0.0
56104.119,-112.0,4.0,0.0,0.0,0.0,0.0,0.0,0.0,1.0,0.0,0.0,0.0,0.0,0.0
56114.118,-112.0,-1.0,0.0,0.0,0.0,0.0,0.0,0.0,1.0,0.0,0.0,0.0,0.0,0.0
56124.118,-112.0,1.0,0.0,0.0,0.0,0.0,0.0,0.0,0.0,0.0,0.0,0.0,0.0,0.0
56134.118,-112.0,1.0,0.0,0.0,0.0,0.0,0.0,0.0,4.0,0.0,0.0,0.0,0.0,0.0
56144.118,-112.0,0.0,0.0,0.0,0.0,0.0,0.0,0.0,2.0,0.0,0.0,0.0,0.0,0.0
56154.118,-112.0,0.0,0.0,0.0,0.0,0.0,0.0,0.0,2.0,0.0,0.0,0.0,0.0,0.0
56164.118,-112.0,2.0,0.0,0.0,0.0,0.0,0.0,0.0,1.0,0.0,0.0,0.0,0.0,0.0
56174.119,-112.0,2.0,0.0,0.0,0.0,0.0,0.0,0.0,2.0,0.0,0.0,0.0,0.0,0.0
56184.118,-112.0,4.0,0.0,0.0,0.0,0.0,0.0,0.0,3.0,0.0,0.0,0.0,0.0,0.0
56194.118,-112.0,1.0,0.0,0.0,0.0,0.0,0.0,0.0,3.0,0.0,0.0,0.0,0.0,0.0
56204.118,-112.0,1.0,0.0,0.0,0.0,0.0,0.0,0.0,2.0,0.0,0.0,0.0,0.0,0.0
56214.118,-112.0,3.0,0.0,0.0,0.0,0.0,0.0,0.0,1.0,0.0,0.0,0.0,0.0,0.0
56224.118,-112.0,0.0,0.0,0.0,0.0,0.0,0.0,0.0,0.0,0.0,0.0,0.0,0.0,0.0
56234.118,-112.0,3.0,0.0,0.0,0.0,0.0,0.0,0.0,3.0,0.0,0.0,0.0,0.0,0.0
56244.118,-112.0,2.0,0.0,0.0,0.0,0.0,0.0,0.0,1.0,0.0,0.0,0.0,0.0,0.0
56254.119,-112.0,0.0,0.0,0.0,0.0,0.0,0.0,0.0,2.0,0.0,0.0,0.0,0.0,0.0
56264.118,-112.0,1.0,0.0,0.0,0.0,0.0,0.0,0.0,0.0,0.0,0.0,0.0,0.0,0.0
56274.118,-112.0,1.0,0.0,0.0,0.0,0.0,0.0,0.0,2.0,0.0,0.0,0.0,0.0,0.0
56284.118,-112.0,2.0,0.0,0.0,0.0,0.0,0.0,0.0,3.0,0.0,0.0,0.0,0.0,0.0
56294.118,-112.0,3.0,0.0,0.0,0.0,0.0,0.0,0.0,2.0,0.0,0.0,0.0,0.0,0.0
56304.118,-112.0,0.0,0.0,0.0,0.0,0.0,0.0,0.0,3.0,0.0,0.0,0.0,0.0,0.0
56314.118,-112.0,2.0,0.0,0.0,0.0,0.0,0.0,0.0,2.0,0.0,0.0,0.0,0.0,0.0
56324.118,-112.0,2.0,0.0,0.0,0.0,0.0,0.0,0.0,2.0,0.0,0.0,0.0,0.0,0.0
56334.119,-112.0,1.0,0.0,0.0,0.0,0.0,0.0,0.0,3.0,0.0,0.0,0.0,0.0,0.0
56344.118,-112.0,0.0,0.0,0.0,0.0,0.0,0.0,0.0,2.0,0.0,0.0,0.0,0.0,0.0
56354.119,-112.0,4.0,0.0,0.0,0.0,0.0,0.0,0.0,2.0,0.0,0.0,0.0,0.0,0.0
56364.118,-112.0,2.0,0.0,0.0,0.0,0.0,0.0,0.0,1.0,0.0,0.0,0.0,0.0,0.0
56374.118,-112.0,2.0,0.0,0.0,0.0,0.0,0.0,0.0,0.0,0.0,0.0,0.0,0.0,0.0
56384.118,-112.0,6.0,0.0,0.0,0.0,0.0,0.0,0.0,2.0,0.0,0.0,0.0,0.0,0.0
56394.118,-112.0,2.0,0.0,0.0,0.0,0.0,0.0,0.0,0.0,0.0,0.0,0.0,0.0,0.0
56404.119,-112.0,0.0,0.0,0.0,0.0,0.0,0.0,0.0,0.0,0.0,0.0,0.0,0.0,0.0
56414.118,-112.0,1.0,0.0,0.0,0.0,0.0,0.0,0.0,1.0,0.0,0.0,0.0,0.0,0.0
56424.119,-112.0,4.0,0.0,0.0,0.0,0.0,0.0,0.0,3.0,0.0,0.0,0.0,0.0,0.0
56434.118,-112.0,1.0,0.0,0.0,0.0,0.0,0.0,0.0,1.0,0.0,0.0,0.0,0.0,0.0
56444.118,-112.0,1.0,0.0,0.0,0.0,0.0,0.0,0.0,2.0,0.0,0.0,0.0,0.0,0.0
56454.118,-112.0,3.0,0.0,0.0,0.0,0.0,0.0,0.0,2.0,0.0,0.0,0.0,0.0,0.0
56464.118,-112.0,0.0,0.0,0.0,0.0,0.0,0.0,0.0,2.0,0.0,0.0,0.0,0.0,0.0
56474.118,-112.0,3.0,0.0,0.0,0.0,0.0,0.0,0.0,-1.0,0.0,0.0,0.0,0.0,0.0
56484.118,-112.0,2.0,0.0,0.0,0.0,0.0,0.0,0.0,2.0,0.0,0.0,0.0,0.0,0.0
56494.119,-112.0,4.0,0.0,0.0,0.0,0.0,0.0,0.0,2.0,0.0,0.0,0.0,0.0,0.0
56504.118,-112.0,2.0,0.0,0.0,0.0,0.0,0.0,0.0,0.0,0.0,0.0,0.0,0.0,0.0
56514.118,-112.0,2.0,0.0,0.0,0.0,0.0,0.0,0.0,0.0,0.0,0.0,0.0,0.0,0.0
56524.118,-112.0,1.0,0.0,0.0,0.0,0.0,0.0,0.0,3.0,0.0,0.0,0.0,0.0,0.0
56534.118,-112.0,-2.0,0.0,0.0,0.0,0.0,0.0,0.0,1.0,0.0,0.0,0.0,0.0,0.0
56544.118,-112.0,2.0,0.0,0.0,0.0,0.0,0.0,0.0,3.0,0.0,0.0,0.0,0.0,0.0
56554.118,-112.0,1.0,0.0,0.0,0.0,0.0,0.0,0.0,4.0,0.0,0.0,0.0,0.0,0.0
56564.118,-112.0,0.0,0.0,0.0,0.0,0.0,0.0,0.0,3.0,0.0,0.0,0.0,0.0,0.0
56574.119,-112.0,1.0,0.0,0.0,0.0,0.0,0.0,0.0,1.0,0.0,0.0,0.0,0.0,0.0
56584.118,-112.0,0.0,0.0,0.0,0.0,0.0,0.0,0.0,3.0,0.0,0.0,0.0,0.0,0.0
56594.118,-112.0,3.0,0.0,0.0,0.0,0.0,0.0,0.0,1.0,0.0,0.0,0.0,0.0,0.0
56604.118,-112.0,1.0,0.0,0.0,0.0,0.0,0.0,0.0,0.0,0.0,0.0,0.0,0.0,0.0
56614.118,-112.0,1.0,0.0,0.0,0.0,0.0,0.0,0.0,4.0,0.0,0.0,0.0,0.0,0.0
56624.118,-112.0,3.0,0.0,0.0,0.0,0.0,0.0,0.0,-1.0,0.0,0.0,0.0,0.0,0.0
56634.118,-112.0,0.0,0.0,0.0,0.0,0.0,0.0,0.0,1.0,0.0,0.0,0.0,0.0,0.0
56644.118,-112.0,1.0,0.0,0.0,0.0,0.0,0.0,0.0,2.0,0.0,0.0,0.0,0.0,0.0
56654.119,-112.0,3.0,0.0,0.0,0.0,0.0,0.0,0.0,4.0,0.0,0.0,0.0,0.0,0.0
56664.118,-112.0,0.0,0.0,0.0,0.0,0.0,0.0,0.0,2.0,0.0,0.0,0.0,0.0,0.0
56674.119,-112.0,0.0,0.0,0.0,0.0,0.0,0.0,0.0,0.0,0.0,0.0,0.0,0.0,0.0
56684.118,-112.0,5.0,0.0,0.0,0.0,0.0,0.0,0.0,0.0,0.0,0.0,0.0,0.0,0.0
56694.118,-112.0,-2.0,0.0,0.0,0.0,0.0,0.0,0.0,1.0,0.0,0.0,0.0,0.0,0.0
56704.118,-112.0,2.0,0.0,0.0,0.0,0.0,0.0,0.0,0.0,0.0,0.0,0.0,0.0,0.0
56714.118,-112.0,-2.0,0.0,0.0,0.0,0.0,0.0,0.0,2.0,0.0,0.0,0.0,0.0,0.0
56724.119,-112.0,1.0,0.0,0.0,0.0,0.0,0.0,0.0,4.0,0.0,0.0,0.0,0.0,0.0
56734.118,-112.0,2.0,0.0,0.0,0.0,0.0,0.0,0.0,0.0,0.0,0.0,0.0,0.0,0.0
56744.119,-112.0,-1.0,0.0,0.0,0.0,0.0,0.0,0.0,0.0,0.0,0.0,0.0,0.0,0.0
56754.118,-112.0,0.0,0.0,0.0,0.0,0.0,0.0,0.0,1.0,0.0,0.0,0.0,0.0,0.0
56764.118,-112.0,1.0,0.0,0.0,0.0,0.0,0.0,0.0,5.0,0.0,0.0,0.0,0.0,0.0
56774.118,-112.0,2.0,0.0,0.0,0.0,0.0,0.0,0.0,2.0,0.0,0.0,0.0,0.0,0.0
56784.118,-112.0,-1.0,0.0,0.0,0.0,0.0,0.0,0.0,3.0,0.0,0.0,0.0,0.0,0.0
56794.118,-112.0,3.0,0.0,0.0,0.0,0.0,0.0,0.0,2.0,0.0,0.0,0.0,0.0,0.0
56804.118,-112.0,0.0,0.0,0.0,0.0,0.0,0.0,0.0,2.0,0.0,0.0,0.0,0.0,0.0
56814.119,-112.0,0.0,0.0,0.0,0.0,0.0,0.0,0.0,0.0,0.0,0.0,0.0,0.0,0.0
56824.118,-112.0,4.0,0.0,0.0,0.0,0.0,0.0,0.0,3.0,0.0,0.0,0.0,0.0,0.0
56834.118,-112.0,0.0,0.0,0.0,0.0,0.0,0.0,0.0,0.0,0.0,0.0,0.0,0.0,0.0
56844.118,-112.0,0.0,0.0,0.0,0.0,0.0,0.0,0.0,1.0,0.0,0.0,0.0,0.0,0.0
56854.118,-112.0,1.0,0.0,0.0,0.0,0.0,0.0,0.0,3.0,0.0,0.0,0.0,0.0,0.0
56864.118,-112.0,1.0,0.0,0.0,0.0,0.0,0.0,0.0,1.0,0.0,0.0,0.0,0.0,0.0
56874.118,-112.0,1.0,0.0,0.0,0.0,0.0,0.0,0.0,4.0,0.0,0.0,0.0,0.0,0.0
56884.118,-112.0,0.0,0.0,0.0,0.0,0.0,0.0,0.0,2.0,0.0,0.0,0.0,0.0,0.0
56894.119,-112.0,1.0,0.0,0.0,0.0,0.0,0.0,0.0,1.0,0.0,0.0,0.0,0.0,0.0
56904.118,-112.0,0.0,0.0,0.0,0.0,0.0,0.0,0.0,2.0,0.0,0.0,0.0,0.0,0.0
56914.118,-112.0,0.0,0.0,0.0,0.0,0.0,0.0,0.0,2.0,0.0,0.0,0.0,0.0,0.0
56924.118,-112.0,0.0,0.0,0.0,0.0,0.0,0.0,0.0,1.0,0.0,0.0,0.0,0.0,0.0
56934.118,-112.0,0.0,0.0,0.0,0.0,0.0,0.0,0.0,0.0,0.0,0.0,0.0,0.0,0.0
56944.118,-112.0,2.0,0.0,0.0,0.0,0.0,0.0,0.0,6.0,0.0,0.0,0.0,0.0,0.0
56954.118,-112.0,0.0,0.0,0.0,0.0,0.0,0.0,0.0,0.0,0.0,0.0,0.0,0.0,0.0
56964.118,-112.0,1.0,0.0,0.0,0.0,0.0,0.0,0.0,4.0,0.0,0.0,0.0,0.0,0.0
56974.119,-112.0,0.0,0.0,0.0,0.0,0.0,0.0,0.0,1.0,0.0,0.0,0.0,0.0,0.0
56984.118,-112.0,2.0,0.0,0.0,0.0,0.0,0.0,0.0,2.0,0.0,0.0,0.0,0.0,0.0
56994.119,-112.0,0.0,0.0,0.0,0.0,0.0,0.0,0.0,3.0,0.0,0.0,0.0,0.0,0.0
57004.118,-112.0,1.0,0.0,0.0,0.0,0.0,0.0,0.0,2.0,0.0,0.0,0.0,0.0,0.0
57014.118,-112.0,3.0,0.0,0.0,0.0,0.0,0.0,0.0,2.0,0.0,0.0,0.0,0.0,0.0
57024.118,-112.0,0.0,0.0,0.0,0.0,0.0,0.0,0.0,3.0,0.0,0.0,0.0,0.0,0.0
57034.118,-112.0,0.0,0.0,0.0,0.0,0.0,0.0,0.0,2.0,0.0,0.0,0.0,0.0,0.0
57044.119,-112.0,0.0,0.0,0.0,0.0,0.0,0.0,0.0,3.0,0.0,0.0,0.0,0.0,0.0
57054.118,-112.0,3.0,0.0,0.0,0.0,0.0,0.0,0.0,1.0,0.0,0.0,0.0,0.0,0.0
57064.119,-112.0,1.0,0.0,0.0,0.0,0.0,0.0,0.0,1.0,0.0,0.0,0.0,0.0,0.0
57074.118,-112.0,1.0,0.0,0.0,0.0,0.0,0.0,0.0,3.0,0.0,0.0,0.0,0.0,0.0
57084.118,-112.0,0.0,0.0,0.0,0.0,0.0,0.0,0.0,2.0,0.0,0.0,0.0,0.0,0.0
57094.118,-112.0,0.0,0.0,0.0,0.0,0.0,0.0,0.0,3.0,0.0,0.0,0.0,0.0,0.0
57104.118,-112.0,4.0,0.0,0.0,0.0,0.0,0.0,0.0,1.0,0.0,0.0,0.0,0.0,0.0
57114.118,-112.0,0.0,0.0,0.0,0.0,0.0,0.0,0.0,3.0,0.0,0.0,0.0,0.0,0.0
57124.118,-112.0,1.0,0.0,0.0,0.0,0.0,0.0,0.0,0.0,0.0,0.0,0.0,0.0,0.0
57134.119,-112.0,1.0,0.0,0.0,0.0,0.0,0.0,0.0,1.0,0.0,0.0,0.0,0.0,0.0
57144.118,-112.0,4.0,0.0,0.0,0.0,0.0,0.0,0.0,2.0,0.0,0.0,0.0,0.0,0.0
57154.118,-112.0,2.0,0.0,0.0,0.0,0.0,0.0,0.0,0.0,0.0,0.0,0.0,0.0,0.0
57164.118,-112.0,1.0,0.0,0.0,0.0,0.0,0.0,0.0,2.0,0.0,0.0,0.0,0.0,0.0
57174.118,-112.0,1.0,0.0,0.0,0.0,0.0,0.0,0.0,2.0,0.0,0.0,0.0,0.0,0.0
57184.118,-112.0,0.0,0.0,0.0,0.0,0.0,0.0,0.0,0.0,0.0,0.0,0.0,0.0,0.0
57194.118,-112.0,0.0,0.0,0.0,0.0,0.0,0.0,0.0,4.0,0.0,0.0,0.0,0.0,0.0
57204.118,-112.0,2.0,0.0,0.0,0.0,0.0,0.0,0.0,3.0,0.0,0.0,0.0,0.0,0.0
57214.119,-112.0,2.0,0.0,0.0,0.0,0.0,0.0,0.0,4.0,0.0,0.0,0.0,0.0,0.0
57224.118,-112.0,2.0,0.0,0.0,0.0,0.0,0.0,0.0,1.0,0.0,0.0,0.0,0.0,0.0
57234.118,-112.0,0.0,0.0,0.0,0.0,0.0,0.0,0.0,2.0,0.0,0.0,0.0,0.0,0.0
57244.118,-112.0,3.0,0.0,0.0,0.0,0.0,0.0,0.0,1.0,0.0,0.0,0.0,0.0,0.0
57254.118,-112.0,1.0,0.0,0.0,0.0,0.0,0.0,0.0,2.0,0.0,0.0,0.0,0.0,0.0
57264.118,-112.0,0.0,0.0,0.0,0.0,0.0,0.0,0.0,0.0,0.0,0.0,0.0,0.0,0.0
57274.118,-112.0,-1.0,0.0,0.0,0.0,0.0,0.0,0.0,-1.0,0.0,0.0,0.0,0.0,0.0
57284.118,-112.0,0.0,0.0,0.0,0.0,0.0,0.0,0.0,0.0,0.0,0.0,0.0,0.0,0.0
57294.119,-112.0,1.0,0.0,0.0,0.0,0.0,0.0,0.0,3.0,0.0,0.0,0.0,0.0,0.0
57304.118,-112.0,0.0,0.0,0.0,0.0,0.0,0.0,0.0,1.0,0.0,0.0,0.0,0.0,0.0
57314.119,-112.0,1.0,0.0,0.0,0.0,0.0,0.0,0.0,3.0,0.0,0.0,0.0,0.0,0.0
57324.118,-112.0,2.0,0.0,0.0,0.0,0.0,0.0,0.0,-2.0,0.0,0.0,0.0,0.0,0.0
57334.118,-112.0,2.0,0.0,0.0,0.0,0.0,0.0,0.0,1.0,0.0,0.0,0.0,0.0,0.0
57344.118,-112.0,2.0,0.0,0.0,0.0,0.0,0.0,0.0,2.0,0.0,0.0,0.0,0.0,0.0
57354.118,-112.0,0.0,0.0,0.0,0.0,0.0,0.0,0.0,0.0,0.0,0.0,0.0,0.0,0.0
57364.119,-112.0,1.0,0.0,0.0,0.0,0.0,0.0,0.0,3.0,0.0,0.0,0.0,0.0,0.0
57374.118,-112.0,2.0,0.0,0.0,0.0,0.0,0.0,0.0,0.0,0.0,0.0,0.0,0.0,0.0
57384.119,-112.0,-1.0,0.0,0.0,0.0,0.0,0.0,0.0,2.0,0.0,0.0,0.0,0.0,0.0
57394.118,-112.0,1.0,0.0,0.0,0.0,0.0,0.0,0.0,2.0,0.0,0.0,0.0,0.0,0.0
57404.118,-112.0,5.0,0.0,0.0,0.0,0.0,0.0,0.0,1.0,0.0,0.0,0.0,0.0,0.0
57414.118,-112.0,0.0,0.0,0.0,0.0,0.0,0.0,0.0,1.0,0.0,0.0,0.0,0.0,0.0
57424.118,-112.0,1.0,0.0,0.0,0.0,0.0,0.0,0.0,0.0,0.0,0.0,0.0,0.0,0.0
57434.118,-112.0,1.0,0.0,0.0,0.0,0.0,0.0,0.0,2.0,0.0,0.0,0.0,0.0,0.0
57444.118,-112.0,6.0,0.0,0.0,0.0,0.0,0.0,0.0,0.0,0.0,0.0,0.0,0.0,0.0
57454.119,-112.0,0.0,0.0,0.0,0.0,0.0,0.0,0.0,2.0,0.0,0.0,0.0,0.0,0.0
57464.118,-112.0,1.0,0.0,0.0,0.0,0.0,0.0,0.0,1.0,0.0,0.0,0.0,0.0,0.0
57474.118,-112.0,3.0,0.0,0.0,0.0,0.0,0.0,0.0,-1.0,0.0,0.0,0.0,0.0,0.0
57484.118,-112.0,1.0,0.0,0.0,0.0,0.0,0.0,0.0,2.0,0.0,0.0,0.0,0.0,0.0
57494.118,-112.0,0.0,0.0,0.0,0.0,0.0,0.0,0.0,3.0,0.0,0.0,0.0,0.0,0.0
57504.118,-112.0,3.0,0.0,0.0,0.0,0.0,0.0,0.0,1.0,0.0,0.0,0.0,0.0,0.0
57514.118,-112.0,-1.0,0.0,0.0,0.0,0.0,0.0,0.0,1.0,0.0,0.0,0.0,0.0,0.0
57524.118,-112.0,0.0,0.0,0.0,0.0,0.0,0.0,0.0,5.0,0.0,0.0,0.0,0.0,0.0
57534.119,-112.0,2.0,0.0,0.0,0.0,0.0,0.0,0.0,0.0,0.0,0.0,0.0,0.0,0.0
57544.118,-112.0,0.0,0.0,0.0,0.0,0.0,0.0,0.0,2.0,0.0,0.0,0.0,0.0,0.0
57554.118,-112.0,1.0,0.0,0.0,0.0,0.0,0.0,0.0,-1.0,0.0,0.0,0.0,0.0,0.0
57564.118,-112.0,0.0,0.0,0.0,0.0,0.0,0.0,0.0,2.0,0.0,0.0,0.0,0.0,0.0
57574.118,-112.0,3.0,0.0,0.0,0.0,0.0,0.0,0.0,2.0,0.0,0.0,0.0,0.0,0.0
57584.118,-112.0,3.0,0.0,0.0,0.0,0.0,0.0,0.0,1.0,0.0,0.0,0.0,0.0,0.0
57594.118,-112.0,1.0,0.0,0.0,0.0,0.0,0.0,0.0,3.0,0.0,0.0,0.0,0.0,0.0
57604.118,-112.0,2.0,0.0,0.0,0.0,0.0,0.0,0.0,0.0,0.0,0.0,0.0,0.0,0.0
57614.119,-112.0,2.0,0.0,0.0,0.0,0.0,0.0,0.0,2.0,0.0,0.0,0.0,0.0,0.0
57624.118,-112.0,1.0,0.0,0.0,0.0,0.0,0.0,0.0,0.0,0.0,0.0,0.0,0.0,0.0
57634.119,-112.0,2.0,0.0,0.0,0.0,0.0,0.0,0.0,4.0,0.0,0.0,0.0,0.0,0.0
57644.118,-112.0,2.0,0.0,0.0,0.0,0.0,0.0,0.0,3.0,0.0,0.0,0.0,0.0,0.0
57654.118,-112.0,1.0,0.0,0.0,0.0,0.0,0.0,0.0,3.0,0.0,0.0,0.0,0.0,0.0
57664.118,-112.0,1.0,0.0,0.0,0.0,0.0,0.0,0.0,2.0,0.0,0.0,0.0,0.0,0.0
57674.118,-112.0,2.0,0.0,0.0,0.0,0.0,0.0,0.0,3.0,0.0,0.0,0.0,0.0,0.0
57684.119,-112.0,3.0,0.0,0.0,0.0,0.0,0.0,0.0,3.0,0.0,0.0,0.0,0.0,0.0
57694.118,-112.0,2.0,0.0,0.0,0.0,0.0,0.0,0.0,1.0,0.0,0.0,0.0,0.0,0.0
57704.119,-112.0,1.0,0.0,0.0,0.0,0.0,0.0,0.0,0.0,0.0,0.0,0.0,0.0,0.0
57714.118,-112.0,3.0,0.0,0.0,0.0,0.0,0.0,0.0,1.0,0.0,0.0,0.0,0.0,0.0
57724.118,-112.0,0.0,0.0,0.0,0.0,0.0,0.0,0.0,1.0,0.0,0.0,0.0,0.0,0.0
57734.118,-112.0,0.0,0.0,0.0,0.0,0.0,0.0,0.0,2.0,0.0,0.0,0.0,0.0,0.0
57744.118,-112.0,0.0,0.0,0.0,0.0,0.0,0.0,0.0,2.0,0.0,0.0,0.0,0.0,0.0
57754.118,-112.0,3.0,0.0,0.0,0.0,0.0,0.0,0.0,3.0,0.0,0.0,0.0,0.0,0.0
57764.118,-112.0,2.0,0.0,0.0,0.0,0.0,0.0,0.0,3.0,0.0,0.0,0.0,0.0,0.0
57774.119,-112.0,2.0,0.0,0.0,0.0,0.0,0.0,0.0,0.0,0.0,0.0,0.0,0.0,0.0
57784.118,-112.0,1.0,0.0,0.0,0.0,0.0,0.0,0.0,2.0,0.0,0.0,0.0,0.0,0.0
57794.118,-112.0,2.0,0.0,0.0,0.0,0.0,0.0,0.0,0.0,0.0,0.0,0.0,0.0,0.0
57804.118,-112.0,1.0,0.0,0.0,0.0,0.0,0.0,0.0,2.0,0.0,0.0,0.0,0.0,0.0
57814.118,-112.0,3.0,0.0,0.0,0.0,0.0,0.0,0.0,2.0,0.0,0.0,0.0,0.0,0.0
57824.118,-112.0,2.0,0.0,0.0,0.0,0.0,0.0,0.0,2.0,0.0,0.0,0.0,0.0,0.0
57834.118,-112.0,2.0,0.0,0.0,0.0,0.0,0.0,0.0,2.0,0.0,0.0,0.0,0.0,0.0
57844.118,-112.0,2.0,0.0,0.0,0.0,0.0,0.0,0.0,3.0,0.0,0.0,0.0,0.0,0.0
57854.119,-112.0,0.0,0.0,0.0,0.0,0.0,0.0,0.0,1.0,0.0,0.0,0.0,0.0,0.0
57864.118,-112.0,0.0,0.0,0.0,0.0,0.0,0.0,0.0,3.0,0.0,0.0,0.0,0.0,0.0
57874.118,-112.0,2.0,0.0,0.0,0.0,0.0,0.0,0.0,1.0,0.0,0.0,0.0,0.0,0.0
57884.118,-112.0,4.0,0.0,0.0,0.0,0.0,0.0,0.0,3.0,0.0,0.0,0.0,0.0,0.0
57894.118,-112.0,1.0,0.0,0.0,0.0,0.0,0.0,0.0,2.0,0.0,0.0,0.0,0.0,0.0
57904.118,-112.0,-1.0,0.0,0.0,0.0,0.0,0.0,0.0,2.0,0.0,0.0,0.0,0.0,0.0
57914.118,-112.0,2.0,0.0,0.0,0.0,0.0,0.0,0.0,0.0,0.0,0.0,0.0,0.0,0.0
57924.118,-112.0,1.0,0.0,0.0,0.0,0.0,0.0,0.0,3.0,0.0,0.0,0.0,0.0,0.0
57934.119,-112.0,1.0,0.0,0.0,0.0,0.0,0.0,0.0,3.0,0.0,0.0,0.0,0.0,0.0
57944.118,-112.0,1.0,0.0,0.0,0.0,0.0,0.0,0.0,0.0,0.0,0.0,0.0,0.0,0.0
57954.119,-112.0,1.0,0.0,0.0,0.0,0.0,0.0,0.0,1.0,0.0,0.0,0.0,0.0,0.0
57964.118,-112.0,0.0,0.0,0.0,0.0,0.0,0.0,0.0,-1.0,0.0,0.0,0.0,0.0,0.0
57974.118,-112.0,-1.0,0.0,0.0,0.0,0.0,0.0,0.0,1.0,0.0,0.0,0.0,0.0,0.0
57984.118,-112.0,0.0,0.0,0.0,0.0,0.0,0.0,0.0,-1.0,0.0,0.0,0.0,0.0,0.0
57994.118,-112.0,0.0,0.0,0.0,0.0,0.0,0.0,0.0,3.0,0.0,0.0,0.0,0.0,0.0
58004.119,-112.0,2.0,0.0,0.0,0.0,0.0,0.0,0.0,1.0,0.0,0.0,0.0,0.0,0.0
58014.118,-112.0,6.0,0.0,0.0,0.0,0.0,0.0,0.0,0.0,0.0,0.0,0.0,0.0,0.0
58024.119,-112.0,3.0,0.0,0.0,0.0,0.0,0.0,0.0,2.0,0.0,0.0,0.0,0.0,0.0
58034.118,-112.0,2.0,0.0,0.0,0.0,0.0,0.0,0.0,2.0,0.0,0.0,0.0,0.0,0.0
58044.118,-112.0,2.0,0.0,0.0,0.0,0.0,0.0,0.0,-4.0,0.0,0.0,0.0,0.0,0.0
58054.118,-112.0,3.0,0.0,0.0,0.0,0.0,0.0,0.0,0.0,0.0,0.0,0.0,0.0,0.0
58064.118,-112.0,3.0,0.0,0.0,0.0,0.0,0.0,0.0,3.0,0.0,0.0,0.0,0.0,0.0
58074.118,-112.0,1.0,0.0,0.0,0.0,0.0,0.0,0.0,3.0,0.0,0.0,0.0,0.0,0.0
58084.118,-112.0,3.0,0.0,0.0,0.0,0.0,0.0,0.0,3.0,0.0,0.0,0.0,0.0,0.0
58094.119,-112.0,0.0,0.0,0.0,0.0,0.0,0.0,0.0,-1.0,0.0,0.0,0.0,0.0,0.0
58104.118,-112.0,0.0,0.0,0.0,0.0,0.0,0.0,0.0,1.0,0.0,0.0,0.0,0.0,0.0
58114.118,-112.0,1.0,0.0,0.0,0.0,0.0,0.0,0.0,2.0,0.0,0.0,0.0,0.0,0.0
58124.118,-112.0,1.0,0.0,0.0,0.0,0.0,0.0,0.0,2.0,0.0,0.0,0.0,0.0,0.0
58134.118,-112.0,2.0,0.0,0.0,0.0,0.0,0.0,0.0,2.0,0.0,0.0,0.0,0.0,0.0
58144.118,-112.0,0.0,0.0,0.0,0.0,0.0,0.0,0.0,2.0,0.0,0.0,0.0,0.0,0.0
58154.118,-112.0,0.0,0.0,0.0,0.0,0.0,0.0,0.0,2.0,0.0,0.0,0.0,0.0,0.0
58164.118,-112.0,0.0,0.0,0.0,0.0,0.0,0.0,0.0,3.0,0.0,0.0,0.0,0.0,0.0
58174.119,-112.0,2.0,0.0,0.0,0.0,0.0,0.0,0.0,1.0,0.0,0.0,0.0,0.0,0.0
58184.118,-112.0,-1.0,0.0,0.0,0.0,0.0,0.0,0.0,0.0,0.0,0.0,0.0,0.0,0.0
58194.118,-112.0,2.0,0.0,0.0,0.0,0.0,0.0,0.0,1.0,0.0,0.0,0.0,0.0,0.0
58204.118,-112.0,2.0,0.0,0.0,0.0,0.0,0.0,0.0,1.0,0.0,0.0,0.0,0.0,0.0
58214.118,-112.0,0.0,0.0,0.0,0.0,0.0,0.0,0.0,3.0,0.0,0.0,0.0,0.0,0.0
58224.118,-112.0,3.0,0.0,0.0,0.0,0.0,0.0,0.0,2.0,0.0,0.0,0.0,0.0,0.0
58234.118,-112.0,1.0,0.0,0.0,0.0,0.0,0.0,0.0,1.0,0.0,0.0,0.0,0.0,0.0
58244.118,-112.0,1.0,0.0,0.0,0.0,0.0,0.0,0.0,1.0,0.0,0.0,0.0,0.0,0.0
58254.119,-112.0,1.0,0.0,0.0,0.0,0.0,0.0,0.0,1.0,0.0,0.0,0.0,0.0,0.0
58264.118,-112.0,1.0,0.0,0.0,0.0,0.0,0.0,0.0,0.0,0.0,0.0,0.0,0.0,0.0
58274.119,-112.0,0.0,0.0,0.0,0.0,0.0,0.0,0.0,-3.0,0.0,0.0,0.0,0.0,0.0
58284.118,-112.0,0.0,0.0,0.0,0.0,0.0,0.0,0.0,0.0,0.0,0.0,0.0,0.0,0.0
58294.118,-112.0,2.0,0.0,0.0,0.0,0.0,0.0,0.0,-1.0,0.0,0.0,0.0,0.0,0.0
58304.118,-112.0,1.0,0.0,0.0,0.0,0.0,0.0,0.0,4.0,0.0,0.0,0.0,0.0,0.0
58314.118,-112.0,2.0,0.0,0.0,0.0,0.0,0.0,0.0,1.0,0.0,0.0,0.0,0.0,0.0
58324.119,-112.0,2.0,0.0,0.0,0.0,0.0,0.0,0.0,2.0,0.0,0.0,0.0,0.0,0.0
58334.118,-112.0,4.0,0.0,0.0,0.0,0.0,0.0,0.0,1.0,0.0,0.0,0.0,0.0,0.0
58344.119,-112.0,1.0,0.0,0.0,0.0,0.0,0.0,0.0,0.0,0.0,0.0,0.0,0.0,0.0
58354.118,-112.0,2.0,0.0,0.0,0.0,0.0,0.0,0.0,0.0,0.0,0.0,0.0,0.0,0.0
58364.118,-112.0,0.0,0.0,0.0,0.0,0.0,0.0,0.0,-2.0,0.0,0.0,0.0,0.0,0.0
58374.118,-112.0,0.0,0.0,0.0,0.0,0.0,0.0,0.0,3.0,0.0,0.0,0.0,0.0,0.0
58384.118,-112.0,0.0,0.0,0.0,0.0,0.0,0.0,0.0,2.0,0.0,0.0,0.0,0.0,0.0
58394.118,-112.0,3.0,0.0,0.0,0.0,0.0,0.0,0.0,1.0,0.0,0.0,0.0,0.0,0.0
58404.118,-112.0,1.0,0.0,0.0,0.0,0.0,0.0,0.0,0.0,0.0,0.0,0.0,0.0,0.0
58414.119,-112.0,3.0,0.0,0.0,0.0,0.0,0.0,0.0,2.0,0.0,0.0,0.0,0.0,0.0
58424.118,-112.0,1.0,0.0,0.0,0.0,0.0,0.0,0.0,2.0,0.0,0.0,0.0,0.0,0.0
58434.118,-112.0,3.0,0.0,0.0,0.0,0.0,0.0,0.0,1.0,0.0,0.0,0.0,0.0,0.0
58444.118,-112.0,0.0,0.0,0.0,0.0,0.0,0.0,0.0,0.0,0.0,0.0,0.0,0.0,0.0
58454.118,-112.0,2.0,0.0,0.0,0.0,0.0,0.0,0.0,0.0,0.0,0.0,0.0,0.0,0.0
58464.118,-112.0,3.0,0.0,0.0,0.0,0.0,0.0,0.0,0.0,0.0,0.0,0.0,0.0,0.0
58474.118,-112.0,3.0,0.0,0.0,0.0,0.0,0.0,0.0,0.0,0.0,0.0,0.0,0.0,0.0
58484.118,-112.0,1.0,0.0,0.0,0.0,0.0,0.0,0.0,4.0,0.0,0.0,0.0,0.0,0.0
58494.119,-112.0,2.0,0.0,0.0,0.0,0.0,0.0,0.0,0.0,0.0,0.0,0.0,0.0,0.0
58504.118,-112.0,0.0,0.0,0.0,0.0,0.0,0.0,0.0,1.0,0.0,0.0,0.0,0.0,0.0
58514.118,-112.0,-1.0,0.0,0.0,0.0,0.0,0.0,0.0,2.0,0.0,0.0,0.0,0.0,0.0
58524.118,-112.0,-1.0,0.0,0.0,0.0,0.0,0.0,0.0,1.0,0.0,0.0,0.0,0.0,0.0
58534.118,-112.0,1.0,0.0,0.0,0.0,0.0,0.0,0.0,0.0,0.0,0.0,0.0,0.0,0.0
58544.118,-112.0,2.0,0.0,0.0,0.0,0.0,0.0,0.0,-1.0,0.0,0.0,0.0,0.0,0.0
58554.118,-112.0,2.0,0.0,0.0,0.0,0.0,0.0,0.0,-2.0,0.0,0.0,0.0,0.0,0.0
58564.118,-112.0,1.0,0.0,0.0,0.0,0.0,0.0,0.0,2.0,0.0,0.0,0.0,0.0,0.0
58574.119,-112.0,1.0,0.0,0.0,0.0,0.0,0.0,0.0,3.0,0.0,0.0,0.0,0.0,0.0
58584.118,-112.0,2.0,0.0,0.0,0.0,0.0,0.0,0.0,-1.0,0.0,0.0,0.0,0.0,0.0
58594.119,-112.0,3.0,0.0,0.0,0.0,0.0,0.0,0.0,0.0,0.0,0.0,0.0,0.0,0.0
58604.118,-112.0,0.0,0.0,0.0,0.0,0.0,0.0,0.0,2.0,0.0,0.0,0.0,0.0,0.0
58614.118,-112.0,2.0,0.0,0.0,0.0,0.0,0.0,0.0,1.0,0.0,0.0,0.0,0.0,0.0
58624.118,-112.0,1.0,0.0,0.0,0.0,0.0,0.0,0.0,2.0,0.0,0.0,0.0,0.0,0.0
58634.118,-112.0,1.0,0.0,0.0,0.0,0.0,0.0,0.0,2.0,0.0,0.0,0.0,0.0,0.0
58644.119,-112.0,1.0,0.0,0.0,0.0,0.0,0.0,0.0,1.0,0.0,0.0,0.0,0.0,0.0
58654.118,-112.0,3.0,0.0,0.0,0.0,0.0,0.0,0.0,0.0,0.0,0.0,0.0,0.0,0.0
58664.119,-112.0,0.0,0.0,0.0,0.0,0.0,0.0,0.0,2.0,0.0,0.0,0.0,0.0,0.0
58674.118,-112.0,1.0,0.0,0.0,0.0,0.0,0.0,0.0,3.0,0.0,0.0,0.0,0.0,0.0
58684.118,-112.0,0.0,0.0,0.0,0.0,0.0,0.0,0.0,0.0,0.0,0.0,0.0,0.0,0.0
58694.118,-112.0,1.0,0.0,0.0,0.0,0.0,0.0,0.0,1.0,0.0,0.0,0.0,0.0,0.0
58704.118,-112.0,0.0,0.0,0.0,0.0,0.0,0.0,0.0,5.0,0.0,0.0,0.0,0.0,0.0
58714.118,-112.0,2.0,0.0,0.0,0.0,0.0,0.0,0.0,2.0,0.0,0.0,0.0,0.0,0.0
58724.118,-112.0,-1.0,0.0,0.0,0.0,0.0,0.0,0.0,1.0,0.0,0.0,0.0,0.0,0.0
58734.119,-112.0,1.0,0.0,0.0,0.0,0.0,0.0,0.0,-3.0,0.0,0.0,0.0,0.0,0.0
58744.118,-112.0,2.0,0.0,0.0,0.0,0.0,0.0,0.0,2.0,0.0,0.0,0.0,0.0,0.0
58754.118,-112.0,3.0,0.0,0.0,0.0,0.0,0.0,0.0,0.0,0.0,0.0,0.0,0.0,0.0
58764.118,-112.0,1.0,0.0,0.0,0.0,0.0,0.0,0.0,1.0,0.0,0.0,0.0,0.0,0.0
58774.118,-112.0,2.0,0.0,0.0,0.0,0.0,0.0,0.0,3.0,0.0,0.0,0.0,0.0,0.0
58784.118,-112.0,-1.0,0.0,0.0,0.0,0.0,0.0,0.0,2.0,0.0,0.0,0.0,0.0,0.0
58794.118,-112.0,0.0,0.0,0.0,0.0,0.0,0.0,0.0,2.0,0.0,0.0,0.0,0.0,0.0
58804.118,-112.0,0.0,0.0,0.0,0.0,0.0,0.0,0.0,1.0,0.0,0.0,0.0,0.0,0.0
58814.119,-112.0,1.0,0.0,0.0,0.0,0.0,0.0,0.0,2.0,0.0,0.0,0.0,0.0,0.0
58824.118,-112.0,-1.0,0.0,0.0,0.0,0.0,0.0,0.0,1.0,0.0,0.0,0.0,0.0,0.0
58834.118,-112.0,0.0,0.0,0.0,0.0,0.0,0.0,0.0,3.0,0.0,0.0,0.0,0.0,0.0
58844.118,-112.0,0.0,0.0,0.0,0.0,0.0,0.0,0.0,2.0,0.0,0.0,0.0,0.0,0.0
58854.118,-112.0,0.0,0.0,0.0,0.0,0.0,0.0,0.0,1.0,0.0,0.0,0.0,0.0,0.0
58864.118,-112.0,3.0,0.0,0.0,0.0,0.0,0.0,0.0,2.0,0.0,0.0,0.0,0.0,0.0
58874.118,-112.0,1.0,0.0,0.0,0.0,0.0,0.0,0.0,-2.0,0.0,0.0,0.0,0.0,0.0
58884.118,-112.0,0.0,0.0,0.0,0.0,0.0,0.0,0.0,3.0,0.0,0.0,0.0,0.0,0.0
58894.119,-112.0,1.0,0.0,0.0,0.0,0.0,0.0,0.0,2.0,0.0,0.0,0.0,0.0,0.0
58904.118,-112.0,2.0,0.0,0.0,0.0,0.0,0.0,0.0,-1.0,0.0,0.0,0.0,0.0,0.0
58914.119,-112.0,1.0,0.0,0.0,0.0,0.0,0.0,0.0,4.0,0.0,0.0,0.0,0.0,0.0
58924.118,-112.0,4.0,0.0,0.0,0.0,0.0,0.0,0.0,3.0,0.0,0.0,0.0,0.0,0.0
58934.118,-112.0,-2.0,0.0,0.0,0.0,0.0,0.0,0.0,0.0,0.0,0.0,0.0,0.0,0.0
58944.118,-112.0,2.0,0.0,0.0,0.0,0.0,0.0,0.0,-2.0,0.0,0.0,0.0,0.0,0.0
58954.118,-112.0,0.0,0.0,0.0,0.0,0.0,0.0,0.0,1.0,0.0,0.0,0.0,0.0,0.0
58964.119,-112.0,2.0,0.0,0.0,0.0,0.0,0.0,0.0,1.0,0.0,0.0,0.0,0.0,0.0
58974.118,-112.0,-3.0,0.0,0.0,0.0,0.0,0.0,0.0,3.0,0.0,0.0,0.0,0.0,0.0
58984.119,-112.0,3.0,0.0,0.0,0.0,0.0,0.0,0.0,0.0,0.0,0.0,0.0,0.0,0.0
58994.118,-112.0,1.0,0.0,0.0,0.0,0.0,0.0,0.0,1.0,0.0,0.0,0.0,0.0,0.0
59004.118,-112.0,1.0,0.0,0.0,0.0,0.0,0.0,0.0,0.0,0.0,0.0,0.0,0.0,0.0
59014.118,-112.0,-2.0,0.0,0.0,0.0,0.0,0.0,0.0,4.0,0.0,0.0,0.0,0.0,0.0
59024.118,-112.0,1.0,0.0,0.0,0.0,0.0,0.0,0.0,1.0,0.0,0.0,0.0,0.0,0.0
59034.118,-112.0,3.0,0.0,0.0,0.0,0.0,0.0,0.0,-1.0,0.0,0.0,0.0,0.0,0.0
59044.118,-112.0,0.0,0.0,0.0,0.0,0.0,0.0,0.0,3.0,0.0,0.0,0.0,0.0,0.0
59054.119,-112.0,1.0,0.0,0.0,0.0,0.0,0.0,0.0,1.0,0.0,0.0,0.0,0.0,0.0
59064.118,-112.0,2.0,0.0,0.0,0.0,0.0,0.0,0.0,3.0,0.0,0.0,0.0,0.0,0.0
59074.118,-112.0,3.0,0.0,0.0,0.0,0.0,0.0,0.0,3.0,0.0,0.0,0.0,0.0,0.0
59084.118,-112.0,3.0,0.0,0.0,0.0,0.0,0.0,0.0,0.0,0.0,0.0,0.0,0.0,0.0
59094.118,-112.0,3.0,0.0,0.0,0.0,0.0,0.0,0.0,5.0,0.0,0.0,0.0,0.0,0.0
59104.118,-112.0,1.0,0.0,0.0,0.0,0.0,0.0,0.0,0.0,0.0,0.0,0.0,0.0,0.0
59114.118,-112.0,0.0,0.0,0.0,0.0,0.0,0.0,0.0,1.0,0.0,0.0,0.0,0.0,0.0
59124.118,-112.0,2.0,0.0,0.0,0.0,0.0,0.0,0.0,1.0,0.0,0.0,0.0,0.0,0.0
59134.119,-112.0,3.0,0.0,0.0,0.0,0.0,0.0,0.0,2.0,0.0,0.0,0.0,0.0,0.0
59144.118,-112.0,0.0,0.0,0.0,0.0,0.0,0.0,0.0,3.0,0.0,0.0,0.0,0.0,0.0
59154.118,-112.0,3.0,0.0,0.0,0.0,0.0,0.0,0.0,-2.0,0.0,0.0,0.0,0.0,0.0
59164.118,-112.0,3.0,0.0,0.0,0.0,0.0,0.0,0.0,1.0,0.0,0.0,0.0,0.0,0.0
59174.118,-112.0,-1.0,0.0,0.0,0.0,0.0,0.0,0.0,1.0,0.0,0.0,0.0,0.0,0.0
59184.118,-112.0,1.0,0.0,0.0,0.0,0.0,0.0,0.0,2.0,0.0,0.0,0.0,0.0,0.0
59194.118,-112.0,3.0,0.0,0.0,0.0,0.0,0.0,0.0,3.0,0.0,0.0,0.0,0.0,0.0
59204.118,-112.0,0.0,0.0,0.0,0.0,0.0,0.0,0.0,1.0,0.0,0.0,0.0,0.0,0.0
59214.119,-112.0,4.0,0.0,0.0,0.0,0.0,0.0,0.0,3.0,0.0,0.0,0.0,0.0,0.0
59224.118,-112.0,2.0,0.0,0.0,0.0,0.0,0.0,0.0,4.0,0.0,0.0,0.0,0.0,0.0
59234.119,-112.0,0.0,0.0,0.0,0.0,0.0,0.0,0.0,1.0,0.0,0.0,0.0,0.0,0.0
59244.118,-112.0,3.0,0.0,0.0,0.0,0.0,0.0,0.0,3.0,0.0,0.0,0.0,0.0,0.0
59254.118,-112.0,0.0,0.0,0.0,0.0,0.0,0.0,0.0,0.0,0.0,0.0,0.0,0.0,0.0
59264.118,-112.0,2.0,0.0,0.0,0.0,0.0,0.0,0.0,3.0,0.0,0.0,0.0,0.0,0.0
59274.118,-112.0,3.0,0.0,0.0,0.0,0.0,0.0,0.0,0.0,0.0,0.0,0.0,0.0,0.0
59284.119,-112.0,2.0,0.0,0.0,0.0,0.0,0.0,0.0,5.0,0.0,0.0,0.0,0.0,0.0
59294.118,-112.0,-1.0,0.0,0.0,0.0,0.0,0.0,0.0,0.0,0.0,0.0,0.0,0.0,0.0
59304.119,-112.0,2.0,0.0,0.0,0.0,0.0,0.0,0.0,0.0,0.0,0.0,0.0,0.0,0.0
59314.118,-112.0,2.0,0.0,0.0,0.0,0.0,0.0,0.0,0.0,0.0,0.0,0.0,0.0,0.0
59324.118,-112.0,0.0,0.0,0.0,0.0,0.0,0.0,0.0,1.0,0.0,0.0,0.0,0.0,0.0
59334.118,-112.0,0.0,0.0,0.0,0.0,0.0,0.0,0.0,1.0,0.0,0.0,0.0,0.0,0.0
59344.118,-112.0,1.0,0.0,0.0,0.0,0.0,0.0,0.0,2.0,0.0,0.0,0.0,0.0,0.0
59354.118,-112.0,3.0,0.0,0.0,0.0,0.0,0.0,0.0,2.0,0.0,0.0,0.0,0.0,0.0
59364.118,-112.0,1.0,0.0,0.0,0.0,0.0,0.0,0.0,4.0,0.0,0.0,0.0,0.0,0.0
59374.119,-112.0,3.0,0.0,0.0,0.0,0.0,0.0,0.0,2.0,0.0,0.0,0.0,0.0,0.0
59384.118,-112.0,2.0,0.0,0.0,0.0,0.0,0.0,0.0,2.0,0.0,0.0,0.0,0.0,0.0
59394.118,-112.0,3.0,0.0,0.0,0.0,0.0,0.0,0.0,1.0,0.0,0.0,0.0,0.0,0.0
59404.118,-112.0,0.0,0.0,0.0,0.0,0.0,0.0,0.0,3.0,0.0,0.0,0.0,0.0,0.0
59414.118,-112.0,0.0,0.0,0.0,0.0,0.0,0.0,0.0,2.0,0.0,0.0,0.0,0.0,0.0
59424.118,-112.0,1.0,0.0,0.0,0.0,0.0,0.0,0.0,3.0,0.0,0.0,0.0,0.0,0.0
59434.118,-112.0,2.0,0.0,0.0,0.0,0.0,0.0,0.0,1.0,0.0,0.0,0.0,0.0,0.0
59444.118,-112.0,0.0,0.0,0.0,0.0,0.0,0.0,0.0,1.0,0.0,0.0,0.0,0.0,0.0
59454.119,-112.0,1.0,0.0,0.0,0.0,0.0,0.0,0.0,6.0,0.0,0.0,0.0,0.0,0.0
59464.118,-112.0,0.0,0.0,0.0,0.0,0.0,0.0,0.0,3.0,0.0,0.0,0.0,0.0,0.0
59474.118,-112.0,2.0,0.0,0.0,0.0,0.0,0.0,0.0,0.0,0.0,0.0,0.0,0.0,0.0
59484.118,-112.0,3.0,0.0,0.0,0.0,0.0,0.0,0.0,2.0,0.0,0.0,0.0,0.0,0.0
59494.118,-112.0,0.0,0.0,0.0,0.0,0.0,0.0,0.0,0.0,0.0,0.0,0.0,0.0,0.0
59504.118,-112.0,1.0,0.0,0.0,0.0,0.0,0.0,0.0,0.0,0.0,0.0,0.0,0.0,0.0
59514.118,-112.0,1.0,0.0,0.0,0.0,0.0,0.0,0.0,-1.0,0.0,0.0,0.0,0.0,0.0
59524.118,-112.0,2.0,0.0,0.0,0.0,0.0,0.0,0.0,2.0,0.0,0.0,0.0,0.0,0.0
59534.119,-112.0,3.0,0.0,0.0,0.0,0.0,0.0,0.0,0.0,0.0,0.0,0.0,0.0,0.0
59544.118,-112.0,0.0,0.0,0.0,0.0,0.0,0.0,0.0,2.0,0.0,0.0,0.0,0.0,0.0
59554.119,-112.0,0.0,0.0,0.0,0.0,0.0,0.0,0.0,2.0,0.0,0.0,0.0,0.0,0.0
59564.118,-112.0,3.0,0.0,0.0,0.0,0.0,0.0,0.0,2.0,0.0,0.0,0.0,0.0,0.0
59574.118,-112.0,1.0,0.0,0.0,0.0,0.0,0.0,0.0,-2.0,0.0,0.0,0.0,0.0,0.0
59584.118,-112.0,0.0,0.0,0.0,0.0,0.0,0.0,0.0,1.0,0.0,0.0,0.0,0.0,0.0
59594.118,-112.0,3.0,0.0,0.0,0.0,0.0,0.0,0.0,3.0,0.0,0.0,0.0,0.0,0.0
59604.119,-112.0,2.0,0.0,0.0,0.0,0.0,0.0,0.0,1.0,0.0,0.0,0.0,0.0,0.0
59614.118,-112.0,3.0,0.0,0.0,0.0,0.0,0.0,0.0,0.0,0.0,0.0,0.0,0.0,0.0
59624.119,-112.0,2.0,0.0,0.0,0.0,0.0,0.0,0.0,0.0,0.0,0.0,0.0,0.0,0.0
59634.118,-112.0,2.0,0.0,0.0,0.0,0.0,0.0,0.0,2.0,0.0,0.0,0.0,0.0,0.0
59644.118,-112.0,1.0,0.0,0.0,0.0,0.0,0.0,0.0,2.0,0.0,0.0,0.0,0.0,0.0
59654.118,-112.0,0.0,0.0,0.0,0.0,0.0,0.0,0.0,0.0,0.0,0.0,0.0,0.0,0.0
59664.118,-112.0,4.0,0.0,0.0,0.0,0.0,0.0,0.0,1.0,0.0,0.0,0.0,0.0,0.0
59674.118,-112.0,3.0,0.0,0.0,0.0,0.0,0.0,0.0,3.0,0.0,0.0,0.0,0.0,0.0
59684.118,-112.0,-1.0,0.0,0.0,0.0,0.0,0.0,0.0,1.0,0.0,0.0,0.0,0.0,0.0
59694.119,-112.0,0.0,0.0,0.0,0.0,0.0,0.0,0.0,2.0,0.0,0.0,0.0,0.0,0.0
59704.118,-112.0,3.0,0.0,0.0,0.0,0.0,0.0,0.0,2.0,0.0,0.0,0.0,0.0,0.0
59714.118,-112.0,2.0,0.0,0.0,0.0,0.0,0.0,0.0,3.0,0.0,0.0,0.0,0.0,0.0
59724.118,-112.0,0.0,0.0,0.0,0.0,0.0,0.0,0.0,1.0,0.0,0.0,0.0,0.0,0.0
59734.118,-112.0,0.0,0.0,0.0,0.0,0.0,0.0,0.0,2.0,0.0,0.0,0.0,0.0,0.0
59744.118,-112.0,2.0,0.0,0.0,0.0,0.0,0.0,0.0,-1.0,0.0,0.0,0.0,0.0,0.0
59754.118,-112.0,1.0,0.0,0.0,0.0,0.0,0.0,0.0,0.0,0.0,0.0,0.0,0.0,0.0
59764.118,-112.0,1.0,0.0,0.0,0.0,0.0,0.0,0.0,2.0,0.0,0.0,0.0,0.0,0.0
59774.119,-112.0,0.0,0.0,0.0,0.0,0.0,0.0,0.0,5.0,0.0,0.0,0.0,0.0,0.0
59784.118,-112.0,2.0,0.0,0.0,0.0,0.0,0.0,0.0,0.0,0.0,0.0,0.0,0.0,0.0
59794.118,-112.0,1.0,0.0,0.0,0.0,0.0,0.0,0.0,1.0,0.0,0.0,0.0,0.0,0.0
59804.118,-112.0,0.0,0.0,0.0,0.0,0.0,0.0,0.0,1.0,0.0,0.0,0.0,0.0,0.0
59814.118,-112.0,3.0,0.0,0.0,0.0,0.0,0.0,0.0,2.0,0.0,0.0,0.0,0.0,0.0
59824.118,-112.0,0.0,0.0,0.0,0.0,0.0,0.0,0.0,1.0,0.0,0.0,0.0,0.0,0.0
59834.118,-112.0,-1.0,0.0,0.0,0.0,0.0,0.0,0.0,3.0,0.0,0.0,0.0,0.0,0.0
59844.118,-112.0,1.0,0.0,0.0,0.0,0.0,0.0,0.0,-1.0,0.0,0.0,0.0,0.0,0.0
59854.119,-112.0,0.0,0.0,0.0,0.0,0.0,0.0,0.0,1.0,0.0,0.0,0.0,0.0,0.0
59864.118,-112.0,3.0,0.0,0.0,0.0,0.0,0.0,0.0,-1.0,0.0,0.0,0.0,0.0,0.0
59874.119,-112.0,-1.0,0.0,0.0,0.0,0.0,0.0,0.0,0.0,0.0,0.0,0.0,0.0,0.0
59884.118,-112.0,3.0,0.0,0.0,0.0,0.0,0.0,0.0,2.0,0.0,0.0,0.0,0.0,0.0
59894.118,-112.0,0.0,0.0,0.0,0.0,0.0,0.0,0.0,2.0,0.0,0.0,0.0,0.0,0.0
59904.118,-112.0,-1.0,0.0,0.0,0.0,0.0,0.0,0.0,0.0,0.0,0.0,0.0,0.0,0.0
59914.118,-112.0,1.0,0.0,0.0,0.0,0.0,0.0,0.0,0.0,0.0,0.0,0.0,0.0,0.0
59924.119,-112.0,1.0,0.0,0.0,0.0,0.0,0.0,0.0,0.0,0.0,0.0,0.0,0.0,0.0
59934.118,-112.0,2.0,0.0,0.0,0.0,0.0,0.0,0.0,1.0,0.0,0.0,0.0,0.0,0.0
59944.119,-112.0,-1.0,0.0,0.0,0.0,0.0,0.0,0.0,2.0,0.0,0.0,0.0,0.0,0.0
59954.118,-112.0,2.0,0.0,0.0,0.0,0.0,0.0,0.0,2.0,0.0,0.0,0.0,0.0,0.0
59964.118,-112.0,1.0,0.0,0.0,0.0,0.0,0.0,0.0,2.0,0.0,0.0,0.0,0.0,0.0
59974.118,-112.0,2.0,0.0,0.0,0.0,0.0,0.0,0.0,3.0,0.0,0.0,0.0,0.0,0.0
59984.118,-112.0,0.0,0.0,0.0,0.0,0.0,0.0,0.0,2.0,0.0,0.0,0.0,0.0,0.0
59994.118,-112.0,2.0,0.0,0.0,0.0,0.0,0.0,0.0,3.0,0.0,0.0,0.0,0.0,0.0
60004.118,-112.0,2.0,0.0,0.0,0.0,0.0,0.0,0.0,0.0,0.0,0.0,0.0,0.0,0.0
60014.119,-112.0,2.0,0.0,0.0,0.0,0.0,0.0,0.0,2.0,0.0,0.0,0.0,0.0,0.0
60024.118,-112.0,3.0,0.0,0.0,0.0,0.0,0.0,0.0,3.0,0.0,0.0,0.0,0.0,0.0
60034.118,-112.0,2.0,0.0,0.0,0.0,0.0,0.0,0.0,-3.0,0.0,0.0,0.0,0.0,0.0
60044.118,-112.0,2.0,0.0,0.0,0.0,0.0,0.0,0.0,1.0,0.0,0.0,0.0,0.0,0.0
60054.118,-112.0,1.0,0.0,0.0,0.0,0.0,0.0,0.0,1.0,0.0,0.0,0.0,0.0,0.0
60064.118,-112.0,2.0,0.0,0.0,0.0,0.0,0.0,0.0,2.0,0.0,0.0,0.0,0.0,0.0
60074.118,-112.0,1.0,0.0,0.0,0.0,0.0,0.0,0.0,3.0,0.0,0.0,0.0,0.0,0.0
60084.118,-112.0,2.0,0.0,0.0,0.0,0.0,0.0,0.0,2.0,0.0,0.0,0.0,0.0,0.0
60094.119,-112.0,0.0,0.0,0.0,0.0,0.0,0.0,0.0,1.0,0.0,0.0,0.0,0.0,0.0
60104.118,-112.0,1.0,0.0,0.0,0.0,0.0,0.0,0.0,2.0,0.0,0.0,0.0,0.0,0.0
60114.118,-112.0,2.0,0.0,0.0,0.0,0.0,0.0,0.0,0.0,0.0,0.0,0.0,0.0,0.0
60124.118,-112.0,2.0,0.0,0.0,0.0,0.0,0.0,0.0,-1.0,0.0,0.0,0.0,0.0,0.0
60134.118,-112.0,1.0,0.0,0.0,0.0,0.0,0.0,0.0,0.0,0.0,0.0,0.0,0.0,0.0
60144.118,-112.0,1.0,0.0,0.0,0.0,0.0,0.0,0.0,1.0,0.0,0.0,0.0,0.0,0.0
60154.118,-112.0,1.0,0.0,0.0,0.0,0.0,0.0,0.0,0.0,0.0,0.0,0.0,0.0,0.0
60164.118,-112.0,0.0,0.0,0.0,0.0,0.0,0.0,0.0,0.0,0.0,0.0,0.0,0.0,0.0
60174.119,-112.0,1.0,0.0,0.0,0.0,0.0,0.0,0.0,1.0,0.0,0.0,0.0,0.0,0.0
60184.118,-112.0,1.0,0.0,0.0,0.0,0.0,0.0,0.0,3.0,0.0,0.0,0.0,0.0,0.0
60194.119,-112.0,1.0,0.0,0.0,0.0,0.0,0.0,0.0,2.0,0.0,0.0,0.0,0.0,0.0
60204.118,-112.0,3.0,0.0,0.0,0.0,0.0,0.0,0.0,-1.0,0.0,0.0,0.0,0.0,0.0
60214.118,-112.0,1.0,0.0,0.0,0.0,0.0,0.0,0.0,0.0,0.0,0.0,0.0,0.0,0.0
60224.118,-112.0,1.0,0.0,0.0,0.0,0.0,0.0,0.0,3.0,0.0,0.0,0.0,0.0,0.0
60234.118,-112.0,2.0,0.0,0.0,0.0,0.0,0.0,0.0,-1.0,0.0,0.0,0.0,0.0,0.0
60244.119,-112.0,0.0,0.0,0.0,0.0,0.0,0.0,0.0,0.0,0.0,0.0,0.0,0.0,0.0
60254.118,-112.0,2.0,0.0,0.0,0.0,0.0,0.0,0.0,1.0,0.0,0.0,0.0,0.0,0.0
60264.119,-112.0,2.0,0.0,0.0,0.0,0.0,0.0,0.0,0.0,0.0,0.0,0.0,0.0,0.0
60274.118,-112.0,1.0,0.0,0.0,0.0,0.0,0.0,0.0,1.0,0.0,0.0,0.0,0.0,0.0
60284.118,-112.0,3.0,0.0,0.0,0.0,0.0,0.0,0.0,1.0,0.0,0.0,0.0,0.0,0.0
60294.118,-112.0,1.0,0.0,0.0,0.0,0.0,0.0,0.0,0.0,0.0,0.0,0.0,0.0,0.0
60304.118,-112.0,1.0,0.0,0.0,0.0,0.0,0.0,0.0,1.0,0.0,0.0,0.0,0.0,0.0
60314.118,-112.0,1.0,0.0,0.0,0.0,0.0,0.0,0.0,2.0,0.0,0.0,0.0,0.0,0.0
60324.118,-112.0,0.0,0.0,0.0,0.0,0.0,0.0,0.0,2.0,0.0,0.0,0.0,0.0,0.0
60334.119,-112.0,3.0,0.0,0.0,0.0,0.0,0.0,0.0,1.0,0.0,0.0,0.0,0.0,0.0
60344.118,-112.0,-1.0,0.0,0.0,0.0,0.0,0.0,0.0,1.0,0.0,0.0,0.0,0.0,0.0
60354.118,-112.0,1.0,0.0,0.0,0.0,0.0,0.0,0.0,2.0,0.0,0.0,0.0,0.0,0.0
60364.118,-112.0,0.0,0.0,0.0,0.0,0.0,0.0,0.0,2.0,0.0,0.0,0.0,0.0,0.0
60374.118,-112.0,3.0,0.0,0.0,0.0,0.0,0.0,0.0,0.0,0.0,0.0,0.0,0.0,0.0
60384.118,-112.0,1.0,0.0,0.0,0.0,0.0,0.0,0.0,1.0,0.0,0.0,0.0,0.0,0.0
60394.118,-112.0,-1.0,0.0,0.0,0.0,0.0,0.0,0.0,1.0,0.0,0.0,0.0,0.0,0.0
60404.118,-112.0,2.0,0.0,0.0,0.0,0.0,0.0,0.0,3.0,0.0,0.0,0.0,0.0,0.0
60414.119,-112.0,-2.0,0.0,0.0,0.0,0.0,0.0,0.0,0.0,0.0,0.0,0.0,0.0,0.0
60424.118,-112.0,0.0,0.0,0.0,0.0,0.0,0.0,0.0,2.0,0.0,0.0,0.0,0.0,0.0
60434.118,-112.0,3.0,0.0,0.0,0.0,0.0,0.0,0.0,4.0,0.0,0.0,0.0,0.0,0.0
60444.118,-112.0,4.0,0.0,0.0,0.0,0.0,0.0,0.0,2.0,0.0,0.0,0.0,0.0,0.0
60454.118,-112.0,0.0,0.0,0.0,0.0,0.0,0.0,0.0,0.0,0.0,0.0,0.0,0.0,0.0
60464.118,-112.0,-2.0,0.0,0.0,0.0,0.0,0.0,0.0,1.0,0.0,0.0,0.0,0.0,0.0
60474.118,-112.0,2.0,0.0,0.0,0.0,0.0,0.0,0.0,2.0,0.0,0.0,0.0,0.0,0.0
60484.118,-112.0,1.0,0.0,0.0,0.0,0.0,0.0,0.0,1.0,0.0,0.0,0.0,0.0,0.0
60494.119,-112.0,-1.0,0.0,0.0,0.0,0.0,0.0,0.0,3.0,0.0,0.0,0.0,0.0,0.0
60504.118,-112.0,2.0,0.0,0.0,0.0,0.0,0.0,0.0,3.0,0.0,0.0,0.0,0.0,0.0
60514.119,-112.0,0.0,0.0,0.0,0.0,0.0,0.0,0.0,3.0,0.0,0.0,0.0,0.0,0.0
60524.118,-112.0,2.0,0.0,0.0,0.0,0.0,0.0,0.0,3.0,0.0,0.0,0.0,0.0,0.0
60534.118,-112.0,1.0,0.0,0.0,0.0,0.0,0.0,0.0,5.0,0.0,0.0,0.0,0.0,0.0
60544.118,-112.0,5.0,0.0,0.0,0.0,0.0,0.0,0.0,3.0,0.0,0.0,0.0,0.0,0.0
60554.118,-112.0,2.0,0.0,0.0,0.0,0.0,0.0,0.0,2.0,0.0,0.0,0.0,0.0,0.0
60564.119,-112.0,0.0,0.0,0.0,0.0,0.0,0.0,0.0,2.0,0.0,0.0,0.0,0.0,0.0
60574.118,-112.0,2.0,0.0,0.0,0.0,0.0,0.0,0.0,2.0,0.0,0.0,0.0,0.0,0.0
60584.119,-112.0,2.0,0.0,0.0,0.0,0.0,0.0,0.0,1.0,0.0,0.0,0.0,0.0,0.0
60594.118,-112.0,4.0,0.0,0.0,0.0,0.0,0.0,0.0,-1.0,0.0,0.0,0.0,0.0,0.0
60604.118,-112.0,2.0,0.0,0.0,0.0,0.0,0.0,0.0,3.0,0.0,0.0,0.0,0.0,0.0
60614.118,-112.0,0.0,0.0,0.0,0.0,0.0,0.0,0.0,2.0,0.0,0.0,0.0,0.0,0.0
60624.118,-112.0,0.0,0.0,0.0,0.0,0.0,0.0,0.0,1.0,0.0,0.0,0.0,0.0,0.0
60634.118,-112.0,2.0,0.0,0.0,0.0,0.0,0.0,0.0,0.0,0.0,0.0,0.0,0.0,0.0
60644.118,-112.0,1.0,0.0,0.0,0.0,0.0,0.0,0.0,0.0,0.0,0.0,0.0,0.0,0.0
60654.119,-112.0,3.0,0.0,0.0,0.0,0.0,0.0,0.0,-1.0,0.0,0.0,0.0,0.0,0.0
60664.118,-112.0,4.0,0.0,0.0,0.0,0.0,0.0,0.0,2.0,0.0,0.0,0.0,0.0,0.0
60674.118,-112.0,-1.0,0.0,0.0,0.0,0.0,0.0,0.0,4.0,0.0,0.0,0.0,0.0,0.0
60684.118,-112.0,2.0,0.0,0.0,0.0,0.0,0.0,0.0,3.0,0.0,0.0,0.0,0.0,0.0
60694.118,-112.0,0.0,0.0,0.0,0.0,0.0,0.0,0.0,0.0,0.0,0.0,0.0,0.0,0.0
60704.118,-112.0,3.0,0.0,0.0,0.0,0.0,0.0,0.0,2.0,0.0,0.0,0.0,0.0,0.0
60714.118,-112.0,0.0,0.0,0.0,0.0,0.0,0.0,0.0,0.0,0.0,0.0,0.0,0.0,0.0
60724.118,-112.0,1.0,0.0,0.0,0.0,0.0,0.0,0.0,1.0,0.0,0.0,0.0,0.0,0.0
60734.119,-112.0,2.0,0.0,0.0,0.0,0.0,0.0,0.0,3.0,0.0,0.0,0.0,0.0,0.0
60744.118,-112.0,1.0,0.0,0.0,0.0,0.0,0.0,0.0,1.0,0.0,0.0,0.0,0.0,0.0
60754.118,-112.0,0.0,0.0,0.0,0.0,0.0,0.0,0.0,2.0,0.0,0.0,0.0,0.0,0.0
60764.118,-112.0,1.0,0.0,0.0,0.0,0.0,0.0,0.0,1.0,0.0,0.0,0.0,0.0,0.0
60774.118,-112.0,-2.0,0.0,0.0,0.0,0.0,0.0,0.0,3.0,0.0,0.0,0.0,0.0,0.0
60784.118,-112.0,0.0,0.0,0.0,0.0,0.0,0.0,0.0,2.0,0.0,0.0,0.0,0.0,0.0
60794.118,-112.0,3.0,0.0,0.0,0.0,0.0,0.0,0.0,3.0,0.0,0.0,0.0,0.0,0.0
60804.118,-112.0,1.0,0.0,0.0,0.0,0.0,0.0,0.0,3.0,0.0,0.0,0.0,0.0,0.0
60814.119,-112.0,2.0,0.0,0.0,0.0,0.0,0.0,0.0,4.0,0.0,0.0,0.0,0.0,0.0
60824.118,-112.0,1.0,0.0,0.0,0.0,0.0,0.0,0.0,4.0,0.0,0.0,0.0,0.0,0.0
60834.119,-112.0,0.0,0.0,0.0,0.0,0.0,0.0,0.0,2.0,0.0,0.0,0.0,0.0,0.0
60844.118,-112.0,3.0,0.0,0.0,0.0,0.0,0.0,0.0,0.0,0.0,0.0,0.0,0.0,0.0
60854.118,-112.0,2.0,0.0,0.0,0.0,0.0,0.0,0.0,0.0,0.0,0.0,0.0,0.0,0.0
60864.118,-112.0,1.0,0.0,0.0,0.0,0.0,0.0,0.0,4.0,0.0,0.0,0.0,0.0,0.0
60874.118,-112.0,0.0,0.0,0.0,0.0,0.0,0.0,0.0,2.0,0.0,0.0,0.0,0.0,0.0
60884.119,-112.0,1.0,0.0,0.0,0.0,0.0,0.0,0.0,1.0,0.0,0.0,0.0,0.0,0.0
60894.118,-112.0,1.0,0.0,0.0,0.0,0.0,0.0,0.0,2.0,0.0,0.0,0.0,0.0,0.0
60904.119,-112.0,0.0,0.0,0.0,0.0,0.0,0.0,0.0,0.0,0.0,0.0,0.0,0.0,0.0
60914.118,-112.0,3.0,0.0,0.0,0.0,0.0,0.0,0.0,1.0,0.0,0.0,0.0,0.0,0.0
60924.118,-112.0,2.0,0.0,0.0,0.0,0.0,0.0,0.0,2.0,0.0,0.0,0.0,0.0,0.0
60934.118,-112.0,1.0,0.0,0.0,0.0,0.0,0.0,0.0,1.0,0.0,0.0,0.0,0.0,0.0
60944.118,-112.0,0.0,0.0,0.0,0.0,0.0,0.0,0.0,3.0,0.0,0.0,0.0,0.0,0.0
60954.118,-112.0,1.0,0.0,0.0,0.0,0.0,0.0,0.0,2.0,0.0,0.0,0.0,0.0,0.0
60964.118,-112.0,2.0,0.0,0.0,0.0,0.0,0.0,0.0,3.0,0.0,0.0,0.0,0.0,0.0
60974.119,-112.0,-1.0,0.0,0.0,0.0,0.0,0.0,0.0,1.0,0.0,0.0,0.0,0.0,0.0
60984.118,-112.0,2.0,0.0,0.0,0.0,0.0,0.0,0.0,6.0,0.0,0.0,0.0,0.0,0.0
60994.118,-112.0,2.0,0.0,0.0,0.0,0.0,0.0,0.0,1.0,0.0,0.0,0.0,0.0,0.0
61004.118,-112.0,1.0,0.0,0.0,0.0,0.0,0.0,0.0,0.0,0.0,0.0,0.0,0.0,0.0
61014.118,-112.0,1.0,0.0,0.0,0.0,0.0,0.0,0.0,2.0,0.0,0.0,0.0,0.0,0.0
61024.118,-112.0,6.0,0.0,0.0,0.0,0.0,0.0,0.0,1.0,0.0,0.0,0.0,0.0,0.0
61034.118,-112.0,0.0,0.0,0.0,0.0,0.0,0.0,0.0,-1.0,0.0,0.0,0.0,0.0,0.0
61044.118,-112.0,3.0,0.0,0.0,0.0,0.0,0.0,0.0,2.0,0.0,0.0,0.0,0.0,0.0
61054.119,-112.0,1.0,0.0,0.0,0.0,0.0,0.0,0.0,2.0,0.0,0.0,0.0,0.0,0.0
61064.118,-112.0,2.0,0.0,0.0,0.0,0.0,0.0,0.0,3.0,0.0,0.0,0.0,0.0,0.0
61074.118,-112.0,4.0,0.0,0.0,0.0,0.0,0.0,0.0,0.0,0.0,0.0,0.0,0.0,0.0
61084.118,-112.0,1.0,0.0,0.0,0.0,0.0,0.0,0.0,0.0,0.0,0.0,0.0,0.0,0.0
61094.118,-112.0,0.0,0.0,0.0,0.0,0.0,0.0,0.0,4.0,0.0,0.0,0.0,0.0,0.0
61104.118,-112.0,0.0,0.0,0.0,0.0,0.0,0.0,0.0,3.0,0.0,0.0,0.0,0.0,0.0
61114.118,-112.0,2.0,0.0,0.0,0.0,0.0,0.0,0.0,4.0,0.0,0.0,0.0,0.0,0.0
61124.118,-112.0,3.0,0.0,0.0,0.0,0.0,0.0,0.0,2.0,0.0,0.0,0.0,0.0,0.0
61134.119,-112.0,3.0,0.0,0.0,0.0,0.0,0.0,0.0,0.0,0.0,0.0,0.0,0.0,0.0
61144.118,-112.0,2.0,0.0,0.0,0.0,0.0,0.0,0.0,2.0,0.0,0.0,0.0,0.0,0.0
61154.119,-112.0,1.0,0.0,0.0,0.0,0.0,0.0,0.0,2.0,0.0,0.0,0.0,0.0,0.0
61164.118,-112.0,0.0,0.0,0.0,0.0,0.0,0.0,0.0,2.0,0.0,0.0,0.0,0.0,0.0
61174.118,-112.0,4.0,0.0,0.0,0.0,0.0,0.0,0.0,3.0,0.0,0.0,0.0,0.0,0.0
61184.118,-112.0,1.0,0.0,0.0,0.0,0.0,0.0,0.0,3.0,0.0,0.0,0.0,0.0,0.0
61194.118,-112.0,1.0,0.0,0.0,0.0,0.0,0.0,0.0,1.0,0.0,0.0,0.0,0.0,0.0
61204.119,-112.0,2.0,0.0,0.0,0.0,0.0,0.0,0.0,1.0,0.0,0.0,0.0,0.0,0.0
61214.118,-112.0,2.0,0.0,0.0,0.0,0.0,0.0,0.0,3.0,0.0,0.0,0.0,0.0,0.0
61224.119,-112.0,0.0,0.0,0.0,0.0,0.0,0.0,0.0,2.0,0.0,0.0,0.0,0.0,0.0
61234.118,-112.0,1.0,0.0,0.0,0.0,0.0,0.0,0.0,3.0,0.0,0.0,0.0,0.0,0.0
61244.118,-112.0,0.0,0.0,0.0,0.0,0.0,0.0,0.0,-1.0,0.0,0.0,0.0,0.0,0.0
61254.118,-112.0,1.0,0.0,0.0,0.0,0.0,0.0,0.0,0.0,0.0,0.0,0.0,0.0,0.0
61264.118,-112.0,0.0,0.0,0.0,0.0,0.0,0.0,0.0,4.0,0.0,0.0,0.0,0.0,0.0
61274.118,-112.0,1.0,0.0,0.0,0.0,0.0,0.0,0.0,3.0,0.0,0.0,0.0,0.0,0.0
61284.118,-112.0,4.0,0.0,0.0,0.0,0.0,0.0,0.0,4.0,0.0,0.0,0.0,0.0,0.0
61294.119,-112.0,0.0,0.0,0.0,0.0,0.0,0.0,0.0,0.0,0.0,0.0,0.0,0.0,0.0
61304.118,-112.0,2.0,0.0,0.0,0.0,0.0,0.0,0.0,2.0,0.0,0.0,0.0,0.0,0.0
61314.118,-112.0,2.0,0.0,0.0,0.0,0.0,0.0,0.0,3.0,0.0,0.0,0.0,0.0,0.0
61324.118,-112.0,2.0,0.0,0.0,0.0,0.0,0.0,0.0,3.0,0.0,0.0,0.0,0.0,0.0
61334.118,-112.0,4.0,0.0,0.0,0.0,0.0,0.0,0.0,1.0,0.0,0.0,0.0,0.0,0.0
61344.118,-112.0,1.0,0.0,0.0,0.0,0.0,0.0,0.0,1.0,0.0,0.0,0.0,0.0,0.0
61354.118,-112.0,1.0,0.0,0.0,0.0,0.0,0.0,0.0,2.0,0.0,0.0,0.0,0.0,0.0
61364.118,-112.0,3.0,0.0,0.0,0.0,0.0,0.0,0.0,0.0,0.0,0.0,0.0,0.0,0.0
61374.119,-112.0,1.0,0.0,0.0,0.0,0.0,0.0,0.0,-1.0,0.0,0.0,0.0,0.0,0.0
61384.118,-112.0,0.0,0.0,0.0,0.0,0.0,0.0,0.0,3.0,0.0,0.0,0.0,0.0,0.0
61394.118,-112.0,0.0,0.0,0.0,0.0,0.0,0.0,0.0,3.0,0.0,0.0,0.0,0.0,0.0
61404.118,-112.0,1.0,0.0,0.0,0.0,0.0,0.0,0.0,1.0,0.0,0.0,0.0,0.0,0.0
61414.118,-112.0,3.0,0.0,0.0,0.0,0.0,0.0,0.0,1.0,0.0,0.0,0.0,0.0,0.0
61424.118,-112.0,1.0,0.0,0.0,0.0,0.0,0.0,0.0,3.0,0.0,0.0,0.0,0.0,0.0
61434.118,-112.0,2.0,0.0,0.0,0.0,0.0,0.0,0.0,2.0,0.0,0.0,0.0,0.0,0.0
61444.118,-112.0,0.0,0.0,0.0,0.0,0.0,0.0,0.0,3.0,0.0,0.0,0.0,0.0,0.0
61454.119,-112.0,0.0,0.0,0.0,0.0,0.0,0.0,0.0,2.0,0.0,0.0,0.0,0.0,0.0
61464.118,-112.0,1.0,0.0,0.0,0.0,0.0,0.0,0.0,2.0,0.0,0.0,0.0,0.0,0.0
61474.119,-112.0,1.0,0.0,0.0,0.0,0.0,0.0,0.0,0.0,0.0,0.0,0.0,0.0,0.0
61484.118,-112.0,2.0,0.0,0.0,0.0,0.0,0.0,0.0,4.0,0.0,0.0,0.0,0.0,0.0
61494.118,-112.0,0.0,0.0,0.0,0.0,0.0,0.0,0.0,0.0,0.0,0.0,0.0,0.0,0.0
61504.118,-112.0,-1.0,0.0,0.0,0.0,0.0,0.0,0.0,1.0,0.0,0.0,0.0,0.0,0.0
61514.118,-112.0,2.0,0.0,0.0,0.0,0.0,0.0,0.0,0.0,0.0,0.0,0.0,0.0,0.0
61524.119,-112.0,0.0,0.0,0.0,0.0,0.0,0.0,0.0,0.0,0.0,0.0,0.0,0.0,0.0
61534.118,-112.0,2.0,0.0,0.0,0.0,0.0,0.0,0.0,2.0,0.0,0.0,0.0,0.0,0.0
61544.119,-112.0,0.0,0.0,0.0,0.0,0.0,0.0,0.0,3.0,0.0,0.0,0.0,0.0,0.0
61554.118,-112.0,2.0,0.0,0.0,0.0,0.0,0.0,0.0,3.0,0.0,0.0,0.0,0.0,0.0
61564.118,-112.0,1.0,0.0,0.0,0.0,0.0,0.0,0.0,2.0,0.0,0.0,0.0,0.0,0.0
61574.118,-112.0,2.0,0.0,0.0,0.0,0.0,0.0,0.0,3.0,0.0,0.0,0.0,0.0,0.0
61584.118,-112.0,1.0,0.0,0.0,0.0,0.0,0.0,0.0,0.0,0.0,0.0,0.0,0.0,0.0
61594.118,-112.0,2.0,0.0,0.0,0.0,0.0,0.0,0.0,4.0,0.0,0.0,0.0,0.0,0.0
61604.118,-112.0,0.0,0.0,0.0,0.0,0.0,0.0,0.0,4.0,0.0,0.0,0.0,0.0,0.0
61614.119,-112.0,1.0,0.0,0.0,0.0,0.0,0.0,0.0,0.0,0.0,0.0,0.0,0.0,0.0
61624.118,-112.0,1.0,0.0,0.0,0.0,0.0,0.0,0.0,3.0,0.0,0.0,0.0,0.0,0.0
61634.118,-112.0,1.0,0.0,0.0,0.0,0.0,0.0,0.0,5.0,0.0,0.0,0.0,0.0,0.0
61644.118,-112.0,3.0,0.0,0.0,0.0,0.0,0.0,0.0,2.0,0.0,0.0,0.0,0.0,0.0
61654.118,-112.0,0.0,0.0,0.0,0.0,0.0,0.0,0.0,3.0,0.0,0.0,0.0,0.0,0.0
61664.118,-112.0,3.0,0.0,0.0,0.0,0.0,0.0,0.0,0.0,0.0,0.0,0.0,0.0,0.0
61674.118,-112.0,1.0,0.0,0.0,0.0,0.0,0.0,0.0,5.0,0.0,0.0,0.0,0.0,0.0
61684.118,-112.0,2.0,0.0,0.0,0.0,0.0,0.0,0.0,0.0,0.0,0.0,0.0,0.0,0.0
61694.119,-112.0,1.0,0.0,0.0,0.0,0.0,0.0,0.0,5.0,0.0,0.0,0.0,0.0,0.0
61704.118,-112.0,0.0,0.0,0.0,0.0,0.0,0.0,0.0,0.0,0.0,0.0,0.0,0.0,0.0
61714.118,-112.0,0.0,0.0,0.0,0.0,0.0,0.0,0.0,4.0,0.0,0.0,0.0,0.0,0.0
61724.118,-112.0,1.0,0.0,0.0,0.0,0.0,0.0,0.0,-1.0,0.0,0.0,0.0,0.0,0.0
61734.118,-112.0,1.0,0.0,0.0,0.0,0.0,0.0,0.0,-2.0,0.0,0.0,0.0,0.0,0.0
61744.118,-112.0,3.0,0.0,0.0,0.0,0.0,0.0,0.0,2.0,0.0,0.0,0.0,0.0,0.0
61754.118,-112.0,2.0,0.0,0.0,0.0,0.0,0.0,0.0,3.0,0.0,0.0,0.0,0.0,0.0
61764.118,-112.0,1.0,0.0,0.0,0.0,0.0,0.0,0.0,2.0,0.0,0.0,0.0,0.0,0.0
61774.119,-112.0,1.0,0.0,0.0,0.0,0.0,0.0,0.0,2.0,0.0,0.0,0.0,0.0,0.0
61784.118,-112.0,6.0,0.0,0.0,0.0,0.0,0.0,0.0,2.0,0.0,0.0,0.0,0.0,0.0
61794.119,-112.0,2.0,0.0,0.0,0.0,0.0,0.0,0.0,1.0,0.0,0.0,0.0,0.0,0.0
61804.118,-112.0,3.0,0.0,0.0,0.0,0.0,0.0,0.0,0.0,0.0,0.0,0.0,0.0,0.0
61814.118,-112.0,2.0,0.0,0.0,0.0,0.0,0.0,0.0,-3.0,0.0,0.0,0.0,0.0,0.0
61824.118,-112.0,3.0,0.0,0.0,0.0,0.0,0.0,0.0,3.0,0.0,0.0,0.0,0.0,0.0
61834.118,-112.0,3.0,0.0,0.0,0.0,0.0,0.0,0.0,0.0,0.0,0.0,0.0,0.0,0.0
61844.119,-112.0,0.0,0.0,0.0,0.0,0.0,0.0,0.0,0.0,0.0,0.0,0.0,0.0,0.0
61854.118,-112.0,2.0,0.0,0.0,0.0,0.0,0.0,0.0,3.0,0.0,0.0,0.0,0.0,0.0
61864.119,-112.0,1.0,0.0,0.0,0.0,0.0,0.0,0.0,2.0,0.0,0.0,0.0,0.0,0.0
61874.118,-112.0,1.0,0.0,0.0,0.0,0.0,0.0,0.0,5.0,0.0,0.0,0.0,0.0,0.0
61884.118,-112.0,-1.0,0.0,0.0,0.0,0.0,0.0,0.0,1.0,0.0,0.0,0.0,0.0,0.0
61894.118,-112.0,0.0,0.0,0.0,0.0,0.0,0.0,0.0,0.0,0.0,0.0,0.0,0.0,0.0
61904.118,-112.0,3.0,0.0,0.0,0.0,0.0,0.0,0.0,2.0,0.0,0.0,0.0,0.0,0.0
61914.118,-112.0,0.0,0.0,0.0,0.0,0.0,0.0,0.0,2.0,0.0,0.0,0.0,0.0,0.0
61924.118,-112.0,2.0,0.0,0.0,0.0,0.0,0.0,0.0,2.0,0.0,0.0,0.0,0.0,0.0
61934.119,-112.0,0.0,0.0,0.0,0.0,0.0,0.0,0.0,3.0,0.0,0.0,0.0,0.0,0.0
61944.118,-112.0,4.0,0.0,0.0,0.0,0.0,0.0,0.0,0.0,0.0,0.0,0.0,0.0,0.0
61954.118,-112.0,0.0,0.0,0.0,0.0,0.0,0.0,0.0,0.0,0.0,0.0,0.0,0.0,0.0
61964.118,-112.0,0.0,0.0,0.0,0.0,0.0,0.0,0.0,4.0,0.0,0.0,0.0,0.0,0.0
61974.118,-112.0,2.0,0.0,0.0,0.0,0.0,0.0,0.0,1.0,0.0,0.0,0.0,0.0,0.0
61984.118,-112.0,3.0,0.0,0.0,0.0,0.0,0.0,0.0,2.0,0.0,0.0,0.0,0.0,0.0
61994.118,-112.0,2.0,0.0,0.0,0.0,0.0,0.0,0.0,4.0,0.0,0.0,0.0,0.0,0.0
62004.118,-112.0,0.0,0.0,0.0,0.0,0.0,0.0,0.0,1.0,0.0,0.0,0.0,0.0,0.0
62014.119,-112.0,-1.0,0.0,0.0,0.0,0.0,0.0,0.0,3.0,0.0,0.0,0.0,0.0,0.0
62024.118,-112.0,0.0,0.0,0.0,0.0,0.0,0.0,0.0,2.0,0.0,0.0,0.0,0.0,0.0
62034.118,-112.0,0.0,0.0,0.0,0.0,0.0,0.0,0.0,3.0,0.0,0.0,0.0,0.0,0.0
62044.118,-112.0,-2.0,0.0,0.0,0.0,0.0,0.0,0.0,1.0,0.0,0.0,0.0,0.0,0.0
62054.118,-112.0,0.0,0.0,0.0,0.0,0.0,0.0,0.0,3.0,0.0,0.0,0.0,0.0,0.0
62064.118,-112.0,2.0,0.0,0.0,0.0,0.0,0.0,0.0,4.0,0.0,0.0,0.0,0.0,0.0
62074.118,-112.0,2.0,0.0,0.0,0.0,0.0,0.0,0.0,4.0,0.0,0.0,0.0,0.0,0.0
62084.118,-112.0,2.0,0.0,0.0,0.0,0.0,0.0,0.0,3.0,0.0,0.0,0.0,0.0,0.0
62094.119,-112.0,2.0,0.0,0.0,0.0,0.0,0.0,0.0,0.0,0.0,0.0,0.0,0.0,0.0
62104.118,-112.0,1.0,0.0,0.0,0.0,0.0,0.0,0.0,3.0,0.0,0.0,0.0,0.0,0.0
62114.119,-112.0,-2.0,0.0,0.0,0.0,0.0,0.0,0.0,4.0,0.0,0.0,0.0,0.0,0.0
62124.118,-112.0,2.0,0.0,0.0,0.0,0.0,0.0,0.0,1.0,0.0,0.0,0.0,0.0,0.0
62134.118,-112.0,-1.0,0.0,0.0,0.0,0.0,0.0,0.0,0.0,0.0,0.0,0.0,0.0,0.0
62144.118,-112.0,2.0,0.0,0.0,0.0,0.0,0.0,0.0,2.0,0.0,0.0,0.0,0.0,0.0
62154.118,-112.0,3.0,0.0,0.0,0.0,0.0,0.0,0.0,1.0,0.0,0.0,0.0,0.0,0.0
62164.119,-112.0,-1.0,0.0,0.0,0.0,0.0,0.0,0.0,-1.0,0.0,0.0,0.0,0.0,0.0
62174.118,-112.0,1.0,0.0,0.0,0.0,0.0,0.0,0.0,3.0,0.0,0.0,0.0,0.0,0.0
62184.119,-112.0,2.0,0.0,0.0,0.0,0.0,0.0,0.0,0.0,0.0,0.0,0.0,0.0,0.0
62194.118,-112.0,2.0,0.0,0.0,0.0,0.0,0.0,0.0,3.0,0.0,0.0,0.0,0.0,0.0
62204.118,-112.0,0.0,0.0,0.0,0.0,0.0,0.0,0.0,3.0,0.0,0.0,0.0,0.0,0.0
62214.118,-112.0,0.0,0.0,0.0,0.0,0.0,0.0,0.0,4.0,0.0,0.0,0.0,0.0,0.0
62224.118,-112.0,0.0,0.0,0.0,0.0,0.0,0.0,0.0,0.0,0.0,0.0,0.0,0.0,0.0
62234.118,-112.0,1.0,0.0,0.0,0.0,0.0,0.0,0.0,3.0,0.0,0.0,0.0,0.0,0.0
62244.118,-112.0,2.0,0.0,0.0,0.0,0.0,0.0,0.0,3.0,0.0,0.0,0.0,0.0,0.0
62254.119,-112.0,0.0,0.0,0.0,0.0,0.0,0.0,0.0,-2.0,0.0,0.0,0.0,0.0,0.0
62264.118,-112.0,1.0,0.0,0.0,0.0,0.0,0.0,0.0,1.0,0.0,0.0,0.0,0.0,0.0
62274.118,-112.0,3.0,0.0,0.0,0.0,0.0,0.0,0.0,3.0,0.0,0.0,0.0,0.0,0.0
62284.118,-112.0,0.0,0.0,0.0,0.0,0.0,0.0,0.0,3.0,0.0,0.0,0.0,0.0,0.0
62294.118,-112.0,-1.0,0.0,0.0,0.0,0.0,0.0,0.0,-1.0,0.0,0.0,0.0,0.0,0.0
62304.118,-112.0,4.0,0.0,0.0,0.0,0.0,0.0,0.0,0.0,0.0,0.0,0.0,0.0,0.0
62314.118,-112.0,0.0,0.0,0.0,0.0,0.0,0.0,0.0,1.0,0.0,0.0,0.0,0.0,0.0
62324.118,-112.0,2.0,0.0,0.0,0.0,0.0,0.0,0.0,4.0,0.0,0.0,0.0,0.0,0.0
62334.119,-112.0,-2.0,0.0,0.0,0.0,0.0,0.0,0.0,2.0,0.0,0.0,0.0,0.0,0.0
62344.118,-112.0,1.0,0.0,0.0,0.0,0.0,0.0,0.0,-3.0,0.0,0.0,0.0,0.0,0.0
62354.118,-112.0,3.0,0.0,0.0,0.0,0.0,0.0,0.0,3.0,0.0,0.0,0.0,0.0,0.0
62364.118,-112.0,2.0,0.0,0.0,0.0,0.0,0.0,0.0,1.0,0.0,0.0,0.0,0.0,0.0
62374.118,-112.0,1.0,0.0,0.0,0.0,0.0,0.0,0.0,2.0,0.0,0.0,0.0,0.0,0.0
62384.118,-112.0,0.0,0.0,0.0,0.0,0.0,0.0,0.0,3.0,0.0,0.0,0.0,0.0,0.0
62394.118,-112.0,1.0,0.0,0.0,0.0,0.0,0.0,0.0,1.0,0.0,0.0,0.0,0.0,0.0
62404.118,-112.0,4.0,0.0,0.0,0.0,0.0,0.0,0.0,3.0,0.0,0.0,0.0,0.0,0.0
62414.119,-112.0,-1.0,0.0,0.0,0.0,0.0,0.0,0.0,0.0,0.0,0.0,0.0,0.0,0.0
62424.118,-112.0,2.0,0.0,0.0,0.0,0.0,0.0,0.0,1.0,0.0,0.0,0.0,0.0,0.0
62434.119,-112.0,1.0,0.0,0.0,0.0,0.0,0.0,0.0,0.0,0.0,0.0,0.0,0.0,0.0
62444.118,-112.0,0.0,0.0,0.0,0.0,0.0,0.0,0.0,3.0,0.0,0.0,0.0,0.0,0.0
62454.118,-112.0,2.0,0.0,0.0,0.0,0.0,0.0,0.0,-1.0,0.0,0.0,0.0,0.0,0.0
62464.118,-112.0,0.0,0.0,0.0,0.0,0.0,0.0,0.0,0.0,0.0,0.0,0.0,0.0,0.0
62474.118,-112.0,1.0,0.0,0.0,0.0,0.0,0.0,0.0,3.0,0.0,0.0,0.0,0.0,0.0
62484.119,-112.0,1.0,0.0,0.0,0.0,0.0,0.0,0.0,2.0,0.0,0.0,0.0,0.0,0.0
62494.118,-112.0,0.0,0.0,0.0,0.0,0.0,0.0,0.0,-2.0,0.0,0.0,0.0,0.0,0.0
62504.119,-112.0,1.0,0.0,0.0,0.0,0.0,0.0,0.0,3.0,0.0,0.0,0.0,0.0,0.0
62514.118,-112.0,2.0,0.0,0.0,0.0,0.0,0.0,0.0,0.0,0.0,0.0,0.0,0.0,0.0
62524.118,-112.0,2.0,0.0,0.0,0.0,0.0,0.0,0.0,1.0,0.0,0.0,0.0,0.0,0.0
62534.118,-112.0,3.0,0.0,0.0,0.0,0.0,0.0,0.0,3.0,0.0,0.0,0.0,0.0,0.0
62544.118,-112.0,0.0,0.0,0.0,0.0,0.0,0.0,0.0,1.0,0.0,0.0,0.0,0.0,0.0
62554.118,-112.0,2.0,0.0,0.0,0.0,0.0,0.0,0.0,0.0,0.0,0.0,0.0,0.0,0.0
62564.118,-112.0,3.0,0.0,0.0,0.0,0.0,0.0,0.0,1.0,0.0,0.0,0.0,0.0,0.0
62574.119,-112.0,1.0,0.0,0.0,0.0,0.0,0.0,0.0,2.0,0.0,0.0,0.0,0.0,0.0
62584.118,-112.0,-1.0,0.0,0.0,0.0,0.0,0.0,0.0,1.0,0.0,0.0,0.0,0.0,0.0
62594.118,-112.0,2.0,0.0,0.0,0.0,0.0,0.0,0.0,1.0,0.0,0.0,0.0,0.0,0.0
62604.118,-112.0,2.0,0.0,0.0,0.0,0.0,0.0,0.0,3.0,0.0,0.0,0.0,0.0,0.0
62614.118,-112.0,0.0,0.0,0.0,0.0,0.0,0.0,0.0,6.0,0.0,0.0,0.0,0.0,0.0
62624.118,-112.0,3.0,0.0,0.0,0.0,0.0,0.0,0.0,0.0,0.0,0.0,0.0,0.0,0.0
62634.118,-112.0,2.0,0.0,0.0,0.0,0.0,0.0,0.0,4.0,0.0,0.0,0.0,0.0,0.0
62644.118,-112.0,1.0,0.0,0.0,0.0,0.0,0.0,0.0,0.0,0.0,0.0,0.0,0.0,0.0
62654.119,-112.0,0.0,0.0,0.0,0.0,0.0,0.0,0.0,0.0,0.0,0.0,0.0,0.0,0.0
62664.118,-112.0,1.0,0.0,0.0,0.0,0.0,0.0,0.0,1.0,0.0,0.0,0.0,0.0,0.0
62674.118,-112.0,1.0,0.0,0.0,0.0,0.0,0.0,0.0,4.0,0.0,0.0,0.0,0.0,0.0
62684.118,-112.0,1.0,0.0,0.0,0.0,0.0,0.0,0.0,1.0,0.0,0.0,0.0,0.0,0.0
62694.118,-112.0,1.0,0.0,0.0,0.0,0.0,0.0,0.0,0.0,0.0,0.0,0.0,0.0,0.0
62704.118,-112.0,1.0,0.0,0.0,0.0,0.0,0.0,0.0,3.0,0.0,0.0,0.0,0.0,0.0
62714.118,-112.0,-1.0,0.0,0.0,0.0,0.0,0.0,0.0,-1.0,0.0,0.0,0.0,0.0,0.0
62724.118,-112.0,2.0,0.0,0.0,0.0,0.0,0.0,0.0,2.0,0.0,0.0,0.0,0.0,0.0
62734.119,-112.0,2.0,0.0,0.0,0.0,0.0,0.0,0.0,1.0,0.0,0.0,0.0,0.0,0.0
62744.118,-112.0,1.0,0.0,0.0,0.0,0.0,0.0,0.0,3.0,0.0,0.0,0.0,0.0,0.0
62754.119,-112.0,1.0,0.0,0.0,0.0,0.0,0.0,0.0,3.0,0.0,0.0,0.0,0.0,0.0
62764.118,-112.0,4.0,0.0,0.0,0.0,0.0,0.0,0.0,-1.0,0.0,0.0,0.0,0.0,0.0
62774.118,-112.0,1.0,0.0,0.0,0.0,0.0,0.0,0.0,1.0,0.0,0.0,0.0,0.0,0.0
62784.118,-112.0,3.0,0.0,0.0,0.0,0.0,0.0,0.0,2.0,0.0,0.0,0.0,0.0,0.0
62794.118,-112.0,1.0,0.0,0.0,0.0,0.0,0.0,0.0,3.0,0.0,0.0,0.0,0.0,0.0
62804.119,-112.0,3.0,0.0,0.0,0.0,0.0,0.0,0.0,3.0,0.0,0.0,0.0,0.0,0.0
62814.118,-112.0,0.0,0.0,0.0,0.0,0.0,0.0,0.0,2.0,0.0,0.0,0.0,0.0,0.0
62824.119,-112.0,0.0,0.0,0.0,0.0,0.0,0.0,0.0,3.0,0.0,0.0,0.0,0.0,0.0
62834.118,-112.0,2.0,0.0,0.0,0.0,0.0,0.0,0.0,0.0,0.0,0.0,0.0,0.0,0.0
62844.118,-112.0,0.0,0.0,0.0,0.0,0.0,0.0,0.0,1.0,0.0,0.0,0.0,0.0,0.0
62854.118,-112.0,-1.0,0.0,0.0,0.0,0.0,0.0,0.0,1.0,0.0,0.0,0.0,0.0,0.0
62864.118,-112.0,0.0,0.0,0.0,0.0,0.0,0.0,0.0,3.0,0.0,0.0,0.0,0.0,0.0
62874.118,-112.0,2.0,0.0,0.0,0.0,0.0,0.0,0.0,3.0,0.0,0.0,0.0,0.0,0.0
62884.118,-112.0,0.0,0.0,0.0,0.0,0.0,0.0,0.0,3.0,0.0,0.0,0.0,0.0,0.0
62894.119,-112.0,2.0,0.0,0.0,0.0,0.0,0.0,0.0,3.0,0.0,0.0,0.0,0.0,0.0
62904.118,-112.0,-2.0,0.0,0.0,0.0,0.0,0.0,0.0,3.0,0.0,0.0,0.0,0.0,0.0
62914.118,-112.0,3.0,0.0,0.0,0.0,0.0,0.0,0.0,2.0,0.0,0.0,0.0,0.0,0.0
62924.118,-112.0,0.0,0.0,0.0,0.0,0.0,0.0,0.0,0.0,0.0,0.0,0.0,0.0,0.0
62934.118,-112.0,0.0,0.0,0.0,0.0,0.0,0.0,0.0,1.0,0.0,0.0,0.0,0.0,0.0
62944.118,-112.0,2.0,0.0,0.0,0.0,0.0,0.0,0.0,5.0,0.0,0.0,0.0,0.0,0.0
62954.118,-112.0,1.0,0.0,0.0,0.0,0.0,0.0,0.0,-2.0,0.0,0.0,0.0,0.0,0.0
62964.118,-112.0,3.0,0.0,0.0,0.0,0.0,0.0,0.0,2.0,0.0,0.0,0.0,0.0,0.0
62974.119,-112.0,4.0,0.0,0.0,0.0,0.0,0.0,0.0,1.0,0.0,0.0,0.0,0.0,0.0
62984.118,-112.0,2.0,0.0,0.0,0.0,0.0,0.0,0.0,0.0,0.0,0.0,0.0,0.0,0.0
62994.118,-112.0,2.0,0.0,0.0,0.0,0.0,0.0,0.0,3.0,0.0,0.0,0.0,0.0,0.0
63004.118,-112.0,0.0,0.0,0.0,0.0,0.0,0.0,0.0,2.0,0.0,0.0,0.0,0.0,0.0
63014.118,-112.0,1.0,0.0,0.0,0.0,0.0,0.0,0.0,1.0,0.0,0.0,0.0,0.0,0.0
63024.118,-112.0,1.0,0.0,0.0,0.0,0.0,0.0,0.0,3.0,0.0,0.0,0.0,0.0,0.0
63034.118,-112.0,0.0,0.0,0.0,0.0,0.0,0.0,0.0,1.0,0.0,0.0,0.0,0.0,0.0
63044.118,-112.0,3.0,0.0,0.0,0.0,0.0,0.0,0.0,4.0,0.0,0.0,0.0,0.0,0.0
63054.119,-112.0,3.0,0.0,0.0,0.0,0.0,0.0,0.0,1.0,0.0,0.0,0.0,0.0,0.0
63064.118,-112.0,-1.0,0.0,0.0,0.0,0.0,0.0,0.0,1.0,0.0,0.0,0.0,0.0,0.0
63074.119,-112.0,1.0,0.0,0.0,0.0,0.0,0.0,0.0,0.0,0.0,0.0,0.0,0.0,0.0
63084.118,-112.0,0.0,0.0,0.0,0.0,0.0,0.0,0.0,0.0,0.0,0.0,0.0,0.0,0.0
63094.118,-112.0,0.0,0.0,0.0,0.0,0.0,0.0,0.0,1.0,0.0,0.0,0.0,0.0,0.0
63104.118,-112.0,3.0,0.0,0.0,0.0,0.0,0.0,0.0,4.0,0.0,0.0,0.0,0.0,0.0
63114.118,-112.0,2.0,0.0,0.0,0.0,0.0,0.0,0.0,3.0,0.0,0.0,0.0,0.0,0.0
63124.119,-112.0,3.0,0.0,0.0,0.0,0.0,0.0,0.0,3.0,0.0,0.0,0.0,0.0,0.0
63134.118,-112.0,1.0,0.0,0.0,0.0,0.0,0.0,0.0,-1.0,0.0,0.0,0.0,0.0,0.0
63144.119,-112.0,0.0,0.0,0.0,0.0,0.0,0.0,0.0,-1.0,0.0,0.0,0.0,0.0,0.0
63154.118,-112.0,2.0,0.0,0.0,0.0,0.0,0.0,0.0,1.0,0.0,0.0,0.0,0.0,0.0
63164.118,-112.0,-2.0,0.0,0.0,0.0,0.0,0.0,0.0,3.0,0.0,0.0,0.0,0.0,0.0
63174.118,-112.0,0.0,0.0,0.0,0.0,0.0,0.0,0.0,2.0,0.0,0.0,0.0,0.0,0.0
63184.118,-112.0,3.0,0.0,0.0,0.0,0.0,0.0,0.0,0.0,0.0,0.0,0.0,0.0,0.0
63194.118,-112.0,4.0,0.0,0.0,0.0,0.0,0.0,0.0,-1.0,0.0,0.0,0.0,0.0,0.0
63204.118,-112.0,1.0,0.0,0.0,0.0,0.0,0.0,0.0,2.0,0.0,0.0,0.0,0.0,0.0
63214.119,-112.0,3.0,0.0,0.0,0.0,0.0,0.0,0.0,1.0,0.0,0.0,0.0,0.0,0.0
63224.118,-112.0,0.0,0.0,0.0,0.0,0.0,0.0,0.0,1.0,0.0,0.0,0.0,0.0,0.0
63234.118,-112.0,0.0,0.0,0.0,0.0,0.0,0.0,0.0,3.0,0.0,0.0,0.0,0.0,0.0
63244.118,-112.0,1.0,0.0,0.0,0.0,0.0,0.0,0.0,2.0,0.0,0.0,0.0,0.0,0.0
63254.118,-112.0,0.0,0.0,0.0,0.0,0.0,0.0,0.0,3.0,0.0,0.0,0.0,0.0,0.0
63264.118,-112.0,2.0,0.0,0.0,0.0,0.0,0.0,0.0,1.0,0.0,0.0,0.0,0.0,0.0
63274.118,-112.0,1.0,0.0,0.0,0.0,0.0,0.0,0.0,3.0,0.0,0.0,0.0,0.0,0.0
63284.118,-112.0,0.0,0.0,0.0,0.0,0.0,0.0,0.0,1.0,0.0,0.0,0.0,0.0,0.0
63294.119,-112.0,0.0,0.0,0.0,0.0,0.0,0.0,0.0,3.0,0.0,0.0,0.0,0.0,0.0
63304.118,-112.0,1.0,0.0,0.0,0.0,0.0,0.0,0.0,4.0,0.0,0.0,0.0,0.0,0.0
63314.118,-112.0,3.0,0.0,0.0,0.0,0.0,0.0,0.0,1.0,0.0,0.0,0.0,0.0,0.0
63324.118,-112.0,1.0,0.0,0.0,0.0,0.0,0.0,0.0,2.0,0.0,0.0,0.0,0.0,0.0
63334.118,-112.0,-1.0,0.0,0.0,0.0,0.0,0.0,0.0,-1.0,0.0,0.0,0.0,0.0,0.0
63344.118,-112.0,-1.0,0.0,0.0,0.0,0.0,0.0,0.0,1.0,0.0,0.0,0.0,0.0,0.0
63354.118,-112.0,1.0,0.0,0.0,0.0,0.0,0.0,0.0,2.0,0.0,0.0,0.0,0.0,0.0
63364.118,-112.0,2.0,0.0,0.0,0.0,0.0,0.0,0.0,1.0,0.0,0.0,0.0,0.0,0.0
63374.119,-112.0,0.0,0.0,0.0,0.0,0.0,0.0,0.0,1.0,0.0,0.0,0.0,0.0,0.0
63384.118,-112.0,2.0,0.0,0.0,0.0,0.0,0.0,0.0,1.0,0.0,0.0,0.0,0.0,0.0
63394.119,-112.0,1.0,0.0,0.0,0.0,0.0,0.0,0.0,3.0,0.0,0.0,0.0,0.0,0.0
63404.118,-112.0,0.0,0.0,0.0,0.0,0.0,0.0,0.0,2.0,0.0,0.0,0.0,0.0,0.0
63414.118,-112.0,0.0,0.0,0.0,0.0,0.0,0.0,0.0,2.0,0.0,0.0,0.0,0.0,0.0
63424.118,-112.0,3.0,0.0,0.0,0.0,0.0,0.0,0.0,3.0,0.0,0.0,0.0,0.0,0.0
63434.118,-112.0,2.0,0.0,0.0,0.0,0.0,0.0,0.0,3.0,0.0,0.0,0.0,0.0,0.0
63444.119,-112.0,0.0,0.0,0.0,0.0,0.0,0.0,0.0,3.0,0.0,0.0,0.0,0.0,0.0
63454.118,-112.0,0.0,0.0,0.0,0.0,0.0,0.0,0.0,-1.0,0.0,0.0,0.0,0.0,0.0
63464.119,-112.0,3.0,0.0,0.0,0.0,0.0,0.0,0.0,3.0,0.0,0.0,0.0,0.0,0.0
63474.118,-112.0,-1.0,0.0,0.0,0.0,0.0,0.0,0.0,0.0,0.0,0.0,0.0,0.0,0.0
63484.118,-112.0,1.0,0.0,0.0,0.0,0.0,0.0,0.0,2.0,0.0,0.0,0.0,0.0,0.0
63494.118,-112.0,0.0,0.0,0.0,0.0,0.0,0.0,0.0,-1.0,0.0,0.0,0.0,0.0,0.0
63504.118,-112.0,0.0,0.0,0.0,0.0,0.0,0.0,0.0,0.0,0.0,0.0,0.0,0.0,0.0
63514.118,-112.0,1.0,0.0,0.0,0.0,0.0,0.0,0.0,2.0,0.0,0.0,0.0,0.0,0.0
63524.118,-112.0,0.0,0.0,0.0,0.0,0.0,0.0,0.0,-1.0,0.0,0.0,0.0,0.0,0.0
63534.118,-112.0,0.0,0.0,0.0,0.0,0.0,0.0,0.0,0.0,0.0,0.0,0.0,0.0,0.0
63544.119,-112.0,2.0,0.0,0.0,0.0,0.0,0.0,0.0,1.0,0.0,0.0,0.0,0.0,0.0
63554.118,-112.0,0.0,0.0,0.0,0.0,0.0,0.0,0.0,0.0,0.0,0.0,0.0,0.0,0.0
63564.118,-112.0,1.0,0.0,0.0,0.0,0.0,0.0,0.0,2.0,0.0,0.0,0.0,0.0,0.0
63574.118,-112.0,0.0,0.0,0.0,0.0,0.0,0.0,0.0,3.0,0.0,0.0,0.0,0.0,0.0
63584.118,-112.0,4.0,0.0,0.0,0.0,0.0,0.0,0.0,3.0,0.0,0.0,0.0,0.0,0.0
63594.118,-112.0,3.0,0.0,0.0,0.0,0.0,0.0,0.0,3.0,0.0,0.0,0.0,0.0,0.0
63604.118,-112.0,2.0,0.0,0.0,0.0,0.0,0.0,0.0,1.0,0.0,0.0,0.0,0.0,0.0
63614.118,-112.0,3.0,0.0,0.0,0.0,0.0,0.0,0.0,2.0,0.0,0.0,0.0,0.0,0.0
63624.119,-112.0,2.0,0.0,0.0,0.0,0.0,0.0,0.0,3.0,0.0,0.0,0.0,0.0,0.0
63634.118,-112.0,1.0,0.0,0.0,0.0,0.0,0.0,0.0,5.0,0.0,0.0,0.0,0.0,0.0
63644.118,-112.0,0.0,0.0,0.0,0.0,0.0,0.0,0.0,1.0,0.0,0.0,0.0,0.0,0.0
63654.118,-112.0,5.0,0.0,0.0,0.0,0.0,0.0,0.0,0.0,0.0,0.0,0.0,0.0,0.0
63664.118,-112.0,0.0,0.0,0.0,0.0,0.0,0.0,0.0,2.0,0.0,0.0,0.0,0.0,0.0
63674.118,-112.0,1.0,0.0,0.0,0.0,0.0,0.0,0.0,3.0,0.0,0.0,0.0,0.0,0.0
63684.118,-112.0,0.0,0.0,0.0,0.0,0.0,0.0,0.0,4.0,0.0,0.0,0.0,0.0,0.0
63694.118,-112.0,3.0,0.0,0.0,0.0,0.0,0.0,0.0,2.0,0.0,0.0,0.0,0.0,0.0
63704.119,-112.0,3.0,0.0,0.0,0.0,0.0,0.0,0.0,1.0,0.0,0.0,0.0,0.0,0.0
63714.118,-112.0,0.0,0.0,0.0,0.0,0.0,0.0,0.0,1.0,0.0,0.0,0.0,0.0,0.0
63724.118,-112.0,2.0,0.0,0.0,0.0,0.0,0.0,0.0,0.0,0.0,0.0,0.0,0.0,0.0
63734.118,-112.0,2.0,0.0,0.0,0.0,0.0,0.0,0.0,4.0,0.0,0.0,0.0,0.0,0.0
63744.118,-112.0,0.0,0.0,0.0,0.0,0.0,0.0,0.0,0.0,0.0,0.0,0.0,0.0,0.0
63754.118,-112.0,0.0,0.0,0.0,0.0,0.0,0.0,0.0,3.0,0.0,0.0,0.0,0.0,0.0
63764.118,-112.0,0.0,0.0,0.0,0.0,0.0,0.0,0.0,1.0,0.0,0.0,0.0,0.0,0.0
63774.119,-112.0,-1.0,0.0,0.0,0.0,0.0,0.0,0.0,1.0,0.0,0.0,0.0,0.0,0.0
63784.119,-112.0,2.0,0.0,0.0,0.0,0.0,0.0,0.0,2.0,0.0,0.0,0.0,0.0,0.0
63794.118,-112.0,2.0,0.0,0.0,0.0,0.0,0.0,0.0,1.0,0.0,0.0,0.0,0.0,0.0
63804.118,-112.0,5.0,0.0,0.0,0.0,0.0,0.0,0.0,-1.0,0.0,0.0,0.0,0.0,0.0
63814.118,-112.0,1.0,0.0,0.0,0.0,0.0,0.0,0.0,4.0,0.0,0.0,0.0,0.0,0.0
63824.118,-112.0,-1.0,0.0,0.0,0.0,0.0,0.0,0.0,3.0,0.0,0.0,0.0,0.0,0.0
63834.118,-112.0,5.0,0.0,0.0,0.0,0.0,0.0,0.0,1.0,0.0,0.0,0.0,0.0,0.0
63844.118,-112.0,1.0,0.0,0.0,0.0,0.0,0.0,0.0,3.0,0.0,0.0,0.0,0.0,0.0
63854.119,-112.0,0.0,0.0,0.0,0.0,0.0,0.0,0.0,5.0,0.0,0.0,0.0,0.0,0.0
63864.118,-112.0,-3.0,0.0,0.0,0.0,0.0,0.0,0.0,1.0,0.0,0.0,0.0,0.0,0.0
63874.118,-112.0,3.0,0.0,0.0,0.0,0.0,0.0,0.0,2.0,0.0,0.0,0.0,0.0,0.0
63884.118,-112.0,1.0,0.0,0.0,0.0,0.0,0.0,0.0,3.0,0.0,0.0,0.0,0.0,0.0
63894.118,-112.0,-1.0,0.0,0.0,0.0,0.0,0.0,0.0,4.0,0.0,0.0,0.0,0.0,0.0
63904.118,-112.0,1.0,0.0,0.0,0.0,0.0,0.0,0.0,4.0,0.0,0.0,0.0,0.0,0.0
63914.118,-112.0,-2.0,0.0,0.0,0.0,0.0,0.0,0.0,1.0,0.0,0.0,0.0,0.0,0.0
63924.118,-112.0,-1.0,0.0,0.0,0.0,0.0,0.0,0.0,2.0,0.0,0.0,0.0,0.0,0.0
63934.119,-112.0,0.0,0.0,0.0,0.0,0.0,0.0,0.0,3.0,0.0,0.0,0.0,0.0,0.0
63944.118,-112.0,2.0,0.0,0.0,0.0,0.0,0.0,0.0,-1.0,0.0,0.0,0.0,0.0,0.0
63954.118,-112.0,1.0,0.0,0.0,0.0,0.0,0.0,0.0,1.0,0.0,0.0,0.0,0.0,0.0
63964.118,-112.0,3.0,0.0,0.0,0.0,0.0,0.0,0.0,3.0,0.0,0.0,0.0,0.0,0.0
63974.118,-112.0,2.0,0.0,0.0,0.0,0.0,0.0,0.0,1.0,0.0,0.0,0.0,0.0,0.0
63984.118,-112.0,1.0,0.0,0.0,0.0,0.0,0.0,0.0,1.0,0.0,0.0,0.0,0.0,0.0
63994.118,-112.0,3.0,0.0,0.0,0.0,0.0,0.0,0.0,1.0,0.0,0.0,0.0,0.0,0.0
64004.118,-112.0,0.0,0.0,0.0,0.0,0.0,0.0,0.0,4.0,0.0,0.0,0.0,0.0,0.0
64014.119,-112.0,1.0,0.0,0.0,0.0,0.0,0.0,0.0,0.0,0.0,0.0,0.0,0.0,0.0
64024.118,-112.0,2.0,0.0,0.0,0.0,0.0,0.0,0.0,1.0,0.0,0.0,0.0,0.0,0.0
64034.119,-112.0,3.0,0.0,0.0,0.0,0.0,0.0,0.0,3.0,0.0,0.0,0.0,0.0,0.0
64044.118,-112.0,2.0,0.0,0.0,0.0,0.0,0.0,0.0,1.0,0.0,0.0,0.0,0.0,0.0
64054.118,-112.0,2.0,0.0,0.0,0.0,0.0,0.0,0.0,4.0,0.0,0.0,0.0,0.0,0.0
64064.118,-112.0,0.0,0.0,0.0,0.0,0.0,0.0,0.0,2.0,0.0,0.0,0.0,0.0,0.0
64074.118,-112.0,5.0,0.0,0.0,0.0,0.0,0.0,0.0,4.0,0.0,0.0,0.0,0.0,0.0
64084.119,-112.0,1.0,0.0,0.0,0.0,0.0,0.0,0.0,3.0,0.0,0.0,0.0,0.0,0.0
64094.118,-112.0,-1.0,0.0,0.0,0.0,0.0,0.0,0.0,4.0,0.0,0.0,0.0,0.0,0.0
64104.119,-112.0,-1.0,0.0,0.0,0.0,0.0,0.0,0.0,0.0,0.0,0.0,0.0,0.0,0.0
64114.118,-112.0,0.0,0.0,0.0,0.0,0.0,0.0,0.0,1.0,0.0,0.0,0.0,0.0,0.0
64124.118,-112.0,0.0,0.0,0.0,0.0,0.0,0.0,0.0,2.0,0.0,0.0,0.0,0.0,0.0
64134.118,-112.0,0.0,0.0,0.0,0.0,0.0,0.0,0.0,1.0,0.0,0.0,0.0,0.0,0.0
64144.118,-112.0,1.0,0.0,0.0,0.0,0.0,0.0,0.0,1.0,0.0,0.0,0.0,0.0,0.0
64154.118,-112.0,-1.0,0.0,0.0,0.0,0.0,0.0,0.0,0.0,0.0,0.0,0.0,0.0,0.0
64164.118,-112.0,1.0,0.0,0.0,0.0,0.0,0.0,0.0,-1.0,0.0,0.0,0.0,0.0,0.0
64174.119,-112.0,2.0,0.0,0.0,0.0,0.0,0.0,0.0,-2.0,0.0,0.0,0.0,0.0,0.0
64184.118,-112.0,0.0,0.0,0.0,0.0,0.0,0.0,0.0,0.0,0.0,0.0,0.0,0.0,0.0
64194.118,-112.0,2.0,0.0,0.0,0.0,0.0,0.0,0.0,2.0,0.0,0.0,0.0,0.0,0.0
64204.118,-112.0,1.0,0.0,0.0,0.0,0.0,0.0,0.0,0.0,0.0,0.0,0.0,0.0,0.0
64214.118,-112.0,2.0,0.0,0.0,0.0,0.0,0.0,0.0,4.0,0.0,0.0,0.0,0.0,0.0
64224.118,-112.0,0.0,0.0,0.0,0.0,0.0,0.0,0.0,3.0,0.0,0.0,0.0,0.0,0.0
64234.118,-112.0,2.0,0.0,0.0,0.0,0.0,0.0,0.0,3.0,0.0,0.0,0.0,0.0,0.0
64244.118,-112.0,0.0,0.0,0.0,0.0,0.0,0.0,0.0,3.0,0.0,0.0,0.0,0.0,0.0
64254.119,-112.0,3.0,0.0,0.0,0.0,0.0,0.0,0.0,2.0,0.0,0.0,0.0,0.0,0.0
64264.118,-112.0,3.0,0.0,0.0,0.0,0.0,0.0,0.0,3.0,0.0,0.0,0.0,0.0,0.0
64274.118,-112.0,0.0,0.0,0.0,0.0,0.0,0.0,0.0,0.0,0.0,0.0,0.0,0.0,0.0
64284.118,-112.0,2.0,0.0,0.0,0.0,0.0,0.0,0.0,-1.0,0.0,0.0,0.0,0.0,0.0
64294.118,-112.0,0.0,0.0,0.0,0.0,0.0,0.0,0.0,2.0,0.0,0.0,0.0,0.0,0.0
64304.118,-112.0,2.0,0.0,0.0,0.0,0.0,0.0,0.0,3.0,0.0,0.0,0.0,0.0,0.0
64314.118,-112.0,3.0,0.0,0.0,0.0,0.0,0.0,0.0,2.0,0.0,0.0,0.0,0.0,0.0
64324.118,-112.0,0.0,0.0,0.0,0.0,0.0,0.0,0.0,0.0,0.0,0.0,0.0,0.0,0.0
64334.119,-112.0,1.0,0.0,0.0,0.0,0.0,0.0,0.0,2.0,0.0,0.0,0.0,0.0,0.0
64344.118,-112.0,0.0,0.0,0.0,0.0,0.0,0.0,0.0,4.0,0.0,0.0,0.0,0.0,0.0
64354.119,-112.0,0.0,0.0,0.0,0.0,0.0,0.0,0.0,-3.0,0.0,0.0,0.0,0.0,0.0
64364.118,-112.0,4.0,0.0,0.0,0.0,0.0,0.0,0.0,3.0,0.0,0.0,0.0,0.0,0.0
64374.118,-112.0,1.0,0.0,0.0,0.0,0.0,0.0,0.0,3.0,0.0,0.0,0.0,0.0,0.0
64384.118,-112.0,0.0,0.0,0.0,0.0,0.0,0.0,0.0,4.0,0.0,0.0,0.0,0.0,0.0
64394.118,-112.0,0.0,0.0,0.0,0.0,0.0,0.0,0.0,2.0,0.0,0.0,0.0,0.0,0.0
64404.119,-112.0,0.0,0.0,0.0,0.0,0.0,0.0,0.0,1.0,0.0,0.0,0.0,0.0,0.0
64414.118,-112.0,2.0,0.0,0.0,0.0,0.0,0.0,0.0,3.0,0.0,0.0,0.0,0.0,0.0
64424.119,-112.0,3.0,0.0,0.0,0.0,0.0,0.0,0.0,2.0,0.0,0.0,0.0,0.0,0.0
64434.118,-112.0,3.0,0.0,0.0,0.0,0.0,0.0,0.0,4.0,0.0,0.0,0.0,0.0,0.0
64444.118,-112.0,2.0,0.0,0.0,0.0,0.0,0.0,0.0,6.0,0.0,0.0,0.0,0.0,0.0
64454.118,-112.0,5.0,0.0,0.0,0.0,0.0,0.0,0.0,4.0,0.0,0.0,0.0,0.0,0.0
64464.118,-112.0,3.0,0.0,0.0,0.0,0.0,0.0,0.0,2.0,0.0,0.0,0.0,0.0,0.0
64474.118,-112.0,-1.0,0.0,0.0,0.0,0.0,0.0,0.0,2.0,0.0,0.0,0.0,0.0,0.0
64484.118,-112.0,6.0,0.0,0.0,0.0,0.0,0.0,0.0,0.0,0.0,0.0,0.0,0.0,0.0
64494.119,-112.0,1.0,0.0,0.0,0.0,0.0,0.0,0.0,2.0,0.0,0.0,0.0,0.0,0.0
64504.118,-112.0,3.0,0.0,0.0,0.0,0.0,0.0,0.0,3.0,0.0,0.0,0.0,0.0,0.0
64514.118,-112.0,4.0,0.0,0.0,0.0,0.0,0.0,0.0,0.0,0.0,0.0,0.0,0.0,0.0
64524.118,-112.0,-1.0,0.0,0.0,0.0,0.0,0.0,0.0,0.0,0.0,0.0,0.0,0.0,0.0
64534.118,-112.0,1.0,0.0,0.0,0.0,0.0,0.0,0.0,2.0,0.0,0.0,0.0,0.0,0.0
64544.118,-112.0,1.0,0.0,0.0,0.0,0.0,0.0,0.0,-1.0,0.0,0.0,0.0,0.0,0.0
64554.118,-112.0,4.0,0.0,0.0,0.0,0.0,0.0,0.0,1.0,0.0,0.0,0.0,0.0,0.0
64564.118,-112.0,0.0,0.0,0.0,0.0,0.0,0.0,0.0,1.0,0.0,0.0,0.0,0.0,0.0
64574.119,-112.0,4.0,0.0,0.0,0.0,0.0,0.0,0.0,1.0,0.0,0.0,0.0,0.0,0.0
64584.118,-112.0,1.0,0.0,0.0,0.0,0.0,0.0,0.0,4.0,0.0,0.0,0.0,0.0,0.0
64594.118,-112.0,1.0,0.0,0.0,0.0,0.0,0.0,0.0,-1.0,0.0,0.0,0.0,0.0,0.0
64604.118,-112.0,-1.0,0.0,0.0,0.0,0.0,0.0,0.0,1.0,0.0,0.0,0.0,0.0,0.0
64614.118,-112.0,0.0,0.0,0.0,0.0,0.0,0.0,0.0,0.0,0.0,0.0,0.0,0.0,0.0
64624.118,-112.0,1.0,0.0,0.0,0.0,0.0,0.0,0.0,2.0,0.0,0.0,0.0,0.0,0.0
64634.118,-112.0,1.0,0.0,0.0,0.0,0.0,0.0,0.0,0.0,0.0,0.0,0.0,0.0,0.0
64644.118,-112.0,-3.0,0.0,0.0,0.0,0.0,0.0,0.0,4.0,0.0,0.0,0.0,0.0,0.0
64654.119,-112.0,0.0,0.0,0.0,0.0,0.0,0.0,0.0,1.0,0.0,0.0,0.0,0.0,0.0
64664.118,-112.0,0.0,0.0,0.0,0.0,0.0,0.0,0.0,2.0,0.0,0.0,0.0,0.0,0.0
64674.119,-112.0,-1.0,0.0,0.0,0.0,0.0,0.0,0.0,1.0,0.0,0.0,0.0,0.0,0.0
64684.118,-112.0,0.0,0.0,0.0,0.0,0.0,0.0,0.0,2.0,0.0,0.0,0.0,0.0,0.0
64694.118,-112.0,-1.0,0.0,0.0,0.0,0.0,0.0,0.0,0.0,0.0,0.0,0.0,0.0,0.0
64704.118,-112.0,2.0,0.0,0.0,0.0,0.0,0.0,0.0,4.0,0.0,0.0,0.0,0.0,0.0
64714.118,-112.0,0.0,0.0,0.0,0.0,0.0,0.0,0.0,0.0,0.0,0.0,0.0,0.0,0.0
64724.119,-112.0,1.0,0.0,0.0,0.0,0.0,0.0,0.0,4.0,0.0,0.0,0.0,0.0,0.0
64734.118,-112.0,0.0,0.0,0.0,0.0,0.0,0.0,0.0,0.0,0.0,0.0,0.0,0.0,0.0
64744.119,-112.0,3.0,0.0,0.0,0.0,0.0,0.0,0.0,2.0,0.0,0.0,0.0,0.0,0.0
64754.118,-112.0,1.0,0.0,0.0,0.0,0.0,0.0,0.0,1.0,0.0,0.0,0.0,0.0,0.0
64764.118,-112.0,2.0,0.0,0.0,0.0,0.0,0.0,0.0,1.0,0.0,0.0,0.0,0.0,0.0
64774.118,-112.0,2.0,0.0,0.0,0.0,0.0,0.0,0.0,1.0,0.0,0.0,0.0,0.0,0.0
64784.118,-112.0,2.0,0.0,0.0,0.0,0.0,0.0,0.0,0.0,0.0,0.0,0.0,0.0,0.0
64794.118,-112.0,2.0,0.0,0.0,0.0,0.0,0.0,0.0,0.0,0.0,0.0,0.0,0.0,0.0
64804.118,-112.0,1.0,0.0,0.0,0.0,0.0,0.0,0.0,1.0,0.0,0.0,0.0,0.0,0.0
64814.119,-112.0,3.0,0.0,0.0,0.0,0.0,0.0,0.0,1.0,0.0,0.0,0.0,0.0,0.0
64824.118,-112.0,6.0,0.0,0.0,0.0,0.0,0.0,0.0,2.0,0.0,0.0,0.0,0.0,0.0
64834.118,-112.0,1.0,0.0,0.0,0.0,0.0,0.0,0.0,1.0,0.0,0.0,0.0,0.0,0.0
64844.118,-112.0,1.0,0.0,0.0,0.0,0.0,0.0,0.0,0.0,0.0,0.0,0.0,0.0,0.0
64854.118,-112.0,2.0,0.0,0.0,0.0,0.0,0.0,0.0,5.0,0.0,0.0,0.0,0.0,0.0
64864.118,-112.0,-2.0,0.0,0.0,0.0,0.0,0.0,0.0,3.0,0.0,0.0,0.0,0.0,0.0
64874.118,-112.0,4.0,0.0,0.0,0.0,0.0,0.0,0.0,0.0,0.0,0.0,0.0,0.0,0.0
64884.118,-112.0,4.0,0.0,0.0,0.0,0.0,0.0,0.0,0.0,0.0,0.0,0.0,0.0,0.0
64894.119,-112.0,0.0,0.0,0.0,0.0,0.0,0.0,0.0,2.0,0.0,0.0,0.0,0.0,0.0
64904.118,-112.0,3.0,0.0,0.0,0.0,0.0,0.0,0.0,2.0,0.0,0.0,0.0,0.0,0.0
64914.118,-112.0,0.0,0.0,0.0,0.0,0.0,0.0,0.0,-1.0,0.0,0.0,0.0,0.0,0.0
64924.118,-112.0,1.0,0.0,0.0,0.0,0.0,0.0,0.0,1.0,0.0,0.0,0.0,0.0,0.0
64934.118,-112.0,3.0,0.0,0.0,0.0,0.0,0.0,0.0,0.0,0.0,0.0,0.0,0.0,0.0
64944.118,-112.0,3.0,0.0,0.0,0.0,0.0,0.0,0.0,1.0,0.0,0.0,0.0,0.0,0.0
64954.118,-112.0,4.0,0.0,0.0,0.0,0.0,0.0,0.0,0.0,0.0,0.0,0.0,0.0,0.0
64964.118,-112.0,1.0,0.0,0.0,0.0,0.0,0.0,0.0,0.0,0.0,0.0,0.0,0.0,0.0
64974.119,-112.0,0.0,0.0,0.0,0.0,0.0,0.0,0.0,2.0,0.0,0.0,0.0,0.0,0.0
64984.118,-112.0,4.0,0.0,0.0,0.0,0.0,0.0,0.0,3.0,0.0,0.0,0.0,0.0,0.0
64994.119,-112.0,0.0,0.0,0.0,0.0,0.0,0.0,0.0,3.0,0.0,0.0,0.0,0.0,0.0
65004.118,-112.0,4.0,0.0,0.0,0.0,0.0,0.0,0.0,1.0,0.0,0.0,0.0,0.0,0.0
65014.118,-112.0,3.0,0.0,0.0,0.0,0.0,0.0,0.0,2.0,0.0,0.0,0.0,0.0,0.0
65024.118,-112.0,2.0,0.0,0.0,0.0,0.0,0.0,0.0,2.0,0.0,0.0,0.0,0.0,0.0
65034.118,-112.0,1.0,0.0,0.0,0.0,0.0,0.0,0.0,1.0,0.0,0.0,0.0,0.0,0.0
65044.119,-112.0,3.0,0.0,0.0,0.0,0.0,0.0,0.0,1.0,0.0,0.0,0.0,0.0,0.0
65054.118,-112.0,0.0,0.0,0.0,0.0,0.0,0.0,0.0,3.0,0.0,0.0,0.0,0.0,0.0
65064.119,-112.0,5.0,0.0,0.0,0.0,0.0,0.0,0.0,1.0,0.0,0.0,0.0,0.0,0.0
65074.118,-112.0,3.0,0.0,0.0,0.0,0.0,0.0,0.0,4.0,0.0,0.0,0.0,0.0,0.0
65084.118,-112.0,3.0,0.0,0.0,0.0,0.0,0.0,0.0,2.0,0.0,0.0,0.0,0.0,0.0
65094.118,-112.0,0.0,0.0,0.0,0.0,0.0,0.0,0.0,2.0,0.0,0.0,0.0,0.0,0.0
65104.118,-112.0,2.0,0.0,0.0,0.0,0.0,0.0,0.0,3.0,0.0,0.0,0.0,0.0,0.0
65114.118,-112.0,1.0,0.0,0.0,0.0,0.0,0.0,0.0,2.0,0.0,0.0,0.0,0.0,0.0
65124.118,-112.0,1.0,0.0,0.0,0.0,0.0,0.0,0.0,3.0,0.0,0.0,0.0,0.0,0.0
65134.119,-112.0,3.0,0.0,0.0,0.0,0.0,0.0,0.0,1.0,0.0,0.0,0.0,0.0,0.0
65144.118,-112.0,2.0,0.0,0.0,0.0,0.0,0.0,0.0,2.0,0.0,0.0,0.0,0.0,0.0
65154.118,-112.0,3.0,0.0,0.0,0.0,0.0,0.0,0.0,3.0,0.0,0.0,0.0,0.0,0.0
65164.118,-112.0,1.0,0.0,0.0,0.0,0.0,0.0,0.0,1.0,0.0,0.0,0.0,0.0,0.0
65174.118,-112.0,-1.0,0.0,0.0,0.0,0.0,0.0,0.0,0.0,0.0,0.0,0.0,0.0,0.0
65184.118,-112.0,1.0,0.0,0.0,0.0,0.0,0.0,0.0,2.0,0.0,0.0,0.0,0.0,0.0
65194.118,-112.0,2.0,0.0,0.0,0.0,0.0,0.0,0.0,3.0,0.0,0.0,0.0,0.0,0.0
65204.118,-112.0,0.0,0.0,0.0,0.0,0.0,0.0,0.0,3.0,0.0,0.0,0.0,0.0,0.0
65214.119,-112.0,3.0,0.0,0.0,0.0,0.0,0.0,0.0,1.0,0.0,0.0,0.0,0.0,0.0
65224.118,-112.0,3.0,0.0,0.0,0.0,0.0,0.0,0.0,1.0,0.0,0.0,0.0,0.0,0.0
65234.118,-112.0,-1.0,0.0,0.0,0.0,0.0,0.0,0.0,1.0,0.0,0.0,0.0,0.0,0.0
65244.118,-112.0,2.0,0.0,0.0,0.0,0.0,0.0,0.0,1.0,0.0,0.0,0.0,0.0,0.0
65254.118,-112.0,1.0,0.0,0.0,0.0,0.0,0.0,0.0,1.0,0.0,0.0,0.0,0.0,0.0
65264.118,-112.0,0.0,0.0,0.0,0.0,0.0,0.0,0.0,1.0,0.0,0.0,0.0,0.0,0.0
65274.118,-112.0,1.0,0.0,0.0,0.0,0.0,0.0,0.0,4.0,0.0,0.0,0.0,0.0,0.0
65284.118,-112.0,3.0,0.0,0.0,0.0,0.0,0.0,0.0,4.0,0.0,0.0,0.0,0.0,0.0
65294.119,-112.0,3.0,0.0,0.0,0.0,0.0,0.0,0.0,2.0,0.0,0.0,0.0,0.0,0.0
65304.118,-112.0,3.0,0.0,0.0,0.0,0.0,0.0,0.0,2.0,0.0,0.0,0.0,0.0,0.0
65314.119,-112.0,1.0,0.0,0.0,0.0,0.0,0.0,0.0,1.0,0.0,0.0,0.0,0.0,0.0
65324.118,-112.0,2.0,0.0,0.0,0.0,0.0,0.0,0.0,-2.0,0.0,0.0,0.0,0.0,0.0
65334.118,-112.0,3.0,0.0,0.0,0.0,0.0,0.0,0.0,2.0,0.0,0.0,0.0,0.0,0.0
65344.118,-112.0,2.0,0.0,0.0,0.0,0.0,0.0,0.0,3.0,0.0,0.0,0.0,0.0,0.0
65354.118,-112.0,0.0,0.0,0.0,0.0,0.0,0.0,0.0,0.0,0.0,0.0,0.0,0.0,0.0
65364.119,-112.0,2.0,0.0,0.0,0.0,0.0,0.0,0.0,2.0,0.0,0.0,0.0,0.0,0.0
65374.118,-112.0,1.0,0.0,0.0,0.0,0.0,0.0,0.0,4.0,0.0,0.0,0.0,0.0,0.0
65384.119,-112.0,2.0,0.0,0.0,0.0,0.0,0.0,0.0,0.0,0.0,0.0,0.0,0.0,0.0
65394.118,-112.0,1.0,0.0,0.0,0.0,0.0,0.0,0.0,1.0,0.0,0.0,0.0,0.0,0.0
65404.118,-112.0,1.0,0.0,0.0,0.0,0.0,0.0,0.0,-1.0,0.0,0.0,0.0,0.0,0.0
65414.118,-112.0,2.0,0.0,0.0,0.0,0.0,0.0,0.0,1.0,0.0,0.0,0.0,0.0,0.0
65424.118,-112.0,0.0,0.0,0.0,0.0,0.0,0.0,0.0,3.0,0.0,0.0,0.0,0.0,0.0
65434.118,-112.0,0.0,0.0,0.0,0.0,0.0,0.0,0.0,3.0,0.0,0.0,0.0,0.0,0.0
65444.118,-112.0,2.0,0.0,0.0,0.0,0.0,0.0,0.0,0.0,0.0,0.0,0.0,0.0,0.0
65454.119,-112.0,2.0,0.0,0.0,0.0,0.0,0.0,0.0,1.0,0.0,0.0,0.0,0.0,0.0
65464.118,-112.0,3.0,0.0,0.0,0.0,0.0,0.0,0.0,2.0,0.0,0.0,0.0,0.0,0.0
65474.118,-112.0,1.0,0.0,0.0,0.0,0.0,0.0,0.0,3.0,0.0,0.0,0.0,0.0,0.0
65484.118,-112.0,1.0,0.0,0.0,0.0,0.0,0.0,0.0,0.0,0.0,0.0,0.0,0.0,0.0
65494.118,-112.0,0.0,0.0,0.0,0.0,0.0,0.0,0.0,0.0,0.0,0.0,0.0,0.0,0.0
65504.118,-112.0,2.0,0.0,0.0,0.0,0.0,0.0,0.0,5.0,0.0,0.0,0.0,0.0,0.0
65514.118,-112.0,2.0,0.0,0.0,0.0,0.0,0.0,0.0,1.0,0.0,0.0,0.0,0.0,0.0
65524.118,-112.0,0.0,0.0,0.0,0.0,0.0,0.0,0.0,1.0,0.0,0.0,0.0,0.0,0.0
65534.119,-112.0,1.0,0.0,0.0,0.0,0.0,0.0,0.0,3.0,0.0,0.0,0.0,0.0,0.0
65544.118,-112.0,2.0,0.0,0.0,0.0,0.0,0.0,0.0,1.0,0.0,0.0,0.0,0.0,0.0
65554.118,-112.0,2.0,0.0,0.0,0.0,0.0,0.0,0.0,5.0,0.0,0.0,0.0,0.0,0.0
65564.118,-112.0,0.0,0.0,0.0,0.0,0.0,0.0,0.0,3.0,0.0,0.0,0.0,0.0,0.0
65574.118,-112.0,0.0,0.0,0.0,0.0,0.0,0.0,0.0,1.0,0.0,0.0,0.0,0.0,0.0
65584.118,-112.0,0.0,0.0,0.0,0.0,0.0,0.0,0.0,2.0,0.0,0.0,0.0,0.0,0.0
65594.118,-112.0,1.0,0.0,0.0,0.0,0.0,0.0,0.0,0.0,0.0,0.0,0.0,0.0,0.0
65604.118,-112.0,2.0,0.0,0.0,0.0,0.0,0.0,0.0,-2.0,0.0,0.0,0.0,0.0,0.0
65614.119,-112.0,1.0,0.0,0.0,0.0,0.0,0.0,0.0,0.0,0.0,0.0,0.0,0.0,0.0
65624.118,-112.0,2.0,0.0,0.0,0.0,0.0,0.0,0.0,0.0,0.0,0.0,0.0,0.0,0.0
65634.119,-112.0,1.0,0.0,0.0,0.0,0.0,0.0,0.0,2.0,0.0,0.0,0.0,0.0,0.0
65644.118,-112.0,1.0,0.0,0.0,0.0,0.0,0.0,0.0,-1.0,0.0,0.0,0.0,0.0,0.0
65654.118,-112.0,1.0,0.0,0.0,0.0,0.0,0.0,0.0,2.0,0.0,0.0,0.0,0.0,0.0
65664.118,-112.0,3.0,0.0,0.0,0.0,0.0,0.0,0.0,2.0,0.0,0.0,0.0,0.0,0.0
65674.118,-112.0,2.0,0.0,0.0,0.0,0.0,0.0,0.0,2.0,0.0,0.0,0.0,0.0,0.0
65684.119,-112.0,1.0,0.0,0.0,0.0,0.0,0.0,0.0,1.0,0.0,0.0,0.0,0.0,0.0
65694.118,-112.0,1.0,0.0,0.0,0.0,0.0,0.0,0.0,1.0,0.0,0.0,0.0,0.0,0.0
65704.119,-112.0,2.0,0.0,0.0,0.0,0.0,0.0,0.0,2.0,0.0,0.0,0.0,0.0,0.0
65714.118,-112.0,3.0,0.0,0.0,0.0,0.0,0.0,0.0,2.0,0.0,0.0,0.0,0.0,0.0
65724.118,-112.0,0.0,0.0,0.0,0.0,0.0,0.0,0.0,1.0,0.0,0.0,0.0,0.0,0.0
65734.118,-112.0,2.0,0.0,0.0,0.0,0.0,0.0,0.0,2.0,0.0,0.0,0.0,0.0,0.0
65744.118,-112.0,0.0,0.0,0.0,0.0,0.0,0.0,0.0,3.0,0.0,0.0,0.0,0.0,0.0
65754.118,-112.0,1.0,0.0,0.0,0.0,0.0,0.0,0.0,1.0,0.0,0.0,0.0,0.0,0.0
65764.118,-112.0,2.0,0.0,0.0,0.0,0.0,0.0,0.0,0.0,0.0,0.0,0.0,0.0,0.0
65774.119,-112.0,1.0,0.0,0.0,0.0,0.0,0.0,0.0,3.0,0.0,0.0,0.0,0.0,0.0
65784.118,-112.0,0.0,0.0,0.0,0.0,0.0,0.0,0.0,2.0,0.0,0.0,0.0,0.0,0.0
65794.118,-112.0,0.0,0.0,0.0,0.0,0.0,0.0,0.0,1.0,0.0,0.0,0.0,0.0,0.0
65804.118,-112.0,1.0,0.0,0.0,0.0,0.0,0.0,0.0,1.0,0.0,0.0,0.0,0.0,0.0
65814.118,-112.0,0.0,0.0,0.0,0.0,0.0,0.0,0.0,3.0,0.0,0.0,0.0,0.0,0.0
65824.118,-112.0,1.0,0.0,0.0,0.0,0.0,0.0,0.0,3.0,0.0,0.0,0.0,0.0,0.0
65834.118,-112.0,1.0,0.0,0.0,0.0,0.0,0.0,0.0,1.0,0.0,0.0,0.0,0.0,0.0
65844.118,-112.0,0.0,0.0,0.0,0.0,0.0,0.0,0.0,3.0,0.0,0.0,0.0,0.0,0.0
78742.118,-112.0,2.0,0.0,0.0,0.0,0.0,0.0,0.0,5.0,0.0,0.0,0.0,0.0,0.0
78744.118,-112.0,3.0,0.0,0.0,0.0,0.0,0.0,0.0,2.0,0.0,0.0,0.0,0.0,0.0
78746.118,-112.0,2.0,0.0,0.0,0.0,0.0,0.0,0.0,5.0,0.0,0.0,0.0,0.0,0.0
78748.118,-112.0,2.0,0.0,0.0,0.0,0.0,0.0,0.0,2.0,0.0,0.0,0.0,0.0,0.0
78750.119,-112.0,0.0,0.0,0.0,0.0,0.0,0.0,0.0,1.0,0.0,0.0,0.0,0.0,0.0
78752.119,-112.0,3.0,0.0,0.0,0.0,0.0,0.0,0.0,3.0,0.0,0.0,0.0,0.0,0.0
78754.118,-112.0,2.0,0.0,0.0,0.0,0.0,0.0,0.0,-1.0,0.0,0.0,0.0,0.0,0.0
78756.119,-112.0,0.0,0.0,0.0,0.0,0.0,0.0,0.0,3.0,0.0,0.0,0.0,0.0,0.0
78758.118,-112.0,2.0,0.0,0.0,0.0,0.0,0.0,0.0,-1.0,0.0,0.0,0.0,0.0,0.0
78760.118,-112.0,6.0,0.0,0.0,0.0,0.0,0.0,0.0,-2.0,0.0,0.0,0.0,0.0,0.0
78762.118,-112.0,3.0,0.0,0.0,0.0,0.0,0.0,0.0,3.0,0.0,0.0,0.0,0.0,0.0
78764.118,-112.0,1.0,0.0,0.0,0.0,0.0,0.0,0.0,0.0,0.0,0.0,0.0,0.0,0.0
78766.118,-112.0,-1.0,0.0,0.0,0.0,0.0,0.0,0.0,1.0,0.0,0.0,0.0,0.0,0.0
78768.119,-112.0,1.0,0.0,0.0,0.0,0.0,0.0,0.0,3.0,0.0,0.0,0.0,0.0,0.0
78770.118,-112.0,0.0,0.0,0.0,0.0,0.0,0.0,0.0,1.0,0.0,0.0,0.0,0.0,0.0
78772.118,-112.0,1.0,0.0,0.0,0.0,0.0,0.0,0.0,1.0,0.0,0.0,0.0,0.0,0.0
78774.118,-112.0,-2.0,0.0,0.0,0.0,0.0,0.0,0.0,1.0,0.0,0.0,0.0,0.0,0.0
78776.118,-112.0,3.0,0.0,0.0,0.0,0.0,0.0,0.0,1.0,0.0,0.0,0.0,0.0,0.0
78778.119,-112.0,0.0,0.0,0.0,0.0,0.0,0.0,0.0,3.0,0.0,0.0,0.0,0.0,0.0
78780.118,-112.0,5.0,0.0,0.0,0.0,0.0,0.0,0.0,3.0,0.0,0.0,0.0,0.0,0.0
78782.118,-112.0,3.0,0.0,0.0,0.0,0.0,0.0,0.0,2.0,0.0,0.0,0.0,0.0,0.0
78784.118,-112.0,0.0,0.0,0.0,0.0,0.0,0.0,0.0,0.0,0.0,0.0,0.0,0.0,0.0
78786.118,-112.0,-1.0,0.0,0.0,0.0,0.0,0.0,0.0,3.0,0.0,0.0,0.0,0.0,0.0
78788.119,-112.0,0.0,0.0,0.0,0.0,0.0,0.0,0.0,2.0,0.0,0.0,0.0,0.0,0.0
78790.118,-112.0,2.0,0.0,0.0,0.0,0.0,0.0,0.0,1.0,0.0,0.0,0.0,0.0,0.0
78792.118,-112.0,3.0,0.0,0.0,0.0,0.0,0.0,0.0,1.0,0.0,0.0,0.0,0.0,0.0
78794.118,-112.0,1.0,0.0,0.0,0.0,0.0,0.0,0.0,1.0,0.0,0.0,0.0,0.0,0.0
78796.118,-112.0,2.0,0.0,0.0,0.0,0.0,0.0,0.0,0.0,0.0,0.0,0.0,0.0,0.0
78798.119,-112.0,0.0,0.0,0.0,0.0,0.0,0.0,0.0,1.0,0.0,0.0,0.0,0.0,0.0
78800.118,-112.0,0.0,0.0,0.0,0.0,0.0,0.0,0.0,2.0,0.0,0.0,0.0,0.0,0.0
78802.118,-112.0,3.0,0.0,0.0,0.0,0.0,0.0,0.0,5.0,0.0,0.0,0.0,0.0,0.0
78804.118,-112.0,2.0,0.0,0.0,0.0,0.0,0.0,0.0,2.0,0.0,0.0,0.0,0.0,0.0
78806.118,-112.0,-1.0,0.0,0.0,0.0,0.0,0.0,0.0,1.0,0.0,0.0,0.0,0.0,0.0
78808.119,-112.0,0.0,0.0,0.0,0.0,0.0,0.0,0.0,-2.0,0.0,0.0,0.0,0.0,0.0
78810.118,-112.0,0.0,0.0,0.0,0.0,0.0,0.0,0.0,4.0,0.0,0.0,0.0,0.0,0.0
78812.118,-112.0,3.0,0.0,0.0,0.0,0.0,0.0,0.0,2.0,0.0,0.0,0.0,0.0,0.0
78814.118,-112.0,0.0,0.0,0.0,0.0,0.0,0.0,0.0,3.0,0.0,0.0,0.0,0.0,0.0
78816.118,-112.0,0.0,0.0,0.0,0.0,0.0,0.0,0.0,0.0,0.0,0.0,0.0,0.0,0.0
78818.118,-112.0,1.0,0.0,0.0,0.0,0.0,0.0,0.0,1.0,0.0,0.0,0.0,0.0,0.0
78820.118,-112.0,0.0,0.0,0.0,0.0,0.0,0.0,0.0,2.0,0.0,0.0,0.0,0.0,0.0
78822.118,-112.0,3.0,0.0,0.0,0.0,0.0,0.0,0.0,2.0,0.0,0.0,0.0,0.0,0.0
78824.118,-112.0,2.0,0.0,0.0,0.0,0.0,0.0,0.0,3.0,0.0,0.0,0.0,0.0,0.0
78826.119,-112.0,3.0,0.0,0.0,0.0,0.0,0.0,0.0,2.0,0.0,0.0,0.0,0.0,0.0
78828.118,-112.0,0.0,0.0,0.0,0.0,0.0,0.0,0.0,2.0,0.0,0.0,0.0,0.0,0.0
78830.118,-112.0,0.0,0.0,0.0,0.0,0.0,0.0,0.0,6.0,0.0,0.0,0.0,0.0,0.0
78832.118,-112.0,3.0,0.0,0.0,0.0,0.0,0.0,0.0,1.0,0.0,0.0,0.0,0.0,0.0
78834.118,-112.0,1.0,0.0,0.0,0.0,0.0,0.0,0.0,3.0,0.0,0.0,0.0,0.0,0.0
78836.119,-112.0,2.0,0.0,0.0,0.0,0.0,0.0,0.0,3.0,0.0,0.0,0.0,0.0,0.0
78838.118,-112.0,1.0,0.0,0.0,0.0,0.0,0.0,0.0,1.0,0.0,0.0,0.0,0.0,0.0
78840.118,-112.0,0.0,0.0,0.0,0.0,0.0,0.0,0.0,3.0,0.0,0.0,0.0,0.0,0.0
78842.118,-112.0,0.0,0.0,0.0,0.0,0.0,0.0,0.0,2.0,0.0,0.0,0.0,0.0,0.0
78844.118,-112.0,1.0,0.0,0.0,0.0,0.0,0.0,0.0,0.0,0.0,0.0,0.0,0.0,0.0
78846.119,-112.0,0.0,0.0,0.0,0.0,0.0,0.0,0.0,0.0,0.0,0.0,0.0,0.0,0.0
78848.118,-112.0,0.0,0.0,0.0,0.0,0.0,0.0,0.0,1.0,0.0,0.0,0.0,0.0,0.0
78850.118,-112.0,2.0,0.0,0.0,0.0,0.0,0.0,0.0,1.0,0.0,0.0,0.0,0.0,0.0
78852.118,-112.0,-1.0,0.0,0.0,0.0,0.0,0.0,0.0,1.0,0.0,0.0,0.0,0.0,0.0
78854.118,-112.0,1.0,0.0,0.0,0.0,0.0,0.0,0.0,1.0,0.0,0.0,0.0,0.0,0.0
78856.118,-112.0,1.0,0.0,0.0,0.0,0.0,0.0,0.0,-1.0,0.0,0.0,0.0,0.0,0.0
78858.119,-112.0,1.0,0.0,0.0,0.0,0.0,0.0,0.0,0.0,0.0,0.0,0.0,0.0,0.0
78860.118,-112.0,3.0,0.0,0.0,0.0,0.0,0.0,0.0,3.0,0.0,0.0,0.0,0.0,0.0
78862.118,-112.0,0.0,0.0,0.0,0.0,0.0,0.0,0.0,1.0,0.0,0.0,0.0,0.0,0.0
78864.118,-112.0,3.0,0.0,0.0,0.0,0.0,0.0,0.0,2.0,0.0,0.0,0.0,0.0,0.0
78866.118,-112.0,1.0,0.0,0.0,0.0,0.0,0.0,0.0,2.0,0.0,0.0,0.0,0.0,0.0
78868.119,-112.0,0.0,0.0,0.0,0.0,0.0,0.0,0.0,1.0,0.0,0.0,0.0,0.0,0.0
78870.118,-112.0,-2.0,0.0,0.0,0.0,0.0,0.0,0.0,0.0,0.0,0.0,0.0,0.0,0.0
78872.118,-112.0,0.0,0.0,0.0,0.0,0.0,0.0,0.0,-1.0,0.0,0.0,0.0,0.0,0.0
78874.118,-112.0,3.0,0.0,0.0,0.0,0.0,0.0,0.0,1.0,0.0,0.0,0.0,0.0,0.0
78876.118,-112.0,0.0,0.0,0.0,0.0,0.0,0.0,0.0,2.0,0.0,0.0,0.0,0.0,0.0
78878.119,-112.0,0.0,0.0,0.0,0.0,0.0,0.0,0.0,0.0,0.0,0.0,0.0,0.0,0.0
78880.118,-112.0,4.0,0.0,0.0,0.0,0.0,0.0,0.0,1.0,0.0,0.0,0.0,0.0,0.0
78882.118,-112.0,1.0,0.0,0.0,0.0,0.0,0.0,0.0,2.0,0.0,0.0,0.0,0.0,0.0
78884.118,-112.0,2.0,0.0,0.0,0.0,0.0,0.0,0.0,1.0,0.0,0.0,0.0,0.0,0.0
78886.119,-112.0,1.0,0.0,0.0,0.0,0.0,0.0,0.0,2.0,0.0,0.0,0.0,0.0,0.0
78888.118,-112.0,0.0,0.0,0.0,0.0,0.0,0.0,0.0,0.0,0.0,0.0,0.0,0.0,0.0
78890.118,-112.0,1.0,0.0,0.0,0.0,0.0,0.0,0.0,1.0,0.0,0.0,0.0,0.0,0.0
78892.118,-112.0,2.0,0.0,0.0,0.0,0.0,0.0,0.0,3.0,0.0,0.0,0.0,0.0,0.0
78894.118,-112.0,1.0,0.0,0.0,0.0,0.0,0.0,0.0,1.0,0.0,0.0,0.0,0.0,0.0
78896.119,-112.0,0.0,0.0,0.0,0.0,0.0,0.0,0.0,2.0,0.0,0.0,0.0,0.0,0.0
78898.118,-112.0,2.0,0.0,0.0,0.0,0.0,0.0,0.0,1.0,0.0,0.0,0.0,0.0,0.0
78900.118,-112.0,1.0,0.0,0.0,0.0,0.0,0.0,0.0,4.0,0.0,0.0,0.0,0.0,0.0
78902.118,-112.0,2.0,0.0,0.0,0.0,0.0,0.0,0.0,0.0,0.0,0.0,0.0,0.0,0.0
78904.118,-112.0,2.0,0.0,0.0,0.0,0.0,0.0,0.0,-1.0,0.0,0.0,0.0,0.0,0.0
78906.118,-112.0,0.0,0.0,0.0,0.0,0.0,0.0,0.0,1.0,0.0,0.0,0.0,0.0,0.0
78908.119,-112.0,2.0,0.0,0.0,0.0,0.0,0.0,0.0,2.0,0.0,0.0,0.0,0.0,0.0
78910.118,-112.0,0.0,0.0,0.0,0.0,0.0,0.0,0.0,0.0,0.0,0.0,0.0,0.0,0.0
78912.118,-112.0,2.0,0.0,0.0,0.0,0.0,0.0,0.0,3.0,0.0,0.0,0.0,0.0,0.0
78914.118,-112.0,2.0,0.0,0.0,0.0,0.0,0.0,0.0,2.0,0.0,0.0,0.0,0.0,0.0
78916.118,-112.0,-1.0,0.0,0.0,0.0,0.0,0.0,0.0,1.0,0.0,0.0,0.0,0.0,0.0
78918.119,-112.0,0.0,0.0,0.0,0.0,0.0,0.0,0.0,3.0,0.0,0.0,0.0,0.0,0.0
78920.118,-112.0,0.0,0.0,0.0,0.0,0.0,0.0,0.0,1.0,0.0,0.0,0.0,0.0,0.0
78922.118,-112.0,-1.0,0.0,0.0,0.0,0.0,0.0,0.0,1.0,0.0,0.0,0.0,0.0,0.0
78924.118,-112.0,-1.0,0.0,0.0,0.0,0.0,0.0,0.0,-1.0,0.0,0.0,0.0,0.0,0.0
78926.118,-112.0,2.0,0.0,0.0,0.0,0.0,0.0,0.0,3.0,0.0,0.0,0.0,0.0,0.0
78928.119,-112.0,1.0,0.0,0.0,0.0,0.0,0.0,0.0,1.0,0.0,0.0,0.0,0.0,0.0
78930.118,-112.0,1.0,0.0,0.0,0.0,0.0,0.0,0.0,1.0,0.0,0.0,0.0,0.0,0.0
78932.118,-112.0,1.0,0.0,0.0,0.0,0.0,0.0,0.0,1.0,0.0,0.0,0.0,0.0,0.0
78934.118,-112.0,2.0,0.0,0.0,0.0,0.0,0.0,0.0,2.0,0.0,0.0,0.0,0.0,0.0
78936.118,-112.0,0.0,0.0,0.0,0.0,0.0,0.0,0.0,1.0,0.0,0.0,0.0,0.0,0.0
78938.119,-112.0,2.0,0.0,0.0,0.0,0.0,0.0,0.0,0.0,0.0,0.0,0.0,0.0,0.0
78940.118,-112.0,3.0,0.0,0.0,0.0,0.0,0.0,0.0,2.0,0.0,0.0,0.0,0.0,0.0
78942.118,-112.0,3.0,0.0,0.0,0.0,0.0,0.0,0.0,3.0,0.0,0.0,0.0,0.0,0.0
78944.118,-112.0,1.0,0.0,0.0,0.0,0.0,0.0,0.0,2.0,0.0,0.0,0.0,0.0,0.0
78946.118,-112.0,0.0,0.0,0.0,0.0,0.0,0.0,0.0,3.0,0.0,0.0,0.0,0.0,0.0
78948.118,-112.0,3.0,0.0,0.0,0.0,0.0,0.0,0.0,1.0,0.0,0.0,0.0,0.0,0.0
78950.118,-112.0,2.0,0.0,0.0,0.0,0.0,0.0,0.0,1.0,0.0,0.0,0.0,0.0,0.0
78952.118,-112.0,2.0,0.0,0.0,0.0,0.0,0.0,0.0,1.0,0.0,0.0,0.0,0.0,0.0
78954.118,-112.0,0.0,0.0,0.0,0.0,0.0,0.0,0.0,0.0,0.0,0.0,0.0,0.0,0.0
78956.119,-112.0,0.0,0.0,0.0,0.0,0.0,0.0,0.0,1.0,0.0,0.0,0.0,0.0,0.0
78958.118,-112.0,1.0,0.0,0.0,0.0,0.0,0.0,0.0,2.0,0.0,0.0,0.0,0.0,0.0
78960.118,-112.0,0.0,0.0,0.0,0.0,0.0,0.0,0.0,1.0,0.0,0.0,0.0,0.0,0.0
78962.118,-112.0,1.0,0.0,0.0,0.0,0.0,0.0,0.0,0.0,0.0,0.0,0.0,0.0,0.0
78964.118,-112.0,3.0,0.0,0.0,0.0,0.0,0.0,0.0,-1.0,0.0,0.0,0.0,0.0,0.0
78966.119,-112.0,2.0,0.0,0.0,0.0,0.0,0.0,0.0,-2.0,0.0,0.0,0.0,0.0,0.0
78968.118,-112.0,0.0,0.0,0.0,0.0,0.0,0.0,0.0,0.0,0.0,0.0,0.0,0.0,0.0
78970.118,-112.0,0.0,0.0,0.0,0.0,0.0,0.0,0.0,2.0,0.0,0.0,0.0,0.0,0.0
78972.118,-112.0,2.0,0.0,0.0,0.0,0.0,0.0,0.0,2.0,0.0,0.0,0.0,0.0,0.0
78974.118,-112.0,0.0,0.0,0.0,0.0,0.0,0.0,0.0,1.0,0.0,0.0,0.0,0.0,0.0
78976.118,-112.0,1.0,0.0,0.0,0.0,0.0,0.0,0.0,0.0,0.0,0.0,0.0,0.0,0.0
78978.119,-112.0,-1.0,0.0,0.0,0.0,0.0,0.0,0.0,2.0,0.0,0.0,0.0,0.0,0.0
78980.118,-112.0,0.0,0.0,0.0,0.0,0.0,0.0,0.0,2.0,0.0,0.0,0.0,0.0,0.0
78982.118,-112.0,1.0,0.0,0.0,0.0,0.0,0.0,0.0,2.0,0.0,0.0,0.0,0.0,0.0
78984.118,-112.0,1.0,0.0,0.0,0.0,0.0,0.0,0.0,3.0,0.0,0.0,0.0,0.0,0.0
78986.118,-112.0,0.0,0.0,0.0,0.0,0.0,0.0,0.0,0.0,0.0,0.0,0.0,0.0,0.0
78988.119,-112.0,1.0,0.0,0.0,0.0,0.0,0.0,0.0,1.0,0.0,0.0,0.0,0.0,0.0
78990.118,-112.0,-1.0,0.0,0.0,0.0,0.0,0.0,0.0,0.0,0.0,0.0,0.0,0.0,0.0
78992.118,-112.0,1.0,0.0,0.0,0.0,0.0,0.0,0.0,1.0,0.0,0.0,0.0,0.0,0.0
78994.118,-112.0,2.0,0.0,0.0,0.0,0.0,0.0,0.0,0.0,0.0,0.0,0.0,0.0,0.0
78996.118,-112.0,0.0,0.0,0.0,0.0,0.0,0.0,0.0,2.0,0.0,0.0,0.0,0.0,0.0
78998.119,-112.0,1.0,0.0,0.0,0.0,0.0,0.0,0.0,-1.0,0.0,0.0,0.0,0.0,0.0
79000.118,-112.0,1.0,0.0,0.0,0.0,0.0,0.0,0.0,3.0,0.0,0.0,0.0,0.0,0.0
79002.118,-112.0,0.0,0.0,0.0,0.0,0.0,0.0,0.0,3.0,0.0,0.0,0.0,0.0,0.0
79004.118,-112.0,2.0,0.0,0.0,0.0,0.0,0.0,0.0,2.0,0.0,0.0,0.0,0.0,0.0
79006.118,-112.0,4.0,0.0,0.0,0.0,0.0,0.0,0.0,-1.0,0.0,0.0,0.0,0.0,0.0
79008.119,-112.0,2.0,0.0,0.0,0.0,0.0,0.0,0.0,1.0,0.0,0.0,0.0,0.0,0.0
79010.118,-112.0,6.0,0.0,0.0,0.0,0.0,0.0,0.0,1.0,0.0,0.0,0.0,0.0,0.0
79012.118,-112.0,1.0,0.0,0.0,0.0,0.0,0.0,0.0,2.0,0.0,0.0,0.0,0.0,0.0
79014.118,-112.0,3.0,0.0,0.0,0.0,0.0,0.0,0.0,6.0,0.0,0.0,0.0,0.0,0.0
79016.119,-112.0,3.0,0.0,0.0,0.0,0.0,0.0,0.0,3.0,0.0,0.0,0.0,0.0,0.0
79018.118,-112.0,0.0,0.0,0.0,0.0,0.0,0.0,0.0,0.0,0.0,0.0,0.0,0.0,0.0
79020.118,-112.0,0.0,0.0,0.0,0.0,0.0,0.0,0.0,2.0,0.0,0.0,0.0,0.0,0.0
79022.118,-112.0,2.0,0.0,0.0,0.0,0.0,0.0,0.0,1.0,0.0,0.0,0.0,0.0,0.0
79024.118,-112.0,1.0,0.0,0.0,0.0,0.0,0.0,0.0,-2.0,0.0,0.0,0.0,0.0,0.0
79026.119,-112.0,0.0,0.0,0.0,0.0,0.0,0.0,0.0,4.0,0.0,0.0,0.0,0.0,0.0
79028.118,-112.0,1.0,0.0,0.0,0.0,0.0,0.0,0.0,3.0,0.0,0.0,0.0,0.0,0.0
79030.118,-112.0,1.0,0.0,0.0,0.0,0.0,0.0,0.0,4.0,0.0,0.0,0.0,0.0,0.0
79032.118,-112.0,0.0,0.0,0.0,0.0,0.0,0.0,0.0,3.0,0.0,0.0,0.0,0.0,0.0
79034.118,-112.0,3.0,0.0,0.0,0.0,0.0,0.0,0.0,3.0,0.0,0.0,0.0,0.0,0.0
79036.119,-112.0,0.0,0.0,0.0,0.0,0.0,0.0,0.0,2.0,0.0,0.0,0.0,0.0,0.0
79038.118,-112.0,1.0,0.0,0.0,0.0,0.0,0.0,0.0,2.0,0.0,0.0,0.0,0.0,0.0
79040.118,-112.0,1.0,0.0,0.0,0.0,0.0,0.0,0.0,2.0,0.0,0.0,0.0,0.0,0.0
79042.118,-112.0,3.0,0.0,0.0,0.0,0.0,0.0,0.0,1.0,0.0,0.0,0.0,0.0,0.0
79044.118,-112.0,0.0,0.0,0.0,0.0,0.0,0.0,0.0,-1.0,0.0,0.0,0.0,0.0,0.0
79046.119,-112.0,1.0,0.0,0.0,0.0,0.0,0.0,0.0,3.0,0.0,0.0,0.0,0.0,0.0
79048.118,-112.0,1.0,0.0,0.0,0.0,0.0,0.0,0.0,0.0,0.0,0.0,0.0,0.0,0.0
79050.118,-112.0,0.0,0.0,0.0,0.0,0.0,0.0,0.0,2.0,0.0,0.0,0.0,0.0,0.0
79052.118,-112.0,-1.0,0.0,0.0,0.0,0.0,0.0,0.0,1.0,0.0,0.0,0.0,0.0,0.0
79054.118,-112.0,1.0,0.0,0.0,0.0,0.0,0.0,0.0,4.0,0.0,0.0,0.0,0.0,0.0
79056.119,-112.0,0.0,0.0,0.0,0.0,0.0,0.0,0.0,1.0,0.0,0.0,0.0,0.0,0.0
79058.118,-112.0,0.0,0.0,0.0,0.0,0.0,0.0,0.0,4.0,0.0,0.0,0.0,0.0,0.0
79060.118,-112.0,0.0,0.0,0.0,0.0,0.0,0.0,0.0,0.0,0.0,0.0,0.0,0.0,0.0
79062.118,-112.0,1.0,0.0,0.0,0.0,0.0,0.0,0.0,1.0,0.0,0.0,0.0,0.0,0.0
79064.118,-112.0,2.0,0.0,0.0,0.0,0.0,0.0,0.0,2.0,0.0,0.0,0.0,0.0,0.0
79066.119,-112.0,0.0,0.0,0.0,0.0,0.0,0.0,0.0,2.0,0.0,0.0,0.0,0.0,0.0
79068.118,-112.0,1.0,0.0,0.0,0.0,0.0,0.0,0.0,3.0,0.0,0.0,0.0,0.0,0.0
79070.118,-112.0,0.0,0.0,0.0,0.0,0.0,0.0,0.0,1.0,0.0,0.0,0.0,0.0,0.0
79072.118,-112.0,1.0,0.0,0.0,0.0,0.0,0.0,0.0,3.0,0.0,0.0,0.0,0.0,0.0
79074.118,-112.0,2.0,0.0,0.0,0.0,0.0,0.0,0.0,3.0,0.0,0.0,0.0,0.0,0.0
79076.118,-112.0,1.0,0.0,0.0,0.0,0.0,0.0,0.0,2.0,0.0,0.0,0.0,0.0,0.0
79078.118,-112.0,2.0,0.0,0.0,0.0,0.0,0.0,0.0,0.0,0.0,0.0,0.0,0.0,0.0
79080.118,-112.0,1.0,0.0,0.0,0.0,0.0,0.0,0.0,0.0,0.0,0.0,0.0,0.0,0.0
79082.118,-112.0,1.0,0.0,0.0,0.0,0.0,0.0,0.0,3.0,0.0,0.0,0.0,0.0,0.0
79084.119,-112.0,-1.0,0.0,0.0,0.0,0.0,0.0,0.0,1.0,0.0,0.0,0.0,0.0,0.0
79086.118,-112.0,1.0,0.0,0.0,0.0,0.0,0.0,0.0,2.0,0.0,0.0,0.0,0.0,0.0
79088.118,-112.0,1.0,0.0,0.0,0.0,0.0,0.0,0.0,3.0,0.0,0.0,0.0,0.0,0.0
79090.118,-112.0,2.0,0.0,0.0,0.0,0.0,0.0,0.0,1.0,0.0,0.0,0.0,0.0,0.0
79092.118,-112.0,-1.0,0.0,0.0,0.0,0.0,0.0,0.0,0.0,0.0,0.0,0.0,0.0,0.0
79094.119,-112.0,1.0,0.0,0.0,0.0,0.0,0.0,0.0,-1.0,0.0,0.0,0.0,0.0,0.0
79096.118,-112.0,3.0,0.0,0.0,0.0,0.0,0.0,0.0,2.0,0.0,0.0,0.0,0.0,0.0
79098.118,-112.0,-1.0,0.0,0.0,0.0,0.0,0.0,0.0,1.0,0.0,0.0,0.0,0.0,0.0
79100.118,-112.0,0.0,0.0,0.0,0.0,0.0,0.0,0.0,0.0,0.0,0.0,0.0,0.0,0.0
79102.118,-112.0,1.0,0.0,0.0,0.0,0.0,0.0,0.0,3.0,0.0,0.0,0.0,0.0,0.0
79104.119,-112.0,2.0,0.0,0.0,0.0,0.0,0.0,0.0,3.0,0.0,0.0,0.0,0.0,0.0
79106.118,-112.0,0.0,0.0,0.0,0.0,0.0,0.0,0.0,3.0,0.0,0.0,0.0,0.0,0.0
79108.118,-112.0,1.0,0.0,0.0,0.0,0.0,0.0,0.0,1.0,0.0,0.0,0.0,0.0,0.0
79110.118,-112.0,1.0,0.0,0.0,0.0,0.0,0.0,0.0,4.0,0.0,0.0,0.0,0.0,0.0
79112.118,-112.0,0.0,0.0,0.0,0.0,0.0,0.0,0.0,3.0,0.0,0.0,0.0,0.0,0.0
79114.119,-112.0,0.0,0.0,0.0,0.0,0.0,0.0,0.0,0.0,0.0,0.0,0.0,0.0,0.0
79116.118,-112.0,3.0,0.0,0.0,0.0,0.0,0.0,0.0,0.0,0.0,0.0,0.0,0.0,0.0
79118.118,-112.0,1.0,0.0,0.0,0.0,0.0,0.0,0.0,2.0,0.0,0.0,0.0,0.0,0.0
79120.118,-112.0,2.0,0.0,0.0,0.0,0.0,0.0,0.0,0.0,0.0,0.0,0.0,0.0,0.0
79122.118,-112.0,1.0,0.0,0.0,0.0,0.0,0.0,0.0,3.0,0.0,0.0,0.0,0.0,0.0
79124.119,-112.0,2.0,0.0,0.0,0.0,0.0,0.0,0.0,1.0,0.0,0.0,0.0,0.0,0.0
79126.118,-112.0,0.0,0.0,0.0,0.0,0.0,0.0,0.0,0.0,0.0,0.0,0.0,0.0,0.0
79128.118,-112.0,0.0,0.0,0.0,0.0,0.0,0.0,0.0,-1.0,0.0,0.0,0.0,0.0,0.0
79130.118,-112.0,1.0,0.0,0.0,0.0,0.0,0.0,0.0,0.0,0.0,0.0,0.0,0.0,0.0
79132.118,-112.0,4.0,0.0,0.0,0.0,0.0,0.0,0.0,2.0,0.0,0.0,0.0,0.0,0.0
79134.119,-112.0,3.0,0.0,0.0,0.0,0.0,0.0,0.0,0.0,0.0,0.0,0.0,0.0,0.0
79136.118,-112.0,-2.0,0.0,0.0,0.0,0.0,0.0,0.0,0.0,0.0,0.0,0.0,0.0,0.0
79138.118,-112.0,1.0,0.0,0.0,0.0,0.0,0.0,0.0,2.0,0.0,0.0,0.0,0.0,0.0
79140.118,-112.0,3.0,0.0,0.0,0.0,0.0,0.0,0.0,0.0,0.0,0.0,0.0,0.0,0.0
79142.119,-112.0,0.0,0.0,0.0,0.0,0.0,0.0,0.0,2.0,0.0,0.0,0.0,0.0,0.0
79144.118,-112.0,3.0,0.0,0.0,0.0,0.0,0.0,0.0,2.0,0.0,0.0,0.0,0.0,0.0
79146.118,-112.0,1.0,0.0,0.0,0.0,0.0,0.0,0.0,2.0,0.0,0.0,0.0,0.0,0.0
79148.118,-112.0,0.0,0.0,0.0,0.0,0.0,0.0,0.0,2.0,0.0,0.0,0.0,0.0,0.0
79150.118,-112.0,1.0,0.0,0.0,0.0,0.0,0.0,0.0,2.0,0.0,0.0,0.0,0.0,0.0
79152.119,-112.0,-1.0,0.0,0.0,0.0,0.0,0.0,0.0,1.0,0.0,0.0,0.0,0.0,0.0
79154.118,-112.0,2.0,0.0,0.0,0.0,0.0,0.0,0.0,2.0,0.0,0.0,0.0,0.0,0.0
79156.118,-112.0,0.0,0.0,0.0,0.0,0.0,0.0,0.0,0.0,0.0,0.0,0.0,0.0,0.0
79158.118,-112.0,1.0,0.0,0.0,0.0,0.0,0.0,0.0,1.0,0.0,0.0,0.0,0.0,0.0
79160.118,-112.0,2.0,0.0,0.0,0.0,0.0,0.0,0.0,2.0,0.0,0.0,0.0,0.0,0.0
79162.119,-112.0,1.0,0.0,0.0,0.0,0.0,0.0,0.0,0.0,0.0,0.0,0.0,0.0,0.0
79164.118,-112.0,2.0,0.0,0.0,0.0,0.0,0.0,0.0,0.0,0.0,0.0,0.0,0.0,0.0
79166.118,-112.0,6.0,0.0,0.0,0.0,0.0,0.0,0.0,1.0,0.0,0.0,0.0,0.0,0.0
79168.118,-112.0,0.0,0.0,0.0,0.0,0.0,0.0,0.0,2.0,0.0,0.0,0.0,0.0,0.0
79170.118,-112.0,2.0,0.0,0.0,0.0,0.0,0.0,0.0,3.0,0.0,0.0,0.0,0.0,0.0
79172.119,-112.0,3.0,0.0,0.0,0.0,0.0,0.0,0.0,3.0,0.0,0.0,0.0,0.0,0.0
79174.118,-112.0,-1.0,0.0,0.0,0.0,0.0,0.0,0.0,2.0,0.0,0.0,0.0,0.0,0.0
79176.118,-112.0,3.0,0.0,0.0,0.0,0.0,0.0,0.0,0.0,0.0,0.0,0.0,0.0,0.0
79178.118,-112.0,2.0,0.0,0.0,0.0,0.0,0.0,0.0,0.0,0.0,0.0,0.0,0.0,0.0
79180.118,-112.0,3.0,0.0,0.0,0.0,0.0,0.0,0.0,0.0,0.0,0.0,0.0,0.0,0.0
79182.119,-112.0,3.0,0.0,0.0,0.0,0.0,0.0,0.0,1.0,0.0,0.0,0.0,0.0,0.0
79184.118,-112.0,0.0,0.0,0.0,0.0,0.0,0.0,0.0,1.0,0.0,0.0,0.0,0.0,0.0
79186.118,-112.0,1.0,0.0,0.0,0.0,0.0,0.0,0.0,2.0,0.0,0.0,0.0,0.0,0.0
79188.118,-112.0,2.0,0.0,0.0,0.0,0.0,0.0,0.0,1.0,0.0,0.0,0.0,0.0,0.0
79190.118,-112.0,1.0,0.0,0.0,0.0,0.0,0.0,0.0,3.0,0.0,0.0,0.0,0.0,0.0
79192.119,-112.0,1.0,0.0,0.0,0.0,0.0,0.0,0.0,1.0,0.0,0.0,0.0,0.0,0.0
79194.118,-112.0,1.0,0.0,0.0,0.0,0.0,0.0,0.0,2.0,0.0,0.0,0.0,0.0,0.0
79196.118,-112.0,0.0,0.0,0.0,0.0,0.0,0.0,0.0,2.0,0.0,0.0,0.0,0.0,0.0
79198.118,-112.0,0.0,0.0,0.0,0.0,0.0,0.0,0.0,2.0,0.0,0.0,0.0,0.0,0.0
79200.118,-112.0,1.0,0.0,0.0,0.0,0.0,0.0,0.0,1.0,0.0,0.0,0.0,0.0,0.0
79202.118,-112.0,2.0,0.0,0.0,0.0,0.0,0.0,0.0,3.0,0.0,0.0,0.0,0.0,0.0
79204.118,-112.0,1.0,0.0,0.0,0.0,0.0,0.0,0.0,1.0,0.0,0.0,0.0,0.0,0.0
79206.118,-112.0,-3.0,0.0,0.0,0.0,0.0,0.0,0.0,4.0,0.0,0.0,0.0,0.0,0.0
79208.118,-112.0,2.0,0.0,0.0,0.0,0.0,0.0,0.0,2.0,0.0,0.0,0.0,0.0,0.0
79210.119,-112.0,3.0,0.0,0.0,0.0,0.0,0.0,0.0,4.0,0.0,0.0,0.0,0.0,0.0
79212.118,-112.0,-1.0,0.0,0.0,0.0,0.0,0.0,0.0,1.0,0.0,0.0,0.0,0.0,0.0
79214.118,-112.0,2.0,0.0,0.0,0.0,0.0,0.0,0.0,2.0,0.0,0.0,0.0,0.0,0.0
79216.118,-112.0,2.0,0.0,0.0,0.0,0.0,0.0,0.0,1.0,0.0,0.0,0.0,0.0,0.0
79218.118,-112.0,1.0,0.0,0.0,0.0,0.0,0.0,0.0,2.0,0.0,0.0,0.0,0.0,0.0
79220.119,-112.0,1.0,0.0,0.0,0.0,0.0,0.0,0.0,-2.0,0.0,0.0,0.0,0.0,0.0
79222.118,-112.0,2.0,0.0,0.0,0.0,0.0,0.0,0.0,3.0,0.0,0.0,0.0,0.0,0.0
79224.118,-112.0,0.0,0.0,0.0,0.0,0.0,0.0,0.0,3.0,0.0,0.0,0.0,0.0,0.0
79226.118,-112.0,-1.0,0.0,0.0,0.0,0.0,0.0,0.0,0.0,0.0,0.0,0.0,0.0,0.0
79228.118,-112.0,0.0,0.0,0.0,0.0,0.0,0.0,0.0,1.0,0.0,0.0,0.0,0.0,0.0
79230.118,-112.0,1.0,0.0,0.0,0.0,0.0,0.0,0.0,1.0,0.0,0.0,0.0,0.0,0.0
79232.119,-112.0,0.0,0.0,0.0,0.0,0.0,0.0,0.0,0.0,0.0,0.0,0.0,0.0,0.0
79234.118,-112.0,2.0,0.0,0.0,0.0,0.0,0.0,0.0,3.0,0.0,0.0,0.0,0.0,0.0
79236.118,-112.0,0.0,0.0,0.0,0.0,0.0,0.0,0.0,-1.0,0.0,0.0,0.0,0.0,0.0
79238.118,-112.0,2.0,0.0,0.0,0.0,0.0,0.0,0.0,1.0,0.0,0.0,0.0,0.0,0.0
79242.119,-112.0,2.0,0.0,0.0,0.0,0.0,0.0,0.0,1.0,0.0,0.0,0.0,0.0,0.0
79252.118,-112.0,1.0,0.0,0.0,0.0,0.0,0.0,0.0,4.0,0.0,0.0,0.0,0.0,0.0
79262.118,-112.0,0.0,0.0,0.0,0.0,0.0,0.0,0.0,1.0,0.0,0.0,0.0,0.0,0.0
79272.118,-112.0,1.0,0.0,0.0,0.0,0.0,0.0,0.0,-1.0,0.0,0.0,0.0,0.0,0.0
79282.118,-112.0,3.0,0.0,0.0,0.0,0.0,0.0,0.0,1.0,0.0,0.0,0.0,0.0,0.0
79292.118,-112.0,-1.0,0.0,0.0,0.0,0.0,0.0,0.0,4.0,0.0,0.0,0.0,0.0,0.0
79302.118,-112.0,2.0,0.0,0.0,0.0,0.0,0.0,0.0,1.0,0.0,0.0,0.0,0.0,0.0
79312.118,-112.0,-1.0,0.0,0.0,0.0,0.0,0.0,0.0,1.0,0.0,0.0,0.0,0.0,0.0
79322.119,-112.0,-1.0,0.0,0.0,0.0,0.0,0.0,0.0,0.0,0.0,0.0,0.0,0.0,0.0
79332.119,-112.0,0.0,0.0,0.0,0.0,0.0,0.0,0.0,1.0,0.0,0.0,0.0,0.0,0.0
79342.118,-112.0,0.0,0.0,0.0,0.0,0.0,0.0,0.0,3.0,0.0,0.0,0.0,0.0,0.0
79352.118,-112.0,3.0,0.0,0.0,0.0,0.0,0.0,0.0,3.0,0.0,0.0,0.0,0.0,0.0
79362.118,-112.0,-1.0,0.0,0.0,0.0,0.0,0.0,0.0,2.0,0.0,0.0,0.0,0.0,0.0
79372.118,-112.0,2.0,0.0,0.0,0.0,0.0,0.0,0.0,3.0,0.0,0.0,0.0,0.0,0.0
79382.118,-112.0,2.0,0.0,0.0,0.0,0.0,0.0,0.0,0.0,0.0,0.0,0.0,0.0,0.0
79392.119,-112.0,3.0,0.0,0.0,0.0,0.0,0.0,0.0,-1.0,0.0,0.0,0.0,0.0,0.0
79402.118,-112.0,3.0,0.0,0.0,0.0,0.0,0.0,0.0,1.0,0.0,0.0,0.0,0.0,0.0
79412.119,-112.0,2.0,0.0,0.0,0.0,0.0,0.0,0.0,-1.0,0.0,0.0,0.0,0.0,0.0
79422.118,-112.0,2.0,0.0,0.0,0.0,0.0,0.0,0.0,2.0,0.0,0.0,0.0,0.0,0.0
79432.118,-112.0,2.0,0.0,0.0,0.0,0.0,0.0,0.0,-1.0,0.0,0.0,0.0,0.0,0.0
79442.118,-112.0,4.0,0.0,0.0,0.0,0.0,0.0,0.0,1.0,0.0,0.0,0.0,0.0,0.0
79452.118,-112.0,3.0,0.0,0.0,0.0,0.0,0.0,0.0,3.0,0.0,0.0,0.0,0.0,0.0
79462.118,-112.0,0.0,0.0,0.0,0.0,0.0,0.0,0.0,1.0,0.0,0.0,0.0,0.0,0.0
79472.118,-112.0,1.0,0.0,0.0,0.0,0.0,0.0,0.0,-1.0,0.0,0.0,0.0,0.0,0.0
79482.118,-112.0,3.0,0.0,0.0,0.0,0.0,0.0,0.0,3.0,0.0,0.0,0.0,0.0,0.0
79492.119,-112.0,0.0,0.0,0.0,0.0,0.0,0.0,0.0,3.0,0.0,0.0,0.0,0.0,0.0
79502.118,-112.0,1.0,0.0,0.0,0.0,0.0,0.0,0.0,1.0,0.0,0.0,0.0,0.0,0.0
79512.118,-112.0,2.0,0.0,0.0,0.0,0.0,0.0,0.0,1.0,0.0,0.0,0.0,0.0,0.0
79522.118,-112.0,0.0,0.0,0.0,0.0,0.0,0.0,0.0,5.0,0.0,0.0,0.0,0.0,0.0
79532.119,-112.0,1.0,0.0,0.0,0.0,0.0,0.0,0.0,4.0,0.0,0.0,0.0,0.0,0.0
79542.118,-112.0,2.0,0.0,0.0,0.0,0.0,0.0,0.0,1.0,0.0,0.0,0.0,0.0,0.0
79552.118,-112.0,2.0,0.0,0.0,0.0,0.0,0.0,0.0,-2.0,0.0,0.0,0.0,0.0,0.0
79562.118,-112.0,1.0,0.0,0.0,0.0,0.0,0.0,0.0,3.0,0.0,0.0,0.0,0.0,0.0
79572.119,-112.0,2.0,0.0,0.0,0.0,0.0,0.0,0.0,3.0,0.0,0.0,0.0,0.0,0.0
79582.118,-112.0,1.0,0.0,0.0,0.0,0.0,0.0,0.0,3.0,0.0,0.0,0.0,0.0,0.0
79592.119,-112.0,0.0,0.0,0.0,0.0,0.0,0.0,0.0,3.0,0.0,0.0,0.0,0.0,0.0
79602.118,-112.0,2.0,0.0,0.0,0.0,0.0,0.0,0.0,0.0,0.0,0.0,0.0,0.0,0.0
79612.118,-112.0,2.0,0.0,0.0,0.0,0.0,0.0,0.0,2.0,0.0,0.0,0.0,0.0,0.0
79622.118,-112.0,2.0,0.0,0.0,0.0,0.0,0.0,0.0,4.0,0.0,0.0,0.0,0.0,0.0
79632.118,-112.0,1.0,0.0,0.0,0.0,0.0,0.0,0.0,3.0,0.0,0.0,0.0,0.0,0.0
79642.118,-112.0,1.0,0.0,0.0,0.0,0.0,0.0,0.0,0.0,0.0,0.0,0.0,0.0,0.0
79652.118,-112.0,0.0,0.0,0.0,0.0,0.0,0.0,0.0,1.0,0.0,0.0,0.0,0.0,0.0
79662.119,-112.0,0.0,0.0,0.0,0.0,0.0,0.0,0.0,0.0,0.0,0.0,0.0,0.0,0.0
79672.118,-112.0,0.0,0.0,0.0,0.0,0.0,0.0,0.0,3.0,0.0,0.0,0.0,0.0,0.0
79682.118,-112.0,0.0,0.0,0.0,0.0,0.0,0.0,0.0,2.0,0.0,0.0,0.0,0.0,0.0
79692.118,-112.0,-2.0,0.0,0.0,0.0,0.0,0.0,0.0,0.0,0.0,0.0,0.0,0.0,0.0
79702.118,-112.0,2.0,0.0,0.0,0.0,0.0,0.0,0.0,2.0,0.0,0.0,0.0,0.0,0.0
79712.118,-112.0,4.0,0.0,0.0,0.0,0.0,0.0,0.0,3.0,0.0,0.0,0.0,0.0,0.0
79722.118,-112.0,4.0,0.0,0.0,0.0,0.0,0.0,0.0,3.0,0.0,0.0,0.0,0.0,0.0
79732.118,-112.0,0.0,0.0,0.0,0.0,0.0,0.0,0.0,1.0,0.0,0.0,0.0,0.0,0.0
79742.119,-112.0,-1.0,0.0,0.0,0.0,0.0,0.0,0.0,2.0,0.0,0.0,0.0,0.0,0.0
79752.118,-112.0,2.0,0.0,0.0,0.0,0.0,0.0,0.0,2.0,0.0,0.0,0.0,0.0,0.0
79762.118,-112.0,-1.0,0.0,0.0,0.0,0.0,0.0,0.0,3.0,0.0,0.0,0.0,0.0,0.0
79772.118,-112.0,0.0,0.0,0.0,0.0,0.0,0.0,0.0,1.0,0.0,0.0,0.0,0.0,0.0
79782.118,-112.0,1.0,0.0,0.0,0.0,0.0,0.0,0.0,4.0,0.0,0.0,0.0,0.0,0.0
79792.118,-112.0,1.0,0.0,0.0,0.0,0.0,0.0,0.0,0.0,0.0,0.0,0.0,0.0,0.0
79802.118,-112.0,0.0,0.0,0.0,0.0,0.0,0.0,0.0,0.0,0.0,0.0,0.0,0.0,0.0
79812.118,-112.0,-1.0,0.0,0.0,0.0,0.0,0.0,0.0,3.0,0.0,0.0,0.0,0.0,0.0
79822.119,-112.0,0.0,0.0,0.0,0.0,0.0,0.0,0.0,1.0,0.0,0.0,0.0,0.0,0.0
79832.118,-112.0,3.0,0.0,0.0,0.0,0.0,0.0,0.0,3.0,0.0,0.0,0.0,0.0,0.0
79842.119,-112.0,3.0,0.0,0.0,0.0,0.0,0.0,0.0,3.0,0.0,0.0,0.0,0.0,0.0
79852.118,-112.0,1.0,0.0,0.0,0.0,0.0,0.0,0.0,3.0,0.0,0.0,0.0,0.0,0.0
79862.118,-112.0,1.0,0.0,0.0,0.0,0.0,0.0,0.0,2.0,0.0,0.0,0.0,0.0,0.0
79872.118,-112.0,3.0,0.0,0.0,0.0,0.0,0.0,0.0,1.0,0.0,0.0,0.0,0.0,0.0
79882.118,-112.0,3.0,0.0,0.0,0.0,0.0,0.0,0.0,0.0,0.0,0.0,0.0,0.0,0.0
79892.119,-112.0,2.0,0.0,0.0,0.0,0.0,0.0,0.0,-1.0,0.0,0.0,0.0,0.0,0.0
79902.118,-112.0,0.0,0.0,0.0,0.0,0.0,0.0,0.0,1.0,0.0,0.0,0.0,0.0,0.0
79912.119,-112.0,-2.0,0.0,0.0,0.0,0.0,0.0,0.0,0.0,0.0,0.0,0.0,0.0,0.0
79922.118,-112.0,2.0,0.0,0.0,0.0,0.0,0.0,0.0,3.0,0.0,0.0,0.0,0.0,0.0
79932.118,-112.0,1.0,0.0,0.0,0.0,0.0,0.0,0.0,5.0,0.0,0.0,0.0,0.0,0.0
79942.118,-112.0,4.0,0.0,0.0,0.0,0.0,0.0,0.0,1.0,0.0,0.0,0.0,0.0,0.0
79952.118,-112.0,2.0,0.0,0.0,0.0,0.0,0.0,0.0,3.0,0.0,0.0,0.0,0.0,0.0
79962.118,-112.0,-1.0,0.0,0.0,0.0,0.0,0.0,0.0,-1.0,0.0,0.0,0.0,0.0,0.0
79972.118,-112.0,2.0,0.0,0.0,0.0,0.0,0.0,0.0,1.0,0.0,0.0,0.0,0.0,0.0
79982.119,-112.0,1.0,0.0,0.0,0.0,0.0,0.0,0.0,0.0,0.0,0.0,0.0,0.0,0.0
79992.118,-112.0,1.0,0.0,0.0,0.0,0.0,0.0,0.0,-1.0,0.0,0.0,0.0,0.0,0.0
80002.118,-112.0,0.0,0.0,0.0,0.0,0.0,0.0,0.0,0.0,0.0,0.0,0.0,0.0,0.0
80012.118,-112.0,1.0,0.0,0.0,0.0,0.0,0.0,0.0,0.0,0.0,0.0,0.0,0.0,0.0
80022.118,-112.0,3.0,0.0,0.0,0.0,0.0,0.0,0.0,3.0,0.0,0.0,0.0,0.0,0.0
80032.118,-112.0,0.0,0.0,0.0,0.0,0.0,0.0,0.0,3.0,0.0,0.0,0.0,0.0,0.0
80042.118,-112.0,0.0,0.0,0.0,0.0,0.0,0.0,0.0,-2.0,0.0,0.0,0.0,0.0,0.0
80052.118,-112.0,0.0,0.0,0.0,0.0,0.0,0.0,0.0,2.0,0.0,0.0,0.0,0.0,0.0
80062.119,-112.0,1.0,0.0,0.0,0.0,0.0,0.0,0.0,3.0,0.0,0.0,0.0,0.0,0.0
80072.118,-112.0,1.0,0.0,0.0,0.0,0.0,0.0,0.0,2.0,0.0,0.0,0.0,0.0,0.0
80082.118,-112.0,-1.0,0.0,0.0,0.0,0.0,0.0,0.0,1.0,0.0,0.0,0.0,0.0,0.0
80092.118,-112.0,-1.0,0.0,0.0,0.0,0.0,0.0,0.0,1.0,0.0,0.0,0.0,0.0,0.0
80102.118,-112.0,-2.0,0.0,0.0,0.0,0.0,0.0,0.0,1.0,0.0,0.0,0.0,0.0,0.0
80112.118,-112.0,1.0,0.0,0.0,0.0,0.0,0.0,0.0,0.0,0.0,0.0,0.0,0.0,0.0
80122.118,-112.0,1.0,0.0,0.0,0.0,0.0,0.0,0.0,4.0,0.0,0.0,0.0,0.0,0.0
80132.118,-112.0,0.0,0.0,0.0,0.0,0.0,0.0,0.0,0.0,0.0,0.0,0.0,0.0,0.0
80142.119,-112.0,1.0,0.0,0.0,0.0,0.0,0.0,0.0,0.0,0.0,0.0,0.0,0.0,0.0
80152.118,-112.0,3.0,0.0,0.0,0.0,0.0,0.0,0.0,4.0,0.0,0.0,0.0,0.0,0.0
80162.119,-112.0,1.0,0.0,0.0,0.0,0.0,0.0,0.0,3.0,0.0,0.0,0.0,0.0,0.0
80172.118,-112.0,2.0,0.0,0.0,0.0,0.0,0.0,0.0,3.0,0.0,0.0,0.0,0.0,0.0
80182.118,-112.0,1.0,0.0,0.0,0.0,0.0,0.0,0.0,1.0,0.0,0.0,0.0,0.0,0.0
80192.118,-112.0,4.0,0.0,0.0,0.0,0.0,0.0,0.0,3.0,0.0,0.0,0.0,0.0,0.0
80202.118,-112.0,0.0,0.0,0.0,0.0,0.0,0.0,0.0,0.0,0.0,0.0,0.0,0.0,0.0
80212.119,-112.0,1.0,0.0,0.0,0.0,0.0,0.0,0.0,0.0,0.0,0.0,0.0,0.0,0.0
80222.118,-112.0,0.0,0.0,0.0,0.0,0.0,0.0,0.0,-1.0,0.0,0.0,0.0,0.0,0.0
80232.119,-112.0,-1.0,0.0,0.0,0.0,0.0,0.0,0.0,1.0,0.0,0.0,0.0,0.0,0.0
80242.118,-112.0,1.0,0.0,0.0,0.0,0.0,0.0,0.0,1.0,0.0,0.0,0.0,0.0,0.0
80252.118,-112.0,2.0,0.0,0.0,0.0,0.0,0.0,0.0,3.0,0.0,0.0,0.0,0.0,0.0
80262.118,-112.0,4.0,0.0,0.0,0.0,0.0,0.0,0.0,0.0,0.0,0.0,0.0,0.0,0.0
80272.118,-112.0,2.0,0.0,0.0,0.0,0.0,0.0,0.0,3.0,0.0,0.0,0.0,0.0,0.0
80282.118,-112.0,0.0,0.0,0.0,0.0,0.0,0.0,0.0,1.0,0.0,0.0,0.0,0.0,0.0
80292.118,-112.0,3.0,0.0,0.0,0.0,0.0,0.0,0.0,3.0,0.0,0.0,0.0,0.0,0.0
80302.119,-112.0,0.0,0.0,0.0,0.0,0.0,0.0,0.0,1.0,0.0,0.0,0.0,0.0,0.0
80312.118,-112.0,2.0,0.0,0.0,0.0,0.0,0.0,0.0,2.0,0.0,0.0,0.0,0.0,0.0
80322.118,-112.0,0.0,0.0,0.0,0.0,0.0,0.0,0.0,1.0,0.0,0.0,0.0,0.0,0.0
80332.118,-112.0,0.0,0.0,0.0,0.0,0.0,0.0,0.0,1.0,0.0,0.0,0.0,0.0,0.0
80342.118,-112.0,-1.0,0.0,0.0,0.0,0.0,0.0,0.0,4.0,0.0,0.0,0.0,0.0,0.0
80352.118,-112.0,0.0,0.0,0.0,0.0,0.0,0.0,0.0,4.0,0.0,0.0,0.0,0.0,0.0
80362.118,-112.0,2.0,0.0,0.0,0.0,0.0,0.0,0.0,1.0,0.0,0.0,0.0,0.0,0.0
80372.118,-112.0,2.0,0.0,0.0,0.0,0.0,0.0,0.0,1.0,0.0,0.0,0.0,0.0,0.0
80382.119,-112.0,2.0,0.0,0.0,0.0,0.0,0.0,0.0,1.0,0.0,0.0,0.0,0.0,0.0
80392.118,-112.0,1.0,0.0,0.0,0.0,0.0,0.0,0.0,2.0,0.0,0.0,0.0,0.0,0.0
80402.118,-112.0,2.0,0.0,0.0,0.0,0.0,0.0,0.0,3.0,0.0,0.0,0.0,0.0,0.0
80412.118,-112.0,2.0,0.0,0.0,0.0,0.0,0.0,0.0,0.0,0.0,0.0,0.0,0.0,0.0
80422.118,-112.0,0.0,0.0,0.0,0.0,0.0,0.0,0.0,5.0,0.0,0.0,0.0,0.0,0.0
80432.118,-112.0,4.0,0.0,0.0,0.0,0.0,0.0,0.0,4.0,0.0,0.0,0.0,0.0,0.0
80442.118,-112.0,0.0,0.0,0.0,0.0,0.0,0.0,0.0,0.0,0.0,0.0,0.0,0.0,0.0
80452.118,-112.0,0.0,0.0,0.0,0.0,0.0,0.0,0.0,0.0,0.0,0.0,0.0,0.0,0.0
80462.119,-112.0,0.0,0.0,0.0,0.0,0.0,0.0,0.0,1.0,0.0,0.0,0.0,0.0,0.0
80472.118,-112.0,0.0,0.0,0.0,0.0,0.0,0.0,0.0,0.0,0.0,0.0,0.0,0.0,0.0
80482.119,-112.0,1.0,0.0,0.0,0.0,0.0,0.0,0.0,1.0,0.0,0.0,0.0,0.0,0.0
80492.118,-112.0,1.0,0.0,0.0,0.0,0.0,0.0,0.0,2.0,0.0,0.0,0.0,0.0,0.0
80502.118,-112.0,2.0,0.0,0.0,0.0,0.0,0.0,0.0,2.0,0.0,0.0,0.0,0.0,0.0
80512.118,-112.0,-1.0,0.0,0.0,0.0,0.0,0.0,0.0,1.0,0.0,0.0,0.0,0.0,0.0
80522.118,-112.0,-1.0,0.0,0.0,0.0,0.0,0.0,0.0,2.0,0.0,0.0,0.0,0.0,0.0
80532.119,-112.0,0.0,0.0,0.0,0.0,0.0,0.0,0.0,1.0,0.0,0.0,0.0,0.0,0.0
80542.118,-112.0,1.0,0.0,0.0,0.0,0.0,0.0,0.0,1.0,0.0,0.0,0.0,0.0,0.0
80552.119,-112.0,2.0,0.0,0.0,0.0,0.0,0.0,0.0,2.0,0.0,0.0,0.0,0.0,0.0
80562.118,-112.0,2.0,0.0,0.0,0.0,0.0,0.0,0.0,0.0,0.0,0.0,0.0,0.0,0.0
80572.118,-112.0,1.0,0.0,0.0,0.0,0.0,0.0,0.0,3.0,0.0,0.0,0.0,0.0,0.0
80582.118,-112.0,3.0,0.0,0.0,0.0,0.0,0.0,0.0,1.0,0.0,0.0,0.0,0.0,0.0
80592.118,-112.0,1.0,0.0,0.0,0.0,0.0,0.0,0.0,1.0,0.0,0.0,0.0,0.0,0.0
80602.118,-112.0,2.0,0.0,0.0,0.0,0.0,0.0,0.0,1.0,0.0,0.0,0.0,0.0,0.0
80612.118,-112.0,1.0,0.0,0.0,0.0,0.0,0.0,0.0,0.0,0.0,0.0,0.0,0.0,0.0
80622.119,-112.0,1.0,0.0,0.0,0.0,0.0,0.0,0.0,-1.0,0.0,0.0,0.0,0.0,0.0
80632.118,-112.0,0.0,0.0,0.0,0.0,0.0,0.0,0.0,0.0,0.0,0.0,0.0,0.0,0.0
80642.118,-112.0,2.0,0.0,0.0,0.0,0.0,0.0,0.0,2.0,0.0,0.0,0.0,0.0,0.0
80652.118,-112.0,1.0,0.0,0.0,0.0,0.0,0.0,0.0,3.0,0.0,0.0,0.0,0.0,0.0
80662.118,-112.0,4.0,0.0,0.0,0.0,0.0,0.0,0.0,3.0,0.0,0.0,0.0,0.0,0.0
80672.118,-112.0,0.0,0.0,0.0,0.0,0.0,0.0,0.0,1.0,0.0,0.0,0.0,0.0,0.0
80682.118,-112.0,-1.0,0.0,0.0,0.0,0.0,0.0,0.0,-1.0,0.0,0.0,0.0,0.0,0.0
80692.118,-112.0,-1.0,0.0,0.0,0.0,0.0,0.0,0.0,1.0,0.0,0.0,0.0,0.0,0.0
80702.119,-112.0,3.0,0.0,0.0,0.0,0.0,0.0,0.0,6.0,0.0,0.0,0.0,0.0,0.0
80712.118,-112.0,0.0,0.0,0.0,0.0,0.0,0.0,0.0,1.0,0.0,0.0,0.0,0.0,0.0
80722.118,-112.0,0.0,0.0,0.0,0.0,0.0,0.0,0.0,3.0,0.0,0.0,0.0,0.0,0.0
80732.118,-112.0,3.0,0.0,0.0,0.0,0.0,0.0,0.0,2.0,0.0,0.0,0.0,0.0,0.0
80742.118,-112.0,-2.0,0.0,0.0,0.0,0.0,0.0,0.0,0.0,0.0,0.0,0.0,0.0,0.0
80752.118,-112.0,1.0,0.0,0.0,0.0,0.0,0.0,0.0,2.0,0.0,0.0,0.0,0.0,0.0
80762.118,-112.0,3.0,0.0,0.0,0.0,0.0,0.0,0.0,4.0,0.0,0.0,0.0,0.0,0.0
80772.118,-112.0,0.0,0.0,0.0,0.0,0.0,0.0,0.0,3.0,0.0,0.0,0.0,0.0,0.0
80782.119,-112.0,3.0,0.0,0.0,0.0,0.0,0.0,0.0,-1.0,0.0,0.0,0.0,0.0,0.0
80792.118,-112.0,0.0,0.0,0.0,0.0,0.0,0.0,0.0,2.0,0.0,0.0,0.0,0.0,0.0
80802.119,-112.0,1.0,0.0,0.0,0.0,0.0,0.0,0.0,-1.0,0.0,0.0,0.0,0.0,0.0
80812.118,-112.0,1.0,0.0,0.0,0.0,0.0,0.0,0.0,-3.0,0.0,0.0,0.0,0.0,0.0
80822.118,-112.0,1.0,0.0,0.0,0.0,0.0,0.0,0.0,-1.0,0.0,0.0,0.0,0.0,0.0
80832.118,-112.0,-1.0,0.0,0.0,0.0,0.0,0.0,0.0,1.0,0.0,0.0,0.0,0.0,0.0
80842.118,-112.0,-1.0,0.0,0.0,0.0,0.0,0.0,0.0,2.0,0.0,0.0,0.0,0.0,0.0
80852.119,-112.0,2.0,0.0,0.0,0.0,0.0,0.0,0.0,4.0,0.0,0.0,0.0,0.0,0.0
80862.118,-112.0,2.0,0.0,0.0,0.0,0.0,0.0,0.0,-1.0,0.0,0.0,0.0,0.0,0.0
80872.119,-112.0,2.0,0.0,0.0,0.0,0.0,0.0,0.0,-1.0,0.0,0.0,0.0,0.0,0.0
80882.118,-112.0,0.0,0.0,0.0,0.0,0.0,0.0,0.0,1.0,0.0,0.0,0.0,0.0,0.0
80892.118,-112.0,1.0,0.0,0.0,0.0,0.0,0.0,0.0,3.0,0.0,0.0,0.0,0.0,0.0
80902.118,-112.0,2.0,0.0,0.0,0.0,0.0,0.0,0.0,0.0,0.0,0.0,0.0,0.0,0.0
80912.118,-112.0,0.0,0.0,0.0,0.0,0.0,0.0,0.0,1.0,0.0,0.0,0.0,0.0,0.0
80922.118,-112.0,-1.0,0.0,0.0,0.0,0.0,0.0,0.0,2.0,0.0,0.0,0.0,0.0,0.0
80932.118,-112.0,6.0,0.0,0.0,0.0,0.0,0.0,0.0,0.0,0.0,0.0,0.0,0.0,0.0
80942.119,-112.0,1.0,0.0,0.0,0.0,0.0,0.0,0.0,0.0,0.0,0.0,0.0,0.0,0.0
80952.118,-112.0,1.0,0.0,0.0,0.0,0.0,0.0,0.0,1.0,0.0,0.0,0.0,0.0,0.0
80962.118,-112.0,1.0,0.0,0.0,0.0,0.0,0.0,0.0,1.0,0.0,0.0,0.0,0.0,0.0
80972.118,-112.0,1.0,0.0,0.0,0.0,0.0,0.0,0.0,4.0,0.0,0.0,0.0,0.0,0.0
80982.118,-112.0,1.0,0.0,0.0,0.0,0.0,0.0,0.0,2.0,0.0,0.0,0.0,0.0,0.0
80992.118,-112.0,0.0,0.0,0.0,0.0,0.0,0.0,0.0,2.0,0.0,0.0,0.0,0.0,0.0
81002.118,-112.0,4.0,0.0,0.0,0.0,0.0,0.0,0.0,2.0,0.0,0.0,0.0,0.0,0.0
81012.118,-112.0,3.0,0.0,0.0,0.0,0.0,0.0,0.0,0.0,0.0,0.0,0.0,0.0,0.0
81022.119,-112.0,1.0,0.0,0.0,0.0,0.0,0.0,0.0,3.0,0.0,0.0,0.0,0.0,0.0
81032.118,-112.0,0.0,0.0,0.0,0.0,0.0,0.0,0.0,-1.0,0.0,0.0,0.0,0.0,0.0
81042.118,-112.0,2.0,0.0,0.0,0.0,0.0,0.0,0.0,1.0,0.0,0.0,0.0,0.0,0.0
81052.118,-112.0,-1.0,0.0,0.0,0.0,0.0,0.0,0.0,1.0,0.0,0.0,0.0,0.0,0.0
81062.118,-112.0,0.0,0.0,0.0,0.0,0.0,0.0,0.0,-1.0,0.0,0.0,0.0,0.0,0.0
81072.118,-112.0,3.0,0.0,0.0,0.0,0.0,0.0,0.0,1.0,0.0,0.0,0.0,0.0,0.0
81082.118,-112.0,3.0,0.0,0.0,0.0,0.0,0.0,0.0,0.0,0.0,0.0,0.0,0.0,0.0
81092.118,-112.0,3.0,0.0,0.0,0.0,0.0,0.0,0.0,0.0,0.0,0.0,0.0,0.0,0.0
81102.119,-112.0,1.0,0.0,0.0,0.0,0.0,0.0,0.0,0.0,0.0,0.0,0.0,0.0,0.0
81112.118,-112.0,1.0,0.0,0.0,0.0,0.0,0.0,0.0,-1.0,0.0,0.0,0.0,0.0,0.0
81122.119,-112.0,-1.0,0.0,0.0,0.0,0.0,0.0,0.0,3.0,0.0,0.0,0.0,0.0,0.0
81132.118,-112.0,2.0,0.0,0.0,0.0,0.0,0.0,0.0,1.0,0.0,0.0,0.0,0.0,0.0
81142.118,-112.0,2.0,0.0,0.0,0.0,0.0,0.0,0.0,2.0,0.0,0.0,0.0,0.0,0.0
81152.118,-112.0,0.0,0.0,0.0,0.0,0.0,0.0,0.0,1.0,0.0,0.0,0.0,0.0,0.0
81162.118,-112.0,1.0,0.0,0.0,0.0,0.0,0.0,0.0,1.0,0.0,0.0,0.0,0.0,0.0
81172.119,-112.0,1.0,0.0,0.0,0.0,0.0,0.0,0.0,3.0,0.0,0.0,0.0,0.0,0.0
81182.118,-112.0,2.0,0.0,0.0,0.0,0.0,0.0,0.0,2.0,0.0,0.0,0.0,0.0,0.0
81192.119,-112.0,2.0,0.0,0.0,0.0,0.0,0.0,0.0,1.0,0.0,0.0,0.0,0.0,0.0
81202.118,-112.0,2.0,0.0,0.0,0.0,0.0,0.0,0.0,1.0,0.0,0.0,0.0,0.0,0.0
81212.118,-112.0,0.0,0.0,0.0,0.0,0.0,0.0,0.0,1.0,0.0,0.0,0.0,0.0,0.0
81222.118,-112.0,4.0,0.0,0.0,0.0,0.0,0.0,0.0,0.0,0.0,0.0,0.0,0.0,0.0
81232.118,-112.0,0.0,0.0,0.0,0.0,0.0,0.0,0.0,-1.0,0.0,0.0,0.0,0.0,0.0
81242.118,-112.0,3.0,0.0,0.0,0.0,0.0,0.0,0.0,4.0,0.0,0.0,0.0,0.0,0.0
81252.118,-112.0,0.0,0.0,0.0,0.0,0.0,0.0,0.0,2.0,0.0,0.0,0.0,0.0,0.0
81262.119,-112.0,3.0,0.0,0.0,0.0,0.0,0.0,0.0,1.0,0.0,0.0,0.0,0.0,0.0
81272.118,-112.0,2.0,0.0,0.0,0.0,0.0,0.0,0.0,-1.0,0.0,0.0,0.0,0.0,0.0
81282.118,-112.0,2.0,0.0,0.0,0.0,0.0,0.0,0.0,-2.0,0.0,0.0,0.0,0.0,0.0
81292.118,-112.0,0.0,0.0,0.0,0.0,0.0,0.0,0.0,1.0,0.0,0.0,0.0,0.0,0.0
81302.118,-112.0,2.0,0.0,0.0,0.0,0.0,0.0,0.0,0.0,0.0,0.0,0.0,0.0,0.0
81312.118,-112.0,0.0,0.0,0.0,0.0,0.0,0.0,0.0,2.0,0.0,0.0,0.0,0.0,0.0
81322.118,-112.0,-1.0,0.0,0.0,0.0,0.0,0.0,0.0,-2.0,0.0,0.0,0.0,0.0,0.0
81332.118,-112.0,1.0,0.0,0.0,0.0,0.0,0.0,0.0,-1.0,0.0,0.0,0.0,0.0,0.0
81342.119,-112.0,1.0,0.0,0.0,0.0,0.0,0.0,0.0,4.0,0.0,0.0,0.0,0.0,0.0
81352.118,-112.0,-1.0,0.0,0.0,0.0,0.0,0.0,0.0,2.0,0.0,0.0,0.0,0.0,0.0
81362.118,-112.0,0.0,0.0,0.0,0.0,0.0,0.0,0.0,3.0,0.0,0.0,0.0,0.0,0.0
81372.118,-112.0,0.0,0.0,0.0,0.0,0.0,0.0,0.0,2.0,0.0,0.0,0.0,0.0,0.0
81382.118,-112.0,0.0,0.0,0.0,0.0,0.0,0.0,0.0,4.0,0.0,0.0,0.0,0.0,0.0
81392.118,-112.0,3.0,0.0,0.0,0.0,0.0,0.0,0.0,-2.0,0.0,0.0,0.0,0.0,0.0
81402.118,-112.0,1.0,0.0,0.0,0.0,0.0,0.0,0.0,0.0,0.0,0.0,0.0,0.0,0.0
81412.118,-112.0,0.0,0.0,0.0,0.0,0.0,0.0,0.0,0.0,0.0,0.0,0.0,0.0,0.0
81422.119,-112.0,-1.0,0.0,0.0,0.0,0.0,0.0,0.0,3.0,0.0,0.0,0.0,0.0,0.0
81432.118,-112.0,3.0,0.0,0.0,0.0,0.0,0.0,0.0,2.0,0.0,0.0,0.0,0.0,0.0
81442.119,-112.0,2.0,0.0,0.0,0.0,0.0,0.0,0.0,2.0,0.0,0.0,0.0,0.0,0.0
81452.118,-112.0,3.0,0.0,0.0,0.0,0.0,0.0,0.0,0.0,0.0,0.0,0.0,0.0,0.0
81462.118,-112.0,3.0,0.0,0.0,0.0,0.0,0.0,0.0,4.0,0.0,0.0,0.0,0.0,0.0
81472.118,-112.0,1.0,0.0,0.0,0.0,0.0,0.0,0.0,1.0,0.0,0.0,0.0,0.0,0.0
81482.118,-112.0,0.0,0.0,0.0,0.0,0.0,0.0,0.0,1.0,0.0,0.0,0.0,0.0,0.0
81492.119,-112.0,2.0,0.0,0.0,0.0,0.0,0.0,0.0,4.0,0.0,0.0,0.0,0.0,0.0
81502.118,-112.0,1.0,0.0,0.0,0.0,0.0,0.0,0.0,2.0,0.0,0.0,0.0,0.0,0.0
81512.119,-112.0,2.0,0.0,0.0,0.0,0.0,0.0,0.0,0.0,0.0,0.0,0.0,0.0,0.0
81522.118,-112.0,0.0,0.0,0.0,0.0,0.0,0.0,0.0,1.0,0.0,0.0,0.0,0.0,0.0
81532.118,-112.0,2.0,0.0,0.0,0.0,0.0,0.0,0.0,2.0,0.0,0.0,0.0,0.0,0.0
81542.118,-112.0,-1.0,0.0,0.0,0.0,0.0,0.0,0.0,1.0,0.0,0.0,0.0,0.0,0.0
81552.118,-112.0,0.0,0.0,0.0,0.0,0.0,0.0,0.0,-2.0,0.0,0.0,0.0,0.0,0.0
81562.118,-112.0,1.0,0.0,0.0,0.0,0.0,0.0,0.0,5.0,0.0,0.0,0.0,0.0,0.0
81572.118,-112.0,3.0,0.0,0.0,0.0,0.0,0.0,0.0,1.0,0.0,0.0,0.0,0.0,0.0
81582.119,-112.0,1.0,0.0,0.0,0.0,0.0,0.0,0.0,1.0,0.0,0.0,0.0,0.0,0.0
81592.118,-112.0,-1.0,0.0,0.0,0.0,0.0,0.0,0.0,1.0,0.0,0.0,0.0,0.0,0.0
81602.118,-112.0,1.0,0.0,0.0,0.0,0.0,0.0,0.0,0.0,0.0,0.0,0.0,0.0,0.0
81612.118,-112.0,-1.0,0.0,0.0,0.0,0.0,0.0,0.0,2.0,0.0,0.0,0.0,0.0,0.0
81622.118,-112.0,2.0,0.0,0.0,0.0,0.0,0.0,0.0,2.0,0.0,0.0,0.0,0.0,0.0
81632.118,-112.0,0.0,0.0,0.0,0.0,0.0,0.0,0.0,1.0,0.0,0.0,0.0,0.0,0.0
81642.118,-112.0,1.0,0.0,0.0,0.0,0.0,0.0,0.0,3.0,0.0,0.0,0.0,0.0,0.0
81652.118,-112.0,1.0,0.0,0.0,0.0,0.0,0.0,0.0,3.0,0.0,0.0,0.0,0.0,0.0
81662.119,-112.0,1.0,0.0,0.0,0.0,0.0,0.0,0.0,1.0,0.0,0.0,0.0,0.0,0.0
81672.118,-112.0,2.0,0.0,0.0,0.0,0.0,0.0,0.0,1.0,0.0,0.0,0.0,0.0,0.0
81682.118,-112.0,0.0,0.0,0.0,0.0,0.0,0.0,0.0,1.0,0.0,0.0,0.0,0.0,0.0
81692.118,-112.0,2.0,0.0,0.0,0.0,0.0,0.0,0.0,2.0,0.0,0.0,0.0,0.0,0.0
81702.118,-112.0,0.0,0.0,0.0,0.0,0.0,0.0,0.0,2.0,0.0,0.0,0.0,0.0,0.0
81712.118,-112.0,0.0,0.0,0.0,0.0,0.0,0.0,0.0,0.0,0.0,0.0,0.0,0.0,0.0
81722.118,-112.0,0.0,0.0,0.0,0.0,0.0,0.0,0.0,2.0,0.0,0.0,0.0,0.0,0.0
81732.118,-112.0,1.0,0.0,0.0,0.0,0.0,0.0,0.0,-2.0,0.0,0.0,0.0,0.0,0.0
81742.119,-112.0,3.0,0.0,0.0,0.0,0.0,0.0,0.0,2.0,0.0,0.0,0.0,0.0,0.0
81752.118,-112.0,1.0,0.0,0.0,0.0,0.0,0.0,0.0,2.0,0.0,0.0,0.0,0.0,0.0
81762.119,-112.0,4.0,0.0,0.0,0.0,0.0,0.0,0.0,0.0,0.0,0.0,0.0,0.0,0.0
81772.118,-112.0,1.0,0.0,0.0,0.0,0.0,0.0,0.0,3.0,0.0,0.0,0.0,0.0,0.0
81782.118,-112.0,3.0,0.0,0.0,0.0,0.0,0.0,0.0,1.0,0.0,0.0,0.0,0.0,0.0
81792.118,-112.0,0.0,0.0,0.0,0.0,0.0,0.0,0.0,0.0,0.0,0.0,0.0,0.0,0.0
81802.118,-112.0,0.0,0.0,0.0,0.0,0.0,0.0,0.0,-1.0,0.0,0.0,0.0,0.0,0.0
81812.119,-112.0,0.0,0.0,0.0,0.0,0.0,0.0,0.0,0.0,0.0,0.0,0.0,0.0,0.0
81822.118,-112.0,0.0,0.0,0.0,0.0,0.0,0.0,0.0,1.0,0.0,0.0,0.0,0.0,0.0
81832.119,-112.0,0.0,0.0,0.0,0.0,0.0,0.0,0.0,1.0,0.0,0.0,0.0,0.0,0.0
81842.118,-112.0,1.0,0.0,0.0,0.0,0.0,0.0,0.0,0.0,0.0,0.0,0.0,0.0,0.0
81852.118,-112.0,2.0,0.0,0.0,0.0,0.0,0.0,0.0,1.0,0.0,0.0,0.0,0.0,0.0
81862.118,-112.0,1.0,0.0,0.0,0.0,0.0,0.0,0.0,2.0,0.0,0.0,0.0,0.0,0.0
81872.118,-112.0,1.0,0.0,0.0,0.0,0.0,0.0,0.0,2.0,0.0,0.0,0.0,0.0,0.0
81882.118,-112.0,2.0,0.0,0.0,0.0,0.0,0.0,0.0,2.0,0.0,0.0,0.0,0.0,0.0
81892.118,-112.0,3.0,0.0,0.0,0.0,0.0,0.0,0.0,2.0,0.0,0.0,0.0,0.0,0.0
81902.119,-112.0,0.0,0.0,0.0,0.0,0.0,0.0,0.0,1.0,0.0,0.0,0.0,0.0,0.0
81912.118,-112.0,4.0,0.0,0.0,0.0,0.0,0.0,0.0,3.0,0.0,0.0,0.0,0.0,0.0
81922.118,-112.0,-1.0,0.0,0.0,0.0,0.0,0.0,0.0,4.0,0.0,0.0,0.0,0.0,0.0
81932.118,-112.0,2.0,0.0,0.0,0.0,0.0,0.0,0.0,2.0,0.0,0.0,0.0,0.0,0.0
81942.118,-112.0,1.0,0.0,0.0,0.0,0.0,0.0,0.0,-1.0,0.0,0.0,0.0,0.0,0.0
81952.118,-112.0,0.0,0.0,0.0,0.0,0.0,0.0,0.0,1.0,0.0,0.0,0.0,0.0,0.0
81962.118,-112.0,1.0,0.0,0.0,0.0,0.0,0.0,0.0,3.0,0.0,0.0,0.0,0.0,0.0
81972.118,-112.0,-1.0,0.0,0.0,0.0,0.0,0.0,0.0,1.0,0.0,0.0,0.0,0.0,0.0
81982.119,-112.0,1.0,0.0,0.0,0.0,0.0,0.0,0.0,0.0,0.0,0.0,0.0,0.0,0.0
81992.118,-112.0,0.0,0.0,0.0,0.0,0.0,0.0,0.0,-1.0,0.0,0.0,0.0,0.0,0.0
82002.118,-112.0,4.0,0.0,0.0,0.0,0.0,0.0,0.0,1.0,0.0,0.0,0.0,0.0,0.0
82012.118,-112.0,2.0,0.0,0.0,0.0,0.0,0.0,0.0,1.0,0.0,0.0,0.0,0.0,0.0
82022.118,-112.0,2.0,0.0,0.0,0.0,0.0,0.0,0.0,4.0,0.0,0.0,0.0,0.0,0.0
82032.118,-112.0,1.0,0.0,0.0,0.0,0.0,0.0,0.0,3.0,0.0,0.0,0.0,0.0,0.0
82042.118,-112.0,1.0,0.0,0.0,0.0,0.0,0.0,0.0,3.0,0.0,0.0,0.0,0.0,0.0
82052.118,-112.0,6.0,0.0,0.0,0.0,0.0,0.0,0.0,1.0,0.0,0.0,0.0,0.0,0.0
82062.119,-112.0,1.0,0.0,0.0,0.0,0.0,0.0,0.0,0.0,0.0,0.0,0.0,0.0,0.0
82072.118,-112.0,0.0,0.0,0.0,0.0,0.0,0.0,0.0,1.0,0.0,0.0,0.0,0.0,0.0
82082.119,-112.0,3.0,0.0,0.0,0.0,0.0,0.0,0.0,1.0,0.0,0.0,0.0,0.0,0.0
82092.118,-112.0,1.0,0.0,0.0,0.0,0.0,0.0,0.0,1.0,0.0,0.0,0.0,0.0,0.0
82102.118,-112.0,0.0,0.0,0.0,0.0,0.0,0.0,0.0,-1.0,0.0,0.0,0.0,0.0,0.0
82112.118,-112.0,1.0,0.0,0.0,0.0,0.0,0.0,0.0,2.0,0.0,0.0,0.0,0.0,0.0
82122.118,-112.0,2.0,0.0,0.0,0.0,0.0,0.0,0.0,0.0,0.0,0.0,0.0,0.0,0.0
82132.119,-112.0,0.0,0.0,0.0,0.0,0.0,0.0,0.0,3.0,0.0,0.0,0.0,0.0,0.0
82142.118,-112.0,0.0,0.0,0.0,0.0,0.0,0.0,0.0,0.0,0.0,0.0,0.0,0.0,0.0
82152.119,-112.0,0.0,0.0,0.0,0.0,0.0,0.0,0.0,2.0,0.0,0.0,0.0,0.0,0.0
82162.118,-112.0,3.0,0.0,0.0,0.0,0.0,0.0,0.0,0.0,0.0,0.0,0.0,0.0,0.0
82172.118,-112.0,-1.0,0.0,0.0,0.0,0.0,0.0,0.0,1.0,0.0,0.0,0.0,0.0,0.0
82182.118,-112.0,2.0,0.0,0.0,0.0,0.0,0.0,0.0,1.0,0.0,0.0,0.0,0.0,0.0
82192.118,-112.0,2.0,0.0,0.0,0.0,0.0,0.0,0.0,1.0,0.0,0.0,0.0,0.0,0.0
82202.118,-112.0,0.0,0.0,0.0,0.0,0.0,0.0,0.0,2.0,0.0,0.0,0.0,0.0,0.0
82212.118,-112.0,2.0,0.0,0.0,0.0,0.0,0.0,0.0,2.0,0.0,0.0,0.0,0.0,0.0
82222.119,-112.0,3.0,0.0,0.0,0.0,0.0,0.0,0.0,1.0,0.0,0.0,0.0,0.0,0.0
82232.118,-112.0,0.0,0.0,0.0,0.0,0.0,0.0,0.0,3.0,0.0,0.0,0.0,0.0,0.0
82242.118,-112.0,4.0,0.0,0.0,0.0,0.0,0.0,0.0,2.0,0.0,0.0,0.0,0.0,0.0
82252.118,-111.0,3.0,0.0,0.0,0.0,0.0,0.0,0.0,2.0,0.0,0.0,0.0,0.0,0.0
82262.118,-110.0,-1.0,0.0,0.0,0.0,0.0,0.0,0.0,1.0,0.0,0.0,0.0,0.0,0.0
82272.118,-109.0,0.0,0.0,0.0,0.0,0.0,0.0,0.0,-1.0,0.0,0.0,0.0,0.0,0.0
82282.118,-109.0,1.0,0.0,0.0,0.0,0.0,0.0,0.0,1.0,0.0,0.0,0.0,0.0,0.0
82292.118,-109.0,0.0,0.0,0.0,0.0,0.0,0.0,0.0,0.0,0.0,0.0,0.0,0.0,0.0
82302.119,-109.0,3.0,0.0,0.0,0.0,0.0,0.0,0.0,2.0,0.0,0.0,0.0,0.0,0.0
82312.118,-109.0,0.0,0.0,0.0,0.0,0.0,0.0,0.0,2.0,0.0,0.0,0.0,0.0,0.0
82322.118,-109.0,2.0,0.0,0.0,0.0,0.0,0.0,0.0,2.0,0.0,0.0,0.0,0.0,0.0
82332.118,-109.0,0.0,0.0,0.0,0.0,0.0,0.0,0.0,1.0,0.0,0.0,0.0,0.0,0.0
82342.118,-109.0,0.0,0.0,0.0,0.0,0.0,0.0,0.0,3.0,0.0,0.0,0.0,0.0,0.0
82352.118,-109.0,3.0,0.0,0.0,0.0,0.0,0.0,0.0,0.0,0.0,0.0,0.0,0.0,0.0
82362.118,-109.0,2.0,0.0,0.0,0.0,0.0,0.0,0.0,0.0,0.0,0.0,0.0,0.0,0.0
82372.118,-109.0,1.0,0.0,0.0,0.0,0.0,0.0,0.0,1.0,0.0,0.0,0.0,0.0,0.0
82382.119,-109.0,2.0,0.0,0.0,0.0,0.0,0.0,0.0,-3.0,0.0,0.0,0.0,0.0,0.0
82392.118,-109.0,2.0,0.0,0.0,0.0,0.0,0.0,0.0,-1.0,0.0,0.0,0.0,0.0,0.0
82402.119,-109.0,3.0,0.0,0.0,0.0,0.0,0.0,0.0,-1.0,0.0,0.0,0.0,0.0,0.0
82412.118,-109.0,0.0,0.0,0.0,0.0,0.0,0.0,0.0,-3.0,0.0,0.0,0.0,0.0,0.0
82422.118,-109.0,-1.0,0.0,0.0,0.0,0.0,0.0,0.0,0.0,0.0,0.0,0.0,0.0,0.0
82432.118,-109.0,3.0,0.0,0.0,0.0,0.0,0.0,0.0,-1.0,0.0,0.0,0.0,0.0,0.0
82442.118,-109.0,4.0,0.0,0.0,0.0,0.0,0.0,0.0,3.0,0.0,0.0,0.0,0.0,0.0
82452.119,-110.0,1.0,0.0,0.0,0.0,0.0,0.0,0.0,0.0,0.0,0.0,0.0,0.0,0.0
82462.118,-110.0,6.0,0.0,0.0,0.0,0.0,0.0,0.0,1.0,0.0,0.0,0.0,0.0,0.0
82472.119,-109.0,3.0,0.0,0.0,0.0,0.0,0.0,0.0,2.0,0.0,0.0,0.0,0.0,0.0
82482.118,-110.0,5.0,0.0,0.0,0.0,0.0,0.0,0.0,3.0,0.0,0.0,0.0,0.0,0.0
82492.118,-109.0,0.0,0.0,0.0,0.0,0.0,0.0,0.0,1.0,0.0,0.0,0.0,0.0,0.0
82502.118,-110.0,0.0,0.0,0.0,0.0,0.0,0.0,0.0,3.0,0.0,0.0,0.0,0.0,0.0
82512.118,-110.0,0.0,0.0,0.0,0.0,0.0,0.0,0.0,3.0,0.0,0.0,0.0,0.0,0.0
82522.118,-110.0,0.0,0.0,0.0,0.0,0.0,0.0,0.0,0.0,0.0,0.0,0.0,0.0,0.0
82532.118,-109.0,2.0,0.0,0.0,0.0,0.0,0.0,0.0,2.0,0.0,0.0,0.0,0.0,0.0
82542.119,-108.0,1.0,0.0,0.0,0.0,0.0,0.0,0.0,1.0,0.0,0.0,0.0,0.0,0.0
82552.118,-108.0,1.0,0.0,0.0,0.0,0.0,0.0,0.0,0.0,0.0,0.0,0.0,0.0,0.0
82562.118,-107.0,3.0,0.0,0.0,0.0,0.0,0.0,0.0,3.0,0.0,0.0,0.0,0.0,0.0
82572.118,-107.0,-2.0,0.0,0.0,0.0,0.0,0.0,0.0,3.0,0.0,0.0,0.0,0.0,0.0
82582.118,-107.0,1.0,0.0,0.0,0.0,0.0,0.0,0.0,1.0,0.0,0.0,0.0,0.0,0.0
82592.118,-106.0,1.0,0.0,0.0,0.0,0.0,0.0,0.0,1.0,0.0,0.0,0.0,0.0,0.0
82602.118,-107.0,4.0,0.0,0.0,0.0,0.0,0.0,0.0,1.0,0.0,0.0,0.0,0.0,0.0
82612.118,-106.0,3.0,0.0,0.0,0.0,0.0,0.0,0.0,1.0,0.0,0.0,0.0,0.0,0.0
82622.119,-106.0,0.0,0.0,0.0,0.0,0.0,0.0,0.0,-1.0,0.0,0.0,0.0,0.0,0.0
82632.118,-106.0,1.0,0.0,0.0,0.0,0.0,0.0,0.0,1.0,0.0,0.0,0.0,0.0,0.0
82642.118,-106.0,1.0,0.0,0.0,0.0,0.0,0.0,0.0,0.0,0.0,0.0,0.0,0.0,0.0
82652.118,-105.0,1.0,0.0,0.0,0.0,0.0,0.0,0.0,-2.0,0.0,0.0,0.0,0.0,0.0
82662.118,-104.0,1.0,0.0,0.0,0.0,0.0,0.0,0.0,0.0,0.0,0.0,0.0,0.0,0.0
82672.118,-104.0,4.0,0.0,0.0,0.0,0.0,0.0,0.0,0.0,0.0,0.0,0.0,0.0,0.0
82682.118,-103.0,0.0,0.0,0.0,0.0,0.0,0.0,0.0,-3.0,0.0,0.0,0.0,0.0,0.0
82692.118,-103.0,-1.0,0.0,0.0,0.0,0.0,0.0,0.0,2.0,0.0,0.0,0.0,0.0,0.0
82702.119,-103.0,0.0,0.0,0.0,0.0,0.0,0.0,0.0,2.0,0.0,0.0,0.0,0.0,0.0
82712.118,-102.0,3.0,0.0,0.0,0.0,0.0,0.0,0.0,0.0,0.0,0.0,0.0,0.0,0.0
82722.119,-101.0,2.0,0.0,0.0,0.0,0.0,0.0,0.0,2.0,0.0,0.0,0.0,0.0,0.0
82732.118,-99.0,2.0,0.0,0.0,0.0,0.0,0.0,0.0,3.0,0.0,0.0,0.0,0.0,0.0
82742.118,-95.0,1.0,0.0,0.0,0.0,0.0,0.0,0.0,2.0,0.0,0.0,0.0,0.0,0.0
82752.118,-91.0,2.0,0.0,0.0,0.0,0.0,0.0,0.0,1.0,0.0,0.0,0.0,0.0,0.0
82762.118,-86.0,1.0,0.0,0.0,0.0,0.0,0.0,0.0,-1.0,0.0,0.0,0.0,0.0,0.0
82772.119,-80.0,2.0,0.0,0.0,0.0,0.0,0.0,0.0,0.0,0.0,0.0,0.0,0.0,0.0
82782.118,-72.0,0.0,0.0,0.0,0.0,0.0,0.0,0.0,-1.0,0.0,0.0,0.0,0.0,0.0
82792.119,-62.0,-1.0,0.0,0.0,0.0,0.0,0.0,0.0,2.0,0.0,0.0,0.0,0.0,0.0
82802.118,-51.0,0.0,0.0,0.0,0.0,0.0,0.0,0.0,0.0,0.0,0.0,0.0,0.0,0.0
82812.118,-41.0,1.0,0.0,0.0,0.0,0.0,0.0,0.0,-1.0,0.0,0.0,0.0,0.0,0.0
82822.118,-29.0,4.0,0.0,0.0,0.0,0.0,0.0,0.0,1.0,0.0,0.0,0.0,0.0,0.0
82832.118,-15.0,7.0,0.0,0.0,0.0,0.0,0.0,0.0,4.0,0.0,0.0,0.0,0.0,0.0
82842.118,1.0,15.0,0.0,0.0,0.0,0.0,0.0,0.0,3.0,0.0,0.0,0.0,0.0,0.0
82852.118,17.0,20.0,0.0,0.0,0.0,0.0,0.0,0.0,4.0,0.0,0.0,0.0,0.0,0.0
82862.119,35.0,31.0,0.0,0.0,0.0,0.0,0.0,0.0,5.0,0.0,0.0,0.0,0.0,0.0
82872.118,54.0,44.0,0.0,0.0,0.0,0.0,0.0,0.0,6.0,0.0,0.0,0.0,0.0,0.0
82882.118,73.0,57.0,0.0,0.0,0.0,0.0,0.0,0.0,0.0,0.0,0.0,0.0,0.0,0.0
82892.118,93.0,75.0,0.0,0.0,0.0,0.0,0.0,0.0,0.0,0.0,0.0,0.0,0.0,0.0
82902.118,113.0,97.0,0.0,0.0,0.0,0.0,0.0,0.0,1.0,0.0,0.0,0.0,0.0,0.0
82912.118,134.0,118.0,0.0,0.0,0.0,0.0,0.0,0.0,0.0,0.0,0.0,0.0,0.0,0.0
82922.118,155.0,136.0,0.0,0.0,0.0,0.0,0.0,0.0,1.0,0.0,0.0,0.0,0.0,0.0
82932.118,178.0,163.0,0.0,0.0,0.0,0.0,0.0,0.0,1.0,0.0,0.0,0.0,0.0,0.0
82942.119,202.0,184.0,0.0,0.0,0.0,0.0,0.0,0.0,-3.0,0.0,0.0,0.0,0.0,0.0
82952.118,227.0,206.0,0.0,0.0,0.0,0.0,0.0,0.0,0.0,0.0,0.0,0.0,0.0,0.0
82962.118,250.0,230.0,0.0,0.0,0.0,0.0,0.0,0.0,-1.0,0.0,0.0,0.0,0.0,0.0
82972.119,275.0,254.0,0.0,0.0,0.0,0.0,0.0,0.0,-2.0,0.0,0.0,0.0,0.0,0.0
82982.119,300.0,277.0,0.0,0.0,0.0,0.0,0.0,0.0,-1.0,0.0,0.0,0.0,0.0,0.0
82992.119,325.0,299.0,0.0,0.0,0.0,0.0,0.0,0.0,-1.0,0.0,0.0,0.0,0.0,0.0
83002.118,350.0,329.0,0.0,0.0,0.0,0.0,0.0,0.0,1.0,0.0,0.0,0.0,0.0,0.0
83012.118,375.0,354.0,0.0,0.0,0.0,0.0,0.0,0.0,-1.0,0.0,0.0,0.0,0.0,0.0
83022.119,401.0,385.0,0.0,0.0,0.0,0.0,0.0,0.0,1.0,0.0,0.0,0.0,0.0,0.0
83032.118,426.0,414.0,0.0,0.0,0.0,0.0,0.0,0.0,0.0,0.0,0.0,0.0,0.0,0.0
83042.119,449.0,448.0,0.0,0.0,0.0,0.0,0.0,0.0,-1.0,0.0,0.0,0.0,0.0,0.0
83052.118,473.0,482.0,0.0,0.0,0.0,0.0,0.0,0.0,-2.0,0.0,0.0,0.0,0.0,0.0
83062.118,496.0,517.0,0.0,0.0,0.0,0.0,0.0,0.0,3.0,0.0,0.0,0.0,0.0,0.0
83072.118,520.0,554.0,0.0,0.0,0.0,0.0,0.0,0.0,-1.0,0.0,0.0,0.0,0.0,0.0
83082.118,543.0,596.0,0.0,0.0,0.0,0.0,0.0,0.0,0.0,0.0,0.0,0.0,0.0,0.0
83092.119,567.0,636.0,0.0,0.0,0.0,0.0,0.0,0.0,3.0,0.0,0.0,0.0,0.0,0.0
83102.118,591.0,679.0,0.0,0.0,0.0,0.0,0.0,0.0,4.0,0.0,0.0,0.0,0.0,0.0
83112.119,615.0,720.0,0.0,0.0,0.0,0.0,0.0,0.0,1.0,0.0,0.0,0.0,0.0,0.0
83122.118,639.0,765.0,0.0,0.0,0.0,0.0,0.0,0.0,3.0,0.0,0.0,0.0,0.0,0.0
83132.118,663.0,806.0,0.0,0.0,0.0,0.0,0.0,0.0,4.0,0.0,0.0,0.0,0.0,0.0
83142.118,688.0,850.0,0.0,0.0,0.0,0.0,0.0,0.0,6.0,0.0,0.0,0.0,0.0,0.0
83152.118,713.0,896.0,0.0,0.0,0.0,0.0,0.0,0.0,4.0,0.0,0.0,0.0,0.0,0.0
83162.118,739.0,938.0,0.0,0.0,0.0,0.0,0.0,0.0,4.0,0.0,0.0,0.0,0.0,0.0
83172.118,765.0,981.0,0.0,0.0,0.0,0.0,0.0,0.0,5.0,0.0,0.0,0.0,0.0,0.0
83182.119,793.0,1022.0,0.0,0.0,0.0,0.0,0.0,0.0,4.0,0.0,0.0,0.0,0.0,0.0
83192.118,822.0,1063.0,0.0,0.0,0.0,0.0,0.0,0.0,8.0,0.0,0.0,0.0,0.0,0.0
83202.118,850.0,1105.0,0.0,0.0,0.0,0.0,0.0,0.0,4.0,0.0,0.0,0.0,0.0,0.0
83212.118,881.0,1149.0,0.0,0.0,0.0,0.0,0.0,0.0,4.0,0.0,0.0,0.0,0.0,0.0
83222.118,911.0,1187.0,0.0,0.0,0.0,0.0,0.0,0.0,6.0,0.0,0.0,0.0,0.0,0.0
83232.118,943.0,1229.0,0.0,0.0,0.0,0.0,0.0,0.0,6.0,0.0,0.0,0.0,0.0,0.0
83242.118,975.0,1270.0,0.0,0.0,0.0,0.0,0.0,0.0,-2.0,0.0,0.0,0.0,0.0,0.0
83252.119,1009.0,1312.0,0.0,0.0,0.0,0.0,0.0,0.0,4.0,0.0,0.0,0.0,0.0,0.0
83262.118,1043.0,1353.0,0.0,0.0,0.0,0.0,0.0,0.0,-1.0,0.0,0.0,0.0,0.0,0.0
83272.118,1078.0,1392.0,0.0,0.0,0.0,0.0,0.0,0.0,1.0,0.0,0.0,0.0,0.0,0.0
83282.119,1114.0,1431.0,0.0,0.0,0.0,0.0,0.0,0.0,1.0,0.0,0.0,0.0,0.0,0.0
83292.118,1153.0,1476.0,0.0,0.0,0.0,0.0,0.0,0.0,-2.0,0.0,0.0,0.0,0.0,0.0
83302.118,1192.0,1519.0,0.0,0.0,0.0,0.0,0.0,0.0,-1.0,0.0,0.0,0.0,0.0,0.0
83312.118,1232.0,1559.0,0.0,0.0,0.0,0.0,0.0,0.0,-1.0,0.0,0.0,0.0,0.0,0.0
83322.118,1273.0,1599.0,0.0,0.0,0.0,0.0,0.0,0.0,-1.0,0.0,0.0,0.0,0.0,0.0
83332.119,1314.0,1640.0,0.0,0.0,0.0,0.0,0.0,0.0,-1.0,0.0,0.0,0.0,0.0,0.0
83342.118,1357.0,1684.0,0.0,0.0,0.0,0.0,0.0,0.0,1.0,0.0,0.0,0.0,0.0,0.0
83352.118,1398.0,1722.0,0.0,0.0,0.0,0.0,0.0,0.0,0.0,0.0,0.0,0.0,0.0,0.0
83362.118,1441.0,1760.0,0.0,0.0,0.0,0.0,0.0,0.0,-2.0,0.0,0.0,0.0,0.0,0.0
83372.118,1483.0,1798.0,0.0,0.0,0.0,0.0,0.0,0.0,0.0,0.0,0.0,0.0,0.0,0.0
83382.118,1526.0,1834.0,0.0,0.0,0.0,0.0,0.0,0.0,-1.0,0.0,0.0,0.0,0.0,0.0
83392.118,1567.0,1865.0,0.0,0.0,0.0,0.0,0.0,0.0,-2.0,0.0,0.0,0.0,0.0,0.0
83402.119,1608.0,1900.0,0.0,0.0,0.0,0.0,0.0,0.0,1.0,0.0,0.0,0.0,0.0,0.0
83412.118,1650.0,1929.0,0.0,0.0,0.0,0.0,0.0,0.0,0.0,0.0,0.0,0.0,0.0,0.0
83422.118,1689.0,1954.0,0.0,0.0,0.0,0.0,0.0,0.0,0.0,0.0,0.0,0.0,0.0,0.0
83432.118,1728.0,1974.0,0.0,0.0,0.0,0.0,0.0,0.0,-1.0,0.0,0.0,0.0,0.0,0.0
83442.118,1765.0,1994.0,0.0,0.0,0.0,0.0,0.0,0.0,-1.0,0.0,0.0,0.0,0.0,0.0
83452.118,1803.0,2008.0,0.0,0.0,0.0,0.0,0.0,0.0,-4.0,0.0,0.0,0.0,0.0,0.0
83462.118,1840.0,2020.0,0.0,0.0,0.0,0.0,0.0,0.0,-1.0,0.0,0.0,0.0,0.0,0.0
83472.118,1877.0,2031.0,0.0,0.0,0.0,0.0,0.0,0.0,-3.0,0.0,0.0,0.0,0.0,0.0
83482.119,1913.0,2037.0,0.0,0.0,0.0,0.0,0.0,0.0,-3.0,0.0,0.0,0.0,0.0,0.0
83492.119,1948.0,2046.0,0.0,0.0,0.0,0.0,0.0,0.0,-4.0,0.0,0.0,0.0,0.0,0.0
83502.118,1983.0,2050.0,0.0,0.0,0.0,0.0,0.0,0.0,-2.0,0.0,0.0,0.0,0.0,0.0
83512.118,2016.0,2058.0,0.0,0.0,0.0,0.0,0.0,0.0,-4.0,0.0,0.0,0.0,0.0,0.0
83522.118,2048.0,2061.0,0.0,0.0,0.0,0.0,0.0,0.0,-3.0,0.0,0.0,0.0,0.0,0.0
83532.118,2080.0,2065.0,0.0,0.0,0.0,0.0,0.0,0.0,-4.0,0.0,0.0,0.0,0.0,0.0
83542.118,2111.0,2065.0,0.0,0.0,0.0,0.0,0.0,0.0,-4.0,0.0,0.0,0.0,0.0,0.0
83552.119,2142.0,2068.0,0.0,0.0,0.0,0.0,0.0,0.0,0.0,0.0,0.0,0.0,0.0,0.0
83562.118,2173.0,2069.0,0.0,0.0,0.0,0.0,0.0,0.0,-1.0,0.0,0.0,0.0,0.0,0.0
83572.119,2203.0,2071.0,0.0,0.0,0.0,0.0,0.0,0.0,-1.0,0.0,0.0,0.0,0.0,0.0
83582.118,2233.0,2075.0,0.0,0.0,0.0,0.0,0.0,0.0,-1.0,0.0,0.0,0.0,0.0,0.0
83592.119,2261.0,2076.0,0.0,0.0,0.0,0.0,0.0,0.0,-2.0,0.0,0.0,0.0,0.0,0.0
83602.118,2289.0,2077.0,0.0,0.0,0.0,0.0,0.0,0.0,-1.0,0.0,0.0,0.0,0.0,0.0
83612.118,2317.0,2079.0,0.0,0.0,0.0,0.0,0.0,0.0,-3.0,0.0,0.0,0.0,0.0,0.0
83622.118,2344.0,2080.0,0.0,0.0,0.0,0.0,0.0,0.0,-2.0,0.0,0.0,0.0,0.0,0.0
83632.118,2370.0,2082.0,0.0,0.0,0.0,0.0,0.0,0.0,-1.0,0.0,0.0,0.0,0.0,0.0
83642.119,2395.0,2085.0,0.0,0.0,0.0,0.0,0.0,0.0,-4.0,0.0,0.0,0.0,0.0,0.0
83652.118,2421.0,2084.0,0.0,0.0,0.0,0.0,0.0,0.0,-6.0,0.0,0.0,0.0,0.0,0.0
83662.118,2444.0,2083.0,0.0,0.0,0.0,0.0,0.0,0.0,-3.0,0.0,0.0,0.0,0.0,0.0
83672.119,2467.0,2079.0,0.0,0.0,0.0,0.0,0.0,0.0,-1.0,0.0,0.0,0.0,0.0,0.0
83682.118,2490.0,2078.0,0.0,0.0,0.0,0.0,0.0,0.0,-2.0,0.0,0.0,0.0,0.0,0.0
83692.118,2513.0,2077.0,0.0,0.0,0.0,0.0,0.0,0.0,2.0,0.0,0.0,0.0,0.0,0.0
83702.118,2535.0,2080.0,0.0,0.0,0.0,0.0,0.0,0.0,-1.0,0.0,0.0,0.0,0.0,0.0
83712.119,2556.0,2076.0,0.0,0.0,0.0,0.0,0.0,0.0,0.0,0.0,0.0,0.0,0.0,0.0
83722.118,2578.0,2080.0,0.0,0.0,0.0,0.0,0.0,0.0,-3.0,0.0,0.0,0.0,0.0,0.0
83732.118,2599.0,2075.0,0.0,0.0,0.0,0.0,0.0,0.0,-3.0,0.0,0.0,0.0,0.0,0.0
83742.118,2618.0,2079.0,0.0,0.0,0.0,0.0,0.0,0.0,-3.0,0.0,0.0,0.0,0.0,0.0
83752.118,2636.0,2073.0,0.0,0.0,0.0,0.0,0.0,0.0,1.0,0.0,0.0,0.0,0.0,0.0
83762.118,2654.0,2070.0,0.0,0.0,0.0,0.0,0.0,0.0,-2.0,0.0,0.0,0.0,0.0,0.0
83772.118,2671.0,2065.0,0.0,0.0,0.0,0.0,0.0,0.0,-3.0,0.0,0.0,0.0,0.0,0.0
83782.119,2687.0,2064.0,0.0,0.0,0.0,0.0,0.0,0.0,0.0,0.0,0.0,0.0,0.0,0.0
83792.118,2702.0,2056.0,0.0,0.0,0.0,0.0,0.0,0.0,-3.0,0.0,0.0,0.0,0.0,0.0
83802.118,2716.0,2053.0,0.0,0.0,0.0,0.0,0.0,0.0,-5.0,0.0,0.0,0.0,0.0,0.0
83812.118,2729.0,2044.0,0.0,0.0,0.0,0.0,0.0,0.0,-1.0,0.0,0.0,0.0,0.0,0.0
83822.118,2741.0,2033.0,0.0,0.0,0.0,0.0,0.0,0.0,0.0,0.0,0.0,0.0,0.0,0.0
83832.118,2752.0,2024.0,0.0,0.0,0.0,0.0,0.0,0.0,-1.0,0.0,0.0,0.0,0.0,0.0
83842.118,2763.0,2015.0,0.0,0.0,0.0,0.0,0.0,0.0,-2.0,0.0,0.0,0.0,0.0,0.0
83852.118,2772.0,2006.0,0.0,0.0,0.0,0.0,0.0,0.0,-1.0,0.0,0.0,0.0,0.0,0.0
83862.119,2780.0,1992.0,0.0,0.0,0.0,0.0,0.0,0.0,-4.0,0.0,0.0,0.0,0.0,0.0
83872.118,2789.0,1986.0,0.0,0.0,0.0,0.0,0.0,0.0,-3.0,0.0,0.0,0.0,0.0,0.0
83882.119,2797.0,1971.0,0.0,0.0,0.0,0.0,0.0,0.0,0.0,0.0,0.0,0.0,0.0,0.0
83892.118,2802.0,1957.0,0.0,0.0,0.0,0.0,0.0,0.0,-2.0,0.0,0.0,0.0,0.0,0.0
83902.118,2805.0,1945.0,0.0,0.0,0.0,0.0,0.0,0.0,-2.0,0.0,0.0,0.0,0.0,0.0
83912.118,2808.0,1930.0,0.0,0.0,0.0,0.0,0.0,0.0,-2.0,0.0,0.0,0.0,0.0,0.0
83922.118,2809.0,1915.0,0.0,0.0,0.0,0.0,0.0,0.0,0.0,0.0,0.0,0.0,0.0,0.0
83932.118,2809.0,1903.0,0.0,0.0,0.0,0.0,0.0,0.0,-2.0,0.0,0.0,0.0,0.0,0.0
83942.118,2809.0,1890.0,0.0,0.0,0.0,0.0,0.0,0.0,-5.0,0.0,0.0,0.0,0.0,0.0
83952.119,2809.0,1872.0,0.0,0.0,0.0,0.0,0.0,0.0,-2.0,0.0,0.0,0.0,0.0,0.0
83962.118,2809.0,1860.0,0.0,0.0,0.0,0.0,0.0,0.0,-3.0,0.0,0.0,0.0,0.0,0.0
83972.118,2809.0,1850.0,0.0,0.0,0.0,0.0,0.0,0.0,-1.0,0.0,0.0,0.0,0.0,0.0
83982.118,2809.0,1837.0,0.0,0.0,0.0,0.0,0.0,0.0,-3.0,0.0,0.0,0.0,0.0,0.0
83992.118,2809.0,1828.0,0.0,0.0,0.0,0.0,0.0,0.0,-5.0,0.0,0.0,0.0,0.0,0.0
84002.118,2809.0,1820.0,0.0,0.0,0.0,0.0,0.0,0.0,-1.0,0.0,0.0,0.0,0.0,0.0
84012.118,2809.0,1809.0,0.0,0.0,0.0,0.0,0.0,0.0,-3.0,0.0,0.0,0.0,0.0,0.0
84022.119,2809.0,1804.0,0.0,0.0,0.0,0.0,0.0,0.0,-3.0,0.0,0.0,0.0,0.0,0.0
84032.118,2809.0,1793.0,0.0,0.0,0.0,0.0,0.0,0.0,-3.0,0.0,0.0,0.0,0.0,0.0
84042.118,2809.0,1786.0,0.0,0.0,0.0,0.0,0.0,0.0,-2.0,0.0,0.0,0.0,0.0,0.0
84052.118,2809.0,1783.0,0.0,0.0,0.0,0.0,0.0,0.0,-6.0,0.0,0.0,0.0,0.0,0.0
84062.118,2809.0,1773.0,0.0,0.0,0.0,0.0,0.0,0.0,-4.0,0.0,0.0,0.0,0.0,0.0
84072.118,2809.0,1770.0,0.0,0.0,0.0,0.0,0.0,0.0,-4.0,0.0,0.0,0.0,0.0,0.0
84082.118,2809.0,1765.0,0.0,0.0,0.0,0.0,0.0,0.0,-7.0,0.0,0.0,0.0,0.0,0.0
84092.119,2809.0,1759.0,0.0,0.0,0.0,0.0,0.0,0.0,-5.0,0.0,0.0,0.0,0.0,0.0
84102.118,2809.0,1754.0,0.0,0.0,0.0,0.0,0.0,0.0,-4.0,0.0,0.0,0.0,0.0,0.0
84112.118,2809.0,1752.0,0.0,0.0,0.0,0.0,0.0,0.0,-2.0,0.0,0.0,0.0,0.0,0.0
84122.118,2809.0,1750.0,0.0,0.0,0.0,0.0,0.0,0.0,-4.0,0.0,0.0,0.0,0.0,0.0
84132.118,2809.0,1743.0,0.0,0.0,0.0,0.0,0.0,0.0,-2.0,0.0,0.0,0.0,0.0,0.0
84142.118,2809.0,1744.0,0.0,0.0,0.0,0.0,0.0,0.0,-4.0,0.0,0.0,0.0,0.0,0.0
84152.118,2809.0,1736.0,0.0,0.0,0.0,0.0,0.0,0.0,-5.0,0.0,0.0,0.0,0.0,0.0
84162.118,2809.0,1732.0,0.0,0.0,0.0,0.0,0.0,0.0,-4.0,0.0,0.0,0.0,0.0,0.0
84172.119,2809.0,1726.0,0.0,0.0,0.0,0.0,0.0,0.0,-2.0,0.0,0.0,0.0,0.0,0.0
84182.118,2809.0,1722.0,0.0,0.0,0.0,0.0,0.0,0.0,-2.0,0.0,0.0,0.0,0.0,0.0
84192.118,2809.0,1717.0,0.0,0.0,0.0,0.0,0.0,0.0,-1.0,0.0,0.0,0.0,0.0,0.0
84202.118,2810.0,1712.0,0.0,0.0,0.0,0.0,0.0,0.0,-2.0,0.0,0.0,0.0,0.0,0.0
84212.118,2810.0,1707.0,0.0,0.0,0.0,0.0,0.0,0.0,-4.0,0.0,0.0,0.0,0.0,0.0
84222.118,2810.0,1705.0,0.0,0.0,0.0,0.0,0.0,0.0,0.0,0.0,0.0,0.0,0.0,0.0
84232.118,2810.0,1701.0,0.0,0.0,0.0,0.0,0.0,0.0,-4.0,0.0,0.0,0.0,0.0,0.0
84242.119,2810.0,1696.0,0.0,0.0,0.0,0.0,0.0,0.0,-7.0,0.0,0.0,0.0,0.0,0.0
84252.118,2810.0,1687.0,0.0,0.0,0.0,0.0,0.0,0.0,-5.0,0.0,0.0,0.0,0.0,0.0
84262.119,2810.0,1684.0,0.0,0.0,0.0,0.0,0.0,0.0,-4.0,0.0,0.0,0.0,0.0,0.0
84272.118,2810.0,1680.0,0.0,0.0,0.0,0.0,0.0,0.0,-5.0,0.0,0.0,0.0,0.0,0.0
84282.118,2810.0,1677.0,0.0,0.0,0.0,0.0,0.0,0.0,-5.0,0.0,0.0,0.0,0.0,0.0
84292.118,2810.0,1671.0,0.0,0.0,0.0,0.0,0.0,0.0,-4.0,0.0,0.0,0.0,0.0,0.0
84302.118,2810.0,1666.0,0.0,0.0,0.0,0.0,0.0,0.0,-8.0,0.0,0.0,0.0,0.0,0.0
84312.118,2810.0,1665.0,0.0,0.0,0.0,0.0,0.0,0.0,-4.0,0.0,0.0,0.0,0.0,0.0
84322.118,2809.0,1662.0,0.0,0.0,0.0,0.0,0.0,0.0,-5.0,0.0,0.0,0.0,0.0,0.0
84332.118,2808.0,1658.0,0.0,0.0,0.0,0.0,0.0,0.0,-3.0,0.0,0.0,0.0,0.0,0.0
84342.119,2806.0,1654.0,0.0,0.0,0.0,0.0,0.0,0.0,-3.0,0.0,0.0,0.0,0.0,0.0
84352.118,2804.0,1650.0,0.0,0.0,0.0,0.0,0.0,0.0,-6.0,0.0,0.0,0.0,0.0,0.0
84362.118,2802.0,1645.0,0.0,0.0,0.0,0.0,0.0,0.0,-3.0,0.0,0.0,0.0,0.0,0.0
84372.118,2799.0,1646.0,0.0,0.0,0.0,0.0,0.0,0.0,-2.0,0.0,0.0,0.0,0.0,0.0
84382.118,2796.0,1645.0,0.0,0.0,0.0,0.0,0.0,0.0,-2.0,0.0,0.0,0.0,0.0,0.0
84392.118,2793.0,1639.0,0.0,0.0,0.0,0.0,0.0,0.0,0.0,0.0,0.0,0.0,0.0,0.0
84402.118,2790.0,1640.0,0.0,0.0,0.0,0.0,0.0,0.0,-4.0,0.0,0.0,0.0,0.0,0.0
84412.119,2788.0,1640.0,0.0,0.0,0.0,0.0,0.0,0.0,-4.0,0.0,0.0,0.0,0.0,0.0
84422.118,2785.0,1638.0,0.0,0.0,0.0,0.0,0.0,0.0,-2.0,0.0,0.0,0.0,0.0,0.0
84432.118,2782.0,1639.0,0.0,0.0,0.0,0.0,0.0,0.0,-1.0,0.0,0.0,0.0,0.0,0.0
84442.118,2780.0,1634.0,0.0,0.0,0.0,0.0,0.0,0.0,2.0,0.0,0.0,0.0,0.0,0.0
84452.118,2780.0,1638.0,0.0,0.0,0.0,0.0,0.0,0.0,-2.0,0.0,0.0,0.0,0.0,0.0
84462.118,2779.0,1643.0,0.0,0.0,0.0,0.0,0.0,0.0,0.0,0.0,0.0,0.0,0.0,0.0
84472.118,2779.0,1638.0,0.0,0.0,0.0,0.0,0.0,0.0,0.0,0.0,0.0,0.0,0.0,0.0
84482.118,2779.0,1645.0,0.0,0.0,0.0,0.0,0.0,0.0,-1.0,0.0,0.0,0.0,0.0,0.0
84492.119,2780.0,1641.0,0.0,0.0,0.0,0.0,0.0,0.0,-2.0,0.0,0.0,0.0,0.0,0.0
84502.118,2781.0,1642.0,0.0,0.0,0.0,0.0,0.0,0.0,3.0,0.0,0.0,0.0,0.0,0.0
84512.118,2783.0,1641.0,0.0,0.0,0.0,0.0,0.0,0.0,4.0,0.0,0.0,0.0,0.0,0.0
84522.118,2787.0,1640.0,0.0,0.0,0.0,0.0,0.0,0.0,-1.0,0.0,0.0,0.0,0.0,0.0
84532.118,2792.0,1644.0,0.0,0.0,0.0,0.0,0.0,0.0,0.0,0.0,0.0,0.0,0.0,0.0
84542.118,2797.0,1645.0,0.0,0.0,0.0,0.0,0.0,0.0,-1.0,0.0,0.0,0.0,0.0,0.0
84552.118,2802.0,1649.0,0.0,0.0,0.0,0.0,0.0,0.0,-3.0,0.0,0.0,0.0,0.0,0.0
84562.119,2807.0,1645.0,0.0,0.0,0.0,0.0,0.0,0.0,-2.0,0.0,0.0,0.0,0.0,0.0
84572.118,2814.0,1651.0,0.0,0.0,0.0,0.0,0.0,0.0,-3.0,0.0,0.0,0.0,0.0,0.0
84582.119,2821.0,1655.0,0.0,0.0,0.0,0.0,0.0,0.0,-1.0,0.0,0.0,0.0,0.0,0.0
84592.118,2828.0,1667.0,0.0,0.0,0.0,0.0,0.0,0.0,0.0,0.0,0.0,0.0,0.0,0.0
84602.118,2834.0,1674.0,0.0,0.0,0.0,0.0,0.0,0.0,-3.0,0.0,0.0,0.0,0.0,0.0
84612.118,2841.0,1680.0,0.0,0.0,0.0,0.0,0.0,0.0,0.0,0.0,0.0,0.0,0.0,0.0
84622.118,2848.0,1686.0,0.0,0.0,0.0,0.0,0.0,0.0,1.0,0.0,0.0,0.0,0.0,0.0
84632.118,2854.0,1697.0,0.0,0.0,0.0,0.0,0.0,0.0,-2.0,0.0,0.0,0.0,0.0,0.0
84642.118,2861.0,1701.0,0.0,0.0,0.0,0.0,0.0,0.0,0.0,0.0,0.0,0.0,0.0,0.0
84652.118,2866.0,1707.0,0.0,0.0,0.0,0.0,0.0,0.0,-3.0,0.0,0.0,0.0,0.0,0.0
84662.119,2871.0,1711.0,0.0,0.0,0.0,0.0,0.0,0.0,1.0,0.0,0.0,0.0,0.0,0.0
84672.118,2877.0,1716.0,0.0,0.0,0.0,0.0,0.0,0.0,0.0,0.0,0.0,0.0,0.0,0.0
84682.118,2881.0,1720.0,0.0,0.0,0.0,0.0,0.0,0.0,-2.0,0.0,0.0,0.0,0.0,0.0
84692.118,2885.0,1728.0,0.0,0.0,0.0,0.0,0.0,0.0,0.0,0.0,0.0,0.0,0.0,0.0
84702.118,2889.0,1730.0,0.0,0.0,0.0,0.0,0.0,0.0,0.0,0.0,0.0,0.0,0.0,0.0
84712.118,2892.0,1732.0,0.0,0.0,0.0,0.0,0.0,0.0,1.0,0.0,0.0,0.0,0.0,0.0
84722.118,2895.0,1738.0,0.0,0.0,0.0,0.0,0.0,0.0,2.0,0.0,0.0,0.0,0.0,0.0
84732.119,2897.0,1744.0,0.0,0.0,0.0,0.0,0.0,0.0,-2.0,0.0,0.0,0.0,0.0,0.0
84742.118,2898.0,1745.0,0.0,0.0,0.0,0.0,0.0,0.0,-2.0,0.0,0.0,0.0,0.0,0.0
84752.118,2899.0,1750.0,0.0,0.0,0.0,0.0,0.0,0.0,-1.0,0.0,0.0,0.0,0.0,0.0
84762.118,2899.0,1752.0,0.0,0.0,0.0,0.0,0.0,0.0,-3.0,0.0,0.0,0.0,0.0,0.0
84772.118,2899.0,1756.0,0.0,0.0,0.0,0.0,0.0,0.0,-2.0,0.0,0.0,0.0,0.0,0.0
84782.118,2899.0,1758.0,0.0,0.0,0.0,0.0,0.0,0.0,-2.0,0.0,0.0,0.0,0.0,0.0
84792.118,2899.0,1762.0,0.0,0.0,0.0,0.0,0.0,0.0,-3.0,0.0,0.0,0.0,0.0,0.0
84802.118,2899.0,1761.0,0.0,0.0,0.0,0.0,0.0,0.0,-4.0,0.0,0.0,0.0,0.0,0.0
84812.119,2899.0,1763.0,0.0,0.0,0.0,0.0,0.0,0.0,-5.0,0.0,0.0,0.0,0.0,0.0
84822.118,2899.0,1764.0,0.0,0.0,0.0,0.0,0.0,0.0,-7.0,0.0,0.0,0.0,0.0,0.0
84832.118,2899.0,1762.0,0.0,0.0,0.0,0.0,0.0,0.0,-4.0,0.0,0.0,0.0,0.0,0.0
84842.118,2899.0,1760.0,0.0,0.0,0.0,0.0,0.0,0.0,-4.0,0.0,0.0,0.0,0.0,0.0
84852.118,2899.0,1759.0,0.0,0.0,0.0,0.0,0.0,0.0,-5.0,0.0,0.0,0.0,0.0,0.0
84862.118,2899.0,1758.0,0.0,0.0,0.0,0.0,0.0,0.0,-1.0,0.0,0.0,0.0,0.0,0.0
84872.118,2899.0,1754.0,0.0,0.0,0.0,0.0,0.0,0.0,-3.0,0.0,0.0,0.0,0.0,0.0
84882.119,2899.0,1750.0,0.0,0.0,0.0,0.0,0.0,0.0,-2.0,0.0,0.0,0.0,0.0,0.0
84892.118,2899.0,1744.0,0.0,0.0,0.0,0.0,0.0,0.0,0.0,0.0,0.0,0.0,0.0,0.0
84902.119,2899.0,1735.0,0.0,0.0,0.0,0.0,0.0,0.0,0.0,0.0,0.0,0.0,0.0,0.0
84912.118,2899.0,1729.0,0.0,0.0,0.0,0.0,0.0,0.0,2.0,0.0,0.0,0.0,0.0,0.0
84922.118,2899.0,1724.0,0.0,0.0,0.0,0.0,0.0,0.0,-1.0,0.0,0.0,0.0,0.0,0.0
84932.118,2899.0,1719.0,0.0,0.0,0.0,0.0,0.0,0.0,1.0,0.0,0.0,0.0,0.0,0.0
84942.118,2899.0,1721.0,0.0,0.0,0.0,0.0,0.0,0.0,3.0,0.0,0.0,0.0,0.0,0.0
84952.118,2899.0,1723.0,0.0,0.0,0.0,0.0,0.0,0.0,4.0,0.0,0.0,0.0,0.0,0.0
84962.118,2899.0,1722.0,0.0,0.0,0.0,0.0,0.0,0.0,5.0,0.0,0.0,0.0,0.0,0.0
84972.118,2899.0,1728.0,0.0,0.0,0.0,0.0,0.0,0.0,5.0,0.0,0.0,0.0,0.0,0.0
84982.119,2899.0,1729.0,0.0,0.0,0.0,0.0,0.0,0.0,4.0,0.0,0.0,0.0,0.0,0.0
84992.118,2899.0,1736.0,0.0,0.0,0.0,0.0,0.0,0.0,2.0,0.0,0.0,0.0,0.0,0.0
85002.118,2899.0,1736.0,0.0,0.0,0.0,0.0,0.0,0.0,4.0,0.0,0.0,0.0,0.0,0.0
85012.118,2899.0,1739.0,0.0,0.0,0.0,0.0,0.0,0.0,2.0,0.0,0.0,0.0,0.0,0.0
85022.118,2899.0,1742.0,0.0,0.0,0.0,0.0,0.0,0.0,-1.0,0.0,0.0,0.0,0.0,0.0
85032.118,2899.0,1741.0,0.0,0.0,0.0,0.0,0.0,0.0,0.0,0.0,0.0,0.0,0.0,0.0
85042.118,2899.0,1741.0,0.0,0.0,0.0,0.0,0.0,0.0,2.0,0.0,0.0,0.0,0.0,0.0
85052.119,2899.0,1743.0,0.0,0.0,0.0,0.0,0.0,0.0,-1.0,0.0,0.0,0.0,0.0,0.0
85062.118,2899.0,1742.0,0.0,0.0,0.0,0.0,0.0,0.0,0.0,0.0,0.0,0.0,0.0,0.0
85072.118,2899.0,1741.0,0.0,0.0,0.0,0.0,0.0,0.0,-1.0,0.0,0.0,0.0,0.0,0.0
85082.118,2899.0,1745.0,0.0,0.0,0.0,0.0,0.0,0.0,-2.0,0.0,0.0,0.0,0.0,0.0
85092.118,2899.0,1741.0,0.0,0.0,0.0,0.0,0.0,0.0,-1.0,0.0,0.0,0.0,0.0,0.0
85102.118,2899.0,1743.0,0.0,0.0,0.0,0.0,0.0,0.0,-3.0,0.0,0.0,0.0,0.0,0.0
85112.118,2899.0,1739.0,0.0,0.0,0.0,0.0,0.0,0.0,-3.0,0.0,0.0,0.0,0.0,0.0
85122.118,2899.0,1741.0,0.0,0.0,0.0,0.0,0.0,0.0,-3.0,0.0,0.0,0.0,0.0,0.0
85132.119,2899.0,1734.0,0.0,0.0,0.0,0.0,0.0,0.0,0.0,0.0,0.0,0.0,0.0,0.0
85142.118,2899.0,1733.0,0.0,0.0,0.0,0.0,0.0,0.0,1.0,0.0,0.0,0.0,0.0,0.0
85152.118,2899.0,1733.0,0.0,0.0,0.0,0.0,0.0,0.0,0.0,0.0,0.0,0.0,0.0,0.0
85162.118,2899.0,1732.0,0.0,0.0,0.0,0.0,0.0,0.0,0.0,0.0,0.0,0.0,0.0,0.0
85172.118,2899.0,1729.0,0.0,0.0,0.0,0.0,0.0,0.0,4.0,0.0,0.0,0.0,0.0,0.0
85182.118,2899.0,1731.0,0.0,0.0,0.0,0.0,0.0,0.0,5.0,0.0,0.0,0.0,0.0,0.0
85192.118,2899.0,1726.0,0.0,0.0,0.0,0.0,0.0,0.0,4.0,0.0,0.0,0.0,0.0,0.0
85202.119,2899.0,1726.0,0.0,0.0,0.0,0.0,0.0,0.0,2.0,0.0,0.0,0.0,0.0,0.0
85212.118,2900.0,1728.0,0.0,0.0,0.0,0.0,0.0,0.0,2.0,0.0,0.0,0.0,0.0,0.0
85222.119,2899.0,1726.0,0.0,0.0,0.0,0.0,0.0,0.0,2.0,0.0,0.0,0.0,0.0,0.0
85232.118,2900.0,1728.0,0.0,0.0,0.0,0.0,0.0,0.0,0.0,0.0,0.0,0.0,0.0,0.0
85242.118,2899.0,1731.0,0.0,0.0,0.0,0.0,0.0,0.0,-1.0,0.0,0.0,0.0,0.0,0.0
85252.118,2899.0,1733.0,0.0,0.0,0.0,0.0,0.0,0.0,0.0,0.0,0.0,0.0,0.0,0.0
85262.118,2899.0,1734.0,0.0,0.0,0.0,0.0,0.0,0.0,-3.0,0.0,0.0,0.0,0.0,0.0
85272.118,2900.0,1735.0,0.0,0.0,0.0,0.0,0.0,0.0,3.0,0.0,0.0,0.0,0.0,0.0
85282.118,2899.0,1736.0,0.0,0.0,0.0,0.0,0.0,0.0,5.0,0.0,0.0,0.0,0.0,0.0
85292.118,2899.0,1736.0,0.0,0.0,0.0,0.0,0.0,0.0,0.0,0.0,0.0,0.0,0.0,0.0
85302.119,2899.0,1737.0,0.0,0.0,0.0,0.0,0.0,0.0,0.0,0.0,0.0,0.0,0.0,0.0
85312.118,2899.0,1736.0,0.0,0.0,0.0,0.0,0.0,0.0,3.0,0.0,0.0,0.0,0.0,0.0
85322.118,2899.0,1736.0,0.0,0.0,0.0,0.0,0.0,0.0,2.0,0.0,0.0,0.0,0.0,0.0
85332.118,2899.0,1735.0,0.0,0.0,0.0,0.0,0.0,0.0,2.0,0.0,0.0,0.0,0.0,0.0
85342.118,2900.0,1735.0,0.0,0.0,0.0,0.0,0.0,0.0,0.0,0.0,0.0,0.0,0.0,0.0
85352.118,2900.0,1735.0,0.0,0.0,0.0,0.0,0.0,0.0,-1.0,0.0,0.0,0.0,0.0,0.0
85362.118,2900.0,1739.0,0.0,0.0,0.0,0.0,0.0,0.0,1.0,0.0,0.0,0.0,0.0,0.0
85372.119,2900.0,1737.0,0.0,0.0,0.0,0.0,0.0,0.0,2.0,0.0,0.0,0.0,0.0,0.0
85382.118,2901.0,1739.0,0.0,0.0,0.0,0.0,0.0,0.0,2.0,0.0,0.0,0.0,0.0,0.0
85392.118,2902.0,1740.0,0.0,0.0,0.0,0.0,0.0,0.0,1.0,0.0,0.0,0.0,0.0,0.0
85402.118,2904.0,1737.0,0.0,0.0,0.0,0.0,0.0,0.0,1.0,0.0,0.0,0.0,0.0,0.0
85412.118,2906.0,1742.0,0.0,0.0,0.0,0.0,0.0,0.0,3.0,0.0,0.0,0.0,0.0,0.0
85422.118,2908.0,1741.0,0.0,0.0,0.0,0.0,0.0,0.0,0.0,0.0,0.0,0.0,0.0,0.0
85432.118,2912.0,1745.0,0.0,0.0,0.0,0.0,0.0,0.0,-1.0,0.0,0.0,0.0,0.0,0.0
85442.118,2916.0,1745.0,0.0,0.0,0.0,0.0,0.0,0.0,3.0,0.0,0.0,0.0,0.0,0.0
85452.119,2920.0,1745.0,0.0,0.0,0.0,0.0,0.0,0.0,1.0,0.0,0.0,0.0,0.0,0.0
85462.118,2924.0,1750.0,0.0,0.0,0.0,0.0,0.0,0.0,-1.0,0.0,0.0,0.0,0.0,0.0
85472.118,2929.0,1749.0,0.0,0.0,0.0,0.0,0.0,0.0,0.0,0.0,0.0,0.0,0.0,0.0
85482.118,2933.0,1754.0,0.0,0.0,0.0,0.0,0.0,0.0,1.0,0.0,0.0,0.0,0.0,0.0
85492.118,2938.0,1755.0,0.0,0.0,0.0,0.0,0.0,0.0,1.0,0.0,0.0,0.0,0.0,0.0
85502.118,2943.0,1760.0,0.0,0.0,0.0,0.0,0.0,0.0,-2.0,0.0,0.0,0.0,0.0,0.0
85512.118,2948.0,1762.0,0.0,0.0,0.0,0.0,0.0,0.0,-2.0,0.0,0.0,0.0,0.0,0.0
85522.119,2953.0,1766.0,0.0,0.0,0.0,0.0,0.0,0.0,0.0,0.0,0.0,0.0,0.0,0.0
85532.118,2958.0,1768.0,0.0,0.0,0.0,0.0,0.0,0.0,1.0,0.0,0.0,0.0,0.0,0.0
85542.119,2962.0,1767.0,0.0,0.0,0.0,0.0,0.0,0.0,0.0,0.0,0.0,0.0,0.0,0.0
85552.118,2967.0,1770.0,0.0,0.0,0.0,0.0,0.0,0.0,0.0,0.0,0.0,0.0,0.0,0.0
85562.118,2972.0,1773.0,0.0,0.0,0.0,0.0,0.0,0.0,1.0,0.0,0.0,0.0,0.0,0.0
85572.119,2977.0,1774.0,0.0,0.0,0.0,0.0,0.0,0.0,1.0,0.0,0.0,0.0,0.0,0.0
85582.118,2982.0,1780.0,0.0,0.0,0.0,0.0,0.0,0.0,-2.0,0.0,0.0,0.0,0.0,0.0
85592.118,2986.0,1778.0,0.0,0.0,0.0,0.0,0.0,0.0,-1.0,0.0,0.0,0.0,0.0,0.0
85602.118,2991.0,1780.0,0.0,0.0,0.0,0.0,0.0,0.0,1.0,0.0,0.0,0.0,0.0,0.0
85612.118,2995.0,1785.0,0.0,0.0,0.0,0.0,0.0,0.0,0.0,0.0,0.0,0.0,0.0,0.0
85622.119,2999.0,1784.0,0.0,0.0,0.0,0.0,0.0,0.0,0.0,0.0,0.0,0.0,0.0,0.0
85632.118,3002.0,1782.0,0.0,0.0,0.0,0.0,0.0,0.0,0.0,0.0,0.0,0.0,0.0,0.0
85642.118,3006.0,1788.0,0.0,0.0,0.0,0.0,0.0,0.0,1.0,0.0,0.0,0.0,0.0,0.0
85652.119,3009.0,1787.0,0.0,0.0,0.0,0.0,0.0,0.0,1.0,0.0,0.0,0.0,0.0,0.0
85662.118,3011.0,1792.0,0.0,0.0,0.0,0.0,0.0,0.0,1.0,0.0,0.0,0.0,0.0,0.0
85672.118,3013.0,1790.0,0.0,0.0,0.0,0.0,0.0,0.0,2.0,0.0,0.0,0.0,0.0,0.0
85682.118,3016.0,1790.0,0.0,0.0,0.0,0.0,0.0,0.0,3.0,0.0,0.0,0.0,0.0,0.0
85692.118,3017.0,1791.0,0.0,0.0,0.0,0.0,0.0,0.0,2.0,0.0,0.0,0.0,0.0,0.0
85702.119,3019.0,1796.0,0.0,0.0,0.0,0.0,0.0,0.0,0.0,0.0,0.0,0.0,0.0,0.0
85712.118,3020.0,1793.0,0.0,0.0,0.0,0.0,0.0,0.0,1.0,0.0,0.0,0.0,0.0,0.0
85722.118,3021.0,1793.0,0.0,0.0,0.0,0.0,0.0,0.0,0.0,0.0,0.0,0.0,0.0,0.0
85732.12,3021.0,1796.0,0.0,0.0,0.0,0.0,0.0,0.0,0.0,0.0,0.0,0.0,0.0,0.0
85742.118,3021.0,1794.0,0.0,0.0,0.0,0.0,0.0,0.0,-1.0,0.0,0.0,0.0,0.0,0.0
85752.118,3021.0,1792.0,0.0,0.0,0.0,0.0,0.0,0.0,2.0,0.0,0.0,0.0,0.0,0.0
85762.118,3020.0,1791.0,0.0,0.0,0.0,0.0,0.0,0.0,0.0,0.0,0.0,0.0,0.0,0.0
85772.118,3021.0,1793.0,0.0,0.0,0.0,0.0,0.0,0.0,1.0,0.0,0.0,0.0,0.0,0.0
85782.119,3020.0,1786.0,0.0,0.0,0.0,0.0,0.0,0.0,1.0,0.0,0.0,0.0,0.0,0.0
85792.118,3021.0,1790.0,0.0,0.0,0.0,0.0,0.0,0.0,2.0,0.0,0.0,0.0,0.0,0.0
85802.119,3020.0,1784.0,0.0,0.0,0.0,0.0,0.0,0.0,4.0,0.0,0.0,0.0,0.0,0.0
85812.118,3021.0,1780.0,0.0,0.0,0.0,0.0,0.0,0.0,0.0,0.0,0.0,0.0,0.0,0.0
85822.118,3020.0,1778.0,0.0,0.0,0.0,0.0,0.0,0.0,3.0,0.0,0.0,0.0,0.0,0.0
85832.119,3021.0,1779.0,0.0,0.0,0.0,0.0,0.0,0.0,3.0,0.0,0.0,0.0,0.0,0.0
85842.118,3020.0,1780.0,0.0,0.0,0.0,0.0,0.0,0.0,2.0,0.0,0.0,0.0,0.0,0.0
85852.118,3020.0,1777.0,0.0,0.0,0.0,0.0,0.0,0.0,2.0,0.0,0.0,0.0,0.0,0.0
85862.118,3021.0,1781.0,0.0,0.0,0.0,0.0,0.0,0.0,0.0,0.0,0.0,0.0,0.0,0.0
85872.118,3020.0,1785.0,0.0,0.0,0.0,0.0,0.0,0.0,3.0,0.0,0.0,0.0,0.0,0.0
85882.119,3020.0,1784.0,0.0,0.0,0.0,0.0,0.0,0.0,1.0,0.0,0.0,0.0,0.0,0.0
85892.118,3021.0,1787.0,0.0,0.0,0.0,0.0,0.0,0.0,3.0,0.0,0.0,0.0,0.0,0.0
85902.118,3020.0,1788.0,0.0,0.0,0.0,0.0,0.0,0.0,0.0,0.0,0.0,0.0,0.0,0.0
85912.119,3020.0,1789.0,0.0,0.0,0.0,0.0,0.0,0.0,1.0,0.0,0.0,0.0,0.0,0.0
85922.118,3020.0,1791.0,0.0,0.0,0.0,0.0,0.0,0.0,5.0,0.0,0.0,0.0,0.0,0.0
85932.118,3020.0,1792.0,0.0,0.0,0.0,0.0,0.0,0.0,4.0,0.0,0.0,0.0,0.0,0.0
85942.118,3020.0,1788.0,0.0,0.0,0.0,0.0,0.0,0.0,1.0,0.0,0.0,0.0,0.0,0.0
85952.118,3020.0,1793.0,0.0,0.0,0.0,0.0,0.0,0.0,-1.0,0.0,0.0,0.0,0.0,0.0
85962.119,3020.0,1791.0,0.0,0.0,0.0,0.0,0.0,0.0,1.0,0.0,0.0,0.0,0.0,0.0
85972.118,3020.0,1792.0,0.0,0.0,0.0,0.0,0.0,0.0,-1.0,0.0,0.0,0.0,0.0,0.0
85982.118,3020.0,1790.0,0.0,0.0,0.0,0.0,0.0,0.0,0.0,0.0,0.0,0.0,0.0,0.0
85992.118,3020.0,1790.0,0.0,0.0,0.0,0.0,0.0,0.0,3.0,0.0,0.0,0.0,0.0,0.0
86002.118,3020.0,1788.0,0.0,0.0,0.0,0.0,0.0,0.0,2.0,0.0,0.0,0.0,0.0,0.0
86012.119,3021.0,1788.0,0.0,0.0,0.0,0.0,0.0,0.0,0.0,0.0,0.0,0.0,0.0,0.0
86022.118,3020.0,1788.0,0.0,0.0,0.0,0.0,0.0,0.0,0.0,0.0,0.0,0.0,0.0,0.0
86032.118,3020.0,1788.0,0.0,0.0,0.0,0.0,0.0,0.0,0.0,0.0,0.0,0.0,0.0,0.0
86042.119,3020.0,1786.0,0.0,0.0,0.0,0.0,0.0,0.0,2.0,0.0,0.0,0.0,0.0,0.0
86052.118,3020.0,1787.0,0.0,0.0,0.0,0.0,0.0,0.0,1.0,0.0,0.0,0.0,0.0,0.0
86062.119,3020.0,1783.0,0.0,0.0,0.0,0.0,0.0,0.0,3.0,0.0,0.0,0.0,0.0,0.0
86072.118,3020.0,1784.0,0.0,0.0,0.0,0.0,0.0,0.0,2.0,0.0,0.0,0.0,0.0,0.0
86082.118,3020.0,1785.0,0.0,0.0,0.0,0.0,0.0,0.0,2.0,0.0,0.0,0.0,0.0,0.0
86092.119,3020.0,1787.0,0.0,0.0,0.0,0.0,0.0,0.0,2.0,0.0,0.0,0.0,0.0,0.0
86102.118,3020.0,1786.0,0.0,0.0,0.0,0.0,0.0,0.0,0.0,0.0,0.0,0.0,0.0,0.0
86112.118,3021.0,1787.0,0.0,0.0,0.0,0.0,0.0,0.0,4.0,0.0,0.0,0.0,0.0,0.0
86122.118,3020.0,1792.0,0.0,0.0,0.0,0.0,0.0,0.0,5.0,0.0,0.0,0.0,0.0,0.0
86132.118,3021.0,1788.0,0.0,0.0,0.0,0.0,0.0,0.0,1.0,0.0,0.0,0.0,0.0,0.0
86142.119,3020.0,1789.0,0.0,0.0,0.0,0.0,0.0,0.0,1.0,0.0,0.0,0.0,0.0,0.0
86152.118,3020.0,1787.0,0.0,0.0,0.0,0.0,0.0,0.0,2.0,0.0,0.0,0.0,0.0,0.0
86162.118,3020.0,1785.0,0.0,0.0,0.0,0.0,0.0,0.0,2.0,0.0,0.0,0.0,0.0,0.0
86172.119,3020.0,1786.0,0.0,0.0,0.0,0.0,0.0,0.0,2.0,0.0,0.0,0.0,0.0,0.0
86182.119,3020.0,1784.0,0.0,0.0,0.0,0.0,0.0,0.0,1.0,0.0,0.0,0.0,0.0,0.0
86192.119,3020.0,1788.0,0.0,0.0,0.0,0.0,0.0,0.0,1.0,0.0,0.0,0.0,0.0,0.0
86202.118,3020.0,1788.0,0.0,0.0,0.0,0.0,0.0,0.0,0.0,0.0,0.0,0.0,0.0,0.0
86212.118,3020.0,1787.0,0.0,0.0,0.0,0.0,0.0,0.0,1.0,0.0,0.0,0.0,0.0,0.0
86222.119,3020.0,1790.0,0.0,0.0,0.0,0.0,0.0,0.0,2.0,0.0,0.0,0.0,0.0,0.0
86232.118,3020.0,1789.0,0.0,0.0,0.0,0.0,0.0,0.0,3.0,0.0,0.0,0.0,0.0,0.0
86242.12,3020.0,1785.0,0.0,0.0,0.0,0.0,0.0,0.0,-1.0,0.0,0.0,0.0,0.0,0.0
86252.118,3020.0,1788.0,0.0,0.0,0.0,0.0,0.0,0.0,1.0,0.0,0.0,0.0,0.0,0.0
86262.118,3020.0,1785.0,0.0,0.0,0.0,0.0,0.0,0.0,1.0,0.0,0.0,0.0,0.0,0.0
86272.119,3020.0,1788.0,0.0,0.0,0.0,0.0,0.0,0.0,0.0,0.0,0.0,0.0,0.0,0.0
86282.118,3020.0,1786.0,0.0,0.0,0.0,0.0,0.0,0.0,3.0,0.0,0.0,0.0,0.0,0.0
86292.118,3020.0,1789.0,0.0,0.0,0.0,0.0,0.0,0.0,0.0,0.0,0.0,0.0,0.0,0.0
86302.119,3020.0,1785.0,0.0,0.0,0.0,0.0,0.0,0.0,1.0,0.0,0.0,0.0,0.0,0.0
86312.118,3020.0,1790.0,0.0,0.0,0.0,0.0,0.0,0.0,-1.0,0.0,0.0,0.0,0.0,0.0
86322.119,3020.0,1788.0,0.0,0.0,0.0,0.0,0.0,0.0,1.0,0.0,0.0,0.0,0.0,0.0
86332.118,3020.0,1787.0,0.0,0.0,0.0,0.0,0.0,0.0,1.0,0.0,0.0,0.0,0.0,0.0
86342.118,3020.0,1789.0,0.0,0.0,0.0,0.0,0.0,0.0,1.0,0.0,0.0,0.0,0.0,0.0
86352.119,3020.0,1787.0,0.0,0.0,0.0,0.0,0.0,0.0,1.0,0.0,0.0,0.0,0.0,0.0
86362.118,3020.0,1789.0,0.0,0.0,0.0,0.0,0.0,0.0,1.0,0.0,0.0,0.0,0.0,0.0
86372.118,3020.0,1789.0,0.0,0.0,0.0,0.0,0.0,0.0,2.0,0.0,0.0,0.0,0.0,0.0
86382.118,3020.0,1786.0,0.0,0.0,0.0,0.0,0.0,0.0,3.0,0.0,0.0,0.0,0.0,0.0
86392.118,3020.0,1786.0,0.0,0.0,0.0,0.0,0.0,0.0,1.0,0.0,0.0,0.0,0.0,0.0
86402.119,3020.0,1789.0,0.0,0.0,0.0,0.0,0.0,0.0,0.0,0.0,0.0,0.0,0.0,0.0
86412.118,3020.0,1789.0,0.0,0.0,0.0,0.0,0.0,0.0,0.0,0.0,0.0,0.0,0.0,0.0
86422.118,3020.0,1787.0,0.0,0.0,0.0,0.0,0.0,0.0,1.0,0.0,0.0,0.0,0.0,0.0
86432.119,3020.0,1789.0,0.0,0.0,0.0,0.0,0.0,0.0,2.0,0.0,0.0,0.0,0.0,0.0
86442.118,3020.0,1786.0,0.0,0.0,0.0,0.0,0.0,0.0,3.0,0.0,0.0,0.0,0.0,0.0
86452.118,3020.0,1786.0,0.0,0.0,0.0,0.0,0.0,0.0,-1.0,0.0,0.0,0.0,0.0,0.0
86462.118,3020.0,1788.0,0.0,0.0,0.0,0.0,0.0,0.0,1.0,0.0,0.0,0.0,0.0,0.0
86472.118,3020.0,1787.0,0.0,0.0,0.0,0.0,0.0,0.0,3.0,0.0,0.0,0.0,0.0,0.0
86482.119,3020.0,1789.0,0.0,0.0,0.0,0.0,0.0,0.0,1.0,0.0,0.0,0.0,0.0,0.0
86492.118,3020.0,1786.0,0.0,0.0,0.0,0.0,0.0,0.0,0.0,0.0,0.0,0.0,0.0,0.0
86502.119,3020.0,1783.0,0.0,0.0,0.0,0.0,0.0,0.0,-1.0,0.0,0.0,0.0,0.0,0.0
86512.118,3020.0,1788.0,0.0,0.0,0.0,0.0,0.0,0.0,1.0,0.0,0.0,0.0,0.0,0.0
86522.118,3020.0,1787.0,0.0,0.0,0.0,0.0,0.0,0.0,2.0,0.0,0.0,0.0,0.0,0.0
86532.119,3020.0,1788.0,0.0,0.0,0.0,0.0,0.0,0.0,2.0,0.0,0.0,0.0,0.0,0.0
86542.118,3020.0,1787.0,0.0,0.0,0.0,0.0,0.0,0.0,0.0,0.0,0.0,0.0,0.0,0.0
86552.118,3020.0,1786.0,0.0,0.0,0.0,0.0,0.0,0.0,3.0,0.0,0.0,0.0,0.0,0.0
86562.118,3020.0,1785.0,0.0,0.0,0.0,0.0,0.0,0.0,1.0,0.0,0.0,0.0,0.0,0.0
86572.118,3020.0,1787.0,0.0,0.0,0.0,0.0,0.0,0.0,-3.0,0.0,0.0,0.0,0.0,0.0
86582.119,3020.0,1788.0,0.0,0.0,0.0,0.0,0.0,0.0,0.0,0.0,0.0,0.0,0.0,0.0
86592.118,3020.0,1783.0,0.0,0.0,0.0,0.0,0.0,0.0,5.0,0.0,0.0,0.0,0.0,0.0
86602.118,3020.0,1787.0,0.0,0.0,0.0,0.0,0.0,0.0,-1.0,0.0,0.0,0.0,0.0,0.0
86612.119,3020.0,1787.0,0.0,0.0,0.0,0.0,0.0,0.0,4.0,0.0,0.0,0.0,0.0,0.0
86622.118,3020.0,1787.0,0.0,0.0,0.0,0.0,0.0,0.0,0.0,0.0,0.0,0.0,0.0,0.0
86632.118,3020.0,1786.0,0.0,0.0,0.0,0.0,0.0,0.0,1.0,0.0,0.0,0.0,0.0,0.0
86642.118,3020.0,1787.0,0.0,0.0,0.0,0.0,0.0,0.0,2.0,0.0,0.0,0.0,0.0,0.0
86652.118,3020.0,1788.0,0.0,0.0,0.0,0.0,0.0,0.0,1.0,0.0,0.0,0.0,0.0,0.0
86662.119,3020.0,1789.0,0.0,0.0,0.0,0.0,0.0,0.0,2.0,0.0,0.0,0.0,0.0,0.0
86672.118,3020.0,1787.0,0.0,0.0,0.0,0.0,0.0,0.0,0.0,0.0,0.0,0.0,0.0,0.0
86682.118,3020.0,1787.0,0.0,0.0,0.0,0.0,0.0,0.0,5.0,0.0,0.0,0.0,0.0,0.0
86692.12,3020.0,1789.0,0.0,0.0,0.0,0.0,0.0,0.0,2.0,0.0,0.0,0.0,0.0,0.0
86702.118,3020.0,1790.0,0.0,0.0,0.0,0.0,0.0,0.0,-1.0,0.0,0.0,0.0,0.0,0.0
86712.118,3021.0,1790.0,0.0,0.0,0.0,0.0,0.0,0.0,0.0,0.0,0.0,0.0,0.0,0.0
86722.118,3021.0,1786.0,0.0,0.0,0.0,0.0,0.0,0.0,7.0,0.0,0.0,0.0,0.0,0.0
86732.118,3021.0,1788.0,0.0,0.0,0.0,0.0,0.0,0.0,4.0,0.0,0.0,0.0,0.0,0.0
86742.119,3021.0,1787.0,0.0,0.0,0.0,0.0,0.0,0.0,3.0,0.0,0.0,0.0,0.0,0.0
86752.118,3022.0,1787.0,0.0,0.0,0.0,0.0,0.0,0.0,2.0,0.0,0.0,0.0,0.0,0.0
86762.119,3022.0,1788.0,0.0,0.0,0.0,0.0,0.0,0.0,2.0,0.0,0.0,0.0,0.0,0.0
86772.118,3022.0,1789.0,0.0,0.0,0.0,0.0,0.0,0.0,2.0,0.0,0.0,0.0,0.0,0.0
86782.118,3022.0,1790.0,0.0,0.0,0.0,0.0,0.0,0.0,4.0,0.0,0.0,0.0,0.0,0.0
86792.119,3022.0,1789.0,0.0,0.0,0.0,0.0,0.0,0.0,2.0,0.0,0.0,0.0,0.0,0.0
86802.118,3022.0,1794.0,0.0,0.0,0.0,0.0,0.0,0.0,1.0,0.0,0.0,0.0,0.0,0.0
86812.118,3022.0,1794.0,0.0,0.0,0.0,0.0,0.0,0.0,0.0,0.0,0.0,0.0,0.0,0.0
86822.118,3023.0,1793.0,0.0,0.0,0.0,0.0,0.0,0.0,2.0,0.0,0.0,0.0,0.0,0.0
86832.118,3023.0,1796.0,0.0,0.0,0.0,0.0,0.0,0.0,-1.0,0.0,0.0,0.0,0.0,0.0
86842.119,3024.0,1794.0,0.0,0.0,0.0,0.0,0.0,0.0,1.0,0.0,0.0,0.0,0.0,0.0
86852.118,3025.0,1794.0,0.0,0.0,0.0,0.0,0.0,0.0,2.0,0.0,0.0,0.0,0.0,0.0
86862.118,3025.0,1799.0,0.0,0.0,0.0,0.0,0.0,0.0,0.0,0.0,0.0,0.0,0.0,0.0
86872.119,3026.0,1795.0,0.0,0.0,0.0,0.0,0.0,0.0,1.0,0.0,0.0,0.0,0.0,0.0
86882.118,3026.0,1793.0,0.0,0.0,0.0,0.0,0.0,0.0,1.0,0.0,0.0,0.0,0.0,0.0
86892.119,3026.0,1792.0,0.0,0.0,0.0,0.0,0.0,0.0,2.0,0.0,0.0,0.0,0.0,0.0
86902.118,3027.0,1794.0,0.0,0.0,0.0,0.0,0.0,0.0,-1.0,0.0,0.0,0.0,0.0,0.0
86912.118,3027.0,1791.0,0.0,0.0,0.0,0.0,0.0,0.0,3.0,0.0,0.0,0.0,0.0,0.0
86922.119,3028.0,1794.0,0.0,0.0,0.0,0.0,0.0,0.0,3.0,0.0,0.0,0.0,0.0,0.0
86932.118,3029.0,1793.0,0.0,0.0,0.0,0.0,0.0,0.0,0.0,0.0,0.0,0.0,0.0,0.0
86942.118,3030.0,1794.0,0.0,0.0,0.0,0.0,0.0,0.0,-1.0,0.0,0.0,0.0,0.0,0.0
86952.118,3031.0,1796.0,0.0,0.0,0.0,0.0,0.0,0.0,-2.0,0.0,0.0,0.0,0.0,0.0
86962.118,3031.0,1797.0,0.0,0.0,0.0,0.0,0.0,0.0,1.0,0.0,0.0,0.0,0.0,0.0
86972.119,3032.0,1793.0,0.0,0.0,0.0,0.0,0.0,0.0,1.0,0.0,0.0,0.0,0.0,0.0
86982.118,3033.0,1793.0,0.0,0.0,0.0,0.0,0.0,0.0,2.0,0.0,0.0,0.0,0.0,0.0
86992.118,3034.0,1793.0,0.0,0.0,0.0,0.0,0.0,0.0,3.0,0.0,0.0,0.0,0.0,0.0
87002.119,3036.0,1793.0,0.0,0.0,0.0,0.0,0.0,0.0,1.0,0.0,0.0,0.0,0.0,0.0
87012.118,3037.0,1793.0,0.0,0.0,0.0,0.0,0.0,0.0,2.0,0.0,0.0,0.0,0.0,0.0
87022.119,3038.0,1795.0,0.0,0.0,0.0,0.0,0.0,0.0,0.0,0.0,0.0,0.0,0.0,0.0
87032.118,3039.0,1794.0,0.0,0.0,0.0,0.0,0.0,0.0,3.0,0.0,0.0,0.0,0.0,0.0
87042.118,3039.0,1796.0,0.0,0.0,0.0,0.0,0.0,0.0,1.0,0.0,0.0,0.0,0.0,0.0
87052.119,3040.0,1795.0,0.0,0.0,0.0,0.0,0.0,0.0,3.0,0.0,0.0,0.0,0.0,0.0
87062.118,3040.0,1799.0,0.0,0.0,0.0,0.0,0.0,0.0,2.0,0.0,0.0,0.0,0.0,0.0
87072.118,3041.0,1799.0,0.0,0.0,0.0,0.0,0.0,0.0,2.0,0.0,0.0,0.0,0.0,0.0
87082.118,3041.0,1802.0,0.0,0.0,0.0,0.0,0.0,0.0,2.0,0.0,0.0,0.0,0.0,0.0
87092.118,3042.0,1795.0,0.0,0.0,0.0,0.0,0.0,0.0,4.0,0.0,0.0,0.0,0.0,0.0
87102.119,3043.0,1797.0,0.0,0.0,0.0,0.0,0.0,0.0,3.0,0.0,0.0,0.0,0.0,0.0
87112.118,3043.0,1798.0,0.0,0.0,0.0,0.0,0.0,0.0,1.0,0.0,0.0,0.0,0.0,0.0
87122.118,3044.0,1794.0,0.0,0.0,0.0,0.0,0.0,0.0,2.0,0.0,0.0,0.0,0.0,0.0
87132.119,3045.0,1796.0,0.0,0.0,0.0,0.0,0.0,0.0,3.0,0.0,0.0,0.0,0.0,0.0
87142.119,3046.0,1796.0,0.0,0.0,0.0,0.0,0.0,0.0,3.0,0.0,0.0,0.0,0.0,0.0
87152.119,3046.0,1798.0,0.0,0.0,0.0,0.0,0.0,0.0,2.0,0.0,0.0,0.0,0.0,0.0
87162.118,3047.0,1797.0,0.0,0.0,0.0,0.0,0.0,0.0,1.0,0.0,0.0,0.0,0.0,0.0
87172.118,3047.0,1799.0,0.0,0.0,0.0,0.0,0.0,0.0,-1.0,0.0,0.0,0.0,0.0,0.0
87182.119,3048.0,1801.0,0.0,0.0,0.0,0.0,0.0,0.0,0.0,0.0,0.0,0.0,0.0,0.0
87192.118,3049.0,1801.0,0.0,0.0,0.0,0.0,0.0,0.0,1.0,0.0,0.0,0.0,0.0,0.0
87202.12,3050.0,1798.0,0.0,0.0,0.0,0.0,0.0,0.0,2.0,0.0,0.0,0.0,0.0,0.0
87212.118,3052.0,1803.0,0.0,0.0,0.0,0.0,0.0,0.0,-1.0,0.0,0.0,0.0,0.0,0.0
87222.118,3054.0,1803.0,0.0,0.0,0.0,0.0,0.0,0.0,2.0,0.0,0.0,0.0,0.0,0.0
87232.119,3056.0,1801.0,0.0,0.0,0.0,0.0,0.0,0.0,-2.0,0.0,0.0,0.0,0.0,0.0
87242.118,3058.0,1803.0,0.0,0.0,0.0,0.0,0.0,0.0,1.0,0.0,0.0,0.0,0.0,0.0
87252.118,3060.0,1804.0,0.0,0.0,0.0,0.0,0.0,0.0,1.0,0.0,0.0,0.0,0.0,0.0
87262.119,3063.0,1805.0,0.0,0.0,0.0,0.0,0.0,0.0,1.0,0.0,0.0,0.0,0.0,0.0
87272.118,3066.0,1806.0,0.0,0.0,0.0,0.0,0.0,0.0,2.0,0.0,0.0,0.0,0.0,0.0
87282.119,3068.0,1810.0,0.0,0.0,0.0,0.0,0.0,0.0,0.0,0.0,0.0,0.0,0.0,0.0
87292.118,3071.0,1811.0,0.0,0.0,0.0,0.0,0.0,0.0,-1.0,0.0,0.0,0.0,0.0,0.0
87302.118,3074.0,1809.0,0.0,0.0,0.0,0.0,0.0,0.0,2.0,0.0,0.0,0.0,0.0,0.0
87312.119,3076.0,1811.0,0.0,0.0,0.0,0.0,0.0,0.0,1.0,0.0,0.0,0.0,0.0,0.0
87322.118,3079.0,1815.0,0.0,0.0,0.0,0.0,0.0,0.0,5.0,0.0,0.0,0.0,0.0,0.0
87332.118,3081.0,1814.0,0.0,0.0,0.0,0.0,0.0,0.0,0.0,0.0,0.0,0.0,0.0,0.0
87342.118,3083.0,1818.0,0.0,0.0,0.0,0.0,0.0,0.0,2.0,0.0,0.0,0.0,0.0,0.0
87352.118,3084.0,1820.0,0.0,0.0,0.0,0.0,0.0,0.0,2.0,0.0,0.0,0.0,0.0,0.0
87362.119,3086.0,1822.0,0.0,0.0,0.0,0.0,0.0,0.0,1.0,0.0,0.0,0.0,0.0,0.0
87372.118,3087.0,1820.0,0.0,0.0,0.0,0.0,0.0,0.0,0.0,0.0,0.0,0.0,0.0,0.0
87382.118,3088.0,1820.0,0.0,0.0,0.0,0.0,0.0,0.0,2.0,0.0,0.0,0.0,0.0,0.0
87392.119,3090.0,1821.0,0.0,0.0,0.0,0.0,0.0,0.0,2.0,0.0,0.0,0.0,0.0,0.0
87402.118,3093.0,1825.0,0.0,0.0,0.0,0.0,0.0,0.0,2.0,0.0,0.0,0.0,0.0,0.0
87412.118,3096.0,1828.0,0.0,0.0,0.0,0.0,0.0,0.0,2.0,0.0,0.0,0.0,0.0,0.0
87422.118,3100.0,1827.0,0.0,0.0,0.0,0.0,0.0,0.0,4.0,0.0,0.0,0.0,0.0,0.0
87432.118,3103.0,1829.0,0.0,0.0,0.0,0.0,0.0,0.0,4.0,0.0,0.0,0.0,0.0,0.0
87442.119,3107.0,1833.0,0.0,0.0,0.0,0.0,0.0,0.0,2.0,0.0,0.0,0.0,0.0,0.0
87452.118,3110.0,1836.0,0.0,0.0,0.0,0.0,0.0,0.0,3.0,0.0,0.0,0.0,0.0,0.0
87462.119,3112.0,1836.0,0.0,0.0,0.0,0.0,0.0,0.0,5.0,0.0,0.0,0.0,0.0,0.0
87472.118,3113.0,1840.0,0.0,0.0,0.0,0.0,0.0,0.0,1.0,0.0,0.0,0.0,0.0,0.0
87482.118,3114.0,1845.0,0.0,0.0,0.0,0.0,0.0,0.0,1.0,0.0,0.0,0.0,0.0,0.0
87492.119,3115.0,1841.0,0.0,0.0,0.0,0.0,0.0,0.0,-1.0,0.0,0.0,0.0,0.0,0.0
87502.118,3115.0,1846.0,0.0,0.0,0.0,0.0,0.0,0.0,2.0,0.0,0.0,0.0,0.0,0.0
87512.118,3116.0,1846.0,0.0,0.0,0.0,0.0,0.0,0.0,-1.0,0.0,0.0,0.0,0.0,0.0
87522.118,3116.0,1846.0,0.0,0.0,0.0,0.0,0.0,0.0,-2.0,0.0,0.0,0.0,0.0,0.0
87532.118,3116.0,1845.0,0.0,0.0,0.0,0.0,0.0,0.0,4.0,0.0,0.0,0.0,0.0,0.0
87542.119,3116.0,1846.0,0.0,0.0,0.0,0.0,0.0,0.0,1.0,0.0,0.0,0.0,0.0,0.0
87552.118,3116.0,1845.0,0.0,0.0,0.0,0.0,0.0,0.0,-1.0,0.0,0.0,0.0,0.0,0.0
87562.118,3116.0,1843.0,0.0,0.0,0.0,0.0,0.0,0.0,1.0,0.0,0.0,0.0,0.0,0.0
87572.119,3116.0,1844.0,0.0,0.0,0.0,0.0,0.0,0.0,1.0,0.0,0.0,0.0,0.0,0.0
87582.118,3116.0,1847.0,0.0,0.0,0.0,0.0,0.0,0.0,2.0,0.0,0.0,0.0,0.0,0.0
87592.118,3116.0,1842.0,0.0,0.0,0.0,0.0,0.0,0.0,2.0,0.0,0.0,0.0,0.0,0.0
87602.118,3116.0,1843.0,0.0,0.0,0.0,0.0,0.0,0.0,2.0,0.0,0.0,0.0,0.0,0.0
87612.118,3116.0,1843.0,0.0,0.0,0.0,0.0,0.0,0.0,0.0,0.0,0.0,0.0,0.0,0.0
87622.119,3117.0,1840.0,0.0,0.0,0.0,0.0,0.0,0.0,0.0,0.0,0.0,0.0,0.0,0.0
87632.118,3117.0,1844.0,0.0,0.0,0.0,0.0,0.0,0.0,2.0,0.0,0.0,0.0,0.0,0.0
87642.118,3117.0,1843.0,0.0,0.0,0.0,0.0,0.0,0.0,1.0,0.0,0.0,0.0,0.0,0.0
87652.12,3117.0,1843.0,0.0,0.0,0.0,0.0,0.0,0.0,-2.0,0.0,0.0,0.0,0.0,0.0
87662.118,3118.0,1842.0,0.0,0.0,0.0,0.0,0.0,0.0,3.0,0.0,0.0,0.0,0.0,0.0
87672.118,3118.0,1842.0,0.0,0.0,0.0,0.0,0.0,0.0,2.0,0.0,0.0,0.0,0.0,0.0
87682.118,3118.0,1844.0,0.0,0.0,0.0,0.0,0.0,0.0,5.0,0.0,0.0,0.0,0.0,0.0
87692.118,3119.0,1843.0,0.0,0.0,0.0,0.0,0.0,0.0,5.0,0.0,0.0,0.0,0.0,0.0
87702.119,3119.0,1842.0,0.0,0.0,0.0,0.0,0.0,0.0,3.0,0.0,0.0,0.0,0.0,0.0
87712.118,3119.0,1847.0,0.0,0.0,0.0,0.0,0.0,0.0,1.0,0.0,0.0,0.0,0.0,0.0
87722.119,3120.0,1842.0,0.0,0.0,0.0,0.0,0.0,0.0,0.0,0.0,0.0,0.0,0.0,0.0
87732.118,3120.0,1847.0,0.0,0.0,0.0,0.0,0.0,0.0,4.0,0.0,0.0,0.0,0.0,0.0
87742.118,3120.0,1843.0,0.0,0.0,0.0,0.0,0.0,0.0,3.0,0.0,0.0,0.0,0.0,0.0
87752.119,3120.0,1842.0,0.0,0.0,0.0,0.0,0.0,0.0,2.0,0.0,0.0,0.0,0.0,0.0
87762.118,3120.0,1844.0,0.0,0.0,0.0,0.0,0.0,0.0,4.0,0.0,0.0,0.0,0.0,0.0
87772.118,3121.0,1846.0,0.0,0.0,0.0,0.0,0.0,0.0,2.0,0.0,0.0,0.0,0.0,0.0
87782.118,3121.0,1847.0,0.0,0.0,0.0,0.0,0.0,0.0,0.0,0.0,0.0,0.0,0.0,0.0
87792.118,3122.0,1844.0,0.0,0.0,0.0,0.0,0.0,0.0,0.0,0.0,0.0,0.0,0.0,0.0
87802.119,3122.0,1844.0,0.0,0.0,0.0,0.0,0.0,0.0,2.0,0.0,0.0,0.0,0.0,0.0
87812.118,3123.0,1844.0,0.0,0.0,0.0,0.0,0.0,0.0,2.0,0.0,0.0,0.0,0.0,0.0
87822.118,3124.0,1844.0,0.0,0.0,0.0,0.0,0.0,0.0,2.0,0.0,0.0,0.0,0.0,0.0
87832.119,3125.0,1847.0,0.0,0.0,0.0,0.0,0.0,0.0,0.0,0.0,0.0,0.0,0.0,0.0
87842.118,3125.0,1842.0,0.0,0.0,0.0,0.0,0.0,0.0,1.0,0.0,0.0,0.0,0.0,0.0
87852.118,3127.0,1843.0,0.0,0.0,0.0,0.0,0.0,0.0,2.0,0.0,0.0,0.0,0.0,0.0
87862.118,3128.0,1848.0,0.0,0.0,0.0,0.0,0.0,0.0,2.0,0.0,0.0,0.0,0.0,0.0
87872.118,3129.0,1846.0,0.0,0.0,0.0,0.0,0.0,0.0,2.0,0.0,0.0,0.0,0.0,0.0
87882.119,3130.0,1851.0,0.0,0.0,0.0,0.0,0.0,0.0,3.0,0.0,0.0,0.0,0.0,0.0
87892.118,3132.0,1848.0,0.0,0.0,0.0,0.0,0.0,0.0,1.0,0.0,0.0,0.0,0.0,0.0
87902.118,3133.0,1850.0,0.0,0.0,0.0,0.0,0.0,0.0,0.0,0.0,0.0,0.0,0.0,0.0
87912.118,3134.0,1851.0,0.0,0.0,0.0,0.0,0.0,0.0,2.0,0.0,0.0,0.0,0.0,0.0
87922.118,3134.0,1851.0,0.0,0.0,0.0,0.0,0.0,0.0,0.0,0.0,0.0,0.0,0.0,0.0
87932.118,3135.0,1849.0,0.0,0.0,0.0,0.0,0.0,0.0,0.0,0.0,0.0,0.0,0.0,0.0
87942.118,3136.0,1847.0,0.0,0.0,0.0,0.0,0.0,0.0,3.0,0.0,0.0,0.0,0.0,0.0
87952.118,3136.0,1848.0,0.0,0.0,0.0,0.0,0.0,0.0,1.0,0.0,0.0,0.0,0.0,0.0
87962.119,3136.0,1847.0,0.0,0.0,0.0,0.0,0.0,0.0,3.0,0.0,0.0,0.0,0.0,0.0
87972.118,3136.0,1844.0,0.0,0.0,0.0,0.0,0.0,0.0,0.0,0.0,0.0,0.0,0.0,0.0
87982.119,3137.0,1841.0,0.0,0.0,0.0,0.0,0.0,0.0,2.0,0.0,0.0,0.0,0.0,0.0
87992.118,3137.0,1839.0,0.0,0.0,0.0,0.0,0.0,0.0,0.0,0.0,0.0,0.0,0.0,0.0
88002.119,3137.0,1842.0,0.0,0.0,0.0,0.0,0.0,0.0,1.0,0.0,0.0,0.0,0.0,0.0
88012.118,3137.0,1840.0,0.0,0.0,0.0,0.0,0.0,0.0,-2.0,0.0,0.0,0.0,0.0,0.0
88022.118,3137.0,1840.0,0.0,0.0,0.0,0.0,0.0,0.0,1.0,0.0,0.0,0.0,0.0,0.0
88032.118,3137.0,1841.0,0.0,0.0,0.0,0.0,0.0,0.0,3.0,0.0,0.0,0.0,0.0,0.0
88042.118,3137.0,1838.0,0.0,0.0,0.0,0.0,0.0,0.0,1.0,0.0,0.0,0.0,0.0,0.0
88052.118,3137.0,1841.0,0.0,0.0,0.0,0.0,0.0,0.0,1.0,0.0,0.0,0.0,0.0,0.0
88062.119,3138.0,1843.0,0.0,0.0,0.0,0.0,0.0,0.0,2.0,0.0,0.0,0.0,0.0,0.0
88072.118,3138.0,1841.0,0.0,0.0,0.0,0.0,0.0,0.0,0.0,0.0,0.0,0.0,0.0,0.0
88082.119,3138.0,1843.0,0.0,0.0,0.0,0.0,0.0,0.0,3.0,0.0,0.0,0.0,0.0,0.0
88092.118,3139.0,1844.0,0.0,0.0,0.0,0.0,0.0,0.0,4.0,0.0,0.0,0.0,0.0,0.0
88102.119,3139.0,1842.0,0.0,0.0,0.0,0.0,0.0,0.0,0.0,0.0,0.0,0.0,0.0,0.0
88112.118,3139.0,1845.0,0.0,0.0,0.0,0.0,0.0,0.0,1.0,0.0,0.0,0.0,0.0,0.0
88122.118,3140.0,1845.0,0.0,0.0,0.0,0.0,0.0,0.0,-1.0,0.0,0.0,0.0,0.0,0.0
88132.118,3140.0,1844.0,0.0,0.0,0.0,0.0,0.0,0.0,3.0,0.0,0.0,0.0,0.0,0.0
88142.119,3141.0,1845.0,0.0,0.0,0.0,0.0,0.0,0.0,2.0,0.0,0.0,0.0,0.0,0.0
88152.118,3141.0,1848.0,0.0,0.0,0.0,0.0,0.0,0.0,1.0,0.0,0.0,0.0,0.0,0.0
88162.119,3142.0,1849.0,0.0,0.0,0.0,0.0,0.0,0.0,1.0,0.0,0.0,0.0,0.0,0.0
88172.118,3142.0,1847.0,0.0,0.0,0.0,0.0,0.0,0.0,2.0,0.0,0.0,0.0,0.0,0.0
88182.118,3143.0,1848.0,0.0,0.0,0.0,0.0,0.0,0.0,2.0,0.0,0.0,0.0,0.0,0.0
88192.118,3144.0,1849.0,0.0,0.0,0.0,0.0,0.0,0.0,1.0,0.0,0.0,0.0,0.0,0.0
88202.118,3145.0,1846.0,0.0,0.0,0.0,0.0,0.0,0.0,0.0,0.0,0.0,0.0,0.0,0.0
88212.119,3147.0,1850.0,0.0,0.0,0.0,0.0,0.0,0.0,0.0,0.0,0.0,0.0,0.0,0.0
88222.118,3148.0,1849.0,0.0,0.0,0.0,0.0,0.0,0.0,0.0,0.0,0.0,0.0,0.0,0.0
88232.119,3150.0,1848.0,0.0,0.0,0.0,0.0,0.0,0.0,-1.0,0.0,0.0,0.0,0.0,0.0
88242.118,3151.0,1849.0,0.0,0.0,0.0,0.0,0.0,0.0,2.0,0.0,0.0,0.0,0.0,0.0
88252.119,3152.0,1850.0,0.0,0.0,0.0,0.0,0.0,0.0,0.0,0.0,0.0,0.0,0.0,0.0
88262.118,3153.0,1850.0,0.0,0.0,0.0,0.0,0.0,0.0,2.0,0.0,0.0,0.0,0.0,0.0
88272.118,3154.0,1850.0,0.0,0.0,0.0,0.0,0.0,0.0,0.0,0.0,0.0,0.0,0.0,0.0
88282.118,3154.0,1848.0,0.0,0.0,0.0,0.0,0.0,0.0,1.0,0.0,0.0,0.0,0.0,0.0
88292.118,3154.0,1848.0,0.0,0.0,0.0,0.0,0.0,0.0,1.0,0.0,0.0,0.0,0.0,0.0
88302.119,3154.0,1849.0,0.0,0.0,0.0,0.0,0.0,0.0,4.0,0.0,0.0,0.0,0.0,0.0
88312.118,3154.0,1846.0,0.0,0.0,0.0,0.0,0.0,0.0,2.0,0.0,0.0,0.0,0.0,0.0
88322.119,3155.0,1844.0,0.0,0.0,0.0,0.0,0.0,0.0,0.0,0.0,0.0,0.0,0.0,0.0
88332.118,3155.0,1846.0,0.0,0.0,0.0,0.0,0.0,0.0,0.0,0.0,0.0,0.0,0.0,0.0
88342.118,3155.0,1842.0,0.0,0.0,0.0,0.0,0.0,0.0,2.0,0.0,0.0,0.0,0.0,0.0
88352.118,3155.0,1842.0,0.0,0.0,0.0,0.0,0.0,0.0,1.0,0.0,0.0,0.0,0.0,0.0
88362.118,3155.0,1840.0,0.0,0.0,0.0,0.0,0.0,0.0,1.0,0.0,0.0,0.0,0.0,0.0
88372.118,3155.0,1839.0,0.0,0.0,0.0,0.0,0.0,0.0,2.0,0.0,0.0,0.0,0.0,0.0
88382.119,3155.0,1843.0,0.0,0.0,0.0,0.0,0.0,0.0,0.0,0.0,0.0,0.0,0.0,0.0
88392.118,3155.0,1840.0,0.0,0.0,0.0,0.0,0.0,0.0,3.0,0.0,0.0,0.0,0.0,0.0
88402.119,3155.0,1841.0,0.0,0.0,0.0,0.0,0.0,0.0,3.0,0.0,0.0,0.0,0.0,0.0
88412.118,3155.0,1843.0,0.0,0.0,0.0,0.0,0.0,0.0,0.0,0.0,0.0,0.0,0.0,0.0
88422.119,3155.0,1844.0,0.0,0.0,0.0,0.0,0.0,0.0,-1.0,0.0,0.0,0.0,0.0,0.0
88432.118,3155.0,1844.0,0.0,0.0,0.0,0.0,0.0,0.0,2.0,0.0,0.0,0.0,0.0,0.0
88442.118,3155.0,1845.0,0.0,0.0,0.0,0.0,0.0,0.0,2.0,0.0,0.0,0.0,0.0,0.0
88452.118,3155.0,1846.0,0.0,0.0,0.0,0.0,0.0,0.0,-3.0,0.0,0.0,0.0,0.0,0.0
88462.119,3155.0,1847.0,0.0,0.0,0.0,0.0,0.0,0.0,1.0,0.0,0.0,0.0,0.0,0.0
88472.118,3155.0,1849.0,0.0,0.0,0.0,0.0,0.0,0.0,2.0,0.0,0.0,0.0,0.0,0.0
88482.119,3155.0,1849.0,0.0,0.0,0.0,0.0,0.0,0.0,3.0,0.0,0.0,0.0,0.0,0.0
88492.118,3155.0,1848.0,0.0,0.0,0.0,0.0,0.0,0.0,0.0,0.0,0.0,0.0,0.0,0.0
88502.118,3155.0,1847.0,0.0,0.0,0.0,0.0,0.0,0.0,1.0,0.0,0.0,0.0,0.0,0.0
88512.118,3155.0,1848.0,0.0,0.0,0.0,0.0,0.0,0.0,-3.0,0.0,0.0,0.0,0.0,0.0
88522.118,3155.0,1848.0,0.0,0.0,0.0,0.0,0.0,0.0,1.0,0.0,0.0,0.0,0.0,0.0
88532.119,3155.0,1853.0,0.0,0.0,0.0,0.0,0.0,0.0,0.0,0.0,0.0,0.0,0.0,0.0
88542.118,3155.0,1850.0,0.0,0.0,0.0,0.0,0.0,0.0,3.0,0.0,0.0,0.0,0.0,0.0
88552.119,3155.0,1852.0,0.0,0.0,0.0,0.0,0.0,0.0,1.0,0.0,0.0,0.0,0.0,0.0
88562.118,3155.0,1850.0,0.0,0.0,0.0,0.0,0.0,0.0,-1.0,0.0,0.0,0.0,0.0,0.0
88572.119,3155.0,1851.0,0.0,0.0,0.0,0.0,0.0,0.0,0.0,0.0,0.0,0.0,0.0,0.0
88582.118,3155.0,1851.0,0.0,0.0,0.0,0.0,0.0,0.0,0.0,0.0,0.0,0.0,0.0,0.0
88592.118,3155.0,1849.0,0.0,0.0,0.0,0.0,0.0,0.0,2.0,0.0,0.0,0.0,0.0,0.0
88602.118,3155.0,1848.0,0.0,0.0,0.0,0.0,0.0,0.0,2.0,0.0,0.0,0.0,0.0,0.0
88612.118,3155.0,1849.0,0.0,0.0,0.0,0.0,0.0,0.0,4.0,0.0,0.0,0.0,0.0,0.0
88622.119,3155.0,1850.0,0.0,0.0,0.0,0.0,0.0,0.0,1.0,0.0,0.0,0.0,0.0,0.0
88632.118,3155.0,1848.0,0.0,0.0,0.0,0.0,0.0,0.0,4.0,0.0,0.0,0.0,0.0,0.0
88642.119,3155.0,1849.0,0.0,0.0,0.0,0.0,0.0,0.0,0.0,0.0,0.0,0.0,0.0,0.0
88652.118,3155.0,1846.0,0.0,0.0,0.0,0.0,0.0,0.0,0.0,0.0,0.0,0.0,0.0,0.0
88662.118,3155.0,1847.0,0.0,0.0,0.0,0.0,0.0,0.0,0.0,0.0,0.0,0.0,0.0,0.0
88672.118,3155.0,1845.0,0.0,0.0,0.0,0.0,0.0,0.0,1.0,0.0,0.0,0.0,0.0,0.0
88682.118,3155.0,1842.0,0.0,0.0,0.0,0.0,0.0,0.0,0.0,0.0,0.0,0.0,0.0,0.0
88692.118,3155.0,1848.0,0.0,0.0,0.0,0.0,0.0,0.0,0.0,0.0,0.0,0.0,0.0,0.0
88702.119,3155.0,1846.0,0.0,0.0,0.0,0.0,0.0,0.0,2.0,0.0,0.0,0.0,0.0,0.0
88712.118,3155.0,1848.0,0.0,0.0,0.0,0.0,0.0,0.0,0.0,0.0,0.0,0.0,0.0,0.0
88722.119,3155.0,1848.0,0.0,0.0,0.0,0.0,0.0,0.0,2.0,0.0,0.0,0.0,0.0,0.0
88732.118,3155.0,1848.0,0.0,0.0,0.0,0.0,0.0,0.0,3.0,0.0,0.0,0.0,0.0,0.0
88742.119,3155.0,1846.0,0.0,0.0,0.0,0.0,0.0,0.0,3.0,0.0,0.0,0.0,0.0,0.0
88752.118,3155.0,1848.0,0.0,0.0,0.0,0.0,0.0,0.0,2.0,0.0,0.0,0.0,0.0,0.0
88762.118,3155.0,1846.0,0.0,0.0,0.0,0.0,0.0,0.0,2.0,0.0,0.0,0.0,0.0,0.0
88772.118,3155.0,1844.0,0.0,0.0,0.0,0.0,0.0,0.0,4.0,0.0,0.0,0.0,0.0,0.0
88782.119,3155.0,1845.0,0.0,0.0,0.0,0.0,0.0,0.0,-2.0,0.0,0.0,0.0,0.0,0.0
88792.118,3155.0,1843.0,0.0,0.0,0.0,0.0,0.0,0.0,3.0,0.0,0.0,0.0,0.0,0.0
88802.119,3155.0,1851.0,0.0,0.0,0.0,0.0,0.0,0.0,2.0,0.0,0.0,0.0,0.0,0.0
88812.118,3155.0,1846.0,0.0,0.0,0.0,0.0,0.0,0.0,2.0,0.0,0.0,0.0,0.0,0.0
88822.118,3155.0,1846.0,0.0,0.0,0.0,0.0,0.0,0.0,4.0,0.0,0.0,0.0,0.0,0.0
88832.118,3154.0,1848.0,0.0,0.0,0.0,0.0,0.0,0.0,1.0,0.0,0.0,0.0,0.0,0.0
88842.118,3154.0,1848.0,0.0,0.0,0.0,0.0,0.0,0.0,0.0,0.0,0.0,0.0,0.0,0.0
88852.119,3154.0,1847.0,0.0,0.0,0.0,0.0,0.0,0.0,1.0,0.0,0.0,0.0,0.0,0.0
88862.118,3154.0,1846.0,0.0,0.0,0.0,0.0,0.0,0.0,0.0,0.0,0.0,0.0,0.0,0.0
88872.119,3154.0,1846.0,0.0,0.0,0.0,0.0,0.0,0.0,2.0,0.0,0.0,0.0,0.0,0.0
88882.118,3154.0,1848.0,0.0,0.0,0.0,0.0,0.0,0.0,0.0,0.0,0.0,0.0,0.0,0.0
88892.119,3154.0,1848.0,0.0,0.0,0.0,0.0,0.0,0.0,1.0,0.0,0.0,0.0,0.0,0.0
88902.118,3154.0,1846.0,0.0,0.0,0.0,0.0,0.0,0.0,0.0,0.0,0.0,0.0,0.0,0.0
88912.118,3154.0,1846.0,0.0,0.0,0.0,0.0,0.0,0.0,2.0,0.0,0.0,0.0,0.0,0.0
88922.118,3154.0,1848.0,0.0,0.0,0.0,0.0,0.0,0.0,0.0,0.0,0.0,0.0,0.0,0.0
88932.118,3154.0,1849.0,0.0,0.0,0.0,0.0,0.0,0.0,4.0,0.0,0.0,0.0,0.0,0.0
88942.119,3154.0,1848.0,0.0,0.0,0.0,0.0,0.0,0.0,3.0,0.0,0.0,0.0,0.0,0.0
88952.118,3154.0,1850.0,0.0,0.0,0.0,0.0,0.0,0.0,2.0,0.0,0.0,0.0,0.0,0.0
88962.119,3154.0,1849.0,0.0,0.0,0.0,0.0,0.0,0.0,1.0,0.0,0.0,0.0,0.0,0.0
88972.118,3154.0,1852.0,0.0,0.0,0.0,0.0,0.0,0.0,4.0,0.0,0.0,0.0,0.0,0.0
88982.118,3154.0,1850.0,0.0,0.0,0.0,0.0,0.0,0.0,1.0,0.0,0.0,0.0,0.0,0.0
88992.118,3154.0,1845.0,0.0,0.0,0.0,0.0,0.0,0.0,5.0,0.0,0.0,0.0,0.0,0.0
89002.118,3154.0,1846.0,0.0,0.0,0.0,0.0,0.0,0.0,0.0,0.0,0.0,0.0,0.0,0.0
89012.118,3154.0,1848.0,0.0,0.0,0.0,0.0,0.0,0.0,4.0,0.0,0.0,0.0,0.0,0.0
89022.119,3154.0,1848.0,0.0,0.0,0.0,0.0,0.0,0.0,0.0,0.0,0.0,0.0,0.0,0.0
89032.118,3154.0,1845.0,0.0,0.0,0.0,0.0,0.0,0.0,1.0,0.0,0.0,0.0,0.0,0.0
89042.119,3154.0,1847.0,0.0,0.0,0.0,0.0,0.0,0.0,-3.0,0.0,0.0,0.0,0.0,0.0
89052.118,3154.0,1849.0,0.0,0.0,0.0,0.0,0.0,0.0,3.0,0.0,0.0,0.0,0.0,0.0
89062.119,3154.0,1849.0,0.0,0.0,0.0,0.0,0.0,0.0,0.0,0.0,0.0,0.0,0.0,0.0
89072.118,3154.0,1849.0,0.0,0.0,0.0,0.0,0.0,0.0,3.0,0.0,0.0,0.0,0.0,0.0
89082.118,3154.0,1847.0,0.0,0.0,0.0,0.0,0.0,0.0,2.0,0.0,0.0,0.0,0.0,0.0
89092.118,3154.0,1850.0,0.0,0.0,0.0,0.0,0.0,0.0,1.0,0.0,0.0,0.0,0.0,0.0
89102.119,3154.0,1849.0,0.0,0.0,0.0,0.0,0.0,0.0,1.0,0.0,0.0,0.0,0.0,0.0
89112.118,3154.0,1849.0,0.0,0.0,0.0,0.0,0.0,0.0,2.0,0.0,0.0,0.0,0.0,0.0
89122.119,3154.0,1849.0,0.0,0.0,0.0,0.0,0.0,0.0,3.0,0.0,0.0,0.0,0.0,0.0
89132.118,3154.0,1847.0,0.0,0.0,0.0,0.0,0.0,0.0,4.0,0.0,0.0,0.0,0.0,0.0
89142.118,3154.0,1845.0,0.0,0.0,0.0,0.0,0.0,0.0,1.0,0.0,0.0,0.0,0.0,0.0
89152.118,3154.0,1844.0,0.0,0.0,0.0,0.0,0.0,0.0,2.0,0.0,0.0,0.0,0.0,0.0
89162.118,3154.0,1843.0,0.0,0.0,0.0,0.0,0.0,0.0,2.0,0.0,0.0,0.0,0.0,0.0
89172.119,3154.0,1848.0,0.0,0.0,0.0,0.0,0.0,0.0,0.0,0.0,0.0,0.0,0.0,0.0
89182.118,3154.0,1845.0,0.0,0.0,0.0,0.0,0.0,0.0,2.0,0.0,0.0,0.0,0.0,0.0
89192.119,3154.0,1843.0,0.0,0.0,0.0,0.0,0.0,0.0,0.0,0.0,0.0,0.0,0.0,0.0
89202.118,3154.0,1846.0,0.0,0.0,0.0,0.0,0.0,0.0,2.0,0.0,0.0,0.0,0.0,0.0
89212.119,3154.0,1842.0,0.0,0.0,0.0,0.0,0.0,0.0,0.0,0.0,0.0,0.0,0.0,0.0
89222.118,3154.0,1843.0,0.0,0.0,0.0,0.0,0.0,0.0,0.0,0.0,0.0,0.0,0.0,0.0
89232.118,3154.0,1847.0,0.0,0.0,0.0,0.0,0.0,0.0,1.0,0.0,0.0,0.0,0.0,0.0
89242.118,3154.0,1844.0,0.0,0.0,0.0,0.0,0.0,0.0,2.0,0.0,0.0,0.0,0.0,0.0
89252.118,3154.0,1846.0,0.0,0.0,0.0,0.0,0.0,0.0,1.0,0.0,0.0,0.0,0.0,0.0
89262.119,3154.0,1849.0,0.0,0.0,0.0,0.0,0.0,0.0,-1.0,0.0,0.0,0.0,0.0,0.0
89272.118,3154.0,1847.0,0.0,0.0,0.0,0.0,0.0,0.0,2.0,0.0,0.0,0.0,0.0,0.0
89282.119,3154.0,1850.0,0.0,0.0,0.0,0.0,0.0,0.0,0.0,0.0,0.0,0.0,0.0,0.0
89292.118,3154.0,1852.0,0.0,0.0,0.0,0.0,0.0,0.0,2.0,0.0,0.0,0.0,0.0,0.0
89302.118,3154.0,1851.0,0.0,0.0,0.0,0.0,0.0,0.0,2.0,0.0,0.0,0.0,0.0,0.0
89312.118,3154.0,1850.0,0.0,0.0,0.0,0.0,0.0,0.0,3.0,0.0,0.0,0.0,0.0,0.0
89322.118,3154.0,1848.0,0.0,0.0,0.0,0.0,0.0,0.0,1.0,0.0,0.0,0.0,0.0,0.0
89332.118,3154.0,1853.0,0.0,0.0,0.0,0.0,0.0,0.0,-1.0,0.0,0.0,0.0,0.0,0.0
89342.119,3154.0,1850.0,0.0,0.0,0.0,0.0,0.0,0.0,3.0,0.0,0.0,0.0,0.0,0.0
89352.118,3154.0,1854.0,0.0,0.0,0.0,0.0,0.0,0.0,0.0,0.0,0.0,0.0,0.0,0.0
89362.119,3154.0,1853.0,0.0,0.0,0.0,0.0,0.0,0.0,3.0,0.0,0.0,0.0,0.0,0.0
89372.118,3154.0,1855.0,0.0,0.0,0.0,0.0,0.0,0.0,2.0,0.0,0.0,0.0,0.0,0.0
89382.119,3154.0,1854.0,0.0,0.0,0.0,0.0,0.0,0.0,2.0,0.0,0.0,0.0,0.0,0.0
89392.118,3154.0,1853.0,0.0,0.0,0.0,0.0,0.0,0.0,-2.0,0.0,0.0,0.0,0.0,0.0
89402.118,3154.0,1853.0,0.0,0.0,0.0,0.0,0.0,0.0,2.0,0.0,0.0,0.0,0.0,0.0
89412.118,3154.0,1850.0,0.0,0.0,0.0,0.0,0.0,0.0,-2.0,0.0,0.0,0.0,0.0,0.0
89422.119,3154.0,1850.0,0.0,0.0,0.0,0.0,0.0,0.0,1.0,0.0,0.0,0.0,0.0,0.0
89432.118,3154.0,1851.0,0.0,0.0,0.0,0.0,0.0,0.0,-1.0,0.0,0.0,0.0,0.0,0.0
89442.119,3154.0,1854.0,0.0,0.0,0.0,0.0,0.0,0.0,4.0,0.0,0.0,0.0,0.0,0.0
89452.118,3154.0,1850.0,0.0,0.0,0.0,0.0,0.0,0.0,3.0,0.0,0.0,0.0,0.0,0.0
89462.118,3154.0,1852.0,0.0,0.0,0.0,0.0,0.0,0.0,1.0,0.0,0.0,0.0,0.0,0.0
89472.118,3154.0,1850.0,0.0,0.0,0.0,0.0,0.0,0.0,5.0,0.0,0.0,0.0,0.0,0.0
89482.118,3154.0,1849.0,0.0,0.0,0.0,0.0,0.0,0.0,1.0,0.0,0.0,0.0,0.0,0.0
89492.119,3154.0,1846.0,0.0,0.0,0.0,0.0,0.0,0.0,0.0,0.0,0.0,0.0,0.0,0.0
89502.118,3154.0,1845.0,0.0,0.0,0.0,0.0,0.0,0.0,1.0,0.0,0.0,0.0,0.0,0.0
89512.119,3154.0,1844.0,0.0,0.0,0.0,0.0,0.0,0.0,1.0,0.0,0.0,0.0,0.0,0.0
89522.118,3154.0,1845.0,0.0,0.0,0.0,0.0,0.0,0.0,1.0,0.0,0.0,0.0,0.0,0.0
89532.119,3154.0,1844.0,0.0,0.0,0.0,0.0,0.0,0.0,3.0,0.0,0.0,0.0,0.0,0.0
89542.118,3154.0,1841.0,0.0,0.0,0.0,0.0,0.0,0.0,2.0,0.0,0.0,0.0,0.0,0.0
89552.118,3154.0,1842.0,0.0,0.0,0.0,0.0,0.0,0.0,2.0,0.0,0.0,0.0,0.0,0.0
89562.118,3154.0,1844.0,0.0,0.0,0.0,0.0,0.0,0.0,1.0,0.0,0.0,0.0,0.0,0.0
89572.118,3154.0,1844.0,0.0,0.0,0.0,0.0,0.0,0.0,1.0,0.0,0.0,0.0,0.0,0.0
89582.119,3154.0,1845.0,0.0,0.0,0.0,0.0,0.0,0.0,0.0,0.0,0.0,0.0,0.0,0.0
89592.118,3154.0,1844.0,0.0,0.0,0.0,0.0,0.0,0.0,0.0,0.0,0.0,0.0,0.0,0.0
89602.119,3154.0,1845.0,0.0,0.0,0.0,0.0,0.0,0.0,0.0,0.0,0.0,0.0,0.0,0.0
89612.118,3154.0,1845.0,0.0,0.0,0.0,0.0,0.0,0.0,1.0,0.0,0.0,0.0,0.0,0.0
89622.118,3154.0,1846.0,0.0,0.0,0.0,0.0,0.0,0.0,5.0,0.0,0.0,0.0,0.0,0.0
89632.118,3154.0,1847.0,0.0,0.0,0.0,0.0,0.0,0.0,-1.0,0.0,0.0,0.0,0.0,0.0
89642.118,3154.0,1846.0,0.0,0.0,0.0,0.0,0.0,0.0,2.0,0.0,0.0,0.0,0.0,0.0
89652.118,3154.0,1846.0,0.0,0.0,0.0,0.0,0.0,0.0,2.0,0.0,0.0,0.0,0.0,0.0
89662.119,3154.0,1843.0,0.0,0.0,0.0,0.0,0.0,0.0,0.0,0.0,0.0,0.0,0.0,0.0
89672.118,3154.0,1844.0,0.0,0.0,0.0,0.0,0.0,0.0,0.0,0.0,0.0,0.0,0.0,0.0
89682.119,3154.0,1846.0,0.0,0.0,0.0,0.0,0.0,0.0,-1.0,0.0,0.0,0.0,0.0,0.0
89692.118,3154.0,1850.0,0.0,0.0,0.0,0.0,0.0,0.0,3.0,0.0,0.0,0.0,0.0,0.0
89702.119,3154.0,1844.0,0.0,0.0,0.0,0.0,0.0,0.0,3.0,0.0,0.0,0.0,0.0,0.0
89712.118,3154.0,1847.0,0.0,0.0,0.0,0.0,0.0,0.0,3.0,0.0,0.0,0.0,0.0,0.0
89722.118,3154.0,1845.0,0.0,0.0,0.0,0.0,0.0,0.0,0.0,0.0,0.0,0.0,0.0,0.0
89732.118,3154.0,1847.0,0.0,0.0,0.0,0.0,0.0,0.0,0.0,0.0,0.0,0.0,0.0,0.0
89742.119,3154.0,1847.0,0.0,0.0,0.0,0.0,0.0,0.0,3.0,0.0,0.0,0.0,0.0,0.0
89752.118,3154.0,1845.0,0.0,0.0,0.0,0.0,0.0,0.0,3.0,0.0,0.0,0.0,0.0,0.0
89762.119,3154.0,1845.0,0.0,0.0,0.0,0.0,0.0,0.0,4.0,0.0,0.0,0.0,0.0,0.0
89772.118,3154.0,1846.0,0.0,0.0,0.0,0.0,0.0,0.0,-1.0,0.0,0.0,0.0,0.0,0.0
89782.118,3154.0,1842.0,0.0,0.0,0.0,0.0,0.0,0.0,2.0,0.0,0.0,0.0,0.0,0.0
89792.118,3154.0,1845.0,0.0,0.0,0.0,0.0,0.0,0.0,2.0,0.0,0.0,0.0,0.0,0.0
89802.118,3154.0,1846.0,0.0,0.0,0.0,0.0,0.0,0.0,4.0,0.0,0.0,0.0,0.0,0.0
89812.119,3154.0,1844.0,0.0,0.0,0.0,0.0,0.0,0.0,2.0,0.0,0.0,0.0,0.0,0.0
89822.118,3154.0,1844.0,0.0,0.0,0.0,0.0,0.0,0.0,0.0,0.0,0.0,0.0,0.0,0.0
89832.119,3154.0,1845.0,0.0,0.0,0.0,0.0,0.0,0.0,-1.0,0.0,0.0,0.0,0.0,0.0
89842.118,3154.0,1848.0,0.0,0.0,0.0,0.0,0.0,0.0,2.0,0.0,0.0,0.0,0.0,0.0
89852.119,3154.0,1847.0,0.0,0.0,0.0,0.0,0.0,0.0,3.0,0.0,0.0,0.0,0.0,0.0
89862.118,3154.0,1846.0,0.0,0.0,0.0,0.0,0.0,0.0,1.0,0.0,0.0,0.0,0.0,0.0
89872.118,3154.0,1847.0,0.0,0.0,0.0,0.0,0.0,0.0,0.0,0.0,0.0,0.0,0.0,0.0
89882.118,3154.0,1843.0,0.0,0.0,0.0,0.0,0.0,0.0,1.0,0.0,0.0,0.0,0.0,0.0
89892.118,3154.0,1847.0,0.0,0.0,0.0,0.0,0.0,0.0,1.0,0.0,0.0,0.0,0.0,0.0
89902.119,3154.0,1845.0,0.0,0.0,0.0,0.0,0.0,0.0,1.0,0.0,0.0,0.0,0.0,0.0
89912.118,3154.0,1846.0,0.0,0.0,0.0,0.0,0.0,0.0,1.0,0.0,0.0,0.0,0.0,0.0
89922.119,3154.0,1848.0,0.0,0.0,0.0,0.0,0.0,0.0,3.0,0.0,0.0,0.0,0.0,0.0
89932.118,3154.0,1845.0,0.0,0.0,0.0,0.0,0.0,0.0,-1.0,0.0,0.0,0.0,0.0,0.0
89942.118,3154.0,1846.0,0.0,0.0,0.0,0.0,0.0,0.0,1.0,0.0,0.0,0.0,0.0,0.0
89952.118,3154.0,1844.0,0.0,0.0,0.0,0.0,0.0,0.0,0.0,0.0,0.0,0.0,0.0,0.0
89962.118,3154.0,1846.0,0.0,0.0,0.0,0.0,0.0,0.0,2.0,0.0,0.0,0.0,0.0,0.0
89972.118,3154.0,1846.0,0.0,0.0,0.0,0.0,0.0,0.0,0.0,0.0,0.0,0.0,0.0,0.0
89982.119,3154.0,1841.0,0.0,0.0,0.0,0.0,0.0,0.0,-3.0,0.0,0.0,0.0,0.0,0.0
89992.118,3154.0,1845.0,0.0,0.0,0.0,0.0,0.0,0.0,0.0,0.0,0.0,0.0,0.0,0.0
90002.119,3154.0,1844.0,0.0,0.0,0.0,0.0,0.0,0.0,2.0,0.0,0.0,0.0,0.0,0.0
90012.118,3154.0,1846.0,0.0,0.0,0.0,0.0,0.0,0.0,3.0,0.0,0.0,0.0,0.0,0.0
90022.119,3154.0,1845.0,0.0,0.0,0.0,0.0,0.0,0.0,-1.0,0.0,0.0,0.0,0.0,0.0
90032.118,3154.0,1846.0,0.0,0.0,0.0,0.0,0.0,0.0,2.0,0.0,0.0,0.0,0.0,0.0
90042.118,3154.0,1846.0,0.0,0.0,0.0,0.0,0.0,0.0,-1.0,0.0,0.0,0.0,0.0,0.0
90052.118,3154.0,1848.0,0.0,0.0,0.0,0.0,0.0,0.0,-2.0,0.0,0.0,0.0,0.0,0.0
90062.119,3154.0,1847.0,0.0,0.0,0.0,0.0,0.0,0.0,4.0,0.0,0.0,0.0,0.0,0.0
90072.118,3154.0,1847.0,0.0,0.0,0.0,0.0,0.0,0.0,1.0,0.0,0.0,0.0,0.0,0.0
90082.119,3154.0,1848.0,0.0,0.0,0.0,0.0,0.0,0.0,1.0,0.0,0.0,0.0,0.0,0.0
90092.118,3154.0,1844.0,0.0,0.0,0.0,0.0,0.0,0.0,2.0,0.0,0.0,0.0,0.0,0.0
90102.118,3154.0,1846.0,0.0,0.0,0.0,0.0,0.0,0.0,2.0,0.0,0.0,0.0,0.0,0.0
90112.118,3154.0,1843.0,0.0,0.0,0.0,0.0,0.0,0.0,3.0,0.0,0.0,0.0,0.0,0.0
90122.118,3154.0,1849.0,0.0,0.0,0.0,0.0,0.0,0.0,1.0,0.0,0.0,0.0,0.0,0.0
90132.119,3154.0,1848.0,0.0,0.0,0.0,0.0,0.0,0.0,1.0,0.0,0.0,0.0,0.0,0.0
90142.118,3154.0,1843.0,0.0,0.0,0.0,0.0,0.0,0.0,1.0,0.0,0.0,0.0,0.0,0.0
90152.119,3154.0,1843.0,0.0,0.0,0.0,0.0,0.0,0.0,3.0,0.0,0.0,0.0,0.0,0.0
90162.118,3154.0,1846.0,0.0,0.0,0.0,0.0,0.0,0.0,1.0,0.0,0.0,0.0,0.0,0.0
90172.119,3154.0,1847.0,0.0,0.0,0.0,0.0,0.0,0.0,-1.0,0.0,0.0,0.0,0.0,0.0
90182.118,3154.0,1843.0,0.0,0.0,0.0,0.0,0.0,0.0,-1.0,0.0,0.0,0.0,0.0,0.0
90192.118,3154.0,1846.0,0.0,0.0,0.0,0.0,0.0,0.0,0.0,0.0,0.0,0.0,0.0,0.0
90202.118,3154.0,1847.0,0.0,0.0,0.0,0.0,0.0,0.0,0.0,0.0,0.0,0.0,0.0,0.0
90212.118,3154.0,1848.0,0.0,0.0,0.0,0.0,0.0,0.0,1.0,0.0,0.0,0.0,0.0,0.0
90222.119,3154.0,1844.0,0.0,0.0,0.0,0.0,0.0,0.0,0.0,0.0,0.0,0.0,0.0,0.0
90232.118,3154.0,1843.0,0.0,0.0,0.0,0.0,0.0,0.0,1.0,0.0,0.0,0.0,0.0,0.0
90242.119,3154.0,1847.0,0.0,0.0,0.0,0.0,0.0,0.0,0.0,0.0,0.0,0.0,0.0,0.0
90252.118,3154.0,1846.0,0.0,0.0,0.0,0.0,0.0,0.0,1.0,0.0,0.0,0.0,0.0,0.0
90262.118,3154.0,1844.0,0.0,0.0,0.0,0.0,0.0,0.0,1.0,0.0,0.0,0.0,0.0,0.0
90272.118,3154.0,1845.0,0.0,0.0,0.0,0.0,0.0,0.0,3.0,0.0,0.0,0.0,0.0,0.0
90282.118,3154.0,1845.0,0.0,0.0,0.0,0.0,0.0,0.0,0.0,0.0,0.0,0.0,0.0,0.0
90292.118,3154.0,1846.0,0.0,0.0,0.0,0.0,0.0,0.0,2.0,0.0,0.0,0.0,0.0,0.0
90302.119,3154.0,1843.0,0.0,0.0,0.0,0.0,0.0,0.0,0.0,0.0,0.0,0.0,0.0,0.0
90312.118,3154.0,1845.0,0.0,0.0,0.0,0.0,0.0,0.0,0.0,0.0,0.0,0.0,0.0,0.0
90322.119,3154.0,1844.0,0.0,0.0,0.0,0.0,0.0,0.0,0.0,0.0,0.0,0.0,0.0,0.0
90332.118,3154.0,1844.0,0.0,0.0,0.0,0.0,0.0,0.0,2.0,0.0,0.0,0.0,0.0,0.0
90342.119,3154.0,1845.0,0.0,0.0,0.0,0.0,0.0,0.0,3.0,0.0,0.0,0.0,0.0,0.0
90352.118,3154.0,1844.0,0.0,0.0,0.0,0.0,0.0,0.0,-1.0,0.0,0.0,0.0,0.0,0.0
90362.118,3154.0,1845.0,0.0,0.0,0.0,0.0,0.0,0.0,2.0,0.0,0.0,0.0,0.0,0.0
90372.118,3154.0,1844.0,0.0,0.0,0.0,0.0,0.0,0.0,2.0,0.0,0.0,0.0,0.0,0.0
90382.119,3154.0,1845.0,0.0,0.0,0.0,0.0,0.0,0.0,1.0,0.0,0.0,0.0,0.0,0.0
90392.118,3154.0,1843.0,0.0,0.0,0.0,0.0,0.0,0.0,3.0,0.0,0.0,0.0,0.0,0.0
90402.119,3154.0,1844.0,0.0,0.0,0.0,0.0,0.0,0.0,3.0,0.0,0.0,0.0,0.0,0.0
90412.118,3154.0,1843.0,0.0,0.0,0.0,0.0,0.0,0.0,0.0,0.0,0.0,0.0,0.0,0.0
90422.118,3154.0,1844.0,0.0,0.0,0.0,0.0,0.0,0.0,1.0,0.0,0.0,0.0,0.0,0.0
90432.118,3154.0,1849.0,0.0,0.0,0.0,0.0,0.0,0.0,2.0,0.0,0.0,0.0,0.0,0.0
90442.118,3154.0,1843.0,0.0,0.0,0.0,0.0,0.0,0.0,2.0,0.0,0.0,0.0,0.0,0.0
90452.119,3154.0,1845.0,0.0,0.0,0.0,0.0,0.0,0.0,3.0,0.0,0.0,0.0,0.0,0.0
90462.118,3154.0,1846.0,0.0,0.0,0.0,0.0,0.0,0.0,1.0,0.0,0.0,0.0,0.0,0.0
90472.119,3154.0,1847.0,0.0,0.0,0.0,0.0,0.0,0.0,1.0,0.0,0.0,0.0,0.0,0.0
90482.118,3154.0,1850.0,0.0,0.0,0.0,0.0,0.0,0.0,1.0,0.0,0.0,0.0,0.0,0.0
90492.119,3154.0,1844.0,0.0,0.0,0.0,0.0,0.0,0.0,4.0,0.0,0.0,0.0,0.0,0.0
90502.118,3154.0,1846.0,0.0,0.0,0.0,0.0,0.0,0.0,1.0,0.0,0.0,0.0,0.0,0.0
90512.118,3154.0,1846.0,0.0,0.0,0.0,0.0,0.0,0.0,2.0,0.0,0.0,0.0,0.0,0.0
90522.118,3154.0,1846.0,0.0,0.0,0.0,0.0,0.0,0.0,0.0,0.0,0.0,0.0,0.0,0.0
90532.118,3154.0,1847.0,0.0,0.0,0.0,0.0,0.0,0.0,5.0,0.0,0.0,0.0,0.0,0.0
90542.119,3154.0,1850.0,0.0,0.0,0.0,0.0,0.0,0.0,2.0,0.0,0.0,0.0,0.0,0.0
90552.118,3154.0,1851.0,0.0,0.0,0.0,0.0,0.0,0.0,6.0,0.0,0.0,0.0,0.0,0.0
90562.119,3154.0,1855.0,0.0,0.0,0.0,0.0,0.0,0.0,4.0,0.0,0.0,0.0,0.0,0.0
90572.118,3154.0,1857.0,0.0,0.0,0.0,0.0,0.0,0.0,5.0,0.0,0.0,0.0,0.0,0.0
90582.118,3154.0,1864.0,0.0,0.0,0.0,0.0,0.0,0.0,4.0,0.0,0.0,0.0,0.0,0.0
90592.118,3154.0,1864.0,0.0,0.0,0.0,0.0,0.0,0.0,6.0,0.0,0.0,0.0,0.0,0.0
90602.118,3154.0,1869.0,0.0,0.0,0.0,0.0,0.0,0.0,5.0,0.0,0.0,0.0,0.0,0.0
90612.118,3154.0,1871.0,0.0,0.0,0.0,0.0,0.0,0.0,4.0,0.0,0.0,0.0,0.0,0.0
90622.119,3154.0,1871.0,0.0,0.0,0.0,0.0,0.0,0.0,5.0,0.0,0.0,0.0,0.0,0.0
90632.118,3154.0,1875.0,0.0,0.0,0.0,0.0,0.0,0.0,2.0,0.0,0.0,0.0,0.0,0.0
90642.119,3154.0,1874.0,0.0,0.0,0.0,0.0,0.0,0.0,5.0,0.0,0.0,0.0,0.0,0.0
90652.118,3154.0,1874.0,0.0,0.0,0.0,0.0,0.0,0.0,5.0,0.0,0.0,0.0,0.0,0.0
90662.119,3154.0,1878.0,0.0,0.0,0.0,0.0,0.0,0.0,5.0,0.0,0.0,0.0,0.0,0.0
90672.118,3154.0,1874.0,0.0,0.0,0.0,0.0,0.0,0.0,2.0,0.0,0.0,0.0,0.0,0.0
90682.118,3154.0,1877.0,0.0,0.0,0.0,0.0,0.0,0.0,3.0,0.0,0.0,0.0,0.0,0.0
90692.118,3154.0,1875.0,0.0,0.0,0.0,0.0,0.0,0.0,4.0,0.0,0.0,0.0,0.0,0.0
90702.119,3154.0,1874.0,0.0,0.0,0.0,0.0,0.0,0.0,6.0,0.0,0.0,0.0,0.0,0.0
90712.118,3154.0,1873.0,0.0,0.0,0.0,0.0,0.0,0.0,6.0,0.0,0.0,0.0,0.0,0.0
90722.119,3154.0,1872.0,0.0,0.0,0.0,0.0,0.0,0.0,5.0,0.0,0.0,0.0,0.0,0.0
90732.118,3154.0,1872.0,0.0,0.0,0.0,0.0,0.0,0.0,7.0,0.0,0.0,0.0,0.0,0.0
90742.118,3154.0,1874.0,0.0,0.0,0.0,0.0,0.0,0.0,4.0,0.0,0.0,0.0,0.0,0.0
90752.118,3154.0,1875.0,0.0,0.0,0.0,0.0,0.0,0.0,5.0,0.0,0.0,0.0,0.0,0.0
90762.118,3154.0,1875.0,0.0,0.0,0.0,0.0,0.0,0.0,6.0,0.0,0.0,0.0,0.0,0.0
90772.119,3154.0,1875.0,0.0,0.0,0.0,0.0,0.0,0.0,4.0,0.0,0.0,0.0,0.0,0.0
90782.118,3154.0,1874.0,0.0,0.0,0.0,0.0,0.0,0.0,4.0,0.0,0.0,0.0,0.0,0.0
90792.119,3154.0,1875.0,0.0,0.0,0.0,0.0,0.0,0.0,5.0,0.0,0.0,0.0,0.0,0.0
90802.118,3154.0,1873.0,0.0,0.0,0.0,0.0,0.0,0.0,8.0,0.0,0.0,0.0,0.0,0.0
90812.119,3154.0,1873.0,0.0,0.0,0.0,0.0,0.0,0.0,6.0,0.0,0.0,0.0,0.0,0.0
90822.118,3154.0,1873.0,0.0,0.0,0.0,0.0,0.0,0.0,4.0,0.0,0.0,0.0,0.0,0.0
90832.118,3154.0,1874.0,0.0,0.0,0.0,0.0,0.0,0.0,7.0,0.0,0.0,0.0,0.0,0.0
90842.118,3154.0,1874.0,0.0,0.0,0.0,0.0,0.0,0.0,5.0,0.0,0.0,0.0,0.0,0.0
90852.118,3154.0,1873.0,0.0,0.0,0.0,0.0,0.0,0.0,5.0,0.0,0.0,0.0,0.0,0.0
90862.119,3154.0,1875.0,0.0,0.0,0.0,0.0,0.0,0.0,5.0,0.0,0.0,0.0,0.0,0.0
90872.118,3154.0,1874.0,0.0,0.0,0.0,0.0,0.0,0.0,3.0,0.0,0.0,0.0,0.0,0.0
90882.119,3154.0,1872.0,0.0,0.0,0.0,0.0,0.0,0.0,4.0,0.0,0.0,0.0,0.0,0.0
90892.118,3154.0,1871.0,0.0,0.0,0.0,0.0,0.0,0.0,4.0,0.0,0.0,0.0,0.0,0.0
90902.118,3154.0,1871.0,0.0,0.0,0.0,0.0,0.0,0.0,1.0,0.0,0.0,0.0,0.0,0.0
90912.118,3154.0,1868.0,0.0,0.0,0.0,0.0,0.0,0.0,3.0,0.0,0.0,0.0,0.0,0.0
90922.118,3154.0,1870.0,0.0,0.0,0.0,0.0,0.0,0.0,4.0,0.0,0.0,0.0,0.0,0.0
90932.118,3154.0,1867.0,0.0,0.0,0.0,0.0,0.0,0.0,2.0,0.0,0.0,0.0,0.0,0.0
90942.119,3154.0,1866.0,0.0,0.0,0.0,0.0,0.0,0.0,2.0,0.0,0.0,0.0,0.0,0.0
90952.118,3154.0,1867.0,0.0,0.0,0.0,0.0,0.0,0.0,1.0,0.0,0.0,0.0,0.0,0.0
90962.119,3154.0,1862.0,0.0,0.0,0.0,0.0,0.0,0.0,-1.0,0.0,0.0,0.0,0.0,0.0
90972.118,3154.0,1864.0,0.0,0.0,0.0,0.0,0.0,0.0,-1.0,0.0,0.0,0.0,0.0,0.0
90982.119,3154.0,1862.0,0.0,0.0,0.0,0.0,0.0,0.0,0.0,0.0,0.0,0.0,0.0,0.0
90992.118,3154.0,1862.0,0.0,0.0,0.0,0.0,0.0,0.0,1.0,0.0,0.0,0.0,0.0,0.0
91002.118,3154.0,1862.0,0.0,0.0,0.0,0.0,0.0,0.0,1.0,0.0,0.0,0.0,0.0,0.0
91012.118,3154.0,1861.0,0.0,0.0,0.0,0.0,0.0,0.0,2.0,0.0,0.0,0.0,0.0,0.0
91022.119,3154.0,1860.0,0.0,0.0,0.0,0.0,0.0,0.0,0.0,0.0,0.0,0.0,0.0,0.0
91032.118,3154.0,1861.0,0.0,0.0,0.0,0.0,0.0,0.0,-1.0,0.0,0.0,0.0,0.0,0.0
91042.119,3154.0,1861.0,0.0,0.0,0.0,0.0,0.0,0.0,0.0,0.0,0.0,0.0,0.0,0.0
91052.118,3154.0,1864.0,0.0,0.0,0.0,0.0,0.0,0.0,1.0,0.0,0.0,0.0,0.0,0.0
91062.118,3154.0,1863.0,0.0,0.0,0.0,0.0,0.0,0.0,1.0,0.0,0.0,0.0,0.0,0.0
91072.118,3154.0,1864.0,0.0,0.0,0.0,0.0,0.0,0.0,0.0,0.0,0.0,0.0,0.0,0.0
91082.118,3154.0,1867.0,0.0,0.0,0.0,0.0,0.0,0.0,3.0,0.0,0.0,0.0,0.0,0.0
91092.119,3154.0,1866.0,0.0,0.0,0.0,0.0,0.0,0.0,1.0,0.0,0.0,0.0,0.0,0.0
91102.118,3154.0,1865.0,0.0,0.0,0.0,0.0,0.0,0.0,2.0,0.0,0.0,0.0,0.0,0.0
91112.119,3154.0,1869.0,0.0,0.0,0.0,0.0,0.0,0.0,0.0,0.0,0.0,0.0,0.0,0.0
91122.118,3154.0,1869.0,0.0,0.0,0.0,0.0,0.0,0.0,3.0,0.0,0.0,0.0,0.0,0.0
91132.119,3154.0,1871.0,0.0,0.0,0.0,0.0,0.0,0.0,2.0,0.0,0.0,0.0,0.0,0.0
91142.118,3154.0,1871.0,0.0,0.0,0.0,0.0,0.0,0.0,-2.0,0.0,0.0,0.0,0.0,0.0
91152.118,3154.0,1874.0,0.0,0.0,0.0,0.0,0.0,0.0,1.0,0.0,0.0,0.0,0.0,0.0
91162.118,3154.0,1872.0,0.0,0.0,0.0,0.0,0.0,0.0,1.0,0.0,0.0,0.0,0.0,0.0
91172.118,3154.0,1874.0,0.0,0.0,0.0,0.0,0.0,0.0,4.0,0.0,0.0,0.0,0.0,0.0
91182.119,3154.0,1873.0,0.0,0.0,0.0,0.0,0.0,0.0,2.0,0.0,0.0,0.0,0.0,0.0
91192.118,3154.0,1874.0,0.0,0.0,0.0,0.0,0.0,0.0,5.0,0.0,0.0,0.0,0.0,0.0
91202.119,3154.0,1874.0,0.0,0.0,0.0,0.0,0.0,0.0,1.0,0.0,0.0,0.0,0.0,0.0
91212.118,3154.0,1874.0,0.0,0.0,0.0,0.0,0.0,0.0,1.0,0.0,0.0,0.0,0.0,0.0
91222.118,3154.0,1875.0,0.0,0.0,0.0,0.0,0.0,0.0,-1.0,0.0,0.0,0.0,0.0,0.0
91232.118,3154.0,1873.0,0.0,0.0,0.0,0.0,0.0,0.0,2.0,0.0,0.0,0.0,0.0,0.0
91242.118,3154.0,1876.0,0.0,0.0,0.0,0.0,0.0,0.0,5.0,0.0,0.0,0.0,0.0,0.0
91252.118,3154.0,1877.0,0.0,0.0,0.0,0.0,0.0,0.0,3.0,0.0,0.0,0.0,0.0,0.0
91262.119,3154.0,1873.0,0.0,0.0,0.0,0.0,0.0,0.0,2.0,0.0,0.0,0.0,0.0,0.0
91272.118,3154.0,1876.0,0.0,0.0,0.0,0.0,0.0,0.0,0.0,0.0,0.0,0.0,0.0,0.0
91282.119,3154.0,1875.0,0.0,0.0,0.0,0.0,0.0,0.0,1.0,0.0,0.0,0.0,0.0,0.0
91292.118,3154.0,1875.0,0.0,0.0,0.0,0.0,0.0,0.0,0.0,0.0,0.0,0.0,0.0,0.0
91302.119,3154.0,1877.0,0.0,0.0,0.0,0.0,0.0,0.0,0.0,0.0,0.0,0.0,0.0,0.0
91312.118,3154.0,1875.0,0.0,0.0,0.0,0.0,0.0,0.0,1.0,0.0,0.0,0.0,0.0,0.0
91322.118,3154.0,1875.0,0.0,0.0,0.0,0.0,0.0,0.0,2.0,0.0,0.0,0.0,0.0,0.0
91332.118,3154.0,1881.0,0.0,0.0,0.0,0.0,0.0,0.0,4.0,0.0,0.0,0.0,0.0,0.0
91342.119,3154.0,1884.0,0.0,0.0,0.0,0.0,0.0,0.0,1.0,0.0,0.0,0.0,0.0,0.0
91352.118,3154.0,1885.0,0.0,0.0,0.0,0.0,0.0,0.0,5.0,0.0,0.0,0.0,0.0,0.0
91362.119,3154.0,1892.0,0.0,0.0,0.0,0.0,0.0,0.0,4.0,0.0,0.0,0.0,0.0,0.0
91372.118,3154.0,1893.0,0.0,0.0,0.0,0.0,0.0,0.0,3.0,0.0,0.0,0.0,0.0,0.0
91382.118,3154.0,1896.0,0.0,0.0,0.0,0.0,0.0,0.0,3.0,0.0,0.0,0.0,0.0,0.0
91392.118,3154.0,1901.0,0.0,0.0,0.0,0.0,0.0,0.0,4.0,0.0,0.0,0.0,0.0,0.0
91402.118,3154.0,1898.0,0.0,0.0,0.0,0.0,0.0,0.0,6.0,0.0,0.0,0.0,0.0,0.0
91412.119,3154.0,1903.0,0.0,0.0,0.0,0.0,0.0,0.0,7.0,0.0,0.0,0.0,0.0,0.0
91422.118,3154.0,1904.0,0.0,0.0,0.0,0.0,0.0,0.0,8.0,0.0,0.0,0.0,0.0,0.0
91432.119,3154.0,1904.0,0.0,0.0,0.0,0.0,0.0,0.0,7.0,0.0,0.0,0.0,0.0,0.0
91442.118,3154.0,1903.0,0.0,0.0,0.0,0.0,0.0,0.0,7.0,0.0,0.0,0.0,0.0,0.0
91452.119,3154.0,1903.0,0.0,0.0,0.0,0.0,0.0,0.0,5.0,0.0,0.0,0.0,0.0,0.0
91462.118,3154.0,1904.0,0.0,0.0,0.0,0.0,0.0,0.0,4.0,0.0,0.0,0.0,0.0,0.0
91472.118,3154.0,1905.0,0.0,0.0,0.0,0.0,0.0,0.0,6.0,0.0,0.0,0.0,0.0,0.0
91482.118,3154.0,1906.0,0.0,0.0,0.0,0.0,0.0,0.0,7.0,0.0,0.0,0.0,0.0,0.0
91492.118,3154.0,1908.0,0.0,0.0,0.0,0.0,0.0,0.0,3.0,0.0,0.0,0.0,0.0,0.0
91502.119,3154.0,1907.0,0.0,0.0,0.0,0.0,0.0,0.0,6.0,0.0,0.0,0.0,0.0,0.0
91512.118,3154.0,1907.0,0.0,0.0,0.0,0.0,0.0,0.0,6.0,0.0,0.0,0.0,0.0,0.0
91522.119,3154.0,1909.0,0.0,0.0,0.0,0.0,0.0,0.0,5.0,0.0,0.0,0.0,0.0,0.0
91532.118,3154.0,1903.0,0.0,0.0,0.0,0.0,0.0,0.0,3.0,0.0,0.0,0.0,0.0,0.0
91542.118,3154.0,1907.0,0.0,0.0,0.0,0.0,0.0,0.0,4.0,0.0,0.0,0.0,0.0,0.0
91552.118,3154.0,1913.0,0.0,0.0,0.0,0.0,0.0,0.0,4.0,0.0,0.0,0.0,0.0,0.0
91562.118,3154.0,1909.0,0.0,0.0,0.0,0.0,0.0,0.0,4.0,0.0,0.0,0.0,0.0,0.0
91572.118,3154.0,1912.0,0.0,0.0,0.0,0.0,0.0,0.0,6.0,0.0,0.0,0.0,0.0,0.0
91582.119,3154.0,1911.0,0.0,0.0,0.0,0.0,0.0,0.0,3.0,0.0,0.0,0.0,0.0,0.0
91592.118,3154.0,1912.0,0.0,0.0,0.0,0.0,0.0,0.0,2.0,0.0,0.0,0.0,0.0,0.0
91602.119,3154.0,1913.0,0.0,0.0,0.0,0.0,0.0,0.0,5.0,0.0,0.0,0.0,0.0,0.0
91612.118,3154.0,1913.0,0.0,0.0,0.0,0.0,0.0,0.0,3.0,0.0,0.0,0.0,0.0,0.0
91622.119,3154.0,1916.0,0.0,0.0,0.0,0.0,0.0,0.0,4.0,0.0,0.0,0.0,0.0,0.0
91632.118,3154.0,1914.0,0.0,0.0,0.0,0.0,0.0,0.0,3.0,0.0,0.0,0.0,0.0,0.0
91642.118,3154.0,1915.0,0.0,0.0,0.0,0.0,0.0,0.0,3.0,0.0,0.0,0.0,0.0,0.0
91652.118,3154.0,1912.0,0.0,0.0,0.0,0.0,0.0,0.0,2.0,0.0,0.0,0.0,0.0,0.0
91662.119,3154.0,1914.0,0.0,0.0,0.0,0.0,0.0,0.0,1.0,0.0,0.0,0.0,0.0,0.0
91672.118,3154.0,1911.0,0.0,0.0,0.0,0.0,0.0,0.0,2.0,0.0,0.0,0.0,0.0,0.0
91682.119,3154.0,1914.0,0.0,0.0,0.0,0.0,0.0,0.0,2.0,0.0,0.0,0.0,0.0,0.0
91692.118,3154.0,1911.0,0.0,0.0,0.0,0.0,0.0,0.0,4.0,0.0,0.0,0.0,0.0,0.0
91702.118,3154.0,1912.0,0.0,0.0,0.0,0.0,0.0,0.0,5.0,0.0,0.0,0.0,0.0,0.0
91712.118,3154.0,1912.0,0.0,0.0,0.0,0.0,0.0,0.0,3.0,0.0,0.0,0.0,0.0,0.0
91722.118,3154.0,1914.0,0.0,0.0,0.0,0.0,0.0,0.0,2.0,0.0,0.0,0.0,0.0,0.0
91732.119,3154.0,1913.0,0.0,0.0,0.0,0.0,0.0,0.0,3.0,0.0,0.0,0.0,0.0,0.0
91742.118,3154.0,1913.0,0.0,0.0,0.0,0.0,0.0,0.0,5.0,0.0,0.0,0.0,0.0,0.0
91752.119,3154.0,1913.0,0.0,0.0,0.0,0.0,0.0,0.0,6.0,0.0,0.0,0.0,0.0,0.0
91762.118,3154.0,1912.0,0.0,0.0,0.0,0.0,0.0,0.0,2.0,0.0,0.0,0.0,0.0,0.0
91772.119,3154.0,1909.0,0.0,0.0,0.0,0.0,0.0,0.0,6.0,0.0,0.0,0.0,0.0,0.0
91782.118,3154.0,1912.0,0.0,0.0,0.0,0.0,0.0,0.0,3.0,0.0,0.0,0.0,0.0,0.0
91792.118,3154.0,1913.0,0.0,0.0,0.0,0.0,0.0,0.0,3.0,0.0,0.0,0.0,0.0,0.0
91802.118,3154.0,1911.0,0.0,0.0,0.0,0.0,0.0,0.0,0.0,0.0,0.0,0.0,0.0,0.0
91812.118,3154.0,1910.0,0.0,0.0,0.0,0.0,0.0,0.0,4.0,0.0,0.0,0.0,0.0,0.0
91822.119,3154.0,1913.0,0.0,0.0,0.0,0.0,0.0,0.0,3.0,0.0,0.0,0.0,0.0,0.0
91832.118,3154.0,1913.0,0.0,0.0,0.0,0.0,0.0,0.0,0.0,0.0,0.0,0.0,0.0,0.0
91842.119,3154.0,1915.0,0.0,0.0,0.0,0.0,0.0,0.0,1.0,0.0,0.0,0.0,0.0,0.0
91852.118,3154.0,1914.0,0.0,0.0,0.0,0.0,0.0,0.0,4.0,0.0,0.0,0.0,0.0,0.0
91862.118,3154.0,1912.0,0.0,0.0,0.0,0.0,0.0,0.0,2.0,0.0,0.0,0.0,0.0,0.0
91872.118,3154.0,1911.0,0.0,0.0,0.0,0.0,0.0,0.0,1.0,0.0,0.0,0.0,0.0,0.0
91882.118,3154.0,1909.0,0.0,0.0,0.0,0.0,0.0,0.0,1.0,0.0,0.0,0.0,0.0,0.0
91892.118,3154.0,1913.0,0.0,0.0,0.0,0.0,0.0,0.0,2.0,0.0,0.0,0.0,0.0,0.0
91902.119,3154.0,1911.0,0.0,0.0,0.0,0.0,0.0,0.0,3.0,0.0,0.0,0.0,0.0,0.0
91912.118,3154.0,1912.0,0.0,0.0,0.0,0.0,0.0,0.0,2.0,0.0,0.0,0.0,0.0,0.0
91922.119,3154.0,1911.0,0.0,0.0,0.0,0.0,0.0,0.0,3.0,0.0,0.0,0.0,0.0,0.0
91932.118,3154.0,1916.0,0.0,0.0,0.0,0.0,0.0,0.0,2.0,0.0,0.0,0.0,0.0,0.0
91942.119,3154.0,1914.0,0.0,0.0,0.0,0.0,0.0,0.0,1.0,0.0,0.0,0.0,0.0,0.0
91952.118,3154.0,1918.0,0.0,0.0,0.0,0.0,0.0,0.0,1.0,0.0,0.0,0.0,0.0,0.0
91962.118,3154.0,1915.0,0.0,0.0,0.0,0.0,0.0,0.0,2.0,0.0,0.0,0.0,0.0,0.0
91972.118,3154.0,1916.0,0.0,0.0,0.0,0.0,0.0,0.0,5.0,0.0,0.0,0.0,0.0,0.0
91982.119,3154.0,1916.0,0.0,0.0,0.0,0.0,0.0,0.0,1.0,0.0,0.0,0.0,0.0,0.0
91992.118,3154.0,1921.0,0.0,0.0,0.0,0.0,0.0,0.0,2.0,0.0,0.0,0.0,0.0,0.0
92002.119,3154.0,1919.0,0.0,0.0,0.0,0.0,0.0,0.0,5.0,0.0,0.0,0.0,0.0,0.0
92012.118,3154.0,1920.0,0.0,0.0,0.0,0.0,0.0,0.0,0.0,0.0,0.0,0.0,0.0,0.0
92022.118,3154.0,1923.0,0.0,0.0,0.0,0.0,0.0,0.0,0.0,0.0,0.0,0.0,0.0,0.0
92032.118,3154.0,1924.0,0.0,0.0,0.0,0.0,0.0,0.0,1.0,0.0,0.0,0.0,0.0,0.0
92042.118,3154.0,1924.0,0.0,0.0,0.0,0.0,0.0,0.0,2.0,0.0,0.0,0.0,0.0,0.0
92052.119,3154.0,1930.0,0.0,0.0,0.0,0.0,0.0,0.0,2.0,0.0,0.0,0.0,0.0,0.0
92062.118,3154.0,1926.0,0.0,0.0,0.0,0.0,0.0,0.0,3.0,0.0,0.0,0.0,0.0,0.0
92072.119,3154.0,1931.0,0.0,0.0,0.0,0.0,0.0,0.0,1.0,0.0,0.0,0.0,0.0,0.0
92082.118,3154.0,1930.0,0.0,0.0,0.0,0.0,0.0,0.0,0.0,0.0,0.0,0.0,0.0,0.0
92092.119,3154.0,1931.0,0.0,0.0,0.0,0.0,0.0,0.0,-1.0,0.0,0.0,0.0,0.0,0.0
92102.118,3154.0,1935.0,0.0,0.0,0.0,0.0,0.0,0.0,1.0,0.0,0.0,0.0,0.0,0.0
92112.118,3154.0,1938.0,0.0,0.0,0.0,0.0,0.0,0.0,0.0,0.0,0.0,0.0,0.0,0.0
92122.118,3154.0,1938.0,0.0,0.0,0.0,0.0,0.0,0.0,1.0,0.0,0.0,0.0,0.0,0.0
92132.118,3154.0,1937.0,0.0,0.0,0.0,0.0,0.0,0.0,3.0,0.0,0.0,0.0,0.0,0.0
92142.119,3154.0,1939.0,0.0,0.0,0.0,0.0,0.0,0.0,1.0,0.0,0.0,0.0,0.0,0.0
92152.118,3154.0,1942.0,0.0,0.0,0.0,0.0,0.0,0.0,-1.0,0.0,0.0,0.0,0.0,0.0
92162.119,3154.0,1943.0,0.0,0.0,0.0,0.0,0.0,0.0,1.0,0.0,0.0,0.0,0.0,0.0
92172.118,3154.0,1948.0,0.0,0.0,0.0,0.0,0.0,0.0,2.0,0.0,0.0,0.0,0.0,0.0
92182.118,3154.0,1946.0,0.0,0.0,0.0,0.0,0.0,0.0,-3.0,0.0,0.0,0.0,0.0,0.0
92192.118,3154.0,1948.0,0.0,0.0,0.0,0.0,0.0,0.0,0.0,0.0,0.0,0.0,0.0,0.0
92202.118,3154.0,1950.0,0.0,0.0,0.0,0.0,0.0,0.0,4.0,0.0,0.0,0.0,0.0,0.0
92212.118,3154.0,1951.0,0.0,0.0,0.0,0.0,0.0,0.0,-1.0,0.0,0.0,0.0,0.0,0.0
92222.119,3154.0,1952.0,0.0,0.0,0.0,0.0,0.0,0.0,2.0,0.0,0.0,0.0,0.0,0.0
92232.118,3154.0,1958.0,0.0,0.0,0.0,0.0,0.0,0.0,0.0,0.0,0.0,0.0,0.0,0.0
92242.119,3154.0,1959.0,0.0,0.0,0.0,0.0,0.0,0.0,2.0,0.0,0.0,0.0,0.0,0.0
92252.118,3154.0,1962.0,0.0,0.0,0.0,0.0,0.0,0.0,2.0,0.0,0.0,0.0,0.0,0.0
92262.119,3154.0,1962.0,0.0,0.0,0.0,0.0,0.0,0.0,2.0,0.0,0.0,0.0,0.0,0.0
92272.118,3154.0,1963.0,0.0,0.0,0.0,0.0,0.0,0.0,3.0,0.0,0.0,0.0,0.0,0.0
92282.118,3154.0,1967.0,0.0,0.0,0.0,0.0,0.0,0.0,3.0,0.0,0.0,0.0,0.0,0.0
92292.118,3154.0,1968.0,0.0,0.0,0.0,0.0,0.0,0.0,0.0,0.0,0.0,0.0,0.0,0.0
92302.119,3154.0,1965.0,0.0,0.0,0.0,0.0,0.0,0.0,4.0,0.0,0.0,0.0,0.0,0.0
92312.118,3154.0,1964.0,0.0,0.0,0.0,0.0,0.0,0.0,0.0,0.0,0.0,0.0,0.0,0.0
92322.119,3154.0,1962.0,0.0,0.0,0.0,0.0,0.0,0.0,1.0,0.0,0.0,0.0,0.0,0.0
92332.118,3154.0,1962.0,0.0,0.0,0.0,0.0,0.0,0.0,3.0,0.0,0.0,0.0,0.0,0.0
92342.118,3154.0,1955.0,0.0,0.0,0.0,0.0,0.0,0.0,6.0,0.0,0.0,0.0,0.0,0.0
92352.118,3154.0,1953.0,0.0,0.0,0.0,0.0,0.0,0.0,5.0,0.0,0.0,0.0,0.0,0.0
92362.118,3154.0,1949.0,0.0,0.0,0.0,0.0,0.0,0.0,3.0,0.0,0.0,0.0,0.0,0.0
92372.119,3154.0,1945.0,0.0,0.0,0.0,0.0,0.0,0.0,4.0,0.0,0.0,0.0,0.0,0.0
92382.118,3154.0,1942.0,0.0,0.0,0.0,0.0,0.0,0.0,4.0,0.0,0.0,0.0,0.0,0.0
92392.119,3154.0,1941.0,0.0,0.0,0.0,0.0,0.0,0.0,6.0,0.0,0.0,0.0,0.0,0.0
92402.118,3154.0,1939.0,0.0,0.0,0.0,0.0,0.0,0.0,2.0,0.0,0.0,0.0,0.0,0.0
92412.119,3154.0,1936.0,0.0,0.0,0.0,0.0,0.0,0.0,3.0,0.0,0.0,0.0,0.0,0.0
92422.118,3154.0,1927.0,0.0,0.0,0.0,0.0,0.0,0.0,4.0,0.0,0.0,0.0,0.0,0.0
92432.118,3154.0,1925.0,0.0,0.0,0.0,0.0,0.0,0.0,3.0,0.0,0.0,0.0,0.0,0.0
92442.118,3154.0,1924.0,0.0,0.0,0.0,0.0,0.0,0.0,2.0,0.0,0.0,0.0,0.0,0.0
92452.118,3154.0,1920.0,0.0,0.0,0.0,0.0,0.0,0.0,0.0,0.0,0.0,0.0,0.0,0.0
92462.119,3154.0,1920.0,0.0,0.0,0.0,0.0,0.0,0.0,1.0,0.0,0.0,0.0,0.0,0.0
92472.118,3154.0,1918.0,0.0,0.0,0.0,0.0,0.0,0.0,2.0,0.0,0.0,0.0,0.0,0.0
92482.119,3154.0,1912.0,0.0,0.0,0.0,0.0,0.0,0.0,1.0,0.0,0.0,0.0,0.0,0.0
92492.118,3154.0,1916.0,0.0,0.0,0.0,0.0,0.0,0.0,3.0,0.0,0.0,0.0,0.0,0.0
92502.118,3154.0,1908.0,0.0,0.0,0.0,0.0,0.0,0.0,5.0,0.0,0.0,0.0,0.0,0.0
92512.118,3154.0,1908.0,0.0,0.0,0.0,0.0,0.0,0.0,2.0,0.0,0.0,0.0,0.0,0.0
92522.118,3154.0,1909.0,0.0,0.0,0.0,0.0,0.0,0.0,1.0,0.0,0.0,0.0,0.0,0.0
92532.118,3154.0,1910.0,0.0,0.0,0.0,0.0,0.0,0.0,3.0,0.0,0.0,0.0,0.0,0.0
92542.119,3154.0,1909.0,0.0,0.0,0.0,0.0,0.0,0.0,0.0,0.0,0.0,0.0,0.0,0.0
92552.118,3154.0,1908.0,0.0,0.0,0.0,0.0,0.0,0.0,0.0,0.0,0.0,0.0,0.0,0.0
92562.119,3154.0,1909.0,0.0,0.0,0.0,0.0,0.0,0.0,1.0,0.0,0.0,0.0,0.0,0.0
92572.118,3154.0,1908.0,0.0,0.0,0.0,0.0,0.0,0.0,2.0,0.0,0.0,0.0,0.0,0.0
92582.119,3154.0,1904.0,0.0,0.0,0.0,0.0,0.0,0.0,1.0,0.0,0.0,0.0,0.0,0.0
92592.118,3154.0,1899.0,0.0,0.0,0.0,0.0,0.0,0.0,4.0,0.0,0.0,0.0,0.0,0.0
92602.118,3154.0,1902.0,0.0,0.0,0.0,0.0,0.0,0.0,4.0,0.0,0.0,0.0,0.0,0.0
92612.118,3154.0,1899.0,0.0,0.0,0.0,0.0,0.0,0.0,5.0,0.0,0.0,0.0,0.0,0.0
92622.119,3154.0,1900.0,0.0,0.0,0.0,0.0,0.0,0.0,9.0,0.0,0.0,0.0,0.0,0.0
92632.118,3154.0,1897.0,0.0,0.0,0.0,0.0,0.0,0.0,6.0,0.0,0.0,0.0,0.0,0.0
92642.119,3154.0,1895.0,0.0,0.0,0.0,0.0,0.0,0.0,3.0,0.0,0.0,0.0,0.0,0.0
92652.118,3154.0,1892.0,0.0,0.0,0.0,0.0,0.0,0.0,6.0,0.0,0.0,0.0,0.0,0.0
92662.118,3154.0,1889.0,0.0,0.0,0.0,0.0,0.0,0.0,5.0,0.0,0.0,0.0,0.0,0.0
92672.118,3154.0,1889.0,0.0,0.0,0.0,0.0,0.0,0.0,5.0,0.0,0.0,0.0,0.0,0.0
92682.118,3154.0,1888.0,0.0,0.0,0.0,0.0,0.0,0.0,8.0,0.0,0.0,0.0,0.0,0.0
92692.119,3154.0,1884.0,0.0,0.0,0.0,0.0,0.0,0.0,9.0,0.0,0.0,0.0,0.0,0.0
92702.118,3154.0,1886.0,0.0,0.0,0.0,0.0,0.0,0.0,8.0,0.0,0.0,0.0,0.0,0.0
92712.119,3154.0,1883.0,0.0,0.0,0.0,0.0,0.0,0.0,9.0,0.0,0.0,0.0,0.0,0.0
92722.118,3154.0,1885.0,0.0,0.0,0.0,0.0,0.0,0.0,5.0,0.0,0.0,0.0,0.0,0.0
92732.119,3154.0,1883.0,0.0,0.0,0.0,0.0,0.0,0.0,6.0,0.0,0.0,0.0,0.0,0.0
92742.118,3154.0,1881.0,0.0,0.0,0.0,0.0,0.0,0.0,7.0,0.0,0.0,0.0,0.0,0.0
92752.118,3154.0,1878.0,0.0,0.0,0.0,0.0,0.0,0.0,6.0,0.0,0.0,0.0,0.0,0.0
92762.118,3154.0,1880.0,0.0,0.0,0.0,0.0,0.0,0.0,8.0,0.0,0.0,0.0,0.0,0.0
92772.118,3154.0,1884.0,0.0,0.0,0.0,0.0,0.0,0.0,5.0,0.0,0.0,0.0,0.0,0.0
92782.119,3154.0,1881.0,0.0,0.0,0.0,0.0,0.0,0.0,4.0,0.0,0.0,0.0,0.0,0.0
92792.118,3154.0,1879.0,0.0,0.0,0.0,0.0,0.0,0.0,9.0,0.0,0.0,0.0,0.0,0.0
92802.119,3154.0,1878.0,0.0,0.0,0.0,0.0,0.0,0.0,10.0,0.0,0.0,0.0,0.0,0.0
92812.118,3154.0,1882.0,0.0,0.0,0.0,0.0,0.0,0.0,5.0,0.0,0.0,0.0,0.0,0.0
92822.118,3154.0,1879.0,0.0,0.0,0.0,0.0,0.0,0.0,7.0,0.0,0.0,0.0,0.0,0.0
92832.118,3154.0,1878.0,0.0,0.0,0.0,0.0,0.0,0.0,7.0,0.0,0.0,0.0,0.0,0.0
92842.118,3154.0,1879.0,0.0,0.0,0.0,0.0,0.0,0.0,9.0,0.0,0.0,0.0,0.0,0.0
92852.118,3154.0,1880.0,0.0,0.0,0.0,0.0,0.0,0.0,7.0,0.0,0.0,0.0,0.0,0.0
92862.119,3154.0,1878.0,0.0,0.0,0.0,0.0,0.0,0.0,7.0,0.0,0.0,0.0,0.0,0.0
92872.118,3154.0,1880.0,0.0,0.0,0.0,0.0,0.0,0.0,4.0,0.0,0.0,0.0,0.0,0.0
92882.119,3154.0,1878.0,0.0,0.0,0.0,0.0,0.0,0.0,6.0,0.0,0.0,0.0,0.0,0.0
92892.118,3154.0,1878.0,0.0,0.0,0.0,0.0,0.0,0.0,6.0,0.0,0.0,0.0,0.0,0.0
92902.119,3154.0,1879.0,0.0,0.0,0.0,0.0,0.0,0.0,5.0,0.0,0.0,0.0,0.0,0.0
92912.118,3154.0,1878.0,0.0,0.0,0.0,0.0,0.0,0.0,8.0,0.0,0.0,0.0,0.0,0.0
92922.118,3154.0,1878.0,0.0,0.0,0.0,0.0,0.0,0.0,7.0,0.0,0.0,0.0,0.0,0.0
92932.118,3154.0,1879.0,0.0,0.0,0.0,0.0,0.0,0.0,5.0,0.0,0.0,0.0,0.0,0.0
92942.119,3154.0,1872.0,0.0,0.0,0.0,0.0,0.0,0.0,6.0,0.0,0.0,0.0,0.0,0.0
92952.118,3154.0,1872.0,0.0,0.0,0.0,0.0,0.0,0.0,5.0,0.0,0.0,0.0,0.0,0.0
92962.119,3154.0,1874.0,0.0,0.0,0.0,0.0,0.0,0.0,7.0,0.0,0.0,0.0,0.0,0.0
92972.118,3154.0,1874.0,0.0,0.0,0.0,0.0,0.0,0.0,8.0,0.0,0.0,0.0,0.0,0.0
92982.118,3154.0,1877.0,0.0,0.0,0.0,0.0,0.0,0.0,5.0,0.0,0.0,0.0,0.0,0.0
92992.118,3154.0,1874.0,0.0,0.0,0.0,0.0,0.0,0.0,7.0,0.0,0.0,0.0,0.0,0.0
93002.118,3154.0,1875.0,0.0,0.0,0.0,0.0,0.0,0.0,7.0,0.0,0.0,0.0,0.0,0.0
93012.119,3154.0,1872.0,0.0,0.0,0.0,0.0,0.0,0.0,5.0,0.0,0.0,0.0,0.0,0.0
93022.118,3154.0,1872.0,0.0,0.0,0.0,0.0,0.0,0.0,6.0,0.0,0.0,0.0,0.0,0.0
93032.119,3154.0,1872.0,0.0,0.0,0.0,0.0,0.0,0.0,5.0,0.0,0.0,0.0,0.0,0.0
93042.118,3154.0,1871.0,0.0,0.0,0.0,0.0,0.0,0.0,6.0,0.0,0.0,0.0,0.0,0.0
93052.119,3154.0,1868.0,0.0,0.0,0.0,0.0,0.0,0.0,6.0,0.0,0.0,0.0,0.0,0.0
93062.118,3154.0,1868.0,0.0,0.0,0.0,0.0,0.0,0.0,7.0,0.0,0.0,0.0,0.0,0.0
93072.118,3154.0,1869.0,0.0,0.0,0.0,0.0,0.0,0.0,6.0,0.0,0.0,0.0,0.0,0.0
93082.118,3154.0,1871.0,0.0,0.0,0.0,0.0,0.0,0.0,7.0,0.0,0.0,0.0,0.0,0.0
93092.118,3154.0,1869.0,0.0,0.0,0.0,0.0,0.0,0.0,6.0,0.0,0.0,0.0,0.0,0.0
93102.119,3154.0,1870.0,0.0,0.0,0.0,0.0,0.0,0.0,8.0,0.0,0.0,0.0,0.0,0.0
93112.118,3154.0,1871.0,0.0,0.0,0.0,0.0,0.0,0.0,9.0,0.0,0.0,0.0,0.0,0.0
93122.119,3154.0,1873.0,0.0,0.0,0.0,0.0,0.0,0.0,4.0,0.0,0.0,0.0,0.0,0.0
93132.118,3154.0,1874.0,0.0,0.0,0.0,0.0,0.0,0.0,7.0,0.0,0.0,0.0,0.0,0.0
93142.118,3154.0,1871.0,0.0,0.0,0.0,0.0,0.0,0.0,5.0,0.0,0.0,0.0,0.0,0.0
93152.118,3154.0,1875.0,0.0,0.0,0.0,0.0,0.0,0.0,5.0,0.0,0.0,0.0,0.0,0.0
93162.118,3154.0,1873.0,0.0,0.0,0.0,0.0,0.0,0.0,9.0,0.0,0.0,0.0,0.0,0.0
93172.118,3154.0,1874.0,0.0,0.0,0.0,0.0,0.0,0.0,7.0,0.0,0.0,0.0,0.0,0.0
93182.119,3154.0,1878.0,0.0,0.0,0.0,0.0,0.0,0.0,5.0,0.0,0.0,0.0,0.0,0.0
93192.118,3154.0,1877.0,0.0,0.0,0.0,0.0,0.0,0.0,6.0,0.0,0.0,0.0,0.0,0.0
93202.119,3154.0,1879.0,0.0,0.0,0.0,0.0,0.0,0.0,8.0,0.0,0.0,0.0,0.0,0.0
93212.118,3154.0,1878.0,0.0,0.0,0.0,0.0,0.0,0.0,5.0,0.0,0.0,0.0,0.0,0.0
93222.119,3154.0,1879.0,0.0,0.0,0.0,0.0,0.0,0.0,3.0,0.0,0.0,0.0,0.0,0.0
93232.118,3154.0,1880.0,0.0,0.0,0.0,0.0,0.0,0.0,6.0,0.0,0.0,0.0,0.0,0.0
93242.118,3154.0,1881.0,0.0,0.0,0.0,0.0,0.0,0.0,7.0,0.0,0.0,0.0,0.0,0.0
93252.118,3154.0,1881.0,0.0,0.0,0.0,0.0,0.0,0.0,6.0,0.0,0.0,0.0,0.0,0.0
93262.119,3154.0,1881.0,0.0,0.0,0.0,0.0,0.0,0.0,7.0,0.0,0.0,0.0,0.0,0.0
93272.118,3154.0,1881.0,0.0,0.0,0.0,0.0,0.0,0.0,6.0,0.0,0.0,0.0,0.0,0.0
93282.119,3154.0,1882.0,0.0,0.0,0.0,0.0,0.0,0.0,8.0,0.0,0.0,0.0,0.0,0.0
93292.118,3154.0,1882.0,0.0,0.0,0.0,0.0,0.0,0.0,6.0,0.0,0.0,0.0,0.0,0.0
93302.118,3154.0,1879.0,0.0,0.0,0.0,0.0,0.0,0.0,8.0,0.0,0.0,0.0,0.0,0.0
93312.118,3154.0,1880.0,0.0,0.0,0.0,0.0,0.0,0.0,5.0,0.0,0.0,0.0,0.0,0.0
93322.118,3154.0,1882.0,0.0,0.0,0.0,0.0,0.0,0.0,5.0,0.0,0.0,0.0,0.0,0.0
93332.119,3154.0,1881.0,0.0,0.0,0.0,0.0,0.0,0.0,7.0,0.0,0.0,0.0,0.0,0.0
93342.118,3154.0,1882.0,0.0,0.0,0.0,0.0,0.0,0.0,7.0,0.0,0.0,0.0,0.0,0.0
93352.119,3154.0,1881.0,0.0,0.0,0.0,0.0,0.0,0.0,5.0,0.0,0.0,0.0,0.0,0.0
93362.118,3154.0,1881.0,0.0,0.0,0.0,0.0,0.0,0.0,7.0,0.0,0.0,0.0,0.0,0.0
93372.119,3154.0,1880.0,0.0,0.0,0.0,0.0,0.0,0.0,7.0,0.0,0.0,0.0,0.0,0.0
93382.118,3154.0,1881.0,0.0,0.0,0.0,0.0,0.0,0.0,6.0,0.0,0.0,0.0,0.0,0.0
93392.118,3154.0,1880.0,0.0,0.0,0.0,0.0,0.0,0.0,4.0,0.0,0.0,0.0,0.0,0.0
93402.118,3154.0,1881.0,0.0,0.0,0.0,0.0,0.0,0.0,6.0,0.0,0.0,0.0,0.0,0.0
93412.118,3154.0,1879.0,0.0,0.0,0.0,0.0,0.0,0.0,7.0,0.0,0.0,0.0,0.0,0.0
93422.119,3154.0,1884.0,0.0,0.0,0.0,0.0,0.0,0.0,7.0,0.0,0.0,0.0,0.0,0.0
93432.118,3154.0,1881.0,0.0,0.0,0.0,0.0,0.0,0.0,7.0,0.0,0.0,0.0,0.0,0.0
93442.119,3154.0,1881.0,0.0,0.0,0.0,0.0,0.0,0.0,5.0,0.0,0.0,0.0,0.0,0.0
93452.118,3154.0,1885.0,0.0,0.0,0.0,0.0,0.0,0.0,6.0,0.0,0.0,0.0,0.0,0.0
93462.118,3154.0,1885.0,0.0,0.0,0.0,0.0,0.0,0.0,7.0,0.0,0.0,0.0,0.0,0.0
93472.118,3154.0,1883.0,0.0,0.0,0.0,0.0,0.0,0.0,4.0,0.0,0.0,0.0,0.0,0.0
93482.118,3154.0,1885.0,0.0,0.0,0.0,0.0,0.0,0.0,7.0,0.0,0.0,0.0,0.0,0.0
93492.118,3154.0,1883.0,0.0,0.0,0.0,0.0,0.0,0.0,8.0,0.0,0.0,0.0,0.0,0.0
93502.119,3154.0,1882.0,0.0,0.0,0.0,0.0,0.0,0.0,7.0,0.0,0.0,0.0,0.0,0.0
93512.118,3154.0,1885.0,0.0,0.0,0.0,0.0,0.0,0.0,6.0,0.0,0.0,0.0,0.0,0.0
93522.119,3154.0,1884.0,0.0,0.0,0.0,0.0,0.0,0.0,7.0,0.0,0.0,0.0,0.0,0.0
93532.118,3154.0,1882.0,0.0,0.0,0.0,0.0,0.0,0.0,3.0,0.0,0.0,0.0,0.0,0.0
93542.119,3154.0,1884.0,0.0,0.0,0.0,0.0,0.0,0.0,4.0,0.0,0.0,0.0,0.0,0.0
93552.118,3154.0,1890.0,0.0,0.0,0.0,0.0,0.0,0.0,5.0,0.0,0.0,0.0,0.0,0.0
93562.118,3154.0,1889.0,0.0,0.0,0.0,0.0,0.0,0.0,7.0,0.0,0.0,0.0,0.0,0.0
93572.118,3154.0,1889.0,0.0,0.0,0.0,0.0,0.0,0.0,7.0,0.0,0.0,0.0,0.0,0.0
93582.119,3154.0,1890.0,0.0,0.0,0.0,0.0,0.0,0.0,8.0,0.0,0.0,0.0,0.0,0.0
93592.118,3154.0,1890.0,0.0,0.0,0.0,0.0,0.0,0.0,5.0,0.0,0.0,0.0,0.0,0.0
93602.119,3154.0,1892.0,0.0,0.0,0.0,0.0,0.0,0.0,4.0,0.0,0.0,0.0,0.0,0.0
93612.118,3154.0,1895.0,0.0,0.0,0.0,0.0,0.0,0.0,3.0,0.0,0.0,0.0,0.0,0.0
93622.118,3154.0,1899.0,0.0,0.0,0.0,0.0,0.0,0.0,3.0,0.0,0.0,0.0,0.0,0.0
93632.118,3154.0,1897.0,0.0,0.0,0.0,0.0,0.0,0.0,3.0,0.0,0.0,0.0,0.0,0.0
93642.118,3154.0,1898.0,0.0,0.0,0.0,0.0,0.0,0.0,3.0,0.0,0.0,0.0,0.0,0.0
93652.119,3154.0,1899.0,0.0,0.0,0.0,0.0,0.0,0.0,5.0,0.0,0.0,0.0,0.0,0.0
93662.118,3154.0,1907.0,0.0,0.0,0.0,0.0,0.0,0.0,3.0,0.0,0.0,0.0,0.0,0.0
93672.119,3154.0,1905.0,0.0,0.0,0.0,0.0,0.0,0.0,3.0,0.0,0.0,0.0,0.0,0.0
93682.118,3154.0,1907.0,0.0,0.0,0.0,0.0,0.0,0.0,-1.0,0.0,0.0,0.0,0.0,0.0
93692.119,3154.0,1907.0,0.0,0.0,0.0,0.0,0.0,0.0,-2.0,0.0,0.0,0.0,0.0,0.0
93702.118,3154.0,1905.0,0.0,0.0,0.0,0.0,0.0,0.0,3.0,0.0,0.0,0.0,0.0,0.0
93712.118,3154.0,1910.0,0.0,0.0,0.0,0.0,0.0,0.0,1.0,0.0,0.0,0.0,0.0,0.0
93722.118,3154.0,1915.0,0.0,0.0,0.0,0.0,0.0,0.0,1.0,0.0,0.0,0.0,0.0,0.0
93732.118,3154.0,1912.0,0.0,0.0,0.0,0.0,0.0,0.0,1.0,0.0,0.0,0.0,0.0,0.0
93742.119,3154.0,1918.0,0.0,0.0,0.0,0.0,0.0,0.0,1.0,0.0,0.0,0.0,0.0,0.0
93752.118,3154.0,1917.0,0.0,0.0,0.0,0.0,0.0,0.0,0.0,0.0,0.0,0.0,0.0,0.0
93762.119,3154.0,1918.0,0.0,0.0,0.0,0.0,0.0,0.0,2.0,0.0,0.0,0.0,0.0,0.0
93772.118,3154.0,1920.0,0.0,0.0,0.0,0.0,0.0,0.0,2.0,0.0,0.0,0.0,0.0,0.0
93782.118,3154.0,1923.0,0.0,0.0,0.0,0.0,0.0,0.0,2.0,0.0,0.0,0.0,0.0,0.0
93792.118,3154.0,1922.0,0.0,0.0,0.0,0.0,0.0,0.0,1.0,0.0,0.0,0.0,0.0,0.0
93802.118,3154.0,1926.0,0.0,0.0,0.0,0.0,0.0,0.0,4.0,0.0,0.0,0.0,0.0,0.0
93812.118,3154.0,1924.0,0.0,0.0,0.0,0.0,0.0,0.0,2.0,0.0,0.0,0.0,0.0,0.0
93822.119,3154.0,1927.0,0.0,0.0,0.0,0.0,0.0,0.0,1.0,0.0,0.0,0.0,0.0,0.0
93832.118,3154.0,1928.0,0.0,0.0,0.0,0.0,0.0,0.0,0.0,0.0,0.0,0.0,0.0,0.0
93842.119,3154.0,1930.0,0.0,0.0,0.0,0.0,0.0,0.0,2.0,0.0,0.0,0.0,0.0,0.0
93852.118,3154.0,1931.0,0.0,0.0,0.0,0.0,0.0,0.0,2.0,0.0,0.0,0.0,0.0,0.0
93862.119,3154.0,1933.0,0.0,0.0,0.0,0.0,0.0,0.0,4.0,0.0,0.0,0.0,0.0,0.0
93872.118,3154.0,1936.0,0.0,0.0,0.0,0.0,0.0,0.0,0.0,0.0,0.0,0.0,0.0,0.0
93882.118,3154.0,1936.0,0.0,0.0,0.0,0.0,0.0,0.0,2.0,0.0,0.0,0.0,0.0,0.0
93892.118,3154.0,1939.0,0.0,0.0,0.0,0.0,0.0,0.0,0.0,0.0,0.0,0.0,0.0,0.0
93902.119,3154.0,1937.0,0.0,0.0,0.0,0.0,0.0,0.0,-2.0,0.0,0.0,0.0,0.0,0.0
93912.118,3154.0,1937.0,0.0,0.0,0.0,0.0,0.0,0.0,0.0,0.0,0.0,0.0,0.0,0.0
93922.119,3154.0,1940.0,0.0,0.0,0.0,0.0,0.0,0.0,1.0,0.0,0.0,0.0,0.0,0.0
93932.118,3154.0,1948.0,0.0,0.0,0.0,0.0,0.0,0.0,1.0,0.0,0.0,0.0,0.0,0.0
93942.118,3154.0,1946.0,0.0,0.0,0.0,0.0,0.0,0.0,2.0,0.0,0.0,0.0,0.0,0.0
93952.118,3154.0,1947.0,0.0,0.0,0.0,0.0,0.0,0.0,1.0,0.0,0.0,0.0,0.0,0.0
93962.118,3154.0,1953.0,0.0,0.0,0.0,0.0,0.0,0.0,3.0,0.0,0.0,0.0,0.0,0.0
93972.119,3154.0,1951.0,0.0,0.0,0.0,0.0,0.0,0.0,0.0,0.0,0.0,0.0,0.0,0.0
93982.118,3154.0,1953.0,0.0,0.0,0.0,0.0,0.0,0.0,4.0,0.0,0.0,0.0,0.0,0.0
93992.119,3154.0,1956.0,0.0,0.0,0.0,0.0,0.0,0.0,0.0,0.0,0.0,0.0,0.0,0.0
94002.118,3154.0,1955.0,0.0,0.0,0.0,0.0,0.0,0.0,2.0,0.0,0.0,0.0,0.0,0.0
94012.119,3154.0,1953.0,0.0,0.0,0.0,0.0,0.0,0.0,4.0,0.0,0.0,0.0,0.0,0.0
94022.118,3154.0,1950.0,0.0,0.0,0.0,0.0,0.0,0.0,3.0,0.0,0.0,0.0,0.0,0.0
94032.118,3154.0,1949.0,0.0,0.0,0.0,0.0,0.0,0.0,-1.0,0.0,0.0,0.0,0.0,0.0
94042.118,3154.0,1942.0,0.0,0.0,0.0,0.0,0.0,0.0,4.0,0.0,0.0,0.0,0.0,0.0
94052.118,3154.0,1936.0,0.0,0.0,0.0,0.0,0.0,0.0,4.0,0.0,0.0,0.0,0.0,0.0
94062.119,3154.0,1932.0,0.0,0.0,0.0,0.0,0.0,0.0,2.0,0.0,0.0,0.0,0.0,0.0
94072.118,3154.0,1932.0,0.0,0.0,0.0,0.0,0.0,0.0,5.0,0.0,0.0,0.0,0.0,0.0
94082.119,3154.0,1924.0,0.0,0.0,0.0,0.0,0.0,0.0,5.0,0.0,0.0,0.0,0.0,0.0
94092.118,3154.0,1921.0,0.0,0.0,0.0,0.0,0.0,0.0,5.0,0.0,0.0,0.0,0.0,0.0
94102.118,3154.0,1923.0,0.0,0.0,0.0,0.0,0.0,0.0,6.0,0.0,0.0,0.0,0.0,0.0
94112.118,3154.0,1912.0,0.0,0.0,0.0,0.0,0.0,0.0,1.0,0.0,0.0,0.0,0.0,0.0
94122.118,3154.0,1909.0,0.0,0.0,0.0,0.0,0.0,0.0,0.0,0.0,0.0,0.0,0.0,0.0
94132.118,3154.0,1908.0,0.0,0.0,0.0,0.0,0.0,0.0,4.0,0.0,0.0,0.0,0.0,0.0
94142.119,3154.0,1904.0,0.0,0.0,0.0,0.0,0.0,0.0,2.0,0.0,0.0,0.0,0.0,0.0
94152.118,3154.0,1901.0,0.0,0.0,0.0,0.0,0.0,0.0,0.0,0.0,0.0,0.0,0.0,0.0
94162.119,3154.0,1897.0,0.0,0.0,0.0,0.0,0.0,0.0,3.0,0.0,0.0,0.0,0.0,0.0
94172.118,3154.0,1897.0,0.0,0.0,0.0,0.0,0.0,0.0,1.0,0.0,0.0,0.0,0.0,0.0
94182.119,3154.0,1896.0,0.0,0.0,0.0,0.0,0.0,0.0,1.0,0.0,0.0,0.0,0.0,0.0
94192.118,3154.0,1899.0,0.0,0.0,0.0,0.0,0.0,0.0,1.0,0.0,0.0,0.0,0.0,0.0
94202.118,3154.0,1893.0,0.0,0.0,0.0,0.0,0.0,0.0,0.0,0.0,0.0,0.0,0.0,0.0
94212.118,3154.0,1894.0,0.0,0.0,0.0,0.0,0.0,0.0,2.0,0.0,0.0,0.0,0.0,0.0
94222.119,3154.0,1892.0,0.0,0.0,0.0,0.0,0.0,0.0,-1.0,0.0,0.0,0.0,0.0,0.0
94232.118,3154.0,1889.0,0.0,0.0,0.0,0.0,0.0,0.0,1.0,0.0,0.0,0.0,0.0,0.0
94242.119,3154.0,1895.0,0.0,0.0,0.0,0.0,0.0,0.0,0.0,0.0,0.0,0.0,0.0,0.0
94252.118,3154.0,1891.0,0.0,0.0,0.0,0.0,0.0,0.0,0.0,0.0,0.0,0.0,0.0,0.0
94262.118,3154.0,1889.0,0.0,0.0,0.0,0.0,0.0,0.0,4.0,0.0,0.0,0.0,0.0,0.0
94272.118,3154.0,1887.0,0.0,0.0,0.0,0.0,0.0,0.0,2.0,0.0,0.0,0.0,0.0,0.0
94282.118,3154.0,1888.0,0.0,0.0,0.0,0.0,0.0,0.0,1.0,0.0,0.0,0.0,0.0,0.0
94292.119,3154.0,1884.0,0.0,0.0,0.0,0.0,0.0,0.0,1.0,0.0,0.0,0.0,0.0,0.0
94302.118,3154.0,1885.0,0.0,0.0,0.0,0.0,0.0,0.0,2.0,0.0,0.0,0.0,0.0,0.0
94312.119,3154.0,1882.0,0.0,0.0,0.0,0.0,0.0,0.0,3.0,0.0,0.0,0.0,0.0,0.0
94322.118,3154.0,1882.0,0.0,0.0,0.0,0.0,0.0,0.0,6.0,0.0,0.0,0.0,0.0,0.0
94332.119,3154.0,1877.0,0.0,0.0,0.0,0.0,0.0,0.0,6.0,0.0,0.0,0.0,0.0,0.0
94342.118,3154.0,1876.0,0.0,0.0,0.0,0.0,0.0,0.0,6.0,0.0,0.0,0.0,0.0,0.0
94352.118,3154.0,1876.0,0.0,0.0,0.0,0.0,0.0,0.0,7.0,0.0,0.0,0.0,0.0,0.0
94362.118,3154.0,1875.0,0.0,0.0,0.0,0.0,0.0,0.0,7.0,0.0,0.0,0.0,0.0,0.0
94372.118,3154.0,1870.0,0.0,0.0,0.0,0.0,0.0,0.0,7.0,0.0,0.0,0.0,0.0,0.0
94382.119,3154.0,1870.0,0.0,0.0,0.0,0.0,0.0,0.0,8.0,0.0,0.0,0.0,0.0,0.0
94392.118,3154.0,1868.0,0.0,0.0,0.0,0.0,0.0,0.0,8.0,0.0,0.0,0.0,0.0,0.0
94402.119,3154.0,1866.0,0.0,0.0,0.0,0.0,0.0,0.0,8.0,0.0,0.0,0.0,0.0,0.0
94412.118,3154.0,1865.0,0.0,0.0,0.0,0.0,0.0,0.0,9.0,0.0,0.0,0.0,0.0,0.0
94422.118,3154.0,1865.0,0.0,0.0,0.0,0.0,0.0,0.0,8.0,0.0,0.0,0.0,0.0,0.0
94432.118,3154.0,1858.0,0.0,0.0,0.0,0.0,0.0,0.0,9.0,0.0,0.0,0.0,0.0,0.0
94442.118,3154.0,1860.0,0.0,0.0,0.0,0.0,0.0,0.0,7.0,0.0,0.0,0.0,0.0,0.0
94452.118,3154.0,1860.0,0.0,0.0,0.0,0.0,0.0,0.0,8.0,0.0,0.0,0.0,0.0,0.0
94462.119,3154.0,1857.0,0.0,0.0,0.0,0.0,0.0,0.0,7.0,0.0,0.0,0.0,0.0,0.0
94472.118,3154.0,1858.0,0.0,0.0,0.0,0.0,0.0,0.0,7.0,0.0,0.0,0.0,0.0,0.0
94482.119,3154.0,1854.0,0.0,0.0,0.0,0.0,0.0,0.0,6.0,0.0,0.0,0.0,0.0,0.0
94492.118,3154.0,1851.0,0.0,0.0,0.0,0.0,0.0,0.0,9.0,0.0,0.0,0.0,0.0,0.0
94502.119,3154.0,1850.0,0.0,0.0,0.0,0.0,0.0,0.0,7.0,0.0,0.0,0.0,0.0,0.0
94512.118,3154.0,1851.0,0.0,0.0,0.0,0.0,0.0,0.0,10.0,0.0,0.0,0.0,0.0,0.0
94522.118,3154.0,1851.0,0.0,0.0,0.0,0.0,0.0,0.0,7.0,0.0,0.0,0.0,0.0,0.0
94532.118,3154.0,1848.0,0.0,0.0,0.0,0.0,0.0,0.0,6.0,0.0,0.0,0.0,0.0,0.0
94542.119,3154.0,1846.0,0.0,0.0,0.0,0.0,0.0,0.0,8.0,0.0,0.0,0.0,0.0,0.0
94552.118,3154.0,1845.0,0.0,0.0,0.0,0.0,0.0,0.0,8.0,0.0,0.0,0.0,0.0,0.0
94562.119,3154.0,1846.0,0.0,0.0,0.0,0.0,0.0,0.0,7.0,0.0,0.0,0.0,0.0,0.0
94572.118,3154.0,1847.0,0.0,0.0,0.0,0.0,0.0,0.0,7.0,0.0,0.0,0.0,0.0,0.0
94582.118,3154.0,1847.0,0.0,0.0,0.0,0.0,0.0,0.0,9.0,0.0,0.0,0.0,0.0,0.0
94592.118,3154.0,1847.0,0.0,0.0,0.0,0.0,0.0,0.0,4.0,0.0,0.0,0.0,0.0,0.0
94602.118,3154.0,1844.0,0.0,0.0,0.0,0.0,0.0,0.0,9.0,0.0,0.0,0.0,0.0,0.0
94612.119,3154.0,1846.0,0.0,0.0,0.0,0.0,0.0,0.0,7.0,0.0,0.0,0.0,0.0,0.0
94622.118,3154.0,1841.0,0.0,0.0,0.0,0.0,0.0,0.0,8.0,0.0,0.0,0.0,0.0,0.0
94632.119,3154.0,1843.0,0.0,0.0,0.0,0.0,0.0,0.0,6.0,0.0,0.0,0.0,0.0,0.0
94642.118,3154.0,1843.0,0.0,0.0,0.0,0.0,0.0,0.0,8.0,0.0,0.0,0.0,0.0,0.0
94652.119,3154.0,1841.0,0.0,0.0,0.0,0.0,0.0,0.0,8.0,0.0,0.0,0.0,0.0,0.0
94662.118,3154.0,1839.0,0.0,0.0,0.0,0.0,0.0,0.0,11.0,0.0,0.0,0.0,0.0,0.0
94672.118,3154.0,1839.0,0.0,0.0,0.0,0.0,0.0,0.0,12.0,0.0,0.0,0.0,0.0,0.0
94682.118,3154.0,1837.0,0.0,0.0,0.0,0.0,0.0,0.0,9.0,0.0,0.0,0.0,0.0,0.0
94692.118,3154.0,1837.0,0.0,0.0,0.0,0.0,0.0,0.0,8.0,0.0,0.0,0.0,0.0,0.0
94702.119,3154.0,1839.0,0.0,0.0,0.0,0.0,0.0,0.0,7.0,0.0,0.0,0.0,0.0,0.0
94712.118,3154.0,1843.0,0.0,0.0,0.0,0.0,0.0,0.0,9.0,0.0,0.0,0.0,0.0,0.0
94722.119,3154.0,1841.0,0.0,0.0,0.0,0.0,0.0,0.0,10.0,0.0,0.0,0.0,0.0,0.0
94732.118,3154.0,1840.0,0.0,0.0,0.0,0.0,0.0,0.0,8.0,0.0,0.0,0.0,0.0,0.0
94742.118,3154.0,1840.0,0.0,0.0,0.0,0.0,0.0,0.0,8.0,0.0,0.0,0.0,0.0,0.0
94752.118,3154.0,1842.0,0.0,0.0,0.0,0.0,0.0,0.0,10.0,0.0,0.0,0.0,0.0,0.0
94762.118,3154.0,1843.0,0.0,0.0,0.0,0.0,0.0,0.0,9.0,0.0,0.0,0.0,0.0,0.0
94772.119,3154.0,1842.0,0.0,0.0,0.0,0.0,0.0,0.0,9.0,0.0,0.0,0.0,0.0,0.0
94782.118,3154.0,1845.0,0.0,0.0,0.0,0.0,0.0,0.0,8.0,0.0,0.0,0.0,0.0,0.0
94792.118,3154.0,1842.0,0.0,0.0,0.0,0.0,0.0,0.0,9.0,0.0,0.0,0.0,0.0,0.0
94802.118,3154.0,1843.0,0.0,0.0,0.0,0.0,0.0,0.0,8.0,0.0,0.0,0.0,0.0,0.0
94812.118,3154.0,1845.0,0.0,0.0,0.0,0.0,0.0,0.0,8.0,0.0,0.0,0.0,0.0,0.0
94822.118,3154.0,1844.0,0.0,0.0,0.0,0.0,0.0,0.0,10.0,0.0,0.0,0.0,0.0,0.0
94832.118,3154.0,1843.0,0.0,0.0,0.0,0.0,0.0,0.0,8.0,0.0,0.0,0.0,0.0,0.0
94842.119,3154.0,1842.0,0.0,0.0,0.0,0.0,0.0,0.0,7.0,0.0,0.0,0.0,0.0,0.0
94852.118,3154.0,1841.0,0.0,0.0,0.0,0.0,0.0,0.0,9.0,0.0,0.0,0.0,0.0,0.0
94862.118,3154.0,1843.0,0.0,0.0,0.0,0.0,0.0,0.0,9.0,0.0,0.0,0.0,0.0,0.0
94872.118,3154.0,1843.0,0.0,0.0,0.0,0.0,0.0,0.0,11.0,0.0,0.0,0.0,0.0,0.0
94882.118,3154.0,1843.0,0.0,0.0,0.0,0.0,0.0,0.0,7.0,0.0,0.0,0.0,0.0,0.0
94892.118,3154.0,1841.0,0.0,0.0,0.0,0.0,0.0,0.0,8.0,0.0,0.0,0.0,0.0,0.0
94902.118,3154.0,1843.0,0.0,0.0,0.0,0.0,0.0,0.0,7.0,0.0,0.0,0.0,0.0,0.0
94912.118,3154.0,1843.0,0.0,0.0,0.0,0.0,0.0,0.0,8.0,0.0,0.0,0.0,0.0,0.0
94922.119,3154.0,1843.0,0.0,0.0,0.0,0.0,0.0,0.0,7.0,0.0,0.0,0.0,0.0,0.0
94932.118,3154.0,1844.0,0.0,0.0,0.0,0.0,0.0,0.0,9.0,0.0,0.0,0.0,0.0,0.0
94942.119,3154.0,1847.0,0.0,0.0,0.0,0.0,0.0,0.0,9.0,0.0,0.0,0.0,0.0,0.0
94952.118,3154.0,1848.0,0.0,0.0,0.0,0.0,0.0,0.0,9.0,0.0,0.0,0.0,0.0,0.0
94962.118,3154.0,1850.0,0.0,0.0,0.0,0.0,0.0,0.0,7.0,0.0,0.0,0.0,0.0,0.0
94972.118,3154.0,1851.0,0.0,0.0,0.0,0.0,0.0,0.0,5.0,0.0,0.0,0.0,0.0,0.0
94982.118,3154.0,1855.0,0.0,0.0,0.0,0.0,0.0,0.0,6.0,0.0,0.0,0.0,0.0,0.0
94992.118,3154.0,1855.0,0.0,0.0,0.0,0.0,0.0,0.0,10.0,0.0,0.0,0.0,0.0,0.0
95002.119,3154.0,1853.0,0.0,0.0,0.0,0.0,0.0,0.0,8.0,0.0,0.0,0.0,0.0,0.0
95012.118,3154.0,1855.0,0.0,0.0,0.0,0.0,0.0,0.0,8.0,0.0,0.0,0.0,0.0,0.0
95022.119,3154.0,1858.0,0.0,0.0,0.0,0.0,0.0,0.0,8.0,0.0,0.0,0.0,0.0,0.0
95032.118,3154.0,1859.0,0.0,0.0,0.0,0.0,0.0,0.0,6.0,0.0,0.0,0.0,0.0,0.0
95042.119,3154.0,1862.0,0.0,0.0,0.0,0.0,0.0,0.0,9.0,0.0,0.0,0.0,0.0,0.0
95052.118,3154.0,1860.0,0.0,0.0,0.0,0.0,0.0,0.0,7.0,0.0,0.0,0.0,0.0,0.0
95062.118,3154.0,1864.0,0.0,0.0,0.0,0.0,0.0,0.0,10.0,0.0,0.0,0.0,0.0,0.0
95072.118,3154.0,1863.0,0.0,0.0,0.0,0.0,0.0,0.0,7.0,0.0,0.0,0.0,0.0,0.0
95082.118,3154.0,1865.0,0.0,0.0,0.0,0.0,0.0,0.0,6.0,0.0,0.0,0.0,0.0,0.0
95092.118,3154.0,1866.0,0.0,0.0,0.0,0.0,0.0,0.0,7.0,0.0,0.0,0.0,0.0,0.0
95102.119,3154.0,1864.0,0.0,0.0,0.0,0.0,0.0,0.0,8.0,0.0,0.0,0.0,0.0,0.0
95112.118,3154.0,1867.0,0.0,0.0,0.0,0.0,0.0,0.0,7.0,0.0,0.0,0.0,0.0,0.0
95122.119,3154.0,1868.0,0.0,0.0,0.0,0.0,0.0,0.0,7.0,0.0,0.0,0.0,0.0,0.0
95132.118,3154.0,1868.0,0.0,0.0,0.0,0.0,0.0,0.0,5.0,0.0,0.0,0.0,0.0,0.0
95142.119,3154.0,1864.0,0.0,0.0,0.0,0.0,0.0,0.0,5.0,0.0,0.0,0.0,0.0,0.0
95152.118,3154.0,1868.0,0.0,0.0,0.0,0.0,0.0,0.0,7.0,0.0,0.0,0.0,0.0,0.0
95162.118,3154.0,1866.0,0.0,0.0,0.0,0.0,0.0,0.0,5.0,0.0,0.0,0.0,0.0,0.0
95172.118,3154.0,1869.0,0.0,0.0,0.0,0.0,0.0,0.0,5.0,0.0,0.0,0.0,0.0,0.0
95182.119,3154.0,1872.0,0.0,0.0,0.0,0.0,0.0,0.0,8.0,0.0,0.0,0.0,0.0,0.0
95192.118,3154.0,1876.0,0.0,0.0,0.0,0.0,0.0,0.0,5.0,0.0,0.0,0.0,0.0,0.0
95202.119,3154.0,1878.0,0.0,0.0,0.0,0.0,0.0,0.0,3.0,0.0,0.0,0.0,0.0,0.0
95212.118,3154.0,1884.0,0.0,0.0,0.0,0.0,0.0,0.0,5.0,0.0,0.0,0.0,0.0,0.0
95222.118,3154.0,1881.0,0.0,0.0,0.0,0.0,0.0,0.0,3.0,0.0,0.0,0.0,0.0,0.0
95232.118,3154.0,1887.0,0.0,0.0,0.0,0.0,0.0,0.0,4.0,0.0,0.0,0.0,0.0,0.0
95242.118,3154.0,1885.0,0.0,0.0,0.0,0.0,0.0,0.0,2.0,0.0,0.0,0.0,0.0,0.0
95252.119,3154.0,1885.0,0.0,0.0,0.0,0.0,0.0,0.0,3.0,0.0,0.0,0.0,0.0,0.0
95262.118,3154.0,1891.0,0.0,0.0,0.0,0.0,0.0,0.0,2.0,0.0,0.0,0.0,0.0,0.0
95272.119,3154.0,1890.0,0.0,0.0,0.0,0.0,0.0,0.0,0.0,0.0,0.0,0.0,0.0,0.0
95282.118,3154.0,1892.0,0.0,0.0,0.0,0.0,0.0,0.0,1.0,0.0,0.0,0.0,0.0,0.0
95292.119,3154.0,1895.0,0.0,0.0,0.0,0.0,0.0,0.0,0.0,0.0,0.0,0.0,0.0,0.0
95302.118,3154.0,1894.0,0.0,0.0,0.0,0.0,0.0,0.0,0.0,0.0,0.0,0.0,0.0,0.0
95312.118,3154.0,1895.0,0.0,0.0,0.0,0.0,0.0,0.0,1.0,0.0,0.0,0.0,0.0,0.0
95322.118,3154.0,1897.0,0.0,0.0,0.0,0.0,0.0,0.0,2.0,0.0,0.0,0.0,0.0,0.0
95332.118,3154.0,1898.0,0.0,0.0,0.0,0.0,0.0,0.0,3.0,0.0,0.0,0.0,0.0,0.0
95342.119,3154.0,1900.0,0.0,0.0,0.0,0.0,0.0,0.0,0.0,0.0,0.0,0.0,0.0,0.0
95352.118,3154.0,1902.0,0.0,0.0,0.0,0.0,0.0,0.0,2.0,0.0,0.0,0.0,0.0,0.0
95362.119,3154.0,1902.0,0.0,0.0,0.0,0.0,0.0,0.0,0.0,0.0,0.0,0.0,0.0,0.0
95372.118,3154.0,1900.0,0.0,0.0,0.0,0.0,0.0,0.0,0.0,0.0,0.0,0.0,0.0,0.0
95382.118,3154.0,1905.0,0.0,0.0,0.0,0.0,0.0,0.0,2.0,0.0,0.0,0.0,0.0,0.0
95392.118,3154.0,1907.0,0.0,0.0,0.0,0.0,0.0,0.0,2.0,0.0,0.0,0.0,0.0,0.0
95402.118,3154.0,1905.0,0.0,0.0,0.0,0.0,0.0,0.0,1.0,0.0,0.0,0.0,0.0,0.0
95412.118,3154.0,1905.0,0.0,0.0,0.0,0.0,0.0,0.0,3.0,0.0,0.0,0.0,0.0,0.0
95422.119,3154.0,1905.0,0.0,0.0,0.0,0.0,0.0,0.0,1.0,0.0,0.0,0.0,0.0,0.0
95432.118,3154.0,1907.0,0.0,0.0,0.0,0.0,0.0,0.0,3.0,0.0,0.0,0.0,0.0,0.0
95442.119,3154.0,1905.0,0.0,0.0,0.0,0.0,0.0,0.0,0.0,0.0,0.0,0.0,0.0,0.0
95452.118,3154.0,1909.0,0.0,0.0,0.0,0.0,0.0,0.0,2.0,0.0,0.0,0.0,0.0,0.0
95462.119,3154.0,1909.0,0.0,0.0,0.0,0.0,0.0,0.0,0.0,0.0,0.0,0.0,0.0,0.0
95472.118,3154.0,1911.0,0.0,0.0,0.0,0.0,0.0,0.0,-1.0,0.0,0.0,0.0,0.0,0.0
95482.118,3154.0,1908.0,0.0,0.0,0.0,0.0,0.0,0.0,1.0,0.0,0.0,0.0,0.0,0.0
95492.118,3154.0,1911.0,0.0,0.0,0.0,0.0,0.0,0.0,-1.0,0.0,0.0,0.0,0.0,0.0
95502.119,3154.0,1909.0,0.0,0.0,0.0,0.0,0.0,0.0,0.0,0.0,0.0,0.0,0.0,0.0
95512.118,3154.0,1909.0,0.0,0.0,0.0,0.0,0.0,0.0,1.0,0.0,0.0,0.0,0.0,0.0
95522.119,3154.0,1907.0,0.0,0.0,0.0,0.0,0.0,0.0,1.0,0.0,0.0,0.0,0.0,0.0
95532.118,3154.0,1910.0,0.0,0.0,0.0,0.0,0.0,0.0,1.0,0.0,0.0,0.0,0.0,0.0
95542.118,3154.0,1914.0,0.0,0.0,0.0,0.0,0.0,0.0,1.0,0.0,0.0,0.0,0.0,0.0
95552.118,3154.0,1912.0,0.0,0.0,0.0,0.0,0.0,0.0,2.0,0.0,0.0,0.0,0.0,0.0
95562.118,3154.0,1914.0,0.0,0.0,0.0,0.0,0.0,0.0,1.0,0.0,0.0,0.0,0.0,0.0
95572.119,3154.0,1913.0,0.0,0.0,0.0,0.0,0.0,0.0,0.0,0.0,0.0,0.0,0.0,0.0
95582.118,3154.0,1910.0,0.0,0.0,0.0,0.0,0.0,0.0,0.0,0.0,0.0,0.0,0.0,0.0
95592.119,3154.0,1908.0,0.0,0.0,0.0,0.0,0.0,0.0,2.0,0.0,0.0,0.0,0.0,0.0
95602.118,3154.0,1907.0,0.0,0.0,0.0,0.0,0.0,0.0,1.0,0.0,0.0,0.0,0.0,0.0
95612.119,3154.0,1899.0,0.0,0.0,0.0,0.0,0.0,0.0,1.0,0.0,0.0,0.0,0.0,0.0
95622.118,3154.0,1901.0,0.0,0.0,0.0,0.0,0.0,0.0,3.0,0.0,0.0,0.0,0.0,0.0
95632.118,3154.0,1892.0,0.0,0.0,0.0,0.0,0.0,0.0,4.0,0.0,0.0,0.0,0.0,0.0
95642.118,3154.0,1891.0,0.0,0.0,0.0,0.0,0.0,0.0,0.0,0.0,0.0,0.0,0.0,0.0
95652.118,3154.0,1888.0,0.0,0.0,0.0,0.0,0.0,0.0,3.0,0.0,0.0,0.0,0.0,0.0
95662.119,3154.0,1889.0,0.0,0.0,0.0,0.0,0.0,0.0,5.0,0.0,0.0,0.0,0.0,0.0
95672.118,3154.0,1888.0,0.0,0.0,0.0,0.0,0.0,0.0,2.0,0.0,0.0,0.0,0.0,0.0
95682.119,3154.0,1885.0,0.0,0.0,0.0,0.0,0.0,0.0,6.0,0.0,0.0,0.0,0.0,0.0
95692.118,3154.0,1886.0,0.0,0.0,0.0,0.0,0.0,0.0,4.0,0.0,0.0,0.0,0.0,0.0
95702.118,3154.0,1884.0,0.0,0.0,0.0,0.0,0.0,0.0,4.0,0.0,0.0,0.0,0.0,0.0
95712.118,3154.0,1885.0,0.0,0.0,0.0,0.0,0.0,0.0,3.0,0.0,0.0,0.0,0.0,0.0
95722.118,3154.0,1882.0,0.0,0.0,0.0,0.0,0.0,0.0,3.0,0.0,0.0,0.0,0.0,0.0
95732.118,3154.0,1883.0,0.0,0.0,0.0,0.0,0.0,0.0,5.0,0.0,0.0,0.0,0.0,0.0
95742.119,3154.0,1881.0,0.0,0.0,0.0,0.0,0.0,0.0,1.0,0.0,0.0,0.0,0.0,0.0
95752.118,3154.0,1882.0,0.0,0.0,0.0,0.0,0.0,0.0,0.0,0.0,0.0,0.0,0.0,0.0
95762.119,3154.0,1883.0,0.0,0.0,0.0,0.0,0.0,0.0,3.0,0.0,0.0,0.0,0.0,0.0
95772.118,3154.0,1882.0,0.0,0.0,0.0,0.0,0.0,0.0,1.0,0.0,0.0,0.0,0.0,0.0
95782.119,3154.0,1883.0,0.0,0.0,0.0,0.0,0.0,0.0,4.0,0.0,0.0,0.0,0.0,0.0
95792.118,3154.0,1883.0,0.0,0.0,0.0,0.0,0.0,0.0,-1.0,0.0,0.0,0.0,0.0,0.0
95802.118,3154.0,1882.0,0.0,0.0,0.0,0.0,0.0,0.0,2.0,0.0,0.0,0.0,0.0,0.0
95812.118,3154.0,1880.0,0.0,0.0,0.0,0.0,0.0,0.0,4.0,0.0,0.0,0.0,0.0,0.0
95822.119,3154.0,1883.0,0.0,0.0,0.0,0.0,0.0,0.0,4.0,0.0,0.0,0.0,0.0,0.0
95832.118,3154.0,1885.0,0.0,0.0,0.0,0.0,0.0,0.0,2.0,0.0,0.0,0.0,0.0,0.0
95842.119,3154.0,1884.0,0.0,0.0,0.0,0.0,0.0,0.0,3.0,0.0,0.0,0.0,0.0,0.0
95852.118,3154.0,1883.0,0.0,0.0,0.0,0.0,0.0,0.0,2.0,0.0,0.0,0.0,0.0,0.0
95862.118,3154.0,1880.0,0.0,0.0,0.0,0.0,0.0,0.0,1.0,0.0,0.0,0.0,0.0,0.0
95872.118,3154.0,1884.0,0.0,0.0,0.0,0.0,0.0,0.0,2.0,0.0,0.0,0.0,0.0,0.0
95882.118,3154.0,1886.0,0.0,0.0,0.0,0.0,0.0,0.0,3.0,0.0,0.0,0.0,0.0,0.0
95892.119,3154.0,1883.0,0.0,0.0,0.0,0.0,0.0,0.0,-1.0,0.0,0.0,0.0,0.0,0.0
95902.118,3154.0,1881.0,0.0,0.0,0.0,0.0,0.0,0.0,3.0,0.0,0.0,0.0,0.0,0.0
95912.119,3154.0,1882.0,0.0,0.0,0.0,0.0,0.0,0.0,2.0,0.0,0.0,0.0,0.0,0.0
95922.118,3154.0,1885.0,0.0,0.0,0.0,0.0,0.0,0.0,4.0,0.0,0.0,0.0,0.0,0.0
95932.119,3154.0,1878.0,0.0,0.0,0.0,0.0,0.0,0.0,0.0,0.0,0.0,0.0,0.0,0.0
95942.118,3154.0,1880.0,0.0,0.0,0.0,0.0,0.0,0.0,-2.0,0.0,0.0,0.0,0.0,0.0
95952.118,3154.0,1879.0,0.0,0.0,0.0,0.0,0.0,0.0,1.0,0.0,0.0,0.0,0.0,0.0
95962.118,3154.0,1880.0,0.0,0.0,0.0,0.0,0.0,0.0,3.0,0.0,0.0,0.0,0.0,0.0
95972.118,3154.0,1882.0,0.0,0.0,0.0,0.0,0.0,0.0,1.0,0.0,0.0,0.0,0.0,0.0
95982.119,3154.0,1881.0,0.0,0.0,0.0,0.0,0.0,0.0,2.0,0.0,0.0,0.0,0.0,0.0
95992.118,3154.0,1882.0,0.0,0.0,0.0,0.0,0.0,0.0,2.0,0.0,0.0,0.0,0.0,0.0
96002.119,3154.0,1879.0,0.0,0.0,0.0,0.0,0.0,0.0,4.0,0.0,0.0,0.0,0.0,0.0
96012.118,3154.0,1879.0,0.0,0.0,0.0,0.0,0.0,0.0,4.0,0.0,0.0,0.0,0.0,0.0
96022.118,3154.0,1885.0,0.0,0.0,0.0,0.0,0.0,0.0,3.0,0.0,0.0,0.0,0.0,0.0
96032.118,3154.0,1884.0,0.0,0.0,0.0,0.0,0.0,0.0,-2.0,0.0,0.0,0.0,0.0,0.0
96042.118,3154.0,1880.0,0.0,0.0,0.0,0.0,0.0,0.0,0.0,0.0,0.0,0.0,0.0,0.0
96052.118,3154.0,1885.0,0.0,0.0,0.0,0.0,0.0,0.0,2.0,0.0,0.0,0.0,0.0,0.0
96062.119,3154.0,1884.0,0.0,0.0,0.0,0.0,0.0,0.0,4.0,0.0,0.0,0.0,0.0,0.0
96072.118,3154.0,1882.0,0.0,0.0,0.0,0.0,0.0,0.0,4.0,0.0,0.0,0.0,0.0,0.0
96082.119,3154.0,1881.0,0.0,0.0,0.0,0.0,0.0,0.0,2.0,0.0,0.0,0.0,0.0,0.0
96092.118,3154.0,1883.0,0.0,0.0,0.0,0.0,0.0,0.0,4.0,0.0,0.0,0.0,0.0,0.0
96102.119,3154.0,1881.0,0.0,0.0,0.0,0.0,0.0,0.0,6.0,0.0,0.0,0.0,0.0,0.0
96112.118,3154.0,1881.0,0.0,0.0,0.0,0.0,0.0,0.0,4.0,0.0,0.0,0.0,0.0,0.0
96122.118,3154.0,1881.0,0.0,0.0,0.0,0.0,0.0,0.0,3.0,0.0,0.0,0.0,0.0,0.0
96132.118,3154.0,1878.0,0.0,0.0,0.0,0.0,0.0,0.0,2.0,0.0,0.0,0.0,0.0,0.0
96142.119,3154.0,1881.0,0.0,0.0,0.0,0.0,0.0,0.0,1.0,0.0,0.0,0.0,0.0,0.0
96152.118,3154.0,1881.0,0.0,0.0,0.0,0.0,0.0,0.0,1.0,0.0,0.0,0.0,0.0,0.0
96162.119,3154.0,1883.0,0.0,0.0,0.0,0.0,0.0,0.0,3.0,0.0,0.0,0.0,0.0,0.0
96172.118,3154.0,1881.0,0.0,0.0,0.0,0.0,0.0,0.0,2.0,0.0,0.0,0.0,0.0,0.0
96182.118,3154.0,1878.0,0.0,0.0,0.0,0.0,0.0,0.0,0.0,0.0,0.0,0.0,0.0,0.0
96192.118,3154.0,1878.0,0.0,0.0,0.0,0.0,0.0,0.0,2.0,0.0,0.0,0.0,0.0,0.0
96202.118,3154.0,1877.0,0.0,0.0,0.0,0.0,0.0,0.0,3.0,0.0,0.0,0.0,0.0,0.0
96212.119,3154.0,1879.0,0.0,0.0,0.0,0.0,0.0,0.0,2.0,0.0,0.0,0.0,0.0,0.0
96222.118,3154.0,1880.0,0.0,0.0,0.0,0.0,0.0,0.0,3.0,0.0,0.0,0.0,0.0,0.0
96232.119,3154.0,1882.0,0.0,0.0,0.0,0.0,0.0,0.0,3.0,0.0,0.0,0.0,0.0,0.0
96242.118,3154.0,1877.0,0.0,0.0,0.0,0.0,0.0,0.0,1.0,0.0,0.0,0.0,0.0,0.0
96252.119,3154.0,1878.0,0.0,0.0,0.0,0.0,0.0,0.0,5.0,0.0,0.0,0.0,0.0,0.0
96262.118,3154.0,1881.0,0.0,0.0,0.0,0.0,0.0,0.0,2.0,0.0,0.0,0.0,0.0,0.0
96272.118,3154.0,1877.0,0.0,0.0,0.0,0.0,0.0,0.0,3.0,0.0,0.0,0.0,0.0,0.0
96282.118,3154.0,1876.0,0.0,0.0,0.0,0.0,0.0,0.0,5.0,0.0,0.0,0.0,0.0,0.0
96292.118,3154.0,1875.0,0.0,0.0,0.0,0.0,0.0,0.0,0.0,0.0,0.0,0.0,0.0,0.0
96302.119,3154.0,1877.0,0.0,0.0,0.0,0.0,0.0,0.0,1.0,0.0,0.0,0.0,0.0,0.0
96312.118,3154.0,1876.0,0.0,0.0,0.0,0.0,0.0,0.0,2.0,0.0,0.0,0.0,0.0,0.0
96322.119,3154.0,1876.0,0.0,0.0,0.0,0.0,0.0,0.0,3.0,0.0,0.0,0.0,0.0,0.0
96332.118,3154.0,1877.0,0.0,0.0,0.0,0.0,0.0,0.0,3.0,0.0,0.0,0.0,0.0,0.0
96342.118,3154.0,1874.0,0.0,0.0,0.0,0.0,0.0,0.0,3.0,0.0,0.0,0.0,0.0,0.0
96352.118,3154.0,1875.0,0.0,0.0,0.0,0.0,0.0,0.0,3.0,0.0,0.0,0.0,0.0,0.0
96362.118,3154.0,1874.0,0.0,0.0,0.0,0.0,0.0,0.0,1.0,0.0,0.0,0.0,0.0,0.0
96372.118,3154.0,1874.0,0.0,0.0,0.0,0.0,0.0,0.0,3.0,0.0,0.0,0.0,0.0,0.0
96382.119,3154.0,1874.0,0.0,0.0,0.0,0.0,0.0,0.0,1.0,0.0,0.0,0.0,0.0,0.0
96392.118,3154.0,1876.0,0.0,0.0,0.0,0.0,0.0,0.0,1.0,0.0,0.0,0.0,0.0,0.0
96402.119,3154.0,1871.0,0.0,0.0,0.0,0.0,0.0,0.0,5.0,0.0,0.0,0.0,0.0,0.0
96412.118,3154.0,1871.0,0.0,0.0,0.0,0.0,0.0,0.0,1.0,0.0,0.0,0.0,0.0,0.0
96422.119,3154.0,1870.0,0.0,0.0,0.0,0.0,0.0,0.0,2.0,0.0,0.0,0.0,0.0,0.0
96432.118,3154.0,1869.0,0.0,0.0,0.0,0.0,0.0,0.0,2.0,0.0,0.0,0.0,0.0,0.0
96442.118,3154.0,1866.0,0.0,0.0,0.0,0.0,0.0,0.0,3.0,0.0,0.0,0.0,0.0,0.0
96452.118,3154.0,1863.0,0.0,0.0,0.0,0.0,0.0,0.0,4.0,0.0,0.0,0.0,0.0,0.0
96462.119,3154.0,1862.0,0.0,0.0,0.0,0.0,0.0,0.0,0.0,0.0,0.0,0.0,0.0,0.0
96472.118,3154.0,1862.0,0.0,0.0,0.0,0.0,0.0,0.0,5.0,0.0,0.0,0.0,0.0,0.0
96482.119,3154.0,1860.0,0.0,0.0,0.0,0.0,0.0,0.0,2.0,0.0,0.0,0.0,0.0,0.0
96492.118,3154.0,1860.0,0.0,0.0,0.0,0.0,0.0,0.0,2.0,0.0,0.0,0.0,0.0,0.0
96502.118,3154.0,1863.0,0.0,0.0,0.0,0.0,0.0,0.0,2.0,0.0,0.0,0.0,0.0,0.0
96512.118,3154.0,1860.0,0.0,0.0,0.0,0.0,0.0,0.0,1.0,0.0,0.0,0.0,0.0,0.0
96522.118,3154.0,1859.0,0.0,0.0,0.0,0.0,0.0,0.0,1.0,0.0,0.0,0.0,0.0,0.0
96532.119,3154.0,1861.0,0.0,0.0,0.0,0.0,0.0,0.0,-1.0,0.0,0.0,0.0,0.0,0.0
96542.118,3154.0,1862.0,0.0,0.0,0.0,0.0,0.0,0.0,3.0,0.0,0.0,0.0,0.0,0.0
96552.119,3154.0,1862.0,0.0,0.0,0.0,0.0,0.0,0.0,3.0,0.0,0.0,0.0,0.0,0.0
96562.118,3154.0,1862.0,0.0,0.0,0.0,0.0,0.0,0.0,0.0,0.0,0.0,0.0,0.0,0.0
96572.119,3154.0,1865.0,0.0,0.0,0.0,0.0,0.0,0.0,-2.0,0.0,0.0,0.0,0.0,0.0
96582.118,3154.0,1866.0,0.0,0.0,0.0,0.0,0.0,0.0,1.0,0.0,0.0,0.0,0.0,0.0
96592.118,3154.0,1864.0,0.0,0.0,0.0,0.0,0.0,0.0,2.0,0.0,0.0,0.0,0.0,0.0
96602.118,3154.0,1866.0,0.0,0.0,0.0,0.0,0.0,0.0,3.0,0.0,0.0,0.0,0.0,0.0
96612.118,3154.0,1868.0,0.0,0.0,0.0,0.0,0.0,0.0,0.0,0.0,0.0,0.0,0.0,0.0
96622.119,3154.0,1868.0,0.0,0.0,0.0,0.0,0.0,0.0,3.0,0.0,0.0,0.0,0.0,0.0
96632.118,3154.0,1864.0,0.0,0.0,0.0,0.0,0.0,0.0,2.0,0.0,0.0,0.0,0.0,0.0
96642.119,3154.0,1868.0,0.0,0.0,0.0,0.0,0.0,0.0,4.0,0.0,0.0,0.0,0.0,0.0
96652.118,3154.0,1867.0,0.0,0.0,0.0,0.0,0.0,0.0,3.0,0.0,0.0,0.0,0.0,0.0
96662.118,3154.0,1866.0,0.0,0.0,0.0,0.0,0.0,0.0,3.0,0.0,0.0,0.0,0.0,0.0
96672.118,3154.0,1868.0,0.0,0.0,0.0,0.0,0.0,0.0,3.0,0.0,0.0,0.0,0.0,0.0
96682.118,3154.0,1870.0,0.0,0.0,0.0,0.0,0.0,0.0,4.0,0.0,0.0,0.0,0.0,0.0
96692.118,3154.0,1868.0,0.0,0.0,0.0,0.0,0.0,0.0,4.0,0.0,0.0,0.0,0.0,0.0
96702.119,3154.0,1866.0,0.0,0.0,0.0,0.0,0.0,0.0,4.0,0.0,0.0,0.0,0.0,0.0
96712.118,3154.0,1867.0,0.0,0.0,0.0,0.0,0.0,0.0,1.0,0.0,0.0,0.0,0.0,0.0
96722.119,3154.0,1866.0,0.0,0.0,0.0,0.0,0.0,0.0,1.0,0.0,0.0,0.0,0.0,0.0
96732.118,3154.0,1866.0,0.0,0.0,0.0,0.0,0.0,0.0,3.0,0.0,0.0,0.0,0.0,0.0
96742.119,3154.0,1869.0,0.0,0.0,0.0,0.0,0.0,0.0,2.0,0.0,0.0,0.0,0.0,0.0
96752.118,3154.0,1872.0,0.0,0.0,0.0,0.0,0.0,0.0,5.0,0.0,0.0,0.0,0.0,0.0
96762.118,3154.0,1867.0,0.0,0.0,0.0,0.0,0.0,0.0,3.0,0.0,0.0,0.0,0.0,0.0
96772.118,3154.0,1872.0,0.0,0.0,0.0,0.0,0.0,0.0,3.0,0.0,0.0,0.0,0.0,0.0
96782.119,3154.0,1869.0,0.0,0.0,0.0,0.0,0.0,0.0,6.0,0.0,0.0,0.0,0.0,0.0
96792.118,3154.0,1871.0,0.0,0.0,0.0,0.0,0.0,0.0,4.0,0.0,0.0,0.0,0.0,0.0
96802.119,3154.0,1869.0,0.0,0.0,0.0,0.0,0.0,0.0,3.0,0.0,0.0,0.0,0.0,0.0
96812.118,3154.0,1870.0,0.0,0.0,0.0,0.0,0.0,0.0,0.0,0.0,0.0,0.0,0.0,0.0
96822.118,3154.0,1872.0,0.0,0.0,0.0,0.0,0.0,0.0,2.0,0.0,0.0,0.0,0.0,0.0
96832.118,3154.0,1873.0,0.0,0.0,0.0,0.0,0.0,0.0,4.0,0.0,0.0,0.0,0.0,0.0
96842.118,3154.0,1872.0,0.0,0.0,0.0,0.0,0.0,0.0,0.0,0.0,0.0,0.0,0.0,0.0
96852.119,3154.0,1872.0,0.0,0.0,0.0,0.0,0.0,0.0,2.0,0.0,0.0,0.0,0.0,0.0
96862.118,3154.0,1871.0,0.0,0.0,0.0,0.0,0.0,0.0,1.0,0.0,0.0,0.0,0.0,0.0
96872.119,3154.0,1871.0,0.0,0.0,0.0,0.0,0.0,0.0,3.0,0.0,0.0,0.0,0.0,0.0
96882.118,3154.0,1873.0,0.0,0.0,0.0,0.0,0.0,0.0,0.0,0.0,0.0,0.0,0.0,0.0
96892.119,3154.0,1871.0,0.0,0.0,0.0,0.0,0.0,0.0,3.0,0.0,0.0,0.0,0.0,0.0
96902.118,3154.0,1873.0,0.0,0.0,0.0,0.0,0.0,0.0,1.0,0.0,0.0,0.0,0.0,0.0
96912.118,3154.0,1871.0,0.0,0.0,0.0,0.0,0.0,0.0,4.0,0.0,0.0,0.0,0.0,0.0
96922.118,3154.0,1872.0,0.0,0.0,0.0,0.0,0.0,0.0,3.0,0.0,0.0,0.0,0.0,0.0
96932.118,3154.0,1869.0,0.0,0.0,0.0,0.0,0.0,0.0,4.0,0.0,0.0,0.0,0.0,0.0
96942.119,3154.0,1871.0,0.0,0.0,0.0,0.0,0.0,0.0,-2.0,0.0,0.0,0.0,0.0,0.0
96952.118,3154.0,1873.0,0.0,0.0,0.0,0.0,0.0,0.0,2.0,0.0,0.0,0.0,0.0,0.0
96962.119,3154.0,1871.0,0.0,0.0,0.0,0.0,0.0,0.0,2.0,0.0,0.0,0.0,0.0,0.0
96972.118,3154.0,1872.0,0.0,0.0,0.0,0.0,0.0,0.0,4.0,0.0,0.0,0.0,0.0,0.0
96982.118,3154.0,1875.0,0.0,0.0,0.0,0.0,0.0,0.0,-1.0,0.0,0.0,0.0,0.0,0.0
96992.118,3154.0,1873.0,0.0,0.0,0.0,0.0,0.0,0.0,2.0,0.0,0.0,0.0,0.0,0.0
97002.118,3154.0,1873.0,0.0,0.0,0.0,0.0,0.0,0.0,2.0,0.0,0.0,0.0,0.0,0.0
97012.118,3154.0,1871.0,0.0,0.0,0.0,0.0,0.0,0.0,1.0,0.0,0.0,0.0,0.0,0.0
97022.119,3154.0,1872.0,0.0,0.0,0.0,0.0,0.0,0.0,1.0,0.0,0.0,0.0,0.0,0.0
97032.118,3154.0,1872.0,0.0,0.0,0.0,0.0,0.0,0.0,1.0,0.0,0.0,0.0,0.0,0.0
97042.119,3154.0,1871.0,0.0,0.0,0.0,0.0,0.0,0.0,-2.0,0.0,0.0,0.0,0.0,0.0
97052.118,3154.0,1874.0,0.0,0.0,0.0,0.0,0.0,0.0,1.0,0.0,0.0,0.0,0.0,0.0
97062.119,3154.0,1872.0,0.0,0.0,0.0,0.0,0.0,0.0,4.0,0.0,0.0,0.0,0.0,0.0
97072.118,3154.0,1870.0,0.0,0.0,0.0,0.0,0.0,0.0,0.0,0.0,0.0,0.0,0.0,0.0
97082.118,3154.0,1873.0,0.0,0.0,0.0,0.0,0.0,0.0,1.0,0.0,0.0,0.0,0.0,0.0
97092.118,3154.0,1872.0,0.0,0.0,0.0,0.0,0.0,0.0,4.0,0.0,0.0,0.0,0.0,0.0
97102.119,3154.0,1873.0,0.0,0.0,0.0,0.0,0.0,0.0,3.0,0.0,0.0,0.0,0.0,0.0
97112.118,3154.0,1873.0,0.0,0.0,0.0,0.0,0.0,0.0,2.0,0.0,0.0,0.0,0.0,0.0
97122.119,3154.0,1873.0,0.0,0.0,0.0,0.0,0.0,0.0,1.0,0.0,0.0,0.0,0.0,0.0
97132.118,3154.0,1871.0,0.0,0.0,0.0,0.0,0.0,0.0,-1.0,0.0,0.0,0.0,0.0,0.0
97142.118,3154.0,1872.0,0.0,0.0,0.0,0.0,0.0,0.0,2.0,0.0,0.0,0.0,0.0,0.0
97152.118,3154.0,1871.0,0.0,0.0,0.0,0.0,0.0,0.0,3.0,0.0,0.0,0.0,0.0,0.0
97162.118,3154.0,1872.0,0.0,0.0,0.0,0.0,0.0,0.0,1.0,0.0,0.0,0.0,0.0,0.0
97172.119,3154.0,1873.0,0.0,0.0,0.0,0.0,0.0,0.0,3.0,0.0,0.0,0.0,0.0,0.0
97182.118,3154.0,1872.0,0.0,0.0,0.0,0.0,0.0,0.0,0.0,0.0,0.0,0.0,0.0,0.0
97192.119,3154.0,1871.0,0.0,0.0,0.0,0.0,0.0,0.0,2.0,0.0,0.0,0.0,0.0,0.0
97202.118,3154.0,1873.0,0.0,0.0,0.0,0.0,0.0,0.0,0.0,0.0,0.0,0.0,0.0,0.0
97212.119,3154.0,1873.0,0.0,0.0,0.0,0.0,0.0,0.0,3.0,0.0,0.0,0.0,0.0,0.0
97222.118,3154.0,1873.0,0.0,0.0,0.0,0.0,0.0,0.0,3.0,0.0,0.0,0.0,0.0,0.0
97232.118,3154.0,1871.0,0.0,0.0,0.0,0.0,0.0,0.0,0.0,0.0,0.0,0.0,0.0,0.0
97242.118,3154.0,1872.0,0.0,0.0,0.0,0.0,0.0,0.0,3.0,0.0,0.0,0.0,0.0,0.0
97252.118,3154.0,1873.0,0.0,0.0,0.0,0.0,0.0,0.0,1.0,0.0,0.0,0.0,0.0,0.0
97262.119,3154.0,1871.0,0.0,0.0,0.0,0.0,0.0,0.0,2.0,0.0,0.0,0.0,0.0,0.0
97272.118,3154.0,1872.0,0.0,0.0,0.0,0.0,0.0,0.0,2.0,0.0,0.0,0.0,0.0,0.0
97282.119,3154.0,1871.0,0.0,0.0,0.0,0.0,0.0,0.0,-1.0,0.0,0.0,0.0,0.0,0.0
97292.118,3154.0,1870.0,0.0,0.0,0.0,0.0,0.0,0.0,3.0,0.0,0.0,0.0,0.0,0.0
97302.118,3154.0,1872.0,0.0,0.0,0.0,0.0,0.0,0.0,3.0,0.0,0.0,0.0,0.0,0.0
97312.118,3154.0,1872.0,0.0,0.0,0.0,0.0,0.0,0.0,0.0,0.0,0.0,0.0,0.0,0.0
97322.118,3154.0,1872.0,0.0,0.0,0.0,0.0,0.0,0.0,0.0,0.0,0.0,0.0,0.0,0.0
97332.118,3154.0,1870.0,0.0,0.0,0.0,0.0,0.0,0.0,-2.0,0.0,0.0,0.0,0.0,0.0
97342.119,3154.0,1869.0,0.0,0.0,0.0,0.0,0.0,0.0,1.0,0.0,0.0,0.0,0.0,0.0
97352.118,3154.0,1873.0,0.0,0.0,0.0,0.0,0.0,0.0,2.0,0.0,0.0,0.0,0.0,0.0
97362.119,3154.0,1870.0,0.0,0.0,0.0,0.0,0.0,0.0,2.0,0.0,0.0,0.0,0.0,0.0
97372.118,3154.0,1870.0,0.0,0.0,0.0,0.0,0.0,0.0,1.0,0.0,0.0,0.0,0.0,0.0
97382.119,3154.0,1870.0,0.0,0.0,0.0,0.0,0.0,0.0,0.0,0.0,0.0,0.0,0.0,0.0
97392.118,3154.0,1872.0,0.0,0.0,0.0,0.0,0.0,0.0,4.0,0.0,0.0,0.0,0.0,0.0
97402.118,3154.0,1873.0,0.0,0.0,0.0,0.0,0.0,0.0,-1.0,0.0,0.0,0.0,0.0,0.0
97412.118,3154.0,1871.0,0.0,0.0,0.0,0.0,0.0,0.0,4.0,0.0,0.0,0.0,0.0,0.0
97422.119,3154.0,1872.0,0.0,0.0,0.0,0.0,0.0,0.0,-3.0,0.0,0.0,0.0,0.0,0.0
97432.118,3154.0,1871.0,0.0,0.0,0.0,0.0,0.0,0.0,2.0,0.0,0.0,0.0,0.0,0.0
97442.119,3154.0,1873.0,0.0,0.0,0.0,0.0,0.0,0.0,2.0,0.0,0.0,0.0,0.0,0.0
97452.118,3154.0,1872.0,0.0,0.0,0.0,0.0,0.0,0.0,1.0,0.0,0.0,0.0,0.0,0.0
97462.118,3154.0,1870.0,0.0,0.0,0.0,0.0,0.0,0.0,1.0,0.0,0.0,0.0,0.0,0.0
97472.118,3154.0,1873.0,0.0,0.0,0.0,0.0,0.0,0.0,1.0,0.0,0.0,0.0,0.0,0.0
97482.118,3154.0,1872.0,0.0,0.0,0.0,0.0,0.0,0.0,1.0,0.0,0.0,0.0,0.0,0.0
97492.119,3154.0,1871.0,0.0,0.0,0.0,0.0,0.0,0.0,2.0,0.0,0.0,0.0,0.0,0.0
97502.118,3154.0,1871.0,0.0,0.0,0.0,0.0,0.0,0.0,0.0,0.0,0.0,0.0,0.0,0.0
97512.119,3154.0,1873.0,0.0,0.0,0.0,0.0,0.0,0.0,-1.0,0.0,0.0,0.0,0.0,0.0
97522.118,3154.0,1872.0,0.0,0.0,0.0,0.0,0.0,0.0,2.0,0.0,0.0,0.0,0.0,0.0
97532.119,3154.0,1870.0,0.0,0.0,0.0,0.0,0.0,0.0,2.0,0.0,0.0,0.0,0.0,0.0
97542.118,3154.0,1872.0,0.0,0.0,0.0,0.0,0.0,0.0,1.0,0.0,0.0,0.0,0.0,0.0
97552.118,3154.0,1867.0,0.0,0.0,0.0,0.0,0.0,0.0,2.0,0.0,0.0,0.0,0.0,0.0
97562.118,3154.0,1871.0,0.0,0.0,0.0,0.0,0.0,0.0,2.0,0.0,0.0,0.0,0.0,0.0
97572.118,3154.0,1872.0,0.0,0.0,0.0,0.0,0.0,0.0,2.0,0.0,0.0,0.0,0.0,0.0
97582.119,3154.0,1871.0,0.0,0.0,0.0,0.0,0.0,0.0,3.0,0.0,0.0,0.0,0.0,0.0
97592.118,3154.0,1870.0,0.0,0.0,0.0,0.0,0.0,0.0,2.0,0.0,0.0,0.0,0.0,0.0
97602.119,3154.0,1870.0,0.0,0.0,0.0,0.0,0.0,0.0,0.0,0.0,0.0,0.0,0.0,0.0
97612.118,3154.0,1871.0,0.0,0.0,0.0,0.0,0.0,0.0,2.0,0.0,0.0,0.0,0.0,0.0
97622.118,3154.0,1871.0,0.0,0.0,0.0,0.0,0.0,0.0,0.0,0.0,0.0,0.0,0.0,0.0
97632.118,3154.0,1872.0,0.0,0.0,0.0,0.0,0.0,0.0,2.0,0.0,0.0,0.0,0.0,0.0
97642.118,3154.0,1872.0,0.0,0.0,0.0,0.0,0.0,0.0,1.0,0.0,0.0,0.0,0.0,0.0
97652.118,3154.0,1870.0,0.0,0.0,0.0,0.0,0.0,0.0,0.0,0.0,0.0,0.0,0.0,0.0
97662.119,3154.0,1873.0,0.0,0.0,0.0,0.0,0.0,0.0,0.0,0.0,0.0,0.0,0.0,0.0
97672.118,3154.0,1871.0,0.0,0.0,0.0,0.0,0.0,0.0,2.0,0.0,0.0,0.0,0.0,0.0
97682.119,3154.0,1871.0,0.0,0.0,0.0,0.0,0.0,0.0,2.0,0.0,0.0,0.0,0.0,0.0
97692.118,3154.0,1869.0,0.0,0.0,0.0,0.0,0.0,0.0,2.0,0.0,0.0,0.0,0.0,0.0
97702.119,3154.0,1874.0,0.0,0.0,0.0,0.0,0.0,0.0,2.0,0.0,0.0,0.0,0.0,0.0
97712.118,3154.0,1871.0,0.0,0.0,0.0,0.0,0.0,0.0,-1.0,0.0,0.0,0.0,0.0,0.0
97722.118,3154.0,1867.0,0.0,0.0,0.0,0.0,0.0,0.0,0.0,0.0,0.0,0.0,0.0,0.0
97732.118,3154.0,1870.0,0.0,0.0,0.0,0.0,0.0,0.0,-1.0,0.0,0.0,0.0,0.0,0.0
97742.119,3154.0,1872.0,0.0,0.0,0.0,0.0,0.0,0.0,3.0,0.0,0.0,0.0,0.0,0.0
97752.118,3154.0,1870.0,0.0,0.0,0.0,0.0,0.0,0.0,3.0,0.0,0.0,0.0,0.0,0.0
97762.119,3154.0,1867.0,0.0,0.0,0.0,0.0,0.0,0.0,0.0,0.0,0.0,0.0,0.0,0.0
97772.118,3154.0,1871.0,0.0,0.0,0.0,0.0,0.0,0.0,0.0,0.0,0.0,0.0,0.0,0.0
97782.118,3154.0,1873.0,0.0,0.0,0.0,0.0,0.0,0.0,2.0,0.0,0.0,0.0,0.0,0.0
97792.118,3154.0,1870.0,0.0,0.0,0.0,0.0,0.0,0.0,4.0,0.0,0.0,0.0,0.0,0.0
97802.118,3154.0,1870.0,0.0,0.0,0.0,0.0,0.0,0.0,3.0,0.0,0.0,0.0,0.0,0.0
97812.119,3154.0,1868.0,0.0,0.0,0.0,0.0,0.0,0.0,2.0,0.0,0.0,0.0,0.0,0.0
97822.118,3154.0,1871.0,0.0,0.0,0.0,0.0,0.0,0.0,5.0,0.0,0.0,0.0,0.0,0.0
97832.119,3154.0,1874.0,0.0,0.0,0.0,0.0,0.0,0.0,2.0,0.0,0.0,0.0,0.0,0.0
97842.118,3154.0,1872.0,0.0,0.0,0.0,0.0,0.0,0.0,0.0,0.0,0.0,0.0,0.0,0.0
97852.119,3154.0,1871.0,0.0,0.0,0.0,0.0,0.0,0.0,2.0,0.0,0.0,0.0,0.0,0.0
97862.118,3154.0,1873.0,0.0,0.0,0.0,0.0,0.0,0.0,1.0,0.0,0.0,0.0,0.0,0.0
97872.118,3154.0,1872.0,0.0,0.0,0.0,0.0,0.0,0.0,1.0,0.0,0.0,0.0,0.0,0.0
97882.118,3154.0,1868.0,0.0,0.0,0.0,0.0,0.0,0.0,0.0,0.0,0.0,0.0,0.0,0.0
97892.118,3154.0,1872.0,0.0,0.0,0.0,0.0,0.0,0.0,2.0,0.0,0.0,0.0,0.0,0.0
97902.119,3154.0,1874.0,0.0,0.0,0.0,0.0,0.0,0.0,2.0,0.0,0.0,0.0,0.0,0.0
97912.118,3154.0,1868.0,0.0,0.0,0.0,0.0,0.0,0.0,2.0,0.0,0.0,0.0,0.0,0.0
97922.119,3154.0,1870.0,0.0,0.0,0.0,0.0,0.0,0.0,0.0,0.0,0.0,0.0,0.0,0.0
97932.118,3154.0,1870.0,0.0,0.0,0.0,0.0,0.0,0.0,1.0,0.0,0.0,0.0,0.0,0.0
97942.118,3154.0,1869.0,0.0,0.0,0.0,0.0,0.0,0.0,0.0,0.0,0.0,0.0,0.0,0.0
97952.118,3154.0,1873.0,0.0,0.0,0.0,0.0,0.0,0.0,3.0,0.0,0.0,0.0,0.0,0.0
97962.118,3154.0,1869.0,0.0,0.0,0.0,0.0,0.0,0.0,1.0,0.0,0.0,0.0,0.0,0.0
97972.118,3154.0,1873.0,0.0,0.0,0.0,0.0,0.0,0.0,2.0,0.0,0.0,0.0,0.0,0.0
97982.119,3154.0,1872.0,0.0,0.0,0.0,0.0,0.0,0.0,1.0,0.0,0.0,0.0,0.0,0.0
97992.118,3154.0,1873.0,0.0,0.0,0.0,0.0,0.0,0.0,2.0,0.0,0.0,0.0,0.0,0.0
98002.119,3154.0,1872.0,0.0,0.0,0.0,0.0,0.0,0.0,3.0,0.0,0.0,0.0,0.0,0.0
98012.118,3154.0,1868.0,0.0,0.0,0.0,0.0,0.0,0.0,4.0,0.0,0.0,0.0,0.0,0.0
98022.119,3154.0,1869.0,0.0,0.0,0.0,0.0,0.0,0.0,1.0,0.0,0.0,0.0,0.0,0.0
98032.118,3154.0,1871.0,0.0,0.0,0.0,0.0,0.0,0.0,1.0,0.0,0.0,0.0,0.0,0.0
98042.118,3154.0,1870.0,0.0,0.0,0.0,0.0,0.0,0.0,2.0,0.0,0.0,0.0,0.0,0.0
98052.118,3154.0,1871.0,0.0,0.0,0.0,0.0,0.0,0.0,2.0,0.0,0.0,0.0,0.0,0.0
98062.119,3154.0,1871.0,0.0,0.0,0.0,0.0,0.0,0.0,1.0,0.0,0.0,0.0,0.0,0.0
98072.118,3154.0,1873.0,0.0,0.0,0.0,0.0,0.0,0.0,1.0,0.0,0.0,0.0,0.0,0.0
98082.119,3154.0,1871.0,0.0,0.0,0.0,0.0,0.0,0.0,2.0,0.0,0.0,0.0,0.0,0.0
98092.118,3154.0,1869.0,0.0,0.0,0.0,0.0,0.0,0.0,5.0,0.0,0.0,0.0,0.0,0.0
98102.118,3154.0,1871.0,0.0,0.0,0.0,0.0,0.0,0.0,1.0,0.0,0.0,0.0,0.0,0.0
98112.118,3154.0,1870.0,0.0,0.0,0.0,0.0,0.0,0.0,2.0,0.0,0.0,0.0,0.0,0.0
98122.118,3154.0,1870.0,0.0,0.0,0.0,0.0,0.0,0.0,2.0,0.0,0.0,0.0,0.0,0.0
98132.119,3154.0,1870.0,0.0,0.0,0.0,0.0,0.0,0.0,-1.0,0.0,0.0,0.0,0.0,0.0
98142.118,3154.0,1871.0,0.0,0.0,0.0,0.0,0.0,0.0,2.0,0.0,0.0,0.0,0.0,0.0
98152.119,3154.0,1871.0,0.0,0.0,0.0,0.0,0.0,0.0,2.0,0.0,0.0,0.0,0.0,0.0
98162.118,3154.0,1868.0,0.0,0.0,0.0,0.0,0.0,0.0,3.0,0.0,0.0,0.0,0.0,0.0
98172.119,3154.0,1871.0,0.0,0.0,0.0,0.0,0.0,0.0,0.0,0.0,0.0,0.0,0.0,0.0
98182.118,3154.0,1872.0,0.0,0.0,0.0,0.0,0.0,0.0,1.0,0.0,0.0,0.0,0.0,0.0
98192.118,3154.0,1870.0,0.0,0.0,0.0,0.0,0.0,0.0,2.0,0.0,0.0,0.0,0.0,0.0
98202.118,3154.0,1873.0,0.0,0.0,0.0,0.0,0.0,0.0,1.0,0.0,0.0,0.0,0.0,0.0
98212.118,3154.0,1872.0,0.0,0.0,0.0,0.0,0.0,0.0,0.0,0.0,0.0,0.0,0.0,0.0
98222.119,3154.0,1870.0,0.0,0.0,0.0,0.0,0.0,0.0,4.0,0.0,0.0,0.0,0.0,0.0
98232.118,3154.0,1871.0,0.0,0.0,0.0,0.0,0.0,0.0,1.0,0.0,0.0,0.0,0.0,0.0
98242.119,3154.0,1871.0,0.0,0.0,0.0,0.0,0.0,0.0,1.0,0.0,0.0,0.0,0.0,0.0
98252.118,3154.0,1870.0,0.0,0.0,0.0,0.0,0.0,0.0,2.0,0.0,0.0,0.0,0.0,0.0
98262.118,3154.0,1870.0,0.0,0.0,0.0,0.0,0.0,0.0,1.0,0.0,0.0,0.0,0.0,0.0
98272.118,3154.0,1871.0,0.0,0.0,0.0,0.0,0.0,0.0,3.0,0.0,0.0,0.0,0.0,0.0
98282.118,3154.0,1871.0,0.0,0.0,0.0,0.0,0.0,0.0,3.0,0.0,0.0,0.0,0.0,0.0
98292.118,3154.0,1870.0,0.0,0.0,0.0,0.0,0.0,0.0,6.0,0.0,0.0,0.0,0.0,0.0
98302.119,3154.0,1872.0,0.0,0.0,0.0,0.0,0.0,0.0,0.0,0.0,0.0,0.0,0.0,0.0
98312.118,3154.0,1872.0,0.0,0.0,0.0,0.0,0.0,0.0,1.0,0.0,0.0,0.0,0.0,0.0
98322.119,3154.0,1871.0,0.0,0.0,0.0,0.0,0.0,0.0,2.0,0.0,0.0,0.0,0.0,0.0
98332.118,3154.0,1874.0,0.0,0.0,0.0,0.0,0.0,0.0,2.0,0.0,0.0,0.0,0.0,0.0
98342.119,3154.0,1869.0,0.0,0.0,0.0,0.0,0.0,0.0,1.0,0.0,0.0,0.0,0.0,0.0
98352.118,3154.0,1873.0,0.0,0.0,0.0,0.0,0.0,0.0,2.0,0.0,0.0,0.0,0.0,0.0
98362.118,3154.0,1871.0,0.0,0.0,0.0,0.0,0.0,0.0,3.0,0.0,0.0,0.0,0.0,0.0
98372.118,3154.0,1869.0,0.0,0.0,0.0,0.0,0.0,0.0,-1.0,0.0,0.0,0.0,0.0,0.0
98382.119,3154.0,1873.0,0.0,0.0,0.0,0.0,0.0,0.0,1.0,0.0,0.0,0.0,0.0,0.0
98392.118,3154.0,1871.0,0.0,0.0,0.0,0.0,0.0,0.0,-2.0,0.0,0.0,0.0,0.0,0.0
98402.119,3154.0,1869.0,0.0,0.0,0.0,0.0,0.0,0.0,2.0,0.0,0.0,0.0,0.0,0.0
98412.118,3154.0,1870.0,0.0,0.0,0.0,0.0,0.0,0.0,2.0,0.0,0.0,0.0,0.0,0.0
98422.118,3154.0,1869.0,0.0,0.0,0.0,0.0,0.0,0.0,1.0,0.0,0.0,0.0,0.0,0.0
98432.118,3154.0,1870.0,0.0,0.0,0.0,0.0,0.0,0.0,0.0,0.0,0.0,0.0,0.0,0.0
98442.118,3154.0,1872.0,0.0,0.0,0.0,0.0,0.0,0.0,1.0,0.0,0.0,0.0,0.0,0.0
98452.119,3154.0,1870.0,0.0,0.0,0.0,0.0,0.0,0.0,2.0,0.0,0.0,0.0,0.0,0.0
98462.118,3154.0,1870.0,0.0,0.0,0.0,0.0,0.0,0.0,1.0,0.0,0.0,0.0,0.0,0.0
98472.119,3154.0,1871.0,0.0,0.0,0.0,0.0,0.0,0.0,2.0,0.0,0.0,0.0,0.0,0.0
98482.118,3154.0,1872.0,0.0,0.0,0.0,0.0,0.0,0.0,1.0,0.0,0.0,0.0,0.0,0.0
98492.119,3154.0,1873.0,0.0,0.0,0.0,0.0,0.0,0.0,1.0,0.0,0.0,0.0,0.0,0.0
98502.118,3154.0,1872.0,0.0,0.0,0.0,0.0,0.0,0.0,-2.0,0.0,0.0,0.0,0.0,0.0
98512.118,3154.0,1874.0,0.0,0.0,0.0,0.0,0.0,0.0,0.0,0.0,0.0,0.0,0.0,0.0
98522.118,3154.0,1871.0,0.0,0.0,0.0,0.0,0.0,0.0,0.0,0.0,0.0,0.0,0.0,0.0
98532.118,3154.0,1874.0,0.0,0.0,0.0,0.0,0.0,0.0,1.0,0.0,0.0,0.0,0.0,0.0
98542.119,3154.0,1871.0,0.0,0.0,0.0,0.0,0.0,0.0,0.0,0.0,0.0,0.0,0.0,0.0
98552.118,3154.0,1870.0,0.0,0.0,0.0,0.0,0.0,0.0,3.0,0.0,0.0,0.0,0.0,0.0
98562.119,3154.0,1871.0,0.0,0.0,0.0,0.0,0.0,0.0,0.0,0.0,0.0,0.0,0.0,0.0
98572.118,3154.0,1873.0,0.0,0.0,0.0,0.0,0.0,0.0,1.0,0.0,0.0,0.0,0.0,0.0
98582.118,3154.0,1870.0,0.0,0.0,0.0,0.0,0.0,0.0,8.0,0.0,0.0,0.0,0.0,0.0
98592.118,3154.0,1872.0,0.0,0.0,0.0,0.0,0.0,0.0,1.0,0.0,0.0,0.0,0.0,0.0
98602.118,3154.0,1870.0,0.0,0.0,0.0,0.0,0.0,0.0,0.0,0.0,0.0,0.0,0.0,0.0
98612.118,3154.0,1870.0,0.0,0.0,0.0,0.0,0.0,0.0,0.0,0.0,0.0,0.0,0.0,0.0
98622.119,3154.0,1869.0,0.0,0.0,0.0,0.0,0.0,0.0,1.0,0.0,0.0,0.0,0.0,0.0
98632.118,3154.0,1871.0,0.0,0.0,0.0,0.0,0.0,0.0,0.0,0.0,0.0,0.0,0.0,0.0
98642.119,3154.0,1872.0,0.0,0.0,0.0,0.0,0.0,0.0,-2.0,0.0,0.0,0.0,0.0,0.0
98652.118,3154.0,1873.0,0.0,0.0,0.0,0.0,0.0,0.0,2.0,0.0,0.0,0.0,0.0,0.0
98662.119,3154.0,1870.0,0.0,0.0,0.0,0.0,0.0,0.0,1.0,0.0,0.0,0.0,0.0,0.0
98672.118,3154.0,1870.0,0.0,0.0,0.0,0.0,0.0,0.0,-1.0,0.0,0.0,0.0,0.0,0.0
98682.118,3154.0,1871.0,0.0,0.0,0.0,0.0,0.0,0.0,-1.0,0.0,0.0,0.0,0.0,0.0
98692.118,3154.0,1871.0,0.0,0.0,0.0,0.0,0.0,0.0,0.0,0.0,0.0,0.0,0.0,0.0
98702.119,3154.0,1871.0,0.0,0.0,0.0,0.0,0.0,0.0,3.0,0.0,0.0,0.0,0.0,0.0
98712.118,3154.0,1871.0,0.0,0.0,0.0,0.0,0.0,0.0,-1.0,0.0,0.0,0.0,0.0,0.0
98722.119,3154.0,1873.0,0.0,0.0,0.0,0.0,0.0,0.0,0.0,0.0,0.0,0.0,0.0,0.0
98732.118,3154.0,1871.0,0.0,0.0,0.0,0.0,0.0,0.0,3.0,0.0,0.0,0.0,0.0,0.0
98742.118,3154.0,1871.0,0.0,0.0,0.0,0.0,0.0,0.0,2.0,0.0,0.0,0.0,0.0,0.0
98752.118,3154.0,1871.0,0.0,0.0,0.0,0.0,0.0,0.0,1.0,0.0,0.0,0.0,0.0,0.0
98762.118,3154.0,1872.0,0.0,0.0,0.0,0.0,0.0,0.0,2.0,0.0,0.0,0.0,0.0,0.0
98772.119,3154.0,1874.0,0.0,0.0,0.0,0.0,0.0,0.0,2.0,0.0,0.0,0.0,0.0,0.0
98782.118,3154.0,1867.0,0.0,0.0,0.0,0.0,0.0,0.0,1.0,0.0,0.0,0.0,0.0,0.0
98792.119,3154.0,1870.0,0.0,0.0,0.0,0.0,0.0,0.0,2.0,0.0,0.0,0.0,0.0,0.0
98802.118,3154.0,1872.0,0.0,0.0,0.0,0.0,0.0,0.0,3.0,0.0,0.0,0.0,0.0,0.0
98812.119,3154.0,1872.0,0.0,0.0,0.0,0.0,0.0,0.0,2.0,0.0,0.0,0.0,0.0,0.0
98822.118,3154.0,1872.0,0.0,0.0,0.0,0.0,0.0,0.0,3.0,0.0,0.0,0.0,0.0,0.0
98832.118,3154.0,1870.0,0.0,0.0,0.0,0.0,0.0,0.0,3.0,0.0,0.0,0.0,0.0,0.0
98842.118,3154.0,1869.0,0.0,0.0,0.0,0.0,0.0,0.0,2.0,0.0,0.0,0.0,0.0,0.0
98852.118,3154.0,1871.0,0.0,0.0,0.0,0.0,0.0,0.0,1.0,0.0,0.0,0.0,0.0,0.0
98862.119,3154.0,1873.0,0.0,0.0,0.0,0.0,0.0,0.0,3.0,0.0,0.0,0.0,0.0,0.0
98872.118,3154.0,1870.0,0.0,0.0,0.0,0.0,0.0,0.0,2.0,0.0,0.0,0.0,0.0,0.0
98882.119,3154.0,1871.0,0.0,0.0,0.0,0.0,0.0,0.0,1.0,0.0,0.0,0.0,0.0,0.0
98892.118,3154.0,1873.0,0.0,0.0,0.0,0.0,0.0,0.0,-1.0,0.0,0.0,0.0,0.0,0.0
98902.118,3154.0,1869.0,0.0,0.0,0.0,0.0,0.0,0.0,3.0,0.0,0.0,0.0,0.0,0.0
98912.118,3154.0,1873.0,0.0,0.0,0.0,0.0,0.0,0.0,-1.0,0.0,0.0,0.0,0.0,0.0
98922.118,3154.0,1871.0,0.0,0.0,0.0,0.0,0.0,0.0,3.0,0.0,0.0,0.0,0.0,0.0
98932.118,3154.0,1871.0,0.0,0.0,0.0,0.0,0.0,0.0,2.0,0.0,0.0,0.0,0.0,0.0
98942.119,3154.0,1874.0,0.0,0.0,0.0,0.0,0.0,0.0,2.0,0.0,0.0,0.0,0.0,0.0
98952.118,3154.0,1869.0,0.0,0.0,0.0,0.0,0.0,0.0,0.0,0.0,0.0,0.0,0.0,0.0
98962.119,3154.0,1872.0,0.0,0.0,0.0,0.0,0.0,0.0,3.0,0.0,0.0,0.0,0.0,0.0
98972.118,3154.0,1871.0,0.0,0.0,0.0,0.0,0.0,0.0,1.0,0.0,0.0,0.0,0.0,0.0
98982.119,3154.0,1871.0,0.0,0.0,0.0,0.0,0.0,0.0,3.0,0.0,0.0,0.0,0.0,0.0
98992.118,3154.0,1871.0,0.0,0.0,0.0,0.0,0.0,0.0,3.0,0.0,0.0,0.0,0.0,0.0
99002.118,3154.0,1873.0,0.0,0.0,0.0,0.0,0.0,0.0,-1.0,0.0,0.0,0.0,0.0,0.0
99012.118,3154.0,1870.0,0.0,0.0,0.0,0.0,0.0,0.0,1.0,0.0,0.0,0.0,0.0,0.0
99022.119,3154.0,1872.0,0.0,0.0,0.0,0.0,0.0,0.0,4.0,0.0,0.0,0.0,0.0,0.0
99032.118,3154.0,1874.0,0.0,0.0,0.0,0.0,0.0,0.0,1.0,0.0,0.0,0.0,0.0,0.0
99042.119,3154.0,1869.0,0.0,0.0,0.0,0.0,0.0,0.0,3.0,0.0,0.0,0.0,0.0,0.0
99052.118,3154.0,1870.0,0.0,0.0,0.0,0.0,0.0,0.0,2.0,0.0,0.0,0.0,0.0,0.0
99062.118,3154.0,1870.0,0.0,0.0,0.0,0.0,0.0,0.0,1.0,0.0,0.0,0.0,0.0,0.0
99072.118,3154.0,1874.0,0.0,0.0,0.0,0.0,0.0,0.0,2.0,0.0,0.0,0.0,0.0,0.0
99082.118,3154.0,1871.0,0.0,0.0,0.0,0.0,0.0,0.0,2.0,0.0,0.0,0.0,0.0,0.0
99092.119,3154.0,1869.0,0.0,0.0,0.0,0.0,0.0,0.0,0.0,0.0,0.0,0.0,0.0,0.0
99102.118,3154.0,1872.0,0.0,0.0,0.0,0.0,0.0,0.0,3.0,0.0,0.0,0.0,0.0,0.0
99112.119,3154.0,1871.0,0.0,0.0,0.0,0.0,0.0,0.0,0.0,0.0,0.0,0.0,0.0,0.0
99122.118,3154.0,1871.0,0.0,0.0,0.0,0.0,0.0,0.0,2.0,0.0,0.0,0.0,0.0,0.0
99132.119,3154.0,1870.0,0.0,0.0,0.0,0.0,0.0,0.0,2.0,0.0,0.0,0.0,0.0,0.0
99142.118,3154.0,1872.0,0.0,0.0,0.0,0.0,0.0,0.0,0.0,0.0,0.0,0.0,0.0,0.0
99152.118,3154.0,1871.0,0.0,0.0,0.0,0.0,0.0,0.0,1.0,0.0,0.0,0.0,0.0,0.0
99162.118,3154.0,1874.0,0.0,0.0,0.0,0.0,0.0,0.0,2.0,0.0,0.0,0.0,0.0,0.0
99172.118,3154.0,1867.0,0.0,0.0,0.0,0.0,0.0,0.0,0.0,0.0,0.0,0.0,0.0,0.0
99182.119,3154.0,1870.0,0.0,0.0,0.0,0.0,0.0,0.0,2.0,0.0,0.0,0.0,0.0,0.0
99192.118,3154.0,1870.0,0.0,0.0,0.0,0.0,0.0,0.0,3.0,0.0,0.0,0.0,0.0,0.0
99202.119,3154.0,1872.0,0.0,0.0,0.0,0.0,0.0,0.0,2.0,0.0,0.0,0.0,0.0,0.0
99212.118,3154.0,1873.0,0.0,0.0,0.0,0.0,0.0,0.0,1.0,0.0,0.0,0.0,0.0,0.0
99222.118,3154.0,1869.0,0.0,0.0,0.0,0.0,0.0,0.0,1.0,0.0,0.0,0.0,0.0,0.0
99232.118,3154.0,1872.0,0.0,0.0,0.0,0.0,0.0,0.0,1.0,0.0,0.0,0.0,0.0,0.0
99242.118,3154.0,1869.0,0.0,0.0,0.0,0.0,0.0,0.0,0.0,0.0,0.0,0.0,0.0,0.0
99252.118,3154.0,1873.0,0.0,0.0,0.0,0.0,0.0,0.0,-1.0,0.0,0.0,0.0,0.0,0.0
99262.119,3154.0,1872.0,0.0,0.0,0.0,0.0,0.0,0.0,1.0,0.0,0.0,0.0,0.0,0.0
99272.118,3154.0,1873.0,0.0,0.0,0.0,0.0,0.0,0.0,1.0,0.0,0.0,0.0,0.0,0.0
99282.119,3154.0,1870.0,0.0,0.0,0.0,0.0,0.0,0.0,2.0,0.0,0.0,0.0,0.0,0.0
99292.118,3154.0,1872.0,0.0,0.0,0.0,0.0,0.0,0.0,2.0,0.0,0.0,0.0,0.0,0.0
99302.119,3154.0,1868.0,0.0,0.0,0.0,0.0,0.0,0.0,0.0,0.0,0.0,0.0,0.0,0.0
99312.118,3154.0,1873.0,0.0,0.0,0.0,0.0,0.0,0.0,3.0,0.0,0.0,0.0,0.0,0.0
99322.118,3154.0,1871.0,0.0,0.0,0.0,0.0,0.0,0.0,1.0,0.0,0.0,0.0,0.0,0.0
99332.118,3154.0,1871.0,0.0,0.0,0.0,0.0,0.0,0.0,0.0,0.0,0.0,0.0,0.0,0.0
99342.119,3154.0,1869.0,0.0,0.0,0.0,0.0,0.0,0.0,2.0,0.0,0.0,0.0,0.0,0.0
99352.118,3154.0,1871.0,0.0,0.0,0.0,0.0,0.0,0.0,1.0,0.0,0.0,0.0,0.0,0.0
99362.119,3154.0,1872.0,0.0,0.0,0.0,0.0,0.0,0.0,3.0,0.0,0.0,0.0,0.0,0.0
99372.118,3154.0,1871.0,0.0,0.0,0.0,0.0,0.0,0.0,3.0,0.0,0.0,0.0,0.0,0.0
99382.118,3154.0,1870.0,0.0,0.0,0.0,0.0,0.0,0.0,0.0,0.0,0.0,0.0,0.0,0.0
99392.118,3154.0,1871.0,0.0,0.0,0.0,0.0,0.0,0.0,2.0,0.0,0.0,0.0,0.0,0.0
99402.118,3154.0,1869.0,0.0,0.0,0.0,0.0,0.0,0.0,1.0,0.0,0.0,0.0,0.0,0.0
99412.119,3154.0,1871.0,0.0,0.0,0.0,0.0,0.0,0.0,0.0,0.0,0.0,0.0,0.0,0.0
99422.118,3154.0,1870.0,0.0,0.0,0.0,0.0,0.0,0.0,5.0,0.0,0.0,0.0,0.0,0.0
99432.119,3154.0,1871.0,0.0,0.0,0.0,0.0,0.0,0.0,2.0,0.0,0.0,0.0,0.0,0.0
99442.118,3154.0,1870.0,0.0,0.0,0.0,0.0,0.0,0.0,1.0,0.0,0.0,0.0,0.0,0.0
99452.119,3154.0,1873.0,0.0,0.0,0.0,0.0,0.0,0.0,0.0,0.0,0.0,0.0,0.0,0.0
99462.118,3154.0,1869.0,0.0,0.0,0.0,0.0,0.0,0.0,2.0,0.0,0.0,0.0,0.0,0.0
99472.118,3154.0,1873.0,0.0,0.0,0.0,0.0,0.0,0.0,3.0,0.0,0.0,0.0,0.0,0.0
99482.118,3154.0,1871.0,0.0,0.0,0.0,0.0,0.0,0.0,0.0,0.0,0.0,0.0,0.0,0.0
99492.118,3154.0,1871.0,0.0,0.0,0.0,0.0,0.0,0.0,1.0,0.0,0.0,0.0,0.0,0.0
99502.119,3154.0,1871.0,0.0,0.0,0.0,0.0,0.0,0.0,3.0,0.0,0.0,0.0,0.0,0.0
99512.118,3154.0,1871.0,0.0,0.0,0.0,0.0,0.0,0.0,4.0,0.0,0.0,0.0,0.0,0.0
99522.119,3154.0,1869.0,0.0,0.0,0.0,0.0,0.0,0.0,3.0,0.0,0.0,0.0,0.0,0.0
99532.118,3154.0,1872.0,0.0,0.0,0.0,0.0,0.0,0.0,1.0,0.0,0.0,0.0,0.0,0.0
99542.118,3154.0,1869.0,0.0,0.0,0.0,0.0,0.0,0.0,-2.0,0.0,0.0,0.0,0.0,0.0
99552.118,3154.0,1872.0,0.0,0.0,0.0,0.0,0.0,0.0,4.0,0.0,0.0,0.0,0.0,0.0
99562.118,3154.0,1872.0,0.0,0.0,0.0,0.0,0.0,0.0,2.0,0.0,0.0,0.0,0.0,0.0
99572.118,3154.0,1871.0,0.0,0.0,0.0,0.0,0.0,0.0,4.0,0.0,0.0,0.0,0.0,0.0
99582.119,3154.0,1871.0,0.0,0.0,0.0,0.0,0.0,0.0,3.0,0.0,0.0,0.0,0.0,0.0
99592.118,3154.0,1872.0,0.0,0.0,0.0,0.0,0.0,0.0,2.0,0.0,0.0,0.0,0.0,0.0
99602.119,3154.0,1873.0,0.0,0.0,0.0,0.0,0.0,0.0,4.0,0.0,0.0,0.0,0.0,0.0
99612.118,3154.0,1869.0,0.0,0.0,0.0,0.0,0.0,0.0,2.0,0.0,0.0,0.0,0.0,0.0
99622.119,3154.0,1870.0,0.0,0.0,0.0,0.0,0.0,0.0,1.0,0.0,0.0,0.0,0.0,0.0
99632.118,3154.0,1870.0,0.0,0.0,0.0,0.0,0.0,0.0,0.0,0.0,0.0,0.0,0.0,0.0
99642.118,3154.0,1872.0,0.0,0.0,0.0,0.0,0.0,0.0,0.0,0.0,0.0,0.0,0.0,0.0
99652.118,3154.0,1870.0,0.0,0.0,0.0,0.0,0.0,0.0,3.0,0.0,0.0,0.0,0.0,0.0
99662.119,3154.0,1871.0,0.0,0.0,0.0,0.0,0.0,0.0,0.0,0.0,0.0,0.0,0.0,0.0
99672.118,3154.0,1873.0,0.0,0.0,0.0,0.0,0.0,0.0,1.0,0.0,0.0,0.0,0.0,0.0
99682.119,3154.0,1869.0,0.0,0.0,0.0,0.0,0.0,0.0,2.0,0.0,0.0,0.0,0.0,0.0
99692.118,3154.0,1872.0,0.0,0.0,0.0,0.0,0.0,0.0,3.0,0.0,0.0,0.0,0.0,0.0
99702.118,3154.0,1870.0,0.0,0.0,0.0,0.0,0.0,0.0,0.0,0.0,0.0,0.0,0.0,0.0
99712.118,3154.0,1874.0,0.0,0.0,0.0,0.0,0.0,0.0,3.0,0.0,0.0,0.0,0.0,0.0
99722.118,3154.0,1871.0,0.0,0.0,0.0,0.0,0.0,0.0,1.0,0.0,0.0,0.0,0.0,0.0
99732.119,3154.0,1870.0,0.0,0.0,0.0,0.0,0.0,0.0,1.0,0.0,0.0,0.0,0.0,0.0
99742.118,3154.0,1870.0,0.0,0.0,0.0,0.0,0.0,0.0,2.0,0.0,0.0,0.0,0.0,0.0
99752.119,3154.0,1872.0,0.0,0.0,0.0,0.0,0.0,0.0,-1.0,0.0,0.0,0.0,0.0,0.0
99762.118,3154.0,1871.0,0.0,0.0,0.0,0.0,0.0,0.0,4.0,0.0,0.0,0.0,0.0,0.0
99772.119,3154.0,1872.0,0.0,0.0,0.0,0.0,0.0,0.0,3.0,0.0,0.0,0.0,0.0,0.0
99782.118,3154.0,1871.0,0.0,0.0,0.0,0.0,0.0,0.0,1.0,0.0,0.0,0.0,0.0,0.0
99792.118,3154.0,1868.0,0.0,0.0,0.0,0.0,0.0,0.0,0.0,0.0,0.0,0.0,0.0,0.0
99802.118,3154.0,1870.0,0.0,0.0,0.0,0.0,0.0,0.0,0.0,0.0,0.0,0.0,0.0,0.0
99812.118,3154.0,1872.0,0.0,0.0,0.0,0.0,0.0,0.0,1.0,0.0,0.0,0.0,0.0,0.0
99822.119,3154.0,1872.0,0.0,0.0,0.0,0.0,0.0,0.0,1.0,0.0,0.0,0.0,0.0,0.0
99832.118,3154.0,1870.0,0.0,0.0,0.0,0.0,0.0,0.0,0.0,0.0,0.0,0.0,0.0,0.0
99842.119,3154.0,1868.0,0.0,0.0,0.0,0.0,0.0,0.0,3.0,0.0,0.0,0.0,0.0,0.0
99852.118,3154.0,1872.0,0.0,0.0,0.0,0.0,0.0,0.0,0.0,0.0,0.0,0.0,0.0,0.0
99862.118,3154.0,1871.0,0.0,0.0,0.0,0.0,0.0,0.0,3.0,0.0,0.0,0.0,0.0,0.0
99872.118,3154.0,1871.0,0.0,0.0,0.0,0.0,0.0,0.0,1.0,0.0,0.0,0.0,0.0,0.0
99882.118,3154.0,1870.0,0.0,0.0,0.0,0.0,0.0,0.0,3.0,0.0,0.0,0.0,0.0,0.0
99892.118,3154.0,1871.0,0.0,0.0,0.0,0.0,0.0,0.0,4.0,0.0,0.0,0.0,0.0,0.0
99902.119,3154.0,1872.0,0.0,0.0,0.0,0.0,0.0,0.0,3.0,0.0,0.0,0.0,0.0,0.0
99912.118,3154.0,1874.0,0.0,0.0,0.0,0.0,0.0,0.0,2.0,0.0,0.0,0.0,0.0,0.0
99922.119,3154.0,1871.0,0.0,0.0,0.0,0.0,0.0,0.0,1.0,0.0,0.0,0.0,0.0,0.0
99932.118,3154.0,1870.0,0.0,0.0,0.0,0.0,0.0,0.0,3.0,0.0,0.0,0.0,0.0,0.0
99942.119,3154.0,1870.0,0.0,0.0,0.0,0.0,0.0,0.0,1.0,0.0,0.0,0.0,0.0,0.0
99952.118,3154.0,1871.0,0.0,0.0,0.0,0.0,0.0,0.0,2.0,0.0,0.0,0.0,0.0,0.0
99962.118,3154.0,1871.0,0.0,0.0,0.0,0.0,0.0,0.0,2.0,0.0,0.0,0.0,0.0,0.0
99972.118,3154.0,1869.0,0.0,0.0,0.0,0.0,0.0,0.0,2.0,0.0,0.0,0.0,0.0,0.0
99982.119,3154.0,1871.0,0.0,0.0,0.0,0.0,0.0,0.0,2.0,0.0,0.0,0.0,0.0,0.0
99992.118,3154.0,1873.0,0.0,0.0,0.0,0.0,0.0,0.0,2.0,0.0,0.0,0.0,0.0,0.0
100002.119,3154.0,1869.0,0.0,0.0,0.0,0.0,0.0,0.0,5.0,0.0,0.0,0.0,0.0,0.0
100012.118,3154.0,1868.0,0.0,0.0,0.0,0.0,0.0,0.0,4.0,0.0,0.0,0.0,0.0,0.0
100022.118,3154.0,1873.0,0.0,0.0,0.0,0.0,0.0,0.0,3.0,0.0,0.0,0.0,0.0,0.0
100032.118,3154.0,1869.0,0.0,0.0,0.0,0.0,0.0,0.0,5.0,0.0,0.0,0.0,0.0,0.0
100042.118,3154.0,1871.0,0.0,0.0,0.0,0.0,0.0,0.0,3.0,0.0,0.0,0.0,0.0,0.0
100052.119,3154.0,1870.0,0.0,0.0,0.0,0.0,0.0,0.0,3.0,0.0,0.0,0.0,0.0,0.0
100062.118,3154.0,1871.0,0.0,0.0,0.0,0.0,0.0,0.0,0.0,0.0,0.0,0.0,0.0,0.0
100072.119,3154.0,1869.0,0.0,0.0,0.0,0.0,0.0,0.0,2.0,0.0,0.0,0.0,0.0,0.0
100082.118,3154.0,1870.0,0.0,0.0,0.0,0.0,0.0,0.0,-1.0,0.0,0.0,0.0,0.0,0.0
100092.119,3154.0,1872.0,0.0,0.0,0.0,0.0,0.0,0.0,1.0,0.0,0.0,0.0,0.0,0.0
100102.118,3154.0,1869.0,0.0,0.0,0.0,0.0,0.0,0.0,0.0,0.0,0.0,0.0,0.0,0.0
100112.118,3154.0,1871.0,0.0,0.0,0.0,0.0,0.0,0.0,1.0,0.0,0.0,0.0,0.0,0.0
100122.118,3154.0,1873.0,0.0,0.0,0.0,0.0,0.0,0.0,0.0,0.0,0.0,0.0,0.0,0.0
100132.118,3154.0,1870.0,0.0,0.0,0.0,0.0,0.0,0.0,0.0,0.0,0.0,0.0,0.0,0.0
100142.119,3154.0,1870.0,0.0,0.0,0.0,0.0,0.0,0.0,2.0,0.0,0.0,0.0,0.0,0.0
100152.118,3154.0,1872.0,0.0,0.0,0.0,0.0,0.0,0.0,3.0,0.0,0.0,0.0,0.0,0.0
100162.119,3154.0,1871.0,0.0,0.0,0.0,0.0,0.0,0.0,2.0,0.0,0.0,0.0,0.0,0.0
100172.118,3154.0,1872.0,0.0,0.0,0.0,0.0,0.0,0.0,0.0,0.0,0.0,0.0,0.0,0.0
100182.118,3154.0,1871.0,0.0,0.0,0.0,0.0,0.0,0.0,3.0,0.0,0.0,0.0,0.0,0.0
100192.118,3154.0,1872.0,0.0,0.0,0.0,0.0,0.0,0.0,2.0,0.0,0.0,0.0,0.0,0.0
100202.118,3154.0,1874.0,0.0,0.0,0.0,0.0,0.0,0.0,3.0,0.0,0.0,0.0,0.0,0.0
100212.118,3154.0,1873.0,0.0,0.0,0.0,0.0,0.0,0.0,3.0,0.0,0.0,0.0,0.0,0.0
100222.119,3154.0,1871.0,0.0,0.0,0.0,0.0,0.0,0.0,1.0,0.0,0.0,0.0,0.0,0.0
100232.118,3154.0,1873.0,0.0,0.0,0.0,0.0,0.0,0.0,1.0,0.0,0.0,0.0,0.0,0.0
100242.119,3154.0,1872.0,0.0,0.0,0.0,0.0,0.0,0.0,2.0,0.0,0.0,0.0,0.0,0.0
100252.118,3154.0,1870.0,0.0,0.0,0.0,0.0,0.0,0.0,2.0,0.0,0.0,0.0,0.0,0.0
100262.119,3154.0,1870.0,0.0,0.0,0.0,0.0,0.0,0.0,1.0,0.0,0.0,0.0,0.0,0.0
100272.118,3154.0,1872.0,0.0,0.0,0.0,0.0,0.0,0.0,0.0,0.0,0.0,0.0,0.0,0.0
100282.118,3154.0,1871.0,0.0,0.0,0.0,0.0,0.0,0.0,2.0,0.0,0.0,0.0,0.0,0.0
100292.118,3154.0,1870.0,0.0,0.0,0.0,0.0,0.0,0.0,3.0,0.0,0.0,0.0,0.0,0.0
100302.119,3154.0,1870.0,0.0,0.0,0.0,0.0,0.0,0.0,5.0,0.0,0.0,0.0,0.0,0.0
100312.118,3154.0,1873.0,0.0,0.0,0.0,0.0,0.0,0.0,-1.0,0.0,0.0,0.0,0.0,0.0
100322.119,3154.0,1869.0,0.0,0.0,0.0,0.0,0.0,0.0,4.0,0.0,0.0,0.0,0.0,0.0
100332.118,3154.0,1874.0,0.0,0.0,0.0,0.0,0.0,0.0,-1.0,0.0,0.0,0.0,0.0,0.0
100342.118,3154.0,1870.0,0.0,0.0,0.0,0.0,0.0,0.0,3.0,0.0,0.0,0.0,0.0,0.0
100352.118,3154.0,1871.0,0.0,0.0,0.0,0.0,0.0,0.0,5.0,0.0,0.0,0.0,0.0,0.0
100362.118,3154.0,1870.0,0.0,0.0,0.0,0.0,0.0,0.0,2.0,0.0,0.0,0.0,0.0,0.0
100372.119,3154.0,1869.0,0.0,0.0,0.0,0.0,0.0,0.0,0.0,0.0,0.0,0.0,0.0,0.0
100382.118,3154.0,1870.0,0.0,0.0,0.0,0.0,0.0,0.0,0.0,0.0,0.0,0.0,0.0,0.0
100392.119,3154.0,1872.0,0.0,0.0,0.0,0.0,0.0,0.0,0.0,0.0,0.0,0.0,0.0,0.0
100402.118,3154.0,1871.0,0.0,0.0,0.0,0.0,0.0,0.0,0.0,0.0,0.0,0.0,0.0,0.0
100412.119,3154.0,1871.0,0.0,0.0,0.0,0.0,0.0,0.0,1.0,0.0,0.0,0.0,0.0,0.0
100422.118,3154.0,1868.0,0.0,0.0,0.0,0.0,0.0,0.0,1.0,0.0,0.0,0.0,0.0,0.0
100432.118,3154.0,1872.0,0.0,0.0,0.0,0.0,0.0,0.0,3.0,0.0,0.0,0.0,0.0,0.0
100442.118,3154.0,1870.0,0.0,0.0,0.0,0.0,0.0,0.0,2.0,0.0,0.0,0.0,0.0,0.0
100452.118,3154.0,1867.0,0.0,0.0,0.0,0.0,0.0,0.0,1.0,0.0,0.0,0.0,0.0,0.0
100462.119,3154.0,1871.0,0.0,0.0,0.0,0.0,0.0,0.0,2.0,0.0,0.0,0.0,0.0,0.0
100472.118,3154.0,1870.0,0.0,0.0,0.0,0.0,0.0,0.0,2.0,0.0,0.0,0.0,0.0,0.0
100482.119,3154.0,1869.0,0.0,0.0,0.0,0.0,0.0,0.0,1.0,0.0,0.0,0.0,0.0,0.0
100492.118,3154.0,1873.0,0.0,0.0,0.0,0.0,0.0,0.0,-2.0,0.0,0.0,0.0,0.0,0.0
100502.118,3154.0,1871.0,0.0,0.0,0.0,0.0,0.0,0.0,0.0,0.0,0.0,0.0,0.0,0.0
100512.118,3154.0,1872.0,0.0,0.0,0.0,0.0,0.0,0.0,2.0,0.0,0.0,0.0,0.0,0.0
100522.118,3154.0,1871.0,0.0,0.0,0.0,0.0,0.0,0.0,2.0,0.0,0.0,0.0,0.0,0.0
100532.118,3154.0,1870.0,0.0,0.0,0.0,0.0,0.0,0.0,1.0,0.0,0.0,0.0,0.0,0.0
100542.119,3154.0,1871.0,0.0,0.0,0.0,0.0,0.0,0.0,3.0,0.0,0.0,0.0,0.0,0.0
100552.118,3154.0,1871.0,0.0,0.0,0.0,0.0,0.0,0.0,2.0,0.0,0.0,0.0,0.0,0.0
100562.119,3154.0,1869.0,0.0,0.0,0.0,0.0,0.0,0.0,1.0,0.0,0.0,0.0,0.0,0.0
100572.118,3154.0,1870.0,0.0,0.0,0.0,0.0,0.0,0.0,-2.0,0.0,0.0,0.0,0.0,0.0
100582.119,3154.0,1871.0,0.0,0.0,0.0,0.0,0.0,0.0,1.0,0.0,0.0,0.0,0.0,0.0
100592.118,3154.0,1871.0,0.0,0.0,0.0,0.0,0.0,0.0,2.0,0.0,0.0,0.0,0.0,0.0
100602.118,3154.0,1871.0,0.0,0.0,0.0,0.0,0.0,0.0,2.0,0.0,0.0,0.0,0.0,0.0
100612.118,3154.0,1870.0,0.0,0.0,0.0,0.0,0.0,0.0,1.0,0.0,0.0,0.0,0.0,0.0
100622.119,3154.0,1872.0,0.0,0.0,0.0,0.0,0.0,0.0,3.0,0.0,0.0,0.0,0.0,0.0
100632.118,3154.0,1870.0,0.0,0.0,0.0,0.0,0.0,0.0,0.0,0.0,0.0,0.0,0.0,0.0
100642.119,3154.0,1873.0,0.0,0.0,0.0,0.0,0.0,0.0,2.0,0.0,0.0,0.0,0.0,0.0
100652.118,3154.0,1872.0,0.0,0.0,0.0,0.0,0.0,0.0,-2.0,0.0,0.0,0.0,0.0,0.0
100662.118,3154.0,1874.0,0.0,0.0,0.0,0.0,0.0,0.0,2.0,0.0,0.0,0.0,0.0,0.0
100672.118,3154.0,1873.0,0.0,0.0,0.0,0.0,0.0,0.0,4.0,0.0,0.0,0.0,0.0,0.0
100682.118,3154.0,1871.0,0.0,0.0,0.0,0.0,0.0,0.0,0.0,0.0,0.0,0.0,0.0,0.0
100692.119,3154.0,1871.0,0.0,0.0,0.0,0.0,0.0,0.0,-1.0,0.0,0.0,0.0,0.0,0.0
100702.118,3154.0,1869.0,0.0,0.0,0.0,0.0,0.0,0.0,1.0,0.0,0.0,0.0,0.0,0.0
100712.119,3154.0,1869.0,0.0,0.0,0.0,0.0,0.0,0.0,1.0,0.0,0.0,0.0,0.0,0.0
100722.118,3154.0,1873.0,0.0,0.0,0.0,0.0,0.0,0.0,1.0,0.0,0.0,0.0,0.0,0.0
100732.119,3154.0,1871.0,0.0,0.0,0.0,0.0,0.0,0.0,1.0,0.0,0.0,0.0,0.0,0.0
100742.118,3154.0,1871.0,0.0,0.0,0.0,0.0,0.0,0.0,-1.0,0.0,0.0,0.0,0.0,0.0
100752.118,3154.0,1872.0,0.0,0.0,0.0,0.0,0.0,0.0,0.0,0.0,0.0,0.0,0.0,0.0
100762.118,3154.0,1871.0,0.0,0.0,0.0,0.0,0.0,0.0,3.0,0.0,0.0,0.0,0.0,0.0
100772.118,3154.0,1873.0,0.0,0.0,0.0,0.0,0.0,0.0,2.0,0.0,0.0,0.0,0.0,0.0
100782.119,3154.0,1869.0,0.0,0.0,0.0,0.0,0.0,0.0,0.0,0.0,0.0,0.0,0.0,0.0
100792.118,3154.0,1872.0,0.0,0.0,0.0,0.0,0.0,0.0,1.0,0.0,0.0,0.0,0.0,0.0
100802.119,3154.0,1870.0,0.0,0.0,0.0,0.0,0.0,0.0,1.0,0.0,0.0,0.0,0.0,0.0
100812.118,3154.0,1871.0,0.0,0.0,0.0,0.0,0.0,0.0,-1.0,0.0,0.0,0.0,0.0,0.0
100822.118,3154.0,1873.0,0.0,0.0,0.0,0.0,0.0,0.0,2.0,0.0,0.0,0.0,0.0,0.0
100832.118,3154.0,1869.0,0.0,0.0,0.0,0.0,0.0,0.0,2.0,0.0,0.0,0.0,0.0,0.0
100842.118,3154.0,1870.0,0.0,0.0,0.0,0.0,0.0,0.0,0.0,0.0,0.0,0.0,0.0,0.0
100852.118,3154.0,1870.0,0.0,0.0,0.0,0.0,0.0,0.0,2.0,0.0,0.0,0.0,0.0,0.0
100862.119,3154.0,1869.0,0.0,0.0,0.0,0.0,0.0,0.0,2.0,0.0,0.0,0.0,0.0,0.0
100872.118,3154.0,1871.0,0.0,0.0,0.0,0.0,0.0,0.0,2.0,0.0,0.0,0.0,0.0,0.0
100882.119,3154.0,1871.0,0.0,0.0,0.0,0.0,0.0,0.0,1.0,0.0,0.0,0.0,0.0,0.0
100892.118,3154.0,1871.0,0.0,0.0,0.0,0.0,0.0,0.0,3.0,0.0,0.0,0.0,0.0,0.0
100902.119,3154.0,1871.0,0.0,0.0,0.0,0.0,0.0,0.0,-2.0,0.0,0.0,0.0,0.0,0.0
100912.118,3154.0,1870.0,0.0,0.0,0.0,0.0,0.0,0.0,2.0,0.0,0.0,0.0,0.0,0.0
100922.118,3154.0,1872.0,0.0,0.0,0.0,0.0,0.0,0.0,2.0,0.0,0.0,0.0,0.0,0.0
100932.118,3154.0,1871.0,0.0,0.0,0.0,0.0,0.0,0.0,2.0,0.0,0.0,0.0,0.0,0.0
100942.119,3154.0,1874.0,0.0,0.0,0.0,0.0,0.0,0.0,3.0,0.0,0.0,0.0,0.0,0.0
100952.118,3154.0,1872.0,0.0,0.0,0.0,0.0,0.0,0.0,3.0,0.0,0.0,0.0,0.0,0.0
100962.119,3154.0,1869.0,0.0,0.0,0.0,0.0,0.0,0.0,2.0,0.0,0.0,0.0,0.0,0.0
100972.118,3154.0,1871.0,0.0,0.0,0.0,0.0,0.0,0.0,4.0,0.0,0.0,0.0,0.0,0.0
100982.118,3154.0,1869.0,0.0,0.0,0.0,0.0,0.0,0.0,2.0,0.0,0.0,0.0,0.0,0.0
100992.118,3154.0,1874.0,0.0,0.0,0.0,0.0,0.0,0.0,4.0,0.0,0.0,0.0,0.0,0.0
101002.118,3154.0,1870.0,0.0,0.0,0.0,0.0,0.0,0.0,4.0,0.0,0.0,0.0,0.0,0.0
101012.119,3154.0,1870.0,0.0,0.0,0.0,0.0,0.0,0.0,1.0,0.0,0.0,0.0,0.0,0.0
101022.118,3154.0,1871.0,0.0,0.0,0.0,0.0,0.0,0.0,2.0,0.0,0.0,0.0,0.0,0.0
101032.119,3154.0,1872.0,0.0,0.0,0.0,0.0,0.0,0.0,2.0,0.0,0.0,0.0,0.0,0.0
101042.118,3154.0,1872.0,0.0,0.0,0.0,0.0,0.0,0.0,0.0,0.0,0.0,0.0,0.0,0.0
101052.119,3154.0,1872.0,0.0,0.0,0.0,0.0,0.0,0.0,2.0,0.0,0.0,0.0,0.0,0.0
101062.118,3154.0,1869.0,0.0,0.0,0.0,0.0,0.0,0.0,1.0,0.0,0.0,0.0,0.0,0.0
101072.118,3154.0,1870.0,0.0,0.0,0.0,0.0,0.0,0.0,2.0,0.0,0.0,0.0,0.0,0.0
101082.118,3154.0,1870.0,0.0,0.0,0.0,0.0,0.0,0.0,-1.0,0.0,0.0,0.0,0.0,0.0
101092.118,3154.0,1870.0,0.0,0.0,0.0,0.0,0.0,0.0,0.0,0.0,0.0,0.0,0.0,0.0
101102.119,3154.0,1870.0,0.0,0.0,0.0,0.0,0.0,0.0,1.0,0.0,0.0,0.0,0.0,0.0
101112.118,3154.0,1871.0,0.0,0.0,0.0,0.0,0.0,0.0,1.0,0.0,0.0,0.0,0.0,0.0
101122.119,3154.0,1871.0,0.0,0.0,0.0,0.0,0.0,0.0,3.0,0.0,0.0,0.0,0.0,0.0
101132.118,3154.0,1870.0,0.0,0.0,0.0,0.0,0.0,0.0,-2.0,0.0,0.0,0.0,0.0,0.0
101142.118,3154.0,1871.0,0.0,0.0,0.0,0.0,0.0,0.0,1.0,0.0,0.0,0.0,0.0,0.0
101152.118,3154.0,1871.0,0.0,0.0,0.0,0.0,0.0,0.0,0.0,0.0,0.0,0.0,0.0,0.0
101162.118,3154.0,1870.0,0.0,0.0,0.0,0.0,0.0,0.0,-1.0,0.0,0.0,0.0,0.0,0.0
101172.118,3154.0,1871.0,0.0,0.0,0.0,0.0,0.0,0.0,1.0,0.0,0.0,0.0,0.0,0.0
101182.119,3154.0,1870.0,0.0,0.0,0.0,0.0,0.0,0.0,3.0,0.0,0.0,0.0,0.0,0.0
101192.118,3154.0,1870.0,0.0,0.0,0.0,0.0,0.0,0.0,3.0,0.0,0.0,0.0,0.0,0.0
101202.119,3154.0,1871.0,0.0,0.0,0.0,0.0,0.0,0.0,1.0,0.0,0.0,0.0,0.0,0.0
101212.118,3154.0,1873.0,0.0,0.0,0.0,0.0,0.0,0.0,3.0,0.0,0.0,0.0,0.0,0.0
101222.119,3154.0,1872.0,0.0,0.0,0.0,0.0,0.0,0.0,2.0,0.0,0.0,0.0,0.0,0.0
101232.118,3154.0,1871.0,0.0,0.0,0.0,0.0,0.0,0.0,0.0,0.0,0.0,0.0,0.0,0.0
101242.118,3154.0,1873.0,0.0,0.0,0.0,0.0,0.0,0.0,2.0,0.0,0.0,0.0,0.0,0.0
101252.118,3154.0,1870.0,0.0,0.0,0.0,0.0,0.0,0.0,0.0,0.0,0.0,0.0,0.0,0.0
101262.119,3154.0,1870.0,0.0,0.0,0.0,0.0,0.0,0.0,1.0,0.0,0.0,0.0,0.0,0.0
101272.118,3154.0,1872.0,0.0,0.0,0.0,0.0,0.0,0.0,0.0,0.0,0.0,0.0,0.0,0.0
101282.119,3154.0,1870.0,0.0,0.0,0.0,0.0,0.0,0.0,2.0,0.0,0.0,0.0,0.0,0.0
101292.118,3154.0,1871.0,0.0,0.0,0.0,0.0,0.0,0.0,3.0,0.0,0.0,0.0,0.0,0.0
101302.118,3154.0,1871.0,0.0,0.0,0.0,0.0,0.0,0.0,0.0,0.0,0.0,0.0,0.0,0.0
101312.118,3154.0,1871.0,0.0,0.0,0.0,0.0,0.0,0.0,2.0,0.0,0.0,0.0,0.0,0.0
101322.118,3154.0,1871.0,0.0,0.0,0.0,0.0,0.0,0.0,2.0,0.0,0.0,0.0,0.0,0.0
101332.119,3154.0,1870.0,0.0,0.0,0.0,0.0,0.0,0.0,4.0,0.0,0.0,0.0,0.0,0.0
101342.118,3154.0,1871.0,0.0,0.0,0.0,0.0,0.0,0.0,0.0,0.0,0.0,0.0,0.0,0.0
101352.119,3154.0,1870.0,0.0,0.0,0.0,0.0,0.0,0.0,3.0,0.0,0.0,0.0,0.0,0.0
101362.118,3154.0,1870.0,0.0,0.0,0.0,0.0,0.0,0.0,0.0,0.0,0.0,0.0,0.0,0.0
101372.119,3154.0,1871.0,0.0,0.0,0.0,0.0,0.0,0.0,0.0,0.0,0.0,0.0,0.0,0.0
101382.118,3154.0,1871.0,0.0,0.0,0.0,0.0,0.0,0.0,0.0,0.0,0.0,0.0,0.0,0.0
101392.118,3154.0,1871.0,0.0,0.0,0.0,0.0,0.0,0.0,1.0,0.0,0.0,0.0,0.0,0.0
101402.118,3154.0,1870.0,0.0,0.0,0.0,0.0,0.0,0.0,1.0,0.0,0.0,0.0,0.0,0.0
101412.118,3154.0,1871.0,0.0,0.0,0.0,0.0,0.0,0.0,2.0,0.0,0.0,0.0,0.0,0.0
101422.119,3154.0,1874.0,0.0,0.0,0.0,0.0,0.0,0.0,3.0,0.0,0.0,0.0,0.0,0.0
101432.118,3154.0,1873.0,0.0,0.0,0.0,0.0,0.0,0.0,-1.0,0.0,0.0,0.0,0.0,0.0
101442.119,3154.0,1870.0,0.0,0.0,0.0,0.0,0.0,0.0,1.0,0.0,0.0,0.0,0.0,0.0
101452.118,3154.0,1871.0,0.0,0.0,0.0,0.0,0.0,0.0,3.0,0.0,0.0,0.0,0.0,0.0
101462.118,3154.0,1870.0,0.0,0.0,0.0,0.0,0.0,0.0,3.0,0.0,0.0,0.0,0.0,0.0
101472.118,3154.0,1872.0,0.0,0.0,0.0,0.0,0.0,0.0,-1.0,0.0,0.0,0.0,0.0,0.0
101482.118,3154.0,1868.0,0.0,0.0,0.0,0.0,0.0,0.0,3.0,0.0,0.0,0.0,0.0,0.0
101492.118,3154.0,1870.0,0.0,0.0,0.0,0.0,0.0,0.0,2.0,0.0,0.0,0.0,0.0,0.0
101502.119,3154.0,1871.0,0.0,0.0,0.0,0.0,0.0,0.0,0.0,0.0,0.0,0.0,0.0,0.0
101512.118,3154.0,1872.0,0.0,0.0,0.0,0.0,0.0,0.0,3.0,0.0,0.0,0.0,0.0,0.0
101522.119,3154.0,1872.0,0.0,0.0,0.0,0.0,0.0,0.0,1.0,0.0,0.0,0.0,0.0,0.0
101532.118,3154.0,1870.0,0.0,0.0,0.0,0.0,0.0,0.0,-1.0,0.0,0.0,0.0,0.0,0.0
101542.119,3154.0,1871.0,0.0,0.0,0.0,0.0,0.0,0.0,2.0,0.0,0.0,0.0,0.0,0.0
101552.118,3154.0,1871.0,0.0,0.0,0.0,0.0,0.0,0.0,3.0,0.0,0.0,0.0,0.0,0.0
101562.118,3154.0,1871.0,0.0,0.0,0.0,0.0,0.0,0.0,0.0,0.0,0.0,0.0,0.0,0.0
101572.118,3154.0,1870.0,0.0,0.0,0.0,0.0,0.0,0.0,0.0,0.0,0.0,0.0,0.0,0.0
101582.119,3154.0,1871.0,0.0,0.0,0.0,0.0,0.0,0.0,2.0,0.0,0.0,0.0,0.0,0.0
101592.118,3154.0,1871.0,0.0,0.0,0.0,0.0,0.0,0.0,4.0,0.0,0.0,0.0,0.0,0.0
101602.119,3154.0,1872.0,0.0,0.0,0.0,0.0,0.0,0.0,0.0,0.0,0.0,0.0,0.0,0.0
101612.118,3154.0,1871.0,0.0,0.0,0.0,0.0,0.0,0.0,0.0,0.0,0.0,0.0,0.0,0.0
101622.118,3154.0,1869.0,0.0,0.0,0.0,0.0,0.0,0.0,0.0,0.0,0.0,0.0,0.0,0.0
101632.118,3154.0,1871.0,0.0,0.0,0.0,0.0,0.0,0.0,0.0,0.0,0.0,0.0,0.0,0.0
101642.118,3154.0,1871.0,0.0,0.0,0.0,0.0,0.0,0.0,-1.0,0.0,0.0,0.0,0.0,0.0
101652.119,3154.0,1873.0,0.0,0.0,0.0,0.0,0.0,0.0,-1.0,0.0,0.0,0.0,0.0,0.0
101662.118,3154.0,1871.0,0.0,0.0,0.0,0.0,0.0,0.0,3.0,0.0,0.0,0.0,0.0,0.0
101672.119,3154.0,1869.0,0.0,0.0,0.0,0.0,0.0,0.0,1.0,0.0,0.0,0.0,0.0,0.0
101682.118,3154.0,1872.0,0.0,0.0,0.0,0.0,0.0,0.0,0.0,0.0,0.0,0.0,0.0,0.0
101692.119,3154.0,1869.0,0.0,0.0,0.0,0.0,0.0,0.0,4.0,0.0,0.0,0.0,0.0,0.0
101702.118,3154.0,1871.0,0.0,0.0,0.0,0.0,0.0,0.0,0.0,0.0,0.0,0.0,0.0,0.0
101712.118,3154.0,1872.0,0.0,0.0,0.0,0.0,0.0,0.0,2.0,0.0,0.0,0.0,0.0,0.0
101722.118,3154.0,1872.0,0.0,0.0,0.0,0.0,0.0,0.0,1.0,0.0,0.0,0.0,0.0,0.0
101732.118,3154.0,1868.0,0.0,0.0,0.0,0.0,0.0,0.0,3.0,0.0,0.0,0.0,0.0,0.0
101742.119,3154.0,1871.0,0.0,0.0,0.0,0.0,0.0,0.0,3.0,0.0,0.0,0.0,0.0,0.0
101752.118,3154.0,1871.0,0.0,0.0,0.0,0.0,0.0,0.0,1.0,0.0,0.0,0.0,0.0,0.0
101762.119,3154.0,1870.0,0.0,0.0,0.0,0.0,0.0,0.0,0.0,0.0,0.0,0.0,0.0,0.0
101772.118,3154.0,1871.0,0.0,0.0,0.0,0.0,0.0,0.0,3.0,0.0,0.0,0.0,0.0,0.0
101782.118,3154.0,1868.0,0.0,0.0,0.0,0.0,0.0,0.0,0.0,0.0,0.0,0.0,0.0,0.0
101792.118,3154.0,1873.0,0.0,0.0,0.0,0.0,0.0,0.0,2.0,0.0,0.0,0.0,0.0,0.0
101802.118,3154.0,1870.0,0.0,0.0,0.0,0.0,0.0,0.0,1.0,0.0,0.0,0.0,0.0,0.0
101812.118,3154.0,1870.0,0.0,0.0,0.0,0.0,0.0,0.0,0.0,0.0,0.0,0.0,0.0,0.0
101822.119,3154.0,1871.0,0.0,0.0,0.0,0.0,0.0,0.0,1.0,0.0,0.0,0.0,0.0,0.0
101832.118,3154.0,1872.0,0.0,0.0,0.0,0.0,0.0,0.0,1.0,0.0,0.0,0.0,0.0,0.0
101842.119,3154.0,1870.0,0.0,0.0,0.0,0.0,0.0,0.0,1.0,0.0,0.0,0.0,0.0,0.0
101852.118,3154.0,1869.0,0.0,0.0,0.0,0.0,0.0,0.0,1.0,0.0,0.0,0.0,0.0,0.0
101862.119,3154.0,1870.0,0.0,0.0,0.0,0.0,0.0,0.0,0.0,0.0,0.0,0.0,0.0,0.0
101872.118,3154.0,1871.0,0.0,0.0,0.0,0.0,0.0,0.0,1.0,0.0,0.0,0.0,0.0,0.0
101882.118,3154.0,1871.0,0.0,0.0,0.0,0.0,0.0,0.0,1.0,0.0,0.0,0.0,0.0,0.0
101892.118,3154.0,1868.0,0.0,0.0,0.0,0.0,0.0,0.0,-1.0,0.0,0.0,0.0,0.0,0.0
101902.119,3154.0,1870.0,0.0,0.0,0.0,0.0,0.0,0.0,-2.0,0.0,0.0,0.0,0.0,0.0
101912.118,3154.0,1871.0,0.0,0.0,0.0,0.0,0.0,0.0,4.0,0.0,0.0,0.0,0.0,0.0
101922.119,3154.0,1871.0,0.0,0.0,0.0,0.0,0.0,0.0,-1.0,0.0,0.0,0.0,0.0,0.0
101932.118,3154.0,1871.0,0.0,0.0,0.0,0.0,0.0,0.0,1.0,0.0,0.0,0.0,0.0,0.0
101942.118,3154.0,1871.0,0.0,0.0,0.0,0.0,0.0,0.0,3.0,0.0,0.0,0.0,0.0,0.0
101952.118,3154.0,1869.0,0.0,0.0,0.0,0.0,0.0,0.0,2.0,0.0,0.0,0.0,0.0,0.0
101962.118,3154.0,1870.0,0.0,0.0,0.0,0.0,0.0,0.0,2.0,0.0,0.0,0.0,0.0,0.0
101972.119,3154.0,1872.0,0.0,0.0,0.0,0.0,0.0,0.0,0.0,0.0,0.0,0.0,0.0,0.0
101982.118,3154.0,1872.0,0.0,0.0,0.0,0.0,0.0,0.0,2.0,0.0,0.0,0.0,0.0,0.0
101992.119,3154.0,1875.0,0.0,0.0,0.0,0.0,0.0,0.0,1.0,0.0,0.0,0.0,0.0,0.0
102002.118,3154.0,1870.0,0.0,0.0,0.0,0.0,0.0,0.0,1.0,0.0,0.0,0.0,0.0,0.0
102012.119,3154.0,1872.0,0.0,0.0,0.0,0.0,0.0,0.0,3.0,0.0,0.0,0.0,0.0,0.0
102022.118,3154.0,1871.0,0.0,0.0,0.0,0.0,0.0,0.0,3.0,0.0,0.0,0.0,0.0,0.0
102032.118,3154.0,1871.0,0.0,0.0,0.0,0.0,0.0,0.0,0.0,0.0,0.0,0.0,0.0,0.0
102042.118,3154.0,1870.0,0.0,0.0,0.0,0.0,0.0,0.0,2.0,0.0,0.0,0.0,0.0,0.0
102052.118,3154.0,1871.0,0.0,0.0,0.0,0.0,0.0,0.0,3.0,0.0,0.0,0.0,0.0,0.0
102062.119,3154.0,1872.0,0.0,0.0,0.0,0.0,0.0,0.0,0.0,0.0,0.0,0.0,0.0,0.0
102072.118,3154.0,1871.0,0.0,0.0,0.0,0.0,0.0,0.0,2.0,0.0,0.0,0.0,0.0,0.0
102082.119,3154.0,1870.0,0.0,0.0,0.0,0.0,0.0,0.0,3.0,0.0,0.0,0.0,0.0,0.0
102092.118,3154.0,1874.0,0.0,0.0,0.0,0.0,0.0,0.0,1.0,0.0,0.0,0.0,0.0,0.0
102102.118,3154.0,1870.0,0.0,0.0,0.0,0.0,0.0,0.0,1.0,0.0,0.0,0.0,0.0,0.0
102112.118,3154.0,1871.0,0.0,0.0,0.0,0.0,0.0,0.0,1.0,0.0,0.0,0.0,0.0,0.0
102122.118,3154.0,1870.0,0.0,0.0,0.0,0.0,0.0,0.0,3.0,0.0,0.0,0.0,0.0,0.0
102132.118,3154.0,1872.0,0.0,0.0,0.0,0.0,0.0,0.0,3.0,0.0,0.0,0.0,0.0,0.0
102142.119,3154.0,1875.0,0.0,0.0,0.0,0.0,0.0,0.0,1.0,0.0,0.0,0.0,0.0,0.0
102152.118,3154.0,1872.0,0.0,0.0,0.0,0.0,0.0,0.0,0.0,0.0,0.0,0.0,0.0,0.0
102162.119,3154.0,1872.0,0.0,0.0,0.0,0.0,0.0,0.0,3.0,0.0,0.0,0.0,0.0,0.0
102172.118,3154.0,1872.0,0.0,0.0,0.0,0.0,0.0,0.0,0.0,0.0,0.0,0.0,0.0,0.0
102182.119,3154.0,1872.0,0.0,0.0,0.0,0.0,0.0,0.0,2.0,0.0,0.0,0.0,0.0,0.0
102192.118,3154.0,1871.0,0.0,0.0,0.0,0.0,0.0,0.0,2.0,0.0,0.0,0.0,0.0,0.0
102202.118,3154.0,1869.0,0.0,0.0,0.0,0.0,0.0,0.0,0.0,0.0,0.0,0.0,0.0,0.0
102212.118,3154.0,1870.0,0.0,0.0,0.0,0.0,0.0,0.0,3.0,0.0,0.0,0.0,0.0,0.0
102222.119,3154.0,1871.0,0.0,0.0,0.0,0.0,0.0,0.0,1.0,0.0,0.0,0.0,0.0,0.0
102232.118,3154.0,1869.0,0.0,0.0,0.0,0.0,0.0,0.0,0.0,0.0,0.0,0.0,0.0,0.0
102242.119,3154.0,1870.0,0.0,0.0,0.0,0.0,0.0,0.0,3.0,0.0,0.0,0.0,0.0,0.0
102252.118,3154.0,1870.0,0.0,0.0,0.0,0.0,0.0,0.0,1.0,0.0,0.0,0.0,0.0,0.0
102262.118,3154.0,1870.0,0.0,0.0,0.0,0.0,0.0,0.0,0.0,0.0,0.0,0.0,0.0,0.0
102272.118,3154.0,1871.0,0.0,0.0,0.0,0.0,0.0,0.0,2.0,0.0,0.0,0.0,0.0,0.0
102282.118,3154.0,1869.0,0.0,0.0,0.0,0.0,0.0,0.0,2.0,0.0,0.0,0.0,0.0,0.0
102292.119,3154.0,1868.0,0.0,0.0,0.0,0.0,0.0,0.0,3.0,0.0,0.0,0.0,0.0,0.0
102302.118,3154.0,1869.0,0.0,0.0,0.0,0.0,0.0,0.0,2.0,0.0,0.0,0.0,0.0,0.0
102312.119,3154.0,1870.0,0.0,0.0,0.0,0.0,0.0,0.0,1.0,0.0,0.0,0.0,0.0,0.0
102322.118,3154.0,1870.0,0.0,0.0,0.0,0.0,0.0,0.0,1.0,0.0,0.0,0.0,0.0,0.0
102332.119,3154.0,1872.0,0.0,0.0,0.0,0.0,0.0,0.0,1.0,0.0,0.0,0.0,0.0,0.0
102342.118,3154.0,1872.0,0.0,0.0,0.0,0.0,0.0,0.0,-1.0,0.0,0.0,0.0,0.0,0.0
102352.118,3154.0,1873.0,0.0,0.0,0.0,0.0,0.0,0.0,2.0,0.0,0.0,0.0,0.0,0.0
102362.118,3154.0,1872.0,0.0,0.0,0.0,0.0,0.0,0.0,0.0,0.0,0.0,0.0,0.0,0.0
102372.118,3154.0,1874.0,0.0,0.0,0.0,0.0,0.0,0.0,2.0,0.0,0.0,0.0,0.0,0.0
102382.119,3154.0,1872.0,0.0,0.0,0.0,0.0,0.0,0.0,3.0,0.0,0.0,0.0,0.0,0.0
102392.118,3154.0,1869.0,0.0,0.0,0.0,0.0,0.0,0.0,0.0,0.0,0.0,0.0,0.0,0.0
102402.119,3154.0,1876.0,0.0,0.0,0.0,0.0,0.0,0.0,1.0,0.0,0.0,0.0,0.0,0.0
102412.118,3154.0,1873.0,0.0,0.0,0.0,0.0,0.0,0.0,1.0,0.0,0.0,0.0,0.0,0.0
102422.118,3154.0,1872.0,0.0,0.0,0.0,0.0,0.0,0.0,0.0,0.0,0.0,0.0,0.0,0.0
102432.118,3154.0,1872.0,0.0,0.0,0.0,0.0,0.0,0.0,1.0,0.0,0.0,0.0,0.0,0.0
102442.118,3154.0,1869.0,0.0,0.0,0.0,0.0,0.0,0.0,1.0,0.0,0.0,0.0,0.0,0.0
102452.118,3154.0,1870.0,0.0,0.0,0.0,0.0,0.0,0.0,4.0,0.0,0.0,0.0,0.0,0.0
102462.119,3154.0,1870.0,0.0,0.0,0.0,0.0,0.0,0.0,1.0,0.0,0.0,0.0,0.0,0.0
102472.118,3154.0,1868.0,0.0,0.0,0.0,0.0,0.0,0.0,1.0,0.0,0.0,0.0,0.0,0.0
102482.119,3154.0,1871.0,0.0,0.0,0.0,0.0,0.0,0.0,0.0,0.0,0.0,0.0,0.0,0.0
102492.118,3154.0,1872.0,0.0,0.0,0.0,0.0,0.0,0.0,0.0,0.0,0.0,0.0,0.0,0.0
102502.119,3154.0,1874.0,0.0,0.0,0.0,0.0,0.0,0.0,3.0,0.0,0.0,0.0,0.0,0.0
102512.118,3154.0,1872.0,0.0,0.0,0.0,0.0,0.0,0.0,1.0,0.0,0.0,0.0,0.0,0.0
102522.118,3154.0,1875.0,0.0,0.0,0.0,0.0,0.0,0.0,1.0,0.0,0.0,0.0,0.0,0.0
102532.118,3154.0,1871.0,0.0,0.0,0.0,0.0,0.0,0.0,1.0,0.0,0.0,0.0,0.0,0.0
102542.119,3154.0,1872.0,0.0,0.0,0.0,0.0,0.0,0.0,4.0,0.0,0.0,0.0,0.0,0.0
102552.118,3154.0,1872.0,0.0,0.0,0.0,0.0,0.0,0.0,1.0,0.0,0.0,0.0,0.0,0.0
102562.119,3154.0,1873.0,0.0,0.0,0.0,0.0,0.0,0.0,3.0,0.0,0.0,0.0,0.0,0.0
102572.118,3154.0,1870.0,0.0,0.0,0.0,0.0,0.0,0.0,1.0,0.0,0.0,0.0,0.0,0.0
102582.118,3154.0,1870.0,0.0,0.0,0.0,0.0,0.0,0.0,2.0,0.0,0.0,0.0,0.0,0.0
102592.118,3154.0,1870.0,0.0,0.0,0.0,0.0,0.0,0.0,0.0,0.0,0.0,0.0,0.0,0.0
102602.118,3154.0,1871.0,0.0,0.0,0.0,0.0,0.0,0.0,2.0,0.0,0.0,0.0,0.0,0.0
102612.119,3154.0,1871.0,0.0,0.0,0.0,0.0,0.0,0.0,1.0,0.0,0.0,0.0,0.0,0.0
102622.118,3154.0,1869.0,0.0,0.0,0.0,0.0,0.0,0.0,2.0,0.0,0.0,0.0,0.0,0.0
102632.119,3154.0,1870.0,0.0,0.0,0.0,0.0,0.0,0.0,2.0,0.0,0.0,0.0,0.0,0.0
102642.118,3154.0,1873.0,0.0,0.0,0.0,0.0,0.0,0.0,2.0,0.0,0.0,0.0,0.0,0.0
102652.119,3154.0,1869.0,0.0,0.0,0.0,0.0,0.0,0.0,-1.0,0.0,0.0,0.0,0.0,0.0
102662.118,3154.0,1874.0,0.0,0.0,0.0,0.0,0.0,0.0,1.0,0.0,0.0,0.0,0.0,0.0
102672.118,3154.0,1872.0,0.0,0.0,0.0,0.0,0.0,0.0,3.0,0.0,0.0,0.0,0.0,0.0
102682.118,3154.0,1871.0,0.0,0.0,0.0,0.0,0.0,0.0,3.0,0.0,0.0,0.0,0.0,0.0
102692.118,3154.0,1870.0,0.0,0.0,0.0,0.0,0.0,0.0,1.0,0.0,0.0,0.0,0.0,0.0
102702.119,3154.0,1869.0,0.0,0.0,0.0,0.0,0.0,0.0,2.0,0.0,0.0,0.0,0.0,0.0
102712.118,3154.0,1872.0,0.0,0.0,0.0,0.0,0.0,0.0,2.0,0.0,0.0,0.0,0.0,0.0
102722.119,3154.0,1870.0,0.0,0.0,0.0,0.0,0.0,0.0,2.0,0.0,0.0,0.0,0.0,0.0
102732.118,3154.0,1871.0,0.0,0.0,0.0,0.0,0.0,0.0,3.0,0.0,0.0,0.0,0.0,0.0
102742.118,3154.0,1870.0,0.0,0.0,0.0,0.0,0.0,0.0,0.0,0.0,0.0,0.0,0.0,0.0
102752.118,3154.0,1870.0,0.0,0.0,0.0,0.0,0.0,0.0,2.0,0.0,0.0,0.0,0.0,0.0
102762.118,3154.0,1872.0,0.0,0.0,0.0,0.0,0.0,0.0,4.0,0.0,0.0,0.0,0.0,0.0
102772.119,3154.0,1870.0,0.0,0.0,0.0,0.0,0.0,0.0,4.0,0.0,0.0,0.0,0.0,0.0
102782.118,3154.0,1871.0,0.0,0.0,0.0,0.0,0.0,0.0,0.0,0.0,0.0,0.0,0.0,0.0
102792.118,3154.0,1872.0,0.0,0.0,0.0,0.0,0.0,0.0,1.0,0.0,0.0,0.0,0.0,0.0
102802.118,3154.0,1870.0,0.0,0.0,0.0,0.0,0.0,0.0,3.0,0.0,0.0,0.0,0.0,0.0
102812.118,3154.0,1874.0,0.0,0.0,0.0,0.0,0.0,0.0,0.0,0.0,0.0,0.0,0.0,0.0
102822.118,3154.0,1872.0,0.0,0.0,0.0,0.0,0.0,0.0,3.0,0.0,0.0,0.0,0.0,0.0
102832.118,3154.0,1870.0,0.0,0.0,0.0,0.0,0.0,0.0,0.0,0.0,0.0,0.0,0.0,0.0
102842.119,3154.0,1868.0,0.0,0.0,0.0,0.0,0.0,0.0,-1.0,0.0,0.0,0.0,0.0,0.0
102852.118,3154.0,1872.0,0.0,0.0,0.0,0.0,0.0,0.0,1.0,0.0,0.0,0.0,0.0,0.0
102862.118,3154.0,1870.0,0.0,0.0,0.0,0.0,0.0,0.0,1.0,0.0,0.0,0.0,0.0,0.0
102872.118,3154.0,1870.0,0.0,0.0,0.0,0.0,0.0,0.0,0.0,0.0,0.0,0.0,0.0,0.0
102882.118,3154.0,1868.0,0.0,0.0,0.0,0.0,0.0,0.0,3.0,0.0,0.0,0.0,0.0,0.0
102892.118,3154.0,1873.0,0.0,0.0,0.0,0.0,0.0,0.0,1.0,0.0,0.0,0.0,0.0,0.0
102902.118,3154.0,1866.0,0.0,0.0,0.0,0.0,0.0,0.0,1.0,0.0,0.0,0.0,0.0,0.0
102912.118,3154.0,1871.0,0.0,0.0,0.0,0.0,0.0,0.0,3.0,0.0,0.0,0.0,0.0,0.0
102922.119,3154.0,1873.0,0.0,0.0,0.0,0.0,0.0,0.0,5.0,0.0,0.0,0.0,0.0,0.0
102932.118,3154.0,1871.0,0.0,0.0,0.0,0.0,0.0,0.0,3.0,0.0,0.0,0.0,0.0,0.0
102942.119,3154.0,1872.0,0.0,0.0,0.0,0.0,0.0,0.0,2.0,0.0,0.0,0.0,0.0,0.0
102952.118,3154.0,1871.0,0.0,0.0,0.0,0.0,0.0,0.0,2.0,0.0,0.0,0.0,0.0,0.0
102962.118,3154.0,1870.0,0.0,0.0,0.0,0.0,0.0,0.0,1.0,0.0,0.0,0.0,0.0,0.0
102972.118,3154.0,1870.0,0.0,0.0,0.0,0.0,0.0,0.0,0.0,0.0,0.0,0.0,0.0,0.0
102982.118,3154.0,1870.0,0.0,0.0,0.0,0.0,0.0,0.0,4.0,0.0,0.0,0.0,0.0,0.0
102992.118,3154.0,1869.0,0.0,0.0,0.0,0.0,0.0,0.0,0.0,0.0,0.0,0.0,0.0,0.0
103002.119,3154.0,1872.0,0.0,0.0,0.0,0.0,0.0,0.0,3.0,0.0,0.0,0.0,0.0,0.0
103012.118,3154.0,1870.0,0.0,0.0,0.0,0.0,0.0,0.0,-1.0,0.0,0.0,0.0,0.0,0.0
103022.119,3154.0,1872.0,0.0,0.0,0.0,0.0,0.0,0.0,1.0,0.0,0.0,0.0,0.0,0.0
103032.118,3154.0,1871.0,0.0,0.0,0.0,0.0,0.0,0.0,3.0,0.0,0.0,0.0,0.0,0.0
103042.119,3154.0,1874.0,0.0,0.0,0.0,0.0,0.0,0.0,3.0,0.0,0.0,0.0,0.0,0.0
103052.118,3154.0,1871.0,0.0,0.0,0.0,0.0,0.0,0.0,3.0,0.0,0.0,0.0,0.0,0.0
103062.118,3154.0,1870.0,0.0,0.0,0.0,0.0,0.0,0.0,1.0,0.0,0.0,0.0,0.0,0.0
103072.118,3154.0,1871.0,0.0,0.0,0.0,0.0,0.0,0.0,2.0,0.0,0.0,0.0,0.0,0.0
103082.118,3154.0,1870.0,0.0,0.0,0.0,0.0,0.0,0.0,2.0,0.0,0.0,0.0,0.0,0.0
103092.118,3154.0,1870.0,0.0,0.0,0.0,0.0,0.0,0.0,4.0,0.0,0.0,0.0,0.0,0.0
103102.119,3154.0,1871.0,0.0,0.0,0.0,0.0,0.0,0.0,2.0,0.0,0.0,0.0,0.0,0.0
103112.118,3154.0,1871.0,0.0,0.0,0.0,0.0,0.0,0.0,1.0,0.0,0.0,0.0,0.0,0.0
103122.119,3154.0,1870.0,0.0,0.0,0.0,0.0,0.0,0.0,1.0,0.0,0.0,0.0,0.0,0.0
103132.118,3154.0,1870.0,0.0,0.0,0.0,0.0,0.0,0.0,3.0,0.0,0.0,0.0,0.0,0.0
103142.119,3154.0,1870.0,0.0,0.0,0.0,0.0,0.0,0.0,2.0,0.0,0.0,0.0,0.0,0.0
103152.118,3154.0,1870.0,0.0,0.0,0.0,0.0,0.0,0.0,3.0,0.0,0.0,0.0,0.0,0.0
103162.118,3154.0,1871.0,0.0,0.0,0.0,0.0,0.0,0.0,1.0,0.0,0.0,0.0,0.0,0.0
103172.118,3154.0,1871.0,0.0,0.0,0.0,0.0,0.0,0.0,2.0,0.0,0.0,0.0,0.0,0.0
103182.119,3154.0,1872.0,0.0,0.0,0.0,0.0,0.0,0.0,3.0,0.0,0.0,0.0,0.0,0.0
103192.118,3154.0,1870.0,0.0,0.0,0.0,0.0,0.0,0.0,3.0,0.0,0.0,0.0,0.0,0.0
103202.119,3154.0,1869.0,0.0,0.0,0.0,0.0,0.0,0.0,0.0,0.0,0.0,0.0,0.0,0.0
103212.118,3154.0,1869.0,0.0,0.0,0.0,0.0,0.0,0.0,4.0,0.0,0.0,0.0,0.0,0.0
103222.118,3154.0,1869.0,0.0,0.0,0.0,0.0,0.0,0.0,0.0,0.0,0.0,0.0,0.0,0.0
103232.118,3154.0,1871.0,0.0,0.0,0.0,0.0,0.0,0.0,0.0,0.0,0.0,0.0,0.0,0.0
103242.118,3154.0,1876.0,0.0,0.0,0.0,0.0,0.0,0.0,1.0,0.0,0.0,0.0,0.0,0.0
103252.119,3154.0,1870.0,0.0,0.0,0.0,0.0,0.0,0.0,1.0,0.0,0.0,0.0,0.0,0.0
103262.118,3154.0,1869.0,0.0,0.0,0.0,0.0,0.0,0.0,1.0,0.0,0.0,0.0,0.0,0.0
103272.119,3154.0,1873.0,0.0,0.0,0.0,0.0,0.0,0.0,2.0,0.0,0.0,0.0,0.0,0.0
103282.118,3154.0,1872.0,0.0,0.0,0.0,0.0,0.0,0.0,0.0,0.0,0.0,0.0,0.0,0.0
103292.119,3154.0,1873.0,0.0,0.0,0.0,0.0,0.0,0.0,0.0,0.0,0.0,0.0,0.0,0.0
103302.118,3154.0,1874.0,0.0,0.0,0.0,0.0,0.0,0.0,3.0,0.0,0.0,0.0,0.0,0.0
103312.118,3154.0,1871.0,0.0,0.0,0.0,0.0,0.0,0.0,3.0,0.0,0.0,0.0,0.0,0.0
103322.118,3154.0,1874.0,0.0,0.0,0.0,0.0,0.0,0.0,2.0,0.0,0.0,0.0,0.0,0.0
103332.118,3154.0,1872.0,0.0,0.0,0.0,0.0,0.0,0.0,2.0,0.0,0.0,0.0,0.0,0.0
103342.119,3154.0,1869.0,0.0,0.0,0.0,0.0,0.0,0.0,1.0,0.0,0.0,0.0,0.0,0.0
103352.118,3154.0,1870.0,0.0,0.0,0.0,0.0,0.0,0.0,1.0,0.0,0.0,0.0,0.0,0.0
103362.119,3154.0,1873.0,0.0,0.0,0.0,0.0,0.0,0.0,2.0,0.0,0.0,0.0,0.0,0.0
103372.118,3154.0,1870.0,0.0,0.0,0.0,0.0,0.0,0.0,1.0,0.0,0.0,0.0,0.0,0.0
103382.118,3154.0,1871.0,0.0,0.0,0.0,0.0,0.0,0.0,0.0,0.0,0.0,0.0,0.0,0.0
103392.118,3154.0,1870.0,0.0,0.0,0.0,0.0,0.0,0.0,2.0,0.0,0.0,0.0,0.0,0.0
103402.118,3154.0,1873.0,0.0,0.0,0.0,0.0,0.0,0.0,1.0,0.0,0.0,0.0,0.0,0.0
103412.118,3154.0,1872.0,0.0,0.0,0.0,0.0,0.0,0.0,2.0,0.0,0.0,0.0,0.0,0.0
103422.119,3154.0,1871.0,0.0,0.0,0.0,0.0,0.0,0.0,2.0,0.0,0.0,0.0,0.0,0.0
103432.118,3154.0,1871.0,0.0,0.0,0.0,0.0,0.0,0.0,3.0,0.0,0.0,0.0,0.0,0.0
103442.119,3154.0,1874.0,0.0,0.0,0.0,0.0,0.0,0.0,2.0,0.0,0.0,0.0,0.0,0.0
103452.118,3154.0,1871.0,0.0,0.0,0.0,0.0,0.0,0.0,0.0,0.0,0.0,0.0,0.0,0.0
103462.119,3154.0,1871.0,0.0,0.0,0.0,0.0,0.0,0.0,1.0,0.0,0.0,0.0,0.0,0.0
103472.118,3154.0,1870.0,0.0,0.0,0.0,0.0,0.0,0.0,2.0,0.0,0.0,0.0,0.0,0.0
103482.118,3154.0,1872.0,0.0,0.0,0.0,0.0,0.0,0.0,0.0,0.0,0.0,0.0,0.0,0.0
103492.118,3154.0,1871.0,0.0,0.0,0.0,0.0,0.0,0.0,0.0,0.0,0.0,0.0,0.0,0.0
103502.119,3154.0,1872.0,0.0,0.0,0.0,0.0,0.0,0.0,1.0,0.0,0.0,0.0,0.0,0.0
103512.118,3154.0,1872.0,0.0,0.0,0.0,0.0,0.0,0.0,2.0,0.0,0.0,0.0,0.0,0.0
103522.119,3154.0,1870.0,0.0,0.0,0.0,0.0,0.0,0.0,2.0,0.0,0.0,0.0,0.0,0.0
103532.118,3154.0,1871.0,0.0,0.0,0.0,0.0,0.0,0.0,1.0,0.0,0.0,0.0,0.0,0.0
103542.118,3154.0,1869.0,0.0,0.0,0.0,0.0,0.0,0.0,3.0,0.0,0.0,0.0,0.0,0.0
103552.118,3154.0,1870.0,0.0,0.0,0.0,0.0,0.0,0.0,1.0,0.0,0.0,0.0,0.0,0.0
103562.118,3154.0,1872.0,0.0,0.0,0.0,0.0,0.0,0.0,0.0,0.0,0.0,0.0,0.0,0.0
103572.119,3154.0,1871.0,0.0,0.0,0.0,0.0,0.0,0.0,2.0,0.0,0.0,0.0,0.0,0.0
103582.118,3154.0,1870.0,0.0,0.0,0.0,0.0,0.0,0.0,1.0,0.0,0.0,0.0,0.0,0.0
103592.119,3154.0,1873.0,0.0,0.0,0.0,0.0,0.0,0.0,1.0,0.0,0.0,0.0,0.0,0.0
103602.118,3154.0,1870.0,0.0,0.0,0.0,0.0,0.0,0.0,3.0,0.0,0.0,0.0,0.0,0.0
103612.119,3154.0,1872.0,0.0,0.0,0.0,0.0,0.0,0.0,1.0,0.0,0.0,0.0,0.0,0.0
103622.118,3154.0,1872.0,0.0,0.0,0.0,0.0,0.0,0.0,0.0,0.0,0.0,0.0,0.0,0.0
103632.118,3154.0,1874.0,0.0,0.0,0.0,0.0,0.0,0.0,3.0,0.0,0.0,0.0,0.0,0.0
103642.118,3154.0,1871.0,0.0,0.0,0.0,0.0,0.0,0.0,0.0,0.0,0.0,0.0,0.0,0.0
103652.118,3154.0,1870.0,0.0,0.0,0.0,0.0,0.0,0.0,0.0,0.0,0.0,0.0,0.0,0.0
103662.119,3154.0,1874.0,0.0,0.0,0.0,0.0,0.0,0.0,1.0,0.0,0.0,0.0,0.0,0.0
103672.118,3154.0,1869.0,0.0,0.0,0.0,0.0,0.0,0.0,-2.0,0.0,0.0,0.0,0.0,0.0
103682.119,3154.0,1871.0,0.0,0.0,0.0,0.0,0.0,0.0,3.0,0.0,0.0,0.0,0.0,0.0
103692.118,3154.0,1868.0,0.0,0.0,0.0,0.0,0.0,0.0,-1.0,0.0,0.0,0.0,0.0,0.0
103702.118,3154.0,1870.0,0.0,0.0,0.0,0.0,0.0,0.0,-1.0,0.0,0.0,0.0,0.0,0.0
103712.118,3154.0,1873.0,0.0,0.0,0.0,0.0,0.0,0.0,1.0,0.0,0.0,0.0,0.0,0.0
103722.118,3154.0,1872.0,0.0,0.0,0.0,0.0,0.0,0.0,1.0,0.0,0.0,0.0,0.0,0.0
103732.118,3154.0,1868.0,0.0,0.0,0.0,0.0,0.0,0.0,4.0,0.0,0.0,0.0,0.0,0.0
103742.119,3154.0,1871.0,0.0,0.0,0.0,0.0,0.0,0.0,3.0,0.0,0.0,0.0,0.0,0.0
103752.118,3154.0,1870.0,0.0,0.0,0.0,0.0,0.0,0.0,1.0,0.0,0.0,0.0,0.0,0.0
103762.119,3154.0,1870.0,0.0,0.0,0.0,0.0,0.0,0.0,3.0,0.0,0.0,0.0,0.0,0.0
103772.118,3154.0,1871.0,0.0,0.0,0.0,0.0,0.0,0.0,2.0,0.0,0.0,0.0,0.0,0.0
103782.119,3154.0,1871.0,0.0,0.0,0.0,0.0,0.0,0.0,-1.0,0.0,0.0,0.0,0.0,0.0
103792.118,3154.0,1872.0,0.0,0.0,0.0,0.0,0.0,0.0,3.0,0.0,0.0,0.0,0.0,0.0
103802.118,3154.0,1870.0,0.0,0.0,0.0,0.0,0.0,0.0,2.0,0.0,0.0,0.0,0.0,0.0
103812.118,3154.0,1871.0,0.0,0.0,0.0,0.0,0.0,0.0,3.0,0.0,0.0,0.0,0.0,0.0
103822.119,3154.0,1870.0,0.0,0.0,0.0,0.0,0.0,0.0,1.0,0.0,0.0,0.0,0.0,0.0
103832.118,3154.0,1874.0,0.0,0.0,0.0,0.0,0.0,0.0,2.0,0.0,0.0,0.0,0.0,0.0
103842.119,3154.0,1871.0,0.0,0.0,0.0,0.0,0.0,0.0,1.0,0.0,0.0,0.0,0.0,0.0
103852.118,3154.0,1869.0,0.0,0.0,0.0,0.0,0.0,0.0,0.0,0.0,0.0,0.0,0.0,0.0
103862.118,3154.0,1872.0,0.0,0.0,0.0,0.0,0.0,0.0,1.0,0.0,0.0,0.0,0.0,0.0
103872.118,3154.0,1871.0,0.0,0.0,0.0,0.0,0.0,0.0,1.0,0.0,0.0,0.0,0.0,0.0
103882.118,3154.0,1871.0,0.0,0.0,0.0,0.0,0.0,0.0,1.0,0.0,0.0,0.0,0.0,0.0
103892.119,3154.0,1870.0,0.0,0.0,0.0,0.0,0.0,0.0,2.0,0.0,0.0,0.0,0.0,0.0
103902.118,3154.0,1874.0,0.0,0.0,0.0,0.0,0.0,0.0,1.0,0.0,0.0,0.0,0.0,0.0
103912.119,3154.0,1869.0,0.0,0.0,0.0,0.0,0.0,0.0,0.0,0.0,0.0,0.0,0.0,0.0
103922.118,3154.0,1872.0,0.0,0.0,0.0,0.0,0.0,0.0,4.0,0.0,0.0,0.0,0.0,0.0
103932.119,3154.0,1874.0,0.0,0.0,0.0,0.0,0.0,0.0,3.0,0.0,0.0,0.0,0.0,0.0
103942.118,3154.0,1870.0,0.0,0.0,0.0,0.0,0.0,0.0,2.0,0.0,0.0,0.0,0.0,0.0
103952.118,3154.0,1870.0,0.0,0.0,0.0,0.0,0.0,0.0,3.0,0.0,0.0,0.0,0.0,0.0
103962.118,3154.0,1869.0,0.0,0.0,0.0,0.0,0.0,0.0,1.0,0.0,0.0,0.0,0.0,0.0
103972.118,3154.0,1871.0,0.0,0.0,0.0,0.0,0.0,0.0,0.0,0.0,0.0,0.0,0.0,0.0
103982.119,3154.0,1870.0,0.0,0.0,0.0,0.0,0.0,0.0,3.0,0.0,0.0,0.0,0.0,0.0
103992.118,3154.0,1869.0,0.0,0.0,0.0,0.0,0.0,0.0,3.0,0.0,0.0,0.0,0.0,0.0
104002.119,3154.0,1870.0,0.0,0.0,0.0,0.0,0.0,0.0,0.0,0.0,0.0,0.0,0.0,0.0
104012.118,3154.0,1871.0,0.0,0.0,0.0,0.0,0.0,0.0,2.0,0.0,0.0,0.0,0.0,0.0
104022.118,3154.0,1870.0,0.0,0.0,0.0,0.0,0.0,0.0,1.0,0.0,0.0,0.0,0.0,0.0
104032.118,3154.0,1869.0,0.0,0.0,0.0,0.0,0.0,0.0,3.0,0.0,0.0,0.0,0.0,0.0
104042.118,3154.0,1870.0,0.0,0.0,0.0,0.0,0.0,0.0,0.0,0.0,0.0,0.0,0.0,0.0
104052.118,3154.0,1869.0,0.0,0.0,0.0,0.0,0.0,0.0,0.0,0.0,0.0,0.0,0.0,0.0
104062.119,3154.0,1870.0,0.0,0.0,0.0,0.0,0.0,0.0,0.0,0.0,0.0,0.0,0.0,0.0
104072.118,3154.0,1871.0,0.0,0.0,0.0,0.0,0.0,0.0,2.0,0.0,0.0,0.0,0.0,0.0
104082.119,3154.0,1870.0,0.0,0.0,0.0,0.0,0.0,0.0,0.0,0.0,0.0,0.0,0.0,0.0
104092.118,3154.0,1870.0,0.0,0.0,0.0,0.0,0.0,0.0,-1.0,0.0,0.0,0.0,0.0,0.0
104102.119,3154.0,1871.0,0.0,0.0,0.0,0.0,0.0,0.0,-3.0,0.0,0.0,0.0,0.0,0.0
104112.118,3154.0,1872.0,0.0,0.0,0.0,0.0,0.0,0.0,1.0,0.0,0.0,0.0,0.0,0.0
104122.118,3154.0,1872.0,0.0,0.0,0.0,0.0,0.0,0.0,0.0,0.0,0.0,0.0,0.0,0.0
104132.118,3154.0,1868.0,0.0,0.0,0.0,0.0,0.0,0.0,2.0,0.0,0.0,0.0,0.0,0.0
104142.119,3154.0,1869.0,0.0,0.0,0.0,0.0,0.0,0.0,1.0,0.0,0.0,0.0,0.0,0.0
104152.118,3154.0,1874.0,0.0,0.0,0.0,0.0,0.0,0.0,1.0,0.0,0.0,0.0,0.0,0.0
104162.119,3154.0,1868.0,0.0,0.0,0.0,0.0,0.0,0.0,4.0,0.0,0.0,0.0,0.0,0.0
104172.118,3154.0,1872.0,0.0,0.0,0.0,0.0,0.0,0.0,1.0,0.0,0.0,0.0,0.0,0.0
104182.118,3154.0,1872.0,0.0,0.0,0.0,0.0,0.0,0.0,1.0,0.0,0.0,0.0,0.0,0.0
104192.118,3154.0,1872.0,0.0,0.0,0.0,0.0,0.0,0.0,3.0,0.0,0.0,0.0,0.0,0.0
104202.118,3154.0,1872.0,0.0,0.0,0.0,0.0,0.0,0.0,0.0,0.0,0.0,0.0,0.0,0.0
104212.119,3154.0,1874.0,0.0,0.0,0.0,0.0,0.0,0.0,1.0,0.0,0.0,0.0,0.0,0.0
104222.118,3154.0,1871.0,0.0,0.0,0.0,0.0,0.0,0.0,1.0,0.0,0.0,0.0,0.0,0.0
104232.119,3154.0,1871.0,0.0,0.0,0.0,0.0,0.0,0.0,2.0,0.0,0.0,0.0,0.0,0.0
104242.118,3154.0,1873.0,0.0,0.0,0.0,0.0,0.0,0.0,0.0,0.0,0.0,0.0,0.0,0.0
104252.119,3154.0,1871.0,0.0,0.0,0.0,0.0,0.0,0.0,4.0,0.0,0.0,0.0,0.0,0.0
104262.118,3154.0,1870.0,0.0,0.0,0.0,0.0,0.0,0.0,2.0,0.0,0.0,0.0,0.0,0.0
104272.118,3154.0,1870.0,0.0,0.0,0.0,0.0,0.0,0.0,3.0,0.0,0.0,0.0,0.0,0.0
104282.118,3154.0,1871.0,0.0,0.0,0.0,0.0,0.0,0.0,1.0,0.0,0.0,0.0,0.0,0.0
104292.118,3154.0,1870.0,0.0,0.0,0.0,0.0,0.0,0.0,-1.0,0.0,0.0,0.0,0.0,0.0
104302.119,3154.0,1870.0,0.0,0.0,0.0,0.0,0.0,0.0,1.0,0.0,0.0,0.0,0.0,0.0
104312.118,3154.0,1873.0,0.0,0.0,0.0,0.0,0.0,0.0,-1.0,0.0,0.0,0.0,0.0,0.0
104322.119,3154.0,1871.0,0.0,0.0,0.0,0.0,0.0,0.0,0.0,0.0,0.0,0.0,0.0,0.0
104332.118,3154.0,1871.0,0.0,0.0,0.0,0.0,0.0,0.0,2.0,0.0,0.0,0.0,0.0,0.0
104342.118,3154.0,1872.0,0.0,0.0,0.0,0.0,0.0,0.0,1.0,0.0,0.0,0.0,0.0,0.0
104352.118,3154.0,1871.0,0.0,0.0,0.0,0.0,0.0,0.0,1.0,0.0,0.0,0.0,0.0,0.0
104362.118,3154.0,1872.0,0.0,0.0,0.0,0.0,0.0,0.0,0.0,0.0,0.0,0.0,0.0,0.0
104372.118,3154.0,1870.0,0.0,0.0,0.0,0.0,0.0,0.0,4.0,0.0,0.0,0.0,0.0,0.0
104382.119,3154.0,1871.0,0.0,0.0,0.0,0.0,0.0,0.0,3.0,0.0,0.0,0.0,0.0,0.0
104392.118,3154.0,1873.0,0.0,0.0,0.0,0.0,0.0,0.0,0.0,0.0,0.0,0.0,0.0,0.0
104402.119,3154.0,1869.0,0.0,0.0,0.0,0.0,0.0,0.0,1.0,0.0,0.0,0.0,0.0,0.0
104412.118,3154.0,1870.0,0.0,0.0,0.0,0.0,0.0,0.0,0.0,0.0,0.0,0.0,0.0,0.0
104422.119,3154.0,1874.0,0.0,0.0,0.0,0.0,0.0,0.0,3.0,0.0,0.0,0.0,0.0,0.0
104432.118,3154.0,1873.0,0.0,0.0,0.0,0.0,0.0,0.0,1.0,0.0,0.0,0.0,0.0,0.0
104442.118,3154.0,1869.0,0.0,0.0,0.0,0.0,0.0,0.0,0.0,0.0,0.0,0.0,0.0,0.0
104452.118,3154.0,1871.0,0.0,0.0,0.0,0.0,0.0,0.0,3.0,0.0,0.0,0.0,0.0,0.0
104462.119,3154.0,1873.0,0.0,0.0,0.0,0.0,0.0,0.0,1.0,0.0,0.0,0.0,0.0,0.0
104472.118,3154.0,1867.0,0.0,0.0,0.0,0.0,0.0,0.0,1.0,0.0,0.0,0.0,0.0,0.0
104482.119,3154.0,1871.0,0.0,0.0,0.0,0.0,0.0,0.0,2.0,0.0,0.0,0.0,0.0,0.0
104492.118,3154.0,1872.0,0.0,0.0,0.0,0.0,0.0,0.0,0.0,0.0,0.0,0.0,0.0,0.0
104502.118,3154.0,1870.0,0.0,0.0,0.0,0.0,0.0,0.0,0.0,0.0,0.0,0.0,0.0,0.0
104512.118,3154.0,1872.0,0.0,0.0,0.0,0.0,0.0,0.0,-1.0,0.0,0.0,0.0,0.0,0.0
104522.118,3154.0,1870.0,0.0,0.0,0.0,0.0,0.0,0.0,4.0,0.0,0.0,0.0,0.0,0.0
104532.119,3154.0,1869.0,0.0,0.0,0.0,0.0,0.0,0.0,0.0,0.0,0.0,0.0,0.0,0.0
104542.118,3154.0,1871.0,0.0,0.0,0.0,0.0,0.0,0.0,3.0,0.0,0.0,0.0,0.0,0.0
104552.119,3154.0,1871.0,0.0,0.0,0.0,0.0,0.0,0.0,3.0,0.0,0.0,0.0,0.0,0.0
104562.118,3154.0,1870.0,0.0,0.0,0.0,0.0,0.0,0.0,2.0,0.0,0.0,0.0,0.0,0.0
104572.119,3154.0,1869.0,0.0,0.0,0.0,0.0,0.0,0.0,0.0,0.0,0.0,0.0,0.0,0.0
104582.118,3154.0,1870.0,0.0,0.0,0.0,0.0,0.0,0.0,2.0,0.0,0.0,0.0,0.0,0.0
104592.118,3154.0,1870.0,0.0,0.0,0.0,0.0,0.0,0.0,3.0,0.0,0.0,0.0,0.0,0.0
104602.118,3154.0,1869.0,0.0,0.0,0.0,0.0,0.0,0.0,3.0,0.0,0.0,0.0,0.0,0.0
104612.118,3154.0,1873.0,0.0,0.0,0.0,0.0,0.0,0.0,3.0,0.0,0.0,0.0,0.0,0.0
104622.119,3154.0,1869.0,0.0,0.0,0.0,0.0,0.0,0.0,-1.0,0.0,0.0,0.0,0.0,0.0
104632.118,3154.0,1871.0,0.0,0.0,0.0,0.0,0.0,0.0,1.0,0.0,0.0,0.0,0.0,0.0
104642.119,3154.0,1872.0,0.0,0.0,0.0,0.0,0.0,0.0,-3.0,0.0,0.0,0.0,0.0,0.0
104652.118,3154.0,1871.0,0.0,0.0,0.0,0.0,0.0,0.0,2.0,0.0,0.0,0.0,0.0,0.0
104662.118,3154.0,1870.0,0.0,0.0,0.0,0.0,0.0,0.0,1.0,0.0,0.0,0.0,0.0,0.0
104672.118,3154.0,1870.0,0.0,0.0,0.0,0.0,0.0,0.0,1.0,0.0,0.0,0.0,0.0,0.0
104682.118,3154.0,1871.0,0.0,0.0,0.0,0.0,0.0,0.0,0.0,0.0,0.0,0.0,0.0,0.0
104692.118,3154.0,1869.0,0.0,0.0,0.0,0.0,0.0,0.0,-1.0,0.0,0.0,0.0,0.0,0.0
104702.119,3154.0,1872.0,0.0,0.0,0.0,0.0,0.0,0.0,1.0,0.0,0.0,0.0,0.0,0.0
104712.118,3154.0,1872.0,0.0,0.0,0.0,0.0,0.0,0.0,2.0,0.0,0.0,0.0,0.0,0.0
104722.119,3154.0,1872.0,0.0,0.0,0.0,0.0,0.0,0.0,3.0,0.0,0.0,0.0,0.0,0.0
104732.118,3154.0,1869.0,0.0,0.0,0.0,0.0,0.0,0.0,3.0,0.0,0.0,0.0,0.0,0.0
104742.119,3154.0,1872.0,0.0,0.0,0.0,0.0,0.0,0.0,2.0,0.0,0.0,0.0,0.0,0.0
104752.118,3154.0,1870.0,0.0,0.0,0.0,0.0,0.0,0.0,1.0,0.0,0.0,0.0,0.0,0.0
104762.118,3154.0,1874.0,0.0,0.0,0.0,0.0,0.0,0.0,0.0,0.0,0.0,0.0,0.0,0.0
104772.118,3154.0,1870.0,0.0,0.0,0.0,0.0,0.0,0.0,3.0,0.0,0.0,0.0,0.0,0.0
104782.119,3154.0,1873.0,0.0,0.0,0.0,0.0,0.0,0.0,0.0,0.0,0.0,0.0,0.0,0.0
104792.118,3154.0,1870.0,0.0,0.0,0.0,0.0,0.0,0.0,1.0,0.0,0.0,0.0,0.0,0.0
104802.119,3154.0,1872.0,0.0,0.0,0.0,0.0,0.0,0.0,1.0,0.0,0.0,0.0,0.0,0.0
104812.118,3154.0,1871.0,0.0,0.0,0.0,0.0,0.0,0.0,0.0,0.0,0.0,0.0,0.0,0.0
104822.118,3154.0,1870.0,0.0,0.0,0.0,0.0,0.0,0.0,2.0,0.0,0.0,0.0,0.0,0.0
104832.118,3154.0,1873.0,0.0,0.0,0.0,0.0,0.0,0.0,2.0,0.0,0.0,0.0,0.0,0.0
104842.118,3154.0,1868.0,0.0,0.0,0.0,0.0,0.0,0.0,1.0,0.0,0.0,0.0,0.0,0.0
104852.119,3154.0,1867.0,0.0,0.0,0.0,0.0,0.0,0.0,2.0,0.0,0.0,0.0,0.0,0.0
104862.118,3154.0,1875.0,0.0,0.0,0.0,0.0,0.0,0.0,1.0,0.0,0.0,0.0,0.0,0.0
104872.119,3154.0,1873.0,0.0,0.0,0.0,0.0,0.0,0.0,-1.0,0.0,0.0,0.0,0.0,0.0
104882.118,3154.0,1872.0,0.0,0.0,0.0,0.0,0.0,0.0,1.0,0.0,0.0,0.0,0.0,0.0
104892.119,3154.0,1871.0,0.0,0.0,0.0,0.0,0.0,0.0,0.0,0.0,0.0,0.0,0.0,0.0
104902.118,3154.0,1873.0,0.0,0.0,0.0,0.0,0.0,0.0,2.0,0.0,0.0,0.0,0.0,0.0
104912.118,3154.0,1867.0,0.0,0.0,0.0,0.0,0.0,0.0,2.0,0.0,0.0,0.0,0.0,0.0
104922.118,3154.0,1869.0,0.0,0.0,0.0,0.0,0.0,0.0,0.0,0.0,0.0,0.0,0.0,0.0
104932.118,3154.0,1871.0,0.0,0.0,0.0,0.0,0.0,0.0,3.0,0.0,0.0,0.0,0.0,0.0
104942.119,3154.0,1873.0,0.0,0.0,0.0,0.0,0.0,0.0,1.0,0.0,0.0,0.0,0.0,0.0
104952.118,3154.0,1872.0,0.0,0.0,0.0,0.0,0.0,0.0,2.0,0.0,0.0,0.0,0.0,0.0
104962.119,3154.0,1868.0,0.0,0.0,0.0,0.0,0.0,0.0,3.0,0.0,0.0,0.0,0.0,0.0
104972.118,3154.0,1871.0,0.0,0.0,0.0,0.0,0.0,0.0,4.0,0.0,0.0,0.0,0.0,0.0
104982.118,3154.0,1872.0,0.0,0.0,0.0,0.0,0.0,0.0,2.0,0.0,0.0,0.0,0.0,0.0
104992.118,3154.0,1872.0,0.0,0.0,0.0,0.0,0.0,0.0,4.0,0.0,0.0,0.0,0.0,0.0
105002.118,3154.0,1869.0,0.0,0.0,0.0,0.0,0.0,0.0,3.0,0.0,0.0,0.0,0.0,0.0
105012.118,3154.0,1870.0,0.0,0.0,0.0,0.0,0.0,0.0,-2.0,0.0,0.0,0.0,0.0,0.0
105022.119,3154.0,1871.0,0.0,0.0,0.0,0.0,0.0,0.0,2.0,0.0,0.0,0.0,0.0,0.0
105032.118,3154.0,1869.0,0.0,0.0,0.0,0.0,0.0,0.0,3.0,0.0,0.0,0.0,0.0,0.0
105042.119,3154.0,1875.0,0.0,0.0,0.0,0.0,0.0,0.0,-1.0,0.0,0.0,0.0,0.0,0.0
105052.118,3154.0,1871.0,0.0,0.0,0.0,0.0,0.0,0.0,2.0,0.0,0.0,0.0,0.0,0.0
105062.119,3154.0,1871.0,0.0,0.0,0.0,0.0,0.0,0.0,1.0,0.0,0.0,0.0,0.0,0.0
105072.118,3154.0,1870.0,0.0,0.0,0.0,0.0,0.0,0.0,1.0,0.0,0.0,0.0,0.0,0.0
105082.118,3154.0,1872.0,0.0,0.0,0.0,0.0,0.0,0.0,1.0,0.0,0.0,0.0,0.0,0.0
105092.118,3154.0,1871.0,0.0,0.0,0.0,0.0,0.0,0.0,2.0,0.0,0.0,0.0,0.0,0.0
105102.119,3154.0,1872.0,0.0,0.0,0.0,0.0,0.0,0.0,2.0,0.0,0.0,0.0,0.0,0.0
105112.118,3154.0,1870.0,0.0,0.0,0.0,0.0,0.0,0.0,1.0,0.0,0.0,0.0,0.0,0.0
105122.119,3154.0,1870.0,0.0,0.0,0.0,0.0,0.0,0.0,1.0,0.0,0.0,0.0,0.0,0.0
105132.118,3154.0,1874.0,0.0,0.0,0.0,0.0,0.0,0.0,-1.0,0.0,0.0,0.0,0.0,0.0
105142.118,3154.0,1870.0,0.0,0.0,0.0,0.0,0.0,0.0,0.0,0.0,0.0,0.0,0.0,0.0
105152.118,3154.0,1870.0,0.0,0.0,0.0,0.0,0.0,0.0,2.0,0.0,0.0,0.0,0.0,0.0
105162.118,3154.0,1873.0,0.0,0.0,0.0,0.0,0.0,0.0,1.0,0.0,0.0,0.0,0.0,0.0
105172.119,3154.0,1870.0,0.0,0.0,0.0,0.0,0.0,0.0,0.0,0.0,0.0,0.0,0.0,0.0
105182.118,3154.0,1869.0,0.0,0.0,0.0,0.0,0.0,0.0,0.0,0.0,0.0,0.0,0.0,0.0
105192.119,3154.0,1871.0,0.0,0.0,0.0,0.0,0.0,0.0,2.0,0.0,0.0,0.0,0.0,0.0
105202.118,3154.0,1872.0,0.0,0.0,0.0,0.0,0.0,0.0,1.0,0.0,0.0,0.0,0.0,0.0
105212.119,3154.0,1871.0,0.0,0.0,0.0,0.0,0.0,0.0,2.0,0.0,0.0,0.0,0.0,0.0
105222.118,3154.0,1874.0,0.0,0.0,0.0,0.0,0.0,0.0,1.0,0.0,0.0,0.0,0.0,0.0
105232.118,3154.0,1874.0,0.0,0.0,0.0,0.0,0.0,0.0,2.0,0.0,0.0,0.0,0.0,0.0
105242.118,3154.0,1869.0,0.0,0.0,0.0,0.0,0.0,0.0,0.0,0.0,0.0,0.0,0.0,0.0
105252.118,3154.0,1870.0,0.0,0.0,0.0,0.0,0.0,0.0,2.0,0.0,0.0,0.0,0.0,0.0
105262.119,3154.0,1870.0,0.0,0.0,0.0,0.0,0.0,0.0,2.0,0.0,0.0,0.0,0.0,0.0
105272.118,3154.0,1871.0,0.0,0.0,0.0,0.0,0.0,0.0,-1.0,0.0,0.0,0.0,0.0,0.0
105282.119,3154.0,1871.0,0.0,0.0,0.0,0.0,0.0,0.0,-2.0,0.0,0.0,0.0,0.0,0.0
105292.118,3154.0,1868.0,0.0,0.0,0.0,0.0,0.0,0.0,2.0,0.0,0.0,0.0,0.0,0.0
105302.118,3154.0,1868.0,0.0,0.0,0.0,0.0,0.0,0.0,2.0,0.0,0.0,0.0,0.0,0.0
105312.118,3154.0,1872.0,0.0,0.0,0.0,0.0,0.0,0.0,3.0,0.0,0.0,0.0,0.0,0.0
105322.118,3154.0,1871.0,0.0,0.0,0.0,0.0,0.0,0.0,0.0,0.0,0.0,0.0,0.0,0.0
105332.118,3154.0,1872.0,0.0,0.0,0.0,0.0,0.0,0.0,2.0,0.0,0.0,0.0,0.0,0.0
105342.119,3154.0,1871.0,0.0,0.0,0.0,0.0,0.0,0.0,4.0,0.0,0.0,0.0,0.0,0.0
105352.118,3154.0,1870.0,0.0,0.0,0.0,0.0,0.0,0.0,4.0,0.0,0.0,0.0,0.0,0.0
105362.119,3154.0,1875.0,0.0,0.0,0.0,0.0,0.0,0.0,2.0,0.0,0.0,0.0,0.0,0.0
105372.118,3154.0,1872.0,0.0,0.0,0.0,0.0,0.0,0.0,1.0,0.0,0.0,0.0,0.0,0.0
105382.119,3154.0,1871.0,0.0,0.0,0.0,0.0,0.0,0.0,3.0,0.0,0.0,0.0,0.0,0.0
105392.118,3154.0,1873.0,0.0,0.0,0.0,0.0,0.0,0.0,2.0,0.0,0.0,0.0,0.0,0.0
105402.118,3154.0,1870.0,0.0,0.0,0.0,0.0,0.0,0.0,2.0,0.0,0.0,0.0,0.0,0.0
105412.118,3154.0,1874.0,0.0,0.0,0.0,0.0,0.0,0.0,3.0,0.0,0.0,0.0,0.0,0.0
105422.119,3154.0,1869.0,0.0,0.0,0.0,0.0,0.0,0.0,1.0,0.0,0.0,0.0,0.0,0.0
105432.118,3154.0,1873.0,0.0,0.0,0.0,0.0,0.0,0.0,5.0,0.0,0.0,0.0,0.0,0.0
105442.119,3154.0,1870.0,0.0,0.0,0.0,0.0,0.0,0.0,0.0,0.0,0.0,0.0,0.0,0.0
105452.118,3154.0,1872.0,0.0,0.0,0.0,0.0,0.0,0.0,2.0,0.0,0.0,0.0,0.0,0.0
105462.118,3154.0,1870.0,0.0,0.0,0.0,0.0,0.0,0.0,0.0,0.0,0.0,0.0,0.0,0.0
105472.118,3154.0,1870.0,0.0,0.0,0.0,0.0,0.0,0.0,2.0,0.0,0.0,0.0,0.0,0.0
105482.118,3154.0,1872.0,0.0,0.0,0.0,0.0,0.0,0.0,0.0,0.0,0.0,0.0,0.0,0.0
105492.119,3154.0,1874.0,0.0,0.0,0.0,0.0,0.0,0.0,4.0,0.0,0.0,0.0,0.0,0.0
105502.118,3154.0,1869.0,0.0,0.0,0.0,0.0,0.0,0.0,1.0,0.0,0.0,0.0,0.0,0.0
105512.119,3154.0,1871.0,0.0,0.0,0.0,0.0,0.0,0.0,6.0,0.0,0.0,0.0,0.0,0.0
105522.118,3154.0,1869.0,0.0,0.0,0.0,0.0,0.0,0.0,0.0,0.0,0.0,0.0,0.0,0.0
105532.119,3154.0,1870.0,0.0,0.0,0.0,0.0,0.0,0.0,2.0,0.0,0.0,0.0,0.0,0.0
105542.118,3154.0,1869.0,0.0,0.0,0.0,0.0,0.0,0.0,0.0,0.0,0.0,0.0,0.0,0.0
105552.118,3154.0,1869.0,0.0,0.0,0.0,0.0,0.0,0.0,0.0,0.0,0.0,0.0,0.0,0.0
105562.118,3154.0,1873.0,0.0,0.0,0.0,0.0,0.0,0.0,4.0,0.0,0.0,0.0,0.0,0.0
105572.118,3154.0,1868.0,0.0,0.0,0.0,0.0,0.0,0.0,0.0,0.0,0.0,0.0,0.0,0.0
105582.119,3154.0,1871.0,0.0,0.0,0.0,0.0,0.0,0.0,4.0,0.0,0.0,0.0,0.0,0.0
105592.118,3154.0,1871.0,0.0,0.0,0.0,0.0,0.0,0.0,3.0,0.0,0.0,0.0,0.0,0.0
105602.119,3154.0,1872.0,0.0,0.0,0.0,0.0,0.0,0.0,2.0,0.0,0.0,0.0,0.0,0.0
105612.118,3154.0,1871.0,0.0,0.0,0.0,0.0,0.0,0.0,2.0,0.0,0.0,0.0,0.0,0.0
105622.118,3154.0,1870.0,0.0,0.0,0.0,0.0,0.0,0.0,2.0,0.0,0.0,0.0,0.0,0.0
105632.118,3154.0,1870.0,0.0,0.0,0.0,0.0,0.0,0.0,1.0,0.0,0.0,0.0,0.0,0.0
105642.118,3154.0,1870.0,0.0,0.0,0.0,0.0,0.0,0.0,5.0,0.0,0.0,0.0,0.0,0.0
105652.118,3154.0,1871.0,0.0,0.0,0.0,0.0,0.0,0.0,3.0,0.0,0.0,0.0,0.0,0.0
105662.119,3154.0,1872.0,0.0,0.0,0.0,0.0,0.0,0.0,4.0,0.0,0.0,0.0,0.0,0.0
105672.118,3154.0,1873.0,0.0,0.0,0.0,0.0,0.0,0.0,3.0,0.0,0.0,0.0,0.0,0.0
105682.119,3154.0,1870.0,0.0,0.0,0.0,0.0,0.0,0.0,1.0,0.0,0.0,0.0,0.0,0.0
105692.118,3154.0,1872.0,0.0,0.0,0.0,0.0,0.0,0.0,1.0,0.0,0.0,0.0,0.0,0.0
105702.119,3154.0,1873.0,0.0,0.0,0.0,0.0,0.0,0.0,1.0,0.0,0.0,0.0,0.0,0.0
105712.118,3154.0,1870.0,0.0,0.0,0.0,0.0,0.0,0.0,1.0,0.0,0.0,0.0,0.0,0.0
105722.118,3154.0,1871.0,0.0,0.0,0.0,0.0,0.0,0.0,1.0,0.0,0.0,0.0,0.0,0.0
105732.118,3154.0,1869.0,0.0,0.0,0.0,0.0,0.0,0.0,2.0,0.0,0.0,0.0,0.0,0.0
105742.119,3154.0,1872.0,0.0,0.0,0.0,0.0,0.0,0.0,1.0,0.0,0.0,0.0,0.0,0.0
105752.118,3154.0,1871.0,0.0,0.0,0.0,0.0,0.0,0.0,2.0,0.0,0.0,0.0,0.0,0.0
105762.119,3154.0,1870.0,0.0,0.0,0.0,0.0,0.0,0.0,-1.0,0.0,0.0,0.0,0.0,0.0
105772.118,3154.0,1871.0,0.0,0.0,0.0,0.0,0.0,0.0,4.0,0.0,0.0,0.0,0.0,0.0
105782.118,3154.0,1870.0,0.0,0.0,0.0,0.0,0.0,0.0,1.0,0.0,0.0,0.0,0.0,0.0
105792.118,3154.0,1872.0,0.0,0.0,0.0,0.0,0.0,0.0,1.0,0.0,0.0,0.0,0.0,0.0
105802.118,3154.0,1872.0,0.0,0.0,0.0,0.0,0.0,0.0,1.0,0.0,0.0,0.0,0.0,0.0
105812.119,3154.0,1871.0,0.0,0.0,0.0,0.0,0.0,0.0,4.0,0.0,0.0,0.0,0.0,0.0
105822.118,3154.0,1869.0,0.0,0.0,0.0,0.0,0.0,0.0,0.0,0.0,0.0,0.0,0.0,0.0
105832.119,3154.0,1872.0,0.0,0.0,0.0,0.0,0.0,0.0,1.0,0.0,0.0,0.0,0.0,0.0
105842.118,3154.0,1870.0,0.0,0.0,0.0,0.0,0.0,0.0,0.0,0.0,0.0,0.0,0.0,0.0
105852.119,3154.0,1869.0,0.0,0.0,0.0,0.0,0.0,0.0,3.0,0.0,0.0,0.0,0.0,0.0
105862.118,3154.0,1870.0,0.0,0.0,0.0,0.0,0.0,0.0,4.0,0.0,0.0,0.0,0.0,0.0
105872.118,3154.0,1870.0,0.0,0.0,0.0,0.0,0.0,0.0,4.0,0.0,0.0,0.0,0.0,0.0
105882.118,3154.0,1872.0,0.0,0.0,0.0,0.0,0.0,0.0,4.0,0.0,0.0,0.0,0.0,0.0
105892.118,3154.0,1873.0,0.0,0.0,0.0,0.0,0.0,0.0,0.0,0.0,0.0,0.0,0.0,0.0
105902.119,3154.0,1870.0,0.0,0.0,0.0,0.0,0.0,0.0,1.0,0.0,0.0,0.0,0.0,0.0
105912.118,3154.0,1869.0,0.0,0.0,0.0,0.0,0.0,0.0,2.0,0.0,0.0,0.0,0.0,0.0
105922.119,3154.0,1869.0,0.0,0.0,0.0,0.0,0.0,0.0,1.0,0.0,0.0,0.0,0.0,0.0
105932.118,3154.0,1870.0,0.0,0.0,0.0,0.0,0.0,0.0,2.0,0.0,0.0,0.0,0.0,0.0
105942.118,3154.0,1871.0,0.0,0.0,0.0,0.0,0.0,0.0,0.0,0.0,0.0,0.0,0.0,0.0
105952.118,3154.0,1871.0,0.0,0.0,0.0,0.0,0.0,0.0,2.0,0.0,0.0,0.0,0.0,0.0
105962.118,3154.0,1868.0,0.0,0.0,0.0,0.0,0.0,0.0,1.0,0.0,0.0,0.0,0.0,0.0
105972.118,3154.0,1868.0,0.0,0.0,0.0,0.0,0.0,0.0,0.0,0.0,0.0,0.0,0.0,0.0
105982.119,3154.0,1873.0,0.0,0.0,0.0,0.0,0.0,0.0,1.0,0.0,0.0,0.0,0.0,0.0
105992.118,3154.0,1870.0,0.0,0.0,0.0,0.0,0.0,0.0,0.0,0.0,0.0,0.0,0.0,0.0
106002.119,3154.0,1869.0,0.0,0.0,0.0,0.0,0.0,0.0,0.0,0.0,0.0,0.0,0.0,0.0
106012.118,3154.0,1868.0,0.0,0.0,0.0,0.0,0.0,0.0,0.0,0.0,0.0,0.0,0.0,0.0
106022.119,3154.0,1871.0,0.0,0.0,0.0,0.0,0.0,0.0,2.0,0.0,0.0,0.0,0.0,0.0
106032.118,3154.0,1872.0,0.0,0.0,0.0,0.0,0.0,0.0,0.0,0.0,0.0,0.0,0.0,0.0
106042.118,3154.0,1873.0,0.0,0.0,0.0,0.0,0.0,0.0,2.0,0.0,0.0,0.0,0.0,0.0
106052.118,3154.0,1872.0,0.0,0.0,0.0,0.0,0.0,0.0,0.0,0.0,0.0,0.0,0.0,0.0
106062.119,3154.0,1869.0,0.0,0.0,0.0,0.0,0.0,0.0,1.0,0.0,0.0,0.0,0.0,0.0
106072.118,3154.0,1872.0,0.0,0.0,0.0,0.0,0.0,0.0,-3.0,0.0,0.0,0.0,0.0,0.0
106082.119,3154.0,1871.0,0.0,0.0,0.0,0.0,0.0,0.0,2.0,0.0,0.0,0.0,0.0,0.0
106092.118,3154.0,1871.0,0.0,0.0,0.0,0.0,0.0,0.0,1.0,0.0,0.0,0.0,0.0,0.0
106102.118,3154.0,1873.0,0.0,0.0,0.0,0.0,0.0,0.0,3.0,0.0,0.0,0.0,0.0,0.0
106112.118,3154.0,1871.0,0.0,0.0,0.0,0.0,0.0,0.0,0.0,0.0,0.0,0.0,0.0,0.0
106122.118,3154.0,1871.0,0.0,0.0,0.0,0.0,0.0,0.0,1.0,0.0,0.0,0.0,0.0,0.0
106132.119,3154.0,1869.0,0.0,0.0,0.0,0.0,0.0,0.0,1.0,0.0,0.0,0.0,0.0,0.0
106142.118,3154.0,1872.0,0.0,0.0,0.0,0.0,0.0,0.0,0.0,0.0,0.0,0.0,0.0,0.0
106152.119,3154.0,1872.0,0.0,0.0,0.0,0.0,0.0,0.0,0.0,0.0,0.0,0.0,0.0,0.0
106162.118,3154.0,1873.0,0.0,0.0,0.0,0.0,0.0,0.0,2.0,0.0,0.0,0.0,0.0,0.0
106172.119,3154.0,1869.0,0.0,0.0,0.0,0.0,0.0,0.0,1.0,0.0,0.0,0.0,0.0,0.0
106182.118,3154.0,1872.0,0.0,0.0,0.0,0.0,0.0,0.0,3.0,0.0,0.0,0.0,0.0,0.0
106192.118,3154.0,1872.0,0.0,0.0,0.0,0.0,0.0,0.0,5.0,0.0,0.0,0.0,0.0,0.0
106202.118,3154.0,1870.0,0.0,0.0,0.0,0.0,0.0,0.0,0.0,0.0,0.0,0.0,0.0,0.0
106212.118,3154.0,1872.0,0.0,0.0,0.0,0.0,0.0,0.0,3.0,0.0,0.0,0.0,0.0,0.0
106222.119,3154.0,1868.0,0.0,0.0,0.0,0.0,0.0,0.0,3.0,0.0,0.0,0.0,0.0,0.0
106232.118,3154.0,1872.0,0.0,0.0,0.0,0.0,0.0,0.0,2.0,0.0,0.0,0.0,0.0,0.0
106242.119,3154.0,1868.0,0.0,0.0,0.0,0.0,0.0,0.0,1.0,0.0,0.0,0.0,0.0,0.0
106252.118,3154.0,1870.0,0.0,0.0,0.0,0.0,0.0,0.0,0.0,0.0,0.0,0.0,0.0,0.0
106262.118,3154.0,1874.0,0.0,0.0,0.0,0.0,0.0,0.0,1.0,0.0,0.0,0.0,0.0,0.0
106272.118,3154.0,1870.0,0.0,0.0,0.0,0.0,0.0,0.0,1.0,0.0,0.0,0.0,0.0,0.0
106282.118,3154.0,1870.0,0.0,0.0,0.0,0.0,0.0,0.0,-1.0,0.0,0.0,0.0,0.0,0.0
106292.118,3154.0,1870.0,0.0,0.0,0.0,0.0,0.0,0.0,0.0,0.0,0.0,0.0,0.0,0.0
106302.119,3154.0,1871.0,0.0,0.0,0.0,0.0,0.0,0.0,3.0,0.0,0.0,0.0,0.0,0.0
106312.118,3154.0,1869.0,0.0,0.0,0.0,0.0,0.0,0.0,5.0,0.0,0.0,0.0,0.0,0.0
106322.119,3154.0,1872.0,0.0,0.0,0.0,0.0,0.0,0.0,2.0,0.0,0.0,0.0,0.0,0.0
106332.118,3154.0,1870.0,0.0,0.0,0.0,0.0,0.0,0.0,2.0,0.0,0.0,0.0,0.0,0.0
106342.119,3154.0,1870.0,0.0,0.0,0.0,0.0,0.0,0.0,0.0,0.0,0.0,0.0,0.0,0.0
106352.118,3154.0,1873.0,0.0,0.0,0.0,0.0,0.0,0.0,1.0,0.0,0.0,0.0,0.0,0.0
106362.118,3154.0,1874.0,0.0,0.0,0.0,0.0,0.0,0.0,0.0,0.0,0.0,0.0,0.0,0.0
106372.118,3154.0,1870.0,0.0,0.0,0.0,0.0,0.0,0.0,1.0,0.0,0.0,0.0,0.0,0.0
106382.119,3154.0,1870.0,0.0,0.0,0.0,0.0,0.0,0.0,1.0,0.0,0.0,0.0,0.0,0.0
106392.118,3154.0,1872.0,0.0,0.0,0.0,0.0,0.0,0.0,2.0,0.0,0.0,0.0,0.0,0.0
106402.119,3154.0,1873.0,0.0,0.0,0.0,0.0,0.0,0.0,3.0,0.0,0.0,0.0,0.0,0.0
106412.118,3154.0,1872.0,0.0,0.0,0.0,0.0,0.0,0.0,-3.0,0.0,0.0,0.0,0.0,0.0
106422.118,3154.0,1871.0,0.0,0.0,0.0,0.0,0.0,0.0,-1.0,0.0,0.0,0.0,0.0,0.0
106432.118,3154.0,1871.0,0.0,0.0,0.0,0.0,0.0,0.0,3.0,0.0,0.0,0.0,0.0,0.0
106442.118,3154.0,1871.0,0.0,0.0,0.0,0.0,0.0,0.0,2.0,0.0,0.0,0.0,0.0,0.0
106452.119,3154.0,1869.0,0.0,0.0,0.0,0.0,0.0,0.0,2.0,0.0,0.0,0.0,0.0,0.0
106462.118,3154.0,1872.0,0.0,0.0,0.0,0.0,0.0,0.0,-1.0,0.0,0.0,0.0,0.0,0.0
106472.119,3154.0,1871.0,0.0,0.0,0.0,0.0,0.0,0.0,1.0,0.0,0.0,0.0,0.0,0.0
106482.118,3154.0,1873.0,0.0,0.0,0.0,0.0,0.0,0.0,3.0,0.0,0.0,0.0,0.0,0.0
106492.119,3154.0,1871.0,0.0,0.0,0.0,0.0,0.0,0.0,2.0,0.0,0.0,0.0,0.0,0.0
106502.118,3154.0,1871.0,0.0,0.0,0.0,0.0,0.0,0.0,2.0,0.0,0.0,0.0,0.0,0.0
106512.118,3154.0,1873.0,0.0,0.0,0.0,0.0,0.0,0.0,5.0,0.0,0.0,0.0,0.0,0.0
106522.118,3154.0,1872.0,0.0,0.0,0.0,0.0,0.0,0.0,-1.0,0.0,0.0,0.0,0.0,0.0
106532.118,3154.0,1869.0,0.0,0.0,0.0,0.0,0.0,0.0,3.0,0.0,0.0,0.0,0.0,0.0
106542.119,3154.0,1871.0,0.0,0.0,0.0,0.0,0.0,0.0,0.0,0.0,0.0,0.0,0.0,0.0
106552.118,3154.0,1873.0,0.0,0.0,0.0,0.0,0.0,0.0,4.0,0.0,0.0,0.0,0.0,0.0
106562.119,3154.0,1871.0,0.0,0.0,0.0,0.0,0.0,0.0,4.0,0.0,0.0,0.0,0.0,0.0
106572.118,3154.0,1872.0,0.0,0.0,0.0,0.0,0.0,0.0,3.0,0.0,0.0,0.0,0.0,0.0
106582.118,3154.0,1869.0,0.0,0.0,0.0,0.0,0.0,0.0,0.0,0.0,0.0,0.0,0.0,0.0
106592.118,3154.0,1870.0,0.0,0.0,0.0,0.0,0.0,0.0,2.0,0.0,0.0,0.0,0.0,0.0
106602.118,3154.0,1871.0,0.0,0.0,0.0,0.0,0.0,0.0,3.0,0.0,0.0,0.0,0.0,0.0
106612.118,3154.0,1871.0,0.0,0.0,0.0,0.0,0.0,0.0,0.0,0.0,0.0,0.0,0.0,0.0
106622.119,3154.0,1870.0,0.0,0.0,0.0,0.0,0.0,0.0,1.0,0.0,0.0,0.0,0.0,0.0
106632.118,3154.0,1872.0,0.0,0.0,0.0,0.0,0.0,0.0,0.0,0.0,0.0,0.0,0.0,0.0
106642.119,3154.0,1870.0,0.0,0.0,0.0,0.0,0.0,0.0,1.0,0.0,0.0,0.0,0.0,0.0
106652.118,3154.0,1871.0,0.0,0.0,0.0,0.0,0.0,0.0,2.0,0.0,0.0,0.0,0.0,0.0
106662.119,3154.0,1868.0,0.0,0.0,0.0,0.0,0.0,0.0,1.0,0.0,0.0,0.0,0.0,0.0
106672.118,3154.0,1869.0,0.0,0.0,0.0,0.0,0.0,0.0,1.0,0.0,0.0,0.0,0.0,0.0
106682.118,3154.0,1869.0,0.0,0.0,0.0,0.0,0.0,0.0,3.0,0.0,0.0,0.0,0.0,0.0
106692.118,3154.0,1871.0,0.0,0.0,0.0,0.0,0.0,0.0,1.0,0.0,0.0,0.0,0.0,0.0
106702.119,3154.0,1871.0,0.0,0.0,0.0,0.0,0.0,0.0,4.0,0.0,0.0,0.0,0.0,0.0
106712.118,3154.0,1874.0,0.0,0.0,0.0,0.0,0.0,0.0,0.0,0.0,0.0,0.0,0.0,0.0
106722.119,3154.0,1870.0,0.0,0.0,0.0,0.0,0.0,0.0,1.0,0.0,0.0,0.0,0.0,0.0
106732.118,3154.0,1872.0,0.0,0.0,0.0,0.0,0.0,0.0,-1.0,0.0,0.0,0.0,0.0,0.0
106742.118,3154.0,1871.0,0.0,0.0,0.0,0.0,0.0,0.0,1.0,0.0,0.0,0.0,0.0,0.0
106752.118,3154.0,1871.0,0.0,0.0,0.0,0.0,0.0,0.0,1.0,0.0,0.0,0.0,0.0,0.0
106762.118,3154.0,1870.0,0.0,0.0,0.0,0.0,0.0,0.0,0.0,0.0,0.0,0.0,0.0,0.0
106772.119,3154.0,1870.0,0.0,0.0,0.0,0.0,0.0,0.0,-1.0,0.0,0.0,0.0,0.0,0.0
106782.118,3154.0,1870.0,0.0,0.0,0.0,0.0,0.0,0.0,2.0,0.0,0.0,0.0,0.0,0.0
106792.119,3154.0,1870.0,0.0,0.0,0.0,0.0,0.0,0.0,0.0,0.0,0.0,0.0,0.0,0.0
106802.118,3154.0,1869.0,0.0,0.0,0.0,0.0,0.0,0.0,2.0,0.0,0.0,0.0,0.0,0.0
106812.119,3154.0,1871.0,0.0,0.0,0.0,0.0,0.0,0.0,1.0,0.0,0.0,0.0,0.0,0.0
106822.118,3154.0,1871.0,0.0,0.0,0.0,0.0,0.0,0.0,1.0,0.0,0.0,0.0,0.0,0.0
106832.118,3154.0,1872.0,0.0,0.0,0.0,0.0,0.0,0.0,2.0,0.0,0.0,0.0,0.0,0.0
106842.118,3154.0,1870.0,0.0,0.0,0.0,0.0,0.0,0.0,3.0,0.0,0.0,0.0,0.0,0.0
106852.118,3154.0,1872.0,0.0,0.0,0.0,0.0,0.0,0.0,0.0,0.0,0.0,0.0,0.0,0.0
106862.119,3154.0,1870.0,0.0,0.0,0.0,0.0,0.0,0.0,3.0,0.0,0.0,0.0,0.0,0.0
106872.118,3154.0,1874.0,0.0,0.0,0.0,0.0,0.0,0.0,2.0,0.0,0.0,0.0,0.0,0.0
106882.119,3154.0,1870.0,0.0,0.0,0.0,0.0,0.0,0.0,2.0,0.0,0.0,0.0,0.0,0.0
106892.118,3154.0,1873.0,0.0,0.0,0.0,0.0,0.0,0.0,3.0,0.0,0.0,0.0,0.0,0.0
106902.118,3154.0,1871.0,0.0,0.0,0.0,0.0,0.0,0.0,0.0,0.0,0.0,0.0,0.0,0.0
106912.118,3154.0,1871.0,0.0,0.0,0.0,0.0,0.0,0.0,2.0,0.0,0.0,0.0,0.0,0.0
106922.118,3154.0,1872.0,0.0,0.0,0.0,0.0,0.0,0.0,-1.0,0.0,0.0,0.0,0.0,0.0
106932.118,3154.0,1872.0,0.0,0.0,0.0,0.0,0.0,0.0,3.0,0.0,0.0,0.0,0.0,0.0
106942.119,3154.0,1871.0,0.0,0.0,0.0,0.0,0.0,0.0,1.0,0.0,0.0,0.0,0.0,0.0
106952.118,3154.0,1871.0,0.0,0.0,0.0,0.0,0.0,0.0,4.0,0.0,0.0,0.0,0.0,0.0
106962.119,3154.0,1870.0,0.0,0.0,0.0,0.0,0.0,0.0,2.0,0.0,0.0,0.0,0.0,0.0
106972.118,3154.0,1870.0,0.0,0.0,0.0,0.0,0.0,0.0,3.0,0.0,0.0,0.0,0.0,0.0
106982.119,3154.0,1871.0,0.0,0.0,0.0,0.0,0.0,0.0,4.0,0.0,0.0,0.0,0.0,0.0
106992.118,3154.0,1871.0,0.0,0.0,0.0,0.0,0.0,0.0,4.0,0.0,0.0,0.0,0.0,0.0
107002.118,3154.0,1870.0,0.0,0.0,0.0,0.0,0.0,0.0,0.0,0.0,0.0,0.0,0.0,0.0
107012.118,3154.0,1869.0,0.0,0.0,0.0,0.0,0.0,0.0,3.0,0.0,0.0,0.0,0.0,0.0
107022.119,3154.0,1873.0,0.0,0.0,0.0,0.0,0.0,0.0,4.0,0.0,0.0,0.0,0.0,0.0
107032.118,3154.0,1870.0,0.0,0.0,0.0,0.0,0.0,0.0,1.0,0.0,0.0,0.0,0.0,0.0
107042.119,3154.0,1872.0,0.0,0.0,0.0,0.0,0.0,0.0,0.0,0.0,0.0,0.0,0.0,0.0
107052.118,3154.0,1871.0,0.0,0.0,0.0,0.0,0.0,0.0,1.0,0.0,0.0,0.0,0.0,0.0
107062.118,3154.0,1871.0,0.0,0.0,0.0,0.0,0.0,0.0,1.0,0.0,0.0,0.0,0.0,0.0
107072.118,3154.0,1871.0,0.0,0.0,0.0,0.0,0.0,0.0,3.0,0.0,0.0,0.0,0.0,0.0
107082.118,3154.0,1870.0,0.0,0.0,0.0,0.0,0.0,0.0,0.0,0.0,0.0,0.0,0.0,0.0
107092.119,3154.0,1873.0,0.0,0.0,0.0,0.0,0.0,0.0,2.0,0.0,0.0,0.0,0.0,0.0
107102.118,3154.0,1870.0,0.0,0.0,0.0,0.0,0.0,0.0,0.0,0.0,0.0,0.0,0.0,0.0
107112.119,3154.0,1873.0,0.0,0.0,0.0,0.0,0.0,0.0,1.0,0.0,0.0,0.0,0.0,0.0
107122.118,3154.0,1873.0,0.0,0.0,0.0,0.0,0.0,0.0,1.0,0.0,0.0,0.0,0.0,0.0
107132.119,3154.0,1874.0,0.0,0.0,0.0,0.0,0.0,0.0,1.0,0.0,0.0,0.0,0.0,0.0
107142.118,3154.0,1873.0,0.0,0.0,0.0,0.0,0.0,0.0,3.0,0.0,0.0,0.0,0.0,0.0
107152.118,3154.0,1873.0,0.0,0.0,0.0,0.0,0.0,0.0,0.0,0.0,0.0,0.0,0.0,0.0
107162.118,3154.0,1871.0,0.0,0.0,0.0,0.0,0.0,0.0,2.0,0.0,0.0,0.0,0.0,0.0
107172.118,3154.0,1870.0,0.0,0.0,0.0,0.0,0.0,0.0,1.0,0.0,0.0,0.0,0.0,0.0
107182.119,3154.0,1871.0,0.0,0.0,0.0,0.0,0.0,0.0,3.0,0.0,0.0,0.0,0.0,0.0
107192.118,3154.0,1870.0,0.0,0.0,0.0,0.0,0.0,0.0,3.0,0.0,0.0,0.0,0.0,0.0
107202.119,3154.0,1870.0,0.0,0.0,0.0,0.0,0.0,0.0,1.0,0.0,0.0,0.0,0.0,0.0
107212.118,3154.0,1871.0,0.0,0.0,0.0,0.0,0.0,0.0,1.0,0.0,0.0,0.0,0.0,0.0
107222.118,3154.0,1873.0,0.0,0.0,0.0,0.0,0.0,0.0,2.0,0.0,0.0,0.0,0.0,0.0
107232.118,3154.0,1870.0,0.0,0.0,0.0,0.0,0.0,0.0,2.0,0.0,0.0,0.0,0.0,0.0
107242.118,3154.0,1870.0,0.0,0.0,0.0,0.0,0.0,0.0,0.0,0.0,0.0,0.0,0.0,0.0
107252.118,3154.0,1871.0,0.0,0.0,0.0,0.0,0.0,0.0,2.0,0.0,0.0,0.0,0.0,0.0
107262.119,3154.0,1869.0,0.0,0.0,0.0,0.0,0.0,0.0,1.0,0.0,0.0,0.0,0.0,0.0
107272.118,3154.0,1869.0,0.0,0.0,0.0,0.0,0.0,0.0,3.0,0.0,0.0,0.0,0.0,0.0
107282.119,3154.0,1871.0,0.0,0.0,0.0,0.0,0.0,0.0,2.0,0.0,0.0,0.0,0.0,0.0
107292.118,3154.0,1872.0,0.0,0.0,0.0,0.0,0.0,0.0,3.0,0.0,0.0,0.0,0.0,0.0
107302.119,3154.0,1871.0,0.0,0.0,0.0,0.0,0.0,0.0,4.0,0.0,0.0,0.0,0.0,0.0
107312.118,3154.0,1868.0,0.0,0.0,0.0,0.0,0.0,0.0,3.0,0.0,0.0,0.0,0.0,0.0
107322.118,3154.0,1872.0,0.0,0.0,0.0,0.0,0.0,0.0,1.0,0.0,0.0,0.0,0.0,0.0
107332.118,3154.0,1870.0,0.0,0.0,0.0,0.0,0.0,0.0,0.0,0.0,0.0,0.0,0.0,0.0
107342.119,3154.0,1874.0,0.0,0.0,0.0,0.0,0.0,0.0,2.0,0.0,0.0,0.0,0.0,0.0
107352.118,3154.0,1873.0,0.0,0.0,0.0,0.0,0.0,0.0,2.0,0.0,0.0,0.0,0.0,0.0
107362.119,3154.0,1869.0,0.0,0.0,0.0,0.0,0.0,0.0,1.0,0.0,0.0,0.0,0.0,0.0
107372.118,3154.0,1871.0,0.0,0.0,0.0,0.0,0.0,0.0,1.0,0.0,0.0,0.0,0.0,0.0
107382.118,3154.0,1873.0,0.0,0.0,0.0,0.0,0.0,0.0,1.0,0.0,0.0,0.0,0.0,0.0
107392.118,3154.0,1872.0,0.0,0.0,0.0,0.0,0.0,0.0,0.0,0.0,0.0,0.0,0.0,0.0
107402.118,3154.0,1870.0,0.0,0.0,0.0,0.0,0.0,0.0,-1.0,0.0,0.0,0.0,0.0,0.0
107412.119,3154.0,1870.0,0.0,0.0,0.0,0.0,0.0,0.0,3.0,0.0,0.0,0.0,0.0,0.0
107422.118,3154.0,1872.0,0.0,0.0,0.0,0.0,0.0,0.0,3.0,0.0,0.0,0.0,0.0,0.0
107432.119,3154.0,1871.0,0.0,0.0,0.0,0.0,0.0,0.0,1.0,0.0,0.0,0.0,0.0,0.0
107442.118,3154.0,1872.0,0.0,0.0,0.0,0.0,0.0,0.0,-1.0,0.0,0.0,0.0,0.0,0.0
107452.119,3154.0,1872.0,0.0,0.0,0.0,0.0,0.0,0.0,3.0,0.0,0.0,0.0,0.0,0.0
107462.118,3154.0,1869.0,0.0,0.0,0.0,0.0,0.0,0.0,1.0,0.0,0.0,0.0,0.0,0.0
107472.118,3154.0,1872.0,0.0,0.0,0.0,0.0,0.0,0.0,3.0,0.0,0.0,0.0,0.0,0.0
107482.118,3154.0,1870.0,0.0,0.0,0.0,0.0,0.0,0.0,5.0,0.0,0.0,0.0,0.0,0.0
107492.118,3154.0,1871.0,0.0,0.0,0.0,0.0,0.0,0.0,0.0,0.0,0.0,0.0,0.0,0.0
107502.119,3154.0,1873.0,0.0,0.0,0.0,0.0,0.0,0.0,2.0,0.0,0.0,0.0,0.0,0.0
107512.118,3154.0,1871.0,0.0,0.0,0.0,0.0,0.0,0.0,1.0,0.0,0.0,0.0,0.0,0.0
107522.119,3154.0,1873.0,0.0,0.0,0.0,0.0,0.0,0.0,2.0,0.0,0.0,0.0,0.0,0.0
107532.118,3154.0,1871.0,0.0,0.0,0.0,0.0,0.0,0.0,3.0,0.0,0.0,0.0,0.0,0.0
107542.118,3154.0,1872.0,0.0,0.0,0.0,0.0,0.0,0.0,-2.0,0.0,0.0,0.0,0.0,0.0
107552.118,3154.0,1869.0,0.0,0.0,0.0,0.0,0.0,0.0,-1.0,0.0,0.0,0.0,0.0,0.0
107562.118,3154.0,1870.0,0.0,0.0,0.0,0.0,0.0,0.0,-1.0,0.0,0.0,0.0,0.0,0.0
107572.118,3154.0,1871.0,0.0,0.0,0.0,0.0,0.0,0.0,-1.0,0.0,0.0,0.0,0.0,0.0
107582.119,3154.0,1874.0,0.0,0.0,0.0,0.0,0.0,0.0,4.0,0.0,0.0,0.0,0.0,0.0
107592.118,3154.0,1869.0,0.0,0.0,0.0,0.0,0.0,0.0,-1.0,0.0,0.0,0.0,0.0,0.0
107602.119,3154.0,1869.0,0.0,0.0,0.0,0.0,0.0,0.0,2.0,0.0,0.0,0.0,0.0,0.0
107612.118,3154.0,1871.0,0.0,0.0,0.0,0.0,0.0,0.0,2.0,0.0,0.0,0.0,0.0,0.0
107622.119,3154.0,1870.0,0.0,0.0,0.0,0.0,0.0,0.0,2.0,0.0,0.0,0.0,0.0,0.0
107632.118,3154.0,1871.0,0.0,0.0,0.0,0.0,0.0,0.0,1.0,0.0,0.0,0.0,0.0,0.0
107642.118,3154.0,1869.0,0.0,0.0,0.0,0.0,0.0,0.0,2.0,0.0,0.0,0.0,0.0,0.0
107652.118,3154.0,1871.0,0.0,0.0,0.0,0.0,0.0,0.0,2.0,0.0,0.0,0.0,0.0,0.0
107662.119,3154.0,1872.0,0.0,0.0,0.0,0.0,0.0,0.0,3.0,0.0,0.0,0.0,0.0,0.0
107672.118,3154.0,1871.0,0.0,0.0,0.0,0.0,0.0,0.0,0.0,0.0,0.0,0.0,0.0,0.0
107682.119,3154.0,1875.0,0.0,0.0,0.0,0.0,0.0,0.0,-1.0,0.0,0.0,0.0,0.0,0.0
107692.118,3154.0,1872.0,0.0,0.0,0.0,0.0,0.0,0.0,2.0,0.0,0.0,0.0,0.0,0.0
107702.118,3154.0,1873.0,0.0,0.0,0.0,0.0,0.0,0.0,1.0,0.0,0.0,0.0,0.0,0.0
107712.118,3154.0,1871.0,0.0,0.0,0.0,0.0,0.0,0.0,2.0,0.0,0.0,0.0,0.0,0.0
107722.118,3154.0,1872.0,0.0,0.0,0.0,0.0,0.0,0.0,1.0,0.0,0.0,0.0,0.0,0.0
107732.119,3154.0,1869.0,0.0,0.0,0.0,0.0,0.0,0.0,3.0,0.0,0.0,0.0,0.0,0.0
107742.118,3154.0,1873.0,0.0,0.0,0.0,0.0,0.0,0.0,1.0,0.0,0.0,0.0,0.0,0.0
107752.119,3154.0,1873.0,0.0,0.0,0.0,0.0,0.0,0.0,1.0,0.0,0.0,0.0,0.0,0.0
107762.118,3154.0,1869.0,0.0,0.0,0.0,0.0,0.0,0.0,2.0,0.0,0.0,0.0,0.0,0.0
107772.119,3154.0,1870.0,0.0,0.0,0.0,0.0,0.0,0.0,2.0,0.0,0.0,0.0,0.0,0.0
107782.118,3154.0,1871.0,0.0,0.0,0.0,0.0,0.0,0.0,-1.0,0.0,0.0,0.0,0.0,0.0
107792.118,3154.0,1870.0,0.0,0.0,0.0,0.0,0.0,0.0,-3.0,0.0,0.0,0.0,0.0,0.0
107802.118,3154.0,1870.0,0.0,0.0,0.0,0.0,0.0,0.0,1.0,0.0,0.0,0.0,0.0,0.0
107812.118,3154.0,1870.0,0.0,0.0,0.0,0.0,0.0,0.0,2.0,0.0,0.0,0.0,0.0,0.0
107822.119,3154.0,1871.0,0.0,0.0,0.0,0.0,0.0,0.0,3.0,0.0,0.0,0.0,0.0,0.0
107832.118,3154.0,1870.0,0.0,0.0,0.0,0.0,0.0,0.0,-2.0,0.0,0.0,0.0,0.0,0.0
107842.119,3154.0,1871.0,0.0,0.0,0.0,0.0,0.0,0.0,0.0,0.0,0.0,0.0,0.0,0.0
107852.118,3154.0,1870.0,0.0,0.0,0.0,0.0,0.0,0.0,1.0,0.0,0.0,0.0,0.0,0.0
107862.118,3154.0,1872.0,0.0,0.0,0.0,0.0,0.0,0.0,4.0,0.0,0.0,0.0,0.0,0.0
107872.118,3154.0,1869.0,0.0,0.0,0.0,0.0,0.0,0.0,2.0,0.0,0.0,0.0,0.0,0.0
107882.118,3154.0,1869.0,0.0,0.0,0.0,0.0,0.0,0.0,3.0,0.0,0.0,0.0,0.0,0.0
107892.118,3154.0,1872.0,0.0,0.0,0.0,0.0,0.0,0.0,2.0,0.0,0.0,0.0,0.0,0.0
107902.119,3154.0,1871.0,0.0,0.0,0.0,0.0,0.0,0.0,0.0,0.0,0.0,0.0,0.0,0.0
107912.118,3154.0,1874.0,0.0,0.0,0.0,0.0,0.0,0.0,1.0,0.0,0.0,0.0,0.0,0.0
107922.119,3154.0,1868.0,0.0,0.0,0.0,0.0,0.0,0.0,4.0,0.0,0.0,0.0,0.0,0.0
107932.118,3154.0,1870.0,0.0,0.0,0.0,0.0,0.0,0.0,3.0,0.0,0.0,0.0,0.0,0.0
107942.119,3154.0,1872.0,0.0,0.0,0.0,0.0,0.0,0.0,1.0,0.0,0.0,0.0,0.0,0.0
107952.118,3154.0,1870.0,0.0,0.0,0.0,0.0,0.0,0.0,1.0,0.0,0.0,0.0,0.0,0.0
107962.118,3154.0,1873.0,0.0,0.0,0.0,0.0,0.0,0.0,0.0,0.0,0.0,0.0,0.0,0.0
107972.118,3154.0,1872.0,0.0,0.0,0.0,0.0,0.0,0.0,4.0,0.0,0.0,0.0,0.0,0.0
107982.119,3154.0,1874.0,0.0,0.0,0.0,0.0,0.0,0.0,2.0,0.0,0.0,0.0,0.0,0.0
107992.118,3154.0,1871.0,0.0,0.0,0.0,0.0,0.0,0.0,4.0,0.0,0.0,0.0,0.0,0.0
108002.119,3154.0,1870.0,0.0,0.0,0.0,0.0,0.0,0.0,3.0,0.0,0.0,0.0,0.0,0.0
108012.118,3154.0,1868.0,0.0,0.0,0.0,0.0,0.0,0.0,0.0,0.0,0.0,0.0,0.0,0.0
108022.118,3154.0,1874.0,0.0,0.0,0.0,0.0,0.0,0.0,0.0,0.0,0.0,0.0,0.0,0.0
108032.118,3154.0,1868.0,0.0,0.0,0.0,0.0,0.0,0.0,1.0,0.0,0.0,0.0,0.0,0.0
108042.118,3154.0,1871.0,0.0,0.0,0.0,0.0,0.0,0.0,1.0,0.0,0.0,0.0,0.0,0.0
108052.119,3154.0,1868.0,0.0,0.0,0.0,0.0,0.0,0.0,0.0,0.0,0.0,0.0,0.0,0.0
108062.118,3154.0,1872.0,0.0,0.0,0.0,0.0,0.0,0.0,0.0,0.0,0.0,0.0,0.0,0.0
108072.119,3154.0,1870.0,0.0,0.0,0.0,0.0,0.0,0.0,2.0,0.0,0.0,0.0,0.0,0.0
108082.118,3154.0,1872.0,0.0,0.0,0.0,0.0,0.0,0.0,2.0,0.0,0.0,0.0,0.0,0.0
108092.119,3154.0,1874.0,0.0,0.0,0.0,0.0,0.0,0.0,2.0,0.0,0.0,0.0,0.0,0.0
108102.118,3154.0,1873.0,0.0,0.0,0.0,0.0,0.0,0.0,1.0,0.0,0.0,0.0,0.0,0.0
108112.118,3154.0,1872.0,0.0,0.0,0.0,0.0,0.0,0.0,0.0,0.0,0.0,0.0,0.0,0.0
108122.118,3154.0,1873.0,0.0,0.0,0.0,0.0,0.0,0.0,-1.0,0.0,0.0,0.0,0.0,0.0
108132.118,3154.0,1871.0,0.0,0.0,0.0,0.0,0.0,0.0,2.0,0.0,0.0,0.0,0.0,0.0
108142.119,3154.0,1870.0,0.0,0.0,0.0,0.0,0.0,0.0,0.0,0.0,0.0,0.0,0.0,0.0
108152.118,3154.0,1869.0,0.0,0.0,0.0,0.0,0.0,0.0,2.0,0.0,0.0,0.0,0.0,0.0
108162.119,3154.0,1871.0,0.0,0.0,0.0,0.0,0.0,0.0,1.0,0.0,0.0,0.0,0.0,0.0
108172.118,3154.0,1872.0,0.0,0.0,0.0,0.0,0.0,0.0,-1.0,0.0,0.0,0.0,0.0,0.0
108182.118,3154.0,1872.0,0.0,0.0,0.0,0.0,0.0,0.0,2.0,0.0,0.0,0.0,0.0,0.0
108192.118,3154.0,1870.0,0.0,0.0,0.0,0.0,0.0,0.0,1.0,0.0,0.0,0.0,0.0,0.0
108202.118,3154.0,1871.0,0.0,0.0,0.0,0.0,0.0,0.0,1.0,0.0,0.0,0.0,0.0,0.0
108212.118,3154.0,1869.0,0.0,0.0,0.0,0.0,0.0,0.0,1.0,0.0,0.0,0.0,0.0,0.0
108222.119,3154.0,1870.0,0.0,0.0,0.0,0.0,0.0,0.0,1.0,0.0,0.0,0.0,0.0,0.0
108232.118,3154.0,1870.0,0.0,0.0,0.0,0.0,0.0,0.0,-1.0,0.0,0.0,0.0,0.0,0.0
108242.119,3154.0,1873.0,0.0,0.0,0.0,0.0,0.0,0.0,2.0,0.0,0.0,0.0,0.0,0.0
108252.118,3154.0,1870.0,0.0,0.0,0.0,0.0,0.0,0.0,-2.0,0.0,0.0,0.0,0.0,0.0
108262.119,3154.0,1868.0,0.0,0.0,0.0,0.0,0.0,0.0,3.0,0.0,0.0,0.0,0.0,0.0
108272.118,3154.0,1867.0,0.0,0.0,0.0,0.0,0.0,0.0,3.0,0.0,0.0,0.0,0.0,0.0
108282.118,3154.0,1871.0,0.0,0.0,0.0,0.0,0.0,0.0,2.0,0.0,0.0,0.0,0.0,0.0
108292.118,3154.0,1868.0,0.0,0.0,0.0,0.0,0.0,0.0,0.0,0.0,0.0,0.0,0.0,0.0
108302.119,3154.0,1872.0,0.0,0.0,0.0,0.0,0.0,0.0,2.0,0.0,0.0,0.0,0.0,0.0
108312.118,3154.0,1873.0,0.0,0.0,0.0,0.0,0.0,0.0,2.0,0.0,0.0,0.0,0.0,0.0
108322.119,3154.0,1871.0,0.0,0.0,0.0,0.0,0.0,0.0,1.0,0.0,0.0,0.0,0.0,0.0
108332.118,3154.0,1871.0,0.0,0.0,0.0,0.0,0.0,0.0,1.0,0.0,0.0,0.0,0.0,0.0
108342.118,3154.0,1870.0,0.0,0.0,0.0,0.0,0.0,0.0,3.0,0.0,0.0,0.0,0.0,0.0
108352.118,3154.0,1869.0,0.0,0.0,0.0,0.0,0.0,0.0,3.0,0.0,0.0,0.0,0.0,0.0
108362.118,3154.0,1868.0,0.0,0.0,0.0,0.0,0.0,0.0,1.0,0.0,0.0,0.0,0.0,0.0
108372.119,3154.0,1869.0,0.0,0.0,0.0,0.0,0.0,0.0,2.0,0.0,0.0,0.0,0.0,0.0
108382.118,3154.0,1872.0,0.0,0.0,0.0,0.0,0.0,0.0,1.0,0.0,0.0,0.0,0.0,0.0
108392.119,3154.0,1873.0,0.0,0.0,0.0,0.0,0.0,0.0,3.0,0.0,0.0,0.0,0.0,0.0
108402.118,3154.0,1870.0,0.0,0.0,0.0,0.0,0.0,0.0,1.0,0.0,0.0,0.0,0.0,0.0
108412.119,3154.0,1872.0,0.0,0.0,0.0,0.0,0.0,0.0,1.0,0.0,0.0,0.0,0.0,0.0
108422.118,3154.0,1872.0,0.0,0.0,0.0,0.0,0.0,0.0,1.0,0.0,0.0,0.0,0.0,0.0
108432.118,3154.0,1869.0,0.0,0.0,0.0,0.0,0.0,0.0,3.0,0.0,0.0,0.0,0.0,0.0
108442.118,3154.0,1871.0,0.0,0.0,0.0,0.0,0.0,0.0,2.0,0.0,0.0,0.0,0.0,0.0
108452.118,3154.0,1869.0,0.0,0.0,0.0,0.0,0.0,0.0,4.0,0.0,0.0,0.0,0.0,0.0
108462.119,3154.0,1872.0,0.0,0.0,0.0,0.0,0.0,0.0,0.0,0.0,0.0,0.0,0.0,0.0
108472.118,3154.0,1873.0,0.0,0.0,0.0,0.0,0.0,0.0,0.0,0.0,0.0,0.0,0.0,0.0
108482.119,3154.0,1873.0,0.0,0.0,0.0,0.0,0.0,0.0,2.0,0.0,0.0,0.0,0.0,0.0
108492.118,3154.0,1871.0,0.0,0.0,0.0,0.0,0.0,0.0,4.0,0.0,0.0,0.0,0.0,0.0
108502.118,3154.0,1870.0,0.0,0.0,0.0,0.0,0.0,0.0,3.0,0.0,0.0,0.0,0.0,0.0
108512.118,3154.0,1873.0,0.0,0.0,0.0,0.0,0.0,0.0,2.0,0.0,0.0,0.0,0.0,0.0
108522.118,3154.0,1873.0,0.0,0.0,0.0,0.0,0.0,0.0,-2.0,0.0,0.0,0.0,0.0,0.0
108532.118,3154.0,1869.0,0.0,0.0,0.0,0.0,0.0,0.0,1.0,0.0,0.0,0.0,0.0,0.0
108542.119,3154.0,1871.0,0.0,0.0,0.0,0.0,0.0,0.0,-1.0,0.0,0.0,0.0,0.0,0.0
108552.118,3154.0,1870.0,0.0,0.0,0.0,0.0,0.0,0.0,3.0,0.0,0.0,0.0,0.0,0.0
108562.119,3154.0,1871.0,0.0,0.0,0.0,0.0,0.0,0.0,-2.0,0.0,0.0,0.0,0.0,0.0
108572.118,3154.0,1869.0,0.0,0.0,0.0,0.0,0.0,0.0,-1.0,0.0,0.0,0.0,0.0,0.0
108582.119,3154.0,1870.0,0.0,0.0,0.0,0.0,0.0,0.0,0.0,0.0,0.0,0.0,0.0,0.0
108592.118,3154.0,1869.0,0.0,0.0,0.0,0.0,0.0,0.0,4.0,0.0,0.0,0.0,0.0,0.0
108602.118,3154.0,1872.0,0.0,0.0,0.0,0.0,0.0,0.0,0.0,0.0,0.0,0.0,0.0,0.0
108612.118,3154.0,1872.0,0.0,0.0,0.0,0.0,0.0,0.0,0.0,0.0,0.0,0.0,0.0,0.0
108622.119,3154.0,1871.0,0.0,0.0,0.0,0.0,0.0,0.0,2.0,0.0,0.0,0.0,0.0,0.0
108632.118,3154.0,1870.0,0.0,0.0,0.0,0.0,0.0,0.0,1.0,0.0,0.0,0.0,0.0,0.0
108642.119,3154.0,1870.0,0.0,0.0,0.0,0.0,0.0,0.0,-1.0,0.0,0.0,0.0,0.0,0.0
108652.118,3154.0,1872.0,0.0,0.0,0.0,0.0,0.0,0.0,-1.0,0.0,0.0,0.0,0.0,0.0
108662.118,3154.0,1872.0,0.0,0.0,0.0,0.0,0.0,0.0,-1.0,0.0,0.0,0.0,0.0,0.0
108672.118,3154.0,1871.0,0.0,0.0,0.0,0.0,0.0,0.0,0.0,0.0,0.0,0.0,0.0,0.0
108682.118,3154.0,1874.0,0.0,0.0,0.0,0.0,0.0,0.0,1.0,0.0,0.0,0.0,0.0,0.0
108692.119,3154.0,1870.0,0.0,0.0,0.0,0.0,0.0,0.0,3.0,0.0,0.0,0.0,0.0,0.0
108702.118,3154.0,1869.0,0.0,0.0,0.0,0.0,0.0,0.0,3.0,0.0,0.0,0.0,0.0,0.0
108712.119,3154.0,1870.0,0.0,0.0,0.0,0.0,0.0,0.0,1.0,0.0,0.0,0.0,0.0,0.0
108722.118,3154.0,1873.0,0.0,0.0,0.0,0.0,0.0,0.0,1.0,0.0,0.0,0.0,0.0,0.0
108732.119,3154.0,1870.0,0.0,0.0,0.0,0.0,0.0,0.0,2.0,0.0,0.0,0.0,0.0,0.0
108742.118,3154.0,1872.0,0.0,0.0,0.0,0.0,0.0,0.0,3.0,0.0,0.0,0.0,0.0,0.0
108752.118,3154.0,1873.0,0.0,0.0,0.0,0.0,0.0,0.0,4.0,0.0,0.0,0.0,0.0,0.0
108762.118,3154.0,1871.0,0.0,0.0,0.0,0.0,0.0,0.0,4.0,0.0,0.0,0.0,0.0,0.0
108772.118,3154.0,1871.0,0.0,0.0,0.0,0.0,0.0,0.0,3.0,0.0,0.0,0.0,0.0,0.0
108782.119,3154.0,1870.0,0.0,0.0,0.0,0.0,0.0,0.0,-1.0,0.0,0.0,0.0,0.0,0.0
108792.118,3154.0,1870.0,0.0,0.0,0.0,0.0,0.0,0.0,0.0,0.0,0.0,0.0,0.0,0.0
108802.119,3154.0,1871.0,0.0,0.0,0.0,0.0,0.0,0.0,2.0,0.0,0.0,0.0,0.0,0.0
108812.118,3154.0,1870.0,0.0,0.0,0.0,0.0,0.0,0.0,2.0,0.0,0.0,0.0,0.0,0.0
108822.118,3154.0,1869.0,0.0,0.0,0.0,0.0,0.0,0.0,1.0,0.0,0.0,0.0,0.0,0.0
108832.118,3154.0,1871.0,0.0,0.0,0.0,0.0,0.0,0.0,1.0,0.0,0.0,0.0,0.0,0.0
108842.118,3154.0,1870.0,0.0,0.0,0.0,0.0,0.0,0.0,1.0,0.0,0.0,0.0,0.0,0.0
108852.118,3154.0,1870.0,0.0,0.0,0.0,0.0,0.0,0.0,2.0,0.0,0.0,0.0,0.0,0.0
108862.119,3154.0,1872.0,0.0,0.0,0.0,0.0,0.0,0.0,1.0,0.0,0.0,0.0,0.0,0.0
108872.118,3154.0,1868.0,0.0,0.0,0.0,0.0,0.0,0.0,2.0,0.0,0.0,0.0,0.0,0.0
108882.119,3154.0,1870.0,0.0,0.0,0.0,0.0,0.0,0.0,4.0,0.0,0.0,0.0,0.0,0.0
108892.118,3154.0,1872.0,0.0,0.0,0.0,0.0,0.0,0.0,2.0,0.0,0.0,0.0,0.0,0.0
108902.119,3154.0,1870.0,0.0,0.0,0.0,0.0,0.0,0.0,1.0,0.0,0.0,0.0,0.0,0.0
108912.118,3154.0,1872.0,0.0,0.0,0.0,0.0,0.0,0.0,4.0,0.0,0.0,0.0,0.0,0.0
108922.118,3154.0,1871.0,0.0,0.0,0.0,0.0,0.0,0.0,4.0,0.0,0.0,0.0,0.0,0.0
108932.118,3154.0,1871.0,0.0,0.0,0.0,0.0,0.0,0.0,-2.0,0.0,0.0,0.0,0.0,0.0
108942.119,3154.0,1870.0,0.0,0.0,0.0,0.0,0.0,0.0,2.0,0.0,0.0,0.0,0.0,0.0
108952.118,3154.0,1870.0,0.0,0.0,0.0,0.0,0.0,0.0,2.0,0.0,0.0,0.0,0.0,0.0
108962.119,3154.0,1872.0,0.0,0.0,0.0,0.0,0.0,0.0,1.0,0.0,0.0,0.0,0.0,0.0
108972.118,3154.0,1869.0,0.0,0.0,0.0,0.0,0.0,0.0,0.0,0.0,0.0,0.0,0.0,0.0
108982.118,3154.0,1872.0,0.0,0.0,0.0,0.0,0.0,0.0,1.0,0.0,0.0,0.0,0.0,0.0
108992.118,3154.0,1871.0,0.0,0.0,0.0,0.0,0.0,0.0,0.0,0.0,0.0,0.0,0.0,0.0
109002.118,3154.0,1871.0,0.0,0.0,0.0,0.0,0.0,0.0,3.0,0.0,0.0,0.0,0.0,0.0
109012.119,3154.0,1868.0,0.0,0.0,0.0,0.0,0.0,0.0,3.0,0.0,0.0,0.0,0.0,0.0
109022.118,3154.0,1871.0,0.0,0.0,0.0,0.0,0.0,0.0,1.0,0.0,0.0,0.0,0.0,0.0
109032.119,3154.0,1871.0,0.0,0.0,0.0,0.0,0.0,0.0,-2.0,0.0,0.0,0.0,0.0,0.0
109042.118,3154.0,1869.0,0.0,0.0,0.0,0.0,0.0,0.0,0.0,0.0,0.0,0.0,0.0,0.0
109052.119,3154.0,1871.0,0.0,0.0,0.0,0.0,0.0,0.0,3.0,0.0,0.0,0.0,0.0,0.0
109062.118,3154.0,1871.0,0.0,0.0,0.0,0.0,0.0,0.0,2.0,0.0,0.0,0.0,0.0,0.0
109072.118,3154.0,1874.0,0.0,0.0,0.0,0.0,0.0,0.0,0.0,0.0,0.0,0.0,0.0,0.0
109082.118,3154.0,1871.0,0.0,0.0,0.0,0.0,0.0,0.0,2.0,0.0,0.0,0.0,0.0,0.0
109092.118,3154.0,1876.0,0.0,0.0,0.0,0.0,0.0,0.0,0.0,0.0,0.0,0.0,0.0,0.0
109102.119,3154.0,1870.0,0.0,0.0,0.0,0.0,0.0,0.0,1.0,0.0,0.0,0.0,0.0,0.0
109112.118,3154.0,1870.0,0.0,0.0,0.0,0.0,0.0,0.0,3.0,0.0,0.0,0.0,0.0,0.0
109122.119,3154.0,1868.0,0.0,0.0,0.0,0.0,0.0,0.0,2.0,0.0,0.0,0.0,0.0,0.0
109132.118,3154.0,1871.0,0.0,0.0,0.0,0.0,0.0,0.0,1.0,0.0,0.0,0.0,0.0,0.0
109142.118,3154.0,1874.0,0.0,0.0,0.0,0.0,0.0,0.0,3.0,0.0,0.0,0.0,0.0,0.0
109152.118,3154.0,1872.0,0.0,0.0,0.0,0.0,0.0,0.0,2.0,0.0,0.0,0.0,0.0,0.0
109162.118,3154.0,1872.0,0.0,0.0,0.0,0.0,0.0,0.0,3.0,0.0,0.0,0.0,0.0,0.0
109172.118,3154.0,1872.0,0.0,0.0,0.0,0.0,0.0,0.0,2.0,0.0,0.0,0.0,0.0,0.0
109182.119,3154.0,1868.0,0.0,0.0,0.0,0.0,0.0,0.0,2.0,0.0,0.0,0.0,0.0,0.0
109192.118,3154.0,1870.0,0.0,0.0,0.0,0.0,0.0,0.0,3.0,0.0,0.0,0.0,0.0,0.0
109202.119,3154.0,1871.0,0.0,0.0,0.0,0.0,0.0,0.0,0.0,0.0,0.0,0.0,0.0,0.0
109212.118,3154.0,1870.0,0.0,0.0,0.0,0.0,0.0,0.0,3.0,0.0,0.0,0.0,0.0,0.0
109222.119,3154.0,1870.0,0.0,0.0,0.0,0.0,0.0,0.0,2.0,0.0,0.0,0.0,0.0,0.0
109232.118,3154.0,1870.0,0.0,0.0,0.0,0.0,0.0,0.0,2.0,0.0,0.0,0.0,0.0,0.0
109242.118,3154.0,1870.0,0.0,0.0,0.0,0.0,0.0,0.0,1.0,0.0,0.0,0.0,0.0,0.0
109252.118,3154.0,1868.0,0.0,0.0,0.0,0.0,0.0,0.0,3.0,0.0,0.0,0.0,0.0,0.0
109262.119,3154.0,1870.0,0.0,0.0,0.0,0.0,0.0,0.0,0.0,0.0,0.0,0.0,0.0,0.0
109272.118,3154.0,1869.0,0.0,0.0,0.0,0.0,0.0,0.0,0.0,0.0,0.0,0.0,0.0,0.0
109282.119,3154.0,1872.0,0.0,0.0,0.0,0.0,0.0,0.0,2.0,0.0,0.0,0.0,0.0,0.0
109292.118,3154.0,1871.0,0.0,0.0,0.0,0.0,0.0,0.0,3.0,0.0,0.0,0.0,0.0,0.0
109302.118,3154.0,1873.0,0.0,0.0,0.0,0.0,0.0,0.0,4.0,0.0,0.0,0.0,0.0,0.0
109312.118,3154.0,1873.0,0.0,0.0,0.0,0.0,0.0,0.0,-1.0,0.0,0.0,0.0,0.0,0.0
109322.118,3154.0,1870.0,0.0,0.0,0.0,0.0,0.0,0.0,0.0,0.0,0.0,0.0,0.0,0.0
109332.119,3154.0,1870.0,0.0,0.0,0.0,0.0,0.0,0.0,2.0,0.0,0.0,0.0,0.0,0.0
109342.118,3154.0,1872.0,0.0,0.0,0.0,0.0,0.0,0.0,1.0,0.0,0.0,0.0,0.0,0.0
109352.119,3154.0,1871.0,0.0,0.0,0.0,0.0,0.0,0.0,1.0,0.0,0.0,0.0,0.0,0.0
109362.118,3154.0,1869.0,0.0,0.0,0.0,0.0,0.0,0.0,3.0,0.0,0.0,0.0,0.0,0.0
109372.119,3154.0,1871.0,0.0,0.0,0.0,0.0,0.0,0.0,2.0,0.0,0.0,0.0,0.0,0.0
109382.118,3154.0,1869.0,0.0,0.0,0.0,0.0,0.0,0.0,3.0,0.0,0.0,0.0,0.0,0.0
109392.118,3154.0,1871.0,0.0,0.0,0.0,0.0,0.0,0.0,0.0,0.0,0.0,0.0,0.0,0.0
109402.118,3154.0,1872.0,0.0,0.0,0.0,0.0,0.0,0.0,3.0,0.0,0.0,0.0,0.0,0.0
109412.118,3154.0,1871.0,0.0,0.0,0.0,0.0,0.0,0.0,0.0,0.0,0.0,0.0,0.0,0.0
109422.119,3154.0,1872.0,0.0,0.0,0.0,0.0,0.0,0.0,-2.0,0.0,0.0,0.0,0.0,0.0
109432.118,3154.0,1868.0,0.0,0.0,0.0,0.0,0.0,0.0,1.0,0.0,0.0,0.0,0.0,0.0
109442.119,3154.0,1871.0,0.0,0.0,0.0,0.0,0.0,0.0,3.0,0.0,0.0,0.0,0.0,0.0
109452.118,3154.0,1869.0,0.0,0.0,0.0,0.0,0.0,0.0,3.0,0.0,0.0,0.0,0.0,0.0
109462.118,3154.0,1870.0,0.0,0.0,0.0,0.0,0.0,0.0,3.0,0.0,0.0,0.0,0.0,0.0
109472.118,3154.0,1872.0,0.0,0.0,0.0,0.0,0.0,0.0,1.0,0.0,0.0,0.0,0.0,0.0
109482.118,3154.0,1870.0,0.0,0.0,0.0,0.0,0.0,0.0,0.0,0.0,0.0,0.0,0.0,0.0
109492.118,3154.0,1870.0,0.0,0.0,0.0,0.0,0.0,0.0,2.0,0.0,0.0,0.0,0.0,0.0
109502.119,3154.0,1871.0,0.0,0.0,0.0,0.0,0.0,0.0,0.0,0.0,0.0,0.0,0.0,0.0
109512.118,3154.0,1872.0,0.0,0.0,0.0,0.0,0.0,0.0,1.0,0.0,0.0,0.0,0.0,0.0
109522.119,3154.0,1872.0,0.0,0.0,0.0,0.0,0.0,0.0,0.0,0.0,0.0,0.0,0.0,0.0
109532.118,3154.0,1869.0,0.0,0.0,0.0,0.0,0.0,0.0,4.0,0.0,0.0,0.0,0.0,0.0
109542.119,3154.0,1870.0,0.0,0.0,0.0,0.0,0.0,0.0,1.0,0.0,0.0,0.0,0.0,0.0
109552.118,3154.0,1872.0,0.0,0.0,0.0,0.0,0.0,0.0,-1.0,0.0,0.0,0.0,0.0,0.0
109562.118,3154.0,1871.0,0.0,0.0,0.0,0.0,0.0,0.0,1.0,0.0,0.0,0.0,0.0,0.0
109572.118,3154.0,1871.0,0.0,0.0,0.0,0.0,0.0,0.0,2.0,0.0,0.0,0.0,0.0,0.0
109582.119,3154.0,1869.0,0.0,0.0,0.0,0.0,0.0,0.0,2.0,0.0,0.0,0.0,0.0,0.0
109592.118,3154.0,1871.0,0.0,0.0,0.0,0.0,0.0,0.0,3.0,0.0,0.0,0.0,0.0,0.0
109602.119,3154.0,1870.0,0.0,0.0,0.0,0.0,0.0,0.0,2.0,0.0,0.0,0.0,0.0,0.0
109612.118,3154.0,1870.0,0.0,0.0,0.0,0.0,0.0,0.0,0.0,0.0,0.0,0.0,0.0,0.0
109622.118,3154.0,1869.0,0.0,0.0,0.0,0.0,0.0,0.0,1.0,0.0,0.0,0.0,0.0,0.0
109632.118,3154.0,1870.0,0.0,0.0,0.0,0.0,0.0,0.0,-1.0,0.0,0.0,0.0,0.0,0.0
109642.118,3154.0,1872.0,0.0,0.0,0.0,0.0,0.0,0.0,2.0,0.0,0.0,0.0,0.0,0.0
109652.119,3154.0,1870.0,0.0,0.0,0.0,0.0,0.0,0.0,0.0,0.0,0.0,0.0,0.0,0.0
109662.118,3154.0,1873.0,0.0,0.0,0.0,0.0,0.0,0.0,0.0,0.0,0.0,0.0,0.0,0.0
109672.119,3154.0,1871.0,0.0,0.0,0.0,0.0,0.0,0.0,-1.0,0.0,0.0,0.0,0.0,0.0
109682.118,3154.0,1871.0,0.0,0.0,0.0,0.0,0.0,0.0,1.0,0.0,0.0,0.0,0.0,0.0
109692.119,3154.0,1875.0,0.0,0.0,0.0,0.0,0.0,0.0,1.0,0.0,0.0,0.0,0.0,0.0
109702.118,3154.0,1870.0,0.0,0.0,0.0,0.0,0.0,0.0,0.0,0.0,0.0,0.0,0.0,0.0
109712.118,3154.0,1870.0,0.0,0.0,0.0,0.0,0.0,0.0,2.0,0.0,0.0,0.0,0.0,0.0
109722.118,3154.0,1869.0,0.0,0.0,0.0,0.0,0.0,0.0,0.0,0.0,0.0,0.0,0.0,0.0
109732.118,3154.0,1872.0,0.0,0.0,0.0,0.0,0.0,0.0,1.0,0.0,0.0,0.0,0.0,0.0
109742.119,3154.0,1871.0,0.0,0.0,0.0,0.0,0.0,0.0,3.0,0.0,0.0,0.0,0.0,0.0
109752.118,3154.0,1871.0,0.0,0.0,0.0,0.0,0.0,0.0,0.0,0.0,0.0,0.0,0.0,0.0
109762.119,3154.0,1871.0,0.0,0.0,0.0,0.0,0.0,0.0,-1.0,0.0,0.0,0.0,0.0,0.0
109772.118,3154.0,1870.0,0.0,0.0,0.0,0.0,0.0,0.0,1.0,0.0,0.0,0.0,0.0,0.0
109782.118,3154.0,1872.0,0.0,0.0,0.0,0.0,0.0,0.0,1.0,0.0,0.0,0.0,0.0,0.0
109792.118,3154.0,1872.0,0.0,0.0,0.0,0.0,0.0,0.0,1.0,0.0,0.0,0.0,0.0,0.0
109802.118,3154.0,1870.0,0.0,0.0,0.0,0.0,0.0,0.0,1.0,0.0,0.0,0.0,0.0,0.0
109812.118,3154.0,1872.0,0.0,0.0,0.0,0.0,0.0,0.0,0.0,0.0,0.0,0.0,0.0,0.0
109822.119,3154.0,1870.0,0.0,0.0,0.0,0.0,0.0,0.0,0.0,0.0,0.0,0.0,0.0,0.0
109832.118,3154.0,1872.0,0.0,0.0,0.0,0.0,0.0,0.0,2.0,0.0,0.0,0.0,0.0,0.0
109842.119,3154.0,1871.0,0.0,0.0,0.0,0.0,0.0,0.0,2.0,0.0,0.0,0.0,0.0,0.0
109852.118,3154.0,1870.0,0.0,0.0,0.0,0.0,0.0,0.0,0.0,0.0,0.0,0.0,0.0,0.0
109862.119,3154.0,1871.0,0.0,0.0,0.0,0.0,0.0,0.0,4.0,0.0,0.0,0.0,0.0,0.0
109872.118,3154.0,1871.0,0.0,0.0,0.0,0.0,0.0,0.0,2.0,0.0,0.0,0.0,0.0,0.0
109882.118,3154.0,1871.0,0.0,0.0,0.0,0.0,0.0,0.0,3.0,0.0,0.0,0.0,0.0,0.0
109892.118,3154.0,1874.0,0.0,0.0,0.0,0.0,0.0,0.0,1.0,0.0,0.0,0.0,0.0,0.0
109902.119,3154.0,1872.0,0.0,0.0,0.0,0.0,0.0,0.0,1.0,0.0,0.0,0.0,0.0,0.0
109912.118,3154.0,1870.0,0.0,0.0,0.0,0.0,0.0,0.0,1.0,0.0,0.0,0.0,0.0,0.0
109922.119,3154.0,1873.0,0.0,0.0,0.0,0.0,0.0,0.0,3.0,0.0,0.0,0.0,0.0,0.0
109932.118,3154.0,1870.0,0.0,0.0,0.0,0.0,0.0,0.0,0.0,0.0,0.0,0.0,0.0,0.0
109942.118,3154.0,1869.0,0.0,0.0,0.0,0.0,0.0,0.0,1.0,0.0,0.0,0.0,0.0,0.0
109952.118,3154.0,1871.0,0.0,0.0,0.0,0.0,0.0,0.0,2.0,0.0,0.0,0.0,0.0,0.0
109962.118,3154.0,1874.0,0.0,0.0,0.0,0.0,0.0,0.0,5.0,0.0,0.0,0.0,0.0,0.0
109972.119,3154.0,1873.0,0.0,0.0,0.0,0.0,0.0,0.0,3.0,0.0,0.0,0.0,0.0,0.0
109982.118,3154.0,1868.0,0.0,0.0,0.0,0.0,0.0,0.0,1.0,0.0,0.0,0.0,0.0,0.0
109992.119,3154.0,1870.0,0.0,0.0,0.0,0.0,0.0,0.0,2.0,0.0,0.0,0.0,0.0,0.0
110002.118,3154.0,1868.0,0.0,0.0,0.0,0.0,0.0,0.0,0.0,0.0,0.0,0.0,0.0,0.0
110012.119,3154.0,1871.0,0.0,0.0,0.0,0.0,0.0,0.0,1.0,0.0,0.0,0.0,0.0,0.0
110022.118,3154.0,1872.0,0.0,0.0,0.0,0.0,0.0,0.0,0.0,0.0,0.0,0.0,0.0,0.0
110032.118,3154.0,1870.0,0.0,0.0,0.0,0.0,0.0,0.0,2.0,0.0,0.0,0.0,0.0,0.0
110042.118,3154.0,1870.0,0.0,0.0,0.0,0.0,0.0,0.0,2.0,0.0,0.0,0.0,0.0,0.0
110052.118,3154.0,1870.0,0.0,0.0,0.0,0.0,0.0,0.0,0.0,0.0,0.0,0.0,0.0,0.0
110062.119,3154.0,1873.0,0.0,0.0,0.0,0.0,0.0,0.0,1.0,0.0,0.0,0.0,0.0,0.0
110072.118,3154.0,1872.0,0.0,0.0,0.0,0.0,0.0,0.0,3.0,0.0,0.0,0.0,0.0,0.0
110082.119,3154.0,1872.0,0.0,0.0,0.0,0.0,0.0,0.0,2.0,0.0,0.0,0.0,0.0,0.0
110092.118,3154.0,1870.0,0.0,0.0,0.0,0.0,0.0,0.0,-1.0,0.0,0.0,0.0,0.0,0.0
110102.118,3154.0,1872.0,0.0,0.0,0.0,0.0,0.0,0.0,1.0,0.0,0.0,0.0,0.0,0.0
110112.118,3154.0,1871.0,0.0,0.0,0.0,0.0,0.0,0.0,1.0,0.0,0.0,0.0,0.0,0.0
110122.118,3154.0,1871.0,0.0,0.0,0.0,0.0,0.0,0.0,3.0,0.0,0.0,0.0,0.0,0.0
110132.118,3154.0,1869.0,0.0,0.0,0.0,0.0,0.0,0.0,3.0,0.0,0.0,0.0,0.0,0.0
110142.119,3154.0,1870.0,0.0,0.0,0.0,0.0,0.0,0.0,-1.0,0.0,0.0,0.0,0.0,0.0
110152.118,3154.0,1872.0,0.0,0.0,0.0,0.0,0.0,0.0,2.0,0.0,0.0,0.0,0.0,0.0
110162.119,3154.0,1873.0,0.0,0.0,0.0,0.0,0.0,0.0,1.0,0.0,0.0,0.0,0.0,0.0
110172.118,3154.0,1872.0,0.0,0.0,0.0,0.0,0.0,0.0,2.0,0.0,0.0,0.0,0.0,0.0
110182.119,3154.0,1871.0,0.0,0.0,0.0,0.0,0.0,0.0,0.0,0.0,0.0,0.0,0.0,0.0
110192.118,3154.0,1871.0,0.0,0.0,0.0,0.0,0.0,0.0,3.0,0.0,0.0,0.0,0.0,0.0
110202.118,3154.0,1872.0,0.0,0.0,0.0,0.0,0.0,0.0,1.0,0.0,0.0,0.0,0.0,0.0
110212.118,3154.0,1872.0,0.0,0.0,0.0,0.0,0.0,0.0,2.0,0.0,0.0,0.0,0.0,0.0
110222.119,3154.0,1869.0,0.0,0.0,0.0,0.0,0.0,0.0,0.0,0.0,0.0,0.0,0.0,0.0
110232.118,3154.0,1871.0,0.0,0.0,0.0,0.0,0.0,0.0,2.0,0.0,0.0,0.0,0.0,0.0
110242.119,3154.0,1872.0,0.0,0.0,0.0,0.0,0.0,0.0,0.0,0.0,0.0,0.0,0.0,0.0
110252.118,3154.0,1873.0,0.0,0.0,0.0,0.0,0.0,0.0,2.0,0.0,0.0,0.0,0.0,0.0
110262.118,3154.0,1872.0,0.0,0.0,0.0,0.0,0.0,0.0,2.0,0.0,0.0,0.0,0.0,0.0
110272.118,3154.0,1871.0,0.0,0.0,0.0,0.0,0.0,0.0,0.0,0.0,0.0,0.0,0.0,0.0
110282.118,3154.0,1870.0,0.0,0.0,0.0,0.0,0.0,0.0,2.0,0.0,0.0,0.0,0.0,0.0
110292.119,3154.0,1870.0,0.0,0.0,0.0,0.0,0.0,0.0,1.0,0.0,0.0,0.0,0.0,0.0
110302.118,3154.0,1870.0,0.0,0.0,0.0,0.0,0.0,0.0,2.0,0.0,0.0,0.0,0.0,0.0
110312.119,3154.0,1874.0,0.0,0.0,0.0,0.0,0.0,0.0,3.0,0.0,0.0,0.0,0.0,0.0
110322.118,3154.0,1873.0,0.0,0.0,0.0,0.0,0.0,0.0,2.0,0.0,0.0,0.0,0.0,0.0
110332.119,3154.0,1866.0,0.0,0.0,0.0,0.0,0.0,0.0,4.0,0.0,0.0,0.0,0.0,0.0
110342.118,3154.0,1871.0,0.0,0.0,0.0,0.0,0.0,0.0,0.0,0.0,0.0,0.0,0.0,0.0
110352.118,3154.0,1871.0,0.0,0.0,0.0,0.0,0.0,0.0,1.0,0.0,0.0,0.0,0.0,0.0
110362.118,3154.0,1871.0,0.0,0.0,0.0,0.0,0.0,0.0,2.0,0.0,0.0,0.0,0.0,0.0
110372.118,3154.0,1869.0,0.0,0.0,0.0,0.0,0.0,0.0,0.0,0.0,0.0,0.0,0.0,0.0
110382.119,3154.0,1871.0,0.0,0.0,0.0,0.0,0.0,0.0,3.0,0.0,0.0,0.0,0.0,0.0
110392.118,3154.0,1875.0,0.0,0.0,0.0,0.0,0.0,0.0,1.0,0.0,0.0,0.0,0.0,0.0
110402.119,3154.0,1873.0,0.0,0.0,0.0,0.0,0.0,0.0,0.0,0.0,0.0,0.0,0.0,0.0
110412.118,3154.0,1870.0,0.0,0.0,0.0,0.0,0.0,0.0,2.0,0.0,0.0,0.0,0.0,0.0
110422.118,3154.0,1873.0,0.0,0.0,0.0,0.0,0.0,0.0,-1.0,0.0,0.0,0.0,0.0,0.0
110432.118,3154.0,1872.0,0.0,0.0,0.0,0.0,0.0,0.0,4.0,0.0,0.0,0.0,0.0,0.0
110442.118,3154.0,1870.0,0.0,0.0,0.0,0.0,0.0,0.0,1.0,0.0,0.0,0.0,0.0,0.0
110452.118,3154.0,1871.0,0.0,0.0,0.0,0.0,0.0,0.0,2.0,0.0,0.0,0.0,0.0,0.0
110462.119,3154.0,1872.0,0.0,0.0,0.0,0.0,0.0,0.0,1.0,0.0,0.0,0.0,0.0,0.0
110472.118,3154.0,1871.0,0.0,0.0,0.0,0.0,0.0,0.0,1.0,0.0,0.0,0.0,0.0,0.0
110482.119,3154.0,1871.0,0.0,0.0,0.0,0.0,0.0,0.0,1.0,0.0,0.0,0.0,0.0,0.0
110492.118,3154.0,1869.0,0.0,0.0,0.0,0.0,0.0,0.0,1.0,0.0,0.0,0.0,0.0,0.0
110502.119,3154.0,1869.0,0.0,0.0,0.0,0.0,0.0,0.0,1.0,0.0,0.0,0.0,0.0,0.0
110512.118,3154.0,1871.0,0.0,0.0,0.0,0.0,0.0,0.0,5.0,0.0,0.0,0.0,0.0,0.0
110522.118,3154.0,1870.0,0.0,0.0,0.0,0.0,0.0,0.0,2.0,0.0,0.0,0.0,0.0,0.0
110532.118,3154.0,1870.0,0.0,0.0,0.0,0.0,0.0,0.0,2.0,0.0,0.0,0.0,0.0,0.0
110542.119,3154.0,1871.0,0.0,0.0,0.0,0.0,0.0,0.0,1.0,0.0,0.0,0.0,0.0,0.0
110552.118,3154.0,1871.0,0.0,0.0,0.0,0.0,0.0,0.0,1.0,0.0,0.0,0.0,0.0,0.0
110562.119,3154.0,1871.0,0.0,0.0,0.0,0.0,0.0,0.0,1.0,0.0,0.0,0.0,0.0,0.0
110572.118,3154.0,1875.0,0.0,0.0,0.0,0.0,0.0,0.0,0.0,0.0,0.0,0.0,0.0,0.0
110582.118,3154.0,1870.0,0.0,0.0,0.0,0.0,0.0,0.0,2.0,0.0,0.0,0.0,0.0,0.0
110592.118,3154.0,1871.0,0.0,0.0,0.0,0.0,0.0,0.0,2.0,0.0,0.0,0.0,0.0,0.0
110602.118,3154.0,1869.0,0.0,0.0,0.0,0.0,0.0,0.0,0.0,0.0,0.0,0.0,0.0,0.0
110612.119,3154.0,1872.0,0.0,0.0,0.0,0.0,0.0,0.0,3.0,0.0,0.0,0.0,0.0,0.0
110622.118,3154.0,1872.0,0.0,0.0,0.0,0.0,0.0,0.0,1.0,0.0,0.0,0.0,0.0,0.0
110632.119,3154.0,1871.0,0.0,0.0,0.0,0.0,0.0,0.0,1.0,0.0,0.0,0.0,0.0,0.0
110642.118,3154.0,1872.0,0.0,0.0,0.0,0.0,0.0,0.0,1.0,0.0,0.0,0.0,0.0,0.0
110652.119,3154.0,1871.0,0.0,0.0,0.0,0.0,0.0,0.0,3.0,0.0,0.0,0.0,0.0,0.0
110662.118,3154.0,1871.0,0.0,0.0,0.0,0.0,0.0,0.0,0.0,0.0,0.0,0.0,0.0,0.0
110672.118,3154.0,1875.0,0.0,0.0,0.0,0.0,0.0,0.0,0.0,0.0,0.0,0.0,0.0,0.0
110682.118,3154.0,1870.0,0.0,0.0,0.0,0.0,0.0,0.0,3.0,0.0,0.0,0.0,0.0,0.0
110692.118,3154.0,1872.0,0.0,0.0,0.0,0.0,0.0,0.0,-1.0,0.0,0.0,0.0,0.0,0.0
110702.119,3154.0,1868.0,0.0,0.0,0.0,0.0,0.0,0.0,2.0,0.0,0.0,0.0,0.0,0.0
110712.118,3154.0,1871.0,0.0,0.0,0.0,0.0,0.0,0.0,0.0,0.0,0.0,0.0,0.0,0.0
110722.119,3154.0,1871.0,0.0,0.0,0.0,0.0,0.0,0.0,0.0,0.0,0.0,0.0,0.0,0.0
110732.118,3154.0,1871.0,0.0,0.0,0.0,0.0,0.0,0.0,1.0,0.0,0.0,0.0,0.0,0.0
110742.118,3154.0,1872.0,0.0,0.0,0.0,0.0,0.0,0.0,1.0,0.0,0.0,0.0,0.0,0.0
110752.118,3154.0,1873.0,0.0,0.0,0.0,0.0,0.0,0.0,2.0,0.0,0.0,0.0,0.0,0.0
110762.118,3154.0,1870.0,0.0,0.0,0.0,0.0,0.0,0.0,2.0,0.0,0.0,0.0,0.0,0.0
110772.119,3154.0,1869.0,0.0,0.0,0.0,0.0,0.0,0.0,1.0,0.0,0.0,0.0,0.0,0.0
110782.118,3154.0,1872.0,0.0,0.0,0.0,0.0,0.0,0.0,2.0,0.0,0.0,0.0,0.0,0.0
110792.118,3154.0,1870.0,0.0,0.0,0.0,0.0,0.0,0.0,2.0,0.0,0.0,0.0,0.0,0.0
110802.118,3154.0,1870.0,0.0,0.0,0.0,0.0,0.0,0.0,2.0,0.0,0.0,0.0,0.0,0.0
110812.118,3154.0,1870.0,0.0,0.0,0.0,0.0,0.0,0.0,0.0,0.0,0.0,0.0,0.0,0.0
110822.118,3154.0,1871.0,0.0,0.0,0.0,0.0,0.0,0.0,3.0,0.0,0.0,0.0,0.0,0.0
110832.118,3154.0,1873.0,0.0,0.0,0.0,0.0,0.0,0.0,0.0,0.0,0.0,0.0,0.0,0.0
110842.119,3154.0,1870.0,0.0,0.0,0.0,0.0,0.0,0.0,2.0,0.0,0.0,0.0,0.0,0.0
110852.118,3154.0,1870.0,0.0,0.0,0.0,0.0,0.0,0.0,3.0,0.0,0.0,0.0,0.0,0.0
110862.118,3154.0,1870.0,0.0,0.0,0.0,0.0,0.0,0.0,3.0,0.0,0.0,0.0,0.0,0.0
110872.118,3154.0,1871.0,0.0,0.0,0.0,0.0,0.0,0.0,1.0,0.0,0.0,0.0,0.0,0.0
110882.118,3154.0,1871.0,0.0,0.0,0.0,0.0,0.0,0.0,2.0,0.0,0.0,0.0,0.0,0.0
110892.118,3154.0,1867.0,0.0,0.0,0.0,0.0,0.0,0.0,2.0,0.0,0.0,0.0,0.0,0.0
110902.118,3154.0,1872.0,0.0,0.0,0.0,0.0,0.0,0.0,0.0,0.0,0.0,0.0,0.0,0.0
110912.118,3154.0,1870.0,0.0,0.0,0.0,0.0,0.0,0.0,3.0,0.0,0.0,0.0,0.0,0.0
110922.119,3154.0,1870.0,0.0,0.0,0.0,0.0,0.0,0.0,1.0,0.0,0.0,0.0,0.0,0.0
110932.118,3154.0,1870.0,0.0,0.0,0.0,0.0,0.0,0.0,2.0,0.0,0.0,0.0,0.0,0.0
110942.119,3154.0,1870.0,0.0,0.0,0.0,0.0,0.0,0.0,0.0,0.0,0.0,0.0,0.0,0.0
110952.118,3154.0,1868.0,0.0,0.0,0.0,0.0,0.0,0.0,2.0,0.0,0.0,0.0,0.0,0.0
110962.118,3154.0,1872.0,0.0,0.0,0.0,0.0,0.0,0.0,2.0,0.0,0.0,0.0,0.0,0.0
110972.118,3154.0,1872.0,0.0,0.0,0.0,0.0,0.0,0.0,0.0,0.0,0.0,0.0,0.0,0.0
110982.118,3154.0,1872.0,0.0,0.0,0.0,0.0,0.0,0.0,1.0,0.0,0.0,0.0,0.0,0.0
110992.118,3154.0,1871.0,0.0,0.0,0.0,0.0,0.0,0.0,2.0,0.0,0.0,0.0,0.0,0.0
111002.119,3154.0,1869.0,0.0,0.0,0.0,0.0,0.0,0.0,0.0,0.0,0.0,0.0,0.0,0.0
111012.118,3154.0,1871.0,0.0,0.0,0.0,0.0,0.0,0.0,1.0,0.0,0.0,0.0,0.0,0.0
111022.119,3154.0,1871.0,0.0,0.0,0.0,0.0,0.0,0.0,3.0,0.0,0.0,0.0,0.0,0.0
111032.118,3154.0,1874.0,0.0,0.0,0.0,0.0,0.0,0.0,0.0,0.0,0.0,0.0,0.0,0.0
111042.119,3154.0,1870.0,0.0,0.0,0.0,0.0,0.0,0.0,1.0,0.0,0.0,0.0,0.0,0.0
111052.118,3154.0,1872.0,0.0,0.0,0.0,0.0,0.0,0.0,3.0,0.0,0.0,0.0,0.0,0.0
111062.118,3154.0,1871.0,0.0,0.0,0.0,0.0,0.0,0.0,0.0,0.0,0.0,0.0,0.0,0.0
111072.118,3154.0,1872.0,0.0,0.0,0.0,0.0,0.0,0.0,0.0,0.0,0.0,0.0,0.0,0.0
111082.118,3154.0,1873.0,0.0,0.0,0.0,0.0,0.0,0.0,4.0,0.0,0.0,0.0,0.0,0.0
111092.118,3154.0,1871.0,0.0,0.0,0.0,0.0,0.0,0.0,-1.0,0.0,0.0,0.0,0.0,0.0
111102.119,3154.0,1871.0,0.0,0.0,0.0,0.0,0.0,0.0,1.0,0.0,0.0,0.0,0.0,0.0
111112.118,3154.0,1872.0,0.0,0.0,0.0,0.0,0.0,0.0,1.0,0.0,0.0,0.0,0.0,0.0
111122.119,3154.0,1872.0,0.0,0.0,0.0,0.0,0.0,0.0,-1.0,0.0,0.0,0.0,0.0,0.0
111132.118,3154.0,1870.0,0.0,0.0,0.0,0.0,0.0,0.0,5.0,0.0,0.0,0.0,0.0,0.0
111142.119,3154.0,1868.0,0.0,0.0,0.0,0.0,0.0,0.0,1.0,0.0,0.0,0.0,0.0,0.0
111152.118,3154.0,1869.0,0.0,0.0,0.0,0.0,0.0,0.0,0.0,0.0,0.0,0.0,0.0,0.0
111162.118,3154.0,1871.0,0.0,0.0,0.0,0.0,0.0,0.0,4.0,0.0,0.0,0.0,0.0,0.0
111172.118,3154.0,1871.0,0.0,0.0,0.0,0.0,0.0,0.0,3.0,0.0,0.0,0.0,0.0,0.0
111182.119,3154.0,1870.0,0.0,0.0,0.0,0.0,0.0,0.0,1.0,0.0,0.0,0.0,0.0,0.0
111192.118,3154.0,1870.0,0.0,0.0,0.0,0.0,0.0,0.0,3.0,0.0,0.0,0.0,0.0,0.0
111202.119,3154.0,1870.0,0.0,0.0,0.0,0.0,0.0,0.0,2.0,0.0,0.0,0.0,0.0,0.0
111212.118,3154.0,1871.0,0.0,0.0,0.0,0.0,0.0,0.0,-1.0,0.0,0.0,0.0,0.0,0.0
111222.118,3154.0,1871.0,0.0,0.0,0.0,0.0,0.0,0.0,0.0,0.0,0.0,0.0,0.0,0.0
111232.118,3154.0,1871.0,0.0,0.0,0.0,0.0,0.0,0.0,3.0,0.0,0.0,0.0,0.0,0.0
111242.118,3154.0,1873.0,0.0,0.0,0.0,0.0,0.0,0.0,0.0,0.0,0.0,0.0,0.0,0.0
111252.119,3154.0,1872.0,0.0,0.0,0.0,0.0,0.0,0.0,3.0,0.0,0.0,0.0,0.0,0.0
111262.118,3154.0,1871.0,0.0,0.0,0.0,0.0,0.0,0.0,2.0,0.0,0.0,0.0,0.0,0.0
111272.119,3154.0,1871.0,0.0,0.0,0.0,0.0,0.0,0.0,3.0,0.0,0.0,0.0,0.0,0.0
111282.118,3154.0,1869.0,0.0,0.0,0.0,0.0,0.0,0.0,2.0,0.0,0.0,0.0,0.0,0.0
111292.119,3154.0,1870.0,0.0,0.0,0.0,0.0,0.0,0.0,3.0,0.0,0.0,0.0,0.0,0.0
111302.118,3154.0,1870.0,0.0,0.0,0.0,0.0,0.0,0.0,0.0,0.0,0.0,0.0,0.0,0.0
111312.118,3154.0,1873.0,0.0,0.0,0.0,0.0,0.0,0.0,2.0,0.0,0.0,0.0,0.0,0.0
111322.118,3154.0,1872.0,0.0,0.0,0.0,0.0,0.0,0.0,2.0,0.0,0.0,0.0,0.0,0.0
111332.118,3154.0,1870.0,0.0,0.0,0.0,0.0,0.0,0.0,2.0,0.0,0.0,0.0,0.0,0.0
111342.119,3154.0,1869.0,0.0,0.0,0.0,0.0,0.0,0.0,4.0,0.0,0.0,0.0,0.0,0.0
111352.118,3154.0,1870.0,0.0,0.0,0.0,0.0,0.0,0.0,0.0,0.0,0.0,0.0,0.0,0.0
111362.119,3154.0,1870.0,0.0,0.0,0.0,0.0,0.0,0.0,1.0,0.0,0.0,0.0,0.0,0.0
111372.118,3154.0,1868.0,0.0,0.0,0.0,0.0,0.0,0.0,3.0,0.0,0.0,0.0,0.0,0.0
111382.118,3154.0,1872.0,0.0,0.0,0.0,0.0,0.0,0.0,0.0,0.0,0.0,0.0,0.0,0.0
111392.118,3154.0,1874.0,0.0,0.0,0.0,0.0,0.0,0.0,3.0,0.0,0.0,0.0,0.0,0.0
111402.118,3154.0,1874.0,0.0,0.0,0.0,0.0,0.0,0.0,3.0,0.0,0.0,0.0,0.0,0.0
111412.118,3154.0,1871.0,0.0,0.0,0.0,0.0,0.0,0.0,2.0,0.0,0.0,0.0,0.0,0.0
111422.119,3154.0,1869.0,0.0,0.0,0.0,0.0,0.0,0.0,1.0,0.0,0.0,0.0,0.0,0.0
111432.118,3154.0,1872.0,0.0,0.0,0.0,0.0,0.0,0.0,-1.0,0.0,0.0,0.0,0.0,0.0
111442.119,3154.0,1872.0,0.0,0.0,0.0,0.0,0.0,0.0,0.0,0.0,0.0,0.0,0.0,0.0
111452.118,3154.0,1870.0,0.0,0.0,0.0,0.0,0.0,0.0,2.0,0.0,0.0,0.0,0.0,0.0
111462.119,3154.0,1873.0,0.0,0.0,0.0,0.0,0.0,0.0,3.0,0.0,0.0,0.0,0.0,0.0
111472.118,3154.0,1871.0,0.0,0.0,0.0,0.0,0.0,0.0,-1.0,0.0,0.0,0.0,0.0,0.0
111482.118,3154.0,1871.0,0.0,0.0,0.0,0.0,0.0,0.0,2.0,0.0,0.0,0.0,0.0,0.0
111492.118,3154.0,1871.0,0.0,0.0,0.0,0.0,0.0,0.0,3.0,0.0,0.0,0.0,0.0,0.0
111502.119,3154.0,1871.0,0.0,0.0,0.0,0.0,0.0,0.0,2.0,0.0,0.0,0.0,0.0,0.0
111512.118,3154.0,1875.0,0.0,0.0,0.0,0.0,0.0,0.0,0.0,0.0,0.0,0.0,0.0,0.0
111522.119,3154.0,1869.0,0.0,0.0,0.0,0.0,0.0,0.0,2.0,0.0,0.0,0.0,0.0,0.0
111532.118,3154.0,1871.0,0.0,0.0,0.0,0.0,0.0,0.0,2.0,0.0,0.0,0.0,0.0,0.0
111542.118,3154.0,1871.0,0.0,0.0,0.0,0.0,0.0,0.0,3.0,0.0,0.0,0.0,0.0,0.0
111552.118,3154.0,1869.0,0.0,0.0,0.0,0.0,0.0,0.0,1.0,0.0,0.0,0.0,0.0,0.0
111562.118,3154.0,1870.0,0.0,0.0,0.0,0.0,0.0,0.0,1.0,0.0,0.0,0.0,0.0,0.0
111572.119,3154.0,1873.0,0.0,0.0,0.0,0.0,0.0,0.0,3.0,0.0,0.0,0.0,0.0,0.0
111582.118,3154.0,1874.0,0.0,0.0,0.0,0.0,0.0,0.0,1.0,0.0,0.0,0.0,0.0,0.0
111592.119,3154.0,1870.0,0.0,0.0,0.0,0.0,0.0,0.0,0.0,0.0,0.0,0.0,0.0,0.0
111602.118,3154.0,1873.0,0.0,0.0,0.0,0.0,0.0,0.0,-1.0,0.0,0.0,0.0,0.0,0.0
111612.119,3154.0,1870.0,0.0,0.0,0.0,0.0,0.0,0.0,2.0,0.0,0.0,0.0,0.0,0.0
111622.118,3154.0,1868.0,0.0,0.0,0.0,0.0,0.0,0.0,2.0,0.0,0.0,0.0,0.0,0.0
111632.118,3154.0,1870.0,0.0,0.0,0.0,0.0,0.0,0.0,1.0,0.0,0.0,0.0,0.0,0.0
111642.118,3154.0,1871.0,0.0,0.0,0.0,0.0,0.0,0.0,0.0,0.0,0.0,0.0,0.0,0.0
111652.118,3154.0,1871.0,0.0,0.0,0.0,0.0,0.0,0.0,2.0,0.0,0.0,0.0,0.0,0.0
111662.119,3154.0,1873.0,0.0,0.0,0.0,0.0,0.0,0.0,1.0,0.0,0.0,0.0,0.0,0.0
111672.118,3154.0,1872.0,0.0,0.0,0.0,0.0,0.0,0.0,0.0,0.0,0.0,0.0,0.0,0.0
111682.119,3154.0,1872.0,0.0,0.0,0.0,0.0,0.0,0.0,0.0,0.0,0.0,0.0,0.0,0.0
111692.118,3154.0,1873.0,0.0,0.0,0.0,0.0,0.0,0.0,2.0,0.0,0.0,0.0,0.0,0.0
111702.118,3154.0,1871.0,0.0,0.0,0.0,0.0,0.0,0.0,3.0,0.0,0.0,0.0,0.0,0.0
111712.118,3154.0,1870.0,0.0,0.0,0.0,0.0,0.0,0.0,0.0,0.0,0.0,0.0,0.0,0.0
111722.118,3154.0,1869.0,0.0,0.0,0.0,0.0,0.0,0.0,1.0,0.0,0.0,0.0,0.0,0.0
111732.118,3154.0,1869.0,0.0,0.0,0.0,0.0,0.0,0.0,4.0,0.0,0.0,0.0,0.0,0.0
111742.119,3154.0,1871.0,0.0,0.0,0.0,0.0,0.0,0.0,2.0,0.0,0.0,0.0,0.0,0.0
111752.118,3154.0,1871.0,0.0,0.0,0.0,0.0,0.0,0.0,2.0,0.0,0.0,0.0,0.0,0.0
111762.119,3154.0,1870.0,0.0,0.0,0.0,0.0,0.0,0.0,3.0,0.0,0.0,0.0,0.0,0.0
111772.118,3154.0,1872.0,0.0,0.0,0.0,0.0,0.0,0.0,1.0,0.0,0.0,0.0,0.0,0.0
111782.119,3154.0,1874.0,0.0,0.0,0.0,0.0,0.0,0.0,0.0,0.0,0.0,0.0,0.0,0.0
111792.118,3154.0,1872.0,0.0,0.0,0.0,0.0,0.0,0.0,1.0,0.0,0.0,0.0,0.0,0.0
111802.118,3154.0,1869.0,0.0,0.0,0.0,0.0,0.0,0.0,4.0,0.0,0.0,0.0,0.0,0.0
111812.118,3154.0,1870.0,0.0,0.0,0.0,0.0,0.0,0.0,4.0,0.0,0.0,0.0,0.0,0.0
111822.119,3154.0,1872.0,0.0,0.0,0.0,0.0,0.0,0.0,-2.0,0.0,0.0,0.0,0.0,0.0
111832.118,3154.0,1871.0,0.0,0.0,0.0,0.0,0.0,0.0,2.0,0.0,0.0,0.0,0.0,0.0
111842.119,3154.0,1870.0,0.0,0.0,0.0,0.0,0.0,0.0,0.0,0.0,0.0,0.0,0.0,0.0
111852.118,3154.0,1870.0,0.0,0.0,0.0,0.0,0.0,0.0,1.0,0.0,0.0,0.0,0.0,0.0
111862.118,3154.0,1871.0,0.0,0.0,0.0,0.0,0.0,0.0,0.0,0.0,0.0,0.0,0.0,0.0
111872.118,3154.0,1871.0,0.0,0.0,0.0,0.0,0.0,0.0,2.0,0.0,0.0,0.0,0.0,0.0
111882.118,3154.0,1870.0,0.0,0.0,0.0,0.0,0.0,0.0,1.0,0.0,0.0,0.0,0.0,0.0
111892.119,3154.0,1871.0,0.0,0.0,0.0,0.0,0.0,0.0,3.0,0.0,0.0,0.0,0.0,0.0
111902.118,3154.0,1872.0,0.0,0.0,0.0,0.0,0.0,0.0,3.0,0.0,0.0,0.0,0.0,0.0
111912.119,3154.0,1870.0,0.0,0.0,0.0,0.0,0.0,0.0,2.0,0.0,0.0,0.0,0.0,0.0
111922.118,3154.0,1871.0,0.0,0.0,0.0,0.0,0.0,0.0,0.0,0.0,0.0,0.0,0.0,0.0
111932.119,3154.0,1871.0,0.0,0.0,0.0,0.0,0.0,0.0,1.0,0.0,0.0,0.0,0.0,0.0
111942.118,3154.0,1870.0,0.0,0.0,0.0,0.0,0.0,0.0,2.0,0.0,0.0,0.0,0.0,0.0
111952.118,3154.0,1870.0,0.0,0.0,0.0,0.0,0.0,0.0,3.0,0.0,0.0,0.0,0.0,0.0
111962.118,3154.0,1870.0,0.0,0.0,0.0,0.0,0.0,0.0,1.0,0.0,0.0,0.0,0.0,0.0
111972.118,3154.0,1870.0,0.0,0.0,0.0,0.0,0.0,0.0,1.0,0.0,0.0,0.0,0.0,0.0
111982.119,3154.0,1871.0,0.0,0.0,0.0,0.0,0.0,0.0,3.0,0.0,0.0,0.0,0.0,0.0
111992.118,3154.0,1872.0,0.0,0.0,0.0,0.0,0.0,0.0,0.0,0.0,0.0,0.0,0.0,0.0
112002.119,3154.0,1871.0,0.0,0.0,0.0,0.0,0.0,0.0,-1.0,0.0,0.0,0.0,0.0,0.0
112012.118,3154.0,1870.0,0.0,0.0,0.0,0.0,0.0,0.0,2.0,0.0,0.0,0.0,0.0,0.0
112022.118,3154.0,1873.0,0.0,0.0,0.0,0.0,0.0,0.0,-1.0,0.0,0.0,0.0,0.0,0.0
112032.118,3154.0,1871.0,0.0,0.0,0.0,0.0,0.0,0.0,0.0,0.0,0.0,0.0,0.0,0.0
112042.118,3154.0,1873.0,0.0,0.0,0.0,0.0,0.0,0.0,0.0,0.0,0.0,0.0,0.0,0.0
112052.118,3154.0,1870.0,0.0,0.0,0.0,0.0,0.0,0.0,1.0,0.0,0.0,0.0,0.0,0.0
112062.119,3154.0,1871.0,0.0,0.0,0.0,0.0,0.0,0.0,2.0,0.0,0.0,0.0,0.0,0.0
112072.118,3154.0,1871.0,0.0,0.0,0.0,0.0,0.0,0.0,2.0,0.0,0.0,0.0,0.0,0.0
112082.119,3154.0,1870.0,0.0,0.0,0.0,0.0,0.0,0.0,3.0,0.0,0.0,0.0,0.0,0.0
112092.118,3154.0,1872.0,0.0,0.0,0.0,0.0,0.0,0.0,0.0,0.0,0.0,0.0,0.0,0.0
112102.119,3154.0,1872.0,0.0,0.0,0.0,0.0,0.0,0.0,1.0,0.0,0.0,0.0,0.0,0.0
112112.118,3154.0,1874.0,0.0,0.0,0.0,0.0,0.0,0.0,2.0,0.0,0.0,0.0,0.0,0.0
112122.118,3154.0,1870.0,0.0,0.0,0.0,0.0,0.0,0.0,1.0,0.0,0.0,0.0,0.0,0.0
112132.118,3154.0,1871.0,0.0,0.0,0.0,0.0,0.0,0.0,3.0,0.0,0.0,0.0,0.0,0.0
112142.119,3154.0,1872.0,0.0,0.0,0.0,0.0,0.0,0.0,-2.0,0.0,0.0,0.0,0.0,0.0
112152.118,3154.0,1871.0,0.0,0.0,0.0,0.0,0.0,0.0,1.0,0.0,0.0,0.0,0.0,0.0
112162.119,3154.0,1870.0,0.0,0.0,0.0,0.0,0.0,0.0,0.0,0.0,0.0,0.0,0.0,0.0
112172.118,3154.0,1872.0,0.0,0.0,0.0,0.0,0.0,0.0,1.0,0.0,0.0,0.0,0.0,0.0
112182.118,3154.0,1871.0,0.0,0.0,0.0,0.0,0.0,0.0,-1.0,0.0,0.0,0.0,0.0,0.0
112192.118,3154.0,1870.0,0.0,0.0,0.0,0.0,0.0,0.0,3.0,0.0,0.0,0.0,0.0,0.0
112202.118,3154.0,1873.0,0.0,0.0,0.0,0.0,0.0,0.0,0.0,0.0,0.0,0.0,0.0,0.0
112212.119,3154.0,1872.0,0.0,0.0,0.0,0.0,0.0,0.0,2.0,0.0,0.0,0.0,0.0,0.0
112222.118,3154.0,1870.0,0.0,0.0,0.0,0.0,0.0,0.0,2.0,0.0,0.0,0.0,0.0,0.0
112232.119,3154.0,1872.0,0.0,0.0,0.0,0.0,0.0,0.0,1.0,0.0,0.0,0.0,0.0,0.0
112242.118,3154.0,1873.0,0.0,0.0,0.0,0.0,0.0,0.0,4.0,0.0,0.0,0.0,0.0,0.0
112252.119,3154.0,1869.0,0.0,0.0,0.0,0.0,0.0,0.0,0.0,0.0,0.0,0.0,0.0,0.0
112262.118,3154.0,1871.0,0.0,0.0,0.0,0.0,0.0,0.0,1.0,0.0,0.0,0.0,0.0,0.0
112272.118,3154.0,1872.0,0.0,0.0,0.0,0.0,0.0,0.0,-1.0,0.0,0.0,0.0,0.0,0.0
112282.118,3154.0,1872.0,0.0,0.0,0.0,0.0,0.0,0.0,0.0,0.0,0.0,0.0,0.0,0.0
112292.118,3154.0,1872.0,0.0,0.0,0.0,0.0,0.0,0.0,-2.0,0.0,0.0,0.0,0.0,0.0
112302.119,3154.0,1871.0,0.0,0.0,0.0,0.0,0.0,0.0,2.0,0.0,0.0,0.0,0.0,0.0
112312.118,3154.0,1872.0,0.0,0.0,0.0,0.0,0.0,0.0,2.0,0.0,0.0,0.0,0.0,0.0
112322.119,3154.0,1874.0,0.0,0.0,0.0,0.0,0.0,0.0,1.0,0.0,0.0,0.0,0.0,0.0
112332.118,3154.0,1872.0,0.0,0.0,0.0,0.0,0.0,0.0,1.0,0.0,0.0,0.0,0.0,0.0
112342.118,3154.0,1872.0,0.0,0.0,0.0,0.0,0.0,0.0,0.0,0.0,0.0,0.0,0.0,0.0
112352.118,3154.0,1872.0,0.0,0.0,0.0,0.0,0.0,0.0,2.0,0.0,0.0,0.0,0.0,0.0
112362.118,3154.0,1870.0,0.0,0.0,0.0,0.0,0.0,0.0,0.0,0.0,0.0,0.0,0.0,0.0
112372.118,3154.0,1872.0,0.0,0.0,0.0,0.0,0.0,0.0,2.0,0.0,0.0,0.0,0.0,0.0
112382.119,3154.0,1871.0,0.0,0.0,0.0,0.0,0.0,0.0,0.0,0.0,0.0,0.0,0.0,0.0
112392.118,3154.0,1873.0,0.0,0.0,0.0,0.0,0.0,0.0,2.0,0.0,0.0,0.0,0.0,0.0
112402.119,3154.0,1871.0,0.0,0.0,0.0,0.0,0.0,0.0,-1.0,0.0,0.0,0.0,0.0,0.0
112412.118,3154.0,1870.0,0.0,0.0,0.0,0.0,0.0,0.0,1.0,0.0,0.0,0.0,0.0,0.0
112422.119,3154.0,1872.0,0.0,0.0,0.0,0.0,0.0,0.0,1.0,0.0,0.0,0.0,0.0,0.0
112432.118,3154.0,1869.0,0.0,0.0,0.0,0.0,0.0,0.0,1.0,0.0,0.0,0.0,0.0,0.0
112442.118,3154.0,1870.0,0.0,0.0,0.0,0.0,0.0,0.0,0.0,0.0,0.0,0.0,0.0,0.0
112452.118,3154.0,1869.0,0.0,0.0,0.0,0.0,0.0,0.0,4.0,0.0,0.0,0.0,0.0,0.0
112462.119,3154.0,1869.0,0.0,0.0,0.0,0.0,0.0,0.0,2.0,0.0,0.0,0.0,0.0,0.0
112472.118,3154.0,1872.0,0.0,0.0,0.0,0.0,0.0,0.0,3.0,0.0,0.0,0.0,0.0,0.0
112482.119,3154.0,1873.0,0.0,0.0,0.0,0.0,0.0,0.0,1.0,0.0,0.0,0.0,0.0,0.0
112492.118,3154.0,1868.0,0.0,0.0,0.0,0.0,0.0,0.0,3.0,0.0,0.0,0.0,0.0,0.0
112502.118,3154.0,1871.0,0.0,0.0,0.0,0.0,0.0,0.0,1.0,0.0,0.0,0.0,0.0,0.0
112512.118,3154.0,1870.0,0.0,0.0,0.0,0.0,0.0,0.0,3.0,0.0,0.0,0.0,0.0,0.0
112522.118,3154.0,1870.0,0.0,0.0,0.0,0.0,0.0,0.0,0.0,0.0,0.0,0.0,0.0,0.0
112532.119,3154.0,1873.0,0.0,0.0,0.0,0.0,0.0,0.0,0.0,0.0,0.0,0.0,0.0,0.0
112542.118,3154.0,1870.0,0.0,0.0,0.0,0.0,0.0,0.0,2.0,0.0,0.0,0.0,0.0,0.0
112552.119,3154.0,1873.0,0.0,0.0,0.0,0.0,0.0,0.0,2.0,0.0,0.0,0.0,0.0,0.0
112562.118,3154.0,1872.0,0.0,0.0,0.0,0.0,0.0,0.0,1.0,0.0,0.0,0.0,0.0,0.0
112572.119,3154.0,1871.0,0.0,0.0,0.0,0.0,0.0,0.0,-1.0,0.0,0.0,0.0,0.0,0.0
112582.118,3154.0,1872.0,0.0,0.0,0.0,0.0,0.0,0.0,0.0,0.0,0.0,0.0,0.0,0.0
112592.118,3154.0,1871.0,0.0,0.0,0.0,0.0,0.0,0.0,2.0,0.0,0.0,0.0,0.0,0.0
112602.118,3154.0,1873.0,0.0,0.0,0.0,0.0,0.0,0.0,2.0,0.0,0.0,0.0,0.0,0.0
112612.118,3154.0,1874.0,0.0,0.0,0.0,0.0,0.0,0.0,0.0,0.0,0.0,0.0,0.0,0.0
112622.119,3154.0,1869.0,0.0,0.0,0.0,0.0,0.0,0.0,3.0,0.0,0.0,0.0,0.0,0.0
112632.118,3154.0,1870.0,0.0,0.0,0.0,0.0,0.0,0.0,1.0,0.0,0.0,0.0,0.0,0.0
112642.119,3154.0,1869.0,0.0,0.0,0.0,0.0,0.0,0.0,1.0,0.0,0.0,0.0,0.0,0.0
112652.118,3154.0,1871.0,0.0,0.0,0.0,0.0,0.0,0.0,-1.0,0.0,0.0,0.0,0.0,0.0
112662.118,3154.0,1871.0,0.0,0.0,0.0,0.0,0.0,0.0,1.0,0.0,0.0,0.0,0.0,0.0
112672.118,3154.0,1871.0,0.0,0.0,0.0,0.0,0.0,0.0,2.0,0.0,0.0,0.0,0.0,0.0
112682.118,3154.0,1872.0,0.0,0.0,0.0,0.0,0.0,0.0,2.0,0.0,0.0,0.0,0.0,0.0
112692.118,3154.0,1870.0,0.0,0.0,0.0,0.0,0.0,0.0,3.0,0.0,0.0,0.0,0.0,0.0
112702.119,3154.0,1869.0,0.0,0.0,0.0,0.0,0.0,0.0,1.0,0.0,0.0,0.0,0.0,0.0
112712.118,3154.0,1871.0,0.0,0.0,0.0,0.0,0.0,0.0,0.0,0.0,0.0,0.0,0.0,0.0
112722.119,3154.0,1872.0,0.0,0.0,0.0,0.0,0.0,0.0,1.0,0.0,0.0,0.0,0.0,0.0
112732.118,3154.0,1871.0,0.0,0.0,0.0,0.0,0.0,0.0,2.0,0.0,0.0,0.0,0.0,0.0
112742.119,3154.0,1869.0,0.0,0.0,0.0,0.0,0.0,0.0,2.0,0.0,0.0,0.0,0.0,0.0
112752.118,3154.0,1871.0,0.0,0.0,0.0,0.0,0.0,0.0,0.0,0.0,0.0,0.0,0.0,0.0
112762.118,3154.0,1868.0,0.0,0.0,0.0,0.0,0.0,0.0,2.0,0.0,0.0,0.0,0.0,0.0
112772.118,3154.0,1870.0,0.0,0.0,0.0,0.0,0.0,0.0,-2.0,0.0,0.0,0.0,0.0,0.0
112782.119,3154.0,1872.0,0.0,0.0,0.0,0.0,0.0,0.0,3.0,0.0,0.0,0.0,0.0,0.0
112792.118,3154.0,1872.0,0.0,0.0,0.0,0.0,0.0,0.0,1.0,0.0,0.0,0.0,0.0,0.0
112802.119,3154.0,1871.0,0.0,0.0,0.0,0.0,0.0,0.0,2.0,0.0,0.0,0.0,0.0,0.0
112812.118,3154.0,1873.0,0.0,0.0,0.0,0.0,0.0,0.0,0.0,0.0,0.0,0.0,0.0,0.0
112822.118,3154.0,1871.0,0.0,0.0,0.0,0.0,0.0,0.0,2.0,0.0,0.0,0.0,0.0,0.0
112832.118,3154.0,1872.0,0.0,0.0,0.0,0.0,0.0,0.0,0.0,0.0,0.0,0.0,0.0,0.0
112842.118,3154.0,1872.0,0.0,0.0,0.0,0.0,0.0,0.0,3.0,0.0,0.0,0.0,0.0,0.0
112852.119,3154.0,1869.0,0.0,0.0,0.0,0.0,0.0,0.0,0.0,0.0,0.0,0.0,0.0,0.0
112862.118,3154.0,1874.0,0.0,0.0,0.0,0.0,0.0,0.0,2.0,0.0,0.0,0.0,0.0,0.0
112872.119,3154.0,1870.0,0.0,0.0,0.0,0.0,0.0,0.0,3.0,0.0,0.0,0.0,0.0,0.0
112882.118,3154.0,1870.0,0.0,0.0,0.0,0.0,0.0,0.0,2.0,0.0,0.0,0.0,0.0,0.0
112892.119,3154.0,1870.0,0.0,0.0,0.0,0.0,0.0,0.0,-1.0,0.0,0.0,0.0,0.0,0.0
112902.118,3154.0,1873.0,0.0,0.0,0.0,0.0,0.0,0.0,5.0,0.0,0.0,0.0,0.0,0.0
112912.118,3154.0,1873.0,0.0,0.0,0.0,0.0,0.0,0.0,-1.0,0.0,0.0,0.0,0.0,0.0
112922.118,3154.0,1873.0,0.0,0.0,0.0,0.0,0.0,0.0,4.0,0.0,0.0,0.0,0.0,0.0
112932.118,3154.0,1870.0,0.0,0.0,0.0,0.0,0.0,0.0,0.0,0.0,0.0,0.0,0.0,0.0
112942.119,3154.0,1871.0,0.0,0.0,0.0,0.0,0.0,0.0,4.0,0.0,0.0,0.0,0.0,0.0
112952.118,3154.0,1873.0,0.0,0.0,0.0,0.0,0.0,0.0,1.0,0.0,0.0,0.0,0.0,0.0
112962.119,3154.0,1871.0,0.0,0.0,0.0,0.0,0.0,0.0,4.0,0.0,0.0,0.0,0.0,0.0
112972.118,3154.0,1871.0,0.0,0.0,0.0,0.0,0.0,0.0,2.0,0.0,0.0,0.0,0.0,0.0
112982.118,3154.0,1871.0,0.0,0.0,0.0,0.0,0.0,0.0,4.0,0.0,0.0,0.0,0.0,0.0
112992.118,3154.0,1870.0,0.0,0.0,0.0,0.0,0.0,0.0,0.0,0.0,0.0,0.0,0.0,0.0
113002.118,3154.0,1870.0,0.0,0.0,0.0,0.0,0.0,0.0,4.0,0.0,0.0,0.0,0.0,0.0
113012.118,3154.0,1870.0,0.0,0.0,0.0,0.0,0.0,0.0,1.0,0.0,0.0,0.0,0.0,0.0
113022.119,3154.0,1871.0,0.0,0.0,0.0,0.0,0.0,0.0,1.0,0.0,0.0,0.0,0.0,0.0
113032.118,3154.0,1871.0,0.0,0.0,0.0,0.0,0.0,0.0,1.0,0.0,0.0,0.0,0.0,0.0
113042.119,3154.0,1873.0,0.0,0.0,0.0,0.0,0.0,0.0,4.0,0.0,0.0,0.0,0.0,0.0
113052.118,3154.0,1869.0,0.0,0.0,0.0,0.0,0.0,0.0,3.0,0.0,0.0,0.0,0.0,0.0
113062.119,3154.0,1871.0,0.0,0.0,0.0,0.0,0.0,0.0,4.0,0.0,0.0,0.0,0.0,0.0
113072.118,3154.0,1871.0,0.0,0.0,0.0,0.0,0.0,0.0,-1.0,0.0,0.0,0.0,0.0,0.0
113082.118,3154.0,1874.0,0.0,0.0,0.0,0.0,0.0,0.0,2.0,0.0,0.0,0.0,0.0,0.0
113092.118,3154.0,1868.0,0.0,0.0,0.0,0.0,0.0,0.0,0.0,0.0,0.0,0.0,0.0,0.0
113102.119,3154.0,1871.0,0.0,0.0,0.0,0.0,0.0,0.0,0.0,0.0,0.0,0.0,0.0,0.0
113112.118,3154.0,1869.0,0.0,0.0,0.0,0.0,0.0,0.0,2.0,0.0,0.0,0.0,0.0,0.0
113122.119,3154.0,1873.0,0.0,0.0,0.0,0.0,0.0,0.0,-1.0,0.0,0.0,0.0,0.0,0.0
113132.118,3154.0,1871.0,0.0,0.0,0.0,0.0,0.0,0.0,0.0,0.0,0.0,0.0,0.0,0.0
113142.118,3154.0,1871.0,0.0,0.0,0.0,0.0,0.0,0.0,1.0,0.0,0.0,0.0,0.0,0.0
113152.118,3154.0,1872.0,0.0,0.0,0.0,0.0,0.0,0.0,4.0,0.0,0.0,0.0,0.0,0.0
113162.118,3154.0,1874.0,0.0,0.0,0.0,0.0,0.0,0.0,2.0,0.0,0.0,0.0,0.0,0.0
113172.119,3154.0,1868.0,0.0,0.0,0.0,0.0,0.0,0.0,3.0,0.0,0.0,0.0,0.0,0.0
113182.118,3154.0,1871.0,0.0,0.0,0.0,0.0,0.0,0.0,1.0,0.0,0.0,0.0,0.0,0.0
113192.119,3154.0,1869.0,0.0,0.0,0.0,0.0,0.0,0.0,1.0,0.0,0.0,0.0,0.0,0.0
113202.118,3154.0,1870.0,0.0,0.0,0.0,0.0,0.0,0.0,3.0,0.0,0.0,0.0,0.0,0.0
113212.119,3154.0,1871.0,0.0,0.0,0.0,0.0,0.0,0.0,5.0,0.0,0.0,0.0,0.0,0.0
113222.118,3154.0,1872.0,0.0,0.0,0.0,0.0,0.0,0.0,3.0,0.0,0.0,0.0,0.0,0.0
113232.118,3154.0,1870.0,0.0,0.0,0.0,0.0,0.0,0.0,6.0,0.0,0.0,0.0,0.0,0.0
113242.118,3154.0,1871.0,0.0,0.0,0.0,0.0,0.0,0.0,1.0,0.0,0.0,0.0,0.0,0.0
113252.118,3154.0,1870.0,0.0,0.0,0.0,0.0,0.0,0.0,1.0,0.0,0.0,0.0,0.0,0.0
113262.119,3154.0,1871.0,0.0,0.0,0.0,0.0,0.0,0.0,3.0,0.0,0.0,0.0,0.0,0.0
113272.118,3154.0,1870.0,0.0,0.0,0.0,0.0,0.0,0.0,1.0,0.0,0.0,0.0,0.0,0.0
113282.119,3154.0,1869.0,0.0,0.0,0.0,0.0,0.0,0.0,1.0,0.0,0.0,0.0,0.0,0.0
113292.118,3154.0,1873.0,0.0,0.0,0.0,0.0,0.0,0.0,5.0,0.0,0.0,0.0,0.0,0.0
113302.118,3154.0,1870.0,0.0,0.0,0.0,0.0,0.0,0.0,4.0,0.0,0.0,0.0,0.0,0.0
113312.118,3154.0,1869.0,0.0,0.0,0.0,0.0,0.0,0.0,2.0,0.0,0.0,0.0,0.0,0.0
113322.118,3154.0,1871.0,0.0,0.0,0.0,0.0,0.0,0.0,3.0,0.0,0.0,0.0,0.0,0.0
113332.118,3154.0,1871.0,0.0,0.0,0.0,0.0,0.0,0.0,2.0,0.0,0.0,0.0,0.0,0.0
113342.119,3154.0,1871.0,0.0,0.0,0.0,0.0,0.0,0.0,-1.0,0.0,0.0,0.0,0.0,0.0
113352.118,3154.0,1871.0,0.0,0.0,0.0,0.0,0.0,0.0,0.0,0.0,0.0,0.0,0.0,0.0
113362.119,3154.0,1872.0,0.0,0.0,0.0,0.0,0.0,0.0,4.0,0.0,0.0,0.0,0.0,0.0
113372.118,3154.0,1871.0,0.0,0.0,0.0,0.0,0.0,0.0,1.0,0.0,0.0,0.0,0.0,0.0
113382.119,3154.0,1871.0,0.0,0.0,0.0,0.0,0.0,0.0,1.0,0.0,0.0,0.0,0.0,0.0
113392.118,3154.0,1870.0,0.0,0.0,0.0,0.0,0.0,0.0,1.0,0.0,0.0,0.0,0.0,0.0
113402.118,3154.0,1870.0,0.0,0.0,0.0,0.0,0.0,0.0,1.0,0.0,0.0,0.0,0.0,0.0
113412.118,3154.0,1871.0,0.0,0.0,0.0,0.0,0.0,0.0,2.0,0.0,0.0,0.0,0.0,0.0
113422.119,3154.0,1873.0,0.0,0.0,0.0,0.0,0.0,0.0,-1.0,0.0,0.0,0.0,0.0,0.0
113432.118,3154.0,1868.0,0.0,0.0,0.0,0.0,0.0,0.0,3.0,0.0,0.0,0.0,0.0,0.0
113442.119,3154.0,1871.0,0.0,0.0,0.0,0.0,0.0,0.0,1.0,0.0,0.0,0.0,0.0,0.0
113452.118,3154.0,1873.0,0.0,0.0,0.0,0.0,0.0,0.0,-2.0,0.0,0.0,0.0,0.0,0.0
113462.118,3154.0,1870.0,0.0,0.0,0.0,0.0,0.0,0.0,1.0,0.0,0.0,0.0,0.0,0.0
113472.118,3154.0,1869.0,0.0,0.0,0.0,0.0,0.0,0.0,0.0,0.0,0.0,0.0,0.0,0.0
113482.118,3154.0,1870.0,0.0,0.0,0.0,0.0,0.0,0.0,3.0,0.0,0.0,0.0,0.0,0.0
113492.119,3154.0,1874.0,0.0,0.0,0.0,0.0,0.0,0.0,0.0,0.0,0.0,0.0,0.0,0.0
113502.118,3154.0,1869.0,0.0,0.0,0.0,0.0,0.0,0.0,-2.0,0.0,0.0,0.0,0.0,0.0
113512.119,3154.0,1873.0,0.0,0.0,0.0,0.0,0.0,0.0,1.0,0.0,0.0,0.0,0.0,0.0
113522.118,3154.0,1870.0,0.0,0.0,0.0,0.0,0.0,0.0,3.0,0.0,0.0,0.0,0.0,0.0
113532.119,3154.0,1872.0,0.0,0.0,0.0,0.0,0.0,0.0,-2.0,0.0,0.0,0.0,0.0,0.0
113542.118,3154.0,1873.0,0.0,0.0,0.0,0.0,0.0,0.0,1.0,0.0,0.0,0.0,0.0,0.0
113552.118,3154.0,1871.0,0.0,0.0,0.0,0.0,0.0,0.0,0.0,0.0,0.0,0.0,0.0,0.0
113562.118,3154.0,1873.0,0.0,0.0,0.0,0.0,0.0,0.0,2.0,0.0,0.0,0.0,0.0,0.0
113572.118,3154.0,1873.0,0.0,0.0,0.0,0.0,0.0,0.0,2.0,0.0,0.0,0.0,0.0,0.0
113582.119,3154.0,1870.0,0.0,0.0,0.0,0.0,0.0,0.0,3.0,0.0,0.0,0.0,0.0,0.0
113592.118,3154.0,1872.0,0.0,0.0,0.0,0.0,0.0,0.0,1.0,0.0,0.0,0.0,0.0,0.0
113602.119,3154.0,1868.0,0.0,0.0,0.0,0.0,0.0,0.0,0.0,0.0,0.0,0.0,0.0,0.0
113612.118,3154.0,1870.0,0.0,0.0,0.0,0.0,0.0,0.0,2.0,0.0,0.0,0.0,0.0,0.0
113622.118,3154.0,1873.0,0.0,0.0,0.0,0.0,0.0,0.0,0.0,0.0,0.0,0.0,0.0,0.0
113632.118,3154.0,1870.0,0.0,0.0,0.0,0.0,0.0,0.0,1.0,0.0,0.0,0.0,0.0,0.0
113642.118,3154.0,1870.0,0.0,0.0,0.0,0.0,0.0,0.0,2.0,0.0,0.0,0.0,0.0,0.0
113652.118,3154.0,1871.0,0.0,0.0,0.0,0.0,0.0,0.0,0.0,0.0,0.0,0.0,0.0,0.0
113662.119,3154.0,1870.0,0.0,0.0,0.0,0.0,0.0,0.0,1.0,0.0,0.0,0.0,0.0,0.0
113672.118,3154.0,1871.0,0.0,0.0,0.0,0.0,0.0,0.0,1.0,0.0,0.0,0.0,0.0,0.0
113682.119,3154.0,1869.0,0.0,0.0,0.0,0.0,0.0,0.0,3.0,0.0,0.0,0.0,0.0,0.0
113692.118,3154.0,1873.0,0.0,0.0,0.0,0.0,0.0,0.0,0.0,0.0,0.0,0.0,0.0,0.0
113702.119,3154.0,1871.0,0.0,0.0,0.0,0.0,0.0,0.0,1.0,0.0,0.0,0.0,0.0,0.0
113712.118,3154.0,1870.0,0.0,0.0,0.0,0.0,0.0,0.0,-2.0,0.0,0.0,0.0,0.0,0.0
113722.118,3154.0,1870.0,0.0,0.0,0.0,0.0,0.0,0.0,3.0,0.0,0.0,0.0,0.0,0.0
113732.118,3154.0,1873.0,0.0,0.0,0.0,0.0,0.0,0.0,3.0,0.0,0.0,0.0,0.0,0.0
113742.119,3154.0,1871.0,0.0,0.0,0.0,0.0,0.0,0.0,3.0,0.0,0.0,0.0,0.0,0.0
113752.118,3154.0,1870.0,0.0,0.0,0.0,0.0,0.0,0.0,3.0,0.0,0.0,0.0,0.0,0.0
113762.119,3154.0,1874.0,0.0,0.0,0.0,0.0,0.0,0.0,1.0,0.0,0.0,0.0,0.0,0.0
113772.118,3154.0,1870.0,0.0,0.0,0.0,0.0,0.0,0.0,1.0,0.0,0.0,0.0,0.0,0.0
113782.118,3154.0,1871.0,0.0,0.0,0.0,0.0,0.0,0.0,2.0,0.0,0.0,0.0,0.0,0.0
113792.118,3154.0,1871.0,0.0,0.0,0.0,0.0,0.0,0.0,0.0,0.0,0.0,0.0,0.0,0.0
113802.118,3154.0,1871.0,0.0,0.0,0.0,0.0,0.0,0.0,0.0,0.0,0.0,0.0,0.0,0.0
113812.119,3154.0,1871.0,0.0,0.0,0.0,0.0,0.0,0.0,2.0,0.0,0.0,0.0,0.0,0.0
113822.118,3154.0,1870.0,0.0,0.0,0.0,0.0,0.0,0.0,0.0,0.0,0.0,0.0,0.0,0.0
113832.119,3154.0,1871.0,0.0,0.0,0.0,0.0,0.0,0.0,-1.0,0.0,0.0,0.0,0.0,0.0
113842.118,3154.0,1872.0,0.0,0.0,0.0,0.0,0.0,0.0,-1.0,0.0,0.0,0.0,0.0,0.0
113852.119,3154.0,1870.0,0.0,0.0,0.0,0.0,0.0,0.0,0.0,0.0,0.0,0.0,0.0,0.0
113862.118,3154.0,1872.0,0.0,0.0,0.0,0.0,0.0,0.0,1.0,0.0,0.0,0.0,0.0,0.0
113872.118,3154.0,1869.0,0.0,0.0,0.0,0.0,0.0,0.0,3.0,0.0,0.0,0.0,0.0,0.0
113882.118,3154.0,1872.0,0.0,0.0,0.0,0.0,0.0,0.0,4.0,0.0,0.0,0.0,0.0,0.0
113892.118,3154.0,1871.0,0.0,0.0,0.0,0.0,0.0,0.0,4.0,0.0,0.0,0.0,0.0,0.0
113902.119,3154.0,1874.0,0.0,0.0,0.0,0.0,0.0,0.0,2.0,0.0,0.0,0.0,0.0,0.0
113912.118,3154.0,1872.0,0.0,0.0,0.0,0.0,0.0,0.0,4.0,0.0,0.0,0.0,0.0,0.0
113922.119,3154.0,1868.0,0.0,0.0,0.0,0.0,0.0,0.0,1.0,0.0,0.0,0.0,0.0,0.0
113932.118,3154.0,1871.0,0.0,0.0,0.0,0.0,0.0,0.0,3.0,0.0,0.0,0.0,0.0,0.0
113942.118,3154.0,1871.0,0.0,0.0,0.0,0.0,0.0,0.0,3.0,0.0,0.0,0.0,0.0,0.0
113952.118,3154.0,1873.0,0.0,0.0,0.0,0.0,0.0,0.0,0.0,0.0,0.0,0.0,0.0,0.0
113962.118,3154.0,1872.0,0.0,0.0,0.0,0.0,0.0,0.0,0.0,0.0,0.0,0.0,0.0,0.0
113972.118,3154.0,1870.0,0.0,0.0,0.0,0.0,0.0,0.0,1.0,0.0,0.0,0.0,0.0,0.0
113982.119,3154.0,1872.0,0.0,0.0,0.0,0.0,0.0,0.0,0.0,0.0,0.0,0.0,0.0,0.0
113992.118,3154.0,1870.0,0.0,0.0,0.0,0.0,0.0,0.0,0.0,0.0,0.0,0.0,0.0,0.0
114002.119,3154.0,1871.0,0.0,0.0,0.0,0.0,0.0,0.0,2.0,0.0,0.0,0.0,0.0,0.0
114012.118,3154.0,1872.0,0.0,0.0,0.0,0.0,0.0,0.0,3.0,0.0,0.0,0.0,0.0,0.0
114022.119,3154.0,1872.0,0.0,0.0,0.0,0.0,0.0,0.0,2.0,0.0,0.0,0.0,0.0,0.0
114032.118,3154.0,1873.0,0.0,0.0,0.0,0.0,0.0,0.0,3.0,0.0,0.0,0.0,0.0,0.0
114042.118,3154.0,1872.0,0.0,0.0,0.0,0.0,0.0,0.0,3.0,0.0,0.0,0.0,0.0,0.0
114052.118,3154.0,1872.0,0.0,0.0,0.0,0.0,0.0,0.0,2.0,0.0,0.0,0.0,0.0,0.0
114062.119,3154.0,1869.0,0.0,0.0,0.0,0.0,0.0,0.0,1.0,0.0,0.0,0.0,0.0,0.0
114072.118,3154.0,1869.0,0.0,0.0,0.0,0.0,0.0,0.0,1.0,0.0,0.0,0.0,0.0,0.0
114082.119,3154.0,1872.0,0.0,0.0,0.0,0.0,0.0,0.0,1.0,0.0,0.0,0.0,0.0,0.0
114092.118,3154.0,1874.0,0.0,0.0,0.0,0.0,0.0,0.0,2.0,0.0,0.0,0.0,0.0,0.0
114102.118,3154.0,1871.0,0.0,0.0,0.0,0.0,0.0,0.0,1.0,0.0,0.0,0.0,0.0,0.0
114112.118,3154.0,1871.0,0.0,0.0,0.0,0.0,0.0,0.0,1.0,0.0,0.0,0.0,0.0,0.0
114122.118,3154.0,1875.0,0.0,0.0,0.0,0.0,0.0,0.0,0.0,0.0,0.0,0.0,0.0,0.0
114132.119,3154.0,1872.0,0.0,0.0,0.0,0.0,0.0,0.0,0.0,0.0,0.0,0.0,0.0,0.0
114142.118,3154.0,1870.0,0.0,0.0,0.0,0.0,0.0,0.0,2.0,0.0,0.0,0.0,0.0,0.0
114152.119,3154.0,1868.0,0.0,0.0,0.0,0.0,0.0,0.0,3.0,0.0,0.0,0.0,0.0,0.0
114162.118,3154.0,1871.0,0.0,0.0,0.0,0.0,0.0,0.0,1.0,0.0,0.0,0.0,0.0,0.0
114172.119,3154.0,1872.0,0.0,0.0,0.0,0.0,0.0,0.0,2.0,0.0,0.0,0.0,0.0,0.0
114182.118,3154.0,1871.0,0.0,0.0,0.0,0.0,0.0,0.0,2.0,0.0,0.0,0.0,0.0,0.0
114192.118,3154.0,1871.0,0.0,0.0,0.0,0.0,0.0,0.0,0.0,0.0,0.0,0.0,0.0,0.0
114202.118,3154.0,1870.0,0.0,0.0,0.0,0.0,0.0,0.0,2.0,0.0,0.0,0.0,0.0,0.0
114212.118,3154.0,1872.0,0.0,0.0,0.0,0.0,0.0,0.0,2.0,0.0,0.0,0.0,0.0,0.0
114222.119,3154.0,1871.0,0.0,0.0,0.0,0.0,0.0,0.0,1.0,0.0,0.0,0.0,0.0,0.0
114232.118,3154.0,1869.0,0.0,0.0,0.0,0.0,0.0,0.0,5.0,0.0,0.0,0.0,0.0,0.0
114242.119,3154.0,1870.0,0.0,0.0,0.0,0.0,0.0,0.0,2.0,0.0,0.0,0.0,0.0,0.0
114252.118,3154.0,1873.0,0.0,0.0,0.0,0.0,0.0,0.0,1.0,0.0,0.0,0.0,0.0,0.0
114262.118,3154.0,1869.0,0.0,0.0,0.0,0.0,0.0,0.0,2.0,0.0,0.0,0.0,0.0,0.0
114272.118,3154.0,1872.0,0.0,0.0,0.0,0.0,0.0,0.0,2.0,0.0,0.0,0.0,0.0,0.0
114282.118,3154.0,1870.0,0.0,0.0,0.0,0.0,0.0,0.0,2.0,0.0,0.0,0.0,0.0,0.0
114292.118,3154.0,1872.0,0.0,0.0,0.0,0.0,0.0,0.0,1.0,0.0,0.0,0.0,0.0,0.0
114302.119,3154.0,1870.0,0.0,0.0,0.0,0.0,0.0,0.0,2.0,0.0,0.0,0.0,0.0,0.0
114312.118,3154.0,1871.0,0.0,0.0,0.0,0.0,0.0,0.0,2.0,0.0,0.0,0.0,0.0,0.0
114322.119,3154.0,1873.0,0.0,0.0,0.0,0.0,0.0,0.0,3.0,0.0,0.0,0.0,0.0,0.0
114332.118,3154.0,1871.0,0.0,0.0,0.0,0.0,0.0,0.0,0.0,0.0,0.0,0.0,0.0,0.0
114342.119,3154.0,1872.0,0.0,0.0,0.0,0.0,0.0,0.0,2.0,0.0,0.0,0.0,0.0,0.0
114352.118,3154.0,1872.0,0.0,0.0,0.0,0.0,0.0,0.0,0.0,0.0,0.0,0.0,0.0,0.0
114362.118,3154.0,1869.0,0.0,0.0,0.0,0.0,0.0,0.0,3.0,0.0,0.0,0.0,0.0,0.0
114372.118,3154.0,1870.0,0.0,0.0,0.0,0.0,0.0,0.0,3.0,0.0,0.0,0.0,0.0,0.0
114382.119,3154.0,1869.0,0.0,0.0,0.0,0.0,0.0,0.0,3.0,0.0,0.0,0.0,0.0,0.0
114392.118,3154.0,1871.0,0.0,0.0,0.0,0.0,0.0,0.0,2.0,0.0,0.0,0.0,0.0,0.0
114402.119,3154.0,1872.0,0.0,0.0,0.0,0.0,0.0,0.0,6.0,0.0,0.0,0.0,0.0,0.0
114412.118,3154.0,1870.0,0.0,0.0,0.0,0.0,0.0,0.0,2.0,0.0,0.0,0.0,0.0,0.0
114422.118,3154.0,1873.0,0.0,0.0,0.0,0.0,0.0,0.0,0.0,0.0,0.0,0.0,0.0,0.0
114432.118,3154.0,1870.0,0.0,0.0,0.0,0.0,0.0,0.0,1.0,0.0,0.0,0.0,0.0,0.0
114442.118,3154.0,1873.0,0.0,0.0,0.0,0.0,0.0,0.0,1.0,0.0,0.0,0.0,0.0,0.0
114452.119,3154.0,1868.0,0.0,0.0,0.0,0.0,0.0,0.0,2.0,0.0,0.0,0.0,0.0,0.0
114462.118,3154.0,1872.0,0.0,0.0,0.0,0.0,0.0,0.0,0.0,0.0,0.0,0.0,0.0,0.0
114472.119,3154.0,1872.0,0.0,0.0,0.0,0.0,0.0,0.0,0.0,0.0,0.0,0.0,0.0,0.0
114482.118,3154.0,1871.0,0.0,0.0,0.0,0.0,0.0,0.0,-2.0,0.0,0.0,0.0,0.0,0.0
114492.119,3154.0,1874.0,0.0,0.0,0.0,0.0,0.0,0.0,1.0,0.0,0.0,0.0,0.0,0.0
114502.118,3154.0,1870.0,0.0,0.0,0.0,0.0,0.0,0.0,1.0,0.0,0.0,0.0,0.0,0.0
114512.118,3154.0,1869.0,0.0,0.0,0.0,0.0,0.0,0.0,1.0,0.0,0.0,0.0,0.0,0.0
114522.118,3154.0,1869.0,0.0,0.0,0.0,0.0,0.0,0.0,4.0,0.0,0.0,0.0,0.0,0.0
114532.118,3154.0,1870.0,0.0,0.0,0.0,0.0,0.0,0.0,2.0,0.0,0.0,0.0,0.0,0.0
114542.119,3154.0,1872.0,0.0,0.0,0.0,0.0,0.0,0.0,0.0,0.0,0.0,0.0,0.0,0.0
114552.118,3154.0,1870.0,0.0,0.0,0.0,0.0,0.0,0.0,4.0,0.0,0.0,0.0,0.0,0.0
114562.119,3154.0,1872.0,0.0,0.0,0.0,0.0,0.0,0.0,3.0,0.0,0.0,0.0,0.0,0.0
114572.118,3154.0,1871.0,0.0,0.0,0.0,0.0,0.0,0.0,1.0,0.0,0.0,0.0,0.0,0.0
114582.118,3154.0,1869.0,0.0,0.0,0.0,0.0,0.0,0.0,3.0,0.0,0.0,0.0,0.0,0.0
114592.118,3154.0,1872.0,0.0,0.0,0.0,0.0,0.0,0.0,0.0,0.0,0.0,0.0,0.0,0.0
114602.118,3154.0,1872.0,0.0,0.0,0.0,0.0,0.0,0.0,0.0,0.0,0.0,0.0,0.0,0.0
114612.118,3154.0,1871.0,0.0,0.0,0.0,0.0,0.0,0.0,2.0,0.0,0.0,0.0,0.0,0.0
114622.119,3154.0,1870.0,0.0,0.0,0.0,0.0,0.0,0.0,-1.0,0.0,0.0,0.0,0.0,0.0
114632.118,3154.0,1872.0,0.0,0.0,0.0,0.0,0.0,0.0,0.0,0.0,0.0,0.0,0.0,0.0
114642.119,3154.0,1872.0,0.0,0.0,0.0,0.0,0.0,0.0,0.0,0.0,0.0,0.0,0.0,0.0
114652.118,3154.0,1869.0,0.0,0.0,0.0,0.0,0.0,0.0,1.0,0.0,0.0,0.0,0.0,0.0
114662.119,3154.0,1868.0,0.0,0.0,0.0,0.0,0.0,0.0,2.0,0.0,0.0,0.0,0.0,0.0
114672.118,3154.0,1871.0,0.0,0.0,0.0,0.0,0.0,0.0,1.0,0.0,0.0,0.0,0.0,0.0
114682.118,3154.0,1874.0,0.0,0.0,0.0,0.0,0.0,0.0,2.0,0.0,0.0,0.0,0.0,0.0
114692.118,3154.0,1871.0,0.0,0.0,0.0,0.0,0.0,0.0,-2.0,0.0,0.0,0.0,0.0,0.0
114702.119,3154.0,1870.0,0.0,0.0,0.0,0.0,0.0,0.0,4.0,0.0,0.0,0.0,0.0,0.0
114712.118,3154.0,1871.0,0.0,0.0,0.0,0.0,0.0,0.0,1.0,0.0,0.0,0.0,0.0,0.0
114722.119,3154.0,1870.0,0.0,0.0,0.0,0.0,0.0,0.0,0.0,0.0,0.0,0.0,0.0,0.0
114732.118,3154.0,1872.0,0.0,0.0,0.0,0.0,0.0,0.0,1.0,0.0,0.0,0.0,0.0,0.0
114742.118,3154.0,1870.0,0.0,0.0,0.0,0.0,0.0,0.0,0.0,0.0,0.0,0.0,0.0,0.0
114752.118,3154.0,1871.0,0.0,0.0,0.0,0.0,0.0,0.0,2.0,0.0,0.0,0.0,0.0,0.0
114762.118,3154.0,1871.0,0.0,0.0,0.0,0.0,0.0,0.0,3.0,0.0,0.0,0.0,0.0,0.0
114772.119,3154.0,1874.0,0.0,0.0,0.0,0.0,0.0,0.0,0.0,0.0,0.0,0.0,0.0,0.0
114782.118,3154.0,1871.0,0.0,0.0,0.0,0.0,0.0,0.0,0.0,0.0,0.0,0.0,0.0,0.0
114792.119,3154.0,1873.0,0.0,0.0,0.0,0.0,0.0,0.0,2.0,0.0,0.0,0.0,0.0,0.0
114802.118,3154.0,1871.0,0.0,0.0,0.0,0.0,0.0,0.0,-1.0,0.0,0.0,0.0,0.0,0.0
114812.119,3154.0,1871.0,0.0,0.0,0.0,0.0,0.0,0.0,0.0,0.0,0.0,0.0,0.0,0.0
114822.118,3154.0,1869.0,0.0,0.0,0.0,0.0,0.0,0.0,2.0,0.0,0.0,0.0,0.0,0.0
114832.118,3154.0,1871.0,0.0,0.0,0.0,0.0,0.0,0.0,0.0,0.0,0.0,0.0,0.0,0.0
114842.118,3154.0,1872.0,0.0,0.0,0.0,0.0,0.0,0.0,1.0,0.0,0.0,0.0,0.0,0.0
114852.118,3154.0,1870.0,0.0,0.0,0.0,0.0,0.0,0.0,2.0,0.0,0.0,0.0,0.0,0.0
114862.119,3154.0,1871.0,0.0,0.0,0.0,0.0,0.0,0.0,2.0,0.0,0.0,0.0,0.0,0.0
114872.118,3154.0,1872.0,0.0,0.0,0.0,0.0,0.0,0.0,4.0,0.0,0.0,0.0,0.0,0.0
114882.119,3154.0,1870.0,0.0,0.0,0.0,0.0,0.0,0.0,2.0,0.0,0.0,0.0,0.0,0.0
114892.118,3154.0,1873.0,0.0,0.0,0.0,0.0,0.0,0.0,1.0,0.0,0.0,0.0,0.0,0.0
114902.118,3154.0,1872.0,0.0,0.0,0.0,0.0,0.0,0.0,1.0,0.0,0.0,0.0,0.0,0.0
114912.118,3154.0,1873.0,0.0,0.0,0.0,0.0,0.0,0.0,0.0,0.0,0.0,0.0,0.0,0.0
114922.118,3154.0,1871.0,0.0,0.0,0.0,0.0,0.0,0.0,1.0,0.0,0.0,0.0,0.0,0.0
114932.118,3154.0,1872.0,0.0,0.0,0.0,0.0,0.0,0.0,1.0,0.0,0.0,0.0,0.0,0.0
114942.119,3154.0,1870.0,0.0,0.0,0.0,0.0,0.0,0.0,3.0,0.0,0.0,0.0,0.0,0.0
114952.118,3154.0,1870.0,0.0,0.0,0.0,0.0,0.0,0.0,1.0,0.0,0.0,0.0,0.0,0.0
114962.119,3154.0,1870.0,0.0,0.0,0.0,0.0,0.0,0.0,5.0,0.0,0.0,0.0,0.0,0.0
114972.118,3154.0,1871.0,0.0,0.0,0.0,0.0,0.0,0.0,2.0,0.0,0.0,0.0,0.0,0.0
114982.119,3154.0,1874.0,0.0,0.0,0.0,0.0,0.0,0.0,3.0,0.0,0.0,0.0,0.0,0.0
114992.118,3154.0,1872.0,0.0,0.0,0.0,0.0,0.0,0.0,1.0,0.0,0.0,0.0,0.0,0.0
115002.118,3154.0,1870.0,0.0,0.0,0.0,0.0,0.0,0.0,3.0,0.0,0.0,0.0,0.0,0.0
115012.118,3154.0,1872.0,0.0,0.0,0.0,0.0,0.0,0.0,0.0,0.0,0.0,0.0,0.0,0.0
115022.119,3154.0,1872.0,0.0,0.0,0.0,0.0,0.0,0.0,3.0,0.0,0.0,0.0,0.0,0.0
115032.118,3154.0,1869.0,0.0,0.0,0.0,0.0,0.0,0.0,0.0,0.0,0.0,0.0,0.0,0.0
115042.119,3154.0,1869.0,0.0,0.0,0.0,0.0,0.0,0.0,2.0,0.0,0.0,0.0,0.0,0.0
115052.118,3154.0,1871.0,0.0,0.0,0.0,0.0,0.0,0.0,3.0,0.0,0.0,0.0,0.0,0.0
115062.118,3154.0,1870.0,0.0,0.0,0.0,0.0,0.0,0.0,3.0,0.0,0.0,0.0,0.0,0.0
115072.118,3154.0,1870.0,0.0,0.0,0.0,0.0,0.0,0.0,0.0,0.0,0.0,0.0,0.0,0.0
115082.118,3154.0,1871.0,0.0,0.0,0.0,0.0,0.0,0.0,2.0,0.0,0.0,0.0,0.0,0.0
115092.119,3154.0,1872.0,0.0,0.0,0.0,0.0,0.0,0.0,-1.0,0.0,0.0,0.0,0.0,0.0
115102.118,3154.0,1873.0,0.0,0.0,0.0,0.0,0.0,0.0,1.0,0.0,0.0,0.0,0.0,0.0
115112.119,3154.0,1870.0,0.0,0.0,0.0,0.0,0.0,0.0,1.0,0.0,0.0,0.0,0.0,0.0
115122.118,3154.0,1872.0,0.0,0.0,0.0,0.0,0.0,0.0,-2.0,0.0,0.0,0.0,0.0,0.0
115132.119,3154.0,1871.0,0.0,0.0,0.0,0.0,0.0,0.0,-1.0,0.0,0.0,0.0,0.0,0.0
115142.118,3154.0,1870.0,0.0,0.0,0.0,0.0,0.0,0.0,2.0,0.0,0.0,0.0,0.0,0.0
115152.118,3154.0,1872.0,0.0,0.0,0.0,0.0,0.0,0.0,2.0,0.0,0.0,0.0,0.0,0.0
115162.118,3154.0,1872.0,0.0,0.0,0.0,0.0,0.0,0.0,0.0,0.0,0.0,0.0,0.0,0.0
115172.118,3154.0,1872.0,0.0,0.0,0.0,0.0,0.0,0.0,-1.0,0.0,0.0,0.0,0.0,0.0
115182.119,3154.0,1870.0,0.0,0.0,0.0,0.0,0.0,0.0,1.0,0.0,0.0,0.0,0.0,0.0
115192.118,3154.0,1871.0,0.0,0.0,0.0,0.0,0.0,0.0,1.0,0.0,0.0,0.0,0.0,0.0
115202.119,3154.0,1874.0,0.0,0.0,0.0,0.0,0.0,0.0,0.0,0.0,0.0,0.0,0.0,0.0
115212.118,3154.0,1871.0,0.0,0.0,0.0,0.0,0.0,0.0,-1.0,0.0,0.0,0.0,0.0,0.0
115222.118,3154.0,1869.0,0.0,0.0,0.0,0.0,0.0,0.0,4.0,0.0,0.0,0.0,0.0,0.0
115232.118,3154.0,1871.0,0.0,0.0,0.0,0.0,0.0,0.0,3.0,0.0,0.0,0.0,0.0,0.0
115242.118,3154.0,1870.0,0.0,0.0,0.0,0.0,0.0,0.0,1.0,0.0,0.0,0.0,0.0,0.0
115252.118,3154.0,1870.0,0.0,0.0,0.0,0.0,0.0,0.0,2.0,0.0,0.0,0.0,0.0,0.0
115262.119,3154.0,1868.0,0.0,0.0,0.0,0.0,0.0,0.0,0.0,0.0,0.0,0.0,0.0,0.0
115272.118,3154.0,1871.0,0.0,0.0,0.0,0.0,0.0,0.0,1.0,0.0,0.0,0.0,0.0,0.0
115282.119,3154.0,1872.0,0.0,0.0,0.0,0.0,0.0,0.0,1.0,0.0,0.0,0.0,0.0,0.0
115292.118,3154.0,1870.0,0.0,0.0,0.0,0.0,0.0,0.0,1.0,0.0,0.0,0.0,0.0,0.0
115302.119,3154.0,1870.0,0.0,0.0,0.0,0.0,0.0,0.0,3.0,0.0,0.0,0.0,0.0,0.0
115312.118,3154.0,1872.0,0.0,0.0,0.0,0.0,0.0,0.0,-1.0,0.0,0.0,0.0,0.0,0.0
115322.118,3154.0,1874.0,0.0,0.0,0.0,0.0,0.0,0.0,0.0,0.0,0.0,0.0,0.0,0.0
115332.118,3154.0,1872.0,0.0,0.0,0.0,0.0,0.0,0.0,2.0,0.0,0.0,0.0,0.0,0.0
115342.119,3154.0,1871.0,0.0,0.0,0.0,0.0,0.0,0.0,2.0,0.0,0.0,0.0,0.0,0.0
115352.118,3154.0,1870.0,0.0,0.0,0.0,0.0,0.0,0.0,2.0,0.0,0.0,0.0,0.0,0.0
115362.119,3154.0,1871.0,0.0,0.0,0.0,0.0,0.0,0.0,0.0,0.0,0.0,0.0,0.0,0.0
115372.118,3154.0,1872.0,0.0,0.0,0.0,0.0,0.0,0.0,3.0,0.0,0.0,0.0,0.0,0.0
115382.118,3154.0,1869.0,0.0,0.0,0.0,0.0,0.0,0.0,2.0,0.0,0.0,0.0,0.0,0.0
115392.118,3154.0,1872.0,0.0,0.0,0.0,0.0,0.0,0.0,2.0,0.0,0.0,0.0,0.0,0.0
115402.118,3154.0,1871.0,0.0,0.0,0.0,0.0,0.0,0.0,3.0,0.0,0.0,0.0,0.0,0.0
115412.119,3154.0,1871.0,0.0,0.0,0.0,0.0,0.0,0.0,1.0,0.0,0.0,0.0,0.0,0.0
115422.118,3154.0,1873.0,0.0,0.0,0.0,0.0,0.0,0.0,3.0,0.0,0.0,0.0,0.0,0.0
115432.119,3154.0,1872.0,0.0,0.0,0.0,0.0,0.0,0.0,1.0,0.0,0.0,0.0,0.0,0.0
115442.118,3154.0,1871.0,0.0,0.0,0.0,0.0,0.0,0.0,1.0,0.0,0.0,0.0,0.0,0.0
115452.119,3154.0,1870.0,0.0,0.0,0.0,0.0,0.0,0.0,2.0,0.0,0.0,0.0,0.0,0.0
115462.118,3154.0,1869.0,0.0,0.0,0.0,0.0,0.0,0.0,4.0,0.0,0.0,0.0,0.0,0.0
115472.118,3154.0,1872.0,0.0,0.0,0.0,0.0,0.0,0.0,2.0,0.0,0.0,0.0,0.0,0.0
115482.118,3154.0,1871.0,0.0,0.0,0.0,0.0,0.0,0.0,0.0,0.0,0.0,0.0,0.0,0.0
115492.118,3154.0,1872.0,0.0,0.0,0.0,0.0,0.0,0.0,3.0,0.0,0.0,0.0,0.0,0.0
115502.119,3154.0,1872.0,0.0,0.0,0.0,0.0,0.0,0.0,0.0,0.0,0.0,0.0,0.0,0.0
115512.118,3154.0,1872.0,0.0,0.0,0.0,0.0,0.0,0.0,0.0,0.0,0.0,0.0,0.0,0.0
115522.119,3154.0,1870.0,0.0,0.0,0.0,0.0,0.0,0.0,0.0,0.0,0.0,0.0,0.0,0.0
115532.118,3154.0,1870.0,0.0,0.0,0.0,0.0,0.0,0.0,1.0,0.0,0.0,0.0,0.0,0.0
115542.118,3154.0,1873.0,0.0,0.0,0.0,0.0,0.0,0.0,2.0,0.0,0.0,0.0,0.0,0.0
115552.118,3154.0,1870.0,0.0,0.0,0.0,0.0,0.0,0.0,1.0,0.0,0.0,0.0,0.0,0.0
115562.118,3154.0,1874.0,0.0,0.0,0.0,0.0,0.0,0.0,0.0,0.0,0.0,0.0,0.0,0.0
115572.118,3154.0,1869.0,0.0,0.0,0.0,0.0,0.0,0.0,1.0,0.0,0.0,0.0,0.0,0.0
115582.119,3154.0,1871.0,0.0,0.0,0.0,0.0,0.0,0.0,0.0,0.0,0.0,0.0,0.0,0.0
115592.118,3154.0,1872.0,0.0,0.0,0.0,0.0,0.0,0.0,4.0,0.0,0.0,0.0,0.0,0.0
115602.119,3154.0,1873.0,0.0,0.0,0.0,0.0,0.0,0.0,4.0,0.0,0.0,0.0,0.0,0.0
115612.118,3154.0,1871.0,0.0,0.0,0.0,0.0,0.0,0.0,2.0,0.0,0.0,0.0,0.0,0.0
115622.119,3154.0,1871.0,0.0,0.0,0.0,0.0,0.0,0.0,1.0,0.0,0.0,0.0,0.0,0.0
115632.118,3154.0,1870.0,0.0,0.0,0.0,0.0,0.0,0.0,3.0,0.0,0.0,0.0,0.0,0.0
115642.118,3154.0,1873.0,0.0,0.0,0.0,0.0,0.0,0.0,0.0,0.0,0.0,0.0,0.0,0.0
115652.118,3154.0,1868.0,0.0,0.0,0.0,0.0,0.0,0.0,3.0,0.0,0.0,0.0,0.0,0.0
115662.119,3154.0,1872.0,0.0,0.0,0.0,0.0,0.0,0.0,-3.0,0.0,0.0,0.0,0.0,0.0
115672.118,3154.0,1870.0,0.0,0.0,0.0,0.0,0.0,0.0,1.0,0.0,0.0,0.0,0.0,0.0
115682.119,3154.0,1872.0,0.0,0.0,0.0,0.0,0.0,0.0,2.0,0.0,0.0,0.0,0.0,0.0
115692.118,3154.0,1872.0,0.0,0.0,0.0,0.0,0.0,0.0,3.0,0.0,0.0,0.0,0.0,0.0
115702.118,3154.0,1871.0,0.0,0.0,0.0,0.0,0.0,0.0,0.0,0.0,0.0,0.0,0.0,0.0
115712.118,3154.0,1869.0,0.0,0.0,0.0,0.0,0.0,0.0,4.0,0.0,0.0,0.0,0.0,0.0
115722.118,3154.0,1871.0,0.0,0.0,0.0,0.0,0.0,0.0,4.0,0.0,0.0,0.0,0.0,0.0
115732.119,3154.0,1871.0,0.0,0.0,0.0,0.0,0.0,0.0,2.0,0.0,0.0,0.0,0.0,0.0
115742.118,3154.0,1871.0,0.0,0.0,0.0,0.0,0.0,0.0,1.0,0.0,0.0,0.0,0.0,0.0
115752.119,3154.0,1873.0,0.0,0.0,0.0,0.0,0.0,0.0,2.0,0.0,0.0,0.0,0.0,0.0
115762.118,3154.0,1871.0,0.0,0.0,0.0,0.0,0.0,0.0,1.0,0.0,0.0,0.0,0.0,0.0
115772.119,3154.0,1873.0,0.0,0.0,0.0,0.0,0.0,0.0,-1.0,0.0,0.0,0.0,0.0,0.0
115782.118,3154.0,1871.0,0.0,0.0,0.0,0.0,0.0,0.0,3.0,0.0,0.0,0.0,0.0,0.0
115792.118,3154.0,1872.0,0.0,0.0,0.0,0.0,0.0,0.0,4.0,0.0,0.0,0.0,0.0,0.0
115802.118,3154.0,1870.0,0.0,0.0,0.0,0.0,0.0,0.0,-2.0,0.0,0.0,0.0,0.0,0.0
115812.118,3154.0,1872.0,0.0,0.0,0.0,0.0,0.0,0.0,2.0,0.0,0.0,0.0,0.0,0.0
115822.119,3154.0,1872.0,0.0,0.0,0.0,0.0,0.0,0.0,2.0,0.0,0.0,0.0,0.0,0.0
115832.118,3154.0,1871.0,0.0,0.0,0.0,0.0,0.0,0.0,2.0,0.0,0.0,0.0,0.0,0.0
115842.119,3154.0,1870.0,0.0,0.0,0.0,0.0,0.0,0.0,1.0,0.0,0.0,0.0,0.0,0.0
115852.118,3154.0,1869.0,0.0,0.0,0.0,0.0,0.0,0.0,1.0,0.0,0.0,0.0,0.0,0.0
115862.118,3154.0,1872.0,0.0,0.0,0.0,0.0,0.0,0.0,2.0,0.0,0.0,0.0,0.0,0.0
115872.118,3154.0,1871.0,0.0,0.0,0.0,0.0,0.0,0.0,2.0,0.0,0.0,0.0,0.0,0.0
115882.118,3154.0,1870.0,0.0,0.0,0.0,0.0,0.0,0.0,1.0,0.0,0.0,0.0,0.0,0.0
115892.118,3154.0,1875.0,0.0,0.0,0.0,0.0,0.0,0.0,2.0,0.0,0.0,0.0,0.0,0.0
115902.119,3154.0,1872.0,0.0,0.0,0.0,0.0,0.0,0.0,1.0,0.0,0.0,0.0,0.0,0.0
115912.118,3154.0,1870.0,0.0,0.0,0.0,0.0,0.0,0.0,0.0,0.0,0.0,0.0,0.0,0.0
115922.119,3154.0,1872.0,0.0,0.0,0.0,0.0,0.0,0.0,1.0,0.0,0.0,0.0,0.0,0.0
115932.118,3154.0,1874.0,0.0,0.0,0.0,0.0,0.0,0.0,1.0,0.0,0.0,0.0,0.0,0.0
115942.119,3154.0,1870.0,0.0,0.0,0.0,0.0,0.0,0.0,0.0,0.0,0.0,0.0,0.0,0.0
115952.118,3154.0,1871.0,0.0,0.0,0.0,0.0,0.0,0.0,1.0,0.0,0.0,0.0,0.0,0.0
115962.118,3154.0,1871.0,0.0,0.0,0.0,0.0,0.0,0.0,2.0,0.0,0.0,0.0,0.0,0.0
115972.118,3154.0,1870.0,0.0,0.0,0.0,0.0,0.0,0.0,0.0,0.0,0.0,0.0,0.0,0.0
115982.119,3154.0,1871.0,0.0,0.0,0.0,0.0,0.0,0.0,1.0,0.0,0.0,0.0,0.0,0.0
115992.118,3154.0,1872.0,0.0,0.0,0.0,0.0,0.0,0.0,3.0,0.0,0.0,0.0,0.0,0.0
116002.119,3154.0,1874.0,0.0,0.0,0.0,0.0,0.0,0.0,4.0,0.0,0.0,0.0,0.0,0.0
116012.118,3154.0,1870.0,0.0,0.0,0.0,0.0,0.0,0.0,0.0,0.0,0.0,0.0,0.0,0.0
116022.118,3154.0,1868.0,0.0,0.0,0.0,0.0,0.0,0.0,2.0,0.0,0.0,0.0,0.0,0.0
116032.118,3154.0,1871.0,0.0,0.0,0.0,0.0,0.0,0.0,2.0,0.0,0.0,0.0,0.0,0.0
116042.118,3154.0,1872.0,0.0,0.0,0.0,0.0,0.0,0.0,1.0,0.0,0.0,0.0,0.0,0.0
116052.119,3154.0,1870.0,0.0,0.0,0.0,0.0,0.0,0.0,2.0,0.0,0.0,0.0,0.0,0.0
116062.118,3154.0,1870.0,0.0,0.0,0.0,0.0,0.0,0.0,1.0,0.0,0.0,0.0,0.0,0.0
116072.119,3154.0,1871.0,0.0,0.0,0.0,0.0,0.0,0.0,1.0,0.0,0.0,0.0,0.0,0.0
116082.118,3154.0,1872.0,0.0,0.0,0.0,0.0,0.0,0.0,1.0,0.0,0.0,0.0,0.0,0.0
116092.119,3154.0,1870.0,0.0,0.0,0.0,0.0,0.0,0.0,-1.0,0.0,0.0,0.0,0.0,0.0
116102.118,3154.0,1869.0,0.0,0.0,0.0,0.0,0.0,0.0,3.0,0.0,0.0,0.0,0.0,0.0
116112.118,3154.0,1873.0,0.0,0.0,0.0,0.0,0.0,0.0,1.0,0.0,0.0,0.0,0.0,0.0
116122.118,3154.0,1873.0,0.0,0.0,0.0,0.0,0.0,0.0,5.0,0.0,0.0,0.0,0.0,0.0
116132.118,3154.0,1870.0,0.0,0.0,0.0,0.0,0.0,0.0,2.0,0.0,0.0,0.0,0.0,0.0
116142.119,3154.0,1869.0,0.0,0.0,0.0,0.0,0.0,0.0,0.0,0.0,0.0,0.0,0.0,0.0
116152.118,3154.0,1871.0,0.0,0.0,0.0,0.0,0.0,0.0,3.0,0.0,0.0,0.0,0.0,0.0
116162.119,3154.0,1872.0,0.0,0.0,0.0,0.0,0.0,0.0,2.0,0.0,0.0,0.0,0.0,0.0
116172.118,3154.0,1873.0,0.0,0.0,0.0,0.0,0.0,0.0,0.0,0.0,0.0,0.0,0.0,0.0
116182.118,3154.0,1872.0,0.0,0.0,0.0,0.0,0.0,0.0,4.0,0.0,0.0,0.0,0.0,0.0
116192.118,3154.0,1871.0,0.0,0.0,0.0,0.0,0.0,0.0,0.0,0.0,0.0,0.0,0.0,0.0
116202.118,3154.0,1872.0,0.0,0.0,0.0,0.0,0.0,0.0,2.0,0.0,0.0,0.0,0.0,0.0
116212.118,3154.0,1870.0,0.0,0.0,0.0,0.0,0.0,0.0,4.0,0.0,0.0,0.0,0.0,0.0
116222.119,3154.0,1870.0,0.0,0.0,0.0,0.0,0.0,0.0,3.0,0.0,0.0,0.0,0.0,0.0
116232.118,3154.0,1870.0,0.0,0.0,0.0,0.0,0.0,0.0,-2.0,0.0,0.0,0.0,0.0,0.0
116242.119,3154.0,1871.0,0.0,0.0,0.0,0.0,0.0,0.0,2.0,0.0,0.0,0.0,0.0,0.0
116252.118,3154.0,1870.0,0.0,0.0,0.0,0.0,0.0,0.0,0.0,0.0,0.0,0.0,0.0,0.0
116262.119,3154.0,1874.0,0.0,0.0,0.0,0.0,0.0,0.0,1.0,0.0,0.0,0.0,0.0,0.0
116272.118,3154.0,1869.0,0.0,0.0,0.0,0.0,0.0,0.0,0.0,0.0,0.0,0.0,0.0,0.0
116282.118,3154.0,1870.0,0.0,0.0,0.0,0.0,0.0,0.0,0.0,0.0,0.0,0.0,0.0,0.0
116292.118,3154.0,1874.0,0.0,0.0,0.0,0.0,0.0,0.0,-1.0,0.0,0.0,0.0,0.0,0.0
116302.119,3154.0,1873.0,0.0,0.0,0.0,0.0,0.0,0.0,2.0,0.0,0.0,0.0,0.0,0.0
116312.118,3154.0,1874.0,0.0,0.0,0.0,0.0,0.0,0.0,0.0,0.0,0.0,0.0,0.0,0.0
116322.119,3154.0,1870.0,0.0,0.0,0.0,0.0,0.0,0.0,4.0,0.0,0.0,0.0,0.0,0.0
116332.118,3154.0,1872.0,0.0,0.0,0.0,0.0,0.0,0.0,1.0,0.0,0.0,0.0,0.0,0.0
116342.118,3154.0,1872.0,0.0,0.0,0.0,0.0,0.0,0.0,2.0,0.0,0.0,0.0,0.0,0.0
116352.118,3154.0,1872.0,0.0,0.0,0.0,0.0,0.0,0.0,2.0,0.0,0.0,0.0,0.0,0.0
116362.118,3154.0,1870.0,0.0,0.0,0.0,0.0,0.0,0.0,3.0,0.0,0.0,0.0,0.0,0.0
116372.119,3154.0,1874.0,0.0,0.0,0.0,0.0,0.0,0.0,1.0,0.0,0.0,0.0,0.0,0.0
116382.118,3154.0,1872.0,0.0,0.0,0.0,0.0,0.0,0.0,2.0,0.0,0.0,0.0,0.0,0.0
116392.119,3154.0,1873.0,0.0,0.0,0.0,0.0,0.0,0.0,2.0,0.0,0.0,0.0,0.0,0.0
116402.118,3154.0,1870.0,0.0,0.0,0.0,0.0,0.0,0.0,2.0,0.0,0.0,0.0,0.0,0.0
116412.119,3154.0,1870.0,0.0,0.0,0.0,0.0,0.0,0.0,0.0,0.0,0.0,0.0,0.0,0.0
116422.118,3154.0,1868.0,0.0,0.0,0.0,0.0,0.0,0.0,3.0,0.0,0.0,0.0,0.0,0.0
116432.118,3154.0,1872.0,0.0,0.0,0.0,0.0,0.0,0.0,3.0,0.0,0.0,0.0,0.0,0.0
116442.118,3154.0,1870.0,0.0,0.0,0.0,0.0,0.0,0.0,3.0,0.0,0.0,0.0,0.0,0.0
116452.118,3154.0,1871.0,0.0,0.0,0.0,0.0,0.0,0.0,1.0,0.0,0.0,0.0,0.0,0.0
116462.119,3154.0,1871.0,0.0,0.0,0.0,0.0,0.0,0.0,1.0,0.0,0.0,0.0,0.0,0.0
116472.118,3154.0,1869.0,0.0,0.0,0.0,0.0,0.0,0.0,3.0,0.0,0.0,0.0,0.0,0.0
116482.119,3154.0,1870.0,0.0,0.0,0.0,0.0,0.0,0.0,0.0,0.0,0.0,0.0,0.0,0.0
116492.118,3154.0,1871.0,0.0,0.0,0.0,0.0,0.0,0.0,4.0,0.0,0.0,0.0,0.0,0.0
116502.118,3154.0,1875.0,0.0,0.0,0.0,0.0,0.0,0.0,-1.0,0.0,0.0,0.0,0.0,0.0
116512.118,3154.0,1871.0,0.0,0.0,0.0,0.0,0.0,0.0,3.0,0.0,0.0,0.0,0.0,0.0
116522.118,3154.0,1870.0,0.0,0.0,0.0,0.0,0.0,0.0,2.0,0.0,0.0,0.0,0.0,0.0
116532.118,3154.0,1869.0,0.0,0.0,0.0,0.0,0.0,0.0,0.0,0.0,0.0,0.0,0.0,0.0
116542.119,3154.0,1875.0,0.0,0.0,0.0,0.0,0.0,0.0,4.0,0.0,0.0,0.0,0.0,0.0
116552.118,3154.0,1871.0,0.0,0.0,0.0,0.0,0.0,0.0,2.0,0.0,0.0,0.0,0.0,0.0
116562.119,3154.0,1869.0,0.0,0.0,0.0,0.0,0.0,0.0,2.0,0.0,0.0,0.0,0.0,0.0
116572.118,3154.0,1871.0,0.0,0.0,0.0,0.0,0.0,0.0,2.0,0.0,0.0,0.0,0.0,0.0
116582.119,3154.0,1871.0,0.0,0.0,0.0,0.0,0.0,0.0,-2.0,0.0,0.0,0.0,0.0,0.0
116592.118,3154.0,1871.0,0.0,0.0,0.0,0.0,0.0,0.0,1.0,0.0,0.0,0.0,0.0,0.0
116602.118,3154.0,1872.0,0.0,0.0,0.0,0.0,0.0,0.0,3.0,0.0,0.0,0.0,0.0,0.0
116612.118,3154.0,1871.0,0.0,0.0,0.0,0.0,0.0,0.0,2.0,0.0,0.0,0.0,0.0,0.0
116622.119,3154.0,1870.0,0.0,0.0,0.0,0.0,0.0,0.0,4.0,0.0,0.0,0.0,0.0,0.0
116632.118,3154.0,1871.0,0.0,0.0,0.0,0.0,0.0,0.0,0.0,0.0,0.0,0.0,0.0,0.0
116642.119,3154.0,1872.0,0.0,0.0,0.0,0.0,0.0,0.0,1.0,0.0,0.0,0.0,0.0,0.0
116652.118,3154.0,1874.0,0.0,0.0,0.0,0.0,0.0,0.0,0.0,0.0,0.0,0.0,0.0,0.0
116662.118,3154.0,1870.0,0.0,0.0,0.0,0.0,0.0,0.0,1.0,0.0,0.0,0.0,0.0,0.0
116672.118,3154.0,1873.0,0.0,0.0,0.0,0.0,0.0,0.0,0.0,0.0,0.0,0.0,0.0,0.0
116682.118,3154.0,1871.0,0.0,0.0,0.0,0.0,0.0,0.0,3.0,0.0,0.0,0.0,0.0,0.0
116692.119,3154.0,1872.0,0.0,0.0,0.0,0.0,0.0,0.0,0.0,0.0,0.0,0.0,0.0,0.0
116702.118,3154.0,1870.0,0.0,0.0,0.0,0.0,0.0,0.0,1.0,0.0,0.0,0.0,0.0,0.0
116712.119,3154.0,1872.0,0.0,0.0,0.0,0.0,0.0,0.0,1.0,0.0,0.0,0.0,0.0,0.0
116722.118,3154.0,1871.0,0.0,0.0,0.0,0.0,0.0,0.0,1.0,0.0,0.0,0.0,0.0,0.0
116732.119,3154.0,1872.0,0.0,0.0,0.0,0.0,0.0,0.0,1.0,0.0,0.0,0.0,0.0,0.0
116742.118,3154.0,1870.0,0.0,0.0,0.0,0.0,0.0,0.0,-1.0,0.0,0.0,0.0,0.0,0.0
116752.118,3154.0,1871.0,0.0,0.0,0.0,0.0,0.0,0.0,0.0,0.0,0.0,0.0,0.0,0.0
116762.118,3154.0,1870.0,0.0,0.0,0.0,0.0,0.0,0.0,1.0,0.0,0.0,0.0,0.0,0.0
116772.118,3154.0,1870.0,0.0,0.0,0.0,0.0,0.0,0.0,1.0,0.0,0.0,0.0,0.0,0.0
116782.119,3154.0,1869.0,0.0,0.0,0.0,0.0,0.0,0.0,2.0,0.0,0.0,0.0,0.0,0.0
116792.118,3154.0,1872.0,0.0,0.0,0.0,0.0,0.0,0.0,2.0,0.0,0.0,0.0,0.0,0.0
116802.119,3154.0,1875.0,0.0,0.0,0.0,0.0,0.0,0.0,3.0,0.0,0.0,0.0,0.0,0.0
116812.118,3154.0,1872.0,0.0,0.0,0.0,0.0,0.0,0.0,2.0,0.0,0.0,0.0,0.0,0.0
116822.118,3154.0,1870.0,0.0,0.0,0.0,0.0,0.0,0.0,0.0,0.0,0.0,0.0,0.0,0.0
116832.118,3154.0,1870.0,0.0,0.0,0.0,0.0,0.0,0.0,1.0,0.0,0.0,0.0,0.0,0.0
116842.118,3154.0,1873.0,0.0,0.0,0.0,0.0,0.0,0.0,4.0,0.0,0.0,0.0,0.0,0.0
116852.118,3154.0,1872.0,0.0,0.0,0.0,0.0,0.0,0.0,1.0,0.0,0.0,0.0,0.0,0.0
116862.119,3154.0,1873.0,0.0,0.0,0.0,0.0,0.0,0.0,2.0,0.0,0.0,0.0,0.0,0.0
116872.118,3154.0,1870.0,0.0,0.0,0.0,0.0,0.0,0.0,3.0,0.0,0.0,0.0,0.0,0.0
116882.119,3154.0,1869.0,0.0,0.0,0.0,0.0,0.0,0.0,1.0,0.0,0.0,0.0,0.0,0.0
116892.118,3154.0,1872.0,0.0,0.0,0.0,0.0,0.0,0.0,2.0,0.0,0.0,0.0,0.0,0.0
116902.119,3154.0,1872.0,0.0,0.0,0.0,0.0,0.0,0.0,2.0,0.0,0.0,0.0,0.0,0.0
116912.118,3154.0,1874.0,0.0,0.0,0.0,0.0,0.0,0.0,0.0,0.0,0.0,0.0,0.0,0.0
116922.118,3154.0,1872.0,0.0,0.0,0.0,0.0,0.0,0.0,0.0,0.0,0.0,0.0,0.0,0.0
116932.118,3154.0,1869.0,0.0,0.0,0.0,0.0,0.0,0.0,0.0,0.0,0.0,0.0,0.0,0.0
116942.119,3154.0,1870.0,0.0,0.0,0.0,0.0,0.0,0.0,1.0,0.0,0.0,0.0,0.0,0.0
116952.118,3154.0,1870.0,0.0,0.0,0.0,0.0,0.0,0.0,3.0,0.0,0.0,0.0,0.0,0.0
116962.119,3154.0,1872.0,0.0,0.0,0.0,0.0,0.0,0.0,-1.0,0.0,0.0,0.0,0.0,0.0
116972.118,3154.0,1869.0,0.0,0.0,0.0,0.0,0.0,0.0,2.0,0.0,0.0,0.0,0.0,0.0
116982.118,3154.0,1872.0,0.0,0.0,0.0,0.0,0.0,0.0,1.0,0.0,0.0,0.0,0.0,0.0
116992.118,3154.0,1870.0,0.0,0.0,0.0,0.0,0.0,0.0,1.0,0.0,0.0,0.0,0.0,0.0
117002.118,3154.0,1869.0,0.0,0.0,0.0,0.0,0.0,0.0,3.0,0.0,0.0,0.0,0.0,0.0
117012.119,3154.0,1873.0,0.0,0.0,0.0,0.0,0.0,0.0,0.0,0.0,0.0,0.0,0.0,0.0
117022.118,3154.0,1871.0,0.0,0.0,0.0,0.0,0.0,0.0,3.0,0.0,0.0,0.0,0.0,0.0
117032.119,3154.0,1871.0,0.0,0.0,0.0,0.0,0.0,0.0,4.0,0.0,0.0,0.0,0.0,0.0
117042.118,3154.0,1871.0,0.0,0.0,0.0,0.0,0.0,0.0,1.0,0.0,0.0,0.0,0.0,0.0
117052.119,3154.0,1871.0,0.0,0.0,0.0,0.0,0.0,0.0,2.0,0.0,0.0,0.0,0.0,0.0
117062.118,3154.0,1873.0,0.0,0.0,0.0,0.0,0.0,0.0,1.0,0.0,0.0,0.0,0.0,0.0
117072.118,3154.0,1872.0,0.0,0.0,0.0,0.0,0.0,0.0,3.0,0.0,0.0,0.0,0.0,0.0
117082.118,3154.0,1873.0,0.0,0.0,0.0,0.0,0.0,0.0,0.0,0.0,0.0,0.0,0.0,0.0
117092.118,3154.0,1870.0,0.0,0.0,0.0,0.0,0.0,0.0,3.0,0.0,0.0,0.0,0.0,0.0
117102.119,3154.0,1871.0,0.0,0.0,0.0,0.0,0.0,0.0,2.0,0.0,0.0,0.0,0.0,0.0
117112.118,3154.0,1868.0,0.0,0.0,0.0,0.0,0.0,0.0,2.0,0.0,0.0,0.0,0.0,0.0
117122.119,3154.0,1872.0,0.0,0.0,0.0,0.0,0.0,0.0,0.0,0.0,0.0,0.0,0.0,0.0
117132.118,3154.0,1871.0,0.0,0.0,0.0,0.0,0.0,0.0,2.0,0.0,0.0,0.0,0.0,0.0
117142.118,3154.0,1872.0,0.0,0.0,0.0,0.0,0.0,0.0,2.0,0.0,0.0,0.0,0.0,0.0
117152.118,3154.0,1870.0,0.0,0.0,0.0,0.0,0.0,0.0,4.0,0.0,0.0,0.0,0.0,0.0
117162.118,3154.0,1872.0,0.0,0.0,0.0,0.0,0.0,0.0,0.0,0.0,0.0,0.0,0.0,0.0
117172.118,3154.0,1871.0,0.0,0.0,0.0,0.0,0.0,0.0,1.0,0.0,0.0,0.0,0.0,0.0
117182.119,3154.0,1869.0,0.0,0.0,0.0,0.0,0.0,0.0,1.0,0.0,0.0,0.0,0.0,0.0
117192.118,3154.0,1870.0,0.0,0.0,0.0,0.0,0.0,0.0,4.0,0.0,0.0,0.0,0.0,0.0
117202.119,3154.0,1874.0,0.0,0.0,0.0,0.0,0.0,0.0,2.0,0.0,0.0,0.0,0.0,0.0
117212.118,3154.0,1871.0,0.0,0.0,0.0,0.0,0.0,0.0,3.0,0.0,0.0,0.0,0.0,0.0
117222.119,3154.0,1870.0,0.0,0.0,0.0,0.0,0.0,0.0,3.0,0.0,0.0,0.0,0.0,0.0
117232.118,3154.0,1871.0,0.0,0.0,0.0,0.0,0.0,0.0,1.0,0.0,0.0,0.0,0.0,0.0
117242.118,3154.0,1869.0,0.0,0.0,0.0,0.0,0.0,0.0,1.0,0.0,0.0,0.0,0.0,0.0
117252.118,3154.0,1870.0,0.0,0.0,0.0,0.0,0.0,0.0,0.0,0.0,0.0,0.0,0.0,0.0
117262.119,3154.0,1874.0,0.0,0.0,0.0,0.0,0.0,0.0,2.0,0.0,0.0,0.0,0.0,0.0
117272.118,3154.0,1871.0,0.0,0.0,0.0,0.0,0.0,0.0,3.0,0.0,0.0,0.0,0.0,0.0
117282.119,3154.0,1870.0,0.0,0.0,0.0,0.0,0.0,0.0,2.0,0.0,0.0,0.0,0.0,0.0
117292.118,3154.0,1874.0,0.0,0.0,0.0,0.0,0.0,0.0,-1.0,0.0,0.0,0.0,0.0,0.0
117302.118,3154.0,1872.0,0.0,0.0,0.0,0.0,0.0,0.0,0.0,0.0,0.0,0.0,0.0,0.0
117312.118,3154.0,1870.0,0.0,0.0,0.0,0.0,0.0,0.0,0.0,0.0,0.0,0.0,0.0,0.0
117322.118,3154.0,1870.0,0.0,0.0,0.0,0.0,0.0,0.0,2.0,0.0,0.0,0.0,0.0,0.0
117332.119,3154.0,1870.0,0.0,0.0,0.0,0.0,0.0,0.0,0.0,0.0,0.0,0.0,0.0,0.0
117342.118,3154.0,1869.0,0.0,0.0,0.0,0.0,0.0,0.0,3.0,0.0,0.0,0.0,0.0,0.0
117352.119,3154.0,1872.0,0.0,0.0,0.0,0.0,0.0,0.0,2.0,0.0,0.0,0.0,0.0,0.0
117362.118,3154.0,1871.0,0.0,0.0,0.0,0.0,0.0,0.0,3.0,0.0,0.0,0.0,0.0,0.0
117372.119,3154.0,1874.0,0.0,0.0,0.0,0.0,0.0,0.0,3.0,0.0,0.0,0.0,0.0,0.0
117382.118,3154.0,1870.0,0.0,0.0,0.0,0.0,0.0,0.0,3.0,0.0,0.0,0.0,0.0,0.0
117392.118,3154.0,1870.0,0.0,0.0,0.0,0.0,0.0,0.0,5.0,0.0,0.0,0.0,0.0,0.0
117402.118,3154.0,1875.0,0.0,0.0,0.0,0.0,0.0,0.0,0.0,0.0,0.0,0.0,0.0,0.0
117412.118,3154.0,1872.0,0.0,0.0,0.0,0.0,0.0,0.0,1.0,0.0,0.0,0.0,0.0,0.0
117422.119,3154.0,1872.0,0.0,0.0,0.0,0.0,0.0,0.0,3.0,0.0,0.0,0.0,0.0,0.0
117432.118,3154.0,1870.0,0.0,0.0,0.0,0.0,0.0,0.0,4.0,0.0,0.0,0.0,0.0,0.0
117442.119,3154.0,1872.0,0.0,0.0,0.0,0.0,0.0,0.0,0.0,0.0,0.0,0.0,0.0,0.0
117452.118,3154.0,1874.0,0.0,0.0,0.0,0.0,0.0,0.0,-2.0,0.0,0.0,0.0,0.0,0.0
117462.118,3154.0,1870.0,0.0,0.0,0.0,0.0,0.0,0.0,1.0,0.0,0.0,0.0,0.0,0.0
117472.118,3154.0,1869.0,0.0,0.0,0.0,0.0,0.0,0.0,3.0,0.0,0.0,0.0,0.0,0.0
117482.118,3154.0,1873.0,0.0,0.0,0.0,0.0,0.0,0.0,2.0,0.0,0.0,0.0,0.0,0.0
117492.118,3154.0,1870.0,0.0,0.0,0.0,0.0,0.0,0.0,1.0,0.0,0.0,0.0,0.0,0.0
117502.119,3154.0,1870.0,0.0,0.0,0.0,0.0,0.0,0.0,1.0,0.0,0.0,0.0,0.0,0.0
117512.118,3154.0,1870.0,0.0,0.0,0.0,0.0,0.0,0.0,2.0,0.0,0.0,0.0,0.0,0.0
117522.119,3154.0,1871.0,0.0,0.0,0.0,0.0,0.0,0.0,0.0,0.0,0.0,0.0,0.0,0.0
117532.118,3154.0,1870.0,0.0,0.0,0.0,0.0,0.0,0.0,2.0,0.0,0.0,0.0,0.0,0.0
117542.119,3154.0,1871.0,0.0,0.0,0.0,0.0,0.0,0.0,1.0,0.0,0.0,0.0,0.0,0.0
117552.118,3154.0,1871.0,0.0,0.0,0.0,0.0,0.0,0.0,3.0,0.0,0.0,0.0,0.0,0.0
117562.118,3154.0,1873.0,0.0,0.0,0.0,0.0,0.0,0.0,1.0,0.0,0.0,0.0,0.0,0.0
117572.118,3154.0,1870.0,0.0,0.0,0.0,0.0,0.0,0.0,1.0,0.0,0.0,0.0,0.0,0.0
117582.119,3154.0,1871.0,0.0,0.0,0.0,0.0,0.0,0.0,2.0,0.0,0.0,0.0,0.0,0.0
117592.118,3154.0,1872.0,0.0,0.0,0.0,0.0,0.0,0.0,3.0,0.0,0.0,0.0,0.0,0.0
117602.119,3154.0,1873.0,0.0,0.0,0.0,0.0,0.0,0.0,1.0,0.0,0.0,0.0,0.0,0.0
117612.118,3154.0,1870.0,0.0,0.0,0.0,0.0,0.0,0.0,2.0,0.0,0.0,0.0,0.0,0.0
117622.118,3154.0,1873.0,0.0,0.0,0.0,0.0,0.0,0.0,3.0,0.0,0.0,0.0,0.0,0.0
117632.118,3154.0,1869.0,0.0,0.0,0.0,0.0,0.0,0.0,1.0,0.0,0.0,0.0,0.0,0.0
117642.118,3154.0,1872.0,0.0,0.0,0.0,0.0,0.0,0.0,0.0,0.0,0.0,0.0,0.0,0.0
117652.119,3154.0,1871.0,0.0,0.0,0.0,0.0,0.0,0.0,2.0,0.0,0.0,0.0,0.0,0.0
117662.118,3154.0,1873.0,0.0,0.0,0.0,0.0,0.0,0.0,1.0,0.0,0.0,0.0,0.0,0.0
117672.119,3154.0,1870.0,0.0,0.0,0.0,0.0,0.0,0.0,1.0,0.0,0.0,0.0,0.0,0.0
117682.118,3154.0,1871.0,0.0,0.0,0.0,0.0,0.0,0.0,1.0,0.0,0.0,0.0,0.0,0.0
117692.119,3154.0,1871.0,0.0,0.0,0.0,0.0,0.0,0.0,1.0,0.0,0.0,0.0,0.0,0.0
117702.118,3154.0,1869.0,0.0,0.0,0.0,0.0,0.0,0.0,3.0,0.0,0.0,0.0,0.0,0.0
117712.118,3154.0,1868.0,0.0,0.0,0.0,0.0,0.0,0.0,1.0,0.0,0.0,0.0,0.0,0.0
117722.118,3154.0,1869.0,0.0,0.0,0.0,0.0,0.0,0.0,1.0,0.0,0.0,0.0,0.0,0.0
117732.118,3154.0,1874.0,0.0,0.0,0.0,0.0,0.0,0.0,3.0,0.0,0.0,0.0,0.0,0.0
117742.119,3154.0,1870.0,0.0,0.0,0.0,0.0,0.0,0.0,1.0,0.0,0.0,0.0,0.0,0.0
117752.118,3154.0,1870.0,0.0,0.0,0.0,0.0,0.0,0.0,1.0,0.0,0.0,0.0,0.0,0.0
117762.119,3154.0,1870.0,0.0,0.0,0.0,0.0,0.0,0.0,3.0,0.0,0.0,0.0,0.0,0.0
117772.118,3154.0,1872.0,0.0,0.0,0.0,0.0,0.0,0.0,2.0,0.0,0.0,0.0,0.0,0.0
117782.118,3154.0,1869.0,0.0,0.0,0.0,0.0,0.0,0.0,0.0,0.0,0.0,0.0,0.0,0.0
117792.118,3154.0,1871.0,0.0,0.0,0.0,0.0,0.0,0.0,-1.0,0.0,0.0,0.0,0.0,0.0
117802.118,3154.0,1873.0,0.0,0.0,0.0,0.0,0.0,0.0,2.0,0.0,0.0,0.0,0.0,0.0
117812.118,3154.0,1869.0,0.0,0.0,0.0,0.0,0.0,0.0,3.0,0.0,0.0,0.0,0.0,0.0
117822.119,3154.0,1871.0,0.0,0.0,0.0,0.0,0.0,0.0,-1.0,0.0,0.0,0.0,0.0,0.0
117832.118,3154.0,1873.0,0.0,0.0,0.0,0.0,0.0,0.0,0.0,0.0,0.0,0.0,0.0,0.0
117842.119,3154.0,1870.0,0.0,0.0,0.0,0.0,0.0,0.0,3.0,0.0,0.0,0.0,0.0,0.0
117852.118,3154.0,1871.0,0.0,0.0,0.0,0.0,0.0,0.0,0.0,0.0,0.0,0.0,0.0,0.0
117862.119,3154.0,1870.0,0.0,0.0,0.0,0.0,0.0,0.0,1.0,0.0,0.0,0.0,0.0,0.0
117872.118,3154.0,1871.0,0.0,0.0,0.0,0.0,0.0,0.0,1.0,0.0,0.0,0.0,0.0,0.0
117882.118,3154.0,1869.0,0.0,0.0,0.0,0.0,0.0,0.0,-1.0,0.0,0.0,0.0,0.0,0.0
117892.118,3154.0,1873.0,0.0,0.0,0.0,0.0,0.0,0.0,1.0,0.0,0.0,0.0,0.0,0.0
117902.119,3154.0,1871.0,0.0,0.0,0.0,0.0,0.0,0.0,3.0,0.0,0.0,0.0,0.0,0.0
117912.118,3154.0,1872.0,0.0,0.0,0.0,0.0,0.0,0.0,0.0,0.0,0.0,0.0,0.0,0.0
117922.119,3154.0,1871.0,0.0,0.0,0.0,0.0,0.0,0.0,1.0,0.0,0.0,0.0,0.0,0.0
117932.118,3154.0,1869.0,0.0,0.0,0.0,0.0,0.0,0.0,3.0,0.0,0.0,0.0,0.0,0.0
117942.118,3154.0,1869.0,0.0,0.0,0.0,0.0,0.0,0.0,2.0,0.0,0.0,0.0,0.0,0.0
117952.118,3154.0,1870.0,0.0,0.0,0.0,0.0,0.0,0.0,6.0,0.0,0.0,0.0,0.0,0.0
117962.118,3154.0,1872.0,0.0,0.0,0.0,0.0,0.0,0.0,0.0,0.0,0.0,0.0,0.0,0.0
117972.119,3154.0,1869.0,0.0,0.0,0.0,0.0,0.0,0.0,2.0,0.0,0.0,0.0,0.0,0.0
117982.118,3154.0,1871.0,0.0,0.0,0.0,0.0,0.0,0.0,2.0,0.0,0.0,0.0,0.0,0.0
117992.119,3154.0,1868.0,0.0,0.0,0.0,0.0,0.0,0.0,3.0,0.0,0.0,0.0,0.0,0.0
118002.118,3154.0,1869.0,0.0,0.0,0.0,0.0,0.0,0.0,3.0,0.0,0.0,0.0,0.0,0.0
118012.119,3154.0,1874.0,0.0,0.0,0.0,0.0,0.0,0.0,1.0,0.0,0.0,0.0,0.0,0.0
118022.118,3154.0,1871.0,0.0,0.0,0.0,0.0,0.0,0.0,1.0,0.0,0.0,0.0,0.0,0.0
118032.118,3154.0,1868.0,0.0,0.0,0.0,0.0,0.0,0.0,1.0,0.0,0.0,0.0,0.0,0.0
118042.118,3154.0,1871.0,0.0,0.0,0.0,0.0,0.0,0.0,0.0,0.0,0.0,0.0,0.0,0.0
118052.118,3154.0,1871.0,0.0,0.0,0.0,0.0,0.0,0.0,1.0,0.0,0.0,0.0,0.0,0.0
118062.119,3154.0,1871.0,0.0,0.0,0.0,0.0,0.0,0.0,2.0,0.0,0.0,0.0,0.0,0.0
118072.118,3154.0,1871.0,0.0,0.0,0.0,0.0,0.0,0.0,0.0,0.0,0.0,0.0,0.0,0.0
118082.119,3154.0,1870.0,0.0,0.0,0.0,0.0,0.0,0.0,0.0,0.0,0.0,0.0,0.0,0.0
118092.118,3154.0,1870.0,0.0,0.0,0.0,0.0,0.0,0.0,1.0,0.0,0.0,0.0,0.0,0.0
118102.118,3154.0,1871.0,0.0,0.0,0.0,0.0,0.0,0.0,1.0,0.0,0.0,0.0,0.0,0.0
118112.118,3154.0,1873.0,0.0,0.0,0.0,0.0,0.0,0.0,-1.0,0.0,0.0,0.0,0.0,0.0
118122.118,3154.0,1872.0,0.0,0.0,0.0,0.0,0.0,0.0,3.0,0.0,0.0,0.0,0.0,0.0
118132.118,3154.0,1871.0,0.0,0.0,0.0,0.0,0.0,0.0,2.0,0.0,0.0,0.0,0.0,0.0
118142.119,3154.0,1872.0,0.0,0.0,0.0,0.0,0.0,0.0,1.0,0.0,0.0,0.0,0.0,0.0
118152.118,3154.0,1870.0,0.0,0.0,0.0,0.0,0.0,0.0,0.0,0.0,0.0,0.0,0.0,0.0
118162.119,3154.0,1870.0,0.0,0.0,0.0,0.0,0.0,0.0,2.0,0.0,0.0,0.0,0.0,0.0
118172.118,3154.0,1872.0,0.0,0.0,0.0,0.0,0.0,0.0,1.0,0.0,0.0,0.0,0.0,0.0
118182.119,3154.0,1869.0,0.0,0.0,0.0,0.0,0.0,0.0,0.0,0.0,0.0,0.0,0.0,0.0
118192.118,3154.0,1872.0,0.0,0.0,0.0,0.0,0.0,0.0,-2.0,0.0,0.0,0.0,0.0,0.0
118202.118,3154.0,1872.0,0.0,0.0,0.0,0.0,0.0,0.0,1.0,0.0,0.0,0.0,0.0,0.0
118212.118,3154.0,1869.0,0.0,0.0,0.0,0.0,0.0,0.0,1.0,0.0,0.0,0.0,0.0,0.0
118222.119,3154.0,1870.0,0.0,0.0,0.0,0.0,0.0,0.0,0.0,0.0,0.0,0.0,0.0,0.0
118232.118,3154.0,1868.0,0.0,0.0,0.0,0.0,0.0,0.0,3.0,0.0,0.0,0.0,0.0,0.0
118242.119,3154.0,1869.0,0.0,0.0,0.0,0.0,0.0,0.0,0.0,0.0,0.0,0.0,0.0,0.0
118252.118,3154.0,1871.0,0.0,0.0,0.0,0.0,0.0,0.0,4.0,0.0,0.0,0.0,0.0,0.0
118262.118,3154.0,1868.0,0.0,0.0,0.0,0.0,0.0,0.0,2.0,0.0,0.0,0.0,0.0,0.0
118272.118,3154.0,1870.0,0.0,0.0,0.0,0.0,0.0,0.0,3.0,0.0,0.0,0.0,0.0,0.0
118282.118,3154.0,1870.0,0.0,0.0,0.0,0.0,0.0,0.0,3.0,0.0,0.0,0.0,0.0,0.0
118292.119,3154.0,1870.0,0.0,0.0,0.0,0.0,0.0,0.0,1.0,0.0,0.0,0.0,0.0,0.0
118302.118,3154.0,1871.0,0.0,0.0,0.0,0.0,0.0,0.0,2.0,0.0,0.0,0.0,0.0,0.0
118312.119,3154.0,1872.0,0.0,0.0,0.0,0.0,0.0,0.0,2.0,0.0,0.0,0.0,0.0,0.0
118322.118,3154.0,1870.0,0.0,0.0,0.0,0.0,0.0,0.0,3.0,0.0,0.0,0.0,0.0,0.0
118332.119,3154.0,1874.0,0.0,0.0,0.0,0.0,0.0,0.0,0.0,0.0,0.0,0.0,0.0,0.0
118342.118,3154.0,1871.0,0.0,0.0,0.0,0.0,0.0,0.0,1.0,0.0,0.0,0.0,0.0,0.0
118352.118,3154.0,1870.0,0.0,0.0,0.0,0.0,0.0,0.0,2.0,0.0,0.0,0.0,0.0,0.0
118362.118,3154.0,1872.0,0.0,0.0,0.0,0.0,0.0,0.0,0.0,0.0,0.0,0.0,0.0,0.0
118372.118,3154.0,1871.0,0.0,0.0,0.0,0.0,0.0,0.0,0.0,0.0,0.0,0.0,0.0,0.0
118382.119,3154.0,1869.0,0.0,0.0,0.0,0.0,0.0,0.0,2.0,0.0,0.0,0.0,0.0,0.0
118392.118,3154.0,1870.0,0.0,0.0,0.0,0.0,0.0,0.0,1.0,0.0,0.0,0.0,0.0,0.0
118402.119,3154.0,1870.0,0.0,0.0,0.0,0.0,0.0,0.0,2.0,0.0,0.0,0.0,0.0,0.0
118412.118,3154.0,1869.0,0.0,0.0,0.0,0.0,0.0,0.0,0.0,0.0,0.0,0.0,0.0,0.0
118422.118,3154.0,1872.0,0.0,0.0,0.0,0.0,0.0,0.0,-1.0,0.0,0.0,0.0,0.0,0.0
118432.118,3154.0,1870.0,0.0,0.0,0.0,0.0,0.0,0.0,1.0,0.0,0.0,0.0,0.0,0.0
118442.118,3154.0,1872.0,0.0,0.0,0.0,0.0,0.0,0.0,3.0,0.0,0.0,0.0,0.0,0.0
118452.118,3154.0,1874.0,0.0,0.0,0.0,0.0,0.0,0.0,2.0,0.0,0.0,0.0,0.0,0.0
118462.119,3154.0,1872.0,0.0,0.0,0.0,0.0,0.0,0.0,0.0,0.0,0.0,0.0,0.0,0.0
118472.118,3154.0,1870.0,0.0,0.0,0.0,0.0,0.0,0.0,3.0,0.0,0.0,0.0,0.0,0.0
118482.119,3154.0,1871.0,0.0,0.0,0.0,0.0,0.0,0.0,1.0,0.0,0.0,0.0,0.0,0.0
118492.118,3154.0,1871.0,0.0,0.0,0.0,0.0,0.0,0.0,1.0,0.0,0.0,0.0,0.0,0.0
118502.119,3154.0,1871.0,0.0,0.0,0.0,0.0,0.0,0.0,0.0,0.0,0.0,0.0,0.0,0.0
118512.118,3154.0,1871.0,0.0,0.0,0.0,0.0,0.0,0.0,1.0,0.0,0.0,0.0,0.0,0.0
118522.118,3154.0,1869.0,0.0,0.0,0.0,0.0,0.0,0.0,0.0,0.0,0.0,0.0,0.0,0.0
118532.118,3154.0,1870.0,0.0,0.0,0.0,0.0,0.0,0.0,1.0,0.0,0.0,0.0,0.0,0.0
118542.119,3154.0,1869.0,0.0,0.0,0.0,0.0,0.0,0.0,2.0,0.0,0.0,0.0,0.0,0.0
118552.118,3154.0,1870.0,0.0,0.0,0.0,0.0,0.0,0.0,0.0,0.0,0.0,0.0,0.0,0.0
118562.119,3154.0,1869.0,0.0,0.0,0.0,0.0,0.0,0.0,0.0,0.0,0.0,0.0,0.0,0.0
118572.118,3154.0,1871.0,0.0,0.0,0.0,0.0,0.0,0.0,2.0,0.0,0.0,0.0,0.0,0.0
118582.118,3154.0,1871.0,0.0,0.0,0.0,0.0,0.0,0.0,-1.0,0.0,0.0,0.0,0.0,0.0
118592.118,3154.0,1869.0,0.0,0.0,0.0,0.0,0.0,0.0,1.0,0.0,0.0,0.0,0.0,0.0
118602.118,3154.0,1869.0,0.0,0.0,0.0,0.0,0.0,0.0,3.0,0.0,0.0,0.0,0.0,0.0
118612.119,3154.0,1871.0,0.0,0.0,0.0,0.0,0.0,0.0,0.0,0.0,0.0,0.0,0.0,0.0
118622.118,3154.0,1869.0,0.0,0.0,0.0,0.0,0.0,0.0,1.0,0.0,0.0,0.0,0.0,0.0
118632.119,3154.0,1871.0,0.0,0.0,0.0,0.0,0.0,0.0,1.0,0.0,0.0,0.0,0.0,0.0
118642.118,3154.0,1871.0,0.0,0.0,0.0,0.0,0.0,0.0,-1.0,0.0,0.0,0.0,0.0,0.0
118652.119,3154.0,1874.0,0.0,0.0,0.0,0.0,0.0,0.0,1.0,0.0,0.0,0.0,0.0,0.0
118662.118,3154.0,1872.0,0.0,0.0,0.0,0.0,0.0,0.0,1.0,0.0,0.0,0.0,0.0,0.0
118672.118,3154.0,1873.0,0.0,0.0,0.0,0.0,0.0,0.0,1.0,0.0,0.0,0.0,0.0,0.0
118682.118,3154.0,1871.0,0.0,0.0,0.0,0.0,0.0,0.0,-2.0,0.0,0.0,0.0,0.0,0.0
118692.118,3154.0,1872.0,0.0,0.0,0.0,0.0,0.0,0.0,0.0,0.0,0.0,0.0,0.0,0.0
118702.119,3154.0,1872.0,0.0,0.0,0.0,0.0,0.0,0.0,2.0,0.0,0.0,0.0,0.0,0.0
118712.118,3154.0,1868.0,0.0,0.0,0.0,0.0,0.0,0.0,0.0,0.0,0.0,0.0,0.0,0.0
118722.119,3154.0,1872.0,0.0,0.0,0.0,0.0,0.0,0.0,0.0,0.0,0.0,0.0,0.0,0.0
118732.118,3154.0,1871.0,0.0,0.0,0.0,0.0,0.0,0.0,0.0,0.0,0.0,0.0,0.0,0.0
118742.118,3154.0,1869.0,0.0,0.0,0.0,0.0,0.0,0.0,1.0,0.0,0.0,0.0,0.0,0.0
118752.118,3154.0,1869.0,0.0,0.0,0.0,0.0,0.0,0.0,1.0,0.0,0.0,0.0,0.0,0.0
118762.118,3154.0,1870.0,0.0,0.0,0.0,0.0,0.0,0.0,3.0,0.0,0.0,0.0,0.0,0.0
118772.119,3154.0,1868.0,0.0,0.0,0.0,0.0,0.0,0.0,2.0,0.0,0.0,0.0,0.0,0.0
118782.118,3154.0,1871.0,0.0,0.0,0.0,0.0,0.0,0.0,0.0,0.0,0.0,0.0,0.0,0.0
118792.118,3154.0,1869.0,0.0,0.0,0.0,0.0,0.0,0.0,2.0,0.0,0.0,0.0,0.0,0.0
118802.118,3154.0,1871.0,0.0,0.0,0.0,0.0,0.0,0.0,0.0,0.0,0.0,0.0,0.0,0.0
118812.118,3154.0,1871.0,0.0,0.0,0.0,0.0,0.0,0.0,2.0,0.0,0.0,0.0,0.0,0.0
118822.118,3154.0,1871.0,0.0,0.0,0.0,0.0,0.0,0.0,4.0,0.0,0.0,0.0,0.0,0.0
118832.118,3154.0,1872.0,0.0,0.0,0.0,0.0,0.0,0.0,0.0,0.0,0.0,0.0,0.0,0.0
118842.119,3154.0,1870.0,0.0,0.0,0.0,0.0,0.0,0.0,4.0,0.0,0.0,0.0,0.0,0.0
118852.118,3154.0,1873.0,0.0,0.0,0.0,0.0,0.0,0.0,1.0,0.0,0.0,0.0,0.0,0.0
118862.118,3154.0,1870.0,0.0,0.0,0.0,0.0,0.0,0.0,0.0,0.0,0.0,0.0,0.0,0.0
118872.118,3154.0,1867.0,0.0,0.0,0.0,0.0,0.0,0.0,1.0,0.0,0.0,0.0,0.0,0.0
118882.118,3154.0,1872.0,0.0,0.0,0.0,0.0,0.0,0.0,1.0,0.0,0.0,0.0,0.0,0.0
118892.118,3154.0,1869.0,0.0,0.0,0.0,0.0,0.0,0.0,0.0,0.0,0.0,0.0,0.0,0.0
118902.118,3154.0,1870.0,0.0,0.0,0.0,0.0,0.0,0.0,0.0,0.0,0.0,0.0,0.0,0.0
118912.118,3154.0,1873.0,0.0,0.0,0.0,0.0,0.0,0.0,0.0,0.0,0.0,0.0,0.0,0.0
118922.119,3154.0,1869.0,0.0,0.0,0.0,0.0,0.0,0.0,0.0,0.0,0.0,0.0,0.0,0.0
118932.118,3154.0,1870.0,0.0,0.0,0.0,0.0,0.0,0.0,-1.0,0.0,0.0,0.0,0.0,0.0
118942.119,3154.0,1873.0,0.0,0.0,0.0,0.0,0.0,0.0,-1.0,0.0,0.0,0.0,0.0,0.0
118952.118,3154.0,1870.0,0.0,0.0,0.0,0.0,0.0,0.0,2.0,0.0,0.0,0.0,0.0,0.0
118962.118,3154.0,1872.0,0.0,0.0,0.0,0.0,0.0,0.0,3.0,0.0,0.0,0.0,0.0,0.0
118972.118,3154.0,1869.0,0.0,0.0,0.0,0.0,0.0,0.0,-1.0,0.0,0.0,0.0,0.0,0.0
118982.118,3154.0,1871.0,0.0,0.0,0.0,0.0,0.0,0.0,2.0,0.0,0.0,0.0,0.0,0.0
118992.118,3154.0,1870.0,0.0,0.0,0.0,0.0,0.0,0.0,0.0,0.0,0.0,0.0,0.0,0.0
119002.119,3154.0,1870.0,0.0,0.0,0.0,0.0,0.0,0.0,1.0,0.0,0.0,0.0,0.0,0.0
119012.118,3154.0,1869.0,0.0,0.0,0.0,0.0,0.0,0.0,-1.0,0.0,0.0,0.0,0.0,0.0
119022.119,3154.0,1870.0,0.0,0.0,0.0,0.0,0.0,0.0,1.0,0.0,0.0,0.0,0.0,0.0
119032.118,3154.0,1873.0,0.0,0.0,0.0,0.0,0.0,0.0,2.0,0.0,0.0,0.0,0.0,0.0
119042.119,3154.0,1870.0,0.0,0.0,0.0,0.0,0.0,0.0,-1.0,0.0,0.0,0.0,0.0,0.0
119052.118,3154.0,1871.0,0.0,0.0,0.0,0.0,0.0,0.0,0.0,0.0,0.0,0.0,0.0,0.0
119062.118,3154.0,1871.0,0.0,0.0,0.0,0.0,0.0,0.0,2.0,0.0,0.0,0.0,0.0,0.0
119072.118,3154.0,1871.0,0.0,0.0,0.0,0.0,0.0,0.0,0.0,0.0,0.0,0.0,0.0,0.0
119082.118,3154.0,1870.0,0.0,0.0,0.0,0.0,0.0,0.0,-2.0,0.0,0.0,0.0,0.0,0.0
119092.118,3154.0,1871.0,0.0,0.0,0.0,0.0,0.0,0.0,3.0,0.0,0.0,0.0,0.0,0.0
119102.119,3154.0,1872.0,0.0,0.0,0.0,0.0,0.0,0.0,0.0,0.0,0.0,0.0,0.0,0.0
119112.118,3154.0,1871.0,0.0,0.0,0.0,0.0,0.0,0.0,3.0,0.0,0.0,0.0,0.0,0.0
119122.119,3154.0,1873.0,0.0,0.0,0.0,0.0,0.0,0.0,1.0,0.0,0.0,0.0,0.0,0.0
119132.118,3154.0,1874.0,0.0,0.0,0.0,0.0,0.0,0.0,1.0,0.0,0.0,0.0,0.0,0.0
119142.119,3154.0,1873.0,0.0,0.0,0.0,0.0,0.0,0.0,0.0,0.0,0.0,0.0,0.0,0.0
119152.118,3154.0,1872.0,0.0,0.0,0.0,0.0,0.0,0.0,1.0,0.0,0.0,0.0,0.0,0.0
119162.118,3154.0,1868.0,0.0,0.0,0.0,0.0,0.0,0.0,1.0,0.0,0.0,0.0,0.0,0.0
119172.118,3154.0,1870.0,0.0,0.0,0.0,0.0,0.0,0.0,2.0,0.0,0.0,0.0,0.0,0.0
119182.119,3154.0,1868.0,0.0,0.0,0.0,0.0,0.0,0.0,1.0,0.0,0.0,0.0,0.0,0.0
119192.118,3154.0,1870.0,0.0,0.0,0.0,0.0,0.0,0.0,1.0,0.0,0.0,0.0,0.0,0.0
119202.119,3154.0,1870.0,0.0,0.0,0.0,0.0,0.0,0.0,2.0,0.0,0.0,0.0,0.0,0.0
119212.118,3154.0,1872.0,0.0,0.0,0.0,0.0,0.0,0.0,2.0,0.0,0.0,0.0,0.0,0.0
119222.118,3154.0,1871.0,0.0,0.0,0.0,0.0,0.0,0.0,2.0,0.0,0.0,0.0,0.0,0.0
119232.118,3154.0,1873.0,0.0,0.0,0.0,0.0,0.0,0.0,3.0,0.0,0.0,0.0,0.0,0.0
119242.118,3154.0,1871.0,0.0,0.0,0.0,0.0,0.0,0.0,-1.0,0.0,0.0,0.0,0.0,0.0
119252.119,3154.0,1873.0,0.0,0.0,0.0,0.0,0.0,0.0,0.0,0.0,0.0,0.0,0.0,0.0
119262.118,3154.0,1872.0,0.0,0.0,0.0,0.0,0.0,0.0,-1.0,0.0,0.0,0.0,0.0,0.0
119272.119,3154.0,1869.0,0.0,0.0,0.0,0.0,0.0,0.0,1.0,0.0,0.0,0.0,0.0,0.0
119282.118,3154.0,1872.0,0.0,0.0,0.0,0.0,0.0,0.0,2.0,0.0,0.0,0.0,0.0,0.0
119292.119,3154.0,1871.0,0.0,0.0,0.0,0.0,0.0,0.0,4.0,0.0,0.0,0.0,0.0,0.0
119302.118,3154.0,1870.0,0.0,0.0,0.0,0.0,0.0,0.0,-2.0,0.0,0.0,0.0,0.0,0.0
119312.118,3154.0,1870.0,0.0,0.0,0.0,0.0,0.0,0.0,2.0,0.0,0.0,0.0,0.0,0.0
119322.118,3154.0,1870.0,0.0,0.0,0.0,0.0,0.0,0.0,1.0,0.0,0.0,0.0,0.0,0.0
119332.118,3154.0,1871.0,0.0,0.0,0.0,0.0,0.0,0.0,2.0,0.0,0.0,0.0,0.0,0.0
119342.119,3154.0,1870.0,0.0,0.0,0.0,0.0,0.0,0.0,2.0,0.0,0.0,0.0,0.0,0.0
119352.118,3154.0,1872.0,0.0,0.0,0.0,0.0,0.0,0.0,3.0,0.0,0.0,0.0,0.0,0.0
119362.119,3154.0,1869.0,0.0,0.0,0.0,0.0,0.0,0.0,0.0,0.0,0.0,0.0,0.0,0.0
119372.118,3154.0,1873.0,0.0,0.0,0.0,0.0,0.0,0.0,0.0,0.0,0.0,0.0,0.0,0.0
119382.118,3154.0,1872.0,0.0,0.0,0.0,0.0,0.0,0.0,1.0,0.0,0.0,0.0,0.0,0.0
119392.118,3154.0,1870.0,0.0,0.0,0.0,0.0,0.0,0.0,0.0,0.0,0.0,0.0,0.0,0.0
119402.118,3154.0,1872.0,0.0,0.0,0.0,0.0,0.0,0.0,2.0,0.0,0.0,0.0,0.0,0.0
119412.118,3154.0,1871.0,0.0,0.0,0.0,0.0,0.0,0.0,1.0,0.0,0.0,0.0,0.0,0.0
119422.119,3154.0,1871.0,0.0,0.0,0.0,0.0,0.0,0.0,-1.0,0.0,0.0,0.0,0.0,0.0
119432.118,3154.0,1873.0,0.0,0.0,0.0,0.0,0.0,0.0,0.0,0.0,0.0,0.0,0.0,0.0
119442.119,3154.0,1873.0,0.0,0.0,0.0,0.0,0.0,0.0,0.0,0.0,0.0,0.0,0.0,0.0
119452.118,3154.0,1873.0,0.0,0.0,0.0,0.0,0.0,0.0,0.0,0.0,0.0,0.0,0.0,0.0
119462.119,3154.0,1872.0,0.0,0.0,0.0,0.0,0.0,0.0,4.0,0.0,0.0,0.0,0.0,0.0
119472.118,3154.0,1872.0,0.0,0.0,0.0,0.0,0.0,0.0,1.0,0.0,0.0,0.0,0.0,0.0
119482.118,3154.0,1869.0,0.0,0.0,0.0,0.0,0.0,0.0,2.0,0.0,0.0,0.0,0.0,0.0
119492.118,3154.0,1870.0,0.0,0.0,0.0,0.0,0.0,0.0,2.0,0.0,0.0,0.0,0.0,0.0
119502.119,3154.0,1874.0,0.0,0.0,0.0,0.0,0.0,0.0,0.0,0.0,0.0,0.0,0.0,0.0
119512.118,3154.0,1871.0,0.0,0.0,0.0,0.0,0.0,0.0,3.0,0.0,0.0,0.0,0.0,0.0
119522.119,3154.0,1874.0,0.0,0.0,0.0,0.0,0.0,0.0,0.0,0.0,0.0,0.0,0.0,0.0
119532.118,3154.0,1869.0,0.0,0.0,0.0,0.0,0.0,0.0,1.0,0.0,0.0,0.0,0.0,0.0
119542.118,3154.0,1873.0,0.0,0.0,0.0,0.0,0.0,0.0,0.0,0.0,0.0,0.0,0.0,0.0
119552.118,3154.0,1873.0,0.0,0.0,0.0,0.0,0.0,0.0,0.0,0.0,0.0,0.0,0.0,0.0
119562.118,3154.0,1869.0,0.0,0.0,0.0,0.0,0.0,0.0,1.0,0.0,0.0,0.0,0.0,0.0
119572.119,3154.0,1870.0,0.0,0.0,0.0,0.0,0.0,0.0,1.0,0.0,0.0,0.0,0.0,0.0
119582.118,3154.0,1873.0,0.0,0.0,0.0,0.0,0.0,0.0,0.0,0.0,0.0,0.0,0.0,0.0
119592.119,3154.0,1873.0,0.0,0.0,0.0,0.0,0.0,0.0,1.0,0.0,0.0,0.0,0.0,0.0
119602.118,3154.0,1871.0,0.0,0.0,0.0,0.0,0.0,0.0,-2.0,0.0,0.0,0.0,0.0,0.0
119612.119,3154.0,1872.0,0.0,0.0,0.0,0.0,0.0,0.0,1.0,0.0,0.0,0.0,0.0,0.0
119622.118,3154.0,1874.0,0.0,0.0,0.0,0.0,0.0,0.0,1.0,0.0,0.0,0.0,0.0,0.0
119632.118,3154.0,1871.0,0.0,0.0,0.0,0.0,0.0,0.0,0.0,0.0,0.0,0.0,0.0,0.0
119642.118,3154.0,1870.0,0.0,0.0,0.0,0.0,0.0,0.0,2.0,0.0,0.0,0.0,0.0,0.0
119652.118,3154.0,1871.0,0.0,0.0,0.0,0.0,0.0,0.0,3.0,0.0,0.0,0.0,0.0,0.0
119662.119,3154.0,1873.0,0.0,0.0,0.0,0.0,0.0,0.0,1.0,0.0,0.0,0.0,0.0,0.0
119672.118,3154.0,1870.0,0.0,0.0,0.0,0.0,0.0,0.0,2.0,0.0,0.0,0.0,0.0,0.0
119682.119,3154.0,1873.0,0.0,0.0,0.0,0.0,0.0,0.0,2.0,0.0,0.0,0.0,0.0,0.0
119692.118,3154.0,1871.0,0.0,0.0,0.0,0.0,0.0,0.0,3.0,0.0,0.0,0.0,0.0,0.0
119702.118,3154.0,1870.0,0.0,0.0,0.0,0.0,0.0,0.0,2.0,0.0,0.0,0.0,0.0,0.0
119712.118,3154.0,1872.0,0.0,0.0,0.0,0.0,0.0,0.0,2.0,0.0,0.0,0.0,0.0,0.0
119722.118,3154.0,1874.0,0.0,0.0,0.0,0.0,0.0,0.0,1.0,0.0,0.0,0.0,0.0,0.0
119732.118,3154.0,1871.0,0.0,0.0,0.0,0.0,0.0,0.0,4.0,0.0,0.0,0.0,0.0,0.0
119742.119,3154.0,1871.0,0.0,0.0,0.0,0.0,0.0,0.0,-2.0,0.0,0.0,0.0,0.0,0.0
119752.118,3154.0,1872.0,0.0,0.0,0.0,0.0,0.0,0.0,-1.0,0.0,0.0,0.0,0.0,0.0
119762.119,3154.0,1870.0,0.0,0.0,0.0,0.0,0.0,0.0,-1.0,0.0,0.0,0.0,0.0,0.0
119772.118,3154.0,1872.0,0.0,0.0,0.0,0.0,0.0,0.0,3.0,0.0,0.0,0.0,0.0,0.0
119782.119,3154.0,1871.0,0.0,0.0,0.0,0.0,0.0,0.0,3.0,0.0,0.0,0.0,0.0,0.0
119792.118,3154.0,1870.0,0.0,0.0,0.0,0.0,0.0,0.0,0.0,0.0,0.0,0.0,0.0,0.0
119802.118,3154.0,1869.0,0.0,0.0,0.0,0.0,0.0,0.0,2.0,0.0,0.0,0.0,0.0,0.0
119812.118,3154.0,1872.0,0.0,0.0,0.0,0.0,0.0,0.0,-1.0,0.0,0.0,0.0,0.0,0.0
119822.119,3154.0,1872.0,0.0,0.0,0.0,0.0,0.0,0.0,0.0,0.0,0.0,0.0,0.0,0.0
119832.118,3154.0,1871.0,0.0,0.0,0.0,0.0,0.0,0.0,1.0,0.0,0.0,0.0,0.0,0.0
119842.119,3154.0,1872.0,0.0,0.0,0.0,0.0,0.0,0.0,4.0,0.0,0.0,0.0,0.0,0.0
119852.118,3154.0,1873.0,0.0,0.0,0.0,0.0,0.0,0.0,1.0,0.0,0.0,0.0,0.0,0.0
119862.118,3154.0,1873.0,0.0,0.0,0.0,0.0,0.0,0.0,0.0,0.0,0.0,0.0,0.0,0.0
119872.118,3154.0,1875.0,0.0,0.0,0.0,0.0,0.0,0.0,1.0,0.0,0.0,0.0,0.0,0.0
119882.118,3154.0,1871.0,0.0,0.0,0.0,0.0,0.0,0.0,2.0,0.0,0.0,0.0,0.0,0.0
119892.119,3154.0,1872.0,0.0,0.0,0.0,0.0,0.0,0.0,3.0,0.0,0.0,0.0,0.0,0.0
119902.118,3154.0,1868.0,0.0,0.0,0.0,0.0,0.0,0.0,0.0,0.0,0.0,0.0,0.0,0.0
119912.119,3154.0,1870.0,0.0,0.0,0.0,0.0,0.0,0.0,3.0,0.0,0.0,0.0,0.0,0.0
119922.118,3154.0,1869.0,0.0,0.0,0.0,0.0,0.0,0.0,1.0,0.0,0.0,0.0,0.0,0.0
119932.119,3154.0,1869.0,0.0,0.0,0.0,0.0,0.0,0.0,3.0,0.0,0.0,0.0,0.0,0.0
119942.118,3154.0,1871.0,0.0,0.0,0.0,0.0,0.0,0.0,3.0,0.0,0.0,0.0,0.0,0.0
119952.118,3154.0,1870.0,0.0,0.0,0.0,0.0,0.0,0.0,3.0,0.0,0.0,0.0,0.0,0.0
119962.118,3154.0,1871.0,0.0,0.0,0.0,0.0,0.0,0.0,2.0,0.0,0.0,0.0,0.0,0.0
119972.118,3154.0,1870.0,0.0,0.0,0.0,0.0,0.0,0.0,1.0,0.0,0.0,0.0,0.0,0.0
119982.119,3154.0,1871.0,0.0,0.0,0.0,0.0,0.0,0.0,0.0,0.0,0.0,0.0,0.0,0.0
119992.118,3154.0,1872.0,0.0,0.0,0.0,0.0,0.0,0.0,0.0,0.0,0.0,0.0,0.0,0.0
120002.119,3154.0,1867.0,0.0,0.0,0.0,0.0,0.0,0.0,2.0,0.0,0.0,0.0,0.0,0.0
120012.118,3154.0,1872.0,0.0,0.0,0.0,0.0,0.0,0.0,2.0,0.0,0.0,0.0,0.0,0.0
120022.118,3154.0,1872.0,0.0,0.0,0.0,0.0,0.0,0.0,0.0,0.0,0.0,0.0,0.0,0.0
120032.118,3154.0,1873.0,0.0,0.0,0.0,0.0,0.0,0.0,1.0,0.0,0.0,0.0,0.0,0.0
120042.118,3154.0,1869.0,0.0,0.0,0.0,0.0,0.0,0.0,0.0,0.0,0.0,0.0,0.0,0.0
120052.118,3154.0,1871.0,0.0,0.0,0.0,0.0,0.0,0.0,1.0,0.0,0.0,0.0,0.0,0.0
120062.119,3154.0,1872.0,0.0,0.0,0.0,0.0,0.0,0.0,4.0,0.0,0.0,0.0,0.0,0.0
120072.118,3154.0,1869.0,0.0,0.0,0.0,0.0,0.0,0.0,0.0,0.0,0.0,0.0,0.0,0.0
120082.119,3154.0,1869.0,0.0,0.0,0.0,0.0,0.0,0.0,2.0,0.0,0.0,0.0,0.0,0.0
120092.118,3154.0,1872.0,0.0,0.0,0.0,0.0,0.0,0.0,2.0,0.0,0.0,0.0,0.0,0.0
120102.119,3154.0,1872.0,0.0,0.0,0.0,0.0,0.0,0.0,2.0,0.0,0.0,0.0,0.0,0.0
120112.118,3154.0,1872.0,0.0,0.0,0.0,0.0,0.0,0.0,1.0,0.0,0.0,0.0,0.0,0.0
120122.118,3154.0,1871.0,0.0,0.0,0.0,0.0,0.0,0.0,1.0,0.0,0.0,0.0,0.0,0.0
120132.118,3154.0,1871.0,0.0,0.0,0.0,0.0,0.0,0.0,1.0,0.0,0.0,0.0,0.0,0.0
120142.119,3154.0,1869.0,0.0,0.0,0.0,0.0,0.0,0.0,2.0,0.0,0.0,0.0,0.0,0.0
120152.118,3154.0,1871.0,0.0,0.0,0.0,0.0,0.0,0.0,0.0,0.0,0.0,0.0,0.0,0.0
120162.119,3154.0,1873.0,0.0,0.0,0.0,0.0,0.0,0.0,5.0,0.0,0.0,0.0,0.0,0.0
120172.118,3154.0,1869.0,0.0,0.0,0.0,0.0,0.0,0.0,1.0,0.0,0.0,0.0,0.0,0.0
120182.118,3154.0,1870.0,0.0,0.0,0.0,0.0,0.0,0.0,2.0,0.0,0.0,0.0,0.0,0.0
120192.118,3154.0,1872.0,0.0,0.0,0.0,0.0,0.0,0.0,3.0,0.0,0.0,0.0,0.0,0.0
120202.118,3154.0,1871.0,0.0,0.0,0.0,0.0,0.0,0.0,1.0,0.0,0.0,0.0,0.0,0.0
120212.119,3154.0,1873.0,0.0,0.0,0.0,0.0,0.0,0.0,3.0,0.0,0.0,0.0,0.0,0.0
120222.118,3154.0,1872.0,0.0,0.0,0.0,0.0,0.0,0.0,1.0,0.0,0.0,0.0,0.0,0.0
120232.119,3154.0,1870.0,0.0,0.0,0.0,0.0,0.0,0.0,1.0,0.0,0.0,0.0,0.0,0.0
120242.118,3154.0,1870.0,0.0,0.0,0.0,0.0,0.0,0.0,2.0,0.0,0.0,0.0,0.0,0.0
120252.119,3154.0,1871.0,0.0,0.0,0.0,0.0,0.0,0.0,0.0,0.0,0.0,0.0,0.0,0.0
120262.118,3154.0,1873.0,0.0,0.0,0.0,0.0,0.0,0.0,1.0,0.0,0.0,0.0,0.0,0.0
120272.118,3154.0,1872.0,0.0,0.0,0.0,0.0,0.0,0.0,1.0,0.0,0.0,0.0,0.0,0.0
120282.118,3154.0,1871.0,0.0,0.0,0.0,0.0,0.0,0.0,2.0,0.0,0.0,0.0,0.0,0.0
120292.118,3154.0,1870.0,0.0,0.0,0.0,0.0,0.0,0.0,0.0,0.0,0.0,0.0,0.0,0.0
120302.119,3154.0,1871.0,0.0,0.0,0.0,0.0,0.0,0.0,3.0,0.0,0.0,0.0,0.0,0.0
120312.118,3154.0,1869.0,0.0,0.0,0.0,0.0,0.0,0.0,2.0,0.0,0.0,0.0,0.0,0.0
120322.119,3154.0,1872.0,0.0,0.0,0.0,0.0,0.0,0.0,2.0,0.0,0.0,0.0,0.0,0.0
120332.118,3154.0,1869.0,0.0,0.0,0.0,0.0,0.0,0.0,5.0,0.0,0.0,0.0,0.0,0.0
120342.118,3154.0,1870.0,0.0,0.0,0.0,0.0,0.0,0.0,0.0,0.0,0.0,0.0,0.0,0.0
120352.118,3154.0,1875.0,0.0,0.0,0.0,0.0,0.0,0.0,0.0,0.0,0.0,0.0,0.0,0.0
120362.118,3154.0,1870.0,0.0,0.0,0.0,0.0,0.0,0.0,2.0,0.0,0.0,0.0,0.0,0.0
120372.118,3154.0,1873.0,0.0,0.0,0.0,0.0,0.0,0.0,4.0,0.0,0.0,0.0,0.0,0.0
120382.119,3154.0,1871.0,0.0,0.0,0.0,0.0,0.0,0.0,1.0,0.0,0.0,0.0,0.0,0.0
120392.118,3154.0,1871.0,0.0,0.0,0.0,0.0,0.0,0.0,-1.0,0.0,0.0,0.0,0.0,0.0
120402.119,3154.0,1868.0,0.0,0.0,0.0,0.0,0.0,0.0,2.0,0.0,0.0,0.0,0.0,0.0
120412.118,3154.0,1870.0,0.0,0.0,0.0,0.0,0.0,0.0,2.0,0.0,0.0,0.0,0.0,0.0
120422.119,3154.0,1871.0,0.0,0.0,0.0,0.0,0.0,0.0,1.0,0.0,0.0,0.0,0.0,0.0
120432.118,3154.0,1870.0,0.0,0.0,0.0,0.0,0.0,0.0,3.0,0.0,0.0,0.0,0.0,0.0
120442.118,3154.0,1869.0,0.0,0.0,0.0,0.0,0.0,0.0,2.0,0.0,0.0,0.0,0.0,0.0
120452.118,3154.0,1870.0,0.0,0.0,0.0,0.0,0.0,0.0,1.0,0.0,0.0,0.0,0.0,0.0
120462.119,3154.0,1870.0,0.0,0.0,0.0,0.0,0.0,0.0,0.0,0.0,0.0,0.0,0.0,0.0
120472.118,3154.0,1872.0,0.0,0.0,0.0,0.0,0.0,0.0,1.0,0.0,0.0,0.0,0.0,0.0
120482.119,3154.0,1873.0,0.0,0.0,0.0,0.0,0.0,0.0,0.0,0.0,0.0,0.0,0.0,0.0
120492.118,3154.0,1872.0,0.0,0.0,0.0,0.0,0.0,0.0,2.0,0.0,0.0,0.0,0.0,0.0
120502.118,3154.0,1870.0,0.0,0.0,0.0,0.0,0.0,0.0,3.0,0.0,0.0,0.0,0.0,0.0
120512.118,3154.0,1870.0,0.0,0.0,0.0,0.0,0.0,0.0,1.0,0.0,0.0,0.0,0.0,0.0
120522.118,3154.0,1871.0,0.0,0.0,0.0,0.0,0.0,0.0,0.0,0.0,0.0,0.0,0.0,0.0
120532.119,3154.0,1869.0,0.0,0.0,0.0,0.0,0.0,0.0,1.0,0.0,0.0,0.0,0.0,0.0
120542.118,3154.0,1872.0,0.0,0.0,0.0,0.0,0.0,0.0,1.0,0.0,0.0,0.0,0.0,0.0
120552.119,3154.0,1868.0,0.0,0.0,0.0,0.0,0.0,0.0,0.0,0.0,0.0,0.0,0.0,0.0
120562.118,3154.0,1871.0,0.0,0.0,0.0,0.0,0.0,0.0,0.0,0.0,0.0,0.0,0.0,0.0
120572.119,3154.0,1871.0,0.0,0.0,0.0,0.0,0.0,0.0,2.0,0.0,0.0,0.0,0.0,0.0
120582.118,3154.0,1872.0,0.0,0.0,0.0,0.0,0.0,0.0,2.0,0.0,0.0,0.0,0.0,0.0
120592.118,3154.0,1869.0,0.0,0.0,0.0,0.0,0.0,0.0,-1.0,0.0,0.0,0.0,0.0,0.0
120602.118,3154.0,1870.0,0.0,0.0,0.0,0.0,0.0,0.0,4.0,0.0,0.0,0.0,0.0,0.0
120612.118,3154.0,1871.0,0.0,0.0,0.0,0.0,0.0,0.0,0.0,0.0,0.0,0.0,0.0,0.0
120622.119,3154.0,1869.0,0.0,0.0,0.0,0.0,0.0,0.0,2.0,0.0,0.0,0.0,0.0,0.0
120632.118,3154.0,1870.0,0.0,0.0,0.0,0.0,0.0,0.0,0.0,0.0,0.0,0.0,0.0,0.0
120642.119,3154.0,1870.0,0.0,0.0,0.0,0.0,0.0,0.0,2.0,0.0,0.0,0.0,0.0,0.0
120652.118,3154.0,1868.0,0.0,0.0,0.0,0.0,0.0,0.0,4.0,0.0,0.0,0.0,0.0,0.0
120662.118,3154.0,1873.0,0.0,0.0,0.0,0.0,0.0,0.0,0.0,0.0,0.0,0.0,0.0,0.0
120672.118,3154.0,1872.0,0.0,0.0,0.0,0.0,0.0,0.0,1.0,0.0,0.0,0.0,0.0,0.0
120682.118,3154.0,1869.0,0.0,0.0,0.0,0.0,0.0,0.0,2.0,0.0,0.0,0.0,0.0,0.0
120692.118,3154.0,1872.0,0.0,0.0,0.0,0.0,0.0,0.0,-1.0,0.0,0.0,0.0,0.0,0.0
120702.119,3154.0,1874.0,0.0,0.0,0.0,0.0,0.0,0.0,0.0,0.0,0.0,0.0,0.0,0.0
120712.118,3154.0,1870.0,0.0,0.0,0.0,0.0,0.0,0.0,1.0,0.0,0.0,0.0,0.0,0.0
120722.119,3154.0,1872.0,0.0,0.0,0.0,0.0,0.0,0.0,1.0,0.0,0.0,0.0,0.0,0.0
120732.118,3154.0,1873.0,0.0,0.0,0.0,0.0,0.0,0.0,0.0,0.0,0.0,0.0,0.0,0.0
120742.119,3154.0,1870.0,0.0,0.0,0.0,0.0,0.0,0.0,1.0,0.0,0.0,0.0,0.0,0.0
120752.118,3154.0,1871.0,0.0,0.0,0.0,0.0,0.0,0.0,4.0,0.0,0.0,0.0,0.0,0.0
120762.118,3154.0,1871.0,0.0,0.0,0.0,0.0,0.0,0.0,1.0,0.0,0.0,0.0,0.0,0.0
120772.118,3154.0,1870.0,0.0,0.0,0.0,0.0,0.0,0.0,1.0,0.0,0.0,0.0,0.0,0.0
120782.119,3154.0,1871.0,0.0,0.0,0.0,0.0,0.0,0.0,0.0,0.0,0.0,0.0,0.0,0.0
120792.118,3154.0,1871.0,0.0,0.0,0.0,0.0,0.0,0.0,1.0,0.0,0.0,0.0,0.0,0.0
120802.119,3154.0,1869.0,0.0,0.0,0.0,0.0,0.0,0.0,4.0,0.0,0.0,0.0,0.0,0.0
120812.118,3154.0,1873.0,0.0,0.0,0.0,0.0,0.0,0.0,3.0,0.0,0.0,0.0,0.0,0.0
120822.118,3154.0,1874.0,0.0,0.0,0.0,0.0,0.0,0.0,2.0,0.0,0.0,0.0,0.0,0.0
120832.118,3154.0,1871.0,0.0,0.0,0.0,0.0,0.0,0.0,2.0,0.0,0.0,0.0,0.0,0.0
120842.118,3154.0,1870.0,0.0,0.0,0.0,0.0,0.0,0.0,2.0,0.0,0.0,0.0,0.0,0.0
120852.119,3154.0,1869.0,0.0,0.0,0.0,0.0,0.0,0.0,4.0,0.0,0.0,0.0,0.0,0.0
120862.118,3154.0,1869.0,0.0,0.0,0.0,0.0,0.0,0.0,0.0,0.0,0.0,0.0,0.0,0.0
120872.119,3154.0,1871.0,0.0,0.0,0.0,0.0,0.0,0.0,1.0,0.0,0.0,0.0,0.0,0.0
120882.118,3154.0,1871.0,0.0,0.0,0.0,0.0,0.0,0.0,0.0,0.0,0.0,0.0,0.0,0.0
120892.119,3154.0,1871.0,0.0,0.0,0.0,0.0,0.0,0.0,0.0,0.0,0.0,0.0,0.0,0.0
120902.118,3154.0,1869.0,0.0,0.0,0.0,0.0,0.0,0.0,2.0,0.0,0.0,0.0,0.0,0.0
120912.118,3154.0,1870.0,0.0,0.0,0.0,0.0,0.0,0.0,2.0,0.0,0.0,0.0,0.0,0.0
120922.118,3154.0,1872.0,0.0,0.0,0.0,0.0,0.0,0.0,0.0,0.0,0.0,0.0,0.0,0.0
120932.118,3154.0,1872.0,0.0,0.0,0.0,0.0,0.0,0.0,0.0,0.0,0.0,0.0,0.0,0.0
120942.119,3154.0,1870.0,0.0,0.0,0.0,0.0,0.0,0.0,2.0,0.0,0.0,0.0,0.0,0.0
120952.118,3154.0,1872.0,0.0,0.0,0.0,0.0,0.0,0.0,4.0,0.0,0.0,0.0,0.0,0.0
120962.119,3154.0,1871.0,0.0,0.0,0.0,0.0,0.0,0.0,2.0,0.0,0.0,0.0,0.0,0.0
120972.118,3154.0,1870.0,0.0,0.0,0.0,0.0,0.0,0.0,2.0,0.0,0.0,0.0,0.0,0.0
120982.118,3154.0,1870.0,0.0,0.0,0.0,0.0,0.0,0.0,0.0,0.0,0.0,0.0,0.0,0.0
120992.118,3154.0,1874.0,0.0,0.0,0.0,0.0,0.0,0.0,0.0,0.0,0.0,0.0,0.0,0.0
121002.118,3154.0,1868.0,0.0,0.0,0.0,0.0,0.0,0.0,0.0,0.0,0.0,0.0,0.0,0.0
121012.118,3154.0,1871.0,0.0,0.0,0.0,0.0,0.0,0.0,4.0,0.0,0.0,0.0,0.0,0.0
121022.119,3154.0,1871.0,0.0,0.0,0.0,0.0,0.0,0.0,3.0,0.0,0.0,0.0,0.0,0.0
121032.118,3154.0,1872.0,0.0,0.0,0.0,0.0,0.0,0.0,-1.0,0.0,0.0,0.0,0.0,0.0
121042.119,3154.0,1871.0,0.0,0.0,0.0,0.0,0.0,0.0,2.0,0.0,0.0,0.0,0.0,0.0
121052.118,3154.0,1870.0,0.0,0.0,0.0,0.0,0.0,0.0,-1.0,0.0,0.0,0.0,0.0,0.0
121062.119,3154.0,1872.0,0.0,0.0,0.0,0.0,0.0,0.0,-1.0,0.0,0.0,0.0,0.0,0.0
121072.118,3154.0,1871.0,0.0,0.0,0.0,0.0,0.0,0.0,0.0,0.0,0.0,0.0,0.0,0.0
121082.118,3154.0,1871.0,0.0,0.0,0.0,0.0,0.0,0.0,1.0,0.0,0.0,0.0,0.0,0.0
121092.118,3154.0,1872.0,0.0,0.0,0.0,0.0,0.0,0.0,1.0,0.0,0.0,0.0,0.0,0.0
121102.119,3154.0,1867.0,0.0,0.0,0.0,0.0,0.0,0.0,3.0,0.0,0.0,0.0,0.0,0.0
121112.118,3154.0,1872.0,0.0,0.0,0.0,0.0,0.0,0.0,1.0,0.0,0.0,0.0,0.0,0.0
121122.119,3154.0,1870.0,0.0,0.0,0.0,0.0,0.0,0.0,1.0,0.0,0.0,0.0,0.0,0.0
121132.118,3154.0,1871.0,0.0,0.0,0.0,0.0,0.0,0.0,2.0,0.0,0.0,0.0,0.0,0.0
121142.118,3154.0,1871.0,0.0,0.0,0.0,0.0,0.0,0.0,0.0,0.0,0.0,0.0,0.0,0.0
121152.118,3154.0,1871.0,0.0,0.0,0.0,0.0,0.0,0.0,4.0,0.0,0.0,0.0,0.0,0.0
121162.118,3154.0,1871.0,0.0,0.0,0.0,0.0,0.0,0.0,2.0,0.0,0.0,0.0,0.0,0.0
121172.119,3154.0,1871.0,0.0,0.0,0.0,0.0,0.0,0.0,-4.0,0.0,0.0,0.0,0.0,0.0
121182.118,3154.0,1870.0,0.0,0.0,0.0,0.0,0.0,0.0,1.0,0.0,0.0,0.0,0.0,0.0
121192.119,3154.0,1871.0,0.0,0.0,0.0,0.0,0.0,0.0,2.0,0.0,0.0,0.0,0.0,0.0
121202.118,3154.0,1872.0,0.0,0.0,0.0,0.0,0.0,0.0,0.0,0.0,0.0,0.0,0.0,0.0
121212.119,3154.0,1873.0,0.0,0.0,0.0,0.0,0.0,0.0,4.0,0.0,0.0,0.0,0.0,0.0
121222.118,3154.0,1875.0,0.0,0.0,0.0,0.0,0.0,0.0,0.0,0.0,0.0,0.0,0.0,0.0
121232.118,3154.0,1870.0,0.0,0.0,0.0,0.0,0.0,0.0,3.0,0.0,0.0,0.0,0.0,0.0
121242.118,3154.0,1872.0,0.0,0.0,0.0,0.0,0.0,0.0,2.0,0.0,0.0,0.0,0.0,0.0
121252.118,3154.0,1871.0,0.0,0.0,0.0,0.0,0.0,0.0,2.0,0.0,0.0,0.0,0.0,0.0
121262.119,3154.0,1871.0,0.0,0.0,0.0,0.0,0.0,0.0,-2.0,0.0,0.0,0.0,0.0,0.0
121272.118,3154.0,1869.0,0.0,0.0,0.0,0.0,0.0,0.0,0.0,0.0,0.0,0.0,0.0,0.0
121282.119,3154.0,1873.0,0.0,0.0,0.0,0.0,0.0,0.0,2.0,0.0,0.0,0.0,0.0,0.0
121292.118,3154.0,1869.0,0.0,0.0,0.0,0.0,0.0,0.0,3.0,0.0,0.0,0.0,0.0,0.0
121302.118,3154.0,1870.0,0.0,0.0,0.0,0.0,0.0,0.0,3.0,0.0,0.0,0.0,0.0,0.0
121312.118,3154.0,1869.0,0.0,0.0,0.0,0.0,0.0,0.0,2.0,0.0,0.0,0.0,0.0,0.0
121322.118,3154.0,1873.0,0.0,0.0,0.0,0.0,0.0,0.0,2.0,0.0,0.0,0.0,0.0,0.0
121332.118,3154.0,1871.0,0.0,0.0,0.0,0.0,0.0,0.0,2.0,0.0,0.0,0.0,0.0,0.0
121342.119,3154.0,1872.0,0.0,0.0,0.0,0.0,0.0,0.0,1.0,0.0,0.0,0.0,0.0,0.0
121352.118,3154.0,1871.0,0.0,0.0,0.0,0.0,0.0,0.0,3.0,0.0,0.0,0.0,0.0,0.0
121362.119,3154.0,1869.0,0.0,0.0,0.0,0.0,0.0,0.0,-2.0,0.0,0.0,0.0,0.0,0.0
121372.118,3154.0,1872.0,0.0,0.0,0.0,0.0,0.0,0.0,2.0,0.0,0.0,0.0,0.0,0.0
121382.119,3154.0,1871.0,0.0,0.0,0.0,0.0,0.0,0.0,2.0,0.0,0.0,0.0,0.0,0.0
121392.118,3154.0,1871.0,0.0,0.0,0.0,0.0,0.0,0.0,2.0,0.0,0.0,0.0,0.0,0.0
121402.118,3154.0,1873.0,0.0,0.0,0.0,0.0,0.0,0.0,-1.0,0.0,0.0,0.0,0.0,0.0
121412.118,3154.0,1870.0,0.0,0.0,0.0,0.0,0.0,0.0,2.0,0.0,0.0,0.0,0.0,0.0
121422.119,3154.0,1872.0,0.0,0.0,0.0,0.0,0.0,0.0,0.0,0.0,0.0,0.0,0.0,0.0
121432.118,3154.0,1872.0,0.0,0.0,0.0,0.0,0.0,0.0,3.0,0.0,0.0,0.0,0.0,0.0
121442.119,3154.0,1872.0,0.0,0.0,0.0,0.0,0.0,0.0,2.0,0.0,0.0,0.0,0.0,0.0
121452.118,3154.0,1872.0,0.0,0.0,0.0,0.0,0.0,0.0,0.0,0.0,0.0,0.0,0.0,0.0
121462.118,3154.0,1872.0,0.0,0.0,0.0,0.0,0.0,0.0,-1.0,0.0,0.0,0.0,0.0,0.0
121472.118,3154.0,1871.0,0.0,0.0,0.0,0.0,0.0,0.0,4.0,0.0,0.0,0.0,0.0,0.0
121482.118,3154.0,1870.0,0.0,0.0,0.0,0.0,0.0,0.0,4.0,0.0,0.0,0.0,0.0,0.0
121492.119,3154.0,1873.0,0.0,0.0,0.0,0.0,0.0,0.0,2.0,0.0,0.0,0.0,0.0,0.0
121502.118,3154.0,1872.0,0.0,0.0,0.0,0.0,0.0,0.0,2.0,0.0,0.0,0.0,0.0,0.0
121512.119,3154.0,1871.0,0.0,0.0,0.0,0.0,0.0,0.0,1.0,0.0,0.0,0.0,0.0,0.0
121522.118,3154.0,1869.0,0.0,0.0,0.0,0.0,0.0,0.0,3.0,0.0,0.0,0.0,0.0,0.0
121532.119,3154.0,1872.0,0.0,0.0,0.0,0.0,0.0,0.0,1.0,0.0,0.0,0.0,0.0,0.0
121542.118,3154.0,1870.0,0.0,0.0,0.0,0.0,0.0,0.0,2.0,0.0,0.0,0.0,0.0,0.0
121552.118,3154.0,1872.0,0.0,0.0,0.0,0.0,0.0,0.0,1.0,0.0,0.0,0.0,0.0,0.0
121562.118,3154.0,1870.0,0.0,0.0,0.0,0.0,0.0,0.0,1.0,0.0,0.0,0.0,0.0,0.0
121572.118,3154.0,1869.0,0.0,0.0,0.0,0.0,0.0,0.0,0.0,0.0,0.0,0.0,0.0,0.0
121582.119,3154.0,1871.0,0.0,0.0,0.0,0.0,0.0,0.0,2.0,0.0,0.0,0.0,0.0,0.0
121592.118,3154.0,1873.0,0.0,0.0,0.0,0.0,0.0,0.0,1.0,0.0,0.0,0.0,0.0,0.0
121602.119,3154.0,1872.0,0.0,0.0,0.0,0.0,0.0,0.0,1.0,0.0,0.0,0.0,0.0,0.0
121612.118,3154.0,1870.0,0.0,0.0,0.0,0.0,0.0,0.0,0.0,0.0,0.0,0.0,0.0,0.0
121622.118,3154.0,1870.0,0.0,0.0,0.0,0.0,0.0,0.0,3.0,0.0,0.0,0.0,0.0,0.0
121632.118,3154.0,1871.0,0.0,0.0,0.0,0.0,0.0,0.0,2.0,0.0,0.0,0.0,0.0,0.0
121642.118,3154.0,1871.0,0.0,0.0,0.0,0.0,0.0,0.0,0.0,0.0,0.0,0.0,0.0,0.0
121652.118,3154.0,1871.0,0.0,0.0,0.0,0.0,0.0,0.0,2.0,0.0,0.0,0.0,0.0,0.0
121662.119,3154.0,1869.0,0.0,0.0,0.0,0.0,0.0,0.0,3.0,0.0,0.0,0.0,0.0,0.0
121672.118,3154.0,1868.0,0.0,0.0,0.0,0.0,0.0,0.0,0.0,0.0,0.0,0.0,0.0,0.0
121682.119,3154.0,1873.0,0.0,0.0,0.0,0.0,0.0,0.0,1.0,0.0,0.0,0.0,0.0,0.0
121692.118,3154.0,1872.0,0.0,0.0,0.0,0.0,0.0,0.0,0.0,0.0,0.0,0.0,0.0,0.0
121702.119,3154.0,1874.0,0.0,0.0,0.0,0.0,0.0,0.0,0.0,0.0,0.0,0.0,0.0,0.0
121712.118,3154.0,1870.0,0.0,0.0,0.0,0.0,0.0,0.0,1.0,0.0,0.0,0.0,0.0,0.0
121722.118,3154.0,1870.0,0.0,0.0,0.0,0.0,0.0,0.0,3.0,0.0,0.0,0.0,0.0,0.0
121732.118,3154.0,1872.0,0.0,0.0,0.0,0.0,0.0,0.0,2.0,0.0,0.0,0.0,0.0,0.0
121742.119,3154.0,1874.0,0.0,0.0,0.0,0.0,0.0,0.0,0.0,0.0,0.0,0.0,0.0,0.0
121752.118,3154.0,1871.0,0.0,0.0,0.0,0.0,0.0,0.0,3.0,0.0,0.0,0.0,0.0,0.0
121762.119,3154.0,1872.0,0.0,0.0,0.0,0.0,0.0,0.0,2.0,0.0,0.0,0.0,0.0,0.0
121772.118,3154.0,1872.0,0.0,0.0,0.0,0.0,0.0,0.0,2.0,0.0,0.0,0.0,0.0,0.0
121782.118,3154.0,1873.0,0.0,0.0,0.0,0.0,0.0,0.0,3.0,0.0,0.0,0.0,0.0,0.0
121792.118,3154.0,1871.0,0.0,0.0,0.0,0.0,0.0,0.0,1.0,0.0,0.0,0.0,0.0,0.0
121802.118,3154.0,1870.0,0.0,0.0,0.0,0.0,0.0,0.0,2.0,0.0,0.0,0.0,0.0,0.0
121812.119,3154.0,1872.0,0.0,0.0,0.0,0.0,0.0,0.0,2.0,0.0,0.0,0.0,0.0,0.0
121822.118,3154.0,1869.0,0.0,0.0,0.0,0.0,0.0,0.0,2.0,0.0,0.0,0.0,0.0,0.0
121832.119,3154.0,1870.0,0.0,0.0,0.0,0.0,0.0,0.0,0.0,0.0,0.0,0.0,0.0,0.0
121842.118,3154.0,1871.0,0.0,0.0,0.0,0.0,0.0,0.0,0.0,0.0,0.0,0.0,0.0,0.0
121852.119,3154.0,1869.0,0.0,0.0,0.0,0.0,0.0,0.0,2.0,0.0,0.0,0.0,0.0,0.0
121862.118,3154.0,1871.0,0.0,0.0,0.0,0.0,0.0,0.0,1.0,0.0,0.0,0.0,0.0,0.0
121872.118,3154.0,1873.0,0.0,0.0,0.0,0.0,0.0,0.0,-1.0,0.0,0.0,0.0,0.0,0.0
121882.118,3154.0,1872.0,0.0,0.0,0.0,0.0,0.0,0.0,1.0,0.0,0.0,0.0,0.0,0.0
121892.118,3154.0,1873.0,0.0,0.0,0.0,0.0,0.0,0.0,2.0,0.0,0.0,0.0,0.0,0.0
121902.119,3154.0,1872.0,0.0,0.0,0.0,0.0,0.0,0.0,1.0,0.0,0.0,0.0,0.0,0.0
121912.118,3154.0,1870.0,0.0,0.0,0.0,0.0,0.0,0.0,0.0,0.0,0.0,0.0,0.0,0.0
121922.119,3154.0,1873.0,0.0,0.0,0.0,0.0,0.0,0.0,0.0,0.0,0.0,0.0,0.0,0.0
121932.118,3154.0,1870.0,0.0,0.0,0.0,0.0,0.0,0.0,2.0,0.0,0.0,0.0,0.0,0.0
121942.118,3154.0,1870.0,0.0,0.0,0.0,0.0,0.0,0.0,3.0,0.0,0.0,0.0,0.0,0.0
121952.118,3154.0,1872.0,0.0,0.0,0.0,0.0,0.0,0.0,3.0,0.0,0.0,0.0,0.0,0.0
121962.118,3154.0,1869.0,0.0,0.0,0.0,0.0,0.0,0.0,1.0,0.0,0.0,0.0,0.0,0.0
121972.118,3154.0,1873.0,0.0,0.0,0.0,0.0,0.0,0.0,3.0,0.0,0.0,0.0,0.0,0.0
121982.119,3154.0,1870.0,0.0,0.0,0.0,0.0,0.0,0.0,1.0,0.0,0.0,0.0,0.0,0.0
121992.118,3154.0,1873.0,0.0,0.0,0.0,0.0,0.0,0.0,2.0,0.0,0.0,0.0,0.0,0.0
122002.119,3154.0,1873.0,0.0,0.0,0.0,0.0,0.0,0.0,2.0,0.0,0.0,0.0,0.0,0.0
122012.118,3154.0,1872.0,0.0,0.0,0.0,0.0,0.0,0.0,4.0,0.0,0.0,0.0,0.0,0.0
122022.119,3154.0,1871.0,0.0,0.0,0.0,0.0,0.0,0.0,2.0,0.0,0.0,0.0,0.0,0.0
122032.118,3154.0,1871.0,0.0,0.0,0.0,0.0,0.0,0.0,3.0,0.0,0.0,0.0,0.0,0.0
122042.118,3154.0,1871.0,0.0,0.0,0.0,0.0,0.0,0.0,3.0,0.0,0.0,0.0,0.0,0.0
122052.118,3154.0,1871.0,0.0,0.0,0.0,0.0,0.0,0.0,4.0,0.0,0.0,0.0,0.0,0.0
122062.119,3154.0,1869.0,0.0,0.0,0.0,0.0,0.0,0.0,1.0,0.0,0.0,0.0,0.0,0.0
122072.118,3154.0,1870.0,0.0,0.0,0.0,0.0,0.0,0.0,2.0,0.0,0.0,0.0,0.0,0.0
122082.119,3154.0,1873.0,0.0,0.0,0.0,0.0,0.0,0.0,0.0,0.0,0.0,0.0,0.0,0.0
122092.118,3154.0,1873.0,0.0,0.0,0.0,0.0,0.0,0.0,-1.0,0.0,0.0,0.0,0.0,0.0
122102.118,3154.0,1874.0,0.0,0.0,0.0,0.0,0.0,0.0,5.0,0.0,0.0,0.0,0.0,0.0
122112.118,3154.0,1871.0,0.0,0.0,0.0,0.0,0.0,0.0,0.0,0.0,0.0,0.0,0.0,0.0
122122.118,3154.0,1872.0,0.0,0.0,0.0,0.0,0.0,0.0,4.0,0.0,0.0,0.0,0.0,0.0
122132.119,3154.0,1869.0,0.0,0.0,0.0,0.0,0.0,0.0,2.0,0.0,0.0,0.0,0.0,0.0
122142.118,3154.0,1873.0,0.0,0.0,0.0,0.0,0.0,0.0,4.0,0.0,0.0,0.0,0.0,0.0
122152.119,3154.0,1875.0,0.0,0.0,0.0,0.0,0.0,0.0,-1.0,0.0,0.0,0.0,0.0,0.0
122162.118,3154.0,1868.0,0.0,0.0,0.0,0.0,0.0,0.0,0.0,0.0,0.0,0.0,0.0,0.0
122172.119,3154.0,1871.0,0.0,0.0,0.0,0.0,0.0,0.0,-1.0,0.0,0.0,0.0,0.0,0.0
122182.118,3154.0,1873.0,0.0,0.0,0.0,0.0,0.0,0.0,0.0,0.0,0.0,0.0,0.0,0.0
122192.118,3154.0,1874.0,0.0,0.0,0.0,0.0,0.0,0.0,0.0,0.0,0.0,0.0,0.0,0.0
122202.118,3154.0,1873.0,0.0,0.0,0.0,0.0,0.0,0.0,3.0,0.0,0.0,0.0,0.0,0.0
122212.118,3154.0,1871.0,0.0,0.0,0.0,0.0,0.0,0.0,3.0,0.0,0.0,0.0,0.0,0.0
122222.119,3154.0,1872.0,0.0,0.0,0.0,0.0,0.0,0.0,1.0,0.0,0.0,0.0,0.0,0.0
122232.118,3154.0,1868.0,0.0,0.0,0.0,0.0,0.0,0.0,-1.0,0.0,0.0,0.0,0.0,0.0
122242.119,3154.0,1871.0,0.0,0.0,0.0,0.0,0.0,0.0,0.0,0.0,0.0,0.0,0.0,0.0
122252.118,3154.0,1871.0,0.0,0.0,0.0,0.0,0.0,0.0,3.0,0.0,0.0,0.0,0.0,0.0
122262.118,3154.0,1870.0,0.0,0.0,0.0,0.0,0.0,0.0,5.0,0.0,0.0,0.0,0.0,0.0
122272.118,3154.0,1873.0,0.0,0.0,0.0,0.0,0.0,0.0,2.0,0.0,0.0,0.0,0.0,0.0
122282.118,3154.0,1870.0,0.0,0.0,0.0,0.0,0.0,0.0,2.0,0.0,0.0,0.0,0.0,0.0
122292.118,3154.0,1872.0,0.0,0.0,0.0,0.0,0.0,0.0,1.0,0.0,0.0,0.0,0.0,0.0
122302.119,3154.0,1870.0,0.0,0.0,0.0,0.0,0.0,0.0,1.0,0.0,0.0,0.0,0.0,0.0
122312.118,3154.0,1871.0,0.0,0.0,0.0,0.0,0.0,0.0,2.0,0.0,0.0,0.0,0.0,0.0
122322.119,3154.0,1871.0,0.0,0.0,0.0,0.0,0.0,0.0,0.0,0.0,0.0,0.0,0.0,0.0
122332.118,3154.0,1873.0,0.0,0.0,0.0,0.0,0.0,0.0,4.0,0.0,0.0,0.0,0.0,0.0
122342.119,3154.0,1872.0,0.0,0.0,0.0,0.0,0.0,0.0,3.0,0.0,0.0,0.0,0.0,0.0
122352.118,3154.0,1872.0,0.0,0.0,0.0,0.0,0.0,0.0,2.0,0.0,0.0,0.0,0.0,0.0
122362.118,3154.0,1871.0,0.0,0.0,0.0,0.0,0.0,0.0,1.0,0.0,0.0,0.0,0.0,0.0
122372.118,3154.0,1872.0,0.0,0.0,0.0,0.0,0.0,0.0,0.0,0.0,0.0,0.0,0.0,0.0
122382.119,3154.0,1872.0,0.0,0.0,0.0,0.0,0.0,0.0,1.0,0.0,0.0,0.0,0.0,0.0
122392.118,3154.0,1869.0,0.0,0.0,0.0,0.0,0.0,0.0,-1.0,0.0,0.0,0.0,0.0,0.0
122402.119,3154.0,1874.0,0.0,0.0,0.0,0.0,0.0,0.0,3.0,0.0,0.0,0.0,0.0,0.0
122412.118,3154.0,1873.0,0.0,0.0,0.0,0.0,0.0,0.0,1.0,0.0,0.0,0.0,0.0,0.0
122422.118,3154.0,1870.0,0.0,0.0,0.0,0.0,0.0,0.0,4.0,0.0,0.0,0.0,0.0,0.0
122432.118,3154.0,1870.0,0.0,0.0,0.0,0.0,0.0,0.0,3.0,0.0,0.0,0.0,0.0,0.0
122442.118,3154.0,1868.0,0.0,0.0,0.0,0.0,0.0,0.0,3.0,0.0,0.0,0.0,0.0,0.0
122452.119,3154.0,1871.0,0.0,0.0,0.0,0.0,0.0,0.0,1.0,0.0,0.0,0.0,0.0,0.0
122462.118,3154.0,1870.0,0.0,0.0,0.0,0.0,0.0,0.0,-1.0,0.0,0.0,0.0,0.0,0.0
122472.119,3154.0,1871.0,0.0,0.0,0.0,0.0,0.0,0.0,1.0,0.0,0.0,0.0,0.0,0.0
122482.118,3154.0,1872.0,0.0,0.0,0.0,0.0,0.0,0.0,2.0,0.0,0.0,0.0,0.0,0.0
122492.119,3154.0,1870.0,0.0,0.0,0.0,0.0,0.0,0.0,3.0,0.0,0.0,0.0,0.0,0.0
122502.118,3154.0,1871.0,0.0,0.0,0.0,0.0,0.0,0.0,0.0,0.0,0.0,0.0,0.0,0.0
122512.118,3154.0,1872.0,0.0,0.0,0.0,0.0,0.0,0.0,-1.0,0.0,0.0,0.0,0.0,0.0
122522.118,3154.0,1872.0,0.0,0.0,0.0,0.0,0.0,0.0,0.0,0.0,0.0,0.0,0.0,0.0
122532.118,3154.0,1871.0,0.0,0.0,0.0,0.0,0.0,0.0,-1.0,0.0,0.0,0.0,0.0,0.0
122542.119,3154.0,1871.0,0.0,0.0,0.0,0.0,0.0,0.0,-1.0,0.0,0.0,0.0,0.0,0.0
122552.118,3154.0,1870.0,0.0,0.0,0.0,0.0,0.0,0.0,3.0,0.0,0.0,0.0,0.0,0.0
122562.119,3154.0,1869.0,0.0,0.0,0.0,0.0,0.0,0.0,2.0,0.0,0.0,0.0,0.0,0.0
122572.118,3154.0,1870.0,0.0,0.0,0.0,0.0,0.0,0.0,2.0,0.0,0.0,0.0,0.0,0.0
122582.118,3154.0,1867.0,0.0,0.0,0.0,0.0,0.0,0.0,0.0,0.0,0.0,0.0,0.0,0.0
122592.118,3154.0,1871.0,0.0,0.0,0.0,0.0,0.0,0.0,0.0,0.0,0.0,0.0,0.0,0.0
122602.118,3154.0,1873.0,0.0,0.0,0.0,0.0,0.0,0.0,2.0,0.0,0.0,0.0,0.0,0.0
122612.118,3154.0,1871.0,0.0,0.0,0.0,0.0,0.0,0.0,3.0,0.0,0.0,0.0,0.0,0.0
122622.119,3154.0,1872.0,0.0,0.0,0.0,0.0,0.0,0.0,-1.0,0.0,0.0,0.0,0.0,0.0
122632.118,3154.0,1869.0,0.0,0.0,0.0,0.0,0.0,0.0,3.0,0.0,0.0,0.0,0.0,0.0
122642.119,3154.0,1872.0,0.0,0.0,0.0,0.0,0.0,0.0,2.0,0.0,0.0,0.0,0.0,0.0
122652.118,3154.0,1871.0,0.0,0.0,0.0,0.0,0.0,0.0,3.0,0.0,0.0,0.0,0.0,0.0
122662.119,3154.0,1871.0,0.0,0.0,0.0,0.0,0.0,0.0,0.0,0.0,0.0,0.0,0.0,0.0
122672.118,3154.0,1871.0,0.0,0.0,0.0,0.0,0.0,0.0,3.0,0.0,0.0,0.0,0.0,0.0
122682.118,3154.0,1871.0,0.0,0.0,0.0,0.0,0.0,0.0,2.0,0.0,0.0,0.0,0.0,0.0
122692.118,3154.0,1872.0,0.0,0.0,0.0,0.0,0.0,0.0,0.0,0.0,0.0,0.0,0.0,0.0
122702.119,3154.0,1873.0,0.0,0.0,0.0,0.0,0.0,0.0,3.0,0.0,0.0,0.0,0.0,0.0
122712.118,3154.0,1874.0,0.0,0.0,0.0,0.0,0.0,0.0,2.0,0.0,0.0,0.0,0.0,0.0
122722.119,3154.0,1868.0,0.0,0.0,0.0,0.0,0.0,0.0,1.0,0.0,0.0,0.0,0.0,0.0
122732.118,3154.0,1870.0,0.0,0.0,0.0,0.0,0.0,0.0,1.0,0.0,0.0,0.0,0.0,0.0
122742.118,3154.0,1871.0,0.0,0.0,0.0,0.0,0.0,0.0,0.0,0.0,0.0,0.0,0.0,0.0
122752.118,3154.0,1872.0,0.0,0.0,0.0,0.0,0.0,0.0,4.0,0.0,0.0,0.0,0.0,0.0
122762.118,3154.0,1871.0,0.0,0.0,0.0,0.0,0.0,0.0,2.0,0.0,0.0,0.0,0.0,0.0
122772.119,3154.0,1871.0,0.0,0.0,0.0,0.0,0.0,0.0,2.0,0.0,0.0,0.0,0.0,0.0
122782.118,3154.0,1871.0,0.0,0.0,0.0,0.0,0.0,0.0,-1.0,0.0,0.0,0.0,0.0,0.0
122792.119,3154.0,1868.0,0.0,0.0,0.0,0.0,0.0,0.0,1.0,0.0,0.0,0.0,0.0,0.0
122802.118,3154.0,1873.0,0.0,0.0,0.0,0.0,0.0,0.0,0.0,0.0,0.0,0.0,0.0,0.0
122812.119,3154.0,1869.0,0.0,0.0,0.0,0.0,0.0,0.0,2.0,0.0,0.0,0.0,0.0,0.0
122822.118,3154.0,1871.0,0.0,0.0,0.0,0.0,0.0,0.0,2.0,0.0,0.0,0.0,0.0,0.0
122832.118,3154.0,1871.0,0.0,0.0,0.0,0.0,0.0,0.0,0.0,0.0,0.0,0.0,0.0,0.0
122842.118,3154.0,1871.0,0.0,0.0,0.0,0.0,0.0,0.0,5.0,0.0,0.0,0.0,0.0,0.0
122852.118,3154.0,1872.0,0.0,0.0,0.0,0.0,0.0,0.0,-1.0,0.0,0.0,0.0,0.0,0.0
122862.119,3154.0,1868.0,0.0,0.0,0.0,0.0,0.0,0.0,0.0,0.0,0.0,0.0,0.0,0.0
122872.118,3154.0,1869.0,0.0,0.0,0.0,0.0,0.0,0.0,-1.0,0.0,0.0,0.0,0.0,0.0
122882.119,3154.0,1870.0,0.0,0.0,0.0,0.0,0.0,0.0,0.0,0.0,0.0,0.0,0.0,0.0
122892.118,3154.0,1874.0,0.0,0.0,0.0,0.0,0.0,0.0,2.0,0.0,0.0,0.0,0.0,0.0
122902.118,3154.0,1871.0,0.0,0.0,0.0,0.0,0.0,0.0,1.0,0.0,0.0,0.0,0.0,0.0
122912.118,3154.0,1871.0,0.0,0.0,0.0,0.0,0.0,0.0,1.0,0.0,0.0,0.0,0.0,0.0
122922.118,3154.0,1869.0,0.0,0.0,0.0,0.0,0.0,0.0,3.0,0.0,0.0,0.0,0.0,0.0
122932.118,3154.0,1871.0,0.0,0.0,0.0,0.0,0.0,0.0,2.0,0.0,0.0,0.0,0.0,0.0
122942.119,3154.0,1871.0,0.0,0.0,0.0,0.0,0.0,0.0,1.0,0.0,0.0,0.0,0.0,0.0
122952.118,3154.0,1870.0,0.0,0.0,0.0,0.0,0.0,0.0,1.0,0.0,0.0,0.0,0.0,0.0
122962.119,3154.0,1868.0,0.0,0.0,0.0,0.0,0.0,0.0,2.0,0.0,0.0,0.0,0.0,0.0
122972.118,3154.0,1870.0,0.0,0.0,0.0,0.0,0.0,0.0,0.0,0.0,0.0,0.0,0.0,0.0
122982.119,3154.0,1871.0,0.0,0.0,0.0,0.0,0.0,0.0,1.0,0.0,0.0,0.0,0.0,0.0
122992.118,3154.0,1872.0,0.0,0.0,0.0,0.0,0.0,0.0,2.0,0.0,0.0,0.0,0.0,0.0
123002.118,3154.0,1870.0,0.0,0.0,0.0,0.0,0.0,0.0,1.0,0.0,0.0,0.0,0.0,0.0
123012.118,3154.0,1872.0,0.0,0.0,0.0,0.0,0.0,0.0,-1.0,0.0,0.0,0.0,0.0,0.0
123022.119,3154.0,1872.0,0.0,0.0,0.0,0.0,0.0,0.0,4.0,0.0,0.0,0.0,0.0,0.0
123032.118,3154.0,1868.0,0.0,0.0,0.0,0.0,0.0,0.0,-1.0,0.0,0.0,0.0,0.0,0.0
123042.119,3154.0,1869.0,0.0,0.0,0.0,0.0,0.0,0.0,1.0,0.0,0.0,0.0,0.0,0.0
123052.118,3154.0,1874.0,0.0,0.0,0.0,0.0,0.0,0.0,1.0,0.0,0.0,0.0,0.0,0.0
123062.118,3154.0,1870.0,0.0,0.0,0.0,0.0,0.0,0.0,0.0,0.0,0.0,0.0,0.0,0.0
123072.118,3154.0,1873.0,0.0,0.0,0.0,0.0,0.0,0.0,2.0,0.0,0.0,0.0,0.0,0.0
123082.118,3154.0,1870.0,0.0,0.0,0.0,0.0,0.0,0.0,0.0,0.0,0.0,0.0,0.0,0.0
123092.119,3154.0,1871.0,0.0,0.0,0.0,0.0,0.0,0.0,-1.0,0.0,0.0,0.0,0.0,0.0
123102.118,3154.0,1867.0,0.0,0.0,0.0,0.0,0.0,0.0,3.0,0.0,0.0,0.0,0.0,0.0
123112.119,3154.0,1871.0,0.0,0.0,0.0,0.0,0.0,0.0,1.0,0.0,0.0,0.0,0.0,0.0
123122.118,3154.0,1873.0,0.0,0.0,0.0,0.0,0.0,0.0,2.0,0.0,0.0,0.0,0.0,0.0
123132.119,3154.0,1871.0,0.0,0.0,0.0,0.0,0.0,0.0,0.0,0.0,0.0,0.0,0.0,0.0
123142.118,3154.0,1872.0,0.0,0.0,0.0,0.0,0.0,0.0,0.0,0.0,0.0,0.0,0.0,0.0
123152.118,3154.0,1871.0,0.0,0.0,0.0,0.0,0.0,0.0,2.0,0.0,0.0,0.0,0.0,0.0
123162.118,3154.0,1873.0,0.0,0.0,0.0,0.0,0.0,0.0,3.0,0.0,0.0,0.0,0.0,0.0
123172.118,3154.0,1871.0,0.0,0.0,0.0,0.0,0.0,0.0,3.0,0.0,0.0,0.0,0.0,0.0
123182.119,3154.0,1871.0,0.0,0.0,0.0,0.0,0.0,0.0,4.0,0.0,0.0,0.0,0.0,0.0
123192.118,3154.0,1869.0,0.0,0.0,0.0,0.0,0.0,0.0,-2.0,0.0,0.0,0.0,0.0,0.0
123202.119,3154.0,1870.0,0.0,0.0,0.0,0.0,0.0,0.0,2.0,0.0,0.0,0.0,0.0,0.0
123212.118,3154.0,1875.0,0.0,0.0,0.0,0.0,0.0,0.0,3.0,0.0,0.0,0.0,0.0,0.0
123222.118,3154.0,1870.0,0.0,0.0,0.0,0.0,0.0,0.0,3.0,0.0,0.0,0.0,0.0,0.0
123232.118,3154.0,1873.0,0.0,0.0,0.0,0.0,0.0,0.0,2.0,0.0,0.0,0.0,0.0,0.0
123242.118,3154.0,1872.0,0.0,0.0,0.0,0.0,0.0,0.0,0.0,0.0,0.0,0.0,0.0,0.0
123252.118,3154.0,1870.0,0.0,0.0,0.0,0.0,0.0,0.0,3.0,0.0,0.0,0.0,0.0,0.0
123262.119,3154.0,1874.0,0.0,0.0,0.0,0.0,0.0,0.0,-1.0,0.0,0.0,0.0,0.0,0.0
123272.118,3154.0,1872.0,0.0,0.0,0.0,0.0,0.0,0.0,1.0,0.0,0.0,0.0,0.0,0.0
123282.119,3154.0,1870.0,0.0,0.0,0.0,0.0,0.0,0.0,2.0,0.0,0.0,0.0,0.0,0.0
123292.118,3154.0,1873.0,0.0,0.0,0.0,0.0,0.0,0.0,0.0,0.0,0.0,0.0,0.0,0.0
123302.119,3154.0,1869.0,0.0,0.0,0.0,0.0,0.0,0.0,0.0,0.0,0.0,0.0,0.0,0.0
123312.118,3154.0,1871.0,0.0,0.0,0.0,0.0,0.0,0.0,1.0,0.0,0.0,0.0,0.0,0.0
123322.118,3154.0,1871.0,0.0,0.0,0.0,0.0,0.0,0.0,3.0,0.0,0.0,0.0,0.0,0.0
123332.118,3154.0,1869.0,0.0,0.0,0.0,0.0,0.0,0.0,3.0,0.0,0.0,0.0,0.0,0.0
123342.119,3154.0,1870.0,0.0,0.0,0.0,0.0,0.0,0.0,2.0,0.0,0.0,0.0,0.0,0.0
123352.118,3154.0,1871.0,0.0,0.0,0.0,0.0,0.0,0.0,4.0,0.0,0.0,0.0,0.0,0.0
123362.119,3154.0,1872.0,0.0,0.0,0.0,0.0,0.0,0.0,0.0,0.0,0.0,0.0,0.0,0.0
123372.118,3154.0,1870.0,0.0,0.0,0.0,0.0,0.0,0.0,-1.0,0.0,0.0,0.0,0.0,0.0
123382.118,3154.0,1870.0,0.0,0.0,0.0,0.0,0.0,0.0,0.0,0.0,0.0,0.0,0.0,0.0
123392.118,3154.0,1869.0,0.0,0.0,0.0,0.0,0.0,0.0,2.0,0.0,0.0,0.0,0.0,0.0
123402.118,3154.0,1870.0,0.0,0.0,0.0,0.0,0.0,0.0,2.0,0.0,0.0,0.0,0.0,0.0
123412.119,3154.0,1870.0,0.0,0.0,0.0,0.0,0.0,0.0,1.0,0.0,0.0,0.0,0.0,0.0
123422.118,3154.0,1870.0,0.0,0.0,0.0,0.0,0.0,0.0,0.0,0.0,0.0,0.0,0.0,0.0
123432.119,3154.0,1870.0,0.0,0.0,0.0,0.0,0.0,0.0,2.0,0.0,0.0,0.0,0.0,0.0
123442.118,3154.0,1870.0,0.0,0.0,0.0,0.0,0.0,0.0,1.0,0.0,0.0,0.0,0.0,0.0
123452.119,3154.0,1870.0,0.0,0.0,0.0,0.0,0.0,0.0,0.0,0.0,0.0,0.0,0.0,0.0
123462.118,3154.0,1871.0,0.0,0.0,0.0,0.0,0.0,0.0,0.0,0.0,0.0,0.0,0.0,0.0
123472.118,3154.0,1870.0,0.0,0.0,0.0,0.0,0.0,0.0,3.0,0.0,0.0,0.0,0.0,0.0
123482.118,3154.0,1875.0,0.0,0.0,0.0,0.0,0.0,0.0,3.0,0.0,0.0,0.0,0.0,0.0
123492.118,3154.0,1868.0,0.0,0.0,0.0,0.0,0.0,0.0,2.0,0.0,0.0,0.0,0.0,0.0
123502.119,3154.0,1869.0,0.0,0.0,0.0,0.0,0.0,0.0,1.0,0.0,0.0,0.0,0.0,0.0
123512.118,3154.0,1870.0,0.0,0.0,0.0,0.0,0.0,0.0,0.0,0.0,0.0,0.0,0.0,0.0
123522.119,3154.0,1870.0,0.0,0.0,0.0,0.0,0.0,0.0,-1.0,0.0,0.0,0.0,0.0,0.0
123532.118,3154.0,1872.0,0.0,0.0,0.0,0.0,0.0,0.0,3.0,0.0,0.0,0.0,0.0,0.0
123542.118,3154.0,1871.0,0.0,0.0,0.0,0.0,0.0,0.0,2.0,0.0,0.0,0.0,0.0,0.0
123552.118,3154.0,1870.0,0.0,0.0,0.0,0.0,0.0,0.0,1.0,0.0,0.0,0.0,0.0,0.0
123562.118,3154.0,1874.0,0.0,0.0,0.0,0.0,0.0,0.0,1.0,0.0,0.0,0.0,0.0,0.0
123572.118,3154.0,1872.0,0.0,0.0,0.0,0.0,0.0,0.0,3.0,0.0,0.0,0.0,0.0,0.0
123582.119,3154.0,1870.0,0.0,0.0,0.0,0.0,0.0,0.0,3.0,0.0,0.0,0.0,0.0,0.0
123592.118,3154.0,1871.0,0.0,0.0,0.0,0.0,0.0,0.0,3.0,0.0,0.0,0.0,0.0,0.0
123602.119,3154.0,1872.0,0.0,0.0,0.0,0.0,0.0,0.0,-1.0,0.0,0.0,0.0,0.0,0.0
123612.118,3154.0,1871.0,0.0,0.0,0.0,0.0,0.0,0.0,1.0,0.0,0.0,0.0,0.0,0.0
123622.119,3154.0,1876.0,0.0,0.0,0.0,0.0,0.0,0.0,5.0,0.0,0.0,0.0,0.0,0.0
123632.118,3154.0,1870.0,0.0,0.0,0.0,0.0,0.0,0.0,2.0,0.0,0.0,0.0,0.0,0.0
123642.118,3154.0,1873.0,0.0,0.0,0.0,0.0,0.0,0.0,-1.0,0.0,0.0,0.0,0.0,0.0
123652.118,3154.0,1870.0,0.0,0.0,0.0,0.0,0.0,0.0,3.0,0.0,0.0,0.0,0.0,0.0
123662.119,3154.0,1871.0,0.0,0.0,0.0,0.0,0.0,0.0,3.0,0.0,0.0,0.0,0.0,0.0
123672.118,3154.0,1871.0,0.0,0.0,0.0,0.0,0.0,0.0,0.0,0.0,0.0,0.0,0.0,0.0
123682.119,3154.0,1869.0,0.0,0.0,0.0,0.0,0.0,0.0,3.0,0.0,0.0,0.0,0.0,0.0
123692.118,3154.0,1872.0,0.0,0.0,0.0,0.0,0.0,0.0,0.0,0.0,0.0,0.0,0.0,0.0
123702.118,3154.0,1868.0,0.0,0.0,0.0,0.0,0.0,0.0,5.0,0.0,0.0,0.0,0.0,0.0
123712.118,3154.0,1869.0,0.0,0.0,0.0,0.0,0.0,0.0,-1.0,0.0,0.0,0.0,0.0,0.0
123722.118,3154.0,1869.0,0.0,0.0,0.0,0.0,0.0,0.0,2.0,0.0,0.0,0.0,0.0,0.0
123732.119,3154.0,1867.0,0.0,0.0,0.0,0.0,0.0,0.0,0.0,0.0,0.0,0.0,0.0,0.0
123742.118,3154.0,1870.0,0.0,0.0,0.0,0.0,0.0,0.0,3.0,0.0,0.0,0.0,0.0,0.0
123752.119,3154.0,1872.0,0.0,0.0,0.0,0.0,0.0,0.0,2.0,0.0,0.0,0.0,0.0,0.0
123762.118,3154.0,1871.0,0.0,0.0,0.0,0.0,0.0,0.0,0.0,0.0,0.0,0.0,0.0,0.0
123772.119,3154.0,1872.0,0.0,0.0,0.0,0.0,0.0,0.0,2.0,0.0,0.0,0.0,0.0,0.0
123782.118,3154.0,1873.0,0.0,0.0,0.0,0.0,0.0,0.0,1.0,0.0,0.0,0.0,0.0,0.0
123792.118,3154.0,1870.0,0.0,0.0,0.0,0.0,0.0,0.0,0.0,0.0,0.0,0.0,0.0,0.0
123802.118,3154.0,1872.0,0.0,0.0,0.0,0.0,0.0,0.0,3.0,0.0,0.0,0.0,0.0,0.0
123812.118,3154.0,1872.0,0.0,0.0,0.0,0.0,0.0,0.0,0.0,0.0,0.0,0.0,0.0,0.0
123822.119,3154.0,1871.0,0.0,0.0,0.0,0.0,0.0,0.0,0.0,0.0,0.0,0.0,0.0,0.0
123832.118,3154.0,1871.0,0.0,0.0,0.0,0.0,0.0,0.0,4.0,0.0,0.0,0.0,0.0,0.0
123842.119,3154.0,1871.0,0.0,0.0,0.0,0.0,0.0,0.0,1.0,0.0,0.0,0.0,0.0,0.0
123852.118,3154.0,1871.0,0.0,0.0,0.0,0.0,0.0,0.0,2.0,0.0,0.0,0.0,0.0,0.0
123862.118,3154.0,1869.0,0.0,0.0,0.0,0.0,0.0,0.0,2.0,0.0,0.0,0.0,0.0,0.0
123872.118,3154.0,1869.0,0.0,0.0,0.0,0.0,0.0,0.0,3.0,0.0,0.0,0.0,0.0,0.0
123882.118,3154.0,1872.0,0.0,0.0,0.0,0.0,0.0,0.0,3.0,0.0,0.0,0.0,0.0,0.0
123892.118,3154.0,1870.0,0.0,0.0,0.0,0.0,0.0,0.0,-2.0,0.0,0.0,0.0,0.0,0.0
123902.119,3154.0,1870.0,0.0,0.0,0.0,0.0,0.0,0.0,1.0,0.0,0.0,0.0,0.0,0.0
123912.118,3154.0,1871.0,0.0,0.0,0.0,0.0,0.0,0.0,2.0,0.0,0.0,0.0,0.0,0.0
123922.119,3154.0,1872.0,0.0,0.0,0.0,0.0,0.0,0.0,3.0,0.0,0.0,0.0,0.0,0.0
123932.118,3154.0,1871.0,0.0,0.0,0.0,0.0,0.0,0.0,-1.0,0.0,0.0,0.0,0.0,0.0
123942.119,3154.0,1871.0,0.0,0.0,0.0,0.0,0.0,0.0,3.0,0.0,0.0,0.0,0.0,0.0
123952.118,3154.0,1871.0,0.0,0.0,0.0,0.0,0.0,0.0,1.0,0.0,0.0,0.0,0.0,0.0
123962.118,3154.0,1870.0,0.0,0.0,0.0,0.0,0.0,0.0,1.0,0.0,0.0,0.0,0.0,0.0
123972.118,3154.0,1871.0,0.0,0.0,0.0,0.0,0.0,0.0,-1.0,0.0,0.0,0.0,0.0,0.0
123982.119,3154.0,1869.0,0.0,0.0,0.0,0.0,0.0,0.0,0.0,0.0,0.0,0.0,0.0,0.0
123992.118,3154.0,1869.0,0.0,0.0,0.0,0.0,0.0,0.0,1.0,0.0,0.0,0.0,0.0,0.0
124002.119,3154.0,1871.0,0.0,0.0,0.0,0.0,0.0,0.0,2.0,0.0,0.0,0.0,0.0,0.0
124012.118,3154.0,1870.0,0.0,0.0,0.0,0.0,0.0,0.0,1.0,0.0,0.0,0.0,0.0,0.0
124022.118,3154.0,1873.0,0.0,0.0,0.0,0.0,0.0,0.0,0.0,0.0,0.0,0.0,0.0,0.0
124032.118,3154.0,1869.0,0.0,0.0,0.0,0.0,0.0,0.0,-2.0,0.0,0.0,0.0,0.0,0.0
124042.118,3154.0,1870.0,0.0,0.0,0.0,0.0,0.0,0.0,0.0,0.0,0.0,0.0,0.0,0.0
124052.119,3154.0,1872.0,0.0,0.0,0.0,0.0,0.0,0.0,1.0,0.0,0.0,0.0,0.0,0.0
124062.118,3154.0,1876.0,0.0,0.0,0.0,0.0,0.0,0.0,3.0,0.0,0.0,0.0,0.0,0.0
124072.119,3154.0,1869.0,0.0,0.0,0.0,0.0,0.0,0.0,1.0,0.0,0.0,0.0,0.0,0.0
124082.118,3154.0,1873.0,0.0,0.0,0.0,0.0,0.0,0.0,0.0,0.0,0.0,0.0,0.0,0.0
124092.119,3154.0,1871.0,0.0,0.0,0.0,0.0,0.0,0.0,3.0,0.0,0.0,0.0,0.0,0.0
124102.118,3154.0,1871.0,0.0,0.0,0.0,0.0,0.0,0.0,4.0,0.0,0.0,0.0,0.0,0.0
124112.118,3154.0,1870.0,0.0,0.0,0.0,0.0,0.0,0.0,0.0,0.0,0.0,0.0,0.0,0.0
124122.118,3154.0,1870.0,0.0,0.0,0.0,0.0,0.0,0.0,4.0,0.0,0.0,0.0,0.0,0.0
124132.118,3154.0,1871.0,0.0,0.0,0.0,0.0,0.0,0.0,4.0,0.0,0.0,0.0,0.0,0.0
124142.119,3154.0,1869.0,0.0,0.0,0.0,0.0,0.0,0.0,0.0,0.0,0.0,0.0,0.0,0.0
124152.118,3154.0,1871.0,0.0,0.0,0.0,0.0,0.0,0.0,3.0,0.0,0.0,0.0,0.0,0.0
124162.119,3154.0,1871.0,0.0,0.0,0.0,0.0,0.0,0.0,3.0,0.0,0.0,0.0,0.0,0.0
124172.118,3154.0,1873.0,0.0,0.0,0.0,0.0,0.0,0.0,2.0,0.0,0.0,0.0,0.0,0.0
124182.118,3154.0,1872.0,0.0,0.0,0.0,0.0,0.0,0.0,1.0,0.0,0.0,0.0,0.0,0.0
124192.118,3154.0,1871.0,0.0,0.0,0.0,0.0,0.0,0.0,0.0,0.0,0.0,0.0,0.0,0.0
124202.118,3154.0,1870.0,0.0,0.0,0.0,0.0,0.0,0.0,3.0,0.0,0.0,0.0,0.0,0.0
124212.118,3154.0,1872.0,0.0,0.0,0.0,0.0,0.0,0.0,2.0,0.0,0.0,0.0,0.0,0.0
124222.119,3154.0,1872.0,0.0,0.0,0.0,0.0,0.0,0.0,1.0,0.0,0.0,0.0,0.0,0.0
124232.118,3154.0,1872.0,0.0,0.0,0.0,0.0,0.0,0.0,0.0,0.0,0.0,0.0,0.0,0.0
124242.119,3154.0,1871.0,0.0,0.0,0.0,0.0,0.0,0.0,1.0,0.0,0.0,0.0,0.0,0.0
124252.118,3154.0,1872.0,0.0,0.0,0.0,0.0,0.0,0.0,0.0,0.0,0.0,0.0,0.0,0.0
124262.119,3154.0,1869.0,0.0,0.0,0.0,0.0,0.0,0.0,4.0,0.0,0.0,0.0,0.0,0.0
124272.118,3154.0,1873.0,0.0,0.0,0.0,0.0,0.0,0.0,3.0,0.0,0.0,0.0,0.0,0.0
124282.118,3154.0,1873.0,0.0,0.0,0.0,0.0,0.0,0.0,1.0,0.0,0.0,0.0,0.0,0.0
124292.118,3154.0,1872.0,0.0,0.0,0.0,0.0,0.0,0.0,1.0,0.0,0.0,0.0,0.0,0.0
124302.119,3154.0,1873.0,0.0,0.0,0.0,0.0,0.0,0.0,3.0,0.0,0.0,0.0,0.0,0.0
124312.118,3154.0,1870.0,0.0,0.0,0.0,0.0,0.0,0.0,2.0,0.0,0.0,0.0,0.0,0.0
124322.119,3154.0,1874.0,0.0,0.0,0.0,0.0,0.0,0.0,2.0,0.0,0.0,0.0,0.0,0.0
124332.118,3154.0,1872.0,0.0,0.0,0.0,0.0,0.0,0.0,4.0,0.0,0.0,0.0,0.0,0.0
124342.118,3154.0,1874.0,0.0,0.0,0.0,0.0,0.0,0.0,2.0,0.0,0.0,0.0,0.0,0.0
124352.118,3154.0,1872.0,0.0,0.0,0.0,0.0,0.0,0.0,-2.0,0.0,0.0,0.0,0.0,0.0
124362.118,3154.0,1872.0,0.0,0.0,0.0,0.0,0.0,0.0,2.0,0.0,0.0,0.0,0.0,0.0
124372.119,3154.0,1870.0,0.0,0.0,0.0,0.0,0.0,0.0,1.0,0.0,0.0,0.0,0.0,0.0
124382.118,3154.0,1872.0,0.0,0.0,0.0,0.0,0.0,0.0,2.0,0.0,0.0,0.0,0.0,0.0
124392.119,3154.0,1869.0,0.0,0.0,0.0,0.0,0.0,0.0,2.0,0.0,0.0,0.0,0.0,0.0
124402.118,3154.0,1867.0,0.0,0.0,0.0,0.0,0.0,0.0,0.0,0.0,0.0,0.0,0.0,0.0
124412.119,3154.0,1871.0,0.0,0.0,0.0,0.0,0.0,0.0,2.0,0.0,0.0,0.0,0.0,0.0
124422.118,3154.0,1867.0,0.0,0.0,0.0,0.0,0.0,0.0,1.0,0.0,0.0,0.0,0.0,0.0
124432.118,3154.0,1872.0,0.0,0.0,0.0,0.0,0.0,0.0,0.0,0.0,0.0,0.0,0.0,0.0
124442.118,3154.0,1870.0,0.0,0.0,0.0,0.0,0.0,0.0,2.0,0.0,0.0,0.0,0.0,0.0
124452.118,3154.0,1871.0,0.0,0.0,0.0,0.0,0.0,0.0,0.0,0.0,0.0,0.0,0.0,0.0
124462.119,3154.0,1870.0,0.0,0.0,0.0,0.0,0.0,0.0,0.0,0.0,0.0,0.0,0.0,0.0
124472.118,3154.0,1873.0,0.0,0.0,0.0,0.0,0.0,0.0,1.0,0.0,0.0,0.0,0.0,0.0
124482.119,3154.0,1871.0,0.0,0.0,0.0,0.0,0.0,0.0,2.0,0.0,0.0,0.0,0.0,0.0
124492.118,3154.0,1869.0,0.0,0.0,0.0,0.0,0.0,0.0,1.0,0.0,0.0,0.0,0.0,0.0
124502.118,3154.0,1873.0,0.0,0.0,0.0,0.0,0.0,0.0,1.0,0.0,0.0,0.0,0.0,0.0
124512.118,3154.0,1872.0,0.0,0.0,0.0,0.0,0.0,0.0,3.0,0.0,0.0,0.0,0.0,0.0
124522.118,3154.0,1873.0,0.0,0.0,0.0,0.0,0.0,0.0,4.0,0.0,0.0,0.0,0.0,0.0
124532.118,3154.0,1871.0,0.0,0.0,0.0,0.0,0.0,0.0,3.0,0.0,0.0,0.0,0.0,0.0
124542.119,3154.0,1870.0,0.0,0.0,0.0,0.0,0.0,0.0,0.0,0.0,0.0,0.0,0.0,0.0
124552.118,3154.0,1871.0,0.0,0.0,0.0,0.0,0.0,0.0,2.0,0.0,0.0,0.0,0.0,0.0
124562.119,3154.0,1870.0,0.0,0.0,0.0,0.0,0.0,0.0,1.0,0.0,0.0,0.0,0.0,0.0
124572.118,3154.0,1868.0,0.0,0.0,0.0,0.0,0.0,0.0,4.0,0.0,0.0,0.0,0.0,0.0
124582.119,3154.0,1870.0,0.0,0.0,0.0,0.0,0.0,0.0,3.0,0.0,0.0,0.0,0.0,0.0
124592.118,3154.0,1870.0,0.0,0.0,0.0,0.0,0.0,0.0,0.0,0.0,0.0,0.0,0.0,0.0
124602.118,3154.0,1873.0,0.0,0.0,0.0,0.0,0.0,0.0,1.0,0.0,0.0,0.0,0.0,0.0
124612.118,3154.0,1871.0,0.0,0.0,0.0,0.0,0.0,0.0,0.0,0.0,0.0,0.0,0.0,0.0
124622.119,3154.0,1871.0,0.0,0.0,0.0,0.0,0.0,0.0,2.0,0.0,0.0,0.0,0.0,0.0
124632.118,3154.0,1872.0,0.0,0.0,0.0,0.0,0.0,0.0,-1.0,0.0,0.0,0.0,0.0,0.0
124642.119,3154.0,1871.0,0.0,0.0,0.0,0.0,0.0,0.0,1.0,0.0,0.0,0.0,0.0,0.0
124652.118,3154.0,1870.0,0.0,0.0,0.0,0.0,0.0,0.0,1.0,0.0,0.0,0.0,0.0,0.0
124662.118,3154.0,1871.0,0.0,0.0,0.0,0.0,0.0,0.0,1.0,0.0,0.0,0.0,0.0,0.0
124672.118,3154.0,1871.0,0.0,0.0,0.0,0.0,0.0,0.0,4.0,0.0,0.0,0.0,0.0,0.0
124682.118,3154.0,1872.0,0.0,0.0,0.0,0.0,0.0,0.0,0.0,0.0,0.0,0.0,0.0,0.0
124692.119,3154.0,1871.0,0.0,0.0,0.0,0.0,0.0,0.0,3.0,0.0,0.0,0.0,0.0,0.0
124702.118,3154.0,1872.0,0.0,0.0,0.0,0.0,0.0,0.0,0.0,0.0,0.0,0.0,0.0,0.0
124712.119,3154.0,1872.0,0.0,0.0,0.0,0.0,0.0,0.0,0.0,0.0,0.0,0.0,0.0,0.0
124722.118,3154.0,1870.0,0.0,0.0,0.0,0.0,0.0,0.0,1.0,0.0,0.0,0.0,0.0,0.0
124732.119,3154.0,1873.0,0.0,0.0,0.0,0.0,0.0,0.0,2.0,0.0,0.0,0.0,0.0,0.0
124742.118,3154.0,1871.0,0.0,0.0,0.0,0.0,0.0,0.0,4.0,0.0,0.0,0.0,0.0,0.0
124752.118,3154.0,1871.0,0.0,0.0,0.0,0.0,0.0,0.0,2.0,0.0,0.0,0.0,0.0,0.0
124762.118,3154.0,1870.0,0.0,0.0,0.0,0.0,0.0,0.0,1.0,0.0,0.0,0.0,0.0,0.0
124772.118,3154.0,1873.0,0.0,0.0,0.0,0.0,0.0,0.0,2.0,0.0,0.0,0.0,0.0,0.0
124782.119,3154.0,1871.0,0.0,0.0,0.0,0.0,0.0,0.0,0.0,0.0,0.0,0.0,0.0,0.0
124792.118,3154.0,1873.0,0.0,0.0,0.0,0.0,0.0,0.0,1.0,0.0,0.0,0.0,0.0,0.0
124802.119,3154.0,1871.0,0.0,0.0,0.0,0.0,0.0,0.0,2.0,0.0,0.0,0.0,0.0,0.0
124812.118,3154.0,1871.0,0.0,0.0,0.0,0.0,0.0,0.0,2.0,0.0,0.0,0.0,0.0,0.0
124822.118,3154.0,1871.0,0.0,0.0,0.0,0.0,0.0,0.0,2.0,0.0,0.0,0.0,0.0,0.0
124832.118,3154.0,1869.0,0.0,0.0,0.0,0.0,0.0,0.0,0.0,0.0,0.0,0.0,0.0,0.0
124842.118,3154.0,1871.0,0.0,0.0,0.0,0.0,0.0,0.0,3.0,0.0,0.0,0.0,0.0,0.0
124852.118,3154.0,1870.0,0.0,0.0,0.0,0.0,0.0,0.0,0.0,0.0,0.0,0.0,0.0,0.0
124862.119,3154.0,1871.0,0.0,0.0,0.0,0.0,0.0,0.0,2.0,0.0,0.0,0.0,0.0,0.0
124872.118,3154.0,1870.0,0.0,0.0,0.0,0.0,0.0,0.0,3.0,0.0,0.0,0.0,0.0,0.0
124882.119,3154.0,1873.0,0.0,0.0,0.0,0.0,0.0,0.0,1.0,0.0,0.0,0.0,0.0,0.0
124892.118,3154.0,1873.0,0.0,0.0,0.0,0.0,0.0,0.0,1.0,0.0,0.0,0.0,0.0,0.0
124902.119,3154.0,1872.0,0.0,0.0,0.0,0.0,0.0,0.0,3.0,0.0,0.0,0.0,0.0,0.0
124912.118,3154.0,1870.0,0.0,0.0,0.0,0.0,0.0,0.0,2.0,0.0,0.0,0.0,0.0,0.0
124922.118,3154.0,1871.0,0.0,0.0,0.0,0.0,0.0,0.0,0.0,0.0,0.0,0.0,0.0,0.0
124932.118,3154.0,1871.0,0.0,0.0,0.0,0.0,0.0,0.0,3.0,0.0,0.0,0.0,0.0,0.0
124942.119,3154.0,1871.0,0.0,0.0,0.0,0.0,0.0,0.0,1.0,0.0,0.0,0.0,0.0,0.0
124952.118,3154.0,1871.0,0.0,0.0,0.0,0.0,0.0,0.0,3.0,0.0,0.0,0.0,0.0,0.0
124962.119,3154.0,1872.0,0.0,0.0,0.0,0.0,0.0,0.0,1.0,0.0,0.0,0.0,0.0,0.0
124972.118,3154.0,1872.0,0.0,0.0,0.0,0.0,0.0,0.0,2.0,0.0,0.0,0.0,0.0,0.0
124982.118,3154.0,1871.0,0.0,0.0,0.0,0.0,0.0,0.0,2.0,0.0,0.0,0.0,0.0,0.0
124992.118,3154.0,1869.0,0.0,0.0,0.0,0.0,0.0,0.0,0.0,0.0,0.0,0.0,0.0,0.0
125002.118,3154.0,1869.0,0.0,0.0,0.0,0.0,0.0,0.0,2.0,0.0,0.0,0.0,0.0,0.0
125012.119,3154.0,1871.0,0.0,0.0,0.0,0.0,0.0,0.0,3.0,0.0,0.0,0.0,0.0,0.0
125022.118,3154.0,1871.0,0.0,0.0,0.0,0.0,0.0,0.0,2.0,0.0,0.0,0.0,0.0,0.0
125032.119,3154.0,1871.0,0.0,0.0,0.0,0.0,0.0,0.0,3.0,0.0,0.0,0.0,0.0,0.0
125042.118,3154.0,1872.0,0.0,0.0,0.0,0.0,0.0,0.0,0.0,0.0,0.0,0.0,0.0,0.0
125052.119,3154.0,1871.0,0.0,0.0,0.0,0.0,0.0,0.0,1.0,0.0,0.0,0.0,0.0,0.0
125062.118,3154.0,1873.0,0.0,0.0,0.0,0.0,0.0,0.0,2.0,0.0,0.0,0.0,0.0,0.0
125072.118,3154.0,1869.0,0.0,0.0,0.0,0.0,0.0,0.0,2.0,0.0,0.0,0.0,0.0,0.0
125082.118,3154.0,1872.0,0.0,0.0,0.0,0.0,0.0,0.0,2.0,0.0,0.0,0.0,0.0,0.0
125092.118,3154.0,1869.0,0.0,0.0,0.0,0.0,0.0,0.0,-1.0,0.0,0.0,0.0,0.0,0.0
125102.119,3154.0,1871.0,0.0,0.0,0.0,0.0,0.0,0.0,1.0,0.0,0.0,0.0,0.0,0.0
125112.118,3154.0,1871.0,0.0,0.0,0.0,0.0,0.0,0.0,1.0,0.0,0.0,0.0,0.0,0.0
125122.119,3154.0,1870.0,0.0,0.0,0.0,0.0,0.0,0.0,1.0,0.0,0.0,0.0,0.0,0.0
125132.118,3154.0,1873.0,0.0,0.0,0.0,0.0,0.0,0.0,0.0,0.0,0.0,0.0,0.0,0.0
125142.118,3154.0,1870.0,0.0,0.0,0.0,0.0,0.0,0.0,2.0,0.0,0.0,0.0,0.0,0.0
125152.118,3154.0,1872.0,0.0,0.0,0.0,0.0,0.0,0.0,2.0,0.0,0.0,0.0,0.0,0.0
125162.118,3154.0,1868.0,0.0,0.0,0.0,0.0,0.0,0.0,0.0,0.0,0.0,0.0,0.0,0.0
125172.118,3154.0,1870.0,0.0,0.0,0.0,0.0,0.0,0.0,2.0,0.0,0.0,0.0,0.0,0.0
125182.119,3154.0,1872.0,0.0,0.0,0.0,0.0,0.0,0.0,1.0,0.0,0.0,0.0,0.0,0.0
125192.118,3154.0,1871.0,0.0,0.0,0.0,0.0,0.0,0.0,3.0,0.0,0.0,0.0,0.0,0.0
125202.119,3154.0,1869.0,0.0,0.0,0.0,0.0,0.0,0.0,3.0,0.0,0.0,0.0,0.0,0.0
125212.118,3154.0,1871.0,0.0,0.0,0.0,0.0,0.0,0.0,1.0,0.0,0.0,0.0,0.0,0.0
125222.119,3154.0,1872.0,0.0,0.0,0.0,0.0,0.0,0.0,2.0,0.0,0.0,0.0,0.0,0.0
125232.118,3154.0,1871.0,0.0,0.0,0.0,0.0,0.0,0.0,2.0,0.0,0.0,0.0,0.0,0.0
125242.118,3154.0,1869.0,0.0,0.0,0.0,0.0,0.0,0.0,2.0,0.0,0.0,0.0,0.0,0.0
125252.118,3154.0,1869.0,0.0,0.0,0.0,0.0,0.0,0.0,2.0,0.0,0.0,0.0,0.0,0.0
125262.119,3154.0,1870.0,0.0,0.0,0.0,0.0,0.0,0.0,2.0,0.0,0.0,0.0,0.0,0.0
125272.118,3154.0,1872.0,0.0,0.0,0.0,0.0,0.0,0.0,0.0,0.0,0.0,0.0,0.0,0.0
125282.119,3154.0,1871.0,0.0,0.0,0.0,0.0,0.0,0.0,2.0,0.0,0.0,0.0,0.0,0.0
125292.118,3154.0,1872.0,0.0,0.0,0.0,0.0,0.0,0.0,1.0,0.0,0.0,0.0,0.0,0.0
125302.118,3154.0,1870.0,0.0,0.0,0.0,0.0,0.0,0.0,0.0,0.0,0.0,0.0,0.0,0.0
125312.118,3154.0,1870.0,0.0,0.0,0.0,0.0,0.0,0.0,1.0,0.0,0.0,0.0,0.0,0.0
125322.118,3154.0,1874.0,0.0,0.0,0.0,0.0,0.0,0.0,2.0,0.0,0.0,0.0,0.0,0.0
125332.119,3154.0,1872.0,0.0,0.0,0.0,0.0,0.0,0.0,1.0,0.0,0.0,0.0,0.0,0.0
125342.118,3154.0,1873.0,0.0,0.0,0.0,0.0,0.0,0.0,1.0,0.0,0.0,0.0,0.0,0.0
125352.119,3154.0,1870.0,0.0,0.0,0.0,0.0,0.0,0.0,4.0,0.0,0.0,0.0,0.0,0.0
125362.118,3154.0,1871.0,0.0,0.0,0.0,0.0,0.0,0.0,4.0,0.0,0.0,0.0,0.0,0.0
125372.119,3154.0,1870.0,0.0,0.0,0.0,0.0,0.0,0.0,4.0,0.0,0.0,0.0,0.0,0.0
125382.118,3154.0,1871.0,0.0,0.0,0.0,0.0,0.0,0.0,2.0,0.0,0.0,0.0,0.0,0.0
125392.118,3154.0,1871.0,0.0,0.0,0.0,0.0,0.0,0.0,-1.0,0.0,0.0,0.0,0.0,0.0
125402.118,3154.0,1871.0,0.0,0.0,0.0,0.0,0.0,0.0,3.0,0.0,0.0,0.0,0.0,0.0
125412.118,3154.0,1870.0,0.0,0.0,0.0,0.0,0.0,0.0,1.0,0.0,0.0,0.0,0.0,0.0
125422.119,3154.0,1871.0,0.0,0.0,0.0,0.0,0.0,0.0,-1.0,0.0,0.0,0.0,0.0,0.0
125432.118,3154.0,1871.0,0.0,0.0,0.0,0.0,0.0,0.0,2.0,0.0,0.0,0.0,0.0,0.0
125442.119,3154.0,1869.0,0.0,0.0,0.0,0.0,0.0,0.0,1.0,0.0,0.0,0.0,0.0,0.0
125452.118,3154.0,1869.0,0.0,0.0,0.0,0.0,0.0,0.0,3.0,0.0,0.0,0.0,0.0,0.0
125462.118,3154.0,1871.0,0.0,0.0,0.0,0.0,0.0,0.0,1.0,0.0,0.0,0.0,0.0,0.0
125472.118,3154.0,1869.0,0.0,0.0,0.0,0.0,0.0,0.0,3.0,0.0,0.0,0.0,0.0,0.0
125482.118,3154.0,1870.0,0.0,0.0,0.0,0.0,0.0,0.0,4.0,0.0,0.0,0.0,0.0,0.0
125492.118,3154.0,1870.0,0.0,0.0,0.0,0.0,0.0,0.0,0.0,0.0,0.0,0.0,0.0,0.0
125502.119,3154.0,1871.0,0.0,0.0,0.0,0.0,0.0,0.0,1.0,0.0,0.0,0.0,0.0,0.0
125512.118,3154.0,1870.0,0.0,0.0,0.0,0.0,0.0,0.0,-1.0,0.0,0.0,0.0,0.0,0.0
125522.119,3154.0,1873.0,0.0,0.0,0.0,0.0,0.0,0.0,1.0,0.0,0.0,0.0,0.0,0.0
125532.118,3154.0,1871.0,0.0,0.0,0.0,0.0,0.0,0.0,0.0,0.0,0.0,0.0,0.0,0.0
125542.119,3154.0,1870.0,0.0,0.0,0.0,0.0,0.0,0.0,0.0,0.0,0.0,0.0,0.0,0.0
125552.118,3154.0,1873.0,0.0,0.0,0.0,0.0,0.0,0.0,2.0,0.0,0.0,0.0,0.0,0.0
125562.118,3154.0,1870.0,0.0,0.0,0.0,0.0,0.0,0.0,1.0,0.0,0.0,0.0,0.0,0.0
125572.118,3154.0,1872.0,0.0,0.0,0.0,0.0,0.0,0.0,2.0,0.0,0.0,0.0,0.0,0.0
125582.119,3154.0,1871.0,0.0,0.0,0.0,0.0,0.0,0.0,1.0,0.0,0.0,0.0,0.0,0.0
125592.118,3154.0,1868.0,0.0,0.0,0.0,0.0,0.0,0.0,1.0,0.0,0.0,0.0,0.0,0.0
125602.119,3154.0,1873.0,0.0,0.0,0.0,0.0,0.0,0.0,1.0,0.0,0.0,0.0,0.0,0.0
125612.118,3154.0,1872.0,0.0,0.0,0.0,0.0,0.0,0.0,2.0,0.0,0.0,0.0,0.0,0.0
125622.118,3154.0,1869.0,0.0,0.0,0.0,0.0,0.0,0.0,-1.0,0.0,0.0,0.0,0.0,0.0
125632.118,3154.0,1871.0,0.0,0.0,0.0,0.0,0.0,0.0,3.0,0.0,0.0,0.0,0.0,0.0
125642.118,3154.0,1872.0,0.0,0.0,0.0,0.0,0.0,0.0,1.0,0.0,0.0,0.0,0.0,0.0
125652.119,3154.0,1871.0,0.0,0.0,0.0,0.0,0.0,0.0,3.0,0.0,0.0,0.0,0.0,0.0
125662.118,3154.0,1870.0,0.0,0.0,0.0,0.0,0.0,0.0,1.0,0.0,0.0,0.0,0.0,0.0
125672.119,3154.0,1871.0,0.0,0.0,0.0,0.0,0.0,0.0,2.0,0.0,0.0,0.0,0.0,0.0
125682.118,3154.0,1868.0,0.0,0.0,0.0,0.0,0.0,0.0,1.0,0.0,0.0,0.0,0.0,0.0
125692.119,3154.0,1869.0,0.0,0.0,0.0,0.0,0.0,0.0,0.0,0.0,0.0,0.0,0.0,0.0
125702.118,3154.0,1870.0,0.0,0.0,0.0,0.0,0.0,0.0,2.0,0.0,0.0,0.0,0.0,0.0
125712.118,3154.0,1870.0,0.0,0.0,0.0,0.0,0.0,0.0,1.0,0.0,0.0,0.0,0.0,0.0
125722.118,3154.0,1872.0,0.0,0.0,0.0,0.0,0.0,0.0,0.0,0.0,0.0,0.0,0.0,0.0
125732.118,3154.0,1871.0,0.0,0.0,0.0,0.0,0.0,0.0,2.0,0.0,0.0,0.0,0.0,0.0
125742.119,3154.0,1870.0,0.0,0.0,0.0,0.0,0.0,0.0,2.0,0.0,0.0,0.0,0.0,0.0
125752.118,3154.0,1869.0,0.0,0.0,0.0,0.0,0.0,0.0,0.0,0.0,0.0,0.0,0.0,0.0
125762.119,3154.0,1872.0,0.0,0.0,0.0,0.0,0.0,0.0,1.0,0.0,0.0,0.0,0.0,0.0
125772.118,3154.0,1872.0,0.0,0.0,0.0,0.0,0.0,0.0,2.0,0.0,0.0,0.0,0.0,0.0
125782.118,3154.0,1868.0,0.0,0.0,0.0,0.0,0.0,0.0,1.0,0.0,0.0,0.0,0.0,0.0
125792.118,3154.0,1870.0,0.0,0.0,0.0,0.0,0.0,0.0,2.0,0.0,0.0,0.0,0.0,0.0
125802.118,3154.0,1870.0,0.0,0.0,0.0,0.0,0.0,0.0,2.0,0.0,0.0,0.0,0.0,0.0
125812.118,3154.0,1868.0,0.0,0.0,0.0,0.0,0.0,0.0,2.0,0.0,0.0,0.0,0.0,0.0
125822.119,3154.0,1872.0,0.0,0.0,0.0,0.0,0.0,0.0,1.0,0.0,0.0,0.0,0.0,0.0
125832.118,3154.0,1873.0,0.0,0.0,0.0,0.0,0.0,0.0,2.0,0.0,0.0,0.0,0.0,0.0
125842.119,3154.0,1871.0,0.0,0.0,0.0,0.0,0.0,0.0,2.0,0.0,0.0,0.0,0.0,0.0
125852.118,3154.0,1871.0,0.0,0.0,0.0,0.0,0.0,0.0,0.0,0.0,0.0,0.0,0.0,0.0
125862.119,3154.0,1871.0,0.0,0.0,0.0,0.0,0.0,0.0,4.0,0.0,0.0,0.0,0.0,0.0
125872.118,3154.0,1870.0,0.0,0.0,0.0,0.0,0.0,0.0,0.0,0.0,0.0,0.0,0.0,0.0
125882.118,3154.0,1872.0,0.0,0.0,0.0,0.0,0.0,0.0,-1.0,0.0,0.0,0.0,0.0,0.0
125892.118,3154.0,1871.0,0.0,0.0,0.0,0.0,0.0,0.0,2.0,0.0,0.0,0.0,0.0,0.0
125902.119,3154.0,1872.0,0.0,0.0,0.0,0.0,0.0,0.0,3.0,0.0,0.0,0.0,0.0,0.0
125912.118,3154.0,1870.0,0.0,0.0,0.0,0.0,0.0,0.0,-2.0,0.0,0.0,0.0,0.0,0.0
125922.119,3154.0,1870.0,0.0,0.0,0.0,0.0,0.0,0.0,0.0,0.0,0.0,0.0,0.0,0.0
125932.118,3154.0,1871.0,0.0,0.0,0.0,0.0,0.0,0.0,-2.0,0.0,0.0,0.0,0.0,0.0
125942.118,3154.0,1870.0,0.0,0.0,0.0,0.0,0.0,0.0,2.0,0.0,0.0,0.0,0.0,0.0
125952.118,3154.0,1871.0,0.0,0.0,0.0,0.0,0.0,0.0,-1.0,0.0,0.0,0.0,0.0,0.0
125962.118,3154.0,1871.0,0.0,0.0,0.0,0.0,0.0,0.0,-1.0,0.0,0.0,0.0,0.0,0.0
125972.119,3154.0,1870.0,0.0,0.0,0.0,0.0,0.0,0.0,2.0,0.0,0.0,0.0,0.0,0.0
125982.118,3154.0,1869.0,0.0,0.0,0.0,0.0,0.0,0.0,4.0,0.0,0.0,0.0,0.0,0.0
125992.119,3154.0,1869.0,0.0,0.0,0.0,0.0,0.0,0.0,0.0,0.0,0.0,0.0,0.0,0.0
126002.118,3154.0,1871.0,0.0,0.0,0.0,0.0,0.0,0.0,4.0,0.0,0.0,0.0,0.0,0.0
126012.119,3154.0,1871.0,0.0,0.0,0.0,0.0,0.0,0.0,1.0,0.0,0.0,0.0,0.0,0.0
126022.118,3154.0,1869.0,0.0,0.0,0.0,0.0,0.0,0.0,0.0,0.0,0.0,0.0,0.0,0.0
126032.118,3154.0,1872.0,0.0,0.0,0.0,0.0,0.0,0.0,2.0,0.0,0.0,0.0,0.0,0.0
126042.118,3154.0,1870.0,0.0,0.0,0.0,0.0,0.0,0.0,-1.0,0.0,0.0,0.0,0.0,0.0
126052.118,3154.0,1869.0,0.0,0.0,0.0,0.0,0.0,0.0,2.0,0.0,0.0,0.0,0.0,0.0
126062.119,3154.0,1874.0,0.0,0.0,0.0,0.0,0.0,0.0,2.0,0.0,0.0,0.0,0.0,0.0
126072.118,3154.0,1871.0,0.0,0.0,0.0,0.0,0.0,0.0,0.0,0.0,0.0,0.0,0.0,0.0
126082.119,3154.0,1872.0,0.0,0.0,0.0,0.0,0.0,0.0,2.0,0.0,0.0,0.0,0.0,0.0
126092.118,3154.0,1871.0,0.0,0.0,0.0,0.0,0.0,0.0,0.0,0.0,0.0,0.0,0.0,0.0
126102.118,3154.0,1871.0,0.0,0.0,0.0,0.0,0.0,0.0,3.0,0.0,0.0,0.0,0.0,0.0
126112.118,3154.0,1871.0,0.0,0.0,0.0,0.0,0.0,0.0,1.0,0.0,0.0,0.0,0.0,0.0
126122.118,3154.0,1873.0,0.0,0.0,0.0,0.0,0.0,0.0,-1.0,0.0,0.0,0.0,0.0,0.0
126132.118,3154.0,1870.0,0.0,0.0,0.0,0.0,0.0,0.0,3.0,0.0,0.0,0.0,0.0,0.0
126142.119,3154.0,1869.0,0.0,0.0,0.0,0.0,0.0,0.0,4.0,0.0,0.0,0.0,0.0,0.0
126152.118,3154.0,1870.0,0.0,0.0,0.0,0.0,0.0,0.0,1.0,0.0,0.0,0.0,0.0,0.0
126162.119,3154.0,1868.0,0.0,0.0,0.0,0.0,0.0,0.0,1.0,0.0,0.0,0.0,0.0,0.0
126172.118,3154.0,1873.0,0.0,0.0,0.0,0.0,0.0,0.0,1.0,0.0,0.0,0.0,0.0,0.0
126182.119,3154.0,1875.0,0.0,0.0,0.0,0.0,0.0,0.0,0.0,0.0,0.0,0.0,0.0,0.0
126192.118,3154.0,1871.0,0.0,0.0,0.0,0.0,0.0,0.0,1.0,0.0,0.0,0.0,0.0,0.0
126202.118,3154.0,1872.0,0.0,0.0,0.0,0.0,0.0,0.0,-2.0,0.0,0.0,0.0,0.0,0.0
126212.118,3154.0,1870.0,0.0,0.0,0.0,0.0,0.0,0.0,1.0,0.0,0.0,0.0,0.0,0.0
126222.119,3154.0,1871.0,0.0,0.0,0.0,0.0,0.0,0.0,2.0,0.0,0.0,0.0,0.0,0.0
126232.118,3154.0,1872.0,0.0,0.0,0.0,0.0,0.0,0.0,1.0,0.0,0.0,0.0,0.0,0.0
126242.119,3154.0,1870.0,0.0,0.0,0.0,0.0,0.0,0.0,5.0,0.0,0.0,0.0,0.0,0.0
126252.118,3154.0,1870.0,0.0,0.0,0.0,0.0,0.0,0.0,2.0,0.0,0.0,0.0,0.0,0.0
126262.118,3154.0,1871.0,0.0,0.0,0.0,0.0,0.0,0.0,1.0,0.0,0.0,0.0,0.0,0.0
126272.118,3154.0,1871.0,0.0,0.0,0.0,0.0,0.0,0.0,-1.0,0.0,0.0,0.0,0.0,0.0
126282.118,3154.0,1872.0,0.0,0.0,0.0,0.0,0.0,0.0,0.0,0.0,0.0,0.0,0.0,0.0
126292.119,3154.0,1870.0,0.0,0.0,0.0,0.0,0.0,0.0,1.0,0.0,0.0,0.0,0.0,0.0
126302.118,3154.0,1871.0,0.0,0.0,0.0,0.0,0.0,0.0,1.0,0.0,0.0,0.0,0.0,0.0
126312.119,3154.0,1870.0,0.0,0.0,0.0,0.0,0.0,0.0,2.0,0.0,0.0,0.0,0.0,0.0
126322.118,3154.0,1874.0,0.0,0.0,0.0,0.0,0.0,0.0,2.0,0.0,0.0,0.0,0.0,0.0
126332.119,3154.0,1870.0,0.0,0.0,0.0,0.0,0.0,0.0,4.0,0.0,0.0,0.0,0.0,0.0
126342.118,3154.0,1873.0,0.0,0.0,0.0,0.0,0.0,0.0,-1.0,0.0,0.0,0.0,0.0,0.0
126352.118,3154.0,1873.0,0.0,0.0,0.0,0.0,0.0,0.0,-1.0,0.0,0.0,0.0,0.0,0.0
126362.118,3154.0,1870.0,0.0,0.0,0.0,0.0,0.0,0.0,3.0,0.0,0.0,0.0,0.0,0.0
126372.118,3154.0,1871.0,0.0,0.0,0.0,0.0,0.0,0.0,0.0,0.0,0.0,0.0,0.0,0.0
126382.119,3154.0,1870.0,0.0,0.0,0.0,0.0,0.0,0.0,4.0,0.0,0.0,0.0,0.0,0.0
126392.118,3154.0,1872.0,0.0,0.0,0.0,0.0,0.0,0.0,1.0,0.0,0.0,0.0,0.0,0.0
126402.119,3154.0,1869.0,0.0,0.0,0.0,0.0,0.0,0.0,2.0,0.0,0.0,0.0,0.0,0.0
126412.118,3154.0,1873.0,0.0,0.0,0.0,0.0,0.0,0.0,3.0,0.0,0.0,0.0,0.0,0.0
126422.118,3154.0,1872.0,0.0,0.0,0.0,0.0,0.0,0.0,1.0,0.0,0.0,0.0,0.0,0.0
126432.118,3154.0,1870.0,0.0,0.0,0.0,0.0,0.0,0.0,0.0,0.0,0.0,0.0,0.0,0.0
126442.118,3154.0,1870.0,0.0,0.0,0.0,0.0,0.0,0.0,1.0,0.0,0.0,0.0,0.0,0.0
126452.118,3154.0,1869.0,0.0,0.0,0.0,0.0,0.0,0.0,2.0,0.0,0.0,0.0,0.0,0.0
126462.119,3154.0,1872.0,0.0,0.0,0.0,0.0,0.0,0.0,2.0,0.0,0.0,0.0,0.0,0.0
126472.118,3154.0,1870.0,0.0,0.0,0.0,0.0,0.0,0.0,2.0,0.0,0.0,0.0,0.0,0.0
126482.119,3154.0,1871.0,0.0,0.0,0.0,0.0,0.0,0.0,2.0,0.0,0.0,0.0,0.0,0.0
126492.118,3154.0,1874.0,0.0,0.0,0.0,0.0,0.0,0.0,2.0,0.0,0.0,0.0,0.0,0.0
126502.119,3154.0,1870.0,0.0,0.0,0.0,0.0,0.0,0.0,0.0,0.0,0.0,0.0,0.0,0.0
126512.118,3154.0,1872.0,0.0,0.0,0.0,0.0,0.0,0.0,2.0,0.0,0.0,0.0,0.0,0.0
126522.118,3154.0,1871.0,0.0,0.0,0.0,0.0,0.0,0.0,1.0,0.0,0.0,0.0,0.0,0.0
126532.118,3154.0,1871.0,0.0,0.0,0.0,0.0,0.0,0.0,1.0,0.0,0.0,0.0,0.0,0.0
126542.119,3154.0,1871.0,0.0,0.0,0.0,0.0,0.0,0.0,2.0,0.0,0.0,0.0,0.0,0.0
126552.118,3154.0,1871.0,0.0,0.0,0.0,0.0,0.0,0.0,1.0,0.0,0.0,0.0,0.0,0.0
126562.119,3154.0,1874.0,0.0,0.0,0.0,0.0,0.0,0.0,0.0,0.0,0.0,0.0,0.0,0.0
126572.118,3154.0,1870.0,0.0,0.0,0.0,0.0,0.0,0.0,1.0,0.0,0.0,0.0,0.0,0.0
126582.118,3154.0,1873.0,0.0,0.0,0.0,0.0,0.0,0.0,2.0,0.0,0.0,0.0,0.0,0.0
126592.118,3154.0,1871.0,0.0,0.0,0.0,0.0,0.0,0.0,-2.0,0.0,0.0,0.0,0.0,0.0
126602.118,3154.0,1872.0,0.0,0.0,0.0,0.0,0.0,0.0,0.0,0.0,0.0,0.0,0.0,0.0
126612.119,3154.0,1868.0,0.0,0.0,0.0,0.0,0.0,0.0,1.0,0.0,0.0,0.0,0.0,0.0
126622.118,3154.0,1870.0,0.0,0.0,0.0,0.0,0.0,0.0,1.0,0.0,0.0,0.0,0.0,0.0
126632.119,3154.0,1871.0,0.0,0.0,0.0,0.0,0.0,0.0,0.0,0.0,0.0,0.0,0.0,0.0
126642.118,3154.0,1869.0,0.0,0.0,0.0,0.0,0.0,0.0,0.0,0.0,0.0,0.0,0.0,0.0
126652.119,3154.0,1872.0,0.0,0.0,0.0,0.0,0.0,0.0,0.0,0.0,0.0,0.0,0.0,0.0
126662.118,3154.0,1869.0,0.0,0.0,0.0,0.0,0.0,0.0,-1.0,0.0,0.0,0.0,0.0,0.0
126672.118,3154.0,1871.0,0.0,0.0,0.0,0.0,0.0,0.0,2.0,0.0,0.0,0.0,0.0,0.0
126682.118,3154.0,1873.0,0.0,0.0,0.0,0.0,0.0,0.0,6.0,0.0,0.0,0.0,0.0,0.0
126692.118,3154.0,1872.0,0.0,0.0,0.0,0.0,0.0,0.0,0.0,0.0,0.0,0.0,0.0,0.0
126702.119,3154.0,1871.0,0.0,0.0,0.0,0.0,0.0,0.0,-1.0,0.0,0.0,0.0,0.0,0.0
126712.118,3154.0,1873.0,0.0,0.0,0.0,0.0,0.0,0.0,2.0,0.0,0.0,0.0,0.0,0.0
126722.119,3154.0,1870.0,0.0,0.0,0.0,0.0,0.0,0.0,2.0,0.0,0.0,0.0,0.0,0.0
126732.118,3154.0,1870.0,0.0,0.0,0.0,0.0,0.0,0.0,4.0,0.0,0.0,0.0,0.0,0.0
126742.118,3154.0,1871.0,0.0,0.0,0.0,0.0,0.0,0.0,2.0,0.0,0.0,0.0,0.0,0.0
126752.118,3154.0,1875.0,0.0,0.0,0.0,0.0,0.0,0.0,1.0,0.0,0.0,0.0,0.0,0.0
126762.118,3154.0,1869.0,0.0,0.0,0.0,0.0,0.0,0.0,0.0,0.0,0.0,0.0,0.0,0.0
126772.119,3154.0,1871.0,0.0,0.0,0.0,0.0,0.0,0.0,2.0,0.0,0.0,0.0,0.0,0.0
126782.118,3154.0,1871.0,0.0,0.0,0.0,0.0,0.0,0.0,0.0,0.0,0.0,0.0,0.0,0.0
126792.118,3154.0,1871.0,0.0,0.0,0.0,0.0,0.0,0.0,0.0,0.0,0.0,0.0,0.0,0.0
126802.118,3154.0,1870.0,0.0,0.0,0.0,0.0,0.0,0.0,-1.0,0.0,0.0,0.0,0.0,0.0
126812.118,3154.0,1868.0,0.0,0.0,0.0,0.0,0.0,0.0,0.0,0.0,0.0,0.0,0.0,0.0
126822.118,3154.0,1869.0,0.0,0.0,0.0,0.0,0.0,0.0,3.0,0.0,0.0,0.0,0.0,0.0
126832.118,3154.0,1873.0,0.0,0.0,0.0,0.0,0.0,0.0,2.0,0.0,0.0,0.0,0.0,0.0
126842.119,3154.0,1871.0,0.0,0.0,0.0,0.0,0.0,0.0,3.0,0.0,0.0,0.0,0.0,0.0
126852.118,3154.0,1869.0,0.0,0.0,0.0,0.0,0.0,0.0,2.0,0.0,0.0,0.0,0.0,0.0
126862.118,3154.0,1872.0,0.0,0.0,0.0,0.0,0.0,0.0,1.0,0.0,0.0,0.0,0.0,0.0
126872.118,3154.0,1870.0,0.0,0.0,0.0,0.0,0.0,0.0,3.0,0.0,0.0,0.0,0.0,0.0
126882.118,3154.0,1874.0,0.0,0.0,0.0,0.0,0.0,0.0,3.0,0.0,0.0,0.0,0.0,0.0
126892.118,3154.0,1872.0,0.0,0.0,0.0,0.0,0.0,0.0,3.0,0.0,0.0,0.0,0.0,0.0
126902.118,3154.0,1871.0,0.0,0.0,0.0,0.0,0.0,0.0,0.0,0.0,0.0,0.0,0.0,0.0
126912.118,3154.0,1871.0,0.0,0.0,0.0,0.0,0.0,0.0,-1.0,0.0,0.0,0.0,0.0,0.0
126922.119,3154.0,1871.0,0.0,0.0,0.0,0.0,0.0,0.0,-2.0,0.0,0.0,0.0,0.0,0.0
126932.118,3154.0,1871.0,0.0,0.0,0.0,0.0,0.0,0.0,3.0,0.0,0.0,0.0,0.0,0.0
126942.119,3154.0,1869.0,0.0,0.0,0.0,0.0,0.0,0.0,0.0,0.0,0.0,0.0,0.0,0.0
126952.118,3154.0,1870.0,0.0,0.0,0.0,0.0,0.0,0.0,1.0,0.0,0.0,0.0,0.0,0.0
126962.118,3154.0,1874.0,0.0,0.0,0.0,0.0,0.0,0.0,0.0,0.0,0.0,0.0,0.0,0.0
126972.118,3154.0,1873.0,0.0,0.0,0.0,0.0,0.0,0.0,0.0,0.0,0.0,0.0,0.0,0.0
126982.118,3154.0,1871.0,0.0,0.0,0.0,0.0,0.0,0.0,2.0,0.0,0.0,0.0,0.0,0.0
126992.118,3154.0,1874.0,0.0,0.0,0.0,0.0,0.0,0.0,1.0,0.0,0.0,0.0,0.0,0.0
127002.119,3154.0,1871.0,0.0,0.0,0.0,0.0,0.0,0.0,1.0,0.0,0.0,0.0,0.0,0.0
127012.118,3154.0,1870.0,0.0,0.0,0.0,0.0,0.0,0.0,3.0,0.0,0.0,0.0,0.0,0.0
127022.119,3154.0,1873.0,0.0,0.0,0.0,0.0,0.0,0.0,4.0,0.0,0.0,0.0,0.0,0.0
127032.118,3154.0,1871.0,0.0,0.0,0.0,0.0,0.0,0.0,2.0,0.0,0.0,0.0,0.0,0.0
127042.119,3154.0,1872.0,0.0,0.0,0.0,0.0,0.0,0.0,2.0,0.0,0.0,0.0,0.0,0.0
127052.118,3154.0,1871.0,0.0,0.0,0.0,0.0,0.0,0.0,1.0,0.0,0.0,0.0,0.0,0.0
127062.118,3154.0,1872.0,0.0,0.0,0.0,0.0,0.0,0.0,1.0,0.0,0.0,0.0,0.0,0.0
127072.118,3154.0,1873.0,0.0,0.0,0.0,0.0,0.0,0.0,3.0,0.0,0.0,0.0,0.0,0.0
127082.118,3154.0,1870.0,0.0,0.0,0.0,0.0,0.0,0.0,2.0,0.0,0.0,0.0,0.0,0.0
127092.118,3154.0,1869.0,0.0,0.0,0.0,0.0,0.0,0.0,3.0,0.0,0.0,0.0,0.0,0.0
127102.119,3154.0,1873.0,0.0,0.0,0.0,0.0,0.0,0.0,2.0,0.0,0.0,0.0,0.0,0.0
127112.118,3154.0,1870.0,0.0,0.0,0.0,0.0,0.0,0.0,4.0,0.0,0.0,0.0,0.0,0.0
127122.119,3154.0,1870.0,0.0,0.0,0.0,0.0,0.0,0.0,2.0,0.0,0.0,0.0,0.0,0.0
127132.118,3154.0,1870.0,0.0,0.0,0.0,0.0,0.0,0.0,3.0,0.0,0.0,0.0,0.0,0.0
127142.119,3154.0,1869.0,0.0,0.0,0.0,0.0,0.0,0.0,4.0,0.0,0.0,0.0,0.0,0.0
127152.118,3154.0,1872.0,0.0,0.0,0.0,0.0,0.0,0.0,0.0,0.0,0.0,0.0,0.0,0.0
127162.118,3154.0,1868.0,0.0,0.0,0.0,0.0,0.0,0.0,1.0,0.0,0.0,0.0,0.0,0.0
127172.118,3154.0,1868.0,0.0,0.0,0.0,0.0,0.0,0.0,1.0,0.0,0.0,0.0,0.0,0.0
127182.119,3154.0,1872.0,0.0,0.0,0.0,0.0,0.0,0.0,1.0,0.0,0.0,0.0,0.0,0.0
127192.118,3154.0,1872.0,0.0,0.0,0.0,0.0,0.0,0.0,1.0,0.0,0.0,0.0,0.0,0.0
127202.119,3154.0,1870.0,0.0,0.0,0.0,0.0,0.0,0.0,2.0,0.0,0.0,0.0,0.0,0.0
127212.118,3154.0,1871.0,0.0,0.0,0.0,0.0,0.0,0.0,2.0,0.0,0.0,0.0,0.0,0.0
127222.118,3154.0,1872.0,0.0,0.0,0.0,0.0,0.0,0.0,3.0,0.0,0.0,0.0,0.0,0.0
127232.118,3154.0,1873.0,0.0,0.0,0.0,0.0,0.0,0.0,3.0,0.0,0.0,0.0,0.0,0.0
127242.118,3154.0,1872.0,0.0,0.0,0.0,0.0,0.0,0.0,2.0,0.0,0.0,0.0,0.0,0.0
127252.119,3154.0,1872.0,0.0,0.0,0.0,0.0,0.0,0.0,2.0,0.0,0.0,0.0,0.0,0.0
127262.118,3154.0,1872.0,0.0,0.0,0.0,0.0,0.0,0.0,1.0,0.0,0.0,0.0,0.0,0.0
127272.119,3154.0,1868.0,0.0,0.0,0.0,0.0,0.0,0.0,0.0,0.0,0.0,0.0,0.0,0.0
127282.118,3154.0,1872.0,0.0,0.0,0.0,0.0,0.0,0.0,2.0,0.0,0.0,0.0,0.0,0.0
127292.119,3154.0,1870.0,0.0,0.0,0.0,0.0,0.0,0.0,1.0,0.0,0.0,0.0,0.0,0.0
127302.118,3154.0,1871.0,0.0,0.0,0.0,0.0,0.0,0.0,0.0,0.0,0.0,0.0,0.0,0.0
127312.118,3154.0,1870.0,0.0,0.0,0.0,0.0,0.0,0.0,1.0,0.0,0.0,0.0,0.0,0.0
127322.118,3154.0,1870.0,0.0,0.0,0.0,0.0,0.0,0.0,2.0,0.0,0.0,0.0,0.0,0.0
127332.118,3154.0,1873.0,0.0,0.0,0.0,0.0,0.0,0.0,1.0,0.0,0.0,0.0,0.0,0.0
127342.119,3154.0,1871.0,0.0,0.0,0.0,0.0,0.0,0.0,1.0,0.0,0.0,0.0,0.0,0.0
127352.118,3154.0,1873.0,0.0,0.0,0.0,0.0,0.0,0.0,0.0,0.0,0.0,0.0,0.0,0.0
127362.119,3154.0,1869.0,0.0,0.0,0.0,0.0,0.0,0.0,1.0,0.0,0.0,0.0,0.0,0.0
127372.118,3154.0,1869.0,0.0,0.0,0.0,0.0,0.0,0.0,1.0,0.0,0.0,0.0,0.0,0.0
127382.118,3154.0,1870.0,0.0,0.0,0.0,0.0,0.0,0.0,4.0,0.0,0.0,0.0,0.0,0.0
127392.118,3154.0,1872.0,0.0,0.0,0.0,0.0,0.0,0.0,2.0,0.0,0.0,0.0,0.0,0.0
127402.118,3154.0,1870.0,0.0,0.0,0.0,0.0,0.0,0.0,3.0,0.0,0.0,0.0,0.0,0.0
127412.118,3154.0,1871.0,0.0,0.0,0.0,0.0,0.0,0.0,1.0,0.0,0.0,0.0,0.0,0.0
127422.119,3154.0,1873.0,0.0,0.0,0.0,0.0,0.0,0.0,1.0,0.0,0.0,0.0,0.0,0.0
127432.118,3154.0,1868.0,0.0,0.0,0.0,0.0,0.0,0.0,0.0,0.0,0.0,0.0,0.0,0.0
127442.119,3154.0,1871.0,0.0,0.0,0.0,0.0,0.0,0.0,-1.0,0.0,0.0,0.0,0.0,0.0
127452.118,3154.0,1870.0,0.0,0.0,0.0,0.0,0.0,0.0,3.0,0.0,0.0,0.0,0.0,0.0
127462.119,3154.0,1871.0,0.0,0.0,0.0,0.0,0.0,0.0,2.0,0.0,0.0,0.0,0.0,0.0
127472.118,3154.0,1871.0,0.0,0.0,0.0,0.0,0.0,0.0,1.0,0.0,0.0,0.0,0.0,0.0
127482.118,3154.0,1873.0,0.0,0.0,0.0,0.0,0.0,0.0,-1.0,0.0,0.0,0.0,0.0,0.0
127492.118,3154.0,1870.0,0.0,0.0,0.0,0.0,0.0,0.0,0.0,0.0,0.0,0.0,0.0,0.0
127502.119,3154.0,1869.0,0.0,0.0,0.0,0.0,0.0,0.0,5.0,0.0,0.0,0.0,0.0,0.0
127512.118,3154.0,1873.0,0.0,0.0,0.0,0.0,0.0,0.0,1.0,0.0,0.0,0.0,0.0,0.0
127522.119,3154.0,1872.0,0.0,0.0,0.0,0.0,0.0,0.0,2.0,0.0,0.0,0.0,0.0,0.0
127532.118,3154.0,1871.0,0.0,0.0,0.0,0.0,0.0,0.0,1.0,0.0,0.0,0.0,0.0,0.0
127542.118,3154.0,1872.0,0.0,0.0,0.0,0.0,0.0,0.0,0.0,0.0,0.0,0.0,0.0,0.0
127552.118,3154.0,1873.0,0.0,0.0,0.0,0.0,0.0,0.0,3.0,0.0,0.0,0.0,0.0,0.0
127562.118,3154.0,1870.0,0.0,0.0,0.0,0.0,0.0,0.0,1.0,0.0,0.0,0.0,0.0,0.0
127572.119,3154.0,1870.0,0.0,0.0,0.0,0.0,0.0,0.0,2.0,0.0,0.0,0.0,0.0,0.0
127582.118,3154.0,1870.0,0.0,0.0,0.0,0.0,0.0,0.0,2.0,0.0,0.0,0.0,0.0,0.0
127592.119,3154.0,1871.0,0.0,0.0,0.0,0.0,0.0,0.0,1.0,0.0,0.0,0.0,0.0,0.0
127602.118,3154.0,1870.0,0.0,0.0,0.0,0.0,0.0,0.0,3.0,0.0,0.0,0.0,0.0,0.0
127612.119,3154.0,1873.0,0.0,0.0,0.0,0.0,0.0,0.0,2.0,0.0,0.0,0.0,0.0,0.0
127622.118,3154.0,1872.0,0.0,0.0,0.0,0.0,0.0,0.0,2.0,0.0,0.0,0.0,0.0,0.0
127632.118,3154.0,1874.0,0.0,0.0,0.0,0.0,0.0,0.0,3.0,0.0,0.0,0.0,0.0,0.0
127642.118,3154.0,1872.0,0.0,0.0,0.0,0.0,0.0,0.0,1.0,0.0,0.0,0.0,0.0,0.0
127652.118,3154.0,1871.0,0.0,0.0,0.0,0.0,0.0,0.0,2.0,0.0,0.0,0.0,0.0,0.0
127662.119,3154.0,1870.0,0.0,0.0,0.0,0.0,0.0,0.0,0.0,0.0,0.0,0.0,0.0,0.0
127672.118,3154.0,1870.0,0.0,0.0,0.0,0.0,0.0,0.0,0.0,0.0,0.0,0.0,0.0,0.0
127682.119,3154.0,1874.0,0.0,0.0,0.0,0.0,0.0,0.0,6.0,0.0,0.0,0.0,0.0,0.0
127692.118,3154.0,1869.0,0.0,0.0,0.0,0.0,0.0,0.0,3.0,0.0,0.0,0.0,0.0,0.0
127702.118,3154.0,1872.0,0.0,0.0,0.0,0.0,0.0,0.0,3.0,0.0,0.0,0.0,0.0,0.0
127712.118,3154.0,1869.0,0.0,0.0,0.0,0.0,0.0,0.0,0.0,0.0,0.0,0.0,0.0,0.0
127722.118,3154.0,1869.0,0.0,0.0,0.0,0.0,0.0,0.0,4.0,0.0,0.0,0.0,0.0,0.0
127732.118,3154.0,1874.0,0.0,0.0,0.0,0.0,0.0,0.0,-1.0,0.0,0.0,0.0,0.0,0.0
127742.119,3154.0,1869.0,0.0,0.0,0.0,0.0,0.0,0.0,2.0,0.0,0.0,0.0,0.0,0.0
127752.118,3154.0,1875.0,0.0,0.0,0.0,0.0,0.0,0.0,3.0,0.0,0.0,0.0,0.0,0.0
127762.119,3154.0,1872.0,0.0,0.0,0.0,0.0,0.0,0.0,3.0,0.0,0.0,0.0,0.0,0.0
127772.118,3154.0,1872.0,0.0,0.0,0.0,0.0,0.0,0.0,1.0,0.0,0.0,0.0,0.0,0.0
127782.119,3154.0,1871.0,0.0,0.0,0.0,0.0,0.0,0.0,-1.0,0.0,0.0,0.0,0.0,0.0
127792.118,3154.0,1870.0,0.0,0.0,0.0,0.0,0.0,0.0,3.0,0.0,0.0,0.0,0.0,0.0
127802.118,3154.0,1869.0,0.0,0.0,0.0,0.0,0.0,0.0,2.0,0.0,0.0,0.0,0.0,0.0
127812.118,3154.0,1870.0,0.0,0.0,0.0,0.0,0.0,0.0,1.0,0.0,0.0,0.0,0.0,0.0
127822.119,3154.0,1872.0,0.0,0.0,0.0,0.0,0.0,0.0,2.0,0.0,0.0,0.0,0.0,0.0
127832.118,3154.0,1871.0,0.0,0.0,0.0,0.0,0.0,0.0,1.0,0.0,0.0,0.0,0.0,0.0
127842.119,3154.0,1871.0,0.0,0.0,0.0,0.0,0.0,0.0,1.0,0.0,0.0,0.0,0.0,0.0
127852.118,3154.0,1870.0,0.0,0.0,0.0,0.0,0.0,0.0,0.0,0.0,0.0,0.0,0.0,0.0
127862.118,3154.0,1869.0,0.0,0.0,0.0,0.0,0.0,0.0,3.0,0.0,0.0,0.0,0.0,0.0
127872.118,3154.0,1872.0,0.0,0.0,0.0,0.0,0.0,0.0,1.0,0.0,0.0,0.0,0.0,0.0
127882.118,3154.0,1871.0,0.0,0.0,0.0,0.0,0.0,0.0,2.0,0.0,0.0,0.0,0.0,0.0
127892.119,3154.0,1871.0,0.0,0.0,0.0,0.0,0.0,0.0,0.0,0.0,0.0,0.0,0.0,0.0
127902.118,3154.0,1871.0,0.0,0.0,0.0,0.0,0.0,0.0,1.0,0.0,0.0,0.0,0.0,0.0
127912.119,3154.0,1874.0,0.0,0.0,0.0,0.0,0.0,0.0,0.0,0.0,0.0,0.0,0.0,0.0
127922.118,3154.0,1870.0,0.0,0.0,0.0,0.0,0.0,0.0,0.0,0.0,0.0,0.0,0.0,0.0
127932.119,3154.0,1871.0,0.0,0.0,0.0,0.0,0.0,0.0,0.0,0.0,0.0,0.0,0.0,0.0
127942.118,3154.0,1874.0,0.0,0.0,0.0,0.0,0.0,0.0,3.0,0.0,0.0,0.0,0.0,0.0
127952.118,3154.0,1872.0,0.0,0.0,0.0,0.0,0.0,0.0,1.0,0.0,0.0,0.0,0.0,0.0
127962.118,3154.0,1870.0,0.0,0.0,0.0,0.0,0.0,0.0,1.0,0.0,0.0,0.0,0.0,0.0
127972.118,3154.0,1871.0,0.0,0.0,0.0,0.0,0.0,0.0,1.0,0.0,0.0,0.0,0.0,0.0
127982.119,3154.0,1869.0,0.0,0.0,0.0,0.0,0.0,0.0,2.0,0.0,0.0,0.0,0.0,0.0
127992.118,3154.0,1874.0,0.0,0.0,0.0,0.0,0.0,0.0,1.0,0.0,0.0,0.0,0.0,0.0
128002.119,3154.0,1872.0,0.0,0.0,0.0,0.0,0.0,0.0,2.0,0.0,0.0,0.0,0.0,0.0
128012.118,3154.0,1873.0,0.0,0.0,0.0,0.0,0.0,0.0,2.0,0.0,0.0,0.0,0.0,0.0
128022.118,3154.0,1869.0,0.0,0.0,0.0,0.0,0.0,0.0,2.0,0.0,0.0,0.0,0.0,0.0
128032.118,3154.0,1870.0,0.0,0.0,0.0,0.0,0.0,0.0,2.0,0.0,0.0,0.0,0.0,0.0
128042.118,3154.0,1870.0,0.0,0.0,0.0,0.0,0.0,0.0,2.0,0.0,0.0,0.0,0.0,0.0
128052.118,3154.0,1869.0,0.0,0.0,0.0,0.0,0.0,0.0,5.0,0.0,0.0,0.0,0.0,0.0
128062.119,3154.0,1873.0,0.0,0.0,0.0,0.0,0.0,0.0,1.0,0.0,0.0,0.0,0.0,0.0
128072.118,3154.0,1871.0,0.0,0.0,0.0,0.0,0.0,0.0,2.0,0.0,0.0,0.0,0.0,0.0
128082.119,3154.0,1872.0,0.0,0.0,0.0,0.0,0.0,0.0,0.0,0.0,0.0,0.0,0.0,0.0
128092.118,3154.0,1872.0,0.0,0.0,0.0,0.0,0.0,0.0,2.0,0.0,0.0,0.0,0.0,0.0
128102.119,3154.0,1873.0,0.0,0.0,0.0,0.0,0.0,0.0,3.0,0.0,0.0,0.0,0.0,0.0
128112.118,3154.0,1870.0,0.0,0.0,0.0,0.0,0.0,0.0,1.0,0.0,0.0,0.0,0.0,0.0
128122.118,3154.0,1872.0,0.0,0.0,0.0,0.0,0.0,0.0,-1.0,0.0,0.0,0.0,0.0,0.0
128132.118,3154.0,1871.0,0.0,0.0,0.0,0.0,0.0,0.0,2.0,0.0,0.0,0.0,0.0,0.0
128142.119,3154.0,1872.0,0.0,0.0,0.0,0.0,0.0,0.0,0.0,0.0,0.0,0.0,0.0,0.0
128152.118,3154.0,1872.0,0.0,0.0,0.0,0.0,0.0,0.0,0.0,0.0,0.0,0.0,0.0,0.0
128162.119,3154.0,1872.0,0.0,0.0,0.0,0.0,0.0,0.0,3.0,0.0,0.0,0.0,0.0,0.0
128172.118,3154.0,1869.0,0.0,0.0,0.0,0.0,0.0,0.0,2.0,0.0,0.0,0.0,0.0,0.0
128182.118,3154.0,1870.0,0.0,0.0,0.0,0.0,0.0,0.0,3.0,0.0,0.0,0.0,0.0,0.0
128192.118,3154.0,1871.0,0.0,0.0,0.0,0.0,0.0,0.0,4.0,0.0,0.0,0.0,0.0,0.0
128202.118,3154.0,1870.0,0.0,0.0,0.0,0.0,0.0,0.0,-1.0,0.0,0.0,0.0,0.0,0.0
128212.119,3154.0,1871.0,0.0,0.0,0.0,0.0,0.0,0.0,-1.0,0.0,0.0,0.0,0.0,0.0
128222.118,3154.0,1871.0,0.0,0.0,0.0,0.0,0.0,0.0,2.0,0.0,0.0,0.0,0.0,0.0
128232.119,3154.0,1872.0,0.0,0.0,0.0,0.0,0.0,0.0,0.0,0.0,0.0,0.0,0.0,0.0
128242.118,3154.0,1873.0,0.0,0.0,0.0,0.0,0.0,0.0,2.0,0.0,0.0,0.0,0.0,0.0
128252.119,3154.0,1870.0,0.0,0.0,0.0,0.0,0.0,0.0,2.0,0.0,0.0,0.0,0.0,0.0
128262.118,3154.0,1874.0,0.0,0.0,0.0,0.0,0.0,0.0,1.0,0.0,0.0,0.0,0.0,0.0
128272.118,3154.0,1871.0,0.0,0.0,0.0,0.0,0.0,0.0,3.0,0.0,0.0,0.0,0.0,0.0
128282.118,3154.0,1870.0,0.0,0.0,0.0,0.0,0.0,0.0,0.0,0.0,0.0,0.0,0.0,0.0
128292.118,3154.0,1872.0,0.0,0.0,0.0,0.0,0.0,0.0,4.0,0.0,0.0,0.0,0.0,0.0
128302.119,3154.0,1871.0,0.0,0.0,0.0,0.0,0.0,0.0,3.0,0.0,0.0,0.0,0.0,0.0
128312.118,3154.0,1872.0,0.0,0.0,0.0,0.0,0.0,0.0,5.0,0.0,0.0,0.0,0.0,0.0
128322.119,3154.0,1871.0,0.0,0.0,0.0,0.0,0.0,0.0,1.0,0.0,0.0,0.0,0.0,0.0
128332.118,3154.0,1871.0,0.0,0.0,0.0,0.0,0.0,0.0,3.0,0.0,0.0,0.0,0.0,0.0
128342.118,3154.0,1871.0,0.0,0.0,0.0,0.0,0.0,0.0,0.0,0.0,0.0,0.0,0.0,0.0
128352.118,3154.0,1870.0,0.0,0.0,0.0,0.0,0.0,0.0,2.0,0.0,0.0,0.0,0.0,0.0
128362.118,3154.0,1871.0,0.0,0.0,0.0,0.0,0.0,0.0,0.0,0.0,0.0,0.0,0.0,0.0
128372.118,3154.0,1871.0,0.0,0.0,0.0,0.0,0.0,0.0,2.0,0.0,0.0,0.0,0.0,0.0
128382.119,3154.0,1868.0,0.0,0.0,0.0,0.0,0.0,0.0,3.0,0.0,0.0,0.0,0.0,0.0
128392.118,3154.0,1869.0,0.0,0.0,0.0,0.0,0.0,0.0,0.0,0.0,0.0,0.0,0.0,0.0
128402.119,3154.0,1872.0,0.0,0.0,0.0,0.0,0.0,0.0,4.0,0.0,0.0,0.0,0.0,0.0
128412.118,3154.0,1870.0,0.0,0.0,0.0,0.0,0.0,0.0,1.0,0.0,0.0,0.0,0.0,0.0
128422.119,3154.0,1870.0,0.0,0.0,0.0,0.0,0.0,0.0,2.0,0.0,0.0,0.0,0.0,0.0
128432.118,3154.0,1874.0,0.0,0.0,0.0,0.0,0.0,0.0,2.0,0.0,0.0,0.0,0.0,0.0
128442.118,3154.0,1872.0,0.0,0.0,0.0,0.0,0.0,0.0,1.0,0.0,0.0,0.0,0.0,0.0
128452.118,3154.0,1868.0,0.0,0.0,0.0,0.0,0.0,0.0,2.0,0.0,0.0,0.0,0.0,0.0
128462.119,3154.0,1870.0,0.0,0.0,0.0,0.0,0.0,0.0,1.0,0.0,0.0,0.0,0.0,0.0
128472.118,3154.0,1870.0,0.0,0.0,0.0,0.0,0.0,0.0,1.0,0.0,0.0,0.0,0.0,0.0
128482.119,3154.0,1874.0,0.0,0.0,0.0,0.0,0.0,0.0,1.0,0.0,0.0,0.0,0.0,0.0
128492.118,3154.0,1869.0,0.0,0.0,0.0,0.0,0.0,0.0,1.0,0.0,0.0,0.0,0.0,0.0
128502.118,3154.0,1869.0,0.0,0.0,0.0,0.0,0.0,0.0,3.0,0.0,0.0,0.0,0.0,0.0
128512.118,3154.0,1870.0,0.0,0.0,0.0,0.0,0.0,0.0,1.0,0.0,0.0,0.0,0.0,0.0
128522.118,3154.0,1871.0,0.0,0.0,0.0,0.0,0.0,0.0,3.0,0.0,0.0,0.0,0.0,0.0
128532.119,3154.0,1870.0,0.0,0.0,0.0,0.0,0.0,0.0,4.0,0.0,0.0,0.0,0.0,0.0
128542.118,3154.0,1872.0,0.0,0.0,0.0,0.0,0.0,0.0,2.0,0.0,0.0,0.0,0.0,0.0
128552.119,3154.0,1872.0,0.0,0.0,0.0,0.0,0.0,0.0,0.0,0.0,0.0,0.0,0.0,0.0
128562.118,3154.0,1867.0,0.0,0.0,0.0,0.0,0.0,0.0,4.0,0.0,0.0,0.0,0.0,0.0
128572.119,3154.0,1871.0,0.0,0.0,0.0,0.0,0.0,0.0,1.0,0.0,0.0,0.0,0.0,0.0
128582.118,3154.0,1872.0,0.0,0.0,0.0,0.0,0.0,0.0,3.0,0.0,0.0,0.0,0.0,0.0
128592.118,3154.0,1873.0,0.0,0.0,0.0,0.0,0.0,0.0,2.0,0.0,0.0,0.0,0.0,0.0
128602.118,3154.0,1869.0,0.0,0.0,0.0,0.0,0.0,0.0,2.0,0.0,0.0,0.0,0.0,0.0
128612.118,3154.0,1869.0,0.0,0.0,0.0,0.0,0.0,0.0,1.0,0.0,0.0,0.0,0.0,0.0
128622.119,3154.0,1872.0,0.0,0.0,0.0,0.0,0.0,0.0,4.0,0.0,0.0,0.0,0.0,0.0
128632.118,3154.0,1872.0,0.0,0.0,0.0,0.0,0.0,0.0,2.0,0.0,0.0,0.0,0.0,0.0
128642.119,3154.0,1871.0,0.0,0.0,0.0,0.0,0.0,0.0,0.0,0.0,0.0,0.0,0.0,0.0
128652.118,3154.0,1868.0,0.0,0.0,0.0,0.0,0.0,0.0,0.0,0.0,0.0,0.0,0.0,0.0
128662.118,3154.0,1869.0,0.0,0.0,0.0,0.0,0.0,0.0,6.0,0.0,0.0,0.0,0.0,0.0
128672.118,3154.0,1871.0,0.0,0.0,0.0,0.0,0.0,0.0,1.0,0.0,0.0,0.0,0.0,0.0
128682.118,3154.0,1869.0,0.0,0.0,0.0,0.0,0.0,0.0,2.0,0.0,0.0,0.0,0.0,0.0
128692.118,3154.0,1873.0,0.0,0.0,0.0,0.0,0.0,0.0,0.0,0.0,0.0,0.0,0.0,0.0
128702.119,3154.0,1871.0,0.0,0.0,0.0,0.0,0.0,0.0,0.0,0.0,0.0,0.0,0.0,0.0
128712.118,3154.0,1874.0,0.0,0.0,0.0,0.0,0.0,0.0,4.0,0.0,0.0,0.0,0.0,0.0
128722.119,3154.0,1867.0,0.0,0.0,0.0,0.0,0.0,0.0,4.0,0.0,0.0,0.0,0.0,0.0
128732.118,3154.0,1870.0,0.0,0.0,0.0,0.0,0.0,0.0,0.0,0.0,0.0,0.0,0.0,0.0
128742.119,3154.0,1870.0,0.0,0.0,0.0,0.0,0.0,0.0,0.0,0.0,0.0,0.0,0.0,0.0
128752.118,3154.0,1869.0,0.0,0.0,0.0,0.0,0.0,0.0,5.0,0.0,0.0,0.0,0.0,0.0
128762.118,3154.0,1869.0,0.0,0.0,0.0,0.0,0.0,0.0,2.0,0.0,0.0,0.0,0.0,0.0
128772.118,3154.0,1871.0,0.0,0.0,0.0,0.0,0.0,0.0,2.0,0.0,0.0,0.0,0.0,0.0
128782.119,3154.0,1870.0,0.0,0.0,0.0,0.0,0.0,0.0,2.0,0.0,0.0,0.0,0.0,0.0
128792.118,3154.0,1871.0,0.0,0.0,0.0,0.0,0.0,0.0,3.0,0.0,0.0,0.0,0.0,0.0
128802.119,3154.0,1870.0,0.0,0.0,0.0,0.0,0.0,0.0,2.0,0.0,0.0,0.0,0.0,0.0
128812.118,3154.0,1869.0,0.0,0.0,0.0,0.0,0.0,0.0,-1.0,0.0,0.0,0.0,0.0,0.0
128822.118,3154.0,1872.0,0.0,0.0,0.0,0.0,0.0,0.0,3.0,0.0,0.0,0.0,0.0,0.0
128832.118,3154.0,1871.0,0.0,0.0,0.0,0.0,0.0,0.0,0.0,0.0,0.0,0.0,0.0,0.0
128842.118,3154.0,1871.0,0.0,0.0,0.0,0.0,0.0,0.0,1.0,0.0,0.0,0.0,0.0,0.0
128852.119,3154.0,1871.0,0.0,0.0,0.0,0.0,0.0,0.0,2.0,0.0,0.0,0.0,0.0,0.0
128862.118,3154.0,1870.0,0.0,0.0,0.0,0.0,0.0,0.0,3.0,0.0,0.0,0.0,0.0,0.0
128872.119,3154.0,1872.0,0.0,0.0,0.0,0.0,0.0,0.0,0.0,0.0,0.0,0.0,0.0,0.0
128882.118,3154.0,1872.0,0.0,0.0,0.0,0.0,0.0,0.0,3.0,0.0,0.0,0.0,0.0,0.0
128892.119,3154.0,1874.0,0.0,0.0,0.0,0.0,0.0,0.0,3.0,0.0,0.0,0.0,0.0,0.0
128902.118,3154.0,1869.0,0.0,0.0,0.0,0.0,0.0,0.0,2.0,0.0,0.0,0.0,0.0,0.0
128912.118,3154.0,1870.0,0.0,0.0,0.0,0.0,0.0,0.0,0.0,0.0,0.0,0.0,0.0,0.0
128922.118,3154.0,1870.0,0.0,0.0,0.0,0.0,0.0,0.0,3.0,0.0,0.0,0.0,0.0,0.0
128932.118,3154.0,1871.0,0.0,0.0,0.0,0.0,0.0,0.0,-2.0,0.0,0.0,0.0,0.0,0.0
128942.119,3154.0,1871.0,0.0,0.0,0.0,0.0,0.0,0.0,0.0,0.0,0.0,0.0,0.0,0.0
128952.118,3154.0,1873.0,0.0,0.0,0.0,0.0,0.0,0.0,2.0,0.0,0.0,0.0,0.0,0.0
128962.119,3154.0,1870.0,0.0,0.0,0.0,0.0,0.0,0.0,-2.0,0.0,0.0,0.0,0.0,0.0
128972.118,3154.0,1869.0,0.0,0.0,0.0,0.0,0.0,0.0,2.0,0.0,0.0,0.0,0.0,0.0
128982.118,3154.0,1873.0,0.0,0.0,0.0,0.0,0.0,0.0,4.0,0.0,0.0,0.0,0.0,0.0
128992.118,3154.0,1872.0,0.0,0.0,0.0,0.0,0.0,0.0,1.0,0.0,0.0,0.0,0.0,0.0
129002.118,3154.0,1871.0,0.0,0.0,0.0,0.0,0.0,0.0,2.0,0.0,0.0,0.0,0.0,0.0
129012.118,3154.0,1870.0,0.0,0.0,0.0,0.0,0.0,0.0,-2.0,0.0,0.0,0.0,0.0,0.0
129022.119,3154.0,1872.0,0.0,0.0,0.0,0.0,0.0,0.0,2.0,0.0,0.0,0.0,0.0,0.0
129032.118,3154.0,1868.0,0.0,0.0,0.0,0.0,0.0,0.0,0.0,0.0,0.0,0.0,0.0,0.0
129042.119,3154.0,1872.0,0.0,0.0,0.0,0.0,0.0,0.0,3.0,0.0,0.0,0.0,0.0,0.0
129052.118,3154.0,1868.0,0.0,0.0,0.0,0.0,0.0,0.0,2.0,0.0,0.0,0.0,0.0,0.0
129062.119,3154.0,1870.0,0.0,0.0,0.0,0.0,0.0,0.0,1.0,0.0,0.0,0.0,0.0,0.0
129072.118,3154.0,1872.0,0.0,0.0,0.0,0.0,0.0,0.0,2.0,0.0,0.0,0.0,0.0,0.0
129082.118,3154.0,1869.0,0.0,0.0,0.0,0.0,0.0,0.0,1.0,0.0,0.0,0.0,0.0,0.0
129092.118,3154.0,1874.0,0.0,0.0,0.0,0.0,0.0,0.0,1.0,0.0,0.0,0.0,0.0,0.0
129102.119,3154.0,1871.0,0.0,0.0,0.0,0.0,0.0,0.0,0.0,0.0,0.0,0.0,0.0,0.0
129112.118,3154.0,1871.0,0.0,0.0,0.0,0.0,0.0,0.0,0.0,0.0,0.0,0.0,0.0,0.0
129122.119,3154.0,1874.0,0.0,0.0,0.0,0.0,0.0,0.0,3.0,0.0,0.0,0.0,0.0,0.0
129132.118,3154.0,1874.0,0.0,0.0,0.0,0.0,0.0,0.0,0.0,0.0,0.0,0.0,0.0,0.0
129142.118,3154.0,1870.0,0.0,0.0,0.0,0.0,0.0,0.0,1.0,0.0,0.0,0.0,0.0,0.0
129152.118,3154.0,1870.0,0.0,0.0,0.0,0.0,0.0,0.0,3.0,0.0,0.0,0.0,0.0,0.0
129162.118,3154.0,1873.0,0.0,0.0,0.0,0.0,0.0,0.0,3.0,0.0,0.0,0.0,0.0,0.0
129172.119,3154.0,1871.0,0.0,0.0,0.0,0.0,0.0,0.0,1.0,0.0,0.0,0.0,0.0,0.0
129182.118,3154.0,1873.0,0.0,0.0,0.0,0.0,0.0,0.0,2.0,0.0,0.0,0.0,0.0,0.0
129192.119,3154.0,1870.0,0.0,0.0,0.0,0.0,0.0,0.0,5.0,0.0,0.0,0.0,0.0,0.0
129202.118,3154.0,1872.0,0.0,0.0,0.0,0.0,0.0,0.0,1.0,0.0,0.0,0.0,0.0,0.0
129212.119,3154.0,1872.0,0.0,0.0,0.0,0.0,0.0,0.0,2.0,0.0,0.0,0.0,0.0,0.0
129222.118,3154.0,1872.0,0.0,0.0,0.0,0.0,0.0,0.0,-3.0,0.0,0.0,0.0,0.0,0.0
129232.118,3154.0,1871.0,0.0,0.0,0.0,0.0,0.0,0.0,3.0,0.0,0.0,0.0,0.0,0.0
129242.118,3154.0,1870.0,0.0,0.0,0.0,0.0,0.0,0.0,0.0,0.0,0.0,0.0,0.0,0.0
129252.118,3154.0,1872.0,0.0,0.0,0.0,0.0,0.0,0.0,2.0,0.0,0.0,0.0,0.0,0.0
129262.119,3154.0,1874.0,0.0,0.0,0.0,0.0,0.0,0.0,3.0,0.0,0.0,0.0,0.0,0.0
129272.118,3154.0,1871.0,0.0,0.0,0.0,0.0,0.0,0.0,-1.0,0.0,0.0,0.0,0.0,0.0
129282.119,3154.0,1870.0,0.0,0.0,0.0,0.0,0.0,0.0,2.0,0.0,0.0,0.0,0.0,0.0
129292.118,3154.0,1871.0,0.0,0.0,0.0,0.0,0.0,0.0,0.0,0.0,0.0,0.0,0.0,0.0
129302.118,3154.0,1870.0,0.0,0.0,0.0,0.0,0.0,0.0,3.0,0.0,0.0,0.0,0.0,0.0
129312.118,3154.0,1869.0,0.0,0.0,0.0,0.0,0.0,0.0,2.0,0.0,0.0,0.0,0.0,0.0
129322.118,3154.0,1870.0,0.0,0.0,0.0,0.0,0.0,0.0,0.0,0.0,0.0,0.0,0.0,0.0
129332.118,3154.0,1870.0,0.0,0.0,0.0,0.0,0.0,0.0,0.0,0.0,0.0,0.0,0.0,0.0
129342.119,3154.0,1871.0,0.0,0.0,0.0,0.0,0.0,0.0,0.0,0.0,0.0,0.0,0.0,0.0
129352.118,3154.0,1870.0,0.0,0.0,0.0,0.0,0.0,0.0,4.0,0.0,0.0,0.0,0.0,0.0
129362.119,3154.0,1870.0,0.0,0.0,0.0,0.0,0.0,0.0,3.0,0.0,0.0,0.0,0.0,0.0
129372.118,3154.0,1870.0,0.0,0.0,0.0,0.0,0.0,0.0,1.0,0.0,0.0,0.0,0.0,0.0
129382.119,3154.0,1873.0,0.0,0.0,0.0,0.0,0.0,0.0,2.0,0.0,0.0,0.0,0.0,0.0
129392.118,3154.0,1871.0,0.0,0.0,0.0,0.0,0.0,0.0,1.0,0.0,0.0,0.0,0.0,0.0
129402.118,3154.0,1869.0,0.0,0.0,0.0,0.0,0.0,0.0,3.0,0.0,0.0,0.0,0.0,0.0
129412.118,3154.0,1871.0,0.0,0.0,0.0,0.0,0.0,0.0,3.0,0.0,0.0,0.0,0.0,0.0
129422.119,3154.0,1870.0,0.0,0.0,0.0,0.0,0.0,0.0,1.0,0.0,0.0,0.0,0.0,0.0
129432.118,3154.0,1869.0,0.0,0.0,0.0,0.0,0.0,0.0,2.0,0.0,0.0,0.0,0.0,0.0
129442.119,3154.0,1870.0,0.0,0.0,0.0,0.0,0.0,0.0,2.0,0.0,0.0,0.0,0.0,0.0
129452.118,3154.0,1872.0,0.0,0.0,0.0,0.0,0.0,0.0,3.0,0.0,0.0,0.0,0.0,0.0
129462.118,3154.0,1868.0,0.0,0.0,0.0,0.0,0.0,0.0,2.0,0.0,0.0,0.0,0.0,0.0
129472.118,3154.0,1871.0,0.0,0.0,0.0,0.0,0.0,0.0,4.0,0.0,0.0,0.0,0.0,0.0
129482.118,3154.0,1871.0,0.0,0.0,0.0,0.0,0.0,0.0,3.0,0.0,0.0,0.0,0.0,0.0
129492.119,3154.0,1870.0,0.0,0.0,0.0,0.0,0.0,0.0,1.0,0.0,0.0,0.0,0.0,0.0
129502.118,3154.0,1870.0,0.0,0.0,0.0,0.0,0.0,0.0,1.0,0.0,0.0,0.0,0.0,0.0
129512.119,3154.0,1873.0,0.0,0.0,0.0,0.0,0.0,0.0,3.0,0.0,0.0,0.0,0.0,0.0
129522.118,3154.0,1870.0,0.0,0.0,0.0,0.0,0.0,0.0,2.0,0.0,0.0,0.0,0.0,0.0
129532.119,3154.0,1872.0,0.0,0.0,0.0,0.0,0.0,0.0,1.0,0.0,0.0,0.0,0.0,0.0
129542.118,3154.0,1868.0,0.0,0.0,0.0,0.0,0.0,0.0,3.0,0.0,0.0,0.0,0.0,0.0
129552.118,3154.0,1872.0,0.0,0.0,0.0,0.0,0.0,0.0,-1.0,0.0,0.0,0.0,0.0,0.0
129562.118,3154.0,1869.0,0.0,0.0,0.0,0.0,0.0,0.0,1.0,0.0,0.0,0.0,0.0,0.0
129572.118,3154.0,1870.0,0.0,0.0,0.0,0.0,0.0,0.0,1.0,0.0,0.0,0.0,0.0,0.0
129582.119,3154.0,1871.0,0.0,0.0,0.0,0.0,0.0,0.0,3.0,0.0,0.0,0.0,0.0,0.0
129592.118,3154.0,1870.0,0.0,0.0,0.0,0.0,0.0,0.0,1.0,0.0,0.0,0.0,0.0,0.0
129602.119,3154.0,1872.0,0.0,0.0,0.0,0.0,0.0,0.0,0.0,0.0,0.0,0.0,0.0,0.0
129612.118,3154.0,1870.0,0.0,0.0,0.0,0.0,0.0,0.0,4.0,0.0,0.0,0.0,0.0,0.0
129622.118,3154.0,1868.0,0.0,0.0,0.0,0.0,0.0,0.0,3.0,0.0,0.0,0.0,0.0,0.0
129632.118,3154.0,1869.0,0.0,0.0,0.0,0.0,0.0,0.0,1.0,0.0,0.0,0.0,0.0,0.0
129642.118,3154.0,1871.0,0.0,0.0,0.0,0.0,0.0,0.0,1.0,0.0,0.0,0.0,0.0,0.0
129652.118,3154.0,1870.0,0.0,0.0,0.0,0.0,0.0,0.0,2.0,0.0,0.0,0.0,0.0,0.0
129662.119,3154.0,1870.0,0.0,0.0,0.0,0.0,0.0,0.0,2.0,0.0,0.0,0.0,0.0,0.0
129672.118,3154.0,1871.0,0.0,0.0,0.0,0.0,0.0,0.0,3.0,0.0,0.0,0.0,0.0,0.0
129682.119,3154.0,1871.0,0.0,0.0,0.0,0.0,0.0,0.0,0.0,0.0,0.0,0.0,0.0,0.0
129692.118,3154.0,1873.0,0.0,0.0,0.0,0.0,0.0,0.0,1.0,0.0,0.0,0.0,0.0,0.0
129702.119,3154.0,1872.0,0.0,0.0,0.0,0.0,0.0,0.0,1.0,0.0,0.0,0.0,0.0,0.0
129712.118,3154.0,1870.0,0.0,0.0,0.0,0.0,0.0,0.0,2.0,0.0,0.0,0.0,0.0,0.0
129722.118,3154.0,1872.0,0.0,0.0,0.0,0.0,0.0,0.0,0.0,0.0,0.0,0.0,0.0,0.0
129732.118,3154.0,1874.0,0.0,0.0,0.0,0.0,0.0,0.0,2.0,0.0,0.0,0.0,0.0,0.0
129742.119,3154.0,1871.0,0.0,0.0,0.0,0.0,0.0,0.0,2.0,0.0,0.0,0.0,0.0,0.0
129752.118,3154.0,1869.0,0.0,0.0,0.0,0.0,0.0,0.0,0.0,0.0,0.0,0.0,0.0,0.0
129762.119,3154.0,1872.0,0.0,0.0,0.0,0.0,0.0,0.0,-1.0,0.0,0.0,0.0,0.0,0.0
129772.118,3154.0,1871.0,0.0,0.0,0.0,0.0,0.0,0.0,-1.0,0.0,0.0,0.0,0.0,0.0
129782.118,3154.0,1871.0,0.0,0.0,0.0,0.0,0.0,0.0,0.0,0.0,0.0,0.0,0.0,0.0
129792.118,3154.0,1871.0,0.0,0.0,0.0,0.0,0.0,0.0,1.0,0.0,0.0,0.0,0.0,0.0
129802.118,3154.0,1872.0,0.0,0.0,0.0,0.0,0.0,0.0,1.0,0.0,0.0,0.0,0.0,0.0
129812.119,3154.0,1871.0,0.0,0.0,0.0,0.0,0.0,0.0,3.0,0.0,0.0,0.0,0.0,0.0
129822.118,3154.0,1873.0,0.0,0.0,0.0,0.0,0.0,0.0,1.0,0.0,0.0,0.0,0.0,0.0
129832.119,3154.0,1871.0,0.0,0.0,0.0,0.0,0.0,0.0,2.0,0.0,0.0,0.0,0.0,0.0
129842.118,3154.0,1872.0,0.0,0.0,0.0,0.0,0.0,0.0,0.0,0.0,0.0,0.0,0.0,0.0
129852.119,3154.0,1871.0,0.0,0.0,0.0,0.0,0.0,0.0,3.0,0.0,0.0,0.0,0.0,0.0
129862.118,3154.0,1873.0,0.0,0.0,0.0,0.0,0.0,0.0,-2.0,0.0,0.0,0.0,0.0,0.0
129872.118,3154.0,1870.0,0.0,0.0,0.0,0.0,0.0,0.0,2.0,0.0,0.0,0.0,0.0,0.0
129882.118,3154.0,1870.0,0.0,0.0,0.0,0.0,0.0,0.0,4.0,0.0,0.0,0.0,0.0,0.0
129892.118,3154.0,1871.0,0.0,0.0,0.0,0.0,0.0,0.0,5.0,0.0,0.0,0.0,0.0,0.0
129902.119,3154.0,1871.0,0.0,0.0,0.0,0.0,0.0,0.0,3.0,0.0,0.0,0.0,0.0,0.0
129912.118,3154.0,1871.0,0.0,0.0,0.0,0.0,0.0,0.0,-2.0,0.0,0.0,0.0,0.0,0.0
129922.119,3154.0,1871.0,0.0,0.0,0.0,0.0,0.0,0.0,1.0,0.0,0.0,0.0,0.0,0.0
129932.118,3154.0,1870.0,0.0,0.0,0.0,0.0,0.0,0.0,4.0,0.0,0.0,0.0,0.0,0.0
129942.118,3154.0,1871.0,0.0,0.0,0.0,0.0,0.0,0.0,0.0,0.0,0.0,0.0,0.0,0.0
129952.118,3154.0,1871.0,0.0,0.0,0.0,0.0,0.0,0.0,2.0,0.0,0.0,0.0,0.0,0.0
129962.118,3154.0,1870.0,0.0,0.0,0.0,0.0,0.0,0.0,0.0,0.0,0.0,0.0,0.0,0.0
129972.118,3154.0,1872.0,0.0,0.0,0.0,0.0,0.0,0.0,3.0,0.0,0.0,0.0,0.0,0.0
129982.119,3154.0,1872.0,0.0,0.0,0.0,0.0,0.0,0.0,3.0,0.0,0.0,0.0,0.0,0.0
129992.118,3154.0,1872.0,0.0,0.0,0.0,0.0,0.0,0.0,3.0,0.0,0.0,0.0,0.0,0.0
130002.119,3154.0,1872.0,0.0,0.0,0.0,0.0,0.0,0.0,3.0,0.0,0.0,0.0,0.0,0.0
130012.118,3154.0,1871.0,0.0,0.0,0.0,0.0,0.0,0.0,1.0,0.0,0.0,0.0,0.0,0.0
130022.119,3154.0,1873.0,0.0,0.0,0.0,0.0,0.0,0.0,-1.0,0.0,0.0,0.0,0.0,0.0
130032.118,3154.0,1870.0,0.0,0.0,0.0,0.0,0.0,0.0,1.0,0.0,0.0,0.0,0.0,0.0
130042.118,3154.0,1871.0,0.0,0.0,0.0,0.0,0.0,0.0,3.0,0.0,0.0,0.0,0.0,0.0
130052.118,3154.0,1871.0,0.0,0.0,0.0,0.0,0.0,0.0,-1.0,0.0,0.0,0.0,0.0,0.0
130062.119,3154.0,1870.0,0.0,0.0,0.0,0.0,0.0,0.0,2.0,0.0,0.0,0.0,0.0,0.0
130072.118,3154.0,1873.0,0.0,0.0,0.0,0.0,0.0,0.0,3.0,0.0,0.0,0.0,0.0,0.0
130082.119,3154.0,1872.0,0.0,0.0,0.0,0.0,0.0,0.0,4.0,0.0,0.0,0.0,0.0,0.0
130092.118,3154.0,1870.0,0.0,0.0,0.0,0.0,0.0,0.0,1.0,0.0,0.0,0.0,0.0,0.0
130102.118,3154.0,1869.0,0.0,0.0,0.0,0.0,0.0,0.0,0.0,0.0,0.0,0.0,0.0,0.0
130112.118,3154.0,1870.0,0.0,0.0,0.0,0.0,0.0,0.0,1.0,0.0,0.0,0.0,0.0,0.0
130122.118,3154.0,1871.0,0.0,0.0,0.0,0.0,0.0,0.0,-1.0,0.0,0.0,0.0,0.0,0.0
130132.119,3154.0,1872.0,0.0,0.0,0.0,0.0,0.0,0.0,1.0,0.0,0.0,0.0,0.0,0.0
130142.118,3154.0,1870.0,0.0,0.0,0.0,0.0,0.0,0.0,2.0,0.0,0.0,0.0,0.0,0.0
130152.119,3154.0,1870.0,0.0,0.0,0.0,0.0,0.0,0.0,2.0,0.0,0.0,0.0,0.0,0.0
130162.118,3154.0,1872.0,0.0,0.0,0.0,0.0,0.0,0.0,2.0,0.0,0.0,0.0,0.0,0.0
130172.119,3154.0,1869.0,0.0,0.0,0.0,0.0,0.0,0.0,2.0,0.0,0.0,0.0,0.0,0.0
130182.118,3154.0,1873.0,0.0,0.0,0.0,0.0,0.0,0.0,1.0,0.0,0.0,0.0,0.0,0.0
130192.118,3154.0,1873.0,0.0,0.0,0.0,0.0,0.0,0.0,3.0,0.0,0.0,0.0,0.0,0.0
130202.118,3154.0,1870.0,0.0,0.0,0.0,0.0,0.0,0.0,0.0,0.0,0.0,0.0,0.0,0.0
130212.118,3154.0,1871.0,0.0,0.0,0.0,0.0,0.0,0.0,2.0,0.0,0.0,0.0,0.0,0.0
130222.119,3154.0,1871.0,0.0,0.0,0.0,0.0,0.0,0.0,2.0,0.0,0.0,0.0,0.0,0.0
130232.118,3154.0,1872.0,0.0,0.0,0.0,0.0,0.0,0.0,1.0,0.0,0.0,0.0,0.0,0.0
130242.119,3154.0,1872.0,0.0,0.0,0.0,0.0,0.0,0.0,2.0,0.0,0.0,0.0,0.0,0.0
130252.118,3154.0,1871.0,0.0,0.0,0.0,0.0,0.0,0.0,3.0,0.0,0.0,0.0,0.0,0.0
130262.118,3154.0,1872.0,0.0,0.0,0.0,0.0,0.0,0.0,1.0,0.0,0.0,0.0,0.0,0.0
130272.118,3154.0,1869.0,0.0,0.0,0.0,0.0,0.0,0.0,0.0,0.0,0.0,0.0,0.0,0.0
130282.118,3154.0,1871.0,0.0,0.0,0.0,0.0,0.0,0.0,0.0,0.0,0.0,0.0,0.0,0.0
130292.118,3154.0,1870.0,0.0,0.0,0.0,0.0,0.0,0.0,4.0,0.0,0.0,0.0,0.0,0.0
130302.119,3154.0,1871.0,0.0,0.0,0.0,0.0,0.0,0.0,1.0,0.0,0.0,0.0,0.0,0.0
130312.118,3154.0,1870.0,0.0,0.0,0.0,0.0,0.0,0.0,2.0,0.0,0.0,0.0,0.0,0.0
130322.119,3154.0,1870.0,0.0,0.0,0.0,0.0,0.0,0.0,0.0,0.0,0.0,0.0,0.0,0.0
130332.118,3154.0,1872.0,0.0,0.0,0.0,0.0,0.0,0.0,1.0,0.0,0.0,0.0,0.0,0.0
130342.119,3154.0,1872.0,0.0,0.0,0.0,0.0,0.0,0.0,4.0,0.0,0.0,0.0,0.0,0.0
130352.118,3154.0,1868.0,0.0,0.0,0.0,0.0,0.0,0.0,1.0,0.0,0.0,0.0,0.0,0.0
130362.118,3154.0,1870.0,0.0,0.0,0.0,0.0,0.0,0.0,0.0,0.0,0.0,0.0,0.0,0.0
130372.118,3154.0,1871.0,0.0,0.0,0.0,0.0,0.0,0.0,1.0,0.0,0.0,0.0,0.0,0.0
130382.119,3154.0,1871.0,0.0,0.0,0.0,0.0,0.0,0.0,0.0,0.0,0.0,0.0,0.0,0.0
130392.118,3154.0,1870.0,0.0,0.0,0.0,0.0,0.0,0.0,0.0,0.0,0.0,0.0,0.0,0.0
130402.119,3154.0,1872.0,0.0,0.0,0.0,0.0,0.0,0.0,-1.0,0.0,0.0,0.0,0.0,0.0
130412.118,3154.0,1870.0,0.0,0.0,0.0,0.0,0.0,0.0,2.0,0.0,0.0,0.0,0.0,0.0
130422.118,3154.0,1871.0,0.0,0.0,0.0,0.0,0.0,0.0,1.0,0.0,0.0,0.0,0.0,0.0
130432.118,3154.0,1868.0,0.0,0.0,0.0,0.0,0.0,0.0,1.0,0.0,0.0,0.0,0.0,0.0
130442.118,3154.0,1874.0,0.0,0.0,0.0,0.0,0.0,0.0,1.0,0.0,0.0,0.0,0.0,0.0
130452.119,3154.0,1872.0,0.0,0.0,0.0,0.0,0.0,0.0,3.0,0.0,0.0,0.0,0.0,0.0
130462.118,3154.0,1870.0,0.0,0.0,0.0,0.0,0.0,0.0,3.0,0.0,0.0,0.0,0.0,0.0
130472.119,3154.0,1872.0,0.0,0.0,0.0,0.0,0.0,0.0,0.0,0.0,0.0,0.0,0.0,0.0
130482.118,3154.0,1872.0,0.0,0.0,0.0,0.0,0.0,0.0,-2.0,0.0,0.0,0.0,0.0,0.0
130492.119,3154.0,1872.0,0.0,0.0,0.0,0.0,0.0,0.0,0.0,0.0,0.0,0.0,0.0,0.0
130502.118,3154.0,1867.0,0.0,0.0,0.0,0.0,0.0,0.0,2.0,0.0,0.0,0.0,0.0,0.0
130512.118,3154.0,1872.0,0.0,0.0,0.0,0.0,0.0,0.0,4.0,0.0,0.0,0.0,0.0,0.0
130522.118,3154.0,1871.0,0.0,0.0,0.0,0.0,0.0,0.0,1.0,0.0,0.0,0.0,0.0,0.0
130532.118,3154.0,1871.0,0.0,0.0,0.0,0.0,0.0,0.0,2.0,0.0,0.0,0.0,0.0,0.0
130542.119,3154.0,1875.0,0.0,0.0,0.0,0.0,0.0,0.0,1.0,0.0,0.0,0.0,0.0,0.0
130552.118,3154.0,1872.0,0.0,0.0,0.0,0.0,0.0,0.0,2.0,0.0,0.0,0.0,0.0,0.0
130562.119,3154.0,1871.0,0.0,0.0,0.0,0.0,0.0,0.0,-1.0,0.0,0.0,0.0,0.0,0.0
130572.118,3154.0,1873.0,0.0,0.0,0.0,0.0,0.0,0.0,2.0,0.0,0.0,0.0,0.0,0.0
130582.118,3154.0,1869.0,0.0,0.0,0.0,0.0,0.0,0.0,-1.0,0.0,0.0,0.0,0.0,0.0
130592.118,3154.0,1875.0,0.0,0.0,0.0,0.0,0.0,0.0,2.0,0.0,0.0,0.0,0.0,0.0
130602.118,3154.0,1871.0,0.0,0.0,0.0,0.0,0.0,0.0,2.0,0.0,0.0,0.0,0.0,0.0
130612.118,3154.0,1872.0,0.0,0.0,0.0,0.0,0.0,0.0,2.0,0.0,0.0,0.0,0.0,0.0
130622.119,3154.0,1870.0,0.0,0.0,0.0,0.0,0.0,0.0,2.0,0.0,0.0,0.0,0.0,0.0
130632.118,3154.0,1872.0,0.0,0.0,0.0,0.0,0.0,0.0,2.0,0.0,0.0,0.0,0.0,0.0
130642.119,3154.0,1873.0,0.0,0.0,0.0,0.0,0.0,0.0,2.0,0.0,0.0,0.0,0.0,0.0
130652.118,3154.0,1869.0,0.0,0.0,0.0,0.0,0.0,0.0,4.0,0.0,0.0,0.0,0.0,0.0
130662.119,3154.0,1869.0,0.0,0.0,0.0,0.0,0.0,0.0,0.0,0.0,0.0,0.0,0.0,0.0
130672.118,3154.0,1871.0,0.0,0.0,0.0,0.0,0.0,0.0,3.0,0.0,0.0,0.0,0.0,0.0
130682.118,3154.0,1870.0,0.0,0.0,0.0,0.0,0.0,0.0,3.0,0.0,0.0,0.0,0.0,0.0
130692.118,3154.0,1869.0,0.0,0.0,0.0,0.0,0.0,0.0,2.0,0.0,0.0,0.0,0.0,0.0
130702.119,3154.0,1874.0,0.0,0.0,0.0,0.0,0.0,0.0,0.0,0.0,0.0,0.0,0.0,0.0
130712.118,3154.0,1872.0,0.0,0.0,0.0,0.0,0.0,0.0,1.0,0.0,0.0,0.0,0.0,0.0
130722.119,3154.0,1871.0,0.0,0.0,0.0,0.0,0.0,0.0,3.0,0.0,0.0,0.0,0.0,0.0
130732.118,3154.0,1870.0,0.0,0.0,0.0,0.0,0.0,0.0,3.0,0.0,0.0,0.0,0.0,0.0
130742.118,3154.0,1870.0,0.0,0.0,0.0,0.0,0.0,0.0,0.0,0.0,0.0,0.0,0.0,0.0
130752.118,3154.0,1869.0,0.0,0.0,0.0,0.0,0.0,0.0,2.0,0.0,0.0,0.0,0.0,0.0
130762.118,3154.0,1868.0,0.0,0.0,0.0,0.0,0.0,0.0,3.0,0.0,0.0,0.0,0.0,0.0
130772.119,3154.0,1870.0,0.0,0.0,0.0,0.0,0.0,0.0,2.0,0.0,0.0,0.0,0.0,0.0
130782.118,3154.0,1870.0,0.0,0.0,0.0,0.0,0.0,0.0,3.0,0.0,0.0,0.0,0.0,0.0
130792.119,3154.0,1872.0,0.0,0.0,0.0,0.0,0.0,0.0,2.0,0.0,0.0,0.0,0.0,0.0
130802.118,3154.0,1868.0,0.0,0.0,0.0,0.0,0.0,0.0,3.0,0.0,0.0,0.0,0.0,0.0
130812.119,3154.0,1870.0,0.0,0.0,0.0,0.0,0.0,0.0,2.0,0.0,0.0,0.0,0.0,0.0
130822.118,3154.0,1872.0,0.0,0.0,0.0,0.0,0.0,0.0,-3.0,0.0,0.0,0.0,0.0,0.0
130832.118,3154.0,1871.0,0.0,0.0,0.0,0.0,0.0,0.0,3.0,0.0,0.0,0.0,0.0,0.0
130842.118,3154.0,1870.0,0.0,0.0,0.0,0.0,0.0,0.0,3.0,0.0,0.0,0.0,0.0,0.0
130852.118,3154.0,1869.0,0.0,0.0,0.0,0.0,0.0,0.0,1.0,0.0,0.0,0.0,0.0,0.0
130862.119,3154.0,1870.0,0.0,0.0,0.0,0.0,0.0,0.0,2.0,0.0,0.0,0.0,0.0,0.0
130872.118,3154.0,1873.0,0.0,0.0,0.0,0.0,0.0,0.0,3.0,0.0,0.0,0.0,0.0,0.0
130882.119,3154.0,1871.0,0.0,0.0,0.0,0.0,0.0,0.0,2.0,0.0,0.0,0.0,0.0,0.0
130892.118,3154.0,1870.0,0.0,0.0,0.0,0.0,0.0,0.0,2.0,0.0,0.0,0.0,0.0,0.0
130902.118,3154.0,1873.0,0.0,0.0,0.0,0.0,0.0,0.0,1.0,0.0,0.0,0.0,0.0,0.0
130912.118,3154.0,1869.0,0.0,0.0,0.0,0.0,0.0,0.0,1.0,0.0,0.0,0.0,0.0,0.0
130922.118,3154.0,1868.0,0.0,0.0,0.0,0.0,0.0,0.0,0.0,0.0,0.0,0.0,0.0,0.0
130932.118,3154.0,1870.0,0.0,0.0,0.0,0.0,0.0,0.0,3.0,0.0,0.0,0.0,0.0,0.0
130942.119,3154.0,1870.0,0.0,0.0,0.0,0.0,0.0,0.0,1.0,0.0,0.0,0.0,0.0,0.0
130952.118,3154.0,1872.0,0.0,0.0,0.0,0.0,0.0,0.0,2.0,0.0,0.0,0.0,0.0,0.0
130962.119,3154.0,1872.0,0.0,0.0,0.0,0.0,0.0,0.0,0.0,0.0,0.0,0.0,0.0,0.0
130972.118,3154.0,1871.0,0.0,0.0,0.0,0.0,0.0,0.0,0.0,0.0,0.0,0.0,0.0,0.0
130982.119,3154.0,1871.0,0.0,0.0,0.0,0.0,0.0,0.0,2.0,0.0,0.0,0.0,0.0,0.0
130992.118,3154.0,1868.0,0.0,0.0,0.0,0.0,0.0,0.0,3.0,0.0,0.0,0.0,0.0,0.0
131002.118,3154.0,1872.0,0.0,0.0,0.0,0.0,0.0,0.0,5.0,0.0,0.0,0.0,0.0,0.0
131012.118,3154.0,1870.0,0.0,0.0,0.0,0.0,0.0,0.0,1.0,0.0,0.0,0.0,0.0,0.0
131022.119,3154.0,1871.0,0.0,0.0,0.0,0.0,0.0,0.0,0.0,0.0,0.0,0.0,0.0,0.0
131032.118,3154.0,1870.0,0.0,0.0,0.0,0.0,0.0,0.0,0.0,0.0,0.0,0.0,0.0,0.0
131042.119,3154.0,1871.0,0.0,0.0,0.0,0.0,0.0,0.0,0.0,0.0,0.0,0.0,0.0,0.0
131052.118,3154.0,1869.0,0.0,0.0,0.0,0.0,0.0,0.0,1.0,0.0,0.0,0.0,0.0,0.0
131062.118,3154.0,1872.0,0.0,0.0,0.0,0.0,0.0,0.0,2.0,0.0,0.0,0.0,0.0,0.0
131072.118,3154.0,1871.0,0.0,0.0,0.0,0.0,0.0,0.0,0.0,0.0,0.0,0.0,0.0,0.0
131082.118,3154.0,1870.0,0.0,0.0,0.0,0.0,0.0,0.0,2.0,0.0,0.0,0.0,0.0,0.0
131092.119,3154.0,1872.0,0.0,0.0,0.0,0.0,0.0,0.0,1.0,0.0,0.0,0.0,0.0,0.0
131102.118,3154.0,1868.0,0.0,0.0,0.0,0.0,0.0,0.0,0.0,0.0,0.0,0.0,0.0,0.0
131112.119,3154.0,1871.0,0.0,0.0,0.0,0.0,0.0,0.0,2.0,0.0,0.0,0.0,0.0,0.0
131122.118,3154.0,1871.0,0.0,0.0,0.0,0.0,0.0,0.0,3.0,0.0,0.0,0.0,0.0,0.0
131132.119,3154.0,1873.0,0.0,0.0,0.0,0.0,0.0,0.0,0.0,0.0,0.0,0.0,0.0,0.0
131142.118,3154.0,1871.0,0.0,0.0,0.0,0.0,0.0,0.0,1.0,0.0,0.0,0.0,0.0,0.0
131152.118,3154.0,1870.0,0.0,0.0,0.0,0.0,0.0,0.0,2.0,0.0,0.0,0.0,0.0,0.0
131162.118,3154.0,1871.0,0.0,0.0,0.0,0.0,0.0,0.0,5.0,0.0,0.0,0.0,0.0,0.0
131172.118,3154.0,1873.0,0.0,0.0,0.0,0.0,0.0,0.0,2.0,0.0,0.0,0.0,0.0,0.0
131182.119,3154.0,1874.0,0.0,0.0,0.0,0.0,0.0,0.0,1.0,0.0,0.0,0.0,0.0,0.0
131192.118,3154.0,1871.0,0.0,0.0,0.0,0.0,0.0,0.0,-1.0,0.0,0.0,0.0,0.0,0.0
131202.119,3154.0,1869.0,0.0,0.0,0.0,0.0,0.0,0.0,2.0,0.0,0.0,0.0,0.0,0.0
131212.118,3154.0,1871.0,0.0,0.0,0.0,0.0,0.0,0.0,3.0,0.0,0.0,0.0,0.0,0.0
131222.118,3154.0,1873.0,0.0,0.0,0.0,0.0,0.0,0.0,4.0,0.0,0.0,0.0,0.0,0.0
131232.118,3154.0,1874.0,0.0,0.0,0.0,0.0,0.0,0.0,0.0,0.0,0.0,0.0,0.0,0.0
131242.118,3154.0,1871.0,0.0,0.0,0.0,0.0,0.0,0.0,1.0,0.0,0.0,0.0,0.0,0.0
131252.118,3154.0,1870.0,0.0,0.0,0.0,0.0,0.0,0.0,3.0,0.0,0.0,0.0,0.0,0.0
131262.119,3154.0,1872.0,0.0,0.0,0.0,0.0,0.0,0.0,1.0,0.0,0.0,0.0,0.0,0.0
131272.118,3154.0,1868.0,0.0,0.0,0.0,0.0,0.0,0.0,0.0,0.0,0.0,0.0,0.0,0.0
131282.119,3154.0,1872.0,0.0,0.0,0.0,0.0,0.0,0.0,6.0,0.0,0.0,0.0,0.0,0.0
131292.118,3154.0,1872.0,0.0,0.0,0.0,0.0,0.0,0.0,1.0,0.0,0.0,0.0,0.0,0.0
131302.119,3154.0,1872.0,0.0,0.0,0.0,0.0,0.0,0.0,4.0,0.0,0.0,0.0,0.0,0.0
131312.118,3154.0,1871.0,0.0,0.0,0.0,0.0,0.0,0.0,0.0,0.0,0.0,0.0,0.0,0.0
131322.118,3154.0,1871.0,0.0,0.0,0.0,0.0,0.0,0.0,0.0,0.0,0.0,0.0,0.0,0.0
131332.118,3154.0,1871.0,0.0,0.0,0.0,0.0,0.0,0.0,1.0,0.0,0.0,0.0,0.0,0.0
131342.119,3154.0,1870.0,0.0,0.0,0.0,0.0,0.0,0.0,1.0,0.0,0.0,0.0,0.0,0.0
131352.118,3154.0,1871.0,0.0,0.0,0.0,0.0,0.0,0.0,2.0,0.0,0.0,0.0,0.0,0.0
131362.119,3154.0,1870.0,0.0,0.0,0.0,0.0,0.0,0.0,2.0,0.0,0.0,0.0,0.0,0.0
131372.118,3154.0,1869.0,0.0,0.0,0.0,0.0,0.0,0.0,2.0,0.0,0.0,0.0,0.0,0.0
131382.118,3154.0,1870.0,0.0,0.0,0.0,0.0,0.0,0.0,1.0,0.0,0.0,0.0,0.0,0.0
131392.118,3154.0,1869.0,0.0,0.0,0.0,0.0,0.0,0.0,5.0,0.0,0.0,0.0,0.0,0.0
131402.118,3154.0,1871.0,0.0,0.0,0.0,0.0,0.0,0.0,0.0,0.0,0.0,0.0,0.0,0.0
131412.119,3154.0,1873.0,0.0,0.0,0.0,0.0,0.0,0.0,1.0,0.0,0.0,0.0,0.0,0.0
131422.118,3154.0,1871.0,0.0,0.0,0.0,0.0,0.0,0.0,1.0,0.0,0.0,0.0,0.0,0.0
131432.119,3154.0,1869.0,0.0,0.0,0.0,0.0,0.0,0.0,4.0,0.0,0.0,0.0,0.0,0.0
131442.118,3154.0,1870.0,0.0,0.0,0.0,0.0,0.0,0.0,2.0,0.0,0.0,0.0,0.0,0.0
131452.119,3154.0,1869.0,0.0,0.0,0.0,0.0,0.0,0.0,2.0,0.0,0.0,0.0,0.0,0.0
131462.118,3154.0,1873.0,0.0,0.0,0.0,0.0,0.0,0.0,-2.0,0.0,0.0,0.0,0.0,0.0
131472.118,3154.0,1869.0,0.0,0.0,0.0,0.0,0.0,0.0,1.0,0.0,0.0,0.0,0.0,0.0
131482.118,3154.0,1872.0,0.0,0.0,0.0,0.0,0.0,0.0,2.0,0.0,0.0,0.0,0.0,0.0
131492.118,3154.0,1871.0,0.0,0.0,0.0,0.0,0.0,0.0,0.0,0.0,0.0,0.0,0.0,0.0
131502.119,3154.0,1871.0,0.0,0.0,0.0,0.0,0.0,0.0,2.0,0.0,0.0,0.0,0.0,0.0
131512.118,3154.0,1871.0,0.0,0.0,0.0,0.0,0.0,0.0,1.0,0.0,0.0,0.0,0.0,0.0
131522.119,3154.0,1870.0,0.0,0.0,0.0,0.0,0.0,0.0,1.0,0.0,0.0,0.0,0.0,0.0
131532.118,3154.0,1871.0,0.0,0.0,0.0,0.0,0.0,0.0,0.0,0.0,0.0,0.0,0.0,0.0
131542.118,3154.0,1870.0,0.0,0.0,0.0,0.0,0.0,0.0,0.0,0.0,0.0,0.0,0.0,0.0
131552.118,3154.0,1872.0,0.0,0.0,0.0,0.0,0.0,0.0,3.0,0.0,0.0,0.0,0.0,0.0
131562.118,3154.0,1875.0,0.0,0.0,0.0,0.0,0.0,0.0,5.0,0.0,0.0,0.0,0.0,0.0
131572.118,3154.0,1874.0,0.0,0.0,0.0,0.0,0.0,0.0,2.0,0.0,0.0,0.0,0.0,0.0
131582.119,3154.0,1873.0,0.0,0.0,0.0,0.0,0.0,0.0,1.0,0.0,0.0,0.0,0.0,0.0
131592.118,3154.0,1870.0,0.0,0.0,0.0,0.0,0.0,0.0,0.0,0.0,0.0,0.0,0.0,0.0
131602.119,3154.0,1869.0,0.0,0.0,0.0,0.0,0.0,0.0,2.0,0.0,0.0,0.0,0.0,0.0
131612.118,3154.0,1873.0,0.0,0.0,0.0,0.0,0.0,0.0,1.0,0.0,0.0,0.0,0.0,0.0
131622.119,3154.0,1870.0,0.0,0.0,0.0,0.0,0.0,0.0,3.0,0.0,0.0,0.0,0.0,0.0
131632.118,3154.0,1871.0,0.0,0.0,0.0,0.0,0.0,0.0,0.0,0.0,0.0,0.0,0.0,0.0
131642.118,3154.0,1868.0,0.0,0.0,0.0,0.0,0.0,0.0,2.0,0.0,0.0,0.0,0.0,0.0
131652.118,3154.0,1870.0,0.0,0.0,0.0,0.0,0.0,0.0,1.0,0.0,0.0,0.0,0.0,0.0
131662.119,3154.0,1872.0,0.0,0.0,0.0,0.0,0.0,0.0,0.0,0.0,0.0,0.0,0.0,0.0
131672.118,3154.0,1872.0,0.0,0.0,0.0,0.0,0.0,0.0,3.0,0.0,0.0,0.0,0.0,0.0
131682.119,3154.0,1871.0,0.0,0.0,0.0,0.0,0.0,0.0,2.0,0.0,0.0,0.0,0.0,0.0
131692.118,3154.0,1873.0,0.0,0.0,0.0,0.0,0.0,0.0,3.0,0.0,0.0,0.0,0.0,0.0
131702.118,3154.0,1874.0,0.0,0.0,0.0,0.0,0.0,0.0,1.0,0.0,0.0,0.0,0.0,0.0
131712.118,3154.0,1872.0,0.0,0.0,0.0,0.0,0.0,0.0,3.0,0.0,0.0,0.0,0.0,0.0
131722.118,3154.0,1869.0,0.0,0.0,0.0,0.0,0.0,0.0,2.0,0.0,0.0,0.0,0.0,0.0
131732.119,3154.0,1869.0,0.0,0.0,0.0,0.0,0.0,0.0,2.0,0.0,0.0,0.0,0.0,0.0
131742.118,3154.0,1869.0,0.0,0.0,0.0,0.0,0.0,0.0,1.0,0.0,0.0,0.0,0.0,0.0
131752.119,3154.0,1871.0,0.0,0.0,0.0,0.0,0.0,0.0,2.0,0.0,0.0,0.0,0.0,0.0
131762.118,3154.0,1872.0,0.0,0.0,0.0,0.0,0.0,0.0,0.0,0.0,0.0,0.0,0.0,0.0
131772.119,3154.0,1870.0,0.0,0.0,0.0,0.0,0.0,0.0,0.0,0.0,0.0,0.0,0.0,0.0
131782.118,3154.0,1870.0,0.0,0.0,0.0,0.0,0.0,0.0,0.0,0.0,0.0,0.0,0.0,0.0
131792.118,3154.0,1872.0,0.0,0.0,0.0,0.0,0.0,0.0,-2.0,0.0,0.0,0.0,0.0,0.0
131802.118,3154.0,1870.0,0.0,0.0,0.0,0.0,0.0,0.0,3.0,0.0,0.0,0.0,0.0,0.0
131812.118,3154.0,1870.0,0.0,0.0,0.0,0.0,0.0,0.0,1.0,0.0,0.0,0.0,0.0,0.0
131822.119,3154.0,1872.0,0.0,0.0,0.0,0.0,0.0,0.0,5.0,0.0,0.0,0.0,0.0,0.0
131832.118,3154.0,1871.0,0.0,0.0,0.0,0.0,0.0,0.0,4.0,0.0,0.0,0.0,0.0,0.0
131842.119,3154.0,1870.0,0.0,0.0,0.0,0.0,0.0,0.0,3.0,0.0,0.0,0.0,0.0,0.0
131852.118,3154.0,1872.0,0.0,0.0,0.0,0.0,0.0,0.0,3.0,0.0,0.0,0.0,0.0,0.0
131862.118,3154.0,1870.0,0.0,0.0,0.0,0.0,0.0,0.0,2.0,0.0,0.0,0.0,0.0,0.0
131872.118,3154.0,1870.0,0.0,0.0,0.0,0.0,0.0,0.0,1.0,0.0,0.0,0.0,0.0,0.0
131882.118,3154.0,1868.0,0.0,0.0,0.0,0.0,0.0,0.0,3.0,0.0,0.0,0.0,0.0,0.0
131892.118,3154.0,1870.0,0.0,0.0,0.0,0.0,0.0,0.0,3.0,0.0,0.0,0.0,0.0,0.0
131902.119,3154.0,1872.0,0.0,0.0,0.0,0.0,0.0,0.0,0.0,0.0,0.0,0.0,0.0,0.0
131912.118,3154.0,1869.0,0.0,0.0,0.0,0.0,0.0,0.0,1.0,0.0,0.0,0.0,0.0,0.0
131922.119,3154.0,1873.0,0.0,0.0,0.0,0.0,0.0,0.0,2.0,0.0,0.0,0.0,0.0,0.0
131932.118,3154.0,1871.0,0.0,0.0,0.0,0.0,0.0,0.0,2.0,0.0,0.0,0.0,0.0,0.0
131942.119,3154.0,1875.0,0.0,0.0,0.0,0.0,0.0,0.0,3.0,0.0,0.0,0.0,0.0,0.0
131952.118,3154.0,1869.0,0.0,0.0,0.0,0.0,0.0,0.0,3.0,0.0,0.0,0.0,0.0,0.0
131962.118,3154.0,1871.0,0.0,0.0,0.0,0.0,0.0,0.0,3.0,0.0,0.0,0.0,0.0,0.0
131972.118,3154.0,1872.0,0.0,0.0,0.0,0.0,0.0,0.0,3.0,0.0,0.0,0.0,0.0,0.0
131982.119,3154.0,1870.0,0.0,0.0,0.0,0.0,0.0,0.0,0.0,0.0,0.0,0.0,0.0,0.0
131992.118,3154.0,1869.0,0.0,0.0,0.0,0.0,0.0,0.0,2.0,0.0,0.0,0.0,0.0,0.0
132002.119,3154.0,1872.0,0.0,0.0,0.0,0.0,0.0,0.0,1.0,0.0,0.0,0.0,0.0,0.0
132012.118,3154.0,1869.0,0.0,0.0,0.0,0.0,0.0,0.0,0.0,0.0,0.0,0.0,0.0,0.0
132022.118,3154.0,1871.0,0.0,0.0,0.0,0.0,0.0,0.0,0.0,0.0,0.0,0.0,0.0,0.0
132032.118,3154.0,1872.0,0.0,0.0,0.0,0.0,0.0,0.0,1.0,0.0,0.0,0.0,0.0,0.0
132042.118,3154.0,1872.0,0.0,0.0,0.0,0.0,0.0,0.0,3.0,0.0,0.0,0.0,0.0,0.0
132052.119,3154.0,1872.0,0.0,0.0,0.0,0.0,0.0,0.0,3.0,0.0,0.0,0.0,0.0,0.0
132062.118,3154.0,1870.0,0.0,0.0,0.0,0.0,0.0,0.0,-2.0,0.0,0.0,0.0,0.0,0.0
132072.119,3154.0,1871.0,0.0,0.0,0.0,0.0,0.0,0.0,2.0,0.0,0.0,0.0,0.0,0.0
132082.118,3154.0,1873.0,0.0,0.0,0.0,0.0,0.0,0.0,2.0,0.0,0.0,0.0,0.0,0.0
132092.119,3154.0,1871.0,0.0,0.0,0.0,0.0,0.0,0.0,1.0,0.0,0.0,0.0,0.0,0.0
132102.118,3154.0,1870.0,0.0,0.0,0.0,0.0,0.0,0.0,0.0,0.0,0.0,0.0,0.0,0.0
132112.118,3154.0,1869.0,0.0,0.0,0.0,0.0,0.0,0.0,0.0,0.0,0.0,0.0,0.0,0.0
132122.118,3154.0,1869.0,0.0,0.0,0.0,0.0,0.0,0.0,2.0,0.0,0.0,0.0,0.0,0.0
132132.118,3154.0,1871.0,0.0,0.0,0.0,0.0,0.0,0.0,0.0,0.0,0.0,0.0,0.0,0.0
132142.119,3154.0,1869.0,0.0,0.0,0.0,0.0,0.0,0.0,3.0,0.0,0.0,0.0,0.0,0.0
132152.118,3154.0,1871.0,0.0,0.0,0.0,0.0,0.0,0.0,2.0,0.0,0.0,0.0,0.0,0.0
132162.119,3154.0,1870.0,0.0,0.0,0.0,0.0,0.0,0.0,4.0,0.0,0.0,0.0,0.0,0.0
132172.118,3154.0,1872.0,0.0,0.0,0.0,0.0,0.0,0.0,-1.0,0.0,0.0,0.0,0.0,0.0
132182.118,3154.0,1873.0,0.0,0.0,0.0,0.0,0.0,0.0,-2.0,0.0,0.0,0.0,0.0,0.0
132192.118,3154.0,1869.0,0.0,0.0,0.0,0.0,0.0,0.0,3.0,0.0,0.0,0.0,0.0,0.0
132202.118,3154.0,1873.0,0.0,0.0,0.0,0.0,0.0,0.0,2.0,0.0,0.0,0.0,0.0,0.0
132212.118,3154.0,1870.0,0.0,0.0,0.0,0.0,0.0,0.0,0.0,0.0,0.0,0.0,0.0,0.0
132222.119,3154.0,1872.0,0.0,0.0,0.0,0.0,0.0,0.0,1.0,0.0,0.0,0.0,0.0,0.0
132232.118,3154.0,1870.0,0.0,0.0,0.0,0.0,0.0,0.0,2.0,0.0,0.0,0.0,0.0,0.0
132242.119,3154.0,1870.0,0.0,0.0,0.0,0.0,0.0,0.0,4.0,0.0,0.0,0.0,0.0,0.0
132252.118,3154.0,1872.0,0.0,0.0,0.0,0.0,0.0,0.0,2.0,0.0,0.0,0.0,0.0,0.0
132262.119,3154.0,1870.0,0.0,0.0,0.0,0.0,0.0,0.0,-1.0,0.0,0.0,0.0,0.0,0.0
132272.118,3154.0,1873.0,0.0,0.0,0.0,0.0,0.0,0.0,3.0,0.0,0.0,0.0,0.0,0.0
132282.118,3154.0,1869.0,0.0,0.0,0.0,0.0,0.0,0.0,1.0,0.0,0.0,0.0,0.0,0.0
132292.118,3154.0,1870.0,0.0,0.0,0.0,0.0,0.0,0.0,2.0,0.0,0.0,0.0,0.0,0.0
132302.119,3154.0,1875.0,0.0,0.0,0.0,0.0,0.0,0.0,2.0,0.0,0.0,0.0,0.0,0.0
132312.118,3154.0,1873.0,0.0,0.0,0.0,0.0,0.0,0.0,2.0,0.0,0.0,0.0,0.0,0.0
132322.119,3154.0,1871.0,0.0,0.0,0.0,0.0,0.0,0.0,3.0,0.0,0.0,0.0,0.0,0.0
132332.118,3154.0,1870.0,0.0,0.0,0.0,0.0,0.0,0.0,1.0,0.0,0.0,0.0,0.0,0.0
132342.118,3154.0,1871.0,0.0,0.0,0.0,0.0,0.0,0.0,1.0,0.0,0.0,0.0,0.0,0.0
132352.118,3154.0,1869.0,0.0,0.0,0.0,0.0,0.0,0.0,0.0,0.0,0.0,0.0,0.0,0.0
132362.118,3154.0,1867.0,0.0,0.0,0.0,0.0,0.0,0.0,2.0,0.0,0.0,0.0,0.0,0.0
132372.119,3154.0,1871.0,0.0,0.0,0.0,0.0,0.0,0.0,3.0,0.0,0.0,0.0,0.0,0.0
132382.118,3154.0,1868.0,0.0,0.0,0.0,0.0,0.0,0.0,1.0,0.0,0.0,0.0,0.0,0.0
132392.119,3154.0,1871.0,0.0,0.0,0.0,0.0,0.0,0.0,-1.0,0.0,0.0,0.0,0.0,0.0
132402.118,3154.0,1872.0,0.0,0.0,0.0,0.0,0.0,0.0,2.0,0.0,0.0,0.0,0.0,0.0
132412.119,3154.0,1871.0,0.0,0.0,0.0,0.0,0.0,0.0,1.0,0.0,0.0,0.0,0.0,0.0
132422.118,3154.0,1875.0,0.0,0.0,0.0,0.0,0.0,0.0,1.0,0.0,0.0,0.0,0.0,0.0
132432.118,3154.0,1873.0,0.0,0.0,0.0,0.0,0.0,0.0,-1.0,0.0,0.0,0.0,0.0,0.0
132442.118,3154.0,1870.0,0.0,0.0,0.0,0.0,0.0,0.0,5.0,0.0,0.0,0.0,0.0,0.0
132452.118,3154.0,1868.0,0.0,0.0,0.0,0.0,0.0,0.0,3.0,0.0,0.0,0.0,0.0,0.0
132462.119,3154.0,1870.0,0.0,0.0,0.0,0.0,0.0,0.0,4.0,0.0,0.0,0.0,0.0,0.0
132472.118,3154.0,1872.0,0.0,0.0,0.0,0.0,0.0,0.0,0.0,0.0,0.0,0.0,0.0,0.0
132482.119,3154.0,1869.0,0.0,0.0,0.0,0.0,0.0,0.0,0.0,0.0,0.0,0.0,0.0,0.0
132492.118,3154.0,1873.0,0.0,0.0,0.0,0.0,0.0,0.0,3.0,0.0,0.0,0.0,0.0,0.0
132502.118,3154.0,1869.0,0.0,0.0,0.0,0.0,0.0,0.0,3.0,0.0,0.0,0.0,0.0,0.0
132512.118,3154.0,1871.0,0.0,0.0,0.0,0.0,0.0,0.0,1.0,0.0,0.0,0.0,0.0,0.0
132522.118,3154.0,1871.0,0.0,0.0,0.0,0.0,0.0,0.0,-1.0,0.0,0.0,0.0,0.0,0.0
132532.118,3154.0,1871.0,0.0,0.0,0.0,0.0,0.0,0.0,2.0,0.0,0.0,0.0,0.0,0.0
132542.119,3154.0,1872.0,0.0,0.0,0.0,0.0,0.0,0.0,2.0,0.0,0.0,0.0,0.0,0.0
132552.118,3154.0,1874.0,0.0,0.0,0.0,0.0,0.0,0.0,2.0,0.0,0.0,0.0,0.0,0.0
132562.119,3154.0,1870.0,0.0,0.0,0.0,0.0,0.0,0.0,2.0,0.0,0.0,0.0,0.0,0.0
132572.118,3154.0,1873.0,0.0,0.0,0.0,0.0,0.0,0.0,1.0,0.0,0.0,0.0,0.0,0.0
132582.119,3154.0,1872.0,0.0,0.0,0.0,0.0,0.0,0.0,1.0,0.0,0.0,0.0,0.0,0.0
132592.118,3154.0,1869.0,0.0,0.0,0.0,0.0,0.0,0.0,1.0,0.0,0.0,0.0,0.0,0.0
132602.118,3154.0,1870.0,0.0,0.0,0.0,0.0,0.0,0.0,4.0,0.0,0.0,0.0,0.0,0.0
132612.118,3154.0,1872.0,0.0,0.0,0.0,0.0,0.0,0.0,3.0,0.0,0.0,0.0,0.0,0.0
132622.119,3154.0,1871.0,0.0,0.0,0.0,0.0,0.0,0.0,2.0,0.0,0.0,0.0,0.0,0.0
132632.118,3154.0,1870.0,0.0,0.0,0.0,0.0,0.0,0.0,2.0,0.0,0.0,0.0,0.0,0.0
132642.119,3154.0,1870.0,0.0,0.0,0.0,0.0,0.0,0.0,3.0,0.0,0.0,0.0,0.0,0.0
132652.118,3154.0,1870.0,0.0,0.0,0.0,0.0,0.0,0.0,2.0,0.0,0.0,0.0,0.0,0.0
132662.118,3154.0,1870.0,0.0,0.0,0.0,0.0,0.0,0.0,-1.0,0.0,0.0,0.0,0.0,0.0
132672.118,3154.0,1873.0,0.0,0.0,0.0,0.0,0.0,0.0,-1.0,0.0,0.0,0.0,0.0,0.0
132682.118,3154.0,1869.0,0.0,0.0,0.0,0.0,0.0,0.0,2.0,0.0,0.0,0.0,0.0,0.0
132692.119,3154.0,1871.0,0.0,0.0,0.0,0.0,0.0,0.0,2.0,0.0,0.0,0.0,0.0,0.0
132702.118,3154.0,1868.0,0.0,0.0,0.0,0.0,0.0,0.0,4.0,0.0,0.0,0.0,0.0,0.0
132712.119,3154.0,1871.0,0.0,0.0,0.0,0.0,0.0,0.0,1.0,0.0,0.0,0.0,0.0,0.0
132722.118,3154.0,1870.0,0.0,0.0,0.0,0.0,0.0,0.0,3.0,0.0,0.0,0.0,0.0,0.0
132732.119,3154.0,1869.0,0.0,0.0,0.0,0.0,0.0,0.0,0.0,0.0,0.0,0.0,0.0,0.0
132742.118,3154.0,1875.0,0.0,0.0,0.0,0.0,0.0,0.0,-1.0,0.0,0.0,0.0,0.0,0.0
132752.118,3154.0,1869.0,0.0,0.0,0.0,0.0,0.0,0.0,2.0,0.0,0.0,0.0,0.0,0.0
132762.118,3154.0,1868.0,0.0,0.0,0.0,0.0,0.0,0.0,3.0,0.0,0.0,0.0,0.0,0.0
132772.118,3154.0,1872.0,0.0,0.0,0.0,0.0,0.0,0.0,0.0,0.0,0.0,0.0,0.0,0.0
132782.119,3154.0,1870.0,0.0,0.0,0.0,0.0,0.0,0.0,2.0,0.0,0.0,0.0,0.0,0.0
132792.118,3154.0,1872.0,0.0,0.0,0.0,0.0,0.0,0.0,1.0,0.0,0.0,0.0,0.0,0.0
132802.119,3154.0,1871.0,0.0,0.0,0.0,0.0,0.0,0.0,4.0,0.0,0.0,0.0,0.0,0.0
132812.118,3154.0,1870.0,0.0,0.0,0.0,0.0,0.0,0.0,2.0,0.0,0.0,0.0,0.0,0.0
132822.118,3154.0,1869.0,0.0,0.0,0.0,0.0,0.0,0.0,2.0,0.0,0.0,0.0,0.0,0.0
132832.118,3154.0,1870.0,0.0,0.0,0.0,0.0,0.0,0.0,4.0,0.0,0.0,0.0,0.0,0.0
132842.118,3154.0,1871.0,0.0,0.0,0.0,0.0,0.0,0.0,2.0,0.0,0.0,0.0,0.0,0.0
132852.118,3154.0,1869.0,0.0,0.0,0.0,0.0,0.0,0.0,1.0,0.0,0.0,0.0,0.0,0.0
132862.119,3154.0,1870.0,0.0,0.0,0.0,0.0,0.0,0.0,2.0,0.0,0.0,0.0,0.0,0.0
132872.118,3154.0,1875.0,0.0,0.0,0.0,0.0,0.0,0.0,-1.0,0.0,0.0,0.0,0.0,0.0
132882.119,3154.0,1871.0,0.0,0.0,0.0,0.0,0.0,0.0,1.0,0.0,0.0,0.0,0.0,0.0
132892.118,3154.0,1871.0,0.0,0.0,0.0,0.0,0.0,0.0,4.0,0.0,0.0,0.0,0.0,0.0
132902.119,3154.0,1873.0,0.0,0.0,0.0,0.0,0.0,0.0,1.0,0.0,0.0,0.0,0.0,0.0
132912.118,3154.0,1870.0,0.0,0.0,0.0,0.0,0.0,0.0,0.0,0.0,0.0,0.0,0.0,0.0
132922.118,3154.0,1869.0,0.0,0.0,0.0,0.0,0.0,0.0,0.0,0.0,0.0,0.0,0.0,0.0
132932.118,3154.0,1872.0,0.0,0.0,0.0,0.0,0.0,0.0,2.0,0.0,0.0,0.0,0.0,0.0
132942.119,3154.0,1871.0,0.0,0.0,0.0,0.0,0.0,0.0,0.0,0.0,0.0,0.0,0.0,0.0
132952.118,3154.0,1873.0,0.0,0.0,0.0,0.0,0.0,0.0,2.0,0.0,0.0,0.0,0.0,0.0
132962.119,3154.0,1871.0,0.0,0.0,0.0,0.0,0.0,0.0,3.0,0.0,0.0,0.0,0.0,0.0
132972.118,3154.0,1869.0,0.0,0.0,0.0,0.0,0.0,0.0,-1.0,0.0,0.0,0.0,0.0,0.0
132982.118,3154.0,1874.0,0.0,0.0,0.0,0.0,0.0,0.0,0.0,0.0,0.0,0.0,0.0,0.0
132992.118,3154.0,1872.0,0.0,0.0,0.0,0.0,0.0,0.0,3.0,0.0,0.0,0.0,0.0,0.0
133002.118,3154.0,1872.0,0.0,0.0,0.0,0.0,0.0,0.0,0.0,0.0,0.0,0.0,0.0,0.0
133012.119,3154.0,1877.0,0.0,0.0,0.0,0.0,0.0,0.0,3.0,0.0,0.0,0.0,0.0,0.0
133022.118,3154.0,1872.0,0.0,0.0,0.0,0.0,0.0,0.0,0.0,0.0,0.0,0.0,0.0,0.0
133032.119,3154.0,1873.0,0.0,0.0,0.0,0.0,0.0,0.0,1.0,0.0,0.0,0.0,0.0,0.0
133042.118,3154.0,1871.0,0.0,0.0,0.0,0.0,0.0,0.0,3.0,0.0,0.0,0.0,0.0,0.0
133052.119,3154.0,1871.0,0.0,0.0,0.0,0.0,0.0,0.0,1.0,0.0,0.0,0.0,0.0,0.0
133062.118,3154.0,1870.0,0.0,0.0,0.0,0.0,0.0,0.0,2.0,0.0,0.0,0.0,0.0,0.0
133072.118,3154.0,1871.0,0.0,0.0,0.0,0.0,0.0,0.0,4.0,0.0,0.0,0.0,0.0,0.0
133082.118,3154.0,1871.0,0.0,0.0,0.0,0.0,0.0,0.0,2.0,0.0,0.0,0.0,0.0,0.0
133092.118,3154.0,1871.0,0.0,0.0,0.0,0.0,0.0,0.0,1.0,0.0,0.0,0.0,0.0,0.0
133102.119,3154.0,1870.0,0.0,0.0,0.0,0.0,0.0,0.0,0.0,0.0,0.0,0.0,0.0,0.0
133112.118,3154.0,1872.0,0.0,0.0,0.0,0.0,0.0,0.0,0.0,0.0,0.0,0.0,0.0,0.0
133122.119,3154.0,1872.0,0.0,0.0,0.0,0.0,0.0,0.0,1.0,0.0,0.0,0.0,0.0,0.0
133132.118,3154.0,1871.0,0.0,0.0,0.0,0.0,0.0,0.0,2.0,0.0,0.0,0.0,0.0,0.0
133142.118,3154.0,1871.0,0.0,0.0,0.0,0.0,0.0,0.0,1.0,0.0,0.0,0.0,0.0,0.0
133152.118,3154.0,1866.0,0.0,0.0,0.0,0.0,0.0,0.0,0.0,0.0,0.0,0.0,0.0,0.0
133162.118,3154.0,1871.0,0.0,0.0,0.0,0.0,0.0,0.0,2.0,0.0,0.0,0.0,0.0,0.0
133172.118,3154.0,1871.0,0.0,0.0,0.0,0.0,0.0,0.0,1.0,0.0,0.0,0.0,0.0,0.0
133182.119,3154.0,1871.0,0.0,0.0,0.0,0.0,0.0,0.0,3.0,0.0,0.0,0.0,0.0,0.0
133192.118,3154.0,1872.0,0.0,0.0,0.0,0.0,0.0,0.0,2.0,0.0,0.0,0.0,0.0,0.0
133202.119,3154.0,1870.0,0.0,0.0,0.0,0.0,0.0,0.0,1.0,0.0,0.0,0.0,0.0,0.0
133212.118,3154.0,1871.0,0.0,0.0,0.0,0.0,0.0,0.0,1.0,0.0,0.0,0.0,0.0,0.0
133222.119,3154.0,1875.0,0.0,0.0,0.0,0.0,0.0,0.0,2.0,0.0,0.0,0.0,0.0,0.0
133232.118,3154.0,1872.0,0.0,0.0,0.0,0.0,0.0,0.0,0.0,0.0,0.0,0.0,0.0,0.0
133242.118,3154.0,1869.0,0.0,0.0,0.0,0.0,0.0,0.0,4.0,0.0,0.0,0.0,0.0,0.0
133252.118,3154.0,1870.0,0.0,0.0,0.0,0.0,0.0,0.0,2.0,0.0,0.0,0.0,0.0,0.0
133262.119,3154.0,1870.0,0.0,0.0,0.0,0.0,0.0,0.0,-1.0,0.0,0.0,0.0,0.0,0.0
133272.118,3154.0,1871.0,0.0,0.0,0.0,0.0,0.0,0.0,2.0,0.0,0.0,0.0,0.0,0.0
133282.119,3154.0,1867.0,0.0,0.0,0.0,0.0,0.0,0.0,1.0,0.0,0.0,0.0,0.0,0.0
133292.118,3154.0,1873.0,0.0,0.0,0.0,0.0,0.0,0.0,0.0,0.0,0.0,0.0,0.0,0.0
133302.118,3154.0,1870.0,0.0,0.0,0.0,0.0,0.0,0.0,1.0,0.0,0.0,0.0,0.0,0.0
133312.118,3154.0,1870.0,0.0,0.0,0.0,0.0,0.0,0.0,2.0,0.0,0.0,0.0,0.0,0.0
133322.118,3154.0,1870.0,0.0,0.0,0.0,0.0,0.0,0.0,2.0,0.0,0.0,0.0,0.0,0.0
133332.119,3154.0,1870.0,0.0,0.0,0.0,0.0,0.0,0.0,1.0,0.0,0.0,0.0,0.0,0.0
133342.118,3154.0,1869.0,0.0,0.0,0.0,0.0,0.0,0.0,3.0,0.0,0.0,0.0,0.0,0.0
133352.119,3154.0,1874.0,0.0,0.0,0.0,0.0,0.0,0.0,1.0,0.0,0.0,0.0,0.0,0.0
133362.118,3154.0,1870.0,0.0,0.0,0.0,0.0,0.0,0.0,1.0,0.0,0.0,0.0,0.0,0.0
133372.119,3154.0,1871.0,0.0,0.0,0.0,0.0,0.0,0.0,3.0,0.0,0.0,0.0,0.0,0.0
133382.118,3154.0,1867.0,0.0,0.0,0.0,0.0,0.0,0.0,0.0,0.0,0.0,0.0,0.0,0.0
133392.118,3154.0,1870.0,0.0,0.0,0.0,0.0,0.0,0.0,4.0,0.0,0.0,0.0,0.0,0.0
133402.118,3154.0,1871.0,0.0,0.0,0.0,0.0,0.0,0.0,2.0,0.0,0.0,0.0,0.0,0.0
133412.118,3154.0,1868.0,0.0,0.0,0.0,0.0,0.0,0.0,3.0,0.0,0.0,0.0,0.0,0.0
133422.119,3154.0,1871.0,0.0,0.0,0.0,0.0,0.0,0.0,3.0,0.0,0.0,0.0,0.0,0.0
133432.118,3154.0,1868.0,0.0,0.0,0.0,0.0,0.0,0.0,0.0,0.0,0.0,0.0,0.0,0.0
133442.119,3154.0,1873.0,0.0,0.0,0.0,0.0,0.0,0.0,-1.0,0.0,0.0,0.0,0.0,0.0
133452.118,3154.0,1871.0,0.0,0.0,0.0,0.0,0.0,0.0,0.0,0.0,0.0,0.0,0.0,0.0
133462.118,3154.0,1871.0,0.0,0.0,0.0,0.0,0.0,0.0,1.0,0.0,0.0,0.0,0.0,0.0
133472.118,3154.0,1871.0,0.0,0.0,0.0,0.0,0.0,0.0,0.0,0.0,0.0,0.0,0.0,0.0
133482.118,3154.0,1870.0,0.0,0.0,0.0,0.0,0.0,0.0,1.0,0.0,0.0,0.0,0.0,0.0
133492.118,3154.0,1871.0,0.0,0.0,0.0,0.0,0.0,0.0,2.0,0.0,0.0,0.0,0.0,0.0
133502.119,3154.0,1871.0,0.0,0.0,0.0,0.0,0.0,0.0,1.0,0.0,0.0,0.0,0.0,0.0
133512.118,3154.0,1870.0,0.0,0.0,0.0,0.0,0.0,0.0,1.0,0.0,0.0,0.0,0.0,0.0
133522.119,3154.0,1870.0,0.0,0.0,0.0,0.0,0.0,0.0,1.0,0.0,0.0,0.0,0.0,0.0
133532.118,3154.0,1872.0,0.0,0.0,0.0,0.0,0.0,0.0,2.0,0.0,0.0,0.0,0.0,0.0
133542.119,3154.0,1871.0,0.0,0.0,0.0,0.0,0.0,0.0,3.0,0.0,0.0,0.0,0.0,0.0
133552.118,3154.0,1871.0,0.0,0.0,0.0,0.0,0.0,0.0,-1.0,0.0,0.0,0.0,0.0,0.0
133562.118,3154.0,1870.0,0.0,0.0,0.0,0.0,0.0,0.0,3.0,0.0,0.0,0.0,0.0,0.0
133572.118,3154.0,1873.0,0.0,0.0,0.0,0.0,0.0,0.0,1.0,0.0,0.0,0.0,0.0,0.0
133582.119,3154.0,1871.0,0.0,0.0,0.0,0.0,0.0,0.0,2.0,0.0,0.0,0.0,0.0,0.0
133592.118,3154.0,1873.0,0.0,0.0,0.0,0.0,0.0,0.0,1.0,0.0,0.0,0.0,0.0,0.0
133602.119,3154.0,1871.0,0.0,0.0,0.0,0.0,0.0,0.0,0.0,0.0,0.0,0.0,0.0,0.0
133612.118,3154.0,1871.0,0.0,0.0,0.0,0.0,0.0,0.0,0.0,0.0,0.0,0.0,0.0,0.0
133622.118,3154.0,1870.0,0.0,0.0,0.0,0.0,0.0,0.0,1.0,0.0,0.0,0.0,0.0,0.0
133632.118,3154.0,1871.0,0.0,0.0,0.0,0.0,0.0,0.0,2.0,0.0,0.0,0.0,0.0,0.0
133642.118,3154.0,1871.0,0.0,0.0,0.0,0.0,0.0,0.0,0.0,0.0,0.0,0.0,0.0,0.0
133652.119,3154.0,1871.0,0.0,0.0,0.0,0.0,0.0,0.0,1.0,0.0,0.0,0.0,0.0,0.0
133662.118,3154.0,1872.0,0.0,0.0,0.0,0.0,0.0,0.0,0.0,0.0,0.0,0.0,0.0,0.0
133672.119,3154.0,1870.0,0.0,0.0,0.0,0.0,0.0,0.0,2.0,0.0,0.0,0.0,0.0,0.0
133682.118,3154.0,1871.0,0.0,0.0,0.0,0.0,0.0,0.0,2.0,0.0,0.0,0.0,0.0,0.0
133692.119,3154.0,1872.0,0.0,0.0,0.0,0.0,0.0,0.0,1.0,0.0,0.0,0.0,0.0,0.0
133702.118,3154.0,1873.0,0.0,0.0,0.0,0.0,0.0,0.0,1.0,0.0,0.0,0.0,0.0,0.0
133712.118,3154.0,1874.0,0.0,0.0,0.0,0.0,0.0,0.0,1.0,0.0,0.0,0.0,0.0,0.0
133722.118,3154.0,1873.0,0.0,0.0,0.0,0.0,0.0,0.0,1.0,0.0,0.0,0.0,0.0,0.0
133732.118,3154.0,1873.0,0.0,0.0,0.0,0.0,0.0,0.0,0.0,0.0,0.0,0.0,0.0,0.0
133742.119,3154.0,1872.0,0.0,0.0,0.0,0.0,0.0,0.0,2.0,0.0,0.0,0.0,0.0,0.0
133752.118,3154.0,1874.0,0.0,0.0,0.0,0.0,0.0,0.0,1.0,0.0,0.0,0.0,0.0,0.0
133762.119,3154.0,1870.0,0.0,0.0,0.0,0.0,0.0,0.0,2.0,0.0,0.0,0.0,0.0,0.0
133772.118,3154.0,1872.0,0.0,0.0,0.0,0.0,0.0,0.0,0.0,0.0,0.0,0.0,0.0,0.0
133782.118,3154.0,1875.0,0.0,0.0,0.0,0.0,0.0,0.0,1.0,0.0,0.0,0.0,0.0,0.0
133792.118,3154.0,1872.0,0.0,0.0,0.0,0.0,0.0,0.0,-1.0,0.0,0.0,0.0,0.0,0.0
133802.118,3154.0,1872.0,0.0,0.0,0.0,0.0,0.0,0.0,1.0,0.0,0.0,0.0,0.0,0.0
133812.118,3154.0,1868.0,0.0,0.0,0.0,0.0,0.0,0.0,2.0,0.0,0.0,0.0,0.0,0.0
133822.119,3154.0,1873.0,0.0,0.0,0.0,0.0,0.0,0.0,2.0,0.0,0.0,0.0,0.0,0.0
133832.118,3154.0,1872.0,0.0,0.0,0.0,0.0,0.0,0.0,2.0,0.0,0.0,0.0,0.0,0.0
133842.119,3154.0,1870.0,0.0,0.0,0.0,0.0,0.0,0.0,4.0,0.0,0.0,0.0,0.0,0.0
133852.118,3154.0,1871.0,0.0,0.0,0.0,0.0,0.0,0.0,2.0,0.0,0.0,0.0,0.0,0.0
133862.119,3154.0,1877.0,0.0,0.0,0.0,0.0,0.0,0.0,2.0,0.0,0.0,0.0,0.0,0.0
133872.118,3154.0,1870.0,0.0,0.0,0.0,0.0,0.0,0.0,-1.0,0.0,0.0,0.0,0.0,0.0
133882.118,3154.0,1870.0,0.0,0.0,0.0,0.0,0.0,0.0,5.0,0.0,0.0,0.0,0.0,0.0
133892.118,3154.0,1868.0,0.0,0.0,0.0,0.0,0.0,0.0,3.0,0.0,0.0,0.0,0.0,0.0
133902.119,3154.0,1869.0,0.0,0.0,0.0,0.0,0.0,0.0,0.0,0.0,0.0,0.0,0.0,0.0
133912.118,3154.0,1871.0,0.0,0.0,0.0,0.0,0.0,0.0,0.0,0.0,0.0,0.0,0.0,0.0
133922.119,3154.0,1872.0,0.0,0.0,0.0,0.0,0.0,0.0,1.0,0.0,0.0,0.0,0.0,0.0
133932.118,3154.0,1872.0,0.0,0.0,0.0,0.0,0.0,0.0,4.0,0.0,0.0,0.0,0.0,0.0
133942.118,3154.0,1872.0,0.0,0.0,0.0,0.0,0.0,0.0,2.0,0.0,0.0,0.0,0.0,0.0
133952.118,3154.0,1870.0,0.0,0.0,0.0,0.0,0.0,0.0,0.0,0.0,0.0,0.0,0.0,0.0
133962.118,3154.0,1872.0,0.0,0.0,0.0,0.0,0.0,0.0,1.0,0.0,0.0,0.0,0.0,0.0
133972.119,3154.0,1871.0,0.0,0.0,0.0,0.0,0.0,0.0,4.0,0.0,0.0,0.0,0.0,0.0
133982.118,3154.0,1872.0,0.0,0.0,0.0,0.0,0.0,0.0,3.0,0.0,0.0,0.0,0.0,0.0
133992.119,3154.0,1870.0,0.0,0.0,0.0,0.0,0.0,0.0,1.0,0.0,0.0,0.0,0.0,0.0
134002.118,3154.0,1873.0,0.0,0.0,0.0,0.0,0.0,0.0,1.0,0.0,0.0,0.0,0.0,0.0
134012.119,3154.0,1870.0,0.0,0.0,0.0,0.0,0.0,0.0,6.0,0.0,0.0,0.0,0.0,0.0
134022.118,3154.0,1871.0,0.0,0.0,0.0,0.0,0.0,0.0,1.0,0.0,0.0,0.0,0.0,0.0
134032.118,3154.0,1876.0,0.0,0.0,0.0,0.0,0.0,0.0,2.0,0.0,0.0,0.0,0.0,0.0
134042.118,3154.0,1870.0,0.0,0.0,0.0,0.0,0.0,0.0,0.0,0.0,0.0,0.0,0.0,0.0
134052.118,3154.0,1871.0,0.0,0.0,0.0,0.0,0.0,0.0,2.0,0.0,0.0,0.0,0.0,0.0
134062.119,3154.0,1870.0,0.0,0.0,0.0,0.0,0.0,0.0,0.0,0.0,0.0,0.0,0.0,0.0
134072.118,3154.0,1872.0,0.0,0.0,0.0,0.0,0.0,0.0,0.0,0.0,0.0,0.0,0.0,0.0
134082.119,3154.0,1871.0,0.0,0.0,0.0,0.0,0.0,0.0,2.0,0.0,0.0,0.0,0.0,0.0
134092.118,3154.0,1874.0,0.0,0.0,0.0,0.0,0.0,0.0,0.0,0.0,0.0,0.0,0.0,0.0
134102.118,3154.0,1868.0,0.0,0.0,0.0,0.0,0.0,0.0,3.0,0.0,0.0,0.0,0.0,0.0
134112.118,3154.0,1870.0,0.0,0.0,0.0,0.0,0.0,0.0,1.0,0.0,0.0,0.0,0.0,0.0
134122.118,3154.0,1871.0,0.0,0.0,0.0,0.0,0.0,0.0,1.0,0.0,0.0,0.0,0.0,0.0
134132.118,3154.0,1869.0,0.0,0.0,0.0,0.0,0.0,0.0,3.0,0.0,0.0,0.0,0.0,0.0
134142.119,3154.0,1872.0,0.0,0.0,0.0,0.0,0.0,0.0,0.0,0.0,0.0,0.0,0.0,0.0
134152.118,3154.0,1870.0,0.0,0.0,0.0,0.0,0.0,0.0,1.0,0.0,0.0,0.0,0.0,0.0
134162.119,3154.0,1870.0,0.0,0.0,0.0,0.0,0.0,0.0,4.0,0.0,0.0,0.0,0.0,0.0
134172.118,3154.0,1870.0,0.0,0.0,0.0,0.0,0.0,0.0,4.0,0.0,0.0,0.0,0.0,0.0
134182.119,3154.0,1870.0,0.0,0.0,0.0,0.0,0.0,0.0,2.0,0.0,0.0,0.0,0.0,0.0
134192.118,3154.0,1871.0,0.0,0.0,0.0,0.0,0.0,0.0,3.0,0.0,0.0,0.0,0.0,0.0
134202.118,3154.0,1871.0,0.0,0.0,0.0,0.0,0.0,0.0,1.0,0.0,0.0,0.0,0.0,0.0
134212.118,3154.0,1869.0,0.0,0.0,0.0,0.0,0.0,0.0,1.0,0.0,0.0,0.0,0.0,0.0
134222.119,3154.0,1871.0,0.0,0.0,0.0,0.0,0.0,0.0,3.0,0.0,0.0,0.0,0.0,0.0
134232.118,3154.0,1874.0,0.0,0.0,0.0,0.0,0.0,0.0,2.0,0.0,0.0,0.0,0.0,0.0
134242.119,3154.0,1870.0,0.0,0.0,0.0,0.0,0.0,0.0,2.0,0.0,0.0,0.0,0.0,0.0
134252.118,3154.0,1875.0,0.0,0.0,0.0,0.0,0.0,0.0,5.0,0.0,0.0,0.0,0.0,0.0
134262.118,3154.0,1871.0,0.0,0.0,0.0,0.0,0.0,0.0,1.0,0.0,0.0,0.0,0.0,0.0
134272.118,3154.0,1866.0,0.0,0.0,0.0,0.0,0.0,0.0,1.0,0.0,0.0,0.0,0.0,0.0
134282.118,3154.0,1871.0,0.0,0.0,0.0,0.0,0.0,0.0,4.0,0.0,0.0,0.0,0.0,0.0
134292.119,3154.0,1871.0,0.0,0.0,0.0,0.0,0.0,0.0,5.0,0.0,0.0,0.0,0.0,0.0
134302.118,3154.0,1873.0,0.0,0.0,0.0,0.0,0.0,0.0,3.0,0.0,0.0,0.0,0.0,0.0
134312.119,3154.0,1873.0,0.0,0.0,0.0,0.0,0.0,0.0,-2.0,0.0,0.0,0.0,0.0,0.0
134322.118,3154.0,1872.0,0.0,0.0,0.0,0.0,0.0,0.0,-1.0,0.0,0.0,0.0,0.0,0.0
134332.119,3154.0,1870.0,0.0,0.0,0.0,0.0,0.0,0.0,0.0,0.0,0.0,0.0,0.0,0.0
134342.118,3154.0,1874.0,0.0,0.0,0.0,0.0,0.0,0.0,3.0,0.0,0.0,0.0,0.0,0.0
134352.118,3154.0,1870.0,0.0,0.0,0.0,0.0,0.0,0.0,1.0,0.0,0.0,0.0,0.0,0.0
134362.118,3154.0,1871.0,0.0,0.0,0.0,0.0,0.0,0.0,3.0,0.0,0.0,0.0,0.0,0.0
134372.118,3154.0,1871.0,0.0,0.0,0.0,0.0,0.0,0.0,3.0,0.0,0.0,0.0,0.0,0.0
134382.119,3154.0,1874.0,0.0,0.0,0.0,0.0,0.0,0.0,2.0,0.0,0.0,0.0,0.0,0.0
134392.118,3154.0,1870.0,0.0,0.0,0.0,0.0,0.0,0.0,-3.0,0.0,0.0,0.0,0.0,0.0
134402.119,3154.0,1871.0,0.0,0.0,0.0,0.0,0.0,0.0,0.0,0.0,0.0,0.0,0.0,0.0
134412.118,3154.0,1874.0,0.0,0.0,0.0,0.0,0.0,0.0,1.0,0.0,0.0,0.0,0.0,0.0
134422.118,3154.0,1871.0,0.0,0.0,0.0,0.0,0.0,0.0,1.0,0.0,0.0,0.0,0.0,0.0
134432.118,3154.0,1870.0,0.0,0.0,0.0,0.0,0.0,0.0,2.0,0.0,0.0,0.0,0.0,0.0
134442.118,3154.0,1871.0,0.0,0.0,0.0,0.0,0.0,0.0,2.0,0.0,0.0,0.0,0.0,0.0
134452.118,3154.0,1873.0,0.0,0.0,0.0,0.0,0.0,0.0,0.0,0.0,0.0,0.0,0.0,0.0
134462.119,3154.0,1871.0,0.0,0.0,0.0,0.0,0.0,0.0,2.0,0.0,0.0,0.0,0.0,0.0
134472.118,3154.0,1871.0,0.0,0.0,0.0,0.0,0.0,0.0,2.0,0.0,0.0,0.0,0.0,0.0
134482.119,3154.0,1872.0,0.0,0.0,0.0,0.0,0.0,0.0,2.0,0.0,0.0,0.0,0.0,0.0
134492.118,3154.0,1871.0,0.0,0.0,0.0,0.0,0.0,0.0,1.0,0.0,0.0,0.0,0.0,0.0
134502.119,3154.0,1870.0,0.0,0.0,0.0,0.0,0.0,0.0,2.0,0.0,0.0,0.0,0.0,0.0
134512.118,3154.0,1873.0,0.0,0.0,0.0,0.0,0.0,0.0,3.0,0.0,0.0,0.0,0.0,0.0
134522.118,3154.0,1870.0,0.0,0.0,0.0,0.0,0.0,0.0,0.0,0.0,0.0,0.0,0.0,0.0
134532.118,3154.0,1870.0,0.0,0.0,0.0,0.0,0.0,0.0,2.0,0.0,0.0,0.0,0.0,0.0
134542.119,3154.0,1871.0,0.0,0.0,0.0,0.0,0.0,0.0,1.0,0.0,0.0,0.0,0.0,0.0
134552.118,3154.0,1874.0,0.0,0.0,0.0,0.0,0.0,0.0,2.0,0.0,0.0,0.0,0.0,0.0
134562.119,3154.0,1873.0,0.0,0.0,0.0,0.0,0.0,0.0,0.0,0.0,0.0,0.0,0.0,0.0
134572.118,3154.0,1872.0,0.0,0.0,0.0,0.0,0.0,0.0,1.0,0.0,0.0,0.0,0.0,0.0
134582.118,3154.0,1869.0,0.0,0.0,0.0,0.0,0.0,0.0,-1.0,0.0,0.0,0.0,0.0,0.0
134592.118,3154.0,1871.0,0.0,0.0,0.0,0.0,0.0,0.0,2.0,0.0,0.0,0.0,0.0,0.0
134602.118,3154.0,1869.0,0.0,0.0,0.0,0.0,0.0,0.0,-1.0,0.0,0.0,0.0,0.0,0.0
134612.119,3154.0,1869.0,0.0,0.0,0.0,0.0,0.0,0.0,2.0,0.0,0.0,0.0,0.0,0.0
134622.118,3154.0,1871.0,0.0,0.0,0.0,0.0,0.0,0.0,0.0,0.0,0.0,0.0,0.0,0.0
134632.119,3154.0,1871.0,0.0,0.0,0.0,0.0,0.0,0.0,0.0,0.0,0.0,0.0,0.0,0.0
134642.118,3154.0,1871.0,0.0,0.0,0.0,0.0,0.0,0.0,2.0,0.0,0.0,0.0,0.0,0.0
134652.119,3154.0,1871.0,0.0,0.0,0.0,0.0,0.0,0.0,3.0,0.0,0.0,0.0,0.0,0.0
134662.118,3154.0,1872.0,0.0,0.0,0.0,0.0,0.0,0.0,1.0,0.0,0.0,0.0,0.0,0.0
134672.118,3154.0,1871.0,0.0,0.0,0.0,0.0,0.0,0.0,0.0,0.0,0.0,0.0,0.0,0.0
134682.118,3154.0,1874.0,0.0,0.0,0.0,0.0,0.0,0.0,0.0,0.0,0.0,0.0,0.0,0.0
134692.118,3154.0,1872.0,0.0,0.0,0.0,0.0,0.0,0.0,3.0,0.0,0.0,0.0,0.0,0.0
134702.119,3154.0,1872.0,0.0,0.0,0.0,0.0,0.0,0.0,2.0,0.0,0.0,0.0,0.0,0.0
134712.118,3154.0,1872.0,0.0,0.0,0.0,0.0,0.0,0.0,1.0,0.0,0.0,0.0,0.0,0.0
134722.119,3154.0,1870.0,0.0,0.0,0.0,0.0,0.0,0.0,2.0,0.0,0.0,0.0,0.0,0.0
134732.118,3154.0,1871.0,0.0,0.0,0.0,0.0,0.0,0.0,0.0,0.0,0.0,0.0,0.0,0.0
134742.118,3154.0,1872.0,0.0,0.0,0.0,0.0,0.0,0.0,1.0,0.0,0.0,0.0,0.0,0.0
134752.118,3154.0,1871.0,0.0,0.0,0.0,0.0,0.0,0.0,3.0,0.0,0.0,0.0,0.0,0.0
134762.118,3154.0,1873.0,0.0,0.0,0.0,0.0,0.0,0.0,1.0,0.0,0.0,0.0,0.0,0.0
134772.119,3154.0,1872.0,0.0,0.0,0.0,0.0,0.0,0.0,4.0,0.0,0.0,0.0,0.0,0.0
134782.118,3154.0,1870.0,0.0,0.0,0.0,0.0,0.0,0.0,1.0,0.0,0.0,0.0,0.0,0.0
134792.118,3154.0,1870.0,0.0,0.0,0.0,0.0,0.0,0.0,2.0,0.0,0.0,0.0,0.0,0.0
134802.118,3154.0,1874.0,0.0,0.0,0.0,0.0,0.0,0.0,4.0,0.0,0.0,0.0,0.0,0.0
134812.118,3154.0,1871.0,0.0,0.0,0.0,0.0,0.0,0.0,0.0,0.0,0.0,0.0,0.0,0.0
134822.118,3154.0,1872.0,0.0,0.0,0.0,0.0,0.0,0.0,1.0,0.0,0.0,0.0,0.0,0.0
134832.118,3154.0,1871.0,0.0,0.0,0.0,0.0,0.0,0.0,0.0,0.0,0.0,0.0,0.0,0.0
134842.119,3154.0,1872.0,0.0,0.0,0.0,0.0,0.0,0.0,2.0,0.0,0.0,0.0,0.0,0.0
134852.118,3154.0,1869.0,0.0,0.0,0.0,0.0,0.0,0.0,1.0,0.0,0.0,0.0,0.0,0.0
134862.118,3154.0,1871.0,0.0,0.0,0.0,0.0,0.0,0.0,1.0,0.0,0.0,0.0,0.0,0.0
134872.118,3154.0,1869.0,0.0,0.0,0.0,0.0,0.0,0.0,3.0,0.0,0.0,0.0,0.0,0.0
134882.118,3154.0,1871.0,0.0,0.0,0.0,0.0,0.0,0.0,0.0,0.0,0.0,0.0,0.0,0.0
134892.118,3154.0,1871.0,0.0,0.0,0.0,0.0,0.0,0.0,0.0,0.0,0.0,0.0,0.0,0.0
134902.118,3154.0,1874.0,0.0,0.0,0.0,0.0,0.0,0.0,3.0,0.0,0.0,0.0,0.0,0.0
134912.118,3154.0,1871.0,0.0,0.0,0.0,0.0,0.0,0.0,2.0,0.0,0.0,0.0,0.0,0.0
134922.119,3154.0,1870.0,0.0,0.0,0.0,0.0,0.0,0.0,3.0,0.0,0.0,0.0,0.0,0.0
134932.118,3154.0,1870.0,0.0,0.0,0.0,0.0,0.0,0.0,2.0,0.0,0.0,0.0,0.0,0.0
134942.119,3154.0,1868.0,0.0,0.0,0.0,0.0,0.0,0.0,3.0,0.0,0.0,0.0,0.0,0.0
134952.118,3154.0,1872.0,0.0,0.0,0.0,0.0,0.0,0.0,2.0,0.0,0.0,0.0,0.0,0.0
134962.118,3154.0,1869.0,0.0,0.0,0.0,0.0,0.0,0.0,2.0,0.0,0.0,0.0,0.0,0.0
134972.118,3154.0,1871.0,0.0,0.0,0.0,0.0,0.0,0.0,0.0,0.0,0.0,0.0,0.0,0.0
134982.118,3154.0,1872.0,0.0,0.0,0.0,0.0,0.0,0.0,2.0,0.0,0.0,0.0,0.0,0.0
134992.118,3154.0,1872.0,0.0,0.0,0.0,0.0,0.0,0.0,2.0,0.0,0.0,0.0,0.0,0.0
135002.119,3154.0,1873.0,0.0,0.0,0.0,0.0,0.0,0.0,2.0,0.0,0.0,0.0,0.0,0.0
135012.118,3154.0,1871.0,0.0,0.0,0.0,0.0,0.0,0.0,3.0,0.0,0.0,0.0,0.0,0.0
135022.119,3154.0,1872.0,0.0,0.0,0.0,0.0,0.0,0.0,2.0,0.0,0.0,0.0,0.0,0.0
135032.118,3154.0,1873.0,0.0,0.0,0.0,0.0,0.0,0.0,2.0,0.0,0.0,0.0,0.0,0.0
135042.119,3154.0,1869.0,0.0,0.0,0.0,0.0,0.0,0.0,2.0,0.0,0.0,0.0,0.0,0.0
135052.118,3154.0,1875.0,0.0,0.0,0.0,0.0,0.0,0.0,1.0,0.0,0.0,0.0,0.0,0.0
135062.118,3154.0,1871.0,0.0,0.0,0.0,0.0,0.0,0.0,1.0,0.0,0.0,0.0,0.0,0.0
135072.118,3154.0,1868.0,0.0,0.0,0.0,0.0,0.0,0.0,3.0,0.0,0.0,0.0,0.0,0.0
135082.118,3154.0,1871.0,0.0,0.0,0.0,0.0,0.0,0.0,2.0,0.0,0.0,0.0,0.0,0.0
135092.118,3154.0,1873.0,0.0,0.0,0.0,0.0,0.0,0.0,5.0,0.0,0.0,0.0,0.0,0.0
135102.119,3154.0,1871.0,0.0,0.0,0.0,0.0,0.0,0.0,0.0,0.0,0.0,0.0,0.0,0.0
135112.118,3154.0,1871.0,0.0,0.0,0.0,0.0,0.0,0.0,0.0,0.0,0.0,0.0,0.0,0.0
135122.119,3154.0,1871.0,0.0,0.0,0.0,0.0,0.0,0.0,-1.0,0.0,0.0,0.0,0.0,0.0
135132.118,3154.0,1872.0,0.0,0.0,0.0,0.0,0.0,0.0,-1.0,0.0,0.0,0.0,0.0,0.0
135142.119,3154.0,1870.0,0.0,0.0,0.0,0.0,0.0,0.0,4.0,0.0,0.0,0.0,0.0,0.0
135152.118,3154.0,1872.0,0.0,0.0,0.0,0.0,0.0,0.0,0.0,0.0,0.0,0.0,0.0,0.0
135162.118,3154.0,1869.0,0.0,0.0,0.0,0.0,0.0,0.0,1.0,0.0,0.0,0.0,0.0,0.0
135172.118,3154.0,1870.0,0.0,0.0,0.0,0.0,0.0,0.0,1.0,0.0,0.0,0.0,0.0,0.0
135182.119,3154.0,1870.0,0.0,0.0,0.0,0.0,0.0,0.0,1.0,0.0,0.0,0.0,0.0,0.0
135192.118,3154.0,1874.0,0.0,0.0,0.0,0.0,0.0,0.0,1.0,0.0,0.0,0.0,0.0,0.0
135202.119,3154.0,1871.0,0.0,0.0,0.0,0.0,0.0,0.0,0.0,0.0,0.0,0.0,0.0,0.0
135212.118,3154.0,1871.0,0.0,0.0,0.0,0.0,0.0,0.0,-1.0,0.0,0.0,0.0,0.0,0.0
135222.118,3154.0,1870.0,0.0,0.0,0.0,0.0,0.0,0.0,3.0,0.0,0.0,0.0,0.0,0.0
135232.118,3154.0,1869.0,0.0,0.0,0.0,0.0,0.0,0.0,0.0,0.0,0.0,0.0,0.0,0.0
135242.118,3154.0,1871.0,0.0,0.0,0.0,0.0,0.0,0.0,3.0,0.0,0.0,0.0,0.0,0.0
135252.119,3154.0,1870.0,0.0,0.0,0.0,0.0,0.0,0.0,3.0,0.0,0.0,0.0,0.0,0.0
135262.118,3154.0,1869.0,0.0,0.0,0.0,0.0,0.0,0.0,1.0,0.0,0.0,0.0,0.0,0.0
135272.119,3154.0,1872.0,0.0,0.0,0.0,0.0,0.0,0.0,-3.0,0.0,0.0,0.0,0.0,0.0
135282.118,3154.0,1872.0,0.0,0.0,0.0,0.0,0.0,0.0,3.0,0.0,0.0,0.0,0.0,0.0
135292.119,3154.0,1869.0,0.0,0.0,0.0,0.0,0.0,0.0,1.0,0.0,0.0,0.0,0.0,0.0
135302.118,3154.0,1870.0,0.0,0.0,0.0,0.0,0.0,0.0,1.0,0.0,0.0,0.0,0.0,0.0
135312.118,3154.0,1873.0,0.0,0.0,0.0,0.0,0.0,0.0,3.0,0.0,0.0,0.0,0.0,0.0
135322.118,3154.0,1869.0,0.0,0.0,0.0,0.0,0.0,0.0,4.0,0.0,0.0,0.0,0.0,0.0
135332.118,3154.0,1871.0,0.0,0.0,0.0,0.0,0.0,0.0,3.0,0.0,0.0,0.0,0.0,0.0
135342.119,3154.0,1872.0,0.0,0.0,0.0,0.0,0.0,0.0,3.0,0.0,0.0,0.0,0.0,0.0
135352.118,3154.0,1871.0,0.0,0.0,0.0,0.0,0.0,0.0,3.0,0.0,0.0,0.0,0.0,0.0
135362.119,3154.0,1870.0,0.0,0.0,0.0,0.0,0.0,0.0,-1.0,0.0,0.0,0.0,0.0,0.0
135372.118,3154.0,1872.0,0.0,0.0,0.0,0.0,0.0,0.0,4.0,0.0,0.0,0.0,0.0,0.0
135382.118,3154.0,1872.0,0.0,0.0,0.0,0.0,0.0,0.0,5.0,0.0,0.0,0.0,0.0,0.0
135392.118,3154.0,1870.0,0.0,0.0,0.0,0.0,0.0,0.0,1.0,0.0,0.0,0.0,0.0,0.0
135402.118,3154.0,1871.0,0.0,0.0,0.0,0.0,0.0,0.0,2.0,0.0,0.0,0.0,0.0,0.0
135412.118,3154.0,1872.0,0.0,0.0,0.0,0.0,0.0,0.0,2.0,0.0,0.0,0.0,0.0,0.0
135422.119,3154.0,1870.0,0.0,0.0,0.0,0.0,0.0,0.0,3.0,0.0,0.0,0.0,0.0,0.0
135432.118,3154.0,1871.0,0.0,0.0,0.0,0.0,0.0,0.0,3.0,0.0,0.0,0.0,0.0,0.0
135442.119,3154.0,1868.0,0.0,0.0,0.0,0.0,0.0,0.0,2.0,0.0,0.0,0.0,0.0,0.0
135452.118,3154.0,1873.0,0.0,0.0,0.0,0.0,0.0,0.0,1.0,0.0,0.0,0.0,0.0,0.0
135462.119,3154.0,1872.0,0.0,0.0,0.0,0.0,0.0,0.0,3.0,0.0,0.0,0.0,0.0,0.0
135472.118,3154.0,1872.0,0.0,0.0,0.0,0.0,0.0,0.0,0.0,0.0,0.0,0.0,0.0,0.0
135482.118,3154.0,1871.0,0.0,0.0,0.0,0.0,0.0,0.0,3.0,0.0,0.0,0.0,0.0,0.0
135492.118,3154.0,1873.0,0.0,0.0,0.0,0.0,0.0,0.0,4.0,0.0,0.0,0.0,0.0,0.0
135502.119,3154.0,1869.0,0.0,0.0,0.0,0.0,0.0,0.0,0.0,0.0,0.0,0.0,0.0,0.0
135512.118,3154.0,1869.0,0.0,0.0,0.0,0.0,0.0,0.0,2.0,0.0,0.0,0.0,0.0,0.0
135522.119,3154.0,1870.0,0.0,0.0,0.0,0.0,0.0,0.0,0.0,0.0,0.0,0.0,0.0,0.0
135532.118,3154.0,1874.0,0.0,0.0,0.0,0.0,0.0,0.0,-1.0,0.0,0.0,0.0,0.0,0.0
135542.118,3154.0,1873.0,0.0,0.0,0.0,0.0,0.0,0.0,1.0,0.0,0.0,0.0,0.0,0.0
135552.118,3154.0,1871.0,0.0,0.0,0.0,0.0,0.0,0.0,-3.0,0.0,0.0,0.0,0.0,0.0
135562.118,3154.0,1870.0,0.0,0.0,0.0,0.0,0.0,0.0,1.0,0.0,0.0,0.0,0.0,0.0
135572.119,3154.0,1870.0,0.0,0.0,0.0,0.0,0.0,0.0,1.0,0.0,0.0,0.0,0.0,0.0
135582.118,3154.0,1872.0,0.0,0.0,0.0,0.0,0.0,0.0,1.0,0.0,0.0,0.0,0.0,0.0
135592.119,3154.0,1871.0,0.0,0.0,0.0,0.0,0.0,0.0,3.0,0.0,0.0,0.0,0.0,0.0
135602.118,3154.0,1871.0,0.0,0.0,0.0,0.0,0.0,0.0,2.0,0.0,0.0,0.0,0.0,0.0
135612.119,3154.0,1871.0,0.0,0.0,0.0,0.0,0.0,0.0,3.0,0.0,0.0,0.0,0.0,0.0
135622.118,3154.0,1870.0,0.0,0.0,0.0,0.0,0.0,0.0,2.0,0.0,0.0,0.0,0.0,0.0
135632.118,3154.0,1870.0,0.0,0.0,0.0,0.0,0.0,0.0,3.0,0.0,0.0,0.0,0.0,0.0
135642.118,3154.0,1870.0,0.0,0.0,0.0,0.0,0.0,0.0,2.0,0.0,0.0,0.0,0.0,0.0
135652.118,3154.0,1870.0,0.0,0.0,0.0,0.0,0.0,0.0,1.0,0.0,0.0,0.0,0.0,0.0
135662.119,3154.0,1870.0,0.0,0.0,0.0,0.0,0.0,0.0,2.0,0.0,0.0,0.0,0.0,0.0
135672.118,3154.0,1870.0,0.0,0.0,0.0,0.0,0.0,0.0,0.0,0.0,0.0,0.0,0.0,0.0
135682.119,3154.0,1873.0,0.0,0.0,0.0,0.0,0.0,0.0,3.0,0.0,0.0,0.0,0.0,0.0
135692.118,3154.0,1871.0,0.0,0.0,0.0,0.0,0.0,0.0,2.0,0.0,0.0,0.0,0.0,0.0
135702.118,3154.0,1873.0,0.0,0.0,0.0,0.0,0.0,0.0,0.0,0.0,0.0,0.0,0.0,0.0
135712.118,3154.0,1872.0,0.0,0.0,0.0,0.0,0.0,0.0,2.0,0.0,0.0,0.0,0.0,0.0
135722.118,3154.0,1868.0,0.0,0.0,0.0,0.0,0.0,0.0,5.0,0.0,0.0,0.0,0.0,0.0
135732.118,3154.0,1873.0,0.0,0.0,0.0,0.0,0.0,0.0,2.0,0.0,0.0,0.0,0.0,0.0
135742.119,3154.0,1870.0,0.0,0.0,0.0,0.0,0.0,0.0,1.0,0.0,0.0,0.0,0.0,0.0
135752.118,3154.0,1872.0,0.0,0.0,0.0,0.0,0.0,0.0,-1.0,0.0,0.0,0.0,0.0,0.0
135762.119,3154.0,1870.0,0.0,0.0,0.0,0.0,0.0,0.0,0.0,0.0,0.0,0.0,0.0,0.0
135772.118,3154.0,1870.0,0.0,0.0,0.0,0.0,0.0,0.0,1.0,0.0,0.0,0.0,0.0,0.0
135782.119,3154.0,1869.0,0.0,0.0,0.0,0.0,0.0,0.0,3.0,0.0,0.0,0.0,0.0,0.0
135792.118,3154.0,1873.0,0.0,0.0,0.0,0.0,0.0,0.0,1.0,0.0,0.0,0.0,0.0,0.0
135802.118,3154.0,1868.0,0.0,0.0,0.0,0.0,0.0,0.0,0.0,0.0,0.0,0.0,0.0,0.0
135812.118,3154.0,1871.0,0.0,0.0,0.0,0.0,0.0,0.0,1.0,0.0,0.0,0.0,0.0,0.0
135822.119,3154.0,1874.0,0.0,0.0,0.0,0.0,0.0,0.0,3.0,0.0,0.0,0.0,0.0,0.0
135832.118,3154.0,1872.0,0.0,0.0,0.0,0.0,0.0,0.0,-1.0,0.0,0.0,0.0,0.0,0.0
135842.119,3154.0,1872.0,0.0,0.0,0.0,0.0,0.0,0.0,3.0,0.0,0.0,0.0,0.0,0.0
135852.118,3154.0,1873.0,0.0,0.0,0.0,0.0,0.0,0.0,2.0,0.0,0.0,0.0,0.0,0.0
135862.118,3154.0,1873.0,0.0,0.0,0.0,0.0,0.0,0.0,1.0,0.0,0.0,0.0,0.0,0.0
135872.118,3154.0,1870.0,0.0,0.0,0.0,0.0,0.0,0.0,1.0,0.0,0.0,0.0,0.0,0.0
135882.118,3154.0,1872.0,0.0,0.0,0.0,0.0,0.0,0.0,1.0,0.0,0.0,0.0,0.0,0.0
135892.119,3154.0,1868.0,0.0,0.0,0.0,0.0,0.0,0.0,-1.0,0.0,0.0,0.0,0.0,0.0
135902.118,3154.0,1873.0,0.0,0.0,0.0,0.0,0.0,0.0,2.0,0.0,0.0,0.0,0.0,0.0
135912.119,3154.0,1870.0,0.0,0.0,0.0,0.0,0.0,0.0,3.0,0.0,0.0,0.0,0.0,0.0
135922.118,3154.0,1871.0,0.0,0.0,0.0,0.0,0.0,0.0,1.0,0.0,0.0,0.0,0.0,0.0
135932.119,3154.0,1874.0,0.0,0.0,0.0,0.0,0.0,0.0,0.0,0.0,0.0,0.0,0.0,0.0
135942.118,3154.0,1870.0,0.0,0.0,0.0,0.0,0.0,0.0,0.0,0.0,0.0,0.0,0.0,0.0
135952.118,3154.0,1870.0,0.0,0.0,0.0,0.0,0.0,0.0,3.0,0.0,0.0,0.0,0.0,0.0
135962.118,3154.0,1870.0,0.0,0.0,0.0,0.0,0.0,0.0,2.0,0.0,0.0,0.0,0.0,0.0
135972.118,3154.0,1871.0,0.0,0.0,0.0,0.0,0.0,0.0,0.0,0.0,0.0,0.0,0.0,0.0
135982.119,3154.0,1871.0,0.0,0.0,0.0,0.0,0.0,0.0,0.0,0.0,0.0,0.0,0.0,0.0
135992.118,3154.0,1871.0,0.0,0.0,0.0,0.0,0.0,0.0,0.0,0.0,0.0,0.0,0.0,0.0
136002.119,3154.0,1871.0,0.0,0.0,0.0,0.0,0.0,0.0,2.0,0.0,0.0,0.0,0.0,0.0
136012.118,3154.0,1871.0,0.0,0.0,0.0,0.0,0.0,0.0,2.0,0.0,0.0,0.0,0.0,0.0
136022.118,3154.0,1870.0,0.0,0.0,0.0,0.0,0.0,0.0,0.0,0.0,0.0,0.0,0.0,0.0
136032.118,3154.0,1872.0,0.0,0.0,0.0,0.0,0.0,0.0,2.0,0.0,0.0,0.0,0.0,0.0
136042.118,3154.0,1872.0,0.0,0.0,0.0,0.0,0.0,0.0,0.0,0.0,0.0,0.0,0.0,0.0
136052.118,3154.0,1874.0,0.0,0.0,0.0,0.0,0.0,0.0,2.0,0.0,0.0,0.0,0.0,0.0
136062.119,3154.0,1869.0,0.0,0.0,0.0,0.0,0.0,0.0,4.0,0.0,0.0,0.0,0.0,0.0
136072.118,3154.0,1870.0,0.0,0.0,0.0,0.0,0.0,0.0,-1.0,0.0,0.0,0.0,0.0,0.0
136082.119,3154.0,1873.0,0.0,0.0,0.0,0.0,0.0,0.0,3.0,0.0,0.0,0.0,0.0,0.0
136092.118,3154.0,1869.0,0.0,0.0,0.0,0.0,0.0,0.0,2.0,0.0,0.0,0.0,0.0,0.0
136102.119,3154.0,1869.0,0.0,0.0,0.0,0.0,0.0,0.0,2.0,0.0,0.0,0.0,0.0,0.0
136112.118,3154.0,1870.0,0.0,0.0,0.0,0.0,0.0,0.0,2.0,0.0,0.0,0.0,0.0,0.0
136122.118,3154.0,1869.0,0.0,0.0,0.0,0.0,0.0,0.0,2.0,0.0,0.0,0.0,0.0,0.0
136132.118,3154.0,1871.0,0.0,0.0,0.0,0.0,0.0,0.0,2.0,0.0,0.0,0.0,0.0,0.0
136142.119,3154.0,1869.0,0.0,0.0,0.0,0.0,0.0,0.0,1.0,0.0,0.0,0.0,0.0,0.0
136152.118,3154.0,1871.0,0.0,0.0,0.0,0.0,0.0,0.0,2.0,0.0,0.0,0.0,0.0,0.0
136162.119,3154.0,1870.0,0.0,0.0,0.0,0.0,0.0,0.0,4.0,0.0,0.0,0.0,0.0,0.0
136172.118,3154.0,1870.0,0.0,0.0,0.0,0.0,0.0,0.0,0.0,0.0,0.0,0.0,0.0,0.0
136182.118,3154.0,1872.0,0.0,0.0,0.0,0.0,0.0,0.0,1.0,0.0,0.0,0.0,0.0,0.0
136192.118,3154.0,1872.0,0.0,0.0,0.0,0.0,0.0,0.0,2.0,0.0,0.0,0.0,0.0,0.0
136202.118,3154.0,1871.0,0.0,0.0,0.0,0.0,0.0,0.0,2.0,0.0,0.0,0.0,0.0,0.0
136212.119,3154.0,1869.0,0.0,0.0,0.0,0.0,0.0,0.0,3.0,0.0,0.0,0.0,0.0,0.0
136222.118,3154.0,1872.0,0.0,0.0,0.0,0.0,0.0,0.0,3.0,0.0,0.0,0.0,0.0,0.0
136232.119,3154.0,1872.0,0.0,0.0,0.0,0.0,0.0,0.0,2.0,0.0,0.0,0.0,0.0,0.0
136242.118,3154.0,1874.0,0.0,0.0,0.0,0.0,0.0,0.0,2.0,0.0,0.0,0.0,0.0,0.0
136252.119,3154.0,1869.0,0.0,0.0,0.0,0.0,0.0,0.0,-1.0,0.0,0.0,0.0,0.0,0.0
136262.118,3154.0,1869.0,0.0,0.0,0.0,0.0,0.0,0.0,3.0,0.0,0.0,0.0,0.0,0.0
136272.118,3154.0,1871.0,0.0,0.0,0.0,0.0,0.0,0.0,1.0,0.0,0.0,0.0,0.0,0.0
136282.118,3154.0,1872.0,0.0,0.0,0.0,0.0,0.0,0.0,4.0,0.0,0.0,0.0,0.0,0.0
136292.118,3154.0,1873.0,0.0,0.0,0.0,0.0,0.0,0.0,1.0,0.0,0.0,0.0,0.0,0.0
136302.119,3154.0,1872.0,0.0,0.0,0.0,0.0,0.0,0.0,-1.0,0.0,0.0,0.0,0.0,0.0
136312.118,3154.0,1871.0,0.0,0.0,0.0,0.0,0.0,0.0,2.0,0.0,0.0,0.0,0.0,0.0
136322.119,3154.0,1868.0,0.0,0.0,0.0,0.0,0.0,0.0,2.0,0.0,0.0,0.0,0.0,0.0
136332.118,3154.0,1873.0,0.0,0.0,0.0,0.0,0.0,0.0,1.0,0.0,0.0,0.0,0.0,0.0
136342.118,3154.0,1874.0,0.0,0.0,0.0,0.0,0.0,0.0,1.0,0.0,0.0,0.0,0.0,0.0
136352.118,3154.0,1872.0,0.0,0.0,0.0,0.0,0.0,0.0,4.0,0.0,0.0,0.0,0.0,0.0
136362.118,3154.0,1871.0,0.0,0.0,0.0,0.0,0.0,0.0,1.0,0.0,0.0,0.0,0.0,0.0
136372.118,3154.0,1871.0,0.0,0.0,0.0,0.0,0.0,0.0,3.0,0.0,0.0,0.0,0.0,0.0
136382.119,3154.0,1872.0,0.0,0.0,0.0,0.0,0.0,0.0,0.0,0.0,0.0,0.0,0.0,0.0
136392.118,3154.0,1870.0,0.0,0.0,0.0,0.0,0.0,0.0,0.0,0.0,0.0,0.0,0.0,0.0
136402.119,3154.0,1869.0,0.0,0.0,0.0,0.0,0.0,0.0,0.0,0.0,0.0,0.0,0.0,0.0
136412.118,3154.0,1871.0,0.0,0.0,0.0,0.0,0.0,0.0,3.0,0.0,0.0,0.0,0.0,0.0
136422.119,3154.0,1871.0,0.0,0.0,0.0,0.0,0.0,0.0,4.0,0.0,0.0,0.0,0.0,0.0
136432.118,3154.0,1870.0,0.0,0.0,0.0,0.0,0.0,0.0,-1.0,0.0,0.0,0.0,0.0,0.0
136442.118,3154.0,1871.0,0.0,0.0,0.0,0.0,0.0,0.0,3.0,0.0,0.0,0.0,0.0,0.0
136452.118,3154.0,1870.0,0.0,0.0,0.0,0.0,0.0,0.0,2.0,0.0,0.0,0.0,0.0,0.0
136462.119,3154.0,1872.0,0.0,0.0,0.0,0.0,0.0,0.0,3.0,0.0,0.0,0.0,0.0,0.0
136472.118,3154.0,1869.0,0.0,0.0,0.0,0.0,0.0,0.0,3.0,0.0,0.0,0.0,0.0,0.0
136482.119,3154.0,1869.0,0.0,0.0,0.0,0.0,0.0,0.0,0.0,0.0,0.0,0.0,0.0,0.0
136492.118,3154.0,1873.0,0.0,0.0,0.0,0.0,0.0,0.0,2.0,0.0,0.0,0.0,0.0,0.0
136502.118,3154.0,1870.0,0.0,0.0,0.0,0.0,0.0,0.0,0.0,0.0,0.0,0.0,0.0,0.0
136512.118,3154.0,1873.0,0.0,0.0,0.0,0.0,0.0,0.0,4.0,0.0,0.0,0.0,0.0,0.0
136522.118,3154.0,1870.0,0.0,0.0,0.0,0.0,0.0,0.0,0.0,0.0,0.0,0.0,0.0,0.0
136532.119,3154.0,1870.0,0.0,0.0,0.0,0.0,0.0,0.0,2.0,0.0,0.0,0.0,0.0,0.0
136542.118,3154.0,1870.0,0.0,0.0,0.0,0.0,0.0,0.0,0.0,0.0,0.0,0.0,0.0,0.0
136552.119,3154.0,1872.0,0.0,0.0,0.0,0.0,0.0,0.0,3.0,0.0,0.0,0.0,0.0,0.0
136562.118,3154.0,1871.0,0.0,0.0,0.0,0.0,0.0,0.0,2.0,0.0,0.0,0.0,0.0,0.0
136572.119,3154.0,1871.0,0.0,0.0,0.0,0.0,0.0,0.0,0.0,0.0,0.0,0.0,0.0,0.0
136582.118,3154.0,1872.0,0.0,0.0,0.0,0.0,0.0,0.0,0.0,0.0,0.0,0.0,0.0,0.0
136592.118,3154.0,1869.0,0.0,0.0,0.0,0.0,0.0,0.0,1.0,0.0,0.0,0.0,0.0,0.0
136602.118,3154.0,1872.0,0.0,0.0,0.0,0.0,0.0,0.0,1.0,0.0,0.0,0.0,0.0,0.0
136612.118,3154.0,1871.0,0.0,0.0,0.0,0.0,0.0,0.0,2.0,0.0,0.0,0.0,0.0,0.0
136622.119,3154.0,1872.0,0.0,0.0,0.0,0.0,0.0,0.0,3.0,0.0,0.0,0.0,0.0,0.0
136632.118,3154.0,1871.0,0.0,0.0,0.0,0.0,0.0,0.0,0.0,0.0,0.0,0.0,0.0,0.0
136642.119,3154.0,1871.0,0.0,0.0,0.0,0.0,0.0,0.0,3.0,0.0,0.0,0.0,0.0,0.0
136652.118,3154.0,1868.0,0.0,0.0,0.0,0.0,0.0,0.0,1.0,0.0,0.0,0.0,0.0,0.0
136662.118,3154.0,1869.0,0.0,0.0,0.0,0.0,0.0,0.0,3.0,0.0,0.0,0.0,0.0,0.0
136672.118,3154.0,1871.0,0.0,0.0,0.0,0.0,0.0,0.0,-1.0,0.0,0.0,0.0,0.0,0.0
136682.118,3154.0,1873.0,0.0,0.0,0.0,0.0,0.0,0.0,4.0,0.0,0.0,0.0,0.0,0.0
136692.118,3154.0,1871.0,0.0,0.0,0.0,0.0,0.0,0.0,3.0,0.0,0.0,0.0,0.0,0.0
136702.119,3154.0,1870.0,0.0,0.0,0.0,0.0,0.0,0.0,2.0,0.0,0.0,0.0,0.0,0.0
136712.118,3154.0,1871.0,0.0,0.0,0.0,0.0,0.0,0.0,3.0,0.0,0.0,0.0,0.0,0.0
136722.119,3154.0,1873.0,0.0,0.0,0.0,0.0,0.0,0.0,0.0,0.0,0.0,0.0,0.0,0.0
136732.118,3154.0,1873.0,0.0,0.0,0.0,0.0,0.0,0.0,1.0,0.0,0.0,0.0,0.0,0.0
136742.119,3154.0,1869.0,0.0,0.0,0.0,0.0,0.0,0.0,1.0,0.0,0.0,0.0,0.0,0.0
136752.118,3154.0,1873.0,0.0,0.0,0.0,0.0,0.0,0.0,0.0,0.0,0.0,0.0,0.0,0.0
136762.118,3154.0,1868.0,0.0,0.0,0.0,0.0,0.0,0.0,3.0,0.0,0.0,0.0,0.0,0.0
136772.118,3154.0,1870.0,0.0,0.0,0.0,0.0,0.0,0.0,2.0,0.0,0.0,0.0,0.0,0.0
136782.119,3154.0,1869.0,0.0,0.0,0.0,0.0,0.0,0.0,3.0,0.0,0.0,0.0,0.0,0.0
136792.118,3154.0,1872.0,0.0,0.0,0.0,0.0,0.0,0.0,4.0,0.0,0.0,0.0,0.0,0.0
136802.119,3154.0,1871.0,0.0,0.0,0.0,0.0,0.0,0.0,2.0,0.0,0.0,0.0,0.0,0.0
136812.118,3154.0,1870.0,0.0,0.0,0.0,0.0,0.0,0.0,1.0,0.0,0.0,0.0,0.0,0.0
136822.118,3154.0,1868.0,0.0,0.0,0.0,0.0,0.0,0.0,2.0,0.0,0.0,0.0,0.0,0.0
136832.118,3154.0,1872.0,0.0,0.0,0.0,0.0,0.0,0.0,1.0,0.0,0.0,0.0,0.0,0.0
136842.118,3154.0,1871.0,0.0,0.0,0.0,0.0,0.0,0.0,3.0,0.0,0.0,0.0,0.0,0.0
136852.119,3154.0,1871.0,0.0,0.0,0.0,0.0,0.0,0.0,2.0,0.0,0.0,0.0,0.0,0.0
136862.118,3154.0,1871.0,0.0,0.0,0.0,0.0,0.0,0.0,1.0,0.0,0.0,0.0,0.0,0.0
136872.119,3154.0,1870.0,0.0,0.0,0.0,0.0,0.0,0.0,0.0,0.0,0.0,0.0,0.0,0.0
136882.118,3154.0,1873.0,0.0,0.0,0.0,0.0,0.0,0.0,0.0,0.0,0.0,0.0,0.0,0.0
136892.119,3154.0,1873.0,0.0,0.0,0.0,0.0,0.0,0.0,0.0,0.0,0.0,0.0,0.0,0.0
136902.118,3154.0,1872.0,0.0,0.0,0.0,0.0,0.0,0.0,-1.0,0.0,0.0,0.0,0.0,0.0
136912.118,3154.0,1869.0,0.0,0.0,0.0,0.0,0.0,0.0,3.0,0.0,0.0,0.0,0.0,0.0
136922.118,3154.0,1868.0,0.0,0.0,0.0,0.0,0.0,0.0,-1.0,0.0,0.0,0.0,0.0,0.0
136932.118,3154.0,1869.0,0.0,0.0,0.0,0.0,0.0,0.0,0.0,0.0,0.0,0.0,0.0,0.0
136942.119,3154.0,1874.0,0.0,0.0,0.0,0.0,0.0,0.0,2.0,0.0,0.0,0.0,0.0,0.0
136952.118,3154.0,1871.0,0.0,0.0,0.0,0.0,0.0,0.0,3.0,0.0,0.0,0.0,0.0,0.0
136962.119,3154.0,1868.0,0.0,0.0,0.0,0.0,0.0,0.0,1.0,0.0,0.0,0.0,0.0,0.0
136972.118,3154.0,1872.0,0.0,0.0,0.0,0.0,0.0,0.0,1.0,0.0,0.0,0.0,0.0,0.0
136982.118,3154.0,1873.0,0.0,0.0,0.0,0.0,0.0,0.0,3.0,0.0,0.0,0.0,0.0,0.0
136992.118,3154.0,1873.0,0.0,0.0,0.0,0.0,0.0,0.0,-1.0,0.0,0.0,0.0,0.0,0.0
137002.118,3154.0,1872.0,0.0,0.0,0.0,0.0,0.0,0.0,3.0,0.0,0.0,0.0,0.0,0.0
137012.118,3154.0,1870.0,0.0,0.0,0.0,0.0,0.0,0.0,2.0,0.0,0.0,0.0,0.0,0.0
137022.119,3154.0,1872.0,0.0,0.0,0.0,0.0,0.0,0.0,3.0,0.0,0.0,0.0,0.0,0.0
137032.118,3154.0,1871.0,0.0,0.0,0.0,0.0,0.0,0.0,3.0,0.0,0.0,0.0,0.0,0.0
137042.119,3154.0,1873.0,0.0,0.0,0.0,0.0,0.0,0.0,0.0,0.0,0.0,0.0,0.0,0.0
137052.118,3154.0,1870.0,0.0,0.0,0.0,0.0,0.0,0.0,4.0,0.0,0.0,0.0,0.0,0.0
137062.119,3154.0,1870.0,0.0,0.0,0.0,0.0,0.0,0.0,2.0,0.0,0.0,0.0,0.0,0.0
137072.118,3154.0,1872.0,0.0,0.0,0.0,0.0,0.0,0.0,1.0,0.0,0.0,0.0,0.0,0.0
137082.118,3154.0,1871.0,0.0,0.0,0.0,0.0,0.0,0.0,-2.0,0.0,0.0,0.0,0.0,0.0
137092.118,3154.0,1870.0,0.0,0.0,0.0,0.0,0.0,0.0,2.0,0.0,0.0,0.0,0.0,0.0
137102.119,3154.0,1871.0,0.0,0.0,0.0,0.0,0.0,0.0,3.0,0.0,0.0,0.0,0.0,0.0
137112.118,3154.0,1871.0,0.0,0.0,0.0,0.0,0.0,0.0,-1.0,0.0,0.0,0.0,0.0,0.0
137122.119,3154.0,1869.0,0.0,0.0,0.0,0.0,0.0,0.0,1.0,0.0,0.0,0.0,0.0,0.0
137132.118,3154.0,1869.0,0.0,0.0,0.0,0.0,0.0,0.0,2.0,0.0,0.0,0.0,0.0,0.0
137142.118,3154.0,1873.0,0.0,0.0,0.0,0.0,0.0,0.0,1.0,0.0,0.0,0.0,0.0,0.0
137152.118,3154.0,1873.0,0.0,0.0,0.0,0.0,0.0,0.0,4.0,0.0,0.0,0.0,0.0,0.0
137162.118,3154.0,1873.0,0.0,0.0,0.0,0.0,0.0,0.0,6.0,0.0,0.0,0.0,0.0,0.0
137172.119,3154.0,1872.0,0.0,0.0,0.0,0.0,0.0,0.0,1.0,0.0,0.0,0.0,0.0,0.0
137182.118,3154.0,1872.0,0.0,0.0,0.0,0.0,0.0,0.0,2.0,0.0,0.0,0.0,0.0,0.0
137192.119,3154.0,1869.0,0.0,0.0,0.0,0.0,0.0,0.0,4.0,0.0,0.0,0.0,0.0,0.0
137202.118,3154.0,1872.0,0.0,0.0,0.0,0.0,0.0,0.0,2.0,0.0,0.0,0.0,0.0,0.0
137212.119,3154.0,1873.0,0.0,0.0,0.0,0.0,0.0,0.0,2.0,0.0,0.0,0.0,0.0,0.0
137222.118,3154.0,1870.0,0.0,0.0,0.0,0.0,0.0,0.0,0.0,0.0,0.0,0.0,0.0,0.0
137232.118,3154.0,1871.0,0.0,0.0,0.0,0.0,0.0,0.0,0.0,0.0,0.0,0.0,0.0,0.0
137242.118,3154.0,1873.0,0.0,0.0,0.0,0.0,0.0,0.0,1.0,0.0,0.0,0.0,0.0,0.0
137252.118,3154.0,1873.0,0.0,0.0,0.0,0.0,0.0,0.0,-1.0,0.0,0.0,0.0,0.0,0.0
137262.119,3154.0,1871.0,0.0,0.0,0.0,0.0,0.0,0.0,0.0,0.0,0.0,0.0,0.0,0.0
137272.118,3154.0,1873.0,0.0,0.0,0.0,0.0,0.0,0.0,0.0,0.0,0.0,0.0,0.0,0.0
137282.119,3154.0,1869.0,0.0,0.0,0.0,0.0,0.0,0.0,3.0,0.0,0.0,0.0,0.0,0.0
137292.118,3154.0,1872.0,0.0,0.0,0.0,0.0,0.0,0.0,3.0,0.0,0.0,0.0,0.0,0.0
137302.118,3154.0,1870.0,0.0,0.0,0.0,0.0,0.0,0.0,2.0,0.0,0.0,0.0,0.0,0.0
137312.118,3154.0,1874.0,0.0,0.0,0.0,0.0,0.0,0.0,2.0,0.0,0.0,0.0,0.0,0.0
137322.118,3154.0,1870.0,0.0,0.0,0.0,0.0,0.0,0.0,1.0,0.0,0.0,0.0,0.0,0.0
137332.118,3154.0,1873.0,0.0,0.0,0.0,0.0,0.0,0.0,-1.0,0.0,0.0,0.0,0.0,0.0
137342.119,3154.0,1871.0,0.0,0.0,0.0,0.0,0.0,0.0,2.0,0.0,0.0,0.0,0.0,0.0
137352.118,3154.0,1869.0,0.0,0.0,0.0,0.0,0.0,0.0,1.0,0.0,0.0,0.0,0.0,0.0
137362.119,3154.0,1871.0,0.0,0.0,0.0,0.0,0.0,0.0,3.0,0.0,0.0,0.0,0.0,0.0
137372.118,3154.0,1873.0,0.0,0.0,0.0,0.0,0.0,0.0,3.0,0.0,0.0,0.0,0.0,0.0
137382.119,3154.0,1871.0,0.0,0.0,0.0,0.0,0.0,0.0,0.0,0.0,0.0,0.0,0.0,0.0
137392.118,3154.0,1869.0,0.0,0.0,0.0,0.0,0.0,0.0,0.0,0.0,0.0,0.0,0.0,0.0
137402.118,3154.0,1872.0,0.0,0.0,0.0,0.0,0.0,0.0,2.0,0.0,0.0,0.0,0.0,0.0
137412.118,3154.0,1871.0,0.0,0.0,0.0,0.0,0.0,0.0,2.0,0.0,0.0,0.0,0.0,0.0
137422.119,3154.0,1873.0,0.0,0.0,0.0,0.0,0.0,0.0,2.0,0.0,0.0,0.0,0.0,0.0
137432.118,3154.0,1870.0,0.0,0.0,0.0,0.0,0.0,0.0,0.0,0.0,0.0,0.0,0.0,0.0
137442.119,3154.0,1872.0,0.0,0.0,0.0,0.0,0.0,0.0,2.0,0.0,0.0,0.0,0.0,0.0
137452.118,3154.0,1868.0,0.0,0.0,0.0,0.0,0.0,0.0,1.0,0.0,0.0,0.0,0.0,0.0
137462.118,3154.0,1871.0,0.0,0.0,0.0,0.0,0.0,0.0,2.0,0.0,0.0,0.0,0.0,0.0
137472.118,3154.0,1873.0,0.0,0.0,0.0,0.0,0.0,0.0,0.0,0.0,0.0,0.0,0.0,0.0
137482.118,3154.0,1872.0,0.0,0.0,0.0,0.0,0.0,0.0,2.0,0.0,0.0,0.0,0.0,0.0
137492.119,3154.0,1872.0,0.0,0.0,0.0,0.0,0.0,0.0,4.0,0.0,0.0,0.0,0.0,0.0
137502.118,3154.0,1874.0,0.0,0.0,0.0,0.0,0.0,0.0,2.0,0.0,0.0,0.0,0.0,0.0
137512.119,3154.0,1869.0,0.0,0.0,0.0,0.0,0.0,0.0,1.0,0.0,0.0,0.0,0.0,0.0
137522.118,3154.0,1873.0,0.0,0.0,0.0,0.0,0.0,0.0,0.0,0.0,0.0,0.0,0.0,0.0
137532.119,3154.0,1871.0,0.0,0.0,0.0,0.0,0.0,0.0,2.0,0.0,0.0,0.0,0.0,0.0
137542.118,3154.0,1873.0,0.0,0.0,0.0,0.0,0.0,0.0,2.0,0.0,0.0,0.0,0.0,0.0
137552.118,3154.0,1869.0,0.0,0.0,0.0,0.0,0.0,0.0,2.0,0.0,0.0,0.0,0.0,0.0
137562.118,3154.0,1875.0,0.0,0.0,0.0,0.0,0.0,0.0,2.0,0.0,0.0,0.0,0.0,0.0
137572.118,3154.0,1870.0,0.0,0.0,0.0,0.0,0.0,0.0,1.0,0.0,0.0,0.0,0.0,0.0
137582.119,3154.0,1867.0,0.0,0.0,0.0,0.0,0.0,0.0,0.0,0.0,0.0,0.0,0.0,0.0
137592.118,3154.0,1869.0,0.0,0.0,0.0,0.0,0.0,0.0,0.0,0.0,0.0,0.0,0.0,0.0
137602.119,3154.0,1870.0,0.0,0.0,0.0,0.0,0.0,0.0,1.0,0.0,0.0,0.0,0.0,0.0
137612.118,3154.0,1870.0,0.0,0.0,0.0,0.0,0.0,0.0,-3.0,0.0,0.0,0.0,0.0,0.0
137622.118,3154.0,1873.0,0.0,0.0,0.0,0.0,0.0,0.0,4.0,0.0,0.0,0.0,0.0,0.0
137632.118,3154.0,1871.0,0.0,0.0,0.0,0.0,0.0,0.0,0.0,0.0,0.0,0.0,0.0,0.0
137642.118,3154.0,1873.0,0.0,0.0,0.0,0.0,0.0,0.0,1.0,0.0,0.0,0.0,0.0,0.0
137652.118,3154.0,1873.0,0.0,0.0,0.0,0.0,0.0,0.0,2.0,0.0,0.0,0.0,0.0,0.0
137662.119,3154.0,1871.0,0.0,0.0,0.0,0.0,0.0,0.0,3.0,0.0,0.0,0.0,0.0,0.0
137672.118,3154.0,1868.0,0.0,0.0,0.0,0.0,0.0,0.0,3.0,0.0,0.0,0.0,0.0,0.0
137682.119,3154.0,1870.0,0.0,0.0,0.0,0.0,0.0,0.0,1.0,0.0,0.0,0.0,0.0,0.0
137692.118,3154.0,1872.0,0.0,0.0,0.0,0.0,0.0,0.0,-2.0,0.0,0.0,0.0,0.0,0.0
137702.119,3154.0,1872.0,0.0,0.0,0.0,0.0,0.0,0.0,0.0,0.0,0.0,0.0,0.0,0.0
137712.118,3154.0,1868.0,0.0,0.0,0.0,0.0,0.0,0.0,2.0,0.0,0.0,0.0,0.0,0.0
137722.118,3154.0,1873.0,0.0,0.0,0.0,0.0,0.0,0.0,2.0,0.0,0.0,0.0,0.0,0.0
137732.118,3154.0,1869.0,0.0,0.0,0.0,0.0,0.0,0.0,0.0,0.0,0.0,0.0,0.0,0.0
137742.119,3154.0,1872.0,0.0,0.0,0.0,0.0,0.0,0.0,2.0,0.0,0.0,0.0,0.0,0.0
137752.118,3154.0,1869.0,0.0,0.0,0.0,0.0,0.0,0.0,1.0,0.0,0.0,0.0,0.0,0.0
137762.119,3154.0,1869.0,0.0,0.0,0.0,0.0,0.0,0.0,1.0,0.0,0.0,0.0,0.0,0.0
137772.118,3154.0,1870.0,0.0,0.0,0.0,0.0,0.0,0.0,1.0,0.0,0.0,0.0,0.0,0.0
137782.118,3154.0,1873.0,0.0,0.0,0.0,0.0,0.0,0.0,3.0,0.0,0.0,0.0,0.0,0.0
137792.118,3154.0,1872.0,0.0,0.0,0.0,0.0,0.0,0.0,3.0,0.0,0.0,0.0,0.0,0.0
137802.118,3154.0,1870.0,0.0,0.0,0.0,0.0,0.0,0.0,3.0,0.0,0.0,0.0,0.0,0.0
137812.119,3154.0,1870.0,0.0,0.0,0.0,0.0,0.0,0.0,1.0,0.0,0.0,0.0,0.0,0.0
137822.118,3154.0,1870.0,0.0,0.0,0.0,0.0,0.0,0.0,1.0,0.0,0.0,0.0,0.0,0.0
137832.119,3154.0,1870.0,0.0,0.0,0.0,0.0,0.0,0.0,2.0,0.0,0.0,0.0,0.0,0.0
137842.118,3154.0,1872.0,0.0,0.0,0.0,0.0,0.0,0.0,3.0,0.0,0.0,0.0,0.0,0.0
137852.119,3154.0,1873.0,0.0,0.0,0.0,0.0,0.0,0.0,2.0,0.0,0.0,0.0,0.0,0.0
137862.118,3154.0,1867.0,0.0,0.0,0.0,0.0,0.0,0.0,2.0,0.0,0.0,0.0,0.0,0.0
137872.118,3154.0,1871.0,0.0,0.0,0.0,0.0,0.0,0.0,1.0,0.0,0.0,0.0,0.0,0.0
137882.118,3154.0,1873.0,0.0,0.0,0.0,0.0,0.0,0.0,2.0,0.0,0.0,0.0,0.0,0.0
137892.118,3154.0,1869.0,0.0,0.0,0.0,0.0,0.0,0.0,1.0,0.0,0.0,0.0,0.0,0.0
137902.119,3154.0,1870.0,0.0,0.0,0.0,0.0,0.0,0.0,1.0,0.0,0.0,0.0,0.0,0.0
137912.118,3154.0,1869.0,0.0,0.0,0.0,0.0,0.0,0.0,0.0,0.0,0.0,0.0,0.0,0.0
137922.119,3154.0,1874.0,0.0,0.0,0.0,0.0,0.0,0.0,0.0,0.0,0.0,0.0,0.0,0.0
137932.118,3154.0,1870.0,0.0,0.0,0.0,0.0,0.0,0.0,-1.0,0.0,0.0,0.0,0.0,0.0
137942.118,3154.0,1870.0,0.0,0.0,0.0,0.0,0.0,0.0,0.0,0.0,0.0,0.0,0.0,0.0
137952.118,3154.0,1873.0,0.0,0.0,0.0,0.0,0.0,0.0,2.0,0.0,0.0,0.0,0.0,0.0
137962.118,3154.0,1872.0,0.0,0.0,0.0,0.0,0.0,0.0,2.0,0.0,0.0,0.0,0.0,0.0
137972.118,3154.0,1873.0,0.0,0.0,0.0,0.0,0.0,0.0,1.0,0.0,0.0,0.0,0.0,0.0
137982.119,3154.0,1869.0,0.0,0.0,0.0,0.0,0.0,0.0,1.0,0.0,0.0,0.0,0.0,0.0
137992.118,3154.0,1871.0,0.0,0.0,0.0,0.0,0.0,0.0,1.0,0.0,0.0,0.0,0.0,0.0
138002.119,3154.0,1870.0,0.0,0.0,0.0,0.0,0.0,0.0,1.0,0.0,0.0,0.0,0.0,0.0
138012.118,3154.0,1870.0,0.0,0.0,0.0,0.0,0.0,0.0,3.0,0.0,0.0,0.0,0.0,0.0
138022.119,3154.0,1873.0,0.0,0.0,0.0,0.0,0.0,0.0,4.0,0.0,0.0,0.0,0.0,0.0
138032.118,3154.0,1870.0,0.0,0.0,0.0,0.0,0.0,0.0,1.0,0.0,0.0,0.0,0.0,0.0
138042.118,3154.0,1871.0,0.0,0.0,0.0,0.0,0.0,0.0,2.0,0.0,0.0,0.0,0.0,0.0
138052.118,3154.0,1870.0,0.0,0.0,0.0,0.0,0.0,0.0,0.0,0.0,0.0,0.0,0.0,0.0
138062.119,3154.0,1871.0,0.0,0.0,0.0,0.0,0.0,0.0,1.0,0.0,0.0,0.0,0.0,0.0
138072.118,3154.0,1870.0,0.0,0.0,0.0,0.0,0.0,0.0,1.0,0.0,0.0,0.0,0.0,0.0
138082.119,3154.0,1871.0,0.0,0.0,0.0,0.0,0.0,0.0,1.0,0.0,0.0,0.0,0.0,0.0
138092.118,3154.0,1873.0,0.0,0.0,0.0,0.0,0.0,0.0,3.0,0.0,0.0,0.0,0.0,0.0
138102.118,3154.0,1872.0,0.0,0.0,0.0,0.0,0.0,0.0,3.0,0.0,0.0,0.0,0.0,0.0
138112.118,3154.0,1873.0,0.0,0.0,0.0,0.0,0.0,0.0,3.0,0.0,0.0,0.0,0.0,0.0
138122.118,3154.0,1870.0,0.0,0.0,0.0,0.0,0.0,0.0,0.0,0.0,0.0,0.0,0.0,0.0
138132.119,3154.0,1871.0,0.0,0.0,0.0,0.0,0.0,0.0,1.0,0.0,0.0,0.0,0.0,0.0
138142.118,3154.0,1870.0,0.0,0.0,0.0,0.0,0.0,0.0,0.0,0.0,0.0,0.0,0.0,0.0
138152.119,3154.0,1872.0,0.0,0.0,0.0,0.0,0.0,0.0,3.0,0.0,0.0,0.0,0.0,0.0
138162.118,3154.0,1872.0,0.0,0.0,0.0,0.0,0.0,0.0,0.0,0.0,0.0,0.0,0.0,0.0
138172.119,3154.0,1872.0,0.0,0.0,0.0,0.0,0.0,0.0,1.0,0.0,0.0,0.0,0.0,0.0
138182.118,3154.0,1871.0,0.0,0.0,0.0,0.0,0.0,0.0,0.0,0.0,0.0,0.0,0.0,0.0
138192.118,3154.0,1870.0,0.0,0.0,0.0,0.0,0.0,0.0,1.0,0.0,0.0,0.0,0.0,0.0
138202.118,3154.0,1870.0,0.0,0.0,0.0,0.0,0.0,0.0,3.0,0.0,0.0,0.0,0.0,0.0
138212.118,3154.0,1873.0,0.0,0.0,0.0,0.0,0.0,0.0,4.0,0.0,0.0,0.0,0.0,0.0
138222.119,3154.0,1870.0,0.0,0.0,0.0,0.0,0.0,0.0,4.0,0.0,0.0,0.0,0.0,0.0
138232.118,3154.0,1872.0,0.0,0.0,0.0,0.0,0.0,0.0,2.0,0.0,0.0,0.0,0.0,0.0
138242.119,3154.0,1871.0,0.0,0.0,0.0,0.0,0.0,0.0,2.0,0.0,0.0,0.0,0.0,0.0
138252.118,3154.0,1873.0,0.0,0.0,0.0,0.0,0.0,0.0,1.0,0.0,0.0,0.0,0.0,0.0
138262.118,3154.0,1869.0,0.0,0.0,0.0,0.0,0.0,0.0,0.0,0.0,0.0,0.0,0.0,0.0
138272.118,3154.0,1871.0,0.0,0.0,0.0,0.0,0.0,0.0,1.0,0.0,0.0,0.0,0.0,0.0
138282.118,3154.0,1872.0,0.0,0.0,0.0,0.0,0.0,0.0,0.0,0.0,0.0,0.0,0.0,0.0
138292.118,3154.0,1870.0,0.0,0.0,0.0,0.0,0.0,0.0,2.0,0.0,0.0,0.0,0.0,0.0
138302.119,3154.0,1870.0,0.0,0.0,0.0,0.0,0.0,0.0,2.0,0.0,0.0,0.0,0.0,0.0
138312.118,3154.0,1870.0,0.0,0.0,0.0,0.0,0.0,0.0,1.0,0.0,0.0,0.0,0.0,0.0
138322.119,3154.0,1873.0,0.0,0.0,0.0,0.0,0.0,0.0,0.0,0.0,0.0,0.0,0.0,0.0
138332.118,3154.0,1871.0,0.0,0.0,0.0,0.0,0.0,0.0,1.0,0.0,0.0,0.0,0.0,0.0
138342.119,3154.0,1871.0,0.0,0.0,0.0,0.0,0.0,0.0,2.0,0.0,0.0,0.0,0.0,0.0
138352.118,3154.0,1872.0,0.0,0.0,0.0,0.0,0.0,0.0,3.0,0.0,0.0,0.0,0.0,0.0
138362.118,3154.0,1871.0,0.0,0.0,0.0,0.0,0.0,0.0,-1.0,0.0,0.0,0.0,0.0,0.0
138372.118,3154.0,1870.0,0.0,0.0,0.0,0.0,0.0,0.0,3.0,0.0,0.0,0.0,0.0,0.0
138382.119,3154.0,1871.0,0.0,0.0,0.0,0.0,0.0,0.0,4.0,0.0,0.0,0.0,0.0,0.0
138392.118,3154.0,1871.0,0.0,0.0,0.0,0.0,0.0,0.0,0.0,0.0,0.0,0.0,0.0,0.0
138402.119,3154.0,1871.0,0.0,0.0,0.0,0.0,0.0,0.0,1.0,0.0,0.0,0.0,0.0,0.0
138412.118,3154.0,1871.0,0.0,0.0,0.0,0.0,0.0,0.0,0.0,0.0,0.0,0.0,0.0,0.0
138422.118,3154.0,1870.0,0.0,0.0,0.0,0.0,0.0,0.0,4.0,0.0,0.0,0.0,0.0,0.0
138432.118,3154.0,1870.0,0.0,0.0,0.0,0.0,0.0,0.0,1.0,0.0,0.0,0.0,0.0,0.0
138442.118,3154.0,1873.0,0.0,0.0,0.0,0.0,0.0,0.0,3.0,0.0,0.0,0.0,0.0,0.0
138452.119,3154.0,1872.0,0.0,0.0,0.0,0.0,0.0,0.0,4.0,0.0,0.0,0.0,0.0,0.0
138462.118,3154.0,1869.0,0.0,0.0,0.0,0.0,0.0,0.0,2.0,0.0,0.0,0.0,0.0,0.0
138472.119,3154.0,1872.0,0.0,0.0,0.0,0.0,0.0,0.0,3.0,0.0,0.0,0.0,0.0,0.0
138482.118,3154.0,1872.0,0.0,0.0,0.0,0.0,0.0,0.0,2.0,0.0,0.0,0.0,0.0,0.0
138492.119,3154.0,1871.0,0.0,0.0,0.0,0.0,0.0,0.0,1.0,0.0,0.0,0.0,0.0,0.0
138502.118,3154.0,1871.0,0.0,0.0,0.0,0.0,0.0,0.0,2.0,0.0,0.0,0.0,0.0,0.0
138512.118,3154.0,1874.0,0.0,0.0,0.0,0.0,0.0,0.0,0.0,0.0,0.0,0.0,0.0,0.0
138522.118,3154.0,1872.0,0.0,0.0,0.0,0.0,0.0,0.0,3.0,0.0,0.0,0.0,0.0,0.0
138532.118,3154.0,1869.0,0.0,0.0,0.0,0.0,0.0,0.0,0.0,0.0,0.0,0.0,0.0,0.0
138542.119,3154.0,1870.0,0.0,0.0,0.0,0.0,0.0,0.0,3.0,0.0,0.0,0.0,0.0,0.0
138552.118,3154.0,1866.0,0.0,0.0,0.0,0.0,0.0,0.0,1.0,0.0,0.0,0.0,0.0,0.0
138562.119,3154.0,1869.0,0.0,0.0,0.0,0.0,0.0,0.0,-1.0,0.0,0.0,0.0,0.0,0.0
138572.118,3154.0,1871.0,0.0,0.0,0.0,0.0,0.0,0.0,1.0,0.0,0.0,0.0,0.0,0.0
138582.118,3154.0,1870.0,0.0,0.0,0.0,0.0,0.0,0.0,1.0,0.0,0.0,0.0,0.0,0.0
138592.118,3154.0,1871.0,0.0,0.0,0.0,0.0,0.0,0.0,-1.0,0.0,0.0,0.0,0.0,0.0
138602.118,3154.0,1871.0,0.0,0.0,0.0,0.0,0.0,0.0,-1.0,0.0,0.0,0.0,0.0,0.0
138612.118,3154.0,1871.0,0.0,0.0,0.0,0.0,0.0,0.0,3.0,0.0,0.0,0.0,0.0,0.0
138622.119,3154.0,1873.0,0.0,0.0,0.0,0.0,0.0,0.0,4.0,0.0,0.0,0.0,0.0,0.0
138632.118,3154.0,1871.0,0.0,0.0,0.0,0.0,0.0,0.0,2.0,0.0,0.0,0.0,0.0,0.0
138642.119,3154.0,1873.0,0.0,0.0,0.0,0.0,0.0,0.0,1.0,0.0,0.0,0.0,0.0,0.0
138652.118,3154.0,1871.0,0.0,0.0,0.0,0.0,0.0,0.0,4.0,0.0,0.0,0.0,0.0,0.0
138662.119,3154.0,1871.0,0.0,0.0,0.0,0.0,0.0,0.0,1.0,0.0,0.0,0.0,0.0,0.0
138672.118,3154.0,1870.0,0.0,0.0,0.0,0.0,0.0,0.0,1.0,0.0,0.0,0.0,0.0,0.0
138682.118,3154.0,1870.0,0.0,0.0,0.0,0.0,0.0,0.0,2.0,0.0,0.0,0.0,0.0,0.0
138692.118,3154.0,1871.0,0.0,0.0,0.0,0.0,0.0,0.0,1.0,0.0,0.0,0.0,0.0,0.0
138702.119,3154.0,1869.0,0.0,0.0,0.0,0.0,0.0,0.0,1.0,0.0,0.0,0.0,0.0,0.0
138712.118,3154.0,1873.0,0.0,0.0,0.0,0.0,0.0,0.0,2.0,0.0,0.0,0.0,0.0,0.0
138722.119,3154.0,1872.0,0.0,0.0,0.0,0.0,0.0,0.0,-1.0,0.0,0.0,0.0,0.0,0.0
138732.118,3154.0,1872.0,0.0,0.0,0.0,0.0,0.0,0.0,-1.0,0.0,0.0,0.0,0.0,0.0
138742.118,3154.0,1870.0,0.0,0.0,0.0,0.0,0.0,0.0,-1.0,0.0,0.0,0.0,0.0,0.0
138752.118,3154.0,1870.0,0.0,0.0,0.0,0.0,0.0,0.0,4.0,0.0,0.0,0.0,0.0,0.0
138762.118,3154.0,1871.0,0.0,0.0,0.0,0.0,0.0,0.0,1.0,0.0,0.0,0.0,0.0,0.0
138772.119,3154.0,1869.0,0.0,0.0,0.0,0.0,0.0,0.0,-1.0,0.0,0.0,0.0,0.0,0.0
138782.118,3154.0,1873.0,0.0,0.0,0.0,0.0,0.0,0.0,3.0,0.0,0.0,0.0,0.0,0.0
138792.119,3154.0,1870.0,0.0,0.0,0.0,0.0,0.0,0.0,3.0,0.0,0.0,0.0,0.0,0.0
138802.118,3154.0,1870.0,0.0,0.0,0.0,0.0,0.0,0.0,1.0,0.0,0.0,0.0,0.0,0.0
138812.119,3154.0,1871.0,0.0,0.0,0.0,0.0,0.0,0.0,2.0,0.0,0.0,0.0,0.0,0.0
138822.118,3154.0,1868.0,0.0,0.0,0.0,0.0,0.0,0.0,3.0,0.0,0.0,0.0,0.0,0.0
138832.118,3154.0,1870.0,0.0,0.0,0.0,0.0,0.0,0.0,3.0,0.0,0.0,0.0,0.0,0.0
138842.118,3154.0,1870.0,0.0,0.0,0.0,0.0,0.0,0.0,-1.0,0.0,0.0,0.0,0.0,0.0
138852.118,3154.0,1871.0,0.0,0.0,0.0,0.0,0.0,0.0,0.0,0.0,0.0,0.0,0.0,0.0
138862.119,3154.0,1871.0,0.0,0.0,0.0,0.0,0.0,0.0,2.0,0.0,0.0,0.0,0.0,0.0
138872.118,3154.0,1873.0,0.0,0.0,0.0,0.0,0.0,0.0,0.0,0.0,0.0,0.0,0.0,0.0
138882.119,3154.0,1871.0,0.0,0.0,0.0,0.0,0.0,0.0,2.0,0.0,0.0,0.0,0.0,0.0
138892.118,3154.0,1873.0,0.0,0.0,0.0,0.0,0.0,0.0,1.0,0.0,0.0,0.0,0.0,0.0
138902.118,3154.0,1872.0,0.0,0.0,0.0,0.0,0.0,0.0,1.0,0.0,0.0,0.0,0.0,0.0
138912.118,3154.0,1875.0,0.0,0.0,0.0,0.0,0.0,0.0,2.0,0.0,0.0,0.0,0.0,0.0
138922.118,3154.0,1871.0,0.0,0.0,0.0,0.0,0.0,0.0,2.0,0.0,0.0,0.0,0.0,0.0
138932.118,3154.0,1871.0,0.0,0.0,0.0,0.0,0.0,0.0,2.0,0.0,0.0,0.0,0.0,0.0
138942.119,3154.0,1872.0,0.0,0.0,0.0,0.0,0.0,0.0,0.0,0.0,0.0,0.0,0.0,0.0
138952.118,3154.0,1869.0,0.0,0.0,0.0,0.0,0.0,0.0,3.0,0.0,0.0,0.0,0.0,0.0
138962.119,3154.0,1869.0,0.0,0.0,0.0,0.0,0.0,0.0,3.0,0.0,0.0,0.0,0.0,0.0
138972.118,3154.0,1873.0,0.0,0.0,0.0,0.0,0.0,0.0,1.0,0.0,0.0,0.0,0.0,0.0
138982.119,3154.0,1874.0,0.0,0.0,0.0,0.0,0.0,0.0,2.0,0.0,0.0,0.0,0.0,0.0
138992.118,3154.0,1872.0,0.0,0.0,0.0,0.0,0.0,0.0,3.0,0.0,0.0,0.0,0.0,0.0
139002.118,3154.0,1870.0,0.0,0.0,0.0,0.0,0.0,0.0,1.0,0.0,0.0,0.0,0.0,0.0
139012.118,3154.0,1871.0,0.0,0.0,0.0,0.0,0.0,0.0,1.0,0.0,0.0,0.0,0.0,0.0
139022.119,3154.0,1873.0,0.0,0.0,0.0,0.0,0.0,0.0,2.0,0.0,0.0,0.0,0.0,0.0
139032.118,3154.0,1873.0,0.0,0.0,0.0,0.0,0.0,0.0,2.0,0.0,0.0,0.0,0.0,0.0
139042.119,3154.0,1872.0,0.0,0.0,0.0,0.0,0.0,0.0,5.0,0.0,0.0,0.0,0.0,0.0
139052.118,3154.0,1869.0,0.0,0.0,0.0,0.0,0.0,0.0,0.0,0.0,0.0,0.0,0.0,0.0
139062.118,3154.0,1874.0,0.0,0.0,0.0,0.0,0.0,0.0,4.0,0.0,0.0,0.0,0.0,0.0
139072.118,3154.0,1871.0,0.0,0.0,0.0,0.0,0.0,0.0,1.0,0.0,0.0,0.0,0.0,0.0
139082.118,3154.0,1870.0,0.0,0.0,0.0,0.0,0.0,0.0,2.0,0.0,0.0,0.0,0.0,0.0
139092.119,3154.0,1870.0,0.0,0.0,0.0,0.0,0.0,0.0,1.0,0.0,0.0,0.0,0.0,0.0
139102.118,3154.0,1872.0,0.0,0.0,0.0,0.0,0.0,0.0,0.0,0.0,0.0,0.0,0.0,0.0
139112.119,3154.0,1871.0,0.0,0.0,0.0,0.0,0.0,0.0,1.0,0.0,0.0,0.0,0.0,0.0
139122.118,3154.0,1873.0,0.0,0.0,0.0,0.0,0.0,0.0,2.0,0.0,0.0,0.0,0.0,0.0
139132.119,3154.0,1871.0,0.0,0.0,0.0,0.0,0.0,0.0,0.0,0.0,0.0,0.0,0.0,0.0
139142.118,3154.0,1870.0,0.0,0.0,0.0,0.0,0.0,0.0,0.0,0.0,0.0,0.0,0.0,0.0
139152.118,3154.0,1871.0,0.0,0.0,0.0,0.0,0.0,0.0,2.0,0.0,0.0,0.0,0.0,0.0
139162.118,3154.0,1870.0,0.0,0.0,0.0,0.0,0.0,0.0,3.0,0.0,0.0,0.0,0.0,0.0
139172.118,3154.0,1870.0,0.0,0.0,0.0,0.0,0.0,0.0,2.0,0.0,0.0,0.0,0.0,0.0
139182.119,3154.0,1870.0,0.0,0.0,0.0,0.0,0.0,0.0,-1.0,0.0,0.0,0.0,0.0,0.0
139192.118,3154.0,1870.0,0.0,0.0,0.0,0.0,0.0,0.0,3.0,0.0,0.0,0.0,0.0,0.0
139202.119,3154.0,1872.0,0.0,0.0,0.0,0.0,0.0,0.0,-1.0,0.0,0.0,0.0,0.0,0.0
139212.118,3154.0,1873.0,0.0,0.0,0.0,0.0,0.0,0.0,1.0,0.0,0.0,0.0,0.0,0.0
139222.118,3154.0,1872.0,0.0,0.0,0.0,0.0,0.0,0.0,0.0,0.0,0.0,0.0,0.0,0.0
139232.118,3154.0,1867.0,0.0,0.0,0.0,0.0,0.0,0.0,1.0,0.0,0.0,0.0,0.0,0.0
139242.118,3154.0,1873.0,0.0,0.0,0.0,0.0,0.0,0.0,2.0,0.0,0.0,0.0,0.0,0.0
139252.118,3154.0,1869.0,0.0,0.0,0.0,0.0,0.0,0.0,0.0,0.0,0.0,0.0,0.0,0.0
139262.119,3154.0,1871.0,0.0,0.0,0.0,0.0,0.0,0.0,2.0,0.0,0.0,0.0,0.0,0.0
139272.118,3154.0,1871.0,0.0,0.0,0.0,0.0,0.0,0.0,2.0,0.0,0.0,0.0,0.0,0.0
139282.119,3154.0,1870.0,0.0,0.0,0.0,0.0,0.0,0.0,0.0,0.0,0.0,0.0,0.0,0.0
139292.118,3154.0,1873.0,0.0,0.0,0.0,0.0,0.0,0.0,0.0,0.0,0.0,0.0,0.0,0.0
139302.119,3154.0,1871.0,0.0,0.0,0.0,0.0,0.0,0.0,2.0,0.0,0.0,0.0,0.0,0.0
139312.118,3154.0,1870.0,0.0,0.0,0.0,0.0,0.0,0.0,0.0,0.0,0.0,0.0,0.0,0.0
139322.118,3154.0,1872.0,0.0,0.0,0.0,0.0,0.0,0.0,2.0,0.0,0.0,0.0,0.0,0.0
139332.118,3154.0,1871.0,0.0,0.0,0.0,0.0,0.0,0.0,4.0,0.0,0.0,0.0,0.0,0.0
139342.119,3154.0,1871.0,0.0,0.0,0.0,0.0,0.0,0.0,3.0,0.0,0.0,0.0,0.0,0.0
139352.118,3154.0,1873.0,0.0,0.0,0.0,0.0,0.0,0.0,0.0,0.0,0.0,0.0,0.0,0.0
139362.119,3154.0,1867.0,0.0,0.0,0.0,0.0,0.0,0.0,0.0,0.0,0.0,0.0,0.0,0.0
139372.118,3154.0,1870.0,0.0,0.0,0.0,0.0,0.0,0.0,2.0,0.0,0.0,0.0,0.0,0.0
139382.118,3154.0,1872.0,0.0,0.0,0.0,0.0,0.0,0.0,1.0,0.0,0.0,0.0,0.0,0.0
139392.118,3154.0,1869.0,0.0,0.0,0.0,0.0,0.0,0.0,2.0,0.0,0.0,0.0,0.0,0.0
139402.118,3154.0,1872.0,0.0,0.0,0.0,0.0,0.0,0.0,1.0,0.0,0.0,0.0,0.0,0.0
139412.119,3154.0,1870.0,0.0,0.0,0.0,0.0,0.0,0.0,2.0,0.0,0.0,0.0,0.0,0.0
139422.118,3154.0,1872.0,0.0,0.0,0.0,0.0,0.0,0.0,1.0,0.0,0.0,0.0,0.0,0.0
139432.119,3154.0,1869.0,0.0,0.0,0.0,0.0,0.0,0.0,-2.0,0.0,0.0,0.0,0.0,0.0
139442.118,3154.0,1871.0,0.0,0.0,0.0,0.0,0.0,0.0,0.0,0.0,0.0,0.0,0.0,0.0
139452.119,3154.0,1869.0,0.0,0.0,0.0,0.0,0.0,0.0,1.0,0.0,0.0,0.0,0.0,0.0
139462.118,3154.0,1872.0,0.0,0.0,0.0,0.0,0.0,0.0,2.0,0.0,0.0,0.0,0.0,0.0
139472.118,3154.0,1870.0,0.0,0.0,0.0,0.0,0.0,0.0,0.0,0.0,0.0,0.0,0.0,0.0
139482.118,3154.0,1872.0,0.0,0.0,0.0,0.0,0.0,0.0,1.0,0.0,0.0,0.0,0.0,0.0
139492.118,3154.0,1872.0,0.0,0.0,0.0,0.0,0.0,0.0,-1.0,0.0,0.0,0.0,0.0,0.0
139502.119,3154.0,1870.0,0.0,0.0,0.0,0.0,0.0,0.0,1.0,0.0,0.0,0.0,0.0,0.0
139512.118,3154.0,1873.0,0.0,0.0,0.0,0.0,0.0,0.0,3.0,0.0,0.0,0.0,0.0,0.0
139522.119,3154.0,1873.0,0.0,0.0,0.0,0.0,0.0,0.0,2.0,0.0,0.0,0.0,0.0,0.0
139532.118,3154.0,1872.0,0.0,0.0,0.0,0.0,0.0,0.0,3.0,0.0,0.0,0.0,0.0,0.0
139542.118,3154.0,1870.0,0.0,0.0,0.0,0.0,0.0,0.0,2.0,0.0,0.0,0.0,0.0,0.0
139552.118,0.0,1.0,3.0,-0.10560572892427444,0.0,-1.5035263299942017,-1.0,-1.0,3.0,0.0,0.0,0.0,0.0,0.0
139561.209,0.0,3.0,1.0,-0.22034987807273865,0.0,0.9781501889228821,0.0,0.0,1.0,0.0,0.0,0.0,0.0,0.0
139571.209,0.0,1.0,2.0,-0.3414376378059387,0.0,-0.15811681747436523,0.0,0.0,1.0,0.0,0.0,0.0,0.0,0.0
139581.211,0.0,1.0,1.0,-0.4290657341480255,0.0,0.8646784424781799,0.0,0.0,-2.0,0.0,0.0,0.0,0.0,0.0
139591.21,0.0,1.0,2.0,-0.5374770760536194,0.0,0.029810432344675064,0.0,0.0,0.0,0.0,0.0,0.0,0.0,0.0
139601.21,0.0,2.0,3.0,-0.6300774216651917,0.0,-1.1882601976394653,-1.0,-1.0,1.0,0.0,0.0,0.0,0.0,0.0
139611.21,0.0,-1.0,2.0,-0.6456794738769531,0.0,-0.4771743416786194,-1.0,-1.0,3.0,0.0,0.0,0.0,0.0,0.0
139621.209,0.0,2.0,1.0,-0.6880004405975342,0.0,0.4586850106716156,0.0,0.0,0.0,0.0,0.0,0.0,0.0,0.0
139631.211,0.0,3.0,1.0,-0.8434475660324097,0.0,2.1008105278015137,1.0,1.0,3.0,0.0,0.0,0.0,0.0,0.0
139641.209,0.0,4.0,4.0,-0.9449891448020935,0.0,-1.500516653060913,-2.0,-2.0,3.0,0.0,0.0,0.0,0.0,0.0
139651.209,0.0,2.0,2.0,-0.970784604549408,0.0,-0.2100132405757904,-1.0,-1.0,0.0,0.0,0.0,0.0,0.0,0.0
139661.209,0.0,2.0,3.0,-1.0033769607543945,0.0,-1.0713474750518799,-2.0,-2.0,1.0,0.0,0.0,0.0,0.0,0.0
139669.119,0.0,0.0,1.0,-1.0308098793029785,0.0,1.1694473028182983,0.0,0.0,0.0,0.0,0.0,0.0,0.0,0.0
139681.209,0.0,5.0,4.0,-1.1536489725112915,0.0,-1.4350268840789795,-2.0,-2.0,3.0,0.0,0.0,0.0,0.0,0.0
139691.209,0.0,0.0,1.0,-1.1176249980926514,0.0,0.7313863635063171,0.0,0.0,-2.0,0.0,0.0,0.0,0.0,0.0
139701.209,-1.0,0.0,0.0,-1.1182762384414673,0.0,1.8541152477264404,0.0,0.0,3.0,-1.0,-0.02500000037252903,-1.6000001778593287e-05,-0.22945241630077362,0.0
139711.21,-1.0,2.0,3.0,-1.1397161483764648,0.0,-0.9959232807159424,-2.0,-2.0,1.0,-1.0,-0.02500000037252903,-3.60000049113296e-05,-0.19726724922657013,0.0
139721.209,-1.0,3.0,-1.0,-1.0728367567062378,0.0,2.749332904815674,1.0,1.0,3.0,-1.0,-0.02500000037252903,-5.600000804406591e-05,-0.16959667205810547,0.0
139731.21,-1.0,-1.0,2.0,-1.0697855949401855,0.0,-0.990522563457489,-2.0,-2.0,1.0,-1.0,-0.02500000037252903,-7.599998934892938e-05,-0.1458074450492859,0.0
139741.209,-1.0,1.0,-1.0,-0.942376971244812,0.0,1.2979639768600464,0.0,0.0,3.0,-1.0,-0.02500000037252903,-9.599995246389881e-05,-0.12535512447357178,0.0
139751.21,-1.0,3.0,-1.0,-0.9060298204421997,0.0,1.7675648927688599,0.0,0.0,0.0,-1.0,-0.02500000037252903,-0.00011599992285482585,-0.10777163505554199,0.0
139761.209,-2.0,0.0,2.0,-0.8975440263748169,0.0,-0.715502917766571,-1.0,-1.0,3.0,-2.0,-0.05000000074505806,-0.00014199988800100982,-0.340175598859787,0.0
139771.21,-2.0,0.0,3.0,-0.8472399115562439,0.0,-2.4652068614959717,-3.0,-3.0,1.0,-2.0,-0.05000000074505806,-0.00018199982878286391,-0.2924593389034271,0.0
139781.21,-2.0,2.0,1.0,-0.7794963717460632,0.0,-0.40930575132369995,-1.0,-1.0,1.0,-2.0,-0.05000000074505806,-0.00022199975501280278,-0.2514362335205078,0.0
139791.21,-2.0,4.0,0.0,-0.6949433088302612,0.0,0.31126075983047485,0.0,0.0,2.0,-2.0,-0.05000000074505806,-0.00026199972489848733,-0.2161674052476883,0.0
139801.209,-2.0,2.0,-2.0,-0.6639951467514038,0.0,3.170051097869873,2.0,2.0,2.0,-2.0,-0.05000000074505806,-0.00030199982575140893,-0.1858457326889038,0.0
139811.209,-2.0,1.0,2.0,-0.6062191128730774,0.0,-1.5560088157653809,-2.0,-2.0,1.0,-2.0,-0.05000000074505806,-0.0003419998975005001,-0.15977726876735687,0.0
139821.21,-2.0,2.0,-1.0,-0.5862218141555786,0.0,1.8115038871765137,1.0,1.0,2.0,-2.0,-0.05000000074505806,-0.00038399998447857797,-0.13354040682315826,0.0
139831.21,-3.0,-2.0,0.0,-0.5609392523765564,0.0,0.5048119425773621,0.0,0.0,1.0,-3.0,-0.07500000298023224,-0.00043600008939392865,-0.3512488007545471,0.0
139841.209,-3.0,-1.0,0.0,-0.5799353718757629,0.0,0.7802770137786865,0.0,0.0,0.0,-3.0,-0.07500000298023224,-0.0004960002261213958,-0.3019793629646301,0.0
139851.209,-3.0,-3.0,-1.0,-0.5644752383232117,0.0,1.8765257596969604,1.0,1.0,0.0,-3.0,-0.07500000298023224,-0.0005560001009143889,-0.25962087512016296,0.0
139861.21,-3.0,-1.0,5.0,-0.5395039319992065,0.0,-4.782574653625488,-5.0,-5.0,2.0,-3.0,-0.07500000298023224,-0.000615999917499721,-0.22320403158664703,0.0
139871.209,-3.0,-1.0,0.0,-0.4997215270996094,0.0,0.8538832068443298,0.0,0.0,1.0,-3.0,-0.07500000298023224,-0.0006759997340850532,-0.19189533591270447,0.0
139882.118,-3.0,0.0,3.0,-0.43214014172554016,0.0,-3.2467129230499268,-3.0,-3.0,2.0,-3.0,-0.07500000298023224,-0.0007419995381496847,-0.16250362992286682,0.0
139892.118,-3.0,4.0,2.0,-0.3459986448287964,0.0,-2.7115275859832764,-3.0,-3.0,-2.0,-3.0,-0.07500000298023224,-0.0008019993547350168,-0.13970933854579926,0.0
139902.118,-3.0,0.0,1.0,-0.33308854699134827,0.0,-0.6301995515823364,0.0,0.0,0.0,-3.0,-0.07500000298023224,-0.000861999171320349,-0.12011238932609558,0.0
139912.118,-3.0,2.0,2.0,-0.2621195912361145,0.0,-2.4669981002807617,-2.0,-2.0,-1.0,-3.0,-0.07500000298023224,-0.000921999046113342,-0.10326428711414337,0.0
139922.118,-3.0,-2.0,-2.0,-0.22423982620239258,0.0,2.3491954803466797,2.0,2.0,3.0,-3.0,-0.07500000298023224,-0.0009819988626986742,-0.08877947181463242,0.0
139932.118,-3.0,1.0,-1.0,-0.1583409458398819,0.0,0.6035240292549133,0.0,0.0,1.0,-3.0,-0.07500000298023224,-0.0010419990867376328,-0.07632642984390259,0.0
139940.119,-3.0,-2.0,-3.0,-0.12789738178253174,0.0,3.08756685256958,2.0,2.0,2.0,-3.0,-0.07500000298023224,-0.001095999381504953,-0.06661944836378098,0.0
139951.211,-3.0,-2.0,1.0,-0.08519276976585388,0.0,-1.4590637683868408,-1.0,-1.0,-1.0,-3.0,-0.07500000298023224,-0.0011559998383745551,-0.057274773716926575,0.0
139961.209,-3.0,-2.0,-2.0,-0.12995314598083496,0.0,2.8841617107391357,2.0,2.0,-1.0,-3.0,-0.07500000298023224,-0.0012160002952441573,-0.049240875989198685,0.0
139971.21,-3.0,-2.0,-1.0,-0.09954275190830231,0.0,0.4795549511909485,0.0,0.0,2.0,-3.0,-0.07500000298023224,-0.0012760006356984377,-0.04233388602733612,0.0
139981.209,-3.0,2.0,0.0,-0.11054487526416779,0.0,0.2708616256713867,0.0,0.0,2.0,-3.0,-0.07500000298023224,-0.00133600109256804,-0.036395736038684845,0.0
139991.21,-3.0,2.0,1.0,-0.03977428376674652,0.0,-1.2864450216293335,-1.0,-1.0,3.0,-3.0,-0.07500000298023224,-0.001396001549437642,-0.031290531158447266,0.0
140001.211,-3.0,0.0,0.0,-0.05835346132516861,0.0,0.11599455028772354,0.0,0.0,0.0,-3.0,-0.07500000298023224,-0.0014560018898919225,-0.026901427656412125,0.0
140012.118,-3.0,0.0,0.0,-0.1037558913230896,0.0,1.1792064905166626,1.0,1.0,2.0,-3.0,-0.07500000298023224,-0.001522002392448485,-0.02278106100857258,0.0
140020.119,-3.0,2.0,-3.0,-0.07725047320127487,0.0,3.0147242546081543,2.0,2.0,1.0,-3.0,-0.07500000298023224,-0.001582002849318087,-0.01958557218313217,0.0
140032.118,-3.0,-2.0,-1.0,-0.08195037394762039,0.0,1.0974546670913696,1.0,1.0,2.0,-3.0,-0.07500000298023224,-0.0016420033061876893,-0.01683831587433815,0.0
140042.118,-3.0,3.0,-1.0,-0.06803561747074127,0.0,0.7909815907478333,0.0,0.0,-1.0,-3.0,-0.07500000298023224,-0.0017020036466419697,-0.014476415701210499,0.0
140052.118,-3.0,-2.0,-2.0,-0.04181515425443649,0.0,2.294701099395752,2.0,2.0,0.0,-3.0,-0.07500000298023224,-0.0017620041035115719,-0.012445817701518536,0.0
140062.118,-3.0,1.0,1.0,-0.04716099053621292,0.0,-0.5179495215415955,0.0,0.0,2.0,-3.0,-0.07500000298023224,-0.001822004560381174,-0.010700049810111523,0.0
140072.118,-3.0,4.0,4.0,-0.018707765266299248,0.0,-4.51408576965332,-4.0,-4.0,3.0,-3.0,-0.07500000298023224,-0.0018820049008354545,-0.009199160151183605,0.0
140082.119,-3.0,1.0,0.0,-0.02217617817223072,0.0,-0.19428062438964844,0.0,0.0,1.0,-3.0,-0.07500000298023224,-0.0019420053577050567,-0.007908799685537815,0.0
140092.118,-3.0,-1.0,-2.0,0.014787380583584309,0.0,1.8616200685501099,1.0,1.0,3.0,-3.0,-0.07500000298023224,-0.002002005698159337,-0.006799436639994383,0.0
140102.118,-3.0,3.0,1.0,-0.05420482158660889,0.0,-0.5433927178382874,0.0,0.0,3.0,-3.0,-0.07500000298023224,-0.0020620061550289392,-0.0058456831611692905,0.0
140112.118,-3.0,-4.0,-1.0,-0.005052182357758284,0.0,0.7542072534561157,0.0,0.0,1.0,-3.0,-0.07500000298023224,-0.0021220066118985415,-0.0050257123075425625,0.0
140122.118,-3.0,-1.0,-1.0,0.03785973787307739,0.0,0.49965906143188477,0.0,0.0,1.0,-3.0,-0.07500000298023224,-0.0021820068359375,-0.004320758394896984,0.0
140130.118,-3.0,2.0,2.0,0.029624534770846367,0.0,-2.044008731842041,-2.0,-2.0,1.0,-3.0,-0.07500000298023224,-0.002242007292807102,-0.0037146881222724915,0.0
140142.118,-3.0,-2.0,2.0,-0.0009782142005860806,0.0,-1.9011363983154297,-1.0,-1.0,2.0,-3.0,-0.07500000298023224,-0.0023020077496767044,-0.0031936310697346926,0.0
140152.118,-3.0,3.0,1.0,0.00898351613432169,0.0,-1.419615626335144,-1.0,-1.0,0.0,-3.0,-0.07500000298023224,-0.0023620082065463066,-0.002745662350207567,0.0
140162.118,-3.0,-2.0,0.0,0.1084454357624054,0.0,-1.2535258531570435,-1.0,-1.0,3.0,-3.0,-0.07500000298023224,-0.002422008663415909,-0.0023605297319591045,0.0
140172.118,-3.0,-2.0,-1.0,0.04945991933345795,0.0,1.908774733543396,1.0,1.0,2.0,-3.0,-0.07500000298023224,-0.002482009120285511,-0.0020294191781431437,0.0
140182.118,-3.0,1.0,-2.0,0.09178459644317627,0.0,2.0214314460754395,2.0,2.0,0.0,-3.0,-0.07500000298023224,-0.0025420095771551132,-0.0017447536811232567,0.0
140192.118,-3.0,-2.0,-1.0,0.03681769594550133,0.0,1.6267987489700317,1.0,1.0,3.0,-3.0,-0.07500000298023224,-0.0026020098011940718,-0.001500018173828721,0.0
140201.21,-3.0,-1.0,-1.0,0.0501098558306694,0.0,0.8829057812690735,0.0,0.0,3.0,-3.0,-0.07500000298023224,-0.0026560102123767138,-0.001309250365011394,0.0
140211.21,-3.0,-2.0,-2.0,0.07375581562519073,0.0,2.3946447372436523,2.0,2.0,0.0,-3.0,-0.07500000298023224,-0.002716010669246316,-0.0011256026336923242,0.0
140221.21,-3.0,-2.0,-1.0,0.105394646525383,0.0,0.7757130265235901,0.0,0.0,3.0,-3.0,-0.07500000298023224,-0.002776011126115918,-0.0009677147027105093,0.0
140231.21,-3.0,-1.0,0.0,0.11685462296009064,0.0,-0.3889750838279724,0.0,0.0,3.0,-3.0,-0.07500000298023224,-0.0028360115829855204,-0.0008319739135913551,0.0
140241.209,-3.0,2.0,-1.0,0.14286069571971893,0.0,0.5827695727348328,0.0,0.0,3.0,-3.0,-0.07500000298023224,-0.0028960120398551226,-0.0007152734324336052,0.0
140251.209,-3.0,-1.0,0.0,0.14726091921329498,0.0,-0.2969134747982025,0.0,0.0,0.0,-3.0,-0.07500000298023224,-0.0029560124967247248,-0.0006149423425085843,0.0
140259.119,-3.0,0.0,1.0,0.16052499413490295,0.0,-1.7544077634811401,-1.0,-1.0,1.0,-3.0,-0.07500000298023224,-0.0030160127207636833,-0.0005286847590468824,0.0
140271.209,-3.0,-1.0,1.0,0.13886146247386932,0.0,-1.3585768938064575,-1.0,-1.0,1.0,-3.0,-0.07500000298023224,-0.0030760131776332855,-0.00045452642370946705,0.0
140281.21,-3.0,1.0,2.0,0.21186216175556183,0.0,-3.600497007369995,-3.0,-3.0,0.0,-3.0,-0.07500000298023224,-0.0031360136345028877,-0.00039077026303857565,0.0
140291.21,-3.0,0.0,-1.0,0.217545285820961,0.0,0.46356773376464844,0.0,0.0,2.0,-3.0,-0.07500000298023224,-0.0032000138889998198,0.006866078823804855,0.0
140301.209,-4.0,0.0,-1.0,0.18706335127353668,0.0,1.0681103467941284,1.0,1.0,4.0,-3.0,-0.07500000298023224,-0.003264013910666108,0.012890574522316456,0.0
140311.21,-3.0,1.0,-1.0,0.2201463282108307,0.0,0.44246625900268555,0.0,0.0,2.0,-3.0,-0.07500000298023224,-0.0033300139475613832,0.021406197920441628,0.0
140321.209,-3.0,-1.0,-3.0,0.32800740003585815,0.0,1.1100685596466064,1.0,1.0,-1.0,-3.0,-0.07500000298023224,-0.0033900144044309855,0.018403561785817146,0.0
140332.119,-3.0,-2.0,-2.0,0.30375179648399353,0.0,1.7303367853164673,2.0,2.0,1.0,-3.0,-0.07500000298023224,-0.003456014906987548,0.015584771521389484,0.0
140342.118,-3.0,6.0,-2.0,0.2979673743247986,0.0,1.433756947517395,1.0,1.0,0.0,-3.0,-0.07500000298023224,-0.0035160151310265064,0.013398704119026661,0.0
140352.118,-3.0,-2.0,2.0,0.2656562924385071,0.0,-2.860137462615967,-2.0,-2.0,3.0,-3.0,-0.07500000298023224,-0.0035760155878961086,0.011519276537001133,0.0
140362.118,-3.0,-2.0,1.0,0.20496448874473572,0.0,-1.210314154624939,-1.0,-1.0,2.0,-3.0,-0.07500000298023224,-0.003636016044765711,0.009903473779559135,0.0
140372.118,-3.0,1.0,-1.0,0.20378635823726654,0.0,0.5602297186851501,0.0,0.0,2.0,-3.0,-0.07500000298023224,-0.003700016299262643,0.01588592119514942,0.0
140382.118,-3.0,-1.0,-1.0,0.16651155054569244,0.0,1.2309292554855347,1.0,1.0,0.0,-3.0,-0.07500000298023224,-0.003762016538530588,0.01725821942090988,0.0
140392.119,-3.0,0.0,0.0,0.17095090448856354,0.0,-0.6653419733047485,0.0,0.0,2.0,-3.0,-0.07500000298023224,-0.0038240167777985334,0.018548516556620598,0.0
140402.118,-3.0,-2.0,0.0,0.1461077630519867,0.0,0.04719848558306694,0.0,0.0,0.0,-3.0,-0.07500000298023224,-0.0038840172346681356,0.015946725383400917,0.0
140412.118,-3.0,-2.0,2.0,0.13839790225028992,0.0,-2.0296003818511963,-1.0,-1.0,3.0,-3.0,-0.07500000298023224,-0.003944017458707094,0.013709887862205505,0.0
140422.118,-3.0,-1.0,0.0,0.16691794991493225,0.0,-0.1100982204079628,0.0,0.0,0.0,-3.0,-0.07500000298023224,-0.004006017930805683,0.015227803029119968,0.0
140432.118,-4.0,1.0,-2.0,0.11022774875164032,0.0,2.8205392360687256,2.0,2.0,0.0,-4.0,-0.10000000149011612,-0.004068017937242985,-0.24190795421600342,0.0
140442.118,-3.0,2.0,-1.0,0.152594655752182,0.0,0.7116622924804688,0.0,0.0,-1.0,-3.0,-0.07500000298023224,-0.004128018394112587,0.01459396444261074,0.0
140450.119,-3.0,-2.0,-2.0,0.05113780125975609,0.0,2.7159876823425293,2.0,2.0,1.0,-3.0,-0.07500000298023224,-0.004188018850982189,0.01254687737673521,0.0
140462.118,-3.0,-1.0,-1.0,0.0023406757973134518,0.0,1.7108922004699707,1.0,1.0,1.0,-3.0,-0.07500000298023224,-0.004248019307851791,0.010786935687065125,0.0
140472.119,-4.0,1.0,2.0,-0.06758704036474228,0.0,-1.1711485385894775,-1.0,-1.0,5.0,-4.0,-0.10000000149011612,-0.00431201932951808,-0.24212530255317688,0.0
140482.118,-3.0,-1.0,1.0,0.017267150804400444,0.0,-1.913072109222412,-1.0,-1.0,1.0,-3.0,-0.07500000298023224,-0.004372019786387682,0.014407102949917316,0.0
140492.118,-3.0,-1.0,1.0,-0.019469017162919044,0.0,-0.7152307629585266,0.0,0.0,0.0,-3.0,-0.07500000298023224,-0.004432020243257284,0.012386227957904339,0.0
140502.118,-3.0,-3.0,1.0,-0.024098938331007957,0.0,-1.1950773000717163,-1.0,-1.0,0.0,-3.0,-0.07500000298023224,-0.004494020715355873,0.014038197696208954,0.0
140512.118,-3.0,2.0,2.0,0.07743015140295029,0.0,-3.2036027908325195,-3.0,-3.0,1.0,-3.0,-0.07500000298023224,-0.004556020721793175,0.015562459826469421,0.0
140522.118,-3.0,-2.0,-2.0,0.16727182269096375,0.0,0.9280261993408203,1.0,1.0,0.0,-3.0,-0.07500000298023224,-0.004616021178662777,0.013379521667957306,0.0
140532.118,-4.0,-1.0,0.0,0.19538097083568573,0.0,-0.8728117346763611,0.0,0.0,4.0,-4.0,-0.10000000149011612,-0.004684021230787039,-0.2322489321231842,0.0
140542.118,-3.0,0.0,-1.0,0.17877279222011566,0.0,0.5287731289863586,0.0,0.0,-1.0,-3.0,-0.07500000298023224,-0.004750021267682314,0.03386777266860008,0.0
140552.118,-4.0,1.0,-1.0,0.10506290942430496,0.0,1.5928703546524048,1.0,1.0,0.0,-4.0,-0.10000000149011612,-0.004816021304577589,-0.21845954656600952,0.0
140562.118,-4.0,0.0,-1.0,0.057687949389219284,0.0,1.5197561979293823,1.0,1.0,2.0,-4.0,-0.10000000149011612,-0.00488602090626955,-0.20572277903556824,0.0
140572.118,-3.0,0.0,-1.0,0.08593230694532394,0.0,0.3629424273967743,0.0,0.0,1.0,-3.0,-0.07500000298023224,-0.004950020927935839,0.052855558693408966,0.0
140581.21,-4.0,0.0,1.0,0.04815793037414551,0.0,-0.7192226648330688,0.0,0.0,2.0,-3.0,-0.07500000298023224,-0.005006021354347467,0.04990116134285927,0.0
140591.21,-3.0,-1.0,3.0,0.05704086273908615,0.0,-3.575908660888672,-3.0,-3.0,0.0,-3.0,-0.07500000298023224,-0.00506602181121707,0.042901549488306046,0.0
140601.21,-4.0,-3.0,0.0,0.015760622918605804,0.0,0.3787086308002472,0.0,0.0,4.0,-3.0,-0.07500000298023224,-0.005138021428138018,0.058388423174619675,0.0
140611.21,-3.0,-1.0,-1.0,0.030181683599948883,0.0,0.976879894733429,1.0,1.0,3.0,-4.0,-0.10000000149011612,-0.005212020594626665,-0.1830667406320572,0.0
140621.21,-3.0,-2.0,0.0,0.05899041146039963,0.0,-0.3918634057044983,0.0,0.0,3.0,-4.0,-0.10000000149011612,-0.005284020211547613,-0.1714794784784317,0.0
140631.211,-3.0,-1.0,-1.0,0.026226459071040154,0.0,1.2552698850631714,1.0,1.0,3.0,-4.0,-0.10000000149011612,-0.005358019378036261,-0.15817560255527496,0.0
140641.21,-3.0,2.0,-2.0,0.023711642250418663,0.0,2.227084159851074,2.0,2.0,1.0,-4.0,-0.10000000149011612,-0.005434019025415182,-0.1430332362651825,0.0
140652.118,-4.0,2.0,1.0,0.0429486408829689,0.0,-1.0975087881088257,-1.0,-1.0,0.0,-4.0,-0.10000000149011612,-0.005510018672794104,-0.14284786581993103,0.0
140662.118,-4.0,-1.0,0.0,0.04679633304476738,0.0,-0.3249255418777466,0.0,0.0,0.0,-4.0,-0.10000000149011612,-0.005582018289715052,-0.13744811713695526,0.0
140672.118,-3.0,1.0,0.0,-0.00011541219282662496,0.0,0.19018647074699402,0.0,0.0,1.0,-4.0,-0.10000000149011612,-0.005654017906636,-0.13307268917560577,0.0
140682.118,-3.0,2.0,2.0,0.0065203444100916386,0.0,-2.094639301300049,-2.0,-2.0,4.0,-3.0,-0.07500000298023224,-0.005722017493098974,0.12263339012861252,0.0
140692.119,-4.0,-2.0,-2.0,0.035920727998018265,0.0,2.403744697570801,2.0,2.0,2.0,-4.0,-0.10000000149011612,-0.005814016796648502,-0.12096189707517624,0.0
140702.118,-4.0,0.0,-1.0,0.0929582267999649,0.0,0.08722389489412308,0.0,0.0,1.0,-4.0,-0.10000000149011612,-0.0058700162917375565,-0.12186940014362335,0.0
140712.118,-3.0,-1.0,-1.0,0.07853235304355621,0.0,1.3315597772598267,1.0,1.0,2.0,-3.0,-0.07500000298023224,-0.005946015473455191,0.14662429690361023,0.0
140722.118,-4.0,0.0,-1.0,0.15247130393981934,0.0,-0.04966840520501137,0.0,0.0,0.0,-4.0,-0.10000000149011612,-0.0060140155255794525,-0.11829934269189835,0.0
140732.118,-3.0,-2.0,2.0,0.10512714833021164,0.0,-2.1610636711120605,-2.0,-2.0,0.0,-3.0,-0.07500000298023224,-0.0060860151425004005,0.1428632140159607,0.0
140742.118,-4.0,-3.0,-1.0,0.0834081694483757,0.0,1.168875813484192,1.0,1.0,4.0,-4.0,-0.10000000149011612,-0.006166013889014721,-0.0997457504272461,0.0
140752.118,-3.0,4.0,-1.0,0.08921702206134796,0.0,0.7987563014030457,0.0,0.0,1.0,-3.0,-0.07500000298023224,-0.006238013505935669,0.15848936140537262,0.0
140762.118,-3.0,2.0,1.0,0.06934797018766403,0.0,-1.3323752880096436,-1.0,-1.0,1.0,-3.0,-0.07500000298023224,-0.006310013122856617,0.15766461193561554,0.0
140770.119,-4.0,2.0,2.0,0.067295603454113,0.0,-2.398219585418701,-2.0,-2.0,2.0,-4.0,-0.10000000149011612,-0.006386012304574251,-0.09416937828063965,0.0
140782.118,-4.0,-3.0,-3.0,0.13318799436092377,0.0,2.7315011024475098,2.0,2.0,1.0,-4.0,-0.10000000149011612,-0.006462011486291885,-0.0881648063659668,0.0
140792.118,-4.0,-2.0,1.0,0.10510345548391342,0.0,-0.9947434663772583,0.0,0.0,2.0,-4.0,-0.10000000149011612,-0.006542010698467493,-0.07579798251390457,0.0
140802.118,-4.0,-1.0,0.0,0.147049218416214,0.0,-0.36907505989074707,0.0,0.0,0.0,-4.0,-0.10000000149011612,-0.0066160098649561405,-0.07581622898578644,0.0
140812.118,-4.0,-3.0,2.0,0.15762901306152344,0.0,-2.4315810203552246,-2.0,-2.0,1.0,-4.0,-0.10000000149011612,-0.0066940090619027615,-0.0689491331577301,0.0
140822.118,-3.0,0.0,1.0,0.1341005563735962,0.0,-0.9347103238105774,0.0,0.0,-1.0,-3.0,-0.07500000298023224,-0.006770008243620396,0.1921214759349823,0.0
140832.118,-4.0,-1.0,-2.0,0.1588338017463684,0.0,1.6962101459503174,1.0,1.0,4.0,-4.0,-0.10000000149011612,-0.006848007440567017,-0.0608903206884861,0.0
140842.119,-4.0,2.0,2.0,0.15218302607536316,0.0,-2.458475112915039,-2.0,-2.0,0.0,-4.0,-0.10000000149011612,-0.006922007072716951,-0.06348343193531036,0.0
140852.119,-4.0,-2.0,-1.0,0.12325278669595718,0.0,1.189616084098816,1.0,1.0,1.0,-4.0,-0.10000000149011612,-0.006998006254434586,-0.061834681779146194,0.0
140862.118,-4.0,-2.0,-2.0,0.14064456522464752,0.0,1.85037100315094,1.0,1.0,2.0,-4.0,-0.10000000149011612,-0.007078005000948906,-0.05316116288304329,0.0
140872.118,-4.0,1.0,-2.0,0.12324375659227371,0.0,1.9085222482681274,2.0,2.0,3.0,-4.0,-0.10000000149011612,-0.007158004213124514,-0.045704279094934464,0.0
140882.118,-4.0,-2.0,0.0,0.07281020283699036,0.0,0.25685665011405945,0.0,0.0,6.0,-4.0,-0.10000000149011612,-0.007238002959638834,-0.03929336369037628,0.0
140892.118,-4.0,0.0,0.0,0.09803959727287292,0.0,-0.7204365730285645,0.0,0.0,0.0,-4.0,-0.10000000149011612,-0.007318002171814442,-0.033781711012125015,0.0
140902.118,-4.0,4.0,4.0,0.1251019537448883,0.0,-5.229245662689209,-5.0,-5.0,2.0,-4.0,-0.10000000149011612,-0.007394001353532076,-0.036468762904405594,0.0
140912.118,-4.0,-2.0,1.0,0.1351805329322815,0.0,-2.061073064804077,-1.0,-1.0,3.0,-4.0,-0.10000000149011612,-0.00747000053524971,-0.03834329918026924,0.0
140922.118,-4.0,-1.0,1.0,0.0921761617064476,0.0,-1.2069827318191528,-1.0,-1.0,0.0,-4.0,-0.10000000149011612,-0.007547999732196331,-0.036789894104003906,0.0
140932.118,-4.0,-2.0,-4.0,0.13929857313632965,0.0,3.8656868934631348,4.0,4.0,4.0,-4.0,-0.10000000149011612,-0.007623998913913965,-0.038619380444288254,0.0
140942.118,-4.0,0.0,2.0,0.08358186483383179,0.0,-1.7751572132110596,-1.0,-1.0,5.0,-4.0,-0.10000000149011612,-0.0076979985460639,-0.04417446628212929,0.0
140952.118,-3.0,-2.0,2.0,0.15648308396339417,0.0,-3.48110032081604,-3.0,-3.0,-1.0,-3.0,-0.07500000298023224,-0.0077719977125525475,0.2101912498474121,0.0
140962.118,-4.0,3.0,3.0,0.11816862970590591,0.0,-3.59574556350708,-3.0,-3.0,0.0,-4.0,-0.10000000149011612,-0.007851996459066868,-0.04186178371310234,0.0
140972.118,-4.0,-1.0,-2.0,0.09542369842529297,0.0,2.1527600288391113,2.0,2.0,3.0,-4.0,-0.10000000149011612,-0.007931996136903763,-0.03598985821008682,0.0
140982.118,-4.0,1.0,1.0,0.007956139743328094,0.0,-0.4624037742614746,0.0,0.0,1.0,-4.0,-0.10000000149011612,-0.008011995814740658,-0.030941585078835487,0.0
140992.118,-4.0,-2.0,-3.0,-0.00715189753100276,0.0,3.4144744873046875,3.0,3.0,2.0,-4.0,-0.10000000149011612,-0.008091999217867851,-0.026601426303386688,0.0
141002.118,-4.0,-1.0,-2.0,0.052457045763731,0.0,1.6845746040344238,1.0,1.0,0.0,-4.0,-0.10000000149011612,-0.00817200355231762,-0.022870058193802834,0.0
141012.118,-4.0,3.0,2.0,0.05823615938425064,0.0,-2.1188747882843018,-2.0,-2.0,1.0,-4.0,-0.10000000149011612,-0.008252006955444813,-0.01966208778321743,0.0
141022.118,-4.0,2.0,-3.0,0.09443283081054688,0.0,2.679931163787842,2.0,2.0,4.0,-4.0,-0.10000000149011612,-0.008332010358572006,-0.01690409891307354,0.0
141032.119,-4.0,-2.0,-2.0,0.13896460831165314,0.0,1.6493570804595947,1.0,1.0,2.0,-4.0,-0.10000000149011612,-0.008412014693021774,-0.014532970264554024,0.0
141042.118,-4.0,-1.0,0.0,0.07607340812683105,0.0,0.6672190427780151,0.0,0.0,-1.0,-4.0,-0.10000000149011612,-0.008492018096148968,-0.012494438327848911,0.0
141052.118,-4.0,-1.0,0.0,0.031645067036151886,0.0,0.46238404512405396,0.0,0.0,1.0,-4.0,-0.10000000149011612,-0.008572021499276161,-0.010741851292550564,0.0
141062.118,-4.0,1.0,-1.0,0.02695421315729618,0.0,1.3258846998214722,1.0,1.0,0.0,-4.0,-0.10000000149011612,-0.00865202583372593,-0.009235098958015442,0.0
141072.118,-4.0,1.0,-1.0,0.10705382376909256,0.0,0.2563728392124176,0.0,0.0,1.0,-4.0,-0.10000000149011612,-0.008732029236853123,-0.007939696311950684,0.0
141082.118,-4.0,1.0,-1.0,0.15990012884140015,0.0,0.10236120969057083,0.0,0.0,2.0,-4.0,-0.10000000149011612,-0.00881203357130289,-0.006825999356806278,0.0
141090.118,-4.0,2.0,2.0,0.1525207757949829,0.0,-2.4978551864624023,-2.0,-2.0,4.0,-4.0,-0.10000000149011612,-0.008892036974430084,-0.005868519656360149,0.0
141102.119,-4.0,-3.0,-3.0,0.2353149652481079,0.0,1.7932437658309937,2.0,2.0,2.0,-4.0,-0.10000000149011612,-0.008972040377557278,-0.005045346450060606,0.0
141112.118,-4.0,-2.0,2.0,0.2078361064195633,0.0,-2.2409372329711914,-2.0,-2.0,-1.0,-4.0,-0.10000000149011612,-0.009052044712007046,-0.004337637685239315,0.0
141122.119,-4.0,-1.0,1.0,0.19322066009044647,0.0,-1.0097578763961792,0.0,0.0,-1.0,-4.0,-0.10000000149011612,-0.00913204811513424,-0.003729199757799506,0.0
141132.118,-4.0,0.0,-1.0,0.18433518707752228,0.0,0.8348528742790222,1.0,1.0,2.0,-4.0,-0.10000000149011612,-0.009212051518261433,-0.0032061070669442415,0.0
141142.118,-4.0,-1.0,-4.0,0.205844447016716,0.0,3.398437976837158,3.0,3.0,1.0,-4.0,-0.10000000149011612,-0.0092920558527112,-0.00275638815946877,0.0
141152.118,-4.0,0.0,1.0,0.2096862941980362,0.0,-1.818846344947815,-1.0,-1.0,1.0,-4.0,-0.10000000149011612,-0.009372059255838394,-0.0023697514552623034,0.0
141162.119,-4.0,-5.0,-5.0,0.185641810297966,0.0,5.1164960861206055,5.0,5.0,2.0,-4.0,-0.10000000149011612,-0.009452062658965588,-0.002037347760051489,0.0
141172.118,-4.0,-1.0,0.0,0.16045401990413666,0.0,-0.19995886087417603,0.0,0.0,3.0,-4.0,-0.10000000149011612,-0.009532066993415356,-0.0017515701474621892,0.0
141182.118,-4.0,1.0,1.0,0.13043847680091858,0.0,-1.208011269569397,-1.0,-1.0,1.0,-4.0,-0.10000000149011612,-0.00961207039654255,-0.0015058781718835235,0.0
141192.118,-4.0,2.0,1.0,0.1537141650915146,0.0,-1.552628517150879,-1.0,-1.0,0.0,-4.0,-0.10000000149011612,-0.009692074730992317,-0.0012946495553478599,0.0
141202.118,-4.0,-2.0,2.0,0.20526638627052307,0.0,-2.9865634441375732,-2.0,-2.0,3.0,-4.0,-0.10000000149011612,-0.00977207813411951,-0.0011130499187856913,0.0
141212.118,-4.0,-1.0,0.0,0.23452042043209076,0.0,-0.5912778973579407,0.0,0.0,-1.0,-4.0,-0.10000000149011612,-0.009852081537246704,-0.0009569230605848134,0.0
141221.21,-4.0,3.0,-2.0,0.24000494182109833,0.0,1.6836040019989014,1.0,1.0,2.0,-4.0,-0.10000000149011612,-0.00992408487945795,-0.000835224287584424,0.0
141231.209,-4.0,1.0,2.0,0.2060922086238861,0.0,-2.528729200363159,-2.0,-2.0,1.0,-4.0,-0.10000000149011612,-0.010004089213907719,-0.0007180679240263999,0.0
141241.21,-4.0,-2.0,-2.0,0.21380548179149628,0.0,1.4393596649169922,1.0,1.0,3.0,-4.0,-0.10000000149011612,-0.010084092617034912,-0.0006173448637127876,0.0
141251.21,-4.0,1.0,-1.0,0.21799467504024506,0.0,0.5648682713508606,0.0,0.0,3.0,-4.0,-0.10000000149011612,-0.010164096020162106,-0.0005307502578943968,0.0
141261.209,-4.0,0.0,0.0,0.19446347653865814,0.0,0.13315428793430328,0.0,0.0,1.0,-4.0,-0.10000000149011612,-0.010244100354611874,-0.00045630219392478466,0.0
141271.209,-4.0,2.0,-2.0,0.1931443065404892,0.0,2.0028364658355713,2.0,2.0,2.0,-4.0,-0.10000000149011612,-0.010324103757739067,-0.00039229696267284453,0.0
141281.213,-4.0,1.0,-1.0,0.1428101807832718,0.0,1.104051113128662,1.0,1.0,1.0,-4.0,-0.10000000149011612,-0.01040410716086626,-0.0003372697392478585,0.0
141291.209,-4.0,0.0,0.0,0.08935058116912842,0.0,0.4279465675354004,0.0,0.0,-1.0,-4.0,-0.10000000149011612,-0.010484111495316029,-0.00028996108449064195,0.0
141301.21,-4.0,1.0,-1.0,0.09363698214292526,0.0,1.0816038846969604,1.0,1.0,0.0,-4.0,-0.10000000149011612,-0.010564114898443222,-0.0002492883650120348,0.0
141311.209,-4.0,0.0,2.0,0.12109583616256714,0.0,-2.7330386638641357,-2.0,-2.0,-1.0,-4.0,-0.10000000149011612,-0.01064411923289299,-0.00021432082576211542,0.0
141321.21,-4.0,1.0,0.0,0.1447765827178955,0.0,-0.44496026635169983,0.0,0.0,1.0,-4.0,-0.10000000149011612,-0.010724122636020184,-0.00018425816961098462,0.0
141331.21,-4.0,1.0,-1.0,0.27500131726264954,0.0,-0.7430044412612915,0.0,0.0,2.0,-4.0,-0.10000000149011612,-0.010804126039147377,-0.0001584123820066452,0.0
141341.209,-4.0,1.0,1.0,0.2090771496295929,0.0,-0.7548375725746155,0.0,0.0,0.0,-4.0,-0.10000000149011612,-0.010884130373597145,-0.00013619197125080973,0.0
141352.118,-4.0,1.0,-2.0,0.23728719353675842,0.0,1.5392956733703613,1.0,1.0,0.0,-4.0,-0.10000000149011612,-0.010972133837640285,-0.0001153320845332928,0.0
141362.118,-4.0,1.0,-1.0,0.2771025598049164,0.0,0.6833458542823792,0.0,0.0,2.0,-4.0,-0.10000000149011612,-0.011052138172090054,-9.915452392306179e-05,0.0
141372.118,-4.0,-1.0,-1.0,0.24759738147258759,0.0,0.9231962561607361,1.0,1.0,2.0,-4.0,-0.10000000149011612,-0.011132141575217247,-8.524617442162707e-05,0.0
141382.118,-4.0,2.0,0.0,0.19695338606834412,0.0,-0.03873824700713158,0.0,0.0,2.0,-4.0,-0.10000000149011612,-0.01121214497834444,-7.328873471124098e-05,0.0
141392.118,-4.0,-1.0,-2.0,0.15481065213680267,0.0,2.216280221939087,2.0,2.0,2.0,-4.0,-0.10000000149011612,-0.011292149312794209,-6.300857057794929e-05,0.0
141402.118,-4.0,0.0,0.0,0.18333971500396729,0.0,-0.646308422088623,0.0,0.0,1.0,-4.0,-0.10000000149011612,-0.011372152715921402,-5.417039574240334e-05,0.0
141412.119,-4.0,1.0,1.0,0.14613676071166992,0.0,-1.0395904779434204,0.0,0.0,0.0,-4.0,-0.10000000149011612,-0.011460157111287117,-4.587336297845468e-05,0.0
141421.211,-4.0,-1.0,-2.0,0.23892594873905182,0.0,1.1604591608047485,1.0,1.0,-1.0,-4.0,-0.10000000149011612,-0.011524160392582417,-4.064905806444585e-05,0.0
141431.209,-4.0,1.0,0.0,0.2288929969072342,0.0,-0.3198397159576416,0.0,0.0,1.0,-4.0,-0.10000000149011612,-0.01160416379570961,-3.4947235690196976e-05,0.0
141441.21,-4.0,-2.0,-3.0,0.29542258381843567,0.0,2.6465137004852295,2.0,2.0,1.0,-4.0,-0.10000000149011612,-0.011684167198836803,-3.0045204766793177e-05,0.0
141451.209,-4.0,2.0,0.0,0.3030787706375122,0.0,-0.5386130213737488,0.0,0.0,1.0,-4.0,-0.10000000149011612,-0.011764171533286572,-2.5830779122770764e-05,0.0
141461.21,-4.0,-2.0,0.0,0.3182673752307892,0.0,-0.6056095957756042,0.0,0.0,0.0,-4.0,-0.10000000149011612,-0.011844174936413765,-2.2207510482985526e-05,0.0
141471.21,-4.0,3.0,-1.0,0.25392910838127136,0.0,1.7702178955078125,2.0,2.0,3.0,-4.0,-0.10000000149011612,-0.011924178339540958,-1.9092474758508615e-05,0.0
141482.118,-4.0,-1.0,-2.0,0.291226863861084,0.0,1.4443451166152954,1.0,1.0,1.0,-4.0,-0.10000000149011612,-0.012012182734906673,-1.61681673489511e-05,0.0
141492.118,-4.0,-1.0,-1.0,0.2684653401374817,0.0,0.7135610580444336,0.0,0.0,2.0,-4.0,-0.10000000149011612,-0.012092186138033867,-1.390026773151476e-05,0.0
141502.118,-4.0,1.0,-1.0,0.2993026375770569,0.0,0.04113378748297691,0.0,0.0,3.0,-4.0,-0.10000000149011612,-0.012172190472483635,-1.195048480440164e-05,0.0
141512.118,-4.0,0.0,-1.0,0.3240267336368561,0.0,0.30743104219436646,0.0,0.0,0.0,-4.0,-0.10000000149011612,-0.012252193875610828,-1.027419693855336e-05,0.0
141522.118,-4.0,1.0,1.0,0.3266516327857971,0.0,-1.4930150508880615,-1.0,-1.0,3.0,-4.0,-0.10000000149011612,-0.01234819833189249,-8.57003851706395e-06,0.0
141532.118,-4.0,-3.0,0.0,0.3321727514266968,0.0,-0.5606302618980408,0.0,0.0,1.0,-4.0,-0.10000000149011612,-0.01241220161318779,-7.594037015223876e-06,0.0
141542.119,-4.0,-1.0,-1.0,0.2949417233467102,0.0,0.9031898379325867,1.0,1.0,4.0,-4.0,-0.10000000149011612,-0.012492205016314983,-6.528825906571001e-06,0.0
141552.118,-4.0,-4.0,-4.0,0.33296290040016174,0.0,3.231220006942749,3.0,3.0,2.0,-4.0,-0.10000000149011612,-0.012572209350764751,-5.6130311349988915e-06,0.0
141562.118,-4.0,2.0,1.0,0.271528959274292,0.0,-1.4255635738372803,-1.0,-1.0,2.0,-4.0,-0.10000000149011612,-0.012652212753891945,-4.825694759347243e-06,0.0
141572.118,-4.0,-1.0,-1.0,0.21497014164924622,0.0,1.706713080406189,1.0,1.0,3.0,-4.0,-0.10000000149011612,-0.012732216157019138,-4.14879741583718e-06,0.0
141582.118,-4.0,0.0,-1.0,0.2514248490333557,0.0,0.4434056282043457,0.0,0.0,1.0,-4.0,-0.10000000149011612,-0.012812220491468906,-3.5668479085870786e-06,0.0
141592.118,-4.0,-1.0,0.0,0.18462370336055756,0.0,0.04774944856762886,0.0,0.0,4.0,-4.0,-0.10000000149011612,-0.0128922238945961,-3.066528279305203e-06,0.0
141602.119,-4.0,0.0,0.0,0.13869602978229523,0.0,-0.05666074529290199,0.0,0.0,3.0,-4.0,-0.10000000149011612,-0.012988228350877762,-2.5578897293598857e-06,0.0
141612.118,-4.0,-3.0,-3.0,0.14877378940582275,0.0,3.145130157470703,3.0,3.0,0.0,-4.0,-0.10000000149011612,-0.013052231632173061,-2.2665835786028765e-06,0.0
141622.118,-4.0,1.0,-2.0,0.12463083118200302,0.0,1.6434086561203003,1.0,1.0,3.0,-4.0,-0.10000000149011612,-0.013132235035300255,-1.948651060956763e-06,0.0
141632.118,-4.0,-1.0,-1.0,0.1601889580488205,0.0,0.027929503470659256,0.0,0.0,2.0,-4.0,-0.10000000149011612,-0.013212239369750023,-1.675314933891059e-06,0.0
141642.118,-4.0,-2.0,0.0,0.1962081491947174,0.0,-0.8677905797958374,0.0,0.0,2.0,-4.0,-0.10000000149011612,-0.013292242772877216,-1.4403192380996188e-06,0.0
141652.118,-4.0,-3.0,-2.0,0.2393929660320282,0.0,1.0263203382492065,1.0,1.0,0.0,-4.0,-0.10000000149011612,-0.01337224617600441,-1.2382865861582104e-06,0.0
141662.118,-4.0,0.0,-2.0,0.2503128945827484,0.0,1.218142032623291,1.0,1.0,0.0,-4.0,-0.10000000149011612,-0.013452250510454178,-1.0645928796293447e-06,0.0
141671.21,-4.0,-1.0,-2.0,0.21955563127994537,0.0,1.9903987646102905,2.0,2.0,2.0,-4.0,-0.10000000149011612,-0.013524253852665424,-9.292010076933366e-07,0.0
141681.21,-4.0,0.0,2.0,0.2218453288078308,0.0,-2.7197461128234863,-2.0,-2.0,1.0,-4.0,-0.10000000149011612,-0.013604257255792618,-7.988625156940543e-07,0.0
141691.209,-4.0,-2.0,1.0,0.18736481666564941,0.0,-0.8172300457954407,0.0,0.0,1.0,-4.0,-0.10000000149011612,-0.013684260658919811,-6.868065156595549e-07,0.0
141701.21,-4.0,-1.0,-1.0,0.21325990557670593,0.0,0.26540660858154297,0.0,0.0,0.0,-4.0,-0.10000000149011612,-0.01376426499336958,-5.904685735913517e-07,0.0
141711.21,-4.0,0.0,-1.0,0.18497031927108765,0.0,0.9119833111763,1.0,1.0,1.0,-4.0,-0.10000000149011612,-0.013844268396496773,-5.076439038020908e-07,0.0
141721.21,-4.0,3.0,1.0,0.2158372849225998,0.0,-1.6602314710617065,-1.0,-1.0,5.0,-4.0,-0.10000000149011612,-0.013924271799623966,-4.3643697722473007e-07,0.0
141731.21,-4.0,0.0,-2.0,0.3149120807647705,0.0,0.2318284511566162,0.0,0.0,0.0,-4.0,-0.10000000149011612,-0.014004276134073734,-3.7521820672736794e-07,0.0
141739.119,-4.0,-1.0,1.0,0.20065677165985107,0.0,-0.1982654631137848,0.0,0.0,1.0,-4.0,-0.10000000149011612,-0.014084279537200928,-3.225865157219232e-07,0.0
141751.21,-4.0,0.0,-1.0,0.2432481199502945,0.0,-0.0843050554394722,0.0,0.0,0.0,-4.0,-0.10000000149011612,-0.014164283871650696,-2.7733747742786363e-07,0.0
141761.21,-4.0,-1.0,-1.0,0.268355131149292,0.0,0.27317243814468384,0.0,0.0,0.0,-4.0,-0.10000000149011612,-0.01424428727477789,-2.3843546159696416e-07,0.0
141771.211,-4.0,0.0,0.0,0.2568031847476959,0.0,-0.6162050366401672,0.0,0.0,2.0,-4.0,-0.10000000149011612,-0.014324290677905083,-2.0499024344644567e-07,0.0
141781.21,-4.0,0.0,0.0,0.16228719055652618,0.0,0.6784026026725769,0.0,0.0,0.0,-4.0,-0.10000000149011612,-0.01440429501235485,-1.7623636949792854e-07,0.0
141789.119,-4.0,-1.0,-1.0,0.23140351474285126,0.0,0.22272220253944397,0.0,0.0,0.0,-4.0,-0.10000000149011612,-0.014484298415482044,-1.515157919129706e-07,0.0
141801.21,-4.0,1.0,0.0,0.1919301599264145,0.0,-0.3856596052646637,0.0,0.0,-2.0,-4.0,-0.10000000149011612,-0.014564301818609238,-1.3026276235450496e-07,0.0
141811.209,-4.0,-3.0,-3.0,0.193063423037529,0.0,2.6913204193115234,2.0,2.0,3.0,-4.0,-0.10000000149011612,-0.014644306153059006,-1.1199088589819439e-07,0.0
141821.21,-4.0,0.0,0.0,0.2084992378950119,0.0,-0.7413423657417297,0.0,0.0,3.0,-4.0,-0.10000000149011612,-0.0147243095561862,-9.628199393318937e-08,0.0
141831.21,-4.0,0.0,3.0,0.15515053272247314,0.0,-3.5313527584075928,-3.0,-3.0,0.0,-4.0,-0.10000000149011612,-0.014804312959313393,-8.277658736233207e-08,0.0
141841.209,-4.0,1.0,0.0,0.08201573044061661,0.0,0.8206681609153748,0.0,0.0,1.0,-4.0,-0.10000000149011612,-0.01488431729376316,-7.116557299013948e-08,0.0
141851.213,-4.0,2.0,0.0,0.05433465912938118,0.0,0.12741847336292267,0.0,0.0,3.0,-4.0,-0.10000000149011612,-0.014964320696890354,-6.11832149388647e-08,0.0
141861.21,-4.0,5.0,0.0,0.062293440103530884,0.0,-0.03560628741979599,0.0,0.0,2.0,-4.0,-0.10000000149011612,-0.015044325031340122,-5.260108437710187e-08,0.0
141871.209,-4.0,1.0,-2.0,0.12078512459993362,0.0,1.540924072265625,1.0,1.0,-1.0,-4.0,-0.10000000149011612,-0.015124328434467316,-4.5222758870977486e-08,0.0
141879.119,-4.0,1.0,1.0,0.13714291155338287,0.0,-1.7620929479599,-1.0,-1.0,1.0,-4.0,-0.10000000149011612,-0.015204331837594509,-3.887938859747919e-08,0.0
141891.209,-4.0,-1.0,-3.0,0.20361870527267456,0.0,2.2236664295196533,2.0,2.0,0.0,-4.0,-0.10000000149011612,-0.015284336172044277,-3.342579546483648e-08,0.0
141901.209,-4.0,-2.0,-2.0,0.1825665831565857,0.0,2.2509145736694336,2.0,2.0,2.0,-4.0,-0.10000000149011612,-0.01536433957517147,-2.8737174417869937e-08,0.0
141911.21,-4.0,0.0,-1.0,0.19989100098609924,0.0,0.4293549954891205,0.0,0.0,0.0,-4.0,-0.10000000149011612,-0.015444342978298664,-2.4706226398052422e-08,0.0
141921.209,-4.0,1.0,0.0,0.22853299975395203,0.0,-0.456766813993454,0.0,0.0,1.0,-4.0,-0.10000000149011612,-0.015524347312748432,-2.1240698089286525e-08,0.0
141931.209,-4.0,0.0,2.0,0.1606517732143402,0.0,-1.6893761157989502,-1.0,-1.0,0.0,-4.0,-0.10000000149011612,-0.015604350715875626,-1.8261276935049864e-08,0.0
141941.21,-4.0,1.0,0.0,0.24618521332740784,0.0,-1.1216154098510742,0.0,0.0,2.0,-4.0,-0.10000000149011612,-0.015684355050325394,-1.569977570170522e-08,0.0
141951.211,-4.0,1.0,0.0,0.27588123083114624,0.0,-0.3550342619419098,0.0,0.0,4.0,-4.0,-0.10000000149011612,-0.015764357522130013,-1.3497578166266067e-08,0.0
141961.211,-4.0,0.0,-1.0,0.2973162531852722,0.0,0.18047943711280823,0.0,0.0,0.0,-4.0,-0.10000000149011612,-0.01584436185657978,-1.1604281091592838e-08,0.0
141971.209,-4.0,-1.0,1.0,0.24001143872737885,0.0,-1.2885245084762573,-1.0,-1.0,-1.0,-4.0,-0.10000000149011612,-0.01592436619102955,-9.976554693480466e-09,0.0
141981.21,-4.0,-2.0,-1.0,0.2384563386440277,0.0,0.8584270477294922,1.0,1.0,2.0,-4.0,-0.10000000149011612,-0.016004368662834167,-8.577148769006726e-09,0.0
141992.118,-4.0,0.0,3.0,0.27603432536125183,0.0,-4.3248748779296875,-4.0,-4.0,2.0,-4.0,-0.10000000149011612,-0.016092361882328987,-7.263426748949087e-09,0.0
142002.118,-4.0,0.0,-1.0,0.3280685245990753,0.0,0.24618640542030334,0.0,0.0,2.0,-4.0,-0.10000000149011612,-0.01617235690355301,-6.2445901782837154e-09,0.0
142012.118,-4.0,0.0,-1.0,0.2895081043243408,0.0,1.1883267164230347,1.0,1.0,1.0,-4.0,-0.10000000149011612,-0.01625235006213188,-5.368665512150983e-09,0.0
142022.118,-4.0,-2.0,3.0,0.257965624332428,0.0,-3.838893175125122,-3.0,-3.0,1.0,-4.0,-0.10000000149011612,-0.016332345083355904,-4.615605675439838e-09,0.0
142032.118,-4.0,-2.0,0.0,0.2068248689174652,0.0,-0.04581703618168831,0.0,0.0,1.0,-4.0,-0.10000000149011612,-0.016412338241934776,-3.968177786362048e-09,0.0
142042.118,-4.0,1.0,-5.0,0.21496780216693878,0.0,5.00676965713501,5.0,5.0,0.0,-4.0,-0.10000000149011612,-0.016492333263158798,-3.4115634761633373e-09,0.0
142050.119,-4.0,-2.0,-2.0,0.28323763608932495,0.0,1.5215795040130615,1.0,1.0,1.0,-4.0,-0.10000000149011612,-0.01657232828438282,-2.9330251560821807e-09,0.0
142062.118,-4.0,-2.0,-2.0,0.33642885088920593,0.0,1.0422574281692505,1.0,1.0,1.0,-4.0,-0.10000000149011612,-0.016652321442961693,-2.521611586203676e-09,0.0
142072.118,-4.0,-1.0,0.0,0.24826768040657043,0.0,0.417013019323349,0.0,0.0,3.0,-4.0,-0.10000000149011612,-0.016732316464185715,-2.167906298922162e-09,0.0
142082.118,-4.0,0.0,1.0,0.2887052297592163,0.0,-2.0217652320861816,-1.0,-1.0,3.0,-4.0,-0.10000000149011612,-0.016812309622764587,-1.863815324298912e-09,0.0
142092.118,-4.0,0.0,0.0,0.28325068950653076,0.0,-0.7209634780883789,0.0,0.0,-1.0,-4.0,-0.10000000149011612,-0.01689230464398861,-1.6023788962371555e-09,0.0
142102.118,-4.0,-2.0,1.0,0.258590430021286,0.0,-1.2647514343261719,-1.0,-1.0,-1.0,-4.0,-0.10000000149011612,-0.016972297802567482,-1.3776140228571876e-09,0.0
142112.118,-4.0,-1.0,-2.0,0.18213921785354614,0.0,2.5531198978424072,2.0,2.0,-1.0,-4.0,-0.10000000149011612,-0.017052292823791504,-1.184376818841315e-09,0.0
142122.118,-4.0,-1.0,-1.0,0.15664836764335632,0.0,1.1051820516586304,1.0,1.0,2.0,-4.0,-0.10000000149011612,-0.017132285982370377,-1.018245043837851e-09,0.0
142132.119,-4.0,1.0,1.0,0.10813768208026886,0.0,-0.7996891736984253,0.0,0.0,1.0,-4.0,-0.10000000149011612,-0.0172122810035944,-8.754162950097566e-10,0.0
142142.118,-4.0,-1.0,4.0,0.14830878376960754,0.0,-4.891303539276123,-4.0,-4.0,2.0,-4.0,-0.10000000149011612,-0.01729227602481842,-7.526221867948379e-10,0.0
142152.118,-4.0,-3.0,-2.0,0.1422175168991089,0.0,2.544902801513672,2.0,2.0,1.0,-4.0,-0.10000000149011612,-0.017372269183397293,-6.470523561397101e-10,0.0
142162.118,-4.0,0.0,0.0,0.12314355373382568,0.0,-0.1206512451171875,0.0,0.0,0.0,-4.0,-0.10000000149011612,-0.017452264204621315,-5.562906246758814e-10,0.0
142172.118,-4.0,-1.0,2.0,0.10285988450050354,0.0,-2.0300347805023193,-1.0,-1.0,4.0,-4.0,-0.10000000149011612,-0.017532257363200188,-4.782600981911855e-10,0.0
142182.119,-4.0,0.0,0.0,0.10648766160011292,0.0,-0.2842676639556885,0.0,0.0,1.0,-4.0,-0.10000000149011612,-0.01761225238442421,-4.1117484417263483e-10,0.0
142192.118,-4.0,-2.0,-2.0,0.150953009724617,0.0,1.4938093423843384,1.0,1.0,0.0,-4.0,-0.10000000149011612,-0.017692245543003082,-3.534995629550508e-10,0.0
142202.118,-4.0,1.0,2.0,0.13715103268623352,0.0,-2.309384346008301,-2.0,-2.0,2.0,-4.0,-0.10000000149011612,-0.017772240564227104,-3.0391439365118345e-10,0.0
142212.118,-4.0,2.0,-1.0,0.20029443502426147,0.0,0.4761945903301239,0.0,0.0,0.0,-4.0,-0.10000000149011612,-0.017852235585451126,-2.612844662852609e-10,0.0
142222.118,-4.0,0.0,-4.0,0.27349093556404114,0.0,3.3815321922302246,3.0,3.0,1.0,-4.0,-0.10000000149011612,-0.01793222874403,-2.246342417633329e-10,0.0
142232.118,-4.0,-1.0,1.0,0.2585054337978363,0.0,-1.3829941749572754,-1.0,-1.0,2.0,-4.0,-0.10000000149011612,-0.01801222376525402,-1.931249327125073e-10,0.0
142242.118,-4.0,1.0,1.0,0.2909073829650879,0.0,-2.083883047103882,-1.0,-1.0,0.0,-4.0,-0.10000000149011612,-0.018108217045664787,-1.6109170941636108e-10,0.0
142252.119,-4.0,0.0,0.0,0.29320234060287476,0.0,-0.8417647480964661,0.0,0.0,2.0,-4.0,-0.10000000149011612,-0.018172211945056915,-1.4274571802364022e-10,0.0
142262.119,-4.0,-2.0,2.0,0.2766972780227661,0.0,-2.672130584716797,-2.0,-2.0,0.0,-4.0,-0.10000000149011612,-0.018252205103635788,-1.2272285965231333e-10,0.0
142272.118,-4.0,-1.0,0.0,0.3056008815765381,0.0,-0.9652070999145508,0.0,0.0,3.0,-4.0,-0.10000000149011612,-0.01833220012485981,-1.0550859491642584e-10,0.0
142282.118,-4.0,-1.0,0.0,0.2479628324508667,0.0,-0.29405540227890015,0.0,0.0,3.0,-4.0,-0.10000000149011612,-0.018412193283438683,-9.07089611756895e-11,0.0
142292.118,-4.0,0.0,0.0,0.2437019795179367,0.0,0.0012288641883060336,0.0,0.0,1.0,-4.0,-0.10000000149011612,-0.018492188304662704,-7.79852640797607e-11,0.0
142302.118,-4.0,1.0,-2.0,0.23352375626564026,0.0,2.167492151260376,2.0,2.0,3.0,-4.0,-0.10000000149011612,-0.018572183325886726,-6.704630600706807e-11,0.0
142312.118,-4.0,-2.0,-2.0,0.22491493821144104,0.0,2.3459906578063965,2.0,2.0,4.0,-4.0,-0.10000000149011612,-0.0186521764844656,-5.764175942113425e-11,0.0
142322.118,-4.0,1.0,-2.0,0.27814096212387085,0.0,1.2974241971969604,1.0,1.0,2.0,-4.0,-0.10000000149011612,-0.01873217150568962,-4.9556383302507e-11,0.0
142332.118,-4.0,-1.0,-5.0,0.30904528498649597,0.0,4.62553596496582,4.0,4.0,1.0,-4.0,-0.10000000149011612,-0.018812164664268494,-4.260513816745082e-11,0.0
142342.118,-4.0,-3.0,0.0,0.3167315125465393,0.0,-0.9942529797554016,0.0,0.0,0.0,-4.0,-0.10000000149011612,-0.018892159685492516,-3.6628942934324726e-11,0.0
142352.118,-4.0,-2.0,0.0,0.31390294432640076,0.0,-0.48614436388015747,0.0,0.0,3.0,-4.0,-0.10000000149011612,-0.018972152844071388,-3.1491028534835763e-11,0.0
142362.118,-4.0,-1.0,-1.0,0.2800006866455078,0.0,0.7873883843421936,1.0,1.0,4.0,-4.0,-0.10000000149011612,-0.01905214786529541,-2.7073796329823985e-11,0.0
142370.119,-4.0,1.0,1.0,0.2849982976913452,0.0,-2.16624116897583,-1.0,-1.0,3.0,-4.0,-0.10000000149011612,-0.019132142886519432,-2.3276170921238126e-11,0.0
142382.118,-4.0,0.0,1.0,0.23582832515239716,0.0,-1.185623288154602,0.0,0.0,2.0,-4.0,-0.10000000149011612,-0.019212136045098305,-2.0011235724037846e-11,0.0
142392.118,-4.0,0.0,-2.0,0.289197713136673,0.0,0.9665209650993347,1.0,1.0,-1.0,-4.0,-0.10000000149011612,-0.019292131066322327,-1.7204270993942394e-11,0.0
142402.118,-4.0,1.0,3.0,0.291674941778183,0.0,-4.61765193939209,-4.0,-4.0,4.0,-4.0,-0.10000000149011612,-0.0193721242249012,-1.4791038185912875e-11,0.0
142412.118,-4.0,-2.0,-4.0,0.3632153570652008,0.0,2.7862131595611572,3.0,3.0,1.0,-4.0,-0.10000000149011612,-0.01945211924612522,-1.2716308041282876e-11,0.0
142422.118,-4.0,1.0,-3.0,0.36593738198280334,0.0,2.2779135704040527,2.0,2.0,1.0,-4.0,-0.10000000149011612,-0.019532112404704094,-1.0932599443791435e-11,0.0
142432.118,-4.0,0.0,2.0,0.32141047716140747,0.0,-2.392829179763794,-2.0,-2.0,1.0,-4.0,-0.10000000149011612,-0.019612107425928116,-9.399090880601868e-12,0.0
142442.118,-4.0,-1.0,-1.0,0.34517422318458557,0.0,0.10046520829200745,0.0,0.0,4.0,-4.0,-0.10000000149011612,-0.01969210058450699,-8.080685426348211e-12,0.0
142452.118,-4.0,-1.0,-2.0,0.33704647421836853,0.0,1.9962153434753418,2.0,2.0,2.0,-4.0,-0.10000000149011612,-0.01977209560573101,-6.947211035612799e-12,0.0
142462.118,-4.0,-1.0,1.0,0.39743533730506897,0.0,-2.3547022342681885,-1.0,-1.0,2.0,-4.0,-0.10000000149011612,-0.019854091107845306,0.0036006055306643248,0.0
142472.118,-4.0,0.0,-3.0,0.3871300518512726,0.0,2.476637125015259,2.0,2.0,0.0,-4.0,-0.10000000149011612,-0.01993408426642418,0.0030955506954342127,0.0
142482.118,-4.0,1.0,-1.0,0.3938499689102173,0.0,-0.06753749400377274,0.0,0.0,1.0,-4.0,-0.10000000149011612,-0.0200140792876482,0.002661339705809951,0.0
142492.118,-4.0,-1.0,-2.0,0.4983082413673401,0.0,0.2934970259666443,0.0,0.0,2.0,-4.0,-0.10000000149011612,-0.020094072446227074,0.0022880351170897484,0.0
142502.119,-4.0,0.0,0.0,0.42105111479759216,0.0,-0.277224600315094,0.0,0.0,3.0,-4.0,-0.10000000149011612,-0.020174067467451096,0.0019670939072966576,0.0
142512.118,-4.0,1.0,-2.0,0.44626563787460327,0.0,1.3709770441055298,1.0,1.0,3.0,-4.0,-0.10000000149011612,-0.020254062488675117,0.001691170735284686,0.0
142522.118,-4.0,1.0,-2.0,0.452034056186676,0.0,1.2482740879058838,1.0,1.0,2.0,-4.0,-0.10000000149011612,-0.02033405564725399,0.001453951233997941,0.0
142532.118,-4.0,1.0,0.0,0.40712377429008484,0.0,-0.6663535237312317,0.0,0.0,3.0,-4.0,-0.10000000149011612,-0.020414050668478012,0.0012500061420723796,0.0
142542.118,-4.0,0.0,-3.0,0.4676138162612915,0.0,2.0939502716064453,2.0,2.0,2.0,-4.0,-0.10000000149011612,-0.020494043827056885,0.0010746686020866036,0.0
142552.118,-4.0,3.0,0.0,0.3421630263328552,0.0,0.7438186407089233,1.0,1.0,1.0,-4.0,-0.10000000149011612,-0.020574038848280907,0.0009239253704436123,0.0
142562.118,-4.0,0.0,1.0,0.37070992588996887,0.0,-1.6620997190475464,-1.0,-1.0,0.0,-4.0,-0.10000000149011612,-0.020662032067775726,0.0007824120693840086,0.0
142571.209,-4.0,-1.0,-1.0,0.3386315405368805,0.0,0.7495617866516113,1.0,1.0,1.0,-4.0,-0.10000000149011612,-0.020726026967167854,0.0006933067925274372,0.0
142581.21,-4.0,-1.0,1.0,0.30803942680358887,0.0,-1.414419412612915,-1.0,-1.0,0.0,-4.0,-0.10000000149011612,-0.020806021988391876,0.0005960569833405316,0.0
142591.209,-4.0,1.0,0.0,0.2630400061607361,0.0,0.3079472482204437,0.0,0.0,3.0,-4.0,-0.10000000149011612,-0.02088601514697075,0.0005124483723193407,0.0
142601.21,-4.0,-1.0,-3.0,0.26914095878601074,0.0,2.849138021469116,3.0,3.0,1.0,-4.0,-0.10000000149011612,-0.02096601016819477,0.00044056749902665615,0.0
142611.21,-4.0,1.0,-2.0,0.2941800057888031,0.0,0.9179065823554993,1.0,1.0,1.0,-4.0,-0.10000000149011612,-0.021046005189418793,0.0003787692985497415,0.0
142621.21,-4.0,-2.0,-3.0,0.32358884811401367,0.0,2.0017783641815186,2.0,2.0,0.0,-4.0,-0.10000000149011612,-0.021125998347997665,0.00032563955755904317,0.0
142631.209,-4.0,-1.0,2.0,0.3007177412509918,0.0,-2.5299346446990967,-2.0,-2.0,2.0,-4.0,-0.10000000149011612,-0.021205993369221687,0.00027996228891424835,0.0
142641.21,-4.0,-1.0,-2.0,0.33563232421875,0.0,1.2071049213409424,1.0,1.0,1.0,-4.0,-0.10000000149011612,-0.02128598652780056,0.00024069214123301208,0.0
142651.21,-4.0,0.0,-2.0,0.3652665615081787,0.0,1.129410982131958,1.0,1.0,1.0,-4.0,-0.10000000149011612,-0.021365981549024582,0.00020693038823083043,0.0
142661.209,-4.0,0.0,-1.0,0.3317568600177765,0.0,0.7138285636901855,1.0,1.0,1.0,-4.0,-0.10000000149011612,-0.021445974707603455,0.00017790438141673803,0.0
142671.21,-4.0,-1.0,1.0,0.3177163302898407,0.0,-1.462732195854187,-1.0,-1.0,3.0,-4.0,-0.10000000149011612,-0.021525969728827477,0.00015294984041247517,0.0
142681.21,-4.0,0.0,-1.0,0.30790409445762634,0.0,0.7031978964805603,1.0,1.0,4.0,-4.0,-0.10000000149011612,-0.02160596288740635,0.00013149564620107412,0.0
142691.211,-4.0,-1.0,-2.0,0.3236299455165863,0.0,1.4894853830337524,1.0,1.0,3.0,-4.0,-0.10000000149011612,-0.02168595790863037,0.00011305082443868741,0.0
142701.21,-4.0,1.0,-4.0,0.3652432858943939,0.0,3.145434856414795,3.0,3.0,1.0,-4.0,-0.10000000149011612,-0.021765952929854393,9.719325316837057e-05,0.0
142711.209,-4.0,1.0,0.0,0.33893710374832153,0.0,-0.4521894156932831,0.0,0.0,0.0,-4.0,-0.10000000149011612,-0.021845946088433266,8.356002217624336e-05,0.0
142721.209,-4.0,-2.0,-2.0,0.3173520863056183,0.0,1.9623159170150757,2.0,2.0,0.0,-4.0,-0.10000000149011612,-0.021925941109657288,7.183909474406391e-05,0.0
142731.209,-4.0,-1.0,-3.0,0.3245079815387726,0.0,2.7181427478790283,3.0,3.0,0.0,-4.0,-0.10000000149011612,-0.02200593426823616,6.176226452225819e-05,0.0
142741.209,-4.0,0.0,0.0,0.3127622902393341,0.0,-0.5395480990409851,0.0,0.0,2.0,-4.0,-0.10000000149011612,-0.022085929289460182,5.309890548232943e-05,0.0
142751.21,-4.0,0.0,-4.0,0.3118627071380615,0.0,4.043269634246826,4.0,4.0,3.0,-4.0,-0.10000000149011612,-0.022165922448039055,4.565075141726993e-05,0.0
142761.209,-4.0,2.0,2.0,0.3001001179218292,0.0,-2.6528680324554443,-2.0,-2.0,0.0,-4.0,-0.10000000149011612,-0.022245917469263077,3.9247344830073416e-05,0.0
142771.209,-4.0,0.0,-3.0,0.35052791237831116,0.0,2.470489740371704,2.0,2.0,2.0,-4.0,-0.10000000149011612,-0.0223259124904871,3.374214065843262e-05,0.0
142781.209,-4.0,-2.0,-2.0,0.43697288632392883,0.0,0.2775958478450775,0.0,0.0,0.0,-4.0,-0.10000000149011612,-0.02240590564906597,2.9009152058279142e-05,0.0
142791.209,-4.0,-1.0,-2.0,0.4337059557437897,0.0,1.470924735069275,1.0,1.0,2.0,-4.0,-0.10000000149011612,-0.022485900670289993,2.4940052753663622e-05,0.0
142801.209,-4.0,-3.0,-1.0,0.38819989562034607,0.0,1.1307979822158813,1.0,1.0,1.0,-4.0,-0.10000000149011612,-0.022565893828868866,2.144172503903974e-05,0.0
142811.21,-4.0,0.0,1.0,0.3525771498680115,0.0,-1.7437801361083984,-1.0,-1.0,1.0,-4.0,-0.10000000149011612,-0.022645888850092888,1.8434104276821017e-05,0.0
142822.118,-4.0,1.0,1.0,0.4313197731971741,0.0,-2.6978940963745117,-2.0,-2.0,5.0,-4.0,-0.10000000149011612,-0.022733882069587708,1.561063800181728e-05,0.0
142832.118,-4.0,-2.0,-2.0,0.48183390498161316,0.0,0.5617222785949707,1.0,1.0,3.0,-4.0,-0.10000000149011612,-0.02281387709081173,1.3420944014796987e-05,0.0
142842.118,-4.0,0.0,2.0,0.3952437937259674,0.0,-2.0638492107391357,-1.0,-1.0,2.0,-4.0,-0.10000000149011612,-0.022893870249390602,1.1538395483512431e-05,0.0
142852.118,-4.0,1.0,-2.0,0.33535999059677124,0.0,1.9993317127227783,2.0,2.0,3.0,-4.0,-0.10000000149011612,-0.022973865270614624,9.919911462930031e-06,0.0
142860.119,-4.0,-2.0,3.0,0.35173431038856506,0.0,-3.7540671825408936,-3.0,-3.0,5.0,-4.0,-0.10000000149011612,-0.023053858429193497,8.528451871825382e-06,0.0
142872.118,-4.0,-3.0,-3.0,0.39001694321632385,0.0,1.931203842163086,2.0,2.0,3.0,-4.0,-0.10000000149011612,-0.02313385345041752,7.332171207963256e-06,0.0
142882.119,-4.0,-1.0,-1.0,0.36034199595451355,0.0,0.5204610824584961,0.0,0.0,1.0,-4.0,-0.10000000149011612,-0.023229846730828285,6.115999894973356e-06,0.0
142892.118,-4.0,1.0,1.0,0.3528030812740326,0.0,-1.6858519315719604,-1.0,-1.0,0.0,-4.0,-0.10000000149011612,-0.023293841630220413,5.419477474788437e-06,0.0
142902.118,-4.0,-2.0,0.0,0.3762023150920868,0.0,-0.545485258102417,0.0,0.0,2.0,-4.0,-0.10000000149011612,-0.023373836651444435,4.659289970732061e-06,0.0
142912.118,-4.0,0.0,0.0,0.3905264437198639,0.0,-0.9361373782157898,0.0,0.0,1.0,-4.0,-0.10000000149011612,-0.023453829810023308,4.005734353995649e-06,0.0
142922.118,-4.0,-2.0,2.0,0.29243606328964233,0.0,-1.77488112449646,-1.0,-1.0,3.0,-4.0,-0.10000000149011612,-0.02353382483124733,3.4438528473401675e-06,0.0
142932.118,-4.0,-1.0,1.0,0.2580174505710602,0.0,-1.0192784070968628,0.0,0.0,1.0,-4.0,-0.10000000149011612,-0.023613817989826202,2.960786105177249e-06,0.0
142942.118,-4.0,1.0,0.0,0.2533155679702759,0.0,-0.01061334926635027,0.0,0.0,1.0,-4.0,-0.10000000149011612,-0.023693813011050224,2.545478082538466e-06,0.0
142952.118,-4.0,0.0,0.0,0.24353499710559845,0.0,-0.27507123351097107,0.0,0.0,2.0,-4.0,-0.10000000149011612,-0.023773806169629097,2.188425241911318e-06,0.0
142962.119,-4.0,-3.0,0.0,0.27758029103279114,0.0,-1.0415289402008057,0.0,0.0,0.0,-4.0,-0.10000000149011612,-0.02385380119085312,1.8814562281477265e-06,0.0
142972.118,-4.0,0.0,2.0,0.17836366593837738,0.0,-1.5166555643081665,-1.0,-1.0,2.0,-4.0,-0.10000000149011612,-0.02393379434943199,1.6175454220501706e-06,0.0
142982.118,-4.0,-4.0,-2.0,0.21399946510791779,0.0,1.4456862211227417,1.0,1.0,2.0,-4.0,-0.10000000149011612,-0.024013789370656013,1.390653437738365e-06,0.0
142992.118,-4.0,-2.0,0.0,0.317415326833725,0.0,-1.4790840148925781,-1.0,-1.0,4.0,-4.0,-0.10000000149011612,-0.024093784391880035,1.1955872878388618e-06,0.0
143002.118,-4.0,1.0,1.0,0.3451038897037506,0.0,-1.6813328266143799,-1.0,-1.0,0.0,-4.0,-0.10000000149011612,-0.024173777550458908,1.0278830586685217e-06,0.0
143010.119,-4.0,-1.0,-2.0,0.41375696659088135,0.0,0.3939628601074219,0.0,0.0,-1.0,-4.0,-0.10000000149011612,-0.024245772510766983,8.971599072538083e-07,0.0
143021.209,-4.0,4.0,0.0,0.42305225133895874,0.0,-1.1103583574295044,0.0,0.0,1.0,-4.0,-0.10000000149011612,-0.024325767531991005,7.713157401667559e-07,0.0
143031.21,-4.0,1.0,-1.0,0.36905503273010254,0.0,1.4438985586166382,1.0,1.0,1.0,-4.0,-0.10000000149011612,-0.024405760690569878,6.631236715293198e-07,0.0
143041.21,-4.0,1.0,-1.0,0.45904475450515747,0.0,-0.420459121465683,0.0,0.0,-2.0,-4.0,-0.10000000149011612,-0.0244857557117939,5.701076588593423e-07,0.0
143051.21,-4.0,-1.0,-1.0,0.48592230677604675,0.0,0.027459261938929558,0.0,0.0,2.0,-4.0,-0.10000000149011612,-0.024565748870372772,4.901390298073238e-07,0.0
143061.209,-4.0,4.0,-1.0,0.5288434028625488,0.0,-0.5435818433761597,0.0,0.0,-1.0,-4.0,-0.10000000149011612,-0.024645743891596794,4.21387539972784e-07,0.0
143071.21,-4.0,1.0,-1.0,0.53907310962677,0.0,-0.09347961843013763,0.0,0.0,1.0,-4.0,-0.10000000149011612,-0.024725737050175667,3.622797635216557e-07,0.0
143081.209,-4.0,-2.0,-2.0,0.5314228534698486,0.0,1.3430348634719849,1.0,1.0,1.0,-4.0,-0.10000000149011612,-0.02480573207139969,3.114629407718894e-07,0.0
143091.209,-4.0,-4.0,-3.0,0.5595637559890747,0.0,1.8996328115463257,2.0,2.0,-1.0,-4.0,-0.10000000149011612,-0.02488572709262371,2.6777419748214015e-07,0.0
143101.21,-4.0,2.0,1.0,0.5202043652534485,0.0,-1.5307414531707764,-1.0,-1.0,3.0,-4.0,-0.10000000149011612,-0.024965720251202583,2.3021368633635575e-07,0.0
143111.21,-4.0,-3.0,-1.0,0.4641306400299072,0.0,0.8578769564628601,1.0,1.0,4.0,-4.0,-0.10000000149011612,-0.025045715272426605,1.9792173588939477e-07,0.0
143121.21,-4.0,1.0,-1.0,0.408397376537323,0.0,0.9143027663230896,1.0,1.0,0.0,-4.0,-0.10000000149011612,-0.025125708431005478,1.70159367485212e-07,0.0
143131.21,-4.0,-1.0,-3.0,0.3377494812011719,0.0,3.200737237930298,3.0,3.0,1.0,-4.0,-0.10000000149011612,-0.0252057034522295,1.46291199598636e-07,0.0
143139.118,-4.0,-1.0,-2.0,0.4251331388950348,0.0,0.6770259141921997,1.0,1.0,2.0,-4.0,-0.10000000149011612,-0.025285696610808372,1.2577100960697862e-07,0.0
143151.209,-4.0,2.0,0.0,0.44878846406936646,0.0,-1.1805739402770996,0.0,0.0,3.0,-4.0,-0.10000000149011612,-0.025365691632032394,1.0812919271074861e-07,0.0
143161.21,-4.0,2.0,0.0,0.37776750326156616,0.0,-0.139330193400383,0.0,0.0,0.0,-4.0,-0.10000000149011612,-0.025445684790611267,9.296197589492294e-08,0.0
143171.209,-4.0,-1.0,-4.0,0.3358512222766876,0.0,4.259215831756592,4.0,4.0,1.0,-4.0,-0.10000000149011612,-0.02552567981183529,7.99222448222281e-08,0.0
143181.21,-4.0,-1.0,-1.0,0.3899913728237152,0.0,-0.2038273811340332,0.0,0.0,-1.0,-4.0,-0.10000000149011612,-0.02560567483305931,6.871158575449954e-08,0.0
143191.21,-4.0,0.0,3.0,0.340902715921402,0.0,-3.347426652908325,-3.0,-3.0,3.0,-4.0,-0.10000000149011612,-0.025685667991638184,5.907346078970477e-08,0.0
143201.21,-4.0,1.0,2.0,0.3170921504497528,0.0,-2.475738763809204,-2.0,-2.0,2.0,-4.0,-0.10000000149011612,-0.025765663012862206,5.078726061924499e-08,0.0
143211.209,-4.0,1.0,2.0,0.38002410531044006,0.0,-3.506920099258423,-3.0,-3.0,2.0,-4.0,-0.10000000149011612,-0.025845656171441078,4.3663362703227904e-08,0.0
143221.209,-4.0,-1.0,-1.0,0.35979488492012024,0.0,0.7010562419891357,1.0,1.0,2.0,-4.0,-0.10000000149011612,-0.0259256511926651,3.7538725905506e-08,0.0
143231.21,-4.0,-5.0,0.0,0.3599410355091095,0.0,-0.7205799221992493,0.0,0.0,1.0,-4.0,-0.10000000149011612,-0.026005644351243973,3.2273192118736915e-08,0.0
143241.21,-4.0,-1.0,2.0,0.25976449251174927,0.0,-1.855758786201477,-1.0,-1.0,0.0,-4.0,-0.10000000149011612,-0.026085639372467995,2.77462515185789e-08,0.0
143251.209,-4.0,0.0,2.0,0.21504241228103638,0.0,-2.19765305519104,-1.0,-1.0,1.0,-4.0,-0.10000000149011612,-0.026165634393692017,2.3854299868730777e-08,0.0
143261.209,-4.0,0.0,-1.0,0.246511772274971,0.0,0.04798555746674538,0.0,0.0,0.0,-4.0,-0.10000000149011612,-0.02624562755227089,2.0508270637265014e-08,0.0
143271.209,-4.0,-1.0,-1.0,0.26454222202301025,0.0,0.18739214539527893,0.0,0.0,2.0,-4.0,-0.10000000149011612,-0.02632562257349491,1.7631588633548745e-08,0.0
143281.21,-4.0,-2.0,-2.0,0.2860576808452606,0.0,1.5781705379486084,1.0,1.0,1.0,-4.0,-0.10000000149011612,-0.026405615732073784,1.515841496768644e-08,0.0
143291.21,-4.0,-2.0,1.0,0.27867591381073,0.0,-1.5352509021759033,-1.0,-1.0,0.0,-4.0,-0.10000000149011612,-0.026485610753297806,1.3032153134417968e-08,0.0
143301.21,-4.0,-3.0,-2.0,0.3829406499862671,0.0,0.6070130467414856,0.0,0.0,1.0,-4.0,-0.10000000149011612,-0.02656560391187668,1.1204140726306377e-08,0.0
143311.209,-4.0,0.0,-3.0,0.3716449439525604,0.0,2.8362207412719727,3.0,3.0,2.0,-4.0,-0.10000000149011612,-0.0266455989331007,9.632541875248535e-09,0.0
143321.209,-4.0,0.0,1.0,0.34393981099128723,0.0,-1.5215916633605957,-1.0,-1.0,2.0,-4.0,-0.10000000149011612,-0.026725592091679573,8.281390684317103e-09,0.0
143331.209,-4.0,-3.0,0.0,0.40274184942245483,0.0,-1.0196831226348877,0.0,0.0,-1.0,-4.0,-0.10000000149011612,-0.026805587112903595,7.119765221830221e-09,0.0
143341.21,-4.0,1.0,-2.0,0.472036212682724,0.0,0.8003673553466797,1.0,1.0,-1.0,-4.0,-0.10000000149011612,-0.026885582134127617,6.121079643151006e-09,0.0
143351.209,-4.0,-3.0,0.0,0.4732876718044281,0.0,-1.1014453172683716,0.0,0.0,3.0,-4.0,-0.10000000149011612,-0.02696557529270649,5.262479785272944e-09,0.0
143361.21,-4.0,-1.0,-3.0,0.5087729096412659,0.0,2.1385135650634766,2.0,2.0,3.0,-4.0,-0.10000000149011612,-0.02704557031393051,4.52431514474938e-09,0.0
143371.21,-4.0,-1.0,-1.0,0.502974271774292,0.0,0.45804786682128906,0.0,0.0,0.0,-4.0,-0.10000000149011612,-0.027125563472509384,3.889692123948407e-09,0.0
143381.21,-4.0,3.0,0.0,0.46568045020103455,0.0,-0.395722895860672,0.0,0.0,2.0,-4.0,-0.10000000149011612,-0.027205558493733406,3.344087451395694e-09,0.0
143391.211,-4.0,0.0,-2.0,0.4116690754890442,0.0,1.753517746925354,2.0,2.0,1.0,-4.0,-0.10000000149011612,-0.02728555165231228,2.875014226688677e-09,0.0
143402.118,-4.0,3.0,0.0,0.4126126766204834,0.0,-0.5607905387878418,0.0,0.0,3.0,-4.0,-0.10000000149011612,-0.027373546734452248,2.4346613614056878e-09,0.0
143412.118,-4.0,-3.0,-3.0,0.4008488357067108,0.0,2.331173896789551,2.0,2.0,3.0,-4.0,-0.10000000149011612,-0.02745353989303112,2.093152762228101e-09,0.0
143422.118,-4.0,-2.0,-1.0,0.3805638551712036,0.0,0.26783058047294617,0.0,0.0,3.0,-4.0,-0.10000000149011612,-0.027533534914255142,1.7995472889609232e-09,0.0
143432.118,-4.0,1.0,0.0,0.362484872341156,0.0,-0.8175589442253113,0.0,0.0,1.0,-4.0,-0.10000000149011612,-0.027613528072834015,1.5471257608368205e-09,0.0
143442.118,-4.0,-1.0,-1.0,0.28901225328445435,0.0,1.0029006004333496,1.0,1.0,1.0,-4.0,-0.10000000149011612,-0.027693523094058037,1.3301112433694584e-09,0.0
143452.118,-4.0,2.0,0.0,0.26380398869514465,0.0,-0.0305499117821455,0.0,0.0,0.0,-4.0,-0.10000000149011612,-0.02777351625263691,1.1435373759027812e-09,0.0
143462.119,-4.0,0.0,0.0,0.2631135880947113,0.0,-0.860772430896759,0.0,0.0,2.0,-4.0,-0.10000000149011612,-0.02785351127386093,9.83134129661778e-10,0.0
143472.119,-4.0,3.0,-2.0,0.25773534178733826,0.0,2.2682294845581055,2.0,2.0,-1.0,-4.0,-0.10000000149011612,-0.027933506295084953,8.45230385682072e-10,0.0
143482.118,-4.0,-1.0,-1.0,0.12972767651081085,0.0,2.256347417831421,2.0,2.0,3.0,-4.0,-0.10000000149011612,-0.028013499453663826,7.266703350161663e-10,0.0
143492.118,-4.0,-1.0,-2.0,0.19607408344745636,0.0,1.4165831804275513,1.0,1.0,1.0,-4.0,-0.10000000149011612,-0.028093494474887848,6.247407036141794e-10,0.0
143502.118,-4.0,-1.0,-1.0,0.15255111455917358,0.0,1.0999191999435425,1.0,1.0,-2.0,-4.0,-0.10000000149011612,-0.02817348763346672,5.37108690856769e-10,0.0
143512.118,-4.0,0.0,-3.0,0.18951889872550964,0.0,2.9847335815429688,3.0,3.0,-2.0,-4.0,-0.10000000149011612,-0.028253482654690742,4.617687621166766e-10,0.0
143522.119,-4.0,0.0,0.0,0.24750329554080963,0.0,-0.6345565915107727,0.0,0.0,-1.0,-4.0,-0.10000000149011612,-0.02834947593510151,3.85176140982324e-10,0.0
143532.118,-4.0,2.0,2.0,0.2770618498325348,0.0,-2.9565722942352295,-2.0,-2.0,0.0,-4.0,-0.10000000149011612,-0.028413470834493637,3.413102023230863e-10,0.0
143542.118,-4.0,-5.0,-1.0,0.3902888298034668,0.0,-0.8283724188804626,0.0,0.0,1.0,-4.0,-0.10000000149011612,-0.02849346399307251,2.934348042327173e-10,0.0
143552.118,-4.0,-3.0,1.0,0.43357032537460327,0.0,-2.165433168411255,-1.0,-1.0,2.0,-4.0,-0.10000000149011612,-0.02857345901429653,2.522748954181253e-10,0.0
143562.118,-4.0,0.0,-1.0,0.3539220988750458,0.0,1.630061149597168,1.0,1.0,4.0,-4.0,-0.10000000149011612,-0.028653454035520554,2.1688845164291592e-10,0.0
143572.118,-4.0,-2.0,-2.0,0.3736623227596283,0.0,1.2319458723068237,1.0,1.0,1.0,-4.0,-0.10000000149011612,-0.028733447194099426,1.864656345995641e-10,0.0
143582.118,-4.0,-2.0,-4.0,0.4469662308692932,0.0,3.1419553756713867,3.0,3.0,3.0,-4.0,-0.10000000149011612,-0.028813442215323448,1.603101679181762e-10,0.0
143592.118,-4.0,0.0,0.0,0.46237170696258545,0.0,-1.6192915439605713,-1.0,-1.0,-1.0,-4.0,-0.10000000149011612,-0.02889343537390232,1.378235581217524e-10,0.0
143602.118,-4.0,-1.0,-2.0,0.4581885039806366,0.0,1.1364442110061646,1.0,1.0,2.0,-4.0,-0.10000000149011612,-0.028973430395126343,1.1849113357165209e-10,0.0
143612.118,-4.0,2.0,-2.0,0.5122460722923279,0.0,0.7121952772140503,1.0,1.0,4.0,-4.0,-0.10000000149011612,-0.029053423553705215,1.0187044263698652e-10,0.0
143622.118,-4.0,-3.0,-1.0,0.5462127923965454,0.0,0.1706552505493164,0.0,0.0,0.0,-4.0,-0.10000000149011612,-0.029133418574929237,8.758112984841304e-11,0.0
143632.118,-4.0,0.0,-2.0,0.5308517813682556,0.0,1.1990323066711426,1.0,1.0,1.0,-4.0,-0.10000000149011612,-0.02921341359615326,7.52961790140283e-11,0.0
143642.118,-4.0,-1.0,2.0,0.44902440905570984,0.0,-2.6187918186187744,-2.0,-2.0,2.0,-4.0,-0.10000000149011612,-0.029293406754732132,6.473442615284597e-11,0.0
143652.119,-4.0,-2.0,-2.0,0.44158947467803955,0.0,1.3559342622756958,1.0,1.0,2.0,-4.0,-0.10000000149011612,-0.029383400455117226,0.0035465965047478676,0.0
143661.21,-4.0,-2.0,-3.0,0.4523429274559021,0.0,2.3030588626861572,2.0,2.0,3.0,-4.0,-0.10000000149011612,-0.029447397217154503,0.003142690984532237,0.0
143671.211,-4.0,-1.0,-1.0,0.47092029452323914,0.0,0.2958398759365082,0.0,0.0,1.0,-4.0,-0.10000000149011612,-0.029527390375733376,0.0027018676046282053,0.0
143681.211,-4.0,2.0,-2.0,0.49626144766807556,0.0,1.313801884651184,1.0,1.0,0.0,-4.0,-0.10000000149011612,-0.029607385396957397,0.00232287822291255,0.0
143691.21,-4.0,-3.0,0.0,0.49003157019615173,0.0,-0.3026711642742157,0.0,0.0,0.0,-4.0,-0.10000000149011612,-0.02968737855553627,0.0019970496650785208,0.0
143701.21,-4.0,-1.0,1.0,0.536530077457428,0.0,-2.2487587928771973,-1.0,-1.0,1.0,-4.0,-0.10000000149011612,-0.029767373576760292,0.001716924598440528,0.0
143711.209,-4.0,0.0,2.0,0.4957547187805176,0.0,-3.0201122760772705,-2.0,-2.0,1.0,-4.0,-0.10000000149011612,-0.029847368597984314,0.0014760926133021712,0.0
143721.209,-4.0,2.0,-1.0,0.4760845899581909,0.0,0.6135240793228149,1.0,1.0,0.0,-4.0,-0.10000000149011612,-0.029927361756563187,0.0012690417934209108,0.0
143731.21,-4.0,0.0,-3.0,0.5104469656944275,0.0,2.2565603256225586,2.0,2.0,3.0,-4.0,-0.10000000149011612,-0.03000735677778721,0.0010910341516137123,0.0
143741.21,-4.0,0.0,0.0,0.49201661348342896,0.0,-1.2764946222305298,0.0,0.0,0.0,-4.0,-0.10000000149011612,-0.03008734993636608,0.0009379952680319548,0.0
143751.209,-4.0,-1.0,-3.0,0.46947333216667175,0.0,2.238154649734497,2.0,2.0,-3.0,-4.0,-0.10000000149011612,-0.030167344957590103,0.0008064232533797622,0.0
143761.211,-4.0,-2.0,-2.0,0.5143387913703918,0.0,0.718260645866394,1.0,1.0,3.0,-4.0,-0.10000000149011612,-0.030247338116168976,0.0006933067925274372,0.0
143771.21,-4.0,0.0,3.0,0.4582139849662781,0.0,-3.892413377761841,-3.0,-3.0,1.0,-4.0,-0.10000000149011612,-0.030327333137392998,0.0005960569833405316,0.0
143781.21,-4.0,-2.0,-2.0,0.5012742877006531,0.0,1.3457388877868652,1.0,1.0,3.0,-4.0,-0.10000000149011612,-0.03040732629597187,0.0005124483723193407,0.0
143791.209,-4.0,-1.0,-1.0,0.4892057180404663,0.0,0.3809550404548645,0.0,0.0,2.0,-4.0,-0.10000000149011612,-0.030487321317195892,0.00044056749902665615,0.0
143801.209,-4.0,1.0,-2.0,0.5291169285774231,0.0,0.9283537268638611,1.0,1.0,1.0,-4.0,-0.10000000149011612,-0.030567316338419914,0.0003787692985497415,0.0
143811.21,-4.0,0.0,0.0,0.4524121880531311,0.0,0.1593768149614334,0.0,0.0,4.0,-4.0,-0.10000000149011612,-0.030647309496998787,0.00032563955755904317,0.0
143821.209,-4.0,-1.0,2.0,0.5048350095748901,0.0,-3.5981295108795166,-3.0,-3.0,2.0,-4.0,-0.10000000149011612,-0.03072730451822281,0.00027996228891424835,0.0
143831.21,-4.0,1.0,0.0,0.5587482452392578,0.0,-1.380854845046997,0.0,0.0,1.0,-4.0,-0.10000000149011612,-0.03080729767680168,0.00024069214123301208,0.0
143841.21,-4.0,-2.0,-2.0,0.5462024211883545,0.0,1.6384527683258057,2.0,2.0,3.0,-4.0,-0.10000000149011612,-0.030887292698025703,0.00020693038823083043,0.0
143851.209,-4.0,-2.0,0.0,0.48794689774513245,0.0,-0.5915592908859253,0.0,0.0,2.0,-4.0,-0.10000000149011612,-0.030967285856604576,0.00017790438141673803,0.0
143861.209,-4.0,0.0,2.0,0.45135682821273804,0.0,-2.6113195419311523,-2.0,-2.0,-1.0,-4.0,-0.10000000149011612,-0.031047280877828598,0.00015294984041247517,0.0
143871.209,-4.0,0.0,1.0,0.38614001870155334,0.0,-0.9238560199737549,0.0,0.0,0.0,-4.0,-0.10000000149011612,-0.03112727589905262,0.00013149564620107412,0.0
143881.21,-4.0,1.0,0.0,0.39900141954421997,0.0,-0.681552529335022,0.0,0.0,4.0,-4.0,-0.10000000149011612,-0.031207269057631493,0.00011305082443868741,0.0
143891.21,-4.0,0.0,-3.0,0.41289108991622925,0.0,2.346841335296631,2.0,2.0,-1.0,-4.0,-0.10000000149011612,-0.031287264078855515,9.719325316837057e-05,0.0
143901.21,-4.0,0.0,-1.0,0.42334070801734924,0.0,-0.021362874656915665,0.0,0.0,1.0,-4.0,-0.10000000149011612,-0.03136725723743439,8.356002217624336e-05,0.0
143912.118,-4.0,-1.0,-1.0,0.3860817551612854,0.0,0.4108724296092987,0.0,0.0,2.0,-4.0,-0.10000000149011612,-0.031455252319574356,7.076151086948812e-05,0.0
143922.119,-4.0,0.0,0.0,0.38886019587516785,0.0,-0.8503957986831665,0.0,0.0,1.0,-4.0,-0.10000000149011612,-0.03155124559998512,5.902444536332041e-05,0.0
143932.118,-4.0,2.0,1.0,0.4023744761943817,0.0,-1.8915237188339233,-1.0,-1.0,2.0,-4.0,-0.10000000149011612,-0.0316152386367321,5.230242095422e-05,0.0
143942.118,-4.0,-3.0,-3.0,0.3964831829071045,0.0,2.8512539863586426,3.0,3.0,1.0,-4.0,-0.10000000149011612,-0.03169523552060127,4.4965989218326285e-05,0.0
143952.118,-4.0,0.0,-1.0,0.3671128749847412,0.0,0.5484949946403503,0.0,0.0,1.0,-4.0,-0.10000000149011612,-0.031775228679180145,3.8658636185573414e-05,0.0
143962.118,-4.0,3.0,0.0,0.3331787884235382,0.0,-0.34881341457366943,0.0,0.0,1.0,-4.0,-0.10000000149011612,-0.03185522183775902,3.323601049487479e-05,0.0
143970.119,-4.0,0.0,-1.0,0.2962373197078705,0.0,1.3807214498519897,1.0,1.0,2.0,-4.0,-0.10000000149011612,-0.03194321691989899,2.8145404940005392e-05,0.0
143981.209,-4.0,-1.0,-3.0,0.3154286742210388,0.0,2.6137006282806396,2.0,2.0,1.0,-4.0,-0.10000000149011612,-0.03200921416282654,0.0036803772673010826,0.0
143991.209,-5.0,1.0,1.0,0.1769431084394455,0.0,0.02833395265042782,0.0,0.0,3.0,-4.0,-0.10000000149011612,-0.032091207802295685,0.006989111192524433,0.0
144001.21,-4.0,-1.0,-2.0,0.24299836158752441,0.0,1.6755346059799194,1.0,1.0,2.0,-4.0,-0.10000000149011612,-0.03217120096087456,0.0060087526217103004,0.0
144011.21,-4.0,-1.0,-3.0,0.22616362571716309,0.0,3.2639639377593994,3.0,3.0,1.0,-4.0,-0.10000000149011612,-0.03225119411945343,0.005165908485651016,0.0
144021.209,-4.0,-1.0,-1.0,0.28835201263427734,0.0,-0.2464793473482132,0.0,0.0,4.0,-4.0,-0.10000000149011612,-0.0323311910033226,0.004441289696842432,0.0
144031.21,-4.0,-1.0,1.0,0.20374161005020142,0.0,-0.512701690196991,0.0,0.0,2.0,-4.0,-0.10000000149011612,-0.032411184161901474,0.003818312892690301,0.0
144041.209,-4.0,-1.0,0.0,0.1972227692604065,0.0,0.19588015973567963,0.0,0.0,4.0,-4.0,-0.10000000149011612,-0.03249117732048035,0.003282720223069191,0.0
144051.21,-4.0,0.0,-2.0,0.2719680964946747,0.0,0.8931874632835388,1.0,1.0,2.0,-4.0,-0.10000000149011612,-0.03257317095994949,0.006647239439189434,0.0
144061.209,-4.0,0.0,-1.0,0.277442067861557,0.0,0.33262982964515686,0.0,0.0,2.0,-4.0,-0.10000000149011612,-0.032653164118528366,0.005714834667742252,0.0
144071.21,-5.0,-1.0,1.0,0.2708236873149872,0.0,-1.6069390773773193,-1.0,-1.0,1.0,-4.0,-0.10000000149011612,-0.032741155475378036,0.01971031352877617,0.0
144081.21,-4.0,-2.0,-1.0,0.343447208404541,0.0,-0.4244748055934906,0.0,0.0,1.0,-4.0,-0.10000000149011612,-0.03283114358782768,0.0351770855486393,0.0
144091.21,-4.0,1.0,0.0,0.37472161650657654,0.0,-1.717455506324768,-1.0,-1.0,1.0,-4.0,-0.10000000149011612,-0.03291913494467735,0.044324424117803574,0.0
144102.118,-4.0,-1.0,1.0,0.4342205822467804,0.0,-2.6664669513702393,-2.0,-2.0,1.0,-4.0,-0.10000000149011612,-0.03300712630152702,0.03753545880317688,0.0
144112.118,-4.0,-2.0,1.0,0.4421001970767975,0.0,-2.3822171688079834,-1.0,-1.0,4.0,-4.0,-0.10000000149011612,-0.033087123185396194,0.03227038308978081,0.0
144122.118,-4.0,2.0,2.0,0.3728587031364441,0.0,-2.0355117321014404,-1.0,-1.0,0.0,-4.0,-0.10000000149011612,-0.03318311646580696,0.02691776119172573,0.0
144132.118,-4.0,0.0,1.0,0.40783587098121643,0.0,-2.40803599357605,-2.0,-2.0,2.0,-4.0,-0.10000000149011612,-0.03324710950255394,0.02385222166776657,0.0
144142.118,-4.0,0.0,-1.0,0.4181976914405823,0.0,0.2091202586889267,0.0,0.0,3.0,-4.0,-0.10000000149011612,-0.03332710266113281,0.02050648257136345,0.0
144152.118,-4.0,1.0,0.0,0.4682365953922272,0.0,-1.4026418924331665,0.0,0.0,0.0,-4.0,-0.10000000149011612,-0.033407099545001984,0.01763004995882511,0.0
144162.119,-4.0,3.0,3.0,0.4208071529865265,0.0,-3.640652894973755,-3.0,-3.0,3.0,-4.0,-0.10000000149011612,-0.03350309282541275,0.01470579206943512,0.0
144172.118,-4.0,-1.0,-1.0,0.4250527024269104,0.0,0.2468765377998352,0.0,0.0,-1.0,-4.0,-0.10000000149011612,-0.03356708586215973,0.013031017035245895,0.0
144182.118,-4.0,-2.0,-2.0,0.4500192403793335,0.0,1.363612174987793,1.0,1.0,1.0,-4.0,-0.10000000149011612,-0.0336470827460289,0.011203164234757423,0.0
144192.118,-4.0,-2.0,1.0,0.5034149289131165,0.0,-2.5933079719543457,-2.0,-2.0,0.0,-4.0,-0.10000000149011612,-0.03372707590460777,0.009631702676415443,0.0
144202.118,-4.0,2.0,0.0,0.4734390377998352,0.0,-0.48666292428970337,0.0,0.0,3.0,-4.0,-0.10000000149011612,-0.033807069063186646,0.008280670270323753,0.0
144212.118,-4.0,1.0,3.0,0.4448238015174866,0.0,-3.496047258377075,-3.0,-3.0,-1.0,-4.0,-0.10000000149011612,-0.03388706222176552,0.00711914524435997,0.0
144222.118,-4.0,0.0,0.0,0.45595261454582214,0.0,-0.5765889286994934,0.0,0.0,1.0,-4.0,-0.10000000149011612,-0.03396705910563469,0.006120546255260706,0.0
144232.118,-4.0,0.0,-2.0,0.517318069934845,0.0,0.8499574065208435,1.0,1.0,0.0,-4.0,-0.10000000149011612,-0.03404705226421356,0.005262020044028759,0.0
144242.119,-4.0,-4.0,0.0,0.4603169858455658,0.0,-0.1761942058801651,0.0,0.0,0.0,-4.0,-0.10000000149011612,-0.034127045422792435,0.004523919429630041,0.0
144252.118,-4.0,-2.0,1.0,0.4295487701892853,0.0,-1.7181525230407715,-1.0,-1.0,4.0,-4.0,-0.10000000149011612,-0.034207042306661606,0.003889351384714246,0.0
144262.118,-4.0,1.0,-2.0,0.3932294547557831,0.0,2.284405469894409,2.0,2.0,1.0,-4.0,-0.10000000149011612,-0.03428703546524048,0.003343794262036681,0.0
144272.118,-4.0,1.0,0.0,0.4041576683521271,0.0,-0.7456742525100708,0.0,0.0,4.0,-4.0,-0.10000000149011612,-0.03436702862381935,0.0028747618198394775,0.0
144282.118,-4.0,2.0,-3.0,0.42553043365478516,0.0,2.305062770843506,2.0,2.0,1.0,-4.0,-0.10000000149011612,-0.034447021782398224,0.002471520798280835,0.0
144290.119,-4.0,-1.0,1.0,0.3859354257583618,0.0,-1.7931467294692993,-1.0,-1.0,1.0,-4.0,-0.10000000149011612,-0.03453501686453819,0.0020929696038365364,0.0
144301.21,-4.0,-1.0,1.0,0.3905116319656372,0.0,-1.5211024284362793,-1.0,-1.0,4.0,-4.0,-0.10000000149011612,-0.03459901362657547,0.001854610862210393,0.0
144311.209,-4.0,0.0,1.0,0.40229275822639465,0.0,-1.987090826034546,-1.0,-1.0,0.0,-4.0,-0.10000000149011612,-0.03467900678515434,0.0015944655751809478,0.0
144321.209,-4.0,-2.0,-1.0,0.44508907198905945,0.0,0.11499970406293869,0.0,0.0,1.0,-4.0,-0.10000000149011612,-0.034758999943733215,0.001370810903608799,0.0
144331.209,-4.0,-3.0,3.0,0.39517685770988464,0.0,-3.3195385932922363,-2.0,-2.0,3.0,-4.0,-0.10000000149011612,-0.03483899310231209,0.0011785280657932162,0.0
144341.209,-4.0,2.0,1.0,0.3657916784286499,0.0,-1.60769784450531,-1.0,-1.0,2.0,-4.0,-0.10000000149011612,-0.03491898998618126,0.0010132165625691414,0.0
144351.21,-4.0,-1.0,2.0,0.4043140411376953,0.0,-3.2074196338653564,-2.0,-2.0,1.0,-4.0,-0.10000000149011612,-0.03499898314476013,0.0008710932452231646,0.0
144362.118,-4.0,1.0,-2.0,0.4287290871143341,0.0,0.8973625302314758,1.0,1.0,3.0,-4.0,-0.10000000149011612,-0.0350869782269001,0.0007376719731837511,0.0
144372.119,-4.0,1.0,1.0,0.40896710753440857,0.0,-1.6867828369140625,-1.0,-1.0,-1.0,-4.0,-0.10000000149011612,-0.03516697138547897,0.0006341991247609258,0.0
144382.118,-4.0,-3.0,0.0,0.36843016743659973,0.0,-0.26523080468177795,0.0,0.0,0.0,-4.0,-0.10000000149011612,-0.035246964544057846,0.0005452402983792126,0.0
144392.118,-4.0,-3.0,-1.0,0.4021892845630646,0.0,-0.1272749900817871,0.0,0.0,3.0,-4.0,-0.10000000149011612,-0.03532695770263672,0.00046875968109816313,0.0
144402.118,-4.0,-2.0,2.0,0.4374251961708069,0.0,-3.445542573928833,-3.0,-3.0,0.0,-4.0,-0.10000000149011612,-0.03540695458650589,0.0004030070558656007,0.0
144412.118,-4.0,3.0,-3.0,0.49390795826911926,0.0,2.0350372791290283,2.0,2.0,0.0,-4.0,-0.10000000149011612,-0.03548694774508476,0.0003464774927124381,0.0
144422.119,-4.0,-1.0,0.0,0.4655015766620636,0.0,-0.5516966581344604,0.0,0.0,1.0,-4.0,-0.10000000149011612,-0.035566940903663635,0.00029787729727104306,0.0
144432.119,-4.0,1.0,-1.0,0.518068253993988,0.0,-0.44558173418045044,0.0,0.0,0.0,-4.0,-0.10000000149011612,-0.035646937787532806,0.00025609423755668104,0.0
144442.118,-4.0,0.0,-1.0,0.44670507311820984,0.0,0.7542756199836731,1.0,1.0,3.0,-4.0,-0.10000000149011612,-0.03572693094611168,0.0002201720344601199,0.0
144452.118,-4.0,-2.0,-2.0,0.5852614641189575,0.0,-0.0662040039896965,0.0,0.0,4.0,-4.0,-0.10000000149011612,-0.03580692410469055,0.000189288635738194,0.0
144462.118,-4.0,-4.0,-1.0,0.518263041973114,0.0,0.9787406921386719,1.0,1.0,3.0,-4.0,-0.10000000149011612,-0.035886917263269424,0.00016273722576443106,0.0
144472.118,-4.0,-2.0,-2.0,0.5366809368133545,0.0,1.4885408878326416,2.0,2.0,1.0,-4.0,-0.10000000149011612,-0.035966914147138596,0.00013991017476655543,0.0
144482.119,-4.0,-1.0,-1.0,0.5027682781219482,0.0,-0.13668476045131683,0.0,0.0,2.0,-4.0,-0.10000000149011612,-0.03606290742754936,0.0001167035661637783,0.0
144492.119,-4.0,0.0,-2.0,0.5143541097640991,0.0,1.120376467704773,1.0,1.0,2.0,-4.0,-0.10000000149011612,-0.03612690046429634,0.00010341273446101695,0.0
144502.118,-4.0,1.0,-1.0,0.48503196239471436,0.0,0.30676671862602234,0.0,0.0,3.0,-4.0,-0.10000000149011612,-0.03620689734816551,8.890709432307631e-05,0.0
144512.118,-4.0,1.0,0.0,0.46189403533935547,0.0,-1.0513707399368286,0.0,0.0,3.0,-4.0,-0.10000000149011612,-0.036286890506744385,7.64361466281116e-05,0.0
144522.118,-4.0,-2.0,-1.0,0.4383627474308014,0.0,0.714253306388855,1.0,1.0,0.0,-4.0,-0.10000000149011612,-0.03636688366532326,6.57144992146641e-05,0.0
144532.118,-4.0,-1.0,-1.0,0.3679090142250061,0.0,1.3321473598480225,1.0,1.0,0.0,-4.0,-0.10000000149011612,-0.03644687682390213,5.649676313623786e-05,0.0
144542.118,-4.0,0.0,0.0,0.30981501936912537,0.0,-0.12891149520874023,0.0,0.0,0.0,-4.0,-0.10000000149011612,-0.0365268737077713,4.8571997467661276e-05,0.0
144552.118,-4.0,-3.0,-3.0,0.34151962399482727,0.0,2.8460843563079834,3.0,3.0,1.0,-4.0,-0.10000000149011612,-0.036606866866350174,4.1758830775506794e-05,0.0
144562.118,-4.0,-1.0,0.0,0.3966084122657776,0.0,-1.703548550605774,-1.0,-1.0,3.0,-4.0,-0.10000000149011612,-0.03668686002492905,3.590134292608127e-05,0.0
144572.118,-4.0,0.0,-3.0,0.4857812821865082,0.0,1.3224599361419678,1.0,1.0,1.0,-4.0,-0.10000000149011612,-0.03676685690879822,3.0865485314279795e-05,0.0
144582.118,-4.0,-1.0,-3.0,0.5695084929466248,0.0,1.396877646446228,1.0,1.0,2.0,-4.0,-0.10000000149011612,-0.03684685006737709,2.653599949553609e-05,0.0
144592.118,-4.0,-6.0,-5.0,0.7437835335731506,0.0,2.277418375015259,3.0,3.0,1.0,-4.0,-0.10000000149011612,-0.03692684322595596,2.2813808755017817e-05,0.0
144602.118,-4.0,-5.0,-2.0,0.9086088538169861,0.0,-1.3772304058074951,0.0,0.0,2.0,-4.0,-0.10000000149011612,-0.037006836384534836,1.9613727999967523e-05,0.0
144610.118,-4.0,-4.0,-4.0,1.1265331506729126,0.0,-0.017422964796423912,1.0,1.0,3.0,-4.0,-0.10000000149011612,-0.03708683326840401,1.6862522898009047e-05,0.0
144622.118,-4.0,-7.0,-6.0,1.46399986743927,0.0,0.5372487306594849,2.0,2.0,0.0,-4.0,-0.10000000149011612,-0.03716682642698288,1.4497225492959842e-05,0.0
144632.118,-4.0,-7.0,-7.0,1.7574589252471924,0.0,0.9342811703681946,2.0,2.0,2.0,-4.0,-0.10000000149011612,-0.03724681958556175,1.2463708117138594e-05,0.0
144642.118,-4.0,-9.0,-8.0,2.219165086746216,0.0,-0.42189717292785645,1.0,1.0,3.0,-4.0,-0.10000000149011612,-0.037326812744140625,1.0715431926655583e-05,0.0
144652.118,-3.0,-7.0,-10.0,2.671278715133667,0.0,1.6307072639465332,4.0,4.0,3.0,-3.0,-0.07500000298023224,-0.03740081191062927,0.24741637706756592,0.0
144662.118,-2.0,-12.0,-12.0,3.1239192485809326,0.0,2.410083532333374,5.0,5.0,1.0,-2.0,-0.05000000074505806,-0.03745881840586662,0.4677111804485321,0.0
144672.118,-1.0,-12.0,-12.0,3.604393720626831,0.0,1.3127847909927368,4.0,4.0,2.0,-1.0,-0.02500000037252903,-0.03748481720685959,0.6349989771842957,0.0
144682.118,0.0,-13.0,-13.0,4.111654281616211,0.0,0.9005070924758911,5.0,5.0,0.0,0.0,0.0,-0.03748481720685959,0.7684975862503052,0.0
144692.118,2.0,-14.0,-16.0,4.656390190124512,0.0,3.045193672180176,7.0,7.0,1.0,2.0,0.05000000074505806,-0.03746681660413742,1.1447689533233643,1.0
144702.118,5.0,-13.0,-13.0,5.167065620422363,0.0,-1.3325635194778442,3.0,3.0,-2.0,5.0,0.125,-0.03739681839942932,1.7048083543777466,1.0
144712.118,10.0,-13.0,-18.0,5.797846794128418,0.0,2.5433597564697266,8.0,8.0,0.0,10.0,0.25,-0.03724481910467148,2.6631505489349365,2.0
144722.118,19.0,-12.0,-9.0,6.140349388122559,0.0,-5.070375919342041,1.0,1.0,2.0,19.0,0.4749999940395355,-0.03695082291960716,4.444772243499756,4.0
144732.118,30.0,-3.0,-11.0,6.226927280426025,0.0,0.0022951066493988037,6.0,6.0,2.0,30.0,0.75,-0.03645481914281845,6.453567981719971,7.0
144742.119,40.0,-1.0,-9.0,6.176916599273682,0.0,-1.0231339931488037,5.0,5.0,1.0,40.0,1.0,-0.035744816064834595,7.932909965515137,8.0
144752.118,49.0,6.0,-4.0,5.932465076446533,0.0,-4.2845611572265625,1.0,1.0,1.0,49.0,1.225000023841858,-0.03484681621193886,8.968305587768555,10.0
144762.118,56.0,5.0,-4.0,5.543703079223633,0.0,-1.2882827520370483,4.0,4.0,5.0,56.0,1.399999976158142,-0.03379281237721443,9.385101318359375,10.0
144772.118,62.0,7.0,-4.0,5.1884965896606445,0.0,-1.4101201295852661,3.0,3.0,2.0,62.0,1.5500000715255737,-0.0326068140566349,9.499078750610352,11.0
144782.118,70.0,7.0,-2.0,4.812370777130127,0.0,-2.4345602989196777,2.0,2.0,0.0,70.0,1.75,-0.031274814158678055,10.067380905151367,11.0
144792.118,78.0,8.0,-3.0,4.370820999145508,0.0,0.5054429173469543,4.0,4.0,1.0,78.0,1.9500000476837158,-0.029782813042402267,10.555968284606934,12.0
144802.119,85.0,15.0,3.0,3.8356592655181885,0.0,-4.715310096740723,0.0,0.0,0.0,85.0,2.125,-0.027826812118291855,10.462042808532715,12.0
144812.118,87.0,8.0,-3.0,3.5193419456481934,0.0,1.5071290731430054,5.0,5.0,3.0,87.0,2.174999952316284,-0.02644881047308445,9.754415512084961,11.0
144822.118,89.0,4.0,-5.0,3.2467598915100098,0.0,2.486003875732422,5.0,5.0,0.0,89.0,2.2250001430511475,-0.024674812331795692,8.841632843017578,11.0
144832.118,93.0,4.0,-4.0,3.115206480026245,0.0,0.9585621356964111,4.0,4.0,1.0,93.0,2.325000047683716,-0.02285081148147583,8.555144309997559,10.0
144842.118,96.0,3.0,-6.0,3.162719488143921,0.0,-0.10958060622215271,3.0,3.0,0.0,96.0,2.4000000953674316,-0.020964810624718666,8.082881927490234,10.0
144852.118,100.0,1.0,-10.0,3.395429849624634,0.0,2.19797945022583,5.0,5.0,2.0,100.0,2.5,-0.018996812403202057,7.895942211151123,10.0
144862.118,105.0,0.0,-11.0,3.6629679203033447,0.0,2.2171807289123535,5.0,5.0,1.0,105.0,2.625,-0.016934813931584358,7.967628002166748,10.0
144872.119,110.0,-1.0,-11.0,3.9327073097229004,0.0,1.9269497394561768,5.0,5.0,0.0,110.0,2.75,-0.01478281244635582,8.047924041748047,10.0
144882.118,114.0,-1.0,-13.0,4.366671562194824,0.0,1.8449535369873047,6.0,6.0,1.0,114.0,2.8500001430511475,-0.012544812634587288,7.883852481842041,10.0
144892.118,117.0,-5.0,-14.0,4.992145538330078,0.0,-0.5331445932388306,4.0,4.0,2.0,117.0,2.924999952316284,-0.010232812725007534,7.4950032234191895,10.0
144902.118,122.0,-6.0,-15.0,5.609638214111328,0.0,-0.12299136817455292,5.0,5.0,-2.0,122.0,3.049999952316284,-0.007842812687158585,7.644705295562744,10.0
144912.118,130.0,-8.0,-19.0,6.265537261962891,0.0,2.049626350402832,8.0,8.0,2.0,130.0,3.25,-0.005322812125086784,8.49456787109375,11.0
144922.118,141.0,-2.0,-16.0,6.8577880859375,0.0,-1.5476105213165283,5.0,5.0,1.0,141.0,3.5250000953674316,-0.002596811857074499,9.917019844055176,13.0
144930.118,157.0,0.0,-16.0,7.198764801025391,0.0,0.6737474799156189,7.0,7.0,-1.0,157.0,3.924999952316284,0.0004031884600408375,12.333867073059082,16.0
144942.118,174.0,11.0,-8.0,7.15081262588501,0.0,-3.8044426441192627,3.0,3.0,-2.0,174.0,4.349999904632568,0.0037231887690722942,14.670413970947266,19.0
144952.118,188.0,12.0,-8.0,6.951916694641113,0.0,-1.5024375915527344,5.0,5.0,3.0,188.0,4.700000286102295,0.007359189447015524,15.947250366210938,20.0
144962.118,204.0,18.0,-4.0,6.492094039916992,0.0,-1.9922430515289307,4.0,4.0,3.0,204.0,5.099999904632568,0.011301189661026001,17.51507568359375,22.0
144972.119,218.0,20.0,-3.0,5.839291572570801,0.0,-0.026250747963786125,5.0,5.0,-2.0,218.0,5.450000286102295,0.01553519070148468,18.396549224853516,23.0
144982.119,232.0,28.0,4.0,5.048534393310547,0.0,-4.826272964477539,0.0,0.0,1.0,232.0,5.800000190734863,0.020057188346982002,19.140071868896484,24.0
144992.118,245.0,32.0,7.0,4.150147914886475,0.0,-5.340145111083984,-1.0,-1.0,0.0,245.0,6.125,0.02485118992626667,19.535551071166992,25.0
145002.118,254.0,29.0,4.0,3.1608662605285645,0.0,1.2357102632522583,4.0,4.0,5.0,254.0,6.349999904632568,0.029861189424991608,18.92134666442871,25.0
145012.119,261.0,28.0,4.0,2.3156580924987793,0.0,0.6791572570800781,2.0,2.0,0.0,261.0,6.525000095367432,0.03502118960022926,17.931228637695312,24.0
145022.118,264.0,26.0,2.0,1.7244658470153809,0.0,1.1239511966705322,2.0,2.0,3.0,264.0,6.599999904632568,0.04027518630027771,16.12959861755371,22.0
145032.119,265.0,17.0,-4.0,1.4765836000442505,0.0,4.880090236663818,6.0,6.0,1.0,265.0,6.625,0.04557317495346069,14.093069076538086,20.0
145042.119,266.0,15.0,-7.0,1.528365969657898,0.0,4.092349052429199,5.0,5.0,3.0,266.0,6.650000095367432,0.050889186561107635,12.34564208984375,19.0
145052.119,267.0,7.0,-13.0,1.9523156881332397,0.0,5.934544086456299,7.0,7.0,2.0,267.0,6.675000190734863,0.05622319132089615,10.846817970275879,17.0
145061.209,269.0,2.0,-13.0,2.606576442718506,0.0,1.4000844955444336,4.0,4.0,2.0,269.0,6.724999904632568,0.06104918569326401,9.947649955749512,16.0
145071.21,273.0,0.0,-19.0,3.5771844387054443,0.0,3.373667001724243,6.0,6.0,0.0,273.0,6.825000286102295,0.06646318733692169,9.524145126342773,16.0
145081.21,279.0,-2.0,-19.0,4.675540924072266,0.0,0.091248519718647,4.0,4.0,3.0,279.0,6.974999904632568,0.07198518514633179,9.626099586486816,16.0
145091.209,289.0,-4.0,-20.0,5.619805335998535,0.0,1.0458424091339111,6.0,6.0,0.0,288.0,7.200000286102295,0.0776691809296608,10.413025856018066,17.0
145101.21,300.0,-2.0,-21.0,6.615229606628418,0.0,0.12766829133033752,6.0,6.0,2.0,299.0,7.474999904632568,0.0835471823811531,11.580671310424805,19.0
145111.21,315.0,-1.0,-23.0,7.521673202514648,0.0,1.6506353616714478,9.0,9.0,1.0,314.0,7.849999904632568,0.08968717604875565,13.542402267456055,21.0
145121.21,333.0,6.0,-17.0,8.070830345153809,0.0,-2.2920491695404053,5.0,5.0,2.0,332.0,8.300000190734863,0.0961751863360405,15.916937828063965,24.0
145131.21,350.0,10.0,-14.0,8.297975540161133,0.0,-2.3820247650146484,5.0,5.0,1.0,350.0,8.75,0.10302117466926575,17.962223052978516,26.0
145141.21,366.0,11.0,-11.0,8.391913414001465,0.0,-4.119546413421631,4.0,4.0,-2.0,365.0,9.125,0.11018317937850952,19.02472686767578,28.0
145151.21,380.0,16.0,-11.0,8.32453441619873,0.0,-2.5671212673187256,5.0,5.0,1.0,380.0,9.5,0.11765117198228836,19.9280948638916,29.0
145161.21,396.0,18.0,-12.0,8.231687545776367,0.0,-0.54496830701828,7.0,7.0,1.0,396.0,9.90000057220459,0.12541316449642181,20.97312355041504,30.0
145171.21,412.0,23.0,-9.0,7.917056083679199,0.0,-1.1350481510162354,6.0,6.0,1.0,412.0,10.300000190734863,0.13349716365337372,21.868288040161133,32.0
145181.21,430.0,28.0,-7.0,7.485360145568848,0.0,-1.0584498643875122,6.0,6.0,1.0,429.0,10.725000381469727,0.14192718267440796,22.848997116088867,33.0
145191.21,450.0,31.0,-4.0,6.819531440734863,0.0,-0.7427957057952881,6.0,6.0,0.0,449.0,11.225000381469727,0.15073515474796295,24.398948669433594,35.0
145201.21,469.0,39.0,1.0,6.05122184753418,0.0,-3.370964527130127,2.0,2.0,-1.0,469.0,11.725000381469727,0.15993516147136688,25.745683670043945,37.0
145211.21,486.0,38.0,2.0,5.109593868255615,0.0,-1.3250515460968018,3.0,3.0,4.0,485.0,12.125,0.16949515044689178,25.94241714477539,38.0
145221.209,498.0,41.0,1.0,4.058073043823242,0.0,2.842606782913208,6.0,6.0,1.0,498.0,12.449999809265137,0.17935515940189362,25.373035430908203,38.0
145231.21,510.0,43.0,5.0,3.017967700958252,0.0,0.26428496837615967,3.0,3.0,2.0,510.0,12.75,0.1894511729478836,24.667993545532227,37.0
145241.209,519.0,39.0,3.0,2.265275001525879,0.0,1.3427170515060425,3.0,3.0,-1.0,519.0,12.975000381469727,0.19974516332149506,23.36290168762207,36.0
145251.21,525.0,36.0,4.0,1.7013273239135742,0.0,-0.7728869318962097,0.0,0.0,0.0,525.0,13.125,0.21019718050956726,21.505794525146484,34.0
145261.21,529.0,31.0,1.0,1.427470088005066,0.0,-0.0342293344438076,1.0,1.0,1.0,529.0,13.225000381469727,0.22073718905448914,19.449899673461914,32.0
145271.21,531.0,24.0,-3.0,1.3976025581359863,0.0,1.2863503694534302,2.0,2.0,0.0,531.0,13.27500057220459,0.23133917152881622,17.198806762695312,30.0
145281.21,534.0,17.0,-12.0,1.892358660697937,0.0,4.055649757385254,5.0,5.0,0.0,533.0,13.324999809265137,0.24199311435222626,15.241805076599121,28.0
145291.209,538.0,11.0,-14.0,2.7029004096984863,0.0,0.9833268523216248,3.0,3.0,-3.0,538.0,13.449999809265137,0.2527051270008087,14.301756858825684,28.0
145301.21,543.0,8.0,-20.0,3.8165414333343506,0.0,2.8930437564849854,6.0,6.0,3.0,543.0,13.574999809265137,0.2635151445865631,13.496956825256348,27.0
145311.21,549.0,3.0,-23.0,5.10444450378418,0.0,1.2968214750289917,6.0,6.0,-2.0,548.0,13.699999809265137,0.2744351923465729,12.787027359008789,26.0
145321.21,557.0,2.0,-28.0,6.522148609161377,0.0,2.955749273300171,9.0,9.0,2.0,556.0,13.90000057220459,0.28547513484954834,12.915580749511719,27.0
145331.209,570.0,2.0,-27.0,7.973160266876221,0.0,-1.1381984949111938,6.0,6.0,2.0,570.0,14.25,0.2967471778392792,14.446091651916504,28.0
145341.21,589.0,5.0,-28.0,9.23531436920166,0.0,-0.06141632795333862,9.0,9.0,1.0,589.0,14.725000381469727,0.3083552122116089,16.952468872070312,31.0
145351.21,609.0,8.0,-25.0,10.108582496643066,0.0,-0.8184313178062439,9.0,9.0,1.0,609.0,15.225000381469727,0.32034316658973694,19.364845275878906,34.0
145361.21,632.0,18.0,-21.0,10.582853317260742,0.0,-2.0681374073028564,8.0,8.0,3.0,632.0,15.800000190734863,0.33276715874671936,22.149019241333008,38.0
145371.21,659.0,24.0,-18.0,10.661282539367676,0.0,-0.8651031851768494,9.0,9.0,4.0,658.0,16.450000762939453,0.34569716453552246,25.234670639038086,42.0
145381.21,688.0,34.0,-9.0,10.268675804138184,0.0,-4.3443379402160645,5.0,5.0,3.0,687.0,17.17500114440918,0.3591851592063904,28.593761444091797,46.0
145391.21,717.0,48.0,-1.0,9.449873924255371,0.0,-6.945732593536377,2.0,2.0,0.0,716.0,17.899999618530273,0.37325114011764526,31.485328674316406,49.0
145401.21,744.0,56.0,6.0,8.005821228027344,0.0,-5.2112908363342285,2.0,2.0,1.0,743.0,18.575000762939453,0.3878791630268097,33.48794174194336,52.0
145411.21,766.0,60.0,8.0,6.280063629150391,0.0,-0.9688293933868408,5.0,5.0,3.0,765.0,19.125,0.4030071496963501,33.9896354675293,53.0
145421.21,784.0,65.0,13.0,4.4928154945373535,0.0,-2.232290744781494,2.0,2.0,1.0,784.0,19.600000381469727,0.41852715611457825,33.73297882080078,53.0
145431.209,796.0,65.0,11.0,2.825532913208008,0.0,1.6255263090133667,4.0,4.0,1.0,796.0,19.899999618530273,0.4343331456184387,31.87346839904785,52.0
145441.209,802.0,61.0,10.0,1.462538719177246,0.0,1.7633992433547974,3.0,3.0,0.0,802.0,20.05000114440918,0.4503231346607208,28.826082229614258,49.0
145451.21,808.0,53.0,7.0,0.5107426047325134,0.0,2.198652982711792,2.0,2.0,1.0,808.0,20.200000762939453,0.4664391279220581,26.19572639465332,46.0
145461.21,810.0,44.0,4.0,0.023890433833003044,0.0,0.7584382891654968,0.0,0.0,-1.0,810.0,20.25,0.48262515664100647,22.990707397460938,43.0
145471.209,812.0,39.0,-3.0,0.011692391708493233,0.0,3.207160234451294,3.0,3.0,1.0,811.0,20.274999618530273,0.4988432228565216,19.99177360534668,40.0
145481.21,814.0,27.0,-7.0,0.4987959563732147,0.0,0.8634572625160217,1.0,1.0,0.0,814.0,20.350000381469727,0.5151011943817139,17.894176483154297,38.0
145491.209,817.0,23.0,-14.0,1.3288309574127197,0.0,3.3904457092285156,4.0,4.0,1.0,817.0,20.42500114440918,0.5314133167266846,16.1015682220459,37.0
145501.209,820.0,19.0,-16.0,2.400575637817383,0.0,1.1328223943710327,3.0,3.0,3.0,820.0,20.5,0.5477832555770874,14.563626289367676,35.0
145511.21,825.0,13.0,-22.0,3.8292460441589355,0.0,1.003027319908142,4.0,4.0,1.0,825.0,20.625,0.5642253160476685,13.736505508422852,34.0
145521.21,832.0,6.0,-28.0,5.568565845489502,0.0,1.2784565687179565,6.0,6.0,2.0,832.0,20.80000114440918,0.5807971954345703,13.488014221191406,34.0
145531.21,842.0,2.0,-33.0,7.336925983428955,0.0,2.487013101577759,9.0,9.0,1.0,841.0,21.024999618530273,0.597531259059906,13.751239776611328,35.0
145541.209,859.0,4.0,-31.0,9.085563659667969,0.0,-2.1638827323913574,6.0,6.0,0.0,858.0,21.450000762939453,0.6145352721214294,15.88143539428711,37.0
145551.209,883.0,9.0,-31.0,10.476188659667969,0.0,-0.4692178964614868,10.0,10.0,4.0,882.0,22.05000114440918,0.6319552063941956,19.383949279785156,42.0
145561.21,911.0,19.0,-28.0,11.534771919250488,0.0,-1.774922251701355,9.0,9.0,2.0,910.0,22.75,0.6499091982841492,23.330821990966797,46.0
145571.21,942.0,32.0,-19.0,11.80299186706543,0.0,-3.9547030925750732,7.0,7.0,0.0,942.0,23.55000114440918,0.6684672236442566,27.6782283782959,51.0
145581.21,974.0,44.0,-9.0,11.391250610351562,0.0,-6.411777973175049,4.0,4.0,1.0,973.0,24.325000762939453,0.6876511573791504,31.18245506286621,56.0
145591.21,1003.0,52.0,-5.0,10.50234317779541,0.0,-3.9292354583740234,6.0,6.0,2.0,1003.0,25.075000762939453,0.7074411511421204,33.96224594116211,59.0
145601.21,1032.0,64.0,2.0,9.122590065002441,0.0,-3.6305391788482666,5.0,5.0,2.0,1031.0,25.774999618530273,0.727817177772522,35.86062240600586,62.0
145611.21,1058.0,72.0,8.0,7.412966728210449,0.0,-2.806112766265869,4.0,4.0,2.0,1058.0,26.450000762939453,0.7487452030181885,37.249080657958984,64.0
145621.209,1079.0,74.0,13.0,5.496097087860107,0.0,-2.234478712081909,3.0,3.0,2.0,1079.0,26.975000381469727,0.7701412439346313,37.02273178100586,64.0
145631.21,1095.0,78.0,14.0,3.547290086746216,0.0,-0.44843998551368713,3.0,3.0,0.0,1095.0,27.375,0.7918992638587952,35.6414680480957,63.0
145642.118,1107.0,74.0,14.0,1.6455107927322388,0.0,0.2804999351501465,1.0,1.0,0.0,1107.0,27.67500114440918,0.816139280796051,33.0121955871582,61.0
145652.118,1112.0,69.0,9.0,0.42446765303611755,0.0,3.1223881244659424,3.0,3.0,2.0,1112.0,27.80000114440918,0.8383432030677795,29.55767059326172,58.0
145662.118,1114.0,59.0,7.0,-0.3807849884033203,0.0,2.2020254135131836,1.0,1.0,-2.0,1114.0,27.850000381469727,0.8606033325195312,25.891931533813477,54.0
145672.119,1114.0,53.0,3.0,-0.6499606966972351,0.0,0.8141420483589172,0.0,0.0,-1.0,1114.0,27.850000381469727,0.882883608341217,22.260086059570312,50.0
145682.118,1114.0,42.0,-3.0,-0.3696126937866211,0.0,1.1646802425384521,0.0,0.0,0.0,1114.0,27.850000381469727,0.9051638841629028,19.137676239013672,47.0
145692.118,1115.0,32.0,-13.0,0.4459429681301117,0.0,4.736279487609863,5.0,5.0,1.0,1115.0,27.875,0.9274558424949646,16.68979263305664,45.0
145701.21,1116.0,26.0,-19.0,1.5475735664367676,0.0,4.756214618682861,6.0,6.0,-1.0,1116.0,27.899999618530273,0.9475337266921997,14.810928344726562,43.0
145711.21,1123.0,20.0,-22.0,3.1431801319122314,0.0,0.9729695916175842,4.0,4.0,-1.0,1123.0,28.075000762939453,0.9699177742004395,14.426188468933105,43.0
145721.21,1133.0,20.0,-27.0,4.819394111633301,0.0,2.026705741882324,6.0,6.0,1.0,1133.0,28.325000762939453,0.9924737215042114,14.812432289123535,44.0
145731.21,1147.0,16.0,-30.0,6.45820951461792,0.0,3.190375566482544,9.0,9.0,0.0,1147.0,28.67500114440918,1.0152857303619385,16.07682991027832,45.0
145741.21,1167.0,20.0,-27.0,7.929088592529297,0.0,-1.9345104694366455,5.0,5.0,0.0,1166.0,29.149999618530273,1.0384258031845093,18.368331909179688,48.0
145751.21,1189.0,26.0,-25.0,9.162081718444824,0.0,-3.0744218826293945,6.0,6.0,0.0,1188.0,29.700000762939453,1.0619819164276123,21.0485897064209,51.0
145761.21,1212.0,27.0,-25.0,9.968694686889648,0.0,0.39632394909858704,10.0,10.0,0.0,1212.0,30.30000114440918,1.0860098600387573,23.812116622924805,55.0
145771.21,1238.0,37.0,-23.0,10.437040328979492,0.0,0.8923473954200745,11.0,11.0,-1.0,1238.0,30.950000762939453,1.1105235815048218,26.693639755249023,58.0
145781.21,1266.0,48.0,-15.0,10.422994613647461,0.0,-2.4371163845062256,7.0,7.0,1.0,1266.0,31.649999618530273,1.135581612586975,29.64401626586914,62.0
145791.21,1294.0,55.0,-9.0,9.882243156433105,0.0,-2.358416795730591,7.0,7.0,2.0,1294.0,32.35000228881836,1.1612098217010498,32.16274642944336,65.0
145801.21,1321.0,65.0,-2.0,8.916727066040039,0.0,-3.140357732772827,5.0,5.0,1.0,1321.0,33.025001525878906,1.1873856782913208,34.09162902832031,68.0
145811.21,1347.0,72.0,4.0,7.543593406677246,0.0,-3.2345035076141357,4.0,4.0,3.0,1346.0,33.650001525878906,1.2140835523605347,35.265445709228516,70.0
145821.21,1370.0,77.0,3.0,6.174365997314453,0.0,0.5439022183418274,6.0,6.0,-1.0,1369.0,34.22500228881836,1.241269588470459,35.780006408691406,71.0
145831.21,1388.0,79.0,9.0,4.617363929748535,0.0,-1.4031944274902344,3.0,3.0,1.0,1388.0,34.70000076293945,1.2688673734664917,35.27582931518555,71.0
145841.21,1403.0,79.0,10.0,3.066612482070923,0.0,0.8056700825691223,3.0,3.0,0.0,1402.0,35.04999923706055,1.2967872619628906,33.65498733520508,70.0
145851.21,1415.0,81.0,12.0,1.7397716045379639,0.0,-0.9282936453819275,0.0,0.0,0.0,1415.0,35.375,1.324967384338379,32.040069580078125,68.0
145861.209,1422.0,71.0,13.0,0.5600317716598511,0.0,-1.9642027616500854,-1.0,-1.0,3.0,1421.0,35.525001525878906,1.3533354997634888,28.972702026367188,65.0
145871.21,1423.0,65.0,6.0,-0.11628647148609161,0.0,0.7453851699829102,0.0,0.0,2.0,1423.0,35.57500076293945,1.381791114807129,25.360687255859375,62.0
145881.21,1424.0,59.0,-4.0,-0.19803766906261444,0.0,5.346768856048584,5.0,5.0,0.0,1424.0,35.60000228881836,1.4102692604064941,22.02931785583496,59.0
145891.21,1425.0,49.0,-8.0,0.26552262902259827,0.0,3.1586754322052,3.0,3.0,-2.0,1425.0,35.625,1.43876314163208,19.17217254638672,56.0
145901.21,1427.0,41.0,-12.0,1.1684753894805908,0.0,0.8855390548706055,2.0,2.0,2.0,1427.0,35.67499923706055,1.4672855138778687,16.96003532409668,54.0
145911.21,1429.0,30.0,-19.0,2.3664705753326416,0.0,3.088092803955078,5.0,5.0,-5.0,1429.0,35.72500228881836,1.4958454370498657,15.061361312866211,52.0
145921.21,1435.0,28.0,-25.0,3.891181468963623,0.0,3.5221550464630127,7.0,7.0,0.0,1435.0,35.875,1.5244834423065186,14.394086837768555,51.0
145931.21,1447.0,22.0,-26.0,5.5938825607299805,0.0,-0.3668307960033417,5.0,5.0,2.0,1446.0,36.150001525878906,1.5532974004745483,15.010791778564453,52.0
145941.21,1461.0,23.0,-30.0,7.1906023025512695,0.0,2.3645594120025635,9.0,9.0,-1.0,1460.0,36.5,1.5823774337768555,16.232999801635742,54.0
145951.21,1479.0,28.0,-29.0,8.611116409301758,0.0,0.8122396469116211,9.0,9.0,2.0,1479.0,36.97500228881836,1.6117832660675049,18.492273330688477,57.0
145961.21,1502.0,37.0,-28.0,9.758131980895996,0.0,0.2017374038696289,9.0,9.0,0.0,1502.0,37.54999923706055,1.6416014432907104,21.40997886657715,60.0
145971.21,1526.0,42.0,-24.0,10.394706726074219,0.0,0.573748767375946,10.0,10.0,1.0,1525.0,38.125,1.671891450881958,23.896482467651367,63.0
145981.21,1551.0,47.0,-21.0,10.71800422668457,0.0,-0.16956444084644318,10.0,10.0,-1.0,1551.0,38.775001525878906,1.7026735544204712,26.751705169677734,67.0
145991.21,1578.0,56.0,-15.0,10.581134796142578,0.0,-1.275716781616211,9.0,9.0,-1.0,1577.0,39.42499923706055,1.7339776754379272,29.202598571777344,70.0
146001.21,1606.0,62.0,-10.0,10.003209114074707,0.0,-1.2448718547821045,8.0,8.0,1.0,1605.0,40.125,1.7658394575119019,31.758188247680664,73.0
146011.21,1634.0,75.0,-2.0,8.886842727661133,0.0,-1.5480835437774658,7.0,7.0,1.0,1634.0,40.85000228881836,1.7982633113861084,34.20981979370117,76.0
146021.209,1661.0,86.0,5.0,7.496231555938721,0.0,-3.2242443561553955,4.0,4.0,0.0,1660.0,41.5,1.8312333822250366,35.60371398925781,78.0
146031.209,1683.0,89.0,12.0,5.7878899574279785,0.0,-4.569921493530273,1.0,1.0,2.0,1683.0,42.07500076293945,1.8646974563598633,36.074432373046875,80.0
146041.21,1700.0,90.0,12.0,4.038259029388428,0.0,-0.9552366733551025,3.0,3.0,-2.0,1700.0,42.5,1.8985594511032104,35.041011810302734,79.0
146051.21,1712.0,91.0,13.0,2.5112082958221436,0.0,-1.7695237398147583,0.0,0.0,0.0,1712.0,42.79999923706055,1.9326974153518677,32.976409912109375,77.0
146061.21,1720.0,89.0,12.0,1.1004477739334106,0.0,0.24064195156097412,1.0,1.0,2.0,1720.0,43.0,1.967029333114624,30.251562118530273,75.0
146071.21,1723.0,79.0,8.0,0.08296523243188858,0.0,2.4583327770233154,2.0,2.0,3.0,1723.0,43.07500076293945,2.001471519470215,26.70724868774414,71.0
146081.21,1725.0,70.0,5.0,-0.39342737197875977,0.0,0.3041137754917145,0.0,0.0,2.0,1725.0,43.125,2.0359513759613037,23.441614151000977,68.0
146091.21,1725.0,60.0,-3.0,-0.36783114075660706,0.0,4.127192974090576,3.0,3.0,1.0,1725.0,43.125,2.070451021194458,20.153474807739258,65.0
146101.21,1726.0,55.0,-9.0,0.2368261069059372,0.0,3.011030912399292,3.0,3.0,2.0,1726.0,43.150001525878906,2.1049602031707764,17.566600799560547,62.0
146111.21,1728.0,45.0,-13.0,1.2702234983444214,0.0,0.32260608673095703,1.0,1.0,1.0,1728.0,43.20000076293945,2.1394965648651123,15.590435028076172,60.0
146121.209,1729.0,38.0,-18.0,2.585456371307373,0.0,0.37955182790756226,2.0,2.0,0.0,1729.0,43.22500228881836,2.174065113067627,13.647270202636719,59.0
146131.209,1731.0,32.0,-27.0,4.163909912109375,0.0,4.593226909637451,8.0,8.0,1.0,1731.0,43.275001525878906,2.208674430847168,12.195585250854492,57.0
146141.21,1735.0,26.0,-33.0,6.058549880981445,0.0,4.435142517089844,10.0,10.0,0.0,1735.0,43.375,2.243332624435425,11.449227333068848,57.0
146151.209,1745.0,21.0,-35.0,8.078110694885254,0.0,1.7294917106628418,9.0,9.0,1.0,1745.0,43.625,2.2781307697296143,12.249606132507324,58.0
146161.21,1761.0,25.0,-36.0,10.027069091796875,0.0,-0.5782890915870667,9.0,9.0,1.0,1761.0,44.025001525878906,2.3131906986236572,14.375617027282715,60.0
146171.21,1785.0,29.0,-34.0,11.655350685119629,0.0,-2.1101174354553223,9.0,9.0,0.0,1784.0,44.60000228881836,2.3486549854278564,17.859630584716797,64.0
146181.21,1815.0,40.0,-31.0,12.574186325073242,0.0,0.7784685492515564,13.0,13.0,2.0,1814.0,45.35000228881836,2.384665012359619,22.50821304321289,70.0
146191.21,1850.0,53.0,-23.0,12.873791694641113,0.0,-1.5271189212799072,11.0,11.0,0.0,1849.0,46.22500228881836,2.4213290214538574,27.69882583618164,76.0
146201.21,1886.0,75.0,-12.0,12.285831451416016,0.0,-2.6253249645233154,9.0,9.0,-1.0,1885.0,47.125,2.458704948425293,32.39795684814453,81.0
146211.209,1919.0,89.0,1.0,10.844207763671875,0.0,-4.820816993713379,6.0,6.0,0.0,1918.0,47.95000076293945,2.496777057647705,35.7063102722168,86.0
146221.21,1949.0,100.0,7.0,8.937801361083984,0.0,-2.884096384048462,6.0,6.0,-3.0,1949.0,48.72500228881836,2.535482883453369,38.08110809326172,89.0
146231.21,1976.0,110.0,18.0,6.572778224945068,0.0,-5.7073445320129395,0.0,0.0,2.0,1976.0,49.400001525878906,2.5747663974761963,39.16514205932617,91.0
146241.212,1995.0,113.0,21.0,4.023038387298584,0.0,-2.3633012771606445,1.0,1.0,-1.0,1995.0,49.875,2.6145105361938477,38.17537307739258,90.0
146252.118,2008.0,109.0,21.0,1.367992639541626,0.0,1.1489927768707275,2.0,2.0,2.0,2008.0,50.20000076293945,2.6585707664489746,35.38035583496094,88.0
146262.118,2015.0,108.0,23.0,-0.8166238069534302,0.0,0.1769508421421051,0.0,0.0,0.0,2015.0,50.375,2.6988186836242676,32.06686019897461,85.0
146272.118,2017.0,99.0,18.0,-2.3734254837036133,0.0,2.242727756500244,0.0,0.0,2.0,2017.0,50.42499923706055,2.7391483783721924,28.031526565551758,81.0
146282.118,2016.0,92.0,15.0,-3.4993419647216797,0.0,2.3551785945892334,-1.0,-1.0,1.0,2016.0,50.400001525878906,2.7794857025146484,23.84455680847168,77.0
146292.119,2016.0,85.0,12.0,-4.097415924072266,0.0,0.9159904718399048,-3.0,-3.0,3.0,2016.0,50.400001525878906,2.8198132514953613,20.48554229736328,73.0
146302.119,2016.0,75.0,5.0,-4.187398433685303,0.0,2.483764410018921,-1.0,-1.0,5.0,2016.0,50.400001525878906,2.8641650676727295,17.34786605834961,70.0
146311.209,2016.0,67.0,1.0,-3.886713743209839,0.0,2.248117685317993,-1.0,-1.0,3.0,2016.0,50.400001525878906,2.896420955657959,15.372196197509766,68.0
146321.21,2015.0,58.0,-1.0,-3.13665509223938,0.0,-1.4552303552627563,-4.0,-4.0,3.0,2016.0,50.400001525878906,2.9367291927337646,13.238052368164062,66.0
146331.21,2016.0,52.0,-11.0,-2.024082660675049,0.0,3.204280138015747,1.0,1.0,1.0,2015.0,50.375,2.9770314693450928,11.155200004577637,64.0
146339.119,2015.0,45.0,-16.0,-0.5469537377357483,0.0,1.9992399215698242,1.0,1.0,1.0,2015.0,50.375,3.017331600189209,9.590466499328613,62.0
146351.21,2015.0,38.0,-23.0,1.203656554222107,0.0,3.398193359375,4.0,4.0,1.0,2015.0,50.375,3.057633876800537,8.241670608520508,61.0
146361.21,2017.0,31.0,-29.0,3.212423086166382,0.0,3.60809588432312,6.0,6.0,3.0,2017.0,50.42499923706055,3.0979537963867188,7.565917015075684,61.0
146371.21,2024.0,29.0,-34.0,5.49422025680542,0.0,1.9079207181930542,7.0,7.0,0.0,2024.0,50.60000228881836,3.138361692428589,8.190337181091309,61.0
146381.21,2034.0,28.0,-35.0,7.687849998474121,0.0,-0.2594543993473053,7.0,7.0,3.0,2034.0,50.85000228881836,3.1789417266845703,9.444344520568848,63.0
146391.21,2049.0,29.0,-37.0,9.727025032043457,0.0,-0.4119712710380554,9.0,9.0,1.0,2048.0,51.20000076293945,3.2197678089141846,11.47219467163086,65.0
146401.21,2070.0,37.0,-35.0,11.348653793334961,0.0,-0.5907793045043945,10.0,10.0,0.0,2070.0,51.75,3.2609615325927734,15.123595237731934,70.0
146411.21,2097.0,48.0,-27.0,12.293235778808594,0.0,-3.7121102809906006,8.0,8.0,3.0,2097.0,52.42499923706055,3.3026514053344727,19.453088760375977,75.0
146421.21,2127.0,60.0,-21.0,12.515795707702637,0.0,-2.5629284381866455,9.0,9.0,1.0,2126.0,53.150001525878906,3.344907283782959,23.644878387451172,80.0
146431.21,2159.0,74.0,-11.0,12.030826568603516,0.0,-4.7389302253723145,7.0,7.0,2.0,2158.0,53.95000076293945,3.3877835273742676,27.95199966430664,85.0
146441.21,2193.0,88.0,0.0,10.862580299377441,0.0,-6.935697078704834,3.0,3.0,-4.0,2192.0,54.79999923706055,3.4313294887542725,32.117034912109375,90.0
146451.21,2223.0,102.0,11.0,8.958333969116211,0.0,-7.5412492752075195,1.0,1.0,3.0,2222.0,55.54999923706055,3.475517749786377,34.73331069946289,93.0
146461.21,2247.0,115.0,15.0,6.689522743225098,0.0,-2.9832842350006104,3.0,3.0,0.0,2247.0,56.17499923706055,3.5202395915985107,35.8102912902832,95.0
146471.21,2266.0,117.0,23.0,4.1712236404418945,0.0,-5.121673583984375,0.0,0.0,1.0,2265.0,56.625,3.5653858184814453,35.06492233276367,95.0
146481.21,2277.0,119.0,24.0,1.7054318189620972,0.0,-1.8396265506744385,0.0,0.0,6.0,2277.0,56.92499923706055,3.6108317375183105,32.98293685913086,93.0
146491.209,2282.0,116.0,26.0,-0.5963881015777588,0.0,-1.8679323196411133,-2.0,-2.0,4.0,2282.0,57.04999923706055,3.656437873840332,29.529075622558594,90.0
146501.209,2282.0,107.0,22.0,-2.472383737564087,0.0,1.576693058013916,0.0,0.0,0.0,2282.0,57.04999923706055,3.702077627182007,25.387048721313477,86.0
146511.209,2281.0,101.0,19.0,-3.7249722480773926,0.0,0.7428590655326843,-2.0,-2.0,2.0,2281.0,57.025001525878906,3.747713327407837,21.574848175048828,82.0
146521.21,2280.0,93.0,12.0,-4.444571018218994,0.0,3.3857059478759766,-1.0,-1.0,0.0,2280.0,57.0,3.793327569961548,18.301151275634766,79.0
146531.209,2278.0,87.0,9.0,-4.769896507263184,0.0,2.8274009227752686,-1.0,-1.0,1.0,2278.0,56.95000076293945,3.838914155960083,15.242619514465332,76.0
146541.21,2277.0,73.0,7.0,-4.744624137878418,0.0,0.6287969946861267,-4.0,-4.0,0.0,2277.0,56.92499923706055,3.8844635486602783,12.864505767822266,73.0
146551.21,2275.0,72.0,1.0,-4.341803550720215,0.0,2.1335484981536865,-2.0,-2.0,0.0,2275.0,56.875,3.929983615875244,10.579050064086914,71.0
146561.21,2274.0,66.0,-4.0,-3.4766757488250732,0.0,1.5166010856628418,-1.0,-1.0,2.0,2274.0,56.85000228881836,3.9754724502563477,8.85869312286377,69.0
146571.21,2274.0,57.0,-9.0,-2.3965747356414795,0.0,2.4785656929016113,0.0,0.0,1.0,2274.0,56.85000228881836,4.020953178405762,7.6160888671875,68.0
146581.209,2274.0,52.0,-13.0,-1.0282033681869507,0.0,0.7963253259658813,0.0,0.0,-1.0,2274.0,56.85000228881836,4.066431999206543,6.551609039306641,67.0
146591.21,2273.0,48.0,-17.0,0.5778792500495911,0.0,-0.6384937167167664,0.0,0.0,-1.0,2273.0,56.82500076293945,4.111893177032471,5.406393051147461,66.0
146602.118,2275.0,45.0,-26.0,2.576178789138794,0.0,3.6771507263183594,6.0,6.0,0.0,2275.0,56.875,4.1619157791137695,5.062720775604248,66.0
146612.118,2279.0,36.0,-34.0,4.495380878448486,0.0,7.621012210845947,12.0,12.0,1.0,2279.0,56.97500228881836,4.207449436187744,5.3244242668151855,66.0
146622.118,2288.0,40.0,-33.0,6.409433841705322,0.0,3.229548692703247,9.0,9.0,0.0,2288.0,57.20000076293945,4.253119468688965,6.73958158493042,68.0
146632.118,2301.0,40.0,-30.0,8.094582557678223,0.0,-0.8862397074699402,7.0,7.0,-3.0,2301.0,57.525001525878906,4.299014091491699,8.910115242004395,70.0
146642.118,2319.0,47.0,-29.0,9.454025268554688,0.0,-0.2353874295949936,9.0,9.0,1.0,2319.0,57.97500228881836,4.3452277183532715,11.9600191116333,74.0
146652.118,2341.0,56.0,-23.0,10.200791358947754,0.0,-1.6678993701934814,8.0,8.0,1.0,2341.0,58.525001525878906,4.391843795776367,15.53917121887207,78.0
146661.21,2364.0,65.0,-17.0,10.432287216186523,0.0,-3.387183904647827,7.0,7.0,2.0,2363.0,59.07500076293945,4.4341959953308105,18.858482360839844,82.0
146671.21,2390.0,75.0,-5.0,10.01792049407959,0.0,-8.28777027130127,1.0,1.0,0.0,2389.0,59.72500228881836,4.4817399978637695,22.416889190673828,86.0
146681.21,2414.0,87.0,-2.0,9.051054000854492,0.0,-3.5358433723449707,5.0,5.0,1.0,2414.0,60.35000228881836,4.529796123504639,25.232463836669922,90.0
146691.21,2438.0,99.0,5.0,7.666243076324463,0.0,-4.322304725646973,3.0,3.0,3.0,2437.0,60.92499923706055,4.578340530395508,27.157947540283203,92.0
146701.21,2459.0,106.0,14.0,5.794507026672363,0.0,-5.678468227386475,0.0,0.0,4.0,2458.0,61.45000076293945,4.627334117889404,28.31464958190918,94.0
146711.21,2473.0,111.0,18.0,3.79014253616333,0.0,-4.605287075042725,0.0,0.0,3.0,2473.0,61.82500076293945,4.676671504974365,27.896419525146484,94.0
146721.21,2482.0,111.0,21.0,1.7657901048660278,0.0,-3.862224817276001,-2.0,-2.0,0.0,2482.0,62.04999923706055,4.726235866546631,26.120580673217773,92.0
146731.209,2485.0,108.0,18.0,-0.09064982086420059,0.0,1.2754172086715698,1.0,1.0,-3.0,2485.0,62.125,4.7759199142456055,23.152162551879883,90.0
146741.21,2486.0,100.0,16.0,-1.5359936952590942,0.0,0.8262776732444763,0.0,0.0,3.0,2486.0,62.150001525878906,4.825639724731445,20.130582809448242,87.0
146751.209,2485.0,101.0,14.0,-2.5690531730651855,0.0,0.45313283801078796,-2.0,-2.0,3.0,2485.0,62.125,4.875351905822754,17.066783905029297,84.0
146761.209,2485.0,92.0,11.0,-3.323251962661743,0.0,2.0805504322052,-1.0,-1.0,4.0,2485.0,62.125,4.92505407333374,14.672835350036621,81.0
146771.21,2484.0,89.0,7.0,-3.703221082687378,0.0,3.4142680168151855,0.0,0.0,1.0,2484.0,62.10000228881836,4.97473669052124,12.385232925415039,79.0
146781.21,2483.0,87.0,3.0,-3.796604871749878,0.0,5.1763081550598145,1.0,1.0,2.0,2483.0,62.07500076293945,5.024406433105469,10.404267311096191,77.0
146792.118,2482.0,76.0,0.0,-3.4536259174346924,0.0,2.9572255611419678,0.0,0.0,1.0,2482.0,62.04999923706055,5.079012870788574,8.584734916687012,75.0
146802.118,2480.0,73.0,-1.0,-3.101149559020996,0.0,2.7997236251831055,0.0,0.0,1.0,2480.0,62.0,5.128624439239502,6.91429328918457,74.0
146812.118,2478.0,66.0,-7.0,-2.382495403289795,0.0,4.121596813201904,1.0,1.0,2.0,2478.0,61.95000076293945,5.178204536437988,5.463470458984375,72.0
146822.118,2478.0,61.0,-9.0,-1.4285829067230225,0.0,1.7701407670974731,0.0,0.0,3.0,2478.0,61.95000076293945,5.227765083312988,4.697112560272217,71.0
146832.118,2478.0,62.0,-11.0,-0.36851823329925537,0.0,1.2250624895095825,0.0,0.0,1.0,2478.0,61.95000076293945,5.277325630187988,4.038250923156738,71.0
146842.119,2478.0,55.0,-16.0,0.8404096961021423,0.0,2.6844000816345215,3.0,3.0,1.0,2478.0,61.95000076293945,5.326886177062988,3.4718077182769775,70.0
146850.119,2479.0,52.0,-18.0,2.128528594970703,0.0,1.7774101495742798,3.0,3.0,2.0,2479.0,61.97500228881836,5.376466274261475,3.2073888778686523,70.0
146862.118,2479.0,47.0,-23.0,3.5351402759552,0.0,2.980325937271118,6.0,6.0,2.0,2479.0,61.97500228881836,5.426046371459961,2.757490396499634,70.0
146872.118,2480.0,45.0,-25.0,5.043367385864258,0.0,1.6537007093429565,6.0,6.0,1.0,2480.0,62.0,5.475636005401611,2.610739231109619,70.0
146882.119,2486.0,45.0,-28.0,6.561356067657471,0.0,1.735609769821167,8.0,8.0,0.0,2486.0,62.150001525878906,5.525293350219727,3.689695358276367,71.0
146892.119,2500.0,50.0,-24.0,8.130979537963867,0.0,-2.669994592666626,5.0,5.0,-1.0,2500.0,62.5,5.5851240158081055,6.39539098739624,74.0
146902.118,2514.0,54.0,-20.0,8.806883811950684,0.0,-4.07689094543457,4.0,4.0,-1.0,2514.0,62.85000228881836,5.625243663787842,9.066217422485352,77.0
146912.118,2534.0,63.0,-14.0,9.23836898803711,0.0,-6.234973907470703,3.0,3.0,2.0,2534.0,63.35000228881836,5.675739765167236,12.571087837219238,81.0
146922.118,2554.0,75.0,-10.0,9.028752326965332,0.0,-3.1890945434570312,5.0,5.0,2.0,2554.0,63.85000228881836,5.726649761199951,15.558900833129883,85.0
146932.118,2570.0,82.0,-6.0,8.344584465026855,0.0,-0.8354570865631104,7.0,7.0,1.0,2570.0,64.25,5.777911186218262,17.180604934692383,87.0
146942.118,2584.0,86.0,-1.0,7.380472183227539,0.0,-1.6822904348373413,5.0,5.0,-2.0,2584.0,64.5999984741211,5.829464912414551,18.10943031311035,88.0
146952.118,2598.0,90.0,5.0,6.1869683265686035,0.0,-3.2718300819396973,2.0,2.0,2.0,2598.0,64.95000457763672,5.881302356719971,18.90027618408203,89.0
146962.118,2611.0,98.0,8.0,4.8746113777160645,0.0,-2.617014169692993,2.0,2.0,2.0,2611.0,65.2750015258789,5.933403015136719,19.35434341430664,90.0
146972.118,2619.0,102.0,12.0,3.3194618225097656,0.0,-1.846962571144104,1.0,1.0,3.0,2619.0,65.4749984741211,5.985710620880127,18.54697036743164,90.0
146982.119,2625.0,102.0,13.0,1.8088549375534058,0.0,-0.7875998616218567,1.0,1.0,4.0,2625.0,65.625,6.038171768188477,17.350980758666992,89.0
146992.118,2627.0,102.0,11.0,0.40388551354408264,0.0,2.733208179473877,3.0,3.0,2.0,2627.0,65.67500305175781,6.090703010559082,15.376018524169922,87.0
147002.118,2627.0,95.0,11.0,-0.6786621809005737,0.0,1.4792135953903198,0.0,0.0,2.0,2627.0,65.67500305175781,6.143241882324219,13.219232559204102,85.0
147012.118,2627.0,96.0,10.0,-1.4646868705749512,0.0,0.41837236285209656,-1.0,-1.0,3.0,2627.0,65.67500305175781,6.195781230926514,11.364977836608887,83.0
147022.118,2627.0,92.0,11.0,-2.1345348358154297,0.0,-0.7130345106124878,-2.0,-2.0,3.0,2627.0,65.67500305175781,6.24832010269165,9.770818710327148,81.0
147032.118,2626.0,89.0,6.0,-2.5592689514160156,0.0,3.469456434249878,0.0,0.0,3.0,2626.0,65.6500015258789,6.300841808319092,8.174312591552734,80.0
147042.118,2624.0,86.0,6.0,-2.874762773513794,0.0,0.5814418792724609,-2.0,-2.0,0.0,2624.0,65.5999984741211,6.3743414878845215,6.148748874664307,78.0
147052.118,2624.0,86.0,6.0,-2.988068103790283,0.0,0.6484212875366211,-2.0,-2.0,2.0,2624.0,65.5999984741211,6.405829906463623,5.615703105926514,77.0
147062.118,2624.0,84.0,3.0,-2.9384942054748535,0.0,1.905466079711914,-1.0,-1.0,1.0,2624.0,65.5999984741211,6.458310127258301,4.827991485595703,76.0
147072.118,2624.0,78.0,1.0,-2.7931864261627197,0.0,2.4174652099609375,0.0,0.0,2.0,2624.0,65.5999984741211,6.510790824890137,4.150772571563721,76.0
147082.118,2623.0,73.0,2.0,-2.601984977722168,0.0,0.3519468903541565,-2.0,-2.0,1.0,2623.0,65.57500457763672,6.563257694244385,3.335545539855957,75.0
147092.118,2623.0,75.0,0.0,-2.2094838619232178,0.0,-0.25958138704299927,-2.0,-2.0,-1.0,2623.0,65.57500457763672,6.615718364715576,2.8676702976226807,75.0
147102.119,2623.0,73.0,-1.0,-1.8431305885314941,0.0,-0.39883556962013245,-2.0,-2.0,0.0,2623.0,65.57500457763672,6.668179512023926,2.465423822402954,74.0
147112.119,2623.0,73.0,-1.0,-1.2902708053588867,0.0,-2.6528890132904053,-3.0,-3.0,2.0,2623.0,65.57500457763672,6.720640659332275,2.119600534439087,74.0
147122.118,2623.0,70.0,-3.0,-0.850227415561676,0.0,0.1952858865261078,0.0,0.0,5.0,2623.0,65.57500457763672,6.773101329803467,1.8222854137420654,74.0
147132.118,2623.0,69.0,-5.0,-0.2613258361816406,0.0,-0.042848020792007446,0.0,0.0,0.0,2623.0,65.57500457763672,6.825562477111816,1.5666745901107788,73.0
147142.118,2623.0,66.0,-3.0,0.29671934247016907,0.0,-3.658292293548584,-3.0,-3.0,3.0,2623.0,65.57500457763672,6.878023147583008,1.346917986869812,73.0
147152.119,2623.0,67.0,-9.0,0.9806859493255615,0.0,0.509880006313324,1.0,1.0,0.0,2623.0,65.57500457763672,6.930484294891357,1.1579865217208862,73.0
147162.119,2623.0,61.0,-12.0,1.668967843055725,0.0,2.6059353351593018,4.0,4.0,1.0,2623.0,65.57500457763672,6.982944965362549,0.9955564141273499,73.0
147170.119,2623.0,60.0,-13.0,2.3306775093078613,0.0,2.3673388957977295,4.0,4.0,-1.0,2623.0,65.57500457763672,7.035406112670898,0.8559101819992065,73.0
147182.118,2623.0,61.0,-11.0,2.9472286701202393,0.0,-0.3448295593261719,2.0,2.0,3.0,2623.0,65.57500457763672,7.087867259979248,0.7358521223068237,73.0
147192.118,2624.0,60.0,-12.0,3.686391830444336,0.0,-1.6994091272354126,1.0,1.0,2.0,2624.0,65.5999984741211,7.140335559844971,0.8763306140899658,73.0
147202.118,2626.0,58.0,-14.0,4.297944068908691,0.0,0.6272388100624084,4.0,4.0,-1.0,2626.0,65.6500015258789,7.19283390045166,1.2378078699111938,74.0
147212.118,2630.0,60.0,-13.0,4.830699920654297,0.0,-0.5638206601142883,4.0,4.0,1.0,2630.0,65.75,7.245394229888916,2.021451234817505,75.0
147222.118,2637.0,63.0,-10.0,5.177826404571533,0.0,-2.5078866481781006,2.0,2.0,0.0,2637.0,65.92500305175781,7.298071384429932,3.409236431121826,76.0
147232.118,2643.0,70.0,-11.0,5.361246585845947,0.0,-0.04103832691907883,5.0,5.0,1.0,2643.0,66.07500457763672,7.350872993469238,4.368927001953125,77.0
147242.118,2651.0,74.0,-5.0,5.303677082061768,0.0,-3.82536244392395,1.0,1.0,1.0,2651.0,66.2750015258789,7.40382194519043,5.659721374511719,79.0
147252.118,2662.0,81.0,-2.0,4.996065616607666,0.0,-4.036224842071533,0.0,0.0,0.0,2662.0,66.55000305175781,7.456960201263428,7.494112014770508,81.0
147262.118,2668.0,84.0,1.0,4.247221946716309,0.0,-0.49048835039138794,3.0,3.0,3.0,2668.0,66.70000457763672,7.510276794433594,7.855649471282959,82.0
147272.118,2672.0,87.0,2.0,3.3976409435272217,0.0,1.0360866785049438,4.0,4.0,0.0,2672.0,66.80000305175781,7.56369686126709,7.678860187530518,82.0
147282.118,2675.0,85.0,4.0,2.617929458618164,0.0,-0.5437590479850769,2.0,2.0,-1.0,2675.0,66.875,7.61717414855957,7.3112874031066895,81.0
147292.119,2675.0,86.0,7.0,1.8473197221755981,0.0,-2.8820974826812744,-1.0,-1.0,-1.0,2675.0,66.875,7.670675277709961,6.285737037658691,80.0
147302.118,2675.0,87.0,5.0,1.1067750453948975,0.0,0.9965680241584778,2.0,2.0,2.0,2675.0,66.875,7.724175930023193,5.404040813446045,80.0
147312.118,2675.0,85.0,4.0,0.48806414008140564,0.0,1.9899969100952148,2.0,2.0,1.0,2675.0,66.875,7.777677059173584,4.646018981933594,79.0
147322.118,2675.0,86.0,6.0,-0.0689460039138794,0.0,-0.13563814759254456,0.0,0.0,2.0,2675.0,66.875,7.831178188323975,3.994324207305908,78.0
147332.118,2675.0,85.0,5.0,-0.5160282850265503,0.0,0.9352414011955261,0.0,0.0,0.0,2675.0,66.875,7.884679317474365,3.4340429306030273,78.0
147342.118,2674.0,83.0,6.0,-0.8835917115211487,0.0,-0.47694331407546997,-1.0,-1.0,2.0,2674.0,66.8499984741211,7.938176155090332,2.7011771202087402,77.0
147352.119,2673.0,82.0,8.0,-1.3823275566101074,0.0,-0.9948187470436096,-2.0,-2.0,3.0,2673.0,66.82500457763672,7.991649627685547,2.0785884857177734,76.0
147362.119,2672.0,81.0,5.0,-1.798731803894043,0.0,1.5837515592575073,0.0,0.0,2.0,2672.0,66.80000305175781,8.055798530578613,1.4863537549972534,76.0
147372.118,2670.0,79.0,7.0,-2.0146493911743164,0.0,-0.6529463529586792,-2.0,-2.0,3.0,2670.0,66.75,8.098533630371094,0.829632043838501,75.0
147382.118,2665.0,80.0,8.0,-2.2135097980499268,0.0,-2.388216257095337,-4.0,-4.0,0.0,2665.0,66.625,8.151877403259277,-0.4775565564632416,74.0
147392.118,2663.0,77.0,5.0,-2.2955896854400635,0.0,-0.7429991364479065,-3.0,-3.0,3.0,2663.0,66.57500457763672,8.205156326293945,-0.887377142906189,73.0
147402.118,2661.0,75.0,1.0,-2.22128963470459,0.0,1.917943000793457,0.0,0.0,1.0,2661.0,66.5250015258789,8.258389472961426,-1.2253042459487915,73.0
147412.118,2658.0,76.0,4.0,-2.127157688140869,0.0,-1.933773159980774,-4.0,-4.0,1.0,2658.0,66.45000457763672,8.311580657958984,-1.771041750907898,72.0
147422.118,2658.0,74.0,4.0,-2.0839755535125732,0.0,-0.7500143051147461,-2.0,-2.0,1.0,2658.0,66.45000457763672,8.364744186401367,-1.5226188898086548,73.0
147431.209,2657.0,78.0,5.0,-2.1393773555755615,0.0,-1.3251053094863892,-3.0,-3.0,1.0,2658.0,66.45000457763672,8.412591934204102,-1.3289766311645508,73.0
147441.21,2657.0,77.0,5.0,-2.217404365539551,0.0,-0.8612985610961914,-3.0,-3.0,0.0,2657.0,66.42500305175781,8.465738296508789,-1.3685723543167114,73.0
147451.21,2655.0,78.0,6.0,-2.312502384185791,0.0,-1.18232262134552,-3.0,-3.0,0.0,2655.0,66.375,8.518857955932617,-1.6610033512115479,73.0
147461.21,2655.0,79.0,7.0,-2.5132527351379395,0.0,-0.5154697299003601,-3.0,-3.0,2.0,2655.0,66.375,8.571953773498535,-1.4280154705047607,73.0
147471.209,2654.0,77.0,6.0,-2.6005184650421143,0.0,-0.4405016005039215,-3.0,-3.0,1.0,2654.0,66.3499984741211,8.625041007995605,-1.4714045524597168,73.0
147481.209,2652.0,78.0,7.0,-2.708331823348999,0.0,-1.489198088645935,-4.0,-4.0,-2.0,2652.0,66.30000305175781,8.678104400634766,-1.7564513683319092,73.0
147491.21,2651.0,78.0,4.0,-2.8307600021362305,0.0,2.0375566482543945,0.0,0.0,2.0,2651.0,66.2750015258789,8.731133460998535,-1.7537710666656494,73.0
147501.209,2652.0,80.0,8.0,-3.0153849124908447,0.0,-1.3085440397262573,-4.0,-4.0,0.0,2652.0,66.30000305175781,8.784170150756836,-1.285200834274292,73.0
147511.21,2650.0,80.0,7.0,-3.3074398040771484,0.0,1.5042802095413208,-1.0,-1.0,1.0,2650.0,66.25,8.837189674377441,-1.5889946222305298,73.0
147521.21,2649.0,83.0,8.0,-3.442251682281494,0.0,-0.7749382853507996,-4.0,-4.0,0.0,2649.0,66.2249984741211,8.890182495117188,-1.6135144233703613,73.0
147529.119,2647.0,82.0,8.0,-3.7307794094085693,0.0,0.744455873966217,-2.0,-2.0,0.0,2647.0,66.17500305175781,8.94313907623291,-1.863994836807251,73.0
147541.21,2646.0,82.0,9.0,-3.958432674407959,0.0,0.07664840668439865,-3.0,-3.0,0.0,2646.0,66.1500015258789,8.99606704711914,-1.8389734029769897,73.0
147551.21,2645.0,84.0,12.0,-4.315440654754639,0.0,-1.1445138454437256,-5.0,-5.0,1.0,2645.0,66.125,9.048982620239258,-1.8321964740753174,73.0
147561.21,2639.0,85.0,11.0,-4.755158424377441,0.0,1.6070663928985596,-3.0,-3.0,0.0,2640.0,66.0,9.101832389831543,-2.772670030593872,72.0
147571.21,2632.0,84.0,10.0,-4.97700834274292,0.0,0.4937821924686432,-4.0,-4.0,0.0,2632.0,65.80000305175781,9.15453815460205,-4.280715465545654,70.0
147581.21,2624.0,77.0,8.0,-5.0250749588012695,0.0,0.8182560205459595,-4.0,-4.0,0.0,2624.0,65.5999984741211,9.207091331481934,-5.5917463302612305,69.0
147591.21,2615.0,72.0,5.0,-4.804537773132324,0.0,0.7288978695869446,-4.0,-4.0,-2.0,2615.0,65.375,9.25948429107666,-6.9694061279296875,67.0
147601.21,2606.0,70.0,6.0,-4.575676918029785,0.0,-1.0739372968673706,-5.0,-5.0,3.0,2606.0,65.1500015258789,9.311680793762207,-8.136351585388184,66.0
147611.21,2598.0,68.0,3.0,-4.128382205963135,0.0,-0.2868407368659973,-4.0,-4.0,1.0,2598.0,64.95000457763672,9.363716125488281,-8.9065523147583,65.0
147621.213,2591.0,64.0,1.0,-3.559445381164551,0.0,-0.44447773694992065,-4.0,-4.0,0.0,2591.0,64.7750015258789,9.415594100952148,-9.317544937133789,64.0
147631.21,2583.0,61.0,-4.0,-2.8124585151672363,0.0,1.1689414978027344,-1.0,-1.0,-1.0,2583.0,64.57500457763672,9.467316627502441,-9.903943061828613,64.0
147641.21,2579.0,63.0,-6.0,-2.1047449111938477,0.0,2.672111749649048,0.0,0.0,0.0,2579.0,64.4749984741211,9.518936157226562,-9.472271919250488,64.0
147651.209,2578.0,64.0,-5.0,-1.5388128757476807,0.0,1.940935492515564,0.0,0.0,2.0,2578.0,64.45000457763672,9.570509910583496,-8.387296676635742,65.0
147661.213,2577.0,67.0,-1.0,-1.116281270980835,0.0,-1.3760348558425903,-2.0,-2.0,0.0,2577.0,64.42500305175781,9.622055053710938,-7.436774253845215,66.0
147671.209,2576.0,66.0,-1.0,-0.8886697888374329,0.0,0.682175874710083,0.0,0.0,2.0,2576.0,64.4000015258789,9.673583984375,-6.626568794250488,67.0
147681.209,2576.0,66.0,-3.0,-0.8024903535842896,0.0,3.611578941345215,2.0,2.0,0.0,2576.0,64.4000015258789,9.72510814666748,-5.697063446044922,68.0
147691.209,2576.0,74.0,5.0,-0.863452672958374,0.0,-3.103484869003296,-3.0,-3.0,0.0,2576.0,64.4000015258789,9.776631355285645,-4.897939205169678,69.0
147701.21,2575.0,73.0,5.0,-1.0509147644042969,0.0,-0.8906681537628174,-1.0,-1.0,0.0,2575.0,64.375,9.828141212463379,-4.443800449371338,69.0
147711.209,2575.0,77.0,9.0,-1.4693903923034668,0.0,-2.749112129211426,-4.0,-4.0,1.0,2575.0,64.375,9.879645347595215,-3.8204712867736816,70.0
147721.21,2574.0,80.0,7.0,-1.9688677787780762,0.0,1.3489986658096313,0.0,0.0,2.0,2574.0,64.3499984741211,9.931146621704102,-3.5395753383636475,70.0
147731.21,2573.0,83.0,14.0,-2.630246877670288,0.0,-3.4207603931427,-6.0,-6.0,2.0,2573.0,64.32500457763672,9.982623100280762,-3.2867770195007324,71.0
147741.21,2569.0,84.0,11.0,-3.2555835247039795,0.0,1.1797358989715576,-2.0,-2.0,2.0,2569.0,64.2249984741211,10.034035682678223,-3.7799019813537598,70.0
147751.21,2564.0,82.0,15.0,-3.878807783126831,0.0,-2.227588415145874,-6.0,-6.0,2.0,2564.0,64.0999984741211,10.085363388061523,-4.4509968757629395,69.0
147761.209,2558.0,83.0,14.0,-4.439089775085449,0.0,-0.7644681930541992,-5.0,-5.0,3.0,2558.0,63.95000076293945,10.136588096618652,-5.275422096252441,68.0
147771.21,2549.0,82.0,14.0,-4.9094038009643555,0.0,-1.321782112121582,-6.0,-6.0,2.0,2550.0,63.75,10.187662124633789,-6.446486473083496,67.0
147781.21,2538.0,74.0,12.0,-5.227554798126221,0.0,-0.3737863600254059,-5.0,-5.0,6.0,2538.0,63.45000076293945,10.238526344299316,-8.396798133850098,65.0
147791.21,2528.0,72.0,8.0,-5.2797160148620605,0.0,1.1062711477279663,-4.0,-4.0,2.0,2528.0,63.20000076293945,10.289172172546387,-9.596085548400879,63.0
147801.209,2518.0,67.0,5.0,-5.204306602478027,0.0,2.4600186347961426,-2.0,-2.0,3.0,2518.0,62.95000076293945,10.339631080627441,-10.652909278869629,62.0
147811.209,2511.0,68.0,7.0,-5.052901744842529,0.0,-0.5236296653747559,-5.0,-5.0,0.0,2511.0,62.775001525878906,10.389922142028809,-10.83679485321045,62.0
147821.209,2504.0,67.0,5.0,-4.814610004425049,0.0,0.58608478307724,-4.0,-4.0,3.0,2504.0,62.60000228881836,10.440065383911133,-10.991498947143555,62.0
147831.21,2497.0,67.0,5.0,-4.632211208343506,0.0,0.45948049426078796,-4.0,-4.0,0.0,2497.0,62.42499923706055,10.490077018737793,-11.135149002075195,61.0
147841.209,2490.0,66.0,6.0,-4.429612159729004,0.0,-0.6289324164390564,-5.0,-5.0,2.0,2490.0,62.25,10.539945602416992,-11.248002052307129,61.0
147851.209,2483.0,64.0,3.0,-4.194540977478027,0.0,1.9706745147705078,-2.0,-2.0,0.0,2483.0,62.07500076293945,10.589664459228516,-11.33765697479248,61.0
147859.119,2477.0,65.0,4.0,-4.017611026763916,0.0,0.8908842206001282,-3.0,-3.0,0.0,2477.0,61.92499923706055,10.639262199401855,-11.185233116149902,61.0
147871.21,2472.0,68.0,7.0,-3.9690098762512207,0.0,-1.08731210231781,-5.0,-5.0,0.0,2472.0,61.79999923706055,10.688750267028809,-10.810705184936523,61.0
147881.209,2467.0,67.0,9.0,-3.7538933753967285,0.0,-4.997827529907227,-8.0,-8.0,3.0,2467.0,61.67499923706055,10.738131523132324,-10.477851867675781,61.0
147889.119,2462.0,68.0,10.0,-3.760938882827759,0.0,-4.125767230987549,-7.0,-7.0,1.0,2462.0,61.54999923706055,10.78741455078125,-10.201733589172363,62.0
147901.21,2456.0,70.0,6.0,-3.7976174354553223,0.0,0.9646496176719666,-2.0,-2.0,3.0,2456.0,61.400001525878906,10.836594581604004,-10.212348937988281,62.0
147911.209,2449.0,71.0,7.0,-3.86975359916687,0.0,0.007166872266680002,-3.0,-3.0,1.0,2449.0,61.22500228881836,10.885641098022461,-10.451202392578125,61.0
147921.209,2441.0,67.0,6.0,-3.960355281829834,0.0,2.1159331798553467,-1.0,-1.0,2.0,2442.0,61.04999923706055,10.934537887573242,-10.64514446258545,61.0
147931.209,2436.0,67.0,7.0,-3.909463882446289,0.0,-0.9847500920295715,-4.0,-4.0,1.0,2436.0,60.900001525878906,10.983299255371094,-10.561195373535156,61.0
147941.21,2432.0,70.0,10.0,-3.996474266052246,0.0,-2.445333242416382,-6.0,-6.0,0.0,2432.0,60.79999923706055,11.031972885131836,-10.026792526245117,61.0
147951.21,2428.0,73.0,11.0,-4.253632068634033,0.0,-1.507341980934143,-5.0,-5.0,2.0,2428.0,60.70000076293945,11.08057689666748,-9.581049919128418,62.0
147961.21,2423.0,73.0,10.0,-4.591838836669922,0.0,1.24202299118042,-3.0,-3.0,3.0,2423.0,60.57500076293945,11.129087448120117,-9.445622444152832,62.0
147971.209,2418.0,76.0,15.0,-5.083199501037598,0.0,-2.3710594177246094,-7.0,-7.0,4.0,2418.0,60.45000076293945,11.177494049072266,-9.318164825439453,62.0
147981.21,2411.0,76.0,14.0,-5.585497856140137,0.0,0.8118504285812378,-4.0,-4.0,3.0,2411.0,60.275001525878906,11.225776672363281,-9.67851734161377,61.0
147991.209,2400.0,73.0,15.0,-5.994208335876465,0.0,-1.4248446226119995,-7.0,-7.0,1.0,2401.0,60.025001525878906,11.273869514465332,-10.676456451416016,60.0
148001.209,2388.0,73.0,12.0,-6.186483383178711,0.0,0.19625769555568695,-5.0,-5.0,5.0,2388.0,59.70000076293945,11.32174301147461,-12.26987361907959,58.0
148012.119,2373.0,67.0,10.0,-6.194129467010498,0.0,-0.16927528381347656,-6.0,-6.0,4.0,2373.0,59.32500076293945,11.374106407165527,-13.955459594726562,56.0
148022.118,2359.0,63.0,4.0,-5.9766082763671875,0.0,3.9667370319366455,-2.0,-2.0,3.0,2359.0,58.97500228881836,11.421430587768555,-15.368825912475586,55.0
148032.119,2345.0,57.0,6.0,-5.592729091644287,0.0,-0.5470461249351501,-6.0,-6.0,4.0,2345.0,58.625,11.468457221984863,-16.551353454589844,53.0
148042.118,2332.0,53.0,0.0,-5.023238182067871,0.0,2.9370462894439697,-2.0,-2.0,0.0,2332.0,58.29999923706055,11.51519775390625,-17.30269432067871,52.0
148052.119,2322.0,51.0,-2.0,-4.324064254760742,0.0,2.3984525203704834,-1.0,-1.0,3.0,2322.0,58.04999923706055,11.561727523803711,-17.256410598754883,52.0
148062.119,2314.0,53.0,-1.0,-3.675978899002075,0.0,0.6746171712875366,-3.0,-3.0,2.0,2314.0,57.85000228881836,11.608077049255371,-16.743858337402344,52.0
148071.21,2309.0,55.0,0.0,-3.1982381343841553,0.0,-0.457724392414093,-3.0,-3.0,1.0,2309.0,57.72500228881836,11.64967155456543,-15.801090240478516,53.0
148081.209,2304.0,53.0,-3.0,-2.682927131652832,0.0,2.8935892581939697,0.0,0.0,3.0,2304.0,57.60000228881836,11.695794105529785,-14.767960548400879,54.0
148091.21,2301.0,60.0,6.0,-2.540140390396118,0.0,-3.4034764766693115,-5.0,-5.0,-1.0,2301.0,57.525001525878906,11.741847038269043,-13.421120643615723,55.0
148101.21,2297.0,60.0,3.0,-2.5819764137268066,0.0,2.3030405044555664,0.0,0.0,2.0,2297.0,57.42499923706055,11.787814140319824,-12.481247901916504,56.0
148111.209,2291.0,62.0,11.0,-2.7865700721740723,0.0,-5.021549224853516,-7.0,-7.0,-2.0,2291.0,57.275001525878906,11.833686828613281,-12.161367416381836,56.0
148121.21,2286.0,68.0,8.0,-3.0202834606170654,0.0,-0.46832552552223206,-3.0,-3.0,1.0,2286.0,57.150001525878906,11.879460334777832,-11.660344123840332,57.0
148131.212,2281.0,65.0,9.0,-3.3306572437286377,0.0,-0.24249859154224396,-3.0,-3.0,0.0,2281.0,57.025001525878906,11.925129890441895,-11.21895980834961,57.0
148141.209,2278.0,72.0,12.0,-3.8166913986206055,0.0,-0.866424560546875,-4.0,-4.0,0.0,2278.0,56.95000076293945,11.97070598602295,-10.347829818725586,58.0
148151.21,2275.0,73.0,14.0,-4.423535346984863,0.0,0.12382277101278305,-4.0,-4.0,4.0,2275.0,56.875,12.0162353515625,-9.621001243591309,59.0
148161.21,2268.0,74.0,18.0,-5.217991352081299,0.0,-1.635481834411621,-6.0,-6.0,0.0,2269.0,56.72500228881836,12.061681747436523,-9.727219581604004,59.0
148171.21,2257.0,77.0,18.0,-6.001363754272461,0.0,-0.10490598529577255,-6.0,-6.0,1.0,2258.0,56.45000076293945,12.106943130493164,-10.98746395111084,57.0
148181.209,2245.0,71.0,15.0,-6.577874183654785,0.0,1.7737258672714233,-4.0,-4.0,3.0,2245.0,56.125,12.151958465576172,-12.544410705566406,55.0
148191.21,2232.0,67.0,13.0,-6.8377366065979,0.0,0.9114435315132141,-5.0,-5.0,2.0,2232.0,55.79999923706055,12.196720123291016,-13.893664360046387,54.0
148202.118,2215.0,64.0,15.0,-7.0518574714660645,0.0,-1.5386899709701538,-8.0,-8.0,1.0,2215.0,55.375,12.245633125305176,-15.811327934265137,51.0
148212.118,2198.0,58.0,10.0,-7.00505256652832,0.0,1.7745662927627563,-5.0,-5.0,2.0,2198.0,54.95000076293945,12.289746284484863,-17.645469665527344,49.0
148222.118,2181.0,52.0,6.0,-6.690528392791748,0.0,2.0012612342834473,-4.0,-4.0,1.0,2181.0,54.525001525878906,12.333502769470215,-19.193296432495117,47.0
148232.119,2166.0,48.0,2.0,-6.08250617980957,0.0,1.9423445463180542,-4.0,-4.0,1.0,2166.0,54.150001525878906,12.37695026397705,-20.06527328491211,46.0
148242.118,2151.0,46.0,-1.0,-5.327565670013428,0.0,2.408525228500366,-2.0,-2.0,2.0,2151.0,53.775001525878906,12.420104026794434,-20.82590103149414,45.0
148252.119,2136.0,42.0,-1.0,-4.552245140075684,0.0,0.4569982588291168,-4.0,-4.0,1.0,2136.0,53.400001525878906,12.462955474853516,-21.472524642944336,44.0
148261.209,2126.0,40.0,-1.0,-3.779893398284912,0.0,-1.1786137819290161,-4.0,-4.0,0.0,2127.0,53.17499923706055,12.501299858093262,-20.881614685058594,44.0
148271.209,2119.0,40.0,-5.0,-2.9616270065307617,0.0,1.8375111818313599,-1.0,-1.0,2.0,2119.0,52.97500228881836,12.543743133544922,-19.842105865478516,45.0
148281.21,2113.0,44.0,-3.0,-2.3105504512786865,0.0,0.16369475424289703,-2.0,-2.0,0.0,2113.0,52.82500076293945,12.586058616638184,-18.489553451538086,46.0
148291.21,2110.0,46.0,1.0,-1.9175164699554443,0.0,-1.416887640953064,-3.0,-3.0,1.0,2110.0,52.75,12.628273010253906,-16.59541130065918,48.0
148301.21,2107.0,52.0,1.0,-1.8287404775619507,0.0,1.5718072652816772,0.0,0.0,3.0,2107.0,52.67499923706055,12.670425415039062,-14.959592819213867,50.0
148311.209,2104.0,56.0,4.0,-1.9029030799865723,0.0,0.01927614025771618,-1.0,-1.0,1.0,2104.0,52.60000228881836,12.712525367736816,-13.564090728759766,51.0
148321.21,2102.0,61.0,9.0,-2.186535358428955,0.0,-2.8052616119384766,-4.0,-4.0,4.0,2102.0,52.54999923706055,12.754583358764648,-12.13859748840332,53.0
148331.209,2100.0,68.0,11.0,-2.7549986839294434,0.0,-1.2406905889511108,-3.0,-3.0,-1.0,2100.0,52.5,12.796597480773926,-10.901922225952148,54.0
148341.21,2096.0,74.0,17.0,-3.5349578857421875,0.0,-3.574366569519043,-7.0,-7.0,2.0,2096.0,52.400001525878906,12.838556289672852,-10.3265962600708,54.0
148351.21,2091.0,73.0,19.0,-4.492284297943115,0.0,-1.6714831590652466,-6.0,-6.0,2.0,2091.0,52.275001525878906,12.880431175231934,-10.086591720581055,55.0
148361.209,2083.0,75.0,21.0,-5.639384746551514,0.0,-0.1744997501373291,-5.0,-5.0,1.0,2083.0,52.07500076293945,12.922167778015137,-10.590332984924316,54.0
148371.209,2072.0,74.0,21.0,-6.7387471199035645,0.0,1.075636863708496,-5.0,-5.0,2.0,2072.0,51.79999923706055,12.963717460632324,-11.744412422180176,53.0
148381.21,2059.0,73.0,21.0,-7.566007614135742,0.0,-0.24267955124378204,-7.0,-7.0,0.0,2059.0,51.47500228881836,13.005022048950195,-13.213199615478516,51.0
148392.118,2043.0,67.0,20.0,-8.244521141052246,0.0,0.01786784827709198,-8.0,-8.0,4.0,2043.0,51.07500076293945,13.05013370513916,-14.986969947814941,49.0
148402.119,2024.0,65.0,17.0,-8.634479522705078,0.0,1.5682231187820435,-7.0,-7.0,1.0,2024.0,50.60000228881836,13.090789794921875,-17.424514770507812,46.0
148412.118,2004.0,54.0,14.0,-8.68171215057373,0.0,1.0334619283676147,-7.0,-7.0,1.0,2004.0,50.10000228881836,13.131049156188965,-19.74954605102539,43.0
148422.118,1982.0,46.0,6.0,-8.251228332519531,0.0,4.23886775970459,-4.0,-4.0,1.0,1982.0,49.54999923706055,13.170886993408203,-22.225313186645508,40.0
148432.118,1962.0,39.0,3.0,-7.492611408233643,0.0,1.9726184606552124,-5.0,-5.0,4.0,1962.0,49.04999923706055,13.21030330657959,-23.86940574645996,38.0
148442.118,1942.0,36.0,0.0,-6.487979888916016,0.0,0.6493461728096008,-5.0,-5.0,3.0,1942.0,48.54999923706055,13.249305725097656,-25.25798988342285,36.0
148450.119,1925.0,26.0,-5.0,-5.31358528137207,0.0,1.1104472875595093,-4.0,-4.0,2.0,1926.0,48.150001525878906,13.284093856811523,-25.874679565429688,35.0
148461.21,1911.0,25.0,-9.0,-3.8991596698760986,0.0,0.9590879082679749,-2.0,-2.0,3.0,1912.0,47.79999923706055,13.322450637817383,-25.56924819946289,35.0
148471.209,1901.0,24.0,-8.0,-2.5851824283599854,0.0,-1.380332589149475,-3.0,-3.0,0.0,1902.0,47.54999923706055,13.360562324523926,-24.334815979003906,36.0
148481.21,1895.0,26.0,-11.0,-1.3949297666549683,0.0,1.2414308786392212,0.0,0.0,-1.0,1895.0,47.375,13.39850902557373,-22.563520431518555,38.0
148491.209,1891.0,34.0,-6.0,-0.5502985715866089,0.0,-2.5040504932403564,-3.0,-3.0,0.0,1891.0,47.275001525878906,13.436365127563477,-20.34888458251953,40.0
148501.213,1889.0,39.0,-3.0,-0.03190729022026062,0.0,-2.4312992095947266,-2.0,-2.0,2.0,1889.0,47.22500228881836,13.474169731140137,-17.978626251220703,42.0
148511.209,1888.0,45.0,2.0,0.06919583678245544,0.0,-3.5717482566833496,-3.0,-3.0,3.0,1888.0,47.20000076293945,13.511942863464355,-15.696812629699707,45.0
148521.21,1887.0,49.0,7.0,-0.24262596666812897,0.0,-3.6319596767425537,-3.0,-3.0,-1.0,1887.0,47.17499923706055,13.549695014953613,-13.731470108032227,46.0
148531.21,1885.0,60.0,8.0,-0.7175238728523254,0.0,-1.989634394645691,-2.0,-2.0,2.0,1885.0,47.125,13.58741569519043,-12.28249740600586,48.0
148541.21,1884.0,60.0,13.0,-1.4398359060287476,0.0,-3.2681310176849365,-4.0,-4.0,-1.0,1884.0,47.10000228881836,13.625102996826172,-10.803335189819336,49.0
148551.21,1883.0,68.0,14.0,-2.4942240715026855,0.0,0.9100990891456604,-1.0,-1.0,0.0,1883.0,47.07500076293945,13.662769317626953,-9.527997970581055,51.0
148561.21,1880.0,72.0,23.0,-3.797917366027832,0.0,-4.06043004989624,-7.0,-7.0,-2.0,1880.0,47.0,13.700396537780762,-8.912775993347168,51.0
148571.21,1875.0,75.0,23.0,-5.218462944030762,0.0,-0.1631181687116623,-5.0,-5.0,3.0,1875.0,46.875,13.737953186035156,-8.878296852111816,51.0
148579.119,1864.0,75.0,30.0,-6.80111837387085,0.0,-3.662430763244629,-10.0,-10.0,2.0,1864.0,46.60000228881836,13.775352478027344,-10.290260314941406,50.0
148591.21,1847.0,71.0,23.0,-8.038805961608887,0.0,2.9912490844726562,-5.0,-5.0,0.0,1847.0,46.17499923706055,13.812454223632812,-12.916853904724121,47.0
148601.209,1827.0,64.0,22.0,-8.86640453338623,0.0,0.8969955444335938,-7.0,-7.0,1.0,1827.0,45.67499923706055,13.849173545837402,-15.874174118041992,43.0
148611.21,1805.0,57.0,19.0,-9.21925163269043,0.0,0.06099548935890198,-9.0,-9.0,2.0,1805.0,45.125,13.885479927062988,-18.908113479614258,40.0
148621.209,1780.0,45.0,12.0,-9.163936614990234,0.0,2.7301228046417236,-6.0,-6.0,0.0,1781.0,44.525001525878906,13.921316146850586,-21.978334426879883,36.0
148631.209,1756.0,39.0,4.0,-8.669812202453613,0.0,5.909065246582031,-2.0,-2.0,2.0,1757.0,43.92499923706055,13.95666217803955,-24.600421905517578,33.0
148641.209,1736.0,29.0,1.0,-7.65785551071167,0.0,1.6752551794052124,-5.0,-5.0,2.0,1736.0,43.400001525878906,13.991561889648438,-26.14146614074707,31.0
148652.118,1715.0,25.0,-3.0,-6.270753860473633,0.0,0.722424328327179,-5.0,-5.0,2.0,1715.0,42.875,14.029487609863281,-27.08302879333496,29.0
148662.118,1694.0,20.0,-8.0,-4.563209056854248,0.0,1.5108951330184937,-3.0,-3.0,3.0,1694.0,42.35000228881836,14.070354461669922,-27.487884521484375,28.0
148672.118,1684.0,20.0,-12.0,-3.365856170654297,0.0,2.696826696395874,0.0,0.0,2.0,1684.0,42.10000228881836,14.097368240356445,-26.777313232421875,29.0
148682.118,1677.0,17.0,-12.0,-1.961615800857544,0.0,1.628328561782837,0.0,0.0,-1.0,1677.0,41.92499923706055,14.130963325500488,-24.674264907836914,31.0
148692.118,1672.0,25.0,-8.0,-0.9140527844429016,0.0,-1.4121774435043335,-2.0,-2.0,2.0,1672.0,41.79999923706055,14.16444206237793,-22.400325775146484,33.0
148702.118,1671.0,32.0,-2.0,-0.3464517593383789,0.0,-3.448467493057251,-3.0,-3.0,2.0,1671.0,41.775001525878906,14.197874069213867,-19.505651473999023,36.0
148712.118,1672.0,38.0,-5.0,-0.07282953709363937,0.0,2.933184862136841,2.0,2.0,-1.0,1672.0,41.79999923706055,14.231295585632324,-16.518369674682617,39.0
148722.118,1671.0,43.0,4.0,-0.26181456446647644,0.0,-1.853548288345337,-2.0,-2.0,2.0,1671.0,41.775001525878906,14.264731407165527,-14.45634651184082,41.0
148732.118,1671.0,52.0,9.0,-0.8250325322151184,0.0,-2.4491379261016846,-3.0,-3.0,3.0,1671.0,41.775001525878906,14.298149108886719,-12.428563117980957,43.0
148742.118,1671.0,60.0,14.0,-1.6818418502807617,0.0,-2.8009517192840576,-4.0,-4.0,4.0,1671.0,41.775001525878906,14.33156681060791,-10.685216903686523,45.0
148752.118,1669.0,66.0,19.0,-2.8752505779266357,0.0,-1.9533566236495972,-4.0,-4.0,2.0,1669.0,41.72500228881836,14.364967346191406,-9.670475006103516,46.0
148762.118,1663.0,70.0,22.0,-4.16757869720459,0.0,-2.031423568725586,-6.0,-6.0,2.0,1663.0,41.57500076293945,14.398289680480957,-9.759166717529297,46.0
148770.118,1654.0,69.0,24.0,-5.4697442054748535,0.0,-1.9799095392227173,-7.0,-7.0,2.0,1654.0,41.35000228881836,14.431458473205566,-10.54887580871582,45.0
148782.118,1646.0,67.0,23.0,-6.705185413360596,0.0,0.7696243524551392,-5.0,-5.0,4.0,1646.0,41.150001525878906,14.464445114135742,-10.969371795654297,44.0
148792.118,1638.0,71.0,27.0,-7.83798360824585,0.0,-2.5185086727142334,-10.0,-10.0,3.0,1638.0,40.95000076293945,14.497273445129395,-11.327669143676758,44.0
148802.118,1630.0,72.0,29.0,-8.999930381774902,0.0,-1.9581553936004639,-10.0,-10.0,3.0,1630.0,40.75,14.529934883117676,-11.63188362121582,43.0
148812.118,1622.0,73.0,30.0,-10.246088981628418,0.0,-0.3687107264995575,-10.0,-10.0,3.0,1622.0,40.54999923706055,14.562444686889648,-11.904566764831543,43.0
148822.118,1615.0,75.0,32.0,-11.445747375488281,0.0,-0.5983509421348572,-12.0,-12.0,0.0,1615.0,40.375,14.59481430053711,-11.909493446350098,43.0
148832.118,1608.0,78.0,36.0,-12.706708908081055,0.0,-1.9703505039215088,-14.0,-14.0,2.0,1608.0,40.20000076293945,14.627031326293945,-11.90253734588623,42.0
148842.119,1594.0,78.0,37.0,-14.254498481750488,0.0,0.25666293501853943,-13.0,-13.0,4.0,1594.0,39.85000228881836,14.665464401245117,-13.256782531738281,41.0
148852.118,1578.0,73.0,35.0,-15.193225860595703,0.0,2.838606119155884,-12.0,-12.0,4.0,1578.0,39.45000076293945,14.690834045410156,-15.637690544128418,38.0
148862.118,1552.0,65.0,32.0,-15.877123832702637,0.0,1.6311416625976562,-14.0,-14.0,2.0,1552.0,38.79999923706055,14.722113609313965,-19.654760360717773,33.0
148872.118,1519.0,50.0,24.0,-15.822673797607422,0.0,2.1350204944610596,-13.0,-13.0,0.0,1519.0,37.97500228881836,14.752805709838867,-24.79398536682129,27.0
148882.118,1483.0,31.0,12.0,-14.839465141296387,0.0,3.380880355834961,-11.0,-11.0,1.0,1483.0,37.07500076293945,14.782801628112793,-29.922035217285156,21.0
148892.118,1443.0,13.0,-2.0,-13.097452163696289,0.0,6.673438549041748,-6.0,-6.0,1.0,1443.0,36.07500076293945,14.812021255493164,-35.26321029663086,15.0
148902.118,1403.0,-9.0,-19.0,-10.368025779724121,0.0,9.372745513916016,0.0,0.0,3.0,1403.0,35.07500076293945,14.840438842773438,-39.85158157348633,10.0
148912.118,1367.0,-22.0,-28.0,-6.889888286590576,0.0,4.649965286254883,-2.0,-2.0,0.0,1367.0,34.17499923706055,14.868101119995117,-42.842674255371094,6.0
148922.118,1338.0,-39.0,-43.0,-2.7809174060821533,0.0,6.829501628875732,4.0,4.0,3.0,1338.0,33.45000076293945,14.895110130310059,-43.72873306274414,4.0
148932.118,1323.0,-43.0,-49.0,1.4711849689483643,0.0,3.6675424575805664,5.0,5.0,0.0,1323.0,33.07500076293945,14.921680450439453,-41.12300491333008,6.0
148942.118,1322.0,-37.0,-49.0,5.419408798217773,0.0,0.3564329147338867,5.0,5.0,2.0,1322.0,33.04999923706055,14.948100090026855,-35.54823684692383,12.0
148952.118,1329.0,-24.0,-43.0,8.431031227111816,0.0,-1.6066277027130127,6.0,6.0,3.0,1329.0,33.22500228881836,14.974602699279785,-28.862293243408203,19.0
148962.118,1346.0,-5.0,-35.0,10.804657936096191,0.0,-1.8233715295791626,8.0,8.0,2.0,1346.0,33.650001525878906,15.006699562072754,-20.046329498291016,28.0
148972.118,1359.0,11.0,-25.0,11.507832527160645,0.0,-4.787971496582031,6.0,6.0,0.0,1359.0,33.97500228881836,15.028349876403809,-14.612081527709961,34.0
148982.118,1378.0,30.0,-12.0,11.470605850219727,0.0,-7.423651218414307,4.0,4.0,0.0,1378.0,34.45000076293945,15.055741310119629,-8.033333778381348,41.0
148992.118,1396.0,46.0,-1.0,10.362123489379883,0.0,-5.669407367706299,4.0,4.0,0.0,1396.0,34.900001525878906,15.083505630493164,-2.6249566078186035,47.0
149002.118,1413.0,62.0,9.0,8.316129684448242,0.0,-2.397662878036499,5.0,5.0,1.0,1413.0,35.32500076293945,15.111613273620605,1.7952311038970947,52.0
149012.118,1426.0,80.0,26.0,5.546195983886719,0.0,-8.119709014892578,-2.0,-2.0,3.0,1426.0,35.650001525878906,15.140023231506348,4.626888275146484,55.0
149022.118,1434.0,88.0,33.0,2.443687677383423,0.0,-6.1220831871032715,-3.0,-3.0,-2.0,1434.0,35.85000228881836,15.1686429977417,5.867586612701416,56.0
149032.118,1435.0,101.0,45.0,-1.0726457834243774,0.0,-8.723159790039062,-9.0,-9.0,-2.0,1435.0,35.875,15.197340965270996,5.273943901062012,56.0
149042.118,1433.0,102.0,47.0,-4.590468883514404,0.0,-3.6716644763946533,-8.0,-8.0,1.0,1433.0,35.82500076293945,15.226030349731445,4.039130210876465,55.0
149052.119,1431.0,107.0,53.0,-8.051292419433594,0.0,-4.846722602844238,-12.0,-12.0,1.0,1431.0,35.775001525878906,15.25467300415039,2.992263078689575,54.0
149062.118,1426.0,106.0,54.0,-11.380241394042969,0.0,-0.8441520929336548,-12.0,-12.0,0.0,1426.0,35.650001525878906,15.283232688903809,1.3892595767974854,52.0
149072.118,1420.0,109.0,59.0,-14.721519470214844,0.0,-0.23553481698036194,-14.0,-14.0,2.0,1420.0,35.5,15.311688423156738,-0.24389129877090454,50.0
149082.118,1415.0,111.0,62.0,-17.971866607666016,0.0,1.5291372537612915,-16.0,-16.0,3.0,1415.0,35.375,15.340038299560547,-1.4109807014465332,49.0
149090.118,1410.0,114.0,69.0,-21.143171310424805,0.0,-1.9133845567703247,-23.0,-23.0,4.0,1410.0,35.25,15.368288040161133,-2.4105384349823,48.0
149102.118,1391.0,114.0,72.0,-24.255273818969727,0.0,-0.2198566347360611,-24.0,-24.0,6.0,1391.0,34.775001525878906,15.396297454833984,-6.637722015380859,43.0
149112.118,1359.0,101.0,66.0,-26.594802856445312,0.0,2.1613385677337646,-24.0,-24.0,5.0,1359.0,33.97500228881836,15.423791885375977,-13.38359546661377,36.0
149122.118,1316.0,76.0,53.0,-27.724288940429688,0.0,5.064242839813232,-22.0,-22.0,1.0,1316.0,32.900001525878906,15.45051383972168,-21.78705596923828,26.0
149132.118,1261.0,47.0,35.0,-27.351783752441406,0.0,7.453015327453613,-19.0,-19.0,3.0,1261.0,31.524999618530273,15.476236343383789,-31.85857582092285,15.0
149142.118,1199.0,15.0,8.0,-25.359189987182617,0.0,15.6502046585083,-9.0,-9.0,1.0,1199.0,29.975000381469727,15.500776290893555,-42.17729568481445,3.0
149152.118,1138.0,-20.0,-14.0,-21.580747604370117,0.0,12.71833610534668,-8.0,-8.0,5.0,1138.0,28.450000762939453,15.524085998535156,-50.80879592895508,-6.0
149162.118,1083.0,-52.0,-38.0,-16.299711227416992,0.0,13.022405624389648,-3.0,-3.0,1.0,1083.0,27.075000762939453,15.546218872070312,-56.75902557373047,-14.0
149172.118,1036.0,-75.0,-57.0,-9.986050605773926,0.0,10.630558013916016,0.0,0.0,0.0,1036.0,25.899999618530273,15.567343711853027,-59.970497131347656,-18.0
149182.118,1000.0,-93.0,-75.0,-2.936551570892334,0.0,9.330714225769043,6.0,6.0,4.0,1000.0,25.0,15.587645530700684,-60.103172302246094,-19.0
149192.119,982.0,-98.0,-83.0,4.251814365386963,0.0,3.341761350631714,7.0,7.0,2.0,982.0,24.55000114440918,15.607410430908203,-55.90004348754883,-15.0
149202.118,983.0,-93.0,-89.0,10.9713134765625,0.0,3.0386199951171875,14.0,14.0,2.0,983.0,24.575000762939453,15.627034187316895,-47.77182388305664,-7.0
149212.119,1003.0,-73.0,-78.0,17.34586524963379,0.0,-3.542593002319336,13.0,13.0,0.0,1003.0,25.075000762939453,15.650863647460938,-35.109676361083984,5.0
149218.119,1026.0,-52.0,-67.0,20.25014877319336,0.0,-6.257848739624023,13.0,13.0,0.0,1026.0,25.649999618530273,15.667102813720703,-25.51737403869629,15.0
149232.118,1061.0,-25.0,-53.0,22.375181198120117,0.0,-6.544012069702148,15.0,15.0,0.0,1061.0,26.524999618530273,15.687995910644531,-13.569113731384277,28.0
149242.118,1106.0,9.0,-33.0,22.77450180053711,0.0,-9.802215576171875,12.0,12.0,1.0,1106.0,27.649999618530273,15.709715843200684,-0.944178581237793,42.0
149252.118,1153.0,46.0,-5.0,21.18107032775879,0.0,-15.004185676574707,6.0,6.0,2.0,1153.0,28.825000762939453,15.732339859008789,10.419153213500977,54.0
149262.118,1202.0,88.0,19.0,17.567480087280273,0.0,-12.819971084594727,4.0,4.0,3.0,1202.0,30.05000114440918,15.755938529968262,20.644073486328125,66.0
149272.118,1244.0,119.0,43.0,12.235629081726074,0.0,-10.721202850341797,1.0,1.0,3.0,1244.0,31.100000381469727,15.780462265014648,27.72367286682129,74.0
149282.118,1279.0,147.0,68.0,4.4717278480529785,0.0,-9.750747680664062,-5.0,-5.0,3.0,1279.0,31.975000381469727,15.810810089111328,31.284358978271484,79.0
149292.119,1292.0,159.0,81.0,-1.1361104249954224,0.0,-9.358834266662598,-10.0,-10.0,2.0,1292.0,32.29999923706055,15.831398963928223,30.854782104492188,78.0
149302.118,1301.0,173.0,96.0,-8.46118450164795,0.0,-8.895255088806152,-17.0,-17.0,0.0,1301.0,32.525001525878906,15.857342720031738,28.660205841064453,77.0
149312.118,1303.0,176.0,103.0,-15.607141494750977,0.0,-4.811190128326416,-20.0,-20.0,-1.0,1303.0,32.57500076293945,15.883379936218262,25.120628356933594,73.0
149322.118,1302.0,181.0,112.0,-22.50829315185547,0.0,-4.69033670425415,-27.0,-27.0,2.0,1302.0,32.54999923706055,15.90942668914795,21.36053466796875,69.0
149332.118,1302.0,187.0,121.0,-29.324966430664062,0.0,-2.97021484375,-32.0,-32.0,0.0,1302.0,32.54999923706055,15.93546199798584,18.36430549621582,66.0
149342.118,1302.0,192.0,128.0,-35.79860305786133,0.0,-2.483494520187378,-38.0,-38.0,2.0,1302.0,32.54999923706055,15.96149730682373,15.788355827331543,64.0
149352.119,1294.0,199.0,139.0,-42.159244537353516,0.0,-4.046031475067139,-46.0,-46.0,3.0,1294.0,32.35000228881836,15.987492561340332,11.579065322875977,59.0
149362.119,1258.0,184.0,139.0,-47.89027786254883,0.0,-1.6591166257858276,-49.0,-49.0,1.0,1258.0,31.450000762939453,16.01302146911621,1.290695071220398,48.0
149372.119,1190.0,145.0,118.0,-51.85291290283203,0.0,9.627297401428223,-42.0,-42.0,4.0,1190.0,29.75,16.03746223449707,-15.155387878417969,30.0
149382.119,1105.0,96.0,85.0,-53.0356330871582,0.0,16.64599609375,-36.0,-36.0,6.0,1105.0,27.625,16.06036376953125,-33.36512756347656,10.0
149392.118,1005.0,34.0,48.0,-50.95962142944336,0.0,17.637746810913086,-33.0,-33.0,4.0,1005.0,25.125,16.081369400024414,-52.54140853881836,-11.0
149402.119,895.0,-30.0,5.0,-45.6784782409668,0.0,19.556522369384766,-26.0,-26.0,2.0,895.0,22.375,16.100248336791992,-71.38021087646484,-32.0
149408.119,768.0,-103.0,-49.0,-35.40033721923828,0.0,20.030046463012695,-15.0,-15.0,2.0,768.0,19.200000762939453,16.120052337646484,-89.34140014648438,-54.0
149422.118,692.0,-151.0,-88.0,-26.474332809448242,0.0,23.42862892150879,-3.0,-3.0,1.0,692.0,17.30000114440918,16.131650924682617,-97.54851531982422,-64.0
149432.118,607.0,-203.0,-131.0,-13.31509780883789,0.0,21.645458221435547,8.0,8.0,0.0,607.0,15.175000190734863,16.144514083862305,-104.0600814819336,-72.0
149442.118,548.0,-241.0,-167.0,1.3422354459762573,0.0,17.54960823059082,18.0,18.0,-1.0,548.0,13.699999809265137,16.15593910217285,-103.4150161743164,-73.0
149452.118,525.0,-252.0,-188.0,16.155609130859375,0.0,12.031603813171387,28.0,28.0,2.0,525.0,13.125,16.16658592224121,-94.28752136230469,-64.0
149462.118,536.0,-240.0,-189.0,29.712665557861328,0.0,2.298915386199951,32.0,32.0,0.0,536.0,13.40000057220459,16.17715835571289,-78.35416412353516,-48.0
149472.118,572.0,-204.0,-180.0,41.02134323120117,0.0,-3.7208847999572754,37.0,37.0,1.0,572.0,14.300000190734863,16.188234329223633,-58.710487365722656,-28.0
149482.118,632.0,-164.0,-160.0,49.515968322753906,0.0,-10.56629467010498,38.0,38.0,0.0,632.0,15.800000190734863,16.200298309326172,-36.1029167175293,-4.0
149492.119,707.0,-111.0,-131.0,54.76708984375,0.0,-15.146787643432617,39.0,39.0,1.0,707.0,17.67500114440918,16.213735580444336,-13.102517127990723,20.0
149502.118,793.0,-51.0,-96.0,56.589561462402344,0.0,-18.570844650268555,38.0,38.0,0.0,793.0,19.825000762939453,16.228809356689453,9.264483451843262,45.0
149512.118,888.0,16.0,-55.0,54.886165618896484,0.0,-21.471094131469727,33.0,33.0,-1.0,888.0,22.200000762939453,16.245698928833008,30.64522361755371,69.0
149522.118,990.0,86.0,-9.0,49.51298141479492,0.0,-21.258342742919922,28.0,28.0,0.0,990.0,24.75,16.264585494995117,50.665645599365234,91.0
149532.118,1094.0,154.0,40.0,40.93984603881836,0.0,-22.977434158325195,17.0,17.0,0.0,1094.0,27.350000381469727,16.285547256469727,68.32977294921875,111.0
149542.118,1192.0,222.0,94.0,29.19012451171875,0.0,-25.456819534301758,3.0,3.0,2.0,1192.0,29.80000114440918,16.308517456054688,82.08914184570312,128.0
149552.119,1273.0,284.0,147.0,14.781691551208496,0.0,-27.874448776245117,-13.0,-13.0,1.0,1273.0,31.825000762939453,16.333295822143555,89.80464935302734,137.0
149562.118,1323.0,320.0,182.0,-1.3113181591033936,0.0,-18.210102081298828,-19.0,-19.0,0.0,1323.0,33.07500076293945,16.359357833862305,89.03704833984375,138.0
149572.118,1339.0,335.0,205.0,-17.50472640991211,0.0,-12.498350143432617,-30.0,-30.0,1.0,1339.0,33.47500228881836,16.38603401184082,80.29098510742188,130.0
149582.118,1335.0,330.0,213.0,-32.64802932739258,0.0,-5.279130935668945,-37.0,-37.0,3.0,1335.0,33.375,16.412799835205078,68.01747131347656,117.0
149592.118,1316.0,326.0,223.0,-46.53154754638672,0.0,-4.694990158081055,-51.0,-51.0,2.0,1316.0,32.900001525878906,16.439313888549805,53.911399841308594,103.0
149602.118,1282.0,311.0,225.0,-60.997215270996094,0.0,-1.7570316791534424,-62.0,-62.0,3.0,1282.0,32.04999923706055,16.47047233581543,36.94847869873047,85.0
149612.118,1239.0,290.0,221.0,-69.36296081542969,0.0,3.19328236579895,-66.0,-66.0,7.0,1239.0,30.975000381469727,16.490615844726562,22.299488067626953,69.0
149622.118,1161.0,242.0,200.0,-77.30037689208984,0.0,10.072161674499512,-67.0,-67.0,4.0,1161.0,29.024999618530273,16.51459503173828,0.4711184501647949,46.0
149632.119,1057.0,179.0,163.0,-81.64089965820312,0.0,18.438058853149414,-63.0,-63.0,2.0,1057.0,26.42500114440918,16.536693572998047,-24.438217163085938,18.0
149642.118,931.0,102.0,115.0,-81.7314224243164,0.0,23.777456283569336,-57.0,-57.0,5.0,931.0,23.274999618530273,16.556482315063477,-51.11652755737305,-11.0
149652.118,790.0,18.0,59.0,-77.42092895507812,0.0,29.084148406982422,-48.0,-48.0,4.0,790.0,19.75,16.573577880859375,-77.61312866210938,-41.0
149662.118,641.0,-74.0,-1.0,-68.83841705322266,0.0,30.725173950195312,-38.0,-38.0,1.0,641.0,16.024999618530273,16.587711334228516,-102.20813751220703,-69.0
149672.118,492.0,-164.0,-70.0,-55.8631591796875,0.0,34.79276657104492,-21.0,-21.0,0.0,492.0,12.300000190734863,16.598876953125,-123.37156677246094,-94.0
149682.118,351.0,-254.0,-135.0,-38.97651290893555,0.0,31.375612258911133,-7.0,-7.0,1.0,351.0,8.77500057220459,16.607175827026367,-139.712158203125,-114.0
149692.118,228.0,-333.0,-204.0,-18.686147689819336,0.0,32.062408447265625,13.0,13.0,-2.0,228.0,5.700000286102295,16.612773895263672,-149.32069396972656,-127.0
149702.119,145.0,-384.0,-254.0,3.5979220867156982,0.0,24.147058486938477,27.0,27.0,0.0,145.0,3.625,16.6163387298584,-148.0180206298828,-127.0
149710.119,115.0,-402.0,-289.0,26.27515983581543,0.0,16.253908157348633,42.0,42.0,0.0,115.0,2.875,16.618844985961914,-134.2941131591797,-114.0
149722.118,126.0,-391.0,-295.0,47.34141159057617,0.0,2.3183324337005615,49.0,49.0,1.0,126.0,3.1500000953674316,16.62120819091797,-112.7242202758789,-92.0
149730.119,176.0,-356.0,-293.0,65.55431365966797,0.0,-1.2533721923828125,64.0,64.0,3.0,176.0,4.400000095367432,16.62421989440918,-84.88468933105469,-63.0
149742.118,262.0,-293.0,-268.0,80.00801849365234,0.0,-13.453248023986816,66.0,66.0,0.0,262.0,6.550000190734863,16.628629684448242,-52.37018585205078,-29.0
149752.118,380.0,-217.0,-229.0,89.69031524658203,0.0,-20.941665649414062,68.0,68.0,-2.0,380.0,9.5,16.6351261138916,-16.81056022644043,9.0
149762.118,522.0,-123.0,-178.0,93.95835876464844,0.0,-23.887264251708984,70.0,70.0,-2.0,522.0,13.050000190734863,16.644262313842773,19.451387405395508,49.0
149772.118,682.0,-16.0,-108.0,92.40676879882812,0.0,-33.7193717956543,58.0,58.0,-2.0,682.0,17.05000114440918,16.65643882751465,54.9192008972168,88.0
149782.118,854.0,94.0,-39.0,85.20987701416016,0.0,-33.18876266479492,52.0,52.0,-3.0,854.0,21.350000381469727,16.67197036743164,88.23042297363281,126.0
149792.118,1028.0,207.0,43.0,72.54483032226562,0.0,-39.31187438964844,33.0,33.0,0.0,1028.0,25.700000762939453,16.69098472595215,117.30634307861328,159.0
149801.21,1181.0,305.0,118.0,56.77931213378906,0.0,-41.41635513305664,15.0,15.0,3.0,1177.0,29.42500114440918,16.71100616455078,138.1262664794922,184.0
149811.21,1330.0,404.0,196.0,35.11494827270508,0.0,-38.219486236572266,-3.0,-3.0,3.0,1327.0,33.17499923706055,16.736257553100586,154.4118194580078,204.0
149821.209,1446.0,484.0,266.0,10.154757499694824,0.0,-32.919105529785156,-22.0,-22.0,5.0,1443.0,36.07500076293945,16.764142990112305,160.28834533691406,213.0
149831.209,1524.0,536.0,322.0,-16.388038635253906,0.0,-28.0828800201416,-44.0,-44.0,4.0,1522.0,38.04999923706055,16.79393196105957,156.53269958496094,211.0
149841.209,1553.0,559.0,361.0,-43.26247787475586,0.0,-18.350168228149414,-61.0,-61.0,3.0,1553.0,38.82500076293945,16.82480812072754,141.79733276367188,197.0
149851.21,1527.0,542.0,376.0,-68.41444396972656,0.0,-7.421058654785156,-75.0,-75.0,6.0,1528.0,38.20000076293945,16.855684280395508,115.77851867675781,170.0
149861.21,1452.0,503.0,370.0,-90.17442321777344,0.0,1.131935715675354,-89.0,-89.0,2.0,1454.0,36.35000228881836,16.885499954223633,81.7667236328125,135.0
149871.21,1329.0,425.0,337.0,-107.08285522460938,0.0,14.621099472045898,-92.0,-92.0,4.0,1333.0,33.32500076293945,16.913305282592773,41.345306396484375,91.0
149881.209,1168.0,327.0,285.0,-118.16128540039062,0.0,27.84222984313965,-90.0,-90.0,0.0,1172.0,29.30000114440918,16.938249588012695,-2.94242262840271,43.0
149891.21,981.0,211.0,218.0,-122.69788360595703,0.0,36.293418884277344,-86.0,-86.0,2.0,986.0,24.649999618530273,16.95969009399414,-46.964874267578125,-5.0
149901.21,773.0,83.0,139.0,-120.19782257080078,0.0,40.2242317199707,-79.0,-79.0,1.0,778.0,19.450000762939453,16.977136611938477,-90.00147247314453,-53.0
149911.209,552.0,-59.0,48.0,-110.70122528076172,0.0,44.831661224365234,-65.0,-65.0,3.0,557.0,13.925000190734863,16.990276336669922,-130.09365844726562,-99.0
149921.21,328.0,-194.0,-54.0,-94.309326171875,0.0,49.368404388427734,-44.0,-44.0,1.0,333.0,8.324999809265137,16.998939514160156,-165.23782348632812,-139.0
149931.209,114.0,-336.0,-158.0,-71.58538055419922,0.0,50.98995590209961,-20.0,-20.0,1.0,118.0,2.950000047683716,17.003204345703125,-193.27569580078125,-173.0
149941.209,-80.0,-456.0,-258.0,-43.52848434448242,0.0,50.117958068847656,6.0,6.0,2.0,-75.0,-1.875,17.003398895263672,-212.11451721191406,-196.0
149951.21,-225.0,-553.0,-343.0,-11.510690689086914,0.0,40.98832321166992,29.0,29.0,-2.0,-222.0,-5.550000190734863,17.000165939331055,-217.20433044433594,-205.0
149961.21,-310.0,-610.0,-409.0,22.353487014770508,0.0,31.141725540161133,53.0,53.0,2.0,-309.0,-7.724999904632568,16.994647979736328,-207.2615966796875,-197.0
149971.21,-329.0,-621.0,-449.0,55.792686462402344,0.0,18.332780838012695,74.0,74.0,0.0,-329.0,-8.225000381469727,16.988142013549805,-182.774658203125,-174.0
149981.21,-286.0,-596.0,-459.0,86.3607177734375,0.0,5.218642711639404,91.0,91.0,0.0,-287.0,-7.175000190734863,16.98192024230957,-146.93804931640625,-137.0
149991.21,-184.0,-531.0,-444.0,112.4383773803711,0.0,-9.001291275024414,103.0,103.0,-2.0,-187.0,-4.675000190734863,16.9771785736084,-102.29754638671875,-89.0
150001.21,-31.0,-430.0,-401.0,132.2322998046875,0.0,-23.148279190063477,109.0,109.0,1.0,-35.0,-0.875,16.97504425048828,-51.58017349243164,-35.0
150011.21,166.0,-314.0,-340.0,144.81947326660156,0.0,-32.04696273803711,112.0,112.0,1.0,161.0,4.025000095367432,16.976438522338867,2.5008609294891357,23.0
150021.21,396.0,-165.0,-255.0,149.19830322265625,0.0,-41.993404388427734,107.0,107.0,2.0,391.0,9.77500057220459,16.982135772705078,57.08842849731445,83.0
150031.21,654.0,-5.0,-154.0,144.81845092773438,0.0,-47.66096115112305,97.0,97.0,0.0,648.0,16.200000762939453,16.992769241333008,110.3908920288086,143.0
150041.211,927.0,168.0,-36.0,131.94705200195312,0.0,-58.59074401855469,73.0,73.0,-2.0,920.0,23.0,17.00873374938965,159.74163818359375,199.0
150051.209,1199.0,338.0,81.0,110.80003356933594,0.0,-56.95726776123047,53.0,53.0,0.0,1193.0,29.825000762939453,17.030166625976562,202.3794403076172,249.0
150061.21,1458.0,501.0,205.0,82.37869262695312,0.0,-59.105228424072266,23.0,23.0,-1.0,1453.0,36.32500076293945,17.05693817138672,235.89735412597656,289.0
150071.21,1688.0,646.0,324.0,47.5809326171875,0.0,-55.1694221496582,-7.0,-7.0,0.0,1683.0,42.07500076293945,17.088611602783203,257.4976806640625,316.0
150081.21,1864.0,759.0,427.0,8.445815086364746,0.0,-47.805274963378906,-39.0,-39.0,3.0,1860.0,46.5,17.124309539794922,263.4229736328125,327.0
150091.21,1968.0,832.0,515.0,-33.086666107177734,0.0,-42.328895568847656,-75.0,-75.0,6.0,1967.0,49.17499923706055,17.1628360748291,251.71644592285156,318.0
150101.21,1997.0,853.0,567.0,-74.40641784667969,0.0,-26.450756072998047,-100.0,-100.0,-2.0,1997.0,49.92499923706055,17.2026309967041,223.3389434814453,290.0
150111.21,1951.0,832.0,585.0,-112.61247253417969,0.0,-10.622357368469238,-123.0,-123.0,-2.0,1953.0,48.82500076293945,17.242202758789062,181.3141632080078,247.0
150122.118,1825.0,755.0,571.0,-148.52110290527344,0.0,6.119333744049072,-142.0,-142.0,-8.0,1825.0,45.625,17.283767700195312,122.99754333496094,185.0
150132.118,1638.0,639.0,526.0,-173.75527954101562,0.0,22.74180793762207,-151.0,-151.0,-6.0,1638.0,40.95000076293945,17.318288803100586,61.013893127441406,119.0
150142.118,1400.0,500.0,460.0,-190.574951171875,0.0,32.13726806640625,-158.0,-158.0,-6.0,1400.0,35.0,17.3485107421875,-4.440680980682373,47.0
150152.118,1114.0,323.0,359.0,-197.6405029296875,0.0,47.130558013916016,-150.0,-150.0,-6.0,1114.0,27.850000381469727,17.373403549194336,-72.0850601196289,-26.0
150162.118,789.0,121.0,231.0,-194.03500366210938,0.0,62.39719009399414,-131.0,-131.0,-2.0,789.0,19.725000381469727,17.392139434814453,-139.5270233154297,-102.0
150172.118,443.0,-89.0,88.0,-179.60256958007812,0.0,71.76625061035156,-107.0,-107.0,-5.0,443.0,11.074999809265137,17.404125213623047,-202.48716735839844,-174.0
150182.119,92.0,-305.0,-67.0,-154.5325469970703,0.0,77.44220733642578,-77.0,-77.0,-1.0,92.0,2.299999952316284,17.409109115600586,-257.7534484863281,-238.0
150192.118,-249.0,-524.0,-230.0,-119.67498779296875,0.0,83.31908416748047,-36.0,-36.0,-5.0,-249.0,-6.224999904632568,17.407190322875977,-302.9002380371094,-291.0
150202.118,-579.0,-728.0,-391.0,-76.2475814819336,0.0,84.52032470703125,8.0,8.0,-6.0,-579.0,-14.475000381469727,17.398582458496094,-339.10736083984375,-336.0
150212.118,-828.0,-901.0,-544.0,-25.122682571411133,0.0,73.06272888183594,47.0,47.0,2.0,-828.0,-20.700000762939453,17.384065628051758,-350.5590515136719,-353.0
150222.118,-995.0,-1007.0,-659.0,30.219884872436523,0.0,52.53939437866211,82.0,82.0,0.0,-995.0,-24.875,17.36547088623047,-340.8539123535156,-348.0
150232.118,-1055.0,-1064.0,-748.0,86.17105102539062,0.0,39.59812545776367,125.0,125.0,0.0,-1055.0,-26.375,17.34475326538086,-307.06158447265625,-316.0
150242.119,-1022.0,-1056.0,-800.0,149.6963653564453,0.0,18.664968490600586,168.0,168.0,-2.0,-1022.0,-25.55000114440918,17.31968879699707,-248.0642547607422,-256.0
150252.118,-941.0,-1013.0,-808.0,187.61439514160156,0.0,7.933830261230469,195.0,195.0,0.0,-941.0,-23.524999618530273,17.304012298583984,-200.11431884765625,-206.0
150262.118,-783.0,-934.0,-799.0,228.9639434814453,0.0,-3.0580484867095947,225.0,225.0,-3.0,-783.0,-19.575000762939453,17.28681182861328,-134.1558837890625,-136.0
150272.118,-569.0,-822.0,-761.0,262.5726623535156,0.0,-19.728952407836914,242.0,242.0,-1.0,-569.0,-14.225000381469727,17.273460388183594,-64.22583770751953,-61.0
150282.118,-311.0,-679.0,-700.0,287.0242004394531,0.0,-29.85689353942871,257.0,255.0,-3.0,-311.0,-7.775000095367432,17.264846801757812,6.435064792633057,15.0
150292.118,-9.0,-514.0,-610.0,301.40496826171875,0.0,-42.773319244384766,258.0,255.0,-4.0,-9.0,-0.22500000894069672,17.261924743652344,77.58985900878906,94.0
150302.118,333.0,-319.0,-496.0,305.1929931640625,0.0,-56.59877395629883,248.0,248.0,-1.0,333.0,8.324999809265137,17.265457153320312,148.34498596191406,173.0
150311.209,684.0,-122.0,-373.0,299.1605224609375,0.0,-69.74419403076172,229.0,229.0,-2.0,674.0,16.850000381469727,17.274856567382812,211.40196228027344,245.0
150319.119,1101.0,112.0,-221.0,281.8178405761719,0.0,-79.75931549072266,202.0,202.0,0.0,1091.0,27.274999618530273,17.292869567871094,281.2775573730469,325.0
150331.21,1549.0,367.0,-45.0,252.83975219726562,0.0,-90.5025405883789,162.0,162.0,-1.0,1538.0,38.45000076293945,17.319501876831055,348.6000061035156,404.0
150341.209,2018.0,648.0,161.0,211.4224853515625,0.0,-102.4071044921875,109.0,109.0,-3.0,2007.0,50.17499923706055,17.35548210144043,411.4284973144531,478.0
150351.21,2476.0,912.0,361.0,158.7148895263672,0.0,-99.66214752197266,59.0,59.0,-6.0,2466.0,61.650001525878906,17.400754928588867,463.0164794921875,542.0
150361.213,2882.0,1158.0,565.0,96.41045379638672,0.0,-102.58929443359375,-6.0,0.0,-2.0,2882.0,72.05000305175781,17.454730987548828,497.11376953125,586.0
150371.21,3222.0,1354.0,746.0,26.44371795654297,0.0,-87.75988006591797,-61.0,0.0,-4.0,3215.0,80.375,17.516136169433594,506.6090393066406,604.0
150381.213,3484.0,1516.0,906.0,-47.94021987915039,0.0,-76.23702239990234,-124.0,0.0,4.0,3484.0,87.0999984741211,17.583528518676758,499.4534912109375,604.0
150391.21,3528.0,1497.0,954.0,-118.47804260253906,0.0,-42.295982360839844,-160.0,0.0,11.0,3531.0,88.2750015258789,17.65427589416504,439.6119689941406,545.0
150401.209,3424.0,1463.0,1010.0,-184.138427734375,0.0,-32.981197357177734,-217.0,0.0,3.0,3425.0,85.625,17.72369384765625,352.7347106933594,456.0
150409.119,3382.0,1429.0,1037.0,-243.5684051513672,0.0,-25.553497314453125,-269.0,0.0,14.0,3383.0,84.57500457763672,17.791765213012695,293.1814270019531,395.0
150421.209,3338.0,1436.0,1097.0,-298.70953369140625,0.0,-36.96522903442383,-335.0,0.0,1.0,3338.0,83.45000457763672,17.85883331298828,241.4979705810547,342.0
150429.119,3311.0,1449.0,1145.0,-350.9455261230469,0.0,-28.07291603088379,-379.0,0.0,8.0,3312.0,82.80000305175781,17.925376892089844,201.29736328125,302.0
150441.21,3298.0,1465.0,1192.0,-400.1825256347656,0.0,-23.51727867126465,-423.0,0.0,2.0,3298.0,82.45000457763672,17.991409301757812,169.81240844726562,270.0
150451.213,3284.0,1491.0,1247.0,-446.9085693359375,0.0,-26.78230094909668,-473.0,0.0,2.0,3284.0,82.0999984741211,18.057209014892578,142.66590881347656,242.0
150461.213,3286.0,1520.0,1298.0,-491.4733581542969,0.0,-26.834590911865234,-518.0,0.0,-3.0,3286.0,82.1500015258789,18.122920989990234,123.12010192871094,223.0
150471.213,3283.0,1564.0,1356.0,-534.3569946289062,0.0,-30.371763229370117,-564.0,0.0,-2.0,3283.0,82.07500457763672,18.188602447509766,105.15121459960938,205.0
150481.213,3283.0,1610.0,1415.0,-576.2855834960938,0.0,-29.34377670288086,-605.0,0.0,-1.0,3283.0,82.07500457763672,18.2542667388916,90.40171813964844,190.0
150491.213,3285.0,1661.0,1482.0,-617.8868408203125,0.0,-31.572525024414062,-649.0,0.0,0.0,3285.0,82.125,18.319942474365234,78.21598052978516,178.0
150502.119,3287.0,1723.0,1555.0,-663.21923828125,0.0,-32.727447509765625,-695.0,0.0,-1.0,3287.0,82.17500305175781,18.392244338989258,66.69893646240234,167.0
150512.119,3286.0,1779.0,1621.0,-704.1991577148438,0.0,-33.2442626953125,-737.0,0.0,-2.0,3286.0,82.1500015258789,18.457975387573242,57.10667419433594,157.0
150522.118,3287.0,1840.0,1690.0,-744.9969482421875,0.0,-36.23957061767578,-781.0,0.0,-1.0,3287.0,82.17500305175781,18.52370834350586,49.33639907836914,150.0
150532.118,3289.0,1875.0,1733.0,-784.4609985351562,0.0,-26.397947311401367,-810.0,0.0,-5.0,3289.0,82.2249984741211,18.589462280273438,42.91105270385742,143.0
150542.118,3288.0,1931.0,1793.0,-822.8427124023438,0.0,-33.69657516479492,-856.0,0.0,-7.0,3288.0,82.20000457763672,18.655235290527344,36.64824676513672,137.0
150552.118,3286.0,1971.0,1837.0,-860.5708618164062,0.0,-21.847518920898438,-882.0,0.0,-10.0,3286.0,82.1500015258789,18.720985412597656,31.012744903564453,131.0
150562.119,3285.0,2002.0,1873.0,-899.7064819335938,0.0,-13.510322570800781,-913.0,0.0,-7.0,3285.0,82.125,18.79326057434082,26.04009437561035,126.0
150571.209,3284.0,2000.0,1880.0,-925.5888061523438,0.0,-5.0782270431518555,-930.0,0.0,-8.0,3284.0,82.0999984741211,18.84581184387207,22.83806610107422,123.0
150581.21,3283.0,1997.0,1878.0,-953.7527465820312,0.0,-1.0745069980621338,-954.0,0.0,-4.0,3283.0,82.07500457763672,18.91149139404297,19.383407592773438,120.0
150591.21,3280.0,1984.0,1872.0,-977.81494140625,0.0,2.942462205886841,-974.0,0.0,-3.0,3280.0,82.0,18.977109909057617,15.972498893737793,116.0
150601.21,3278.0,1969.0,1852.0,-997.44482421875,0.0,11.188591957092285,-986.0,0.0,-8.0,3278.0,81.95000457763672,19.04269027709961,13.262606620788574,114.0
150611.21,3279.0,1943.0,1832.0,-1012.59228515625,0.0,11.010353088378906,-1001.0,0.0,-7.0,3279.0,81.9749984741211,19.108272552490234,11.631668090820312,112.0
150621.21,3280.0,1915.0,1805.0,-1023.6168212890625,0.0,14.908330917358398,-1008.0,0.0,-5.0,3280.0,82.0,19.173864364624023,10.247507095336914,111.0
150631.209,3280.0,1877.0,1768.0,-1030.162841796875,0.0,18.580020904541016,-1011.0,0.0,-7.0,3280.0,82.0,19.239469528198242,8.81009578704834,110.0
150641.209,3281.0,1842.0,1734.0,-1032.80126953125,0.0,16.616355895996094,-1016.0,0.0,-9.0,3281.0,82.0250015258789,19.305086135864258,7.81074857711792,109.0
150651.21,3281.0,1809.0,1699.0,-1032.2833251953125,0.0,18.494651794433594,-1013.0,0.0,-5.0,3281.0,82.0250015258789,19.370712280273438,6.715139389038086,108.0
150661.21,3281.0,1781.0,1675.0,-1029.34765625,0.0,12.701111793518066,-1016.0,0.0,-7.0,3281.0,82.0250015258789,19.436336517333984,5.773210525512695,107.0
150671.21,3282.0,1766.0,1659.0,-1025.2950439453125,0.0,10.233255386352539,-1015.0,0.0,-8.0,3282.0,82.05000305175781,19.501977920532227,5.192806243896484,106.0
150681.21,3282.0,1751.0,1645.0,-1020.4146728515625,0.0,7.209534168243408,-1013.0,0.0,-6.0,3282.0,82.05000305175781,19.5676212310791,4.464414596557617,106.0
150691.209,3282.0,1733.0,1633.0,-1015.1309204101562,0.0,5.276147365570068,-1009.0,0.0,-6.0,3282.0,82.05000305175781,19.63326644897461,3.83819317817688,105.0
150699.119,3282.0,1725.0,1621.0,-1009.5311279296875,0.0,4.9336066246032715,-1004.0,0.0,-4.0,3282.0,82.05000305175781,19.698911666870117,3.299811840057373,105.0
150711.21,3282.0,1718.0,1615.0,-1003.9471435546875,0.0,1.4107273817062378,-1002.0,0.0,-7.0,3282.0,82.05000305175781,19.764554977416992,2.836949110031128,104.0
150721.21,3283.0,1717.0,1612.0,-998.8661499023438,0.0,1.1621655225753784,-997.0,0.0,-8.0,3283.0,82.07500457763672,19.83021354675293,2.671905279159546,104.0
150731.209,3283.0,1721.0,1617.0,-994.7233276367188,0.0,-1.3377834558486938,-996.0,0.0,-8.0,3283.0,82.07500457763672,19.895877838134766,2.2971184253692627,104.0
150741.21,3283.0,1726.0,1625.0,-991.59765625,0.0,-4.097066879272461,-995.0,0.0,-6.0,3283.0,82.07500457763672,19.9615421295166,1.9749031066894531,104.0
150751.209,3283.0,1740.0,1636.0,-989.77001953125,0.0,-5.433913707733154,-995.0,0.0,-6.0,3283.0,82.07500457763672,20.02721405029297,1.6830923557281494,103.0
150761.21,3284.0,1753.0,1649.0,-989.3031005859375,0.0,-5.522132396697998,-994.0,0.0,-9.0,3284.0,82.0999984741211,20.0928955078125,1.6730165481567383,103.0
150771.209,3284.0,1769.0,1665.0,-990.0244750976562,0.0,-8.21049976348877,-998.0,0.0,-9.0,3284.0,82.0999984741211,20.158578872680664,1.4383435249328613,103.0
150779.119,3284.0,1791.0,1690.0,-992.2695922851562,0.0,-14.498133659362793,-1006.0,0.0,-10.0,3284.0,82.0999984741211,20.224260330200195,1.2403556108474731,103.0
150791.21,3284.0,1818.0,1716.0,-996.3668823242188,0.0,-14.924582481384277,-1011.0,0.0,-6.0,3284.0,82.0999984741211,20.28994369506836,1.0663716793060303,103.0
150801.21,3284.0,1856.0,1748.0,-1002.5618896484375,0.0,-15.32563591003418,-1017.0,0.0,-6.0,3284.0,82.0999984741211,20.355627059936523,0.9167923927307129,103.0
150811.209,3284.0,1886.0,1785.0,-1010.9190673828125,0.0,-16.897907257080078,-1027.0,0.0,-7.0,3284.0,82.0999984741211,20.42131233215332,0.7881944179534912,103.0
150821.21,3284.0,1923.0,1819.0,-1021.0328979492188,0.0,-15.83891773223877,-1036.0,0.0,-7.0,3284.0,82.0999984741211,20.486995697021484,0.6776348948478699,103.0
150831.209,3284.0,1943.0,1839.0,-1031.7587890625,0.0,-11.50175666809082,-1043.0,0.0,-12.0,3284.0,82.0999984741211,20.55267906188965,0.582583487033844,103.0
150839.119,3284.0,1963.0,1855.0,-1042.6246337890625,0.0,-7.5445556640625,-1050.0,0.0,-8.0,3284.0,82.0999984741211,20.618362426757812,0.5008648037910461,103.0
150851.21,3283.0,1974.0,1869.0,-1053.3775634765625,0.0,-4.333208084106445,-1057.0,0.0,-7.0,3283.0,82.07500457763672,20.684032440185547,0.1977153867483139,102.0
150861.21,3283.0,1980.0,1879.0,-1063.5394287109375,0.0,-3.7883493900299072,-1067.0,0.0,-11.0,3283.0,82.07500457763672,20.749696731567383,0.1699819564819336,102.0
150871.209,3282.0,1980.0,1878.0,-1072.512939453125,0.0,0.8337023854255676,-1071.0,0.0,-6.0,3282.0,82.05000305175781,20.815340042114258,-0.07643094658851624,102.0
150881.21,3281.0,1974.0,1874.0,-1080.015380859375,0.0,2.9382283687591553,-1077.0,0.0,-8.0,3281.0,82.0250015258789,20.8809814453125,-0.3168847858905792,102.0
150891.209,3282.0,1961.0,1861.0,-1085.6307373046875,0.0,6.237943172454834,-1079.0,0.0,-10.0,3282.0,82.05000305175781,20.94662094116211,-0.039220456033945084,102.0
150901.209,3282.0,1942.0,1839.0,-1088.900390625,0.0,10.137336730957031,-1078.0,0.0,-9.0,3282.0,82.05000305175781,21.012264251708984,-0.033719029277563095,103.0
150911.21,3282.0,1923.0,1820.0,-1090.087890625,0.0,9.934679985046387,-1080.0,0.0,-12.0,3282.0,82.05000305175781,21.077909469604492,-0.028989277780056,103.0
150921.21,3282.0,1898.0,1794.0,-1089.1986083984375,0.0,13.305412292480469,-1075.0,0.0,-7.0,3282.0,82.05000305175781,21.1435546875,-0.024922968819737434,103.0
150931.21,3282.0,1874.0,1770.0,-1086.2249755859375,0.0,11.524832725524902,-1074.0,0.0,-10.0,3282.0,82.05000305175781,21.209197998046875,-0.021427037194371223,103.0
150941.209,3282.0,1853.0,1752.0,-1081.9483642578125,0.0,8.87429428100586,-1073.0,0.0,-9.0,3282.0,82.05000305175781,21.274843215942383,-0.018421480432152748,103.0
150951.21,3282.0,1840.0,1737.0,-1076.9312744140625,0.0,8.035842895507812,-1068.0,0.0,-8.0,3282.0,82.05000305175781,21.340486526489258,-0.01583750918507576,103.0
150961.209,3282.0,1830.0,1730.0,-1071.6650390625,0.0,3.2403981685638428,-1068.0,0.0,-9.0,3282.0,82.05000305175781,21.406131744384766,-0.013615990988910198,103.0
150969.119,3282.0,1825.0,1721.0,-1066.515625,0.0,4.71880578994751,-1061.0,0.0,-5.0,3282.0,82.05000305175781,21.471776962280273,-0.011706083081662655,103.0
150981.21,3282.0,1824.0,1724.0,-1061.81640625,0.0,-2.515577554702759,-1064.0,0.0,-9.0,3282.0,82.05000305175781,21.53742027282715,-0.010064076632261276,103.0
150991.21,3282.0,1828.0,1722.0,-1057.7623291015625,0.0,-0.19429273903369904,-1057.0,0.0,-9.0,3282.0,82.05000305175781,21.603065490722656,-0.008652394637465477,103.0
151001.209,3282.0,1832.0,1729.0,-1054.65380859375,0.0,-2.7943990230560303,-1057.0,0.0,-9.0,3282.0,82.05000305175781,21.668710708618164,-0.007438728120177984,103.0
151011.209,3282.0,1845.0,1738.0,-1052.7001953125,0.0,-3.351959466934204,-1056.0,0.0,-8.0,3282.0,82.05000305175781,21.73435401916504,-0.006395302247256041,103.0
151019.119,3282.0,1859.0,1756.0,-1052.2119140625,0.0,-8.072704315185547,-1060.0,0.0,-9.0,3282.0,82.05000305175781,21.799999237060547,-0.005498236045241356,103.0
151031.21,3282.0,1878.0,1777.0,-1053.271240234375,0.0,-11.726445198059082,-1064.0,0.0,-10.0,3282.0,82.05000305175781,21.865644454956055,-0.004727001767605543,103.0
151041.21,3282.0,1899.0,1799.0,-1056.002685546875,0.0,-12.213655471801758,-1068.0,0.0,-10.0,3282.0,82.05000305175781,21.93128776550293,-0.004063948057591915,103.0
151051.209,3282.0,1923.0,1819.0,-1060.3514404296875,0.0,-8.364079475402832,-1068.0,0.0,-8.0,3282.0,82.05000305175781,21.996932983398438,-0.0034939006436616182,104.0
151061.21,3282.0,1936.0,1833.0,-1065.283935546875,0.0,-8.47829818725586,-1073.0,0.0,-5.0,3282.0,82.05000305175781,22.062576293945312,-0.0030038130935281515,104.0
151071.21,3282.0,1948.0,1848.0,-1070.881591796875,0.0,-7.012802600860596,-1077.0,0.0,-6.0,3282.0,82.05000305175781,22.12822151184082,-0.0025824697222560644,104.0
151081.21,3282.0,1965.0,1856.0,-1076.6295166015625,0.0,-3.722393035888672,-1080.0,0.0,-6.0,3282.0,82.05000305175781,22.193866729736328,-0.0022202280815690756,104.0
151091.209,3282.0,1969.0,1863.0,-1082.3236083984375,0.0,-1.928726077079773,-1084.0,0.0,-7.0,3282.0,82.05000305175781,22.259510040283203,-0.001908798236399889,104.0
151099.119,3282.0,1965.0,1863.0,-1087.3594970703125,0.0,0.6341100931167603,-1086.0,0.0,-7.0,3282.0,82.05000305175781,22.32515525817871,-0.0016410521930083632,104.0
151111.21,3282.0,1965.0,1864.0,-1091.6182861328125,0.0,-1.5689033269882202,-1093.0,0.0,-12.0,3282.0,82.05000305175781,22.39080047607422,-0.0014108626637607813,104.0
151121.21,3282.0,1959.0,1855.0,-1094.7803955078125,0.0,2.3715622425079346,-1092.0,0.0,-7.0,3282.0,82.05000305175781,22.456443786621094,-0.0012129617389291525,104.0
151131.209,3282.0,1945.0,1839.0,-1096.4893798828125,0.0,6.737303733825684,-1089.0,0.0,-12.0,3282.0,82.05000305175781,22.5220890045166,-0.0010428202804178,104.0
151141.21,3282.0,1931.0,1826.0,-1096.856689453125,0.0,6.853335857391357,-1090.0,0.0,-7.0,3282.0,82.05000305175781,22.58773422241211,-0.0008965444867499173,104.0
151151.209,3282.0,1920.0,1814.0,-1096.22802734375,0.0,7.229546070098877,-1088.0,0.0,-9.0,3282.0,82.05000305175781,22.653377532958984,-0.0007707866607233882,104.0
151159.119,3282.0,1902.0,1798.0,-1094.29052734375,0.0,7.234460830688477,-1087.0,0.0,-8.0,3282.0,82.05000305175781,22.719022750854492,-0.0006626688409596682,104.0
151171.21,3282.0,1892.0,1787.0,-1091.5760498046875,0.0,5.366171360015869,-1086.0,0.0,-8.0,3282.0,82.05000305175781,22.78466796875,-0.0005697167362086475,104.0
151181.21,3282.0,1885.0,1781.0,-1088.5672607421875,0.0,3.46865177154541,-1085.0,0.0,-7.0,3282.0,82.05000305175781,22.850311279296875,-0.000489802856463939,104.0
151191.209,3282.0,1888.0,1778.0,-1085.7308349609375,0.0,3.239419460296631,-1082.0,0.0,-5.0,3282.0,82.05000305175781,22.915956497192383,-0.0004210984625387937,104.0
151201.21,3282.0,1890.0,1784.0,-1083.380859375,0.0,-2.559572219848633,-1085.0,0.0,-8.0,3282.0,82.05000305175781,22.981599807739258,-0.0003620312490966171,105.0
151211.209,3282.0,1897.0,1789.0,-1081.7581787109375,0.0,-3.073108673095703,-1084.0,0.0,-9.0,3282.0,82.05000305175781,23.047245025634766,-0.00031124934321269393,105.0
151221.209,3282.0,1906.0,1799.0,-1081.1427001953125,0.0,-3.7957065105438232,-1084.0,0.0,-7.0,3282.0,82.05000305175781,23.112890243530273,-0.0002675905707292259,105.0
151231.21,3282.0,1922.0,1814.0,-1081.6861572265625,0.0,-6.375370979309082,-1088.0,0.0,-8.0,3282.0,82.05000305175781,23.17853355407715,-0.0002300558116985485,105.0
151241.21,3282.0,1930.0,1826.0,-1083.16650390625,0.0,-7.1152825355529785,-1090.0,0.0,-6.0,3282.0,82.05000305175781,23.244178771972656,-0.00019778600835707039,105.0
151251.21,3282.0,1937.0,1832.0,-1085.04638671875,0.0,-4.8025383949279785,-1089.0,0.0,-8.0,3282.0,82.05000305175781,23.309823989868164,-0.00017004265100695193,105.0
151261.21,3282.0,1946.0,1843.0,-1087.637451171875,0.0,-4.771082878112793,-1092.0,0.0,-8.0,3282.0,82.05000305175781,23.37546730041504,-0.00014619086869060993,105.0
151271.21,3282.0,1952.0,1847.0,-1090.4664306640625,0.0,-1.4485692977905273,-1091.0,0.0,-6.0,3282.0,82.05000305175781,23.441112518310547,-0.00012568476086016744,105.0
151281.209,3282.0,1957.0,1851.0,-1093.2432861328125,0.0,-0.8390017747879028,-1094.0,0.0,-6.0,3282.0,82.05000305175781,23.506757736206055,-0.00010805502097355202,105.0
151289.119,3282.0,1957.0,1853.0,-1095.6435546875,0.0,-3.110121488571167,-1098.0,0.0,-6.0,3282.0,82.05000305175781,23.57240104675293,-9.289818990509957e-05,105.0
151301.21,3282.0,1953.0,1848.0,-1097.56103515625,0.0,0.8335999846458435,-1096.0,0.0,-11.0,3282.0,82.05000305175781,23.638046264648438,-7.986740820342675e-05,105.0
151311.21,3282.0,1948.0,1838.0,-1098.8668212890625,0.0,7.148959159851074,-1091.0,0.0,-8.0,3282.0,82.05000305175781,23.703691482543945,-6.866445619380102e-05,105.0
151321.209,3282.0,1941.0,1834.0,-1099.3919677734375,0.0,3.7732436656951904,-1095.0,0.0,-8.0,3282.0,82.05000305175781,23.76933479309082,-5.903293640585616e-05,105.0
151331.209,3282.0,1929.0,1827.0,-1099.145751953125,0.0,2.5158982276916504,-1096.0,0.0,-6.0,3282.0,82.05000305175781,23.834980010986328,-5.075241642771289e-05,105.0
151339.119,3282.0,1924.0,1818.0,-1098.253173828125,0.0,3.8521463871002197,-1094.0,0.0,-8.0,3282.0,82.05000305175781,23.900623321533203,-4.36334012192674e-05,105.0
151351.21,3282.0,1917.0,1815.0,-1097.1068115234375,0.0,1.4099353551864624,-1095.0,0.0,-10.0,3282.0,82.05000305175781,23.96626853942871,-3.751296389964409e-05,106.0
151361.21,3282.0,1916.0,1810.0,-1095.5721435546875,0.0,0.7660928964614868,-1094.0,0.0,-9.0,3282.0,82.05000305175781,24.03191375732422,-3.225104228476994e-05,106.0
151371.209,3282.0,1920.0,1815.0,-1094.34326171875,0.0,-3.8947806358337402,-1098.0,0.0,-13.0,3282.0,82.05000305175781,24.097557067871094,-2.7727206543204375e-05,106.0
151381.21,3282.0,1922.0,1816.0,-1093.5888671875,0.0,-1.2000008821487427,-1094.0,0.0,-8.0,3282.0,82.05000305175781,24.1632022857666,-2.3837927074055187e-05,106.0
151391.21,3282.0,1927.0,1821.0,-1093.2802734375,0.0,-1.9286082983016968,-1095.0,0.0,-10.0,3282.0,82.05000305175781,24.22884750366211,-2.0494193449849263e-05,106.0
151401.21,3282.0,1930.0,1826.0,-1093.375732421875,0.0,-2.9227840900421143,-1096.0,0.0,-8.0,3282.0,82.05000305175781,24.294490814208984,-1.761948260536883e-05,106.0
151411.209,3282.0,1935.0,1831.0,-1093.7806396484375,0.0,-3.7027671337127686,-1097.0,0.0,-6.0,3282.0,82.05000305175781,24.360136032104492,-1.5148008060350548e-05,106.0
151419.119,3282.0,1943.0,1835.0,-1094.586669921875,0.0,-3.0560874938964844,-1097.0,0.0,-4.0,3282.0,82.05000305175781,24.42578125,-1.3023206520301756e-05,106.0
151431.21,3282.0,1945.0,1839.0,-1095.617919921875,0.0,-2.594327688217163,-1098.0,0.0,-9.0,3282.0,82.05000305175781,24.491424560546875,-1.1196450032002758e-05,106.0
151441.21,3282.0,1947.0,1841.0,-1096.8546142578125,0.0,-0.5900973677635193,-1097.0,0.0,-6.0,3282.0,82.05000305175781,24.557069778442383,-9.625930943002459e-06,106.0
151451.209,3282.0,1944.0,1838.0,-1097.8643798828125,0.0,2.465703248977661,-1095.0,0.0,-6.0,3282.0,82.05000305175781,24.62271499633789,-8.275707841676194e-06,106.0
151461.21,3282.0,1946.0,1838.0,-1098.6478271484375,0.0,1.1940312385559082,-1097.0,0.0,-10.0,3282.0,82.05000305175781,24.688358306884766,-7.114879736036528e-06,106.0
151471.209,3282.0,1941.0,1835.0,-1099.0423583984375,0.0,1.0445984601974487,-1097.0,0.0,-7.0,3282.0,82.05000305175781,24.754003524780273,-6.116879831097322e-06,106.0
151479.119,3282.0,1937.0,1827.0,-1098.9581298828125,0.0,4.403811454772949,-1094.0,0.0,-7.0,3282.0,82.05000305175781,24.81964683532715,-5.258867986412952e-06,106.0
151491.21,3282.0,1930.0,1825.0,-1098.5927734375,0.0,2.546076536178589,-1096.0,0.0,-13.0,3282.0,82.05000305175781,24.885292053222656,-4.521210030361544e-06,106.0
151501.21,3282.0,1929.0,1822.0,-1097.9580078125,0.0,1.557236671447754,-1096.0,0.0,-7.0,3282.0,82.05000305175781,24.950937271118164,-3.887022103299387e-06,107.0
151511.209,3282.0,1928.0,1820.0,-1097.2286376953125,0.0,1.4625356197357178,-1095.0,0.0,-7.0,3282.0,82.05000305175781,25.01658058166504,-3.341791625643964e-06,107.0
151521.21,3282.0,1926.0,1822.0,-1096.5257568359375,0.0,-2.3325016498565674,-1098.0,0.0,-11.0,3282.0,82.05000305175781,25.082225799560547,-2.8730405574606266e-06,107.0
151531.209,3282.0,1926.0,1823.0,-1095.8997802734375,0.0,-3.413761854171753,-1099.0,0.0,-6.0,3282.0,82.05000305175781,25.147871017456055,-2.470040953994612e-06,107.0
151541.209,3282.0,1930.0,1826.0,-1095.5521240234375,0.0,-3.8323566913604736,-1099.0,0.0,-7.0,3282.0,82.05000305175781,25.21351432800293,-2.1235696294752415e-06,107.0
151551.21,3282.0,1937.0,1830.0,-1095.58154296875,0.0,-4.077206134796143,-1099.0,0.0,-6.0,3282.0,82.05000305175781,25.279159545898438,-1.8256978364661336e-06,107.0
151561.21,3282.0,1936.0,1829.0,-1095.76220703125,0.0,-1.0021729469299316,-1096.0,0.0,-8.0,3282.0,82.05000305175781,25.344804763793945,-1.5696081163696363e-06,107.0
151571.21,3282.0,1939.0,1833.0,-1096.2708740234375,0.0,-1.1640276908874512,-1097.0,0.0,-9.0,3282.0,82.05000305175781,25.41044807434082,-1.349440026388038e-06,107.0
151581.21,3282.0,1941.0,1829.0,-1096.7066650390625,0.0,3.9159183502197266,-1092.0,0.0,-6.0,3282.0,82.05000305175781,25.476093292236328,-1.1601549658735166e-06,107.0
151591.21,3282.0,1939.0,1833.0,-1097.0469970703125,0.0,-1.4015368223190308,-1098.0,0.0,-8.0,3282.0,82.05000305175781,25.541736602783203,-9.974206705010147e-07,107.0
151601.209,3282.0,1939.0,1831.0,-1097.33251953125,0.0,0.96014004945755,-1096.0,0.0,-15.0,3282.0,82.05000305175781,25.60738182067871,-8.575129868404474e-07,107.0
151609.119,3282.0,1937.0,1830.0,-1097.575927734375,0.0,1.831276297569275,-1095.0,0.0,-10.0,3282.0,82.05000305175781,25.67302703857422,-7.372301524810609e-07,107.0
151621.21,3282.0,1937.0,1833.0,-1097.781005859375,0.0,-1.1910998821258545,-1098.0,0.0,-8.0,3282.0,82.05000305175781,25.738670349121094,-6.338192406474263e-07,107.0
151631.21,3282.0,1934.0,1826.0,-1097.62744140625,0.0,2.9004080295562744,-1094.0,0.0,-7.0,3282.0,82.05000305175781,25.8043155670166,-5.449137461255305e-07,107.0
151641.209,3282.0,1930.0,1823.0,-1097.2327880859375,0.0,2.3628761768341064,-1094.0,0.0,-9.0,3282.0,82.05000305175781,25.86996078491211,-4.684789871589601e-07,107.0
151651.209,3282.0,1933.0,1820.0,-1096.7913818359375,0.0,4.160223007202148,-1092.0,0.0,-7.0,3282.0,82.05000305175781,25.935604095458984,-4.0276569279740215e-07,107.0
151659.119,3282.0,1930.0,1821.0,-1096.3214111328125,0.0,1.853116750717163,-1094.0,0.0,-7.0,3282.0,82.05000305175781,26.001249313354492,-3.4626995670805627e-07,108.0
151671.21,3282.0,1933.0,1825.0,-1095.93603515625,0.0,-2.6157114505767822,-1098.0,0.0,-7.0,3282.0,82.05000305175781,26.06689453125,-2.976988469072239e-07,108.0
151681.21,3282.0,1934.0,1822.0,-1095.7369384765625,0.0,2.3726999759674072,-1093.0,0.0,-7.0,3282.0,82.05000305175781,26.132537841796875,-2.5594081876079144e-07,108.0
151691.209,3282.0,1937.0,1825.0,-1095.6419677734375,0.0,-0.05834580212831497,-1095.0,0.0,-6.0,3282.0,82.05000305175781,26.198183059692383,-2.2004013544574264e-07,108.0
151701.21,3282.0,1935.0,1826.0,-1095.74462890625,0.0,1.1159727573394775,-1094.0,0.0,-5.0,3282.0,82.05000305175781,26.26382827758789,-1.8917525324013695e-07,108.0
151711.21,3282.0,1936.0,1829.0,-1095.9345703125,0.0,-0.8370847702026367,-1096.0,0.0,-7.0,3282.0,82.05000305175781,26.329471588134766,-1.62639736345227e-07,108.0
151721.21,3282.0,1938.0,1830.0,-1096.0928955078125,0.0,-1.3795230388641357,-1097.0,0.0,-10.0,3282.0,82.05000305175781,26.395116806030273,-1.3982635493903217e-07,108.0
151731.209,3282.0,1935.0,1830.0,-1096.228271484375,0.0,-1.5020874738693237,-1097.0,0.0,-5.0,3282.0,82.05000305175781,26.46076011657715,-1.2021300221931597e-07,108.0
151739.119,3282.0,1938.0,1828.0,-1096.3746337890625,0.0,0.8267033696174622,-1095.0,0.0,-6.0,3282.0,82.05000305175781,26.526405334472656,-1.033507999181893e-07,108.0
151751.21,3282.0,1934.0,1826.0,-1096.4749755859375,0.0,2.811239719390869,-1093.0,0.0,-9.0,3282.0,82.05000305175781,26.592050552368164,-8.885385227586085e-08,108.0
151761.21,3282.0,1934.0,1826.0,-1096.4447021484375,0.0,1.402534008026123,-1095.0,0.0,-7.0,3282.0,82.05000305175781,26.65769386291504,-7.639037136186744e-08,108.0
151771.209,3282.0,1935.0,1824.0,-1096.29736328125,0.0,1.6386218070983887,-1094.0,0.0,-9.0,3282.0,82.05000305175781,26.723339080810547,-6.567513821664761e-08,108.0
151781.21,3282.0,1935.0,1827.0,-1096.0469970703125,0.0,-3.390002489089966,-1099.0,0.0,-10.0,3282.0,82.05000305175781,26.788984298706055,-5.646292322580848e-08,108.0
151791.209,3282.0,1936.0,1827.0,-1095.854248046875,0.0,-2.3588759899139404,-1098.0,0.0,-7.0,3282.0,82.05000305175781,26.85462760925293,-4.854290125422267e-08,108.0
151799.119,3282.0,1931.0,1827.0,-1095.735595703125,0.0,-2.2794089317321777,-1098.0,0.0,-7.0,3282.0,82.05000305175781,26.920272827148438,-4.1733812849997776e-08,108.0
151811.21,3282.0,1936.0,1824.0,-1095.5792236328125,0.0,0.14195328950881958,-1095.0,0.0,-6.0,3282.0,82.05000305175781,26.985918045043945,-3.587983599118161e-08,109.0
151821.21,3282.0,1934.0,1825.0,-1095.472900390625,0.0,-0.5779590606689453,-1096.0,0.0,-12.0,3282.0,82.05000305175781,27.05156135559082,-3.084699073951924e-08,109.0
151831.209,3282.0,1936.0,1826.0,-1095.4654541015625,0.0,-0.555841326713562,-1096.0,0.0,-7.0,3282.0,82.05000305175781,27.117206573486328,-2.6520098117543967e-08,109.0
151841.21,3282.0,1935.0,1826.0,-1095.43603515625,0.0,-0.3370998501777649,-1095.0,0.0,-8.0,3282.0,82.05000305175781,27.182851791381836,-2.2800140442313932e-08,109.0
151851.209,3282.0,1933.0,1825.0,-1095.4417724609375,0.0,0.8751583099365234,-1094.0,0.0,-6.0,3282.0,82.05000305175781,27.24849510192871,-1.9601978706873524e-08,109.0
151861.209,3282.0,1938.0,1830.0,-1095.542236328125,0.0,-3.485966205596924,-1099.0,0.0,-9.0,3282.0,82.05000305175781,27.31414031982422,-1.6852421680368934e-08,109.0
151871.21,3282.0,1934.0,1826.0,-1095.568115234375,0.0,0.5643700361251831,-1095.0,0.0,-8.0,3282.0,82.05000305175781,27.379783630371094,-1.4488541033585989e-08,109.0
151881.21,3282.0,1936.0,1826.0,-1095.6092529296875,0.0,1.0083708763122559,-1094.0,0.0,-7.0,3282.0,82.05000305175781,27.4454288482666,-1.2456241371694432e-08,109.0
151891.21,3282.0,1935.0,1825.0,-1095.5926513671875,0.0,1.4473493099212646,-1094.0,0.0,-10.0,3282.0,82.05000305175781,27.51107406616211,-1.0709011455389827e-08,109.0
151901.21,3282.0,1935.0,1823.0,-1095.511474609375,0.0,2.8726706504821777,-1092.0,0.0,-9.0,3282.0,82.05000305175781,27.576717376708984,-9.206864604038856e-09,109.0
151911.21,3282.0,1933.0,1826.0,-1095.4735107421875,0.0,-0.7227540016174316,-1096.0,0.0,-8.0,3282.0,82.05000305175781,27.642362594604492,-7.915423871907024e-09,109.0
151921.209,3282.0,1935.0,1827.0,-1095.36669921875,0.0,-2.5927817821502686,-1097.0,0.0,-8.0,3282.0,82.05000305175781,27.7080078125,-6.80513201345434e-09,109.0
151929.119,3282.0,1934.0,1827.0,-1095.3572998046875,0.0,-1.8668314218521118,-1097.0,0.0,-5.0,3282.0,82.05000305175781,27.773651123046875,-5.850579576360815e-09,109.0
151941.21,3282.0,1932.0,1828.0,-1095.3853759765625,0.0,-2.1117639541625977,-1097.0,0.0,-7.0,3282.0,82.05000305175781,27.839296340942383,-5.029921812393923e-09,109.0
151951.21,3282.0,1933.0,1827.0,-1095.400634765625,0.0,-1.01610267162323,-1096.0,0.0,-12.0,3282.0,82.05000305175781,27.90494155883789,-4.324377744779895e-09,109.0
151961.209,3282.0,1936.0,1826.0,-1095.351806640625,0.0,-1.164678692817688,-1096.0,0.0,-8.0,3282.0,82.05000305175781,27.970584869384766,-3.717799623714768e-09,110.0
151971.209,3282.0,1936.0,1827.0,-1095.3056640625,0.0,-1.870617151260376,-1097.0,0.0,-6.0,3282.0,82.05000305175781,28.036230087280273,-3.1963061086770495e-09,110.0
151979.119,3282.0,1936.0,1825.0,-1095.2127685546875,0.0,-0.3614022433757782,-1095.0,0.0,-7.0,3282.0,82.05000305175781,28.10187530517578,-2.7479620801074134e-09,110.0
151991.21,3282.0,1936.0,1828.0,-1095.1875,0.0,-2.9444820880889893,-1098.0,0.0,-8.0,3282.0,82.05000305175781,28.167518615722656,-2.362507078856879e-09,110.0
152001.21,3282.0,1935.0,1824.0,-1095.192138671875,0.0,1.1479218006134033,-1094.0,0.0,-6.0,3282.0,82.05000305175781,28.233163833618164,-2.0311190507271704e-09,110.0
152011.209,3282.0,1935.0,1827.0,-1095.118408203125,0.0,-2.4533932209014893,-1097.0,0.0,-10.0,3282.0,82.05000305175781,28.29880714416504,-1.7462149504154922e-09,110.0
152021.21,3282.0,1932.0,1822.0,-1095.0413818359375,0.0,2.5271432399749756,-1092.0,0.0,-10.0,3282.0,82.05000305175781,28.364452362060547,-1.5012744380982213e-09,110.0
152031.21,3282.0,1936.0,1826.0,-1095.0350341796875,0.0,-1.4567885398864746,-1096.0,0.0,-5.0,3282.0,82.05000305175781,28.430097579956055,-1.2906915536348151e-09,110.0
152041.21,3282.0,1934.0,1827.0,-1094.90576171875,0.0,-3.7727248668670654,-1098.0,0.0,-11.0,3282.0,82.05000305175781,28.49574089050293,-1.109647040919981e-09,110.0
152051.209,3282.0,1937.0,1825.0,-1094.9625244140625,0.0,0.6839117407798767,-1094.0,0.0,-9.0,3282.0,82.05000305175781,28.561386108398438,-9.539976586481203e-10,110.0
152059.119,3282.0,1935.0,1825.0,-1095.0333251953125,0.0,0.5484225153923035,-1094.0,0.0,-5.0,3282.0,82.05000305175781,28.627031326293945,-8.201808676666644e-10,110.0
152071.21,3282.0,1936.0,1828.0,-1095.120849609375,0.0,-2.4091391563415527,-1097.0,0.0,-7.0,3282.0,82.05000305175781,28.69267463684082,-7.051346173625461e-10,110.0
152081.21,3282.0,1937.0,1824.0,-1095.1046142578125,0.0,1.5579229593276978,-1093.0,0.0,-7.0,3282.0,82.05000305175781,28.758319854736328,-6.062259028105643e-10,110.0
152091.209,3282.0,1936.0,1825.0,-1095.046875,0.0,-0.6383652687072754,-1095.0,0.0,-7.0,3282.0,82.05000305175781,28.823965072631836,-5.211909237523571e-10,110.0
152101.21,3282.0,1935.0,1825.0,-1095.0059814453125,0.0,-0.5109425783157349,-1095.0,0.0,-7.0,3282.0,82.05000305175781,28.88960838317871,-4.480837645370883e-10,110.0
152111.209,3282.0,1933.0,1825.0,-1094.913330078125,0.0,-1.1225870847702026,-1096.0,0.0,-6.0,3282.0,82.05000305175781,28.95525360107422,-3.8523131906664787e-10,111.0
152119.119,3282.0,1937.0,1821.0,-1094.780029296875,0.0,2.4676787853240967,-1092.0,0.0,-9.0,3282.0,82.05000305175781,29.020896911621094,-3.311951546347558e-10,111.0
152131.21,3282.0,1936.0,1825.0,-1094.6187744140625,0.0,-2.4903390407562256,-1097.0,0.0,-5.0,3282.0,82.05000305175781,29.0865421295166,-2.8473864932543336e-10,111.0
152141.21,3282.0,1937.0,1826.0,-1094.6253662109375,0.0,-1.5157732963562012,-1096.0,0.0,-6.0,3282.0,82.05000305175781,29.15218734741211,-2.4479854254799704e-10,111.0
152151.209,3282.0,1936.0,1826.0,-1094.59423828125,0.0,-2.1939003467559814,-1096.0,0.0,-11.0,3282.0,82.05000305175781,29.217830657958984,-2.1046077380848516e-10,111.0
152161.21,3282.0,1937.0,1826.0,-1094.626708984375,0.0,-1.6213635206222534,-1096.0,0.0,-7.0,3282.0,82.05000305175781,29.283475875854492,-1.8093955500564363e-10,111.0
152171.209,3282.0,1934.0,1821.0,-1094.57421875,0.0,2.8891615867614746,-1091.0,0.0,-10.0,3282.0,82.05000305175781,29.34912109375,-1.555592599178368e-10,111.0
152181.209,3282.0,1937.0,1825.0,-1094.4849853515625,0.0,-1.7465709447860718,-1096.0,0.0,-8.0,3282.0,82.05000305175781,29.414764404296875,-1.3373903373636864e-10,111.0
152191.21,3282.0,1934.0,1822.0,-1094.52978515625,0.0,2.705186128616333,-1091.0,0.0,-9.0,3282.0,82.05000305175781,29.480409622192383,-1.1497953283923223e-10,111.0
152201.21,3282.0,1935.0,1824.0,-1094.5225830078125,0.0,0.49416372179985046,-1094.0,0.0,-7.0,3282.0,82.05000305175781,29.54605484008789,-9.885140622722943e-11,111.0
152211.21,3282.0,1934.0,1827.0,-1094.54736328125,0.0,-2.97483229637146,-1097.0,0.0,-6.0,3282.0,82.05000305175781,29.611698150634766,-8.498557413361141e-11,111.0
152221.21,3282.0,1938.0,1823.0,-1094.584228515625,0.0,1.7974034547805786,-1092.0,0.0,-7.0,3282.0,82.05000305175781,29.677343368530273,-7.306469318457687e-11,111.0
152231.21,3282.0,1933.0,1825.0,-1094.517822265625,0.0,-1.470188856124878,-1095.0,0.0,-7.0,3282.0,82.05000305175781,29.74298858642578,-6.28159538273998e-11,111.0
152241.209,3282.0,1934.0,1821.0,-1094.4512939453125,0.0,3.132917642593384,-1091.0,0.0,-10.0,3282.0,82.05000305175781,29.808631896972656,-5.400479369255251e-11,111.0
152249.119,3282.0,1937.0,1822.0,-1094.411376953125,0.0,2.1166915893554688,-1092.0,0.0,-4.0,3282.0,82.05000305175781,29.874277114868164,-4.642957199263442e-11,111.0
152261.21,3282.0,1934.0,1825.0,-1094.3372802734375,0.0,-1.6294643878936768,-1095.0,0.0,-7.0,3282.0,82.05000305175781,29.93992042541504,-3.9916920463456407e-11,111.0
152271.21,3282.0,1936.0,1824.0,-1094.3138427734375,0.0,-0.1605336219072342,-1094.0,0.0,-8.0,3282.0,82.05000305175781,30.005565643310547,-3.431779513340949e-11,112.0
152281.209,3282.0,1936.0,1824.0,-1094.2608642578125,0.0,-0.5634167194366455,-1094.0,0.0,-13.0,3282.0,82.05000305175781,30.071210861206055,-2.950405891821717e-11,112.0
152291.209,3282.0,1938.0,1823.0,-1094.1116943359375,0.0,-1.053231954574585,-1095.0,0.0,-9.0,3282.0,82.05000305175781,30.13685417175293,-2.5365541264643632e-11,112.0
152299.119,3282.0,1934.0,1822.0,-1094.0186767578125,0.0,0.7069875001907349,-1093.0,0.0,-8.0,3282.0,82.05000305175781,30.202499389648438,-2.1807531475070974e-11,112.0
152311.21,3282.0,1933.0,1823.0,-1093.971435546875,0.0,-0.1874471753835678,-1094.0,0.0,-8.0,3282.0,82.05000305175781,30.268144607543945,-1.8748599894813367e-11,112.0
152321.21,3282.0,1935.0,1824.0,-1093.9306640625,0.0,-1.4474091529846191,-1095.0,0.0,-5.0,3282.0,82.05000305175781,30.33378791809082,-1.6118743492721244e-11,112.0
152331.209,3282.0,1936.0,1822.0,-1093.870849609375,0.0,0.6858586668968201,-1093.0,0.0,-7.0,3282.0,82.05000305175781,30.399433135986328,-1.3857776037795588e-11,112.0
152341.21,3282.0,1935.0,1824.0,-1093.878173828125,0.0,-0.9564275741577148,-1094.0,0.0,-9.0,3282.0,82.05000305175781,30.465078353881836,-1.1913952463471489e-11,112.0
152351.21,3282.0,1935.0,1821.0,-1093.8502197265625,0.0,2.2840657234191895,-1091.0,0.0,-12.0,3282.0,82.05000305175781,30.53072166442871,-1.0242789255654472e-11,112.0
152361.21,3282.0,1933.0,1822.0,-1093.7093505859375,0.0,-0.38538679480552673,-1094.0,0.0,-8.0,3282.0,82.05000305175781,30.59636688232422,-8.806038363784463e-12,112.0
152371.209,3282.0,1934.0,1821.0,-1093.7117919921875,0.0,1.8537569046020508,-1091.0,0.0,-5.0,3282.0,82.05000305175781,30.662012100219727,-7.570820706459536e-12,112.0
152379.119,3282.0,1936.0,1822.0,-1093.6756591796875,0.0,0.7272763848304749,-1092.0,0.0,-6.0,3282.0,82.05000305175781,30.7276554107666,-6.508866362553434e-12,112.0
152391.21,3282.0,1934.0,1826.0,-1093.730712890625,0.0,-2.6913838386535645,-1096.0,0.0,-8.0,3282.0,82.05000305175781,30.79330062866211,-5.595871422486853e-12,112.0
152401.21,3282.0,1936.0,1824.0,-1093.7230224609375,0.0,-1.3869678974151611,-1095.0,0.0,-6.0,3282.0,82.05000305175781,30.858943939208984,-4.810941141991654e-12,112.0
152411.209,3282.0,1934.0,1823.0,-1093.8016357421875,0.0,0.9397050142288208,-1092.0,0.0,-7.0,3282.0,82.05000305175781,30.924589157104492,-4.136112893154964e-12,112.0
152421.21,3282.0,1934.0,1819.0,-1093.62353515625,0.0,2.436768054962158,-1091.0,0.0,-10.0,3282.0,82.05000305175781,30.990234375,-3.5559430833914663e-12,113.0
152431.209,3282.0,1936.0,1820.0,-1093.50390625,0.0,1.3677231073379517,-1092.0,0.0,-6.0,3282.0,82.05000305175781,31.055877685546875,-3.0571530550138615e-12,113.0
152439.119,3282.0,1935.0,1823.0,-1093.3685302734375,0.0,-2.498704195022583,-1095.0,0.0,-3.0,3282.0,82.05000305175781,31.121522903442383,-2.6283278938693533e-12,113.0
152451.21,3282.0,1936.0,1821.0,-1093.2677001953125,0.0,-0.07295151054859161,-1093.0,0.0,-7.0,3282.0,82.05000305175781,31.18716812133789,-2.259653835573472e-12,113.0
152461.21,3282.0,1933.0,1822.0,-1093.2254638671875,0.0,-0.37463951110839844,-1093.0,0.0,-7.0,3282.0,82.05000305175781,31.252811431884766,-1.942693618819935e-12,113.0
152471.209,3282.0,1936.0,1821.0,-1093.203857421875,0.0,0.8660557270050049,-1092.0,0.0,-10.0,3282.0,82.05000305175781,31.318456649780273,-1.6701933889737286e-12,113.0
152481.21,3282.0,1931.0,1823.0,-1093.1878662109375,0.0,-1.2081172466278076,-1094.0,0.0,-8.0,3282.0,82.05000305175781,31.38410186767578,-1.4359162730376296e-12,113.0
152491.209,3282.0,1934.0,1825.0,-1093.1763916015625,0.0,-3.1757750511169434,-1096.0,0.0,-12.0,3282.0,82.05000305175781,31.449745178222656,-1.2345008912686972e-12,113.0
152501.209,3282.0,1937.0,1825.0,-1093.1634521484375,0.0,-3.6325840950012207,-1096.0,0.0,-8.0,3282.0,82.05000305175781,31.515390396118164,-1.0613380833912611e-12,113.0
152511.21,3282.0,1936.0,1821.0,-1093.118896484375,0.0,0.7465397715568542,-1092.0,0.0,-10.0,3282.0,82.05000305175781,31.581035614013672,-9.12464765204235e-13,113.0
152521.21,3282.0,1933.0,1821.0,-1093.09912109375,0.0,1.1181461811065674,-1091.0,0.0,-9.0,3282.0,82.05000305175781,31.646678924560547,-7.844738855906919e-13,113.0
152531.21,3282.0,1937.0,1823.0,-1093.1036376953125,0.0,-1.3957138061523438,-1094.0,0.0,-8.0,3282.0,82.05000305175781,31.712324142456055,-6.744361471210103e-13,113.0
152541.21,3282.0,1934.0,1823.0,-1093.0750732421875,0.0,-1.8070471286773682,-1094.0,0.0,-10.0,3282.0,82.05000305175781,31.77796745300293,-5.798333818293755e-13,113.0
152551.21,3282.0,1935.0,1821.0,-1092.9990234375,0.0,-0.24692845344543457,-1093.0,0.0,-10.0,3282.0,82.05000305175781,31.843612670898438,-4.985004921874425e-13,113.0
152561.209,3282.0,1934.0,1821.0,-1092.923583984375,0.0,-0.742794394493103,-1093.0,0.0,-9.0,3282.0,82.05000305175781,31.909257888793945,-4.2857609280043396e-13,113.0
152569.119,3282.0,1934.0,1824.0,-1092.8990478515625,0.0,-2.8160898685455322,-1095.0,0.0,-14.0,3282.0,82.05000305175781,31.97490119934082,-3.6845995547186983e-13,114.0
152581.21,3282.0,1933.0,1821.0,-1092.821533203125,0.0,-0.45594921708106995,-1093.0,0.0,-7.0,3282.0,82.05000305175781,32.04054641723633,-3.1677630896002895e-13,114.0
152591.21,3282.0,1932.0,1819.0,-1092.7481689453125,0.0,1.7452902793884277,-1091.0,0.0,-9.0,3282.0,82.05000305175781,32.1061897277832,-2.7234223448462103e-13,114.0
152601.209,3282.0,1934.0,1822.0,-1092.7606201171875,0.0,-0.7858770489692688,-1093.0,0.0,-8.0,3282.0,82.05000305175781,32.171836853027344,-2.3414096724828914e-13,114.0
152611.209,3282.0,1936.0,1819.0,-1092.688232421875,0.0,1.988092303276062,-1090.0,0.0,-10.0,3282.0,82.05000305175781,32.23748016357422,-2.0129815240903237e-13,114.0
152619.119,3282.0,1936.0,1820.0,-1092.6744384765625,0.0,0.8342311978340149,-1091.0,0.0,-9.0,3282.0,82.05000305175781,32.303123474121094,-1.7306215325824797e-13,114.0
152631.21,3282.0,1935.0,1820.0,-1092.6500244140625,0.0,0.2164706289768219,-1092.0,0.0,-10.0,3282.0,82.05000305175781,32.368770599365234,-1.487868124061889e-13,114.0
152641.21,3282.0,1935.0,1820.0,-1092.683837890625,0.0,1.4024006128311157,-1091.0,0.0,-9.0,3282.0,82.05000305175781,32.43441390991211,-1.2791655755461928e-13,114.0
152651.209,3282.0,1933.0,1820.0,-1092.6319580078125,0.0,0.9890705347061157,-1091.0,0.0,-13.0,3282.0,82.05000305175781,32.500057220458984,-1.0997375698897777e-13,114.0
152661.21,3282.0,1935.0,1819.0,-1092.5673828125,0.0,1.5222136974334717,-1091.0,0.0,-9.0,3282.0,82.05000305175781,32.565704345703125,-9.454779624148979e-14,114.0
152671.21,3282.0,1934.0,1820.0,-1092.55517578125,0.0,0.8952585458755493,-1091.0,0.0,-10.0,3282.0,82.05000305175781,32.63134765625,-8.128562520347618e-14,114.0
152681.21,3282.0,1935.0,1823.0,-1092.5626220703125,0.0,-2.1868934631347656,-1094.0,0.0,-11.0,3282.0,82.05000305175781,32.696990966796875,-6.988373502927678e-14,114.0
152691.209,3282.0,1936.0,1820.0,-1092.4324951171875,0.0,-0.5864256024360657,-1093.0,0.0,-7.0,3282.0,82.05000305175781,32.762638092041016,-6.008118536102863e-14,114.0
152699.119,3282.0,1936.0,1823.0,-1092.4637451171875,0.0,-2.595733165740967,-1095.0,0.0,-7.0,3282.0,82.05000305175781,32.82826232910156,-5.165363782858555e-14,114.0
152711.21,3282.0,1934.0,1819.0,-1092.3555908203125,0.0,0.6339742541313171,-1091.0,0.0,-7.0,3282.0,82.05000305175781,32.89388656616211,-4.440820947733057e-14,114.0
152721.21,3282.0,1933.0,1822.0,-1092.4091796875,0.0,-0.7578649520874023,-1093.0,0.0,-7.0,3282.0,82.05000305175781,32.95951461791992,-3.817909530190455e-14,115.0
152731.209,3282.0,1935.0,1821.0,-1092.360595703125,0.0,-0.8543767333030701,-1093.0,0.0,-8.0,3282.0,82.05000305175781,33.02513885498047,-3.282373626915282e-14,115.0
152741.21,3282.0,1935.0,1820.0,-1092.234375,0.0,-0.9320025444030762,-1093.0,0.0,-6.0,3282.0,82.05000305175781,33.090763092041016,-2.8219568405673558e-14,115.0
152751.21,3282.0,1934.0,1818.0,-1092.166748046875,0.0,1.8108150959014893,-1090.0,0.0,-7.0,3282.0,82.05000305175781,33.15638732910156,-2.4261224200960128e-14,115.0
152761.209,3282.0,1932.0,1818.0,-1092.039306640625,0.0,0.5299050211906433,-1091.0,0.0,-6.0,3282.0,82.05000305175781,33.22201156616211,-2.085811686943547e-14,115.0
152771.209,3282.0,1937.0,1821.0,-1092.001953125,0.0,-1.5177160501480103,-1093.0,0.0,-9.0,3282.0,82.05000305175781,33.28763961791992,-1.7932358343467764e-14,115.0
152781.21,3282.0,1935.0,1820.0,-1092.0096435546875,0.0,0.002756026340648532,-1092.0,0.0,-7.0,3282.0,82.05000305175781,33.35326385498047,-1.5416995750774237e-14,115.0
152791.21,3282.0,1934.0,1819.0,-1091.9334716796875,0.0,0.2812769114971161,-1091.0,0.0,-6.0,3282.0,82.05000305175781,33.418888092041016,-1.3254462191160648e-14,115.0
152801.21,3282.0,1938.0,1820.0,-1091.8929443359375,0.0,-0.6365781426429749,-1092.0,0.0,-10.0,3282.0,82.05000305175781,33.48451232910156,-1.1395265529518927e-14,115.0
152811.209,3282.0,1933.0,1819.0,-1091.9228515625,0.0,0.9988810420036316,-1090.0,0.0,-8.0,3282.0,82.05000305175781,33.55013656616211,-9.796858453875543e-15,115.0
152819.119,3282.0,1935.0,1819.0,-1091.8568115234375,0.0,0.1594833880662918,-1091.0,0.0,-5.0,3282.0,82.05000305175781,33.61576461791992,-8.422658458271531e-15,115.0
152831.21,3282.0,1934.0,1819.0,-1091.876953125,0.0,1.0629748106002808,-1090.0,0.0,-8.0,3282.0,82.05000305175781,33.68138885498047,-7.241216056408286e-15,115.0
152841.21,3282.0,1934.0,1819.0,-1091.809326171875,0.0,-0.022742554545402527,-1091.0,0.0,-7.0,3282.0,82.05000305175781,33.747013092041016,-6.225494380125924e-15,115.0
152851.209,3282.0,1935.0,1820.0,-1091.837646484375,0.0,0.08254460990428925,-1091.0,0.0,-9.0,3282.0,82.05000305175781,33.81263732910156,-5.352247457219997e-15,115.0
152861.21,3282.0,1934.0,1819.0,-1091.8427734375,0.0,0.8568630218505859,-1090.0,0.0,-9.0,3282.0,82.05000305175781,33.87826156616211,-4.601490815849462e-15,115.0
152871.209,3282.0,1935.0,1820.0,-1091.8636474609375,0.0,-0.12097349017858505,-1091.0,0.0,-8.0,3282.0,82.05000305175781,33.94388961791992,-3.956041969162792e-15,115.0
152879.119,3282.0,1934.0,1819.0,-1091.773193359375,0.0,-0.23375765979290009,-1092.0,0.0,-8.0,3282.0,82.05000305175781,34.00951385498047,-3.4011305683840027e-15,116.0
152891.21,3282.0,1935.0,1817.0,-1091.669921875,0.0,1.6054481267929077,-1090.0,0.0,-6.0,3282.0,82.05000305175781,34.075138092041016,-2.9240557779854895e-15,116.0
152901.21,3282.0,1936.0,1818.0,-1091.5643310546875,0.0,0.032256513833999634,-1091.0,0.0,-7.0,3282.0,82.05000305175781,34.14076232910156,-2.513899978551855e-15,116.0
152911.209,3282.0,1935.0,1820.0,-1091.4427490234375,0.0,-2.1879351139068604,-1093.0,0.0,-9.0,3282.0,82.05000305175781,34.20638656616211,-2.1612767744781007e-15,116.0
152921.21,3282.0,1933.0,1817.0,-1091.4024658203125,0.0,1.694093942642212,-1089.0,0.0,-8.0,3282.0,82.05000305175781,34.27201461791992,-1.858115212326314e-15,116.0
152931.21,3282.0,1935.0,1819.0,-1091.4195556640625,0.0,0.15245796740055084,-1091.0,0.0,-9.0,3282.0,82.05000305175781,34.33763885498047,-1.5974784098958376e-15,116.0
152941.21,3282.0,1935.0,1818.0,-1091.506103515625,0.0,1.794191598892212,-1089.0,0.0,-10.0,3282.0,82.05000305175781,34.403263092041016,-1.3734010317765144e-15,116.0
152949.119,3282.0,1936.0,1823.0,-1091.5430908203125,0.0,-3.9208126068115234,-1095.0,0.0,-6.0,3282.0,82.05000305175781,34.46888732910156,-1.1807548228683117e-15,116.0
152961.21,3282.0,1936.0,1819.0,-1091.4378662109375,0.0,-1.1314603090286255,-1092.0,0.0,-6.0,3282.0,82.05000305175781,34.53451156616211,-1.0151310825598893e-15,116.0
152971.21,3282.0,1935.0,1816.0,-1091.4619140625,0.0,3.3628835678100586,-1088.0,0.0,-6.0,3282.0,82.05000305175781,34.60013961791992,-8.727393913518435e-16,116.0
152981.209,3282.0,1935.0,1817.0,-1091.4937744140625,0.0,2.6325747966766357,-1088.0,0.0,-9.0,3282.0,82.05000305175781,34.66576385498047,-7.503207370400541e-16,116.0
152991.21,3282.0,1934.0,1818.0,-1091.4390869140625,0.0,0.7700335383415222,-1090.0,0.0,-9.0,3282.0,82.05000305175781,34.731388092041016,-6.450736640305958e-16,116.0
153001.209,3282.0,1936.0,1819.0,-1091.36865234375,0.0,-0.5394698977470398,-1091.0,0.0,-9.0,3282.0,82.05000305175781,34.79701232910156,-5.54589581198392e-16,116.0
153009.119,3282.0,1934.0,1818.0,-1091.306396484375,0.0,0.36624473333358765,-1090.0,0.0,-12.0,3282.0,82.05000305175781,34.86263656616211,-4.767975988665242e-16,116.0
153021.21,3282.0,1934.0,1822.0,-1091.3218994140625,0.0,-3.3163559436798096,-1094.0,0.0,-9.0,3282.0,82.05000305175781,34.92826461791992,-4.099174655381008e-16,116.0
153031.21,3282.0,1934.0,1819.0,-1091.2237548828125,0.0,-1.3178287744522095,-1092.0,0.0,-10.0,3282.0,82.05000305175781,34.99388885498047,-3.5241859267743313e-16,117.0
153041.209,3282.0,1935.0,1818.0,-1091.1895751953125,0.0,0.3430562913417816,-1090.0,0.0,-10.0,3282.0,82.05000305175781,35.059513092041016,-3.029850351916229e-16,117.0
153051.21,3282.0,1935.0,1818.0,-1091.07373046875,0.0,-1.0735459327697754,-1092.0,0.0,-9.0,3282.0,82.05000305175781,35.12513732910156,-2.604854747004936e-16,117.0
153061.209,3282.0,1935.0,1818.0,-1091.0130615234375,0.0,0.14175643026828766,-1090.0,0.0,-3.0,3282.0,82.05000305175781,35.19076156616211,-2.239473056223605e-16,117.0
153069.119,3282.0,1936.0,1819.0,-1091.0325927734375,0.0,-0.6352764368057251,-1091.0,0.0,-7.0,3282.0,82.05000305175781,35.25638961791992,-1.925343476196059e-16,117.0
153081.21,3282.0,1936.0,1817.0,-1090.9237060546875,0.0,0.2913958728313446,-1090.0,0.0,-9.0,3282.0,82.05000305175781,35.32201385498047,-1.65527668243358e-16,117.0
153091.21,3282.0,1937.0,1819.0,-1090.9183349609375,0.0,-0.7232489585876465,-1091.0,0.0,-7.0,3282.0,82.05000305175781,35.387638092041016,-1.4230918490502735e-16,117.0
153101.209,3282.0,1934.0,1820.0,-1090.877685546875,0.0,-2.475935459136963,-1093.0,0.0,-8.0,3282.0,82.05000305175781,35.45326232910156,-1.2234755648377928e-16,117.0
153111.21,3282.0,1935.0,1816.0,-1090.80859375,0.0,1.7297391891479492,-1089.0,0.0,-5.0,3282.0,82.05000305175781,35.51888656616211,-1.051859278185783e-16,117.0
153121.21,3282.0,1933.0,1817.0,-1090.71435546875,0.0,-0.06362087279558182,-1090.0,0.0,-7.0,3282.0,82.05000305175781,35.58451461791992,-9.043156678947405e-17,117.0
153131.21,3282.0,1935.0,1818.0,-1090.742431640625,0.0,-0.09419173747301102,-1090.0,0.0,-7.0,3282.0,82.05000305175781,35.65013885498047,-7.774677194830808e-17,117.0
153141.209,3282.0,1936.0,1819.0,-1090.7852783203125,0.0,-0.5765638947486877,-1091.0,0.0,-7.0,3282.0,82.05000305175781,35.715763092041016,-6.684127569196816e-17,117.0
153149.119,3282.0,1934.0,1816.0,-1090.7940673828125,0.0,2.2921292781829834,-1088.0,0.0,-5.0,3282.0,82.05000305175781,35.78138732910156,-5.746548785114501e-17,117.0
153161.21,3282.0,1933.0,1816.0,-1090.7593994140625,0.0,1.625198483467102,-1089.0,0.0,-12.0,3282.0,82.05000305175781,35.84701156616211,-4.940483446621992e-17,117.0
153171.21,3282.0,1935.0,1817.0,-1090.7801513671875,0.0,1.0221037864685059,-1089.0,0.0,-4.0,3282.0,82.05000305175781,35.91263961791992,-4.2474844334426215e-17,117.0
153181.209,3282.0,1936.0,1817.0,-1090.77392578125,0.0,1.0663548707962036,-1089.0,0.0,-8.0,3282.0,82.05000305175781,35.97826385498047,-3.6516923771280323e-17,118.0
153191.21,3282.0,1934.0,1819.0,-1090.721435546875,0.0,-1.5053765773773193,-1092.0,0.0,-6.0,3282.0,82.05000305175781,36.043888092041016,-3.1394713707164106e-17,118.0
153201.209,3282.0,1934.0,1814.0,-1090.570556640625,0.0,2.421246290206909,-1088.0,0.0,-9.0,3282.0,82.05000305175781,36.10951232910156,-2.699099272311145e-17,118.0
153209.119,3282.0,1935.0,1817.0,-1090.5185546875,0.0,-0.06783466786146164,-1090.0,0.0,-9.0,3282.0,82.05000305175781,36.17513656616211,-2.320498044201134e-17,118.0
153221.21,3282.0,1934.0,1817.0,-1090.4814453125,0.0,-0.02948608063161373,-1090.0,0.0,-7.0,3282.0,82.05000305175781,36.24076461791992,-1.9950033003421302e-17,118.0
153231.21,3282.0,1937.0,1818.0,-1090.39013671875,0.0,-2.018451452255249,-1092.0,0.0,-6.0,3282.0,82.05000305175781,36.30638885498047,-1.7151656175736033e-17,118.0
153241.209,3282.0,1934.0,1816.0,-1090.379638671875,0.0,1.2328360080718994,-1089.0,0.0,-9.0,3282.0,82.05000305175781,36.372013092041016,-1.4745804672848002e-17,118.0
153251.209,3282.0,1936.0,1819.0,-1090.4033203125,0.0,-2.0161826610565186,-1092.0,0.0,-8.0,3282.0,82.05000305175781,36.43763732910156,-1.2677418871643843e-17,118.0
153259.119,3282.0,1934.0,1816.0,-1090.366455078125,0.0,1.1386332511901855,-1089.0,0.0,-9.0,3282.0,82.05000305175781,36.50326156616211,-1.0899165015931433e-17,118.0
153271.21,3282.0,1935.0,1818.0,-1090.395263671875,0.0,-0.28874513506889343,-1090.0,0.0,-11.0,3282.0,82.05000305175781,36.56888961791992,-9.370345819573163e-18,118.0
153281.21,3282.0,1934.0,1818.0,-1090.4117431640625,0.0,-0.3048136830329895,-1090.0,0.0,-7.0,3282.0,82.05000305175781,36.63451385498047,-8.055972369838653e-18,118.0
153291.209,3282.0,1934.0,1816.0,-1090.3291015625,0.0,0.2546360194683075,-1090.0,0.0,-6.0,3282.0,82.05000305175781,36.700138092041016,-6.925965898113637e-18,118.0
153301.21,3282.0,1934.0,1816.0,-1090.327392578125,0.0,1.2044936418533325,-1089.0,0.0,-10.0,3282.0,82.05000305175781,36.76576232910156,-5.954464602546645e-18,118.0
153311.21,3282.0,1932.0,1818.0,-1090.312255859375,0.0,-0.8054497838020325,-1091.0,0.0,-11.0,3282.0,82.05000305175781,36.83138656616211,-5.1192355226334764e-18,118.0
153321.21,3282.0,1935.0,1819.0,-1090.289794921875,0.0,-2.2358944416046143,-1092.0,0.0,-12.0,3282.0,82.05000305175781,36.89701461791992,-4.401163341598643e-18,118.0
153331.209,3282.0,1934.0,1817.0,-1090.2415771484375,0.0,-0.7578787207603455,-1090.0,0.0,-11.0,3282.0,82.05000305175781,36.96263885498047,-3.783814462212555e-18,119.0
153339.119,3282.0,1934.0,1814.0,-1090.143310546875,0.0,2.3609731197357178,-1087.0,0.0,-6.0,3282.0,82.05000305175781,37.028263092041016,-3.2530612599982643e-18,119.0
153351.21,3282.0,1936.0,1818.0,-1090.0079345703125,0.0,-3.161149740219116,-1093.0,0.0,-6.0,3282.0,82.05000305175781,37.09388732910156,-2.7967561740701247e-18,119.0
153361.21,3282.0,1937.0,1817.0,-1089.9188232421875,0.0,-1.4943736791610718,-1091.0,0.0,-11.0,3282.0,82.05000305175781,37.159515380859375,-2.4044570831704195e-18,119.0
153371.209,3282.0,1934.0,1817.0,-1089.8359375,0.0,-1.068738341331482,-1090.0,0.0,-7.0,3282.0,82.05000305175781,37.22513961791992,-2.067185562135345e-18,119.0
153381.21,3282.0,1935.0,1817.0,-1089.7615966796875,0.0,-1.543760061264038,-1091.0,0.0,-7.0,3282.0,82.05000305175781,37.29076385498047,-1.7772225682837097e-18,119.0
153391.209,3282.0,1934.0,1814.0,-1089.795654296875,0.0,2.803863525390625,-1086.0,0.0,-9.0,3282.0,82.05000305175781,37.356388092041016,-1.5279325621391895e-18,119.0
153399.119,3282.0,1935.0,1817.0,-1089.7691650390625,0.0,-0.9631988406181335,-1090.0,0.0,-8.0,3282.0,82.05000305175781,37.42201232910156,-1.3136101688242766e-18,119.0
153411.21,3282.0,1935.0,1814.0,-1089.64453125,0.0,1.2341196537017822,-1088.0,0.0,-8.0,3282.0,82.05000305175781,37.487640380859375,-1.129350827691991e-18,119.0
153421.21,3282.0,1933.0,1813.0,-1089.5516357421875,0.0,1.9979192018508911,-1087.0,0.0,-6.0,3282.0,82.05000305175781,37.55326461791992,-9.709375719795372e-19,119.0
153431.209,3282.0,1936.0,1815.0,-1089.4910888671875,0.0,0.22163815796375275,-1089.0,0.0,-7.0,3282.0,82.05000305175781,37.61888885498047,-8.347446622669423e-19,119.0
153441.21,3282.0,1934.0,1816.0,-1089.46533203125,0.0,-0.5553541779518127,-1090.0,0.0,-7.0,3282.0,82.05000305175781,37.684513092041016,-7.176555405000478e-19,119.0
153451.209,3282.0,1934.0,1815.0,-1089.4671630859375,0.0,0.8134519457817078,-1088.0,0.0,-7.0,3282.0,82.05000305175781,37.75013732910156,-6.169903482893351e-19,119.0
153461.209,3282.0,1935.0,1813.0,-1089.439453125,0.0,2.3814735412597656,-1087.0,0.0,-5.0,3282.0,82.05000305175781,37.815765380859375,-5.304454393276324e-19,119.0
153471.21,3282.0,1936.0,1817.0,-1089.4395751953125,0.0,-1.3573321104049683,-1090.0,0.0,-6.0,3282.0,82.05000305175781,37.88138961791992,-4.560401813369695e-19,119.0
153481.21,3282.0,1937.0,1818.0,-1089.464111328125,0.0,-2.090280294418335,-1091.0,0.0,-9.0,3282.0,82.05000305175781,37.94701385498047,-3.920716679300414e-19,119.0
153491.21,3282.0,1938.0,1815.0,-1089.4239501953125,0.0,0.42455416917800903,-1088.0,0.0,-7.0,3282.0,82.05000305175781,38.012638092041016,-3.370759962177822e-19,120.0
153501.21,3282.0,1936.0,1813.0,-1089.3140869140625,0.0,1.836281657218933,-1087.0,0.0,-9.0,3282.0,82.05000305175781,38.07826232910156,-2.8979453335001014e-19,120.0
153511.21,3282.0,1935.0,1814.0,-1089.2109375,0.0,0.4449142515659332,-1088.0,0.0,-7.0,3282.0,82.05000305175781,38.143890380859375,-2.4914517198914097e-19,120.0
153521.209,3282.0,1931.0,1815.0,-1089.1817626953125,0.0,0.0583159439265728,-1089.0,0.0,-9.0,3282.0,82.05000305175781,38.20951461791992,-2.1419773461166175e-19,120.0
153529.119,3282.0,1933.0,1815.0,-1089.163818359375,0.0,0.05585288628935814,-1089.0,0.0,-4.0,3282.0,82.05000305175781,38.27513885498047,-1.8415233756523369e-19,120.0
153541.21,3282.0,1934.0,1815.0,-1089.11669921875,0.0,-0.16710595786571503,-1089.0,0.0,-7.0,3282.0,82.05000305175781,38.340763092041016,-1.583213869656721e-19,120.0
153551.21,3282.0,1936.0,1815.0,-1089.143798828125,0.0,0.7171425819396973,-1088.0,0.0,-14.0,3282.0,82.05000305175781,38.40638732910156,-1.3611372009364004e-19,120.0
153561.209,3282.0,1936.0,1816.0,-1089.0157470703125,0.0,-2.220581531524658,-1091.0,0.0,-8.0,3282.0,82.05000305175781,38.472015380859375,-1.1702111201090611e-19,120.0
153571.209,3282.0,1935.0,1816.0,-1089.055908203125,0.0,-0.6486833691596985,-1089.0,0.0,-8.0,3282.0,82.05000305175781,38.53763961791992,-1.006066239459348e-19,120.0
153579.119,3282.0,1936.0,1814.0,-1088.9915771484375,0.0,0.9010804295539856,-1088.0,0.0,-10.0,3282.0,82.05000305175781,38.60326385498047,-8.649459311600483e-20,120.0
153591.21,3282.0,1935.0,1815.0,-1089.009033203125,0.0,0.04927349463105202,-1088.0,0.0,-8.0,3282.0,82.05000305175781,38.668888092041016,-7.436204426600547e-20,120.0
153601.21,3282.0,1933.0,1815.0,-1088.9659423828125,0.0,-0.4944232404232025,-1089.0,0.0,-8.0,3282.0,82.05000305175781,38.73451232910156,-6.393132905345447e-20,120.0
153611.209,3282.0,1935.0,1815.0,-1088.96533203125,0.0,0.3305214047431946,-1088.0,0.0,-8.0,3282.0,82.05000305175781,38.800140380859375,-5.496372186109931e-20,120.0
153621.21,3282.0,1934.0,1815.0,-1089.00537109375,0.0,0.6398766040802002,-1088.0,0.0,-6.0,3282.0,82.05000305175781,38.86576461791992,-4.7253994655321623e-20,120.0
153631.21,3282.0,1933.0,1815.0,-1088.930419921875,0.0,-0.6149958968162537,-1089.0,0.0,-11.0,3282.0,82.05000305175781,38.93138885498047,-4.0625702702880447e-20,120.0
153641.21,3282.0,1933.0,1817.0,-1088.953369140625,0.0,-2.7680814266204834,-1091.0,0.0,-8.0,3282.0,82.05000305175781,38.997013092041016,-3.4927158527774606e-20,121.0
153651.209,3282.0,1933.0,1813.0,-1088.8656005859375,0.0,0.9825345873832703,-1087.0,0.0,-7.0,3282.0,82.05000305175781,39.06263732910156,-3.0027942243033483e-20,121.0
153659.119,3282.0,1936.0,1811.0,-1088.78125,0.0,2.9264121055603027,-1085.0,0.0,-8.0,3282.0,82.05000305175781,39.128265380859375,-2.58159401795006e-20,121.0
153671.21,3282.0,1934.0,1814.0,-1088.6953125,0.0,-0.4703296720981598,-1089.0,0.0,-8.0,3282.0,82.05000305175781,39.19388961791992,-2.2194755099657985e-20,121.0
153681.21,3282.0,1936.0,1813.0,-1088.62060546875,0.0,0.9148163199424744,-1087.0,0.0,-11.0,3282.0,82.05000305175781,39.25951385498047,-1.9081510614711213e-20,121.0
153691.209,3282.0,1932.0,1813.0,-1088.4873046875,0.0,-0.31212639808654785,-1088.0,0.0,-4.0,3282.0,82.05000305175781,39.325138092041016,-1.6404956100881352e-20,121.0
153701.21,3282.0,1933.0,1817.0,-1088.4892578125,0.0,-2.6749777793884277,-1091.0,0.0,-8.0,3282.0,82.05000305175781,39.39076232910156,-1.4103843034335398e-20,121.0
153711.209,3282.0,1933.0,1816.0,-1088.494384765625,0.0,-1.9380228519439697,-1090.0,0.0,-6.0,3282.0,82.05000305175781,39.456390380859375,-1.2125505697889153e-20,121.0
153719.119,3282.0,1933.0,1811.0,-1088.521484375,0.0,3.963604688644409,-1084.0,0.0,-7.0,3282.0,82.05000305175781,39.52201461791992,-1.0424668069908841e-20,121.0
153731.21,3282.0,1937.0,1815.0,-1088.4796142578125,0.0,-1.4216996431350708,-1089.0,0.0,-7.0,3282.0,82.05000305175781,39.58763885498047,-8.962405001784021e-21,121.0
153741.21,3282.0,1936.0,1815.0,-1088.5272216796875,0.0,-0.504111111164093,-1089.0,0.0,-12.0,3282.0,82.05000305175781,39.653263092041016,-7.70525445279751e-21,121.0
153751.209,3282.0,1936.0,1814.0,-1088.4266357421875,0.0,-0.6657363772392273,-1089.0,0.0,-10.0,3282.0,82.05000305175781,39.71888732910156,-6.6244420083011104e-21,121.0
153761.21,3282.0,1933.0,1813.0,-1088.350341796875,0.0,0.7599166631698608,-1087.0,0.0,-12.0,3282.0,82.05000305175781,39.784515380859375,-5.695235452655629e-21,121.0
153771.209,3282.0,1933.0,1812.0,-1088.28759765625,0.0,1.0640426874160767,-1087.0,0.0,-6.0,3282.0,82.05000305175781,39.85013961791992,-4.896367600727286e-21,121.0
153781.209,3282.0,1936.0,1813.0,-1088.3370361328125,0.0,1.51364004611969,-1086.0,0.0,-7.0,3282.0,82.05000305175781,39.91576385498047,-4.2095568724057365e-21,121.0
153791.21,3282.0,1938.0,1813.0,-1088.2093505859375,0.0,-0.7849856615066528,-1088.0,0.0,-9.0,3282.0,82.05000305175781,39.981388092041016,-3.619084816568555e-21,122.0
153801.21,3282.0,1935.0,1812.0,-1088.1513671875,0.0,1.0146100521087646,-1087.0,0.0,-7.0,3282.0,82.05000305175781,40.04701232910156,-3.1114378546342962e-21,122.0
153811.21,3282.0,1934.0,1809.0,-1088.0596923828125,0.0,4.247531414031982,-1083.0,0.0,-9.0,3282.0,82.05000305175781,40.112640380859375,-2.674998097574747e-21,122.0
153821.21,3282.0,1934.0,1812.0,-1088.0576171875,0.0,1.5551910400390625,-1086.0,0.0,-11.0,3282.0,82.05000305175781,40.17826461791992,-2.2997779857281833e-21,122.0
153831.21,3282.0,1932.0,1814.0,-1088.0570068359375,0.0,-0.3557538092136383,-1088.0,0.0,-9.0,3282.0,82.05000305175781,40.24388885498047,-1.9771896637360067e-21,122.0
153841.209,3282.0,1935.0,1813.0,-1088.018310546875,0.0,-0.3316875100135803,-1088.0,0.0,-6.0,3282.0,82.05000305175781,40.309513092041016,-1.6998505042415032e-21,122.0
153849.119,3282.0,1937.0,1814.0,-1087.970703125,0.0,-1.4730370044708252,-1089.0,0.0,-8.0,3282.0,82.05000305175781,40.37513732910156,-1.461413370266588e-21,122.0
153861.21,3282.0,1936.0,1811.0,-1087.948974609375,0.0,2.7972066402435303,-1085.0,0.0,-9.0,3282.0,82.05000305175781,40.440765380859375,-1.2564218182149305e-21,122.0
153871.21,3282.0,1935.0,1811.0,-1087.8284912109375,0.0,1.4543089866638184,-1086.0,0.0,-7.0,3282.0,82.05000305175781,40.50638961791992,-1.0801842840239023e-21,122.0
153881.209,3282.0,1936.0,1815.0,-1087.808349609375,0.0,-2.6526005268096924,-1090.0,0.0,-9.0,3282.0,82.05000305175781,40.57201385498047,-9.286675553879364e-22,122.0
153891.209,3282.0,1936.0,1812.0,-1087.7891845703125,0.0,0.8324777483940125,-1086.0,0.0,-7.0,3282.0,82.05000305175781,40.637638092041016,-7.98403875498328e-22,122.0
153899.119,3282.0,1933.0,1813.0,-1087.6981201171875,0.0,-1.1667970418930054,-1088.0,0.0,-10.0,3282.0,82.05000305175781,40.70326232910156,-6.864122841446535e-22,122.0
153911.21,3282.0,1933.0,1814.0,-1087.7325439453125,0.0,-0.544089138507843,-1088.0,0.0,-8.0,3282.0,82.05000305175781,40.768890380859375,-5.901295513647965e-22,122.0
153921.21,3282.0,1937.0,1813.0,-1087.7357177734375,0.0,0.2962852418422699,-1087.0,0.0,-5.0,3282.0,82.05000305175781,40.83451461791992,-5.073523697178128e-22,122.0
153931.209,3282.0,1936.0,1814.0,-1087.710205078125,0.0,-1.6584463119506836,-1089.0,0.0,-10.0,3282.0,82.05000305175781,40.90013885498047,-4.361864128021155e-22,122.0
153941.21,3282.0,1934.0,1814.0,-1087.7391357421875,0.0,-1.0571821928024292,-1088.0,0.0,-10.0,3282.0,82.05000305175781,40.965763092041016,-3.7500281537705526e-22,123.0
153951.21,3282.0,1935.0,1812.0,-1087.6129150390625,0.0,-0.5589427947998047,-1088.0,0.0,-7.0,3282.0,82.05000305175781,41.03138732910156,-3.2240136826852646e-22,123.0
153961.21,3282.0,1931.0,1813.0,-1087.529296875,0.0,-1.6621118783950806,-1089.0,0.0,-4.0,3282.0,82.05000305175781,41.097015380859375,-2.7717833284403427e-22,123.0
153971.209,3282.0,1934.0,1812.0,-1087.455322265625,0.0,-0.6795007586479187,-1088.0,0.0,-6.0,3282.0,82.05000305175781,41.16263961791992,-2.3829869835237977e-22,123.0
153979.119,3282.0,1933.0,1810.0,-1087.3919677734375,0.0,1.633863091468811,-1085.0,0.0,-7.0,3282.0,82.05000305175781,41.22826385498047,-2.0487265493602262e-22,123.0
153991.21,3282.0,1937.0,1812.0,-1087.2896728515625,0.0,-0.9828671813011169,-1088.0,0.0,-6.0,3282.0,82.05000305175781,41.293888092041016,-1.761352725741626e-22,123.0
154001.21,3282.0,1934.0,1811.0,-1087.2080078125,0.0,0.0125142652541399,-1087.0,0.0,-7.0,3282.0,82.05000305175781,41.35951232910156,-1.5142888108556055e-22,123.0
154011.209,3282.0,1936.0,1812.0,-1087.1239013671875,0.0,-0.9368566870689392,-1088.0,0.0,-10.0,3282.0,82.05000305175781,41.425140380859375,-1.3018805021690303e-22,123.0
154021.21,3282.0,1936.0,1811.0,-1087.0516357421875,0.0,0.18373161554336548,-1086.0,0.0,-11.0,3282.0,82.05000305175781,41.49076461791992,-1.1192665232395665e-22,123.0
154031.209,3282.0,1936.0,1809.0,-1087.012939453125,0.0,2.589918851852417,-1084.0,0.0,-7.0,3282.0,82.05000305175781,41.55638885498047,-9.622676783179704e-23,123.0
154039.119,3282.0,1936.0,1816.0,-1087.110107421875,0.0,-3.5500223636627197,-1090.0,0.0,-8.0,3282.0,82.05000305175781,41.622013092041016,-8.272909899708862e-23,123.0
154051.21,3282.0,1934.0,1813.0,-1087.0728759765625,0.0,-1.5721384286880493,-1088.0,0.0,-7.0,3282.0,82.05000305175781,41.68763732910156,-7.112472788934683e-23,123.0
154061.21,3282.0,1937.0,1810.0,-1087.0283203125,0.0,1.1365169286727905,-1085.0,0.0,-11.0,3282.0,82.05000305175781,41.753265380859375,-6.114809868432532e-23,123.0
154071.209,3282.0,1938.0,1810.0,-1087.0191650390625,0.0,1.9176832437515259,-1085.0,0.0,-10.0,3282.0,82.05000305175781,41.81888961791992,-5.2570892947947784e-23,123.0
154081.21,3282.0,1935.0,1812.0,-1087.014404296875,0.0,0.12034263461828232,-1086.0,0.0,-8.0,3282.0,82.05000305175781,41.88451385498047,-4.5196804221671776e-23,123.0
154091.209,3282.0,1935.0,1811.0,-1086.9827880859375,0.0,0.7266592383384705,-1086.0,0.0,-8.0,3282.0,82.05000305175781,41.950138092041016,-3.88570762252088e-23,124.0
154101.209,3282.0,1937.0,1810.0,-1086.927734375,0.0,1.1332886219024658,-1085.0,0.0,-10.0,3282.0,82.05000305175781,42.01576232910156,-3.340661850542699e-23,124.0
154111.21,3282.0,1937.0,1809.0,-1086.82177734375,0.0,1.5410895347595215,-1085.0,0.0,-9.0,3282.0,82.05000305175781,42.081390380859375,-2.8720690065105554e-23,124.0
154121.21,3282.0,1936.0,1811.0,-1086.8260498046875,0.0,0.579266369342804,-1086.0,0.0,-10.0,3282.0,82.05000305175781,42.14701461791992,-2.4692056308232368e-23,124.0
154131.21,3282.0,1936.0,1811.0,-1086.75244140625,0.0,-0.3932439982891083,-1087.0,0.0,-11.0,3282.0,82.05000305175781,42.21263885498047,-2.1228515172205203e-23,124.0
154141.21,3282.0,1935.0,1808.0,-1086.682373046875,0.0,3.251718759536743,-1083.0,0.0,-11.0,3282.0,82.05000305175781,42.278263092041016,-1.825080191326745e-23,124.0
154151.21,3282.0,1937.0,1812.0,-1086.57958984375,0.0,-2.1984856128692627,-1088.0,0.0,-8.0,3282.0,82.05000305175781,42.34388732910156,-1.5690771570982497e-23,124.0
154161.209,3282.0,1935.0,1809.0,-1086.647216796875,0.0,2.778142213821411,-1083.0,0.0,-10.0,3282.0,82.05000305175781,42.409515380859375,-1.348983544591958e-23,124.0
154169.119,3282.0,1934.0,1810.0,-1086.6229248046875,0.0,0.8546378016471863,-1085.0,0.0,-7.0,3282.0,82.05000305175781,42.47513961791992,-1.1597624769280337e-23,124.0
154181.21,3282.0,1934.0,1810.0,-1086.6124267578125,0.0,1.1345505714416504,-1085.0,0.0,-9.0,3282.0,82.05000305175781,42.54076385498047,-9.970832655089946e-24,124.0
154191.21,3282.0,1935.0,1812.0,-1086.568359375,0.0,-1.7830301523208618,-1088.0,0.0,-9.0,3282.0,82.05000305175781,42.606388092041016,-8.5722288129265e-24,124.0
154201.209,3282.0,1935.0,1810.0,-1086.4949951171875,0.0,-0.11150006949901581,-1086.0,0.0,-7.0,3282.0,82.05000305175781,42.67201232910156,-7.369806789282467e-24,124.0
154211.209,3282.0,1936.0,1811.0,-1086.570068359375,0.0,0.7470189332962036,-1085.0,0.0,-4.0,3282.0,82.05000305175781,42.737640380859375,-6.336049538061929e-24,124.0
154219.119,3282.0,1935.0,1808.0,-1086.5316162109375,0.0,2.9664406776428223,-1083.0,0.0,-9.0,3282.0,82.05000305175781,42.80326461791992,-5.447295570843233e-24,124.0
154231.21,3282.0,1935.0,1806.0,-1086.42919921875,0.0,4.222575664520264,-1082.0,0.0,-7.0,3282.0,82.05000305175781,42.86888885498047,-4.6832064757679715e-24,124.0
154241.21,3282.0,1935.0,1809.0,-1086.44384765625,0.0,1.8526296615600586,-1084.0,0.0,-4.0,3282.0,82.05000305175781,42.934513092041016,-4.026295967580563e-24,124.0
154251.209,3282.0,1935.0,1810.0,-1086.3240966796875,0.0,-0.5301642417907715,-1086.0,0.0,-7.0,3282.0,82.05000305175781,43.00013732910156,-3.4615299351493046e-24,125.0
154261.21,3282.0,1937.0,1808.0,-1086.269775390625,0.0,2.1947569847106934,-1084.0,0.0,-7.0,3282.0,82.05000305175781,43.065765380859375,-2.9759830897573773e-24,125.0
154271.21,3282.0,1934.0,1809.0,-1086.163818359375,0.0,0.19140863418579102,-1085.0,0.0,-8.0,3282.0,82.05000305175781,43.13138961791992,-2.5585433394786112e-24,125.0
154281.21,3282.0,1936.0,1809.0,-1086.130126953125,0.0,0.6698364615440369,-1085.0,0.0,-7.0,3282.0,82.05000305175781,43.19701385498047,-2.199658170396459e-24,125.0
154291.209,3282.0,1936.0,1810.0,-1086.112548828125,0.0,0.11089953780174255,-1086.0,0.0,-8.0,3282.0,82.05000305175781,43.262638092041016,-1.8911133711200802e-24,125.0
154299.119,3282.0,1935.0,1812.0,-1086.1134033203125,0.0,-2.231386661529541,-1088.0,0.0,-9.0,3282.0,82.05000305175781,43.32826232910156,-1.6258480449020682e-24,125.0
154311.21,3282.0,1935.0,1811.0,-1086.11328125,0.0,-1.1437288522720337,-1087.0,0.0,-9.0,3282.0,82.05000305175781,43.393890380859375,-1.3977912168234551e-24,125.0
154321.21,3282.0,1932.0,1810.0,-1086.12109375,0.0,0.058368876576423645,-1086.0,0.0,-8.0,3282.0,82.05000305175781,43.45951461791992,-1.2017236845276856e-24,125.0
154331.209,3282.0,1934.0,1810.0,-1086.06982421875,0.0,-0.4007357656955719,-1086.0,0.0,-6.0,3282.0,82.05000305175781,43.52513885498047,-1.0331585057934756e-24,125.0
154341.21,3282.0,1937.0,1811.0,-1086.0538330078125,0.0,-1.0088720321655273,-1087.0,0.0,-8.0,3282.0,82.05000305175781,43.590763092041016,-8.882380521866814e-25,125.0
154351.209,3282.0,1935.0,1810.0,-1086.060302734375,0.0,-0.15462952852249146,-1086.0,0.0,-9.0,3282.0,82.05000305175781,43.65638732910156,-7.636454594236879e-25,125.0
154359.119,3282.0,1936.0,1812.0,-1086.01806640625,0.0,-2.9671900272369385,-1088.0,0.0,-9.0,3282.0,82.05000305175781,43.722015380859375,-6.5652934045876735e-25,125.0
154371.21,3282.0,1936.0,1808.0,-1085.9415283203125,0.0,1.6891353130340576,-1084.0,0.0,-7.0,3282.0,82.05000305175781,43.78763961791992,-5.644383100289453e-25,125.0
154381.21,3282.0,1935.0,1812.0,-1085.93408203125,0.0,-2.458320379257202,-1088.0,0.0,-12.0,3282.0,82.05000305175781,43.85326385498047,-4.852648769221174e-25,125.0
154391.209,3282.0,1935.0,1808.0,-1085.9334716796875,0.0,2.10353946685791,-1083.0,0.0,-7.0,3282.0,82.05000305175781,43.918888092041016,-4.171970276389909e-25,125.0
154401.21,3282.0,1936.0,1809.0,-1085.8560791015625,0.0,-0.2808000445365906,-1086.0,0.0,-9.0,3282.0,82.05000305175781,43.98451232910156,-3.5867703306269043e-25,126.0
154411.209,3282.0,1932.0,1808.0,-1085.7945556640625,0.0,1.6741924285888672,-1084.0,0.0,-8.0,3282.0,82.05000305175781,44.050140380859375,-3.0836560459137707e-25,126.0
154421.209,3282.0,1933.0,1808.0,-1085.6634521484375,0.0,0.39373651146888733,-1085.0,0.0,-9.0,3282.0,82.05000305175781,44.11576461791992,-2.651113504300742e-25,126.0
154431.21,3282.0,1935.0,1807.0,-1085.62646484375,0.0,2.308830499649048,-1083.0,0.0,-7.0,3282.0,82.05000305175781,44.18138885498047,-2.2792432409843924e-25,126.0
154441.21,3282.0,1934.0,1808.0,-1085.5614013671875,0.0,0.7104699015617371,-1084.0,0.0,-8.0,3282.0,82.05000305175781,44.247013092041016,-1.9595350491711016e-25,126.0
154451.21,3282.0,1937.0,1811.0,-1085.57373046875,0.0,-1.8640066385269165,-1087.0,0.0,-10.0,3282.0,82.05000305175781,44.31263732910156,-1.6846722439649445e-25,126.0
154461.21,3282.0,1935.0,1808.0,-1085.5679931640625,0.0,1.6922940015792847,-1083.0,0.0,-7.0,3282.0,82.05000305175781,44.378265380859375,-1.4483642759443657e-25,126.0
154471.21,3282.0,1935.0,1808.0,-1085.493408203125,0.0,0.45710068941116333,-1085.0,0.0,-6.0,3282.0,82.05000305175781,44.44388961791992,-1.2452027640469764e-25,126.0
154481.209,3282.0,1935.0,1809.0,-1085.496826171875,0.0,0.13676489889621735,-1085.0,0.0,-7.0,3282.0,82.05000305175781,44.50951385498047,-1.0705389756102127e-25,126.0
154489.119,3282.0,1935.0,1808.0,-1085.432373046875,0.0,0.5798596739768982,-1084.0,0.0,-7.0,3282.0,82.05000305175781,44.575138092041016,-9.203751114778341e-26,126.0
154501.21,3282.0,1935.0,1811.0,-1085.412353515625,0.0,-2.4167075157165527,-1087.0,0.0,-6.0,3282.0,82.05000305175781,44.64076232910156,-7.912745730719552e-26,126.0
154511.21,3282.0,1934.0,1810.0,-1085.3502197265625,0.0,-2.1876413822174072,-1087.0,0.0,-6.0,3282.0,82.05000305175781,44.706390380859375,-6.80283014672765e-26,126.0
154521.209,3282.0,1936.0,1810.0,-1085.357177734375,0.0,-1.3281605243682861,-1086.0,0.0,-9.0,3282.0,82.05000305175781,44.77201461791992,-5.848601192761773e-26,126.0
154531.209,3282.0,1934.0,1809.0,-1085.3564453125,0.0,0.06848125159740448,-1085.0,0.0,-8.0,3282.0,82.05000305175781,44.83763885498047,-5.0282209802941064e-26,126.0
154539.119,3282.0,1935.0,1811.0,-1085.4102783203125,0.0,-2.278078079223633,-1087.0,0.0,-8.0,3282.0,82.05000305175781,44.903263092041016,-4.3229149279291815e-26,126.0
154551.21,3282.0,1933.0,1806.0,-1085.33740234375,0.0,2.1001110076904297,-1083.0,0.0,-7.0,3282.0,82.05000305175781,44.96888732910156,-3.716542201989078e-26,127.0
154561.21,3282.0,1935.0,1807.0,-1085.2115478515625,0.0,0.5879669785499573,-1084.0,0.0,-9.0,3282.0,82.05000305175781,45.034515380859375,-3.195225013517728e-26,127.0
154571.209,3282.0,1936.0,1809.0,-1085.1385498046875,0.0,-1.3111029863357544,-1086.0,0.0,-10.0,3282.0,82.05000305175781,45.10013961791992,-2.7470324576212455e-26,127.0
154581.21,3282.0,1933.0,1807.0,-1085.0841064453125,0.0,1.388411045074463,-1083.0,0.0,-9.0,3282.0,82.05000305175781,45.16576385498047,-2.3617074936390113e-26,127.0
154591.21,3282.0,1935.0,1806.0,-1085.0478515625,0.0,1.8194326162338257,-1083.0,0.0,-10.0,3282.0,82.05000305175781,45.231388092041016,-2.0304321357648517e-26,127.0
154601.21,3282.0,1933.0,1808.0,-1084.962158203125,0.0,-0.7406125664710999,-1085.0,0.0,-12.0,3282.0,82.05000305175781,45.29701232910156,-1.7456245370680984e-26,127.0
154611.209,3282.0,1934.0,1804.0,-1084.936279296875,0.0,4.184291839599609,-1080.0,0.0,-10.0,3282.0,82.05000305175781,45.362640380859375,-1.5007667343193628e-26,127.0
154619.119,3282.0,1936.0,1809.0,-1084.8504638671875,0.0,-2.016213893890381,-1086.0,0.0,-7.0,3282.0,82.05000305175781,45.42826461791992,-1.2902549647152582e-26,127.0
154631.21,3282.0,1936.0,1807.0,-1084.78564453125,0.0,0.595158576965332,-1084.0,0.0,-9.0,3282.0,82.05000305175781,45.49388885498047,-1.1092716300556964e-26,127.0
154641.21,3282.0,1935.0,1808.0,-1084.7041015625,0.0,-1.0281121730804443,-1085.0,0.0,-8.0,3282.0,82.05000305175781,45.559513092041016,-9.536746713278828e-27,127.0
154651.209,3282.0,1934.0,1807.0,-1084.7330322265625,0.0,1.0579684972763062,-1083.0,0.0,-6.0,3282.0,82.05000305175781,45.62513732910156,-8.199031981390408e-27,127.0
154661.21,3282.0,1936.0,1807.0,-1084.7398681640625,0.0,0.7668792605400085,-1083.0,0.0,-8.0,3282.0,82.05000305175781,45.690765380859375,-7.048959063239682e-27,127.0
154671.209,3282.0,1936.0,1806.0,-1084.6788330078125,0.0,1.1344860792160034,-1083.0,0.0,-9.0,3282.0,82.05000305175781,45.75638961791992,-6.0602058890907186e-27,127.0
154679.119,3282.0,1936.0,1807.0,-1084.6767578125,0.0,0.5605052709579468,-1084.0,0.0,-6.0,3282.0,82.05000305175781,45.82201385498047,-5.210143937654936e-27,127.0
154691.21,3282.0,1936.0,1808.0,-1084.718994140625,0.0,0.22508876025676727,-1084.0,0.0,-6.0,3282.0,82.05000305175781,45.887638092041016,-4.4793201609360556e-27,127.0
154701.21,3282.0,1934.0,1806.0,-1084.6702880859375,0.0,1.518770694732666,-1083.0,0.0,-10.0,3282.0,82.05000305175781,45.95326232910156,-3.851008242553064e-27,128.0
154711.209,3282.0,1934.0,1805.0,-1084.5718994140625,0.0,2.131373405456543,-1082.0,0.0,-6.0,3282.0,82.05000305175781,46.018890380859375,-3.310829574727154e-27,128.0
154721.21,3282.0,1937.0,1808.0,-1084.5277099609375,0.0,-1.1089991331100464,-1085.0,0.0,-8.0,3282.0,82.05000305175781,46.08451461791992,-2.84642142055231e-27,128.0
154731.209,3282.0,1934.0,1806.0,-1084.4993896484375,0.0,1.525001883506775,-1082.0,0.0,-8.0,3282.0,82.05000305175781,46.15013885498047,-2.4471553430374365e-27,128.0
154741.209,3282.0,1936.0,1806.0,-1084.4893798828125,0.0,1.3541926145553589,-1083.0,0.0,-8.0,3282.0,82.05000305175781,46.215763092041016,-2.1038945379333662e-27,128.0
154751.21,3282.0,1935.0,1803.0,-1084.387939453125,0.0,3.7790327072143555,-1080.0,0.0,-11.0,3282.0,82.05000305175781,46.28138732910156,-1.8087823666249657e-27,128.0
154761.21,3282.0,1934.0,1805.0,-1084.3345947265625,0.0,1.6415053606033325,-1082.0,0.0,-6.0,3282.0,82.05000305175781,46.347015380859375,-1.5550656520587383e-27,128.0
154771.21,3282.0,1934.0,1806.0,-1084.3145751953125,0.0,0.8419170379638672,-1083.0,0.0,-7.0,3282.0,82.05000305175781,46.41263961791992,-1.336937522859362e-27,128.0
154781.21,3282.0,1934.0,1809.0,-1084.3292236328125,0.0,-1.1857572793960571,-1085.0,0.0,-3.0,3282.0,82.05000305175781,46.47826385498047,-1.1494061612039798e-27,128.0
154791.21,3282.0,1935.0,1809.0,-1084.3372802734375,0.0,-1.887966513633728,-1086.0,0.0,-4.0,3282.0,82.05000305175781,46.543888092041016,-9.881796322115245e-28,128.0
154801.209,3282.0,1936.0,1807.0,-1084.342041015625,0.0,0.1921503096818924,-1084.0,0.0,-7.0,3282.0,82.05000305175781,46.60951232910156,-8.49568239294539e-28,128.0
154809.119,3282.0,1936.0,1806.0,-1084.2540283203125,0.0,0.22110815346240997,-1084.0,0.0,-8.0,3282.0,82.05000305175781,46.675140380859375,-7.303997832416234e-28,128.0
154821.21,3282.0,1936.0,1809.0,-1084.20654296875,0.0,-2.719536781311035,-1086.0,0.0,-6.0,3282.0,82.05000305175781,46.74076461791992,-6.279470028067792e-28,128.0
154831.21,3282.0,1931.0,1805.0,-1084.2213134765625,0.0,2.4575462341308594,-1081.0,0.0,-6.0,3282.0,82.05000305175781,46.80638885498047,-5.398651745792122e-28,128.0
154841.209,3282.0,1936.0,1805.0,-1084.203369140625,0.0,2.47468638420105,-1081.0,0.0,-9.0,3282.0,82.05000305175781,46.872013092041016,-4.641385721308783e-28,128.0
154851.209,3282.0,1936.0,1809.0,-1084.2059326171875,0.0,-1.8655446767807007,-1086.0,0.0,-13.0,3282.0,82.05000305175781,46.93763732910156,-3.9903414740132054e-28,128.0
154859.119,3282.0,1934.0,1805.0,-1084.04248046875,0.0,-0.09030652791261673,-1084.0,0.0,-9.0,3282.0,82.05000305175781,47.003265380859375,-3.430618806149394e-28,129.0
154871.21,3282.0,1935.0,1804.0,-1083.930419921875,0.0,1.7108663320541382,-1082.0,0.0,-6.0,3282.0,82.05000305175781,47.06888961791992,-2.9494076354335007e-28,129.0
154881.21,3282.0,1937.0,1806.0,-1083.8665771484375,0.0,-0.41057953238487244,-1084.0,0.0,-8.0,3282.0,82.05000305175781,47.13451385498047,-2.535695975926005e-28,129.0
154891.209,3282.0,1933.0,1804.0,-1083.7939453125,0.0,1.669063925743103,-1082.0,0.0,-9.0,3282.0,82.05000305175781,47.200138092041016,-2.1800152337965703e-28,129.0
154901.21,3282.0,1936.0,1808.0,-1083.799560546875,0.0,-2.295907735824585,-1086.0,0.0,-6.0,3282.0,82.05000305175781,47.26576232910156,-1.8742258272471085e-28,129.0
154911.21,3282.0,1935.0,1804.0,-1083.7822265625,0.0,2.8723928928375244,-1080.0,0.0,-6.0,3282.0,82.05000305175781,47.331390380859375,-1.6113291676009594e-28,129.0
154921.21,3282.0,1934.0,1809.0,-1083.759521484375,0.0,-3.2093636989593506,-1086.0,0.0,-6.0,3282.0,82.05000305175781,47.39701461791992,-1.3853090108237218e-28,129.0
154931.209,3282.0,1937.0,1806.0,-1083.726806640625,0.0,-0.3487524092197418,-1084.0,0.0,-7.0,3282.0,82.05000305175781,47.46263885498047,-1.1909924294553931e-28,129.0
154939.119,3282.0,1938.0,1806.0,-1083.6273193359375,0.0,-0.7183154225349426,-1084.0,0.0,-6.0,3282.0,82.05000305175781,47.528263092041016,-1.0239326919956264e-28,129.0
154951.21,3282.0,1934.0,1806.0,-1083.558837890625,0.0,-0.4914425015449524,-1084.0,0.0,-8.0,3282.0,82.05000305175781,47.59388732910156,-8.803062256517052e-29,129.0
154961.21,3282.0,1933.0,1807.0,-1083.5902099609375,0.0,-0.8665865063667297,-1084.0,0.0,-7.0,3282.0,82.05000305175781,47.659515380859375,-7.568261902322898e-29,129.0
154971.209,3282.0,1933.0,1807.0,-1083.5689697265625,0.0,-0.9800535440444946,-1084.0,0.0,-11.0,3282.0,82.05000305175781,47.72513961791992,-6.506666446558564e-29,129.0
154981.21,3282.0,1933.0,1806.0,-1083.539306640625,0.0,-0.546087920665741,-1084.0,0.0,-8.0,3282.0,82.05000305175781,47.79076385498047,-5.593980282975605e-29,129.0
154991.209,3282.0,1935.0,1809.0,-1083.54736328125,0.0,-3.744366407394409,-1087.0,0.0,-8.0,3282.0,82.05000305175781,47.856388092041016,-4.809315497620927e-29,129.0
154999.119,3282.0,1937.0,1807.0,-1083.52294921875,0.0,-1.310235857963562,-1084.0,0.0,-9.0,3282.0,82.05000305175781,47.92201232910156,-4.1347155021021026e-29,129.0
155011.21,3282.0,1936.0,1804.0,-1083.4564208984375,0.0,1.2398475408554077,-1082.0,0.0,-10.0,3282.0,82.05000305175781,47.987640380859375,-3.554741560502438e-29,130.0
155021.21,3282.0,1937.0,1805.0,-1083.3087158203125,0.0,-0.9928881525993347,-1084.0,0.0,-8.0,3282.0,82.05000305175781,48.05326461791992,-3.0561201034599056e-29,130.0
155031.209,3282.0,1932.0,1805.0,-1083.2138671875,0.0,-0.8565824031829834,-1084.0,0.0,-10.0,3282.0,82.05000305175781,48.11888885498047,-2.627439695127457e-29,130.0
155041.21,3282.0,1937.0,1806.0,-1083.2518310546875,0.0,-0.2913839519023895,-1083.0,0.0,-8.0,3282.0,82.05000305175781,48.184513092041016,-2.2588901298508698e-29,130.0
155051.209,3282.0,1936.0,1803.0,-1083.173828125,0.0,1.8924516439437866,-1081.0,0.0,-9.0,3282.0,82.05000305175781,48.25013732910156,-1.9420368877166663e-29,130.0
155061.209,3282.0,1934.0,1804.0,-1083.130126953125,0.0,0.5751323103904724,-1082.0,0.0,-9.0,3282.0,82.05000305175781,48.315765380859375,-1.6696285415576747e-29,130.0
155071.21,3282.0,1935.0,1806.0,-1083.1273193359375,0.0,-1.3487988710403442,-1084.0,0.0,-9.0,3282.0,82.05000305175781,48.38138961791992,-1.435430495032049e-29,130.0
155081.21,3282.0,1933.0,1804.0,-1083.0748291015625,0.0,0.5476039052009583,-1082.0,0.0,-6.0,3282.0,82.05000305175781,48.44701385498047,-1.2340833966797008e-29,130.0
155091.21,3282.0,1936.0,1801.0,-1083.03466796875,0.0,3.8238000869750977,-1079.0,0.0,-6.0,3282.0,82.05000305175781,48.512638092041016,-1.0609792334137685e-29,130.0
155101.209,3282.0,1934.0,1807.0,-1082.9986572265625,0.0,-2.6029679775238037,-1085.0,0.0,-9.0,3282.0,82.05000305175781,48.57826232910156,-9.121562319216984e-30,130.0
155111.21,3282.0,1936.0,1805.0,-1083.048583984375,0.0,0.6020817160606384,-1082.0,0.0,-8.0,3282.0,82.05000305175781,48.643890380859375,-7.842087311623783e-30,130.0
155121.209,3282.0,1933.0,1805.0,-1083.1072998046875,0.0,0.5843775272369385,-1082.0,0.0,-7.0,3282.0,82.05000305175781,48.70951461791992,-6.74208189145763e-30,130.0
155129.119,3282.0,1936.0,1804.0,-1083.12451171875,0.0,1.4624298810958862,-1081.0,0.0,-8.0,3282.0,82.05000305175781,48.77513885498047,-5.79637430480866e-30,130.0
155141.21,3282.0,1936.0,1805.0,-1083.09130859375,0.0,0.0934070572257042,-1082.0,0.0,-7.0,3282.0,82.05000305175781,48.840763092041016,-4.98332003313586e-30,130.0
155151.21,3282.0,1936.0,1803.0,-1083.0284423828125,0.0,1.8596000671386719,-1081.0,0.0,-8.0,3282.0,82.05000305175781,48.90638732910156,-4.284312787617127e-30,130.0
155161.209,3282.0,1933.0,1805.0,-1082.8651123046875,0.0,-2.0939059257507324,-1084.0,0.0,-8.0,3282.0,82.05000305175781,48.972015380859375,-3.683354936493702e-30,131.0
155171.209,3282.0,1935.0,1801.0,-1082.8070068359375,0.0,3.345806360244751,-1079.0,0.0,-7.0,3282.0,82.05000305175781,49.03763961791992,-3.1666930077818684e-30,131.0
155179.119,3282.0,1933.0,1805.0,-1082.74267578125,0.0,-1.255855679512024,-1083.0,0.0,-5.0,3282.0,82.05000305175781,49.10326385498047,-2.7225028448660264e-30,131.0
155191.21,3282.0,1935.0,1802.0,-1082.6109619140625,0.0,1.4545255899429321,-1081.0,0.0,-9.0,3282.0,82.05000305175781,49.168888092041016,-2.340618960679361e-30,131.0
155201.21,3282.0,1936.0,1806.0,-1082.5853271484375,0.0,-1.909051537513733,-1084.0,0.0,-7.0,3282.0,82.05000305175781,49.23451232910156,-2.012301695782831e-30,131.0
155211.209,3282.0,1935.0,1804.0,-1082.591552734375,0.0,0.2416832000017166,-1082.0,0.0,-8.0,3282.0,82.05000305175781,49.300140380859375,-1.73003729028598e-30,131.0
155221.21,3282.0,1935.0,1803.0,-1082.5389404296875,0.0,0.789493978023529,-1081.0,0.0,-8.0,3282.0,82.05000305175781,49.36576461791992,-1.4873660735926215e-30,131.0
155231.21,3282.0,1934.0,1805.0,-1082.5289306640625,0.0,-0.9434248805046082,-1083.0,0.0,-8.0,3282.0,82.05000305175781,49.43138885498047,-1.2787340699939903e-30,131.0
155241.21,3282.0,1935.0,1802.0,-1082.450927734375,0.0,1.563255786895752,-1080.0,0.0,-11.0,3282.0,82.05000305175781,49.497013092041016,-1.0993667975952384e-30,131.0
155251.209,3282.0,1936.0,1804.0,-1082.4093017578125,0.0,-0.8030598163604736,-1083.0,0.0,-10.0,3282.0,82.05000305175781,49.56263732910156,-9.451590539651022e-31,131.0
155259.119,3282.0,1935.0,1803.0,-1082.427734375,0.0,1.7313036918640137,-1080.0,0.0,-7.0,3282.0,82.05000305175781,49.628265380859375,-8.125820991019614e-31,131.0
155271.21,3282.0,1935.0,1803.0,-1082.3636474609375,0.0,0.33994847536087036,-1082.0,0.0,-6.0,3282.0,82.05000305175781,49.69388961791992,-6.9860169996769925e-31,131.0
155281.21,3282.0,1935.0,1803.0,-1082.3355712890625,0.0,0.6691185235977173,-1081.0,0.0,-6.0,3282.0,82.05000305175781,49.75951385498047,-6.006092465187451e-31,131.0
155291.209,3282.0,1933.0,1802.0,-1082.250732421875,0.0,0.9692779183387756,-1081.0,0.0,-7.0,3282.0,82.05000305175781,49.825138092041016,-5.163621306326001e-31,131.0
155301.21,3282.0,1934.0,1805.0,-1082.1627197265625,0.0,-2.6820695400238037,-1084.0,0.0,-6.0,3282.0,82.05000305175781,49.89076232910156,-4.439323064750457e-31,131.0
155311.209,3282.0,1937.0,1803.0,-1082.1356201171875,0.0,0.11998474597930908,-1082.0,0.0,-7.0,3282.0,82.05000305175781,49.956390380859375,-3.816621859521002e-31,132.0
155319.119,3282.0,1933.0,1804.0,-1082.08447265625,0.0,-1.8985852003097534,-1083.0,0.0,-7.0,3282.0,82.05000305175781,50.02201461791992,-3.2812667024248776e-31,132.0
155331.21,3282.0,1935.0,1802.0,-1082.07568359375,0.0,1.1107949018478394,-1080.0,0.0,-7.0,3282.0,82.05000305175781,50.08763885498047,-2.8210051807445932e-31,132.0
155341.21,3282.0,1935.0,1803.0,-1082.04443359375,0.0,-0.12496013194322586,-1082.0,0.0,-8.0,3282.0,82.05000305175781,50.153263092041016,-2.4253043948990407e-31,132.0
155351.209,3282.0,1935.0,1802.0,-1081.9271240234375,0.0,0.3612527847290039,-1081.0,0.0,-11.0,3282.0,82.05000305175781,50.21888732910156,-2.085108101310615e-31,132.0
155361.21,3282.0,1935.0,1803.0,-1081.8170166015625,0.0,-1.2248848676681519,-1083.0,0.0,-9.0,3282.0,82.05000305175781,50.284515380859375,-1.792631118443255e-31,132.0
155371.209,3282.0,1933.0,1801.0,-1081.780029296875,0.0,1.762235164642334,-1080.0,0.0,-8.0,3282.0,82.05000305175781,50.35013961791992,-1.5411797112656385e-31,132.0
155381.209,3282.0,1936.0,1800.0,-1081.71435546875,0.0,2.444263219833374,-1079.0,0.0,-6.0,3282.0,82.05000305175781,50.41576385498047,-1.324999482282185e-31,132.0
155391.21,3282.0,1934.0,1804.0,-1081.7288818359375,0.0,-0.9387670755386353,-1082.0,0.0,-8.0,3282.0,82.05000305175781,50.481388092041016,-1.1391424231219784e-31,132.0
155401.21,3282.0,1935.0,1801.0,-1081.6651611328125,0.0,1.7079023122787476,-1079.0,0.0,-11.0,3282.0,82.05000305175781,50.54701232910156,-9.79355418899591e-32,132.0
155411.21,3282.0,1935.0,1803.0,-1081.6439208984375,0.0,-0.29248809814453125,-1081.0,0.0,-8.0,3282.0,82.05000305175781,50.612640380859375,-8.419817417884847e-32,132.0
155421.21,3282.0,1935.0,1803.0,-1081.5977783203125,0.0,-0.9814562797546387,-1082.0,0.0,-11.0,3282.0,82.05000305175781,50.67826461791992,-7.238774733726678e-32,132.0
155431.21,3282.0,1939.0,1800.0,-1081.5330810546875,0.0,2.16888427734375,-1079.0,0.0,-7.0,3282.0,82.05000305175781,50.74388885498047,-6.22339623167142e-32,132.0
155441.209,3282.0,1935.0,1802.0,-1081.478759765625,0.0,0.018508335575461388,-1081.0,0.0,-10.0,3282.0,82.05000305175781,50.809513092041016,-5.350444151644844e-32,132.0
155449.119,3282.0,1937.0,1805.0,-1081.5660400390625,0.0,-1.9984239339828491,-1083.0,0.0,-9.0,3282.0,82.05000305175781,50.87513732910156,-4.5999403794075476e-32,132.0
155461.21,3282.0,1933.0,1802.0,-1081.622802734375,0.0,1.3114973306655884,-1080.0,0.0,-10.0,3282.0,82.05000305175781,50.940765380859375,-3.9547088853789046e-32,132.0
155471.21,3282.0,1936.0,1799.0,-1081.569580078125,0.0,3.4861607551574707,-1078.0,0.0,-10.0,3282.0,82.05000305175781,51.00638961791992,-3.3999839911446483e-32,133.0
155481.209,3282.0,1935.0,1802.0,-1081.525146484375,0.0,-0.08725500106811523,-1081.0,0.0,-7.0,3282.0,82.05000305175781,51.07201385498047,-2.923070357715898e-32,133.0
155491.209,3282.0,1934.0,1801.0,-1081.437255859375,0.0,0.6685035824775696,-1080.0,0.0,-7.0,3282.0,82.05000305175781,51.137638092041016,-2.513052932298093e-32,133.0
155499.119,3282.0,1939.0,1803.0,-1081.4122314453125,0.0,-1.1346896886825562,-1082.0,0.0,-8.0,3282.0,82.05000305175781,51.20326232910156,-2.1605484781725886e-32,133.0
155511.21,3282.0,1933.0,1800.0,-1081.315673828125,0.0,1.6071269512176514,-1079.0,0.0,-6.0,3282.0,82.05000305175781,51.268890380859375,-1.8574894306728975e-32,133.0
155521.21,3282.0,1939.0,1800.0,-1081.245849609375,0.0,1.130875825881958,-1080.0,0.0,-6.0,3282.0,82.05000305175781,51.33451461791992,-1.5969402261923744e-32,133.0
155531.209,3282.0,1935.0,1801.0,-1081.180908203125,0.0,0.39514049887657166,-1080.0,0.0,-7.0,3282.0,82.05000305175781,51.40013885498047,-1.372938316573267e-32,133.0
155541.21,3282.0,1936.0,1804.0,-1081.185546875,0.0,-2.106159210205078,-1083.0,0.0,-5.0,3282.0,82.05000305175781,51.465763092041016,-1.1803568566728608e-32,133.0
155551.21,3282.0,1932.0,1803.0,-1081.1488037109375,0.0,-1.2154563665390015,-1082.0,0.0,-7.0,3282.0,82.05000305175781,51.53138732910156,-1.0147888447015263e-32,133.0
155561.21,3282.0,1933.0,1799.0,-1081.063232421875,0.0,2.398634910583496,-1078.0,0.0,-9.0,3282.0,82.05000305175781,51.597015380859375,-8.724449276825938e-33,133.0
155571.209,3282.0,1936.0,1801.0,-1080.990478515625,0.0,0.0028360337018966675,-1080.0,0.0,-7.0,3282.0,82.05000305175781,51.66263961791992,-7.50067590364744e-33,133.0
155579.119,3282.0,1932.0,1802.0,-1081.1129150390625,0.0,1.0375832319259644,-1080.0,0.0,-7.0,3282.0,82.05000305175781,51.72826385498047,-6.448559235835552e-33,133.0
155591.21,3282.0,1938.0,1804.0,-1081.1270751953125,0.0,-1.9835660457611084,-1083.0,0.0,-9.0,3282.0,82.05000305175781,51.793888092041016,-5.544023679717495e-33,133.0
155601.21,3282.0,1937.0,1805.0,-1081.164306640625,0.0,-2.9728384017944336,-1084.0,0.0,-8.0,3282.0,82.05000305175781,51.85951232910156,-4.7663665757233794e-33,133.0
155611.209,3282.0,1936.0,1800.0,-1081.1182861328125,0.0,1.728249192237854,-1079.0,0.0,-8.0,3282.0,82.05000305175781,51.925140380859375,-4.097791306723741e-33,133.0
155621.21,3282.0,1935.0,1802.0,-1081.038330078125,0.0,-1.0641272068023682,-1082.0,0.0,-13.0,3282.0,82.05000305175781,51.99076461791992,-3.522996242348736e-33,134.0
155631.209,3282.0,1936.0,1799.0,-1080.9075927734375,0.0,1.3426917791366577,-1079.0,0.0,-6.0,3282.0,82.05000305175781,52.05638885498047,-3.0288279681546467e-33,134.0
155639.119,3282.0,1936.0,1802.0,-1080.816162109375,0.0,-1.6344711780548096,-1082.0,0.0,-7.0,3282.0,82.05000305175781,52.122013092041016,-2.6039760244346553e-33,134.0
155651.21,3282.0,1936.0,1802.0,-1080.7109375,0.0,-2.1276276111602783,-1082.0,0.0,-6.0,3282.0,82.05000305175781,52.18763732910156,-2.238717603539523e-33,134.0
155661.21,3282.0,1936.0,1800.0,-1080.6619873046875,0.0,0.7811982035636902,-1079.0,0.0,-8.0,3282.0,82.05000305175781,52.253265380859375,-1.924694205950934e-33,134.0
155671.209,3282.0,1934.0,1805.0,-1080.6605224609375,0.0,-4.860833168029785,-1085.0,0.0,-7.0,3282.0,82.05000305175781,52.31888961791992,-1.654718418397579e-33,134.0
155681.21,3282.0,1933.0,1800.0,-1080.621337890625,0.0,1.3404285907745361,-1079.0,0.0,-12.0,3282.0,82.05000305175781,52.38451385498047,-1.4226119160399336e-33,134.0
155691.209,3282.0,1934.0,1801.0,-1080.676025390625,0.0,0.5181782841682434,-1080.0,0.0,-7.0,3282.0,82.05000305175781,52.450138092041016,-1.223062841944723e-33,134.0
155701.209,3282.0,1935.0,1800.0,-1080.7080078125,0.0,1.7930644750595093,-1078.0,0.0,-6.0,3282.0,82.05000305175781,52.51576232910156,-1.051504584229995e-33,134.0
155711.21,3282.0,1935.0,1799.0,-1080.6739501953125,0.0,1.962002158164978,-1078.0,0.0,-6.0,3282.0,82.05000305175781,52.581390380859375,-9.040106244220185e-34,134.0
155721.21,3282.0,1935.0,1802.0,-1080.6541748046875,0.0,-1.5290240049362183,-1082.0,0.0,-8.0,3282.0,82.05000305175781,52.64701461791992,-7.772056406950028e-34,134.0
155731.21,3282.0,1934.0,1802.0,-1080.605712890625,0.0,-1.5109790563583374,-1082.0,0.0,-11.0,3282.0,82.05000305175781,52.71263885498047,-6.68187493617111e-34,134.0
155741.21,3282.0,1932.0,1800.0,-1080.536865234375,0.0,0.18799391388893127,-1080.0,0.0,-7.0,3282.0,82.05000305175781,52.778263092041016,-5.744612882642191e-34,134.0
155751.21,3282.0,1935.0,1800.0,-1080.5462646484375,0.0,1.1282107830047607,-1079.0,0.0,-5.0,3282.0,82.05000305175781,52.84388732910156,-4.938819311170686e-34,134.0
155761.209,3282.0,1933.0,1798.0,-1080.4791259765625,0.0,2.8246841430664062,-1077.0,0.0,-6.0,3282.0,82.05000305175781,52.909515380859375,-4.246054113305552e-34,134.0
155769.119,3282.0,1933.0,1800.0,-1080.4449462890625,0.0,0.31316134333610535,-1080.0,0.0,-7.0,3282.0,82.05000305175781,52.97513961791992,-3.6504621202238526e-34,135.0
155781.21,3282.0,1931.0,1799.0,-1080.330078125,0.0,0.3704831004142761,-1079.0,0.0,-6.0,3282.0,82.05000305175781,53.04076385498047,-3.1384135667632987e-34,135.0
155791.21,3282.0,1935.0,1803.0,-1080.2857666015625,0.0,-3.360375165939331,-1083.0,0.0,-8.0,3282.0,82.05000305175781,53.106388092041016,-2.6981900140253904e-34,135.0
155801.209,3282.0,1933.0,1799.0,-1080.2060546875,0.0,1.0494636297225952,-1079.0,0.0,-11.0,3282.0,82.05000305175781,53.17201614379883,-2.3197159601378943e-34,135.0
155811.209,3282.0,1933.0,1799.0,-1080.1689453125,0.0,1.1513861417770386,-1079.0,0.0,-12.0,3282.0,82.05000305175781,53.237640380859375,-1.9943306290468905e-34,135.0
155819.119,3282.0,1937.0,1799.0,-1080.07861328125,0.0,0.5007156133651733,-1079.0,0.0,-7.0,3282.0,82.05000305175781,53.30326461791992,-1.7145870803689275e-34,135.0
155831.21,3282.0,1935.0,1799.0,-1080.033203125,0.0,0.5590258836746216,-1079.0,0.0,-6.0,3282.0,82.05000305175781,53.36888885498047,-1.4740828876949809e-34,135.0
155841.21,3282.0,1935.0,1801.0,-1080.0059814453125,0.0,-1.1785975694656372,-1081.0,0.0,-13.0,3282.0,82.05000305175781,53.434513092041016,-1.2673138905628213e-34,135.0
155851.209,3282.0,1935.0,1800.0,-1080.02978515625,0.0,0.27715277671813965,-1079.0,0.0,-7.0,3282.0,82.05000305175781,53.50014114379883,-1.0895483798272785e-34,135.0
155861.21,3282.0,1933.0,1801.0,-1079.9852294921875,0.0,-1.3529934883117676,-1081.0,0.0,-7.0,3282.0,82.05000305175781,53.565765380859375,-9.367181578029236e-35,135.0
155871.21,3282.0,1937.0,1803.0,-1079.9620361328125,0.0,-3.903207540512085,-1083.0,0.0,-5.0,3282.0,82.05000305175781,53.63138961791992,-8.053252104410989e-35,135.0
155881.21,3282.0,1935.0,1799.0,-1079.8697509765625,0.0,0.4399937093257904,-1079.0,0.0,-10.0,3282.0,82.05000305175781,53.69701385498047,-6.923626140088512e-35,135.0
155891.209,3282.0,1935.0,1799.0,-1079.8638916015625,0.0,0.8704599738121033,-1078.0,0.0,-9.0,3282.0,82.05000305175781,53.762638092041016,-5.952453140837033e-35,135.0
155899.119,3282.0,1935.0,1798.0,-1079.8499755859375,0.0,2.04072642326355,-1077.0,0.0,-8.0,3282.0,82.05000305175781,53.82826614379883,-5.117505472755213e-35,135.0
155911.21,3282.0,1934.0,1800.0,-1079.826416015625,0.0,-0.9269192218780518,-1080.0,0.0,-10.0,3282.0,82.05000305175781,53.893890380859375,-4.3996761868955295e-35,135.0
155921.21,3282.0,1933.0,1798.0,-1079.8250732421875,0.0,1.9074198007583618,-1077.0,0.0,-11.0,3282.0,82.05000305175781,53.95951461791992,-3.782536199981244e-35,136.0
155931.209,3282.0,1935.0,1798.0,-1079.7132568359375,0.0,0.3220710754394531,-1079.0,0.0,-5.0,3282.0,82.05000305175781,54.02513885498047,-3.2519620736610343e-35,136.0
155941.21,3282.0,1933.0,1801.0,-1079.6876220703125,0.0,-2.1690096855163574,-1081.0,0.0,-10.0,3282.0,82.05000305175781,54.090763092041016,-2.7958114334272606e-35,136.0
155951.209,3282.0,1933.0,1798.0,-1079.630126953125,0.0,0.9495574831962585,-1078.0,0.0,-7.0,3282.0,82.05000305175781,54.15639114379883,-2.4036443052823122e-35,136.0
155959.119,3282.0,1933.0,1799.0,-1079.6158447265625,0.0,0.39007920026779175,-1079.0,0.0,-6.0,3282.0,82.05000305175781,54.222015380859375,-2.066486495843038e-35,136.0
155971.21,3282.0,1934.0,1796.0,-1079.53662109375,0.0,3.233806610107422,-1076.0,0.0,-3.0,3282.0,82.05000305175781,54.28763961791992,-1.776621671037725e-35,136.0
155981.21,3282.0,1934.0,1799.0,-1079.484130859375,0.0,-0.4346892535686493,-1079.0,0.0,-10.0,3282.0,82.05000305175781,54.35326385498047,-1.527415864212661e-35,136.0
155991.209,3282.0,1935.0,1798.0,-1079.4295654296875,0.0,0.5385825037956238,-1078.0,0.0,-8.0,3282.0,82.05000305175781,54.418888092041016,-1.3131659475634714e-35,136.0
156001.21,3282.0,1935.0,1799.0,-1079.435791015625,0.0,0.3288973271846771,-1079.0,0.0,-9.0,3282.0,82.05000305175781,54.48451614379883,-1.1289689817925403e-35,136.0
156011.209,3282.0,1934.0,1801.0,-1079.3734130859375,0.0,-2.8358139991760254,-1082.0,0.0,-7.0,3282.0,82.05000305175781,54.550140380859375,-9.70609143654365e-36,136.0
156021.209,3282.0,1935.0,1795.0,-1079.3355712890625,0.0,4.284730911254883,-1075.0,0.0,-8.0,3282.0,82.05000305175781,54.61576461791992,-8.344623748818107e-36,136.0
156031.21,3282.0,1934.0,1800.0,-1079.3609619140625,0.0,-1.280664086341858,-1080.0,0.0,-12.0,3282.0,82.05000305175781,54.68138885498047,-7.174127975353106e-36,136.0
156041.21,3282.0,1934.0,1798.0,-1079.3837890625,0.0,1.527356743812561,-1077.0,0.0,-7.0,3282.0,82.05000305175781,54.747013092041016,-6.167818284792692e-36,136.0
156051.21,3282.0,1933.0,1803.0,-1079.408935546875,0.0,-3.6509668827056885,-1083.0,0.0,-8.0,3282.0,82.05000305175781,54.81264114379883,-5.3026626216863645e-36,136.0
156061.21,3282.0,1935.0,1799.0,-1079.357666015625,0.0,-0.42730361223220825,-1079.0,0.0,-10.0,3282.0,82.05000305175781,54.878265380859375,-4.5588607508370924e-36,136.0
156071.21,3282.0,1934.0,1801.0,-1079.23193359375,0.0,-3.7683122158050537,-1083.0,0.0,-7.0,3282.0,82.05000305175781,54.94388961791992,-3.9193915370038425e-36,136.0

PID Parameters
Axis,P,I,D,aP,aI,aD,aO,Windup
"['Set Angle X', 25.0, 2.0, 17.0, 0.0, 0.0, 985.0, 0.0, 50000000.0]"
"['Set Angle Y', 0.0, 0.0, 0.0, 0.0, 0.0, 0.0, 0.0, 0.0]"
"['Set PWM X', 600.0, 0.0, 5.0, 985.0, 0.0, 800.0, 0.0, 0.0]"
"['Set PWM Y', 0.0, 0.0, 0.0, 0.0, 0.0, 0.0, 0.0, 0.0]"
